ISO-10303-21;
HEADER;
FILE_DESCRIPTION (( 'STEP AP214' ),
    '1' );
FILE_NAME ('20.RIM.step',
    '2023-08-15T03:04:57',
    ( '' ),
    ( '' ),
    'SwSTEP 2.0',
    'SolidWorks 2022',
    '' );
FILE_SCHEMA (( 'AUTOMOTIVE_DESIGN' ));
ENDSEC;

DATA;
#1 = EDGE_LOOP ( 'NONE', ( #1100, #4245, #3890, #3174 ) ) ;
#2 = MECHANICAL_DESIGN_GEOMETRIC_PRESENTATION_REPRESENTATION (  '', ( #2837 ), #3377 ) ;
#3 = EDGE_LOOP ( 'NONE', ( #4773, #3749, #4694, #4547 ) ) ;
#4 = CARTESIAN_POINT ( 'NONE',  ( -1.880745268255182845, -3.350287950190303453E-15, 36.99999999999971578 ) ) ;
#5 = SURFACE_STYLE_USAGE ( .BOTH. , #4843 ) ;
#6 = CARTESIAN_POINT ( 'NONE',  ( 14.03346829411790431, -3.350287950190303847E-15, -2.983724378680108202E-13 ) ) ;
#7 = CARTESIAN_POINT ( 'NONE',  ( 12.61925473174482093, -3.350287950190303847E-15, 52.65685424949207771 ) ) ;
#8 = CARTESIAN_POINT ( 'NONE',  ( -15.34521136232246796, -100.0000000000000568, 49.99999999999974420 ) ) ;
#9 = CIRCLE ( 'NONE', #2270, 1.600000000000000755 ) ;
#10 = MECHANICAL_DESIGN_GEOMETRIC_PRESENTATION_REPRESENTATION (  '', ( #3536 ), #4285 ) ;
#11 = CARTESIAN_POINT ( 'NONE',  ( -0.8807452682551838441, -21.03444185374872433, -15.28241655960448142 ) ) ;
#12 = ORIENTED_EDGE ( 'NONE', *, *, #2565, .T. ) ;
#13 = COLOUR_RGB ( '',0.7529411764705882248, 0.7529411764705882248, 0.7529411764705882248 ) ;
#14 =( GEOMETRIC_REPRESENTATION_CONTEXT ( 3 ) GLOBAL_UNCERTAINTY_ASSIGNED_CONTEXT ( ( #1284 ) ) GLOBAL_UNIT_ASSIGNED_CONTEXT ( ( #542, #518, #254 ) ) REPRESENTATION_CONTEXT ( 'NONE', 'WORKASPACE' ) );
#15 = FACE_BOUND ( 'NONE', #2660, .T. ) ;
#16 =( NAMED_UNIT ( * ) PLANE_ANGLE_UNIT ( ) SI_UNIT ( $, .RADIAN. ) );
#17 = SURFACE_STYLE_USAGE ( .BOTH. , #4578 ) ;
#18 = CARTESIAN_POINT ( 'NONE',  ( 12.11925473174481915, 90.14213562373089417, -45.07106781186574551 ) ) ;
#19 = STYLED_ITEM ( 'NONE', ( #2567 ), #689 ) ;
#20 = CARTESIAN_POINT ( 'NONE',  ( -3.002065611814829893, 68.00000000000005684, -34.00000000000032685 ) ) ;
#21 = CARTESIAN_POINT ( 'NONE',  ( -12.88074526825518795, -3.350287950190303847E-15, 45.07106781186516997 ) ) ;
#22 = ORIENTED_EDGE ( 'NONE', *, *, #1215, .T. ) ;
#23 = ORIENTED_EDGE ( 'NONE', *, *, #3697, .F. ) ;
#24 = CARTESIAN_POINT ( 'NONE',  ( 2.790827606998623978, -3.350287950190303847E-15, -45.00000000000031264 ) ) ;
#25 = ORIENTED_EDGE ( 'NONE', *, *, #1688, .F. ) ;
#26 = DIRECTION ( 'NONE',  ( 0.000000000000000000, 0.000000000000000000, -1.000000000000000000 ) ) ;
#27 = LINE ( 'NONE', #389, #523 ) ;
#28 =( LENGTH_UNIT ( ) NAMED_UNIT ( * ) SI_UNIT ( .MILLI., .METRE. ) );
#29 = ADVANCED_FACE ( 'NONE', ( #2377 ), #1828, .F. ) ;
#30 = ORIENTED_EDGE ( 'NONE', *, *, #3813, .F. ) ;
#31 = FACE_OUTER_BOUND ( 'NONE', #576, .T. ) ;
#32 =( NAMED_UNIT ( * ) PLANE_ANGLE_UNIT ( ) SI_UNIT ( $, .RADIAN. ) );
#33 = CARTESIAN_POINT ( 'NONE',  ( 16.11925473174482093, -3.350287950190303453E-15, 45.07106781186515576 ) ) ;
#34 = DIRECTION ( 'NONE',  ( -1.000000000000000000, -0.000000000000000000, -0.000000000000000000 ) ) ;
#35 = CARTESIAN_POINT ( 'NONE',  ( 8.619254731744819154, -3.350287950190303453E-15, 44.65685424949207771 ) ) ;
#36 = EDGE_CURVE ( 'NONE', #1056, #1022, #2091, .T. ) ;
#37 = CARTESIAN_POINT ( 'NONE',  ( -7.345211362322466186, 84.00000000000004263, 41.99999999999973710 ) ) ;
#38 =( BOUNDED_CURVE ( )  B_SPLINE_CURVE ( 3, ( #3008, #1874, #1502, #1522 ),
 .UNSPECIFIED., .F., .F. ) 
 B_SPLINE_CURVE_WITH_KNOTS ( ( 4, 4 ),
 ( 0.000000000000000000, 0.1464466094067262691 ),
 .UNSPECIFIED. ) 
 CURVE ( )  GEOMETRIC_REPRESENTATION_ITEM ( )  RATIONAL_B_SPLINE_CURVE ( ( 1.000000000000000000, 0.8047378541243649375, 0.6666666666666665186, 0.5857864376269048545 ) ) 
 REPRESENTATION_ITEM ( '' )  );
#39 = CYLINDRICAL_SURFACE ( 'NONE', #350, 1.600000000000000755 ) ;
#40 = CARTESIAN_POINT ( 'NONE',  ( -1.416279174187925705, 92.00000000000005684, -46.00000000000030553 ) ) ;
#41 = DIRECTION ( 'NONE',  ( -1.000000000000000000, -1.734723475976807403E-17, -4.814824860968091001E-33 ) ) ;
#42 = DIRECTION ( 'NONE',  ( 0.000000000000000000, 0.000000000000000000, -1.000000000000000000 ) ) ;
#43 = CYLINDRICAL_SURFACE ( 'NONE', #703, 42.00000000000002132 ) ;
#44 = UNCERTAINTY_MEASURE_WITH_UNIT (LENGTH_MEASURE( 1.000000000000000082E-05 ), #3606, 'distance_accuracy_value', 'NONE');
#45 = EDGE_CURVE ( 'NONE', #2356, #293, #2756, .T. ) ;
#46 =( NAMED_UNIT ( * ) SI_UNIT ( $, .STERADIAN. ) SOLID_ANGLE_UNIT ( ) );
#47 = AXIS2_PLACEMENT_3D ( 'NONE', #3823, #3925, #187 ) ;
#48 = CARTESIAN_POINT ( 'NONE',  ( -1.880745268255183289, -58.00000000000003553, -29.00000000000032330 ) ) ;
#49 =( NAMED_UNIT ( * ) PLANE_ANGLE_UNIT ( ) SI_UNIT ( $, .RADIAN. ) );
#50 = CARTESIAN_POINT ( 'NONE',  ( 16.11925473174482093, -90.14213562373090838, 45.07106781186517708 ) ) ;
#51 = CARTESIAN_POINT ( 'NONE',  ( -7.002065611814829893, -3.350287950190303847E-15, -34.00000000000031974 ) ) ;
#52 = DIRECTION ( 'NONE',  ( 0.000000000000000000, 0.000000000000000000, -1.000000000000000000 ) ) ;
#53 = SURFACE_STYLE_FILL_AREA ( #3786 ) ;
#54 = CIRCLE ( 'NONE', #1228, 1.600000000000000755 ) ;
#55 = ORIENTED_EDGE ( 'NONE', *, *, #2884, .F. ) ;
#56 = UNCERTAINTY_MEASURE_WITH_UNIT (LENGTH_MEASURE( 1.000000000000000082E-05 ), #2633, 'distance_accuracy_value', 'NONE');
#57 = ORIENTED_EDGE ( 'NONE', *, *, #3543, .F. ) ;
#58 = ORIENTED_EDGE ( 'NONE', *, *, #2106, .F. ) ;
#59 = FACE_OUTER_BOUND ( 'NONE', #3505, .T. ) ;
#60 = VECTOR ( 'NONE', #3771, 1000.000000000000000 ) ;
#61 = DIRECTION ( 'NONE',  ( 1.000000000000000000, -0.000000000000000000, 0.000000000000000000 ) ) ;
#62 = MECHANICAL_DESIGN_GEOMETRIC_PRESENTATION_REPRESENTATION (  '', ( #1982 ), #4608 ) ;
#63 = AXIS2_PLACEMENT_3D ( 'NONE', #660, #2289, #3807 ) ;
#64 = VERTEX_POINT ( 'NONE', #405 ) ;
#65 = COLOUR_RGB ( '',0.7529411764705882248, 0.7529411764705882248, 0.7529411764705882248 ) ;
#66 = CARTESIAN_POINT ( 'NONE',  ( 2.119254731744816045, 58.00000000000002842, -29.00000000000030909 ) ) ;
#67 =( GEOMETRIC_REPRESENTATION_CONTEXT ( 3 ) GLOBAL_UNCERTAINTY_ASSIGNED_CONTEXT ( ( #3443 ) ) GLOBAL_UNIT_ASSIGNED_CONTEXT ( ( #2867, #3649, #1665 ) ) REPRESENTATION_CONTEXT ( 'NONE', 'WORKASPACE' ) );
#68 = DIRECTION ( 'NONE',  ( -1.000000000000000000, 1.172110456741085920E-17, 0.000000000000000000 ) ) ;
#69 = ADVANCED_FACE ( 'NONE', ( #1875 ), #43, .T. ) ;
#70 = COLOUR_RGB ( '',0.7529411764705882248, 0.7529411764705882248, 0.7529411764705882248 ) ;
#71 = ORIENTED_EDGE ( 'NONE', *, *, #3068, .T. ) ;
#72 = CARTESIAN_POINT ( 'NONE',  ( -11.34521136232246441, 100.0000000000000284, -50.00000000000030553 ) ) ;
#73 = CARTESIAN_POINT ( 'NONE',  ( 10.58372082581209739, -3.350287950190303847E-15, 41.99999999999972289 ) ) ;
#74 = DIRECTION ( 'NONE',  ( 0.000000000000000000, 0.000000000000000000, -1.000000000000000000 ) ) ;
#75 =( GEOMETRIC_REPRESENTATION_CONTEXT ( 3 ) GLOBAL_UNCERTAINTY_ASSIGNED_CONTEXT ( ( #3142 ) ) GLOBAL_UNIT_ASSIGNED_CONTEXT ( ( #3605, #2111, #1387 ) ) REPRESENTATION_CONTEXT ( 'NONE', 'WORKASPACE' ) );
#76 = CARTESIAN_POINT ( 'NONE',  ( 6.583720825812071631, -3.350287950190303453E-15, -46.00000000000030553 ) ) ;
#77 =( NAMED_UNIT ( * ) SI_UNIT ( $, .STERADIAN. ) SOLID_ANGLE_UNIT ( ) );
#78 = EDGE_CURVE ( 'NONE', #1076, #4693, #1177, .T. ) ;
#79 = CARTESIAN_POINT ( 'NONE',  ( 2.790827606998624866, 74.00000000000002842, -37.00000000000030553 ) ) ;
#80 = LINE ( 'NONE', #3598, #722 ) ;
#81 = CARTESIAN_POINT ( 'NONE',  ( -1.880745268255183289, -3.350287950190303453E-15, -29.00000000000030909 ) ) ;
#82 = PRESENTATION_LAYER_ASSIGNMENT (  '', '', ( #2169 ) ) ;
#83 = CARTESIAN_POINT ( 'NONE',  ( -7.002065611814828117, -68.00000000000005684, 33.99999999999972289 ) ) ;
#84 = CARTESIAN_POINT ( 'NONE',  ( -1.209172393001374690, -3.350287950190303453E-15, -37.00000000000029843 ) ) ;
#85 =( NAMED_UNIT ( * ) PLANE_ANGLE_UNIT ( ) SI_UNIT ( $, .RADIAN. ) );
#86 = ORIENTED_EDGE ( 'NONE', *, *, #2683, .T. ) ;
#87 = ORIENTED_EDGE ( 'NONE', *, *, #3005, .T. ) ;
#88 = FILL_AREA_STYLE ('',( #2685 ) ) ;
#89 = ORIENTED_EDGE ( 'NONE', *, *, #3512, .F. ) ;
#90 = SURFACE_STYLE_FILL_AREA ( #2268 ) ;
#91 = DIRECTION ( 'NONE',  ( 1.000000000000000000, 1.308737877485372549E-18, -4.027881020014459648E-18 ) ) ;
#92 = CIRCLE ( 'NONE', #4078, 1.600000000000000755 ) ;
#93 = CARTESIAN_POINT ( 'NONE',  ( 2.119254731744816933, -3.350287950190303847E-15, 36.99999999999971578 ) ) ;
#94 = PRESENTATION_STYLE_ASSIGNMENT (( #3451 ) ) ;
#95 = CONICAL_SURFACE ( 'NONE', #2832, 41.00000000000002842, 1.107148717794091741 ) ;
#96 = FILL_AREA_STYLE_COLOUR ( '', #1841 ) ;
#97 = DIRECTION ( 'NONE',  ( 0.000000000000000000, 0.000000000000000000, 1.000000000000000000 ) ) ;
#98 = AXIS2_PLACEMENT_3D ( 'NONE', #1314, #937, #510 ) ;
#99 = CARTESIAN_POINT ( 'NONE',  ( 6.583720825812071631, -3.350287950190303453E-15, 37.99999999999970868 ) ) ;
#100 = DIRECTION ( 'NONE',  ( 1.000000000000000000, 0.000000000000000000, 0.000000000000000000 ) ) ;
#101 = CARTESIAN_POINT ( 'NONE',  ( 14.11925473174481915, -3.350287950190303847E-15, 49.07106781186515576 ) ) ;
#102 = CARTESIAN_POINT ( 'NONE',  ( 6.790827606998623978, -74.00000000000004263, -37.00000000000032685 ) ) ;
#103 = MECHANICAL_DESIGN_GEOMETRIC_PRESENTATION_REPRESENTATION (  '', ( #477 ), #4100 ) ;
#104 = CARTESIAN_POINT ( 'NONE',  ( -12.75942492469556200, -3.350287950190304636E-15, -43.17157287525412812 ) ) ;
#105 = EDGE_CURVE ( 'NONE', #3810, #4585, #2505, .T. ) ;
#106 = CARTESIAN_POINT ( 'NONE',  ( -0.8807452682551838441, 8.034441853748562679, -26.32746942367431586 ) ) ;
#107 = CARTESIAN_POINT ( 'NONE',  ( 8.119254731744817377, 90.14213562373090838, 45.07106781186517708 ) ) ;
#108 = CIRCLE ( 'NONE', #4201, 38.00000000000001421 ) ;
#109 = CARTESIAN_POINT ( 'NONE',  ( -3.002065611814829893, -3.350287950190303453E-15, -34.00000000000031974 ) ) ;
#110 = PRESENTATION_STYLE_ASSIGNMENT (( #3465 ) ) ;
#111 = UNCERTAINTY_MEASURE_WITH_UNIT (LENGTH_MEASURE( 1.000000000000000082E-05 ), #3013, 'distance_accuracy_value', 'NONE');
#112 = MECHANICAL_DESIGN_GEOMETRIC_PRESENTATION_REPRESENTATION (  '', ( #2273 ), #1955 ) ;
#113 = ORIENTED_EDGE ( 'NONE', *, *, #3758, .T. ) ;
#114 = CARTESIAN_POINT ( 'NONE',  ( 0.1192547317448161698, -8.034441853748745643, -24.72746942367426115 ) ) ;
#115 = PRESENTATION_LAYER_ASSIGNMENT (  '', '', ( #2918 ) ) ;
#116 = EDGE_LOOP ( 'NONE', ( #1581, #4658, #2266, #272 ) ) ;
#117 = CARTESIAN_POINT ( 'NONE',  ( 12.61925473174481560, 89.31370849898475228, -44.65685424949267457 ) ) ;
#118 = DIRECTION ( 'NONE',  ( 1.000000000000000000, -0.000000000000000000, 0.000000000000000000 ) ) ;
#119 = EDGE_CURVE ( 'NONE', #2941, #4693, #3178, .T. ) ;
#120 = PRESENTATION_STYLE_ASSIGNMENT (( #1312 ) ) ;
#121 = FILL_AREA_STYLE_COLOUR ( '', #4287 ) ;
#122 = CARTESIAN_POINT ( 'NONE',  ( 8.619254731744820930, -89.31370849898476649, 44.65685424949209903 ) ) ;
#123 = EDGE_LOOP ( 'NONE', ( #3442, #4063, #1434, #3316, #2664 ) ) ;
#124 = FILL_AREA_STYLE ('',( #1973 ) ) ;
#125 = LINE ( 'NONE', #1276, #1945 ) ;
#126 =( LENGTH_UNIT ( ) NAMED_UNIT ( * ) SI_UNIT ( .MILLI., .METRE. ) );
#127 = CARTESIAN_POINT ( 'NONE',  ( 6.583720825812095612, -3.350287950190303453E-15, 41.99999999999972999 ) ) ;
#128 = CARTESIAN_POINT ( 'NONE',  ( -11.00206561181482989, -3.350287950190303453E-15, -42.00000000000032685 ) ) ;
#129 = MECHANICAL_DESIGN_GEOMETRIC_PRESENTATION_REPRESENTATION (  '', ( #3022 ), #2138 ) ;
#130 = VERTEX_POINT ( 'NONE', #4388 ) ;
#131 = DIRECTION ( 'NONE',  ( 1.000000000000000000, -0.000000000000000000, 0.000000000000000000 ) ) ;
#132 = CARTESIAN_POINT ( 'NONE',  ( 16.11925473174482093, -3.350287950190303453E-15, -53.07106781186574551 ) ) ;
#133 = STYLED_ITEM ( 'NONE', ( #2781 ), #2826 ) ;
#134 = EDGE_CURVE ( 'NONE', #2483, #2004, #92, .T. ) ;
#135 = PRESENTATION_LAYER_ASSIGNMENT (  '', '', ( #753 ) ) ;
#136 = ORIENTED_EDGE ( 'NONE', *, *, #4723, .T. ) ;
#137 = MECHANICAL_DESIGN_GEOMETRIC_PRESENTATION_REPRESENTATION (  '', ( #440 ), #2559 ) ;
#138 = CARTESIAN_POINT ( 'NONE',  ( -1.209172393001375578, 90.00000000000005684, 44.99999999999972289 ) ) ;
#139 = CONICAL_SURFACE ( 'NONE', #3433, 46.24264068711926967, 1.107148717794090409 ) ;
#140 = ORIENTED_EDGE ( 'NONE', *, *, #3735, .T. ) ;
#141 =( LENGTH_UNIT ( ) NAMED_UNIT ( * ) SI_UNIT ( .MILLI., .METRE. ) );
#142 = CARTESIAN_POINT ( 'NONE',  ( 10.58372082581209739, -3.350287950190303847E-15, 41.99999999999972289 ) ) ;
#143 =( LENGTH_UNIT ( ) NAMED_UNIT ( * ) SI_UNIT ( .MILLI., .METRE. ) );
#144 = PRESENTATION_STYLE_ASSIGNMENT (( #2754 ) ) ;
#145 = DIRECTION ( 'NONE',  ( 1.000000000000000000, 0.000000000000000000, 0.000000000000000000 ) ) ;
#146 = CARTESIAN_POINT ( 'NONE',  ( -5.587852049441732305, 40.82842712474621294, -2.933723976087566726E-13 ) ) ;
#147 = CARTESIAN_POINT ( 'NONE',  ( 3.583720825812072075, -3.350287950190304242E-15, 38.34314575050733254 ) ) ;
#148 = CARTESIAN_POINT ( 'NONE',  ( 0.1192547317448161698, -8.034441853748745643, -24.72746942367426115 ) ) ;
#149 = DIRECTION ( 'NONE',  ( -1.000000000000000000, 0.000000000000000000, 0.000000000000000000 ) ) ;
#150 = CIRCLE ( 'NONE', #1995, 1.600000000000000755 ) ;
#151 = ORIENTED_EDGE ( 'NONE', *, *, #2331, .F. ) ;
#152 = UNCERTAINTY_MEASURE_WITH_UNIT (LENGTH_MEASURE( 1.000000000000000082E-05 ), #3891, 'distance_accuracy_value', 'NONE');
#153 = ORIENTED_EDGE ( 'NONE', *, *, #766, .T. ) ;
#154 = ORIENTED_EDGE ( 'NONE', *, *, #3490, .F. ) ;
#155 = ORIENTED_EDGE ( 'NONE', *, *, #479, .T. ) ;
#156 = CYLINDRICAL_SURFACE ( 'NONE', #1246, 20.00000000000000355 ) ;
#157 = EDGE_CURVE ( 'NONE', #162, #1673, #2578, .T. ) ;
#158 = CARTESIAN_POINT ( 'NONE',  ( -3.345211362322441762, 76.00000000000001421, -38.00000000000031264 ) ) ;
#159 = VERTEX_POINT ( 'NONE', #3248 ) ;
#160 = UNCERTAINTY_MEASURE_WITH_UNIT (LENGTH_MEASURE( 1.000000000000000082E-05 ), #3067, 'distance_accuracy_value', 'NONE');
#161 = AXIS2_PLACEMENT_3D ( 'NONE', #2232, #4169, #778 ) ;
#162 = VERTEX_POINT ( 'NONE', #1729 ) ;
#163 = PRESENTATION_STYLE_ASSIGNMENT (( #1003 ) ) ;
#164 = CARTESIAN_POINT ( 'NONE',  ( 6.583720825812095612, -3.350287950190303453E-15, 41.99999999999972999 ) ) ;
#165 =( NAMED_UNIT ( * ) PLANE_ANGLE_UNIT ( ) SI_UNIT ( $, .RADIAN. ) );
#166 = FILL_AREA_STYLE_COLOUR ( '', #912 ) ;
#167 = DIRECTION ( 'NONE',  ( 1.000000000000000000, 0.000000000000000000, 0.000000000000000000 ) ) ;
#168 = AXIS2_PLACEMENT_3D ( 'NONE', #209, #4645, #3136 ) ;
#169 = MECHANICAL_DESIGN_GEOMETRIC_PRESENTATION_REPRESENTATION (  '', ( #2261 ), #1186 ) ;
#170 = CARTESIAN_POINT ( 'NONE',  ( 6.583720825812095612, -3.350287950190303453E-15, 49.99999999999972999 ) ) ;
#171 = DIRECTION ( 'NONE',  ( 0.000000000000000000, -1.000000000000000000, 0.000000000000000000 ) ) ;
#172 = SURFACE_STYLE_FILL_AREA ( #900 ) ;
#173 = COLOUR_RGB ( '',0.7529411764705882248, 0.7529411764705882248, 0.7529411764705882248 ) ;
#174 = DIRECTION ( 'NONE',  ( 0.000000000000000000, 0.000000000000000000, 1.000000000000000000 ) ) ;
#175 = DIRECTION ( 'NONE',  ( 1.000000000000000000, -0.000000000000000000, 0.000000000000000000 ) ) ;
#176 =( GEOMETRIC_REPRESENTATION_CONTEXT ( 3 ) GLOBAL_UNCERTAINTY_ASSIGNED_CONTEXT ( ( #1125 ) ) GLOBAL_UNIT_ASSIGNED_CONTEXT ( ( #2150, #1541, #399 ) ) REPRESENTATION_CONTEXT ( 'NONE', 'WORKASPACE' ) );
#177 = CARTESIAN_POINT ( 'NONE',  ( 0.1192547317448166000, -2.125641151042950788E-15, -2.949029909160572061E-13 ) ) ;
#178 = AXIS2_PLACEMENT_3D ( 'NONE', #1304, #149, #3167 ) ;
#179 = VERTEX_POINT ( 'NONE', #4698 ) ;
#180 = ORIENTED_EDGE ( 'NONE', *, *, #184, .F. ) ;
#181 = DIRECTION ( 'NONE',  ( -1.000000000000000000, 0.000000000000000000, 0.000000000000000000 ) ) ;
#182 = CARTESIAN_POINT ( 'NONE',  ( -5.587852049441731417, 40.82842712474621294, -2.933723976087566726E-13 ) ) ;
#183 = AXIS2_PLACEMENT_3D ( 'NONE', #1358, #2862, #991 ) ;
#184 = EDGE_CURVE ( 'NONE', #4863, #1941, #3216, .T. ) ;
#185 = ORIENTED_EDGE ( 'NONE', *, *, #3853, .T. ) ;
#186 = DIRECTION ( 'NONE',  ( 1.000000000000000000, -0.000000000000000000, 0.000000000000000000 ) ) ;
#187 = DIRECTION ( 'NONE',  ( 3.751350377488300492E-17, 1.000000000000000000, 0.000000000000000000 ) ) ;
#188 = CARTESIAN_POINT ( 'NONE',  ( 12.61925473174482093, -3.350287950190303847E-15, 44.65685424949207771 ) ) ;
#189 = ADVANCED_FACE ( 'NONE', ( #1372 ), #4824, .T. ) ;
#190 = FILL_AREA_STYLE ('',( #4686 ) ) ;
#191 = DIRECTION ( 'NONE',  ( 0.000000000000000000, 0.000000000000000000, -1.000000000000000000 ) ) ;
#192 = CARTESIAN_POINT ( 'NONE',  ( 0.1192547317448161698, 21.03444185374861419, -13.68241655960463099 ) ) ;
#193 = SURFACE_STYLE_USAGE ( .BOTH. , #2389 ) ;
#194 = EDGE_CURVE ( 'NONE', #340, #2038, #927, .T. ) ;
#195 = CARTESIAN_POINT ( 'NONE',  ( -11.34521136232246441, -7.785296719808605099E-16, -2.983724378680108202E-13 ) ) ;
#196 = CARTESIAN_POINT ( 'NONE',  ( -0.8807452682551838441, -21.03444185374872433, -15.28241655960448142 ) ) ;
#197 =( NAMED_UNIT ( * ) SI_UNIT ( $, .STERADIAN. ) SOLID_ANGLE_UNIT ( ) );
#198 =( BOUNDED_SURFACE ( )  B_SPLINE_SURFACE ( 3, 3, ( 
 ( #3063, #775, #3824, #3850, #3802, #4597, #2254 ),
 ( #1196, #1611, #4248, #1275, #1520, #3033, #3431 ),
 ( #1570, #1593, #40, #4571, #3774, #2671, #4166 ),
 ( #4643, #452, #1901, #1873, #850, #403, #801 ),
 ( #3087, #494, #2696, #76, #1252, #2281, #4622 ),
 ( #3111, #428, #2336, #2753, #474, #4223, #99 ),
 ( #822, #2307, #1928, #3405, #4668, #1222, #2722 ) ),
 .UNSPECIFIED., .T., .T., .F. ) 
 B_SPLINE_SURFACE_WITH_KNOTS ( ( 4, 3, 4 ),
 ( 4, 3, 4 ),
 ( 0.000000000000000000, 0.5000000000000000000, 1.000000000000000000 ),
 ( 0.000000000000000000, 0.5000000000000000000, 1.000000000000000000 ),
 .UNSPECIFIED. ) 
 GEOMETRIC_REPRESENTATION_ITEM ( )  RATIONAL_B_SPLINE_SURFACE ( (
 ( 1.000000000000000000, 0.3333333333333333148, 0.3333333333333333148, 1.000000000000000000, 0.3333333333333333148, 0.3333333333333333148, 1.000000000000000000),
 ( 0.3333333333333333703, 0.1111111111111111188, 0.1111111111111111188, 0.3333333333333333703, 0.1111111111111111188, 0.1111111111111111188, 0.3333333333333333703),
 ( 0.3333333333333333703, 0.1111111111111111188, 0.1111111111111111188, 0.3333333333333333703, 0.1111111111111111188, 0.1111111111111111188, 0.3333333333333333703),
 ( 1.000000000000000000, 0.3333333333333333148, 0.3333333333333333148, 1.000000000000000000, 0.3333333333333333148, 0.3333333333333333148, 1.000000000000000000),
 ( 0.3333333333333333703, 0.1111111111111111188, 0.1111111111111111188, 0.3333333333333333703, 0.1111111111111111188, 0.1111111111111111188, 0.3333333333333333703),
 ( 0.3333333333333333703, 0.1111111111111111188, 0.1111111111111111188, 0.3333333333333333703, 0.1111111111111111188, 0.1111111111111111188, 0.3333333333333333703),
 ( 1.000000000000000000, 0.3333333333333333148, 0.3333333333333333148, 1.000000000000000000, 0.3333333333333333148, 0.3333333333333333148, 1.000000000000000000) ) ) 
 REPRESENTATION_ITEM ( '' )  SURFACE ( )  );
#199 = CARTESIAN_POINT ( 'NONE',  ( -0.8807452682551838441, 8.034441853748909068, 23.12746942367360958 ) ) ;
#200 = COLOUR_RGB ( '',0.7529411764705882248, 0.7529411764705882248, 0.7529411764705882248 ) ;
#201 = ORIENTED_EDGE ( 'NONE', *, *, #4041, .F. ) ;
#202 = ORIENTED_EDGE ( 'NONE', *, *, #2650, .T. ) ;
#203 = CARTESIAN_POINT ( 'NONE',  ( 8.619254731744820930, -105.3137084989847381, -52.65685424949268167 ) ) ;
#204 = AXIS2_PLACEMENT_3D ( 'NONE', #3347, #4847, #3032 ) ;
#205 = DIRECTION ( 'NONE',  ( -1.000000000000000000, 0.000000000000000000, 0.000000000000000000 ) ) ;
#206 = ORIENTED_EDGE ( 'NONE', *, *, #105, .F. ) ;
#207 = CARTESIAN_POINT ( 'NONE',  ( 6.119254731744815601, -3.350287950190303453E-15, -37.00000000000029843 ) ) ;
#208 = CARTESIAN_POINT ( 'NONE',  ( 12.61925473174481560, 89.31370849898475228, 44.65685424949207771 ) ) ;
#209 = CARTESIAN_POINT ( 'NONE',  ( 11.61925473174481915, -8.397620119382284784E-16, -2.983724378680108202E-13 ) ) ;
#210 = COLOUR_RGB ( '',0.7529411764705882248, 0.7529411764705882248, 0.7529411764705882248 ) ;
#211 = DIRECTION ( 'NONE',  ( -1.000000000000000000, 0.000000000000000000, 0.000000000000000000 ) ) ;
#212 = EDGE_CURVE ( 'NONE', #2271, #812, #3673, .T. ) ;
#213 = DIRECTION ( 'NONE',  ( -2.115516434118055922E-17, -1.000000000000000000, 0.000000000000000000 ) ) ;
#214 = AXIS2_PLACEMENT_3D ( 'NONE', #862, #1647, #1244 ) ;
#215 = DIRECTION ( 'NONE',  ( 1.000000000000000000, 0.000000000000000000, 0.000000000000000000 ) ) ;
#216 = CARTESIAN_POINT ( 'NONE',  ( 2.240575075304460206, -3.350287950190303453E-15, 41.99999999999972999 ) ) ;
#217 =( NAMED_UNIT ( * ) SI_UNIT ( $, .STERADIAN. ) SOLID_ANGLE_UNIT ( ) );
#218 = AXIS2_PLACEMENT_3D ( 'NONE', #930, #2322, #2420 ) ;
#219 = CARTESIAN_POINT ( 'NONE',  ( 12.11925473174481915, -106.1421356237308800, -53.07106781186573841 ) ) ;
#220 = COLOUR_RGB ( '',0.7529411764705882248, 0.7529411764705882248, 0.7529411764705882248 ) ;
#221 = EDGE_LOOP ( 'NONE', ( #25, #1893, #1730, #4384 ) ) ;
#222 =( BOUNDED_CURVE ( )  B_SPLINE_CURVE ( 3, ( #4463, #3971, #4048, #1031 ),
 .UNSPECIFIED., .F., .F. ) 
 B_SPLINE_CURVE_WITH_KNOTS ( ( 4, 4 ),
 ( 0.7500000000000000000, 0.8535533905932742860 ),
 .UNSPECIFIED. ) 
 CURVE ( )  GEOMETRIC_REPRESENTATION_ITEM ( )  RATIONAL_B_SPLINE_CURVE ( ( 0.5000000000000000000, 0.5000000000000000000, 0.5285954792089686549, 0.5857864376269058537 ) ) 
 REPRESENTATION_ITEM ( '' )  );
#223 = VERTEX_POINT ( 'NONE', #3938 ) ;
#224 = CARTESIAN_POINT ( 'NONE',  ( -7.002065611814828117, -68.00000000000005684, 33.99999999999972289 ) ) ;
#225 = CARTESIAN_POINT ( 'NONE',  ( 8.619254731744820930, -89.31370849898476649, 44.65685424949209903 ) ) ;
#226 = DIRECTION ( 'NONE',  ( 1.000000000000000000, -0.000000000000000000, 0.000000000000000000 ) ) ;
#227 = CARTESIAN_POINT ( 'NONE',  ( -0.8807452682551838441, 21.03444185374861419, -15.28241655960463063 ) ) ;
#228 = EDGE_LOOP ( 'NONE', ( #826, #86 ) ) ;
#229 = CARTESIAN_POINT ( 'NONE',  ( -4.759424924695541570, 39.17157287525382259, -2.934738506714214143E-13 ) ) ;
#230 =( LENGTH_UNIT ( ) NAMED_UNIT ( * ) SI_UNIT ( .MILLI., .METRE. ) );
#231 = DIRECTION ( 'NONE',  ( 0.000000000000000000, 0.000000000000000000, -1.000000000000000000 ) ) ;
#232 = CARTESIAN_POINT ( 'NONE',  ( 6.240575075304461095, -68.00000000000005684, -34.00000000000032685 ) ) ;
#233 = AXIS2_PLACEMENT_3D ( 'NONE', #4132, #2282, #4495 ) ;
#234 = FACE_OUTER_BOUND ( 'NONE', #1558, .T. ) ;
#235 =( NAMED_UNIT ( * ) PLANE_ANGLE_UNIT ( ) SI_UNIT ( $, .RADIAN. ) );
#236 = AXIS2_PLACEMENT_3D ( 'NONE', #888, #3177, #4364 ) ;
#237 = ADVANCED_FACE ( 'NONE', ( #3558 ), #2962, .F. ) ;
#238 = CARTESIAN_POINT ( 'NONE',  ( 2.240575075304460650, 68.00000000000005684, -34.00000000000032685 ) ) ;
#239 = CARTESIAN_POINT ( 'NONE',  ( 13.53346829411790964, -3.350287950190303847E-15, -2.983724378680108202E-13 ) ) ;
#240 = SURFACE_STYLE_USAGE ( .BOTH. , #4453 ) ;
#241 = STYLED_ITEM ( 'NONE', ( #2541 ), #4448 ) ;
#242 = AXIS2_PLACEMENT_3D ( 'NONE', #148, #1690, #1258 ) ;
#243 = ORIENTED_EDGE ( 'NONE', *, *, #4685, .F. ) ;
#244 = ORIENTED_EDGE ( 'NONE', *, *, #4896, .T. ) ;
#245 = CARTESIAN_POINT ( 'NONE',  ( 8.619254731744819154, -3.350287950190303453E-15, 52.65685424949207771 ) ) ;
#246 = DIRECTION ( 'NONE',  ( -1.000000000000000000, -0.000000000000000000, -0.000000000000000000 ) ) ;
#247 = CIRCLE ( 'NONE', #1413, 1.600000000000000755 ) ;
#248 = DIRECTION ( 'NONE',  ( 1.000000000000000000, 0.000000000000000000, 0.000000000000000000 ) ) ;
#249 = ADVANCED_FACE ( 'NONE', ( #678 ), #3082, .T. ) ;
#250 = SURFACE_STYLE_USAGE ( .BOTH. , #1804 ) ;
#251 = AXIS2_PLACEMENT_3D ( 'NONE', #4098, #4128, #3698 ) ;
#252 =( LENGTH_UNIT ( ) NAMED_UNIT ( * ) SI_UNIT ( .MILLI., .METRE. ) );
#253 = DIRECTION ( 'NONE',  ( 0.000000000000000000, 1.000000000000000000, 0.000000000000000000 ) ) ;
#254 =( NAMED_UNIT ( * ) SI_UNIT ( $, .STERADIAN. ) SOLID_ANGLE_UNIT ( ) );
#255 = CARTESIAN_POINT ( 'NONE',  ( 11.99793438818519320, -7.067915233984887229E-16, -2.983724378680108202E-13 ) ) ;
#256 = DIRECTION ( 'NONE',  ( 1.000000000000000000, -4.235164736271495532E-18, 0.000000000000000000 ) ) ;
#257 = CARTESIAN_POINT ( 'NONE',  ( 10.58372082581209739, -3.350287950190303847E-15, 41.99999999999972289 ) ) ;
#258 = CARTESIAN_POINT ( 'NONE',  ( -11.34521136232246441, -3.350287950190303847E-15, 41.99999999999972289 ) ) ;
#259 = SURFACE_STYLE_FILL_AREA ( #2616 ) ;
#260 = CARTESIAN_POINT ( 'NONE',  ( -16.88074526825518618, -3.350287950190303453E-15, 45.07106781186516287 ) ) ;
#261 = FILL_AREA_STYLE_COLOUR ( '', #65 ) ;
#262 = SURFACE_STYLE_FILL_AREA ( #1790 ) ;
#263 = CARTESIAN_POINT ( 'NONE',  ( 0.6547886376775575723, -3.350287950190303453E-15, 45.99999999999970157 ) ) ;
#264 = DIRECTION ( 'NONE',  ( 0.000000000000000000, 0.000000000000000000, 1.000000000000000000 ) ) ;
#265 = DIRECTION ( 'NONE',  ( -1.000000000000000000, 0.000000000000000000, 0.000000000000000000 ) ) ;
#266 = ORIENTED_EDGE ( 'NONE', *, *, #1836, .T. ) ;
#267 = SURFACE_STYLE_FILL_AREA ( #292 ) ;
#268 = ORIENTED_EDGE ( 'NONE', *, *, #1603, .F. ) ;
#269 = CARTESIAN_POINT ( 'NONE',  ( -3.002065611814829893, 68.00000000000005684, 33.99999999999973710 ) ) ;
#270 = EDGE_CURVE ( 'NONE', #4585, #810, #1028, .T. ) ;
#271 =( GEOMETRIC_REPRESENTATION_CONTEXT ( 3 ) GLOBAL_UNCERTAINTY_ASSIGNED_CONTEXT ( ( #1169 ) ) GLOBAL_UNIT_ASSIGNED_CONTEXT ( ( #493, #868, #451 ) ) REPRESENTATION_CONTEXT ( 'NONE', 'WORKASPACE' ) );
#272 = ORIENTED_EDGE ( 'NONE', *, *, #3858, .T. ) ;
#273 = DIRECTION ( 'NONE',  ( 0.000000000000000000, 0.000000000000000000, -1.000000000000000000 ) ) ;
#274 = CARTESIAN_POINT ( 'NONE',  ( 14.61925473174481915, -3.709149095292972485E-16, -2.983724378680108202E-13 ) ) ;
#275 = CARTESIAN_POINT ( 'NONE',  ( -15.38074526825518973, 2.405552005802256399E-15, -47.00000000000029843 ) ) ;
#276 = AXIS2_PLACEMENT_3D ( 'NONE', #255, #2909, #3253 ) ;
#277 =( BOUNDED_CURVE ( )  B_SPLINE_CURVE ( 3, ( #2675, #4197, #2700, #104 ),
 .UNSPECIFIED., .F., .T. ) 
 B_SPLINE_CURVE_WITH_KNOTS ( ( 4, 4 ),
 ( 0.000000000000000000, 0.1464466094067260193 ),
 .UNSPECIFIED. ) 
 CURVE ( )  GEOMETRIC_REPRESENTATION_ITEM ( )  RATIONAL_B_SPLINE_CURVE ( ( 1.000000000000000000, 0.8047378541243652705, 0.6666666666666670737, 0.5857864376269052986 ) ) 
 REPRESENTATION_ITEM ( '' )  );
#278 =( NAMED_UNIT ( * ) PLANE_ANGLE_UNIT ( ) SI_UNIT ( $, .RADIAN. ) );
#279 =( GEOMETRIC_REPRESENTATION_CONTEXT ( 3 ) GLOBAL_UNCERTAINTY_ASSIGNED_CONTEXT ( ( #2041 ) ) GLOBAL_UNIT_ASSIGNED_CONTEXT ( ( #4550, #1127, #737 ) ) REPRESENTATION_CONTEXT ( 'NONE', 'WORKASPACE' ) );
#280 = CARTESIAN_POINT ( 'NONE',  ( 6.240575075304460206, -3.350287950190303847E-15, 33.99999999999972289 ) ) ;
#281 = CARTESIAN_POINT ( 'NONE',  ( 14.58372082581209916, -100.0000000000000568, -50.00000000000031974 ) ) ;
#282 =( LENGTH_UNIT ( ) NAMED_UNIT ( * ) SI_UNIT ( .MILLI., .METRE. ) );
#283 = CARTESIAN_POINT ( 'NONE',  ( -15.34521136232246441, -3.350287950190303453E-15, -42.00000000000032685 ) ) ;
#284 = MECHANICAL_DESIGN_GEOMETRIC_PRESENTATION_REPRESENTATION (  '', ( #3904 ), #675 ) ;
#285 =( NAMED_UNIT ( * ) SI_UNIT ( $, .STERADIAN. ) SOLID_ANGLE_UNIT ( ) );
#286 = CARTESIAN_POINT ( 'NONE',  ( 0.1192547317448161698, 26.00000000000000000, -2.953366717850514078E-13 ) ) ;
#287 = CONICAL_SURFACE ( 'NONE', #4333, 46.24264068711926967, 1.107148717794090409 ) ;
#288 = CARTESIAN_POINT ( 'NONE',  ( -3.345211362322441762, -76.00000000000001421, 37.99999999999971578 ) ) ;
#289 = CYLINDRICAL_SURFACE ( 'NONE', #3922, 1.600000000000000755 ) ;
#290 = COLOUR_RGB ( '',0.7529411764705882248, 0.7529411764705882248, 0.7529411764705882248 ) ;
#291 = VERTEX_POINT ( 'NONE', #4864 ) ;
#292 = FILL_AREA_STYLE ('',( #3519 ) ) ;
#293 = VERTEX_POINT ( 'NONE', #2623 ) ;
#294 = PRESENTATION_LAYER_ASSIGNMENT (  '', '', ( #1465 ) ) ;
#295 = CARTESIAN_POINT ( 'NONE',  ( -7.002065611814829893, -3.350287950190303847E-15, -42.00000000000031974 ) ) ;
#296 = CARTESIAN_POINT ( 'NONE',  ( -7.345211362322443094, 92.00000000000005684, 45.99999999999972289 ) ) ;
#297 = FACE_OUTER_BOUND ( 'NONE', #3593, .T. ) ;
#298 = EDGE_CURVE ( 'NONE', #4632, #4870, #3547, .T. ) ;
#299 = AXIS2_PLACEMENT_3D ( 'NONE', #286, #1307, #4337 ) ;
#300 = EDGE_LOOP ( 'NONE', ( #4345, #153, #2998, #151 ) ) ;
#301 = DIRECTION ( 'NONE',  ( 1.000000000000000000, 0.000000000000000000, 0.000000000000000000 ) ) ;
#302 = DIRECTION ( 'NONE',  ( -1.000000000000000000, 0.000000000000000000, 0.000000000000000000 ) ) ;
#303 = DIRECTION ( 'NONE',  ( 0.000000000000000000, 0.000000000000000000, -1.000000000000000000 ) ) ;
#304 = FILL_AREA_STYLE_COLOUR ( '', #410 ) ;
#305 = CARTESIAN_POINT ( 'NONE',  ( -11.34521136232246441, -84.00000000000004263, -42.00000000000031974 ) ) ;
#306 = FILL_AREA_STYLE_COLOUR ( '', #745 ) ;
#307 = SURFACE_STYLE_FILL_AREA ( #1714 ) ;
#308 = CARTESIAN_POINT ( 'NONE',  ( -7.345211362322466186, -3.350287950190303453E-15, 41.99999999999972999 ) ) ;
#309 = CARTESIAN_POINT ( 'NONE',  ( -8.880745268255186176, -90.14213562373097943, -45.07106781186578814 ) ) ;
#310 = DIRECTION ( 'NONE',  ( -1.000000000000000000, 0.000000000000000000, 0.000000000000000000 ) ) ;
#311 = CARTESIAN_POINT ( 'NONE',  ( -0.3807452682551843992, -1.084691371767699662E-15, -2.983724378680108202E-13 ) ) ;
#312 = CARTESIAN_POINT ( 'NONE',  ( -4.759424924695541570, -39.17157287525382259, -2.983724378680108202E-13 ) ) ;
#313 = CARTESIAN_POINT ( 'NONE',  ( -0.8807452682551838441, 26.00000000000000000, 1.599999999999705214 ) ) ;
#314 = ORIENTED_EDGE ( 'NONE', *, *, #4827, .F. ) ;
#315 = CARTESIAN_POINT ( 'NONE',  ( -1.209172393001375578, -90.00000000000005684, -45.00000000000030553 ) ) ;
#316 = VERTEX_POINT ( 'NONE', #1889 ) ;
#317 = CARTESIAN_POINT ( 'NONE',  ( -6.380745268255187064, -8.397620119382280840E-16, -2.983724378680108202E-13 ) ) ;
#318 = CARTESIAN_POINT ( 'NONE',  ( -12.88074526825518795, -3.350287950190303847E-15, 53.07106781186516997 ) ) ;
#319 = SURFACE_STYLE_USAGE ( .BOTH. , #3266 ) ;
#320 = CARTESIAN_POINT ( 'NONE',  ( -7.345211362322440429, -3.350287950190303453E-15, -38.00000000000031264 ) ) ;
#321 = CARTESIAN_POINT ( 'NONE',  ( 2.790827606998623978, -3.350287950190303847E-15, 36.99999999999971578 ) ) ;
#322 = AXIS2_PLACEMENT_3D ( 'NONE', #3560, #732, #4404 ) ;
#323 = ORIENTED_EDGE ( 'NONE', *, *, #384, .T. ) ;
#324 = PRESENTATION_STYLE_ASSIGNMENT (( #250 ) ) ;
#325 = PRESENTATION_LAYER_ASSIGNMENT (  '', '', ( #1866 ) ) ;
#326 = FILL_AREA_STYLE_COLOUR ( '', #4574 ) ;
#327 = EDGE_CURVE ( 'NONE', #4437, #4122, #2992, .T. ) ;
#328 = STYLED_ITEM ( 'NONE', ( #899 ), #4745 ) ;
#329 = CARTESIAN_POINT ( 'NONE',  ( 3.997934388185172327, -39.17157287525382259, -2.934738506714214143E-13 ) ) ;
#330 = CARTESIAN_POINT ( 'NONE',  ( -11.34521136232246441, 4.364986884438026264E-15, -42.00000000000031974 ) ) ;
#331 = SURFACE_SIDE_STYLE ('',( #307 ) ) ;
#332 = CARTESIAN_POINT ( 'NONE',  ( -15.34521136232246796, 84.00000000000004263, 41.99999999999973710 ) ) ;
#333 = EDGE_CURVE ( 'NONE', #1462, #1132, #364, .T. ) ;
#334 = UNCERTAINTY_MEASURE_WITH_UNIT (LENGTH_MEASURE( 1.000000000000000082E-05 ), #647, 'distance_accuracy_value', 'NONE');
#335 =( NAMED_UNIT ( * ) PLANE_ANGLE_UNIT ( ) SI_UNIT ( $, .RADIAN. ) );
#336 = CARTESIAN_POINT ( 'NONE',  ( -12.88074526825518618, -90.14213562373090838, 45.07106781186516997 ) ) ;
#337 = CARTESIAN_POINT ( 'NONE',  ( -0.8807452682551838441, 8.034441853748909068, 26.32746942367361243 ) ) ;
#338 = CARTESIAN_POINT ( 'NONE',  ( 2.119254731744816045, -1.084691371767699662E-15, -2.983724378680108202E-13 ) ) ;
#339 = CARTESIAN_POINT ( 'NONE',  ( -7.345211362322443094, -76.00000000000002842, -38.00000000000031974 ) ) ;
#340 = VERTEX_POINT ( 'NONE', #2967 ) ;
#341 = CARTESIAN_POINT ( 'NONE',  ( 6.790827606998623089, -3.350287950190303453E-15, 44.99999999999971578 ) ) ;
#342 = EDGE_LOOP ( 'NONE', ( #2709, #461, #736, #3417, #1463, #4753 ) ) ;
#343 = SURFACE_STYLE_FILL_AREA ( #388 ) ;
#344 = CARTESIAN_POINT ( 'NONE',  ( -12.88074526825518618, -90.14213562373090838, 45.07106781186516997 ) ) ;
#345 = ORIENTED_EDGE ( 'NONE', *, *, #2779, .F. ) ;
#346 = EDGE_LOOP ( 'NONE', ( #3713, #1817, #4728, #2378 ) ) ;
#347 = CARTESIAN_POINT ( 'NONE',  ( 6.119254731744816489, 74.00000000000004263, -37.00000000000032685 ) ) ;
#348 = CARTESIAN_POINT ( 'NONE',  ( -0.3807452682551843992, -2.125641151042950788E-15, 19.99999999999970868 ) ) ;
#349 =( BOUNDED_SURFACE ( )  B_SPLINE_SURFACE ( 3, 3, ( 
 ( #3699, #4802, #3319, #4846, #305, #1401, #1426 ),
 ( #2931, #1447, #1089, #2590, #4099, #1826, #4130 ),
 ( #2278, #1847, #3061, #1898, #3031, #8, #747 ),
 ( #3428, #4619, #72, #1545, #1192, #4221, #2227 ),
 ( #1950, #2694, #774, #1565, #1136, #4595, #2639 ),
 ( #4567, #37, #3084, #3375, #3403, #820, #4192 ),
 ( #2304, #3821, #401, #1519, #1165, #2333, #1220 ) ),
 .UNSPECIFIED., .T., .T., .F. ) 
 B_SPLINE_SURFACE_WITH_KNOTS ( ( 4, 3, 4 ),
 ( 4, 3, 4 ),
 ( 0.000000000000000000, 0.5000000000000000000, 1.000000000000000000 ),
 ( 0.000000000000000000, 0.5000000000000000000, 1.000000000000000000 ),
 .UNSPECIFIED. ) 
 GEOMETRIC_REPRESENTATION_ITEM ( )  RATIONAL_B_SPLINE_SURFACE ( (
 ( 1.000000000000000000, 0.3333333333333333148, 0.3333333333333333148, 1.000000000000000000, 0.3333333333333333148, 0.3333333333333333148, 1.000000000000000000),
 ( 0.3333333333333333703, 0.1111111111111111188, 0.1111111111111111188, 0.3333333333333333703, 0.1111111111111111188, 0.1111111111111111188, 0.3333333333333333703),
 ( 0.3333333333333333703, 0.1111111111111111188, 0.1111111111111111188, 0.3333333333333333703, 0.1111111111111111188, 0.1111111111111111188, 0.3333333333333333703),
 ( 1.000000000000000000, 0.3333333333333333148, 0.3333333333333333148, 1.000000000000000000, 0.3333333333333333148, 0.3333333333333333148, 1.000000000000000000),
 ( 0.3333333333333333703, 0.1111111111111111188, 0.1111111111111111188, 0.3333333333333333703, 0.1111111111111111188, 0.1111111111111111188, 0.3333333333333333703),
 ( 0.3333333333333333703, 0.1111111111111111188, 0.1111111111111111188, 0.3333333333333333703, 0.1111111111111111188, 0.1111111111111111188, 0.3333333333333333703),
 ( 1.000000000000000000, 0.3333333333333333148, 0.3333333333333333148, 1.000000000000000000, 0.3333333333333333148, 0.3333333333333333148, 1.000000000000000000) ) ) 
 REPRESENTATION_ITEM ( '' )  SURFACE ( )  );
#350 = AXIS2_PLACEMENT_3D ( 'NONE', #11, #1137, #2591 ) ;
#351 = CARTESIAN_POINT ( 'NONE',  ( -0.3807452682551843992, -1.084691371767699662E-15, 36.99999999999971578 ) ) ;
#352 = CONICAL_SURFACE ( 'NONE', #2939, 47.00000000000000000, 1.107148717794088633 ) ;
#353 = CARTESIAN_POINT ( 'NONE',  ( -11.34521136232246441, 100.0000000000000284, -50.00000000000030553 ) ) ;
#354 = CIRCLE ( 'NONE', #3425, 42.00000000000002132 ) ;
#355 =( LENGTH_UNIT ( ) NAMED_UNIT ( * ) SI_UNIT ( .MILLI., .METRE. ) );
#356 = EDGE_CURVE ( 'NONE', #2718, #361, #1725, .T. ) ;
#357 = CARTESIAN_POINT ( 'NONE',  ( -8.880745268255186176, -106.1421356237309652, -53.07106781186576683 ) ) ;
#358 = CARTESIAN_POINT ( 'NONE',  ( -7.345211362322440429, -3.350287950190303453E-15, 37.99999999999970868 ) ) ;
#359 = PRESENTATION_LAYER_ASSIGNMENT (  '', '', ( #4640 ) ) ;
#360 = MECHANICAL_DESIGN_GEOMETRIC_PRESENTATION_REPRESENTATION (  '', ( #1610 ), #3116 ) ;
#361 = VERTEX_POINT ( 'NONE', #3715 ) ;
#362 = CARTESIAN_POINT ( 'NONE',  ( 2.790827606998624866, -74.00000000000002842, 36.99999999999971578 ) ) ;
#363 = ORIENTED_EDGE ( 'NONE', *, *, #4266, .F. ) ;
#364 = LINE ( 'NONE', #4477, #875 ) ;
#365 = CARTESIAN_POINT ( 'NONE',  ( -8.880745268255186176, 106.1421356237309652, 53.07106781186519129 ) ) ;
#366 = PRESENTATION_LAYER_ASSIGNMENT (  '', '', ( #844 ) ) ;
#367 = EDGE_LOOP ( 'NONE', ( #1396, #180, #3311, #416 ) ) ;
#368 = AXIS2_PLACEMENT_3D ( 'NONE', #3170, #4309, #174 ) ;
#369 = ORIENTED_EDGE ( 'NONE', *, *, #1892, .F. ) ;
#370 = CARTESIAN_POINT ( 'NONE',  ( 6.119254731744816489, 74.00000000000004263, 36.99999999999972289 ) ) ;
#371 = SURFACE_SIDE_STYLE ('',( #3741 ) ) ;
#372 = CARTESIAN_POINT ( 'NONE',  ( 12.11925473174481915, 90.14213562373089417, -45.07106781186574551 ) ) ;
#373 = AXIS2_PLACEMENT_3D ( 'NONE', #2611, #3292, #664 ) ;
#374 = LINE ( 'NONE', #3344, #2532 ) ;
#375 = CIRCLE ( 'NONE', #1842, 1.600000000000000755 ) ;
#376 = CARTESIAN_POINT ( 'NONE',  ( -0.8807452682551838441, -8.034441853748745643, -26.32746942367426257 ) ) ;
#377 = DIRECTION ( 'NONE',  ( -4.018207724303600111E-17, -1.000000000000000000, 0.000000000000000000 ) ) ;
#378 = VERTEX_POINT ( 'NONE', #4504 ) ;
#379 = UNCERTAINTY_MEASURE_WITH_UNIT (LENGTH_MEASURE( 1.000000000000000082E-05 ), #1636, 'distance_accuracy_value', 'NONE');
#380 = DIRECTION ( 'NONE',  ( 0.000000000000000000, 0.000000000000000000, 1.000000000000000000 ) ) ;
#381 = CARTESIAN_POINT ( 'NONE',  ( -8.880745268255189728, -3.350287950190303453E-15, 53.07106781186517708 ) ) ;
#382 = CARTESIAN_POINT ( 'NONE',  ( 12.11925473174481915, -90.14213562373089417, 45.07106781186514866 ) ) ;
#383 = CARTESIAN_POINT ( 'NONE',  ( -7.002065611814829893, -3.350287950190303847E-15, 41.99999999999972289 ) ) ;
#384 = EDGE_CURVE ( 'NONE', #558, #3051, #2246, .T. ) ;
#385 = UNCERTAINTY_MEASURE_WITH_UNIT (LENGTH_MEASURE( 1.000000000000000082E-05 ), #2176, 'distance_accuracy_value', 'NONE');
#386 = CARTESIAN_POINT ( 'NONE',  ( 6.790827606998623978, 90.00000000000005684, -45.00000000000030553 ) ) ;
#387 = VERTEX_POINT ( 'NONE', #3792 ) ;
#388 = FILL_AREA_STYLE ('',( #4119 ) ) ;
#389 = CARTESIAN_POINT ( 'NONE',  ( 5.619254731744818265, 1.670763926313847679E-15, 40.99999999999972999 ) ) ;
#390 = PRESENTATION_LAYER_ASSIGNMENT (  '', '', ( #1854 ) ) ;
#391 = EDGE_CURVE ( 'NONE', #1917, #3271, #3791, .T. ) ;
#392 = ORIENTED_EDGE ( 'NONE', *, *, #475, .F. ) ;
#393 = ORIENTED_EDGE ( 'NONE', *, *, #845, .T. ) ;
#394 = CARTESIAN_POINT ( 'NONE',  ( 6.119254731744815601, -3.350287950190303453E-15, 36.99999999999971578 ) ) ;
#395 = CARTESIAN_POINT ( 'NONE',  ( 16.11925473174482093, 90.14213562373090838, -45.07106781186575262 ) ) ;
#396 = DIRECTION ( 'NONE',  ( 0.000000000000000000, 0.000000000000000000, -1.000000000000000000 ) ) ;
#397 = AXIS2_PLACEMENT_3D ( 'NONE', #311, #2112, #4831 ) ;
#398 = EDGE_CURVE ( 'NONE', #684, #3529, #3622, .T. ) ;
#399 =( NAMED_UNIT ( * ) SI_UNIT ( $, .STERADIAN. ) SOLID_ANGLE_UNIT ( ) );
#400 = CARTESIAN_POINT ( 'NONE',  ( 16.61925473174482093, -105.3137084989847381, -52.65685424949268167 ) ) ;
#401 = CARTESIAN_POINT ( 'NONE',  ( -11.34521136232246441, 84.00000000000004263, -42.00000000000031974 ) ) ;
#402 = AXIS2_PLACEMENT_3D ( 'NONE', #4515, #4487, #719 ) ;
#403 = CARTESIAN_POINT ( 'NONE',  ( 2.583720825812074295, -92.00000000000000000, 45.99999999999970868 ) ) ;
#404 = DIRECTION ( 'NONE',  ( 0.000000000000000000, 0.000000000000000000, -1.000000000000000000 ) ) ;
#405 = CARTESIAN_POINT ( 'NONE',  ( 13.53346829411791141, -3.350287950190303058E-15, 46.24264068711896414 ) ) ;
#406 = PRESENTATION_LAYER_ASSIGNMENT (  '', '', ( #328 ) ) ;
#407 = SURFACE_STYLE_FILL_AREA ( #4225 ) ;
#408 = CARTESIAN_POINT ( 'NONE',  ( 2.119254731744816045, -3.350287950190303847E-15, 28.99999999999971934 ) ) ;
#409 = CARTESIAN_POINT ( 'NONE',  ( 12.11925473174482093, -3.350287950190303847E-15, -45.07106781186575262 ) ) ;
#410 = COLOUR_RGB ( '',0.7529411764705882248, 0.7529411764705882248, 0.7529411764705882248 ) ;
#411 = CARTESIAN_POINT ( 'NONE',  ( -7.002065611814829893, -3.350287950190303847E-15, -42.00000000000031974 ) ) ;
#412 = CARTESIAN_POINT ( 'NONE',  ( -1.209172393001375578, -74.00000000000004263, 36.99999999999972289 ) ) ;
#413 = SURFACE_SIDE_STYLE ('',( #1580 ) ) ;
#414 = ORIENTED_EDGE ( 'NONE', *, *, #1374, .F. ) ;
#415 = CARTESIAN_POINT ( 'NONE',  ( -4.759424924695541570, -3.350287950190304242E-15, -39.17157287525412102 ) ) ;
#416 = ORIENTED_EDGE ( 'NONE', *, *, #1930, .T. ) ;
#417 = EDGE_CURVE ( 'NONE', #179, #1860, #4528, .T. ) ;
#418 = LINE ( 'NONE', #1587, #944 ) ;
#419 = ORIENTED_EDGE ( 'NONE', *, *, #3795, .T. ) ;
#420 = ORIENTED_EDGE ( 'NONE', *, *, #1047, .T. ) ;
#421 = CARTESIAN_POINT ( 'NONE',  ( -1.880745268255183289, 74.00000000000004263, 36.99999999999972289 ) ) ;
#422 = ADVANCED_FACE ( 'NONE', ( #59 ), #2107, .T. ) ;
#423 =( NAMED_UNIT ( * ) SI_UNIT ( $, .STERADIAN. ) SOLID_ANGLE_UNIT ( ) );
#424 = DIRECTION ( 'NONE',  ( -1.000000000000000000, 0.000000000000000000, 0.000000000000000000 ) ) ;
#425 = LINE ( 'NONE', #376, #60 ) ;
#426 = CARTESIAN_POINT ( 'NONE',  ( -0.8807452682551834000, 3.236524472517560700E-16, -20.00000000000029843 ) ) ;
#427 = CARTESIAN_POINT ( 'NONE',  ( 0.1192547317448161698, -8.034441853748399254, 26.32746942367377585 ) ) ;
#428 = CARTESIAN_POINT ( 'NONE',  ( 6.583720825812076960, 76.00000000000002842, 37.99999999999971578 ) ) ;
#429 = ORIENTED_EDGE ( 'NONE', *, *, #4218, .F. ) ;
#430 = UNCERTAINTY_MEASURE_WITH_UNIT (LENGTH_MEASURE( 1.000000000000000082E-05 ), #2082, 'distance_accuracy_value', 'NONE');
#431 =( NAMED_UNIT ( * ) PLANE_ANGLE_UNIT ( ) SI_UNIT ( $, .RADIAN. ) );
#432 = CARTESIAN_POINT ( 'NONE',  ( 2.119254731744816045, -58.00000000000002842, 28.99999999999971223 ) ) ;
#433 = CARTESIAN_POINT ( 'NONE',  ( -7.002065611814828117, 68.00000000000005684, -34.00000000000032685 ) ) ;
#434 = DIRECTION ( 'NONE',  ( 0.000000000000000000, 1.000000000000000000, 0.000000000000000000 ) ) ;
#435 = ORIENTED_EDGE ( 'NONE', *, *, #1631, .F. ) ;
#436 = UNCERTAINTY_MEASURE_WITH_UNIT (LENGTH_MEASURE( 1.000000000000000082E-05 ), #1685, 'distance_accuracy_value', 'NONE');
#437 = ORIENTED_EDGE ( 'NONE', *, *, #3168, .T. ) ;
#438 = ORIENTED_EDGE ( 'NONE', *, *, #1810, .F. ) ;
#439 = FILL_AREA_STYLE ('',( #813 ) ) ;
#440 = STYLED_ITEM ( 'NONE', ( #1166 ), #1429 ) ;
#441 = STYLED_ITEM ( 'NONE', ( #2054 ), #1106 ) ;
#442 = VERTEX_POINT ( 'NONE', #1525 ) ;
#443 = AXIS2_PLACEMENT_3D ( 'NONE', #497, #1596, #3462 ) ;
#444 = ORIENTED_EDGE ( 'NONE', *, *, #586, .F. ) ;
#445 = CARTESIAN_POINT ( 'NONE',  ( 2.119254731744816933, -3.350287950190303847E-15, 36.99999999999971578 ) ) ;
#446 = AXIS2_PLACEMENT_3D ( 'NONE', #2704, #4045, #4229 ) ;
#447 = AXIS2_PLACEMENT_3D ( 'NONE', #663, #4755, #3639 ) ;
#448 = EDGE_CURVE ( 'NONE', #2609, #1212, #277, .T. ) ;
#449 = FILL_AREA_STYLE_COLOUR ( '', #2717 ) ;
#450 = CARTESIAN_POINT ( 'NONE',  ( 10.58372082581209384, -100.0000000000000284, 49.99999999999971578 ) ) ;
#451 =( NAMED_UNIT ( * ) SI_UNIT ( $, .STERADIAN. ) SOLID_ANGLE_UNIT ( ) );
#452 = CARTESIAN_POINT ( 'NONE',  ( 2.583720825812074295, 92.00000000000000000, 45.99999999999970868 ) ) ;
#453 = FILL_AREA_STYLE_COLOUR ( '', #1403 ) ;
#454 = PRODUCT_CONTEXT ( 'NONE', #4840, 'mechanical' ) ;
#455 = CARTESIAN_POINT ( 'NONE',  ( 6.790827606998623978, -74.00000000000004263, 36.99999999999972289 ) ) ;
#456 = CARTESIAN_POINT ( 'NONE',  ( 2.119254731744816045, -3.350287950190303847E-15, 28.99999999999971934 ) ) ;
#457 = CARTESIAN_POINT ( 'NONE',  ( 12.11925473174482093, -3.350287950190303847E-15, 53.07106781186514866 ) ) ;
#458 = CARTESIAN_POINT ( 'NONE',  ( -7.002065611814828117, 68.00000000000005684, 33.99999999999972289 ) ) ;
#459 = EDGE_CURVE ( 'NONE', #64, #4839, #2778, .T. ) ;
#460 = CARTESIAN_POINT ( 'NONE',  ( -5.587852049441733193, -40.82842712474621294, -2.983724378680108202E-13 ) ) ;
#461 = ORIENTED_EDGE ( 'NONE', *, *, #2884, .T. ) ;
#462 = DIRECTION ( 'NONE',  ( 1.000000000000000000, -0.000000000000000000, 0.000000000000000000 ) ) ;
#463 = CARTESIAN_POINT ( 'NONE',  ( 10.58372082581209384, 84.00000000000004263, 41.99999999999972289 ) ) ;
#464 =( NAMED_UNIT ( * ) SI_UNIT ( $, .STERADIAN. ) SOLID_ANGLE_UNIT ( ) );
#465 = MECHANICAL_DESIGN_GEOMETRIC_PRESENTATION_REPRESENTATION (  '', ( #4011 ), #4190 ) ;
#466 = CARTESIAN_POINT ( 'NONE',  ( 6.119254731744816489, -58.00000000000003553, -29.00000000000032330 ) ) ;
#467 = CARTESIAN_POINT ( 'NONE',  ( -4.380745268255186176, -1.084691371767699662E-15, -2.983724378680108202E-13 ) ) ;
#468 = CIRCLE ( 'NONE', #4508, 37.00000000000001421 ) ;
#469 = CARTESIAN_POINT ( 'NONE',  ( 8.619254731744820930, -89.31370849898476649, -44.65685424949267457 ) ) ;
#470 = ORIENTED_EDGE ( 'NONE', *, *, #1047, .F. ) ;
#471 = CARTESIAN_POINT ( 'NONE',  ( 6.583720825812098276, -100.0000000000000568, -50.00000000000031974 ) ) ;
#472 =( LENGTH_UNIT ( ) NAMED_UNIT ( * ) SI_UNIT ( .MILLI., .METRE. ) );
#473 = MECHANICAL_DESIGN_GEOMETRIC_PRESENTATION_REPRESENTATION (  '', ( #1787 ), #3294 ) ;
#474 = CARTESIAN_POINT ( 'NONE',  ( 6.583720825812076960, -76.00000000000002842, -38.00000000000031974 ) ) ;
#475 = EDGE_CURVE ( 'NONE', #962, #2038, #80, .T. ) ;
#476 = CARTESIAN_POINT ( 'NONE',  ( 6.790827606998623978, 74.00000000000004263, 36.99999999999972289 ) ) ;
#477 = STYLED_ITEM ( 'NONE', ( #2498 ), #3944 ) ;
#478 = DIRECTION ( 'NONE',  ( 0.000000000000000000, 0.000000000000000000, -1.000000000000000000 ) ) ;
#479 = EDGE_CURVE ( 'NONE', #1937, #291, #2629, .T. ) ;
#480 = CARTESIAN_POINT ( 'NONE',  ( 10.58372082581209384, 84.00000000000004263, -42.00000000000031974 ) ) ;
#481 = CARTESIAN_POINT ( 'NONE',  ( -3.002065611814829893, -84.00000000000004263, 41.99999999999973710 ) ) ;
#482 = FACE_OUTER_BOUND ( 'NONE', #2905, .T. ) ;
#483 = UNCERTAINTY_MEASURE_WITH_UNIT (LENGTH_MEASURE( 1.000000000000000082E-05 ), #2881, 'distance_accuracy_value', 'NONE');
#484 = EDGE_LOOP ( 'NONE', ( #1234, #4535 ) ) ;
#485 = LINE ( 'NONE', #3472, #2958 ) ;
#486 =( NAMED_UNIT ( * ) PLANE_ANGLE_UNIT ( ) SI_UNIT ( $, .RADIAN. ) );
#487 = PRESENTATION_STYLE_ASSIGNMENT (( #5 ) ) ;
#488 =( LENGTH_UNIT ( ) NAMED_UNIT ( * ) SI_UNIT ( .MILLI., .METRE. ) );
#489 = CARTESIAN_POINT ( 'NONE',  ( 8.619254731744819154, -3.350287950190303453E-15, -52.65685424949266036 ) ) ;
#490 = ORIENTED_EDGE ( 'NONE', *, *, #3095, .T. ) ;
#491 = SURFACE_SIDE_STYLE ('',( #267 ) ) ;
#492 = CARTESIAN_POINT ( 'NONE',  ( 14.58372082581209916, -3.350287950190303453E-15, 41.99999999999972999 ) ) ;
#493 =( LENGTH_UNIT ( ) NAMED_UNIT ( * ) SI_UNIT ( .MILLI., .METRE. ) );
#494 = CARTESIAN_POINT ( 'NONE',  ( 6.583720825812076960, 92.00000000000005684, 45.99999999999972289 ) ) ;
#495 = CARTESIAN_POINT ( 'NONE',  ( 16.61925473174482093, -89.31370849898476649, 44.65685424949209903 ) ) ;
#496 = PRODUCT_RELATED_PRODUCT_CATEGORY ( 'part', '', ( #1634 ) ) ;
#497 = CARTESIAN_POINT ( 'NONE',  ( -0.3807452682551843992, -8.397620119382280840E-16, -2.983724378680108202E-13 ) ) ;
#498 = PRESENTATION_STYLE_ASSIGNMENT (( #2388 ) ) ;
#499 = ORIENTED_EDGE ( 'NONE', *, *, #157, .F. ) ;
#500 = EDGE_CURVE ( 'NONE', #4019, #2762, #1278, .T. ) ;
#501 = STYLED_ITEM ( 'NONE', ( #3321 ), #2587 ) ;
#502 = VERTEX_POINT ( 'NONE', #2413 ) ;
#503 = CARTESIAN_POINT ( 'NONE',  ( 12.61925473174482093, -3.350287950190303847E-15, 44.65685424949207771 ) ) ;
#504 = DIRECTION ( 'NONE',  ( -2.344220913482170916E-17, -1.000000000000000000, 0.000000000000000000 ) ) ;
#505 = CARTESIAN_POINT ( 'NONE',  ( 8.119254731744817377, -90.14213562373090838, -45.07106781186575262 ) ) ;
#506 = VECTOR ( 'NONE', #3297, 1000.000000000000114 ) ;
#507 = AXIS2_PLACEMENT_3D ( 'NONE', #114, #1584, #1211 ) ;
#508 = ORIENTED_EDGE ( 'NONE', *, *, #194, .T. ) ;
#509 = FACE_OUTER_BOUND ( 'NONE', #2705, .T. ) ;
#510 = DIRECTION ( 'NONE',  ( 2.115516434118055922E-17, -1.000000000000000000, 0.000000000000000000 ) ) ;
#511 = CARTESIAN_POINT ( 'NONE',  ( -0.3807452682551843992, -1.084691371767699662E-15, -2.983724378680108202E-13 ) ) ;
#512 = CIRCLE ( 'NONE', #915, 41.00000000000002132 ) ;
#513 = VERTEX_POINT ( 'NONE', #4301 ) ;
#514 = CARTESIAN_POINT ( 'NONE',  ( 10.58372082581209739, -3.350287950190303847E-15, -42.00000000000031974 ) ) ;
#515 =( NAMED_UNIT ( * ) SI_UNIT ( $, .STERADIAN. ) SOLID_ANGLE_UNIT ( ) );
#516 = LINE ( 'NONE', #4273, #1719 ) ;
#517 =( GEOMETRIC_REPRESENTATION_CONTEXT ( 3 ) GLOBAL_UNCERTAINTY_ASSIGNED_CONTEXT ( ( #1557 ) ) GLOBAL_UNIT_ASSIGNED_CONTEXT ( ( #2728, #2434, #2819 ) ) REPRESENTATION_CONTEXT ( 'NONE', 'WORKASPACE' ) );
#518 =( NAMED_UNIT ( * ) PLANE_ANGLE_UNIT ( ) SI_UNIT ( $, .RADIAN. ) );
#519 = DIRECTION ( 'NONE',  ( -2.124406446856958027E-17, -1.000000000000000000, 0.000000000000000000 ) ) ;
#520 = AXIS2_PLACEMENT_3D ( 'NONE', #572, #310, #2869 ) ;
#521 = DIRECTION ( 'NONE',  ( 1.000000000000000000, 0.000000000000000000, 0.000000000000000000 ) ) ;
#522 = CARTESIAN_POINT ( 'NONE',  ( 6.583720825812098276, -84.00000000000004263, 41.99999999999973710 ) ) ;
#523 = VECTOR ( 'NONE', #4120, 1000.000000000000227 ) ;
#524 = FILL_AREA_STYLE_COLOUR ( '', #13 ) ;
#525 =( LENGTH_UNIT ( ) NAMED_UNIT ( * ) SI_UNIT ( .MILLI., .METRE. ) );
#526 = UNCERTAINTY_MEASURE_WITH_UNIT (LENGTH_MEASURE( 1.000000000000000082E-05 ), #525, 'distance_accuracy_value', 'NONE');
#527 = ORIENTED_EDGE ( 'NONE', *, *, #4137, .T. ) ;
#528 = LINE ( 'NONE', #2829, #2767 ) ;
#529 = CARTESIAN_POINT ( 'NONE',  ( 8.119254731744817377, -106.1421356237308942, 53.07106781186514866 ) ) ;
#530 = ADVANCED_FACE ( 'NONE', ( #4375 ), #3164, .F. ) ;
#531 = ORIENTED_EDGE ( 'NONE', *, *, #3308, .F. ) ;
#532 = CARTESIAN_POINT ( 'NONE',  ( 12.61925473174482093, -3.350287950190303847E-15, 52.65685424949207771 ) ) ;
#533 = DIRECTION ( 'NONE',  ( -4.018207724303600111E-17, 1.000000000000000000, 0.000000000000000000 ) ) ;
#534 = ADVANCED_FACE ( 'NONE', ( #2024 ), #1998, .F. ) ;
#535 = CARTESIAN_POINT ( 'NONE',  ( -0.3807452682551843992, -7.785296719808605099E-16, -2.983724378680108202E-13 ) ) ;
#536 = UNCERTAINTY_MEASURE_WITH_UNIT (LENGTH_MEASURE( 1.000000000000000082E-05 ), #2895, 'distance_accuracy_value', 'NONE');
#537 = VERTEX_POINT ( 'NONE', #3998 ) ;
#538 = LINE ( 'NONE', #4701, #839 ) ;
#539 = CARTESIAN_POINT ( 'NONE',  ( -1.416279174187926149, -3.350287950190303453E-15, 37.99999999999970868 ) ) ;
#540 = EDGE_CURVE ( 'NONE', #2627, #694, #3396, .T. ) ;
#541 = MECHANICAL_DESIGN_GEOMETRIC_PRESENTATION_REPRESENTATION (  '', ( #2010 ), #942 ) ;
#542 =( LENGTH_UNIT ( ) NAMED_UNIT ( * ) SI_UNIT ( .MILLI., .METRE. ) );
#543 = CARTESIAN_POINT ( 'NONE',  ( -15.38074526825518973, -3.350287950190303847E-15, -2.983724378680108202E-13 ) ) ;
#544 =( GEOMETRIC_REPRESENTATION_CONTEXT ( 3 ) GLOBAL_UNCERTAINTY_ASSIGNED_CONTEXT ( ( #1992 ) ) GLOBAL_UNIT_ASSIGNED_CONTEXT ( ( #28, #486, #2625 ) ) REPRESENTATION_CONTEXT ( 'NONE', 'WORKASPACE' ) );
#545 = CARTESIAN_POINT ( 'NONE',  ( 0.1192547317448161698, -8.034441853748745643, -26.32746942367426257 ) ) ;
#546 = DIRECTION ( 'NONE',  ( 0.000000000000000000, 0.000000000000000000, -1.000000000000000000 ) ) ;
#547 = DIRECTION ( 'NONE',  ( 0.000000000000000000, 1.000000000000000000, 0.000000000000000000 ) ) ;
#548 = PRESENTATION_LAYER_ASSIGNMENT (  '', '', ( #949 ) ) ;
#549 = SURFACE_STYLE_USAGE ( .BOTH. , #1363 ) ;
#550 = CARTESIAN_POINT ( 'NONE',  ( 10.24057507530446642, 68.00000000000005684, 33.99999999999973710 ) ) ;
#551 = CIRCLE ( 'NONE', #3078, 1.600000000000000755 ) ;
#552 = DIRECTION ( 'NONE',  ( -1.000000000000000000, 0.000000000000000000, 0.000000000000000000 ) ) ;
#553 = VECTOR ( 'NONE', #1717, 1000.000000000000000 ) ;
#554 = DIRECTION ( 'NONE',  ( -1.000000000000000000, -1.016439536705160599E-18, -0.000000000000000000 ) ) ;
#555 = DIRECTION ( 'NONE',  ( 1.000000000000000000, 0.000000000000000000, 0.000000000000000000 ) ) ;
#556 = CIRCLE ( 'NONE', #1198, 1.600000000000000755 ) ;
#557 = AXIS2_PLACEMENT_3D ( 'NONE', #3304, #4064, #4184 ) ;
#558 = VERTEX_POINT ( 'NONE', #700 ) ;
#559 = CARTESIAN_POINT ( 'NONE',  ( 16.61925473174482093, -105.3137084989847381, -52.65685424949268167 ) ) ;
#560 = CARTESIAN_POINT ( 'NONE',  ( 11.99793438818519320, -7.067915233984887229E-16, -2.983724378680108202E-13 ) ) ;
#561 =( GEOMETRIC_REPRESENTATION_CONTEXT ( 3 ) GLOBAL_UNCERTAINTY_ASSIGNED_CONTEXT ( ( #1179 ) ) GLOBAL_UNIT_ASSIGNED_CONTEXT ( ( #2975, #4492, #1807 ) ) REPRESENTATION_CONTEXT ( 'NONE', 'WORKASPACE' ) );
#562 = EDGE_CURVE ( 'NONE', #1917, #3663, #2920, .T. ) ;
#563 = ORIENTED_EDGE ( 'NONE', *, *, #4280, .F. ) ;
#564 = CARTESIAN_POINT ( 'NONE',  ( 2.119254731744816045, 74.00000000000002842, -37.00000000000030553 ) ) ;
#565 =( NAMED_UNIT ( * ) PLANE_ANGLE_UNIT ( ) SI_UNIT ( $, .RADIAN. ) );
#566 =( NAMED_UNIT ( * ) SI_UNIT ( $, .STERADIAN. ) SOLID_ANGLE_UNIT ( ) );
#567 = FILL_AREA_STYLE_COLOUR ( '', #1349 ) ;
#568 = CARTESIAN_POINT ( 'NONE',  ( 6.240575075304460206, -3.350287950190303847E-15, -42.00000000000031974 ) ) ;
#569 = CARTESIAN_POINT ( 'NONE',  ( -6.516784237576251471, -3.350287950190304242E-15, -42.00000000000031974 ) ) ;
#570 = CARTESIAN_POINT ( 'NONE',  ( -12.88074526825518618, 106.1421356237309226, 53.07106781186517708 ) ) ;
#571 = CARTESIAN_POINT ( 'NONE',  ( 6.240575075304460206, -3.350287950190303847E-15, -34.00000000000031974 ) ) ;
#572 = CARTESIAN_POINT ( 'NONE',  ( 4.826361512931361730, -8.502678205632331844E-16, -2.983724378680108202E-13 ) ) ;
#573 = LINE ( 'NONE', #199, #1712 ) ;
#574 = CARTESIAN_POINT ( 'NONE',  ( 0.1192547317448161698, -21.03444185374850406, 15.28241655960419365 ) ) ;
#575 = AXIS2_PLACEMENT_3D ( 'NONE', #1927, #3455, #4271 ) ;
#576 = EDGE_LOOP ( 'NONE', ( #4820, #2063, #4118, #4087 ) ) ;
#577 = FACE_OUTER_BOUND ( 'NONE', #4307, .T. ) ;
#578 = FILL_AREA_STYLE ('',( #3201 ) ) ;
#579 = VECTOR ( 'NONE', #2414, 1000.000000000000000 ) ;
#580 = PRESENTATION_STYLE_ASSIGNMENT (( #1705 ) ) ;
#581 = UNCERTAINTY_MEASURE_WITH_UNIT (LENGTH_MEASURE( 1.000000000000000082E-05 ), #1827, 'distance_accuracy_value', 'NONE');
#582 = CIRCLE ( 'NONE', #3189, 39.17157287525382259 ) ;
#583 = ORIENTED_EDGE ( 'NONE', *, *, #3372, .T. ) ;
#584 = AXIS2_PLACEMENT_3D ( 'NONE', #4082, #1788, #4107 ) ;
#585 = FILL_AREA_STYLE ('',( #1034 ) ) ;
#586 = EDGE_CURVE ( 'NONE', #1022, #3398, #3163, .T. ) ;
#587 = STYLED_ITEM ( 'NONE', ( #3043 ), #2269 ) ;
#588 = CARTESIAN_POINT ( 'NONE',  ( -0.8807452682551838441, 8.034441853748909068, 24.72746942367361100 ) ) ;
#589 = SURFACE_STYLE_FILL_AREA ( #2025 ) ;
#590 = COLOUR_RGB ( '',0.7529411764705882248, 0.7529411764705882248, 0.7529411764705882248 ) ;
#591 = CARTESIAN_POINT ( 'NONE',  ( 10.24057507530446642, 68.00000000000005684, -34.00000000000032685 ) ) ;
#592 = CARTESIAN_POINT ( 'NONE',  ( 6.583720825812098276, -100.0000000000000568, 49.99999999999974420 ) ) ;
#593 = SURFACE_STYLE_FILL_AREA ( #2847 ) ;
#594 = COLOUR_RGB ( '',0.7529411764705882248, 0.7529411764705882248, 0.7529411764705882248 ) ;
#595 = PRESENTATION_LAYER_ASSIGNMENT (  '', '', ( #3745 ) ) ;
#596 = COLOUR_RGB ( '',0.7529411764705882248, 0.7529411764705882248, 0.7529411764705882248 ) ;
#597 = PRESENTATION_STYLE_ASSIGNMENT (( #549 ) ) ;
#598 = CARTESIAN_POINT ( 'NONE',  ( 10.24057507530446642, -84.00000000000004263, 41.99999999999973710 ) ) ;
#599 = DIRECTION ( 'NONE',  ( 0.000000000000000000, 0.000000000000000000, 1.000000000000000000 ) ) ;
#600 = MECHANICAL_DESIGN_GEOMETRIC_PRESENTATION_REPRESENTATION (  '', ( #2741 ), #1608 ) ;
#601 = CARTESIAN_POINT ( 'NONE',  ( 3.997934388185172772, -3.350287950190303847E-15, -39.17157287525412102 ) ) ;
#602 = AXIS2_PLACEMENT_3D ( 'NONE', #3886, #131, #1963 ) ;
#603 = SURFACE_SIDE_STYLE ('',( #4764 ) ) ;
#604 = LINE ( 'NONE', #3218, #2247 ) ;
#605 = ADVANCED_FACE ( 'NONE', ( #1113 ), #1061, .F. ) ;
#606 = CIRCLE ( 'NONE', #3130, 48.65685424949236904 ) ;
#607 = EDGE_LOOP ( 'NONE', ( #4260, #3445, #420, #2332 ) ) ;
#608 = VERTEX_POINT ( 'NONE', #4051 ) ;
#609 = SURFACE_STYLE_FILL_AREA ( #958 ) ;
#610 = CARTESIAN_POINT ( 'NONE',  ( 8.619254731744819154, -3.350287950190303453E-15, -52.65685424949266036 ) ) ;
#611 =( NAMED_UNIT ( * ) SI_UNIT ( $, .STERADIAN. ) SOLID_ANGLE_UNIT ( ) );
#612 = SURFACE_SIDE_STYLE ('',( #1751 ) ) ;
#613 = ORIENTED_EDGE ( 'NONE', *, *, #398, .T. ) ;
#614 = CARTESIAN_POINT ( 'NONE',  ( 2.583720825812073407, -3.350287950190303847E-15, 37.99999999999971578 ) ) ;
#615 =( NAMED_UNIT ( * ) SI_UNIT ( $, .STERADIAN. ) SOLID_ANGLE_UNIT ( ) );
#616 = CARTESIAN_POINT ( 'NONE',  ( -0.8807452682551838441, 21.03444185374861419, -16.88241655960463206 ) ) ;
#617 = CARTESIAN_POINT ( 'NONE',  ( -14.29495883062828021, -3.350287950190303847E-15, -2.983724378680108202E-13 ) ) ;
#618 = CARTESIAN_POINT ( 'NONE',  ( 0.1192547317448161698, -8.034441853748399254, 24.72746942367377443 ) ) ;
#619 = CARTESIAN_POINT ( 'NONE',  ( 2.240575075304460650, 68.00000000000005684, 33.99999999999973710 ) ) ;
#620 = SURFACE_STYLE_USAGE ( .BOTH. , #331 ) ;
#621 = CARTESIAN_POINT ( 'NONE',  ( 0.1192547317448161698, -21.03444185374872433, -15.28241655960448142 ) ) ;
#622 = CARTESIAN_POINT ( 'NONE',  ( -15.34521136232246796, 84.00000000000004263, -42.00000000000031974 ) ) ;
#623 = AXIS2_PLACEMENT_3D ( 'NONE', #3893, #246, #4343 ) ;
#624 = EDGE_CURVE ( 'NONE', #2089, #293, #721, .T. ) ;
#625 = CARTESIAN_POINT ( 'NONE',  ( -12.88074526825518618, -90.14213562373090838, 45.07106781186516997 ) ) ;
#626 = CARTESIAN_POINT ( 'NONE',  ( 2.240575075304460650, -68.00000000000005684, -34.00000000000032685 ) ) ;
#627 = SURFACE_SIDE_STYLE ('',( #4111 ) ) ;
#628 = AXIS2_PLACEMENT_3D ( 'NONE', #3983, #4338, #1287 ) ;
#629 = CARTESIAN_POINT ( 'NONE',  ( 0.6547886376775576833, 76.00000000000002842, -38.00000000000031974 ) ) ;
#630 = CARTESIAN_POINT ( 'NONE',  ( 2.583720825812073407, -1.023459031810331891E-15, -2.983724378680108202E-13 ) ) ;
#631 = AXIS2_PLACEMENT_3D ( 'NONE', #2796, #3113, #4324 ) ;
#632 = CONICAL_SURFACE ( 'NONE', #3385, 41.00000000000002842, 1.107148717794091741 ) ;
#633 = EDGE_CURVE ( 'NONE', #3860, #1311, #3722, .T. ) ;
#634 = ORIENTED_EDGE ( 'NONE', *, *, #4775, .T. ) ;
#635 = ORIENTED_EDGE ( 'NONE', *, *, #3079, .T. ) ;
#636 = PRESENTATION_LAYER_ASSIGNMENT (  '', '', ( #1345 ) ) ;
#637 = CARTESIAN_POINT ( 'NONE',  ( -7.345211362322443094, -92.00000000000005684, -46.00000000000030553 ) ) ;
#638 = CIRCLE ( 'NONE', #2527, 33.00000000000001421 ) ;
#639 = FILL_AREA_STYLE ('',( #1315 ) ) ;
#640 = CARTESIAN_POINT ( 'NONE',  ( 2.790827606998623978, -3.350287950190303847E-15, -37.00000000000031264 ) ) ;
#641 = EDGE_LOOP ( 'NONE', ( #4456, #3468, #87, #2425, #3480 ) ) ;
#642 =( GEOMETRIC_REPRESENTATION_CONTEXT ( 3 ) GLOBAL_UNCERTAINTY_ASSIGNED_CONTEXT ( ( #786 ) ) GLOBAL_UNIT_ASSIGNED_CONTEXT ( ( #4326, #1658, #2822 ) ) REPRESENTATION_CONTEXT ( 'NONE', 'WORKASPACE' ) );
#643 = CARTESIAN_POINT ( 'NONE',  ( -0.8807452682551838441, 8.034441853748909068, 24.72746942367361100 ) ) ;
#644 = DIRECTION ( 'NONE',  ( 1.000000000000000000, -1.875675188744150862E-17, -5.629051861872647572E-33 ) ) ;
#645 = PRESENTATION_STYLE_ASSIGNMENT (( #620 ) ) ;
#646 = CARTESIAN_POINT ( 'NONE',  ( -11.34521136232246441, 100.0000000000000284, 49.99999999999971578 ) ) ;
#647 =( LENGTH_UNIT ( ) NAMED_UNIT ( * ) SI_UNIT ( .MILLI., .METRE. ) );
#648 = CARTESIAN_POINT ( 'NONE',  ( 14.61925473174481915, -3.350287950190304242E-15, -48.65685424949266746 ) ) ;
#649 = CARTESIAN_POINT ( 'NONE',  ( 2.240575075304460206, -3.350287950190303453E-15, -42.00000000000032685 ) ) ;
#650 = CARTESIAN_POINT ( 'NONE',  ( -0.3807452682551843992, -2.886709523219207062E-16, -2.983724378680108202E-13 ) ) ;
#651 =( NAMED_UNIT ( * ) SI_UNIT ( $, .STERADIAN. ) SOLID_ANGLE_UNIT ( ) );
#652 = CARTESIAN_POINT ( 'NONE',  ( 2.790827606998623978, 3.446501785077507919E-15, -37.00000000000031264 ) ) ;
#653 = CARTESIAN_POINT ( 'NONE',  ( -0.8807452682551838441, 26.00000000000000000, -2.953366717850514078E-13 ) ) ;
#654 = EDGE_CURVE ( 'NONE', #1941, #2291, #374, .T. ) ;
#655 = VERTEX_POINT ( 'NONE', #2226 ) ;
#656 =( NAMED_UNIT ( * ) PLANE_ANGLE_UNIT ( ) SI_UNIT ( $, .RADIAN. ) );
#657 = ORIENTED_EDGE ( 'NONE', *, *, #1209, .T. ) ;
#658 = CARTESIAN_POINT ( 'NONE',  ( -3.002065611814829893, -84.00000000000004263, 41.99999999999973710 ) ) ;
#659 = CARTESIAN_POINT ( 'NONE',  ( -7.345211362322440429, -3.350287950190303453E-15, -46.00000000000030553 ) ) ;
#660 = CARTESIAN_POINT ( 'NONE',  ( -15.38074526825518618, -2.886709523219207062E-16, -2.983724378680108202E-13 ) ) ;
#661 =( GEOMETRIC_REPRESENTATION_CONTEXT ( 3 ) GLOBAL_UNCERTAINTY_ASSIGNED_CONTEXT ( ( #160 ) ) GLOBAL_UNIT_ASSIGNED_CONTEXT ( ( #3067, #431, #46 ) ) REPRESENTATION_CONTEXT ( 'NONE', 'WORKASPACE' ) );
#662 = ORIENTED_EDGE ( 'NONE', *, *, #540, .T. ) ;
#663 = CARTESIAN_POINT ( 'NONE',  ( -12.75942492469556200, -7.067915233984887229E-16, -2.983724378680108202E-13 ) ) ;
#664 = DIRECTION ( 'NONE',  ( 3.469446951953614189E-17, -1.000000000000000000, 0.000000000000000000 ) ) ;
#665 = FACE_OUTER_BOUND ( 'NONE', #4791, .T. ) ;
#666 = STYLED_ITEM ( 'NONE', ( #4576 ), #2809 ) ;
#667 = FACE_BOUND ( 'NONE', #761, .T. ) ;
#668 = DIRECTION ( 'NONE',  ( -1.000000000000000000, 0.000000000000000000, 0.000000000000000000 ) ) ;
#669 = AXIS2_PLACEMENT_3D ( 'NONE', #3007, #2379, #1994 ) ;
#670 = DIRECTION ( 'NONE',  ( -0.4472135954999566509, 0.8944271909999165215, 1.095357396528406112E-16 ) ) ;
#671 = CARTESIAN_POINT ( 'NONE',  ( 14.58372082581209916, -3.350287950190303453E-15, -50.00000000000031974 ) ) ;
#672 = SURFACE_STYLE_FILL_AREA ( #578 ) ;
#673 = CARTESIAN_POINT ( 'NONE',  ( -7.345211362322466186, -84.00000000000004263, -42.00000000000031974 ) ) ;
#674 = VECTOR ( 'NONE', #2801, 1000.000000000000000 ) ;
#675 =( GEOMETRIC_REPRESENTATION_CONTEXT ( 3 ) GLOBAL_UNCERTAINTY_ASSIGNED_CONTEXT ( ( #3836 ) ) GLOBAL_UNIT_ASSIGNED_CONTEXT ( ( #781, #49, #2238 ) ) REPRESENTATION_CONTEXT ( 'NONE', 'WORKASPACE' ) );
#676 = DIRECTION ( 'NONE',  ( 3.751350377488300492E-17, 1.000000000000000000, 0.000000000000000000 ) ) ;
#677 = CARTESIAN_POINT ( 'NONE',  ( -8.880745268255186176, 106.1421356237309652, -53.07106781186576683 ) ) ;
#678 = FACE_OUTER_BOUND ( 'NONE', #1516, .T. ) ;
#679 = CARTESIAN_POINT ( 'NONE',  ( -4.380745268255186176, -1.084691371767699662E-15, -2.983724378680108202E-13 ) ) ;
#680 = CARTESIAN_POINT ( 'NONE',  ( -7.345211362322443094, -92.00000000000005684, -46.00000000000030553 ) ) ;
#681 = AXIS2_PLACEMENT_3D ( 'NONE', #1731, #3615, #3594 ) ;
#682 = ORIENTED_EDGE ( 'NONE', *, *, #3181, .T. ) ;
#683 = CARTESIAN_POINT ( 'NONE',  ( -1.209172393001374690, -3.350287950190303453E-15, -37.00000000000029843 ) ) ;
#684 = VERTEX_POINT ( 'NONE', #3744 ) ;
#685 = CARTESIAN_POINT ( 'NONE',  ( -15.38074526825518618, -2.886709523219207062E-16, -2.983724378680108202E-13 ) ) ;
#686 = VECTOR ( 'NONE', #552, 1000.000000000000000 ) ;
#687 = CARTESIAN_POINT ( 'NONE',  ( -8.880745268255189728, -3.350287950190303453E-15, 53.07106781186517708 ) ) ;
#688 = CARTESIAN_POINT ( 'NONE',  ( -3.002065611814829893, -3.350287950190303453E-15, -42.00000000000032685 ) ) ;
#689 = ADVANCED_FACE ( 'NONE', ( #667, #2154 ), #2614, .F. ) ;
#690 =( NAMED_UNIT ( * ) SI_UNIT ( $, .STERADIAN. ) SOLID_ANGLE_UNIT ( ) );
#691 = STYLED_ITEM ( 'NONE', ( #4659 ), #1298 ) ;
#692 = AXIS2_PLACEMENT_3D ( 'NONE', #1895, #818, #396 ) ;
#693 = LINE ( 'NONE', #1054, #3868 ) ;
#694 = VERTEX_POINT ( 'NONE', #1163 ) ;
#695 = SURFACE_STYLE_USAGE ( .BOTH. , #2330 ) ;
#696 = ADVANCED_FACE ( 'NONE', ( #3768 ), #2250, .F. ) ;
#697 = CARTESIAN_POINT ( 'NONE',  ( 6.583720825812076960, 76.00000000000002842, 37.99999999999971578 ) ) ;
#698 = CARTESIAN_POINT ( 'NONE',  ( -3.345211362322442650, -1.023459031810331891E-15, -2.983724378680108202E-13 ) ) ;
#699 = CARTESIAN_POINT ( 'NONE',  ( -1.209172393001374690, -3.350287950190303453E-15, -45.00000000000031264 ) ) ;
#700 = CARTESIAN_POINT ( 'NONE',  ( -14.29495883062828909, -3.350287950190303058E-15, 46.24264068711897124 ) ) ;
#701 = DIRECTION ( 'NONE',  ( 0.000000000000000000, 0.000000000000000000, 1.000000000000000000 ) ) ;
#702 = EDGE_CURVE ( 'NONE', #2009, #4183, #3424, .T. ) ;
#703 = AXIS2_PLACEMENT_3D ( 'NONE', #535, #205, #4435 ) ;
#704 = CARTESIAN_POINT ( 'NONE',  ( 14.58372082581209916, -3.350287950190303453E-15, 41.99999999999972999 ) ) ;
#705 = SURFACE_STYLE_USAGE ( .BOTH. , #3675 ) ;
#706 = CARTESIAN_POINT ( 'NONE',  ( -12.88074526825518795, -3.350287950190303847E-15, 45.07106781186516997 ) ) ;
#707 = DIRECTION ( 'NONE',  ( -1.000000000000000000, 5.860552283705429602E-18, 0.000000000000000000 ) ) ;
#708 = CARTESIAN_POINT ( 'NONE',  ( -3.345211362322442650, -3.350287950190303847E-15, 37.99999999999971578 ) ) ;
#709 = AXIS2_PLACEMENT_3D ( 'NONE', #2777, #1997, #3876 ) ;
#710 = ORIENTED_EDGE ( 'NONE', *, *, #897, .T. ) ;
#711 = CARTESIAN_POINT ( 'NONE',  ( 2.790827606998623978, -3.350287950190303847E-15, -37.00000000000031264 ) ) ;
#712 = VERTEX_POINT ( 'NONE', #2715 ) ;
#713 = AXIS2_PLACEMENT_3D ( 'NONE', #858, #3794, #2349 ) ;
#714 = CARTESIAN_POINT ( 'NONE',  ( -16.88074526825518618, -3.350287950190303453E-15, 53.07106781186517708 ) ) ;
#715 = CARTESIAN_POINT ( 'NONE',  ( -3.345211362322441762, -3.350287950190303847E-15, 45.99999999999971578 ) ) ;
#716 = EDGE_LOOP ( 'NONE', ( #22, #3265 ) ) ;
#717 = CIRCLE ( 'NONE', #2843, 1.600000000000000755 ) ;
#718 = CARTESIAN_POINT ( 'NONE',  ( 4.205041169371719789, 1.497572715066747987E-15, 38.17157287525352416 ) ) ;
#719 = DIRECTION ( 'NONE',  ( 0.000000000000000000, 1.000000000000000000, 0.000000000000000000 ) ) ;
#720 = EDGE_CURVE ( 'NONE', #1993, #1619, #3838, .T. ) ;
#721 = LINE ( 'NONE', #351, #1205 ) ;
#722 = VECTOR ( 'NONE', #2464, 1000.000000000000000 ) ;
#723 = DIRECTION ( 'NONE',  ( 1.000000000000000000, -3.426320245621153056E-18, -2.489367373009506297E-18 ) ) ;
#724 =( BOUNDED_SURFACE ( )  B_SPLINE_SURFACE ( 3, 3, ( 
 ( #1792, #4529, #4039, #2550, #4057, #288, #2135 ),
 ( #358, #2919, #4452, #3711, #339, #3331, #2113 ),
 ( #1433, #2168, #1098, #2576, #680, #2896, #1045 ),
 ( #1834, #2600, #4832, #4085, #4428, #1814, #2499 ),
 ( #4114, #4856, #1073, #1771, #1410, #4009, #263 ),
 ( #2938, #2213, #629, #1460, #3629, #1742, #734 ),
 ( #708, #3283, #3679, #3261, #4788, #2193, #4472 ) ),
 .UNSPECIFIED., .T., .T., .F. ) 
 B_SPLINE_SURFACE_WITH_KNOTS ( ( 4, 3, 4 ),
 ( 4, 3, 4 ),
 ( 0.000000000000000000, 0.5000000000000000000, 1.000000000000000000 ),
 ( 0.000000000000000000, 0.5000000000000000000, 1.000000000000000000 ),
 .UNSPECIFIED. ) 
 GEOMETRIC_REPRESENTATION_ITEM ( )  RATIONAL_B_SPLINE_SURFACE ( (
 ( 1.000000000000000000, 0.3333333333333333148, 0.3333333333333333148, 1.000000000000000000, 0.3333333333333333148, 0.3333333333333333148, 1.000000000000000000),
 ( 0.3333333333333333703, 0.1111111111111111188, 0.1111111111111111188, 0.3333333333333333703, 0.1111111111111111188, 0.1111111111111111188, 0.3333333333333333703),
 ( 0.3333333333333333703, 0.1111111111111111188, 0.1111111111111111188, 0.3333333333333333703, 0.1111111111111111188, 0.1111111111111111188, 0.3333333333333333703),
 ( 1.000000000000000000, 0.3333333333333333148, 0.3333333333333333148, 1.000000000000000000, 0.3333333333333333148, 0.3333333333333333148, 1.000000000000000000),
 ( 0.3333333333333333703, 0.1111111111111111188, 0.1111111111111111188, 0.3333333333333333703, 0.1111111111111111188, 0.1111111111111111188, 0.3333333333333333703),
 ( 0.3333333333333333703, 0.1111111111111111188, 0.1111111111111111188, 0.3333333333333333703, 0.1111111111111111188, 0.1111111111111111188, 0.3333333333333333703),
 ( 1.000000000000000000, 0.3333333333333333148, 0.3333333333333333148, 1.000000000000000000, 0.3333333333333333148, 0.3333333333333333148, 1.000000000000000000) ) ) 
 REPRESENTATION_ITEM ( '' )  SURFACE ( )  );
#725 = FILL_AREA_STYLE ('',( #4494 ) ) ;
#726 = CARTESIAN_POINT ( 'NONE',  ( -11.34521136232246441, -3.350287950190303847E-15, 41.99999999999972289 ) ) ;
#727 = UNCERTAINTY_MEASURE_WITH_UNIT (LENGTH_MEASURE( 1.000000000000000082E-05 ), #4157, 'distance_accuracy_value', 'NONE');
#728 = DIRECTION ( 'NONE',  ( 0.000000000000000000, 0.000000000000000000, 1.000000000000000000 ) ) ;
#729 = CARTESIAN_POINT ( 'NONE',  ( -8.880745268255189728, -3.350287950190303453E-15, 45.07106781186516287 ) ) ;
#730 =( NAMED_UNIT ( * ) PLANE_ANGLE_UNIT ( ) SI_UNIT ( $, .RADIAN. ) );
#731 = FILL_AREA_STYLE ('',( #4544 ) ) ;
#732 = DIRECTION ( 'NONE',  ( 1.000000000000000000, 2.009103862151800363E-17, -0.000000000000000000 ) ) ;
#733 = CARTESIAN_POINT ( 'NONE',  ( 2.790827606998624866, 90.00000000000002842, 44.99999999999971578 ) ) ;
#734 = CARTESIAN_POINT ( 'NONE',  ( 0.6547886376775575723, -3.350287950190303453E-15, 37.99999999999970868 ) ) ;
#735 = SURFACE_STYLE_USAGE ( .BOTH. , #1532 ) ;
#736 = ORIENTED_EDGE ( 'NONE', *, *, #36, .T. ) ;
#737 =( NAMED_UNIT ( * ) SI_UNIT ( $, .STERADIAN. ) SOLID_ANGLE_UNIT ( ) );
#738 = ORIENTED_EDGE ( 'NONE', *, *, #2048, .T. ) ;
#739 = DIRECTION ( 'NONE',  ( 1.000000000000000000, 0.000000000000000000, 0.000000000000000000 ) ) ;
#740 = DIRECTION ( 'NONE',  ( 0.000000000000000000, 0.000000000000000000, 1.000000000000000000 ) ) ;
#741 = EDGE_LOOP ( 'NONE', ( #1746, #1007, #4814, #1510 ) ) ;
#742 = ORIENTED_EDGE ( 'NONE', *, *, #702, .T. ) ;
#743 = FILL_AREA_STYLE_COLOUR ( '', #3988 ) ;
#744 = PLANE ( 'NONE',  #4243 ) ;
#745 = COLOUR_RGB ( '',0.7529411764705882248, 0.7529411764705882248, 0.7529411764705882248 ) ;
#746 = CARTESIAN_POINT ( 'NONE',  ( -0.3807452682551843992, 3.236524472517556756E-16, -20.00000000000029843 ) ) ;
#747 = CARTESIAN_POINT ( 'NONE',  ( -15.34521136232246441, -3.350287950190303453E-15, 49.99999999999972999 ) ) ;
#748 = PRESENTATION_STYLE_ASSIGNMENT (( #1116 ) ) ;
#749 = EDGE_CURVE ( 'NONE', #64, #712, #3351, .T. ) ;
#750 = COLOUR_RGB ( '',0.7529411764705882248, 0.7529411764705882248, 0.7529411764705882248 ) ;
#751 =( NAMED_UNIT ( * ) PLANE_ANGLE_UNIT ( ) SI_UNIT ( $, .RADIAN. ) );
#752 = CARTESIAN_POINT ( 'NONE',  ( 14.61925473174481915, 50.00000000000000000, -2.953596810412877845E-13 ) ) ;
#753 = STYLED_ITEM ( 'NONE', ( #3498 ), #3103 ) ;
#754 =( GEOMETRIC_REPRESENTATION_CONTEXT ( 3 ) GLOBAL_UNCERTAINTY_ASSIGNED_CONTEXT ( ( #2760 ) ) GLOBAL_UNIT_ASSIGNED_CONTEXT ( ( #230, #941, #515 ) ) REPRESENTATION_CONTEXT ( 'NONE', 'WORKASPACE' ) );
#755 = SURFACE_SIDE_STYLE ('',( #1455 ) ) ;
#756 = EDGE_CURVE ( 'NONE', #684, #3538, #1846, .T. ) ;
#757 = CARTESIAN_POINT ( 'NONE',  ( 12.11925473174482093, -3.350287950190303847E-15, -53.07106781186574551 ) ) ;
#758 = CARTESIAN_POINT ( 'NONE',  ( 6.790827606998623978, 90.00000000000005684, 44.99999999999972289 ) ) ;
#759 =( NAMED_UNIT ( * ) SI_UNIT ( $, .STERADIAN. ) SOLID_ANGLE_UNIT ( ) );
#760 = DIRECTION ( 'NONE',  ( -3.751350377488300492E-17, -1.000000000000000000, 0.000000000000000000 ) ) ;
#761 = EDGE_LOOP ( 'NONE', ( #1886, #1436 ) ) ;
#762 = CARTESIAN_POINT ( 'NONE',  ( 2.790827606998624866, 90.00000000000002842, -45.00000000000029843 ) ) ;
#763 = ORIENTED_EDGE ( 'NONE', *, *, #2361, .F. ) ;
#764 = CARTESIAN_POINT ( 'NONE',  ( -6.380745268255187064, -8.397620119382280840E-16, -2.983724378680108202E-13 ) ) ;
#765 = CARTESIAN_POINT ( 'NONE',  ( -8.880745268255186176, -90.14213562373097943, 45.07106781186517708 ) ) ;
#766 = EDGE_CURVE ( 'NONE', #4341, #4632, #2424, .T. ) ;
#767 = STYLED_ITEM ( 'NONE', ( #324 ), #1865 ) ;
#768 = ORIENTED_EDGE ( 'NONE', *, *, #4861, .T. ) ;
#769 = CARTESIAN_POINT ( 'NONE',  ( 2.119254731744816933, -3.350287950190303847E-15, -37.00000000000031264 ) ) ;
#770 = PRESENTATION_LAYER_ASSIGNMENT (  '', '', ( #19 ) ) ;
#771 = SURFACE_STYLE_FILL_AREA ( #4158 ) ;
#772 = CARTESIAN_POINT ( 'NONE',  ( 16.61925473174482093, 105.3137084989847381, -52.65685424949268167 ) ) ;
#773 = ORIENTED_EDGE ( 'NONE', *, *, #702, .F. ) ;
#774 = CARTESIAN_POINT ( 'NONE',  ( -7.345211362322466186, 100.0000000000000568, -50.00000000000031974 ) ) ;
#775 = CARTESIAN_POINT ( 'NONE',  ( 2.583720825812073407, 76.00000000000001421, 37.99999999999971578 ) ) ;
#776 = DIRECTION ( 'NONE',  ( 0.000000000000000000, 0.000000000000000000, -1.000000000000000000 ) ) ;
#777 = CARTESIAN_POINT ( 'NONE',  ( -0.8807452682551838441, 21.03444185374861419, -15.28241655960463063 ) ) ;
#778 = DIRECTION ( 'NONE',  ( -1.172110456741085458E-17, -1.000000000000000000, 0.000000000000000000 ) ) ;
#779 = FACE_BOUND ( 'NONE', #4391, .T. ) ;
#780 =( NAMED_UNIT ( * ) SI_UNIT ( $, .STERADIAN. ) SOLID_ANGLE_UNIT ( ) );
#781 =( LENGTH_UNIT ( ) NAMED_UNIT ( * ) SI_UNIT ( .MILLI., .METRE. ) );
#782 = FILL_AREA_STYLE ('',( #2167 ) ) ;
#783 = CARTESIAN_POINT ( 'NONE',  ( -11.00206561181482989, -68.00000000000005684, 33.99999999999973710 ) ) ;
#784 =( LENGTH_UNIT ( ) NAMED_UNIT ( * ) SI_UNIT ( .MILLI., .METRE. ) );
#785 = ORIENTED_EDGE ( 'NONE', *, *, #184, .T. ) ;
#786 = UNCERTAINTY_MEASURE_WITH_UNIT (LENGTH_MEASURE( 1.000000000000000082E-05 ), #4326, 'distance_accuracy_value', 'NONE');
#787 = EDGE_CURVE ( 'NONE', #1674, #2859, #1543, .T. ) ;
#788 = ORIENTED_EDGE ( 'NONE', *, *, #3813, .T. ) ;
#789 = CARTESIAN_POINT ( 'NONE',  ( 2.790827606998623978, -3.350287950190303847E-15, -37.00000000000031264 ) ) ;
#790 = DIRECTION ( 'NONE',  ( 2.115516434118055922E-17, -1.000000000000000000, 0.000000000000000000 ) ) ;
#791 = CARTESIAN_POINT ( 'NONE',  ( -12.88074526825518795, -3.350287950190303847E-15, 53.07106781186516997 ) ) ;
#792 = AXIS2_PLACEMENT_3D ( 'NONE', #3457, #100, #776 ) ;
#793 = EDGE_LOOP ( 'NONE', ( #785, #244 ) ) ;
#794 = ORIENTED_EDGE ( 'NONE', *, *, #4838, .F. ) ;
#795 = CARTESIAN_POINT ( 'NONE',  ( -1.880745268255183289, 58.00000000000003553, -29.00000000000032330 ) ) ;
#796 =( LENGTH_UNIT ( ) NAMED_UNIT ( * ) SI_UNIT ( .MILLI., .METRE. ) );
#797 =( LENGTH_UNIT ( ) NAMED_UNIT ( * ) SI_UNIT ( .MILLI., .METRE. ) );
#798 = CIRCLE ( 'NONE', #4674, 50.00000000000000000 ) ;
#799 = CIRCLE ( 'NONE', #3540, 1.600000000000000755 ) ;
#800 = CARTESIAN_POINT ( 'NONE',  ( 10.58372082581209384, -84.00000000000004263, -42.00000000000031974 ) ) ;
#801 = CARTESIAN_POINT ( 'NONE',  ( 2.583720825812073407, -3.350287950190303847E-15, 45.99999999999971578 ) ) ;
#802 =( NAMED_UNIT ( * ) SI_UNIT ( $, .STERADIAN. ) SOLID_ANGLE_UNIT ( ) );
#803 = SURFACE_SIDE_STYLE ('',( #2403 ) ) ;
#804 = MECHANICAL_DESIGN_GEOMETRIC_PRESENTATION_REPRESENTATION (  '', ( #2918 ), #1199 ) ;
#805 = CARTESIAN_POINT ( 'NONE',  ( -0.8807452682551834000, -2.125641151042950788E-15, -2.949029909160572061E-13 ) ) ;
#806 = CARTESIAN_POINT ( 'NONE',  ( 12.11925473174481915, 106.1421356237308800, -53.07106781186573841 ) ) ;
#807 = CARTESIAN_POINT ( 'NONE',  ( 14.11925473174481915, -3.455516438631173922E-16, -2.983724378680108202E-13 ) ) ;
#808 = CARTESIAN_POINT ( 'NONE',  ( 2.790827606998624866, 74.00000000000002842, -37.00000000000030553 ) ) ;
#809 = EDGE_LOOP ( 'NONE', ( #4155, #4406 ) ) ;
#810 = VERTEX_POINT ( 'NONE', #3057 ) ;
#811 = DIRECTION ( 'NONE',  ( -0.4472135954999579832, -0.8944271909999157444, 0.000000000000000000 ) ) ;
#812 = VERTEX_POINT ( 'NONE', #932 ) ;
#813 = FILL_AREA_STYLE_COLOUR ( '', #1859 ) ;
#814 = ADVANCED_FACE ( 'NONE', ( #3371 ), #2885, .F. ) ;
#815 = ORIENTED_EDGE ( 'NONE', *, *, #3308, .T. ) ;
#816 = CARTESIAN_POINT ( 'NONE',  ( -1.880745268255183289, -74.00000000000004263, -37.00000000000032685 ) ) ;
#817 = SURFACE_SIDE_STYLE ('',( #3056 ) ) ;
#818 = DIRECTION ( 'NONE',  ( 1.000000000000000000, 0.000000000000000000, 0.000000000000000000 ) ) ;
#819 = CARTESIAN_POINT ( 'NONE',  ( 16.61925473174482093, -3.350287950190303453E-15, 44.65685424949207771 ) ) ;
#820 = CARTESIAN_POINT ( 'NONE',  ( -7.345211362322466186, -84.00000000000004263, 41.99999999999973710 ) ) ;
#821 = CARTESIAN_POINT ( 'NONE',  ( 6.583720825812098276, 84.00000000000004263, -42.00000000000031974 ) ) ;
#822 = CARTESIAN_POINT ( 'NONE',  ( 2.583720825812073407, -3.350287950190303847E-15, 37.99999999999971578 ) ) ;
#823 = EDGE_CURVE ( 'NONE', #2223, #2682, #150, .T. ) ;
#824 = SHAPE_DEFINITION_REPRESENTATION ( #905, #1515 ) ;
#825 = CIRCLE ( 'NONE', #575, 42.00000000000002132 ) ;
#826 = ORIENTED_EDGE ( 'NONE', *, *, #4685, .T. ) ;
#827 = PRESENTATION_STYLE_ASSIGNMENT (( #1877 ) ) ;
#828 = AXIS2_PLACEMENT_3D ( 'NONE', #3345, #2568, #3643 ) ;
#829 = CARTESIAN_POINT ( 'NONE',  ( 6.119254731744816489, 74.00000000000004263, 36.99999999999972289 ) ) ;
#830 = DIRECTION ( 'NONE',  ( -1.000000000000000000, 0.000000000000000000, 0.000000000000000000 ) ) ;
#831 = CARTESIAN_POINT ( 'NONE',  ( 8.119254731744817377, -106.1421356237308942, 53.07106781186514866 ) ) ;
#832 = CARTESIAN_POINT ( 'NONE',  ( -7.002065611814828117, 68.00000000000005684, -34.00000000000032685 ) ) ;
#833 = COLOUR_RGB ( '',0.7529411764705882248, 0.7529411764705882248, 0.7529411764705882248 ) ;
#834 = VERTEX_POINT ( 'NONE', #1772 ) ;
#835 = UNCERTAINTY_MEASURE_WITH_UNIT (LENGTH_MEASURE( 1.000000000000000082E-05 ), #1070, 'distance_accuracy_value', 'NONE');
#836 = ORIENTED_EDGE ( 'NONE', *, *, #1688, .T. ) ;
#837 = DIRECTION ( 'NONE',  ( 1.000000000000000000, -2.053413205464970140E-19, -0.000000000000000000 ) ) ;
#838 = ORIENTED_EDGE ( 'NONE', *, *, #3917, .T. ) ;
#839 = VECTOR ( 'NONE', #866, 1000.000000000000000 ) ;
#840 = AXIS2_PLACEMENT_3D ( 'NONE', #4687, #521, #4329 ) ;
#841 = ADVANCED_FACE ( 'NONE', ( #1021 ), #4765, .F. ) ;
#842 =( NAMED_UNIT ( * ) PLANE_ANGLE_UNIT ( ) SI_UNIT ( $, .RADIAN. ) );
#843 = CIRCLE ( 'NONE', #1456, 37.00000000000001421 ) ;
#844 = STYLED_ITEM ( 'NONE', ( #120 ), #1958 ) ;
#845 = EDGE_CURVE ( 'NONE', #2118, #3923, #2496, .T. ) ;
#846 = CARTESIAN_POINT ( 'NONE',  ( -14.88074526825518618, -2.886709523219207555E-16, 49.99999999999970157 ) ) ;
#847 = CARTESIAN_POINT ( 'NONE',  ( 6.583720825812098276, -100.0000000000000568, 49.99999999999974420 ) ) ;
#848 = PRESENTATION_STYLE_ASSIGNMENT (( #3086 ) ) ;
#849 = AXIS2_PLACEMENT_3D ( 'NONE', #3100, #4261, #2134 ) ;
#850 = CARTESIAN_POINT ( 'NONE',  ( 2.583720825812074295, -92.00000000000000000, -46.00000000000030553 ) ) ;
#851 = FILL_AREA_STYLE_COLOUR ( '', #2357 ) ;
#852 = PRESENTATION_LAYER_ASSIGNMENT (  '', '', ( #2494 ) ) ;
#853 = FACE_BOUND ( 'NONE', #3691, .T. ) ;
#854 = CARTESIAN_POINT ( 'NONE',  ( 12.11925473174482093, -3.350287950190303847E-15, 45.07106781186515576 ) ) ;
#855 = CARTESIAN_POINT ( 'NONE',  ( -11.00206561181482989, 68.00000000000005684, -34.00000000000032685 ) ) ;
#856 = ORIENTED_EDGE ( 'NONE', *, *, #2048, .F. ) ;
#857 = FILL_AREA_STYLE ('',( #1601 ) ) ;
#858 = CARTESIAN_POINT ( 'NONE',  ( 4.826361512931363507, -3.350287950190303847E-15, -2.983724378680108202E-13 ) ) ;
#859 = PRESENTATION_LAYER_ASSIGNMENT (  '', '', ( #1931 ) ) ;
#860 = CARTESIAN_POINT ( 'NONE',  ( 16.11925473174482093, -3.350287950190303453E-15, -45.07106781186574551 ) ) ;
#861 = PRESENTATION_LAYER_ASSIGNMENT (  '', '', ( #4811 ) ) ;
#862 = CARTESIAN_POINT ( 'NONE',  ( 0.1192547317448161698, 21.03444185374861419, -15.28241655960463063 ) ) ;
#863 = CIRCLE ( 'NONE', #1407, 43.17157287525382969 ) ;
#864 = CARTESIAN_POINT ( 'NONE',  ( 8.619254731744820930, -105.3137084989847381, 52.65685424949207061 ) ) ;
#865 = EDGE_LOOP ( 'NONE', ( #2170, #4292, #3738, #682, #3108 ) ) ;
#866 = DIRECTION ( 'NONE',  ( -1.000000000000000000, 0.000000000000000000, 0.000000000000000000 ) ) ;
#867 = CARTESIAN_POINT ( 'NONE',  ( 10.58372082581209384, 100.0000000000000284, 49.99999999999971578 ) ) ;
#868 =( NAMED_UNIT ( * ) PLANE_ANGLE_UNIT ( ) SI_UNIT ( $, .RADIAN. ) );
#869 = SURFACE_SIDE_STYLE ('',( #4272 ) ) ;
#870 = EDGE_CURVE ( 'NONE', #502, #2502, #604, .T. ) ;
#871 = STYLED_ITEM ( 'NONE', ( #4711 ), #4032 ) ;
#872 =( NAMED_UNIT ( * ) SI_UNIT ( $, .STERADIAN. ) SOLID_ANGLE_UNIT ( ) );
#873 = AXIS2_PLACEMENT_3D ( 'NONE', #2053, #2800, #947 ) ;
#874 = FILL_AREA_STYLE ('',( #1663 ) ) ;
#875 = VECTOR ( 'NONE', #1079, 1000.000000000000000 ) ;
#876 = AXIS2_PLACEMENT_3D ( 'NONE', #653, #145, #1615 ) ;
#877 = UNCERTAINTY_MEASURE_WITH_UNIT (LENGTH_MEASURE( 1.000000000000000082E-05 ), #3672, 'distance_accuracy_value', 'NONE');
#878 = AXIS2_PLACEMENT_3D ( 'NONE', #574, #2060, #3582 ) ;
#879 = ORIENTED_EDGE ( 'NONE', *, *, #398, .F. ) ;
#880 = FILL_AREA_STYLE ('',( #1621 ) ) ;
#881 = PRESENTATION_STYLE_ASSIGNMENT (( #2763 ) ) ;
#882 = DIRECTION ( 'NONE',  ( -3.469446951953614189E-17, -1.000000000000000000, 0.000000000000000000 ) ) ;
#883 = SURFACE_STYLE_FILL_AREA ( #1445 ) ;
#884 = PRESENTATION_LAYER_ASSIGNMENT (  '', '', ( #2447 ) ) ;
#885 = VERTEX_POINT ( 'NONE', #2137 ) ;
#886 = ORIENTED_EDGE ( 'NONE', *, *, #459, .T. ) ;
#887 = CARTESIAN_POINT ( 'NONE',  ( 2.119254731744816045, 58.00000000000002842, -29.00000000000030909 ) ) ;
#888 = CARTESIAN_POINT ( 'NONE',  ( -0.8807452682551838441, -8.034441853748745643, -24.72746942367426115 ) ) ;
#889 = UNCERTAINTY_MEASURE_WITH_UNIT (LENGTH_MEASURE( 1.000000000000000082E-05 ), #355, 'distance_accuracy_value', 'NONE');
#890 = VERTEX_POINT ( 'NONE', #2088 ) ;
#891 = CARTESIAN_POINT ( 'NONE',  ( 14.58372082581209916, -3.350287950190303453E-15, 49.99999999999972999 ) ) ;
#892 = SURFACE_SIDE_STYLE ('',( #3848 ) ) ;
#893 = DIRECTION ( 'NONE',  ( -1.000000000000000000, 0.000000000000000000, 0.000000000000000000 ) ) ;
#894 = FILL_AREA_STYLE ('',( #851 ) ) ;
#895 = DIRECTION ( 'NONE',  ( 1.000000000000000000, -0.000000000000000000, 0.000000000000000000 ) ) ;
#896 = CARTESIAN_POINT ( 'NONE',  ( -0.3807452682551843992, -1.023459031810331891E-15, 37.99999999999971578 ) ) ;
#897 = EDGE_CURVE ( 'NONE', #694, #2627, #375, .T. ) ;
#898 = DIRECTION ( 'NONE',  ( 3.535124775820240284E-17, -1.000000000000000000, 0.000000000000000000 ) ) ;
#899 = PRESENTATION_STYLE_ASSIGNMENT (( #2002 ) ) ;
#900 = FILL_AREA_STYLE ('',( #4736 ) ) ;
#901 = EDGE_LOOP ( 'NONE', ( #1270, #3714, #3018, #2690, #1310 ) ) ;
#902 = FACE_OUTER_BOUND ( 'NONE', #3884, .T. ) ;
#903 = DIRECTION ( 'NONE',  ( -0.4472135954999579832, 0.8944271909999157444, 1.095357396528405126E-16 ) ) ;
#904 =( GEOMETRIC_REPRESENTATION_CONTEXT ( 3 ) GLOBAL_UNCERTAINTY_ASSIGNED_CONTEXT ( ( #2699 ) ) GLOBAL_UNIT_ASSIGNED_CONTEXT ( ( #3903, #4327, #3877 ) ) REPRESENTATION_CONTEXT ( 'NONE', 'WORKASPACE' ) );
#905 = PRODUCT_DEFINITION_SHAPE ( 'NONE', 'NONE',  #2228 ) ;
#906 = EDGE_CURVE ( 'NONE', #1860, #179, #2412, .T. ) ;
#907 = STYLED_ITEM ( 'NONE', ( #1559 ), #3247 ) ;
#908 = ORIENTED_EDGE ( 'NONE', *, *, #4644, .F. ) ;
#909 = VERTEX_POINT ( 'NONE', #1390 ) ;
#910 = FACE_OUTER_BOUND ( 'NONE', #1513, .T. ) ;
#911 = CARTESIAN_POINT ( 'NONE',  ( 16.61925473174482093, -3.350287950190303453E-15, -52.65685424949266036 ) ) ;
#912 = COLOUR_RGB ( '',0.7529411764705882248, 0.7529411764705882248, 0.7529411764705882248 ) ;
#913 = CARTESIAN_POINT ( 'NONE',  ( -0.8807452682551838441, -21.03444185374872433, -13.68241655960448000 ) ) ;
#914 = ORIENTED_EDGE ( 'NONE', *, *, #1548, .F. ) ;
#915 = AXIS2_PLACEMENT_3D ( 'NONE', #2466, #1382, #1011 ) ;
#916 = ORIENTED_EDGE ( 'NONE', *, *, #1399, .F. ) ;
#917 = CARTESIAN_POINT ( 'NONE',  ( -0.8807452682551838441, 21.03444185374861419, -15.28241655960463063 ) ) ;
#918 =( NAMED_UNIT ( * ) SI_UNIT ( $, .STERADIAN. ) SOLID_ANGLE_UNIT ( ) );
#919 = COLOUR_RGB ( '',0.7529411764705882248, 0.7529411764705882248, 0.7529411764705882248 ) ;
#920 =( NAMED_UNIT ( * ) SI_UNIT ( $, .STERADIAN. ) SOLID_ANGLE_UNIT ( ) );
#921 = SURFACE_STYLE_FILL_AREA ( #894 ) ;
#922 = STYLED_ITEM ( 'NONE', ( #2395 ), #2012 ) ;
#923 = CARTESIAN_POINT ( 'NONE',  ( 0.1192547317448161698, 8.034441853748562679, -24.72746942367432155 ) ) ;
#924 = AXIS2_PLACEMENT_3D ( 'NONE', #2323, #2764, #1213 ) ;
#925 = DIRECTION ( 'NONE',  ( 0.000000000000000000, 0.000000000000000000, -1.000000000000000000 ) ) ;
#926 = SURFACE_STYLE_USAGE ( .BOTH. , #969 ) ;
#927 = CIRCLE ( 'NONE', #299, 1.600000000000000755 ) ;
#928 = DIRECTION ( 'NONE',  ( 1.000000000000000000, 0.000000000000000000, 0.000000000000000000 ) ) ;
#929 = DIRECTION ( 'NONE',  ( 1.000000000000000000, 0.000000000000000000, 0.000000000000000000 ) ) ;
#930 = CARTESIAN_POINT ( 'NONE',  ( -5.587852049441731417, -8.502678205632331844E-16, -2.983724378680108202E-13 ) ) ;
#931 = CARTESIAN_POINT ( 'NONE',  ( 8.119254731744820930, -3.350287950190303453E-15, -45.07106781186574551 ) ) ;
#932 = CARTESIAN_POINT ( 'NONE',  ( -0.8807452682551838441, -21.03444185374872433, -16.88241655960448284 ) ) ;
#933 = EDGE_CURVE ( 'NONE', #4060, #712, #2897, .T. ) ;
#934 = EDGE_LOOP ( 'NONE', ( #185, #3120 ) ) ;
#935 = SURFACE_SIDE_STYLE ('',( #1267 ) ) ;
#936 = CARTESIAN_POINT ( 'NONE',  ( 16.61925473174482093, 89.31370849898476649, -44.65685424949267457 ) ) ;
#937 = DIRECTION ( 'NONE',  ( -1.000000000000000000, -1.057758217059028269E-17, -0.000000000000000000 ) ) ;
#938 = UNCERTAINTY_MEASURE_WITH_UNIT (LENGTH_MEASURE( 1.000000000000000082E-05 ), #3009, 'distance_accuracy_value', 'NONE');
#939 = EDGE_LOOP ( 'NONE', ( #4257, #3332, #662, #1802 ) ) ;
#940 = CARTESIAN_POINT ( 'NONE',  ( -1.416279174187926149, -76.00000000000002842, -38.00000000000031974 ) ) ;
#941 =( NAMED_UNIT ( * ) PLANE_ANGLE_UNIT ( ) SI_UNIT ( $, .RADIAN. ) );
#942 =( GEOMETRIC_REPRESENTATION_CONTEXT ( 3 ) GLOBAL_UNCERTAINTY_ASSIGNED_CONTEXT ( ( #4541 ) ) GLOBAL_UNIT_ASSIGNED_CONTEXT ( ( #2362, #3851, #566 ) ) REPRESENTATION_CONTEXT ( 'NONE', 'WORKASPACE' ) );
#943 = CARTESIAN_POINT ( 'NONE',  ( 3.997934388185172327, -9.517208832279603011E-16, -2.983724378680108202E-13 ) ) ;
#944 = VECTOR ( 'NONE', #61, 1000.000000000000000 ) ;
#945 = CARTESIAN_POINT ( 'NONE',  ( 10.24057507530446642, -84.00000000000004263, -42.00000000000031974 ) ) ;
#946 = SURFACE_SIDE_STYLE ('',( #2758 ) ) ;
#947 = DIRECTION ( 'NONE',  ( 2.115516434118055922E-17, -1.000000000000000000, 0.000000000000000000 ) ) ;
#948 = DIRECTION ( 'NONE',  ( -1.000000000000000000, 0.000000000000000000, 0.000000000000000000 ) ) ;
#949 = STYLED_ITEM ( 'NONE', ( #1072 ), #3883 ) ;
#950 = CARTESIAN_POINT ( 'NONE',  ( -16.88074526825518618, -3.350287950190303453E-15, -53.07106781186576683 ) ) ;
#951 = CIRCLE ( 'NONE', #4439, 39.17157287525382259 ) ;
#952 = DIRECTION ( 'NONE',  ( -3.751350377488301108E-17, 1.000000000000000000, 0.000000000000000000 ) ) ;
#953 = DIRECTION ( 'NONE',  ( -1.000000000000000000, 0.000000000000000000, 0.000000000000000000 ) ) ;
#954 = CARTESIAN_POINT ( 'NONE',  ( 12.11925473174482093, -3.350287950190303847E-15, -45.07106781186575262 ) ) ;
#955 = SURFACE_STYLE_USAGE ( .BOTH. , #2871 ) ;
#956 = PRESENTATION_LAYER_ASSIGNMENT (  '', '', ( #2273 ) ) ;
#957 = ORIENTED_EDGE ( 'NONE', *, *, #2423, .F. ) ;
#958 = FILL_AREA_STYLE ('',( #1332 ) ) ;
#959 = ADVANCED_FACE ( 'NONE', ( #3653 ), #289, .F. ) ;
#960 = CARTESIAN_POINT ( 'NONE',  ( 12.61925473174482093, -3.350287950190303847E-15, 52.65685424949207771 ) ) ;
#961 = DIRECTION ( 'NONE',  ( 0.000000000000000000, 0.000000000000000000, -1.000000000000000000 ) ) ;
#962 = VERTEX_POINT ( 'NONE', #1715 ) ;
#963 = CARTESIAN_POINT ( 'NONE',  ( -1.880745268255183289, -74.00000000000004263, -37.00000000000032685 ) ) ;
#964 = CARTESIAN_POINT ( 'NONE',  ( -0.8807452682551838441, 8.034441853748909068, 26.32746942367361598 ) ) ;
#965 = CARTESIAN_POINT ( 'NONE',  ( -12.38074526825518795, -8.397620119382284784E-16, -2.983724378680108202E-13 ) ) ;
#966 = EDGE_CURVE ( 'NONE', #513, #1674, #3994, .T. ) ;
#967 = CARTESIAN_POINT ( 'NONE',  ( 6.240575075304461095, -68.00000000000005684, 33.99999999999972289 ) ) ;
#968 = CARTESIAN_POINT ( 'NONE',  ( 14.58372082581209916, 100.0000000000000568, 49.99999999999974420 ) ) ;
#969 = SURFACE_SIDE_STYLE ('',( #4331 ) ) ;
#970 = CARTESIAN_POINT ( 'NONE',  ( -0.8807452682551838441, -26.00000000000000711, 1.599999999999705214 ) ) ;
#971 = CARTESIAN_POINT ( 'NONE',  ( 6.240575075304461095, -68.00000000000005684, 33.99999999999972289 ) ) ;
#972 = SURFACE_STYLE_FILL_AREA ( #2894 ) ;
#973 = CARTESIAN_POINT ( 'NONE',  ( 0.1192547317448166000, -2.125641151042950788E-15, -2.949029909160572061E-13 ) ) ;
#974 = CARTESIAN_POINT ( 'NONE',  ( 8.119254731744817377, 90.14213562373090838, 45.07106781186517708 ) ) ;
#975 = FILL_AREA_STYLE_COLOUR ( '', #220 ) ;
#976 = MECHANICAL_DESIGN_GEOMETRIC_PRESENTATION_REPRESENTATION (  '', ( #501 ), #1368 ) ;
#977 = ORIENTED_EDGE ( 'NONE', *, *, #391, .F. ) ;
#978 = ORIENTED_EDGE ( 'NONE', *, *, #3079, .F. ) ;
#979 =( LENGTH_UNIT ( ) NAMED_UNIT ( * ) SI_UNIT ( .MILLI., .METRE. ) );
#980 = CONICAL_SURFACE ( 'NONE', #2386, 40.82842712474621294, 1.107148717794090409 ) ;
#981 =( NAMED_UNIT ( * ) SI_UNIT ( $, .STERADIAN. ) SOLID_ANGLE_UNIT ( ) );
#982 = UNCERTAINTY_MEASURE_WITH_UNIT (LENGTH_MEASURE( 1.000000000000000082E-05 ), #1156, 'distance_accuracy_value', 'NONE');
#983 = EDGE_CURVE ( 'NONE', #4183, #291, #3278, .T. ) ;
#984 = ORIENTED_EDGE ( 'NONE', *, *, #45, .T. ) ;
#985 = CYLINDRICAL_SURFACE ( 'NONE', #1990, 37.00000000000001421 ) ;
#986 = CARTESIAN_POINT ( 'NONE',  ( 12.61925473174481560, -89.31370849898475228, -44.65685424949267457 ) ) ;
#987 = CYLINDRICAL_SURFACE ( 'NONE', #3616, 41.00000000000002842 ) ;
#988 = PRESENTATION_LAYER_ASSIGNMENT (  '', '', ( #3904 ) ) ;
#989 = CARTESIAN_POINT ( 'NONE',  ( -0.8807452682551838441, -8.034441853748745643, -24.72746942367426115 ) ) ;
#990 = EDGE_CURVE ( 'NONE', #4654, #890, #2416, .T. ) ;
#991 = DIRECTION ( 'NONE',  ( 0.000000000000000000, 0.000000000000000000, -1.000000000000000000 ) ) ;
#992 = SURFACE_SIDE_STYLE ('',( #4418 ) ) ;
#993 = CARTESIAN_POINT ( 'NONE',  ( 6.240575075304461095, 84.00000000000004263, 41.99999999999972289 ) ) ;
#994 = CARTESIAN_POINT ( 'NONE',  ( 14.58372082581209916, 84.00000000000004263, 41.99999999999973710 ) ) ;
#995 = CARTESIAN_POINT ( 'NONE',  ( 6.240575075304460206, -3.350287950190303847E-15, 41.99999999999972289 ) ) ;
#996 = SURFACE_STYLE_FILL_AREA ( #1018 ) ;
#997 = FILL_AREA_STYLE ('',( #2598 ) ) ;
#998 = VECTOR ( 'NONE', #830, 1000.000000000000000 ) ;
#999 = DIRECTION ( 'NONE',  ( 1.000000000000000000, 1.308737877485429556E-18, 4.027881020014449633E-18 ) ) ;
#1000 =( NAMED_UNIT ( * ) SI_UNIT ( $, .STERADIAN. ) SOLID_ANGLE_UNIT ( ) );
#1001 = AXIS2_PLACEMENT_3D ( 'NONE', #630, #4789, #4810 ) ;
#1002 = ORIENTED_EDGE ( 'NONE', *, *, #2079, .T. ) ;
#1003 = SURFACE_STYLE_USAGE ( .BOTH. , #2534 ) ;
#1004 = ORIENTED_EDGE ( 'NONE', *, *, #624, .F. ) ;
#1005 = LINE ( 'NONE', #1648, #3501 ) ;
#1006 = CARTESIAN_POINT ( 'NONE',  ( -3.345211362322441762, -92.00000000000000000, -46.00000000000030553 ) ) ;
#1007 = ORIENTED_EDGE ( 'NONE', *, *, #3456, .T. ) ;
#1008 = CARTESIAN_POINT ( 'NONE',  ( 2.583720825812074295, -92.00000000000000000, -46.00000000000030553 ) ) ;
#1009 =( LENGTH_UNIT ( ) NAMED_UNIT ( * ) SI_UNIT ( .MILLI., .METRE. ) );
#1010 = CARTESIAN_POINT ( 'NONE',  ( -6.516784237576250582, -3.350287950190304242E-15, 41.99999999999971578 ) ) ;
#1011 = DIRECTION ( 'NONE',  ( 4.231032868236112459E-17, -1.000000000000000000, 0.000000000000000000 ) ) ;
#1012 = EDGE_CURVE ( 'NONE', #834, #1745, #4405, .T. ) ;
#1013 = CARTESIAN_POINT ( 'NONE',  ( 14.58372082581209916, -3.350287950190303453E-15, 41.99999999999972999 ) ) ;
#1014 = CARTESIAN_POINT ( 'NONE',  ( -7.345211362322466186, -3.350287950190303453E-15, 49.99999999999972999 ) ) ;
#1015 = PRESENTATION_STYLE_ASSIGNMENT (( #705 ) ) ;
#1016 = CARTESIAN_POINT ( 'NONE',  ( -16.88074526825518973, 106.1421356237309652, 53.07106781186519129 ) ) ;
#1017 = CARTESIAN_POINT ( 'NONE',  ( 6.240575075304461095, -68.00000000000005684, 33.99999999999972289 ) ) ;
#1018 = FILL_AREA_STYLE ('',( #2849 ) ) ;
#1019 = COLOUR_RGB ( '',0.7529411764705882248, 0.7529411764705882248, 0.7529411764705882248 ) ;
#1020 = FACE_OUTER_BOUND ( 'NONE', #1983, .T. ) ;
#1021 = FACE_OUTER_BOUND ( 'NONE', #3861, .T. ) ;
#1022 = VERTEX_POINT ( 'NONE', #1691 ) ;
#1023 = FILL_AREA_STYLE_COLOUR ( '', #1672 ) ;
#1024 = VERTEX_POINT ( 'NONE', #1961 ) ;
#1025 = CARTESIAN_POINT ( 'NONE',  ( -3.002065611814829893, -68.00000000000005684, -34.00000000000032685 ) ) ;
#1026 = CARTESIAN_POINT ( 'NONE',  ( -7.345211362322443094, -76.00000000000002842, 37.99999999999971578 ) ) ;
#1027 = CIRCLE ( 'NONE', #2444, 1.600000000000000755 ) ;
#1028 = CIRCLE ( 'NONE', #2358, 43.17157287525382969 ) ;
#1029 = ORIENTED_EDGE ( 'NONE', *, *, #1554, .T. ) ;
#1030 =( GEOMETRIC_REPRESENTATION_CONTEXT ( 3 ) GLOBAL_UNCERTAINTY_ASSIGNED_CONTEXT ( ( #1876 ) ) GLOBAL_UNIT_ASSIGNED_CONTEXT ( ( #1224, #2725, #802 ) ) REPRESENTATION_CONTEXT ( 'NONE', 'WORKASPACE' ) );
#1031 = CARTESIAN_POINT ( 'NONE',  ( 14.03346829411790608, -3.350287950190303847E-15, -45.82842712474646873 ) ) ;
#1032 = PRESENTATION_STYLE_ASSIGNMENT (( #695 ) ) ;
#1033 = DIRECTION ( 'NONE',  ( 3.565219130447392441E-17, -1.000000000000000000, 0.000000000000000000 ) ) ;
#1034 = FILL_AREA_STYLE_COLOUR ( '', #4021 ) ;
#1035 =( BOUNDED_SURFACE ( )  B_SPLINE_SURFACE ( 3, 3, ( 
 ( #2119, #2456, #3964, #1370, #224, #1418, #2901 ),
 ( #4410, #4433, #269, #2924, #2506, #1025, #1747 ),
 ( #4458, #2535, #1703, #4044, #658, #2142, #688 ),
 ( #295, #4725, #1776, #2092, #4385, #3221, #2555 ),
 ( #3244, #3287, #2064, #4816, #4065, #4768, #3586 ),
 ( #2173, #3687, #3200, #4363, #4749, #2855, #3989 ),
 ( #3610, #2876, #1439, #3314, #4837, #1799, #2944 ) ),
 .UNSPECIFIED., .T., .T., .F. ) 
 B_SPLINE_SURFACE_WITH_KNOTS ( ( 4, 3, 4 ),
 ( 4, 3, 4 ),
 ( 0.000000000000000000, 0.5000000000000000000, 1.000000000000000000 ),
 ( 0.000000000000000000, 0.5000000000000000000, 1.000000000000000000 ),
 .UNSPECIFIED. ) 
 GEOMETRIC_REPRESENTATION_ITEM ( )  RATIONAL_B_SPLINE_SURFACE ( (
 ( 1.000000000000000000, 0.3333333333333333148, 0.3333333333333333148, 1.000000000000000000, 0.3333333333333333148, 0.3333333333333333148, 1.000000000000000000),
 ( 0.3333333333333333703, 0.1111111111111111188, 0.1111111111111111188, 0.3333333333333333703, 0.1111111111111111188, 0.1111111111111111188, 0.3333333333333333703),
 ( 0.3333333333333333703, 0.1111111111111111188, 0.1111111111111111188, 0.3333333333333333703, 0.1111111111111111188, 0.1111111111111111188, 0.3333333333333333703),
 ( 1.000000000000000000, 0.3333333333333333148, 0.3333333333333333148, 1.000000000000000000, 0.3333333333333333148, 0.3333333333333333148, 1.000000000000000000),
 ( 0.3333333333333333703, 0.1111111111111111188, 0.1111111111111111188, 0.3333333333333333703, 0.1111111111111111188, 0.1111111111111111188, 0.3333333333333333703),
 ( 0.3333333333333333703, 0.1111111111111111188, 0.1111111111111111188, 0.3333333333333333703, 0.1111111111111111188, 0.1111111111111111188, 0.3333333333333333703),
 ( 1.000000000000000000, 0.3333333333333333148, 0.3333333333333333148, 1.000000000000000000, 0.3333333333333333148, 0.3333333333333333148, 1.000000000000000000) ) ) 
 REPRESENTATION_ITEM ( '' )  SURFACE ( )  );
#1036 = FILL_AREA_STYLE_COLOUR ( '', #3023 ) ;
#1037 = CARTESIAN_POINT ( 'NONE',  ( 2.240575075304460650, 84.00000000000004263, 41.99999999999973710 ) ) ;
#1038 = CARTESIAN_POINT ( 'NONE',  ( 14.58372082581209916, -84.00000000000004263, 41.99999999999973710 ) ) ;
#1039 = CARTESIAN_POINT ( 'NONE',  ( -7.345211362322466186, 100.0000000000000568, -50.00000000000031974 ) ) ;
#1040 = EDGE_CURVE ( 'NONE', #608, #2733, #3458, .T. ) ;
#1041 = CARTESIAN_POINT ( 'NONE',  ( 0.1192547317448161698, -21.03444185374872433, -13.68241655960448000 ) ) ;
#1042 = DIRECTION ( 'NONE',  ( 0.000000000000000000, 0.000000000000000000, -1.000000000000000000 ) ) ;
#1043 = FACE_OUTER_BOUND ( 'NONE', #3948, .T. ) ;
#1044 = DIRECTION ( 'NONE',  ( 0.000000000000000000, 0.000000000000000000, -1.000000000000000000 ) ) ;
#1045 = CARTESIAN_POINT ( 'NONE',  ( -7.345211362322440429, -3.350287950190303453E-15, 45.99999999999970157 ) ) ;
#1046 = CARTESIAN_POINT ( 'NONE',  ( -0.8807452682551838441, 8.034441853748909068, 24.72746942367361100 ) ) ;
#1047 = EDGE_CURVE ( 'NONE', #2318, #909, #4713, .T. ) ;
#1048 = ORIENTED_EDGE ( 'NONE', *, *, #3187, .T. ) ;
#1049 = CARTESIAN_POINT ( 'NONE',  ( 2.790827606998623978, -3.350287950190303847E-15, 36.99999999999971578 ) ) ;
#1050 = CARTESIAN_POINT ( 'NONE',  ( -12.88074526825518618, -106.1421356237309226, -53.07106781186575972 ) ) ;
#1051 =( NAMED_UNIT ( * ) PLANE_ANGLE_UNIT ( ) SI_UNIT ( $, .RADIAN. ) );
#1052 = CARTESIAN_POINT ( 'NONE',  ( 0.1192547317448161698, 8.034441853748562679, -24.72746942367432155 ) ) ;
#1053 = DIRECTION ( 'NONE',  ( 1.000000000000000000, -1.767562387910120758E-17, 2.499421436123622798E-33 ) ) ;
#1054 = CARTESIAN_POINT ( 'NONE',  ( -0.3807452682551843992, -8.397620119382280840E-16, 40.99999999999972999 ) ) ;
#1055 = AXIS2_PLACEMENT_3D ( 'NONE', #4542, #4172, #380 ) ;
#1056 = VERTEX_POINT ( 'NONE', #4332 ) ;
#1057 = DIRECTION ( 'NONE',  ( 0.000000000000000000, 0.000000000000000000, 1.000000000000000000 ) ) ;
#1058 = CARTESIAN_POINT ( 'NONE',  ( 6.583720825812076960, 76.00000000000002842, -38.00000000000031974 ) ) ;
#1059 = CARTESIAN_POINT ( 'NONE',  ( -15.38074526825518973, -3.350287950190303847E-15, -2.983724378680108202E-13 ) ) ;
#1060 = STYLED_ITEM ( 'NONE', ( #3184 ), #2912 ) ;
#1061 = CYLINDRICAL_SURFACE ( 'NONE', #251, 1.600000000000000533 ) ;
#1062 = MECHANICAL_DESIGN_GEOMETRIC_PRESENTATION_REPRESENTATION (  '', ( #907 ), #2310 ) ;
#1063 = DIRECTION ( 'NONE',  ( 0.000000000000000000, 0.000000000000000000, -1.000000000000000000 ) ) ;
#1064 = CARTESIAN_POINT ( 'NONE',  ( 10.58372082581209739, -3.350287950190303847E-15, -50.00000000000031974 ) ) ;
#1065 = AXIS2_PLACEMENT_3D ( 'NONE', #3926, #3250, #1996 ) ;
#1066 = CARTESIAN_POINT ( 'NONE',  ( -7.345211362322466186, -3.350287950190303453E-15, 49.99999999999972999 ) ) ;
#1067 = UNCERTAINTY_MEASURE_WITH_UNIT (LENGTH_MEASURE( 1.000000000000000082E-05 ), #141, 'distance_accuracy_value', 'NONE');
#1068 =( GEOMETRIC_REPRESENTATION_CONTEXT ( 3 ) GLOBAL_UNCERTAINTY_ASSIGNED_CONTEXT ( ( #526 ) ) GLOBAL_UNIT_ASSIGNED_CONTEXT ( ( #525, #2417, #3556 ) ) REPRESENTATION_CONTEXT ( 'NONE', 'WORKASPACE' ) );
#1069 = SURFACE_STYLE_USAGE ( .BOTH. , #1811 ) ;
#1070 =( LENGTH_UNIT ( ) NAMED_UNIT ( * ) SI_UNIT ( .MILLI., .METRE. ) );
#1071 = STYLED_ITEM ( 'NONE', ( #597 ), #1670 ) ;
#1072 = PRESENTATION_STYLE_ASSIGNMENT (( #4855 ) ) ;
#1073 = CARTESIAN_POINT ( 'NONE',  ( 0.6547886376775576833, 92.00000000000005684, -46.00000000000030553 ) ) ;
#1074 =( LENGTH_UNIT ( ) NAMED_UNIT ( * ) SI_UNIT ( .MILLI., .METRE. ) );
#1075 = CARTESIAN_POINT ( 'NONE',  ( 0.1192547317448161698, -21.03444185374850406, 15.28241655960419365 ) ) ;
#1076 = VERTEX_POINT ( 'NONE', #4673 ) ;
#1077 = CARTESIAN_POINT ( 'NONE',  ( 2.790827606998624866, -74.00000000000002842, -37.00000000000030553 ) ) ;
#1078 = VERTEX_POINT ( 'NONE', #1305 ) ;
#1079 = DIRECTION ( 'NONE',  ( -1.000000000000000000, 0.000000000000000000, 0.000000000000000000 ) ) ;
#1080 =( GEOMETRIC_REPRESENTATION_CONTEXT ( 3 ) GLOBAL_UNCERTAINTY_ASSIGNED_CONTEXT ( ( #4548 ) ) GLOBAL_UNIT_ASSIGNED_CONTEXT ( ( #3531, #3145, #197 ) ) REPRESENTATION_CONTEXT ( 'NONE', 'WORKASPACE' ) );
#1081 = CARTESIAN_POINT ( 'NONE',  ( -16.88074526825518973, -106.1421356237309652, 53.07106781186519129 ) ) ;
#1082 = EDGE_CURVE ( 'NONE', #812, #834, #1260, .T. ) ;
#1083 = AXIS2_PLACEMENT_3D ( 'NONE', #1650, #248, #3991 ) ;
#1084 = ORIENTED_EDGE ( 'NONE', *, *, #105, .T. ) ;
#1085 = CARTESIAN_POINT ( 'NONE',  ( -1.880745268255183289, -58.00000000000003553, 28.99999999999972644 ) ) ;
#1086 = CARTESIAN_POINT ( 'NONE',  ( 2.583720825812073407, -76.00000000000001421, -38.00000000000031264 ) ) ;
#1087 = FILL_AREA_STYLE_COLOUR ( '', #1109 ) ;
#1088 = CARTESIAN_POINT ( 'NONE',  ( -5.587852049441731417, -3.350287950190303847E-15, 40.82842712474591451 ) ) ;
#1089 = CARTESIAN_POINT ( 'NONE',  ( -15.34521136232246796, 84.00000000000004263, -42.00000000000031974 ) ) ;
#1090 =( NAMED_UNIT ( * ) SI_UNIT ( $, .STERADIAN. ) SOLID_ANGLE_UNIT ( ) );
#1091 = SURFACE_SIDE_STYLE ('',( #3432 ) ) ;
#1092 = CARTESIAN_POINT ( 'NONE',  ( -11.34521136232246441, -3.350287950190303847E-15, -42.00000000000031974 ) ) ;
#1093 = CARTESIAN_POINT ( 'NONE',  ( -5.587852049441731417, -40.82842712474620583, -2.983724378680108202E-13 ) ) ;
#1094 = SURFACE_STYLE_USAGE ( .BOTH. , #2960 ) ;
#1095 =( NAMED_UNIT ( * ) SI_UNIT ( $, .STERADIAN. ) SOLID_ANGLE_UNIT ( ) );
#1096 = DIRECTION ( 'NONE',  ( 1.000000000000000000, -1.875675188744150862E-17, -5.629051861872647572E-33 ) ) ;
#1097 = CARTESIAN_POINT ( 'NONE',  ( 6.790827606998623978, -90.00000000000005684, 44.99999999999972289 ) ) ;
#1098 = CARTESIAN_POINT ( 'NONE',  ( -7.345211362322443094, 92.00000000000005684, -46.00000000000030553 ) ) ;
#1099 = PRESENTATION_LAYER_ASSIGNMENT (  '', '', ( #1483 ) ) ;
#1100 = ORIENTED_EDGE ( 'NONE', *, *, #4896, .F. ) ;
#1101 = CARTESIAN_POINT ( 'NONE',  ( 2.790827606998624866, 74.00000000000002842, -37.00000000000030553 ) ) ;
#1102 = ORIENTED_EDGE ( 'NONE', *, *, #3828, .F. ) ;
#1103 = CARTESIAN_POINT ( 'NONE',  ( -16.88074526825518618, -3.350287950190303453E-15, -53.07106781186576683 ) ) ;
#1104 =( LENGTH_UNIT ( ) NAMED_UNIT ( * ) SI_UNIT ( .MILLI., .METRE. ) );
#1105 = STYLED_ITEM ( 'NONE', ( #1578 ), #3968 ) ;
#1106 = ADVANCED_FACE ( 'NONE', ( #482 ), #2825, .T. ) ;
#1107 = EDGE_LOOP ( 'NONE', ( #1102, #4148, #1646, #1914, #1838 ) ) ;
#1108 = CARTESIAN_POINT ( 'NONE',  ( 2.119254731744816045, -3.350287950190303847E-15, -29.00000000000030909 ) ) ;
#1109 = COLOUR_RGB ( '',0.7529411764705882248, 0.7529411764705882248, 0.7529411764705882248 ) ;
#1110 = FACE_BOUND ( 'NONE', #1727, .T. ) ;
#1111 =( NAMED_UNIT ( * ) SI_UNIT ( $, .STERADIAN. ) SOLID_ANGLE_UNIT ( ) );
#1112 = COLOUR_RGB ( '',0.7529411764705882248, 0.7529411764705882248, 0.7529411764705882248 ) ;
#1113 = FACE_OUTER_BOUND ( 'NONE', #1187, .T. ) ;
#1114 = AXIS2_PLACEMENT_3D ( 'NONE', #588, #895, #3901 ) ;
#1115 = DIRECTION ( 'NONE',  ( -1.000000000000000000, 1.057758217059028115E-17, 0.000000000000000000 ) ) ;
#1116 = SURFACE_STYLE_USAGE ( .BOTH. , #4519 ) ;
#1117 = SURFACE_STYLE_FILL_AREA ( #4520 ) ;
#1118 = CARTESIAN_POINT ( 'NONE',  ( 0.000000000000000000, 0.000000000000000000, 0.000000000000000000 ) ) ;
#1119 = DIRECTION ( 'NONE',  ( 1.000000000000000000, 0.000000000000000000, 0.000000000000000000 ) ) ;
#1120 = EDGE_CURVE ( 'NONE', #442, #2859, #3504, .T. ) ;
#1121 = DIRECTION ( 'NONE',  ( 0.000000000000000000, 0.000000000000000000, -1.000000000000000000 ) ) ;
#1122 = CARTESIAN_POINT ( 'NONE',  ( 5.240575075304452213, -3.350287950190304636E-15, 41.65685424949209192 ) ) ;
#1123 = SURFACE_STYLE_FILL_AREA ( #782 ) ;
#1124 = CARTESIAN_POINT ( 'NONE',  ( -7.002065611814828117, -68.00000000000005684, 33.99999999999972289 ) ) ;
#1125 = UNCERTAINTY_MEASURE_WITH_UNIT (LENGTH_MEASURE( 1.000000000000000082E-05 ), #2150, 'distance_accuracy_value', 'NONE');
#1126 = ORIENTED_EDGE ( 'NONE', *, *, #1836, .F. ) ;
#1127 =( NAMED_UNIT ( * ) PLANE_ANGLE_UNIT ( ) SI_UNIT ( $, .RADIAN. ) );
#1128 =( NAMED_UNIT ( * ) SI_UNIT ( $, .STERADIAN. ) SOLID_ANGLE_UNIT ( ) );
#1129 = CARTESIAN_POINT ( 'NONE',  ( -16.88074526825518973, -106.1421356237309652, -53.07106781186576683 ) ) ;
#1130 = PRESENTATION_STYLE_ASSIGNMENT (( #4555 ) ) ;
#1131 = EDGE_LOOP ( 'NONE', ( #4665, #3284, #2789, #773 ) ) ;
#1132 = VERTEX_POINT ( 'NONE', #1693 ) ;
#1133 = CARTESIAN_POINT ( 'NONE',  ( -1.880745268255183289, 58.00000000000003553, 28.99999999999972644 ) ) ;
#1134 = PRESENTATION_STYLE_ASSIGNMENT (( #4189 ) ) ;
#1135 = FILL_AREA_STYLE_COLOUR ( '', #4722 ) ;
#1136 = CARTESIAN_POINT ( 'NONE',  ( -7.345211362322466186, -100.0000000000000568, -50.00000000000031974 ) ) ;
#1137 = DIRECTION ( 'NONE',  ( 1.000000000000000000, -0.000000000000000000, 0.000000000000000000 ) ) ;
#1138 = AXIS2_PLACEMENT_3D ( 'NONE', #3999, #668, #701 ) ;
#1139 =( LENGTH_UNIT ( ) NAMED_UNIT ( * ) SI_UNIT ( .MILLI., .METRE. ) );
#1140 = DIRECTION ( 'NONE',  ( 1.000000000000000000, 0.000000000000000000, 0.000000000000000000 ) ) ;
#1141 = EDGE_CURVE ( 'NONE', #1673, #162, #2069, .T. ) ;
#1142 =( NAMED_UNIT ( * ) SI_UNIT ( $, .STERADIAN. ) SOLID_ANGLE_UNIT ( ) );
#1143 =( GEOMETRIC_REPRESENTATION_CONTEXT ( 3 ) GLOBAL_UNCERTAINTY_ASSIGNED_CONTEXT ( ( #1293 ) ) GLOBAL_UNIT_ASSIGNED_CONTEXT ( ( #4163, #3800, #4517 ) ) REPRESENTATION_CONTEXT ( 'NONE', 'WORKASPACE' ) );
#1144 = FACE_BOUND ( 'NONE', #4259, .T. ) ;
#1145 = COLOUR_RGB ( '',0.7529411764705882248, 0.7529411764705882248, 0.7529411764705882248 ) ;
#1146 = CARTESIAN_POINT ( 'NONE',  ( 12.11925473174481915, -90.14213562373089417, 45.07106781186514866 ) ) ;
#1147 = CARTESIAN_POINT ( 'NONE',  ( 2.790827606998623978, -3.350287950190303847E-15, -45.00000000000031264 ) ) ;
#1148 = CARTESIAN_POINT ( 'NONE',  ( -3.002065611814829893, -3.350287950190303453E-15, 33.99999999999972289 ) ) ;
#1149 = ORIENTED_EDGE ( 'NONE', *, *, #36, .F. ) ;
#1150 = AXIS2_PLACEMENT_3D ( 'NONE', #4028, #644, #2442 ) ;
#1151 = EDGE_LOOP ( 'NONE', ( #1149, #4662, #3894, #4208, #444 ) ) ;
#1152 = CARTESIAN_POINT ( 'NONE',  ( -1.209172393001375578, 74.00000000000004263, -37.00000000000032685 ) ) ;
#1153 = EDGE_LOOP ( 'NONE', ( #908, #1180, #3156, #2097 ) ) ;
#1154 = CARTESIAN_POINT ( 'NONE',  ( -14.88074526825518973, -3.350287950190304242E-15, 47.96649831220359772 ) ) ;
#1155 = FACE_BOUND ( 'NONE', #3943, .T. ) ;
#1156 =( LENGTH_UNIT ( ) NAMED_UNIT ( * ) SI_UNIT ( .MILLI., .METRE. ) );
#1157 = CIRCLE ( 'NONE', #681, 39.17157287525382259 ) ;
#1158 = MECHANICAL_DESIGN_GEOMETRIC_PRESENTATION_REPRESENTATION (  '', ( #922 ), #2326 ) ;
#1159 = ORIENTED_EDGE ( 'NONE', *, *, #3068, .F. ) ;
#1160 = PRESENTATION_STYLE_ASSIGNMENT (( #4095 ) ) ;
#1161 = MECHANICAL_DESIGN_GEOMETRIC_PRESENTATION_REPRESENTATION (  '', ( #4795 ), #2409 ) ;
#1162 = FILL_AREA_STYLE ('',( #2101 ) ) ;
#1163 = CARTESIAN_POINT ( 'NONE',  ( 0.1192547317448161698, -8.034441853748399254, 23.12746942367377301 ) ) ;
#1164 = CARTESIAN_POINT ( 'NONE',  ( 16.61925473174482093, -3.350287950190303453E-15, 52.65685424949207771 ) ) ;
#1165 = CARTESIAN_POINT ( 'NONE',  ( -11.34521136232246441, -84.00000000000004263, -42.00000000000031974 ) ) ;
#1166 = PRESENTATION_STYLE_ASSIGNMENT (( #2360 ) ) ;
#1167 = PLANE ( 'NONE',  #233 ) ;
#1168 = ORIENTED_EDGE ( 'NONE', *, *, #2711, .T. ) ;
#1169 = UNCERTAINTY_MEASURE_WITH_UNIT (LENGTH_MEASURE( 1.000000000000000082E-05 ), #493, 'distance_accuracy_value', 'NONE');
#1170 = CARTESIAN_POINT ( 'NONE',  ( 12.61925473174481560, 89.31370849898475228, 44.65685424949207771 ) ) ;
#1171 = FACE_BOUND ( 'NONE', #228, .T. ) ;
#1172 = ADVANCED_FACE ( 'NONE', ( #3997 ), #287, .T. ) ;
#1173 = CARTESIAN_POINT ( 'NONE',  ( 6.119254731744815601, -3.350287950190303453E-15, 28.99999999999971934 ) ) ;
#1174 = CARTESIAN_POINT ( 'NONE',  ( 12.11925473174482093, -3.350287950190303847E-15, -53.07106781186574551 ) ) ;
#1175 = CARTESIAN_POINT ( 'NONE',  ( -3.002065611814829893, -3.350287950190303453E-15, -42.00000000000032685 ) ) ;
#1176 = DIRECTION ( 'NONE',  ( -1.000000000000000000, 1.875675188744150246E-17, 0.000000000000000000 ) ) ;
#1177 = CIRCLE ( 'NONE', #3930, 40.82842712474621294 ) ;
#1178 = ORIENTED_EDGE ( 'NONE', *, *, #3005, .F. ) ;
#1179 = UNCERTAINTY_MEASURE_WITH_UNIT (LENGTH_MEASURE( 1.000000000000000082E-05 ), #2975, 'distance_accuracy_value', 'NONE');
#1180 = ORIENTED_EDGE ( 'NONE', *, *, #1631, .T. ) ;
#1181 = DIRECTION ( 'NONE',  ( 0.000000000000000000, 0.000000000000000000, 1.000000000000000000 ) ) ;
#1182 = ORIENTED_EDGE ( 'NONE', *, *, #2934, .F. ) ;
#1183 = FILL_AREA_STYLE ('',( #4636 ) ) ;
#1184 = FACE_OUTER_BOUND ( 'NONE', #116, .T. ) ;
#1185 = COLOUR_RGB ( '',0.7529411764705882248, 0.7529411764705882248, 0.7529411764705882248 ) ;
#1186 =( GEOMETRIC_REPRESENTATION_CONTEXT ( 3 ) GLOBAL_UNCERTAINTY_ASSIGNED_CONTEXT ( ( #4368 ) ) GLOBAL_UNIT_ASSIGNED_CONTEXT ( ( #2573, #3705, #611 ) ) REPRESENTATION_CONTEXT ( 'NONE', 'WORKASPACE' ) );
#1187 = EDGE_LOOP ( 'NONE', ( #914, #1989, #508, #392 ) ) ;
#1188 = FILL_AREA_STYLE ('',( #743 ) ) ;
#1189 = CARTESIAN_POINT ( 'NONE',  ( 14.03346829411790431, -3.350287950190303847E-15, -45.82842712474646873 ) ) ;
#1190 = CARTESIAN_POINT ( 'NONE',  ( 2.790827606998624866, -90.00000000000002842, -45.00000000000029843 ) ) ;
#1191 = PRESENTATION_LAYER_ASSIGNMENT (  '', '', ( #3700 ) ) ;
#1192 = CARTESIAN_POINT ( 'NONE',  ( -11.34521136232246441, -100.0000000000000284, -50.00000000000030553 ) ) ;
#1193 = AXIS2_PLACEMENT_3D ( 'NONE', #643, #1379, #303 ) ;
#1194 = CARTESIAN_POINT ( 'NONE',  ( 14.58372082581209916, 100.0000000000000568, 49.99999999999974420 ) ) ;
#1195 = CARTESIAN_POINT ( 'NONE',  ( -6.380745268255187064, -8.397620119382280840E-16, 40.99999999999972999 ) ) ;
#1196 = CARTESIAN_POINT ( 'NONE',  ( -1.416279174187926149, -3.350287950190303453E-15, 37.99999999999970868 ) ) ;
#1197 = SURFACE_SIDE_STYLE ('',( #1117 ) ) ;
#1198 = AXIS2_PLACEMENT_3D ( 'NONE', #4623, #2256, #3775 ) ;
#1199 =( GEOMETRIC_REPRESENTATION_CONTEXT ( 3 ) GLOBAL_UNCERTAINTY_ASSIGNED_CONTEXT ( ( #4147 ) ) GLOBAL_UNIT_ASSIGNED_CONTEXT ( ( #3312, #2581, #1128 ) ) REPRESENTATION_CONTEXT ( 'NONE', 'WORKASPACE' ) );
#1200 = CARTESIAN_POINT ( 'NONE',  ( 13.53346829411791319, -3.350287950190303058E-15, 46.24264068711896414 ) ) ;
#1201 = FILL_AREA_STYLE_COLOUR ( '', #3182 ) ;
#1202 = PRESENTATION_STYLE_ASSIGNMENT (( #1094 ) ) ;
#1203 = DIRECTION ( 'NONE',  ( -1.000000000000000000, 0.000000000000000000, 0.000000000000000000 ) ) ;
#1204 = CARTESIAN_POINT ( 'NONE',  ( 12.11925473174481915, -106.1421356237308800, 53.07106781186515576 ) ) ;
#1205 = VECTOR ( 'NONE', #2206, 1000.000000000000000 ) ;
#1206 =( NAMED_UNIT ( * ) PLANE_ANGLE_UNIT ( ) SI_UNIT ( $, .RADIAN. ) );
#1207 =( BOUNDED_CURVE ( )  B_SPLINE_CURVE ( 3, ( #2049, #3208, #4732, #1339 ),
 .UNSPECIFIED., .F., .T. ) 
 B_SPLINE_CURVE_WITH_KNOTS ( ( 4, 4 ),
 ( 0.1464466094067262691, 0.2500000000000001665 ),
 .UNSPECIFIED. ) 
 CURVE ( )  GEOMETRIC_REPRESENTATION_ITEM ( )  RATIONAL_B_SPLINE_CURVE ( ( 0.5857864376269048545, 0.5285954792089682108, 0.4999999999999999445, 0.5000000000000000000 ) ) 
 REPRESENTATION_ITEM ( '' )  );
#1208 = FILL_AREA_STYLE_COLOUR ( '', #590 ) ;
#1209 = EDGE_CURVE ( 'NONE', #4839, #4317, #2397, .T. ) ;
#1210 = ORIENTED_EDGE ( 'NONE', *, *, #3168, .F. ) ;
#1211 = DIRECTION ( 'NONE',  ( 0.000000000000000000, 0.000000000000000000, -1.000000000000000000 ) ) ;
#1212 = VERTEX_POINT ( 'NONE', #2680 ) ;
#1213 = DIRECTION ( 'NONE',  ( 0.000000000000000000, 0.000000000000000000, 1.000000000000000000 ) ) ;
#1214 = LINE ( 'NONE', #1536, #3466 ) ;
#1215 = EDGE_CURVE ( 'NONE', #4870, #4632, #2808, .T. ) ;
#1216 = SURFACE_SIDE_STYLE ('',( #1920 ) ) ;
#1217 = ADVANCED_FACE ( 'NONE', ( #297 ), #2926, .T. ) ;
#1218 = CARTESIAN_POINT ( 'NONE',  ( 8.619254731744819154, -3.350287950190303453E-15, -44.65685424949266746 ) ) ;
#1219 = ORIENTED_EDGE ( 'NONE', *, *, #2519, .F. ) ;
#1220 = CARTESIAN_POINT ( 'NONE',  ( -11.34521136232246441, -3.350287950190303847E-15, 41.99999999999972289 ) ) ;
#1221 = DIRECTION ( 'NONE',  ( -1.000000000000000000, 0.000000000000000000, 0.000000000000000000 ) ) ;
#1222 = CARTESIAN_POINT ( 'NONE',  ( 2.583720825812073407, -76.00000000000001421, 37.99999999999971578 ) ) ;
#1223 = FILL_AREA_STYLE ('',( #1253 ) ) ;
#1224 =( LENGTH_UNIT ( ) NAMED_UNIT ( * ) SI_UNIT ( .MILLI., .METRE. ) );
#1225 = AXIS2_PLACEMENT_3D ( 'NONE', #2795, #4322, #74 ) ;
#1226 = CARTESIAN_POINT ( 'NONE',  ( 6.790827606998623978, 74.00000000000004263, -37.00000000000032685 ) ) ;
#1227 = SURFACE_SIDE_STYLE ('',( #1551 ) ) ;
#1228 = AXIS2_PLACEMENT_3D ( 'NONE', #1474, #723, #4777 ) ;
#1229 = CARTESIAN_POINT ( 'NONE',  ( 2.119254731744816045, -74.00000000000002842, -37.00000000000030553 ) ) ;
#1230 = FILL_AREA_STYLE ('',( #1577 ) ) ;
#1231 = CARTESIAN_POINT ( 'NONE',  ( 8.119254731744820930, -3.350287950190303453E-15, 45.07106781186515576 ) ) ;
#1232 =( LENGTH_UNIT ( ) NAMED_UNIT ( * ) SI_UNIT ( .MILLI., .METRE. ) );
#1233 = CIRCLE ( 'NONE', #4851, 33.00000000000001421 ) ;
#1234 = ORIENTED_EDGE ( 'NONE', *, *, #1518, .F. ) ;
#1235 = UNCERTAINTY_MEASURE_WITH_UNIT (LENGTH_MEASURE( 1.000000000000000082E-05 ), #3262, 'distance_accuracy_value', 'NONE');
#1236 = ORIENTED_EDGE ( 'NONE', *, *, #3187, .F. ) ;
#1237 = DIRECTION ( 'NONE',  ( -1.000000000000000000, 1.734723475976807403E-17, 4.814824860968091001E-33 ) ) ;
#1238 = VERTEX_POINT ( 'NONE', #2315 ) ;
#1239 = CARTESIAN_POINT ( 'NONE',  ( 12.61925473174481560, -89.31370849898475228, -44.65685424949267457 ) ) ;
#1240 = PRESENTATION_STYLE_ASSIGNMENT (( #3811 ) ) ;
#1241 = CIRCLE ( 'NONE', #4858, 46.24264068711926967 ) ;
#1242 = SURFACE_SIDE_STYLE ('',( #3395 ) ) ;
#1243 = AXIS2_PLACEMENT_3D ( 'NONE', #2000, #3831, #1932 ) ;
#1244 = DIRECTION ( 'NONE',  ( 0.000000000000000000, 1.000000000000000000, 0.000000000000000000 ) ) ;
#1245 = ADVANCED_FACE ( 'NONE', ( #3835 ), #3962, .F. ) ;
#1246 = AXIS2_PLACEMENT_3D ( 'NONE', #2743, #2327, #4695 ) ;
#1247 = ORIENTED_EDGE ( 'NONE', *, *, #2863, .F. ) ;
#1248 = PRESENTATION_LAYER_ASSIGNMENT (  '', '', ( #2741 ) ) ;
#1249 = CARTESIAN_POINT ( 'NONE',  ( 10.58372082581209739, -3.350287950190303847E-15, 41.99999999999972289 ) ) ;
#1250 =( NAMED_UNIT ( * ) SI_UNIT ( $, .STERADIAN. ) SOLID_ANGLE_UNIT ( ) );
#1251 = CIRCLE ( 'NONE', #849, 37.00000000000002132 ) ;
#1252 = CARTESIAN_POINT ( 'NONE',  ( 6.583720825812076960, -92.00000000000005684, -46.00000000000030553 ) ) ;
#1253 = FILL_AREA_STYLE_COLOUR ( '', #1185 ) ;
#1254 =( GEOMETRIC_REPRESENTATION_CONTEXT ( 3 ) GLOBAL_UNCERTAINTY_ASSIGNED_CONTEXT ( ( #4655 ) ) GLOBAL_UNIT_ASSIGNED_CONTEXT ( ( #3448, #2687, #2295 ) ) REPRESENTATION_CONTEXT ( 'NONE', 'WORKASPACE' ) );
#1255 = DIRECTION ( 'NONE',  ( 1.000000000000000000, 0.000000000000000000, -0.000000000000000000 ) ) ;
#1256 = FILL_AREA_STYLE ('',( #4647 ) ) ;
#1257 = CARTESIAN_POINT ( 'NONE',  ( 6.240575075304460206, -3.350287950190303847E-15, -34.00000000000031974 ) ) ;
#1258 = DIRECTION ( 'NONE',  ( 0.000000000000000000, 0.000000000000000000, -1.000000000000000000 ) ) ;
#1259 =( LENGTH_UNIT ( ) NAMED_UNIT ( * ) SI_UNIT ( .MILLI., .METRE. ) );
#1260 = LINE ( 'NONE', #4305, #1910 ) ;
#1261 = EDGE_LOOP ( 'NONE', ( #3584, #4369, #788, #4502 ) ) ;
#1262 =( NAMED_UNIT ( * ) SI_UNIT ( $, .STERADIAN. ) SOLID_ANGLE_UNIT ( ) );
#1263 = CARTESIAN_POINT ( 'NONE',  ( -0.8807452682551838441, 21.03444185374861419, -15.28241655960463063 ) ) ;
#1264 = COLOUR_RGB ( '',0.7529411764705882248, 0.7529411764705882248, 0.7529411764705882248 ) ;
#1265 = CARTESIAN_POINT ( 'NONE',  ( 16.11925473174482093, -3.350287950190303453E-15, 53.07106781186515576 ) ) ;
#1266 = AXIS2_PLACEMENT_3D ( 'NONE', #4167, #41, #2642 ) ;
#1267 = SURFACE_STYLE_FILL_AREA ( #4342 ) ;
#1268 = COLOUR_RGB ( '',0.7529411764705882248, 0.7529411764705882248, 0.7529411764705882248 ) ;
#1269 = EDGE_CURVE ( 'NONE', #513, #442, #27, .T. ) ;
#1270 = ORIENTED_EDGE ( 'NONE', *, *, #990, .F. ) ;
#1271 = DIRECTION ( 'NONE',  ( 0.000000000000000000, 0.000000000000000000, -1.000000000000000000 ) ) ;
#1272 = CARTESIAN_POINT ( 'NONE',  ( 6.583720825812098276, -84.00000000000004263, 41.99999999999973710 ) ) ;
#1273 = CARTESIAN_POINT ( 'NONE',  ( -12.38074526825518795, 4.181289864565923541E-15, -41.00000000000031974 ) ) ;
#1274 = AXIS2_PLACEMENT_3D ( 'NONE', #4500, #1096, #4763 ) ;
#1275 = CARTESIAN_POINT ( 'NONE',  ( -1.416279174187926149, -3.350287950190303453E-15, -38.00000000000031264 ) ) ;
#1276 = CARTESIAN_POINT ( 'NONE',  ( -0.8807452682551838441, -8.034441853748399254, 23.12746942367377301 ) ) ;
#1277 = EDGE_CURVE ( 'NONE', #712, #1484, #4491, .T. ) ;
#1278 = LINE ( 'NONE', #2780, #3477 ) ;
#1279 = SURFACE_STYLE_USAGE ( .BOTH. , #4670 ) ;
#1280 = CARTESIAN_POINT ( 'NONE',  ( 10.58372082581209739, -3.350287950190303847E-15, 41.99999999999972289 ) ) ;
#1281 = FILL_AREA_STYLE_COLOUR ( '', #1112 ) ;
#1282 = STYLED_ITEM ( 'NONE', ( #4348 ), #534 ) ;
#1283 = ADVANCED_FACE ( 'NONE', ( #1155, #2662 ), #2219, .F. ) ;
#1284 = UNCERTAINTY_MEASURE_WITH_UNIT (LENGTH_MEASURE( 1.000000000000000082E-05 ), #542, 'distance_accuracy_value', 'NONE');
#1285 = CIRCLE ( 'NONE', #4030, 1.600000000000000755 ) ;
#1286 = ORIENTED_EDGE ( 'NONE', *, *, #3400, .T. ) ;
#1287 = DIRECTION ( 'NONE',  ( 0.000000000000000000, 1.000000000000000000, 0.000000000000000000 ) ) ;
#1288 = SURFACE_STYLE_USAGE ( .BOTH. , #603 ) ;
#1289 = ORIENTED_EDGE ( 'NONE', *, *, #2551, .F. ) ;
#1290 = CARTESIAN_POINT ( 'NONE',  ( 2.119254731744816045, -3.350287950190303847E-15, 28.99999999999971934 ) ) ;
#1291 = CARTESIAN_POINT ( 'NONE',  ( -3.345211362322441762, -76.00000000000001421, -38.00000000000031264 ) ) ;
#1292 =( NAMED_UNIT ( * ) PLANE_ANGLE_UNIT ( ) SI_UNIT ( $, .RADIAN. ) );
#1293 = UNCERTAINTY_MEASURE_WITH_UNIT (LENGTH_MEASURE( 1.000000000000000082E-05 ), #4163, 'distance_accuracy_value', 'NONE');
#1294 = ORIENTED_EDGE ( 'NONE', *, *, #562, .T. ) ;
#1295 = CARTESIAN_POINT ( 'NONE',  ( 0.1192547317448161698, 21.03444185374883446, 16.88241655960373322 ) ) ;
#1296 = CARTESIAN_POINT ( 'NONE',  ( 2.583720825812073407, -3.350287950190303847E-15, 37.99999999999971578 ) ) ;
#1297 = CARTESIAN_POINT ( 'NONE',  ( -0.3807452682551843992, -1.023459031810331891E-15, -2.983724378680108202E-13 ) ) ;
#1298 = ADVANCED_FACE ( 'NONE', ( #1964 ), #4490, .F. ) ;
#1299 = SURFACE_STYLE_USAGE ( .BOTH. , #1733 ) ;
#1300 = LINE ( 'NONE', #146, #2222 ) ;
#1301 = EDGE_CURVE ( 'NONE', #3220, #2356, #3769, .T. ) ;
#1302 = PRESENTATION_STYLE_ASSIGNMENT (( #4330 ) ) ;
#1303 = DIRECTION ( 'NONE',  ( -1.000000000000000000, 1.136135706043572448E-17, 0.000000000000000000 ) ) ;
#1304 = CARTESIAN_POINT ( 'NONE',  ( -0.3807452682551843992, -7.785296719808605099E-16, -2.983724378680108202E-13 ) ) ;
#1305 = CARTESIAN_POINT ( 'NONE',  ( 11.61925473174481915, 1.966419817475678379E-15, 40.99999999999972289 ) ) ;
#1306 = CARTESIAN_POINT ( 'NONE',  ( -16.88074526825518973, -106.1421356237309652, 53.07106781186519129 ) ) ;
#1307 = DIRECTION ( 'NONE',  ( 1.000000000000000000, 4.235164736271500155E-18, -0.000000000000000000 ) ) ;
#1308 = DIRECTION ( 'NONE',  ( -1.000000000000000000, 0.000000000000000000, 0.000000000000000000 ) ) ;
#1309 = CARTESIAN_POINT ( 'NONE',  ( 12.11925473174481915, 90.14213562373089417, 45.07106781186514866 ) ) ;
#1310 = ORIENTED_EDGE ( 'NONE', *, *, #3659, .T. ) ;
#1311 = VERTEX_POINT ( 'NONE', #426 ) ;
#1312 = SURFACE_STYLE_USAGE ( .BOTH. , #3475 ) ;
#1313 = CARTESIAN_POINT ( 'NONE',  ( 16.61925473174482093, 89.31370849898476649, 44.65685424949209903 ) ) ;
#1314 = CARTESIAN_POINT ( 'NONE',  ( -6.380745268255187064, -8.397620119382280840E-16, -2.983724378680108202E-13 ) ) ;
#1315 = FILL_AREA_STYLE_COLOUR ( '', #3849 ) ;
#1316 = COLOUR_RGB ( '',0.7529411764705882248, 0.7529411764705882248, 0.7529411764705882248 ) ;
#1317 =( NAMED_UNIT ( * ) PLANE_ANGLE_UNIT ( ) SI_UNIT ( $, .RADIAN. ) );
#1318 = SURFACE_STYLE_FILL_AREA ( #4758 ) ;
#1319 = FACE_OUTER_BOUND ( 'NONE', #4042, .T. ) ;
#1320 = CARTESIAN_POINT ( 'NONE',  ( 2.240575075304460206, -3.350287950190303453E-15, -34.00000000000031974 ) ) ;
#1321 = MECHANICAL_DESIGN_GEOMETRIC_PRESENTATION_REPRESENTATION (  '', ( #2961 ), #3354 ) ;
#1322 = CYLINDRICAL_SURFACE ( 'NONE', #178, 42.00000000000002132 ) ;
#1323 = MECHANICAL_DESIGN_GEOMETRIC_PRESENTATION_REPRESENTATION (  '', ( #19 ), #4075 ) ;
#1324 = ADVANCED_FACE ( 'NONE', ( #2695 ), #3935, .F. ) ;
#1325 = AXIS2_PLACEMENT_3D ( 'NONE', #196, #929, #2419 ) ;
#1326 = CARTESIAN_POINT ( 'NONE',  ( -16.88074526825518973, -90.14213562373097943, -45.07106781186578814 ) ) ;
#1327 = CARTESIAN_POINT ( 'NONE',  ( 10.24057507530446642, -68.00000000000005684, 33.99999999999973710 ) ) ;
#1328 = DIRECTION ( 'NONE',  ( -2.065146995210483462E-17, 1.000000000000000000, 0.000000000000000000 ) ) ;
#1329 = CARTESIAN_POINT ( 'NONE',  ( 12.11925473174482093, -3.350287950190303847E-15, -45.07106781186575262 ) ) ;
#1330 = CARTESIAN_POINT ( 'NONE',  ( -0.8807452682551838441, -8.034441853748399254, 24.72746942367377443 ) ) ;
#1331 = ORIENTED_EDGE ( 'NONE', *, *, #2275, .T. ) ;
#1332 = FILL_AREA_STYLE_COLOUR ( '', #3592 ) ;
#1333 = CARTESIAN_POINT ( 'NONE',  ( 11.06900220005066693, -3.350287950190303847E-15, 41.99999999999972289 ) ) ;
#1334 = DIRECTION ( 'NONE',  ( 0.4472135954999579832, -0.8944271909999157444, 1.095357396528405126E-16 ) ) ;
#1335 = EDGE_CURVE ( 'NONE', #2089, #513, #4461, .T. ) ;
#1336 = ORIENTED_EDGE ( 'NONE', *, *, #3599, .T. ) ;
#1337 = CARTESIAN_POINT ( 'NONE',  ( 6.119254731744815601, -3.350287950190303453E-15, -29.00000000000030909 ) ) ;
#1338 =( GEOMETRIC_REPRESENTATION_CONTEXT ( 3 ) GLOBAL_UNCERTAINTY_ASSIGNED_CONTEXT ( ( #2460 ) ) GLOBAL_UNIT_ASSIGNED_CONTEXT ( ( #2443, #3955, #4734 ) ) REPRESENTATION_CONTEXT ( 'NONE', 'WORKASPACE' ) );
#1339 = CARTESIAN_POINT ( 'NONE',  ( -14.88074526825518618, -3.350287950190303847E-15, -49.07106781186576683 ) ) ;
#1340 = VECTOR ( 'NONE', #226, 1000.000000000000000 ) ;
#1341 = CARTESIAN_POINT ( 'NONE',  ( 10.24057507530446642, -68.00000000000005684, 33.99999999999973710 ) ) ;
#1342 = CARTESIAN_POINT ( 'NONE',  ( -8.880745268255189728, -3.350287950190303453E-15, 53.07106781186517708 ) ) ;
#1343 = CARTESIAN_POINT ( 'NONE',  ( 2.240575075304460206, -3.350287950190303453E-15, -34.00000000000031974 ) ) ;
#1344 = CYLINDRICAL_SURFACE ( 'NONE', #2240, 50.00000000000000000 ) ;
#1345 = STYLED_ITEM ( 'NONE', ( #1032 ), #1561 ) ;
#1346 = CARTESIAN_POINT ( 'NONE',  ( 12.11925473174482093, -3.350287950190303847E-15, 53.07106781186514866 ) ) ;
#1347 = EDGE_CURVE ( 'NONE', #3024, #4341, #4876, .T. ) ;
#1348 = CARTESIAN_POINT ( 'NONE',  ( 0.1192547317448161698, -8.034441853748399254, 24.72746942367377443 ) ) ;
#1349 = COLOUR_RGB ( '',0.7529411764705882248, 0.7529411764705882248, 0.7529411764705882248 ) ;
#1350 = VERTEX_POINT ( 'NONE', #2151 ) ;
#1351 = ORIENTED_EDGE ( 'NONE', *, *, #1082, .T. ) ;
#1352 = CARTESIAN_POINT ( 'NONE',  ( 12.61925473174482093, -3.350287950190303847E-15, -52.65685424949267457 ) ) ;
#1353 = EDGE_CURVE ( 'NONE', #962, #1504, #2744, .T. ) ;
#1354 =( BOUNDED_CURVE ( )  B_SPLINE_CURVE ( 3, ( #4286, #3914, #2086, #4676 ),
 .UNSPECIFIED., .F., .F. ) 
 B_SPLINE_CURVE_WITH_KNOTS ( ( 4, 4 ),
 ( 0.000000000000000000, 0.1464466094067262691 ),
 .UNSPECIFIED. ) 
 CURVE ( )  GEOMETRIC_REPRESENTATION_ITEM ( )  RATIONAL_B_SPLINE_CURVE ( ( 1.000000000000000000, 0.8047378541243649375, 0.6666666666666665186, 0.5857864376269048545 ) ) 
 REPRESENTATION_ITEM ( '' )  );
#1355 = CARTESIAN_POINT ( 'NONE',  ( -12.75942492469556200, -7.067915233984887229E-16, -2.983724378680108202E-13 ) ) ;
#1356 = ORIENTED_EDGE ( 'NONE', *, *, #720, .F. ) ;
#1357 = SURFACE_STYLE_USAGE ( .BOTH. , #3972 ) ;
#1358 = CARTESIAN_POINT ( 'NONE',  ( -0.8807452682551838441, -26.00000000000000711, -2.953366717850514078E-13 ) ) ;
#1359 =( LENGTH_UNIT ( ) NAMED_UNIT ( * ) SI_UNIT ( .MILLI., .METRE. ) );
#1360 = CARTESIAN_POINT ( 'NONE',  ( 2.240575075304460650, 84.00000000000004263, -42.00000000000031974 ) ) ;
#1361 = CARTESIAN_POINT ( 'NONE',  ( -4.380745268255186176, -1.084691371767699662E-15, -2.983724378680108202E-13 ) ) ;
#1362 = CARTESIAN_POINT ( 'NONE',  ( -11.34521136232246441, -3.350287950190303847E-15, 49.99999999999972289 ) ) ;
#1363 = SURFACE_SIDE_STYLE ('',( #3937 ) ) ;
#1364 = CARTESIAN_POINT ( 'NONE',  ( 6.240575075304461095, 84.00000000000004263, -42.00000000000031974 ) ) ;
#1365 = FACE_OUTER_BOUND ( 'NONE', #1912, .T. ) ;
#1366 = SURFACE_STYLE_USAGE ( .BOTH. , #627 ) ;
#1367 = DIRECTION ( 'NONE',  ( 1.000000000000000000, 0.000000000000000000, 0.000000000000000000 ) ) ;
#1368 =( GEOMETRIC_REPRESENTATION_CONTEXT ( 3 ) GLOBAL_UNCERTAINTY_ASSIGNED_CONTEXT ( ( #581 ) ) GLOBAL_UNIT_ASSIGNED_CONTEXT ( ( #1827, #3298, #4569 ) ) REPRESENTATION_CONTEXT ( 'NONE', 'WORKASPACE' ) );
#1369 = ORIENTED_EDGE ( 'NONE', *, *, #333, .T. ) ;
#1370 = CARTESIAN_POINT ( 'NONE',  ( -7.002065611814829893, -3.350287950190303847E-15, 33.99999999999972289 ) ) ;
#1371 = CARTESIAN_POINT ( 'NONE',  ( 16.61925473174482093, -89.31370849898476649, -44.65685424949267457 ) ) ;
#1372 = FACE_OUTER_BOUND ( 'NONE', #123, .T. ) ;
#1373 = COLOUR_RGB ( '',0.7529411764705882248, 0.7529411764705882248, 0.7529411764705882248 ) ;
#1374 = EDGE_CURVE ( 'NONE', #3407, #1350, #3721, .T. ) ;
#1375 = COLOUR_RGB ( '',0.7529411764705882248, 0.7529411764705882248, 0.7529411764705882248 ) ;
#1376 = ORIENTED_EDGE ( 'NONE', *, *, #4489, .T. ) ;
#1377 = SURFACE_STYLE_FILL_AREA ( #3692 ) ;
#1378 = CARTESIAN_POINT ( 'NONE',  ( 2.583720825812073407, 76.00000000000001421, -38.00000000000031264 ) ) ;
#1379 = DIRECTION ( 'NONE',  ( 1.000000000000000000, -0.000000000000000000, 0.000000000000000000 ) ) ;
#1380 = AXIS2_PLACEMENT_3D ( 'NONE', #1480, #3781, #1879 ) ;
#1381 = CARTESIAN_POINT ( 'NONE',  ( -6.002065611814822788, -3.350287950190303453E-15, 41.65685424949208482 ) ) ;
#1382 = DIRECTION ( 'NONE',  ( -1.000000000000000000, -2.115516434118056538E-17, -0.000000000000000000 ) ) ;
#1383 = DIRECTION ( 'NONE',  ( -1.000000000000000000, -0.000000000000000000, -0.000000000000000000 ) ) ;
#1384 = CARTESIAN_POINT ( 'NONE',  ( -11.34521136232246441, -84.00000000000004263, 41.99999999999972289 ) ) ;
#1385 = CARTESIAN_POINT ( 'NONE',  ( -16.88074526825518618, -3.350287950190303453E-15, 53.07106781186517708 ) ) ;
#1386 = CARTESIAN_POINT ( 'NONE',  ( 6.240575075304461095, 68.00000000000005684, 33.99999999999972289 ) ) ;
#1387 =( NAMED_UNIT ( * ) SI_UNIT ( $, .STERADIAN. ) SOLID_ANGLE_UNIT ( ) );
#1388 = VECTOR ( 'NONE', #4264, 1000.000000000000227 ) ;
#1389 = PRESENTATION_STYLE_ASSIGNMENT (( #2987 ) ) ;
#1390 = CARTESIAN_POINT ( 'NONE',  ( -15.38074526825518973, -3.350287950190303847E-15, 46.99999999999970157 ) ) ;
#1391 = VECTOR ( 'NONE', #1411, 1000.000000000000000 ) ;
#1392 = ORIENTED_EDGE ( 'NONE', *, *, #3878, .T. ) ;
#1393 = FACE_OUTER_BOUND ( 'NONE', #3632, .T. ) ;
#1394 = CARTESIAN_POINT ( 'NONE',  ( -0.8807452682551838441, -21.03444185374850406, 16.88241655960419507 ) ) ;
#1395 = DIRECTION ( 'NONE',  ( 0.000000000000000000, 0.000000000000000000, -1.000000000000000000 ) ) ;
#1396 = ORIENTED_EDGE ( 'NONE', *, *, #654, .F. ) ;
#1397 = DIRECTION ( 'NONE',  ( -1.000000000000000000, -1.782609565223696529E-17, -2.542157489621613519E-33 ) ) ;
#1398 = DIRECTION ( 'NONE',  ( 1.000000000000000000, -4.235164736271495532E-18, 0.000000000000000000 ) ) ;
#1399 = EDGE_CURVE ( 'NONE', #1937, #1632, #606, .T. ) ;
#1400 = PRESENTATION_STYLE_ASSIGNMENT (( #4826 ) ) ;
#1401 = CARTESIAN_POINT ( 'NONE',  ( -11.34521136232246441, -84.00000000000004263, 41.99999999999972289 ) ) ;
#1402 = CARTESIAN_POINT ( 'NONE',  ( -6.380745268255186176, 41.00000000000002842, -2.933513859915066539E-13 ) ) ;
#1403 = COLOUR_RGB ( '',0.7529411764705882248, 0.7529411764705882248, 0.7529411764705882248 ) ;
#1404 = CARTESIAN_POINT ( 'NONE',  ( 10.58372082581209384, -84.00000000000004263, -42.00000000000031974 ) ) ;
#1405 = CARTESIAN_POINT ( 'NONE',  ( -11.34521136232246441, 84.00000000000004263, 41.99999999999972289 ) ) ;
#1406 = ADVANCED_FACE ( 'NONE', ( #3341, #3693, #1845, #1780, #3369, #2562, #4125, #4872, #1805, #1471, #4514, #1110 ), #744, .F. ) ;
#1407 = AXIS2_PLACEMENT_3D ( 'NONE', #560, #2791, #533 ) ;
#1408 = PRESENTATION_STYLE_ASSIGNMENT (( #2594 ) ) ;
#1409 = CARTESIAN_POINT ( 'NONE',  ( -8.880745268255189728, -3.350287950190303453E-15, -53.07106781186576683 ) ) ;
#1410 = CARTESIAN_POINT ( 'NONE',  ( 0.6547886376775576833, -92.00000000000005684, -46.00000000000030553 ) ) ;
#1411 = DIRECTION ( 'NONE',  ( 0.4472135954999584273, 0.8944271909999156334, 0.000000000000000000 ) ) ;
#1412 = ADVANCED_FACE ( 'NONE', ( #4217 ), #198, .F. ) ;
#1413 = AXIS2_PLACEMENT_3D ( 'NONE', #4023, #4050, #4072 ) ;
#1414 = ORIENTED_EDGE ( 'NONE', *, *, #1277, .F. ) ;
#1415 = CARTESIAN_POINT ( 'NONE',  ( -1.209172393001374690, -3.350287950190303453E-15, -45.00000000000031264 ) ) ;
#1416 = ORIENTED_EDGE ( 'NONE', *, *, #1760, .F. ) ;
#1417 = CARTESIAN_POINT ( 'NONE',  ( -16.88074526825518618, -3.350287950190303453E-15, -45.07106781186575972 ) ) ;
#1418 = CARTESIAN_POINT ( 'NONE',  ( -7.002065611814828117, -68.00000000000005684, -34.00000000000032685 ) ) ;
#1419 = CARTESIAN_POINT ( 'NONE',  ( 0.6547886376775576833, 76.00000000000002842, 37.99999999999971578 ) ) ;
#1420 = COLOUR_RGB ( '',0.7529411764705882248, 0.7529411764705882248, 0.7529411764705882248 ) ;
#1421 = ORIENTED_EDGE ( 'NONE', *, *, #1582, .F. ) ;
#1422 = SURFACE_STYLE_USAGE ( .BOTH. , #2072 ) ;
#1423 = CARTESIAN_POINT ( 'NONE',  ( 6.583720825812071631, -3.350287950190303453E-15, -46.00000000000030553 ) ) ;
#1424 = DIRECTION ( 'NONE',  ( 0.000000000000000000, 0.000000000000000000, 1.000000000000000000 ) ) ;
#1425 = SURFACE_SIDE_STYLE ('',( #3296 ) ) ;
#1426 = CARTESIAN_POINT ( 'NONE',  ( -11.34521136232246441, -3.350287950190303847E-15, 41.99999999999972289 ) ) ;
#1427 = FACE_OUTER_BOUND ( 'NONE', #741, .T. ) ;
#1428 = FILL_AREA_STYLE_COLOUR ( '', #4510 ) ;
#1429 = ADVANCED_FACE ( 'NONE', ( #1953 ), #3484, .F. ) ;
#1430 = DIRECTION ( 'NONE',  ( 1.000000000000000000, 0.000000000000000000, 0.000000000000000000 ) ) ;
#1431 = SURFACE_STYLE_USAGE ( .BOTH. , #1769 ) ;
#1432 =( NAMED_UNIT ( * ) SI_UNIT ( $, .STERADIAN. ) SOLID_ANGLE_UNIT ( ) );
#1433 = CARTESIAN_POINT ( 'NONE',  ( -7.345211362322440429, -3.350287950190303453E-15, 45.99999999999970157 ) ) ;
#1434 = ORIENTED_EDGE ( 'NONE', *, *, #2650, .F. ) ;
#1435 = CARTESIAN_POINT ( 'NONE',  ( 6.790827606998623978, -74.00000000000004263, -37.00000000000032685 ) ) ;
#1436 = ORIENTED_EDGE ( 'NONE', *, *, #4303, .T. ) ;
#1437 = CARTESIAN_POINT ( 'NONE',  ( -12.75942492469556200, -7.067915233984887229E-16, -2.983724378680108202E-13 ) ) ;
#1438 = CARTESIAN_POINT ( 'NONE',  ( -8.880745268255189728, -3.350287950190303453E-15, 53.07106781186517708 ) ) ;
#1439 = CARTESIAN_POINT ( 'NONE',  ( -7.002065611814828117, 68.00000000000005684, 33.99999999999972289 ) ) ;
#1440 = CARTESIAN_POINT ( 'NONE',  ( -3.345211362322441762, -3.350287950190303847E-15, -46.00000000000031264 ) ) ;
#1441 = CIRCLE ( 'NONE', #3326, 50.00000000000000000 ) ;
#1442 =( GEOMETRIC_REPRESENTATION_CONTEXT ( 3 ) GLOBAL_UNCERTAINTY_ASSIGNED_CONTEXT ( ( #3591 ) ) GLOBAL_UNIT_ASSIGNED_CONTEXT ( ( #2363, #3502, #3976 ) ) REPRESENTATION_CONTEXT ( 'NONE', 'WORKASPACE' ) );
#1443 = ORIENTED_EDGE ( 'NONE', *, *, #2779, .T. ) ;
#1444 = CARTESIAN_POINT ( 'NONE',  ( 2.583720825812073407, -3.350287950190303847E-15, -46.00000000000031264 ) ) ;
#1445 = FILL_AREA_STYLE ('',( #1087 ) ) ;
#1446 = FILL_AREA_STYLE_COLOUR ( '', #1642 ) ;
#1447 = CARTESIAN_POINT ( 'NONE',  ( -15.34521136232246796, 84.00000000000004263, 41.99999999999973710 ) ) ;
#1448 = MECHANICAL_DESIGN_GEOMETRIC_PRESENTATION_REPRESENTATION (  '', ( #3973 ), #1143 ) ;
#1449 =( NAMED_UNIT ( * ) PLANE_ANGLE_UNIT ( ) SI_UNIT ( $, .RADIAN. ) );
#1450 = CARTESIAN_POINT ( 'NONE',  ( 10.58372082581209384, 100.0000000000000284, -50.00000000000030553 ) ) ;
#1451 = STYLED_ITEM ( 'NONE', ( #2437 ), #1472 ) ;
#1452 = CARTESIAN_POINT ( 'NONE',  ( -11.34521136232246441, 84.00000000000004263, -42.00000000000031974 ) ) ;
#1453 = STYLED_ITEM ( 'NONE', ( #4164 ), #2524 ) ;
#1454 = SURFACE_STYLE_FILL_AREA ( #4853 ) ;
#1455 = SURFACE_STYLE_FILL_AREA ( #731 ) ;
#1456 = AXIS2_PLACEMENT_3D ( 'NONE', #2188, #4174, #1121 ) ;
#1457 = CYLINDRICAL_SURFACE ( 'NONE', #397, 37.00000000000001421 ) ;
#1458 = CARTESIAN_POINT ( 'NONE',  ( 2.790827606998624866, 90.00000000000002842, -45.00000000000029843 ) ) ;
#1459 = PRESENTATION_LAYER_ASSIGNMENT (  '', '', ( #3342 ) ) ;
#1460 = CARTESIAN_POINT ( 'NONE',  ( 0.6547886376775575723, -3.350287950190303453E-15, -38.00000000000031264 ) ) ;
#1461 = ADVANCED_FACE ( 'NONE', ( #2046 ), #3160, .T. ) ;
#1462 = VERTEX_POINT ( 'NONE', #4394 ) ;
#1463 = ORIENTED_EDGE ( 'NONE', *, *, #2145, .T. ) ;
#1464 = DIRECTION ( 'NONE',  ( -3.469446951953614189E-17, -1.000000000000000000, 0.000000000000000000 ) ) ;
#1465 = STYLED_ITEM ( 'NONE', ( #881 ), #2042 ) ;
#1466 = CARTESIAN_POINT ( 'NONE',  ( -12.88074526825518795, -3.350287950190303847E-15, 45.07106781186516997 ) ) ;
#1467 = CARTESIAN_POINT ( 'NONE',  ( 0.6547886376775575723, -3.350287950190303453E-15, -38.00000000000031264 ) ) ;
#1468 = ORIENTED_EDGE ( 'NONE', *, *, #2831, .T. ) ;
#1469 = ORIENTED_EDGE ( 'NONE', *, *, #1489, .F. ) ;
#1470 = CARTESIAN_POINT ( 'NONE',  ( 5.240575075304453989, -3.350287950190304636E-15, -41.65685424949270299 ) ) ;
#1471 = FACE_BOUND ( 'NONE', #2062, .T. ) ;
#1472 = ADVANCED_FACE ( 'NONE', ( #2021 ), #4276, .T. ) ;
#1473 = SURFACE_SIDE_STYLE ('',( #4845 ) ) ;
#1474 = CARTESIAN_POINT ( 'NONE',  ( 0.1192547317448161698, -21.03444185374872433, -15.28241655960448142 ) ) ;
#1475 = DIRECTION ( 'NONE',  ( -1.000000000000000000, 0.000000000000000000, 0.000000000000000000 ) ) ;
#1476 = DIRECTION ( 'NONE',  ( 1.000000000000000000, 0.000000000000000000, 0.000000000000000000 ) ) ;
#1477 = CARTESIAN_POINT ( 'NONE',  ( 3.997934388185172327, -9.517208832279603011E-16, -2.983724378680108202E-13 ) ) ;
#1478 = CIRCLE ( 'NONE', #2510, 42.00000000000002132 ) ;
#1479 = CARTESIAN_POINT ( 'NONE',  ( -12.88074526825518618, 90.14213562373090838, -45.07106781186576683 ) ) ;
#1480 = CARTESIAN_POINT ( 'NONE',  ( -0.3807452682551843992, -2.886709523219207062E-16, -2.983724378680108202E-13 ) ) ;
#1481 = CARTESIAN_POINT ( 'NONE',  ( 8.119254731744820930, -3.350287950190303453E-15, -53.07106781186574551 ) ) ;
#1482 = SURFACE_SIDE_STYLE ('',( #4501 ) ) ;
#1483 = STYLED_ITEM ( 'NONE', ( #580 ), #3523 ) ;
#1484 = VERTEX_POINT ( 'NONE', #2013 ) ;
#1485 = EDGE_LOOP ( 'NONE', ( #2880, #1182 ) ) ;
#1486 = DIRECTION ( 'NONE',  ( 0.000000000000000000, 0.000000000000000000, -1.000000000000000000 ) ) ;
#1487 = COLOUR_RGB ( '',0.7529411764705882248, 0.7529411764705882248, 0.7529411764705882248 ) ;
#1488 = CARTESIAN_POINT ( 'NONE',  ( -12.88074526825518795, -3.350287950190303847E-15, -53.07106781186576683 ) ) ;
#1489 = EDGE_CURVE ( 'NONE', #3663, #3133, #1005, .T. ) ;
#1490 = CARTESIAN_POINT ( 'NONE',  ( -7.345211362322443094, 76.00000000000002842, -38.00000000000031974 ) ) ;
#1491 = EDGE_LOOP ( 'NONE', ( #4232, #3060 ) ) ;
#1492 = SURFACE_STYLE_FILL_AREA ( #1188 ) ;
#1493 = ADVANCED_FACE ( 'NONE', ( #3176 ), #2891, .T. ) ;
#1494 = CIRCLE ( 'NONE', #4825, 42.00000000000002132 ) ;
#1495 = CARTESIAN_POINT ( 'NONE',  ( 12.11925473174482093, -3.350287950190303847E-15, -45.07106781186575262 ) ) ;
#1496 = AXIS2_PLACEMENT_3D ( 'NONE', #4892, #3393, #26 ) ;
#1497 = AXIS2_PLACEMENT_3D ( 'NONE', #1075, #2898, #4040 ) ;
#1498 = CARTESIAN_POINT ( 'NONE',  ( 12.61925473174481560, 105.3137084989847381, 52.65685424949207061 ) ) ;
#1499 = CARTESIAN_POINT ( 'NONE',  ( -14.88074526825518618, -3.350287950190303847E-15, 49.07106781186516997 ) ) ;
#1500 = EDGE_CURVE ( 'NONE', #2718, #2318, #693, .T. ) ;
#1501 = SURFACE_STYLE_USAGE ( .BOTH. , #4101 ) ;
#1502 = CARTESIAN_POINT ( 'NONE',  ( -4.345211362322443094, -3.350287950190304636E-15, 38.34314575050734675 ) ) ;
#1503 = PRESENTATION_STYLE_ASSIGNMENT (( #2231 ) ) ;
#1504 = VERTEX_POINT ( 'NONE', #313 ) ;
#1505 = UNCERTAINTY_MEASURE_WITH_UNIT (LENGTH_MEASURE( 1.000000000000000082E-05 ), #472, 'distance_accuracy_value', 'NONE');
#1506 = SURFACE_STYLE_USAGE ( .BOTH. , #1227 ) ;
#1507 = CARTESIAN_POINT ( 'NONE',  ( 12.11925473174481915, 90.14213562373089417, 45.07106781186514866 ) ) ;
#1508 = CARTESIAN_POINT ( 'NONE',  ( -3.002065611814829893, -84.00000000000004263, -42.00000000000031974 ) ) ;
#1509 = CARTESIAN_POINT ( 'NONE',  ( -12.88074526825518795, -3.350287950190303847E-15, -45.07106781186576683 ) ) ;
#1510 = ORIENTED_EDGE ( 'NONE', *, *, #1082, .F. ) ;
#1511 = UNCERTAINTY_MEASURE_WITH_UNIT (LENGTH_MEASURE( 1.000000000000000082E-05 ), #3492, 'distance_accuracy_value', 'NONE');
#1512 = CARTESIAN_POINT ( 'NONE',  ( -1.209172393001374690, -3.350287950190303453E-15, -45.00000000000031264 ) ) ;
#1513 = EDGE_LOOP ( 'NONE', ( #1861, #4551, #4234, #414 ) ) ;
#1514 = DIRECTION ( 'NONE',  ( -1.000000000000000000, 0.000000000000000000, 0.000000000000000000 ) ) ;
#1515 = ADVANCED_BREP_SHAPE_REPRESENTATION ( '20.RIM', ( #3533, #4294 ), #1576 ) ;
#1516 = EDGE_LOOP ( 'NONE', ( #3970, #3219, #3789, #437, #738, #3986 ) ) ;
#1517 = CARTESIAN_POINT ( 'NONE',  ( 16.11925473174482093, -90.14213562373090838, 45.07106781186517708 ) ) ;
#1518 = EDGE_CURVE ( 'NONE', #3538, #130, #2441, .T. ) ;
#1519 = CARTESIAN_POINT ( 'NONE',  ( -11.34521136232246441, -3.350287950190303847E-15, -42.00000000000031974 ) ) ;
#1520 = CARTESIAN_POINT ( 'NONE',  ( -1.416279174187926149, -76.00000000000002842, -38.00000000000031974 ) ) ;
#1521 = AXIS2_PLACEMENT_3D ( 'NONE', #1974, #4349, #191 ) ;
#1522 = CARTESIAN_POINT ( 'NONE',  ( -4.759424924695541570, -3.350287950190304242E-15, 39.17157287525352416 ) ) ;
#1523 = FILL_AREA_STYLE ('',( #2673 ) ) ;
#1524 = ORIENTED_EDGE ( 'NONE', *, *, #1353, .T. ) ;
#1525 = CARTESIAN_POINT ( 'NONE',  ( 5.619254731744818265, -8.397620119382280840E-16, 40.99999999999972999 ) ) ;
#1526 = AXIS2_PLACEMENT_3D ( 'NONE', #1591, #1115, #2613 ) ;
#1527 = FACE_BOUND ( 'NONE', #2927, .T. ) ;
#1528 = CARTESIAN_POINT ( 'NONE',  ( 2.119254731744816933, -3.350287950190303847E-15, 36.99999999999971578 ) ) ;
#1529 = FILL_AREA_STYLE_COLOUR ( '', #1316 ) ;
#1530 = CARTESIAN_POINT ( 'NONE',  ( 16.11925473174482093, -3.350287950190303453E-15, 53.07106781186515576 ) ) ;
#1531 = CARTESIAN_POINT ( 'NONE',  ( -7.002065611814829893, -3.350287950190303847E-15, -34.00000000000031974 ) ) ;
#1532 = SURFACE_SIDE_STYLE ('',( #4857 ) ) ;
#1533 = MECHANICAL_DESIGN_GEOMETRIC_PRESENTATION_REPRESENTATION (  '', ( #3661 ), #3340 ) ;
#1534 = DIRECTION ( 'NONE',  ( -3.469446951953614189E-17, -1.000000000000000000, 0.000000000000000000 ) ) ;
#1535 = ORIENTED_EDGE ( 'NONE', *, *, #270, .T. ) ;
#1536 = CARTESIAN_POINT ( 'NONE',  ( -0.3807452682551843992, 3.446501785077507919E-15, -37.00000000000031264 ) ) ;
#1537 = AXIS2_PLACEMENT_3D ( 'NONE', #2124, #301, #273 ) ;
#1538 = CIRCLE ( 'NONE', #520, 40.82842712474621294 ) ;
#1539 = ORIENTED_EDGE ( 'NONE', *, *, #3889, .T. ) ;
#1540 = CARTESIAN_POINT ( 'NONE',  ( 2.119254731744816045, -58.00000000000002842, 28.99999999999971223 ) ) ;
#1541 =( NAMED_UNIT ( * ) PLANE_ANGLE_UNIT ( ) SI_UNIT ( $, .RADIAN. ) );
#1542 = AXIS2_PLACEMENT_3D ( 'NONE', #752, #1757, #4563 ) ;
#1543 = LINE ( 'NONE', #2746, #1388 ) ;
#1544 = CARTESIAN_POINT ( 'NONE',  ( 8.619254731744820930, -105.3137084989847381, -52.65685424949268167 ) ) ;
#1545 = CARTESIAN_POINT ( 'NONE',  ( -11.34521136232246441, -3.350287950190303847E-15, -50.00000000000031974 ) ) ;
#1546 = CARTESIAN_POINT ( 'NONE',  ( 10.58372082581209384, 84.00000000000004263, 41.99999999999972289 ) ) ;
#1547 = CARTESIAN_POINT ( 'NONE',  ( 13.53346829411791141, -46.24264068711926257, -2.927093476778506765E-13 ) ) ;
#1548 = EDGE_CURVE ( 'NONE', #1504, #962, #1569, .T. ) ;
#1549 = DIRECTION ( 'NONE',  ( 0.000000000000000000, 0.000000000000000000, 1.000000000000000000 ) ) ;
#1550 = ORIENTED_EDGE ( 'NONE', *, *, #212, .T. ) ;
#1551 = SURFACE_STYLE_FILL_AREA ( #3549 ) ;
#1552 = CARTESIAN_POINT ( 'NONE',  ( -1.880745268255183289, -3.350287950190303453E-15, 28.99999999999971934 ) ) ;
#1553 = SURFACE_STYLE_FILL_AREA ( #4426 ) ;
#1554 = EDGE_CURVE ( 'NONE', #2682, #2223, #3619, .T. ) ;
#1555 = CARTESIAN_POINT ( 'NONE',  ( -3.002065611814829893, 84.00000000000004263, 41.99999999999973710 ) ) ;
#1556 = ORIENTED_EDGE ( 'NONE', *, *, #2262, .F. ) ;
#1557 = UNCERTAINTY_MEASURE_WITH_UNIT (LENGTH_MEASURE( 1.000000000000000082E-05 ), #2728, 'distance_accuracy_value', 'NONE');
#1558 = EDGE_LOOP ( 'NONE', ( #1590, #2478, #634, #4556, #2990, #3367 ) ) ;
#1559 = PRESENTATION_STYLE_ASSIGNMENT (( #3469 ) ) ;
#1560 = ORIENTED_EDGE ( 'NONE', *, *, #2115, .F. ) ;
#1561 = ADVANCED_FACE ( 'NONE', ( #4274 ), #2716, .T. ) ;
#1562 = FILL_AREA_STYLE ('',( #1864 ) ) ;
#1563 = CONICAL_SURFACE ( 'NONE', #713, 40.82842712474621294, 1.107148717794090409 ) ;
#1564 =( GEOMETRIC_REPRESENTATION_CONTEXT ( 3 ) GLOBAL_UNCERTAINTY_ASSIGNED_CONTEXT ( ( #3726 ) ) GLOBAL_UNIT_ASSIGNED_CONTEXT ( ( #4008, #3239, #1432 ) ) REPRESENTATION_CONTEXT ( 'NONE', 'WORKASPACE' ) );
#1565 = CARTESIAN_POINT ( 'NONE',  ( -7.345211362322466186, -3.350287950190303453E-15, -50.00000000000031974 ) ) ;
#1566 = STYLED_ITEM ( 'NONE', ( #487 ), #4538 ) ;
#1567 = FILL_AREA_STYLE ('',( #96 ) ) ;
#1568 = CARTESIAN_POINT ( 'NONE',  ( 14.11925473174481915, 5.834563043414844886E-15, -50.00000000000029843 ) ) ;
#1569 = CIRCLE ( 'NONE', #876, 1.600000000000000533 ) ;
#1570 = CARTESIAN_POINT ( 'NONE',  ( -1.416279174187925705, -3.350287950190303453E-15, 45.99999999999970157 ) ) ;
#1571 = DIRECTION ( 'NONE',  ( -2.115516434118055922E-17, -1.000000000000000000, 0.000000000000000000 ) ) ;
#1572 = CARTESIAN_POINT ( 'NONE',  ( -15.38074526825518618, -2.886709523219207555E-16, 49.99999999999970157 ) ) ;
#1573 = CIRCLE ( 'NONE', #3708, 38.17157287525382259 ) ;
#1574 = AXIS2_PLACEMENT_3D ( 'NONE', #3418, #1514, #3019 ) ;
#1575 = CARTESIAN_POINT ( 'NONE',  ( 6.119254731744816489, 58.00000000000003553, -29.00000000000032330 ) ) ;
#1576 =( GEOMETRIC_REPRESENTATION_CONTEXT ( 3 ) GLOBAL_UNCERTAINTY_ASSIGNED_CONTEXT ( ( #938 ) ) GLOBAL_UNIT_ASSIGNED_CONTEXT ( ( #3009, #1851, #2698 ) ) REPRESENTATION_CONTEXT ( 'NONE', 'WORKASPACE' ) );
#1577 = FILL_AREA_STYLE_COLOUR ( '', #210 ) ;
#1578 = PRESENTATION_STYLE_ASSIGNMENT (( #2287 ) ) ;
#1579 = CARTESIAN_POINT ( 'NONE',  ( -3.002065611814829893, -3.350287950190303453E-15, -42.00000000000032685 ) ) ;
#1580 = SURFACE_STYLE_FILL_AREA ( #2146 ) ;
#1581 = ORIENTED_EDGE ( 'NONE', *, *, #3583, .F. ) ;
#1582 = EDGE_CURVE ( 'NONE', #1504, #340, #4134, .T. ) ;
#1583 = ORIENTED_EDGE ( 'NONE', *, *, #3270, .F. ) ;
#1584 = DIRECTION ( 'NONE',  ( 1.000000000000000000, -1.308737877485398356E-18, -4.027881020014447322E-18 ) ) ;
#1585 = ORIENTED_EDGE ( 'NONE', *, *, #4046, .T. ) ;
#1586 = SURFACE_STYLE_FILL_AREA ( #857 ) ;
#1587 = CARTESIAN_POINT ( 'NONE',  ( -0.8807452682551838441, 21.03444185374883446, 16.88241655960373322 ) ) ;
#1588 = CARTESIAN_POINT ( 'NONE',  ( 6.119254731744815601, -3.350287950190303453E-15, 28.99999999999971934 ) ) ;
#1589 = DIRECTION ( 'NONE',  ( 0.000000000000000000, 0.000000000000000000, 1.000000000000000000 ) ) ;
#1590 = ORIENTED_EDGE ( 'NONE', *, *, #3659, .F. ) ;
#1591 = CARTESIAN_POINT ( 'NONE',  ( -6.380745268255187064, -3.350287950190303847E-15, -2.983724378680108202E-13 ) ) ;
#1592 = CARTESIAN_POINT ( 'NONE',  ( 14.58372082581209916, -100.0000000000000568, 49.99999999999974420 ) ) ;
#1593 = CARTESIAN_POINT ( 'NONE',  ( -1.416279174187925705, 92.00000000000005684, 45.99999999999972289 ) ) ;
#1594 = CARTESIAN_POINT ( 'NONE',  ( 12.61925473174482093, -3.350287950190303847E-15, 44.65685424949207771 ) ) ;
#1595 = PRESENTATION_LAYER_ASSIGNMENT (  '', '', ( #133 ) ) ;
#1596 = DIRECTION ( 'NONE',  ( -1.000000000000000000, 0.000000000000000000, 0.000000000000000000 ) ) ;
#1597 = CARTESIAN_POINT ( 'NONE',  ( 6.583720825812098276, 84.00000000000004263, 41.99999999999973710 ) ) ;
#1598 = CARTESIAN_POINT ( 'NONE',  ( -3.002065611814829893, 68.00000000000005684, 33.99999999999973710 ) ) ;
#1599 = UNCERTAINTY_MEASURE_WITH_UNIT (LENGTH_MEASURE( 1.000000000000000082E-05 ), #488, 'distance_accuracy_value', 'NONE');
#1600 = ORIENTED_EDGE ( 'NONE', *, *, #2055, .F. ) ;
#1601 = FILL_AREA_STYLE_COLOUR ( '', #3441 ) ;
#1602 = CARTESIAN_POINT ( 'NONE',  ( 0.1192547317448166000, 3.236524472517560700E-16, -20.00000000000029843 ) ) ;
#1603 = EDGE_CURVE ( 'NONE', #2859, #442, #4203, .T. ) ;
#1604 = ORIENTED_EDGE ( 'NONE', *, *, #2970, .T. ) ;
#1605 = DIRECTION ( 'NONE',  ( 1.000000000000000000, 1.875675188744150554E-17, -0.000000000000000000 ) ) ;
#1606 = CARTESIAN_POINT ( 'NONE',  ( -1.209172393001375578, -90.00000000000005684, 44.99999999999972289 ) ) ;
#1607 = ORIENTED_EDGE ( 'NONE', *, *, #983, .F. ) ;
#1608 =( GEOMETRIC_REPRESENTATION_CONTEXT ( 3 ) GLOBAL_UNCERTAINTY_ASSIGNED_CONTEXT ( ( #1235 ) ) GLOBAL_UNIT_ASSIGNED_CONTEXT ( ( #3262, #2036, #2530 ) ) REPRESENTATION_CONTEXT ( 'NONE', 'WORKASPACE' ) );
#1609 = CARTESIAN_POINT ( 'NONE',  ( 10.58372082581209384, 84.00000000000004263, -42.00000000000031974 ) ) ;
#1610 = STYLED_ITEM ( 'NONE', ( #3525 ), #2438 ) ;
#1611 = CARTESIAN_POINT ( 'NONE',  ( -1.416279174187926149, 76.00000000000002842, 37.99999999999971578 ) ) ;
#1612 = EDGE_CURVE ( 'NONE', #3529, #130, #3627, .T. ) ;
#1613 = CARTESIAN_POINT ( 'NONE',  ( 14.11925473174481915, -3.350287950190303847E-15, -49.07106781186575262 ) ) ;
#1614 = STYLED_ITEM ( 'NONE', ( #4144 ), #959 ) ;
#1615 = DIRECTION ( 'NONE',  ( 0.000000000000000000, 0.000000000000000000, -1.000000000000000000 ) ) ;
#1616 = CARTESIAN_POINT ( 'NONE',  ( 5.619254731744818265, 4.181289864565923541E-15, -41.00000000000032685 ) ) ;
#1617 = CARTESIAN_POINT ( 'NONE',  ( 2.583720825812073407, -1.023459031810331891E-15, 37.99999999999971578 ) ) ;
#1618 = FILL_AREA_STYLE_COLOUR ( '', #2986 ) ;
#1619 = VERTEX_POINT ( 'NONE', #3957 ) ;
#1620 = ORIENTED_EDGE ( 'NONE', *, *, #2999, .T. ) ;
#1621 = FILL_AREA_STYLE_COLOUR ( '', #1720 ) ;
#1622 = SURFACE_SIDE_STYLE ('',( #1586 ) ) ;
#1623 = CARTESIAN_POINT ( 'NONE',  ( 3.069002200050642948, -3.350287950190304242E-15, -38.00000000000031264 ) ) ;
#1624 = CARTESIAN_POINT ( 'NONE',  ( 8.119254731744817377, 106.1421356237308942, -53.07106781186574551 ) ) ;
#1625 = ORIENTED_EDGE ( 'NONE', *, *, #2970, .F. ) ;
#1626 = EDGE_LOOP ( 'NONE', ( #3422, #531, #345, #323, #4194 ) ) ;
#1627 = PRESENTATION_LAYER_ASSIGNMENT (  '', '', ( #871 ) ) ;
#1628 = CARTESIAN_POINT ( 'NONE',  ( 2.119254731744816045, -58.00000000000002842, -29.00000000000030909 ) ) ;
#1629 = CARTESIAN_POINT ( 'NONE',  ( -3.345211362322442650, -3.350287950190303847E-15, -38.00000000000031264 ) ) ;
#1630 = PRESENTATION_LAYER_ASSIGNMENT (  '', '', ( #2837 ) ) ;
#1631 = EDGE_CURVE ( 'NONE', #2462, #4484, #2418, .T. ) ;
#1632 = VERTEX_POINT ( 'NONE', #648 ) ;
#1633 = DIRECTION ( 'NONE',  ( 0.000000000000000000, 0.000000000000000000, 1.000000000000000000 ) ) ;
#1634 = PRODUCT ( '20.RIM', '20.RIM', '', ( #454 ) ) ;
#1635 = CARTESIAN_POINT ( 'NONE',  ( 14.58372082581209916, -100.0000000000000568, -50.00000000000031974 ) ) ;
#1636 =( LENGTH_UNIT ( ) NAMED_UNIT ( * ) SI_UNIT ( .MILLI., .METRE. ) );
#1637 =( GEOMETRIC_REPRESENTATION_CONTEXT ( 3 ) GLOBAL_UNCERTAINTY_ASSIGNED_CONTEXT ( ( #727 ) ) GLOBAL_UNIT_ASSIGNED_CONTEXT ( ( #4157, #1966, #1111 ) ) REPRESENTATION_CONTEXT ( 'NONE', 'WORKASPACE' ) );
#1638 = FACE_OUTER_BOUND ( 'NONE', #607, .T. ) ;
#1639 =( LENGTH_UNIT ( ) NAMED_UNIT ( * ) SI_UNIT ( .MILLI., .METRE. ) );
#1640 = CARTESIAN_POINT ( 'NONE',  ( 6.583720825812098276, 100.0000000000000568, 49.99999999999974420 ) ) ;
#1641 = CARTESIAN_POINT ( 'NONE',  ( -16.88074526825518618, -3.350287950190303453E-15, 53.07106781186517708 ) ) ;
#1642 = COLOUR_RGB ( '',0.7529411764705882248, 0.7529411764705882248, 0.7529411764705882248 ) ;
#1643 = CARTESIAN_POINT ( 'NONE',  ( 12.61925473174482093, -3.350287950190303847E-15, -44.65685424949267457 ) ) ;
#1644 =( NAMED_UNIT ( * ) SI_UNIT ( $, .STERADIAN. ) SOLID_ANGLE_UNIT ( ) );
#1645 = CARTESIAN_POINT ( 'NONE',  ( 8.119254731744820930, -3.350287950190303453E-15, -53.07106781186574551 ) ) ;
#1646 = ORIENTED_EDGE ( 'NONE', *, *, #356, .F. ) ;
#1647 = DIRECTION ( 'NONE',  ( 1.000000000000000000, 3.426320245621134567E-18, -2.489367373009531334E-18 ) ) ;
#1648 = CARTESIAN_POINT ( 'NONE',  ( -0.3807452682551843992, -7.785296719808605099E-16, 41.99999999999972289 ) ) ;
#1649 = CARTESIAN_POINT ( 'NONE',  ( 10.58372082581209739, -7.785296719808606085E-16, 41.99999999999972289 ) ) ;
#1650 = CARTESIAN_POINT ( 'NONE',  ( -0.8807452682551838441, -8.034441853748745643, -24.72746942367426115 ) ) ;
#1651 = UNCERTAINTY_MEASURE_WITH_UNIT (LENGTH_MEASURE( 1.000000000000000082E-05 ), #2572, 'distance_accuracy_value', 'NONE');
#1652 = EDGE_LOOP ( 'NONE', ( #4862, #4534 ) ) ;
#1653 = CARTESIAN_POINT ( 'NONE',  ( -7.002065611814829893, -7.785296719808605099E-16, -2.983724378680108202E-13 ) ) ;
#1654 = CARTESIAN_POINT ( 'NONE',  ( -1.880745268255182845, -3.350287950190303453E-15, 36.99999999999971578 ) ) ;
#1655 = SURFACE_STYLE_USAGE ( .BOTH. , #2045 ) ;
#1656 =( NAMED_UNIT ( * ) SI_UNIT ( $, .STERADIAN. ) SOLID_ANGLE_UNIT ( ) );
#1657 = EDGE_CURVE ( 'NONE', #2609, #3133, #2033, .T. ) ;
#1658 =( NAMED_UNIT ( * ) PLANE_ANGLE_UNIT ( ) SI_UNIT ( $, .RADIAN. ) );
#1659 = SURFACE_SIDE_STYLE ('',( #589 ) ) ;
#1660 = CARTESIAN_POINT ( 'NONE',  ( 10.24057507530445932, -3.350287950190303453E-15, -42.00000000000032685 ) ) ;
#1661 = FILL_AREA_STYLE ('',( #3880 ) ) ;
#1662 = CARTESIAN_POINT ( 'NONE',  ( 14.03346829411790431, -5.441061207763970890E-16, -2.983724378680108202E-13 ) ) ;
#1663 = FILL_AREA_STYLE_COLOUR ( '', #4442 ) ;
#1664 = PRESENTATION_LAYER_ASSIGNMENT (  '', '', ( #3812 ) ) ;
#1665 =( NAMED_UNIT ( * ) SI_UNIT ( $, .STERADIAN. ) SOLID_ANGLE_UNIT ( ) );
#1666 = CARTESIAN_POINT ( 'NONE',  ( 2.240575075304460206, -3.350287950190303453E-15, -34.00000000000031974 ) ) ;
#1667 = LINE ( 'NONE', #3939, #686 ) ;
#1668 = CARTESIAN_POINT ( 'NONE',  ( 6.240575075304460206, -7.785296719808605099E-16, -2.983724378680108202E-13 ) ) ;
#1669 = FILL_AREA_STYLE_COLOUR ( '', #4370 ) ;
#1670 = ADVANCED_FACE ( 'NONE', ( #1739 ), #2351, .F. ) ;
#1671 = MECHANICAL_DESIGN_GEOMETRIC_PRESENTATION_REPRESENTATION (  '', ( #2799 ), #4848 ) ;
#1672 = COLOUR_RGB ( '',0.7529411764705882248, 0.7529411764705882248, 0.7529411764705882248 ) ;
#1673 = VERTEX_POINT ( 'NONE', #3727 ) ;
#1674 = VERTEX_POINT ( 'NONE', #3012 ) ;
#1675 = CARTESIAN_POINT ( 'NONE',  ( 14.61925473174481915, -3.350287950190304242E-15, 48.65685424949207061 ) ) ;
#1676 = CARTESIAN_POINT ( 'NONE',  ( 12.61925473174481560, -89.31370849898475228, 44.65685424949207771 ) ) ;
#1677 = STYLED_ITEM ( 'NONE', ( #4776 ), #1461 ) ;
#1678 = LINE ( 'NONE', #2040, #2432 ) ;
#1679 =( BOUNDED_CURVE ( )  B_SPLINE_CURVE ( 3, ( #2191, #1812, #3329, #4056 ),
 .UNSPECIFIED., .F., .F. ) 
 B_SPLINE_CURVE_WITH_KNOTS ( ( 4, 4 ),
 ( 0.8535533905932739529, 1.000000000000000000 ),
 .UNSPECIFIED. ) 
 CURVE ( )  GEOMETRIC_REPRESENTATION_ITEM ( )  RATIONAL_B_SPLINE_CURVE ( ( 0.5857864376269052986, 0.6666666666666670737, 0.8047378541243652705, 1.000000000000000000 ) ) 
 REPRESENTATION_ITEM ( '' )  );
#1680 = CARTESIAN_POINT ( 'NONE',  ( 4.826361512931363507, -40.82842712474621294, -2.933723976087566726E-13 ) ) ;
#1681 = AXIS2_PLACEMENT_3D ( 'NONE', #621, #4712, #3577 ) ;
#1682 = MECHANICAL_DESIGN_GEOMETRIC_PRESENTATION_REPRESENTATION (  '', ( #1453 ), #4481 ) ;
#1683 = VERTEX_POINT ( 'NONE', #2211 ) ;
#1684 = CARTESIAN_POINT ( 'NONE',  ( 2.119254731744816045, -3.350287950190303847E-15, 28.99999999999971934 ) ) ;
#1685 =( LENGTH_UNIT ( ) NAMED_UNIT ( * ) SI_UNIT ( .MILLI., .METRE. ) );
#1686 = SURFACE_STYLE_USAGE ( .BOTH. , #4730 ) ;
#1687 = DIRECTION ( 'NONE',  ( 0.000000000000000000, 0.000000000000000000, -1.000000000000000000 ) ) ;
#1688 = EDGE_CURVE ( 'NONE', #3151, #2655, #2982, .T. ) ;
#1689 = DIRECTION ( 'NONE',  ( 0.000000000000000000, 0.000000000000000000, 1.000000000000000000 ) ) ;
#1690 = DIRECTION ( 'NONE',  ( 1.000000000000000000, -1.308737877485398356E-18, -4.027881020014447322E-18 ) ) ;
#1691 = CARTESIAN_POINT ( 'NONE',  ( 3.997934388185172327, 39.17157287525382259, -2.983724378680108202E-13 ) ) ;
#1692 = DIRECTION ( 'NONE',  ( 1.000000000000000000, 1.062203223428479013E-17, -0.000000000000000000 ) ) ;
#1693 = CARTESIAN_POINT ( 'NONE',  ( 6.240575075304460206, -7.785296719808605099E-16, 41.99999999999972289 ) ) ;
#1694 = STYLED_ITEM ( 'NONE', ( #3637 ), #189 ) ;
#1695 = EDGE_CURVE ( 'NONE', #2089, #4678, #843, .T. ) ;
#1696 = CARTESIAN_POINT ( 'NONE',  ( -12.88074526825518618, -106.1421356237309226, -53.07106781186575972 ) ) ;
#1697 = CARTESIAN_POINT ( 'NONE',  ( 2.240575075304460650, -84.00000000000004263, 41.99999999999973710 ) ) ;
#1698 = DIRECTION ( 'NONE',  ( 1.000000000000000000, 1.875675188744150554E-17, -0.000000000000000000 ) ) ;
#1699 = DIRECTION ( 'NONE',  ( 1.000000000000000000, -0.000000000000000000, 0.000000000000000000 ) ) ;
#1700 = CARTESIAN_POINT ( 'NONE',  ( -15.38074526825518618, 5.834563043414844886E-15, -50.00000000000029843 ) ) ;
#1701 = ORIENTED_EDGE ( 'NONE', *, *, #4572, .T. ) ;
#1702 = EDGE_LOOP ( 'NONE', ( #4630, #2771, #3608, #3434, #2368 ) ) ;
#1703 = CARTESIAN_POINT ( 'NONE',  ( -3.002065611814829893, 84.00000000000004263, 41.99999999999973710 ) ) ;
#1704 = CARTESIAN_POINT ( 'NONE',  ( 16.61925473174482093, -3.350287950190303453E-15, 52.65685424949207771 ) ) ;
#1705 = SURFACE_STYLE_USAGE ( .BOTH. , #2014 ) ;
#1706 =( NAMED_UNIT ( * ) SI_UNIT ( $, .STERADIAN. ) SOLID_ANGLE_UNIT ( ) );
#1707 = VERTEX_POINT ( 'NONE', #4830 ) ;
#1708 = CARTESIAN_POINT ( 'NONE',  ( 12.61925473174482093, -3.350287950190303847E-15, -44.65685424949267457 ) ) ;
#1709 = STYLED_ITEM ( 'NONE', ( #4213 ), #3573 ) ;
#1710 = DIRECTION ( 'NONE',  ( 0.4472135954999584273, -0.8944271909999156334, 1.095357396528405126E-16 ) ) ;
#1711 = DIRECTION ( 'NONE',  ( -1.000000000000000000, 2.124406446856958027E-17, 0.000000000000000000 ) ) ;
#1712 = VECTOR ( 'NONE', #175, 1000.000000000000000 ) ;
#1713 = CARTESIAN_POINT ( 'NONE',  ( 6.240575075304461095, -84.00000000000004263, -42.00000000000031974 ) ) ;
#1714 = FILL_AREA_STYLE ('',( #2493 ) ) ;
#1715 = CARTESIAN_POINT ( 'NONE',  ( -0.8807452682551838441, 26.00000000000000000, -1.600000000000295852 ) ) ;
#1716 = DIRECTION ( 'NONE',  ( 4.106826410929939316E-19, 1.000000000000000000, 0.000000000000000000 ) ) ;
#1717 = DIRECTION ( 'NONE',  ( 1.000000000000000000, -0.000000000000000000, 0.000000000000000000 ) ) ;
#1718 = CARTESIAN_POINT ( 'NONE',  ( 2.240575075304460206, -3.350287950190303453E-15, 33.99999999999972289 ) ) ;
#1719 = VECTOR ( 'NONE', #2022, 1000.000000000000114 ) ;
#1720 = COLOUR_RGB ( '',0.7529411764705882248, 0.7529411764705882248, 0.7529411764705882248 ) ;
#1721 =( NAMED_UNIT ( * ) PLANE_ANGLE_UNIT ( ) SI_UNIT ( $, .RADIAN. ) );
#1722 = DIRECTION ( 'NONE',  ( 1.000000000000000000, 0.000000000000000000, 0.000000000000000000 ) ) ;
#1723 = ADVANCED_FACE ( 'NONE', ( #2617 ), #3279, .F. ) ;
#1724 = AXIS2_PLACEMENT_3D ( 'NONE', #177, #554, #2035 ) ;
#1725 = CIRCLE ( 'NONE', #4614, 41.00000000000002842 ) ;
#1726 = ORIENTED_EDGE ( 'NONE', *, *, #2430, .T. ) ;
#1727 = EDGE_LOOP ( 'NONE', ( #4187, #419 ) ) ;
#1728 = CARTESIAN_POINT ( 'NONE',  ( 12.61925473174481560, 105.3137084989847381, -52.65685424949266036 ) ) ;
#1729 = CARTESIAN_POINT ( 'NONE',  ( -0.8807452682551838441, -8.034441853748745643, -26.32746942367426257 ) ) ;
#1730 = ORIENTED_EDGE ( 'NONE', *, *, #4827, .T. ) ;
#1731 = CARTESIAN_POINT ( 'NONE',  ( 3.997934388185172327, -9.517208832279603011E-16, -2.983724378680108202E-13 ) ) ;
#1732 = DIRECTION ( 'NONE',  ( 1.000000000000000000, 0.000000000000000000, 0.000000000000000000 ) ) ;
#1733 = SURFACE_SIDE_STYLE ('',( #3552 ) ) ;
#1734 = CARTESIAN_POINT ( 'NONE',  ( 0.1192547317448161698, 8.034441853748909068, 26.32746942367361243 ) ) ;
#1735 = DIRECTION ( 'NONE',  ( 0.000000000000000000, 1.000000000000000000, 0.000000000000000000 ) ) ;
#1736 = CARTESIAN_POINT ( 'NONE',  ( 10.58372082581209384, -84.00000000000004263, 41.99999999999972289 ) ) ;
#1737 = CARTESIAN_POINT ( 'NONE',  ( -11.34521136232246441, -3.350287950190303847E-15, -50.00000000000031974 ) ) ;
#1738 = SURFACE_SIDE_STYLE ('',( #259 ) ) ;
#1739 = FACE_OUTER_BOUND ( 'NONE', #2749, .T. ) ;
#1740 = CARTESIAN_POINT ( 'NONE',  ( 6.240575075304461095, 68.00000000000005684, 33.99999999999972289 ) ) ;
#1741 = DIRECTION ( 'NONE',  ( 0.000000000000000000, 0.000000000000000000, 1.000000000000000000 ) ) ;
#1742 = CARTESIAN_POINT ( 'NONE',  ( 0.6547886376775576833, -76.00000000000002842, 37.99999999999971578 ) ) ;
#1743 = DIRECTION ( 'NONE',  ( 0.000000000000000000, 0.000000000000000000, -1.000000000000000000 ) ) ;
#1744 = CIRCLE ( 'NONE', #2714, 47.00000000000000000 ) ;
#1745 = VERTEX_POINT ( 'NONE', #1041 ) ;
#1746 = ORIENTED_EDGE ( 'NONE', *, *, #212, .F. ) ;
#1747 = CARTESIAN_POINT ( 'NONE',  ( -3.002065611814829893, -3.350287950190303453E-15, -34.00000000000031974 ) ) ;
#1748 = EDGE_CURVE ( 'NONE', #4678, #2089, #4648, .T. ) ;
#1749 = AXIS2_PLACEMENT_3D ( 'NONE', #965, #2823, #3953 ) ;
#1750 = CARTESIAN_POINT ( 'NONE',  ( -3.345211362322442650, -3.350287950190303847E-15, 37.99999999999971578 ) ) ;
#1751 = SURFACE_STYLE_FILL_AREA ( #3613 ) ;
#1752 = COLOUR_RGB ( '',0.7529411764705882248, 0.7529411764705882248, 0.7529411764705882248 ) ;
#1753 = ORIENTED_EDGE ( 'NONE', *, *, #2079, .F. ) ;
#1754 = ADVANCED_FACE ( 'NONE', ( #4055 ), #3580, .F. ) ;
#1755 = CARTESIAN_POINT ( 'NONE',  ( 6.583720825812071631, -3.350287950190303453E-15, 37.99999999999970868 ) ) ;
#1756 = CARTESIAN_POINT ( 'NONE',  ( -14.88074526825518618, 5.834563043414844886E-15, -50.00000000000029843 ) ) ;
#1757 = DIRECTION ( 'NONE',  ( -1.000000000000000000, 0.000000000000000000, 0.000000000000000000 ) ) ;
#1758 = DIRECTION ( 'NONE',  ( 0.000000000000000000, 0.000000000000000000, -1.000000000000000000 ) ) ;
#1759 =( LENGTH_UNIT ( ) NAMED_UNIT ( * ) SI_UNIT ( .MILLI., .METRE. ) );
#1760 = EDGE_CURVE ( 'NONE', #1632, #4183, #222, .T. ) ;
#1761 = CARTESIAN_POINT ( 'NONE',  ( 2.240575075304460650, 68.00000000000005684, -34.00000000000032685 ) ) ;
#1762 = STYLED_ITEM ( 'NONE', ( #2928 ), #1870 ) ;
#1763 =( LENGTH_UNIT ( ) NAMED_UNIT ( * ) SI_UNIT ( .MILLI., .METRE. ) );
#1764 = CARTESIAN_POINT ( 'NONE',  ( -15.34521136232246796, 100.0000000000000568, 49.99999999999974420 ) ) ;
#1765 = PRESENTATION_LAYER_ASSIGNMENT (  '', '', ( #922 ) ) ;
#1766 = CARTESIAN_POINT ( 'NONE',  ( -12.34521136232246974, -3.350287950190304636E-15, 42.34314575050734675 ) ) ;
#1767 = AXIS2_PLACEMENT_3D ( 'NONE', #2929, #2203, #2512 ) ;
#1768 = CARTESIAN_POINT ( 'NONE',  ( 6.240575075304461095, 68.00000000000005684, -34.00000000000032685 ) ) ;
#1769 = SURFACE_SIDE_STYLE ('',( #996 ) ) ;
#1770 = PLANE ( 'NONE',  #1948 ) ;
#1771 = CARTESIAN_POINT ( 'NONE',  ( 0.6547886376775575723, -3.350287950190303453E-15, -46.00000000000030553 ) ) ;
#1772 = CARTESIAN_POINT ( 'NONE',  ( 0.1192547317448161698, -21.03444185374872433, -16.88241655960448284 ) ) ;
#1773 = ORIENTED_EDGE ( 'NONE', *, *, #4861, .F. ) ;
#1774 = CARTESIAN_POINT ( 'NONE',  ( 2.790827606998623978, -3.350287950190303847E-15, -37.00000000000031264 ) ) ;
#1775 = EDGE_LOOP ( 'NONE', ( #3059, #3987, #2621, #563 ) ) ;
#1776 = CARTESIAN_POINT ( 'NONE',  ( -7.002065611814828117, 84.00000000000004263, 41.99999999999972289 ) ) ;
#1777 = CARTESIAN_POINT ( 'NONE',  ( 0.6547886376775576833, -76.00000000000002842, -38.00000000000031974 ) ) ;
#1778 = ORIENTED_EDGE ( 'NONE', *, *, #990, .T. ) ;
#1779 = DIRECTION ( 'NONE',  ( -1.000000000000000000, -2.710505431213761855E-18, -0.000000000000000000 ) ) ;
#1780 = FACE_BOUND ( 'NONE', #484, .T. ) ;
#1781 = CLOSED_SHELL ( 'NONE', ( #3155, #1472, #1754, #1670, #4800, #4708, #4664, #1412, #189, #1298, #4579, #3129, #530, #2587, #959, #3295, #2524, #3325, #1870, #3603, #605, #4448, #4538, #4093, #841, #1958, #29, #4235, #3247, #4204, #2236, #1967, #4745, #3579, #2612, #2826, #1217, #1172, #1461, #1106, #1283, #2210, #69, #249, #1561, #4778, #2042, #2179, #3944, #2136, #689, #814, #2269, #3974, #3883, #1406, #1723, #2803, #1865, #3028, #2798, #2912, #4106, #3968, #4032, #2438, #1324, #3523, #1988, #3011, #1245, #1922, #422, #1493, #237, #3103, #696, #2012, #1429, #534, #2748, #2809, #4335, #3573 ) ) ;
#1782 = EDGE_CURVE ( 'NONE', #1311, #1350, #2235, .T. ) ;
#1783 = FILL_AREA_STYLE ('',( #304 ) ) ;
#1784 = PRESENTATION_STYLE_ASSIGNMENT (( #4027 ) ) ;
#1785 = SURFACE_STYLE_USAGE ( .BOTH. , #2569 ) ;
#1786 = CARTESIAN_POINT ( 'NONE',  ( -7.345211362322466186, 100.0000000000000568, 49.99999999999974420 ) ) ;
#1787 = STYLED_ITEM ( 'NONE', ( #1130 ), #3579 ) ;
#1788 = DIRECTION ( 'NONE',  ( 1.000000000000000000, 0.000000000000000000, 0.000000000000000000 ) ) ;
#1789 = CARTESIAN_POINT ( 'NONE',  ( -12.88074526825518618, 90.14213562373090838, 45.07106781186516997 ) ) ;
#1790 = FILL_AREA_STYLE ('',( #2963 ) ) ;
#1791 = AXIS2_PLACEMENT_3D ( 'NONE', #2006, #3581, #3887 ) ;
#1792 = CARTESIAN_POINT ( 'NONE',  ( -3.345211362322442650, -3.350287950190303847E-15, 37.99999999999971578 ) ) ;
#1793 =( GEOMETRIC_REPRESENTATION_CONTEXT ( 3 ) GLOBAL_UNCERTAINTY_ASSIGNED_CONTEXT ( ( #379 ) ) GLOBAL_UNIT_ASSIGNED_CONTEXT ( ( #1636, #3927, #1656 ) ) REPRESENTATION_CONTEXT ( 'NONE', 'WORKASPACE' ) );
#1794 = ORIENTED_EDGE ( 'NONE', *, *, #475, .T. ) ;
#1795 = CARTESIAN_POINT ( 'NONE',  ( 2.790827606998624866, -74.00000000000002842, 36.99999999999971578 ) ) ;
#1796 = EDGE_LOOP ( 'NONE', ( #957, #1888, #3919, #4462 ) ) ;
#1797 = AXIS2_PLACEMENT_3D ( 'NONE', #2755, #1255, #4646 ) ;
#1798 = CARTESIAN_POINT ( 'NONE',  ( -8.880745268255186176, -106.1421356237309652, -53.07106781186576683 ) ) ;
#1799 = CARTESIAN_POINT ( 'NONE',  ( -7.002065611814828117, -68.00000000000005684, -34.00000000000032685 ) ) ;
#1800 = PRESENTATION_STYLE_ASSIGNMENT (( #3736 ) ) ;
#1801 = AXIS2_PLACEMENT_3D ( 'NONE', #2475, #1987, #2851 ) ;
#1802 = ORIENTED_EDGE ( 'NONE', *, *, #4214, .F. ) ;
#1803 = PRODUCT_DEFINITION_FORMATION_WITH_SPECIFIED_SOURCE ( 'ÈÎºÎ', '', #1634, .NOT_KNOWN. ) ;
#1804 = SURFACE_SIDE_STYLE ('',( #1377 ) ) ;
#1805 = FACE_BOUND ( 'NONE', #4067, .T. ) ;
#1806 = DIRECTION ( 'NONE',  ( -1.000000000000000000, 0.000000000000000000, 0.000000000000000000 ) ) ;
#1807 =( NAMED_UNIT ( * ) SI_UNIT ( $, .STERADIAN. ) SOLID_ANGLE_UNIT ( ) );
#1808 =( NAMED_UNIT ( * ) SI_UNIT ( $, .STERADIAN. ) SOLID_ANGLE_UNIT ( ) );
#1809 = DIRECTION ( 'NONE',  ( -1.000000000000000000, 2.009103862151800363E-17, 0.000000000000000000 ) ) ;
#1810 = EDGE_CURVE ( 'NONE', #4317, #4839, #2399, .T. ) ;
#1811 = SURFACE_SIDE_STYLE ('',( #4140 ) ) ;
#1812 = CARTESIAN_POINT ( 'NONE',  ( 11.58372082581209384, -3.350287950190303058E-15, -42.34314575050794360 ) ) ;
#1813 = CARTESIAN_POINT ( 'NONE',  ( 6.790827606998623089, -3.350287950190303453E-15, -45.00000000000031264 ) ) ;
#1814 = CARTESIAN_POINT ( 'NONE',  ( -3.345211362322441762, -92.00000000000000000, 45.99999999999970868 ) ) ;
#1815 = ORIENTED_EDGE ( 'NONE', *, *, #2392, .F. ) ;
#1816 = CARTESIAN_POINT ( 'NONE',  ( -1.209172393001375578, 90.00000000000005684, -45.00000000000030553 ) ) ;
#1817 = ORIENTED_EDGE ( 'NONE', *, *, #870, .T. ) ;
#1818 = CARTESIAN_POINT ( 'NONE',  ( -16.88074526825518973, 106.1421356237309652, 53.07106781186519129 ) ) ;
#1819 = EDGE_CURVE ( 'NONE', #3398, #2941, #1157, .T. ) ;
#1820 = CARTESIAN_POINT ( 'NONE',  ( 0.6547886376775576833, 92.00000000000005684, -46.00000000000030553 ) ) ;
#1821 = STYLED_ITEM ( 'NONE', ( #2646 ), #2798 ) ;
#1822 = CIRCLE ( 'NONE', #3496, 39.17157287525382259 ) ;
#1823 = VERTEX_POINT ( 'NONE', #229 ) ;
#1824 = CARTESIAN_POINT ( 'NONE',  ( 6.119254731744816489, -74.00000000000004263, -37.00000000000032685 ) ) ;
#1825 =( NAMED_UNIT ( * ) PLANE_ANGLE_UNIT ( ) SI_UNIT ( $, .RADIAN. ) );
#1826 = CARTESIAN_POINT ( 'NONE',  ( -15.34521136232246796, -84.00000000000004263, 41.99999999999973710 ) ) ;
#1827 =( LENGTH_UNIT ( ) NAMED_UNIT ( * ) SI_UNIT ( .MILLI., .METRE. ) );
#1828 = CYLINDRICAL_SURFACE ( 'NONE', #1849, 37.00000000000001421 ) ;
#1829 = UNCERTAINTY_MEASURE_WITH_UNIT (LENGTH_MEASURE( 1.000000000000000082E-05 ), #1139, 'distance_accuracy_value', 'NONE');
#1830 = CARTESIAN_POINT ( 'NONE',  ( -8.880745268255186176, 90.14213562373097943, 45.07106781186517708 ) ) ;
#1831 = CARTESIAN_POINT ( 'NONE',  ( 6.240575075304460206, -7.785296719808605099E-16, 41.99999999999972289 ) ) ;
#1832 = VECTOR ( 'NONE', #4525, 1000.000000000000000 ) ;
#1833 =( NAMED_UNIT ( * ) SI_UNIT ( $, .STERADIAN. ) SOLID_ANGLE_UNIT ( ) );
#1834 = CARTESIAN_POINT ( 'NONE',  ( -3.345211362322441762, -3.350287950190303847E-15, 45.99999999999971578 ) ) ;
#1835 = UNCERTAINTY_MEASURE_WITH_UNIT (LENGTH_MEASURE( 1.000000000000000082E-05 ), #1074, 'distance_accuracy_value', 'NONE');
#1836 = EDGE_CURVE ( 'NONE', #1212, #3810, #4869, .T. ) ;
#1837 = CARTESIAN_POINT ( 'NONE',  ( 6.790827606998623978, -74.00000000000004263, 36.99999999999972289 ) ) ;
#1838 = ORIENTED_EDGE ( 'NONE', *, *, #2856, .T. ) ;
#1839 = MECHANICAL_DESIGN_GEOMETRIC_PRESENTATION_REPRESENTATION (  '', ( #2654 ), #3747 ) ;
#1840 = CARTESIAN_POINT ( 'NONE',  ( 0.1192547317448161698, -21.03444185374850406, 13.68241655960419223 ) ) ;
#1841 = COLOUR_RGB ( '',0.7529411764705882248, 0.7529411764705882248, 0.7529411764705882248 ) ;
#1842 = AXIS2_PLACEMENT_3D ( 'NONE', #1348, #2500, #4010 ) ;
#1843 = ORIENTED_EDGE ( 'NONE', *, *, #1141, .F. ) ;
#1844 = CARTESIAN_POINT ( 'NONE',  ( 6.119254731744816489, -74.00000000000004263, 36.99999999999972289 ) ) ;
#1845 = FACE_BOUND ( 'NONE', #4215, .T. ) ;
#1846 = LINE ( 'NONE', #2329, #2242 ) ;
#1847 = CARTESIAN_POINT ( 'NONE',  ( -15.34521136232246796, 100.0000000000000568, 49.99999999999974420 ) ) ;
#1848 =( LENGTH_UNIT ( ) NAMED_UNIT ( * ) SI_UNIT ( .MILLI., .METRE. ) );
#1849 = AXIS2_PLACEMENT_3D ( 'NONE', #511, #2644, #3350 ) ;
#1850 = CARTESIAN_POINT ( 'NONE',  ( -6.380745268255187064, -41.00000000000002842, -2.983724378680108202E-13 ) ) ;
#1851 =( NAMED_UNIT ( * ) PLANE_ANGLE_UNIT ( ) SI_UNIT ( $, .RADIAN. ) );
#1852 = VERTEX_POINT ( 'NONE', #4797 ) ;
#1853 = SURFACE_SIDE_STYLE ('',( #2676 ) ) ;
#1854 = STYLED_ITEM ( 'NONE', ( #2255 ), #4204 ) ;
#1855 = SURFACE_STYLE_USAGE ( .BOTH. , #2618 ) ;
#1856 = CARTESIAN_POINT ( 'NONE',  ( 12.11925473174482093, -3.350287950190303847E-15, -45.07106781186575262 ) ) ;
#1857 = CARTESIAN_POINT ( 'NONE',  ( -7.002065611814828117, -84.00000000000004263, 41.99999999999972289 ) ) ;
#1858 =( NAMED_UNIT ( * ) PLANE_ANGLE_UNIT ( ) SI_UNIT ( $, .RADIAN. ) );
#1859 = COLOUR_RGB ( '',0.7529411764705882248, 0.7529411764705882248, 0.7529411764705882248 ) ;
#1860 = VERTEX_POINT ( 'NONE', #4392 ) ;
#1861 = ORIENTED_EDGE ( 'NONE', *, *, #3795, .F. ) ;
#1862 = AXIS2_PLACEMENT_3D ( 'NONE', #3960, #2370, #504 ) ;
#1863 = CARTESIAN_POINT ( 'NONE',  ( -8.880745268255186176, 90.14213562373097943, 45.07106781186517708 ) ) ;
#1864 = FILL_AREA_STYLE_COLOUR ( '', #1268 ) ;
#1865 = ADVANCED_FACE ( 'NONE', ( #2561 ), #985, .F. ) ;
#1866 = STYLED_ITEM ( 'NONE', ( #2383 ), #4335 ) ;
#1867 = ORIENTED_EDGE ( 'NONE', *, *, #3456, .F. ) ;
#1868 = CARTESIAN_POINT ( 'NONE',  ( 2.119254731744816045, -58.00000000000002842, -29.00000000000030909 ) ) ;
#1869 = FILL_AREA_STYLE_COLOUR ( '', #2873 ) ;
#1870 = ADVANCED_FACE ( 'NONE', ( #4774 ), #2098, .F. ) ;
#1871 = CARTESIAN_POINT ( 'NONE',  ( 12.11925473174481915, 90.14213562373089417, 45.07106781186514866 ) ) ;
#1872 = PRESENTATION_LAYER_ASSIGNMENT (  '', '', ( #1282 ) ) ;
#1873 = CARTESIAN_POINT ( 'NONE',  ( 2.583720825812073407, -3.350287950190303847E-15, -46.00000000000031264 ) ) ;
#1874 = CARTESIAN_POINT ( 'NONE',  ( -3.830492736561013079, -3.350287950190303847E-15, 37.99999999999971578 ) ) ;
#1875 = FACE_OUTER_BOUND ( 'NONE', #4012, .T. ) ;
#1876 = UNCERTAINTY_MEASURE_WITH_UNIT (LENGTH_MEASURE( 1.000000000000000082E-05 ), #1224, 'distance_accuracy_value', 'NONE');
#1877 = SURFACE_STYLE_USAGE ( .BOTH. , #3460 ) ;
#1878 = CARTESIAN_POINT ( 'NONE',  ( 2.119254731744816045, 58.00000000000002842, 28.99999999999971223 ) ) ;
#1879 = DIRECTION ( 'NONE',  ( 0.000000000000000000, 0.000000000000000000, 1.000000000000000000 ) ) ;
#1880 = CARTESIAN_POINT ( 'NONE',  ( 16.11925473174482093, 90.14213562373090838, -45.07106781186575262 ) ) ;
#1881 = CARTESIAN_POINT ( 'NONE',  ( -7.002065611814828117, 68.00000000000005684, 33.99999999999972289 ) ) ;
#1882 = DIRECTION ( 'NONE',  ( 1.000000000000000000, -0.000000000000000000, 0.000000000000000000 ) ) ;
#1883 = SURFACE_SIDE_STYLE ('',( #53 ) ) ;
#1884 = ORIENTED_EDGE ( 'NONE', *, *, #3427, .T. ) ;
#1885 = UNCERTAINTY_MEASURE_WITH_UNIT (LENGTH_MEASURE( 1.000000000000000082E-05 ), #784, 'distance_accuracy_value', 'NONE');
#1886 = ORIENTED_EDGE ( 'NONE', *, *, #1399, .T. ) ;
#1887 = SURFACE_SIDE_STYLE ('',( #3840 ) ) ;
#1888 = ORIENTED_EDGE ( 'NONE', *, *, #906, .T. ) ;
#1889 = CARTESIAN_POINT ( 'NONE',  ( -3.345211362322442650, -1.023459031810331891E-15, 37.99999999999971578 ) ) ;
#1890 = FILL_AREA_STYLE_COLOUR ( '', #4340 ) ;
#1891 = CARTESIAN_POINT ( 'NONE',  ( -0.8807452682551838441, 21.03444185374883446, 15.28241655960373180 ) ) ;
#1892 = EDGE_CURVE ( 'NONE', #2733, #2609, #4559, .T. ) ;
#1893 = ORIENTED_EDGE ( 'NONE', *, *, #2934, .T. ) ;
#1894 = CARTESIAN_POINT ( 'NONE',  ( -1.880745268255183289, 74.00000000000004263, -37.00000000000032685 ) ) ;
#1895 = CARTESIAN_POINT ( 'NONE',  ( -0.8807452682551838441, 8.034441853748562679, -24.72746942367432155 ) ) ;
#1896 = MECHANICAL_DESIGN_GEOMETRIC_PRESENTATION_REPRESENTATION (  '', ( #1821 ), #661 ) ;
#1897 = ORIENTED_EDGE ( 'NONE', *, *, #1277, .T. ) ;
#1898 = CARTESIAN_POINT ( 'NONE',  ( -15.34521136232246441, -3.350287950190303453E-15, -50.00000000000031974 ) ) ;
#1899 = CARTESIAN_POINT ( 'NONE',  ( 0.1192547317448160588, -3.350287950190303453E-15, -33.00000000000031264 ) ) ;
#1900 = DIRECTION ( 'NONE',  ( 1.000000000000000000, -0.000000000000000000, 0.000000000000000000 ) ) ;
#1901 = CARTESIAN_POINT ( 'NONE',  ( 2.583720825812074295, 92.00000000000000000, -46.00000000000030553 ) ) ;
#1902 = CARTESIAN_POINT ( 'NONE',  ( -3.345211362322442650, -1.023459031810331891E-15, -2.983724378680108202E-13 ) ) ;
#1903 = ORIENTED_EDGE ( 'NONE', *, *, #448, .T. ) ;
#1904 = EDGE_CURVE ( 'NONE', #1852, #1076, #2747, .T. ) ;
#1905 = MECHANICAL_DESIGN_GEOMETRIC_PRESENTATION_REPRESENTATION (  '', ( #3900 ), #4705 ) ;
#1906 = DIRECTION ( 'NONE',  ( 1.000000000000000000, -0.000000000000000000, 0.000000000000000000 ) ) ;
#1907 = COLOUR_RGB ( '',0.7529411764705882248, 0.7529411764705882248, 0.7529411764705882248 ) ;
#1908 = CARTESIAN_POINT ( 'NONE',  ( -1.880745268255183289, 74.00000000000004263, 36.99999999999972289 ) ) ;
#1909 = DIRECTION ( 'NONE',  ( 0.000000000000000000, 0.000000000000000000, -1.000000000000000000 ) ) ;
#1910 = VECTOR ( 'NONE', #2732, 1000.000000000000000 ) ;
#1911 = PRESENTATION_LAYER_ASSIGNMENT (  '', '', ( #3661 ) ) ;
#1912 = EDGE_LOOP ( 'NONE', ( #1949, #3141, #266, #1620, #815, #838 ) ) ;
#1913 = DIRECTION ( 'NONE',  ( 4.106826410929939316E-19, 1.000000000000000000, 0.000000000000000000 ) ) ;
#1914 = ORIENTED_EDGE ( 'NONE', *, *, #1500, .T. ) ;
#1915 =( NAMED_UNIT ( * ) SI_UNIT ( $, .STERADIAN. ) SOLID_ANGLE_UNIT ( ) );
#1916 = MECHANICAL_DESIGN_GEOMETRIC_PRESENTATION_REPRESENTATION (  '', ( #3510 ), #3275 ) ;
#1917 = VERTEX_POINT ( 'NONE', #4592 ) ;
#1918 = CARTESIAN_POINT ( 'NONE',  ( 2.119254731744816045, -74.00000000000002842, -37.00000000000030553 ) ) ;
#1919 = PRESENTATION_LAYER_ASSIGNMENT (  '', '', ( #2406 ) ) ;
#1920 = SURFACE_STYLE_FILL_AREA ( #3478 ) ;
#1921 = CARTESIAN_POINT ( 'NONE',  ( -1.209172393001375578, 90.00000000000005684, -45.00000000000030553 ) ) ;
#1922 = ADVANCED_FACE ( 'NONE', ( #31 ), #3397, .F. ) ;
#1923 = MECHANICAL_DESIGN_GEOMETRIC_PRESENTATION_REPRESENTATION (  '', ( #2169 ), #1936 ) ;
#1924 = CARTESIAN_POINT ( 'NONE',  ( 16.61925473174482093, -105.3137084989847381, 52.65685424949207061 ) ) ;
#1925 = SURFACE_STYLE_USAGE ( .BOTH. , #4539 ) ;
#1926 = CARTESIAN_POINT ( 'NONE',  ( 14.58372082581209916, -84.00000000000004263, -42.00000000000031974 ) ) ;
#1927 = CARTESIAN_POINT ( 'NONE',  ( 10.58372082581209739, -7.785296719808605099E-16, -2.983724378680108202E-13 ) ) ;
#1928 = CARTESIAN_POINT ( 'NONE',  ( 2.583720825812073407, 76.00000000000001421, -38.00000000000031264 ) ) ;
#1929 = SURFACE_STYLE_USAGE ( .BOTH. , #1091 ) ;
#1930 = EDGE_CURVE ( 'NONE', #4796, #2291, #2325, .T. ) ;
#1931 = STYLED_ITEM ( 'NONE', ( #4138 ), #29 ) ;
#1932 = DIRECTION ( 'NONE',  ( 3.535124775820240284E-17, -1.000000000000000000, 0.000000000000000000 ) ) ;
#1933 = CARTESIAN_POINT ( 'NONE',  ( 8.119254731744817377, 106.1421356237308942, 53.07106781186514866 ) ) ;
#1934 = CARTESIAN_POINT ( 'NONE',  ( -7.002065611814829893, -3.350287950190303847E-15, 33.99999999999972289 ) ) ;
#1935 = CARTESIAN_POINT ( 'NONE',  ( -12.88074526825518618, 90.14213562373090838, -45.07106781186576683 ) ) ;
#1936 =( GEOMETRIC_REPRESENTATION_CONTEXT ( 3 ) GLOBAL_UNCERTAINTY_ASSIGNED_CONTEXT ( ( #4888 ) ) GLOBAL_UNIT_ASSIGNED_CONTEXT ( ( #4084, #730, #4450 ) ) REPRESENTATION_CONTEXT ( 'NONE', 'WORKASPACE' ) );
#1937 = VERTEX_POINT ( 'NONE', #1675 ) ;
#1938 = UNCERTAINTY_MEASURE_WITH_UNIT (LENGTH_MEASURE( 1.000000000000000082E-05 ), #4681, 'distance_accuracy_value', 'NONE');
#1939 = EDGE_LOOP ( 'NONE', ( #1556, #23, #3491, #2533, #3074 ) ) ;
#1940 = CARTESIAN_POINT ( 'NONE',  ( 0.1192547317448160588, -3.350287950190303453E-15, -33.00000000000031264 ) ) ;
#1941 = VERTEX_POINT ( 'NONE', #4314 ) ;
#1942 = CARTESIAN_POINT ( 'NONE',  ( 2.790827606998623978, -1.084691371767699662E-15, 36.99999999999971578 ) ) ;
#1943 = CARTESIAN_POINT ( 'NONE',  ( 10.58372082581209384, 84.00000000000004263, -42.00000000000031974 ) ) ;
#1944 = SURFACE_SIDE_STYLE ('',( #2324 ) ) ;
#1945 = VECTOR ( 'NONE', #4684, 1000.000000000000000 ) ;
#1946 = COLOUR_RGB ( '',0.7529411764705882248, 0.7529411764705882248, 0.7529411764705882248 ) ;
#1947 = CARTESIAN_POINT ( 'NONE',  ( 2.119254731744816045, 58.00000000000002842, 28.99999999999971223 ) ) ;
#1948 = AXIS2_PLACEMENT_3D ( 'NONE', #4808, #4451, #1044 ) ;
#1949 = ORIENTED_EDGE ( 'NONE', *, *, #3820, .F. ) ;
#1950 = CARTESIAN_POINT ( 'NONE',  ( -7.345211362322466186, -3.350287950190303453E-15, 49.99999999999972999 ) ) ;
#1951 = MECHANICAL_DESIGN_GEOMETRIC_PRESENTATION_REPRESENTATION (  '', ( #241 ), #4104 ) ;
#1952 = CARTESIAN_POINT ( 'NONE',  ( 10.58372082581209384, -100.0000000000000284, -50.00000000000030553 ) ) ;
#1953 = FACE_OUTER_BOUND ( 'NONE', #2810, .T. ) ;
#1954 = CARTESIAN_POINT ( 'NONE',  ( 1.119254731744806497, -3.350287950190303453E-15, 36.99999999999970157 ) ) ;
#1955 =( GEOMETRIC_REPRESENTATION_CONTEXT ( 3 ) GLOBAL_UNCERTAINTY_ASSIGNED_CONTEXT ( ( #430 ) ) GLOBAL_UNIT_ASSIGNED_CONTEXT ( ( #2082, #2445, #3210 ) ) REPRESENTATION_CONTEXT ( 'NONE', 'WORKASPACE' ) );
#1956 = MECHANICAL_DESIGN_GEOMETRIC_PRESENTATION_REPRESENTATION (  '', ( #4112 ), #14 ) ;
#1957 = CYLINDRICAL_SURFACE ( 'NONE', #1521, 1.600000000000004086 ) ;
#1958 = ADVANCED_FACE ( 'NONE', ( #910 ), #156, .F. ) ;
#1959 = CARTESIAN_POINT ( 'NONE',  ( 10.58372082581209384, -84.00000000000004263, -42.00000000000031974 ) ) ;
#1960 = CARTESIAN_POINT ( 'NONE',  ( -11.00206561181482989, -3.350287950190303453E-15, -34.00000000000031974 ) ) ;
#1961 = CARTESIAN_POINT ( 'NONE',  ( 14.11925473174481915, -2.886709523219207555E-16, 49.99999999999970157 ) ) ;
#1962 = ORIENTED_EDGE ( 'NONE', *, *, #540, .F. ) ;
#1963 = DIRECTION ( 'NONE',  ( 0.000000000000000000, 0.000000000000000000, -1.000000000000000000 ) ) ;
#1964 = FACE_OUTER_BOUND ( 'NONE', #2215, .T. ) ;
#1965 = PRESENTATION_STYLE_ASSIGNMENT (( #3102 ) ) ;
#1966 =( NAMED_UNIT ( * ) PLANE_ANGLE_UNIT ( ) SI_UNIT ( $, .RADIAN. ) );
#1967 = ADVANCED_FACE ( 'NONE', ( #509 ), #4073, .T. ) ;
#1968 =( NAMED_UNIT ( * ) SI_UNIT ( $, .STERADIAN. ) SOLID_ANGLE_UNIT ( ) );
#1969 = CARTESIAN_POINT ( 'NONE',  ( 2.790827606998623978, -3.350287950190303847E-15, -45.00000000000031264 ) ) ;
#1970 = ORIENTED_EDGE ( 'NONE', *, *, #1012, .T. ) ;
#1971 = SURFACE_STYLE_USAGE ( .BOTH. , #491 ) ;
#1972 = CARTESIAN_POINT ( 'NONE',  ( 6.583720825812098276, -84.00000000000004263, -42.00000000000031974 ) ) ;
#1973 = FILL_AREA_STYLE_COLOUR ( '', #1907 ) ;
#1974 = CARTESIAN_POINT ( 'NONE',  ( -0.8807452682551838441, -8.034441853748399254, 24.72746942367377798 ) ) ;
#1975 = CIRCLE ( 'NONE', #3107, 50.00000000000000000 ) ;
#1976 = LINE ( 'NONE', #4671, #998 ) ;
#1977 = DIRECTION ( 'NONE',  ( 1.000000000000000000, 0.000000000000000000, 0.000000000000000000 ) ) ;
#1978 = CARTESIAN_POINT ( 'NONE',  ( 0.1192547317448160588, -1.329620731597170156E-15, -2.983724378680108202E-13 ) ) ;
#1979 = COLOUR_RGB ( '',0.7529411764705882248, 0.7529411764705882248, 0.7529411764705882248 ) ;
#1980 = ORIENTED_EDGE ( 'NONE', *, *, #870, .F. ) ;
#1981 = UNCERTAINTY_MEASURE_WITH_UNIT (LENGTH_MEASURE( 1.000000000000000082E-05 ), #3742, 'distance_accuracy_value', 'NONE');
#1982 = STYLED_ITEM ( 'NONE', ( #4079 ), #1493 ) ;
#1983 = EDGE_LOOP ( 'NONE', ( #977, #1294, #978, #3380, #856 ) ) ;
#1984 = CARTESIAN_POINT ( 'NONE',  ( 8.619254731744820930, 89.31370849898476649, 44.65685424949209903 ) ) ;
#1985 = FILL_AREA_STYLE ('',( #4718 ) ) ;
#1986 = DIRECTION ( 'NONE',  ( -1.000000000000000000, 0.000000000000000000, 0.000000000000000000 ) ) ;
#1987 = DIRECTION ( 'NONE',  ( 1.000000000000000000, 0.000000000000000000, 0.000000000000000000 ) ) ;
#1988 = ADVANCED_FACE ( 'NONE', ( #577 ), #1035, .T. ) ;
#1989 = ORIENTED_EDGE ( 'NONE', *, *, #1582, .T. ) ;
#1990 = AXIS2_PLACEMENT_3D ( 'NONE', #2149, #2484, #1057 ) ;
#1991 = CARTESIAN_POINT ( 'NONE',  ( 6.119254731744816489, 58.00000000000003553, -29.00000000000032330 ) ) ;
#1992 = UNCERTAINTY_MEASURE_WITH_UNIT (LENGTH_MEASURE( 1.000000000000000082E-05 ), #28, 'distance_accuracy_value', 'NONE');
#1993 = VERTEX_POINT ( 'NONE', #4479 ) ;
#1994 = DIRECTION ( 'NONE',  ( 0.000000000000000000, 0.000000000000000000, -1.000000000000000000 ) ) ;
#1995 = AXIS2_PLACEMENT_3D ( 'NONE', #1046, #3242, #4720 ) ;
#1996 = DIRECTION ( 'NONE',  ( 0.000000000000000000, 0.000000000000000000, -1.000000000000000000 ) ) ;
#1997 = DIRECTION ( 'NONE',  ( 1.000000000000000000, 2.009103862151800363E-17, -0.000000000000000000 ) ) ;
#1998 = CYLINDRICAL_SURFACE ( 'NONE', #183, 1.600000000000000533 ) ;
#1999 = DIRECTION ( 'NONE',  ( 1.000000000000000000, 0.000000000000000000, 0.000000000000000000 ) ) ;
#2000 = CARTESIAN_POINT ( 'NONE',  ( -14.88074526825518618, -3.455516438631158638E-16, -2.983724378680108202E-13 ) ) ;
#2001 = CARTESIAN_POINT ( 'NONE',  ( 6.583720825812095612, -3.350287950190303453E-15, 41.99999999999972999 ) ) ;
#2002 = SURFACE_STYLE_USAGE ( .BOTH. , #3602 ) ;
#2003 = MECHANICAL_DESIGN_GEOMETRIC_PRESENTATION_REPRESENTATION (  '', ( #3343 ), #4886 ) ;
#2004 = VERTEX_POINT ( 'NONE', #4284 ) ;
#2005 = SURFACE_SIDE_STYLE ('',( #3913 ) ) ;
#2006 = CARTESIAN_POINT ( 'NONE',  ( 0.1192547317448161698, 21.03444185374861419, -15.28241655960463063 ) ) ;
#2007 = MECHANICAL_DESIGN_GEOMETRIC_PRESENTATION_REPRESENTATION (  '', ( #4004 ), #2670 ) ;
#2008 = CARTESIAN_POINT ( 'NONE',  ( 8.119254731744817377, -106.1421356237308942, -53.07106781186574551 ) ) ;
#2009 = VERTEX_POINT ( 'NONE', #2786 ) ;
#2010 = STYLED_ITEM ( 'NONE', ( #144 ), #4235 ) ;
#2011 = FILL_AREA_STYLE ('',( #4263 ) ) ;
#2012 = ADVANCED_FACE ( 'NONE', ( #3124 ), #2369, .F. ) ;
#2013 = CARTESIAN_POINT ( 'NONE',  ( 13.53346829411791141, -3.350287950190303453E-15, -46.24264068711956099 ) ) ;
#2014 = SURFACE_SIDE_STYLE ('',( #2429 ) ) ;
#2015 = CARTESIAN_POINT ( 'NONE',  ( -0.8807452682551838441, 21.03444185374883091, 15.28241655960373180 ) ) ;
#2016 = CIRCLE ( 'NONE', #2514, 1.600000000000000755 ) ;
#2017 = ORIENTED_EDGE ( 'NONE', *, *, #4572, .F. ) ;
#2018 = FACE_OUTER_BOUND ( 'NONE', #367, .T. ) ;
#2019 = CARTESIAN_POINT ( 'NONE',  ( -1.880745268255183289, -74.00000000000004263, 36.99999999999972289 ) ) ;
#2020 = FILL_AREA_STYLE_COLOUR ( '', #3645 ) ;
#2021 = FACE_OUTER_BOUND ( 'NONE', #2603, .T. ) ;
#2022 = DIRECTION ( 'NONE',  ( 0.4472135954999579832, 0.8944271909999157444, 0.000000000000000000 ) ) ;
#2023 = CIRCLE ( 'NONE', #2354, 39.17157287525382259 ) ;
#2024 = FACE_OUTER_BOUND ( 'NONE', #4186, .T. ) ;
#2025 = FILL_AREA_STYLE ('',( #3231 ) ) ;
#2026 = CARTESIAN_POINT ( 'NONE',  ( -12.38074526825518795, -8.397620119382284784E-16, 40.99999999999972289 ) ) ;
#2027 = FACE_OUTER_BOUND ( 'NONE', #2785, .T. ) ;
#2028 = DIRECTION ( 'NONE',  ( -1.000000000000000000, 0.000000000000000000, 0.000000000000000000 ) ) ;
#2029 = FILL_AREA_STYLE ('',( #1281 ) ) ;
#2030 = STYLED_ITEM ( 'NONE', ( #1400 ), #605 ) ;
#2031 = CARTESIAN_POINT ( 'NONE',  ( 10.24057507530445932, -3.350287950190303453E-15, -42.00000000000032685 ) ) ;
#2032 =( NAMED_UNIT ( * ) PLANE_ANGLE_UNIT ( ) SI_UNIT ( $, .RADIAN. ) );
#2033 = CIRCLE ( 'NONE', #2450, 42.00000000000002132 ) ;
#2034 = DIRECTION ( 'NONE',  ( 0.000000000000000000, 0.000000000000000000, -1.000000000000000000 ) ) ;
#2035 = DIRECTION ( 'NONE',  ( 1.355252715606880350E-18, -1.000000000000000000, 0.000000000000000000 ) ) ;
#2036 =( NAMED_UNIT ( * ) PLANE_ANGLE_UNIT ( ) SI_UNIT ( $, .RADIAN. ) );
#2037 = ORIENTED_EDGE ( 'NONE', *, *, #4127, .T. ) ;
#2038 = VERTEX_POINT ( 'NONE', #4635 ) ;
#2039 = CARTESIAN_POINT ( 'NONE',  ( 16.61925473174482093, -3.350287950190303453E-15, 52.65685424949207771 ) ) ;
#2040 = CARTESIAN_POINT ( 'NONE',  ( 14.03346829411790431, 2.262075708637509669E-15, 45.82842712474587188 ) ) ;
#2041 = UNCERTAINTY_MEASURE_WITH_UNIT (LENGTH_MEASURE( 1.000000000000000082E-05 ), #4550, 'distance_accuracy_value', 'NONE');
#2042 = ADVANCED_FACE ( 'NONE', ( #902 ), #3863, .T. ) ;
#2043 = ORIENTED_EDGE ( 'NONE', *, *, #3909, .T. ) ;
#2044 = CARTESIAN_POINT ( 'NONE',  ( 2.119254731744816933, -3.350287950190303847E-15, -37.00000000000031264 ) ) ;
#2045 = SURFACE_SIDE_STYLE ('',( #3085 ) ) ;
#2046 = FACE_OUTER_BOUND ( 'NONE', #300, .T. ) ;
#2047 = CARTESIAN_POINT ( 'NONE',  ( 11.99793438818519320, -3.350287950190303453E-15, 43.17157287525353127 ) ) ;
#2048 = EDGE_CURVE ( 'NONE', #3271, #608, #4875, .T. ) ;
#2049 = CARTESIAN_POINT ( 'NONE',  ( -14.29495883062828732, -3.350287950190301086E-15, -46.24264068711956810 ) ) ;
#2050 = CARTESIAN_POINT ( 'NONE',  ( 6.240575075304461095, 84.00000000000004263, -42.00000000000031974 ) ) ;
#2051 = CIRCLE ( 'NONE', #2626, 20.00000000000000355 ) ;
#2052 = SURFACE_STYLE_FILL_AREA ( #1661 ) ;
#2053 = CARTESIAN_POINT ( 'NONE',  ( -6.380745268255187064, -8.397620119382280840E-16, -2.983724378680108202E-13 ) ) ;
#2054 = PRESENTATION_STYLE_ASSIGNMENT (( #193 ) ) ;
#2055 = EDGE_CURVE ( 'NONE', #4162, #1852, #1667, .T. ) ;
#2056 = PRESENTATION_LAYER_ASSIGNMENT (  '', '', ( #666 ) ) ;
#2057 = CARTESIAN_POINT ( 'NONE',  ( -0.8807452682551838441, -21.03444185374850406, 16.88241655960419507 ) ) ;
#2058 = CARTESIAN_POINT ( 'NONE',  ( 6.240575075304460206, -3.350287950190303847E-15, 33.99999999999972289 ) ) ;
#2059 = PRESENTATION_STYLE_ASSIGNMENT (( #1431 ) ) ;
#2060 = DIRECTION ( 'NONE',  ( 1.000000000000000000, -3.426320245621115692E-18, 2.489367373009559838E-18 ) ) ;
#2061 = FILL_AREA_STYLE ('',( #975 ) ) ;
#2062 = EDGE_LOOP ( 'NONE', ( #2017, #3049 ) ) ;
#2063 = ORIENTED_EDGE ( 'NONE', *, *, #4723, .F. ) ;
#2064 = CARTESIAN_POINT ( 'NONE',  ( -11.00206561181482989, 84.00000000000004263, 41.99999999999973710 ) ) ;
#2065 = CARTESIAN_POINT ( 'NONE',  ( 8.619254731744820930, 105.3137084989847381, -52.65685424949268167 ) ) ;
#2066 = AXIS2_PLACEMENT_3D ( 'NONE', #4373, #893, #3571 ) ;
#2067 = CIRCLE ( 'NONE', #3503, 1.600000000000000755 ) ;
#2068 = FILL_AREA_STYLE_COLOUR ( '', #1264 ) ;
#2069 = CIRCLE ( 'NONE', #2316, 1.600000000000000755 ) ;
#2070 = PRESENTATION_LAYER_ASSIGNMENT (  '', '', ( #1453 ) ) ;
#2071 = ORIENTED_EDGE ( 'NONE', *, *, #1347, .F. ) ;
#2072 = SURFACE_SIDE_STYLE ('',( #4821 ) ) ;
#2073 = COLOUR_RGB ( '',0.7529411764705882248, 0.7529411764705882248, 0.7529411764705882248 ) ;
#2074 = FILL_AREA_STYLE_COLOUR ( '', #1145 ) ;
#2075 = AXIS2_PLACEMENT_3D ( 'NONE', #805, #1779, #2949 ) ;
#2076 = SURFACE_STYLE_USAGE ( .BOTH. , #1659 ) ;
#2077 = AXIS2_PLACEMENT_3D ( 'NONE', #2713, #1605, #4293 ) ;
#2078 = CARTESIAN_POINT ( 'NONE',  ( 6.240575075304460206, -3.350287950190303847E-15, -34.00000000000031974 ) ) ;
#2079 = EDGE_CURVE ( 'NONE', #1673, #1238, #3559, .T. ) ;
#2080 = CARTESIAN_POINT ( 'NONE',  ( 10.58372082581209739, -3.350287950190303847E-15, 41.99999999999972289 ) ) ;
#2081 = MECHANICAL_DESIGN_GEOMETRIC_PRESENTATION_REPRESENTATION (  '', ( #2494 ), #2816 ) ;
#2082 =( LENGTH_UNIT ( ) NAMED_UNIT ( * ) SI_UNIT ( .MILLI., .METRE. ) );
#2083 = CARTESIAN_POINT ( 'NONE',  ( 5.619254731744818265, -8.397620119382280840E-16, -2.983724378680108202E-13 ) ) ;
#2084 = CARTESIAN_POINT ( 'NONE',  ( 6.240575075304461095, -84.00000000000004263, -42.00000000000031974 ) ) ;
#2085 = FILL_AREA_STYLE_COLOUR ( '', #4256 ) ;
#2086 = CARTESIAN_POINT ( 'NONE',  ( 3.790827606998624866, -3.350287950190304636E-15, -37.34314575050794360 ) ) ;
#2087 = PRESENTATION_STYLE_ASSIGNMENT (( #1288 ) ) ;
#2088 = CARTESIAN_POINT ( 'NONE',  ( -4.380745268255186176, 3.446501785077507919E-15, -37.00000000000031264 ) ) ;
#2089 = VERTEX_POINT ( 'NONE', #1942 ) ;
#2090 = ORIENTED_EDGE ( 'NONE', *, *, #2489, .F. ) ;
#2091 = CIRCLE ( 'NONE', #2253, 39.17157287525382259 ) ;
#2092 = CARTESIAN_POINT ( 'NONE',  ( -7.002065611814829893, -3.350287950190303847E-15, 41.99999999999972289 ) ) ;
#2093 = CARTESIAN_POINT ( 'NONE',  ( 8.619254731744820930, -105.3137084989847381, 52.65685424949207061 ) ) ;
#2094 = CARTESIAN_POINT ( 'NONE',  ( 0.1192547317448161698, 8.034441853748909068, 24.72746942367361100 ) ) ;
#2095 = DIRECTION ( 'NONE',  ( -1.000000000000000000, 2.009103862151800363E-17, 0.000000000000000000 ) ) ;
#2096 = CONICAL_SURFACE ( 'NONE', #2426, 41.00000000000002842, 1.107148717794091963 ) ;
#2097 = ORIENTED_EDGE ( 'NONE', *, *, #2122, .F. ) ;
#2098 = CYLINDRICAL_SURFACE ( 'NONE', #1537, 1.599999999999997202 ) ;
#2099 = CARTESIAN_POINT ( 'NONE',  ( 2.583720825812073407, -3.350287950190303847E-15, 45.99999999999971578 ) ) ;
#2100 = CARTESIAN_POINT ( 'NONE',  ( 12.61925473174481560, -89.31370849898475228, 44.65685424949207771 ) ) ;
#2101 = FILL_AREA_STYLE_COLOUR ( '', #173 ) ;
#2102 = DIRECTION ( 'NONE',  ( 1.000000000000000000, -1.308737877485352904E-18, 4.027881020014465811E-18 ) ) ;
#2103 = CARTESIAN_POINT ( 'NONE',  ( 6.240575075304461095, 68.00000000000005684, -34.00000000000032685 ) ) ;
#2104 =( NAMED_UNIT ( * ) PLANE_ANGLE_UNIT ( ) SI_UNIT ( $, .RADIAN. ) );
#2105 = VECTOR ( 'NONE', #2563, 1000.000000000000000 ) ;
#2106 = EDGE_CURVE ( 'NONE', #2118, #2627, #485, .T. ) ;
#2107 =( BOUNDED_SURFACE ( )  B_SPLINE_SURFACE ( 3, 3, ( 
 ( #503, #3471, #117, #1643, #1239, #2737, #2348 ),
 ( #3862, #1984, #3508, #1218, #469, #122, #35 ),
 ( #4267, #4220, #2276, #489, #1544, #864, #3374 ),
 ( #7, #1498, #3058, #2693, #2637, #2667, #4161 ),
 ( #2251, #3030, #772, #3770, #400, #1924, #1164 ),
 ( #819, #3452, #2303, #3819, #3435, #495, #3486 ),
 ( #1594, #1170, #3114, #4275, #3459, #3137, #3039 ) ),
 .UNSPECIFIED., .T., .T., .F. ) 
 B_SPLINE_SURFACE_WITH_KNOTS ( ( 4, 3, 4 ),
 ( 4, 3, 4 ),
 ( 0.000000000000000000, 0.5000000000000000000, 1.000000000000000000 ),
 ( 0.000000000000000000, 0.5000000000000000000, 1.000000000000000000 ),
 .UNSPECIFIED. ) 
 GEOMETRIC_REPRESENTATION_ITEM ( )  RATIONAL_B_SPLINE_SURFACE ( (
 ( 1.000000000000000000, 0.3333333333333333148, 0.3333333333333333148, 1.000000000000000000, 0.3333333333333333148, 0.3333333333333333148, 1.000000000000000000),
 ( 0.3333333333333333703, 0.1111111111111111188, 0.1111111111111111188, 0.3333333333333333703, 0.1111111111111111188, 0.1111111111111111188, 0.3333333333333333703),
 ( 0.3333333333333333703, 0.1111111111111111188, 0.1111111111111111188, 0.3333333333333333703, 0.1111111111111111188, 0.1111111111111111188, 0.3333333333333333703),
 ( 1.000000000000000000, 0.3333333333333333148, 0.3333333333333333148, 1.000000000000000000, 0.3333333333333333148, 0.3333333333333333148, 1.000000000000000000),
 ( 0.3333333333333333703, 0.1111111111111111188, 0.1111111111111111188, 0.3333333333333333703, 0.1111111111111111188, 0.1111111111111111188, 0.3333333333333333703),
 ( 0.3333333333333333703, 0.1111111111111111188, 0.1111111111111111188, 0.3333333333333333703, 0.1111111111111111188, 0.1111111111111111188, 0.3333333333333333703),
 ( 1.000000000000000000, 0.3333333333333333148, 0.3333333333333333148, 1.000000000000000000, 0.3333333333333333148, 0.3333333333333333148, 1.000000000000000000) ) ) 
 REPRESENTATION_ITEM ( '' )  SURFACE ( )  );
#2108 = CARTESIAN_POINT ( 'NONE',  ( -12.88074526825518795, -3.350287950190303847E-15, 45.07106781186516997 ) ) ;
#2109 = CARTESIAN_POINT ( 'NONE',  ( 6.240575075304460206, -3.350287950190303847E-15, -34.00000000000031974 ) ) ;
#2110 = MECHANICAL_DESIGN_GEOMETRIC_PRESENTATION_REPRESENTATION (  '', ( #3476 ), #3158 ) ;
#2111 =( NAMED_UNIT ( * ) PLANE_ANGLE_UNIT ( ) SI_UNIT ( $, .RADIAN. ) );
#2112 = DIRECTION ( 'NONE',  ( -1.000000000000000000, 0.000000000000000000, 0.000000000000000000 ) ) ;
#2113 = CARTESIAN_POINT ( 'NONE',  ( -7.345211362322440429, -3.350287950190303453E-15, 37.99999999999970868 ) ) ;
#2114 = PRESENTATION_STYLE_ASSIGNMENT (( #955 ) ) ;
#2115 = EDGE_CURVE ( 'NONE', #4654, #2201, #1251, .T. ) ;
#2116 = EDGE_LOOP ( 'NONE', ( #2071, #2769 ) ) ;
#2117 = CARTESIAN_POINT ( 'NONE',  ( -3.345211362322442650, 3.630198804949611430E-15, -38.00000000000031264 ) ) ;
#2118 = VERTEX_POINT ( 'NONE', #3651 ) ;
#2119 = CARTESIAN_POINT ( 'NONE',  ( -7.002065611814829893, -3.350287950190303847E-15, -34.00000000000031974 ) ) ;
#2120 = CARTESIAN_POINT ( 'NONE',  ( 0.6547886376775575723, -3.350287950190303453E-15, 45.99999999999970157 ) ) ;
#2121 = SURFACE_STYLE_USAGE ( .BOTH. , #3967 ) ;
#2122 = EDGE_CURVE ( 'NONE', #2217, #1683, #3306, .T. ) ;
#2123 = ORIENTED_EDGE ( 'NONE', *, *, #1603, .T. ) ;
#2124 = CARTESIAN_POINT ( 'NONE',  ( -0.8807452682551838441, 8.034441853748562679, -24.72746942367432155 ) ) ;
#2125 = CARTESIAN_POINT ( 'NONE',  ( 6.583720825812076960, -76.00000000000002842, -38.00000000000031974 ) ) ;
#2126 = CARTESIAN_POINT ( 'NONE',  ( 4.826361512931361730, 40.82842712474621294, -2.983724378680108202E-13 ) ) ;
#2127 = FILL_AREA_STYLE ('',( #2515 ) ) ;
#2128 = DIRECTION ( 'NONE',  ( 1.000000000000000000, -0.000000000000000000, 0.000000000000000000 ) ) ;
#2129 = CARTESIAN_POINT ( 'NONE',  ( 14.61925473174481915, -2.886709523219207062E-16, -2.983724378680108202E-13 ) ) ;
#2130 = CARTESIAN_POINT ( 'NONE',  ( 2.240575075304460650, -68.00000000000005684, 33.99999999999973710 ) ) ;
#2131 =( NAMED_UNIT ( * ) PLANE_ANGLE_UNIT ( ) SI_UNIT ( $, .RADIAN. ) );
#2132 = CARTESIAN_POINT ( 'NONE',  ( -12.88074526825518618, 90.14213562373090838, 45.07106781186516997 ) ) ;
#2133 = CARTESIAN_POINT ( 'NONE',  ( 6.240575075304460206, -3.350287950190303847E-15, -34.00000000000031974 ) ) ;
#2134 = DIRECTION ( 'NONE',  ( 0.000000000000000000, 0.000000000000000000, 1.000000000000000000 ) ) ;
#2135 = CARTESIAN_POINT ( 'NONE',  ( -3.345211362322442650, -3.350287950190303847E-15, 37.99999999999971578 ) ) ;
#2136 = ADVANCED_FACE ( 'NONE', ( #2917 ), #1344, .T. ) ;
#2137 = CARTESIAN_POINT ( 'NONE',  ( 0.1192547317448161698, 8.034441853748909068, 23.12746942367360958 ) ) ;
#2138 =( GEOMETRIC_REPRESENTATION_CONTEXT ( 3 ) GLOBAL_UNCERTAINTY_ASSIGNED_CONTEXT ( ( #1505 ) ) GLOBAL_UNIT_ASSIGNED_CONTEXT ( ( #472, #165, #1250 ) ) REPRESENTATION_CONTEXT ( 'NONE', 'WORKASPACE' ) );
#2139 = ORIENTED_EDGE ( 'NONE', *, *, #1548, .T. ) ;
#2140 = FILL_AREA_STYLE ('',( #1023 ) ) ;
#2141 = EDGE_LOOP ( 'NONE', ( #2293, #3872 ) ) ;
#2142 = CARTESIAN_POINT ( 'NONE',  ( -3.002065611814829893, -84.00000000000004263, -42.00000000000031974 ) ) ;
#2143 = CIRCLE ( 'NONE', #276, 43.17157287525382969 ) ;
#2144 = CARTESIAN_POINT ( 'NONE',  ( -7.345211362322440429, -3.350287950190303453E-15, 45.99999999999970157 ) ) ;
#2145 = EDGE_CURVE ( 'NONE', #4408, #1076, #1538, .T. ) ;
#2146 = FILL_AREA_STYLE ('',( #4146 ) ) ;
#2147 = PRESENTATION_LAYER_ASSIGNMENT (  '', '', ( #1982 ) ) ;
#2148 = ORIENTED_EDGE ( 'NONE', *, *, #3517, .T. ) ;
#2149 = CARTESIAN_POINT ( 'NONE',  ( -0.3807452682551843992, -1.084691371767699662E-15, -2.983724378680108202E-13 ) ) ;
#2150 =( LENGTH_UNIT ( ) NAMED_UNIT ( * ) SI_UNIT ( .MILLI., .METRE. ) );
#2151 = CARTESIAN_POINT ( 'NONE',  ( -0.8807452682551834000, -2.125641151042950788E-15, 19.99999999999970868 ) ) ;
#2152 =( NAMED_UNIT ( * ) SI_UNIT ( $, .STERADIAN. ) SOLID_ANGLE_UNIT ( ) );
#2153 = AXIS2_PLACEMENT_3D ( 'NONE', #4740, #4381, #599 ) ;
#2154 = FACE_OUTER_BOUND ( 'NONE', #1485, .T. ) ;
#2155 = LINE ( 'NONE', #2976, #506 ) ;
#2156 =( GEOMETRIC_REPRESENTATION_CONTEXT ( 3 ) GLOBAL_UNCERTAINTY_ASSIGNED_CONTEXT ( ( #1981 ) ) GLOBAL_UNIT_ASSIGNED_CONTEXT ( ( #3742, #3696, #4219 ) ) REPRESENTATION_CONTEXT ( 'NONE', 'WORKASPACE' ) );
#2157 = CARTESIAN_POINT ( 'NONE',  ( 10.24057507530446642, 68.00000000000005684, 33.99999999999973710 ) ) ;
#2158 = MECHANICAL_DESIGN_GEOMETRIC_PRESENTATION_REPRESENTATION (  '', ( #3348 ), #3199 ) ;
#2159 = CARTESIAN_POINT ( 'NONE',  ( 10.58372082581209739, -3.350287950190303847E-15, 49.99999999999972289 ) ) ;
#2160 = SURFACE_SIDE_STYLE ('',( #672 ) ) ;
#2161 = CARTESIAN_POINT ( 'NONE',  ( -7.345211362322466186, -84.00000000000004263, 41.99999999999973710 ) ) ;
#2162 = FILL_AREA_STYLE ('',( #4499 ) ) ;
#2163 = AXIS2_PLACEMENT_3D ( 'NONE', #4553, #3716, #740 ) ;
#2164 = SURFACE_STYLE_USAGE ( .BOTH. , #4470 ) ;
#2165 = CARTESIAN_POINT ( 'NONE',  ( -0.8807452682551842882, -1.084691371767699268E-15, 36.99999999999972289 ) ) ;
#2166 = COLOUR_RGB ( '',0.7529411764705882248, 0.7529411764705882248, 0.7529411764705882248 ) ;
#2167 = FILL_AREA_STYLE_COLOUR ( '', #3228 ) ;
#2168 = CARTESIAN_POINT ( 'NONE',  ( -7.345211362322443094, 92.00000000000005684, 45.99999999999972289 ) ) ;
#2169 = STYLED_ITEM ( 'NONE', ( #4854 ), #237 ) ;
#2170 = ORIENTED_EDGE ( 'NONE', *, *, #459, .F. ) ;
#2171 = CARTESIAN_POINT ( 'NONE',  ( -14.88074526825518618, -3.350287950190303847E-15, 49.07106781186516997 ) ) ;
#2172 = CARTESIAN_POINT ( 'NONE',  ( -8.880745268255189728, -3.350287950190303453E-15, -53.07106781186576683 ) ) ;
#2173 = CARTESIAN_POINT ( 'NONE',  ( -11.00206561181482989, -3.350287950190303453E-15, -34.00000000000031974 ) ) ;
#2174 = CARTESIAN_POINT ( 'NONE',  ( -3.345211362322441762, 76.00000000000001421, -38.00000000000031264 ) ) ;
#2175 = ORIENTED_EDGE ( 'NONE', *, *, #4173, .T. ) ;
#2176 =( LENGTH_UNIT ( ) NAMED_UNIT ( * ) SI_UNIT ( .MILLI., .METRE. ) );
#2177 = CARTESIAN_POINT ( 'NONE',  ( 3.276108981237194406, -3.350287950190303847E-15, 36.99999999999971578 ) ) ;
#2178 = DIRECTION ( 'NONE',  ( 0.000000000000000000, 0.000000000000000000, 1.000000000000000000 ) ) ;
#2179 = ADVANCED_FACE ( 'NONE', ( #1043 ), #4328, .T. ) ;
#2180 = DIRECTION ( 'NONE',  ( 0.000000000000000000, 0.000000000000000000, 1.000000000000000000 ) ) ;
#2181 = SURFACE_STYLE_FILL_AREA ( #725 ) ;
#2182 = CIRCLE ( 'NONE', #709, 43.17157287525382969 ) ;
#2183 =( NAMED_UNIT ( * ) SI_UNIT ( $, .STERADIAN. ) SOLID_ANGLE_UNIT ( ) );
#2184 = CARTESIAN_POINT ( 'NONE',  ( -15.34521136232246441, -3.350287950190303453E-15, 49.99999999999972999 ) ) ;
#2185 =( BOUNDED_SURFACE ( )  B_SPLINE_SURFACE ( 3, 3, ( 
 ( #3139, #3906, #480, #4672, #1959, #3487, #1280 ),
 ( #127, #1597, #3117, #2783, #4304, #522, #2001 ),
 ( #170, #1640, #3299, #4804, #3671, #592, #4467 ),
 ( #2159, #2888, #1450, #1064, #4828, #4445, #2955 ),
 ( #3601, #968, #3646, #671, #281, #3256, #3233 ),
 ( #704, #994, #2932, #2468, #2545, #1038, #1013 ),
 ( #2080, #4420, #4760, #4002, #1404, #1736, #257 ) ),
 .UNSPECIFIED., .T., .T., .F. ) 
 B_SPLINE_SURFACE_WITH_KNOTS ( ( 4, 3, 4 ),
 ( 4, 3, 4 ),
 ( 0.000000000000000000, 0.5000000000000000000, 1.000000000000000000 ),
 ( 0.000000000000000000, 0.5000000000000000000, 1.000000000000000000 ),
 .UNSPECIFIED. ) 
 GEOMETRIC_REPRESENTATION_ITEM ( )  RATIONAL_B_SPLINE_SURFACE ( (
 ( 1.000000000000000000, 0.3333333333333333148, 0.3333333333333333148, 1.000000000000000000, 0.3333333333333333148, 0.3333333333333333148, 1.000000000000000000),
 ( 0.3333333333333333703, 0.1111111111111111188, 0.1111111111111111188, 0.3333333333333333703, 0.1111111111111111188, 0.1111111111111111188, 0.3333333333333333703),
 ( 0.3333333333333333703, 0.1111111111111111188, 0.1111111111111111188, 0.3333333333333333703, 0.1111111111111111188, 0.1111111111111111188, 0.3333333333333333703),
 ( 1.000000000000000000, 0.3333333333333333148, 0.3333333333333333148, 1.000000000000000000, 0.3333333333333333148, 0.3333333333333333148, 1.000000000000000000),
 ( 0.3333333333333333703, 0.1111111111111111188, 0.1111111111111111188, 0.3333333333333333703, 0.1111111111111111188, 0.1111111111111111188, 0.3333333333333333703),
 ( 0.3333333333333333703, 0.1111111111111111188, 0.1111111111111111188, 0.3333333333333333703, 0.1111111111111111188, 0.1111111111111111188, 0.3333333333333333703),
 ( 1.000000000000000000, 0.3333333333333333148, 0.3333333333333333148, 1.000000000000000000, 0.3333333333333333148, 0.3333333333333333148, 1.000000000000000000) ) ) 
 REPRESENTATION_ITEM ( '' )  SURFACE ( )  );
#2186 = AXIS2_PLACEMENT_3D ( 'NONE', #2094, #2814, #3539 ) ;
#2187 = EDGE_CURVE ( 'NONE', #1619, #4690, #4244, .T. ) ;
#2188 = CARTESIAN_POINT ( 'NONE',  ( 2.790827606998623978, -1.084691371767699662E-15, -2.983724378680108202E-13 ) ) ;
#2189 = FILL_AREA_STYLE ('',( #2936 ) ) ;
#2190 = CARTESIAN_POINT ( 'NONE',  ( -0.8807452682551838441, -26.00000000000000711, -1.600000000000295852 ) ) ;
#2191 = CARTESIAN_POINT ( 'NONE',  ( 11.99793438818519320, -3.350287950190303847E-15, -43.17157287525412812 ) ) ;
#2192 = CIRCLE ( 'NONE', #1274, 46.24264068711926967 ) ;
#2193 = CARTESIAN_POINT ( 'NONE',  ( -3.345211362322441762, -76.00000000000001421, 37.99999999999971578 ) ) ;
#2194 = ORIENTED_EDGE ( 'NONE', *, *, #417, .T. ) ;
#2195 = CARTESIAN_POINT ( 'NONE',  ( 6.790827606998623089, -3.350287950190303453E-15, -45.00000000000031264 ) ) ;
#2196 = ORIENTED_EDGE ( 'NONE', *, *, #756, .F. ) ;
#2197 = CARTESIAN_POINT ( 'NONE',  ( -12.88074526825518618, 90.14213562373090838, -45.07106781186576683 ) ) ;
#2198 = CARTESIAN_POINT ( 'NONE',  ( 0.6547886376775576833, -92.00000000000005684, -46.00000000000030553 ) ) ;
#2199 = MECHANICAL_DESIGN_GEOMETRIC_PRESENTATION_REPRESENTATION (  '', ( #3305 ), #2608 ) ;
#2200 =( GEOMETRIC_REPRESENTATION_CONTEXT ( 3 ) GLOBAL_UNCERTAINTY_ASSIGNED_CONTEXT ( ( #2988 ) ) GLOBAL_UNIT_ASSIGNED_CONTEXT ( ( #3912, #3530, #3123 ) ) REPRESENTATION_CONTEXT ( 'NONE', 'WORKASPACE' ) );
#2201 = VERTEX_POINT ( 'NONE', #2165 ) ;
#2202 = CARTESIAN_POINT ( 'NONE',  ( 4.826361512931361730, -3.350287950190303847E-15, -40.82842712474651137 ) ) ;
#2203 = DIRECTION ( 'NONE',  ( 1.000000000000000000, 0.000000000000000000, 0.000000000000000000 ) ) ;
#2204 =( LENGTH_UNIT ( ) NAMED_UNIT ( * ) SI_UNIT ( .MILLI., .METRE. ) );
#2205 = EDGE_CURVE ( 'NONE', #159, #4408, #3980, .T. ) ;
#2206 = DIRECTION ( 'NONE',  ( -1.000000000000000000, 0.000000000000000000, 0.000000000000000000 ) ) ;
#2207 = FILL_AREA_STYLE ('',( #306 ) ) ;
#2208 =( LENGTH_UNIT ( ) NAMED_UNIT ( * ) SI_UNIT ( .MILLI., .METRE. ) );
#2209 = CARTESIAN_POINT ( 'NONE',  ( -0.8807452682551838441, 8.034441853748562679, -26.32746942367431942 ) ) ;
#2210 = ADVANCED_FACE ( 'NONE', ( #1365 ), #139, .T. ) ;
#2211 = CARTESIAN_POINT ( 'NONE',  ( 0.1192547317448161698, -26.00000000000000711, -1.600000000000295852 ) ) ;
#2212 = FACE_OUTER_BOUND ( 'NONE', #2875, .T. ) ;
#2213 = CARTESIAN_POINT ( 'NONE',  ( 0.6547886376775576833, 76.00000000000002842, 37.99999999999971578 ) ) ;
#2214 =( BOUNDED_SURFACE ( )  B_SPLINE_SURFACE ( 3, 3, ( 
 ( #258, #1405, #1452, #4782, #3300, #1384, #2522 ),
 ( #3647, #332, #622, #283, #3725, #2913, #2889 ),
 ( #2184, #1764, #3703, #2933, #4805, #2956, #4446 ),
 ( #1362, #646, #353, #1737, #4468, #4421, #3323 ),
 ( #1066, #1786, #1039, #4080, #4400, #2546, #1014 ),
 ( #3674, #4031, #4054, #2495, #673, #2161, #308 ),
 ( #4850, #3235, #4497, #1092, #2592, #4103, #726 ) ),
 .UNSPECIFIED., .T., .T., .F. ) 
 B_SPLINE_SURFACE_WITH_KNOTS ( ( 4, 3, 4 ),
 ( 4, 3, 4 ),
 ( 0.000000000000000000, 0.5000000000000000000, 1.000000000000000000 ),
 ( 0.000000000000000000, 0.5000000000000000000, 1.000000000000000000 ),
 .UNSPECIFIED. ) 
 GEOMETRIC_REPRESENTATION_ITEM ( )  RATIONAL_B_SPLINE_SURFACE ( (
 ( 1.000000000000000000, 0.3333333333333333148, 0.3333333333333333148, 1.000000000000000000, 0.3333333333333333148, 0.3333333333333333148, 1.000000000000000000),
 ( 0.3333333333333333703, 0.1111111111111111188, 0.1111111111111111188, 0.3333333333333333703, 0.1111111111111111188, 0.1111111111111111188, 0.3333333333333333703),
 ( 0.3333333333333333703, 0.1111111111111111188, 0.1111111111111111188, 0.3333333333333333703, 0.1111111111111111188, 0.1111111111111111188, 0.3333333333333333703),
 ( 1.000000000000000000, 0.3333333333333333148, 0.3333333333333333148, 1.000000000000000000, 0.3333333333333333148, 0.3333333333333333148, 1.000000000000000000),
 ( 0.3333333333333333703, 0.1111111111111111188, 0.1111111111111111188, 0.3333333333333333703, 0.1111111111111111188, 0.1111111111111111188, 0.3333333333333333703),
 ( 0.3333333333333333703, 0.1111111111111111188, 0.1111111111111111188, 0.3333333333333333703, 0.1111111111111111188, 0.1111111111111111188, 0.3333333333333333703),
 ( 1.000000000000000000, 0.3333333333333333148, 0.3333333333333333148, 1.000000000000000000, 0.3333333333333333148, 0.3333333333333333148, 1.000000000000000000) ) ) 
 REPRESENTATION_ITEM ( '' )  SURFACE ( )  );
#2215 = EDGE_LOOP ( 'NONE', ( #1625, #2043, #1289, #4591, #4634 ) ) ;
#2216 = CARTESIAN_POINT ( 'NONE',  ( 2.790827606998623978, -3.350287950190303847E-15, -37.00000000000031264 ) ) ;
#2217 = VERTEX_POINT ( 'NONE', #2190 ) ;
#2218 = CARTESIAN_POINT ( 'NONE',  ( -14.66435689314641344, -3.350287950190303847E-15, 46.98143681215523770 ) ) ;
#2219 = PLANE ( 'NONE',  #924 ) ;
#2220 = CARTESIAN_POINT ( 'NONE',  ( -3.345211362322441762, -3.350287950190303847E-15, 45.99999999999971578 ) ) ;
#2221 = AXIS2_PLACEMENT_3D ( 'NONE', #3701, #3746, #1063 ) ;
#2222 = VECTOR ( 'NONE', #2845, 1000.000000000000114 ) ;
#2223 = VERTEX_POINT ( 'NONE', #337 ) ;
#2224 =( NAMED_UNIT ( * ) PLANE_ANGLE_UNIT ( ) SI_UNIT ( $, .RADIAN. ) );
#2225 = FILL_AREA_STYLE ('',( #326 ) ) ;
#2226 = CARTESIAN_POINT ( 'NONE',  ( -4.759424924695541570, -3.350287950190304636E-15, -39.17157287525412102 ) ) ;
#2227 = CARTESIAN_POINT ( 'NONE',  ( -11.34521136232246441, -3.350287950190303847E-15, 49.99999999999972289 ) ) ;
#2228 = PRODUCT_DEFINITION ( 'Î´Öª', '', #1803, #3947 ) ;
#2229 = FACE_OUTER_BOUND ( 'NONE', #716, .T. ) ;
#2230 = MECHANICAL_DESIGN_GEOMETRIC_PRESENTATION_REPRESENTATION (  '', ( #587 ), #4709 ) ;
#2231 = SURFACE_STYLE_USAGE ( .BOTH. , #3748 ) ;
#2232 = CARTESIAN_POINT ( 'NONE',  ( 2.119254731744816045, -1.084691371767699662E-15, -2.983724378680108202E-13 ) ) ;
#2233 = UNCERTAINTY_MEASURE_WITH_UNIT (LENGTH_MEASURE( 1.000000000000000082E-05 ), #126, 'distance_accuracy_value', 'NONE');
#2234 = CARTESIAN_POINT ( 'NONE',  ( -0.3807452682551843992, -8.397620119382280840E-16, -2.983724378680108202E-13 ) ) ;
#2235 = CIRCLE ( 'NONE', #2075, 20.00000000000000355 ) ;
#2236 = ADVANCED_FACE ( 'NONE', ( #4141 ), #4885, .T. ) ;
#2237 = CARTESIAN_POINT ( 'NONE',  ( -12.88074526825518795, -3.350287950190303847E-15, 45.07106781186516997 ) ) ;
#2238 =( NAMED_UNIT ( * ) SI_UNIT ( $, .STERADIAN. ) SOLID_ANGLE_UNIT ( ) );
#2239 = CARTESIAN_POINT ( 'NONE',  ( 8.119254731744817377, -90.14213562373090838, 45.07106781186517708 ) ) ;
#2240 = AXIS2_PLACEMENT_3D ( 'NONE', #650, #3959, #1741 ) ;
#2241 = UNCERTAINTY_MEASURE_WITH_UNIT (LENGTH_MEASURE( 1.000000000000000082E-05 ), #4744, 'distance_accuracy_value', 'NONE');
#2242 = VECTOR ( 'NONE', #3105, 1000.000000000000000 ) ;
#2243 = CARTESIAN_POINT ( 'NONE',  ( -1.209172393001374690, -3.350287950190303453E-15, -37.00000000000029843 ) ) ;
#2244 = ORIENTED_EDGE ( 'NONE', *, *, #3917, .F. ) ;
#2245 = CARTESIAN_POINT ( 'NONE',  ( -12.88074526825518795, -3.350287950190303847E-15, -45.07106781186576683 ) ) ;
#2246 =( BOUNDED_CURVE ( )  B_SPLINE_CURVE ( 3, ( #3761, #2218, #1154, #2171 ),
 .UNSPECIFIED., .F., .F. ) 
 B_SPLINE_CURVE_WITH_KNOTS ( ( 4, 4 ),
 ( 0.1464466094067261026, 0.2500000000000001665 ),
 .UNSPECIFIED. ) 
 CURVE ( )  GEOMETRIC_REPRESENTATION_ITEM ( )  RATIONAL_B_SPLINE_CURVE ( ( 0.5857864376269051876, 0.5285954792089683218, 0.4999999999999999445, 0.5000000000000000000 ) ) 
 REPRESENTATION_ITEM ( '' )  );
#2247 = VECTOR ( 'NONE', #1367, 1000.000000000000000 ) ;
#2248 = ORIENTED_EDGE ( 'NONE', *, *, #3211, .F. ) ;
#2249 = CARTESIAN_POINT ( 'NONE',  ( 16.11925473174482093, -3.350287950190303453E-15, -45.07106781186574551 ) ) ;
#2250 = CYLINDRICAL_SURFACE ( 'NONE', #692, 1.599999999999997202 ) ;
#2251 = CARTESIAN_POINT ( 'NONE',  ( 16.61925473174482093, -3.350287950190303453E-15, 52.65685424949207771 ) ) ;
#2252 = DIRECTION ( 'NONE',  ( 0.000000000000000000, 0.000000000000000000, 1.000000000000000000 ) ) ;
#2253 = AXIS2_PLACEMENT_3D ( 'NONE', #1477, #1119, #2615 ) ;
#2254 = CARTESIAN_POINT ( 'NONE',  ( 2.583720825812073407, -3.350287950190303847E-15, 37.99999999999971578 ) ) ;
#2255 = PRESENTATION_STYLE_ASSIGNMENT (( #1929 ) ) ;
#2256 = DIRECTION ( 'NONE',  ( 1.000000000000000000, 0.000000000000000000, 0.000000000000000000 ) ) ;
#2257 = ORIENTED_EDGE ( 'NONE', *, *, #2423, .T. ) ;
#2258 = FACE_BOUND ( 'NONE', #4268, .T. ) ;
#2259 =( GEOMETRIC_REPRESENTATION_CONTEXT ( 3 ) GLOBAL_UNCERTAINTY_ASSIGNED_CONTEXT ( ( #4195 ) ) GLOBAL_UNIT_ASSIGNED_CONTEXT ( ( #2208, #3034, #77 ) ) REPRESENTATION_CONTEXT ( 'NONE', 'WORKASPACE' ) );
#2260 = CARTESIAN_POINT ( 'NONE',  ( -3.002065611814829893, 84.00000000000004263, -42.00000000000031974 ) ) ;
#2261 = STYLED_ITEM ( 'NONE', ( #1015 ), #3325 ) ;
#2262 = EDGE_CURVE ( 'NONE', #1132, #159, #4562, .T. ) ;
#2263 = ORIENTED_EDGE ( 'NONE', *, *, #3724, .F. ) ;
#2264 = ORIENTED_EDGE ( 'NONE', *, *, #298, .F. ) ;
#2265 = CARTESIAN_POINT ( 'NONE',  ( 6.790827606998623978, -90.00000000000005684, 44.99999999999972289 ) ) ;
#2266 = ORIENTED_EDGE ( 'NONE', *, *, #2663, .T. ) ;
#2267 = CIRCLE ( 'NONE', #1791, 1.600000000000000755 ) ;
#2268 = FILL_AREA_STYLE ('',( #1890 ) ) ;
#2269 = ADVANCED_FACE ( 'NONE', ( #2597 ), #2983, .F. ) ;
#2270 = AXIS2_PLACEMENT_3D ( 'NONE', #4799, #1398, #253 ) ;
#2271 = VERTEX_POINT ( 'NONE', #4605 ) ;
#2272 = CARTESIAN_POINT ( 'NONE',  ( -1.880745268255183289, -58.00000000000003553, -29.00000000000032330 ) ) ;
#2273 = STYLED_ITEM ( 'NONE', ( #2470 ), #4778 ) ;
#2274 = FILL_AREA_STYLE ('',( #1869 ) ) ;
#2275 = EDGE_CURVE ( 'NONE', #2217, #2462, #3826, .T. ) ;
#2276 = CARTESIAN_POINT ( 'NONE',  ( 8.619254731744820930, 105.3137084989847381, -52.65685424949268167 ) ) ;
#2277 = AXIS2_PLACEMENT_3D ( 'NONE', #618, #2102, #4801 ) ;
#2278 = CARTESIAN_POINT ( 'NONE',  ( -15.34521136232246441, -3.350287950190303453E-15, 49.99999999999972999 ) ) ;
#2279 = CARTESIAN_POINT ( 'NONE',  ( 10.58372082581209384, -84.00000000000004263, 41.99999999999972289 ) ) ;
#2280 = FILL_AREA_STYLE_COLOUR ( '', #4250 ) ;
#2281 = CARTESIAN_POINT ( 'NONE',  ( 6.583720825812076960, -92.00000000000005684, 45.99999999999972289 ) ) ;
#2282 = DIRECTION ( 'NONE',  ( 1.000000000000000000, -0.000000000000000000, 0.000000000000000000 ) ) ;
#2283 = ORIENTED_EDGE ( 'NONE', *, *, #2723, .T. ) ;
#2284 = UNCERTAINTY_MEASURE_WITH_UNIT (LENGTH_MEASURE( 1.000000000000000082E-05 ), #3728, 'distance_accuracy_value', 'NONE');
#2285 = CARTESIAN_POINT ( 'NONE',  ( 2.119254731744816045, -3.350287950190303847E-15, 28.99999999999971934 ) ) ;
#2286 = PRESENTATION_STYLE_ASSIGNMENT (( #4175 ) ) ;
#2287 = SURFACE_STYLE_USAGE ( .BOTH. , #4177 ) ;
#2288 = CARTESIAN_POINT ( 'NONE',  ( -11.00206561181482989, -3.350287950190303453E-15, -42.00000000000032685 ) ) ;
#2289 = DIRECTION ( 'NONE',  ( -1.000000000000000000, 1.734723475976807403E-17, 4.814824860968091001E-33 ) ) ;
#2290 = UNCERTAINTY_MEASURE_WITH_UNIT (LENGTH_MEASURE( 1.000000000000000082E-05 ), #2836, 'distance_accuracy_value', 'NONE');
#2291 = VERTEX_POINT ( 'NONE', #192 ) ;
#2292 = CARTESIAN_POINT ( 'NONE',  ( 14.11925473174481915, -3.350287950190303847E-15, -49.07106781186575262 ) ) ;
#2293 = ORIENTED_EDGE ( 'NONE', *, *, #4422, .F. ) ;
#2294 = SURFACE_STYLE_USAGE ( .BOTH. , #2321 ) ;
#2295 =( NAMED_UNIT ( * ) SI_UNIT ( $, .STERADIAN. ) SOLID_ANGLE_UNIT ( ) );
#2296 = SURFACE_STYLE_USAGE ( .BOTH. , #1242 ) ;
#2297 = ORIENTED_EDGE ( 'NONE', *, *, #1489, .T. ) ;
#2298 = CARTESIAN_POINT ( 'NONE',  ( -1.880745268255183289, -74.00000000000004263, 36.99999999999972289 ) ) ;
#2299 = EDGE_CURVE ( 'NONE', #4812, #537, #2702, .T. ) ;
#2300 = PRESENTATION_LAYER_ASSIGNMENT (  '', '', ( #3022 ) ) ;
#2301 = FILL_AREA_STYLE_COLOUR ( '', #2166 ) ;
#2302 = CIRCLE ( 'NONE', #204, 42.00000000000002132 ) ;
#2303 = CARTESIAN_POINT ( 'NONE',  ( 16.61925473174482093, 89.31370849898476649, -44.65685424949267457 ) ) ;
#2304 = CARTESIAN_POINT ( 'NONE',  ( -11.34521136232246441, -3.350287950190303847E-15, 41.99999999999972289 ) ) ;
#2305 = CARTESIAN_POINT ( 'NONE',  ( 6.583720825812095612, -3.350287950190303453E-15, 49.99999999999972999 ) ) ;
#2306 = DIRECTION ( 'NONE',  ( 5.421010862427521400E-18, -1.000000000000000000, 0.000000000000000000 ) ) ;
#2307 = CARTESIAN_POINT ( 'NONE',  ( 2.583720825812073407, 76.00000000000001421, 37.99999999999971578 ) ) ;
#2308 = CARTESIAN_POINT ( 'NONE',  ( 10.58372082581209739, 4.364986884438026264E-15, -42.00000000000031974 ) ) ;
#2309 = CARTESIAN_POINT ( 'NONE',  ( 6.790827606998623089, -3.350287950190303453E-15, 36.99999999999971578 ) ) ;
#2310 =( GEOMETRIC_REPRESENTATION_CONTEXT ( 3 ) GLOBAL_UNCERTAINTY_ASSIGNED_CONTEXT ( ( #889 ) ) GLOBAL_UNIT_ASSIGNED_CONTEXT ( ( #355, #335, #2523 ) ) REPRESENTATION_CONTEXT ( 'NONE', 'WORKASPACE' ) );
#2311 = CARTESIAN_POINT ( 'NONE',  ( 6.119254731744816489, -58.00000000000003553, 28.99999999999972644 ) ) ;
#2312 = PRESENTATION_LAYER_ASSIGNMENT (  '', '', ( #1610 ) ) ;
#2313 =( NAMED_UNIT ( * ) SI_UNIT ( $, .STERADIAN. ) SOLID_ANGLE_UNIT ( ) );
#2314 = CARTESIAN_POINT ( 'NONE',  ( 16.11925473174482093, -106.1421356237308942, 53.07106781186514866 ) ) ;
#2315 = CARTESIAN_POINT ( 'NONE',  ( 0.1192547317448161698, -8.034441853748745643, -23.12746942367425973 ) ) ;
#2316 = AXIS2_PLACEMENT_3D ( 'NONE', #989, #1732, #2566 ) ;
#2317 = VECTOR ( 'NONE', #670, 1000.000000000000000 ) ;
#2318 = VERTEX_POINT ( 'NONE', #2026 ) ;
#2319 = FACE_OUTER_BOUND ( 'NONE', #3515, .T. ) ;
#2320 = ORIENTED_EDGE ( 'NONE', *, *, #4489, .F. ) ;
#2321 = SURFACE_SIDE_STYLE ('',( #4308 ) ) ;
#2322 = DIRECTION ( 'NONE',  ( 1.000000000000000000, 0.000000000000000000, 0.000000000000000000 ) ) ;
#2323 = CARTESIAN_POINT ( 'NONE',  ( -14.88074526825518618, 50.00000000000000000, -2.953596810412877845E-13 ) ) ;
#2324 = SURFACE_STYLE_FILL_AREA ( #3866 ) ;
#2325 = CIRCLE ( 'NONE', #214, 1.600000000000000755 ) ;
#2326 =( GEOMETRIC_REPRESENTATION_CONTEXT ( 3 ) GLOBAL_UNCERTAINTY_ASSIGNED_CONTEXT ( ( #1511 ) ) GLOBAL_UNIT_ASSIGNED_CONTEXT ( ( #3492, #2032, #1262 ) ) REPRESENTATION_CONTEXT ( 'NONE', 'WORKASPACE' ) );
#2327 = DIRECTION ( 'NONE',  ( -1.000000000000000000, 0.000000000000000000, 0.000000000000000000 ) ) ;
#2328 = PRESENTATION_LAYER_ASSIGNMENT (  '', '', ( #2961 ) ) ;
#2329 = CARTESIAN_POINT ( 'NONE',  ( -0.8807452682551838441, -21.03444185374850406, 13.68241655960419223 ) ) ;
#2330 = SURFACE_SIDE_STYLE ('',( #4241 ) ) ;
#2331 = EDGE_CURVE ( 'NONE', #3024, #4870, #1976, .T. ) ;
#2332 = ORIENTED_EDGE ( 'NONE', *, *, #2946, .T. ) ;
#2333 = CARTESIAN_POINT ( 'NONE',  ( -11.34521136232246441, -84.00000000000004263, 41.99999999999972289 ) ) ;
#2334 = CARTESIAN_POINT ( 'NONE',  ( 10.58372082581209739, -3.350287950190303847E-15, 49.99999999999972289 ) ) ;
#2335 = DIRECTION ( 'NONE',  ( -1.000000000000000000, -2.710505431213761855E-18, -0.000000000000000000 ) ) ;
#2336 = CARTESIAN_POINT ( 'NONE',  ( 6.583720825812076960, 76.00000000000002842, -38.00000000000031974 ) ) ;
#2337 = SURFACE_STYLE_USAGE ( .BOTH. , #3572 ) ;
#2338 = DIRECTION ( 'NONE',  ( 1.000000000000000000, -0.000000000000000000, 0.000000000000000000 ) ) ;
#2339 = CARTESIAN_POINT ( 'NONE',  ( 2.790827606998623978, -3.350287950190303847E-15, -37.00000000000031264 ) ) ;
#2340 = CARTESIAN_POINT ( 'NONE',  ( -1.880745268255182845, -3.350287950190303453E-15, -37.00000000000029843 ) ) ;
#2341 =( NAMED_UNIT ( * ) PLANE_ANGLE_UNIT ( ) SI_UNIT ( $, .RADIAN. ) );
#2342 = CARTESIAN_POINT ( 'NONE',  ( -11.00206561181482989, 68.00000000000005684, 33.99999999999973710 ) ) ;
#2343 = EDGE_CURVE ( 'NONE', #2502, #537, #3035, .T. ) ;
#2344 = ORIENTED_EDGE ( 'NONE', *, *, #720, .T. ) ;
#2345 = UNCERTAINTY_MEASURE_WITH_UNIT (LENGTH_MEASURE( 1.000000000000000082E-05 ), #1639, 'distance_accuracy_value', 'NONE');
#2346 = MECHANICAL_DESIGN_GEOMETRIC_PRESENTATION_REPRESENTATION (  '', ( #4811 ), #3936 ) ;
#2347 = EDGE_LOOP ( 'NONE', ( #794, #4531, #4889, #2196 ) ) ;
#2348 = CARTESIAN_POINT ( 'NONE',  ( 12.61925473174482093, -3.350287950190303847E-15, 44.65685424949207771 ) ) ;
#2349 = DIRECTION ( 'NONE',  ( 0.000000000000000000, 1.000000000000000000, 0.000000000000000000 ) ) ;
#2350 = CARTESIAN_POINT ( 'NONE',  ( 12.11925473174482093, -3.350287950190303847E-15, -45.07106781186575262 ) ) ;
#2351 =( BOUNDED_SURFACE ( )  B_SPLINE_SURFACE ( 3, 3, ( 
 ( #3557, #2132, #4005, #2892, #4716, #625, #2108 ),
 ( #260, #2828, #4424, #3259, #1326, #4784, #4355 ),
 ( #1385, #1016, #4034, #950, #2525, #1306, #1641 ),
 ( #2448, #570, #2804, #4336, #1696, #3212, #4738 ),
 ( #1342, #3706, #677, #1409, #357, #4108, #381 ),
 ( #729, #1830, #4884, #2915, #309, #2648, #3353 ),
 ( #2237, #1789, #1479, #3303, #4469, #336, #706 ) ),
 .UNSPECIFIED., .T., .T., .T. ) 
 B_SPLINE_SURFACE_WITH_KNOTS ( ( 4, 3, 4 ),
 ( 4, 3, 4 ),
 ( 0.000000000000000000, 0.5000000000000000000, 1.000000000000000000 ),
 ( 0.000000000000000000, 0.5000000000000000000, 1.000000000000000000 ),
 .UNSPECIFIED. ) 
 GEOMETRIC_REPRESENTATION_ITEM ( )  RATIONAL_B_SPLINE_SURFACE ( (
 ( 1.000000000000000000, 0.3333333333333333148, 0.3333333333333333148, 1.000000000000000000, 0.3333333333333333148, 0.3333333333333333148, 1.000000000000000000),
 ( 0.3333333333333333703, 0.1111111111111111188, 0.1111111111111111188, 0.3333333333333333703, 0.1111111111111111188, 0.1111111111111111188, 0.3333333333333333703),
 ( 0.3333333333333333703, 0.1111111111111111188, 0.1111111111111111188, 0.3333333333333333703, 0.1111111111111111188, 0.1111111111111111188, 0.3333333333333333703),
 ( 1.000000000000000000, 0.3333333333333333148, 0.3333333333333333148, 1.000000000000000000, 0.3333333333333333148, 0.3333333333333333148, 1.000000000000000000),
 ( 0.3333333333333333703, 0.1111111111111111188, 0.1111111111111111188, 0.3333333333333333703, 0.1111111111111111188, 0.1111111111111111188, 0.3333333333333333703),
 ( 0.3333333333333333703, 0.1111111111111111188, 0.1111111111111111188, 0.3333333333333333703, 0.1111111111111111188, 0.1111111111111111188, 0.3333333333333333703),
 ( 1.000000000000000000, 0.3333333333333333148, 0.3333333333333333148, 1.000000000000000000, 0.3333333333333333148, 0.3333333333333333148, 1.000000000000000000) ) ) 
 REPRESENTATION_ITEM ( '' )  SURFACE ( )  );
#2352 = COLOUR_RGB ( '',0.7529411764705882248, 0.7529411764705882248, 0.7529411764705882248 ) ;
#2353 = CARTESIAN_POINT ( 'NONE',  ( 6.119254731744815601, -3.350287950190303453E-15, 28.99999999999971934 ) ) ;
#2354 = AXIS2_PLACEMENT_3D ( 'NONE', #2907, #3274, #1424 ) ;
#2355 = CIRCLE ( 'NONE', #242, 1.600000000000000755 ) ;
#2356 = VERTEX_POINT ( 'NONE', #3554 ) ;
#2357 = COLOUR_RGB ( '',0.7529411764705882248, 0.7529411764705882248, 0.7529411764705882248 ) ;
#2358 = AXIS2_PLACEMENT_3D ( 'NONE', #1437, #4151, #3684 ) ;
#2359 = DIRECTION ( 'NONE',  ( 0.000000000000000000, 0.000000000000000000, 1.000000000000000000 ) ) ;
#2360 = SURFACE_STYLE_USAGE ( .BOTH. , #869 ) ;
#2361 = EDGE_CURVE ( 'NONE', #608, #3514, #4860, .T. ) ;
#2362 =( LENGTH_UNIT ( ) NAMED_UNIT ( * ) SI_UNIT ( .MILLI., .METRE. ) );
#2363 =( LENGTH_UNIT ( ) NAMED_UNIT ( * ) SI_UNIT ( .MILLI., .METRE. ) );
#2364 = AXIS2_PLACEMENT_3D ( 'NONE', #3379, #1140, #404 ) ;
#2365 = CARTESIAN_POINT ( 'NONE',  ( -5.587852049441731417, -8.502678205632331844E-16, -2.983724378680108202E-13 ) ) ;
#2366 = EDGE_CURVE ( 'NONE', #3398, #179, #3553, .T. ) ;
#2367 = CARTESIAN_POINT ( 'NONE',  ( 4.826361512931363507, -3.350287950190303847E-15, -2.983724378680108202E-13 ) ) ;
#2368 = ORIENTED_EDGE ( 'NONE', *, *, #4145, .F. ) ;
#2369 = CYLINDRICAL_SURFACE ( 'NONE', #602, 1.600000000000000755 ) ;
#2370 = DIRECTION ( 'NONE',  ( -1.000000000000000000, 1.172110456741085920E-17, 0.000000000000000000 ) ) ;
#2371 = CARTESIAN_POINT ( 'NONE',  ( 16.11925473174482093, -3.350287950190303453E-15, -53.07106781186574551 ) ) ;
#2372 = ORIENTED_EDGE ( 'NONE', *, *, #3543, .T. ) ;
#2373 = ORIENTED_EDGE ( 'NONE', *, *, #787, .F. ) ;
#2374 = CARTESIAN_POINT ( 'NONE',  ( 2.119254731744816045, -3.350287950190303847E-15, 28.99999999999971934 ) ) ;
#2375 = CARTESIAN_POINT ( 'NONE',  ( -3.345211362322441762, 76.00000000000001421, 37.99999999999971578 ) ) ;
#2376 =( BOUNDED_CURVE ( )  B_SPLINE_CURVE ( 3, ( #601, #2787, #1623, #4382 ),
 .UNSPECIFIED., .F., .F. ) 
 B_SPLINE_CURVE_WITH_KNOTS ( ( 4, 4 ),
 ( 0.8535533905932740639, 1.000000000000000000 ),
 .UNSPECIFIED. ) 
 CURVE ( )  GEOMETRIC_REPRESENTATION_ITEM ( )  RATIONAL_B_SPLINE_CURVE ( ( 0.5857864376269054096, 0.6666666666666671848, 0.8047378541243653816, 1.000000000000000000 ) ) 
 REPRESENTATION_ITEM ( '' )  );
#2377 = FACE_OUTER_BOUND ( 'NONE', #2560, .T. ) ;
#2378 = ORIENTED_EDGE ( 'NONE', *, *, #2299, .F. ) ;
#2379 = DIRECTION ( 'NONE',  ( 1.000000000000000000, 0.000000000000000000, 0.000000000000000000 ) ) ;
#2380 = CARTESIAN_POINT ( 'NONE',  ( 14.58372082581209916, 84.00000000000004263, -42.00000000000031974 ) ) ;
#2381 = FILL_AREA_STYLE ('',( #3110 ) ) ;
#2382 = SURFACE_SIDE_STYLE ('',( #3550 ) ) ;
#2383 = PRESENTATION_STYLE_ASSIGNMENT (( #2337 ) ) ;
#2384 = CIRCLE ( 'NONE', #3567, 40.82842712474621294 ) ;
#2385 = CARTESIAN_POINT ( 'NONE',  ( -5.587852049441732305, -3.350287950190303847E-15, -2.983724378680108202E-13 ) ) ;
#2386 = AXIS2_PLACEMENT_3D ( 'NONE', #2385, #1711, #519 ) ;
#2387 = FACE_OUTER_BOUND ( 'NONE', #1939, .T. ) ;
#2388 = SURFACE_STYLE_USAGE ( .BOTH. , #2784 ) ;
#2389 = SURFACE_SIDE_STYLE ('',( #172 ) ) ;
#2390 = STYLED_ITEM ( 'NONE', ( #3310 ), #3155 ) ;
#2391 = UNCERTAINTY_MEASURE_WITH_UNIT (LENGTH_MEASURE( 1.000000000000000082E-05 ), #4617, 'distance_accuracy_value', 'NONE');
#2392 = EDGE_CURVE ( 'NONE', #3051, #1707, #2480, .T. ) ;
#2393 = PRESENTATION_LAYER_ASSIGNMENT (  '', '', ( #4707 ) ) ;
#2394 = EDGE_LOOP ( 'NONE', ( #136, #2674 ) ) ;
#2395 = PRESENTATION_STYLE_ASSIGNMENT (( #2738 ) ) ;
#2396 = AXIS2_PLACEMENT_3D ( 'NONE', #679, #3214, #4786 ) ;
#2397 = CIRCLE ( 'NONE', #4865, 49.07106781186545419 ) ;
#2398 = VERTEX_POINT ( 'NONE', #545 ) ;
#2399 = CIRCLE ( 'NONE', #3269, 49.07106781186545419 ) ;
#2400 = PRESENTATION_STYLE_ASSIGNMENT (( #3869 ) ) ;
#2401 = CARTESIAN_POINT ( 'NONE',  ( 16.61925473174482093, -3.350287950190303453E-15, -44.65685424949266746 ) ) ;
#2402 = DIRECTION ( 'NONE',  ( 0.4472135954999594265, 1.095357396528404509E-16, 0.8944271909999151893 ) ) ;
#2403 = SURFACE_STYLE_FILL_AREA ( #4883 ) ;
#2404 = UNCERTAINTY_MEASURE_WITH_UNIT (LENGTH_MEASURE( 1.000000000000000082E-05 ), #3763, 'distance_accuracy_value', 'NONE');
#2405 = PRESENTATION_LAYER_ASSIGNMENT (  '', '', ( #4165 ) ) ;
#2406 = STYLED_ITEM ( 'NONE', ( #1134 ), #1406 ) ;
#2407 = EDGE_LOOP ( 'NONE', ( #4129, #3153 ) ) ;
#2408 =( NAMED_UNIT ( * ) SI_UNIT ( $, .STERADIAN. ) SOLID_ANGLE_UNIT ( ) );
#2409 =( GEOMETRIC_REPRESENTATION_CONTEXT ( 3 ) GLOBAL_UNCERTAINTY_ASSIGNED_CONTEXT ( ( #2241 ) ) GLOBAL_UNIT_ASSIGNED_CONTEXT ( ( #4744, #4360, #1000 ) ) REPRESENTATION_CONTEXT ( 'NONE', 'WORKASPACE' ) );
#2410 = CARTESIAN_POINT ( 'NONE',  ( -1.416279174187926149, 76.00000000000002842, -38.00000000000031974 ) ) ;
#2411 = FACE_OUTER_BOUND ( 'NONE', #1107, .T. ) ;
#2412 = CIRCLE ( 'NONE', #1001, 38.00000000000001421 ) ;
#2413 = CARTESIAN_POINT ( 'NONE',  ( -0.8807452682551838441, 8.034441853748562679, -23.12746942367432013 ) ) ;
#2414 = DIRECTION ( 'NONE',  ( -1.000000000000000000, 0.000000000000000000, 0.000000000000000000 ) ) ;
#2415 = DIRECTION ( 'NONE',  ( 1.000000000000000000, 1.308737877485372549E-18, -4.027881020014459648E-18 ) ) ;
#2416 = LINE ( 'NONE', #3933, #2745 ) ;
#2417 =( NAMED_UNIT ( * ) PLANE_ANGLE_UNIT ( ) SI_UNIT ( $, .RADIAN. ) );
#2418 = LINE ( 'NONE', #970, #4616 ) ;
#2419 = DIRECTION ( 'NONE',  ( 0.000000000000000000, 0.000000000000000000, -1.000000000000000000 ) ) ;
#2420 = DIRECTION ( 'NONE',  ( 0.000000000000000000, 0.000000000000000000, -1.000000000000000000 ) ) ;
#2421 = LINE ( 'NONE', #2850, #3077 ) ;
#2422 = CARTESIAN_POINT ( 'NONE',  ( 8.119254731744820930, -3.350287950190303453E-15, -45.07106781186574551 ) ) ;
#2423 = EDGE_CURVE ( 'NONE', #1860, #3144, #4253, .T. ) ;
#2424 = LINE ( 'NONE', #3003, #2490 ) ;
#2425 = ORIENTED_EDGE ( 'NONE', *, *, #1500, .F. ) ;
#2426 = AXIS2_PLACEMENT_3D ( 'NONE', #4029, #4077, #1571 ) ;
#2427 = SURFACE_STYLE_FILL_AREA ( #2011 ) ;
#2428 = CARTESIAN_POINT ( 'NONE',  ( -0.3807452682551843992, -1.023459031810331891E-15, -2.983724378680108202E-13 ) ) ;
#2429 = SURFACE_STYLE_FILL_AREA ( #2858 ) ;
#2430 = EDGE_CURVE ( 'NONE', #1707, #3051, #2643, .T. ) ;
#2431 = DIRECTION ( 'NONE',  ( -4.018207724303600111E-17, -1.000000000000000000, 0.000000000000000000 ) ) ;
#2432 = VECTOR ( 'NONE', #2402, 1000.000000000000000 ) ;
#2433 = ORIENTED_EDGE ( 'NONE', *, *, #787, .T. ) ;
#2434 =( NAMED_UNIT ( * ) PLANE_ANGLE_UNIT ( ) SI_UNIT ( $, .RADIAN. ) );
#2435 = CARTESIAN_POINT ( 'NONE',  ( -1.416279174187925705, 92.00000000000005684, 45.99999999999972289 ) ) ;
#2436 = MECHANICAL_DESIGN_GEOMETRIC_PRESENTATION_REPRESENTATION (  '', ( #3700 ), #4196 ) ;
#2437 = PRESENTATION_STYLE_ASSIGNMENT (( #3522 ) ) ;
#2438 = ADVANCED_FACE ( 'NONE', ( #2387 ), #3873, .T. ) ;
#2439 = SURFACE_SIDE_STYLE ('',( #3161 ) ) ;
#2440 = AXIS2_PLACEMENT_3D ( 'NONE', #1059, #3618, #2178 ) ;
#2441 = CIRCLE ( 'NONE', #1497, 1.600000000000000755 ) ;
#2442 = DIRECTION ( 'NONE',  ( 3.751350377488300492E-17, 1.000000000000000000, 0.000000000000000000 ) ) ;
#2443 =( LENGTH_UNIT ( ) NAMED_UNIT ( * ) SI_UNIT ( .MILLI., .METRE. ) );
#2444 = AXIS2_PLACEMENT_3D ( 'NONE', #2529, #3357, #3652 ) ;
#2445 =( NAMED_UNIT ( * ) PLANE_ANGLE_UNIT ( ) SI_UNIT ( $, .RADIAN. ) );
#2446 = DIRECTION ( 'NONE',  ( 0.000000000000000000, 0.000000000000000000, 1.000000000000000000 ) ) ;
#2447 = STYLED_ITEM ( 'NONE', ( #1503 ), #1515 ) ;
#2448 = CARTESIAN_POINT ( 'NONE',  ( -12.88074526825518795, -3.350287950190303847E-15, 53.07106781186516997 ) ) ;
#2449 = ORIENTED_EDGE ( 'NONE', *, *, #2583, .F. ) ;
#2450 = AXIS2_PLACEMENT_3D ( 'NONE', #195, #2472, #3236 ) ;
#2451 = DIRECTION ( 'NONE',  ( 0.000000000000000000, 0.000000000000000000, 1.000000000000000000 ) ) ;
#2452 = CARTESIAN_POINT ( 'NONE',  ( 8.119254731744817377, -90.14213562373090838, 45.07106781186517708 ) ) ;
#2453 = DIRECTION ( 'NONE',  ( -1.000000000000000000, 0.000000000000000000, 0.000000000000000000 ) ) ;
#2454 = EDGE_CURVE ( 'NONE', #4484, #1683, #2067, .T. ) ;
#2455 = ORIENTED_EDGE ( 'NONE', *, *, #448, .F. ) ;
#2456 = CARTESIAN_POINT ( 'NONE',  ( -7.002065611814828117, 68.00000000000005684, -34.00000000000032685 ) ) ;
#2457 = CARTESIAN_POINT ( 'NONE',  ( 16.61925473174482093, 105.3137084989847381, 52.65685424949207061 ) ) ;
#2458 = LINE ( 'NONE', #913, #1340 ) ;
#2459 = SURFACE_STYLE_FILL_AREA ( #639 ) ;
#2460 = UNCERTAINTY_MEASURE_WITH_UNIT (LENGTH_MEASURE( 1.000000000000000082E-05 ), #2443, 'distance_accuracy_value', 'NONE');
#2461 = EDGE_CURVE ( 'NONE', #2009, #1078, #512, .T. ) ;
#2462 = VERTEX_POINT ( 'NONE', #4351 ) ;
#2463 = DIRECTION ( 'NONE',  ( 0.000000000000000000, 0.000000000000000000, 1.000000000000000000 ) ) ;
#2464 = DIRECTION ( 'NONE',  ( 1.000000000000000000, 0.000000000000000000, 0.000000000000000000 ) ) ;
#2465 = LINE ( 'NONE', #896, #579 ) ;
#2466 = CARTESIAN_POINT ( 'NONE',  ( 11.61925473174481915, -8.397620119382284784E-16, -2.983724378680108202E-13 ) ) ;
#2467 = AXIS2_PLACEMENT_3D ( 'NONE', #3772, #1809, #377 ) ;
#2468 = CARTESIAN_POINT ( 'NONE',  ( 14.58372082581209916, -3.350287950190303453E-15, -42.00000000000032685 ) ) ;
#2469 = CARTESIAN_POINT ( 'NONE',  ( 4.205041169371719789, -1.012953223185327875E-15, -2.983724378680108202E-13 ) ) ;
#2470 = PRESENTATION_STYLE_ASSIGNMENT (( #926 ) ) ;
#2471 =( GEOMETRIC_REPRESENTATION_CONTEXT ( 3 ) GLOBAL_UNCERTAINTY_ASSIGNED_CONTEXT ( ( #3154 ) ) GLOBAL_UNIT_ASSIGNED_CONTEXT ( ( #1359, #2517, #2491 ) ) REPRESENTATION_CONTEXT ( 'NONE', 'WORKASPACE' ) );
#2472 = DIRECTION ( 'NONE',  ( 1.000000000000000000, -0.000000000000000000, -0.000000000000000000 ) ) ;
#2473 = CARTESIAN_POINT ( 'NONE',  ( 10.24057507530446642, -68.00000000000005684, -34.00000000000032685 ) ) ;
#2474 = CARTESIAN_POINT ( 'NONE',  ( 14.11925473174481915, -2.886709523219207062E-16, -2.983724378680108202E-13 ) ) ;
#2475 = CARTESIAN_POINT ( 'NONE',  ( -0.8807452682551838441, -26.00000000000000711, -2.953366717850514078E-13 ) ) ;
#2476 = AXIS2_PLACEMENT_3D ( 'NONE', #4852, #2959, #4498 ) ;
#2477 = COLOUR_RGB ( '',0.7529411764705882248, 0.7529411764705882248, 0.7529411764705882248 ) ;
#2478 = ORIENTED_EDGE ( 'NONE', *, *, #2519, .T. ) ;
#2479 = CARTESIAN_POINT ( 'NONE',  ( 8.619254731744819154, -3.350287950190303453E-15, 52.65685424949207771 ) ) ;
#2480 = CIRCLE ( 'NONE', #3739, 49.07106781186546840 ) ;
#2481 = DIRECTION ( 'NONE',  ( 1.000000000000000000, 0.000000000000000000, -0.000000000000000000 ) ) ;
#2482 = AXIS2_PLACEMENT_3D ( 'NONE', #4653, #3956, #213 ) ;
#2483 = VERTEX_POINT ( 'NONE', #2520 ) ;
#2484 = DIRECTION ( 'NONE',  ( -1.000000000000000000, 0.000000000000000000, 0.000000000000000000 ) ) ;
#2485 = CARTESIAN_POINT ( 'NONE',  ( -1.416279174187925705, -3.350287950190303453E-15, 45.99999999999970157 ) ) ;
#2486 = FILL_AREA_STYLE ('',( #2074 ) ) ;
#2487 = CARTESIAN_POINT ( 'NONE',  ( -6.380745268255187064, 4.181289864565923541E-15, -41.00000000000032685 ) ) ;
#2488 = AXIS2_PLACEMENT_3D ( 'NONE', #3327, #1430, #2548 ) ;
#2489 = EDGE_CURVE ( 'NONE', #3638, #558, #3268, .T. ) ;
#2490 = VECTOR ( 'NONE', #4639, 1000.000000000000000 ) ;
#2491 =( NAMED_UNIT ( * ) SI_UNIT ( $, .STERADIAN. ) SOLID_ANGLE_UNIT ( ) );
#2492 = CARTESIAN_POINT ( 'NONE',  ( 2.240575075304460206, -3.350287950190303453E-15, -34.00000000000031974 ) ) ;
#2493 = FILL_AREA_STYLE_COLOUR ( '', #3289 ) ;
#2494 = STYLED_ITEM ( 'NONE', ( #1240 ), #1283 ) ;
#2495 = CARTESIAN_POINT ( 'NONE',  ( -7.345211362322466186, -3.350287950190303453E-15, -42.00000000000032685 ) ) ;
#2496 = CIRCLE ( 'NONE', #3356, 1.600000000000000755 ) ;
#2497 = CARTESIAN_POINT ( 'NONE',  ( 10.24057507530445932, -3.350287950190303453E-15, -34.00000000000031974 ) ) ;
#2498 = PRESENTATION_STYLE_ASSIGNMENT (( #1366 ) ) ;
#2499 = CARTESIAN_POINT ( 'NONE',  ( -3.345211362322441762, -3.350287950190303847E-15, 45.99999999999971578 ) ) ;
#2500 = DIRECTION ( 'NONE',  ( 1.000000000000000000, -1.308737877485352904E-18, 4.027881020014465811E-18 ) ) ;
#2501 = EDGE_CURVE ( 'NONE', #2201, #4654, #2734, .T. ) ;
#2502 = VERTEX_POINT ( 'NONE', #3977 ) ;
#2503 = DIRECTION ( 'NONE',  ( 0.000000000000000000, 0.000000000000000000, -1.000000000000000000 ) ) ;
#2504 = ORIENTED_EDGE ( 'NONE', *, *, #4066, .T. ) ;
#2505 = CIRCLE ( 'NONE', #4590, 43.17157287525382969 ) ;
#2506 = CARTESIAN_POINT ( 'NONE',  ( -3.002065611814829893, -68.00000000000005684, 33.99999999999973710 ) ) ;
#2507 = CARTESIAN_POINT ( 'NONE',  ( 12.61925473174481560, -105.3137084989847381, -52.65685424949266036 ) ) ;
#2508 = CARTESIAN_POINT ( 'NONE',  ( -3.345211362322441762, 76.00000000000001421, 37.99999999999971578 ) ) ;
#2509 =( NAMED_UNIT ( * ) PLANE_ANGLE_UNIT ( ) SI_UNIT ( $, .RADIAN. ) );
#2510 = AXIS2_PLACEMENT_3D ( 'NONE', #4573, #4102, #3378 ) ;
#2511 = ORIENTED_EDGE ( 'NONE', *, *, #4644, .T. ) ;
#2512 = DIRECTION ( 'NONE',  ( 0.000000000000000000, 0.000000000000000000, -1.000000000000000000 ) ) ;
#2513 = LINE ( 'NONE', #964, #2105 ) ;
#2514 = AXIS2_PLACEMENT_3D ( 'NONE', #1052, #91, #2996 ) ;
#2515 = FILL_AREA_STYLE_COLOUR ( '', #919 ) ;
#2516 = CARTESIAN_POINT ( 'NONE',  ( 3.997934388185172327, -9.517208832279603011E-16, -2.983724378680108202E-13 ) ) ;
#2517 =( NAMED_UNIT ( * ) PLANE_ANGLE_UNIT ( ) SI_UNIT ( $, .RADIAN. ) );
#2518 = AXIS2_PLACEMENT_3D ( 'NONE', #1668, #3509, #1328 ) ;
#2519 = EDGE_CURVE ( 'NONE', #4690, #361, #4803, .T. ) ;
#2520 = CARTESIAN_POINT ( 'NONE',  ( -0.8807452682551838441, 21.03444185374883446, 16.88241655960373322 ) ) ;
#2521 = CARTESIAN_POINT ( 'NONE',  ( 13.53346829411791141, -5.187428551102156057E-16, -2.983724378680108202E-13 ) ) ;
#2522 = CARTESIAN_POINT ( 'NONE',  ( -11.34521136232246441, -3.350287950190303847E-15, 41.99999999999972289 ) ) ;
#2523 =( NAMED_UNIT ( * ) SI_UNIT ( $, .STERADIAN. ) SOLID_ANGLE_UNIT ( ) );
#2524 = ADVANCED_FACE ( 'NONE', ( #1427 ), #39, .F. ) ;
#2525 = CARTESIAN_POINT ( 'NONE',  ( -16.88074526825518973, -106.1421356237309652, -53.07106781186576683 ) ) ;
#2526 = CARTESIAN_POINT ( 'NONE',  ( 6.240575075304461095, -68.00000000000005684, -34.00000000000032685 ) ) ;
#2527 = AXIS2_PLACEMENT_3D ( 'NONE', #1978, #3907, #1716 ) ;
#2528 = SURFACE_SIDE_STYLE ('',( #972 ) ) ;
#2529 = CARTESIAN_POINT ( 'NONE',  ( -0.8807452682551838441, 8.034441853748562679, -24.72746942367432155 ) ) ;
#2530 =( NAMED_UNIT ( * ) SI_UNIT ( $, .STERADIAN. ) SOLID_ANGLE_UNIT ( ) );
#2531 = MECHANICAL_DESIGN_GEOMETRIC_PRESENTATION_REPRESENTATION (  '', ( #2447 ), #1030 ) ;
#2532 = VECTOR ( 'NONE', #2128, 1000.000000000000000 ) ;
#2533 = ORIENTED_EDGE ( 'NONE', *, *, #2145, .F. ) ;
#2534 = SURFACE_SIDE_STYLE ('',( #2818 ) ) ;
#2535 = CARTESIAN_POINT ( 'NONE',  ( -3.002065611814829893, 84.00000000000004263, -42.00000000000031974 ) ) ;
#2536 = CARTESIAN_POINT ( 'NONE',  ( -3.345211362322441762, 92.00000000000000000, 45.99999999999970868 ) ) ;
#2537 = APPLICATION_CONTEXT ( 'automotive_design' ) ;
#2538 = ORIENTED_EDGE ( 'NONE', *, *, #4430, .F. ) ;
#2539 = DIRECTION ( 'NONE',  ( 1.000000000000000000, -1.767562387910120758E-17, 2.499421436123622798E-33 ) ) ;
#2540 = CARTESIAN_POINT ( 'NONE',  ( 6.583720825812071631, -3.350287950190303453E-15, 45.99999999999970157 ) ) ;
#2541 = PRESENTATION_STYLE_ASSIGNMENT (( #1357 ) ) ;
#2542 = FILL_AREA_STYLE ('',( #1446 ) ) ;
#2543 = FILL_AREA_STYLE ('',( #1036 ) ) ;
#2544 = CARTESIAN_POINT ( 'NONE',  ( 6.240575075304461095, 68.00000000000005684, 33.99999999999972289 ) ) ;
#2545 = CARTESIAN_POINT ( 'NONE',  ( 14.58372082581209916, -84.00000000000004263, -42.00000000000031974 ) ) ;
#2546 = CARTESIAN_POINT ( 'NONE',  ( -7.345211362322466186, -100.0000000000000568, 49.99999999999974420 ) ) ;
#2547 = SURFACE_STYLE_FILL_AREA ( #4524 ) ;
#2548 = DIRECTION ( 'NONE',  ( 0.000000000000000000, 0.000000000000000000, -1.000000000000000000 ) ) ;
#2549 = FACE_OUTER_BOUND ( 'NONE', #865, .T. ) ;
#2550 = CARTESIAN_POINT ( 'NONE',  ( -3.345211362322442650, -3.350287950190303847E-15, -38.00000000000031264 ) ) ;
#2551 = EDGE_CURVE ( 'NONE', #1462, #4162, #2302, .T. ) ;
#2552 = ORIENTED_EDGE ( 'NONE', *, *, #2723, .F. ) ;
#2553 = CARTESIAN_POINT ( 'NONE',  ( 14.11925473174481915, -2.886709523219207062E-16, -2.983724378680108202E-13 ) ) ;
#2554 = ORIENTED_EDGE ( 'NONE', *, *, #3320, .F. ) ;
#2555 = CARTESIAN_POINT ( 'NONE',  ( -7.002065611814829893, -3.350287950190303847E-15, -42.00000000000031974 ) ) ;
#2556 = PRESENTATION_LAYER_ASSIGNMENT (  '', '', ( #2799 ) ) ;
#2557 = CARTESIAN_POINT ( 'NONE',  ( 0.6547886376775576833, -76.00000000000002842, 37.99999999999971578 ) ) ;
#2558 =( NAMED_UNIT ( * ) PLANE_ANGLE_UNIT ( ) SI_UNIT ( $, .RADIAN. ) );
#2559 =( GEOMETRIC_REPRESENTATION_CONTEXT ( 3 ) GLOBAL_UNCERTAINTY_ASSIGNED_CONTEXT ( ( #4258 ) ) GLOBAL_UNIT_ASSIGNED_CONTEXT ( ( #143, #2820, #615 ) ) REPRESENTATION_CONTEXT ( 'NONE', 'WORKASPACE' ) );
#2560 = EDGE_LOOP ( 'NONE', ( #3099, #1336, #984, #1004 ) ) ;
#2561 = FACE_OUTER_BOUND ( 'NONE', #901, .T. ) ;
#2562 = FACE_BOUND ( 'NONE', #3759, .T. ) ;
#2563 = DIRECTION ( 'NONE',  ( 1.000000000000000000, -0.000000000000000000, 0.000000000000000000 ) ) ;
#2564 = COLOUR_RGB ( '',0.7529411764705882248, 0.7529411764705882248, 0.7529411764705882248 ) ;
#2565 = EDGE_CURVE ( 'NONE', #4413, #909, #1744, .T. ) ;
#2566 = DIRECTION ( 'NONE',  ( 0.000000000000000000, 0.000000000000000000, -1.000000000000000000 ) ) ;
#2567 = PRESENTATION_STYLE_ASSIGNMENT (( #2930 ) ) ;
#2568 = DIRECTION ( 'NONE',  ( -1.000000000000000000, 0.000000000000000000, 0.000000000000000000 ) ) ;
#2569 = SURFACE_SIDE_STYLE ('',( #3723 ) ) ;
#2570 = MECHANICAL_DESIGN_GEOMETRIC_PRESENTATION_REPRESENTATION (  '', ( #2647 ), #517 ) ;
#2571 = SURFACE_STYLE_USAGE ( .BOTH. , #2160 ) ;
#2572 =( LENGTH_UNIT ( ) NAMED_UNIT ( * ) SI_UNIT ( .MILLI., .METRE. ) );
#2573 =( LENGTH_UNIT ( ) NAMED_UNIT ( * ) SI_UNIT ( .MILLI., .METRE. ) );
#2574 =( NAMED_UNIT ( * ) PLANE_ANGLE_UNIT ( ) SI_UNIT ( $, .RADIAN. ) );
#2575 = CARTESIAN_POINT ( 'NONE',  ( 6.790827606998623978, -90.00000000000005684, -45.00000000000030553 ) ) ;
#2576 = CARTESIAN_POINT ( 'NONE',  ( -7.345211362322440429, -3.350287950190303453E-15, -46.00000000000030553 ) ) ;
#2577 =( BOUNDED_CURVE ( )  B_SPLINE_CURVE ( 3, ( #4033, #3352, #1766, #4806 ),
 .UNSPECIFIED., .F., .T. ) 
 B_SPLINE_CURVE_WITH_KNOTS ( ( 4, 4 ),
 ( 0.000000000000000000, 0.1464466094067263247 ),
 .UNSPECIFIED. ) 
 CURVE ( )  GEOMETRIC_REPRESENTATION_ITEM ( )  RATIONAL_B_SPLINE_CURVE ( ( 1.000000000000000000, 0.8047378541243649375, 0.6666666666666665186, 0.5857864376269048545 ) ) 
 REPRESENTATION_ITEM ( '' )  );
#2578 = CIRCLE ( 'NONE', #1083, 1.600000000000000755 ) ;
#2579 = ORIENTED_EDGE ( 'NONE', *, *, #2461, .F. ) ;
#2580 = CARTESIAN_POINT ( 'NONE',  ( 6.790827606998623089, -3.350287950190303453E-15, -37.00000000000029843 ) ) ;
#2581 =( NAMED_UNIT ( * ) PLANE_ANGLE_UNIT ( ) SI_UNIT ( $, .RADIAN. ) );
#2582 = CARTESIAN_POINT ( 'NONE',  ( -12.88074526825518795, -3.350287950190303847E-15, 45.07106781186516997 ) ) ;
#2583 = EDGE_CURVE ( 'NONE', #810, #1212, #3104, .T. ) ;
#2584 = CARTESIAN_POINT ( 'NONE',  ( -3.345211362322441762, -92.00000000000000000, 45.99999999999970868 ) ) ;
#2585 = ORIENTED_EDGE ( 'NONE', *, *, #933, .F. ) ;
#2586 =( NAMED_UNIT ( * ) SI_UNIT ( $, .STERADIAN. ) SOLID_ANGLE_UNIT ( ) );
#2587 = ADVANCED_FACE ( 'NONE', ( #2977 ), #4131, .F. ) ;
#2588 = CARTESIAN_POINT ( 'NONE',  ( 2.583720825812073407, -76.00000000000001421, 37.99999999999971578 ) ) ;
#2589 = SURFACE_STYLE_FILL_AREA ( #1162 ) ;
#2590 = CARTESIAN_POINT ( 'NONE',  ( -15.34521136232246441, -3.350287950190303453E-15, -42.00000000000032685 ) ) ;
#2591 = DIRECTION ( 'NONE',  ( 0.000000000000000000, 0.000000000000000000, -1.000000000000000000 ) ) ;
#2592 = CARTESIAN_POINT ( 'NONE',  ( -11.34521136232246441, -84.00000000000004263, -42.00000000000031974 ) ) ;
#2593 = PRESENTATION_LAYER_ASSIGNMENT (  '', '', ( #1787 ) ) ;
#2594 = SURFACE_STYLE_USAGE ( .BOTH. , #1738 ) ;
#2595 = PRESENTATION_STYLE_ASSIGNMENT (( #1069 ) ) ;
#2596 = CARTESIAN_POINT ( 'NONE',  ( -0.8807452682551838441, 26.00000000000000000, -2.953366717850514078E-13 ) ) ;
#2597 = FACE_OUTER_BOUND ( 'NONE', #3264, .T. ) ;
#2598 = FILL_AREA_STYLE_COLOUR ( '', #2352 ) ;
#2599 = AXIS2_PLACEMENT_3D ( 'NONE', #3194, #953, #2451 ) ;
#2600 = CARTESIAN_POINT ( 'NONE',  ( -3.345211362322441762, 92.00000000000000000, 45.99999999999970868 ) ) ;
#2601 = FILL_AREA_STYLE ('',( #3712 ) ) ;
#2602 = PRESENTATION_LAYER_ASSIGNMENT (  '', '', ( #241 ) ) ;
#2603 = EDGE_LOOP ( 'NONE', ( #4150, #3249, #1583, #4043 ) ) ;
#2604 = CARTESIAN_POINT ( 'NONE',  ( 2.790827606998624866, 74.00000000000002842, 36.99999999999971578 ) ) ;
#2605 = ORIENTED_EDGE ( 'NONE', *, *, #4214, .T. ) ;
#2606 = SURFACE_SIDE_STYLE ('',( #343 ) ) ;
#2607 = CARTESIAN_POINT ( 'NONE',  ( -8.880745268255186176, 90.14213562373097943, -45.07106781186578814 ) ) ;
#2608 =( GEOMETRIC_REPRESENTATION_CONTEXT ( 3 ) GLOBAL_UNCERTAINTY_ASSIGNED_CONTEXT ( ( #3541 ) ) GLOBAL_UNIT_ASSIGNED_CONTEXT ( ( #1232, #1206, #3386 ) ) REPRESENTATION_CONTEXT ( 'NONE', 'WORKASPACE' ) );
#2609 = VERTEX_POINT ( 'NONE', #330 ) ;
#2610 = SURFACE_SIDE_STYLE ('',( #1492 ) ) ;
#2611 = CARTESIAN_POINT ( 'NONE',  ( -14.88074526825518618, -2.886709523219207062E-16, -2.983724378680108202E-13 ) ) ;
#2612 = ADVANCED_FACE ( 'NONE', ( #4076 ), #4880, .T. ) ;
#2613 = DIRECTION ( 'NONE',  ( -2.115516434118055922E-17, -1.000000000000000000, 0.000000000000000000 ) ) ;
#2614 = PLANE ( 'NONE',  #1542 ) ;
#2615 = DIRECTION ( 'NONE',  ( 0.000000000000000000, 0.000000000000000000, -1.000000000000000000 ) ) ;
#2616 = FILL_AREA_STYLE ('',( #3648 ) ) ;
#2617 = FACE_OUTER_BOUND ( 'NONE', #3, .T. ) ;
#2618 = SURFACE_SIDE_STYLE ('',( #1553 ) ) ;
#2619 = CARTESIAN_POINT ( 'NONE',  ( 12.11925473174482093, -3.350287950190303847E-15, -45.07106781186575262 ) ) ;
#2620 = CARTESIAN_POINT ( 'NONE',  ( -7.002065611814828117, -68.00000000000005684, -34.00000000000032685 ) ) ;
#2621 = ORIENTED_EDGE ( 'NONE', *, *, #3889, .F. ) ;
#2622 = ORIENTED_EDGE ( 'NONE', *, *, #3320, .T. ) ;
#2623 = CARTESIAN_POINT ( 'NONE',  ( 2.119254731744816045, -1.084691371767699662E-15, 36.99999999999971578 ) ) ;
#2624 = CARTESIAN_POINT ( 'NONE',  ( -16.88074526825518973, 90.14213562373097943, -45.07106781186578814 ) ) ;
#2625 =( NAMED_UNIT ( * ) SI_UNIT ( $, .STERADIAN. ) SOLID_ANGLE_UNIT ( ) );
#2626 = AXIS2_PLACEMENT_3D ( 'NONE', #4222, #2335, #2306 ) ;
#2627 = VERTEX_POINT ( 'NONE', #427 ) ;
#2628 = CIRCLE ( 'NONE', #828, 47.00000000000000000 ) ;
#2629 =( BOUNDED_CURVE ( )  B_SPLINE_CURVE ( 3, ( #3621, #2844, #3252, #3524 ),
 .UNSPECIFIED., .F., .F. ) 
 B_SPLINE_CURVE_WITH_KNOTS ( ( 4, 4 ),
 ( 0.7500000000000004441, 0.8535533905932749521 ),
 .UNSPECIFIED. ) 
 CURVE ( )  GEOMETRIC_REPRESENTATION_ITEM ( )  RATIONAL_B_SPLINE_CURVE ( ( 0.5000000000000000000, 0.5000000000000003331, 0.5285954792089693210, 0.5857864376269070750 ) ) 
 REPRESENTATION_ITEM ( '' )  );
#2630 = ORIENTED_EDGE ( 'NONE', *, *, #2275, .F. ) ;
#2631 = ORIENTED_EDGE ( 'NONE', *, *, #823, .F. ) ;
#2632 = CARTESIAN_POINT ( 'NONE',  ( 6.119254731744815601, -3.350287950190303453E-15, 36.99999999999971578 ) ) ;
#2633 =( LENGTH_UNIT ( ) NAMED_UNIT ( * ) SI_UNIT ( .MILLI., .METRE. ) );
#2634 = SURFACE_SIDE_STYLE ('',( #883 ) ) ;
#2635 = AXIS2_PLACEMENT_3D ( 'NONE', #2553, #1237, #1534 ) ;
#2636 = PRESENTATION_LAYER_ASSIGNMENT (  '', '', ( #440 ) ) ;
#2637 = CARTESIAN_POINT ( 'NONE',  ( 12.61925473174481560, -105.3137084989847381, -52.65685424949266036 ) ) ;
#2638 = ORIENTED_EDGE ( 'NONE', *, *, #2501, .T. ) ;
#2639 = CARTESIAN_POINT ( 'NONE',  ( -7.345211362322466186, -3.350287950190303453E-15, 49.99999999999972999 ) ) ;
#2640 = FILL_AREA_STYLE ('',( #2280 ) ) ;
#2641 = EDGE_CURVE ( 'NONE', #1350, #1311, #2051, .T. ) ;
#2642 = DIRECTION ( 'NONE',  ( 3.469446951953614189E-17, -1.000000000000000000, 0.000000000000000000 ) ) ;
#2643 = CIRCLE ( 'NONE', #1243, 49.07106781186546840 ) ;
#2644 = DIRECTION ( 'NONE',  ( -1.000000000000000000, 0.000000000000000000, 0.000000000000000000 ) ) ;
#2645 = UNCERTAINTY_MEASURE_WITH_UNIT (LENGTH_MEASURE( 1.000000000000000082E-05 ), #2204, 'distance_accuracy_value', 'NONE');
#2646 = PRESENTATION_STYLE_ASSIGNMENT (( #1506 ) ) ;
#2647 = STYLED_ITEM ( 'NONE', ( #1202 ), #1754 ) ;
#2648 = CARTESIAN_POINT ( 'NONE',  ( -8.880745268255186176, -90.14213562373097943, 45.07106781186517708 ) ) ;
#2649 = DIRECTION ( 'NONE',  ( -1.000000000000000000, 1.875675188744150246E-17, 0.000000000000000000 ) ) ;
#2650 = EDGE_CURVE ( 'NONE', #4693, #159, #2384, .T. ) ;
#2651 = CARTESIAN_POINT ( 'NONE',  ( 8.119254731744820930, -3.350287950190303453E-15, -53.07106781186574551 ) ) ;
#2652 = CARTESIAN_POINT ( 'NONE',  ( -11.00206561181482989, 84.00000000000004263, -42.00000000000031974 ) ) ;
#2653 = CARTESIAN_POINT ( 'NONE',  ( -12.88074526825518618, 90.14213562373090838, 45.07106781186516997 ) ) ;
#2654 = STYLED_ITEM ( 'NONE', ( #4036 ), #2136 ) ;
#2655 = VERTEX_POINT ( 'NONE', #1568 ) ;
#2656 = UNCERTAINTY_MEASURE_WITH_UNIT (LENGTH_MEASURE( 1.000000000000000082E-05 ), #282, 'distance_accuracy_value', 'NONE');
#2657 = PRESENTATION_LAYER_ASSIGNMENT (  '', '', ( #4795 ) ) ;
#2658 = EDGE_LOOP ( 'NONE', ( #4724, #2979, #3016, #202, #3719, #363 ) ) ;
#2659 = CARTESIAN_POINT ( 'NONE',  ( -1.209172393001374690, -3.350287950190303453E-15, 36.99999999999971578 ) ) ;
#2660 = EDGE_LOOP ( 'NONE', ( #613, #3564 ) ) ;
#2661 = CARTESIAN_POINT ( 'NONE',  ( -5.587852049441731417, -8.502678205632331844E-16, -2.983724378680108202E-13 ) ) ;
#2662 = FACE_OUTER_BOUND ( 'NONE', #2116, .T. ) ;
#2663 = EDGE_CURVE ( 'NONE', #2004, #4431, #3483, .T. ) ;
#2664 = ORIENTED_EDGE ( 'NONE', *, *, #1904, .F. ) ;
#2665 = ORIENTED_EDGE ( 'NONE', *, *, #1012, .F. ) ;
#2666 = FACE_OUTER_BOUND ( 'NONE', #3339, .T. ) ;
#2667 = CARTESIAN_POINT ( 'NONE',  ( 12.61925473174481560, -105.3137084989847381, 52.65685424949207061 ) ) ;
#2668 = SURFACE_STYLE_FILL_AREA ( #2719 ) ;
#2669 = CARTESIAN_POINT ( 'NONE',  ( 10.58372082581209384, 100.0000000000000284, -50.00000000000030553 ) ) ;
#2670 =( GEOMETRIC_REPRESENTATION_CONTEXT ( 3 ) GLOBAL_UNCERTAINTY_ASSIGNED_CONTEXT ( ( #2290 ) ) GLOBAL_UNIT_ASSIGNED_CONTEXT ( ( #2836, #2509, #981 ) ) REPRESENTATION_CONTEXT ( 'NONE', 'WORKASPACE' ) );
#2671 = CARTESIAN_POINT ( 'NONE',  ( -1.416279174187925705, -92.00000000000005684, 45.99999999999972289 ) ) ;
#2672 = SURFACE_STYLE_USAGE ( .BOTH. , #1197 ) ;
#2673 = FILL_AREA_STYLE_COLOUR ( '', #4618 ) ;
#2674 = ORIENTED_EDGE ( 'NONE', *, *, #3225, .T. ) ;
#2675 = CARTESIAN_POINT ( 'NONE',  ( -11.34521136232246441, 4.364986884438026264E-15, -42.00000000000031974 ) ) ;
#2676 = SURFACE_STYLE_FILL_AREA ( #1256 ) ;
#2677 = PRESENTATION_LAYER_ASSIGNMENT (  '', '', ( #2010 ) ) ;
#2678 = CARTESIAN_POINT ( 'NONE',  ( 2.119254731744816045, 58.00000000000002842, -29.00000000000030909 ) ) ;
#2679 = DIRECTION ( 'NONE',  ( 1.000000000000000000, -0.000000000000000000, -0.000000000000000000 ) ) ;
#2680 = CARTESIAN_POINT ( 'NONE',  ( -12.75942492469556200, -3.350287950190304636E-15, -43.17157287525412812 ) ) ;
#2681 = CIRCLE ( 'NONE', #98, 41.00000000000002842 ) ;
#2682 = VERTEX_POINT ( 'NONE', #3875 ) ;
#2683 = EDGE_CURVE ( 'NONE', #502, #4812, #4390, .T. ) ;
#2684 = ORIENTED_EDGE ( 'NONE', *, *, #749, .T. ) ;
#2685 = FILL_AREA_STYLE_COLOUR ( '', #1752 ) ;
#2686 = CIRCLE ( 'NONE', #1862, 37.00000000000001421 ) ;
#2687 =( NAMED_UNIT ( * ) PLANE_ANGLE_UNIT ( ) SI_UNIT ( $, .RADIAN. ) );
#2688 = DIRECTION ( 'NONE',  ( 0.000000000000000000, 0.000000000000000000, -1.000000000000000000 ) ) ;
#2689 = CIRCLE ( 'NONE', #1724, 20.00000000000000355 ) ;
#2690 = ORIENTED_EDGE ( 'NONE', *, *, #2187, .T. ) ;
#2691 = VECTOR ( 'NONE', #4003, 1000.000000000000000 ) ;
#2692 = DIRECTION ( 'NONE',  ( -2.344220913482170916E-17, -1.000000000000000000, 0.000000000000000000 ) ) ;
#2693 = CARTESIAN_POINT ( 'NONE',  ( 12.61925473174482093, -3.350287950190303847E-15, -52.65685424949267457 ) ) ;
#2694 = CARTESIAN_POINT ( 'NONE',  ( -7.345211362322466186, 100.0000000000000568, 49.99999999999974420 ) ) ;
#2695 = FACE_OUTER_BOUND ( 'NONE', #3010, .T. ) ;
#2696 = CARTESIAN_POINT ( 'NONE',  ( 6.583720825812076960, 92.00000000000005684, -46.00000000000030553 ) ) ;
#2697 =( NAMED_UNIT ( * ) SI_UNIT ( $, .STERADIAN. ) SOLID_ANGLE_UNIT ( ) );
#2698 =( NAMED_UNIT ( * ) SI_UNIT ( $, .STERADIAN. ) SOLID_ANGLE_UNIT ( ) );
#2699 = UNCERTAINTY_MEASURE_WITH_UNIT (LENGTH_MEASURE( 1.000000000000000082E-05 ), #3903, 'distance_accuracy_value', 'NONE');
#2700 = CARTESIAN_POINT ( 'NONE',  ( -12.34521136232246086, -3.350287950190303058E-15, -42.34314575050793650 ) ) ;
#2701 = CARTESIAN_POINT ( 'NONE',  ( 2.119254731744816045, -74.00000000000002842, 36.99999999999971578 ) ) ;
#2702 = LINE ( 'NONE', #106, #4557 ) ;
#2703 = CARTESIAN_POINT ( 'NONE',  ( 12.11925473174481915, -106.1421356237308800, -53.07106781186573841 ) ) ;
#2704 = CARTESIAN_POINT ( 'NONE',  ( -0.3807452682551843992, -7.785296719808605099E-16, -2.983724378680108202E-13 ) ) ;
#2705 = EDGE_LOOP ( 'NONE', ( #1884, #4312, #4558, #4296, #2684, #2585 ) ) ;
#2706 = UNCERTAINTY_MEASURE_WITH_UNIT (LENGTH_MEASURE( 1.000000000000000082E-05 ), #3281, 'distance_accuracy_value', 'NONE');
#2707 = ORIENTED_EDGE ( 'NONE', *, *, #897, .F. ) ;
#2708 = CARTESIAN_POINT ( 'NONE',  ( -3.345211362322442650, 3.630198804949611430E-15, -38.00000000000031264 ) ) ;
#2709 = ORIENTED_EDGE ( 'NONE', *, *, #119, .F. ) ;
#2710 = CYLINDRICAL_SURFACE ( 'NONE', #4279, 1.600000000000000755 ) ;
#2711 = EDGE_CURVE ( 'NONE', #3808, #3151, #1441, .T. ) ;
#2712 =( BOUNDED_CURVE ( )  B_SPLINE_CURVE ( 3, ( #3500, #4706, #1954, #3485 ),
 .UNSPECIFIED., .F., .F. ) 
 B_SPLINE_CURVE_WITH_KNOTS ( ( 4, 4 ),
 ( 0.2499999999999999445, 0.4999999999999967804 ),
 .UNSPECIFIED. ) 
 CURVE ( )  GEOMETRIC_REPRESENTATION_ITEM ( )  RATIONAL_B_SPLINE_CURVE ( ( 0.5000000000000000000, 0.5000000000000000000, 0.6666666666666645202, 0.9999999999999956701 ) ) 
 REPRESENTATION_ITEM ( '' )  );
#2713 = CARTESIAN_POINT ( 'NONE',  ( 13.53346829411790964, -3.350287950190303847E-15, -2.983724378680108202E-13 ) ) ;
#2714 = AXIS2_PLACEMENT_3D ( 'NONE', #3404, #1475, #2252 ) ;
#2715 = CARTESIAN_POINT ( 'NONE',  ( 13.53346829411791141, 46.24264068711926967, -2.983724378680108202E-13 ) ) ;
#2716 = CYLINDRICAL_SURFACE ( 'NONE', #3542, 38.00000000000001421 ) ;
#2717 = COLOUR_RGB ( '',0.7529411764705882248, 0.7529411764705882248, 0.7529411764705882248 ) ;
#2718 = VERTEX_POINT ( 'NONE', #1195 ) ;
#2719 = FILL_AREA_STYLE ('',( #449 ) ) ;
#2720 = CARTESIAN_POINT ( 'NONE',  ( 10.58372082581209384, -84.00000000000004263, -42.00000000000031974 ) ) ;
#2721 = CARTESIAN_POINT ( 'NONE',  ( -0.8807452682551838441, 21.03444185374883446, 13.68241655960373038 ) ) ;
#2722 = CARTESIAN_POINT ( 'NONE',  ( 2.583720825812073407, -3.350287950190303847E-15, 37.99999999999971578 ) ) ;
#2723 = EDGE_CURVE ( 'NONE', #4162, #1462, #825, .T. ) ;
#2724 = CIRCLE ( 'NONE', #2476, 45.82842712474617031 ) ;
#2725 =( NAMED_UNIT ( * ) PLANE_ANGLE_UNIT ( ) SI_UNIT ( $, .RADIAN. ) );
#2726 = CARTESIAN_POINT ( 'NONE',  ( 6.790827606998623089, -3.350287950190303453E-15, -37.00000000000029843 ) ) ;
#2727 = CYLINDRICAL_SURFACE ( 'NONE', #1055, 41.00000000000002842 ) ;
#2728 =( LENGTH_UNIT ( ) NAMED_UNIT ( * ) SI_UNIT ( .MILLI., .METRE. ) );
#2729 = SURFACE_SIDE_STYLE ('',( #3905 ) ) ;
#2730 = CARTESIAN_POINT ( 'NONE',  ( 8.119254731744817377, -90.14213562373090838, -45.07106781186575262 ) ) ;
#2731 = CARTESIAN_POINT ( 'NONE',  ( -11.00206561181482989, -3.350287950190303453E-15, 33.99999999999972289 ) ) ;
#2732 = DIRECTION ( 'NONE',  ( 1.000000000000000000, -0.000000000000000000, 0.000000000000000000 ) ) ;
#2733 = VERTEX_POINT ( 'NONE', #4621 ) ;
#2734 = CIRCLE ( 'NONE', #2953, 37.00000000000002132 ) ;
#2735 = ORIENTED_EDGE ( 'NONE', *, *, #1657, .T. ) ;
#2736 = VERTEX_POINT ( 'NONE', #1273 ) ;
#2737 = CARTESIAN_POINT ( 'NONE',  ( 12.61925473174481560, -89.31370849898475228, 44.65685424949207771 ) ) ;
#2738 = SURFACE_STYLE_USAGE ( .BOTH. , #1622 ) ;
#2739 = SURFACE_STYLE_FILL_AREA ( #439 ) ;
#2740 = STYLED_ITEM ( 'NONE', ( #2400 ), #1967 ) ;
#2741 = STYLED_ITEM ( 'NONE', ( #2114 ), #814 ) ;
#2742 = PRESENTATION_LAYER_ASSIGNMENT (  '', '', ( #2654 ) ) ;
#2743 = CARTESIAN_POINT ( 'NONE',  ( -0.3807452682551843992, -2.125641151042950788E-15, -2.949029909160572061E-13 ) ) ;
#2744 = CIRCLE ( 'NONE', #1767, 1.600000000000000533 ) ;
#2745 = VECTOR ( 'NONE', #2028, 1000.000000000000000 ) ;
#2746 = CARTESIAN_POINT ( 'NONE',  ( 5.619254731744818265, -3.350287950190303847E-15, -41.00000000000032685 ) ) ;
#2747 =( BOUNDED_CURVE ( )  B_SPLINE_CURVE ( 3, ( #3399, #4536, #1470, #2202 ),
 .UNSPECIFIED., .F., .F. ) 
 B_SPLINE_CURVE_WITH_KNOTS ( ( 4, 4 ),
 ( 0.5000000000000028866, 0.6464466094067263802 ),
 .UNSPECIFIED. ) 
 CURVE ( )  GEOMETRIC_REPRESENTATION_ITEM ( )  RATIONAL_B_SPLINE_CURVE ( ( 0.9999999999999961142, 0.8047378541243620509, 0.6666666666666647423, 0.5857864376269039663 ) ) 
 REPRESENTATION_ITEM ( '' )  );
#2748 = ADVANCED_FACE ( 'NONE', ( #2775 ), #4299, .F. ) ;
#2749 = EDGE_LOOP ( 'NONE', ( #2244, #3415, #1815, #3497, #2090 ) ) ;
#2750 =( NAMED_UNIT ( * ) SI_UNIT ( $, .STERADIAN. ) SOLID_ANGLE_UNIT ( ) );
#2751 = CARTESIAN_POINT ( 'NONE',  ( 6.583720825812098276, 100.0000000000000568, -50.00000000000031974 ) ) ;
#2752 = DIRECTION ( 'NONE',  ( -1.000000000000000000, -1.734723475976807403E-17, -4.814824860968091001E-33 ) ) ;
#2753 = CARTESIAN_POINT ( 'NONE',  ( 6.583720825812071631, -3.350287950190303453E-15, -38.00000000000031264 ) ) ;
#2754 = SURFACE_STYLE_USAGE ( .BOTH. , #2439 ) ;
#2755 = CARTESIAN_POINT ( 'NONE',  ( -0.8807452682551838441, 8.034441853748909068, 24.72746942367361100 ) ) ;
#2756 = CIRCLE ( 'NONE', #161, 37.00000000000001421 ) ;
#2757 = CARTESIAN_POINT ( 'NONE',  ( 6.240575075304461095, 68.00000000000005684, -34.00000000000032685 ) ) ;
#2758 = SURFACE_STYLE_FILL_AREA ( #3526 ) ;
#2759 = FACE_OUTER_BOUND ( 'NONE', #342, .T. ) ;
#2760 = UNCERTAINTY_MEASURE_WITH_UNIT (LENGTH_MEASURE( 1.000000000000000082E-05 ), #230, 'distance_accuracy_value', 'NONE');
#2761 = AXIS2_PLACEMENT_3D ( 'NONE', #1902, #3406, #3803 ) ;
#2762 = VERTEX_POINT ( 'NONE', #1547 ) ;
#2763 = SURFACE_STYLE_USAGE ( .BOTH. , #2005 ) ;
#2764 = DIRECTION ( 'NONE',  ( -1.000000000000000000, 0.000000000000000000, 0.000000000000000000 ) ) ;
#2765 = DIRECTION ( 'NONE',  ( -0.4472135954999595930, 1.095357396528404386E-16, -0.8944271909999150783 ) ) ;
#2766 = CARTESIAN_POINT ( 'NONE',  ( 16.11925473174482093, -106.1421356237308942, 53.07106781186514866 ) ) ;
#2767 = VECTOR ( 'NONE', #1308, 1000.000000000000000 ) ;
#2768 = EDGE_LOOP ( 'NONE', ( #1331, #2511 ) ) ;
#2769 = ORIENTED_EDGE ( 'NONE', *, *, #4173, .F. ) ;
#2770 = CARTESIAN_POINT ( 'NONE',  ( 6.119254731744816489, -58.00000000000003553, 28.99999999999972644 ) ) ;
#2771 = ORIENTED_EDGE ( 'NONE', *, *, #3211, .T. ) ;
#2772 = FACE_OUTER_BOUND ( 'NONE', #3797, .T. ) ;
#2773 = AXIS2_PLACEMENT_3D ( 'NONE', #764, #4532, #790 ) ;
#2774 = CARTESIAN_POINT ( 'NONE',  ( 6.583720825812098276, 100.0000000000000568, 49.99999999999974420 ) ) ;
#2775 = FACE_OUTER_BOUND ( 'NONE', #3733, .T. ) ;
#2776 = CARTESIAN_POINT ( 'NONE',  ( 8.619254731744819154, -3.350287950190303453E-15, 44.65685424949207771 ) ) ;
#2777 = CARTESIAN_POINT ( 'NONE',  ( 11.99793438818519320, -7.067915233984887229E-16, -2.983724378680108202E-13 ) ) ;
#2778 =( BOUNDED_CURVE ( )  B_SPLINE_CURVE ( 3, ( #1200, #4171, #3827, #4624 ),
 .UNSPECIFIED., .F., .F. ) 
 B_SPLINE_CURVE_WITH_KNOTS ( ( 4, 4 ),
 ( 0.1464466094067259916, 0.2499999999999998890 ),
 .UNSPECIFIED. ) 
 CURVE ( )  GEOMETRIC_REPRESENTATION_ITEM ( )  RATIONAL_B_SPLINE_CURVE ( ( 0.5857864376269054096, 0.5285954792089685439, 0.5000000000000001110, 0.5000000000000000000 ) ) 
 REPRESENTATION_ITEM ( '' )  );
#2779 = EDGE_CURVE ( 'NONE', #558, #4594, #3969, .T. ) ;
#2780 = CARTESIAN_POINT ( 'NONE',  ( 13.53346829411791141, -46.24264068711926257, -2.927093476778506765E-13 ) ) ;
#2781 = PRESENTATION_STYLE_ASSIGNMENT (( #1279 ) ) ;
#2782 = CARTESIAN_POINT ( 'NONE',  ( 3.997934388185172772, -3.350287950190303847E-15, 39.17157287525352416 ) ) ;
#2783 = CARTESIAN_POINT ( 'NONE',  ( 6.583720825812095612, -3.350287950190303453E-15, -42.00000000000032685 ) ) ;
#2784 = SURFACE_SIDE_STYLE ('',( #593 ) ) ;
#2785 = EDGE_LOOP ( 'NONE', ( #4362, #2854, #4474, #583, #2552 ) ) ;
#2786 = CARTESIAN_POINT ( 'NONE',  ( 11.61925473174481915, -3.350287950190303847E-15, -41.00000000000031974 ) ) ;
#2787 = CARTESIAN_POINT ( 'NONE',  ( 3.583720825812071187, -3.350287950190304636E-15, -38.34314575050793650 ) ) ;
#2788 = ORIENTED_EDGE ( 'NONE', *, *, #2641, .F. ) ;
#2789 = ORIENTED_EDGE ( 'NONE', *, *, #3270, .T. ) ;
#2790 = CARTESIAN_POINT ( 'NONE',  ( 2.119254731744816045, -3.350287950190303847E-15, -29.00000000000030909 ) ) ;
#2791 = DIRECTION ( 'NONE',  ( 1.000000000000000000, 2.009103862151800363E-17, -0.000000000000000000 ) ) ;
#2792 = ORIENTED_EDGE ( 'NONE', *, *, #4588, .T. ) ;
#2793 = FILL_AREA_STYLE ('',( #4297 ) ) ;
#2794 = CARTESIAN_POINT ( 'NONE',  ( -1.416279174187926149, -3.350287950190303453E-15, 37.99999999999970868 ) ) ;
#2795 = CARTESIAN_POINT ( 'NONE',  ( -0.8807452682551838441, -21.03444185374850406, 15.28241655960419365 ) ) ;
#2796 = CARTESIAN_POINT ( 'NONE',  ( 14.61925473174481915, -3.709149095292972485E-16, -2.983724378680108202E-13 ) ) ;
#2797 = FILL_AREA_STYLE_COLOUR ( '', #750 ) ;
#2798 = ADVANCED_FACE ( 'NONE', ( #2411 ), #2727, .F. ) ;
#2799 = STYLED_ITEM ( 'NONE', ( #1784 ), #3011 ) ;
#2800 = DIRECTION ( 'NONE',  ( -1.000000000000000000, -1.057758217059028269E-17, -0.000000000000000000 ) ) ;
#2801 = DIRECTION ( 'NONE',  ( -0.4472135954999595930, 0.000000000000000000, 0.8944271909999150783 ) ) ;
#2802 = CIRCLE ( 'NONE', #669, 40.82842712474621294 ) ;
#2803 = ADVANCED_FACE ( 'NONE', ( #3829, #779, #1527, #15, #4603, #1144, #3040, #1171, #3779, #853, #2258, #3855 ), #3090, .F. ) ;
#2804 = CARTESIAN_POINT ( 'NONE',  ( -12.88074526825518618, 106.1421356237309226, -53.07106781186575972 ) ) ;
#2805 = CARTESIAN_POINT ( 'NONE',  ( 2.240575075304460650, 84.00000000000004263, -42.00000000000031974 ) ) ;
#2806 = DIRECTION ( 'NONE',  ( -1.000000000000000000, 1.734723475976807403E-17, 4.814824860968091001E-33 ) ) ;
#2807 = CARTESIAN_POINT ( 'NONE',  ( 12.11925473174481915, -106.1421356237308800, 53.07106781186515576 ) ) ;
#2808 = CIRCLE ( 'NONE', #63, 50.00000000000000000 ) ;
#2809 = ADVANCED_FACE ( 'NONE', ( #3408 ), #1957, .F. ) ;
#2810 = EDGE_LOOP ( 'NONE', ( #1867, #1773, #1351, #1970 ) ) ;
#2811 = ORIENTED_EDGE ( 'NONE', *, *, #3095, .F. ) ;
#2812 = CARTESIAN_POINT ( 'NONE',  ( 2.119254731744816045, -58.00000000000002842, 28.99999999999971223 ) ) ;
#2813 = CARTESIAN_POINT ( 'NONE',  ( 12.61925473174482093, -3.350287950190303847E-15, 44.65685424949207771 ) ) ;
#2814 = DIRECTION ( 'NONE',  ( 1.000000000000000000, 1.308737877485429556E-18, 4.027881020014449633E-18 ) ) ;
#2815 = UNCERTAINTY_MEASURE_WITH_UNIT (LENGTH_MEASURE( 1.000000000000000082E-05 ), #1759, 'distance_accuracy_value', 'NONE');
#2816 =( GEOMETRIC_REPRESENTATION_CONTEXT ( 3 ) GLOBAL_UNCERTAINTY_ASSIGNED_CONTEXT ( ( #2391 ) ) GLOBAL_UNIT_ASSIGNED_CONTEXT ( ( #4617, #4587, #1915 ) ) REPRESENTATION_CONTEXT ( 'NONE', 'WORKASPACE' ) );
#2817 = EDGE_LOOP ( 'NONE', ( #154, #4511, #742, #3634 ) ) ;
#2818 = SURFACE_STYLE_FILL_AREA ( #2793 ) ;
#2819 =( NAMED_UNIT ( * ) SI_UNIT ( $, .STERADIAN. ) SOLID_ANGLE_UNIT ( ) );
#2820 =( NAMED_UNIT ( * ) PLANE_ANGLE_UNIT ( ) SI_UNIT ( $, .RADIAN. ) );
#2821 = CARTESIAN_POINT ( 'NONE',  ( 5.619254731744818265, -3.350287950190303847E-15, -2.983724378680108202E-13 ) ) ;
#2822 =( NAMED_UNIT ( * ) SI_UNIT ( $, .STERADIAN. ) SOLID_ANGLE_UNIT ( ) );
#2823 = DIRECTION ( 'NONE',  ( -1.000000000000000000, 0.000000000000000000, 0.000000000000000000 ) ) ;
#2824 = CARTESIAN_POINT ( 'NONE',  ( 2.240575075304460650, -68.00000000000005684, -34.00000000000032685 ) ) ;
#2825 = CYLINDRICAL_SURFACE ( 'NONE', #3119, 50.00000000000000000 ) ;
#2826 = ADVANCED_FACE ( 'NONE', ( #1319 ), #980, .T. ) ;
#2827 =( GEOMETRIC_REPRESENTATION_CONTEXT ( 3 ) GLOBAL_UNCERTAINTY_ASSIGNED_CONTEXT ( ( #1938 ) ) GLOBAL_UNIT_ASSIGNED_CONTEXT ( ( #4681, #1292, #1142 ) ) REPRESENTATION_CONTEXT ( 'NONE', 'WORKASPACE' ) );
#2828 = CARTESIAN_POINT ( 'NONE',  ( -16.88074526825518973, 90.14213562373097943, 45.07106781186517708 ) ) ;
#2829 = CARTESIAN_POINT ( 'NONE',  ( -0.3807452682551843992, 4.181289864565923541E-15, -41.00000000000032685 ) ) ;
#2830 = CARTESIAN_POINT ( 'NONE',  ( 12.11925473174481915, 106.1421356237308800, 53.07106781186515576 ) ) ;
#2831 = EDGE_CURVE ( 'NONE', #1823, #3514, #1300, .T. ) ;
#2832 = AXIS2_PLACEMENT_3D ( 'NONE', #2821, #167, #3088 ) ;
#2833 = PRESENTATION_STYLE_ASSIGNMENT (( #319 ) ) ;
#2834 = CARTESIAN_POINT ( 'NONE',  ( 12.61925473174481560, 105.3137084989847381, 52.65685424949207061 ) ) ;
#2835 = CYLINDRICAL_SURFACE ( 'NONE', #236, 1.600000000000000755 ) ;
#2836 =( LENGTH_UNIT ( ) NAMED_UNIT ( * ) SI_UNIT ( .MILLI., .METRE. ) );
#2837 = STYLED_ITEM ( 'NONE', ( #1800 ), #3533 ) ;
#2838 = ORIENTED_EDGE ( 'NONE', *, *, #906, .F. ) ;
#2839 = CARTESIAN_POINT ( 'NONE',  ( -1.880745268255183289, -58.00000000000003553, 28.99999999999972644 ) ) ;
#2840 = CARTESIAN_POINT ( 'NONE',  ( 2.583720825812073407, 76.00000000000001421, 37.99999999999971578 ) ) ;
#2841 = VECTOR ( 'NONE', #1986, 1000.000000000000000 ) ;
#2842 = CARTESIAN_POINT ( 'NONE',  ( -6.380745268255187952, -41.00000000000002842, -2.983724378680108202E-13 ) ) ;
#2843 = AXIS2_PLACEMENT_3D ( 'NONE', #2883, #3694, #1687 ) ;
#2844 = CARTESIAN_POINT ( 'NONE',  ( 14.61925473174481560, -3.350287950190303847E-15, 47.55228474983045572 ) ) ;
#2845 = DIRECTION ( 'NONE',  ( -0.4472135954999579832, 0.8944271909999157444, 1.095357396528405126E-16 ) ) ;
#2846 = CARTESIAN_POINT ( 'NONE',  ( 10.24057507530445932, -3.350287950190303453E-15, 41.99999999999972999 ) ) ;
#2847 = FILL_AREA_STYLE ('',( #524 ) ) ;
#2848 = PRESENTATION_LAYER_ASSIGNMENT (  '', '', ( #4290 ) ) ;
#2849 = FILL_AREA_STYLE_COLOUR ( '', #4570 ) ;
#2850 = CARTESIAN_POINT ( 'NONE',  ( -14.29495883062827843, 46.24264068711926967, -2.927093476778506765E-13 ) ) ;
#2851 = DIRECTION ( 'NONE',  ( 0.000000000000000000, 0.000000000000000000, -1.000000000000000000 ) ) ;
#2852 = DIRECTION ( 'NONE',  ( 0.000000000000000000, 0.000000000000000000, -1.000000000000000000 ) ) ;
#2853 = ORIENTED_EDGE ( 'NONE', *, *, #1695, .F. ) ;
#2854 = ORIENTED_EDGE ( 'NONE', *, *, #3878, .F. ) ;
#2855 = CARTESIAN_POINT ( 'NONE',  ( -11.00206561181482989, -68.00000000000005684, -34.00000000000032685 ) ) ;
#2856 = EDGE_CURVE ( 'NONE', #2318, #2736, #3814, .T. ) ;
#2857 = CARTESIAN_POINT ( 'NONE',  ( 16.61925473174482093, 105.3137084989847381, -52.65685424949268167 ) ) ;
#2858 = FILL_AREA_STYLE ('',( #3966 ) ) ;
#2859 = VERTEX_POINT ( 'NONE', #1616 ) ;
#2860 = CARTESIAN_POINT ( 'NONE',  ( -1.416279174187925705, 92.00000000000005684, -46.00000000000030553 ) ) ;
#2861 = DIRECTION ( 'NONE',  ( 1.141265444721583234E-17, 1.000000000000000000, 0.000000000000000000 ) ) ;
#2862 = DIRECTION ( 'NONE',  ( 1.000000000000000000, 0.000000000000000000, 0.000000000000000000 ) ) ;
#2863 = EDGE_CURVE ( 'NONE', #179, #316, #2465, .T. ) ;
#2864 = CARTESIAN_POINT ( 'NONE',  ( 2.240575075304460650, -84.00000000000004263, 41.99999999999973710 ) ) ;
#2865 = DIRECTION ( 'NONE',  ( -2.344220913482170916E-17, -1.000000000000000000, 0.000000000000000000 ) ) ;
#2866 = CARTESIAN_POINT ( 'NONE',  ( -0.3807452682551843992, -2.886709523219207062E-16, 49.99999999999970157 ) ) ;
#2867 =( LENGTH_UNIT ( ) NAMED_UNIT ( * ) SI_UNIT ( .MILLI., .METRE. ) );
#2868 = CARTESIAN_POINT ( 'NONE',  ( 6.240575075304461095, -84.00000000000004263, 41.99999999999972289 ) ) ;
#2869 = DIRECTION ( 'NONE',  ( 0.000000000000000000, 0.000000000000000000, 1.000000000000000000 ) ) ;
#2870 =( NAMED_UNIT ( * ) SI_UNIT ( $, .STERADIAN. ) SOLID_ANGLE_UNIT ( ) );
#2871 = SURFACE_SIDE_STYLE ('',( #771 ) ) ;
#2872 = VECTOR ( 'NONE', #811, 1000.000000000000114 ) ;
#2873 = COLOUR_RGB ( '',0.7529411764705882248, 0.7529411764705882248, 0.7529411764705882248 ) ;
#2874 = ORIENTED_EDGE ( 'NONE', *, *, #1554, .F. ) ;
#2875 = EDGE_LOOP ( 'NONE', ( #3467, #3286, #3122, #1539 ) ) ;
#2876 = CARTESIAN_POINT ( 'NONE',  ( -7.002065611814828117, 68.00000000000005684, -34.00000000000032685 ) ) ;
#2877 = CARTESIAN_POINT ( 'NONE',  ( 12.61925473174481560, -89.31370849898475228, -44.65685424949267457 ) ) ;
#2878 = CARTESIAN_POINT ( 'NONE',  ( -3.345211362322442650, -3.350287950190303847E-15, 37.99999999999971578 ) ) ;
#2879 = MECHANICAL_DESIGN_GEOMETRIC_PRESENTATION_REPRESENTATION (  '', ( #2740 ), #4488 ) ;
#2880 = ORIENTED_EDGE ( 'NONE', *, *, #2711, .F. ) ;
#2881 =( LENGTH_UNIT ( ) NAMED_UNIT ( * ) SI_UNIT ( .MILLI., .METRE. ) );
#2882 = CARTESIAN_POINT ( 'NONE',  ( 6.583720825812071631, -3.350287950190303453E-15, 45.99999999999970157 ) ) ;
#2883 = CARTESIAN_POINT ( 'NONE',  ( -0.8807452682551838441, 21.03444185374883091, 15.28241655960373180 ) ) ;
#2884 = EDGE_CURVE ( 'NONE', #2941, #1056, #1822, .T. ) ;
#2885 = CONICAL_SURFACE ( 'NONE', #4170, 45.82842712474617031, 1.107148717794088855 ) ;
#2886 = FACE_OUTER_BOUND ( 'NONE', #4748, .T. ) ;
#2887 = CARTESIAN_POINT ( 'NONE',  ( 2.240575075304460650, -84.00000000000004263, -42.00000000000031974 ) ) ;
#2888 = CARTESIAN_POINT ( 'NONE',  ( 10.58372082581209384, 100.0000000000000284, 49.99999999999971578 ) ) ;
#2889 = CARTESIAN_POINT ( 'NONE',  ( -15.34521136232246441, -3.350287950190303453E-15, 41.99999999999972999 ) ) ;
#2890 = EDGE_CURVE ( 'NONE', #223, #1707, #1207, .T. ) ;
#2891 =( BOUNDED_SURFACE ( )  B_SPLINE_SURFACE ( 3, 3, ( 
 ( #2339, #79, #4601, #3089, #3066, #3854, #4224 ),
 ( #4252, #1226, #476, #2309, #455, #102, #2726 ),
 ( #4113, #3710, #758, #3330, #1097, #2575, #1813 ),
 ( #1147, #1458, #733, #3729, #4265, #1190, #1969 ),
 ( #3817, #1921, #138, #3106, #1606, #3132, #699 ),
 ( #3834, #3785, #3045, #3358, #412, #4582, #84 ),
 ( #4115, #808, #4460, #321, #4818, #3787, #640 ) ),
 .UNSPECIFIED., .T., .T., .F. ) 
 B_SPLINE_SURFACE_WITH_KNOTS ( ( 4, 3, 4 ),
 ( 4, 3, 4 ),
 ( 0.000000000000000000, 0.5000000000000000000, 1.000000000000000000 ),
 ( 0.000000000000000000, 0.5000000000000000000, 1.000000000000000000 ),
 .UNSPECIFIED. ) 
 GEOMETRIC_REPRESENTATION_ITEM ( )  RATIONAL_B_SPLINE_SURFACE ( (
 ( 1.000000000000000000, 0.3333333333333333148, 0.3333333333333333148, 1.000000000000000000, 0.3333333333333333148, 0.3333333333333333148, 1.000000000000000000),
 ( 0.3333333333333333703, 0.1111111111111111188, 0.1111111111111111188, 0.3333333333333333703, 0.1111111111111111188, 0.1111111111111111188, 0.3333333333333333703),
 ( 0.3333333333333333703, 0.1111111111111111188, 0.1111111111111111188, 0.3333333333333333703, 0.1111111111111111188, 0.1111111111111111188, 0.3333333333333333703),
 ( 1.000000000000000000, 0.3333333333333333148, 0.3333333333333333148, 1.000000000000000000, 0.3333333333333333148, 0.3333333333333333148, 1.000000000000000000),
 ( 0.3333333333333333703, 0.1111111111111111188, 0.1111111111111111188, 0.3333333333333333703, 0.1111111111111111188, 0.1111111111111111188, 0.3333333333333333703),
 ( 0.3333333333333333703, 0.1111111111111111188, 0.1111111111111111188, 0.3333333333333333703, 0.1111111111111111188, 0.1111111111111111188, 0.3333333333333333703),
 ( 1.000000000000000000, 0.3333333333333333148, 0.3333333333333333148, 1.000000000000000000, 0.3333333333333333148, 0.3333333333333333148, 1.000000000000000000) ) ) 
 REPRESENTATION_ITEM ( '' )  SURFACE ( )  );
#2892 = CARTESIAN_POINT ( 'NONE',  ( -12.88074526825518795, -3.350287950190303847E-15, -45.07106781186576683 ) ) ;
#2893 = CARTESIAN_POINT ( 'NONE',  ( 6.240575075304460206, -3.350287950190303847E-15, 33.99999999999972289 ) ) ;
#2894 = FILL_AREA_STYLE ('',( #2085 ) ) ;
#2895 =( LENGTH_UNIT ( ) NAMED_UNIT ( * ) SI_UNIT ( .MILLI., .METRE. ) );
#2896 = CARTESIAN_POINT ( 'NONE',  ( -7.345211362322443094, -92.00000000000005684, 45.99999999999972289 ) ) ;
#2897 = LINE ( 'NONE', #4429, #1391 ) ;
#2898 = DIRECTION ( 'NONE',  ( 1.000000000000000000, -3.426320245621115692E-18, 2.489367373009559838E-18 ) ) ;
#2899 = ORIENTED_EDGE ( 'NONE', *, *, #3697, .T. ) ;
#2900 = ORIENTED_EDGE ( 'NONE', *, *, #2392, .T. ) ;
#2901 = CARTESIAN_POINT ( 'NONE',  ( -7.002065611814829893, -3.350287950190303847E-15, -34.00000000000031974 ) ) ;
#2902 = CARTESIAN_POINT ( 'NONE',  ( -7.345211362322440429, -3.350287950190303453E-15, 37.99999999999970868 ) ) ;
#2903 = CARTESIAN_POINT ( 'NONE',  ( -0.8807452682551838441, 26.00000000000000000, 1.599999999999705214 ) ) ;
#2904 = AXIS2_PLACEMENT_3D ( 'NONE', #2521, #1383, #3702 ) ;
#2905 = EDGE_LOOP ( 'NONE', ( #3656, #2175, #3681, #2264 ) ) ;
#2906 = CARTESIAN_POINT ( 'NONE',  ( 2.583720825812074295, -92.00000000000000000, 45.99999999999970868 ) ) ;
#2907 = CARTESIAN_POINT ( 'NONE',  ( -4.759424924695541570, -9.517208832279603011E-16, -2.983724378680108202E-13 ) ) ;
#2908 = AXIS2_PLACEMENT_3D ( 'NONE', #4697, #3152, #4726 ) ;
#2909 = DIRECTION ( 'NONE',  ( 1.000000000000000000, 2.009103862151800363E-17, -0.000000000000000000 ) ) ;
#2910 =( GEOMETRIC_REPRESENTATION_CONTEXT ( 3 ) GLOBAL_UNCERTAINTY_ASSIGNED_CONTEXT ( ( #2284 ) ) GLOBAL_UNIT_ASSIGNED_CONTEXT ( ( #3728, #3806, #1833 ) ) REPRESENTATION_CONTEXT ( 'NONE', 'WORKASPACE' ) );
#2911 = CARTESIAN_POINT ( 'NONE',  ( 10.24057507530445932, -3.350287950190303453E-15, -42.00000000000032685 ) ) ;
#2912 = ADVANCED_FACE ( 'NONE', ( #1638 ), #352, .F. ) ;
#2913 = CARTESIAN_POINT ( 'NONE',  ( -15.34521136232246796, -84.00000000000004263, 41.99999999999973710 ) ) ;
#2914 = CYLINDRICAL_SURFACE ( 'NONE', #584, 1.600000000000000533 ) ;
#2915 = CARTESIAN_POINT ( 'NONE',  ( -8.880745268255189728, -3.350287950190303453E-15, -45.07106781186575972 ) ) ;
#2916 = PRESENTATION_LAYER_ASSIGNMENT (  '', '', ( #3305 ) ) ;
#2917 = FACE_OUTER_BOUND ( 'NONE', #221, .T. ) ;
#2918 = STYLED_ITEM ( 'NONE', ( #4586 ), #249 ) ;
#2919 = CARTESIAN_POINT ( 'NONE',  ( -7.345211362322443094, 76.00000000000002842, 37.99999999999971578 ) ) ;
#2920 =( BOUNDED_CURVE ( )  B_SPLINE_CURVE ( 3, ( #1088, #1381, #1010, #4877 ),
 .UNSPECIFIED., .F., .F. ) 
 B_SPLINE_CURVE_WITH_KNOTS ( ( 4, 4 ),
 ( 0.3535533905932738419, 0.4999999999999969469 ),
 .UNSPECIFIED. ) 
 CURVE ( )  GEOMETRIC_REPRESENTATION_ITEM ( )  RATIONAL_B_SPLINE_CURVE ( ( 0.5857864376269050766, 0.6666666666666651864, 0.8047378541243622729, 0.9999999999999958922 ) ) 
 REPRESENTATION_ITEM ( '' )  );
#2921 = ORIENTED_EDGE ( 'NONE', *, *, #2940, .F. ) ;
#2922 = CARTESIAN_POINT ( 'NONE',  ( -1.209172393001375578, 90.00000000000005684, 44.99999999999972289 ) ) ;
#2923 = ORIENTED_EDGE ( 'NONE', *, *, #2055, .T. ) ;
#2924 = CARTESIAN_POINT ( 'NONE',  ( -3.002065611814829893, -3.350287950190303453E-15, 33.99999999999972289 ) ) ;
#2925 = CARTESIAN_POINT ( 'NONE',  ( -7.345211362322443094, 76.00000000000002842, 37.99999999999971578 ) ) ;
#2926 = CYLINDRICAL_SURFACE ( 'NONE', #446, 42.00000000000002132 ) ;
#2927 = EDGE_LOOP ( 'NONE', ( #4833, #393 ) ) ;
#2928 = PRESENTATION_STYLE_ASSIGNMENT (( #1422 ) ) ;
#2929 = CARTESIAN_POINT ( 'NONE',  ( -0.8807452682551838441, 26.00000000000000000, -2.953366717850514078E-13 ) ) ;
#2930 = SURFACE_STYLE_USAGE ( .BOTH. , #1425 ) ;
#2931 = CARTESIAN_POINT ( 'NONE',  ( -15.34521136232246441, -3.350287950190303453E-15, 41.99999999999972999 ) ) ;
#2932 = CARTESIAN_POINT ( 'NONE',  ( 14.58372082581209916, 84.00000000000004263, -42.00000000000031974 ) ) ;
#2933 = CARTESIAN_POINT ( 'NONE',  ( -15.34521136232246441, -3.350287950190303453E-15, -50.00000000000031974 ) ) ;
#2934 = EDGE_CURVE ( 'NONE', #3151, #3808, #1975, .T. ) ;
#2935 = AXIS2_PLACEMENT_3D ( 'NONE', #1297, #3135, #97 ) ;
#2936 = FILL_AREA_STYLE_COLOUR ( '', #4089 ) ;
#2937 = DIRECTION ( 'NONE',  ( 1.000000000000000000, 0.000000000000000000, 0.000000000000000000 ) ) ;
#2938 = CARTESIAN_POINT ( 'NONE',  ( 0.6547886376775575723, -3.350287950190303453E-15, 37.99999999999970868 ) ) ;
#2939 = AXIS2_PLACEMENT_3D ( 'NONE', #543, #4493, #2180 ) ;
#2940 = EDGE_CURVE ( 'NONE', #1745, #834, #54, .T. ) ;
#2941 = VERTEX_POINT ( 'NONE', #329 ) ;
#2942 = CARTESIAN_POINT ( 'NONE',  ( 6.790827606998623978, 74.00000000000004263, -37.00000000000032685 ) ) ;
#2943 = CARTESIAN_POINT ( 'NONE',  ( -8.880745268255186176, -90.14213562373097943, -45.07106781186578814 ) ) ;
#2944 = CARTESIAN_POINT ( 'NONE',  ( -7.002065611814829893, -3.350287950190303847E-15, -34.00000000000031974 ) ) ;
#2945 = SURFACE_SIDE_STYLE ('',( #4817 ) ) ;
#2946 = EDGE_CURVE ( 'NONE', #909, #4413, #2628, .T. ) ;
#2947 = EDGE_LOOP ( 'NONE', ( #2320, #2874, #140, #1286 ) ) ;
#2948 = AXIS2_PLACEMENT_3D ( 'NONE', #2365, #3138, #3856 ) ;
#2949 = DIRECTION ( 'NONE',  ( 5.421010862427521400E-18, -1.000000000000000000, 0.000000000000000000 ) ) ;
#2950 = CARTESIAN_POINT ( 'NONE',  ( 6.583720825812076960, 92.00000000000005684, 45.99999999999972289 ) ) ;
#2951 = DIRECTION ( 'NONE',  ( 0.000000000000000000, 0.000000000000000000, 1.000000000000000000 ) ) ;
#2952 = PRESENTATION_LAYER_ASSIGNMENT (  '', '', ( #3430 ) ) ;
#2953 = AXIS2_PLACEMENT_3D ( 'NONE', #3644, #211, #1689 ) ;
#2954 = PRESENTATION_LAYER_ASSIGNMENT (  '', '', ( #767 ) ) ;
#2955 = CARTESIAN_POINT ( 'NONE',  ( 10.58372082581209739, -3.350287950190303847E-15, 49.99999999999972289 ) ) ;
#2956 = CARTESIAN_POINT ( 'NONE',  ( -15.34521136232246796, -100.0000000000000568, 49.99999999999974420 ) ) ;
#2957 = MECHANICAL_DESIGN_GEOMETRIC_PRESENTATION_REPRESENTATION (  '', ( #3668 ), #3589 ) ;
#2958 = VECTOR ( 'NONE', #118, 1000.000000000000000 ) ;
#2959 = DIRECTION ( 'NONE',  ( 1.000000000000000000, -0.000000000000000000, -0.000000000000000000 ) ) ;
#2960 = SURFACE_SIDE_STYLE ('',( #1454 ) ) ;
#2961 = STYLED_ITEM ( 'NONE', ( #4372 ), #1324 ) ;
#2962 = CYLINDRICAL_SURFACE ( 'NONE', #4677, 1.600000000000000533 ) ;
#2963 = FILL_AREA_STYLE_COLOUR ( '', #1019 ) ;
#2964 = FILL_AREA_STYLE ('',( #4809 ) ) ;
#2965 = ORIENTED_EDGE ( 'NONE', *, *, #1269, .T. ) ;
#2966 = CARTESIAN_POINT ( 'NONE',  ( 6.790827606998623978, -90.00000000000005684, -45.00000000000030553 ) ) ;
#2967 = CARTESIAN_POINT ( 'NONE',  ( 0.1192547317448161698, 26.00000000000000000, 1.599999999999705214 ) ) ;
#2968 = CARTESIAN_POINT ( 'NONE',  ( -12.88074526825518618, 106.1421356237309226, 53.07106781186517708 ) ) ;
#2969 = CARTESIAN_POINT ( 'NONE',  ( 0.6547886376775575723, -3.350287950190303453E-15, 45.99999999999970157 ) ) ;
#2970 = EDGE_CURVE ( 'NONE', #378, #4060, #2143, .T. ) ;
#2971 = COLOUR_RGB ( '',0.7529411764705882248, 0.7529411764705882248, 0.7529411764705882248 ) ;
#2972 = ORIENTED_EDGE ( 'NONE', *, *, #1612, .F. ) ;
#2973 = COLOUR_RGB ( '',0.7529411764705882248, 0.7529411764705882248, 0.7529411764705882248 ) ;
#2974 = DIRECTION ( 'NONE',  ( 0.000000000000000000, 0.000000000000000000, 1.000000000000000000 ) ) ;
#2975 =( LENGTH_UNIT ( ) NAMED_UNIT ( * ) SI_UNIT ( .MILLI., .METRE. ) );
#2976 = CARTESIAN_POINT ( 'NONE',  ( -14.29495883062828199, -46.24264068711926967, -2.983724378680108202E-13 ) ) ;
#2977 = FACE_OUTER_BOUND ( 'NONE', #939, .T. ) ;
#2978 = FILL_AREA_STYLE_COLOUR ( '', #2973 ) ;
#2979 = ORIENTED_EDGE ( 'NONE', *, *, #1819, .T. ) ;
#2980 = MECHANICAL_DESIGN_GEOMETRIC_PRESENTATION_REPRESENTATION (  '', ( #1105 ), #2910 ) ;
#2981 = DIRECTION ( 'NONE',  ( 1.000000000000000000, -1.875675188744150862E-17, -5.629051861872647572E-33 ) ) ;
#2982 = LINE ( 'NONE', #4543, #1832 ) ;
#2983 = CYLINDRICAL_SURFACE ( 'NONE', #443, 41.00000000000002842 ) ;
#2984 = CARTESIAN_POINT ( 'NONE',  ( 8.119254731744817377, 106.1421356237308942, -53.07106781186574551 ) ) ;
#2985 = CONICAL_SURFACE ( 'NONE', #2440, 47.00000000000000000, 1.107148717794088633 ) ;
#2986 = COLOUR_RGB ( '',0.7529411764705882248, 0.7529411764705882248, 0.7529411764705882248 ) ;
#2987 = SURFACE_STYLE_USAGE ( .BOTH. , #1482 ) ;
#2988 = UNCERTAINTY_MEASURE_WITH_UNIT (LENGTH_MEASURE( 1.000000000000000082E-05 ), #3912, 'distance_accuracy_value', 'NONE');
#2989 = PRESENTATION_LAYER_ASSIGNMENT (  '', '', ( #3476 ) ) ;
#2990 = ORIENTED_EDGE ( 'NONE', *, *, #4389, .F. ) ;
#2991 = SURFACE_STYLE_USAGE ( .BOTH. , #4269 ) ;
#2992 = CIRCLE ( 'NONE', #2773, 41.00000000000002842 ) ;
#2993 = ORIENTED_EDGE ( 'NONE', *, *, #3036, .F. ) ;
#2994 = SURFACE_STYLE_USAGE ( .BOTH. , #2606 ) ;
#2995 = CARTESIAN_POINT ( 'NONE',  ( -16.88074526825518618, -3.350287950190303453E-15, 45.07106781186516287 ) ) ;
#2996 = DIRECTION ( 'NONE',  ( 0.000000000000000000, 0.000000000000000000, -1.000000000000000000 ) ) ;
#2997 =( GEOMETRIC_REPRESENTATION_CONTEXT ( 3 ) GLOBAL_UNCERTAINTY_ASSIGNED_CONTEXT ( ( #1651 ) ) GLOBAL_UNIT_ASSIGNED_CONTEXT ( ( #2572, #2131, #3626 ) ) REPRESENTATION_CONTEXT ( 'NONE', 'WORKASPACE' ) );
#2998 = ORIENTED_EDGE ( 'NONE', *, *, #1215, .F. ) ;
#2999 = EDGE_CURVE ( 'NONE', #3810, #4594, #2155, .T. ) ;
#3000 = VERTEX_POINT ( 'NONE', #1734 ) ;
#3001 = SURFACE_STYLE_USAGE ( .BOTH. , #817 ) ;
#3002 = SURFACE_STYLE_USAGE ( .BOTH. , #2634 ) ;
#3003 = CARTESIAN_POINT ( 'NONE',  ( -0.3807452682551843992, 5.834563043414844886E-15, -50.00000000000029843 ) ) ;
#3004 = SURFACE_STYLE_USAGE ( .BOTH. , #3426 ) ;
#3005 = EDGE_CURVE ( 'NONE', #2736, #2318, #3257, .T. ) ;
#3006 = ORIENTED_EDGE ( 'NONE', *, *, #3583, .T. ) ;
#3007 = CARTESIAN_POINT ( 'NONE',  ( -5.587852049441731417, -8.502678205632331844E-16, -2.983724378680108202E-13 ) ) ;
#3008 = CARTESIAN_POINT ( 'NONE',  ( -3.345211362322442650, -1.023459031810331891E-15, 37.99999999999971578 ) ) ;
#3009 =( LENGTH_UNIT ( ) NAMED_UNIT ( * ) SI_UNIT ( .MILLI., .METRE. ) );
#3010 = EDGE_LOOP ( 'NONE', ( #3846, #55, #4891, #4792, #2838 ) ) ;
#3011 = ADVANCED_FACE ( 'NONE', ( #2886 ), #349, .F. ) ;
#3012 = CARTESIAN_POINT ( 'NONE',  ( 4.205041169371719789, -3.350287950190303847E-15, -38.17157287525412102 ) ) ;
#3013 =( LENGTH_UNIT ( ) NAMED_UNIT ( * ) SI_UNIT ( .MILLI., .METRE. ) );
#3014 = CARTESIAN_POINT ( 'NONE',  ( 8.119254731744817377, -106.1421356237308942, -53.07106781186574551 ) ) ;
#3015 = SURFACE_STYLE_USAGE ( .BOTH. , #1883 ) ;
#3016 = ORIENTED_EDGE ( 'NONE', *, *, #119, .T. ) ;
#3017 = CARTESIAN_POINT ( 'NONE',  ( 2.790827606998624866, 90.00000000000002842, 44.99999999999971578 ) ) ;
#3018 = ORIENTED_EDGE ( 'NONE', *, *, #3724, .T. ) ;
#3019 = DIRECTION ( 'NONE',  ( 0.000000000000000000, 0.000000000000000000, 1.000000000000000000 ) ) ;
#3020 = CARTESIAN_POINT ( 'NONE',  ( -16.88074526825518973, -90.14213562373097943, 45.07106781186517708 ) ) ;
#3021 = CYLINDRICAL_SURFACE ( 'NONE', #3773, 1.600000000000000755 ) ;
#3022 = STYLED_ITEM ( 'NONE', ( #848 ), #2748 ) ;
#3023 = COLOUR_RGB ( '',0.7529411764705882248, 0.7529411764705882248, 0.7529411764705882248 ) ;
#3024 = VERTEX_POINT ( 'NONE', #846 ) ;
#3025 = DIRECTION ( 'NONE',  ( -1.000000000000000000, 0.000000000000000000, 0.000000000000000000 ) ) ;
#3026 = DIRECTION ( 'NONE',  ( 0.000000000000000000, 0.000000000000000000, 1.000000000000000000 ) ) ;
#3027 = CARTESIAN_POINT ( 'NONE',  ( 12.11925473174481915, -90.14213562373089417, -45.07106781186574551 ) ) ;
#3028 = ADVANCED_FACE ( 'NONE', ( #3481 ), #4323, .F. ) ;
#3029 = CIRCLE ( 'NONE', #507, 1.600000000000000755 ) ;
#3030 = CARTESIAN_POINT ( 'NONE',  ( 16.61925473174482093, 105.3137084989847381, 52.65685424949207061 ) ) ;
#3031 = CARTESIAN_POINT ( 'NONE',  ( -15.34521136232246796, -100.0000000000000568, -50.00000000000031974 ) ) ;
#3032 = DIRECTION ( 'NONE',  ( 4.130293990420966925E-17, -1.000000000000000000, 0.000000000000000000 ) ) ;
#3033 = CARTESIAN_POINT ( 'NONE',  ( -1.416279174187926149, -76.00000000000002842, 37.99999999999971578 ) ) ;
#3034 =( NAMED_UNIT ( * ) PLANE_ANGLE_UNIT ( ) SI_UNIT ( $, .RADIAN. ) );
#3035 = CIRCLE ( 'NONE', #4783, 1.600000000000000755 ) ;
#3036 = EDGE_CURVE ( 'NONE', #162, #2398, #425, .T. ) ;
#3037 = ORIENTED_EDGE ( 'NONE', *, *, #134, .T. ) ;
#3038 = MECHANICAL_DESIGN_GEOMETRIC_PRESENTATION_REPRESENTATION (  '', ( #441 ), #1068 ) ;
#3039 = CARTESIAN_POINT ( 'NONE',  ( 12.61925473174482093, -3.350287950190303847E-15, 44.65685424949207771 ) ) ;
#3040 = FACE_BOUND ( 'NONE', #1491, .T. ) ;
#3041 = MECHANICAL_DESIGN_GEOMETRIC_PRESENTATION_REPRESENTATION (  '', ( #767 ), #4160 ) ;
#3042 = CARTESIAN_POINT ( 'NONE',  ( 6.119254731744815601, -3.350287950190303453E-15, 28.99999999999971934 ) ) ;
#3043 = PRESENTATION_STYLE_ASSIGNMENT (( #17 ) ) ;
#3044 = CARTESIAN_POINT ( 'NONE',  ( 12.11925473174481915, 90.14213562373089417, 45.07106781186514866 ) ) ;
#3045 = CARTESIAN_POINT ( 'NONE',  ( -1.209172393001375578, 74.00000000000004263, 36.99999999999972289 ) ) ;
#3046 = ORIENTED_EDGE ( 'NONE', *, *, #1335, .T. ) ;
#3047 = UNCERTAINTY_MEASURE_WITH_UNIT (LENGTH_MEASURE( 1.000000000000000082E-05 ), #252, 'distance_accuracy_value', 'NONE');
#3048 = VECTOR ( 'NONE', #302, 1000.000000000000000 ) ;
#3049 = ORIENTED_EDGE ( 'NONE', *, *, #194, .F. ) ;
#3050 = CARTESIAN_POINT ( 'NONE',  ( -4.759424924695541570, -9.517208832279603011E-16, -2.983724378680108202E-13 ) ) ;
#3051 = VERTEX_POINT ( 'NONE', #1499 ) ;
#3052 = DIRECTION ( 'NONE',  ( -1.000000000000000000, 0.000000000000000000, 0.000000000000000000 ) ) ;
#3053 =( GEOMETRIC_REPRESENTATION_CONTEXT ( 3 ) GLOBAL_UNCERTAINTY_ASSIGNED_CONTEXT ( ( #3732 ) ) GLOBAL_UNIT_ASSIGNED_CONTEXT ( ( #3946, #3566, #1706 ) ) REPRESENTATION_CONTEXT ( 'NONE', 'WORKASPACE' ) );
#3054 = ORIENTED_EDGE ( 'NONE', *, *, #756, .T. ) ;
#3055 = CARTESIAN_POINT ( 'NONE',  ( -0.3807452682551843992, 4.364986884438026264E-15, -42.00000000000031974 ) ) ;
#3056 = SURFACE_STYLE_FILL_AREA ( #2274 ) ;
#3057 = CARTESIAN_POINT ( 'NONE',  ( -12.75942492469556200, 43.17157287525382969, -2.928973963461389207E-13 ) ) ;
#3058 = CARTESIAN_POINT ( 'NONE',  ( 12.61925473174481560, 105.3137084989847381, -52.65685424949266036 ) ) ;
#3059 = ORIENTED_EDGE ( 'NONE', *, *, #3225, .F. ) ;
#3060 = ORIENTED_EDGE ( 'NONE', *, *, #1141, .T. ) ;
#3061 = CARTESIAN_POINT ( 'NONE',  ( -15.34521136232246796, 100.0000000000000568, -50.00000000000031974 ) ) ;
#3062 = CARTESIAN_POINT ( 'NONE',  ( 0.1192547317448191257, -3.350287950190303847E-15, -35.66666666666694141 ) ) ;
#3063 = CARTESIAN_POINT ( 'NONE',  ( 2.583720825812073407, -3.350287950190303847E-15, 37.99999999999971578 ) ) ;
#3064 = FACE_BOUND ( 'NONE', #1652, .T. ) ;
#3065 = EDGE_LOOP ( 'NONE', ( #3614, #1236 ) ) ;
#3066 = CARTESIAN_POINT ( 'NONE',  ( 2.790827606998624866, -74.00000000000002842, 36.99999999999971578 ) ) ;
#3067 =( LENGTH_UNIT ( ) NAMED_UNIT ( * ) SI_UNIT ( .MILLI., .METRE. ) );
#3068 = EDGE_CURVE ( 'NONE', #3514, #1917, #2802, .T. ) ;
#3069 = CARTESIAN_POINT ( 'NONE',  ( -1.880745268255183289, 58.00000000000003553, -29.00000000000032330 ) ) ;
#3070 = CARTESIAN_POINT ( 'NONE',  ( -0.3807452682551843992, 3.630198804949611430E-15, -38.00000000000031264 ) ) ;
#3071 = CARTESIAN_POINT ( 'NONE',  ( 16.11925473174482093, -90.14213562373090838, -45.07106781186575262 ) ) ;
#3072 = CARTESIAN_POINT ( 'NONE',  ( -11.00206561181482989, -84.00000000000004263, 41.99999999999973710 ) ) ;
#3073 = PRESENTATION_LAYER_ASSIGNMENT (  '', '', ( #1709 ) ) ;
#3074 = ORIENTED_EDGE ( 'NONE', *, *, #2205, .F. ) ;
#3075 = ORIENTED_EDGE ( 'NONE', *, *, #2663, .F. ) ;
#3076 = EDGE_LOOP ( 'NONE', ( #57, #3173 ) ) ;
#3077 = VECTOR ( 'NONE', #903, 1000.000000000000114 ) ;
#3078 = AXIS2_PLACEMENT_3D ( 'NONE', #3293, #3229, #231 ) ;
#3079 = EDGE_CURVE ( 'NONE', #2733, #3663, #354, .T. ) ;
#3080 = CARTESIAN_POINT ( 'NONE',  ( 2.119254731744816045, 74.00000000000002842, 36.99999999999971578 ) ) ;
#3081 = CIRCLE ( 'NONE', #873, 41.00000000000002842 ) ;
#3082 = CONICAL_SURFACE ( 'NONE', #557, 40.82842712474621294, 1.107148717794090409 ) ;
#3083 = DIRECTION ( 'NONE',  ( 0.4472135954999594265, 0.000000000000000000, -0.8944271909999151893 ) ) ;
#3084 = CARTESIAN_POINT ( 'NONE',  ( -7.345211362322466186, 84.00000000000004263, -42.00000000000031974 ) ) ;
#3085 = SURFACE_STYLE_FILL_AREA ( #1567 ) ;
#3086 = SURFACE_STYLE_USAGE ( .BOTH. , #892 ) ;
#3087 = CARTESIAN_POINT ( 'NONE',  ( 6.583720825812071631, -3.350287950190303453E-15, 45.99999999999970157 ) ) ;
#3088 = DIRECTION ( 'NONE',  ( 0.000000000000000000, 0.000000000000000000, -1.000000000000000000 ) ) ;
#3089 = CARTESIAN_POINT ( 'NONE',  ( 2.790827606998623978, -3.350287950190303847E-15, 36.99999999999971578 ) ) ;
#3090 = PLANE ( 'NONE',  #3731 ) ;
#3091 = CARTESIAN_POINT ( 'NONE',  ( 6.119254731744816489, -58.00000000000003553, -29.00000000000032330 ) ) ;
#3092 = SURFACE_STYLE_USAGE ( .BOTH. , #2729 ) ;
#3093 = CARTESIAN_POINT ( 'NONE',  ( 16.11925473174482093, 90.14213562373090838, 45.07106781186517708 ) ) ;
#3094 = CARTESIAN_POINT ( 'NONE',  ( -11.00206561181482989, -3.350287950190303453E-15, 41.99999999999972999 ) ) ;
#3095 = EDGE_CURVE ( 'NONE', #1078, #442, #538, .T. ) ;
#3096 = UNCERTAINTY_MEASURE_WITH_UNIT (LENGTH_MEASURE( 1.000000000000000082E-05 ), #796, 'distance_accuracy_value', 'NONE');
#3097 = ORIENTED_EDGE ( 'NONE', *, *, #2187, .F. ) ;
#3098 = CYLINDRICAL_SURFACE ( 'NONE', #3336, 41.00000000000002842 ) ;
#3099 = ORIENTED_EDGE ( 'NONE', *, *, #1695, .T. ) ;
#3100 = CARTESIAN_POINT ( 'NONE',  ( -0.8807452682551842882, -1.084691371767699268E-15, -2.983724378680108202E-13 ) ) ;
#3101 = SURFACE_SIDE_STYLE ('',( #90 ) ) ;
#3102 = SURFACE_STYLE_USAGE ( .BOTH. , #1944 ) ;
#3103 = ADVANCED_FACE ( 'NONE', ( #2018 ), #4407, .F. ) ;
#3104 = CIRCLE ( 'NONE', #2467, 43.17157287525382969 ) ;
#3105 = DIRECTION ( 'NONE',  ( 1.000000000000000000, -0.000000000000000000, 0.000000000000000000 ) ) ;
#3106 = CARTESIAN_POINT ( 'NONE',  ( -1.209172393001374690, -3.350287950190303453E-15, 44.99999999999971578 ) ) ;
#3107 = AXIS2_PLACEMENT_3D ( 'NONE', #2129, #3623, #4879 ) ;
#3108 = ORIENTED_EDGE ( 'NONE', *, *, #1209, .F. ) ;
#3109 = DIRECTION ( 'NONE',  ( -1.000000000000000000, -0.000000000000000000, -0.000000000000000000 ) ) ;
#3110 = FILL_AREA_STYLE_COLOUR ( '', #3255 ) ;
#3111 = CARTESIAN_POINT ( 'NONE',  ( 6.583720825812071631, -3.350287950190303453E-15, 37.99999999999970868 ) ) ;
#3112 =( GEOMETRIC_REPRESENTATION_CONTEXT ( 3 ) GLOBAL_UNCERTAINTY_ASSIGNED_CONTEXT ( ( #1067 ) ) GLOBAL_UNIT_ASSIGNED_CONTEXT ( ( #141, #1317, #2750 ) ) REPRESENTATION_CONTEXT ( 'NONE', 'WORKASPACE' ) );
#3113 = DIRECTION ( 'NONE',  ( -1.000000000000000000, -1.782609565223696529E-17, -2.542157489621613519E-33 ) ) ;
#3114 = CARTESIAN_POINT ( 'NONE',  ( 12.61925473174481560, 89.31370849898475228, -44.65685424949267457 ) ) ;
#3115 =( NAMED_UNIT ( * ) SI_UNIT ( $, .STERADIAN. ) SOLID_ANGLE_UNIT ( ) );
#3116 =( GEOMETRIC_REPRESENTATION_CONTEXT ( 3 ) GLOBAL_UNCERTAINTY_ASSIGNED_CONTEXT ( ( #2345 ) ) GLOBAL_UNIT_ASSIGNED_CONTEXT ( ( #1639, #3879, #2313 ) ) REPRESENTATION_CONTEXT ( 'NONE', 'WORKASPACE' ) );
#3117 = CARTESIAN_POINT ( 'NONE',  ( 6.583720825812098276, 84.00000000000004263, -42.00000000000031974 ) ) ;
#3118 = CARTESIAN_POINT ( 'NONE',  ( -3.002065611814829893, -68.00000000000005684, 33.99999999999973710 ) ) ;
#3119 = AXIS2_PLACEMENT_3D ( 'NONE', #4353, #948, #2446 ) ;
#3120 = ORIENTED_EDGE ( 'NONE', *, *, #3162, .T. ) ;
#3121 = MECHANICAL_DESIGN_GEOMETRIC_PRESENTATION_REPRESENTATION (  '', ( #844 ), #3585 ) ;
#3122 = ORIENTED_EDGE ( 'NONE', *, *, #624, .T. ) ;
#3123 =( NAMED_UNIT ( * ) SI_UNIT ( $, .STERADIAN. ) SOLID_ANGLE_UNIT ( ) );
#3124 = FACE_OUTER_BOUND ( 'NONE', #4835, .T. ) ;
#3125 = SURFACE_SIDE_STYLE ('',( #3493 ) ) ;
#3126 = VECTOR ( 'NONE', #462, 1000.000000000000000 ) ;
#3127 = CARTESIAN_POINT ( 'NONE',  ( 16.11925473174482093, 106.1421356237308942, -53.07106781186574551 ) ) ;
#3128 = VERTEX_POINT ( 'NONE', #1295 ) ;
#3129 = ADVANCED_FACE ( 'NONE', ( #2772 ), #3179, .F. ) ;
#3130 = AXIS2_PLACEMENT_3D ( 'NONE', #274, #1397, #1033 ) ;
#3131 = AXIS2_PLACEMENT_3D ( 'NONE', #3196, #2453, #264 ) ;
#3132 = CARTESIAN_POINT ( 'NONE',  ( -1.209172393001375578, -90.00000000000005684, -45.00000000000030553 ) ) ;
#3133 = VERTEX_POINT ( 'NONE', #4013 ) ;
#3134 = DIRECTION ( 'NONE',  ( 1.000000000000000000, -0.000000000000000000, 0.000000000000000000 ) ) ;
#3135 = DIRECTION ( 'NONE',  ( -1.000000000000000000, 0.000000000000000000, 0.000000000000000000 ) ) ;
#3136 = DIRECTION ( 'NONE',  ( 4.231032868236112459E-17, -1.000000000000000000, 0.000000000000000000 ) ) ;
#3137 = CARTESIAN_POINT ( 'NONE',  ( 12.61925473174481560, -89.31370849898475228, 44.65685424949207771 ) ) ;
#3138 = DIRECTION ( 'NONE',  ( 1.000000000000000000, 0.000000000000000000, 0.000000000000000000 ) ) ;
#3139 = CARTESIAN_POINT ( 'NONE',  ( 10.58372082581209739, -3.350287950190303847E-15, 41.99999999999972289 ) ) ;
#3140 = CARTESIAN_POINT ( 'NONE',  ( -15.38074526825518973, -3.350287950190303847E-15, 46.99999999999970157 ) ) ;
#3141 = ORIENTED_EDGE ( 'NONE', *, *, #2583, .T. ) ;
#3142 = UNCERTAINTY_MEASURE_WITH_UNIT (LENGTH_MEASURE( 1.000000000000000082E-05 ), #3605, 'distance_accuracy_value', 'NONE');
#3143 = MECHANICAL_DESIGN_GEOMETRIC_PRESENTATION_REPRESENTATION (  '', ( #871 ), #1338 ) ;
#3144 = VERTEX_POINT ( 'NONE', #2117 ) ;
#3145 =( NAMED_UNIT ( * ) PLANE_ANGLE_UNIT ( ) SI_UNIT ( $, .RADIAN. ) );
#3146 = CARTESIAN_POINT ( 'NONE',  ( 14.61925473174481915, -2.886709523219207555E-16, 49.99999999999970157 ) ) ;
#3147 = COLOUR_RGB ( '',0.8980392156862745390, 0.8980392156862745390, 0.8980392156862745390 ) ;
#3148 = CARTESIAN_POINT ( 'NONE',  ( 12.11925473174482093, -3.350287950190303847E-15, 45.07106781186515576 ) ) ;
#3149 = VECTOR ( 'NONE', #2765, 1000.000000000000000 ) ;
#3150 = ORIENTED_EDGE ( 'NONE', *, *, #3036, .T. ) ;
#3151 = VERTEX_POINT ( 'NONE', #3633 ) ;
#3152 = DIRECTION ( 'NONE',  ( -1.000000000000000000, -0.000000000000000000, -0.000000000000000000 ) ) ;
#3153 = ORIENTED_EDGE ( 'NONE', *, *, #4365, .F. ) ;
#3154 = UNCERTAINTY_MEASURE_WITH_UNIT (LENGTH_MEASURE( 1.000000000000000082E-05 ), #1359, 'distance_accuracy_value', 'NONE');
#3155 = ADVANCED_FACE ( 'NONE', ( #1393 ), #4061, .T. ) ;
#3156 = ORIENTED_EDGE ( 'NONE', *, *, #2454, .T. ) ;
#3157 =( LENGTH_UNIT ( ) NAMED_UNIT ( * ) SI_UNIT ( .MILLI., .METRE. ) );
#3158 =( GEOMETRIC_REPRESENTATION_CONTEXT ( 3 ) GLOBAL_UNCERTAINTY_ASSIGNED_CONTEXT ( ( #44 ) ) GLOBAL_UNIT_ASSIGNED_CONTEXT ( ( #3606, #1721, #2870 ) ) REPRESENTATION_CONTEXT ( 'NONE', 'WORKASPACE' ) );
#3159 = DIRECTION ( 'NONE',  ( 0.000000000000000000, 0.000000000000000000, -1.000000000000000000 ) ) ;
#3160 = CYLINDRICAL_SURFACE ( 'NONE', #2066, 50.00000000000000000 ) ;
#3161 = SURFACE_STYLE_FILL_AREA ( #1223 ) ;
#3162 = EDGE_CURVE ( 'NONE', #2655, #1024, #4237, .T. ) ;
#3163 = CIRCLE ( 'NONE', #3551, 39.17157287525382259 ) ;
#3164 = CYLINDRICAL_SURFACE ( 'NONE', #1114, 1.600000000000004086 ) ;
#3165 = CARTESIAN_POINT ( 'NONE',  ( 3.069002200050642948, -3.350287950190304242E-15, 37.99999999999971578 ) ) ;
#3166 = FACE_OUTER_BOUND ( 'NONE', #3518, .T. ) ;
#3167 = DIRECTION ( 'NONE',  ( 0.000000000000000000, 0.000000000000000000, 1.000000000000000000 ) ) ;
#3168 = EDGE_CURVE ( 'NONE', #4682, #3271, #4613, .T. ) ;
#3169 = DIRECTION ( 'NONE',  ( -2.115516434118055922E-17, -1.000000000000000000, 0.000000000000000000 ) ) ;
#3170 = CARTESIAN_POINT ( 'NONE',  ( -0.3807452682551843992, -7.785296719808605099E-16, -2.983724378680108202E-13 ) ) ;
#3171 = LINE ( 'NONE', #3215, #3149 ) ;
#3172 = CARTESIAN_POINT ( 'NONE',  ( 8.119254731744817377, 90.14213562373090838, -45.07106781186575262 ) ) ;
#3173 = ORIENTED_EDGE ( 'NONE', *, *, #2343, .F. ) ;
#3174 = ORIENTED_EDGE ( 'NONE', *, *, #4443, .F. ) ;
#3175 =( NAMED_UNIT ( * ) SI_UNIT ( $, .STERADIAN. ) SOLID_ANGLE_UNIT ( ) );
#3176 = FACE_OUTER_BOUND ( 'NONE', #1261, .T. ) ;
#3177 = DIRECTION ( 'NONE',  ( 1.000000000000000000, -0.000000000000000000, 0.000000000000000000 ) ) ;
#3178 = LINE ( 'NONE', #1680, #4086 ) ;
#3179 = CYLINDRICAL_SURFACE ( 'NONE', #4153, 1.600000000000000755 ) ;
#3180 = CARTESIAN_POINT ( 'NONE',  ( -1.416279174187925705, -3.350287950190303453E-15, -46.00000000000030553 ) ) ;
#3181 = EDGE_CURVE ( 'NONE', #1484, #4317, #3361, .T. ) ;
#3182 = COLOUR_RGB ( '',0.7529411764705882248, 0.7529411764705882248, 0.7529411764705882248 ) ;
#3183 = PRESENTATION_STYLE_ASSIGNMENT (( #3928 ) ) ;
#3184 = PRESENTATION_STYLE_ASSIGNMENT (( #2076 ) ) ;
#3185 = COLOUR_RGB ( '',0.7529411764705882248, 0.7529411764705882248, 0.7529411764705882248 ) ;
#3186 = CARTESIAN_POINT ( 'NONE',  ( 10.24057507530446642, 84.00000000000004263, 41.99999999999973710 ) ) ;
#3187 = EDGE_CURVE ( 'NONE', #1238, #2398, #3029, .T. ) ;
#3188 = SURFACE_SIDE_STYLE ('',( #2052 ) ) ;
#3189 = AXIS2_PLACEMENT_3D ( 'NONE', #3050, #3446, #1181 ) ;
#3190 = PRESENTATION_LAYER_ASSIGNMENT (  '', '', ( #1677 ) ) ;
#3191 = DIRECTION ( 'NONE',  ( -1.000000000000000000, 1.057758217059028269E-17, 0.000000000000000000 ) ) ;
#3192 = CARTESIAN_POINT ( 'NONE',  ( 6.240575075304461095, 84.00000000000004263, 41.99999999999972289 ) ) ;
#3193 = CARTESIAN_POINT ( 'NONE',  ( -0.8807452682551838441, -8.034441853748745643, -23.12746942367425973 ) ) ;
#3194 = CARTESIAN_POINT ( 'NONE',  ( -4.759424924695541570, -9.517208832279603011E-16, -2.983724378680108202E-13 ) ) ;
#3195 = CARTESIAN_POINT ( 'NONE',  ( 0.1192547317448161698, 8.034441853748909068, 24.72746942367361100 ) ) ;
#3196 = CARTESIAN_POINT ( 'NONE',  ( -0.3807452682551843992, -1.084691371767699662E-15, -2.983724378680108202E-13 ) ) ;
#3197 = PRESENTATION_LAYER_ASSIGNMENT (  '', '', ( #587 ) ) ;
#3198 = COLOUR_RGB ( '',0.7529411764705882248, 0.7529411764705882248, 0.7529411764705882248 ) ;
#3199 =( GEOMETRIC_REPRESENTATION_CONTEXT ( 3 ) GLOBAL_UNCERTAINTY_ASSIGNED_CONTEXT ( ( #3388 ) ) GLOBAL_UNIT_ASSIGNED_CONTEXT ( ( #4871, #2224, #2586 ) ) REPRESENTATION_CONTEXT ( 'NONE', 'WORKASPACE' ) );
#3200 = CARTESIAN_POINT ( 'NONE',  ( -11.00206561181482989, 68.00000000000005684, 33.99999999999973710 ) ) ;
#3201 = FILL_AREA_STYLE_COLOUR ( '', #1375 ) ;
#3202 =( LENGTH_UNIT ( ) NAMED_UNIT ( * ) SI_UNIT ( .MILLI., .METRE. ) );
#3203 = ORIENTED_EDGE ( 'NONE', *, *, #3512, .T. ) ;
#3204 = CARTESIAN_POINT ( 'NONE',  ( -1.880745268255182845, -3.350287950190303453E-15, 36.99999999999971578 ) ) ;
#3205 = CARTESIAN_POINT ( 'NONE',  ( 12.61925473174481560, 89.31370849898475228, -44.65685424949267457 ) ) ;
#3206 = DIRECTION ( 'NONE',  ( 1.000000000000000000, -5.706327223607916938E-18, -0.000000000000000000 ) ) ;
#3207 =( BOUNDED_SURFACE ( )  B_SPLINE_SURFACE ( 3, 3, ( 
 ( #2350, #372, #1871, #3767, #3370, #3027, #1495 ),
 ( #2249, #395, #3402, #33, #1517, #4561, #860 ),
 ( #132, #3127, #4661, #1265, #2766, #4288, #2371 ),
 ( #3217, #4743, #2830, #1346, #2807, #219, #3888 ),
 ( #1645, #1624, #3961, #3511, #529, #2008, #4359 ),
 ( #931, #3172, #974, #3916, #2452, #505, #2422 ),
 ( #954, #4692, #1309, #3148, #4311, #3941, #1329 ) ),
 .UNSPECIFIED., .T., .T., .T. ) 
 B_SPLINE_SURFACE_WITH_KNOTS ( ( 4, 3, 4 ),
 ( 4, 3, 4 ),
 ( 0.000000000000000000, 0.5000000000000000000, 1.000000000000000000 ),
 ( 0.000000000000000000, 0.5000000000000000000, 1.000000000000000000 ),
 .UNSPECIFIED. ) 
 GEOMETRIC_REPRESENTATION_ITEM ( )  RATIONAL_B_SPLINE_SURFACE ( (
 ( 1.000000000000000000, 0.3333333333333333148, 0.3333333333333333148, 1.000000000000000000, 0.3333333333333333148, 0.3333333333333333148, 1.000000000000000000),
 ( 0.3333333333333333703, 0.1111111111111111188, 0.1111111111111111188, 0.3333333333333333703, 0.1111111111111111188, 0.1111111111111111188, 0.3333333333333333703),
 ( 0.3333333333333333703, 0.1111111111111111188, 0.1111111111111111188, 0.3333333333333333703, 0.1111111111111111188, 0.1111111111111111188, 0.3333333333333333703),
 ( 1.000000000000000000, 0.3333333333333333148, 0.3333333333333333148, 1.000000000000000000, 0.3333333333333333148, 0.3333333333333333148, 1.000000000000000000),
 ( 0.3333333333333333703, 0.1111111111111111188, 0.1111111111111111188, 0.3333333333333333703, 0.1111111111111111188, 0.1111111111111111188, 0.3333333333333333703),
 ( 0.3333333333333333703, 0.1111111111111111188, 0.1111111111111111188, 0.3333333333333333703, 0.1111111111111111188, 0.1111111111111111188, 0.3333333333333333703),
 ( 1.000000000000000000, 0.3333333333333333148, 0.3333333333333333148, 1.000000000000000000, 0.3333333333333333148, 0.3333333333333333148, 1.000000000000000000) ) ) 
 REPRESENTATION_ITEM ( '' )  SURFACE ( )  );
#3208 = CARTESIAN_POINT ( 'NONE',  ( -14.66435689314641344, -3.350287950190303847E-15, -46.98143681215582745 ) ) ;
#3209 = CARTESIAN_POINT ( 'NONE',  ( 6.240575075304460206, -3.350287950190303847E-15, 33.99999999999972289 ) ) ;
#3210 =( NAMED_UNIT ( * ) SI_UNIT ( $, .STERADIAN. ) SOLID_ANGLE_UNIT ( ) );
#3211 = EDGE_CURVE ( 'NONE', #3144, #655, #3902, .T. ) ;
#3212 = CARTESIAN_POINT ( 'NONE',  ( -12.88074526825518618, -106.1421356237309226, 53.07106781186517708 ) ) ;
#3213 = CARTESIAN_POINT ( 'NONE',  ( 6.240575075304460206, -3.350287950190303847E-15, -34.00000000000031974 ) ) ;
#3214 = DIRECTION ( 'NONE',  ( -1.000000000000000000, 1.172110456741085920E-17, 0.000000000000000000 ) ) ;
#3215 = CARTESIAN_POINT ( 'NONE',  ( -15.38074526825518973, 2.405552005802256399E-15, -47.00000000000029843 ) ) ;
#3216 = CIRCLE ( 'NONE', #3843, 1.600000000000000755 ) ;
#3217 = CARTESIAN_POINT ( 'NONE',  ( 12.11925473174482093, -3.350287950190303847E-15, -53.07106781186574551 ) ) ;
#3218 = CARTESIAN_POINT ( 'NONE',  ( -0.8807452682551838441, 8.034441853748562679, -23.12746942367432368 ) ) ;
#3219 = ORIENTED_EDGE ( 'NONE', *, *, #3241, .T. ) ;
#3220 = VERTEX_POINT ( 'NONE', #1940 ) ;
#3221 = CARTESIAN_POINT ( 'NONE',  ( -7.002065611814828117, -84.00000000000004263, -42.00000000000031974 ) ) ;
#3222 = CARTESIAN_POINT ( 'NONE',  ( 16.61925473174482093, -105.3137084989847381, 52.65685424949207061 ) ) ;
#3223 = PRESENTATION_STYLE_ASSIGNMENT (( #4367 ) ) ;
#3224 = COLOUR_RGB ( '',0.7529411764705882248, 0.7529411764705882248, 0.7529411764705882248 ) ;
#3225 = EDGE_CURVE ( 'NONE', #3220, #3360, #1233, .T. ) ;
#3226 = ORIENTED_EDGE ( 'NONE', *, *, #1810, .T. ) ;
#3227 = CARTESIAN_POINT ( 'NONE',  ( 2.583720825812073407, 76.00000000000001421, -38.00000000000031264 ) ) ;
#3228 = COLOUR_RGB ( '',0.7529411764705882248, 0.7529411764705882248, 0.7529411764705882248 ) ;
#3229 = DIRECTION ( 'NONE',  ( 1.000000000000000000, 0.000000000000000000, 0.000000000000000000 ) ) ;
#3230 =( GEOMETRIC_REPRESENTATION_CONTEXT ( 3 ) GLOBAL_UNCERTAINTY_ASSIGNED_CONTEXT ( ( #2645 ) ) GLOBAL_UNIT_ASSIGNED_CONTEXT ( ( #2204, #1825, #4537 ) ) REPRESENTATION_CONTEXT ( 'NONE', 'WORKASPACE' ) );
#3231 = FILL_AREA_STYLE_COLOUR ( '', #833 ) ;
#3232 = CARTESIAN_POINT ( 'NONE',  ( 6.240575075304460206, -3.350287950190303847E-15, -42.00000000000031974 ) ) ;
#3233 = CARTESIAN_POINT ( 'NONE',  ( 14.58372082581209916, -3.350287950190303453E-15, 49.99999999999972999 ) ) ;
#3234 =( GEOMETRIC_REPRESENTATION_CONTEXT ( 3 ) GLOBAL_UNCERTAINTY_ASSIGNED_CONTEXT ( ( #3777 ) ) GLOBAL_UNIT_ASSIGNED_CONTEXT ( ( #1259, #235, #3578 ) ) REPRESENTATION_CONTEXT ( 'NONE', 'WORKASPACE' ) );
#3235 = CARTESIAN_POINT ( 'NONE',  ( -11.34521136232246441, 84.00000000000004263, 41.99999999999972289 ) ) ;
#3236 = DIRECTION ( 'NONE',  ( 0.000000000000000000, 0.000000000000000000, -1.000000000000000000 ) ) ;
#3237 = CARTESIAN_POINT ( 'NONE',  ( 10.24057507530446642, 84.00000000000004263, 41.99999999999973710 ) ) ;
#3238 = CARTESIAN_POINT ( 'NONE',  ( -14.29495883062828021, -3.350287950190303847E-15, -2.983724378680108202E-13 ) ) ;
#3239 =( NAMED_UNIT ( * ) PLANE_ANGLE_UNIT ( ) SI_UNIT ( $, .RADIAN. ) );
#3240 = CARTESIAN_POINT ( 'NONE',  ( -12.75942492469556200, -3.350287950190304636E-15, 43.17157287525353127 ) ) ;
#3241 = EDGE_CURVE ( 'NONE', #1823, #655, #582, .T. ) ;
#3242 = DIRECTION ( 'NONE',  ( 1.000000000000000000, 0.000000000000000000, -0.000000000000000000 ) ) ;
#3243 = ORIENTED_EDGE ( 'NONE', *, *, #4769, .F. ) ;
#3244 = CARTESIAN_POINT ( 'NONE',  ( -11.00206561181482989, -3.350287950190303453E-15, -42.00000000000032685 ) ) ;
#3245 = CARTESIAN_POINT ( 'NONE',  ( 12.61925473174481560, 89.31370849898475228, 44.65685424949207771 ) ) ;
#3246 = FACE_OUTER_BOUND ( 'NONE', #3563, .T. ) ;
#3247 = ADVANCED_FACE ( 'NONE', ( #2319 ), #3098, .F. ) ;
#3248 = CARTESIAN_POINT ( 'NONE',  ( 4.826361512931361730, -3.350287950190304636E-15, 40.82842712474591451 ) ) ;
#3249 = ORIENTED_EDGE ( 'NONE', *, *, #1760, .T. ) ;
#3250 = DIRECTION ( 'NONE',  ( 1.000000000000000000, -0.000000000000000000, 0.000000000000000000 ) ) ;
#3251 =( NAMED_UNIT ( * ) PLANE_ANGLE_UNIT ( ) SI_UNIT ( $, .RADIAN. ) );
#3252 = CARTESIAN_POINT ( 'NONE',  ( 14.40286635663603754, -3.350287950190304242E-15, 46.56722324978210992 ) ) ;
#3253 = DIRECTION ( 'NONE',  ( -4.018207724303600111E-17, 1.000000000000000000, 0.000000000000000000 ) ) ;
#3254 = CARTESIAN_POINT ( 'NONE',  ( 6.240575075304461095, -68.00000000000005684, -34.00000000000032685 ) ) ;
#3255 = COLOUR_RGB ( '',0.7529411764705882248, 0.7529411764705882248, 0.7529411764705882248 ) ;
#3256 = CARTESIAN_POINT ( 'NONE',  ( 14.58372082581209916, -100.0000000000000568, 49.99999999999974420 ) ) ;
#3257 = CIRCLE ( 'NONE', #1138, 41.00000000000002132 ) ;
#3258 =( NAMED_UNIT ( * ) PLANE_ANGLE_UNIT ( ) SI_UNIT ( $, .RADIAN. ) );
#3259 = CARTESIAN_POINT ( 'NONE',  ( -16.88074526825518618, -3.350287950190303453E-15, -45.07106781186575972 ) ) ;
#3260 = CARTESIAN_POINT ( 'NONE',  ( 6.240575075304461095, -68.00000000000005684, -34.00000000000032685 ) ) ;
#3261 = CARTESIAN_POINT ( 'NONE',  ( -3.345211362322442650, -3.350287950190303847E-15, -38.00000000000031264 ) ) ;
#3262 =( LENGTH_UNIT ( ) NAMED_UNIT ( * ) SI_UNIT ( .MILLI., .METRE. ) );
#3263 = MECHANICAL_DESIGN_GEOMETRIC_PRESENTATION_REPRESENTATION (  '', ( #4707 ), #4059 ) ;
#3264 = EDGE_LOOP ( 'NONE', ( #201, #429, #490, #4679 ) ) ;
#3265 = ORIENTED_EDGE ( 'NONE', *, *, #298, .T. ) ;
#3266 = SURFACE_SIDE_STYLE ('',( #609 ) ) ;
#3267 = CARTESIAN_POINT ( 'NONE',  ( 0.6547886376775576833, 92.00000000000005684, 45.99999999999972289 ) ) ;
#3268 = CIRCLE ( 'NONE', #1150, 46.24264068711926967 ) ;
#3269 = AXIS2_PLACEMENT_3D ( 'NONE', #4841, #2539, #4485 ) ;
#3270 = EDGE_CURVE ( 'NONE', #291, #4183, #2724, .T. ) ;
#3271 = VERTEX_POINT ( 'NONE', #1093 ) ;
#3272 = FILL_AREA_STYLE_COLOUR ( '', #3830 ) ;
#3273 = CARTESIAN_POINT ( 'NONE',  ( 6.583720825812076960, -76.00000000000002842, 37.99999999999971578 ) ) ;
#3274 = DIRECTION ( 'NONE',  ( -1.000000000000000000, 0.000000000000000000, 0.000000000000000000 ) ) ;
#3275 =( GEOMETRIC_REPRESENTATION_CONTEXT ( 3 ) GLOBAL_UNCERTAINTY_ASSIGNED_CONTEXT ( ( #4610 ) ) GLOBAL_UNIT_ASSIGNED_CONTEXT ( ( #979, #1051, #3635 ) ) REPRESENTATION_CONTEXT ( 'NONE', 'WORKASPACE' ) );
#3276 = COLOUR_RGB ( '',0.7529411764705882248, 0.7529411764705882248, 0.7529411764705882248 ) ;
#3277 = CARTESIAN_POINT ( 'NONE',  ( 10.24057507530445932, -3.350287950190303453E-15, -34.00000000000031974 ) ) ;
#3278 = CIRCLE ( 'NONE', #4414, 45.82842712474617031 ) ;
#3279 = CYLINDRICAL_SURFACE ( 'NONE', #4790, 20.00000000000000355 ) ;
#3280 = CARTESIAN_POINT ( 'NONE',  ( 10.24057507530445932, -3.350287950190303453E-15, -34.00000000000031974 ) ) ;
#3281 =( LENGTH_UNIT ( ) NAMED_UNIT ( * ) SI_UNIT ( .MILLI., .METRE. ) );
#3282 = FACE_OUTER_BOUND ( 'NONE', #934, .T. ) ;
#3283 = CARTESIAN_POINT ( 'NONE',  ( -3.345211362322441762, 76.00000000000001421, 37.99999999999971578 ) ) ;
#3284 = ORIENTED_EDGE ( 'NONE', *, *, #3490, .T. ) ;
#3285 = CARTESIAN_POINT ( 'NONE',  ( 2.790827606998624866, -90.00000000000002842, 44.99999999999971578 ) ) ;
#3286 = ORIENTED_EDGE ( 'NONE', *, *, #1748, .T. ) ;
#3287 = CARTESIAN_POINT ( 'NONE',  ( -11.00206561181482989, 84.00000000000004263, -42.00000000000031974 ) ) ;
#3288 = CARTESIAN_POINT ( 'NONE',  ( -3.345211362322441762, -76.00000000000001421, 37.99999999999971578 ) ) ;
#3289 = COLOUR_RGB ( '',0.7529411764705882248, 0.7529411764705882248, 0.7529411764705882248 ) ;
#3290 = EDGE_LOOP ( 'NONE', ( #3568, #3037 ) ) ;
#3291 = FILL_AREA_STYLE_COLOUR ( '', #596 ) ;
#3292 = DIRECTION ( 'NONE',  ( -1.000000000000000000, -1.734723475976807403E-17, -4.814824860968091001E-33 ) ) ;
#3293 = CARTESIAN_POINT ( 'NONE',  ( -0.8807452682551838441, -8.034441853748399254, 24.72746942367377443 ) ) ;
#3294 =( GEOMETRIC_REPRESENTATION_CONTEXT ( 3 ) GLOBAL_UNCERTAINTY_ASSIGNED_CONTEXT ( ( #982 ) ) GLOBAL_UNIT_ASSIGNED_CONTEXT ( ( #1156, #3449, #464 ) ) REPRESENTATION_CONTEXT ( 'NONE', 'WORKASPACE' ) );
#3295 = ADVANCED_FACE ( 'NONE', ( #4423 ), #2914, .F. ) ;
#3296 = SURFACE_STYLE_FILL_AREA ( #1783 ) ;
#3297 = DIRECTION ( 'NONE',  ( -0.4472135954999579832, -0.8944271909999157444, 0.000000000000000000 ) ) ;
#3298 =( NAMED_UNIT ( * ) PLANE_ANGLE_UNIT ( ) SI_UNIT ( $, .RADIAN. ) );
#3299 = CARTESIAN_POINT ( 'NONE',  ( 6.583720825812098276, 100.0000000000000568, -50.00000000000031974 ) ) ;
#3300 = CARTESIAN_POINT ( 'NONE',  ( -11.34521136232246441, -84.00000000000004263, -42.00000000000031974 ) ) ;
#3301 = CIRCLE ( 'NONE', #631, 48.65685424949236904 ) ;
#3302 = CARTESIAN_POINT ( 'NONE',  ( -14.29495883062828909, -5.187428551102149154E-16, -2.983724378680108202E-13 ) ) ;
#3303 = CARTESIAN_POINT ( 'NONE',  ( -12.88074526825518795, -3.350287950190303847E-15, -45.07106781186576683 ) ) ;
#3304 = CARTESIAN_POINT ( 'NONE',  ( -5.587852049441732305, -3.350287950190303847E-15, -2.983724378680108202E-13 ) ) ;
#3305 = STYLED_ITEM ( 'NONE', ( #1389 ), #4708 ) ;
#3306 = LINE ( 'NONE', #4403, #3667 ) ;
#3307 = CARTESIAN_POINT ( 'NONE',  ( 4.826361512931361730, -40.82842712474621294, -2.933723976087566726E-13 ) ) ;
#3308 = EDGE_CURVE ( 'NONE', #4594, #223, #1241, .T. ) ;
#3309 = ORIENTED_EDGE ( 'NONE', *, *, #4473, .F. ) ;
#3310 = PRESENTATION_STYLE_ASSIGNMENT (( #2991 ) ) ;
#3311 = ORIENTED_EDGE ( 'NONE', *, *, #4443, .T. ) ;
#3312 =( LENGTH_UNIT ( ) NAMED_UNIT ( * ) SI_UNIT ( .MILLI., .METRE. ) );
#3313 = CARTESIAN_POINT ( 'NONE',  ( -16.88074526825518973, 90.14213562373097943, 45.07106781186517708 ) ) ;
#3314 = CARTESIAN_POINT ( 'NONE',  ( -7.002065611814829893, -3.350287950190303847E-15, 33.99999999999972289 ) ) ;
#3315 = CARTESIAN_POINT ( 'NONE',  ( 0.6547886376775575723, -3.350287950190303453E-15, -46.00000000000030553 ) ) ;
#3316 = ORIENTED_EDGE ( 'NONE', *, *, #78, .F. ) ;
#3317 =( NAMED_UNIT ( * ) PLANE_ANGLE_UNIT ( ) SI_UNIT ( $, .RADIAN. ) );
#3318 = CARTESIAN_POINT ( 'NONE',  ( 6.583720825812076960, -92.00000000000005684, -46.00000000000030553 ) ) ;
#3319 = CARTESIAN_POINT ( 'NONE',  ( -11.34521136232246441, 84.00000000000004263, -42.00000000000031974 ) ) ;
#3320 = EDGE_CURVE ( 'NONE', #3133, #4585, #2577, .T. ) ;
#3321 = PRESENTATION_STYLE_ASSIGNMENT (( #1785 ) ) ;
#3322 = CARTESIAN_POINT ( 'NONE',  ( 11.99793438818519320, 43.17157287525382969, -2.983724378680108202E-13 ) ) ;
#3323 = CARTESIAN_POINT ( 'NONE',  ( -11.34521136232246441, -3.350287950190303847E-15, 49.99999999999972289 ) ) ;
#3324 = DIRECTION ( 'NONE',  ( -1.000000000000000000, 0.000000000000000000, 0.000000000000000000 ) ) ;
#3325 = ADVANCED_FACE ( 'NONE', ( #4447 ), #2835, .F. ) ;
#3326 = AXIS2_PLACEMENT_3D ( 'NONE', #4667, #2752, #3899 ) ;
#3327 = CARTESIAN_POINT ( 'NONE',  ( 2.790827606998623978, -1.084691371767699662E-15, -2.983724378680108202E-13 ) ) ;
#3328 = CARTESIAN_POINT ( 'NONE',  ( 4.826361512931361730, -3.350287950190303847E-15, 40.82842712474591451 ) ) ;
#3329 = CARTESIAN_POINT ( 'NONE',  ( 11.06900220005066693, -3.350287950190303453E-15, -42.00000000000032685 ) ) ;
#3330 = CARTESIAN_POINT ( 'NONE',  ( 6.790827606998623089, -3.350287950190303453E-15, 44.99999999999971578 ) ) ;
#3331 = CARTESIAN_POINT ( 'NONE',  ( -7.345211362322443094, -76.00000000000002842, 37.99999999999971578 ) ) ;
#3332 = ORIENTED_EDGE ( 'NONE', *, *, #2106, .T. ) ;
#3333 = CARTESIAN_POINT ( 'NONE',  ( -1.209172393001375578, 74.00000000000004263, 36.99999999999972289 ) ) ;
#3334 = ORIENTED_EDGE ( 'NONE', *, *, #4389, .T. ) ;
#3335 = CARTESIAN_POINT ( 'NONE',  ( -16.88074526825518618, -3.350287950190303453E-15, 53.07106781186517708 ) ) ;
#3336 = AXIS2_PLACEMENT_3D ( 'NONE', #2234, #3324, #728 ) ;
#3337 =( NAMED_UNIT ( * ) PLANE_ANGLE_UNIT ( ) SI_UNIT ( $, .RADIAN. ) );
#3338 =( GEOMETRIC_REPRESENTATION_CONTEXT ( 3 ) GLOBAL_UNCERTAINTY_ASSIGNED_CONTEXT ( ( #334 ) ) GLOBAL_UNIT_ASSIGNED_CONTEXT ( ( #647, #3258, #285 ) ) REPRESENTATION_CONTEXT ( 'NONE', 'WORKASPACE' ) );
#3339 = EDGE_LOOP ( 'NONE', ( #4191, #886, #438, #4530, #1414 ) ) ;
#3340 =( GEOMETRIC_REPRESENTATION_CONTEXT ( 3 ) GLOBAL_UNCERTAINTY_ASSIGNED_CONTEXT ( ( #835 ) ) GLOBAL_UNIT_ASSIGNED_CONTEXT ( ( #1070, #2574, #1095 ) ) REPRESENTATION_CONTEXT ( 'NONE', 'WORKASPACE' ) );
#3341 = FACE_BOUND ( 'NONE', #2407, .T. ) ;
#3342 = STYLED_ITEM ( 'NONE', ( #3440 ), #1217 ) ;
#3343 = STYLED_ITEM ( 'NONE', ( #2595 ), #1723 ) ;
#3344 = CARTESIAN_POINT ( 'NONE',  ( -0.8807452682551838441, 21.03444185374861419, -13.68241655960462921 ) ) ;
#3345 = CARTESIAN_POINT ( 'NONE',  ( -15.38074526825518973, -4.723679721940241186E-16, -2.983724378680108202E-13 ) ) ;
#3346 =( GEOMETRIC_REPRESENTATION_CONTEXT ( 3 ) GLOBAL_UNCERTAINTY_ASSIGNED_CONTEXT ( ( #1885 ) ) GLOBAL_UNIT_ASSIGNED_CONTEXT ( ( #784, #85, #3413 ) ) REPRESENTATION_CONTEXT ( 'NONE', 'WORKASPACE' ) );
#3347 = CARTESIAN_POINT ( 'NONE',  ( 10.58372082581209739, -7.785296719808605099E-16, -2.983724378680108202E-13 ) ) ;
#3348 = STYLED_ITEM ( 'NONE', ( #1160 ), #1922 ) ;
#3349 = PRESENTATION_STYLE_ASSIGNMENT (( #2672 ) ) ;
#3350 = DIRECTION ( 'NONE',  ( 0.000000000000000000, 0.000000000000000000, 1.000000000000000000 ) ) ;
#3351 = CIRCLE ( 'NONE', #4652, 46.24264068711926257 ) ;
#3352 = CARTESIAN_POINT ( 'NONE',  ( -11.83049273656103573, -3.350287950190303847E-15, 41.99999999999972289 ) ) ;
#3353 = CARTESIAN_POINT ( 'NONE',  ( -8.880745268255189728, -3.350287950190303453E-15, 45.07106781186516287 ) ) ;
#3354 =( GEOMETRIC_REPRESENTATION_CONTEXT ( 3 ) GLOBAL_UNCERTAINTY_ASSIGNED_CONTEXT ( ( #436 ) ) GLOBAL_UNIT_ASSIGNED_CONTEXT ( ( #1685, #565, #918 ) ) REPRESENTATION_CONTEXT ( 'NONE', 'WORKASPACE' ) );
#3355 = CARTESIAN_POINT ( 'NONE',  ( 5.755293701065880896, -3.350287950190303847E-15, 41.99999999999972289 ) ) ;
#3356 = AXIS2_PLACEMENT_3D ( 'NONE', #1330, #1722, #1743 ) ;
#3357 = DIRECTION ( 'NONE',  ( 1.000000000000000000, -0.000000000000000000, 0.000000000000000000 ) ) ;
#3358 = CARTESIAN_POINT ( 'NONE',  ( -1.209172393001374690, -3.350287950190303453E-15, 36.99999999999971578 ) ) ;
#3359 = EDGE_CURVE ( 'NONE', #2762, #64, #3534, .T. ) ;
#3360 = VERTEX_POINT ( 'NONE', #3588 ) ;
#3361 =( BOUNDED_CURVE ( )  B_SPLINE_CURVE ( 3, ( #4209, #3416, #4633, #2292 ),
 .UNSPECIFIED., .F., .F. ) 
 B_SPLINE_CURVE_WITH_KNOTS ( ( 4, 4 ),
 ( 0.1464466094067258528, 0.2500000000000001665 ),
 .UNSPECIFIED. ) 
 CURVE ( )  GEOMETRIC_REPRESENTATION_ITEM ( )  RATIONAL_B_SPLINE_CURVE ( ( 0.5857864376269057427, 0.5285954792089686549, 0.5000000000000001110, 0.5000000000000002220 ) ) 
 REPRESENTATION_ITEM ( '' )  );
#3362 = CARTESIAN_POINT ( 'NONE',  ( 6.790827606998623089, -3.350287950190303453E-15, -37.00000000000029843 ) ) ;
#3363 = ORIENTED_EDGE ( 'NONE', *, *, #1120, .F. ) ;
#3364 = DIRECTION ( 'NONE',  ( 2.115516434118055922E-17, -1.000000000000000000, 0.000000000000000000 ) ) ;
#3365 = CARTESIAN_POINT ( 'NONE',  ( -12.88074526825518795, -3.350287950190303847E-15, 45.07106781186516997 ) ) ;
#3366 = CARTESIAN_POINT ( 'NONE',  ( -7.345211362322443094, -92.00000000000005684, 45.99999999999972289 ) ) ;
#3367 = ORIENTED_EDGE ( 'NONE', *, *, #4066, .F. ) ;
#3368 = CARTESIAN_POINT ( 'NONE',  ( -1.880745268255183289, -3.350287950190303453E-15, 28.99999999999971934 ) ) ;
#3369 = FACE_BOUND ( 'NONE', #2141, .T. ) ;
#3370 = CARTESIAN_POINT ( 'NONE',  ( 12.11925473174481915, -90.14213562373089417, 45.07106781186514866 ) ) ;
#3371 = FACE_OUTER_BOUND ( 'NONE', #2817, .T. ) ;
#3372 = EDGE_CURVE ( 'NONE', #4211, #1462, #4092, .T. ) ;
#3373 = CIRCLE ( 'NONE', #1266, 50.00000000000000000 ) ;
#3374 = CARTESIAN_POINT ( 'NONE',  ( 8.619254731744819154, -3.350287950190303453E-15, 52.65685424949207771 ) ) ;
#3375 = CARTESIAN_POINT ( 'NONE',  ( -7.345211362322466186, -3.350287950190303453E-15, -42.00000000000032685 ) ) ;
#3376 = SURFACE_STYLE_FILL_AREA ( #2640 ) ;
#3377 =( GEOMETRIC_REPRESENTATION_CONTEXT ( 3 ) GLOBAL_UNCERTAINTY_ASSIGNED_CONTEXT ( ( #3895 ) ) GLOBAL_UNIT_ASSIGNED_CONTEXT ( ( #1104, #3337, #690 ) ) REPRESENTATION_CONTEXT ( 'NONE', 'WORKASPACE' ) );
#3378 = DIRECTION ( 'NONE',  ( -2.065146995210483462E-17, 1.000000000000000000, 0.000000000000000000 ) ) ;
#3379 = CARTESIAN_POINT ( 'NONE',  ( -0.8807452682551838441, -21.03444185374872433, -15.28241655960448142 ) ) ;
#3380 = ORIENTED_EDGE ( 'NONE', *, *, #1040, .F. ) ;
#3381 = UNCERTAINTY_MEASURE_WITH_UNIT (LENGTH_MEASURE( 1.000000000000000082E-05 ), #1763, 'distance_accuracy_value', 'NONE');
#3382 = SURFACE_STYLE_USAGE ( .BOTH. , #1853 ) ;
#3383 = CARTESIAN_POINT ( 'NONE',  ( 16.11925473174482093, -3.350287950190303453E-15, -45.07106781186574551 ) ) ;
#3384 = PRESENTATION_LAYER_ASSIGNMENT (  '', '', ( #3867 ) ) ;
#3385 = AXIS2_PLACEMENT_3D ( 'NONE', #4650, #1977, #546 ) ;
#3386 =( NAMED_UNIT ( * ) SI_UNIT ( $, .STERADIAN. ) SOLID_ANGLE_UNIT ( ) );
#3387 = MECHANICAL_DESIGN_GEOMETRIC_PRESENTATION_REPRESENTATION (  '', ( #1345 ), #176 ) ;
#3388 = UNCERTAINTY_MEASURE_WITH_UNIT (LENGTH_MEASURE( 1.000000000000000082E-05 ), #4871, 'distance_accuracy_value', 'NONE');
#3389 = ORIENTED_EDGE ( 'NONE', *, *, #1040, .T. ) ;
#3390 = CARTESIAN_POINT ( 'NONE',  ( 2.790827606998624866, 74.00000000000002842, 36.99999999999971578 ) ) ;
#3391 = COLOUR_RGB ( '',0.7529411764705882248, 0.7529411764705882248, 0.7529411764705882248 ) ;
#3392 = ORIENTED_EDGE ( 'NONE', *, *, #2299, .T. ) ;
#3393 = DIRECTION ( 'NONE',  ( 1.000000000000000000, 0.000000000000000000, 0.000000000000000000 ) ) ;
#3394 = CARTESIAN_POINT ( 'NONE',  ( -12.88074526825518618, 90.14213562373090838, 45.07106781186516997 ) ) ;
#3395 = SURFACE_STYLE_FILL_AREA ( #1562 ) ;
#3396 = CIRCLE ( 'NONE', #2277, 1.600000000000000755 ) ;
#3397 =( BOUNDED_SURFACE ( )  B_SPLINE_SURFACE ( 3, 3, ( 
 ( #4188, #3816, #66, #1108, #1868, #1540, #4124 ),
 ( #4512, #1133, #795, #3740, #2272, #1085, #3368 ),
 ( #3798, #421, #1894, #4216, #816, #2298, #4 ),
 ( #445, #3080, #3720, #769, #1918, #3450, #93 ),
 ( #2632, #370, #347, #3765, #1824, #1844, #394 ),
 ( #2353, #4238, #1991, #3844, #466, #2770, #1588 ),
 ( #1290, #1947, #887, #2790, #1628, #2812, #2374 ) ),
 .UNSPECIFIED., .T., .T., .F. ) 
 B_SPLINE_SURFACE_WITH_KNOTS ( ( 4, 3, 4 ),
 ( 4, 3, 4 ),
 ( 0.000000000000000000, 0.5000000000000000000, 1.000000000000000000 ),
 ( 0.000000000000000000, 0.5000000000000000000, 1.000000000000000000 ),
 .UNSPECIFIED. ) 
 GEOMETRIC_REPRESENTATION_ITEM ( )  RATIONAL_B_SPLINE_SURFACE ( (
 ( 1.000000000000000000, 0.3333333333333333148, 0.3333333333333333148, 1.000000000000000000, 0.3333333333333333148, 0.3333333333333333148, 1.000000000000000000),
 ( 0.3333333333333333703, 0.1111111111111111188, 0.1111111111111111188, 0.3333333333333333703, 0.1111111111111111188, 0.1111111111111111188, 0.3333333333333333703),
 ( 0.3333333333333333703, 0.1111111111111111188, 0.1111111111111111188, 0.3333333333333333703, 0.1111111111111111188, 0.1111111111111111188, 0.3333333333333333703),
 ( 1.000000000000000000, 0.3333333333333333148, 0.3333333333333333148, 1.000000000000000000, 0.3333333333333333148, 0.3333333333333333148, 1.000000000000000000),
 ( 0.3333333333333333703, 0.1111111111111111188, 0.1111111111111111188, 0.3333333333333333703, 0.1111111111111111188, 0.1111111111111111188, 0.3333333333333333703),
 ( 0.3333333333333333703, 0.1111111111111111188, 0.1111111111111111188, 0.3333333333333333703, 0.1111111111111111188, 0.1111111111111111188, 0.3333333333333333703),
 ( 1.000000000000000000, 0.3333333333333333148, 0.3333333333333333148, 1.000000000000000000, 0.3333333333333333148, 0.3333333333333333148, 1.000000000000000000) ) ) 
 REPRESENTATION_ITEM ( '' )  SURFACE ( )  );
#3398 = VERTEX_POINT ( 'NONE', #3945 ) ;
#3399 = CARTESIAN_POINT ( 'NONE',  ( 6.240575075304460206, 4.364986884438026264E-15, -42.00000000000031974 ) ) ;
#3400 = EDGE_CURVE ( 'NONE', #885, #3000, #4815, .T. ) ;
#3401 = DIRECTION ( 'NONE',  ( -1.000000000000000000, 0.000000000000000000, 0.000000000000000000 ) ) ;
#3402 = CARTESIAN_POINT ( 'NONE',  ( 16.11925473174482093, 90.14213562373090838, 45.07106781186517708 ) ) ;
#3403 = CARTESIAN_POINT ( 'NONE',  ( -7.345211362322466186, -84.00000000000004263, -42.00000000000031974 ) ) ;
#3404 = CARTESIAN_POINT ( 'NONE',  ( -15.38074526825518973, -4.723679721940241186E-16, -2.983724378680108202E-13 ) ) ;
#3405 = CARTESIAN_POINT ( 'NONE',  ( 2.583720825812073407, -3.350287950190303847E-15, -38.00000000000031264 ) ) ;
#3406 = DIRECTION ( 'NONE',  ( 1.000000000000000000, -5.706327223607916938E-18, -0.000000000000000000 ) ) ;
#3407 = VERTEX_POINT ( 'NONE', #3612 ) ;
#3408 = FACE_OUTER_BOUND ( 'NONE', #3658, .T. ) ;
#3409 = CARTESIAN_POINT ( 'NONE',  ( 2.119254731744816045, -58.00000000000002842, -29.00000000000030909 ) ) ;
#3410 = SURFACE_STYLE_FILL_AREA ( #3754 ) ;
#3411 = CARTESIAN_POINT ( 'NONE',  ( 16.11925473174482093, -3.350287950190303453E-15, 45.07106781186515576 ) ) ;
#3412 = CARTESIAN_POINT ( 'NONE',  ( -7.002065611814829893, -3.350287950190303847E-15, 33.99999999999972289 ) ) ;
#3413 =( NAMED_UNIT ( * ) SI_UNIT ( $, .STERADIAN. ) SOLID_ANGLE_UNIT ( ) );
#3414 = EDGE_LOOP ( 'NONE', ( #3776, #2923, #2899, #4700 ) ) ;
#3415 = ORIENTED_EDGE ( 'NONE', *, *, #2890, .T. ) ;
#3416 = CARTESIAN_POINT ( 'NONE',  ( 13.90286635663604287, -3.350287950190303058E-15, -46.98143681215580614 ) ) ;
#3417 = ORIENTED_EDGE ( 'NONE', *, *, #4266, .T. ) ;
#3418 = CARTESIAN_POINT ( 'NONE',  ( 2.583720825812073407, -1.023459031810331891E-15, -2.983724378680108202E-13 ) ) ;
#3419 = CARTESIAN_POINT ( 'NONE',  ( -16.88074526825518973, -90.14213562373097943, -45.07106781186578814 ) ) ;
#3420 = AXIS2_PLACEMENT_3D ( 'NONE', #4247, #1900, #3159 ) ;
#3421 = MECHANICAL_DESIGN_GEOMETRIC_PRESENTATION_REPRESENTATION (  '', ( #666 ), #904 ) ;
#3422 = ORIENTED_EDGE ( 'NONE', *, *, #2890, .F. ) ;
#3423 =( NAMED_UNIT ( * ) PLANE_ANGLE_UNIT ( ) SI_UNIT ( $, .RADIAN. ) );
#3424 = LINE ( 'NONE', #1189, #3513 ) ;
#3425 = AXIS2_PLACEMENT_3D ( 'NONE', #1653, #3109, #1633 ) ;
#3426 = SURFACE_SIDE_STYLE ('',( #4074 ) ) ;
#3427 = EDGE_CURVE ( 'NONE', #4060, #4211, #863, .T. ) ;
#3428 = CARTESIAN_POINT ( 'NONE',  ( -11.34521136232246441, -3.350287950190303847E-15, 49.99999999999972289 ) ) ;
#3429 = CARTESIAN_POINT ( 'NONE',  ( 14.58372082581209916, -3.350287950190303453E-15, 49.99999999999972999 ) ) ;
#3430 = STYLED_ITEM ( 'NONE', ( #4565 ), #1172 ) ;
#3431 = CARTESIAN_POINT ( 'NONE',  ( -1.416279174187926149, -3.350287950190303453E-15, 37.99999999999970868 ) ) ;
#3432 = SURFACE_STYLE_FILL_AREA ( #4881 ) ;
#3433 = AXIS2_PLACEMENT_3D ( 'NONE', #3238, #2649, #3437 ) ;
#3434 = ORIENTED_EDGE ( 'NONE', *, *, #4417, .F. ) ;
#3435 = CARTESIAN_POINT ( 'NONE',  ( 16.61925473174482093, -89.31370849898476649, -44.65685424949267457 ) ) ;
#3436 = CARTESIAN_POINT ( 'NONE',  ( 2.119254731744816933, -3.350287950190303847E-15, 36.99999999999971578 ) ) ;
#3437 = DIRECTION ( 'NONE',  ( -3.751350377488300492E-17, -1.000000000000000000, 0.000000000000000000 ) ) ;
#3438 = CARTESIAN_POINT ( 'NONE',  ( 16.11925473174482093, -106.1421356237308942, -53.07106781186574551 ) ) ;
#3439 = CARTESIAN_POINT ( 'NONE',  ( -7.002065611814828117, 84.00000000000004263, 41.99999999999972289 ) ) ;
#3440 = PRESENTATION_STYLE_ASSIGNMENT (( #3015 ) ) ;
#3441 = COLOUR_RGB ( '',0.7529411764705882248, 0.7529411764705882248, 0.7529411764705882248 ) ;
#3442 = ORIENTED_EDGE ( 'NONE', *, *, #4127, .F. ) ;
#3443 = UNCERTAINTY_MEASURE_WITH_UNIT (LENGTH_MEASURE( 1.000000000000000082E-05 ), #2867, 'distance_accuracy_value', 'NONE');
#3444 = MECHANICAL_DESIGN_GEOMETRIC_PRESENTATION_REPRESENTATION (  '', ( #691 ), #1254 ) ;
#3445 = ORIENTED_EDGE ( 'NONE', *, *, #2856, .F. ) ;
#3446 = DIRECTION ( 'NONE',  ( -1.000000000000000000, 0.000000000000000000, 0.000000000000000000 ) ) ;
#3447 = EDGE_LOOP ( 'NONE', ( #1980, #243, #3392, #2372 ) ) ;
#3448 =( LENGTH_UNIT ( ) NAMED_UNIT ( * ) SI_UNIT ( .MILLI., .METRE. ) );
#3449 =( NAMED_UNIT ( * ) PLANE_ANGLE_UNIT ( ) SI_UNIT ( $, .RADIAN. ) );
#3450 = CARTESIAN_POINT ( 'NONE',  ( 2.119254731744816045, -74.00000000000002842, 36.99999999999971578 ) ) ;
#3451 = SURFACE_STYLE_USAGE ( .BOTH. , #1216 ) ;
#3452 = CARTESIAN_POINT ( 'NONE',  ( 16.61925473174482093, 89.31370849898476649, 44.65685424949209903 ) ) ;
#3453 = PRESENTATION_STYLE_ASSIGNMENT (( #1925 ) ) ;
#3454 = CARTESIAN_POINT ( 'NONE',  ( 2.119254731744816045, 3.446501785077507919E-15, -37.00000000000031264 ) ) ;
#3455 = DIRECTION ( 'NONE',  ( -1.000000000000000000, -4.130293990420967541E-17, -0.000000000000000000 ) ) ;
#3456 = EDGE_CURVE ( 'NONE', #2271, #1745, #2458, .T. ) ;
#3457 = CARTESIAN_POINT ( 'NONE',  ( 14.03346829411790431, -3.350287950190303847E-15, -2.983724378680108202E-13 ) ) ;
#3458 =( BOUNDED_CURVE ( )  B_SPLINE_CURVE ( 3, ( #3908, #3881, #569, #3934 ),
 .UNSPECIFIED., .F., .T. ) 
 B_SPLINE_CURVE_WITH_KNOTS ( ( 4, 4 ),
 ( 0.3535533905932736198, 0.4999999999999971134 ),
 .UNSPECIFIED. ) 
 CURVE ( )  GEOMETRIC_REPRESENTATION_ITEM ( )  RATIONAL_B_SPLINE_CURVE ( ( 0.5857864376269047435, 0.6666666666666647423, 0.8047378541243621619, 0.9999999999999961142 ) ) 
 REPRESENTATION_ITEM ( '' )  );
#3459 = CARTESIAN_POINT ( 'NONE',  ( 12.61925473174481560, -89.31370849898475228, -44.65685424949267457 ) ) ;
#3460 = SURFACE_SIDE_STYLE ('',( #407 ) ) ;
#3461 = CARTESIAN_POINT ( 'NONE',  ( 6.119254731744816489, -74.00000000000004263, 36.99999999999972289 ) ) ;
#3462 = DIRECTION ( 'NONE',  ( 0.000000000000000000, 0.000000000000000000, 1.000000000000000000 ) ) ;
#3463 = CARTESIAN_POINT ( 'NONE',  ( 8.119254731744817377, 90.14213562373090838, -45.07106781186575262 ) ) ;
#3464 = CARTESIAN_POINT ( 'NONE',  ( -7.002065611814828117, -68.00000000000005684, -34.00000000000032685 ) ) ;
#3465 = SURFACE_STYLE_USAGE ( .BOTH. , #413 ) ;
#3466 = VECTOR ( 'NONE', #3052, 1000.000000000000000 ) ;
#3467 = ORIENTED_EDGE ( 'NONE', *, *, #3599, .F. ) ;
#3468 = ORIENTED_EDGE ( 'NONE', *, *, #3828, .T. ) ;
#3469 = SURFACE_STYLE_USAGE ( .BOTH. , #1887 ) ;
#3470 = EDGE_LOOP ( 'NONE', ( #1168, #836, #4549, #314 ) ) ;
#3471 = CARTESIAN_POINT ( 'NONE',  ( 12.61925473174481560, 89.31370849898475228, 44.65685424949207771 ) ) ;
#3472 = CARTESIAN_POINT ( 'NONE',  ( -0.8807452682551838441, -8.034441853748399254, 26.32746942367378296 ) ) ;
#3473 = CIRCLE ( 'NONE', #628, 1.600000000000000755 ) ;
#3474 = MECHANICAL_DESIGN_GEOMETRIC_PRESENTATION_REPRESENTATION (  '', ( #1866 ), #1793 ) ;
#3475 = SURFACE_SIDE_STYLE ('',( #2427 ) ) ;
#3476 = STYLED_ITEM ( 'NONE', ( #2087 ), #4664 ) ;
#3477 = VECTOR ( 'NONE', #1710, 1000.000000000000000 ) ;
#3478 = FILL_AREA_STYLE ('',( #2301 ) ) ;
#3479 = FILL_AREA_STYLE ('',( #121 ) ) ;
#3480 = ORIENTED_EDGE ( 'NONE', *, *, #3517, .F. ) ;
#3481 = FACE_OUTER_BOUND ( 'NONE', #4014, .T. ) ;
#3482 = CARTESIAN_POINT ( 'NONE',  ( 6.583720825812095612, -3.350287950190303453E-15, -42.00000000000032685 ) ) ;
#3483 = LINE ( 'NONE', #2721, #4844 ) ;
#3484 = CYLINDRICAL_SURFACE ( 'NONE', #1065, 1.600000000000000755 ) ;
#3485 = CARTESIAN_POINT ( 'NONE',  ( 2.119254731744816045, -1.084691371767699662E-15, 36.99999999999971578 ) ) ;
#3486 = CARTESIAN_POINT ( 'NONE',  ( 16.61925473174482093, -3.350287950190303453E-15, 44.65685424949207771 ) ) ;
#3487 = CARTESIAN_POINT ( 'NONE',  ( 10.58372082581209384, -84.00000000000004263, 41.99999999999972289 ) ) ;
#3488 = CARTESIAN_POINT ( 'NONE',  ( -7.002065611814829893, -3.350287950190303847E-15, -34.00000000000031974 ) ) ;
#3489 = UNCERTAINTY_MEASURE_WITH_UNIT (LENGTH_MEASURE( 1.000000000000000082E-05 ), #1848, 'distance_accuracy_value', 'NONE');
#3490 = EDGE_CURVE ( 'NONE', #1078, #291, #1678, .T. ) ;
#3491 = ORIENTED_EDGE ( 'NONE', *, *, #1904, .T. ) ;
#3492 =( LENGTH_UNIT ( ) NAMED_UNIT ( * ) SI_UNIT ( .MILLI., .METRE. ) );
#3493 = SURFACE_STYLE_FILL_AREA ( #1183 ) ;
#3494 = DIRECTION ( 'NONE',  ( 1.000000000000000000, -0.000000000000000000, 0.000000000000000000 ) ) ;
#3495 =( NAMED_UNIT ( * ) PLANE_ANGLE_UNIT ( ) SI_UNIT ( $, .RADIAN. ) );
#3496 = AXIS2_PLACEMENT_3D ( 'NONE', #943, #1999, #3929 ) ;
#3497 = ORIENTED_EDGE ( 'NONE', *, *, #384, .F. ) ;
#3498 = PRESENTATION_STYLE_ASSIGNMENT (( #1971 ) ) ;
#3499 = PRESENTATION_LAYER_ASSIGNMENT (  '', '', ( #3900 ) ) ;
#3500 = CARTESIAN_POINT ( 'NONE',  ( 0.1192547317448160588, -3.350287950190303847E-15, 32.99999999999971578 ) ) ;
#3501 = VECTOR ( 'NONE', #181, 1000.000000000000000 ) ;
#3502 =( NAMED_UNIT ( * ) PLANE_ANGLE_UNIT ( ) SI_UNIT ( $, .RADIAN. ) );
#3503 = AXIS2_PLACEMENT_3D ( 'NONE', #4780, #256, #1735 ) ;
#3504 = CIRCLE ( 'NONE', #2482, 41.00000000000002842 ) ;
#3505 = EDGE_LOOP ( 'NONE', ( #1416, #916, #155, #1607 ) ) ;
#3506 = MECHANICAL_DESIGN_GEOMETRIC_PRESENTATION_REPRESENTATION (  '', ( #1762 ), #3910 ) ;
#3507 = ORIENTED_EDGE ( 'NONE', *, *, #4001, .T. ) ;
#3508 = CARTESIAN_POINT ( 'NONE',  ( 8.619254731744820930, 89.31370849898476649, -44.65685424949267457 ) ) ;
#3509 = DIRECTION ( 'NONE',  ( 1.000000000000000000, 1.032573497605241885E-17, -0.000000000000000000 ) ) ;
#3510 = STYLED_ITEM ( 'NONE', ( #2833 ), #1988 ) ;
#3511 = CARTESIAN_POINT ( 'NONE',  ( 8.119254731744820930, -3.350287950190303453E-15, 53.07106781186515576 ) ) ;
#3512 = EDGE_CURVE ( 'NONE', #3663, #2733, #4097, .T. ) ;
#3513 = VECTOR ( 'NONE', #3083, 1000.000000000000000 ) ;
#3514 = VERTEX_POINT ( 'NONE', #182 ) ;
#3515 = EDGE_LOOP ( 'NONE', ( #2579, #4454, #2123, #2811 ) ) ;
#3516 =( NAMED_UNIT ( * ) SI_UNIT ( $, .STERADIAN. ) SOLID_ANGLE_UNIT ( ) );
#3517 = EDGE_CURVE ( 'NONE', #4122, #2718, #2681, .T. ) ;
#3518 = EDGE_LOOP ( 'NONE', ( #4069, #4123, #2433, #3363 ) ) ;
#3519 = FILL_AREA_STYLE_COLOUR ( '', #1373 ) ;
#3520 = CARTESIAN_POINT ( 'NONE',  ( 6.583720825812095612, -3.350287950190303453E-15, -50.00000000000031974 ) ) ;
#3521 = DIRECTION ( 'NONE',  ( 1.000000000000000000, -0.000000000000000000, 0.000000000000000000 ) ) ;
#3522 = SURFACE_STYLE_USAGE ( .BOTH. , #2382 ) ;
#3523 = ADVANCED_FACE ( 'NONE', ( #3246 ), #4625, .F. ) ;
#3524 = CARTESIAN_POINT ( 'NONE',  ( 14.03346829411790075, 2.262075708637509669E-15, 45.82842712474587188 ) ) ;
#3525 = PRESENTATION_STYLE_ASSIGNMENT (( #3092 ) ) ;
#3526 = FILL_AREA_STYLE ('',( #1618 ) ) ;
#3527 = CARTESIAN_POINT ( 'NONE',  ( 4.205041169371719789, -1.012953223185327875E-15, -2.983724378680108202E-13 ) ) ;
#3528 = CIRCLE ( 'NONE', #168, 41.00000000000002132 ) ;
#3529 = VERTEX_POINT ( 'NONE', #1394 ) ;
#3530 =( NAMED_UNIT ( * ) PLANE_ANGLE_UNIT ( ) SI_UNIT ( $, .RADIAN. ) );
#3531 =( LENGTH_UNIT ( ) NAMED_UNIT ( * ) SI_UNIT ( .MILLI., .METRE. ) );
#3532 = CARTESIAN_POINT ( 'NONE',  ( -0.3807452682551843992, -1.084691371767699662E-15, 36.99999999999971578 ) ) ;
#3533 = MANIFOLD_SOLID_BREP ( 'Ëõ·Å±ÈÀý1', #1781 ) ;
#3534 = CIRCLE ( 'NONE', #2908, 46.24264068711926257 ) ;
#3535 = DIRECTION ( 'NONE',  ( 0.000000000000000000, 0.000000000000000000, -1.000000000000000000 ) ) ;
#3536 = STYLED_ITEM ( 'NONE', ( #1302 ), #3974 ) ;
#3537 = EDGE_LOOP ( 'NONE', ( #2631, #1376, #2792, #4615 ) ) ;
#3538 = VERTEX_POINT ( 'NONE', #1840 ) ;
#3539 = DIRECTION ( 'NONE',  ( 0.000000000000000000, 0.000000000000000000, -1.000000000000000000 ) ) ;
#3540 = AXIS2_PLACEMENT_3D ( 'NONE', #3195, #999, #3535 ) ;
#3541 = UNCERTAINTY_MEASURE_WITH_UNIT (LENGTH_MEASURE( 1.000000000000000082E-05 ), #1232, 'distance_accuracy_value', 'NONE');
#3542 = AXIS2_PLACEMENT_3D ( 'NONE', #2428, #424, #2974 ) ;
#3543 = EDGE_CURVE ( 'NONE', #537, #2502, #2016, .T. ) ;
#3544 = ORIENTED_EDGE ( 'NONE', *, *, #4145, .T. ) ;
#3545 = CARTESIAN_POINT ( 'NONE',  ( -0.8807452682551838441, 21.03444185374883446, 15.28241655960373180 ) ) ;
#3546 = CARTESIAN_POINT ( 'NONE',  ( 2.119254731744816045, 74.00000000000002842, 36.99999999999971578 ) ) ;
#3547 = CIRCLE ( 'NONE', #3951, 50.00000000000000000 ) ;
#3548 = CARTESIAN_POINT ( 'NONE',  ( -1.416279174187925705, -92.00000000000005684, 45.99999999999972289 ) ) ;
#3549 = FILL_AREA_STYLE ('',( #2020 ) ) ;
#3550 = SURFACE_STYLE_FILL_AREA ( #4704 ) ;
#3551 = AXIS2_PLACEMENT_3D ( 'NONE', #2516, #4025, #1758 ) ;
#3552 = SURFACE_STYLE_FILL_AREA ( #190 ) ;
#3553 =( BOUNDED_CURVE ( )  B_SPLINE_CURVE ( 3, ( #2782, #147, #3165, #1617 ),
 .UNSPECIFIED., .F., .T. ) 
 B_SPLINE_CURVE_WITH_KNOTS ( ( 4, 4 ),
 ( 0.8535533905932738419, 1.000000000000000000 ),
 .UNSPECIFIED. ) 
 CURVE ( )  GEOMETRIC_REPRESENTATION_ITEM ( )  RATIONAL_B_SPLINE_CURVE ( ( 0.5857864376269050766, 0.6666666666666668517, 0.8047378541243651595, 1.000000000000000000 ) ) 
 REPRESENTATION_ITEM ( '' )  );
#3554 = CARTESIAN_POINT ( 'NONE',  ( 2.119254731744816045, 3.446501785077507919E-15, -37.00000000000031264 ) ) ;
#3555 = CARTESIAN_POINT ( 'NONE',  ( 11.99793438818519320, -43.17157287525382969, -2.928973963461389207E-13 ) ) ;
#3556 =( NAMED_UNIT ( * ) SI_UNIT ( $, .STERADIAN. ) SOLID_ANGLE_UNIT ( ) );
#3557 = CARTESIAN_POINT ( 'NONE',  ( -12.88074526825518795, -3.350287950190303847E-15, 45.07106781186516997 ) ) ;
#3558 = FACE_OUTER_BOUND ( 'NONE', #4313, .T. ) ;
#3559 = LINE ( 'NONE', #3193, #3126 ) ;
#3560 = CARTESIAN_POINT ( 'NONE',  ( 11.99793438818519320, -7.067915233984887229E-16, -2.983724378680108202E-13 ) ) ;
#3561 = CARTESIAN_POINT ( 'NONE',  ( -0.8807452682551842882, 3.446501785077509103E-15, -37.00000000000031974 ) ) ;
#3562 = SURFACE_STYLE_FILL_AREA ( #2061 ) ;
#3563 = EDGE_LOOP ( 'NONE', ( #2248, #2538, #3544, #4094, #3718 ) ) ;
#3564 = ORIENTED_EDGE ( 'NONE', *, *, #4838, .T. ) ;
#3565 = CARTESIAN_POINT ( 'NONE',  ( 8.619254731744820930, -89.31370849898476649, -44.65685424949267457 ) ) ;
#3566 =( NAMED_UNIT ( * ) PLANE_ANGLE_UNIT ( ) SI_UNIT ( $, .RADIAN. ) );
#3567 = AXIS2_PLACEMENT_3D ( 'NONE', #3801, #1221, #2359 ) ;
#3568 = ORIENTED_EDGE ( 'NONE', *, *, #4506, .T. ) ;
#3569 = CARTESIAN_POINT ( 'NONE',  ( -1.880745268255183289, 74.00000000000004263, -37.00000000000032685 ) ) ;
#3570 = CARTESIAN_POINT ( 'NONE',  ( -1.416279174187926149, -76.00000000000002842, 37.99999999999971578 ) ) ;
#3571 = DIRECTION ( 'NONE',  ( 0.000000000000000000, 0.000000000000000000, 1.000000000000000000 ) ) ;
#3572 = SURFACE_SIDE_STYLE ('',( #921 ) ) ;
#3573 = ADVANCED_FACE ( 'NONE', ( #1184 ), #3021, .F. ) ;
#3574 = PRESENTATION_LAYER_ASSIGNMENT (  '', '', ( #3973 ) ) ;
#3575 = CARTESIAN_POINT ( 'NONE',  ( 6.240575075304460206, -3.350287950190303847E-15, -34.00000000000031974 ) ) ;
#3576 =( NAMED_UNIT ( * ) SI_UNIT ( $, .STERADIAN. ) SOLID_ANGLE_UNIT ( ) );
#3577 = DIRECTION ( 'NONE',  ( 0.000000000000000000, 1.000000000000000000, 0.000000000000000000 ) ) ;
#3578 =( NAMED_UNIT ( * ) SI_UNIT ( $, .STERADIAN. ) SOLID_ANGLE_UNIT ( ) );
#3579 = ADVANCED_FACE ( 'NONE', ( #4185 ), #1563, .T. ) ;
#3580 =( BOUNDED_SURFACE ( )  B_SPLINE_SURFACE ( 3, 3, ( 
 ( #1684, #4346, #3805, #4627, #3950, #432, #2285 ),
 ( #3924, #4604, #3069, #81, #48, #2839, #1552 ),
 ( #3204, #1908, #3569, #2340, #963, #2019, #1654 ),
 ( #3436, #3546, #564, #2044, #1229, #2701, #1528 ),
 ( #4702, #829, #4371, #207, #4226, #3461, #4729 ),
 ( #3042, #3780, #1575, #1337, #3091, #2311, #1173 ),
 ( #408, #1878, #2678, #4198, #3409, #4577, #456 ) ),
 .UNSPECIFIED., .T., .T., .T. ) 
 B_SPLINE_SURFACE_WITH_KNOTS ( ( 4, 3, 4 ),
 ( 4, 3, 4 ),
 ( 0.000000000000000000, 0.5000000000000000000, 1.000000000000000000 ),
 ( 0.000000000000000000, 0.5000000000000000000, 1.000000000000000000 ),
 .UNSPECIFIED. ) 
 GEOMETRIC_REPRESENTATION_ITEM ( )  RATIONAL_B_SPLINE_SURFACE ( (
 ( 1.000000000000000000, 0.3333333333333333148, 0.3333333333333333148, 1.000000000000000000, 0.3333333333333333148, 0.3333333333333333148, 1.000000000000000000),
 ( 0.3333333333333333703, 0.1111111111111111188, 0.1111111111111111188, 0.3333333333333333703, 0.1111111111111111188, 0.1111111111111111188, 0.3333333333333333703),
 ( 0.3333333333333333703, 0.1111111111111111188, 0.1111111111111111188, 0.3333333333333333703, 0.1111111111111111188, 0.1111111111111111188, 0.3333333333333333703),
 ( 1.000000000000000000, 0.3333333333333333148, 0.3333333333333333148, 1.000000000000000000, 0.3333333333333333148, 0.3333333333333333148, 1.000000000000000000),
 ( 0.3333333333333333703, 0.1111111111111111188, 0.1111111111111111188, 0.3333333333333333703, 0.1111111111111111188, 0.1111111111111111188, 0.3333333333333333703),
 ( 0.3333333333333333703, 0.1111111111111111188, 0.1111111111111111188, 0.3333333333333333703, 0.1111111111111111188, 0.1111111111111111188, 0.3333333333333333703),
 ( 1.000000000000000000, 0.3333333333333333148, 0.3333333333333333148, 1.000000000000000000, 0.3333333333333333148, 0.3333333333333333148, 1.000000000000000000) ) ) 
 REPRESENTATION_ITEM ( '' )  SURFACE ( )  );
#3581 = DIRECTION ( 'NONE',  ( 1.000000000000000000, 3.426320245621134567E-18, -2.489367373009531334E-18 ) ) ;
#3582 = DIRECTION ( 'NONE',  ( 0.000000000000000000, 1.000000000000000000, 0.000000000000000000 ) ) ;
#3583 = EDGE_CURVE ( 'NONE', #2483, #3128, #418, .T. ) ;
#3584 = ORIENTED_EDGE ( 'NONE', *, *, #1335, .F. ) ;
#3585 =( GEOMETRIC_REPRESENTATION_CONTEXT ( 3 ) GLOBAL_UNCERTAINTY_ASSIGNED_CONTEXT ( ( #152 ) ) GLOBAL_UNIT_ASSIGNED_CONTEXT ( ( #3891, #842, #3175 ) ) REPRESENTATION_CONTEXT ( 'NONE', 'WORKASPACE' ) );
#3586 = CARTESIAN_POINT ( 'NONE',  ( -11.00206561181482989, -3.350287950190303453E-15, -42.00000000000032685 ) ) ;
#3587 = CARTESIAN_POINT ( 'NONE',  ( 8.619254731744820930, 89.31370849898476649, -44.65685424949267457 ) ) ;
#3588 = CARTESIAN_POINT ( 'NONE',  ( 0.1192547317448160588, -3.350287950190303847E-15, 32.99999999999971578 ) ) ;
#3589 =( GEOMETRIC_REPRESENTATION_CONTEXT ( 3 ) GLOBAL_UNCERTAINTY_ASSIGNED_CONTEXT ( ( #4206 ) ) GLOBAL_UNIT_ASSIGNED_CONTEXT ( ( #797, #3799, #3845 ) ) REPRESENTATION_CONTEXT ( 'NONE', 'WORKASPACE' ) );
#3590 = DIRECTION ( 'NONE',  ( -1.000000000000000000, 0.000000000000000000, 0.000000000000000000 ) ) ;
#3591 = UNCERTAINTY_MEASURE_WITH_UNIT (LENGTH_MEASURE( 1.000000000000000082E-05 ), #2363, 'distance_accuracy_value', 'NONE');
#3592 = COLOUR_RGB ( '',0.7529411764705882248, 0.7529411764705882248, 0.7529411764705882248 ) ;
#3593 = EDGE_LOOP ( 'NONE', ( #3203, #3911, #2735, #1469 ) ) ;
#3594 = DIRECTION ( 'NONE',  ( 0.000000000000000000, 0.000000000000000000, -1.000000000000000000 ) ) ;
#3595 = PRESENTATION_LAYER_ASSIGNMENT (  '', '', ( #1614 ) ) ;
#3596 = SURFACE_STYLE_FILL_AREA ( #2486 ) ;
#3597 = SURFACE_STYLE_FILL_AREA ( #585 ) ;
#3598 = CARTESIAN_POINT ( 'NONE',  ( -0.8807452682551838441, 26.00000000000000000, -1.600000000000295852 ) ) ;
#3599 = EDGE_CURVE ( 'NONE', #4678, #2356, #1214, .T. ) ;
#3600 = CARTESIAN_POINT ( 'NONE',  ( 2.240575075304460206, -3.350287950190303453E-15, 41.99999999999972999 ) ) ;
#3601 = CARTESIAN_POINT ( 'NONE',  ( 14.58372082581209916, -3.350287950190303453E-15, 49.99999999999972999 ) ) ;
#3602 = SURFACE_SIDE_STYLE ('',( #4651 ) ) ;
#3603 = ADVANCED_FACE ( 'NONE', ( #4589 ), #2710, .F. ) ;
#3604 = CARTESIAN_POINT ( 'NONE',  ( 2.240575075304460650, 84.00000000000004263, 41.99999999999973710 ) ) ;
#3605 =( LENGTH_UNIT ( ) NAMED_UNIT ( * ) SI_UNIT ( .MILLI., .METRE. ) );
#3606 =( LENGTH_UNIT ( ) NAMED_UNIT ( * ) SI_UNIT ( .MILLI., .METRE. ) );
#3607 = CIRCLE ( 'NONE', #2904, 46.24264068711926257 ) ;
#3608 = ORIENTED_EDGE ( 'NONE', *, *, #3241, .F. ) ;
#3609 = EDGE_LOOP ( 'NONE', ( #2638, #3764 ) ) ;
#3610 = CARTESIAN_POINT ( 'NONE',  ( -7.002065611814829893, -3.350287950190303847E-15, -34.00000000000031974 ) ) ;
#3611 = CARTESIAN_POINT ( 'NONE',  ( 16.61925473174482093, -3.350287950190303453E-15, 44.65685424949207771 ) ) ;
#3612 = CARTESIAN_POINT ( 'NONE',  ( 0.1192547317448166000, -2.125641151042950788E-15, 19.99999999999970868 ) ) ;
#3613 = FILL_AREA_STYLE ('',( #2068 ) ) ;
#3614 = ORIENTED_EDGE ( 'NONE', *, *, #4001, .F. ) ;
#3615 = DIRECTION ( 'NONE',  ( 1.000000000000000000, 0.000000000000000000, 0.000000000000000000 ) ) ;
#3616 = AXIS2_PLACEMENT_3D ( 'NONE', #4126, #1806, #2951 ) ;
#3617 = CARTESIAN_POINT ( 'NONE',  ( 12.61925473174482093, -3.350287950190303847E-15, 44.65685424949207771 ) ) ;
#3618 = DIRECTION ( 'NONE',  ( -1.000000000000000000, 0.000000000000000000, 0.000000000000000000 ) ) ;
#3619 = CIRCLE ( 'NONE', #1797, 1.600000000000000755 ) ;
#3620 = PRESENTATION_LAYER_ASSIGNMENT (  '', '', ( #4289 ) ) ;
#3621 = CARTESIAN_POINT ( 'NONE',  ( 14.61925473174481915, -3.350287950190304242E-15, 48.65685424949207061 ) ) ;
#3622 = CIRCLE ( 'NONE', #1496, 1.600000000000000755 ) ;
#3623 = DIRECTION ( 'NONE',  ( -1.000000000000000000, -1.734723475976807403E-17, -4.814824860968091001E-33 ) ) ;
#3624 = CARTESIAN_POINT ( 'NONE',  ( 6.240575075304461095, -68.00000000000005684, 33.99999999999972289 ) ) ;
#3625 = CARTESIAN_POINT ( 'NONE',  ( -0.3807452682551843992, 4.181289864565923541E-15, -41.00000000000032685 ) ) ;
#3626 =( NAMED_UNIT ( * ) SI_UNIT ( $, .STERADIAN. ) SOLID_ANGLE_UNIT ( ) );
#3627 = LINE ( 'NONE', #2057, #553 ) ;
#3628 = CARTESIAN_POINT ( 'NONE',  ( 6.240575075304461095, 68.00000000000005684, -34.00000000000032685 ) ) ;
#3629 = CARTESIAN_POINT ( 'NONE',  ( 0.6547886376775576833, -76.00000000000002842, -38.00000000000031974 ) ) ;
#3630 = PRESENTATION_STYLE_ASSIGNMENT (( #240 ) ) ;
#3631 = EDGE_CURVE ( 'NONE', #2291, #4796, #2267, .T. ) ;
#3632 = EDGE_LOOP ( 'NONE', ( #2853, #3046, #3243, #30 ) ) ;
#3633 = CARTESIAN_POINT ( 'NONE',  ( 14.61925473174481915, 5.834563043414844886E-15, -50.00000000000029843 ) ) ;
#3634 = ORIENTED_EDGE ( 'NONE', *, *, #983, .T. ) ;
#3635 =( NAMED_UNIT ( * ) SI_UNIT ( $, .STERADIAN. ) SOLID_ANGLE_UNIT ( ) );
#3636 = CARTESIAN_POINT ( 'NONE',  ( -3.345211362322442650, -3.350287950190303847E-15, 37.99999999999971578 ) ) ;
#3637 = PRESENTATION_STYLE_ASSIGNMENT (( #2121 ) ) ;
#3638 = VERTEX_POINT ( 'NONE', #4660 ) ;
#3639 = DIRECTION ( 'NONE',  ( -4.018207724303600111E-17, -1.000000000000000000, 0.000000000000000000 ) ) ;
#3640 = CARTESIAN_POINT ( 'NONE',  ( 3.790827606998624866, -3.350287950190304636E-15, 37.34314575050734675 ) ) ;
#3641 = LINE ( 'NONE', #2842, #4522 ) ;
#3642 = DIRECTION ( 'NONE',  ( -1.000000000000000000, 0.000000000000000000, 0.000000000000000000 ) ) ;
#3643 = DIRECTION ( 'NONE',  ( 0.000000000000000000, 0.000000000000000000, 1.000000000000000000 ) ) ;
#3644 = CARTESIAN_POINT ( 'NONE',  ( -0.8807452682551842882, -1.084691371767699268E-15, -2.983724378680108202E-13 ) ) ;
#3645 = COLOUR_RGB ( '',0.7529411764705882248, 0.7529411764705882248, 0.7529411764705882248 ) ;
#3646 = CARTESIAN_POINT ( 'NONE',  ( 14.58372082581209916, 100.0000000000000568, -50.00000000000031974 ) ) ;
#3647 = CARTESIAN_POINT ( 'NONE',  ( -15.34521136232246441, -3.350287950190303453E-15, 41.99999999999972999 ) ) ;
#3648 = FILL_AREA_STYLE_COLOUR ( '', #2477 ) ;
#3649 =( NAMED_UNIT ( * ) PLANE_ANGLE_UNIT ( ) SI_UNIT ( $, .RADIAN. ) );
#3650 = CARTESIAN_POINT ( 'NONE',  ( 6.240575075304460206, -3.350287950190303847E-15, -42.00000000000031974 ) ) ;
#3651 = CARTESIAN_POINT ( 'NONE',  ( -0.8807452682551838441, -8.034441853748399254, 26.32746942367377585 ) ) ;
#3652 = DIRECTION ( 'NONE',  ( 0.000000000000000000, 0.000000000000000000, -1.000000000000000000 ) ) ;
#3653 = FACE_OUTER_BOUND ( 'NONE', #2347, .T. ) ;
#3654 = PRESENTATION_LAYER_ASSIGNMENT (  '', '', ( #907 ) ) ;
#3655 = PRESENTATION_LAYER_ASSIGNMENT (  '', '', ( #1451 ) ) ;
#3656 = ORIENTED_EDGE ( 'NONE', *, *, #766, .F. ) ;
#3657 = SURFACE_STYLE_FILL_AREA ( #2140 ) ;
#3658 = EDGE_LOOP ( 'NONE', ( #58, #3309, #2605, #710 ) ) ;
#3659 = EDGE_CURVE ( 'NONE', #4690, #890, #2686, .T. ) ;
#3660 = CARTESIAN_POINT ( 'NONE',  ( -7.345211362322443094, 92.00000000000005684, -46.00000000000030553 ) ) ;
#3661 = STYLED_ITEM ( 'NONE', ( #4110 ), #2210 ) ;
#3662 =( LENGTH_UNIT ( ) NAMED_UNIT ( * ) SI_UNIT ( .MILLI., .METRE. ) );
#3663 = VERTEX_POINT ( 'NONE', #4310 ) ;
#3664 = ORIENTED_EDGE ( 'NONE', *, *, #4769, .T. ) ;
#3665 =( NAMED_UNIT ( * ) PLANE_ANGLE_UNIT ( ) SI_UNIT ( $, .RADIAN. ) );
#3666 = CARTESIAN_POINT ( 'NONE',  ( 2.583720825812073407, -3.350287950190303847E-15, -38.00000000000031264 ) ) ;
#3667 = VECTOR ( 'NONE', #2937, 1000.000000000000000 ) ;
#3668 = STYLED_ITEM ( 'NONE', ( #94 ), #696 ) ;
#3669 = EDGE_CURVE ( 'NONE', #655, #4682, #4602, .T. ) ;
#3670 = CARTESIAN_POINT ( 'NONE',  ( 10.24057507530446642, -84.00000000000004263, 41.99999999999973710 ) ) ;
#3671 = CARTESIAN_POINT ( 'NONE',  ( 6.583720825812098276, -100.0000000000000568, -50.00000000000031974 ) ) ;
#3672 =( LENGTH_UNIT ( ) NAMED_UNIT ( * ) SI_UNIT ( .MILLI., .METRE. ) );
#3673 = CIRCLE ( 'NONE', #1325, 1.600000000000000755 ) ;
#3674 = CARTESIAN_POINT ( 'NONE',  ( -7.345211362322466186, -3.350287950190303453E-15, 41.99999999999972999 ) ) ;
#3675 = SURFACE_SIDE_STYLE ('',( #2547 ) ) ;
#3676 = CARTESIAN_POINT ( 'NONE',  ( -0.3807452682551843992, -2.125641151042950788E-15, -2.949029909160572061E-13 ) ) ;
#3677 = SURFACE_STYLE_USAGE ( .BOTH. , #2528 ) ;
#3678 = DIRECTION ( 'NONE',  ( -1.172110456741085458E-17, -1.000000000000000000, 0.000000000000000000 ) ) ;
#3679 = CARTESIAN_POINT ( 'NONE',  ( -3.345211362322441762, 76.00000000000001421, -38.00000000000031264 ) ) ;
#3680 = PRESENTATION_LAYER_ASSIGNMENT (  '', '', ( #3343 ) ) ;
#3681 = ORIENTED_EDGE ( 'NONE', *, *, #2331, .T. ) ;
#3682 = CARTESIAN_POINT ( 'NONE',  ( -1.209172393001374690, -3.350287950190303453E-15, 44.99999999999971578 ) ) ;
#3683 = ORIENTED_EDGE ( 'NONE', *, *, #4365, .T. ) ;
#3684 = DIRECTION ( 'NONE',  ( -4.018207724303600111E-17, -1.000000000000000000, 0.000000000000000000 ) ) ;
#3685 = MECHANICAL_DESIGN_GEOMETRIC_PRESENTATION_REPRESENTATION (  '', ( #1931 ), #2827 ) ;
#3686 = CARTESIAN_POINT ( 'NONE',  ( -12.88074526825518618, -106.1421356237309226, 53.07106781186517708 ) ) ;
#3687 = CARTESIAN_POINT ( 'NONE',  ( -11.00206561181482989, 68.00000000000005684, -34.00000000000032685 ) ) ;
#3688 = CARTESIAN_POINT ( 'NONE',  ( -3.345211362322441762, -76.00000000000001421, -38.00000000000031264 ) ) ;
#3689 = EDGE_CURVE ( 'NONE', #1056, #1860, #2376, .T. ) ;
#3690 = MECHANICAL_DESIGN_GEOMETRIC_PRESENTATION_REPRESENTATION (  '', ( #1854 ), #2259 ) ;
#3691 = EDGE_LOOP ( 'NONE', ( #1524, #2139 ) ) ;
#3692 = FILL_AREA_STYLE ('',( #3272 ) ) ;
#3693 = FACE_BOUND ( 'NONE', #809, .T. ) ;
#3694 = DIRECTION ( 'NONE',  ( 1.000000000000000000, 0.000000000000000000, -0.000000000000000000 ) ) ;
#3695 =( GEOMETRIC_REPRESENTATION_CONTEXT ( 3 ) GLOBAL_UNCERTAINTY_ASSIGNED_CONTEXT ( ( #4318 ) ) GLOBAL_UNIT_ASSIGNED_CONTEXT ( ( #3202, #4387, #3516 ) ) REPRESENTATION_CONTEXT ( 'NONE', 'WORKASPACE' ) );
#3696 =( NAMED_UNIT ( * ) PLANE_ANGLE_UNIT ( ) SI_UNIT ( $, .RADIAN. ) );
#3697 = EDGE_CURVE ( 'NONE', #1852, #1132, #4746, .T. ) ;
#3698 = DIRECTION ( 'NONE',  ( 0.000000000000000000, 0.000000000000000000, -1.000000000000000000 ) ) ;
#3699 = CARTESIAN_POINT ( 'NONE',  ( -11.34521136232246441, -3.350287950190303847E-15, 41.99999999999972289 ) ) ;
#3700 = STYLED_ITEM ( 'NONE', ( #1965 ), #3603 ) ;
#3701 = CARTESIAN_POINT ( 'NONE',  ( -0.8807452682551838441, -8.034441853748399254, 24.72746942367377798 ) ) ;
#3702 = DIRECTION ( 'NONE',  ( 0.000000000000000000, 0.000000000000000000, 1.000000000000000000 ) ) ;
#3703 = CARTESIAN_POINT ( 'NONE',  ( -15.34521136232246796, 100.0000000000000568, -50.00000000000031974 ) ) ;
#3704 = VECTOR ( 'NONE', #4416, 1000.000000000000000 ) ;
#3705 =( NAMED_UNIT ( * ) PLANE_ANGLE_UNIT ( ) SI_UNIT ( $, .RADIAN. ) );
#3706 = CARTESIAN_POINT ( 'NONE',  ( -8.880745268255186176, 106.1421356237309652, 53.07106781186519129 ) ) ;
#3707 = SURFACE_STYLE_FILL_AREA ( #2189 ) ;
#3708 = AXIS2_PLACEMENT_3D ( 'NONE', #3527, #4379, #171 ) ;
#3709 = AXIS2_PLACEMENT_3D ( 'NONE', #2661, #739, #1486 ) ;
#3710 = CARTESIAN_POINT ( 'NONE',  ( 6.790827606998623978, 90.00000000000005684, -45.00000000000030553 ) ) ;
#3711 = CARTESIAN_POINT ( 'NONE',  ( -7.345211362322440429, -3.350287950190303453E-15, -38.00000000000031264 ) ) ;
#3712 = FILL_AREA_STYLE_COLOUR ( '', #3755 ) ;
#3713 = ORIENTED_EDGE ( 'NONE', *, *, #2683, .F. ) ;
#3714 = ORIENTED_EDGE ( 'NONE', *, *, #2501, .F. ) ;
#3715 = CARTESIAN_POINT ( 'NONE',  ( -6.380745268255187064, 41.00000000000002842, -2.933513859915066539E-13 ) ) ;
#3716 = DIRECTION ( 'NONE',  ( -1.000000000000000000, -0.000000000000000000, -0.000000000000000000 ) ) ;
#3717 = CARTESIAN_POINT ( 'NONE',  ( 0.6547886376775575723, -3.350287950190303453E-15, 37.99999999999970868 ) ) ;
#3718 = ORIENTED_EDGE ( 'NONE', *, *, #3669, .F. ) ;
#3719 = ORIENTED_EDGE ( 'NONE', *, *, #2205, .T. ) ;
#3720 = CARTESIAN_POINT ( 'NONE',  ( 2.119254731744816045, 74.00000000000002842, -37.00000000000030553 ) ) ;
#3721 = LINE ( 'NONE', #348, #3048 ) ;
#3722 = LINE ( 'NONE', #746, #4295 ) ;
#3723 = SURFACE_STYLE_FILL_AREA ( #2207 ) ;
#3724 = EDGE_CURVE ( 'NONE', #2201, #1619, #4719, .T. ) ;
#3725 = CARTESIAN_POINT ( 'NONE',  ( -15.34521136232246796, -84.00000000000004263, -42.00000000000031974 ) ) ;
#3726 = UNCERTAINTY_MEASURE_WITH_UNIT (LENGTH_MEASURE( 1.000000000000000082E-05 ), #4008, 'distance_accuracy_value', 'NONE');
#3727 = CARTESIAN_POINT ( 'NONE',  ( -0.8807452682551838441, -8.034441853748745643, -23.12746942367425973 ) ) ;
#3728 =( LENGTH_UNIT ( ) NAMED_UNIT ( * ) SI_UNIT ( .MILLI., .METRE. ) );
#3729 = CARTESIAN_POINT ( 'NONE',  ( 2.790827606998623978, -3.350287950190303847E-15, 44.99999999999971578 ) ) ;
#3730 = CARTESIAN_POINT ( 'NONE',  ( -4.380745268255186176, 37.00000000000001421, -2.935963153513361242E-13 ) ) ;
#3731 = AXIS2_PLACEMENT_3D ( 'NONE', #4626, #1906, #478 ) ;
#3732 = UNCERTAINTY_MEASURE_WITH_UNIT (LENGTH_MEASURE( 1.000000000000000082E-05 ), #3946, 'distance_accuracy_value', 'NONE');
#3733 = EDGE_LOOP ( 'NONE', ( #2972, #879, #3054, #4540 ) ) ;
#3734 = DIRECTION ( 'NONE',  ( -1.000000000000000000, -1.057758217059028269E-17, -0.000000000000000000 ) ) ;
#3735 = EDGE_CURVE ( 'NONE', #2682, #885, #573, .T. ) ;
#3736 = SURFACE_STYLE_USAGE ( .BOTH. , #2945 ) ;
#3737 =( BOUNDED_SURFACE ( )  B_SPLINE_SURFACE ( 3, 3, ( 
 ( #4228, #832, #458, #1934, #83, #3464, #51 ),
 ( #109, #20, #1598, #1148, #3118, #4143, #3833 ),
 ( #1175, #2260, #1555, #3784, #481, #1508, #1579 ),
 ( #411, #3756, #3439, #383, #1857, #4202, #4546 ),
 ( #128, #2652, #4178, #3094, #3072, #4255, #2288 ),
 ( #4607, #855, #2342, #2731, #783, #3857, #1960 ),
 ( #3488, #433, #1881, #3412, #1124, #2620, #1531 ) ),
 .UNSPECIFIED., .T., .T., .F. ) 
 B_SPLINE_SURFACE_WITH_KNOTS ( ( 4, 3, 4 ),
 ( 4, 3, 4 ),
 ( 0.000000000000000000, 0.5000000000000000000, 1.000000000000000000 ),
 ( 0.000000000000000000, 0.5000000000000000000, 1.000000000000000000 ),
 .UNSPECIFIED. ) 
 GEOMETRIC_REPRESENTATION_ITEM ( )  RATIONAL_B_SPLINE_SURFACE ( (
 ( 1.000000000000000000, 0.3333333333333333148, 0.3333333333333333148, 1.000000000000000000, 0.3333333333333333148, 0.3333333333333333148, 1.000000000000000000),
 ( 0.3333333333333333703, 0.1111111111111111188, 0.1111111111111111188, 0.3333333333333333703, 0.1111111111111111188, 0.1111111111111111188, 0.3333333333333333703),
 ( 0.3333333333333333703, 0.1111111111111111188, 0.1111111111111111188, 0.3333333333333333703, 0.1111111111111111188, 0.1111111111111111188, 0.3333333333333333703),
 ( 1.000000000000000000, 0.3333333333333333148, 0.3333333333333333148, 1.000000000000000000, 0.3333333333333333148, 0.3333333333333333148, 1.000000000000000000),
 ( 0.3333333333333333703, 0.1111111111111111188, 0.1111111111111111188, 0.3333333333333333703, 0.1111111111111111188, 0.1111111111111111188, 0.3333333333333333703),
 ( 0.3333333333333333703, 0.1111111111111111188, 0.1111111111111111188, 0.3333333333333333703, 0.1111111111111111188, 0.1111111111111111188, 0.3333333333333333703),
 ( 1.000000000000000000, 0.3333333333333333148, 0.3333333333333333148, 1.000000000000000000, 0.3333333333333333148, 0.3333333333333333148, 1.000000000000000000) ) ) 
 REPRESENTATION_ITEM ( '' )  SURFACE ( )  );
#3738 = ORIENTED_EDGE ( 'NONE', *, *, #4046, .F. ) ;
#3739 = AXIS2_PLACEMENT_3D ( 'NONE', #4302, #4649, #898 ) ;
#3740 = CARTESIAN_POINT ( 'NONE',  ( -1.880745268255183289, -3.350287950190303453E-15, -29.00000000000030909 ) ) ;
#3741 = SURFACE_STYLE_FILL_AREA ( #2225 ) ;
#3742 =( LENGTH_UNIT ( ) NAMED_UNIT ( * ) SI_UNIT ( .MILLI., .METRE. ) );
#3743 = PRESENTATION_LAYER_ASSIGNMENT (  '', '', ( #2740 ) ) ;
#3744 = CARTESIAN_POINT ( 'NONE',  ( -0.8807452682551838441, -21.03444185374850406, 13.68241655960419223 ) ) ;
#3745 = STYLED_ITEM ( 'NONE', ( #110 ), #1245 ) ;
#3746 = DIRECTION ( 'NONE',  ( 1.000000000000000000, -0.000000000000000000, 0.000000000000000000 ) ) ;
#3747 =( GEOMETRIC_REPRESENTATION_CONTEXT ( 3 ) GLOBAL_UNCERTAINTY_ASSIGNED_CONTEXT ( ( #2706 ) ) GLOBAL_UNIT_ASSIGNED_CONTEXT ( ( #3281, #4007, #217 ) ) REPRESENTATION_CONTEXT ( 'NONE', 'WORKASPACE' ) );
#3748 = SURFACE_SIDE_STYLE ('',( #4168 ) ) ;
#3749 = ORIENTED_EDGE ( 'NONE', *, *, #4611, .F. ) ;
#3750 = PRESENTATION_LAYER_ASSIGNMENT (  '', '', ( #3668 ) ) ;
#3751 = VECTOR ( 'NONE', #1203, 1000.000000000000000 ) ;
#3752 =( NAMED_UNIT ( * ) PLANE_ANGLE_UNIT ( ) SI_UNIT ( $, .RADIAN. ) );
#3753 =( LENGTH_UNIT ( ) NAMED_UNIT ( * ) SI_UNIT ( .MILLI., .METRE. ) );
#3754 = FILL_AREA_STYLE ('',( #1529 ) ) ;
#3755 = COLOUR_RGB ( '',0.7529411764705882248, 0.7529411764705882248, 0.7529411764705882248 ) ;
#3756 = CARTESIAN_POINT ( 'NONE',  ( -7.002065611814828117, 84.00000000000004263, -42.00000000000031974 ) ) ;
#3757 =( NAMED_UNIT ( * ) SI_UNIT ( $, .STERADIAN. ) SOLID_ANGLE_UNIT ( ) );
#3758 = EDGE_CURVE ( 'NONE', #2736, #4413, #3171, .T. ) ;
#3759 = EDGE_LOOP ( 'NONE', ( #2665, #2921 ) ) ;
#3760 = CARTESIAN_POINT ( 'NONE',  ( 6.790827606998623978, 74.00000000000004263, 36.99999999999972289 ) ) ;
#3761 = CARTESIAN_POINT ( 'NONE',  ( -14.29495883062828909, -3.350287950190303847E-15, 46.24264068711897124 ) ) ;
#3762 = CARTESIAN_POINT ( 'NONE',  ( -8.880745268255186176, 106.1421356237309652, -53.07106781186576683 ) ) ;
#3763 =( LENGTH_UNIT ( ) NAMED_UNIT ( * ) SI_UNIT ( .MILLI., .METRE. ) );
#3764 = ORIENTED_EDGE ( 'NONE', *, *, #2115, .T. ) ;
#3765 = CARTESIAN_POINT ( 'NONE',  ( 6.119254731744815601, -3.350287950190303453E-15, -37.00000000000029843 ) ) ;
#3766 = CARTESIAN_POINT ( 'NONE',  ( 0.1192547317448161698, 37.00000000000002132, -2.953596810412877845E-13 ) ) ;
#3767 = CARTESIAN_POINT ( 'NONE',  ( 12.11925473174482093, -3.350287950190303847E-15, 45.07106781186515576 ) ) ;
#3768 = FACE_OUTER_BOUND ( 'NONE', #3447, .T. ) ;
#3769 =( BOUNDED_CURVE ( )  B_SPLINE_CURVE ( 3, ( #1899, #3062, #4596, #3454 ),
 .UNSPECIFIED., .F., .F. ) 
 B_SPLINE_CURVE_WITH_KNOTS ( ( 4, 4 ),
 ( 0.2500000000000002220, 0.4999999999999967804 ),
 .UNSPECIFIED. ) 
 CURVE ( )  GEOMETRIC_REPRESENTATION_ITEM ( )  RATIONAL_B_SPLINE_CURVE ( ( 0.5000000000000000000, 0.5000000000000003331, 0.6666666666666648533, 0.9999999999999956701 ) ) 
 REPRESENTATION_ITEM ( '' )  );
#3770 = CARTESIAN_POINT ( 'NONE',  ( 16.61925473174482093, -3.350287950190303453E-15, -52.65685424949266036 ) ) ;
#3771 = DIRECTION ( 'NONE',  ( 1.000000000000000000, -0.000000000000000000, 0.000000000000000000 ) ) ;
#3772 = CARTESIAN_POINT ( 'NONE',  ( -12.75942492469556200, -7.067915233984887229E-16, -2.983724378680108202E-13 ) ) ;
#3773 = AXIS2_PLACEMENT_3D ( 'NONE', #1891, #3494, #2688 ) ;
#3774 = CARTESIAN_POINT ( 'NONE',  ( -1.416279174187925705, -92.00000000000005684, -46.00000000000030553 ) ) ;
#3775 = DIRECTION ( 'NONE',  ( 0.000000000000000000, 0.000000000000000000, -1.000000000000000000 ) ) ;
#3776 = ORIENTED_EDGE ( 'NONE', *, *, #2551, .T. ) ;
#3777 = UNCERTAINTY_MEASURE_WITH_UNIT (LENGTH_MEASURE( 1.000000000000000082E-05 ), #1259, 'distance_accuracy_value', 'NONE');
#3778 = MECHANICAL_DESIGN_GEOMETRIC_PRESENTATION_REPRESENTATION (  '', ( #949 ), #1564 ) ;
#3779 = FACE_BOUND ( 'NONE', #793, .T. ) ;
#3780 = CARTESIAN_POINT ( 'NONE',  ( 6.119254731744816489, 58.00000000000003553, 28.99999999999972644 ) ) ;
#3781 = DIRECTION ( 'NONE',  ( -1.000000000000000000, 0.000000000000000000, 0.000000000000000000 ) ) ;
#3782 = CARTESIAN_POINT ( 'NONE',  ( 12.11925473174481915, -90.14213562373089417, -45.07106781186574551 ) ) ;
#3783 = CIRCLE ( 'NONE', #402, 1.600000000000000755 ) ;
#3784 = CARTESIAN_POINT ( 'NONE',  ( -3.002065611814829893, -3.350287950190303453E-15, 41.99999999999972999 ) ) ;
#3785 = CARTESIAN_POINT ( 'NONE',  ( -1.209172393001375578, 74.00000000000004263, -37.00000000000032685 ) ) ;
#3786 = FILL_AREA_STYLE ('',( #1208 ) ) ;
#3787 = CARTESIAN_POINT ( 'NONE',  ( 2.790827606998624866, -74.00000000000002842, -37.00000000000030553 ) ) ;
#3788 = MECHANICAL_DESIGN_GEOMETRIC_PRESENTATION_REPRESENTATION (  '', ( #328 ), #3234 ) ;
#3789 = ORIENTED_EDGE ( 'NONE', *, *, #3669, .T. ) ;
#3790 = CARTESIAN_POINT ( 'NONE',  ( 2.790827606998624866, 74.00000000000002842, -37.00000000000030553 ) ) ;
#3791 = CIRCLE ( 'NONE', #3709, 40.82842712474621294 ) ;
#3792 = CARTESIAN_POINT ( 'NONE',  ( -4.759424924695541570, -3.350287950190304636E-15, 39.17157287525352416 ) ) ;
#3793 = CARTESIAN_POINT ( 'NONE',  ( -12.88074526825518618, 106.1421356237309226, -53.07106781186575972 ) ) ;
#3794 = DIRECTION ( 'NONE',  ( 1.000000000000000000, 1.062203223428479013E-17, -0.000000000000000000 ) ) ;
#3795 = EDGE_CURVE ( 'NONE', #3860, #3407, #4436, .T. ) ;
#3796 = PRESENTATION_LAYER_ASSIGNMENT (  '', '', ( #2030 ) ) ;
#3797 = EDGE_LOOP ( 'NONE', ( #4230, #3006, #3683, #3075 ) ) ;
#3798 = CARTESIAN_POINT ( 'NONE',  ( -1.880745268255182845, -3.350287950190303453E-15, 36.99999999999971578 ) ) ;
#3799 =( NAMED_UNIT ( * ) PLANE_ANGLE_UNIT ( ) SI_UNIT ( $, .RADIAN. ) );
#3800 =( NAMED_UNIT ( * ) PLANE_ANGLE_UNIT ( ) SI_UNIT ( $, .RADIAN. ) );
#3801 = CARTESIAN_POINT ( 'NONE',  ( 4.826361512931361730, -8.502678205632331844E-16, -2.983724378680108202E-13 ) ) ;
#3802 = CARTESIAN_POINT ( 'NONE',  ( 2.583720825812073407, -76.00000000000001421, -38.00000000000031264 ) ) ;
#3803 = DIRECTION ( 'NONE',  ( 1.141265444721583234E-17, 1.000000000000000000, 0.000000000000000000 ) ) ;
#3804 = SURFACE_STYLE_USAGE ( .BOTH. , #803 ) ;
#3805 = CARTESIAN_POINT ( 'NONE',  ( 2.119254731744816045, 58.00000000000002842, -29.00000000000030909 ) ) ;
#3806 =( NAMED_UNIT ( * ) PLANE_ANGLE_UNIT ( ) SI_UNIT ( $, .RADIAN. ) );
#3807 = DIRECTION ( 'NONE',  ( -3.469446951953614189E-17, -1.000000000000000000, 0.000000000000000000 ) ) ;
#3808 = VERTEX_POINT ( 'NONE', #3146 ) ;
#3809 = CARTESIAN_POINT ( 'NONE',  ( 0.1192547317448160588, -1.329620731597170156E-15, -2.983724378680108202E-13 ) ) ;
#3810 = VERTEX_POINT ( 'NONE', #4691 ) ;
#3811 = SURFACE_STYLE_USAGE ( .BOTH. , #3101 ) ;
#3812 = STYLED_ITEM ( 'NONE', ( #827 ), #2803 ) ;
#3813 = EDGE_CURVE ( 'NONE', #4678, #1674, #1354, .T. ) ;
#3814 = CIRCLE ( 'NONE', #1749, 41.00000000000002132 ) ;
#3815 = ORIENTED_EDGE ( 'NONE', *, *, #4422, .T. ) ;
#3816 = CARTESIAN_POINT ( 'NONE',  ( 2.119254731744816045, 58.00000000000002842, 28.99999999999971223 ) ) ;
#3817 = CARTESIAN_POINT ( 'NONE',  ( -1.209172393001374690, -3.350287950190303453E-15, -45.00000000000031264 ) ) ;
#3818 = MECHANICAL_DESIGN_GEOMETRIC_PRESENTATION_REPRESENTATION (  '', ( #1677 ), #754 ) ;
#3819 = CARTESIAN_POINT ( 'NONE',  ( 16.61925473174482093, -3.350287950190303453E-15, -44.65685424949266746 ) ) ;
#3820 = EDGE_CURVE ( 'NONE', #810, #3638, #2421, .T. ) ;
#3821 = CARTESIAN_POINT ( 'NONE',  ( -11.34521136232246441, 84.00000000000004263, 41.99999999999972289 ) ) ;
#3822 = CARTESIAN_POINT ( 'NONE',  ( 10.58372082581209739, -3.350287950190303847E-15, -50.00000000000031974 ) ) ;
#3823 = CARTESIAN_POINT ( 'NONE',  ( -14.29495883062828909, -5.187428551102149154E-16, -2.983724378680108202E-13 ) ) ;
#3824 = CARTESIAN_POINT ( 'NONE',  ( 2.583720825812073407, 76.00000000000001421, -38.00000000000031264 ) ) ;
#3825 = FACE_OUTER_BOUND ( 'NONE', #1131, .T. ) ;
#3826 = CIRCLE ( 'NONE', #840, 1.600000000000000533 ) ;
#3827 = CARTESIAN_POINT ( 'NONE',  ( 14.11925473174482093, -3.350287950190303453E-15, 47.96649831220356219 ) ) ;
#3828 = EDGE_CURVE ( 'NONE', #4437, #2736, #528, .T. ) ;
#3829 = FACE_BOUND ( 'NONE', #3290, .T. ) ;
#3830 = COLOUR_RGB ( '',0.7529411764705882248, 0.7529411764705882248, 0.7529411764705882248 ) ;
#3831 = DIRECTION ( 'NONE',  ( -1.000000000000000000, -1.767562387910120450E-17, -2.499421436123621429E-33 ) ) ;
#3832 = CARTESIAN_POINT ( 'NONE',  ( 16.11925473174482093, 106.1421356237308942, -53.07106781186574551 ) ) ;
#3833 = CARTESIAN_POINT ( 'NONE',  ( -3.002065611814829893, -3.350287950190303453E-15, -34.00000000000031974 ) ) ;
#3834 = CARTESIAN_POINT ( 'NONE',  ( -1.209172393001374690, -3.350287950190303453E-15, -37.00000000000029843 ) ) ;
#3835 = FACE_OUTER_BOUND ( 'NONE', #1626, .T. ) ;
#3836 = UNCERTAINTY_MEASURE_WITH_UNIT (LENGTH_MEASURE( 1.000000000000000082E-05 ), #781, 'distance_accuracy_value', 'NONE');
#3837 =( GEOMETRIC_REPRESENTATION_CONTEXT ( 3 ) GLOBAL_UNCERTAINTY_ASSIGNED_CONTEXT ( ( #3096 ) ) GLOBAL_UNIT_ASSIGNED_CONTEXT ( ( #796, #32, #423 ) ) REPRESENTATION_CONTEXT ( 'NONE', 'WORKASPACE' ) );
#3838 = CIRCLE ( 'NONE', #4873, 37.00000000000001421 ) ;
#3839 = ORIENTED_EDGE ( 'NONE', *, *, #356, .T. ) ;
#3840 = SURFACE_STYLE_FILL_AREA ( #88 ) ;
#3841 = EDGE_LOOP ( 'NONE', ( #1084, #1535, #4641, #4205, #1443, #4609 ) ) ;
#3842 = CARTESIAN_POINT ( 'NONE',  ( 10.58372082581209739, -3.350287950190303847E-15, 41.99999999999972289 ) ) ;
#3843 = AXIS2_PLACEMENT_3D ( 'NONE', #227, #4771, #1395 ) ;
#3844 = CARTESIAN_POINT ( 'NONE',  ( 6.119254731744815601, -3.350287950190303453E-15, -29.00000000000030909 ) ) ;
#3845 =( NAMED_UNIT ( * ) SI_UNIT ( $, .STERADIAN. ) SOLID_ANGLE_UNIT ( ) );
#3846 = ORIENTED_EDGE ( 'NONE', *, *, #3689, .F. ) ;
#3847 = CARTESIAN_POINT ( 'NONE',  ( 6.583720825812095612, -3.350287950190303453E-15, 41.99999999999972999 ) ) ;
#3848 = SURFACE_STYLE_FILL_AREA ( #2381 ) ;
#3849 = COLOUR_RGB ( '',0.7529411764705882248, 0.7529411764705882248, 0.7529411764705882248 ) ;
#3850 = CARTESIAN_POINT ( 'NONE',  ( 2.583720825812073407, -3.350287950190303847E-15, -38.00000000000031264 ) ) ;
#3851 =( NAMED_UNIT ( * ) PLANE_ANGLE_UNIT ( ) SI_UNIT ( $, .RADIAN. ) );
#3852 = VECTOR ( 'NONE', #3978, 1000.000000000000000 ) ;
#3853 = EDGE_CURVE ( 'NONE', #1024, #2655, #798, .T. ) ;
#3854 = CARTESIAN_POINT ( 'NONE',  ( 2.790827606998624866, -74.00000000000002842, -37.00000000000030553 ) ) ;
#3855 = FACE_OUTER_BOUND ( 'NONE', #3609, .T. ) ;
#3856 = DIRECTION ( 'NONE',  ( 0.000000000000000000, 0.000000000000000000, -1.000000000000000000 ) ) ;
#3857 = CARTESIAN_POINT ( 'NONE',  ( -11.00206561181482989, -68.00000000000005684, -34.00000000000032685 ) ) ;
#3858 = EDGE_CURVE ( 'NONE', #4431, #3128, #3473, .T. ) ;
#3859 = MECHANICAL_DESIGN_GEOMETRIC_PRESENTATION_REPRESENTATION (  '', ( #1483 ), #3695 ) ;
#3860 = VERTEX_POINT ( 'NONE', #1602 ) ;
#3861 = EDGE_LOOP ( 'NONE', ( #1560, #1778, #2504, #2344, #2263 ) ) ;
#3862 = CARTESIAN_POINT ( 'NONE',  ( 8.619254731744819154, -3.350287950190303453E-15, 44.65685424949207771 ) ) ;
#3863 = CYLINDRICAL_SURFACE ( 'NONE', #368, 42.00000000000002132 ) ;
#3864 = PRESENTATION_LAYER_ASSIGNMENT (  '', '', ( #1105 ) ) ;
#3865 = CARTESIAN_POINT ( 'NONE',  ( 10.58372082581209739, -3.350287950190303847E-15, -42.00000000000031974 ) ) ;
#3866 = FILL_AREA_STYLE ('',( #4236 ) ) ;
#3867 = STYLED_ITEM ( 'NONE', ( #4874 ), #4579 ) ;
#3868 = VECTOR ( 'NONE', #265, 1000.000000000000000 ) ;
#3869 = SURFACE_STYLE_USAGE ( .BOTH. , #935 ) ;
#3870 = AXIS2_PLACEMENT_3D ( 'NONE', #2367, #1692, #547 ) ;
#3871 = COLOUR_RGB ( '',0.7529411764705882248, 0.7529411764705882248, 0.7529411764705882248 ) ;
#3872 = ORIENTED_EDGE ( 'NONE', *, *, #2454, .F. ) ;
#3873 =( BOUNDED_SURFACE ( )  B_SPLINE_SURFACE ( 3, 3, ( 
 ( #1257, #2757, #4277, #3209, #967, #232, #2078 ),
 ( #3954, #591, #2157, #4759, #1341, #4444, #3277 ),
 ( #2911, #4052, #3186, #2846, #3670, #945, #1660 ),
 ( #568, #2050, #993, #4710, #4733, #1713, #3232 ),
 ( #4377, #1360, #1037, #3600, #2864, #2887, #4419 ),
 ( #1320, #1761, #619, #4398, #2130, #2824, #2492 ),
 ( #4000, #2103, #2544, #280, #3624, #3254, #3575 ) ),
 .UNSPECIFIED., .T., .T., .F. ) 
 B_SPLINE_SURFACE_WITH_KNOTS ( ( 4, 3, 4 ),
 ( 4, 3, 4 ),
 ( 0.000000000000000000, 0.5000000000000000000, 1.000000000000000000 ),
 ( 0.000000000000000000, 0.5000000000000000000, 1.000000000000000000 ),
 .UNSPECIFIED. ) 
 GEOMETRIC_REPRESENTATION_ITEM ( )  RATIONAL_B_SPLINE_SURFACE ( (
 ( 1.000000000000000000, 0.3333333333333333148, 0.3333333333333333148, 1.000000000000000000, 0.3333333333333333148, 0.3333333333333333148, 1.000000000000000000),
 ( 0.3333333333333333703, 0.1111111111111111188, 0.1111111111111111188, 0.3333333333333333703, 0.1111111111111111188, 0.1111111111111111188, 0.3333333333333333703),
 ( 0.3333333333333333703, 0.1111111111111111188, 0.1111111111111111188, 0.3333333333333333703, 0.1111111111111111188, 0.1111111111111111188, 0.3333333333333333703),
 ( 1.000000000000000000, 0.3333333333333333148, 0.3333333333333333148, 1.000000000000000000, 0.3333333333333333148, 0.3333333333333333148, 1.000000000000000000),
 ( 0.3333333333333333703, 0.1111111111111111188, 0.1111111111111111188, 0.3333333333333333703, 0.1111111111111111188, 0.1111111111111111188, 0.3333333333333333703),
 ( 0.3333333333333333703, 0.1111111111111111188, 0.1111111111111111188, 0.3333333333333333703, 0.1111111111111111188, 0.1111111111111111188, 0.3333333333333333703),
 ( 1.000000000000000000, 0.3333333333333333148, 0.3333333333333333148, 1.000000000000000000, 0.3333333333333333148, 0.3333333333333333148, 1.000000000000000000) ) ) 
 REPRESENTATION_ITEM ( '' )  SURFACE ( )  );
#3874 = CARTESIAN_POINT ( 'NONE',  ( 14.58372082581209916, -3.350287950190303453E-15, -42.00000000000032685 ) ) ;
#3875 = CARTESIAN_POINT ( 'NONE',  ( -0.8807452682551838441, 8.034441853748909068, 23.12746942367360958 ) ) ;
#3876 = DIRECTION ( 'NONE',  ( -4.018207724303600111E-17, 1.000000000000000000, 0.000000000000000000 ) ) ;
#3877 =( NAMED_UNIT ( * ) SI_UNIT ( $, .STERADIAN. ) SOLID_ANGLE_UNIT ( ) );
#3878 = EDGE_CURVE ( 'NONE', #4019, #378, #4516, .T. ) ;
#3879 =( NAMED_UNIT ( * ) PLANE_ANGLE_UNIT ( ) SI_UNIT ( $, .RADIAN. ) );
#3880 = FILL_AREA_STYLE_COLOUR ( '', #1487 ) ;
#3881 = CARTESIAN_POINT ( 'NONE',  ( -6.002065611814822788, -3.350287950190304636E-15, -41.65685424949268878 ) ) ;
#3882 = UNCERTAINTY_MEASURE_WITH_UNIT (LENGTH_MEASURE( 1.000000000000000082E-05 ), #3753, 'distance_accuracy_value', 'NONE');
#3883 = ADVANCED_FACE ( 'NONE', ( #2212 ), #1457, .F. ) ;
#3884 = EDGE_LOOP ( 'NONE', ( #1600, #2283, #1369, #2037 ) ) ;
#3885 = PRESENTATION_STYLE_ASSIGNMENT (( #2294 ) ) ;
#3886 = CARTESIAN_POINT ( 'NONE',  ( -0.8807452682551838441, -8.034441853748745643, -24.72746942367426115 ) ) ;
#3887 = DIRECTION ( 'NONE',  ( 0.000000000000000000, 1.000000000000000000, 0.000000000000000000 ) ) ;
#3888 = CARTESIAN_POINT ( 'NONE',  ( 12.11925473174482093, -3.350287950190303847E-15, -53.07106781186574551 ) ) ;
#3889 = EDGE_CURVE ( 'NONE', #293, #2356, #4518, .T. ) ;
#3890 = ORIENTED_EDGE ( 'NONE', *, *, #3631, .T. ) ;
#3891 =( LENGTH_UNIT ( ) NAMED_UNIT ( * ) SI_UNIT ( .MILLI., .METRE. ) );
#3892 = PRESENTATION_LAYER_ASSIGNMENT (  '', '', ( #501 ) ) ;
#3893 = CARTESIAN_POINT ( 'NONE',  ( -7.002065611814829893, -7.785296719808605099E-16, -2.983724378680108202E-13 ) ) ;
#3894 = ORIENTED_EDGE ( 'NONE', *, *, #417, .F. ) ;
#3895 = UNCERTAINTY_MEASURE_WITH_UNIT (LENGTH_MEASURE( 1.000000000000000082E-05 ), #1104, 'distance_accuracy_value', 'NONE');
#3896 = MECHANICAL_DESIGN_GEOMETRIC_PRESENTATION_REPRESENTATION (  '', ( #133 ), #1442 ) ;
#3897 = ORIENTED_EDGE ( 'NONE', *, *, #823, .T. ) ;
#3898 = CARTESIAN_POINT ( 'NONE',  ( 14.58372082581209916, -84.00000000000004263, 41.99999999999973710 ) ) ;
#3899 = DIRECTION ( 'NONE',  ( 3.469446951953614189E-17, -1.000000000000000000, 0.000000000000000000 ) ) ;
#3900 = STYLED_ITEM ( 'NONE', ( #163 ), #3129 ) ;
#3901 = DIRECTION ( 'NONE',  ( 0.000000000000000000, 0.000000000000000000, -1.000000000000000000 ) ) ;
#3902 =( BOUNDED_CURVE ( )  B_SPLINE_CURVE ( 3, ( #2708, #4584, #4233, #415 ),
 .UNSPECIFIED., .F., .F. ) 
 B_SPLINE_CURVE_WITH_KNOTS ( ( 4, 4 ),
 ( 0.000000000000000000, 0.1464466094067261859 ),
 .UNSPECIFIED. ) 
 CURVE ( )  GEOMETRIC_REPRESENTATION_ITEM ( )  RATIONAL_B_SPLINE_CURVE ( ( 1.000000000000000000, 0.8047378541243651595, 0.6666666666666668517, 0.5857864376269051876 ) ) 
 REPRESENTATION_ITEM ( '' )  );
#3903 =( LENGTH_UNIT ( ) NAMED_UNIT ( * ) SI_UNIT ( .MILLI., .METRE. ) );
#3904 = STYLED_ITEM ( 'NONE', ( #2286 ), #2236 ) ;
#3905 = SURFACE_STYLE_FILL_AREA ( #1230 ) ;
#3906 = CARTESIAN_POINT ( 'NONE',  ( 10.58372082581209384, 84.00000000000004263, 41.99999999999972289 ) ) ;
#3907 = DIRECTION ( 'NONE',  ( 1.000000000000000000, -2.053413205464970140E-19, -0.000000000000000000 ) ) ;
#3908 = CARTESIAN_POINT ( 'NONE',  ( -5.587852049441731417, -3.350287950190305031E-15, -40.82842712474651137 ) ) ;
#3909 = EDGE_CURVE ( 'NONE', #378, #4162, #1679, .T. ) ;
#3910 =( GEOMETRIC_REPRESENTATION_CONTEXT ( 3 ) GLOBAL_UNCERTAINTY_ASSIGNED_CONTEXT ( ( #385 ) ) GLOBAL_UNIT_ASSIGNED_CONTEXT ( ( #2176, #3317, #4020 ) ) REPRESENTATION_CONTEXT ( 'NONE', 'WORKASPACE' ) );
#3911 = ORIENTED_EDGE ( 'NONE', *, *, #1892, .T. ) ;
#3912 =( LENGTH_UNIT ( ) NAMED_UNIT ( * ) SI_UNIT ( .MILLI., .METRE. ) );
#3913 = SURFACE_STYLE_FILL_AREA ( #1985 ) ;
#3914 = CARTESIAN_POINT ( 'NONE',  ( 3.276108981237194406, -3.350287950190303847E-15, -37.00000000000031264 ) ) ;
#3915 = COLOUR_RGB ( '',0.7529411764705882248, 0.7529411764705882248, 0.7529411764705882248 ) ;
#3916 = CARTESIAN_POINT ( 'NONE',  ( 8.119254731744820930, -3.350287950190303453E-15, 45.07106781186515576 ) ) ;
#3917 = EDGE_CURVE ( 'NONE', #223, #3638, #2192, .T. ) ;
#3918 =( GEOMETRIC_REPRESENTATION_CONTEXT ( 3 ) GLOBAL_UNCERTAINTY_ASSIGNED_CONTEXT ( ( #4306 ) ) GLOBAL_UNIT_ASSIGNED_CONTEXT ( ( #3662, #2558, #3757 ) ) REPRESENTATION_CONTEXT ( 'NONE', 'WORKASPACE' ) );
#3919 = ORIENTED_EDGE ( 'NONE', *, *, #2863, .T. ) ;
#3920 = CARTESIAN_POINT ( 'NONE',  ( 16.61925473174482093, -89.31370849898476649, 44.65685424949209903 ) ) ;
#3921 = CARTESIAN_POINT ( 'NONE',  ( 11.58372082581210094, -3.350287950190304636E-15, 42.34314575050734675 ) ) ;
#3922 = AXIS2_PLACEMENT_3D ( 'NONE', #4179, #1882, #52 ) ;
#3923 = VERTEX_POINT ( 'NONE', #4427 ) ;
#3924 = CARTESIAN_POINT ( 'NONE',  ( -1.880745268255183289, -3.350287950190303453E-15, 28.99999999999971934 ) ) ;
#3925 = DIRECTION ( 'NONE',  ( 1.000000000000000000, -1.875675188744150862E-17, -5.629051861872647572E-33 ) ) ;
#3926 = CARTESIAN_POINT ( 'NONE',  ( -0.8807452682551838441, -21.03444185374872433, -15.28241655960448142 ) ) ;
#3927 =( NAMED_UNIT ( * ) PLANE_ANGLE_UNIT ( ) SI_UNIT ( $, .RADIAN. ) );
#3928 = SURFACE_STYLE_USAGE ( .BOTH. , #3975 ) ;
#3929 = DIRECTION ( 'NONE',  ( 0.000000000000000000, 0.000000000000000000, -1.000000000000000000 ) ) ;
#3930 = AXIS2_PLACEMENT_3D ( 'NONE', #4727, #3590, #4017 ) ;
#3931 = DIRECTION ( 'NONE',  ( 0.000000000000000000, 0.000000000000000000, -1.000000000000000000 ) ) ;
#3932 =( LENGTH_UNIT ( ) NAMED_UNIT ( * ) SI_UNIT ( .MILLI., .METRE. ) );
#3933 = CARTESIAN_POINT ( 'NONE',  ( -0.3807452682551843992, 3.446501785077507919E-15, -37.00000000000031264 ) ) ;
#3934 = CARTESIAN_POINT ( 'NONE',  ( -7.002065611814829893, 4.364986884438026264E-15, -42.00000000000031974 ) ) ;
#3935 =( BOUNDED_SURFACE ( )  B_SPLINE_SURFACE ( 3, 3, ( 
 ( #1296, #2840, #3227, #4347, #3952, #4321, #614 ),
 ( #2794, #4756, #2410, #4703, #940, #3570, #539 ),
 ( #3995, #2435, #2860, #3180, #4393, #3548, #2485 ),
 ( #2099, #4049, #4022, #1444, #1008, #2906, #4440 ),
 ( #2882, #2950, #4842, #1423, #3318, #4071, #2540 ),
 ( #1755, #697, #1058, #4415, #2125, #3273, #4822 ),
 ( #4798, #4486, #1378, #3666, #1086, #2588, #4096 ) ),
 .UNSPECIFIED., .T., .T., .F. ) 
 B_SPLINE_SURFACE_WITH_KNOTS ( ( 4, 3, 4 ),
 ( 4, 3, 4 ),
 ( 0.000000000000000000, 0.5000000000000000000, 1.000000000000000000 ),
 ( 0.000000000000000000, 0.5000000000000000000, 1.000000000000000000 ),
 .UNSPECIFIED. ) 
 GEOMETRIC_REPRESENTATION_ITEM ( )  RATIONAL_B_SPLINE_SURFACE ( (
 ( 1.000000000000000000, 0.3333333333333333148, 0.3333333333333333148, 1.000000000000000000, 0.3333333333333333148, 0.3333333333333333148, 1.000000000000000000),
 ( 0.3333333333333333703, 0.1111111111111111188, 0.1111111111111111188, 0.3333333333333333703, 0.1111111111111111188, 0.1111111111111111188, 0.3333333333333333703),
 ( 0.3333333333333333703, 0.1111111111111111188, 0.1111111111111111188, 0.3333333333333333703, 0.1111111111111111188, 0.1111111111111111188, 0.3333333333333333703),
 ( 1.000000000000000000, 0.3333333333333333148, 0.3333333333333333148, 1.000000000000000000, 0.3333333333333333148, 0.3333333333333333148, 1.000000000000000000),
 ( 0.3333333333333333703, 0.1111111111111111188, 0.1111111111111111188, 0.3333333333333333703, 0.1111111111111111188, 0.1111111111111111188, 0.3333333333333333703),
 ( 0.3333333333333333703, 0.1111111111111111188, 0.1111111111111111188, 0.3333333333333333703, 0.1111111111111111188, 0.1111111111111111188, 0.3333333333333333703),
 ( 1.000000000000000000, 0.3333333333333333148, 0.3333333333333333148, 1.000000000000000000, 0.3333333333333333148, 0.3333333333333333148, 1.000000000000000000) ) ) 
 REPRESENTATION_ITEM ( '' )  SURFACE ( )  );
#3936 =( GEOMETRIC_REPRESENTATION_CONTEXT ( 3 ) GLOBAL_UNCERTAINTY_ASSIGNED_CONTEXT ( ( #1829 ) ) GLOBAL_UNIT_ASSIGNED_CONTEXT ( ( #1139, #751, #2697 ) ) REPRESENTATION_CONTEXT ( 'NONE', 'WORKASPACE' ) );
#3937 = SURFACE_STYLE_FILL_AREA ( #4380 ) ;
#3938 = CARTESIAN_POINT ( 'NONE',  ( -14.29495883062828909, -3.350287950190301481E-15, -46.24264068711956810 ) ) ;
#3939 = CARTESIAN_POINT ( 'NONE',  ( -0.3807452682551843992, 4.364986884438026264E-15, -42.00000000000031974 ) ) ;
#3940 = DIRECTION ( 'NONE',  ( 1.355252715606880350E-18, -1.000000000000000000, 0.000000000000000000 ) ) ;
#3941 = CARTESIAN_POINT ( 'NONE',  ( 12.11925473174481915, -90.14213562373089417, -45.07106781186574551 ) ) ;
#3942 = AXIS2_PLACEMENT_3D ( 'NONE', #973, #4741, #3940 ) ;
#3943 = EDGE_LOOP ( 'NONE', ( #2900, #1726 ) ) ;
#3944 = ADVANCED_FACE ( 'NONE', ( #4038, #3282 ), #1770, .F. ) ;
#3945 = CARTESIAN_POINT ( 'NONE',  ( 3.997934388185172327, -3.350287950190304242E-15, 39.17157287525352416 ) ) ;
#3946 =( LENGTH_UNIT ( ) NAMED_UNIT ( * ) SI_UNIT ( .MILLI., .METRE. ) );
#3947 = PRODUCT_DEFINITION_CONTEXT ( 'detailed design', #2537, 'design' ) ;
#3948 = EDGE_LOOP ( 'NONE', ( #4476, #1392, #1604, #4583, #1897, #1585 ) ) ;
#3949 = CIRCLE ( 'NONE', #2364, 1.600000000000000755 ) ;
#3950 = CARTESIAN_POINT ( 'NONE',  ( 2.119254731744816045, -58.00000000000002842, -29.00000000000030909 ) ) ;
#3951 = AXIS2_PLACEMENT_3D ( 'NONE', #685, #4552, #1464 ) ;
#3952 = CARTESIAN_POINT ( 'NONE',  ( 2.583720825812073407, -76.00000000000001421, -38.00000000000031264 ) ) ;
#3953 = DIRECTION ( 'NONE',  ( 0.000000000000000000, 0.000000000000000000, 1.000000000000000000 ) ) ;
#3954 = CARTESIAN_POINT ( 'NONE',  ( 10.24057507530445932, -3.350287950190303453E-15, -34.00000000000031974 ) ) ;
#3955 =( NAMED_UNIT ( * ) PLANE_ANGLE_UNIT ( ) SI_UNIT ( $, .RADIAN. ) );
#3956 = DIRECTION ( 'NONE',  ( -1.000000000000000000, 1.057758217059028269E-17, 0.000000000000000000 ) ) ;
#3957 = CARTESIAN_POINT ( 'NONE',  ( -4.380745268255186176, -1.084691371767699662E-15, 36.99999999999971578 ) ) ;
#3958 = CARTESIAN_POINT ( 'NONE',  ( 10.24057507530446642, -84.00000000000004263, -42.00000000000031974 ) ) ;
#3959 = DIRECTION ( 'NONE',  ( -1.000000000000000000, 0.000000000000000000, 0.000000000000000000 ) ) ;
#3960 = CARTESIAN_POINT ( 'NONE',  ( -4.380745268255186176, -1.084691371767699662E-15, -2.983724378680108202E-13 ) ) ;
#3961 = CARTESIAN_POINT ( 'NONE',  ( 8.119254731744817377, 106.1421356237308942, 53.07106781186514866 ) ) ;
#3962 =( BOUNDED_SURFACE ( )  B_SPLINE_SURFACE ( 3, 3, ( 
 ( #21, #2653, #1935, #1509, #4180, #344, #1466 ),
 ( #2995, #3313, #2624, #1417, #3419, #3020, #4152 ),
 ( #714, #1818, #4457, #1103, #1129, #1081, #3335 ),
 ( #791, #2968, #3793, #1488, #1050, #3686, #318 ),
 ( #687, #365, #3762, #2172, #1798, #4836, #1438 ),
 ( #4533, #1863, #2607, #4090, #2943, #765, #4478 ),
 ( #2582, #3394, #2197, #2245, #4893, #4505, #3365 ) ),
 .UNSPECIFIED., .T., .T., .T. ) 
 B_SPLINE_SURFACE_WITH_KNOTS ( ( 4, 3, 4 ),
 ( 4, 3, 4 ),
 ( 0.000000000000000000, 0.5000000000000000000, 1.000000000000000000 ),
 ( 0.000000000000000000, 0.5000000000000000000, 1.000000000000000000 ),
 .UNSPECIFIED. ) 
 GEOMETRIC_REPRESENTATION_ITEM ( )  RATIONAL_B_SPLINE_SURFACE ( (
 ( 1.000000000000000000, 0.3333333333333333148, 0.3333333333333333148, 1.000000000000000000, 0.3333333333333333148, 0.3333333333333333148, 1.000000000000000000),
 ( 0.3333333333333333703, 0.1111111111111111188, 0.1111111111111111188, 0.3333333333333333703, 0.1111111111111111188, 0.1111111111111111188, 0.3333333333333333703),
 ( 0.3333333333333333703, 0.1111111111111111188, 0.1111111111111111188, 0.3333333333333333703, 0.1111111111111111188, 0.1111111111111111188, 0.3333333333333333703),
 ( 1.000000000000000000, 0.3333333333333333148, 0.3333333333333333148, 1.000000000000000000, 0.3333333333333333148, 0.3333333333333333148, 1.000000000000000000),
 ( 0.3333333333333333703, 0.1111111111111111188, 0.1111111111111111188, 0.3333333333333333703, 0.1111111111111111188, 0.1111111111111111188, 0.3333333333333333703),
 ( 0.3333333333333333703, 0.1111111111111111188, 0.1111111111111111188, 0.3333333333333333703, 0.1111111111111111188, 0.1111111111111111188, 0.3333333333333333703),
 ( 1.000000000000000000, 0.3333333333333333148, 0.3333333333333333148, 1.000000000000000000, 0.3333333333333333148, 0.3333333333333333148, 1.000000000000000000) ) ) 
 REPRESENTATION_ITEM ( '' )  SURFACE ( )  );
#3963 = ORIENTED_EDGE ( 'NONE', *, *, #4513, .T. ) ;
#3964 = CARTESIAN_POINT ( 'NONE',  ( -7.002065611814828117, 68.00000000000005684, 33.99999999999972289 ) ) ;
#3965 = CARTESIAN_POINT ( 'NONE',  ( 12.61925473174481560, -105.3137084989847381, 52.65685424949207061 ) ) ;
#3966 = FILL_AREA_STYLE_COLOUR ( '', #1946 ) ;
#3967 = SURFACE_SIDE_STYLE ('',( #2459 ) ) ;
#3968 = ADVANCED_FACE ( 'NONE', ( #2549 ), #4037, .F. ) ;
#3969 = CIRCLE ( 'NONE', #47, 46.24264068711926967 ) ;
#3970 = ORIENTED_EDGE ( 'NONE', *, *, #2831, .F. ) ;
#3971 = CARTESIAN_POINT ( 'NONE',  ( 14.61925473174482093, -3.350287950190304242E-15, -47.55228474983108811 ) ) ;
#3972 = SURFACE_SIDE_STYLE ('',( #3597 ) ) ;
#3973 = STYLED_ITEM ( 'NONE', ( #3453 ), #3028 ) ;
#3974 = ADVANCED_FACE ( 'NONE', ( #3166 ), #632, .F. ) ;
#3975 = SURFACE_SIDE_STYLE ('',( #1318 ) ) ;
#3976 =( NAMED_UNIT ( * ) SI_UNIT ( $, .STERADIAN. ) SOLID_ANGLE_UNIT ( ) );
#3977 = CARTESIAN_POINT ( 'NONE',  ( 0.1192547317448161698, 8.034441853748562679, -23.12746942367432013 ) ) ;
#3978 = DIRECTION ( 'NONE',  ( -1.000000000000000000, 0.000000000000000000, 0.000000000000000000 ) ) ;
#3979 = CARTESIAN_POINT ( 'NONE',  ( 0.1192547317448161698, 21.03444185374861419, -16.88241655960463206 ) ) ;
#3980 = CIRCLE ( 'NONE', #2153, 40.82842712474621294 ) ;
#3981 = FILL_AREA_STYLE_COLOUR ( '', #3198 ) ;
#3982 = CARTESIAN_POINT ( 'NONE',  ( 10.24057507530446642, 68.00000000000005684, -34.00000000000032685 ) ) ;
#3983 = CARTESIAN_POINT ( 'NONE',  ( 0.1192547317448161698, 21.03444185374883091, 15.28241655960373180 ) ) ;
#3984 = FILL_AREA_STYLE ('',( #1669 ) ) ;
#3985 = MECHANICAL_DESIGN_GEOMETRIC_PRESENTATION_REPRESENTATION (  '', ( #3745 ), #3918 ) ;
#3986 = ORIENTED_EDGE ( 'NONE', *, *, #2361, .T. ) ;
#3987 = ORIENTED_EDGE ( 'NONE', *, *, #1301, .T. ) ;
#3988 = COLOUR_RGB ( '',0.7529411764705882248, 0.7529411764705882248, 0.7529411764705882248 ) ;
#3989 = CARTESIAN_POINT ( 'NONE',  ( -11.00206561181482989, -3.350287950190303453E-15, -34.00000000000031974 ) ) ;
#3990 = CARTESIAN_POINT ( 'NONE',  ( 8.619254731744820930, 105.3137084989847381, 52.65685424949207061 ) ) ;
#3991 = DIRECTION ( 'NONE',  ( 0.000000000000000000, 0.000000000000000000, -1.000000000000000000 ) ) ;
#3992 = MECHANICAL_DESIGN_GEOMETRIC_PRESENTATION_REPRESENTATION (  '', ( #1465 ), #1080 ) ;
#3993 = EDGE_LOOP ( 'NONE', ( #3664, #2965, #268, #2373 ) ) ;
#3994 = CIRCLE ( 'NONE', #4878, 38.17157287525382259 ) ;
#3995 = CARTESIAN_POINT ( 'NONE',  ( -1.416279174187925705, -3.350287950190303453E-15, 45.99999999999970157 ) ) ;
#3996 = DIRECTION ( 'NONE',  ( -0.4472135954999566509, -0.8944271909999165215, 0.000000000000000000 ) ) ;
#3997 = FACE_OUTER_BOUND ( 'NONE', #3841, .T. ) ;
#3998 = CARTESIAN_POINT ( 'NONE',  ( 0.1192547317448161698, 8.034441853748562679, -26.32746942367431942 ) ) ;
#3999 = CARTESIAN_POINT ( 'NONE',  ( -12.38074526825518795, -8.397620119382284784E-16, -2.983724378680108202E-13 ) ) ;
#4000 = CARTESIAN_POINT ( 'NONE',  ( 6.240575075304460206, -3.350287950190303847E-15, -34.00000000000031974 ) ) ;
#4001 = EDGE_CURVE ( 'NONE', #2398, #1238, #2355, .T. ) ;
#4002 = CARTESIAN_POINT ( 'NONE',  ( 10.58372082581209739, -3.350287950190303847E-15, -42.00000000000031974 ) ) ;
#4003 = DIRECTION ( 'NONE',  ( -1.000000000000000000, 0.000000000000000000, 0.000000000000000000 ) ) ;
#4004 = STYLED_ITEM ( 'NONE', ( #3223 ), #69 ) ;
#4005 = CARTESIAN_POINT ( 'NONE',  ( -12.88074526825518618, 90.14213562373090838, -45.07106781186576683 ) ) ;
#4006 = CARTESIAN_POINT ( 'NONE',  ( 2.240575075304460206, -3.350287950190303453E-15, -42.00000000000032685 ) ) ;
#4007 =( NAMED_UNIT ( * ) PLANE_ANGLE_UNIT ( ) SI_UNIT ( $, .RADIAN. ) );
#4008 =( LENGTH_UNIT ( ) NAMED_UNIT ( * ) SI_UNIT ( .MILLI., .METRE. ) );
#4009 = CARTESIAN_POINT ( 'NONE',  ( 0.6547886376775576833, -92.00000000000005684, 45.99999999999972289 ) ) ;
#4010 = DIRECTION ( 'NONE',  ( 0.000000000000000000, 0.000000000000000000, -1.000000000000000000 ) ) ;
#4011 = STYLED_ITEM ( 'NONE', ( #645 ), #4093 ) ;
#4012 = EDGE_LOOP ( 'NONE', ( #369, #635, #2297, #4509 ) ) ;
#4013 = CARTESIAN_POINT ( 'NONE',  ( -11.34521136232246441, -7.785296719808605099E-16, 41.99999999999972289 ) ) ;
#4014 = EDGE_LOOP ( 'NONE', ( #1219, #3097, #1356, #3334, #2148, #3839 ) ) ;
#4015 = CARTESIAN_POINT ( 'NONE',  ( 12.61925473174482093, -3.350287950190303847E-15, 44.65685424949207771 ) ) ;
#4016 = CARTESIAN_POINT ( 'NONE',  ( 0.6547886376775576833, -92.00000000000005684, 45.99999999999972289 ) ) ;
#4017 = DIRECTION ( 'NONE',  ( 0.000000000000000000, 0.000000000000000000, 1.000000000000000000 ) ) ;
#4018 = PRESENTATION_LAYER_ASSIGNMENT (  '', '', ( #477 ) ) ;
#4019 = VERTEX_POINT ( 'NONE', #3555 ) ;
#4020 =( NAMED_UNIT ( * ) SI_UNIT ( $, .STERADIAN. ) SOLID_ANGLE_UNIT ( ) );
#4021 = COLOUR_RGB ( '',0.7529411764705882248, 0.7529411764705882248, 0.7529411764705882248 ) ;
#4022 = CARTESIAN_POINT ( 'NONE',  ( 2.583720825812074295, 92.00000000000000000, -46.00000000000030553 ) ) ;
#4023 = CARTESIAN_POINT ( 'NONE',  ( 0.1192547317448161698, 21.03444185374883091, 15.28241655960373180 ) ) ;
#4024 = CIRCLE ( 'NONE', #1801, 1.600000000000000533 ) ;
#4025 = DIRECTION ( 'NONE',  ( 1.000000000000000000, 0.000000000000000000, 0.000000000000000000 ) ) ;
#4026 = MECHANICAL_DESIGN_GEOMETRIC_PRESENTATION_REPRESENTATION (  '', ( #1282 ), #642 ) ;
#4027 = SURFACE_STYLE_USAGE ( .BOTH. , #992 ) ;
#4028 = CARTESIAN_POINT ( 'NONE',  ( -14.29495883062828909, -5.187428551102149154E-16, -2.983724378680108202E-13 ) ) ;
#4029 = CARTESIAN_POINT ( 'NONE',  ( -6.380745268255187064, -3.350287950190303847E-15, -2.983724378680108202E-13 ) ) ;
#4030 = AXIS2_PLACEMENT_3D ( 'NONE', #777, #2338, #42 ) ;
#4031 = CARTESIAN_POINT ( 'NONE',  ( -7.345211362322466186, 84.00000000000004263, 41.99999999999973710 ) ) ;
#4032 = ADVANCED_FACE ( 'NONE', ( #2027 ), #2185, .F. ) ;
#4033 = CARTESIAN_POINT ( 'NONE',  ( -11.34521136232246441, -7.785296719808605099E-16, 41.99999999999972289 ) ) ;
#4034 = CARTESIAN_POINT ( 'NONE',  ( -16.88074526825518973, 106.1421356237309652, -53.07106781186576683 ) ) ;
#4035 = CARTESIAN_POINT ( 'NONE',  ( 10.24057507530445932, -3.350287950190303453E-15, -42.00000000000032685 ) ) ;
#4036 = PRESENTATION_STYLE_ASSIGNMENT (( #3677 ) ) ;
#4037 =( BOUNDED_SURFACE ( )  B_SPLINE_SURFACE ( 3, 3, ( 
 ( #2619, #4142, #3044, #854, #382, #3782, #409 ),
 ( #3383, #1880, #3093, #3411, #50, #3071, #4606 ),
 ( #4887, #3832, #4200, #1530, #2314, #3438, #4580 ),
 ( #1174, #806, #4629, #457, #1204, #2703, #757 ),
 ( #1481, #2984, #1933, #4227, #831, #3014, #2651 ),
 ( #4527, #3463, #107, #1231, #2239, #2730, #4254 ),
 ( #1856, #18, #1507, #4545, #1146, #4378, #4688 ) ),
 .UNSPECIFIED., .T., .T., .F. ) 
 B_SPLINE_SURFACE_WITH_KNOTS ( ( 4, 3, 4 ),
 ( 4, 3, 4 ),
 ( 0.000000000000000000, 0.5000000000000000000, 1.000000000000000000 ),
 ( 0.000000000000000000, 0.5000000000000000000, 1.000000000000000000 ),
 .UNSPECIFIED. ) 
 GEOMETRIC_REPRESENTATION_ITEM ( )  RATIONAL_B_SPLINE_SURFACE ( (
 ( 1.000000000000000000, 0.3333333333333333148, 0.3333333333333333148, 1.000000000000000000, 0.3333333333333333148, 0.3333333333333333148, 1.000000000000000000),
 ( 0.3333333333333333703, 0.1111111111111111188, 0.1111111111111111188, 0.3333333333333333703, 0.1111111111111111188, 0.1111111111111111188, 0.3333333333333333703),
 ( 0.3333333333333333703, 0.1111111111111111188, 0.1111111111111111188, 0.3333333333333333703, 0.1111111111111111188, 0.1111111111111111188, 0.3333333333333333703),
 ( 1.000000000000000000, 0.3333333333333333148, 0.3333333333333333148, 1.000000000000000000, 0.3333333333333333148, 0.3333333333333333148, 1.000000000000000000),
 ( 0.3333333333333333703, 0.1111111111111111188, 0.1111111111111111188, 0.3333333333333333703, 0.1111111111111111188, 0.1111111111111111188, 0.3333333333333333703),
 ( 0.3333333333333333703, 0.1111111111111111188, 0.1111111111111111188, 0.3333333333333333703, 0.1111111111111111188, 0.1111111111111111188, 0.3333333333333333703),
 ( 1.000000000000000000, 0.3333333333333333148, 0.3333333333333333148, 1.000000000000000000, 0.3333333333333333148, 0.3333333333333333148, 1.000000000000000000) ) ) 
 REPRESENTATION_ITEM ( '' )  SURFACE ( )  );
#4038 = FACE_BOUND ( 'NONE', #4181, .T. ) ;
#4039 = CARTESIAN_POINT ( 'NONE',  ( -3.345211362322441762, 76.00000000000001421, -38.00000000000031264 ) ) ;
#4040 = DIRECTION ( 'NONE',  ( 0.000000000000000000, 1.000000000000000000, 0.000000000000000000 ) ) ;
#4041 = EDGE_CURVE ( 'NONE', #2009, #2859, #4781, .T. ) ;
#4042 = EDGE_LOOP ( 'NONE', ( #3963, #4432, #1468, #71, #4747, #1210 ) ) ;
#4043 = ORIENTED_EDGE ( 'NONE', *, *, #479, .F. ) ;
#4044 = CARTESIAN_POINT ( 'NONE',  ( -3.002065611814829893, -3.350287950190303453E-15, 41.99999999999972999 ) ) ;
#4045 = DIRECTION ( 'NONE',  ( -1.000000000000000000, 0.000000000000000000, 0.000000000000000000 ) ) ;
#4046 = EDGE_CURVE ( 'NONE', #1484, #2762, #3607, .T. ) ;
#4047 = ORIENTED_EDGE ( 'NONE', *, *, #270, .F. ) ;
#4048 = CARTESIAN_POINT ( 'NONE',  ( 14.40286635663604287, -3.350287950190303847E-15, -46.56722324978273519 ) ) ;
#4049 = CARTESIAN_POINT ( 'NONE',  ( 2.583720825812074295, 92.00000000000000000, 45.99999999999970868 ) ) ;
#4050 = DIRECTION ( 'NONE',  ( 1.000000000000000000, 3.426320245621181559E-18, 2.489367373009484727E-18 ) ) ;
#4051 = CARTESIAN_POINT ( 'NONE',  ( -5.587852049441731417, -3.350287950190304242E-15, -40.82842712474651137 ) ) ;
#4052 = CARTESIAN_POINT ( 'NONE',  ( 10.24057507530446642, 84.00000000000004263, -42.00000000000031974 ) ) ;
#4053 = DIRECTION ( 'NONE',  ( -1.000000000000000000, 1.172110456741085920E-17, 0.000000000000000000 ) ) ;
#4054 = CARTESIAN_POINT ( 'NONE',  ( -7.345211362322466186, 84.00000000000004263, -42.00000000000031974 ) ) ;
#4055 = FACE_OUTER_BOUND ( 'NONE', #1775, .T. ) ;
#4056 = CARTESIAN_POINT ( 'NONE',  ( 10.58372082581209739, 4.364986884438026264E-15, -42.00000000000031974 ) ) ;
#4057 = CARTESIAN_POINT ( 'NONE',  ( -3.345211362322441762, -76.00000000000001421, -38.00000000000031264 ) ) ;
#4058 = AXIS2_PLACEMENT_3D ( 'NONE', #917, #3134, #1271 ) ;
#4059 =( GEOMETRIC_REPRESENTATION_CONTEXT ( 3 ) GLOBAL_UNCERTAINTY_ASSIGNED_CONTEXT ( ( #56 ) ) GLOBAL_UNIT_ASSIGNED_CONTEXT ( ( #2633, #3423, #4593 ) ) REPRESENTATION_CONTEXT ( 'NONE', 'WORKASPACE' ) );
#4060 = VERTEX_POINT ( 'NONE', #3322 ) ;
#4061 =( BOUNDED_SURFACE ( )  B_SPLINE_SURFACE ( 3, 3, ( 
 ( #1774, #3790, #3390, #4149, #362, #1077, #711 ),
 ( #3362, #2942, #3760, #4834, #1837, #1435, #2580 ),
 ( #2195, #386, #4062, #341, #2265, #2966, #4475 ),
 ( #24, #762, #3017, #4182, #3285, #4088, #4813 ),
 ( #1415, #1816, #2922, #3682, #4890, #315, #1512 ),
 ( #2243, #1152, #3333, #2659, #4455, #4503, #683 ),
 ( #2216, #1101, #2604, #1049, #1795, #4117, #789 ) ),
 .UNSPECIFIED., .T., .T., .T. ) 
 B_SPLINE_SURFACE_WITH_KNOTS ( ( 4, 3, 4 ),
 ( 4, 3, 4 ),
 ( 0.000000000000000000, 0.5000000000000000000, 1.000000000000000000 ),
 ( 0.000000000000000000, 0.5000000000000000000, 1.000000000000000000 ),
 .UNSPECIFIED. ) 
 GEOMETRIC_REPRESENTATION_ITEM ( )  RATIONAL_B_SPLINE_SURFACE ( (
 ( 1.000000000000000000, 0.3333333333333333148, 0.3333333333333333148, 1.000000000000000000, 0.3333333333333333148, 0.3333333333333333148, 1.000000000000000000),
 ( 0.3333333333333333703, 0.1111111111111111188, 0.1111111111111111188, 0.3333333333333333703, 0.1111111111111111188, 0.1111111111111111188, 0.3333333333333333703),
 ( 0.3333333333333333703, 0.1111111111111111188, 0.1111111111111111188, 0.3333333333333333703, 0.1111111111111111188, 0.1111111111111111188, 0.3333333333333333703),
 ( 1.000000000000000000, 0.3333333333333333148, 0.3333333333333333148, 1.000000000000000000, 0.3333333333333333148, 0.3333333333333333148, 1.000000000000000000),
 ( 0.3333333333333333703, 0.1111111111111111188, 0.1111111111111111188, 0.3333333333333333703, 0.1111111111111111188, 0.1111111111111111188, 0.3333333333333333703),
 ( 0.3333333333333333703, 0.1111111111111111188, 0.1111111111111111188, 0.3333333333333333703, 0.1111111111111111188, 0.1111111111111111188, 0.3333333333333333703),
 ( 1.000000000000000000, 0.3333333333333333148, 0.3333333333333333148, 1.000000000000000000, 0.3333333333333333148, 0.3333333333333333148, 1.000000000000000000) ) ) 
 REPRESENTATION_ITEM ( '' )  SURFACE ( )  );
#4062 = CARTESIAN_POINT ( 'NONE',  ( 6.790827606998623978, 90.00000000000005684, 44.99999999999972289 ) ) ;
#4063 = ORIENTED_EDGE ( 'NONE', *, *, #2262, .T. ) ;
#4064 = DIRECTION ( 'NONE',  ( -1.000000000000000000, 2.124406446856958027E-17, 0.000000000000000000 ) ) ;
#4065 = CARTESIAN_POINT ( 'NONE',  ( -11.00206561181482989, -84.00000000000004263, 41.99999999999973710 ) ) ;
#4066 = EDGE_CURVE ( 'NONE', #890, #1993, #468, .T. ) ;
#4067 = EDGE_LOOP ( 'NONE', ( #4154, #4575 ) ) ;
#4068 = PRESENTATION_LAYER_ASSIGNMENT (  '', '', ( #2647 ) ) ;
#4069 = ORIENTED_EDGE ( 'NONE', *, *, #1269, .F. ) ;
#4070 =( NAMED_UNIT ( * ) SI_UNIT ( $, .STERADIAN. ) SOLID_ANGLE_UNIT ( ) );
#4071 = CARTESIAN_POINT ( 'NONE',  ( 6.583720825812076960, -92.00000000000005684, 45.99999999999972289 ) ) ;
#4072 = DIRECTION ( 'NONE',  ( 0.000000000000000000, 1.000000000000000000, 0.000000000000000000 ) ) ;
#4073 = CONICAL_SURFACE ( 'NONE', #2077, 46.24264068711926257, 1.107148717794089965 ) ;
#4074 = SURFACE_STYLE_FILL_AREA ( #2127 ) ;
#4075 =( GEOMETRIC_REPRESENTATION_CONTEXT ( 3 ) GLOBAL_UNCERTAINTY_ASSIGNED_CONTEXT ( ( #877 ) ) GLOBAL_UNIT_ASSIGNED_CONTEXT ( ( #3672, #4133, #4882 ) ) REPRESENTATION_CONTEXT ( 'NONE', 'WORKASPACE' ) );
#4076 = FACE_OUTER_BOUND ( 'NONE', #4320, .T. ) ;
#4077 = DIRECTION ( 'NONE',  ( -1.000000000000000000, 1.057758217059028115E-17, 0.000000000000000000 ) ) ;
#4078 = AXIS2_PLACEMENT_3D ( 'NONE', #2015, #2481, #961 ) ;
#4079 = PRESENTATION_STYLE_ASSIGNMENT (( #2571 ) ) ;
#4080 = CARTESIAN_POINT ( 'NONE',  ( -7.345211362322466186, -3.350287950190303453E-15, -50.00000000000031974 ) ) ;
#4081 = UNCERTAINTY_MEASURE_WITH_UNIT (LENGTH_MEASURE( 1.000000000000000082E-05 ), #3157, 'distance_accuracy_value', 'NONE');
#4082 = CARTESIAN_POINT ( 'NONE',  ( -0.8807452682551838441, -26.00000000000000711, -2.953366717850514078E-13 ) ) ;
#4083 = FILL_AREA_STYLE_COLOUR ( '', #290 ) ;
#4084 =( LENGTH_UNIT ( ) NAMED_UNIT ( * ) SI_UNIT ( .MILLI., .METRE. ) );
#4085 = CARTESIAN_POINT ( 'NONE',  ( -3.345211362322441762, -3.350287950190303847E-15, -46.00000000000031264 ) ) ;
#4086 = VECTOR ( 'NONE', #1334, 1000.000000000000114 ) ;
#4087 = ORIENTED_EDGE ( 'NONE', *, *, #45, .F. ) ;
#4088 = CARTESIAN_POINT ( 'NONE',  ( 2.790827606998624866, -90.00000000000002842, -45.00000000000029843 ) ) ;
#4089 = COLOUR_RGB ( '',0.7529411764705882248, 0.7529411764705882248, 0.7529411764705882248 ) ;
#4090 = CARTESIAN_POINT ( 'NONE',  ( -8.880745268255189728, -3.350287950190303453E-15, -45.07106781186575972 ) ) ;
#4091 = CARTESIAN_POINT ( 'NONE',  ( -3.345211362322442650, -3.350287950190303847E-15, -38.00000000000031264 ) ) ;
#4092 =( BOUNDED_CURVE ( )  B_SPLINE_CURVE ( 3, ( #4680, #3921, #1333, #1649 ),
 .UNSPECIFIED., .F., .F. ) 
 B_SPLINE_CURVE_WITH_KNOTS ( ( 4, 4 ),
 ( 0.8535533905932737309, 1.000000000000000000 ),
 .UNSPECIFIED. ) 
 CURVE ( )  GEOMETRIC_REPRESENTATION_ITEM ( )  RATIONAL_B_SPLINE_CURVE ( ( 0.5857864376269048545, 0.6666666666666665186, 0.8047378541243649375, 1.000000000000000000 ) ) 
 REPRESENTATION_ITEM ( '' )  );
#4093 = ADVANCED_FACE ( 'NONE', ( #234 ), #2096, .F. ) ;
#4094 = ORIENTED_EDGE ( 'NONE', *, *, #4513, .F. ) ;
#4095 = SURFACE_STYLE_USAGE ( .BOTH. , #2610 ) ;
#4096 = CARTESIAN_POINT ( 'NONE',  ( 2.583720825812073407, -3.350287950190303847E-15, 37.99999999999971578 ) ) ;
#4097 = CIRCLE ( 'NONE', #623, 42.00000000000002132 ) ;
#4098 = CARTESIAN_POINT ( 'NONE',  ( -0.8807452682551838441, 26.00000000000000000, -2.953366717850514078E-13 ) ) ;
#4099 = CARTESIAN_POINT ( 'NONE',  ( -15.34521136232246796, -84.00000000000004263, -42.00000000000031974 ) ) ;
#4100 =( GEOMETRIC_REPRESENTATION_CONTEXT ( 3 ) GLOBAL_UNCERTAINTY_ASSIGNED_CONTEXT ( ( #536 ) ) GLOBAL_UNIT_ASSIGNED_CONTEXT ( ( #2895, #4787, #651 ) ) REPRESENTATION_CONTEXT ( 'NONE', 'WORKASPACE' ) );
#4101 = SURFACE_SIDE_STYLE ('',( #3376 ) ) ;
#4102 = DIRECTION ( 'NONE',  ( 1.000000000000000000, 1.032573497605241885E-17, -0.000000000000000000 ) ) ;
#4103 = CARTESIAN_POINT ( 'NONE',  ( -11.34521136232246441, -84.00000000000004263, 41.99999999999972289 ) ) ;
#4104 =( GEOMETRIC_REPRESENTATION_CONTEXT ( 3 ) GLOBAL_UNCERTAINTY_ASSIGNED_CONTEXT ( ( #4600 ) ) GLOBAL_UNIT_ASSIGNED_CONTEXT ( ( #1009, #3251, #2152 ) ) REPRESENTATION_CONTEXT ( 'NONE', 'WORKASPACE' ) );
#4105 = VECTOR ( 'NONE', #928, 1000.000000000000000 ) ;
#4106 = ADVANCED_FACE ( 'NONE', ( #3064, #2229 ), #1167, .F. ) ;
#4107 = DIRECTION ( 'NONE',  ( 0.000000000000000000, 0.000000000000000000, -1.000000000000000000 ) ) ;
#4108 = CARTESIAN_POINT ( 'NONE',  ( -8.880745268255186176, -106.1421356237309652, 53.07106781186519129 ) ) ;
#4109 = DIRECTION ( 'NONE',  ( 1.000000000000000000, 0.000000000000000000, 0.000000000000000000 ) ) ;
#4110 = PRESENTATION_STYLE_ASSIGNMENT (( #1855 ) ) ;
#4111 = SURFACE_STYLE_FILL_AREA ( #997 ) ;
#4112 = STYLED_ITEM ( 'NONE', ( #3183 ), #530 ) ;
#4113 = CARTESIAN_POINT ( 'NONE',  ( 6.790827606998623089, -3.350287950190303453E-15, -45.00000000000031264 ) ) ;
#4114 = CARTESIAN_POINT ( 'NONE',  ( 0.6547886376775575723, -3.350287950190303453E-15, 45.99999999999970157 ) ) ;
#4115 = CARTESIAN_POINT ( 'NONE',  ( 2.790827606998623978, -3.350287950190303847E-15, -37.00000000000031264 ) ) ;
#4116 = EDGE_LOOP ( 'NONE', ( #4291, #1903, #2449, #4047, #2554 ) ) ;
#4117 = CARTESIAN_POINT ( 'NONE',  ( 2.790827606998624866, -74.00000000000002842, -37.00000000000030553 ) ) ;
#4118 = ORIENTED_EDGE ( 'NONE', *, *, #4280, .T. ) ;
#4119 = FILL_AREA_STYLE_COLOUR ( '', #3871 ) ;
#4120 = DIRECTION ( 'NONE',  ( 0.4472135954999568175, 1.095357396528405988E-16, 0.8944271909999164105 ) ) ;
#4121 = CARTESIAN_POINT ( 'NONE',  ( -3.345211362322441762, 92.00000000000000000, -46.00000000000030553 ) ) ;
#4122 = VERTEX_POINT ( 'NONE', #1850 ) ;
#4123 = ORIENTED_EDGE ( 'NONE', *, *, #966, .T. ) ;
#4124 = CARTESIAN_POINT ( 'NONE',  ( 2.119254731744816045, -3.350287950190303847E-15, 28.99999999999971934 ) ) ;
#4125 = FACE_BOUND ( 'NONE', #3065, .T. ) ;
#4126 = CARTESIAN_POINT ( 'NONE',  ( -0.3807452682551843992, -8.397620119382280840E-16, -2.983724378680108202E-13 ) ) ;
#4127 = EDGE_CURVE ( 'NONE', #1132, #1852, #1478, .T. ) ;
#4128 = DIRECTION ( 'NONE',  ( 1.000000000000000000, 0.000000000000000000, 0.000000000000000000 ) ) ;
#4129 = ORIENTED_EDGE ( 'NONE', *, *, #3858, .F. ) ;
#4130 = CARTESIAN_POINT ( 'NONE',  ( -15.34521136232246441, -3.350287950190303453E-15, 41.99999999999972999 ) ) ;
#4131 = CYLINDRICAL_SURFACE ( 'NONE', #2221, 1.600000000000004086 ) ;
#4132 = CARTESIAN_POINT ( 'NONE',  ( -15.38074526825518618, 50.00000000000000000, -2.953596810412877845E-13 ) ) ;
#4133 =( NAMED_UNIT ( * ) PLANE_ANGLE_UNIT ( ) SI_UNIT ( $, .RADIAN. ) );
#4134 = LINE ( 'NONE', #2903, #4105 ) ;
#4135 =( NAMED_UNIT ( * ) PLANE_ANGLE_UNIT ( ) SI_UNIT ( $, .RADIAN. ) );
#4136 = CARTESIAN_POINT ( 'NONE',  ( -0.8807452682551838441, 21.03444185374861419, -16.88241655960463206 ) ) ;
#4137 = EDGE_CURVE ( 'NONE', #3144, #316, #4895, .T. ) ;
#4138 = PRESENTATION_STYLE_ASSIGNMENT (( #3804 ) ) ;
#4139 = MECHANICAL_DESIGN_GEOMETRIC_PRESENTATION_REPRESENTATION (  '', ( #4772 ), #271 ) ;
#4140 = SURFACE_STYLE_FILL_AREA ( #2162 ) ;
#4141 = FACE_OUTER_BOUND ( 'NONE', #3470, .T. ) ;
#4142 = CARTESIAN_POINT ( 'NONE',  ( 12.11925473174481915, 90.14213562373089417, -45.07106781186574551 ) ) ;
#4143 = CARTESIAN_POINT ( 'NONE',  ( -3.002065611814829893, -68.00000000000005684, -34.00000000000032685 ) ) ;
#4144 = PRESENTATION_STYLE_ASSIGNMENT (( #735 ) ) ;
#4145 = EDGE_CURVE ( 'NONE', #316, #387, #38, .T. ) ;
#4146 = FILL_AREA_STYLE_COLOUR ( '', #2073 ) ;
#4147 = UNCERTAINTY_MEASURE_WITH_UNIT (LENGTH_MEASURE( 1.000000000000000082E-05 ), #3312, 'distance_accuracy_value', 'NONE');
#4148 = ORIENTED_EDGE ( 'NONE', *, *, #4775, .F. ) ;
#4149 = CARTESIAN_POINT ( 'NONE',  ( 2.790827606998623978, -3.350287950190303847E-15, 36.99999999999971578 ) ) ;
#4150 = ORIENTED_EDGE ( 'NONE', *, *, #4303, .F. ) ;
#4151 = DIRECTION ( 'NONE',  ( -1.000000000000000000, 2.009103862151800363E-17, 0.000000000000000000 ) ) ;
#4152 = CARTESIAN_POINT ( 'NONE',  ( -16.88074526825518618, -3.350287950190303453E-15, 45.07106781186516287 ) ) ;
#4153 = AXIS2_PLACEMENT_3D ( 'NONE', #3545, #186, #2503 ) ;
#4154 = ORIENTED_EDGE ( 'NONE', *, *, #1930, .F. ) ;
#4155 = ORIENTED_EDGE ( 'NONE', *, *, #3400, .F. ) ;
#4156 = AXIS2_PLACEMENT_3D ( 'NONE', #239, #1698, #952 ) ;
#4157 =( LENGTH_UNIT ( ) NAMED_UNIT ( * ) SI_UNIT ( .MILLI., .METRE. ) );
#4158 = FILL_AREA_STYLE ('',( #1135 ) ) ;
#4159 = MECHANICAL_DESIGN_GEOMETRIC_PRESENTATION_REPRESENTATION (  '', ( #3430 ), #2156 ) ;
#4160 =( GEOMETRIC_REPRESENTATION_CONTEXT ( 3 ) GLOBAL_UNCERTAINTY_ASSIGNED_CONTEXT ( ( #483 ) ) GLOBAL_UNIT_ASSIGNED_CONTEXT ( ( #2881, #3665, #4070 ) ) REPRESENTATION_CONTEXT ( 'NONE', 'WORKASPACE' ) );
#4161 = CARTESIAN_POINT ( 'NONE',  ( 12.61925473174482093, -3.350287950190303847E-15, 52.65685424949207771 ) ) ;
#4162 = VERTEX_POINT ( 'NONE', #2308 ) ;
#4163 =( LENGTH_UNIT ( ) NAMED_UNIT ( * ) SI_UNIT ( .MILLI., .METRE. ) );
#4164 = PRESENTATION_STYLE_ASSIGNMENT (( #1501 ) ) ;
#4165 = STYLED_ITEM ( 'NONE', ( #2059 ), #2179 ) ;
#4166 = CARTESIAN_POINT ( 'NONE',  ( -1.416279174187925705, -3.350287950190303453E-15, 45.99999999999970157 ) ) ;
#4167 = CARTESIAN_POINT ( 'NONE',  ( -14.88074526825518618, -2.886709523219207062E-16, -2.983724378680108202E-13 ) ) ;
#4168 = SURFACE_STYLE_FILL_AREA ( #1523 ) ;
#4169 = DIRECTION ( 'NONE',  ( -1.000000000000000000, 5.860552283705429602E-18, 0.000000000000000000 ) ) ;
#4170 = AXIS2_PLACEMENT_3D ( 'NONE', #6, #555, #2852 ) ;
#4171 = CARTESIAN_POINT ( 'NONE',  ( 13.90286635663604464, -3.350287950190303847E-15, 46.98143681215521639 ) ) ;
#4172 = DIRECTION ( 'NONE',  ( -1.000000000000000000, 0.000000000000000000, 0.000000000000000000 ) ) ;
#4173 = EDGE_CURVE ( 'NONE', #4341, #3024, #3373, .T. ) ;
#4174 = DIRECTION ( 'NONE',  ( 1.000000000000000000, 0.000000000000000000, 0.000000000000000000 ) ) ;
#4175 = SURFACE_STYLE_USAGE ( .BOTH. , #755 ) ;
#4176 = MECHANICAL_DESIGN_GEOMETRIC_PRESENTATION_REPRESENTATION (  '', ( #1614 ), #4657 ) ;
#4177 = SURFACE_SIDE_STYLE ('',( #1123 ) ) ;
#4178 = CARTESIAN_POINT ( 'NONE',  ( -11.00206561181482989, 84.00000000000004263, 41.99999999999973710 ) ) ;
#4179 = CARTESIAN_POINT ( 'NONE',  ( -0.8807452682551838441, -21.03444185374850406, 15.28241655960419365 ) ) ;
#4180 = CARTESIAN_POINT ( 'NONE',  ( -12.88074526825518618, -90.14213562373090838, -45.07106781186576683 ) ) ;
#4181 = EDGE_LOOP ( 'NONE', ( #3226, #657 ) ) ;
#4182 = CARTESIAN_POINT ( 'NONE',  ( 2.790827606998623978, -3.350287950190303847E-15, 44.99999999999971578 ) ) ;
#4183 = VERTEX_POINT ( 'NONE', #4598 ) ;
#4184 = DIRECTION ( 'NONE',  ( -2.124406446856958027E-17, -1.000000000000000000, 0.000000000000000000 ) ) ;
#4185 = FACE_OUTER_BOUND ( 'NONE', #2658, .T. ) ;
#4186 = EDGE_LOOP ( 'NONE', ( #435, #2630, #4281, #3815 ) ) ;
#4187 = ORIENTED_EDGE ( 'NONE', *, *, #4611, .T. ) ;
#4188 = CARTESIAN_POINT ( 'NONE',  ( 2.119254731744816045, -3.350287950190303847E-15, 28.99999999999971934 ) ) ;
#4189 = SURFACE_STYLE_USAGE ( .BOTH. , #371 ) ;
#4190 =( GEOMETRIC_REPRESENTATION_CONTEXT ( 3 ) GLOBAL_UNCERTAINTY_ASSIGNED_CONTEXT ( ( #3381 ) ) GLOBAL_UNIT_ASSIGNED_CONTEXT ( ( #1763, #2104, #4849 ) ) REPRESENTATION_CONTEXT ( 'NONE', 'WORKASPACE' ) );
#4191 = ORIENTED_EDGE ( 'NONE', *, *, #749, .F. ) ;
#4192 = CARTESIAN_POINT ( 'NONE',  ( -7.345211362322466186, -3.350287950190303453E-15, 41.99999999999972999 ) ) ;
#4193 = CARTESIAN_POINT ( 'NONE',  ( 10.58372082581209739, -3.350287950190303847E-15, 49.99999999999972289 ) ) ;
#4194 = ORIENTED_EDGE ( 'NONE', *, *, #2430, .F. ) ;
#4195 = UNCERTAINTY_MEASURE_WITH_UNIT (LENGTH_MEASURE( 1.000000000000000082E-05 ), #2208, 'distance_accuracy_value', 'NONE');
#4196 =( GEOMETRIC_REPRESENTATION_CONTEXT ( 3 ) GLOBAL_UNCERTAINTY_ASSIGNED_CONTEXT ( ( #2404 ) ) GLOBAL_UNIT_ASSIGNED_CONTEXT ( ( #3763, #4357, #1644 ) ) REPRESENTATION_CONTEXT ( 'NONE', 'WORKASPACE' ) );
#4197 = CARTESIAN_POINT ( 'NONE',  ( -11.83049273656103217, -3.350287950190303453E-15, -42.00000000000031974 ) ) ;
#4198 = CARTESIAN_POINT ( 'NONE',  ( 2.119254731744816045, -3.350287950190303847E-15, -29.00000000000030909 ) ) ;
#4199 =( NAMED_UNIT ( * ) PLANE_ANGLE_UNIT ( ) SI_UNIT ( $, .RADIAN. ) );
#4200 = CARTESIAN_POINT ( 'NONE',  ( 16.11925473174482093, 106.1421356237308942, 53.07106781186514866 ) ) ;
#4201 = AXIS2_PLACEMENT_3D ( 'NONE', #698, #3206, #2861 ) ;
#4202 = CARTESIAN_POINT ( 'NONE',  ( -7.002065611814828117, -84.00000000000004263, -42.00000000000031974 ) ) ;
#4203 = CIRCLE ( 'NONE', #4823, 41.00000000000002842 ) ;
#4204 = ADVANCED_FACE ( 'NONE', ( #3825 ), #4354, .F. ) ;
#4205 = ORIENTED_EDGE ( 'NONE', *, *, #2489, .T. ) ;
#4206 = UNCERTAINTY_MEASURE_WITH_UNIT (LENGTH_MEASURE( 1.000000000000000082E-05 ), #797, 'distance_accuracy_value', 'NONE');
#4207 = CONICAL_SURFACE ( 'NONE', #3870, 40.82842712474621294, 1.107148717794090409 ) ;
#4208 = ORIENTED_EDGE ( 'NONE', *, *, #2366, .F. ) ;
#4209 = CARTESIAN_POINT ( 'NONE',  ( 13.53346829411791141, -3.350287950190303453E-15, -46.24264068711956099 ) ) ;
#4210 = MECHANICAL_DESIGN_GEOMETRIC_PRESENTATION_REPRESENTATION (  '', ( #4290 ), #2200 ) ;
#4211 = VERTEX_POINT ( 'NONE', #2047 ) ;
#4212 = SURFACE_STYLE_USAGE ( .BOTH. , #3125 ) ;
#4213 = PRESENTATION_STYLE_ASSIGNMENT (( #2296 ) ) ;
#4214 = EDGE_CURVE ( 'NONE', #3923, #694, #125, .T. ) ;
#4215 = EDGE_LOOP ( 'NONE', ( #2707, #1962 ) ) ;
#4216 = CARTESIAN_POINT ( 'NONE',  ( -1.880745268255182845, -3.350287950190303453E-15, -37.00000000000029843 ) ) ;
#4217 = FACE_OUTER_BOUND ( 'NONE', #1151, .T. ) ;
#4218 = EDGE_CURVE ( 'NONE', #1078, #2009, #3528, .T. ) ;
#4219 =( NAMED_UNIT ( * ) SI_UNIT ( $, .STERADIAN. ) SOLID_ANGLE_UNIT ( ) );
#4220 = CARTESIAN_POINT ( 'NONE',  ( 8.619254731744820930, 105.3137084989847381, 52.65685424949207061 ) ) ;
#4221 = CARTESIAN_POINT ( 'NONE',  ( -11.34521136232246441, -100.0000000000000284, 49.99999999999971578 ) ) ;
#4222 = CARTESIAN_POINT ( 'NONE',  ( -0.8807452682551834000, -2.125641151042950788E-15, -2.949029909160572061E-13 ) ) ;
#4223 = CARTESIAN_POINT ( 'NONE',  ( 6.583720825812076960, -76.00000000000002842, 37.99999999999971578 ) ) ;
#4224 = CARTESIAN_POINT ( 'NONE',  ( 2.790827606998623978, -3.350287950190303847E-15, -37.00000000000031264 ) ) ;
#4225 = FILL_AREA_STYLE ('',( #1201 ) ) ;
#4226 = CARTESIAN_POINT ( 'NONE',  ( 6.119254731744816489, -74.00000000000004263, -37.00000000000032685 ) ) ;
#4227 = CARTESIAN_POINT ( 'NONE',  ( 8.119254731744820930, -3.350287950190303453E-15, 53.07106781186515576 ) ) ;
#4228 = CARTESIAN_POINT ( 'NONE',  ( -7.002065611814829893, -3.350287950190303847E-15, -34.00000000000031974 ) ) ;
#4229 = DIRECTION ( 'NONE',  ( 0.000000000000000000, 0.000000000000000000, 1.000000000000000000 ) ) ;
#4230 = ORIENTED_EDGE ( 'NONE', *, *, #134, .F. ) ;
#4231 = PRESENTATION_LAYER_ASSIGNMENT (  '', '', ( #4772 ) ) ;
#4232 = ORIENTED_EDGE ( 'NONE', *, *, #157, .T. ) ;
#4233 = CARTESIAN_POINT ( 'NONE',  ( -4.345211362322442206, -3.350287950190304242E-15, -38.34314575050793650 ) ) ;
#4234 = ORIENTED_EDGE ( 'NONE', *, *, #1782, .T. ) ;
#4235 = ADVANCED_FACE ( 'NONE', ( #4249 ), #95, .F. ) ;
#4236 = FILL_AREA_STYLE_COLOUR ( '', #3224 ) ;
#4237 = CIRCLE ( 'NONE', #2635, 50.00000000000000000 ) ;
#4238 = CARTESIAN_POINT ( 'NONE',  ( 6.119254731744816489, 58.00000000000003553, 28.99999999999972644 ) ) ;
#4239 = EDGE_CURVE ( 'NONE', #4211, #4019, #2182, .T. ) ;
#4240 = CARTESIAN_POINT ( 'NONE',  ( 13.53346829411791141, -5.187428551102156057E-16, -2.983724378680108202E-13 ) ) ;
#4241 = SURFACE_STYLE_FILL_AREA ( #3479 ) ;
#4242 = MECHANICAL_DESIGN_GEOMETRIC_PRESENTATION_REPRESENTATION (  '', ( #4640 ), #3338 ) ;
#4243 = AXIS2_PLACEMENT_3D ( 'NONE', #3766, #3401, #3026 ) ;
#4244 = CIRCLE ( 'NONE', #2396, 37.00000000000001421 ) ;
#4245 = ORIENTED_EDGE ( 'NONE', *, *, #654, .T. ) ;
#4246 = CARTESIAN_POINT ( 'NONE',  ( 6.583720825812095612, -3.350287950190303453E-15, 49.99999999999972999 ) ) ;
#4247 = CARTESIAN_POINT ( 'NONE',  ( -0.8807452682551838441, 8.034441853748562679, -24.72746942367432155 ) ) ;
#4248 = CARTESIAN_POINT ( 'NONE',  ( -1.416279174187926149, 76.00000000000002842, -38.00000000000031974 ) ) ;
#4249 = FACE_OUTER_BOUND ( 'NONE', #3993, .T. ) ;
#4250 = COLOUR_RGB ( '',0.7529411764705882248, 0.7529411764705882248, 0.7529411764705882248 ) ;
#4251 = APPLICATION_PROTOCOL_DEFINITION ( 'draft international standard', 'automotive_design', 1998, #2537 ) ;
#4252 = CARTESIAN_POINT ( 'NONE',  ( 6.790827606998623089, -3.350287950190303453E-15, -37.00000000000029843 ) ) ;
#4253 = LINE ( 'NONE', #3070, #3751 ) ;
#4254 = CARTESIAN_POINT ( 'NONE',  ( 8.119254731744820930, -3.350287950190303453E-15, -45.07106781186574551 ) ) ;
#4255 = CARTESIAN_POINT ( 'NONE',  ( -11.00206561181482989, -84.00000000000004263, -42.00000000000031974 ) ) ;
#4256 = COLOUR_RGB ( '',0.7529411764705882248, 0.7529411764705882248, 0.7529411764705882248 ) ;
#4257 = ORIENTED_EDGE ( 'NONE', *, *, #845, .F. ) ;
#4258 = UNCERTAINTY_MEASURE_WITH_UNIT (LENGTH_MEASURE( 1.000000000000000082E-05 ), #143, 'distance_accuracy_value', 'NONE');
#4259 = EDGE_LOOP ( 'NONE', ( #768, #1550 ) ) ;
#4260 = ORIENTED_EDGE ( 'NONE', *, *, #3758, .F. ) ;
#4261 = DIRECTION ( 'NONE',  ( -1.000000000000000000, 0.000000000000000000, 0.000000000000000000 ) ) ;
#4262 = SURFACE_SIDE_STYLE ('',( #2739 ) ) ;
#4263 = FILL_AREA_STYLE_COLOUR ( '', #70 ) ;
#4264 = DIRECTION ( 'NONE',  ( 0.4472135954999568175, 0.000000000000000000, -0.8944271909999164105 ) ) ;
#4265 = CARTESIAN_POINT ( 'NONE',  ( 2.790827606998624866, -90.00000000000002842, 44.99999999999971578 ) ) ;
#4266 = EDGE_CURVE ( 'NONE', #1022, #4408, #516, .T. ) ;
#4267 = CARTESIAN_POINT ( 'NONE',  ( 8.619254731744819154, -3.350287950190303453E-15, 52.65685424949207771 ) ) ;
#4268 = EDGE_LOOP ( 'NONE', ( #2788, #4766 ) ) ;
#4269 = SURFACE_SIDE_STYLE ('',( #3657 ) ) ;
#4270 = CARTESIAN_POINT ( 'NONE',  ( 14.58372082581209916, -3.350287950190303453E-15, 41.99999999999972999 ) ) ;
#4271 = DIRECTION ( 'NONE',  ( 4.130293990420966925E-17, -1.000000000000000000, 0.000000000000000000 ) ) ;
#4272 = SURFACE_STYLE_FILL_AREA ( #124 ) ;
#4273 = CARTESIAN_POINT ( 'NONE',  ( 4.826361512931363507, 40.82842712474621294, -2.983724378680108202E-13 ) ) ;
#4274 = FACE_OUTER_BOUND ( 'NONE', #1796, .T. ) ;
#4275 = CARTESIAN_POINT ( 'NONE',  ( 12.61925473174482093, -3.350287950190303847E-15, -44.65685424949267457 ) ) ;
#4276 =( BOUNDED_SURFACE ( )  B_SPLINE_SURFACE ( 3, 3, ( 
 ( #188, #208, #3205, #1708, #986, #2100, #3617 ),
 ( #2776, #4696, #3587, #4315, #3565, #225, #4750 ),
 ( #2479, #3990, #2065, #610, #203, #2093, #245 ),
 ( #532, #2834, #1728, #1352, #2507, #3965, #960 ),
 ( #1704, #2457, #2857, #911, #559, #3222, #2039 ),
 ( #4386, #1313, #936, #2401, #1371, #3920, #3611 ),
 ( #2813, #3245, #4770, #4411, #2877, #1676, #4015 ) ),
 .UNSPECIFIED., .T., .T., .F. ) 
 B_SPLINE_SURFACE_WITH_KNOTS ( ( 4, 3, 4 ),
 ( 4, 3, 4 ),
 ( 0.000000000000000000, 0.5000000000000000000, 1.000000000000000000 ),
 ( 0.000000000000000000, 0.5000000000000000000, 1.000000000000000000 ),
 .UNSPECIFIED. ) 
 GEOMETRIC_REPRESENTATION_ITEM ( )  RATIONAL_B_SPLINE_SURFACE ( (
 ( 1.000000000000000000, 0.3333333333333333148, 0.3333333333333333148, 1.000000000000000000, 0.3333333333333333148, 0.3333333333333333148, 1.000000000000000000),
 ( 0.3333333333333333703, 0.1111111111111111188, 0.1111111111111111188, 0.3333333333333333703, 0.1111111111111111188, 0.1111111111111111188, 0.3333333333333333703),
 ( 0.3333333333333333703, 0.1111111111111111188, 0.1111111111111111188, 0.3333333333333333703, 0.1111111111111111188, 0.1111111111111111188, 0.3333333333333333703),
 ( 1.000000000000000000, 0.3333333333333333148, 0.3333333333333333148, 1.000000000000000000, 0.3333333333333333148, 0.3333333333333333148, 1.000000000000000000),
 ( 0.3333333333333333703, 0.1111111111111111188, 0.1111111111111111188, 0.3333333333333333703, 0.1111111111111111188, 0.1111111111111111188, 0.3333333333333333703),
 ( 0.3333333333333333703, 0.1111111111111111188, 0.1111111111111111188, 0.3333333333333333703, 0.1111111111111111188, 0.1111111111111111188, 0.3333333333333333703),
 ( 1.000000000000000000, 0.3333333333333333148, 0.3333333333333333148, 1.000000000000000000, 0.3333333333333333148, 0.3333333333333333148, 1.000000000000000000) ) ) 
 REPRESENTATION_ITEM ( '' )  SURFACE ( )  );
#4277 = CARTESIAN_POINT ( 'NONE',  ( 6.240575075304461095, 68.00000000000005684, 33.99999999999972289 ) ) ;
#4278 = SURFACE_STYLE_USAGE ( .BOTH. , #946 ) ;
#4279 = AXIS2_PLACEMENT_3D ( 'NONE', #1263, #1699, #2034 ) ;
#4280 = EDGE_CURVE ( 'NONE', #3360, #293, #2712, .T. ) ;
#4281 = ORIENTED_EDGE ( 'NONE', *, *, #2122, .T. ) ;
#4282 = ORIENTED_EDGE ( 'NONE', *, *, #562, .F. ) ;
#4283 = MECHANICAL_DESIGN_GEOMETRIC_PRESENTATION_REPRESENTATION (  '', ( #3867 ), #1637 ) ;
#4284 = CARTESIAN_POINT ( 'NONE',  ( -0.8807452682551838441, 21.03444185374883091, 13.68241655960373038 ) ) ;
#4285 =( GEOMETRIC_REPRESENTATION_CONTEXT ( 3 ) GLOBAL_UNCERTAINTY_ASSIGNED_CONTEXT ( ( #4752 ) ) GLOBAL_UNIT_ASSIGNED_CONTEXT ( ( #3932, #2341, #3576 ) ) REPRESENTATION_CONTEXT ( 'NONE', 'WORKASPACE' ) );
#4286 = CARTESIAN_POINT ( 'NONE',  ( 2.790827606998623978, 3.446501785077507919E-15, -37.00000000000031264 ) ) ;
#4287 = COLOUR_RGB ( '',0.7529411764705882248, 0.7529411764705882248, 0.7529411764705882248 ) ;
#4288 = CARTESIAN_POINT ( 'NONE',  ( 16.11925473174482093, -106.1421356237308942, -53.07106781186574551 ) ) ;
#4289 = STYLED_ITEM ( 'NONE', ( #498 ), #4800 ) ;
#4290 = STYLED_ITEM ( 'NONE', ( #3885 ), #422 ) ;
#4291 = ORIENTED_EDGE ( 'NONE', *, *, #1657, .F. ) ;
#4292 = ORIENTED_EDGE ( 'NONE', *, *, #3359, .F. ) ;
#4293 = DIRECTION ( 'NONE',  ( -3.751350377488301108E-17, 1.000000000000000000, 0.000000000000000000 ) ) ;
#4294 = AXIS2_PLACEMENT_3D ( 'NONE', #1118, #1549, #1476 ) ;
#4295 = VECTOR ( 'NONE', #3642, 1000.000000000000000 ) ;
#4296 = ORIENTED_EDGE ( 'NONE', *, *, #3359, .T. ) ;
#4297 = FILL_AREA_STYLE_COLOUR ( '', #1979 ) ;
#4298 = CARTESIAN_POINT ( 'NONE',  ( 14.58372082581209916, -3.350287950190303453E-15, -50.00000000000031974 ) ) ;
#4299 = CYLINDRICAL_SURFACE ( 'NONE', #1225, 1.600000000000000755 ) ;
#4300 = CYLINDRICAL_SURFACE ( 'NONE', #1193, 1.600000000000004086 ) ;
#4301 = CARTESIAN_POINT ( 'NONE',  ( 4.205041169371719789, 1.497572715066747987E-15, 38.17157287525352416 ) ) ;
#4302 = CARTESIAN_POINT ( 'NONE',  ( -14.88074526825518618, -3.455516438631158638E-16, -2.983724378680108202E-13 ) ) ;
#4303 = EDGE_CURVE ( 'NONE', #1632, #1937, #3301, .T. ) ;
#4304 = CARTESIAN_POINT ( 'NONE',  ( 6.583720825812098276, -84.00000000000004263, -42.00000000000031974 ) ) ;
#4305 = CARTESIAN_POINT ( 'NONE',  ( -0.8807452682551838441, -21.03444185374872433, -16.88241655960448284 ) ) ;
#4306 = UNCERTAINTY_MEASURE_WITH_UNIT (LENGTH_MEASURE( 1.000000000000000082E-05 ), #3662, 'distance_accuracy_value', 'NONE');
#4307 = EDGE_LOOP ( 'NONE', ( #4282, #1159, #763, #3389, #89 ) ) ;
#4308 = SURFACE_STYLE_FILL_AREA ( #880 ) ;
#4309 = DIRECTION ( 'NONE',  ( -1.000000000000000000, 0.000000000000000000, 0.000000000000000000 ) ) ;
#4310 = CARTESIAN_POINT ( 'NONE',  ( -7.002065611814829893, -7.785296719808605099E-16, 41.99999999999972289 ) ) ;
#4311 = CARTESIAN_POINT ( 'NONE',  ( 12.11925473174481915, -90.14213562373089417, 45.07106781186514866 ) ) ;
#4312 = ORIENTED_EDGE ( 'NONE', *, *, #4239, .T. ) ;
#4313 = EDGE_LOOP ( 'NONE', ( #1421, #4767, #1794, #1701 ) ) ;
#4314 = CARTESIAN_POINT ( 'NONE',  ( -0.8807452682551838441, 21.03444185374861419, -13.68241655960463099 ) ) ;
#4315 = CARTESIAN_POINT ( 'NONE',  ( 8.619254731744819154, -3.350287950190303453E-15, -44.65685424949266746 ) ) ;
#4316 = CARTESIAN_POINT ( 'NONE',  ( -3.345211362322441762, -76.00000000000001421, 37.99999999999971578 ) ) ;
#4317 = VERTEX_POINT ( 'NONE', #1613 ) ;
#4318 = UNCERTAINTY_MEASURE_WITH_UNIT (LENGTH_MEASURE( 1.000000000000000082E-05 ), #3202, 'distance_accuracy_value', 'NONE');
#4319 = MECHANICAL_DESIGN_GEOMETRIC_PRESENTATION_REPRESENTATION (  '', ( #1060 ), #2471 ) ;
#4320 = EDGE_LOOP ( 'NONE', ( #2194, #2257, #527, #1247 ) ) ;
#4321 = CARTESIAN_POINT ( 'NONE',  ( 2.583720825812073407, -76.00000000000001421, 37.99999999999971578 ) ) ;
#4322 = DIRECTION ( 'NONE',  ( 1.000000000000000000, -0.000000000000000000, 0.000000000000000000 ) ) ;
#4323 = CONICAL_SURFACE ( 'NONE', #1526, 41.00000000000002842, 1.107148717794091963 ) ;
#4324 = DIRECTION ( 'NONE',  ( 3.565219130447392441E-17, -1.000000000000000000, 0.000000000000000000 ) ) ;
#4325 =( GEOMETRIC_REPRESENTATION_CONTEXT ( 3 ) GLOBAL_UNCERTAINTY_ASSIGNED_CONTEXT ( ( #3047 ) ) GLOBAL_UNIT_ASSIGNED_CONTEXT ( ( #252, #4683, #920 ) ) REPRESENTATION_CONTEXT ( 'NONE', 'WORKASPACE' ) );
#4326 =( LENGTH_UNIT ( ) NAMED_UNIT ( * ) SI_UNIT ( .MILLI., .METRE. ) );
#4327 =( NAMED_UNIT ( * ) PLANE_ANGLE_UNIT ( ) SI_UNIT ( $, .RADIAN. ) );
#4328 = CONICAL_SURFACE ( 'NONE', #4156, 46.24264068711926257, 1.107148717794089965 ) ;
#4329 = DIRECTION ( 'NONE',  ( 0.000000000000000000, 0.000000000000000000, -1.000000000000000000 ) ) ;
#4330 = SURFACE_STYLE_USAGE ( .BOTH. , #3188 ) ;
#4331 = SURFACE_STYLE_FILL_AREA ( #2029 ) ;
#4332 = CARTESIAN_POINT ( 'NONE',  ( 3.997934388185172327, -3.350287950190304242E-15, -39.17157287525412102 ) ) ;
#4333 = AXIS2_PLACEMENT_3D ( 'NONE', #617, #1176, #760 ) ;
#4334 = PRESENTATION_LAYER_ASSIGNMENT (  '', '', ( #3348 ) ) ;
#4335 = ADVANCED_FACE ( 'NONE', ( #4669 ), #4300, .F. ) ;
#4336 = CARTESIAN_POINT ( 'NONE',  ( -12.88074526825518795, -3.350287950190303847E-15, -53.07106781186576683 ) ) ;
#4337 = DIRECTION ( 'NONE',  ( 0.000000000000000000, 1.000000000000000000, 0.000000000000000000 ) ) ;
#4338 = DIRECTION ( 'NONE',  ( 1.000000000000000000, 3.426320245621181559E-18, 2.489367373009484727E-18 ) ) ;
#4339 = CARTESIAN_POINT ( 'NONE',  ( -14.29495883062828909, -46.24264068711928388, -2.983724378680108202E-13 ) ) ;
#4340 = COLOUR_RGB ( '',0.7529411764705882248, 0.7529411764705882248, 0.7529411764705882248 ) ;
#4341 = VERTEX_POINT ( 'NONE', #1756 ) ;
#4342 = FILL_AREA_STYLE ('',( #4663 ) ) ;
#4343 = DIRECTION ( 'NONE',  ( 0.000000000000000000, 0.000000000000000000, 1.000000000000000000 ) ) ;
#4344 = MECHANICAL_DESIGN_GEOMETRIC_PRESENTATION_REPRESENTATION (  '', ( #1694 ), #3053 ) ;
#4345 = ORIENTED_EDGE ( 'NONE', *, *, #1347, .T. ) ;
#4346 = CARTESIAN_POINT ( 'NONE',  ( 2.119254731744816045, 58.00000000000002842, 28.99999999999971223 ) ) ;
#4347 = CARTESIAN_POINT ( 'NONE',  ( 2.583720825812073407, -3.350287950190303847E-15, -38.00000000000031264 ) ) ;
#4348 = PRESENTATION_STYLE_ASSIGNMENT (( #1299 ) ) ;
#4349 = DIRECTION ( 'NONE',  ( 1.000000000000000000, -0.000000000000000000, 0.000000000000000000 ) ) ;
#4350 = PRESENTATION_LAYER_ASSIGNMENT (  '', '', ( #4004 ) ) ;
#4351 = CARTESIAN_POINT ( 'NONE',  ( -0.8807452682551838441, -26.00000000000000711, 1.599999999999705214 ) ) ;
#4352 = DIRECTION ( 'NONE',  ( 1.000000000000000000, -0.000000000000000000, -0.000000000000000000 ) ) ;
#4353 = CARTESIAN_POINT ( 'NONE',  ( -0.3807452682551843992, -2.886709523219207062E-16, -2.983724378680108202E-13 ) ) ;
#4354 = CONICAL_SURFACE ( 'NONE', #792, 45.82842712474617031, 1.107148717794088855 ) ;
#4355 = CARTESIAN_POINT ( 'NONE',  ( -16.88074526825518618, -3.350287950190303453E-15, 45.07106781186516287 ) ) ;
#4356 = CARTESIAN_POINT ( 'NONE',  ( 6.240575075304460206, -3.350287950190303847E-15, -42.00000000000031974 ) ) ;
#4357 =( NAMED_UNIT ( * ) PLANE_ANGLE_UNIT ( ) SI_UNIT ( $, .RADIAN. ) );
#4358 = PRESENTATION_LAYER_ASSIGNMENT (  '', '', ( #2261 ) ) ;
#4359 = CARTESIAN_POINT ( 'NONE',  ( 8.119254731744820930, -3.350287950190303453E-15, -53.07106781186574551 ) ) ;
#4360 =( NAMED_UNIT ( * ) PLANE_ANGLE_UNIT ( ) SI_UNIT ( $, .RADIAN. ) );
#4361 = AXIS2_PLACEMENT_3D ( 'NONE', #338, #707, #3678 ) ;
#4362 = ORIENTED_EDGE ( 'NONE', *, *, #3909, .F. ) ;
#4363 = CARTESIAN_POINT ( 'NONE',  ( -11.00206561181482989, -3.350287950190303453E-15, 33.99999999999972289 ) ) ;
#4364 = DIRECTION ( 'NONE',  ( 0.000000000000000000, 0.000000000000000000, -1.000000000000000000 ) ) ;
#4365 = EDGE_CURVE ( 'NONE', #3128, #4431, #247, .T. ) ;
#4366 = PRESENTATION_LAYER_ASSIGNMENT (  '', '', ( #1566 ) ) ;
#4367 = SURFACE_STYLE_USAGE ( .BOTH. , #612 ) ;
#4368 = UNCERTAINTY_MEASURE_WITH_UNIT (LENGTH_MEASURE( 1.000000000000000082E-05 ), #2573, 'distance_accuracy_value', 'NONE');
#4369 = ORIENTED_EDGE ( 'NONE', *, *, #1748, .F. ) ;
#4370 = COLOUR_RGB ( '',0.7529411764705882248, 0.7529411764705882248, 0.7529411764705882248 ) ;
#4371 = CARTESIAN_POINT ( 'NONE',  ( 6.119254731744816489, 74.00000000000004263, -37.00000000000032685 ) ) ;
#4372 = PRESENTATION_STYLE_ASSIGNMENT (( #1655 ) ) ;
#4373 = CARTESIAN_POINT ( 'NONE',  ( -0.3807452682551843992, -2.886709523219207062E-16, -2.983724378680108202E-13 ) ) ;
#4374 = DIRECTION ( 'NONE',  ( -1.000000000000000000, 0.000000000000000000, 0.000000000000000000 ) ) ;
#4375 = FACE_OUTER_BOUND ( 'NONE', #3537, .T. ) ;
#4376 = SURFACE_STYLE_FILL_AREA ( #4396 ) ;
#4377 = CARTESIAN_POINT ( 'NONE',  ( 2.240575075304460206, -3.350287950190303453E-15, -42.00000000000032685 ) ) ;
#4378 = CARTESIAN_POINT ( 'NONE',  ( 12.11925473174481915, -90.14213562373089417, -45.07106781186574551 ) ) ;
#4379 = DIRECTION ( 'NONE',  ( -1.000000000000000000, 1.136135706043572448E-17, 0.000000000000000000 ) ) ;
#4380 = FILL_AREA_STYLE ('',( #3981 ) ) ;
#4381 = DIRECTION ( 'NONE',  ( -1.000000000000000000, 0.000000000000000000, 0.000000000000000000 ) ) ;
#4382 = CARTESIAN_POINT ( 'NONE',  ( 2.583720825812073407, 3.630198804949611430E-15, -38.00000000000031264 ) ) ;
#4383 = FACE_OUTER_BOUND ( 'NONE', #1702, .T. ) ;
#4384 = ORIENTED_EDGE ( 'NONE', *, *, #3162, .F. ) ;
#4385 = CARTESIAN_POINT ( 'NONE',  ( -7.002065611814828117, -84.00000000000004263, 41.99999999999972289 ) ) ;
#4386 = CARTESIAN_POINT ( 'NONE',  ( 16.61925473174482093, -3.350287950190303453E-15, 44.65685424949207771 ) ) ;
#4387 =( NAMED_UNIT ( * ) PLANE_ANGLE_UNIT ( ) SI_UNIT ( $, .RADIAN. ) );
#4388 = CARTESIAN_POINT ( 'NONE',  ( 0.1192547317448161698, -21.03444185374850406, 16.88241655960419507 ) ) ;
#4389 = EDGE_CURVE ( 'NONE', #1993, #4122, #3641, .T. ) ;
#4390 = CIRCLE ( 'NONE', #3420, 1.600000000000000755 ) ;
#4391 = EDGE_LOOP ( 'NONE', ( #1029, #3897 ) ) ;
#4392 = CARTESIAN_POINT ( 'NONE',  ( 2.583720825812073407, 3.630198804949611430E-15, -38.00000000000031264 ) ) ;
#4393 = CARTESIAN_POINT ( 'NONE',  ( -1.416279174187925705, -92.00000000000005684, -46.00000000000030553 ) ) ;
#4394 = CARTESIAN_POINT ( 'NONE',  ( 10.58372082581209739, -7.785296719808606085E-16, 41.99999999999972289 ) ) ;
#4395 = FACE_OUTER_BOUND ( 'NONE', #641, .T. ) ;
#4396 = FILL_AREA_STYLE ('',( #2797 ) ) ;
#4397 = MECHANICAL_DESIGN_GEOMETRIC_PRESENTATION_REPRESENTATION (  '', ( #2390 ), #279 ) ;
#4398 = CARTESIAN_POINT ( 'NONE',  ( 2.240575075304460206, -3.350287950190303453E-15, 33.99999999999972289 ) ) ;
#4399 = DIRECTION ( 'NONE',  ( 0.000000000000000000, -1.000000000000000000, 0.000000000000000000 ) ) ;
#4400 = CARTESIAN_POINT ( 'NONE',  ( -7.345211362322466186, -100.0000000000000568, -50.00000000000031974 ) ) ;
#4401 = COLOUR_RGB ( '',0.7529411764705882248, 0.7529411764705882248, 0.7529411764705882248 ) ;
#4402 = CARTESIAN_POINT ( 'NONE',  ( 10.24057507530446642, 84.00000000000004263, -42.00000000000031974 ) ) ;
#4403 = CARTESIAN_POINT ( 'NONE',  ( -0.8807452682551838441, -26.00000000000000711, -1.600000000000295852 ) ) ;
#4404 = DIRECTION ( 'NONE',  ( -4.018207724303600111E-17, 1.000000000000000000, 0.000000000000000000 ) ) ;
#4405 = CIRCLE ( 'NONE', #1681, 1.600000000000000755 ) ;
#4406 = ORIENTED_EDGE ( 'NONE', *, *, #4588, .F. ) ;
#4407 = CYLINDRICAL_SURFACE ( 'NONE', #4058, 1.600000000000000755 ) ;
#4408 = VERTEX_POINT ( 'NONE', #2126 ) ;
#4409 = MECHANICAL_DESIGN_GEOMETRIC_PRESENTATION_REPRESENTATION (  '', ( #4165 ), #75 ) ;
#4410 = CARTESIAN_POINT ( 'NONE',  ( -3.002065611814829893, -3.350287950190303453E-15, -34.00000000000031974 ) ) ;
#4411 = CARTESIAN_POINT ( 'NONE',  ( 12.61925473174482093, -3.350287950190303847E-15, -44.65685424949267457 ) ) ;
#4412 = CARTESIAN_POINT ( 'NONE',  ( -7.345211362322440429, -3.350287950190303453E-15, 37.99999999999970868 ) ) ;
#4413 = VERTEX_POINT ( 'NONE', #275 ) ;
#4414 = AXIS2_PLACEMENT_3D ( 'NONE', #1662, #4352, #925 ) ;
#4415 = CARTESIAN_POINT ( 'NONE',  ( 6.583720825812071631, -3.350287950190303453E-15, -38.00000000000031264 ) ) ;
#4416 = DIRECTION ( 'NONE',  ( 1.000000000000000000, -0.000000000000000000, 0.000000000000000000 ) ) ;
#4417 = EDGE_CURVE ( 'NONE', #387, #1823, #2023, .T. ) ;
#4418 = SURFACE_STYLE_FILL_AREA ( #2543 ) ;
#4419 = CARTESIAN_POINT ( 'NONE',  ( 2.240575075304460206, -3.350287950190303453E-15, -42.00000000000032685 ) ) ;
#4420 = CARTESIAN_POINT ( 'NONE',  ( 10.58372082581209384, 84.00000000000004263, 41.99999999999972289 ) ) ;
#4421 = CARTESIAN_POINT ( 'NONE',  ( -11.34521136232246441, -100.0000000000000284, 49.99999999999971578 ) ) ;
#4422 = EDGE_CURVE ( 'NONE', #1683, #4484, #9, .T. ) ;
#4423 = FACE_OUTER_BOUND ( 'NONE', #1153, .T. ) ;
#4424 = CARTESIAN_POINT ( 'NONE',  ( -16.88074526825518973, 90.14213562373097943, -45.07106781186578814 ) ) ;
#4425 = CARTESIAN_POINT ( 'NONE',  ( 10.24057507530445932, -3.350287950190303453E-15, 41.99999999999972999 ) ) ;
#4426 = FILL_AREA_STYLE ('',( #261 ) ) ;
#4427 = CARTESIAN_POINT ( 'NONE',  ( -0.8807452682551838441, -8.034441853748399254, 23.12746942367377301 ) ) ;
#4428 = CARTESIAN_POINT ( 'NONE',  ( -3.345211362322441762, -92.00000000000000000, -46.00000000000030553 ) ) ;
#4429 = CARTESIAN_POINT ( 'NONE',  ( 13.53346829411790786, 46.24264068711926257, -2.983724378680108202E-13 ) ) ;
#4430 = EDGE_CURVE ( 'NONE', #316, #3144, #108, .T. ) ;
#4431 = VERTEX_POINT ( 'NONE', #4757 ) ;
#4432 = ORIENTED_EDGE ( 'NONE', *, *, #4417, .T. ) ;
#4433 = CARTESIAN_POINT ( 'NONE',  ( -3.002065611814829893, 68.00000000000005684, -34.00000000000032685 ) ) ;
#4434 = CARTESIAN_POINT ( 'NONE',  ( -3.345211362322442650, -3.350287950190303847E-15, 37.99999999999971578 ) ) ;
#4435 = DIRECTION ( 'NONE',  ( 0.000000000000000000, 0.000000000000000000, 1.000000000000000000 ) ) ;
#4436 = CIRCLE ( 'NONE', #3942, 20.00000000000000355 ) ;
#4437 = VERTEX_POINT ( 'NONE', #2487 ) ;
#4438 = FILL_AREA_STYLE ('',( #3291 ) ) ;
#4439 = AXIS2_PLACEMENT_3D ( 'NONE', #4731, #4374, #2463 ) ;
#4440 = CARTESIAN_POINT ( 'NONE',  ( 2.583720825812073407, -3.350287950190303847E-15, 45.99999999999971578 ) ) ;
#4441 = LINE ( 'NONE', #616, #3704 ) ;
#4442 = COLOUR_RGB ( '',0.7529411764705882248, 0.7529411764705882248, 0.7529411764705882248 ) ;
#4443 = EDGE_CURVE ( 'NONE', #4863, #4796, #4441, .T. ) ;
#4444 = CARTESIAN_POINT ( 'NONE',  ( 10.24057507530446642, -68.00000000000005684, -34.00000000000032685 ) ) ;
#4445 = CARTESIAN_POINT ( 'NONE',  ( 10.58372082581209384, -100.0000000000000284, 49.99999999999971578 ) ) ;
#4446 = CARTESIAN_POINT ( 'NONE',  ( -15.34521136232246441, -3.350287950190303453E-15, 49.99999999999972999 ) ) ;
#4447 = FACE_OUTER_BOUND ( 'NONE', #4675, .T. ) ;
#4448 = ADVANCED_FACE ( 'NONE', ( #665 ), #2985, .F. ) ;
#4449 = DIRECTION ( 'NONE',  ( 0.000000000000000000, 0.000000000000000000, 1.000000000000000000 ) ) ;
#4450 =( NAMED_UNIT ( * ) SI_UNIT ( $, .STERADIAN. ) SOLID_ANGLE_UNIT ( ) );
#4451 = DIRECTION ( 'NONE',  ( 1.000000000000000000, -0.000000000000000000, 0.000000000000000000 ) ) ;
#4452 = CARTESIAN_POINT ( 'NONE',  ( -7.345211362322443094, 76.00000000000002842, -38.00000000000031974 ) ) ;
#4453 = SURFACE_SIDE_STYLE ('',( #3562 ) ) ;
#4454 = ORIENTED_EDGE ( 'NONE', *, *, #4041, .T. ) ;
#4455 = CARTESIAN_POINT ( 'NONE',  ( -1.209172393001375578, -74.00000000000004263, 36.99999999999972289 ) ) ;
#4456 = ORIENTED_EDGE ( 'NONE', *, *, #327, .F. ) ;
#4457 = CARTESIAN_POINT ( 'NONE',  ( -16.88074526825518973, 106.1421356237309652, -53.07106781186576683 ) ) ;
#4458 = CARTESIAN_POINT ( 'NONE',  ( -3.002065611814829893, -3.350287950190303453E-15, -42.00000000000032685 ) ) ;
#4459 = FILL_AREA_STYLE_COLOUR ( '', #3147 ) ;
#4460 = CARTESIAN_POINT ( 'NONE',  ( 2.790827606998624866, 74.00000000000002842, 36.99999999999971578 ) ) ;
#4461 =( BOUNDED_CURVE ( )  B_SPLINE_CURVE ( 3, ( #4464, #2177, #3640, #718 ),
 .UNSPECIFIED., .F., .T. ) 
 B_SPLINE_CURVE_WITH_KNOTS ( ( 4, 4 ),
 ( 0.000000000000000000, 0.1464466094067262691 ),
 .UNSPECIFIED. ) 
 CURVE ( )  GEOMETRIC_REPRESENTATION_ITEM ( )  RATIONAL_B_SPLINE_CURVE ( ( 1.000000000000000000, 0.8047378541243649375, 0.6666666666666665186, 0.5857864376269048545 ) ) 
 REPRESENTATION_ITEM ( '' )  );
#4462 = ORIENTED_EDGE ( 'NONE', *, *, #4430, .T. ) ;
#4463 = CARTESIAN_POINT ( 'NONE',  ( 14.61925473174481915, -3.350287950190304242E-15, -48.65685424949266746 ) ) ;
#4464 = CARTESIAN_POINT ( 'NONE',  ( 2.790827606998623978, -1.084691371767699662E-15, 36.99999999999971578 ) ) ;
#4465 = CARTESIAN_POINT ( 'NONE',  ( 0.1192547317448161698, -26.00000000000000711, 1.599999999999705214 ) ) ;
#4466 = MECHANICAL_DESIGN_GEOMETRIC_PRESENTATION_REPRESENTATION (  '', ( #3812 ), #4699 ) ;
#4467 = CARTESIAN_POINT ( 'NONE',  ( 6.583720825812095612, -3.350287950190303453E-15, 49.99999999999972999 ) ) ;
#4468 = CARTESIAN_POINT ( 'NONE',  ( -11.34521136232246441, -100.0000000000000284, -50.00000000000030553 ) ) ;
#4469 = CARTESIAN_POINT ( 'NONE',  ( -12.88074526825518618, -90.14213562373090838, -45.07106781186576683 ) ) ;
#4470 = SURFACE_SIDE_STYLE ('',( #3707 ) ) ;
#4471 = SURFACE_SIDE_STYLE ('',( #262 ) ) ;
#4472 = CARTESIAN_POINT ( 'NONE',  ( -3.345211362322442650, -3.350287950190303847E-15, 37.99999999999971578 ) ) ;
#4473 = EDGE_CURVE ( 'NONE', #3923, #2118, #551, .T. ) ;
#4474 = ORIENTED_EDGE ( 'NONE', *, *, #4239, .F. ) ;
#4475 = CARTESIAN_POINT ( 'NONE',  ( 6.790827606998623089, -3.350287950190303453E-15, -45.00000000000031264 ) ) ;
#4476 = ORIENTED_EDGE ( 'NONE', *, *, #500, .F. ) ;
#4477 = CARTESIAN_POINT ( 'NONE',  ( -0.3807452682551843992, -7.785296719808605099E-16, 41.99999999999972289 ) ) ;
#4478 = CARTESIAN_POINT ( 'NONE',  ( -8.880745268255189728, -3.350287950190303453E-15, 45.07106781186516287 ) ) ;
#4479 = CARTESIAN_POINT ( 'NONE',  ( -4.380745268255186176, -37.00000000000001421, -2.983724378680108202E-13 ) ) ;
#4480 = CARTESIAN_POINT ( 'NONE',  ( -7.345211362322440429, -3.350287950190303453E-15, 45.99999999999970157 ) ) ;
#4481 =( GEOMETRIC_REPRESENTATION_CONTEXT ( 3 ) GLOBAL_UNCERTAINTY_ASSIGNED_CONTEXT ( ( #3489 ) ) GLOBAL_UNIT_ASSIGNED_CONTEXT ( ( #1848, #1449, #1090 ) ) REPRESENTATION_CONTEXT ( 'NONE', 'WORKASPACE' ) );
#4482 = PRESENTATION_LAYER_ASSIGNMENT (  '', '', ( #1071 ) ) ;
#4483 = PRESENTATION_LAYER_ASSIGNMENT (  '', '', ( #1762 ) ) ;
#4484 = VERTEX_POINT ( 'NONE', #4465 ) ;
#4485 = DIRECTION ( 'NONE',  ( 0.000000000000000000, 1.000000000000000000, 0.000000000000000000 ) ) ;
#4486 = CARTESIAN_POINT ( 'NONE',  ( 2.583720825812073407, 76.00000000000001421, 37.99999999999971578 ) ) ;
#4487 = DIRECTION ( 'NONE',  ( 1.000000000000000000, 4.235164736271500155E-18, -0.000000000000000000 ) ) ;
#4488 =( GEOMETRIC_REPRESENTATION_CONTEXT ( 3 ) GLOBAL_UNCERTAINTY_ASSIGNED_CONTEXT ( ( #1599 ) ) GLOBAL_UNIT_ASSIGNED_CONTEXT ( ( #488, #3495, #1968 ) ) REPRESENTATION_CONTEXT ( 'NONE', 'WORKASPACE' ) );
#4489 = EDGE_CURVE ( 'NONE', #2223, #3000, #2513, .T. ) ;
#4490 =( BOUNDED_SURFACE ( )  B_SPLINE_SURFACE ( 3, 3, ( 
 ( #3842, #463, #1943, #3865, #2720, #4666, #1249 ),
 ( #3847, #4620, #821, #3482, #1972, #1272, #164 ),
 ( #4246, #2774, #2751, #3520, #471, #847, #2305 ),
 ( #2334, #867, #2669, #3822, #1952, #450, #4193 ),
 ( #3429, #1194, #4568, #4298, #1635, #1592, #891 ),
 ( #4270, #4642, #2380, #3874, #1926, #3898, #492 ),
 ( #142, #1546, #1609, #514, #800, #2279, #73 ) ),
 .UNSPECIFIED., .T., .T., .T. ) 
 B_SPLINE_SURFACE_WITH_KNOTS ( ( 4, 3, 4 ),
 ( 4, 3, 4 ),
 ( 0.000000000000000000, 0.5000000000000000000, 1.000000000000000000 ),
 ( 0.000000000000000000, 0.5000000000000000000, 1.000000000000000000 ),
 .UNSPECIFIED. ) 
 GEOMETRIC_REPRESENTATION_ITEM ( )  RATIONAL_B_SPLINE_SURFACE ( (
 ( 1.000000000000000000, 0.3333333333333333148, 0.3333333333333333148, 1.000000000000000000, 0.3333333333333333148, 0.3333333333333333148, 1.000000000000000000),
 ( 0.3333333333333333703, 0.1111111111111111188, 0.1111111111111111188, 0.3333333333333333703, 0.1111111111111111188, 0.1111111111111111188, 0.3333333333333333703),
 ( 0.3333333333333333703, 0.1111111111111111188, 0.1111111111111111188, 0.3333333333333333703, 0.1111111111111111188, 0.1111111111111111188, 0.3333333333333333703),
 ( 1.000000000000000000, 0.3333333333333333148, 0.3333333333333333148, 1.000000000000000000, 0.3333333333333333148, 0.3333333333333333148, 1.000000000000000000),
 ( 0.3333333333333333703, 0.1111111111111111188, 0.1111111111111111188, 0.3333333333333333703, 0.1111111111111111188, 0.1111111111111111188, 0.3333333333333333703),
 ( 0.3333333333333333703, 0.1111111111111111188, 0.1111111111111111188, 0.3333333333333333703, 0.1111111111111111188, 0.1111111111111111188, 0.3333333333333333703),
 ( 1.000000000000000000, 0.3333333333333333148, 0.3333333333333333148, 1.000000000000000000, 0.3333333333333333148, 0.3333333333333333148, 1.000000000000000000) ) ) 
 REPRESENTATION_ITEM ( '' )  SURFACE ( )  );
#4491 = CIRCLE ( 'NONE', #2163, 46.24264068711926257 ) ;
#4492 =( NAMED_UNIT ( * ) PLANE_ANGLE_UNIT ( ) SI_UNIT ( $, .RADIAN. ) );
#4493 = DIRECTION ( 'NONE',  ( -1.000000000000000000, 0.000000000000000000, 0.000000000000000000 ) ) ;
#4494 = FILL_AREA_STYLE_COLOUR ( '', #200 ) ;
#4495 = DIRECTION ( 'NONE',  ( 0.000000000000000000, 0.000000000000000000, -1.000000000000000000 ) ) ;
#4496 = PRESENTATION_LAYER_ASSIGNMENT (  '', '', ( #1694 ) ) ;
#4497 = CARTESIAN_POINT ( 'NONE',  ( -11.34521136232246441, 84.00000000000004263, -42.00000000000031974 ) ) ;
#4498 = DIRECTION ( 'NONE',  ( 0.000000000000000000, 0.000000000000000000, -1.000000000000000000 ) ) ;
#4499 = FILL_AREA_STYLE_COLOUR ( '', #594 ) ;
#4500 = CARTESIAN_POINT ( 'NONE',  ( -14.29495883062828909, -5.187428551102149154E-16, -2.983724378680108202E-13 ) ) ;
#4501 = SURFACE_STYLE_FILL_AREA ( #2964 ) ;
#4502 = ORIENTED_EDGE ( 'NONE', *, *, #966, .F. ) ;
#4503 = CARTESIAN_POINT ( 'NONE',  ( -1.209172393001375578, -74.00000000000004263, -37.00000000000032685 ) ) ;
#4504 = CARTESIAN_POINT ( 'NONE',  ( 11.99793438818519320, -3.350287950190303453E-15, -43.17157287525412812 ) ) ;
#4505 = CARTESIAN_POINT ( 'NONE',  ( -12.88074526825518618, -90.14213562373090838, 45.07106781186516997 ) ) ;
#4506 = EDGE_CURVE ( 'NONE', #2004, #2483, #717, .T. ) ;
#4507 = CARTESIAN_POINT ( 'NONE',  ( 0.6547886376775575723, -3.350287950190303453E-15, 37.99999999999970868 ) ) ;
#4508 = AXIS2_PLACEMENT_3D ( 'NONE', #1361, #4053, #2865 ) ;
#4509 = ORIENTED_EDGE ( 'NONE', *, *, #4715, .T. ) ;
#4510 = COLOUR_RGB ( '',0.7529411764705882248, 0.7529411764705882248, 0.7529411764705882248 ) ;
#4511 = ORIENTED_EDGE ( 'NONE', *, *, #4218, .T. ) ;
#4512 = CARTESIAN_POINT ( 'NONE',  ( -1.880745268255183289, -3.350287950190303453E-15, 28.99999999999971934 ) ) ;
#4513 = EDGE_CURVE ( 'NONE', #4682, #387, #951, .T. ) ;
#4514 = FACE_OUTER_BOUND ( 'NONE', #2394, .T. ) ;
#4515 = CARTESIAN_POINT ( 'NONE',  ( 0.1192547317448161698, 26.00000000000000000, -2.953366717850514078E-13 ) ) ;
#4516 = CIRCLE ( 'NONE', #322, 43.17157287525382969 ) ;
#4517 =( NAMED_UNIT ( * ) SI_UNIT ( $, .STERADIAN. ) SOLID_ANGLE_UNIT ( ) );
#4518 = CIRCLE ( 'NONE', #4361, 37.00000000000001421 ) ;
#4519 = SURFACE_SIDE_STYLE ('',( #2181 ) ) ;
#4520 = FILL_AREA_STYLE ('',( #2978 ) ) ;
#4521 = FILL_AREA_STYLE_COLOUR ( '', #2971 ) ;
#4522 = VECTOR ( 'NONE', #3996, 1000.000000000000000 ) ;
#4523 = PRESENTATION_LAYER_ASSIGNMENT (  '', '', ( #4112 ) ) ;
#4524 = FILL_AREA_STYLE ('',( #1428 ) ) ;
#4525 = DIRECTION ( 'NONE',  ( -1.000000000000000000, 0.000000000000000000, 0.000000000000000000 ) ) ;
#4526 = MECHANICAL_DESIGN_GEOMETRIC_PRESENTATION_REPRESENTATION (  '', ( #4289 ), #2997 ) ;
#4527 = CARTESIAN_POINT ( 'NONE',  ( 8.119254731744820930, -3.350287950190303453E-15, -45.07106781186574551 ) ) ;
#4528 = CIRCLE ( 'NONE', #1574, 38.00000000000001421 ) ;
#4529 = CARTESIAN_POINT ( 'NONE',  ( -3.345211362322441762, 76.00000000000001421, 37.99999999999971578 ) ) ;
#4530 = ORIENTED_EDGE ( 'NONE', *, *, #3181, .F. ) ;
#4531 = ORIENTED_EDGE ( 'NONE', *, *, #1612, .T. ) ;
#4532 = DIRECTION ( 'NONE',  ( -1.000000000000000000, -1.057758217059028269E-17, -0.000000000000000000 ) ) ;
#4533 = CARTESIAN_POINT ( 'NONE',  ( -8.880745268255189728, -3.350287950190303453E-15, 45.07106781186516287 ) ) ;
#4534 = ORIENTED_EDGE ( 'NONE', *, *, #2565, .F. ) ;
#4535 = ORIENTED_EDGE ( 'NONE', *, *, #4637, .F. ) ;
#4536 = CARTESIAN_POINT ( 'NONE',  ( 5.755293701065881784, -3.350287950190303847E-15, -42.00000000000031974 ) ) ;
#4537 =( NAMED_UNIT ( * ) SI_UNIT ( $, .STERADIAN. ) SOLID_ANGLE_UNIT ( ) );
#4538 = ADVANCED_FACE ( 'NONE', ( #4395 ), #987, .F. ) ;
#4539 = SURFACE_SIDE_STYLE ('',( #2668 ) ) ;
#4540 = ORIENTED_EDGE ( 'NONE', *, *, #1518, .T. ) ;
#4541 = UNCERTAINTY_MEASURE_WITH_UNIT (LENGTH_MEASURE( 1.000000000000000082E-05 ), #2362, 'distance_accuracy_value', 'NONE');
#4542 = CARTESIAN_POINT ( 'NONE',  ( -0.3807452682551843992, -8.397620119382280840E-16, -2.983724378680108202E-13 ) ) ;
#4543 = CARTESIAN_POINT ( 'NONE',  ( -0.3807452682551843992, 5.834563043414844886E-15, -50.00000000000029843 ) ) ;
#4544 = FILL_AREA_STYLE_COLOUR ( '', #4401 ) ;
#4545 = CARTESIAN_POINT ( 'NONE',  ( 12.11925473174482093, -3.350287950190303847E-15, 45.07106781186515576 ) ) ;
#4546 = CARTESIAN_POINT ( 'NONE',  ( -7.002065611814829893, -3.350287950190303847E-15, -42.00000000000031974 ) ) ;
#4547 = ORIENTED_EDGE ( 'NONE', *, *, #2641, .T. ) ;
#4548 = UNCERTAINTY_MEASURE_WITH_UNIT (LENGTH_MEASURE( 1.000000000000000082E-05 ), #3531, 'distance_accuracy_value', 'NONE');
#4549 = ORIENTED_EDGE ( 'NONE', *, *, #3853, .F. ) ;
#4550 =( LENGTH_UNIT ( ) NAMED_UNIT ( * ) SI_UNIT ( .MILLI., .METRE. ) );
#4551 = ORIENTED_EDGE ( 'NONE', *, *, #633, .T. ) ;
#4552 = DIRECTION ( 'NONE',  ( -1.000000000000000000, 1.734723475976807403E-17, 4.814824860968091001E-33 ) ) ;
#4553 = CARTESIAN_POINT ( 'NONE',  ( 13.53346829411791141, -5.187428551102156057E-16, -2.983724378680108202E-13 ) ) ;
#4554 = MECHANICAL_DESIGN_GEOMETRIC_PRESENTATION_REPRESENTATION (  '', ( #753 ), #3112 ) ;
#4555 = SURFACE_STYLE_USAGE ( .BOTH. , #4262 ) ;
#4556 = ORIENTED_EDGE ( 'NONE', *, *, #327, .T. ) ;
#4557 = VECTOR ( 'NONE', #4628, 1000.000000000000000 ) ;
#4558 = ORIENTED_EDGE ( 'NONE', *, *, #500, .T. ) ;
#4559 = LINE ( 'NONE', #3055, #4566 ) ;
#4560 = PRESENTATION_STYLE_ASSIGNMENT (( #3001 ) ) ;
#4561 = CARTESIAN_POINT ( 'NONE',  ( 16.11925473174482093, -90.14213562373090838, -45.07106781186575262 ) ) ;
#4562 =( BOUNDED_CURVE ( )  B_SPLINE_CURVE ( 3, ( #1831, #3355, #1122, #3328 ),
 .UNSPECIFIED., .F., .F. ) 
 B_SPLINE_CURVE_WITH_KNOTS ( ( 4, 4 ),
 ( 0.5000000000000028866, 0.6464466094067264912 ),
 .UNSPECIFIED. ) 
 CURVE ( )  GEOMETRIC_REPRESENTATION_ITEM ( )  RATIONAL_B_SPLINE_CURVE ( ( 0.9999999999999961142, 0.8047378541243619399, 0.6666666666666646313, 0.5857864376269038553 ) ) 
 REPRESENTATION_ITEM ( '' )  );
#4563 = DIRECTION ( 'NONE',  ( 0.000000000000000000, 0.000000000000000000, 1.000000000000000000 ) ) ;
#4564 = PRESENTATION_LAYER_ASSIGNMENT (  '', '', ( #441 ) ) ;
#4565 = PRESENTATION_STYLE_ASSIGNMENT (( #3004 ) ) ;
#4566 = VECTOR ( 'NONE', #3025, 1000.000000000000000 ) ;
#4567 = CARTESIAN_POINT ( 'NONE',  ( -7.345211362322466186, -3.350287950190303453E-15, 41.99999999999972999 ) ) ;
#4568 = CARTESIAN_POINT ( 'NONE',  ( 14.58372082581209916, 100.0000000000000568, -50.00000000000031974 ) ) ;
#4569 =( NAMED_UNIT ( * ) SI_UNIT ( $, .STERADIAN. ) SOLID_ANGLE_UNIT ( ) );
#4570 = COLOUR_RGB ( '',0.7529411764705882248, 0.7529411764705882248, 0.7529411764705882248 ) ;
#4571 = CARTESIAN_POINT ( 'NONE',  ( -1.416279174187925705, -3.350287950190303453E-15, -46.00000000000030553 ) ) ;
#4572 = EDGE_CURVE ( 'NONE', #2038, #340, #3783, .T. ) ;
#4573 = CARTESIAN_POINT ( 'NONE',  ( 6.240575075304460206, -7.785296719808605099E-16, -2.983724378680108202E-13 ) ) ;
#4574 = COLOUR_RGB ( '',0.7529411764705882248, 0.7529411764705882248, 0.7529411764705882248 ) ;
#4575 = ORIENTED_EDGE ( 'NONE', *, *, #3631, .F. ) ;
#4576 = PRESENTATION_STYLE_ASSIGNMENT (( #3382 ) ) ;
#4577 = CARTESIAN_POINT ( 'NONE',  ( 2.119254731744816045, -58.00000000000002842, 28.99999999999971223 ) ) ;
#4578 = SURFACE_SIDE_STYLE ('',( #3410 ) ) ;
#4579 = ADVANCED_FACE ( 'NONE', ( #2666 ), #3207, .F. ) ;
#4580 = CARTESIAN_POINT ( 'NONE',  ( 16.11925473174482093, -3.350287950190303453E-15, -53.07106781186574551 ) ) ;
#4581 = CARTESIAN_POINT ( 'NONE',  ( -11.34521136232246441, -7.785296719808605099E-16, -2.983724378680108202E-13 ) ) ;
#4582 = CARTESIAN_POINT ( 'NONE',  ( -1.209172393001375578, -74.00000000000004263, -37.00000000000032685 ) ) ;
#4583 = ORIENTED_EDGE ( 'NONE', *, *, #933, .T. ) ;
#4584 = CARTESIAN_POINT ( 'NONE',  ( -3.830492736561012190, -3.350287950190304242E-15, -38.00000000000031264 ) ) ;
#4585 = VERTEX_POINT ( 'NONE', #3240 ) ;
#4586 = PRESENTATION_STYLE_ASSIGNMENT (( #2994 ) ) ;
#4587 =( NAMED_UNIT ( * ) PLANE_ANGLE_UNIT ( ) SI_UNIT ( $, .RADIAN. ) );
#4588 = EDGE_CURVE ( 'NONE', #3000, #885, #799, .T. ) ;
#4589 = FACE_OUTER_BOUND ( 'NONE', #1, .T. ) ;
#4590 = AXIS2_PLACEMENT_3D ( 'NONE', #1355, #2095, #2431 ) ;
#4591 = ORIENTED_EDGE ( 'NONE', *, *, #3372, .F. ) ;
#4592 = CARTESIAN_POINT ( 'NONE',  ( -5.587852049441731417, -3.350287950190303847E-15, 40.82842712474591451 ) ) ;
#4593 =( NAMED_UNIT ( * ) SI_UNIT ( $, .STERADIAN. ) SOLID_ANGLE_UNIT ( ) );
#4594 = VERTEX_POINT ( 'NONE', #4339 ) ;
#4595 = CARTESIAN_POINT ( 'NONE',  ( -7.345211362322466186, -100.0000000000000568, 49.99999999999974420 ) ) ;
#4596 = CARTESIAN_POINT ( 'NONE',  ( 1.119254731744808273, -3.350287950190304242E-15, -37.00000000000029132 ) ) ;
#4597 = CARTESIAN_POINT ( 'NONE',  ( 2.583720825812073407, -76.00000000000001421, 37.99999999999971578 ) ) ;
#4598 = CARTESIAN_POINT ( 'NONE',  ( 14.03346829411790431, -3.350287950190303847E-15, -45.82842712474646873 ) ) ;
#4599 = APPLICATION_PROTOCOL_DEFINITION ( 'draft international standard', 'automotive_design', 1998, #4840 ) ;
#4600 = UNCERTAINTY_MEASURE_WITH_UNIT (LENGTH_MEASURE( 1.000000000000000082E-05 ), #1009, 'distance_accuracy_value', 'NONE');
#4601 = CARTESIAN_POINT ( 'NONE',  ( 2.790827606998624866, 74.00000000000002842, 36.99999999999971578 ) ) ;
#4602 = CIRCLE ( 'NONE', #2599, 39.17157287525382259 ) ;
#4603 = FACE_BOUND ( 'NONE', #2768, .T. ) ;
#4604 = CARTESIAN_POINT ( 'NONE',  ( -1.880745268255183289, 58.00000000000003553, 28.99999999999972644 ) ) ;
#4605 = CARTESIAN_POINT ( 'NONE',  ( -0.8807452682551838441, -21.03444185374872433, -13.68241655960448000 ) ) ;
#4606 = CARTESIAN_POINT ( 'NONE',  ( 16.11925473174482093, -3.350287950190303453E-15, -45.07106781186574551 ) ) ;
#4607 = CARTESIAN_POINT ( 'NONE',  ( -11.00206561181482989, -3.350287950190303453E-15, -34.00000000000031974 ) ) ;
#4608 =( GEOMETRIC_REPRESENTATION_CONTEXT ( 3 ) GLOBAL_UNCERTAINTY_ASSIGNED_CONTEXT ( ( #2656 ) ) GLOBAL_UNIT_ASSIGNED_CONTEXT ( ( #282, #4135, #2183 ) ) REPRESENTATION_CONTEXT ( 'NONE', 'WORKASPACE' ) );
#4609 = ORIENTED_EDGE ( 'NONE', *, *, #2999, .F. ) ;
#4610 = UNCERTAINTY_MEASURE_WITH_UNIT (LENGTH_MEASURE( 1.000000000000000082E-05 ), #979, 'distance_accuracy_value', 'NONE');
#4611 = EDGE_CURVE ( 'NONE', #3407, #3860, #2689, .T. ) ;
#4612 = ORIENTED_EDGE ( 'NONE', *, *, #4715, .F. ) ;
#4613 = LINE ( 'NONE', #460, #2872 ) ;
#4614 = AXIS2_PLACEMENT_3D ( 'NONE', #317, #3734, #3364 ) ;
#4615 = ORIENTED_EDGE ( 'NONE', *, *, #3735, .F. ) ;
#4616 = VECTOR ( 'NONE', #215, 1000.000000000000000 ) ;
#4617 =( LENGTH_UNIT ( ) NAMED_UNIT ( * ) SI_UNIT ( .MILLI., .METRE. ) );
#4618 = COLOUR_RGB ( '',0.8980392156862745390, 0.8980392156862745390, 0.8980392156862745390 ) ;
#4619 = CARTESIAN_POINT ( 'NONE',  ( -11.34521136232246441, 100.0000000000000284, 49.99999999999971578 ) ) ;
#4620 = CARTESIAN_POINT ( 'NONE',  ( 6.583720825812098276, 84.00000000000004263, 41.99999999999973710 ) ) ;
#4621 = CARTESIAN_POINT ( 'NONE',  ( -7.002065611814829893, 4.364986884438026264E-15, -42.00000000000031974 ) ) ;
#4622 = CARTESIAN_POINT ( 'NONE',  ( 6.583720825812071631, -3.350287950190303453E-15, 45.99999999999970157 ) ) ;
#4623 = CARTESIAN_POINT ( 'NONE',  ( -0.8807452682551838441, -21.03444185374850406, 15.28241655960419365 ) ) ;
#4624 = CARTESIAN_POINT ( 'NONE',  ( 14.11925473174481915, -3.350287950190303847E-15, 49.07106781186515576 ) ) ;
#4625 =( BOUNDED_SURFACE ( )  B_SPLINE_SURFACE ( 3, 3, ( 
 ( #2878, #2375, #158, #1629, #1291, #4316, #4434 ),
 ( #4412, #2925, #1490, #320, #4866, #1026, #2902 ),
 ( #4480, #296, #3660, #659, #637, #3366, #2144 ),
 ( #2220, #2536, #4121, #1440, #1006, #2584, #715 ),
 ( #2120, #3267, #1820, #3315, #2198, #4016, #2969 ),
 ( #3717, #1419, #4894, #1467, #1777, #2557, #4507 ),
 ( #3636, #2508, #2174, #4091, #3688, #3288, #1750 ) ),
 .UNSPECIFIED., .T., .T., .F. ) 
 B_SPLINE_SURFACE_WITH_KNOTS ( ( 4, 3, 4 ),
 ( 4, 3, 4 ),
 ( 0.000000000000000000, 0.5000000000000000000, 1.000000000000000000 ),
 ( 0.000000000000000000, 0.5000000000000000000, 1.000000000000000000 ),
 .UNSPECIFIED. ) 
 GEOMETRIC_REPRESENTATION_ITEM ( )  RATIONAL_B_SPLINE_SURFACE ( (
 ( 1.000000000000000000, 0.3333333333333333148, 0.3333333333333333148, 1.000000000000000000, 0.3333333333333333148, 0.3333333333333333148, 1.000000000000000000),
 ( 0.3333333333333333703, 0.1111111111111111188, 0.1111111111111111188, 0.3333333333333333703, 0.1111111111111111188, 0.1111111111111111188, 0.3333333333333333703),
 ( 0.3333333333333333703, 0.1111111111111111188, 0.1111111111111111188, 0.3333333333333333703, 0.1111111111111111188, 0.1111111111111111188, 0.3333333333333333703),
 ( 1.000000000000000000, 0.3333333333333333148, 0.3333333333333333148, 1.000000000000000000, 0.3333333333333333148, 0.3333333333333333148, 1.000000000000000000),
 ( 0.3333333333333333703, 0.1111111111111111188, 0.1111111111111111188, 0.3333333333333333703, 0.1111111111111111188, 0.1111111111111111188, 0.3333333333333333703),
 ( 0.3333333333333333703, 0.1111111111111111188, 0.1111111111111111188, 0.3333333333333333703, 0.1111111111111111188, 0.1111111111111111188, 0.3333333333333333703),
 ( 1.000000000000000000, 0.3333333333333333148, 0.3333333333333333148, 1.000000000000000000, 0.3333333333333333148, 0.3333333333333333148, 1.000000000000000000) ) ) 
 REPRESENTATION_ITEM ( '' )  SURFACE ( )  );
#4626 = CARTESIAN_POINT ( 'NONE',  ( -0.8807452682551838441, 37.00000000000002132, -2.953596810412877845E-13 ) ) ;
#4627 = CARTESIAN_POINT ( 'NONE',  ( 2.119254731744816045, -3.350287950190303847E-15, -29.00000000000030909 ) ) ;
#4628 = DIRECTION ( 'NONE',  ( 1.000000000000000000, 0.000000000000000000, 0.000000000000000000 ) ) ;
#4629 = CARTESIAN_POINT ( 'NONE',  ( 12.11925473174481915, 106.1421356237308800, 53.07106781186515576 ) ) ;
#4630 = ORIENTED_EDGE ( 'NONE', *, *, #4137, .F. ) ;
#4631 = PRESENTATION_LAYER_ASSIGNMENT (  '', '', ( #1821 ) ) ;
#4632 = VERTEX_POINT ( 'NONE', #1700 ) ;
#4633 = CARTESIAN_POINT ( 'NONE',  ( 14.11925473174482093, -3.350287950190303453E-15, -47.96649831220415194 ) ) ;
#4634 = ORIENTED_EDGE ( 'NONE', *, *, #3427, .F. ) ;
#4635 = CARTESIAN_POINT ( 'NONE',  ( 0.1192547317448161698, 26.00000000000000000, -1.600000000000295852 ) ) ;
#4636 = FILL_AREA_STYLE_COLOUR ( '', #3276 ) ;
#4637 = EDGE_CURVE ( 'NONE', #130, #3538, #4754, .T. ) ;
#4638 = PRESENTATION_LAYER_ASSIGNMENT (  '', '', ( #1060 ) ) ;
#4639 = DIRECTION ( 'NONE',  ( -1.000000000000000000, 0.000000000000000000, 0.000000000000000000 ) ) ;
#4640 = STYLED_ITEM ( 'NONE', ( #1408 ), #3295 ) ;
#4641 = ORIENTED_EDGE ( 'NONE', *, *, #3820, .T. ) ;
#4642 = CARTESIAN_POINT ( 'NONE',  ( 14.58372082581209916, 84.00000000000004263, 41.99999999999973710 ) ) ;
#4643 = CARTESIAN_POINT ( 'NONE',  ( 2.583720825812073407, -3.350287950190303847E-15, 45.99999999999971578 ) ) ;
#4644 = EDGE_CURVE ( 'NONE', #2462, #2217, #4024, .T. ) ;
#4645 = DIRECTION ( 'NONE',  ( -1.000000000000000000, -2.115516434118056538E-17, -0.000000000000000000 ) ) ;
#4646 = DIRECTION ( 'NONE',  ( 0.000000000000000000, 0.000000000000000000, -1.000000000000000000 ) ) ;
#4647 = FILL_AREA_STYLE_COLOUR ( '', #3185 ) ;
#4648 = CIRCLE ( 'NONE', #2488, 37.00000000000001421 ) ;
#4649 = DIRECTION ( 'NONE',  ( -1.000000000000000000, -1.767562387910120450E-17, -2.499421436123621429E-33 ) ) ;
#4650 = CARTESIAN_POINT ( 'NONE',  ( 5.619254731744818265, -3.350287950190303847E-15, -2.983724378680108202E-13 ) ) ;
#4651 = SURFACE_STYLE_FILL_AREA ( #874 ) ;
#4652 = AXIS2_PLACEMENT_3D ( 'NONE', #4240, #34, #1589 ) ;
#4653 = CARTESIAN_POINT ( 'NONE',  ( 5.619254731744818265, -8.397620119382280840E-16, -2.983724378680108202E-13 ) ) ;
#4654 = VERTEX_POINT ( 'NONE', #3561 ) ;
#4655 = UNCERTAINTY_MEASURE_WITH_UNIT (LENGTH_MEASURE( 1.000000000000000082E-05 ), #3448, 'distance_accuracy_value', 'NONE');
#4656 = PRESENTATION_LAYER_ASSIGNMENT (  '', '', ( #691 ) ) ;
#4657 =( GEOMETRIC_REPRESENTATION_CONTEXT ( 3 ) GLOBAL_UNCERTAINTY_ASSIGNED_CONTEXT ( ( #1835 ) ) GLOBAL_UNIT_ASSIGNED_CONTEXT ( ( #1074, #1858, #759 ) ) REPRESENTATION_CONTEXT ( 'NONE', 'WORKASPACE' ) );
#4658 = ORIENTED_EDGE ( 'NONE', *, *, #4506, .F. ) ;
#4659 = PRESENTATION_STYLE_ASSIGNMENT (( #4212 ) ) ;
#4660 = CARTESIAN_POINT ( 'NONE',  ( -14.29495883062828909, 46.24264068711929099, -2.927093476778506765E-13 ) ) ;
#4661 = CARTESIAN_POINT ( 'NONE',  ( 16.11925473174482093, 106.1421356237308942, 53.07106781186514866 ) ) ;
#4662 = ORIENTED_EDGE ( 'NONE', *, *, #3689, .T. ) ;
#4663 = FILL_AREA_STYLE_COLOUR ( '', #4714 ) ;
#4664 = ADVANCED_FACE ( 'NONE', ( #4383 ), #724, .F. ) ;
#4665 = ORIENTED_EDGE ( 'NONE', *, *, #2461, .T. ) ;
#4666 = CARTESIAN_POINT ( 'NONE',  ( 10.58372082581209384, -84.00000000000004263, 41.99999999999972289 ) ) ;
#4667 = CARTESIAN_POINT ( 'NONE',  ( 14.61925473174481915, -2.886709523219207062E-16, -2.983724378680108202E-13 ) ) ;
#4668 = CARTESIAN_POINT ( 'NONE',  ( 2.583720825812073407, -76.00000000000001421, -38.00000000000031264 ) ) ;
#4669 = FACE_OUTER_BOUND ( 'NONE', #2947, .T. ) ;
#4670 = SURFACE_SIDE_STYLE ('',( #4376 ) ) ;
#4671 = CARTESIAN_POINT ( 'NONE',  ( -0.3807452682551843992, -2.886709523219207062E-16, 49.99999999999970157 ) ) ;
#4672 = CARTESIAN_POINT ( 'NONE',  ( 10.58372082581209739, -3.350287950190303847E-15, -42.00000000000031974 ) ) ;
#4673 = CARTESIAN_POINT ( 'NONE',  ( 4.826361512931361730, -3.350287950190304636E-15, -40.82842712474651137 ) ) ;
#4674 = AXIS2_PLACEMENT_3D ( 'NONE', #2474, #2806, #882 ) ;
#4675 = EDGE_LOOP ( 'NONE', ( #1843, #1002, #1048, #2993 ) ) ;
#4676 = CARTESIAN_POINT ( 'NONE',  ( 4.205041169371719789, -3.350287950190303453E-15, -38.17157287525412102 ) ) ;
#4677 = AXIS2_PLACEMENT_3D ( 'NONE', #2596, #4109, #1042 ) ;
#4678 = VERTEX_POINT ( 'NONE', #652 ) ;
#4679 = ORIENTED_EDGE ( 'NONE', *, *, #1120, .T. ) ;
#4680 = CARTESIAN_POINT ( 'NONE',  ( 11.99793438818519320, -3.350287950190303058E-15, 43.17157287525353127 ) ) ;
#4681 =( LENGTH_UNIT ( ) NAMED_UNIT ( * ) SI_UNIT ( .MILLI., .METRE. ) );
#4682 = VERTEX_POINT ( 'NONE', #312 ) ;
#4683 =( NAMED_UNIT ( * ) PLANE_ANGLE_UNIT ( ) SI_UNIT ( $, .RADIAN. ) );
#4684 = DIRECTION ( 'NONE',  ( 1.000000000000000000, -0.000000000000000000, 0.000000000000000000 ) ) ;
#4685 = EDGE_CURVE ( 'NONE', #4812, #502, #1027, .T. ) ;
#4686 = FILL_AREA_STYLE_COLOUR ( '', #3391 ) ;
#4687 = CARTESIAN_POINT ( 'NONE',  ( -0.8807452682551838441, -26.00000000000000711, -2.953366717850514078E-13 ) ) ;
#4688 = CARTESIAN_POINT ( 'NONE',  ( 12.11925473174482093, -3.350287950190303847E-15, -45.07106781186575262 ) ) ;
#4689 = FACE_OUTER_BOUND ( 'NONE', #3414, .T. ) ;
#4690 = VERTEX_POINT ( 'NONE', #3730 ) ;
#4691 = CARTESIAN_POINT ( 'NONE',  ( -12.75942492469556377, -43.17157287525382969, -2.983724378680108202E-13 ) ) ;
#4692 = CARTESIAN_POINT ( 'NONE',  ( 12.11925473174481915, 90.14213562373089417, -45.07106781186574551 ) ) ;
#4693 = VERTEX_POINT ( 'NONE', #3307 ) ;
#4694 = ORIENTED_EDGE ( 'NONE', *, *, #1374, .T. ) ;
#4695 = DIRECTION ( 'NONE',  ( 0.000000000000000000, 0.000000000000000000, 1.000000000000000000 ) ) ;
#4696 = CARTESIAN_POINT ( 'NONE',  ( 8.619254731744820930, 89.31370849898476649, 44.65685424949209903 ) ) ;
#4697 = CARTESIAN_POINT ( 'NONE',  ( 13.53346829411791141, -5.187428551102156057E-16, -2.983724378680108202E-13 ) ) ;
#4698 = CARTESIAN_POINT ( 'NONE',  ( 2.583720825812073407, -1.023459031810331891E-15, 37.99999999999971578 ) ) ;
#4699 =( GEOMETRIC_REPRESENTATION_CONTEXT ( 3 ) GLOBAL_UNCERTAINTY_ASSIGNED_CONTEXT ( ( #2233 ) ) GLOBAL_UNIT_ASSIGNED_CONTEXT ( ( #126, #3752, #3115 ) ) REPRESENTATION_CONTEXT ( 'NONE', 'WORKASPACE' ) );
#4700 = ORIENTED_EDGE ( 'NONE', *, *, #333, .F. ) ;
#4701 = CARTESIAN_POINT ( 'NONE',  ( -0.3807452682551843992, -8.397620119382280840E-16, 40.99999999999972999 ) ) ;
#4702 = CARTESIAN_POINT ( 'NONE',  ( 6.119254731744815601, -3.350287950190303453E-15, 36.99999999999971578 ) ) ;
#4703 = CARTESIAN_POINT ( 'NONE',  ( -1.416279174187926149, -3.350287950190303453E-15, -38.00000000000031264 ) ) ;
#4704 = FILL_AREA_STYLE ('',( #166 ) ) ;
#4705 =( GEOMETRIC_REPRESENTATION_CONTEXT ( 3 ) GLOBAL_UNCERTAINTY_ASSIGNED_CONTEXT ( ( #4081 ) ) GLOBAL_UNIT_ASSIGNED_CONTEXT ( ( #3157, #656, #2408 ) ) REPRESENTATION_CONTEXT ( 'NONE', 'WORKASPACE' ) );
#4706 = CARTESIAN_POINT ( 'NONE',  ( 0.1192547317448161698, -3.350287950190303453E-15, 35.66666666666633745 ) ) ;
#4707 = STYLED_ITEM ( 'NONE', ( #4560 ), #1412 ) ;
#4708 = ADVANCED_FACE ( 'NONE', ( #1020 ), #3737, .T. ) ;
#4709 =( GEOMETRIC_REPRESENTATION_CONTEXT ( 3 ) GLOBAL_UNCERTAINTY_ASSIGNED_CONTEXT ( ( #111 ) ) GLOBAL_UNIT_ASSIGNED_CONTEXT ( ( #3013, #4199, #872 ) ) REPRESENTATION_CONTEXT ( 'NONE', 'WORKASPACE' ) );
#4710 = CARTESIAN_POINT ( 'NONE',  ( 6.240575075304460206, -3.350287950190303847E-15, 41.99999999999972289 ) ) ;
#4711 = PRESENTATION_STYLE_ASSIGNMENT (( #4278 ) ) ;
#4712 = DIRECTION ( 'NONE',  ( 1.000000000000000000, -3.426320245621153056E-18, -2.489367373009506297E-18 ) ) ;
#4713 = LINE ( 'NONE', #3140, #674 ) ;
#4714 = COLOUR_RGB ( '',0.7529411764705882248, 0.7529411764705882248, 0.7529411764705882248 ) ;
#4715 = EDGE_CURVE ( 'NONE', #3133, #2609, #1494, .T. ) ;
#4716 = CARTESIAN_POINT ( 'NONE',  ( -12.88074526825518618, -90.14213562373090838, -45.07106781186576683 ) ) ;
#4717 = CARTESIAN_POINT ( 'NONE',  ( 10.24057507530445932, -3.350287950190303453E-15, 33.99999999999972289 ) ) ;
#4718 = FILL_AREA_STYLE_COLOUR ( '', #3915 ) ;
#4719 = LINE ( 'NONE', #3532, #2841 ) ;
#4720 = DIRECTION ( 'NONE',  ( 0.000000000000000000, 0.000000000000000000, -1.000000000000000000 ) ) ;
#4721 = MECHANICAL_DESIGN_GEOMETRIC_PRESENTATION_REPRESENTATION (  '', ( #2406 ), #3837 ) ;
#4722 = COLOUR_RGB ( '',0.7529411764705882248, 0.7529411764705882248, 0.7529411764705882248 ) ;
#4723 = EDGE_CURVE ( 'NONE', #3360, #3220, #638, .T. ) ;
#4724 = ORIENTED_EDGE ( 'NONE', *, *, #586, .T. ) ;
#4725 = CARTESIAN_POINT ( 'NONE',  ( -7.002065611814828117, 84.00000000000004263, -42.00000000000031974 ) ) ;
#4726 = DIRECTION ( 'NONE',  ( 0.000000000000000000, 0.000000000000000000, 1.000000000000000000 ) ) ;
#4727 = CARTESIAN_POINT ( 'NONE',  ( 4.826361512931361730, -8.502678205632331844E-16, -2.983724378680108202E-13 ) ) ;
#4728 = ORIENTED_EDGE ( 'NONE', *, *, #2343, .T. ) ;
#4729 = CARTESIAN_POINT ( 'NONE',  ( 6.119254731744815601, -3.350287950190303453E-15, 36.99999999999971578 ) ) ;
#4730 = SURFACE_SIDE_STYLE ('',( #3596 ) ) ;
#4731 = CARTESIAN_POINT ( 'NONE',  ( -4.759424924695541570, -9.517208832279603011E-16, -2.983724378680108202E-13 ) ) ;
#4732 = CARTESIAN_POINT ( 'NONE',  ( -14.88074526825518973, -3.350287950190304242E-15, -47.96649831220418037 ) ) ;
#4733 = CARTESIAN_POINT ( 'NONE',  ( 6.240575075304461095, -84.00000000000004263, 41.99999999999972289 ) ) ;
#4734 =( NAMED_UNIT ( * ) SI_UNIT ( $, .STERADIAN. ) SOLID_ANGLE_UNIT ( ) );
#4735 = FACE_OUTER_BOUND ( 'NONE', #4116, .T. ) ;
#4736 = FILL_AREA_STYLE_COLOUR ( '', #2564 ) ;
#4737 = PRESENTATION_LAYER_ASSIGNMENT (  '', '', ( #4011 ) ) ;
#4738 = CARTESIAN_POINT ( 'NONE',  ( -12.88074526825518795, -3.350287950190303847E-15, 53.07106781186516997 ) ) ;
#4739 = CARTESIAN_POINT ( 'NONE',  ( 2.240575075304460650, -84.00000000000004263, -42.00000000000031974 ) ) ;
#4740 = CARTESIAN_POINT ( 'NONE',  ( 4.826361512931361730, -8.502678205632331844E-16, -2.983724378680108202E-13 ) ) ;
#4741 = DIRECTION ( 'NONE',  ( -1.000000000000000000, -1.016439536705160599E-18, -0.000000000000000000 ) ) ;
#4742 = MECHANICAL_DESIGN_GEOMETRIC_PRESENTATION_REPRESENTATION (  '', ( #1709 ), #544 ) ;
#4743 = CARTESIAN_POINT ( 'NONE',  ( 12.11925473174481915, 106.1421356237308800, -53.07106781186573841 ) ) ;
#4744 =( LENGTH_UNIT ( ) NAMED_UNIT ( * ) SI_UNIT ( .MILLI., .METRE. ) );
#4745 = ADVANCED_FACE ( 'NONE', ( #4689 ), #1322, .T. ) ;
#4746 = CIRCLE ( 'NONE', #2518, 42.00000000000002132 ) ;
#4747 = ORIENTED_EDGE ( 'NONE', *, *, #391, .T. ) ;
#4748 = EDGE_LOOP ( 'NONE', ( #2455, #4612, #2622, #206, #1126 ) ) ;
#4749 = CARTESIAN_POINT ( 'NONE',  ( -11.00206561181482989, -68.00000000000005684, 33.99999999999973710 ) ) ;
#4750 = CARTESIAN_POINT ( 'NONE',  ( 8.619254731744819154, -3.350287950190303453E-15, 44.65685424949207771 ) ) ;
#4751 = MECHANICAL_DESIGN_GEOMETRIC_PRESENTATION_REPRESENTATION (  '', ( #1566 ), #3230 ) ;
#4752 = UNCERTAINTY_MEASURE_WITH_UNIT (LENGTH_MEASURE( 1.000000000000000082E-05 ), #3932, 'distance_accuracy_value', 'NONE');
#4753 = ORIENTED_EDGE ( 'NONE', *, *, #78, .T. ) ;
#4754 = CIRCLE ( 'NONE', #878, 1.600000000000000755 ) ;
#4755 = DIRECTION ( 'NONE',  ( -1.000000000000000000, 2.009103862151800363E-17, 0.000000000000000000 ) ) ;
#4756 = CARTESIAN_POINT ( 'NONE',  ( -1.416279174187926149, 76.00000000000002842, 37.99999999999971578 ) ) ;
#4757 = CARTESIAN_POINT ( 'NONE',  ( 0.1192547317448161698, 21.03444185374883446, 13.68241655960373038 ) ) ;
#4758 = FILL_AREA_STYLE ('',( #567 ) ) ;
#4759 = CARTESIAN_POINT ( 'NONE',  ( 10.24057507530445932, -3.350287950190303453E-15, 33.99999999999972289 ) ) ;
#4760 = CARTESIAN_POINT ( 'NONE',  ( 10.58372082581209384, 84.00000000000004263, -42.00000000000031974 ) ) ;
#4761 = LINE ( 'NONE', #2866, #2691 ) ;
#4762 = CARTESIAN_POINT ( 'NONE',  ( 2.240575075304460650, -68.00000000000005684, 33.99999999999973710 ) ) ;
#4763 = DIRECTION ( 'NONE',  ( 3.751350377488300492E-17, 1.000000000000000000, 0.000000000000000000 ) ) ;
#4764 = SURFACE_STYLE_FILL_AREA ( #3984 ) ;
#4765 = CYLINDRICAL_SURFACE ( 'NONE', #3131, 37.00000000000001421 ) ;
#4766 = ORIENTED_EDGE ( 'NONE', *, *, #1782, .F. ) ;
#4767 = ORIENTED_EDGE ( 'NONE', *, *, #1353, .F. ) ;
#4768 = CARTESIAN_POINT ( 'NONE',  ( -11.00206561181482989, -84.00000000000004263, -42.00000000000031974 ) ) ;
#4769 = EDGE_CURVE ( 'NONE', #1674, #513, #1573, .T. ) ;
#4770 = CARTESIAN_POINT ( 'NONE',  ( 12.61925473174481560, 89.31370849898475228, -44.65685424949267457 ) ) ;
#4771 = DIRECTION ( 'NONE',  ( 1.000000000000000000, -0.000000000000000000, 0.000000000000000000 ) ) ;
#4772 = STYLED_ITEM ( 'NONE', ( #748 ), #2612 ) ;
#4773 = ORIENTED_EDGE ( 'NONE', *, *, #633, .F. ) ;
#4774 = FACE_OUTER_BOUND ( 'NONE', #346, .T. ) ;
#4775 = EDGE_CURVE ( 'NONE', #361, #4437, #3081, .T. ) ;
#4776 = PRESENTATION_STYLE_ASSIGNMENT (( #1686 ) ) ;
#4777 = DIRECTION ( 'NONE',  ( 0.000000000000000000, 1.000000000000000000, 0.000000000000000000 ) ) ;
#4778 = ADVANCED_FACE ( 'NONE', ( #2759 ), #4207, .T. ) ;
#4779 = PRESENTATION_LAYER_ASSIGNMENT (  '', '', ( #2390 ) ) ;
#4780 = CARTESIAN_POINT ( 'NONE',  ( 0.1192547317448161698, -26.00000000000000711, -2.953366717850514078E-13 ) ) ;
#4781 = LINE ( 'NONE', #3625, #3852 ) ;
#4782 = CARTESIAN_POINT ( 'NONE',  ( -11.34521136232246441, -3.350287950190303847E-15, -42.00000000000031974 ) ) ;
#4783 = AXIS2_PLACEMENT_3D ( 'NONE', #923, #2415, #3931 ) ;
#4784 = CARTESIAN_POINT ( 'NONE',  ( -16.88074526825518973, -90.14213562373097943, 45.07106781186517708 ) ) ;
#4785 = CARTESIAN_POINT ( 'NONE',  ( 2.240575075304460650, 68.00000000000005684, 33.99999999999973710 ) ) ;
#4786 = DIRECTION ( 'NONE',  ( -2.344220913482170916E-17, -1.000000000000000000, 0.000000000000000000 ) ) ;
#4787 =( NAMED_UNIT ( * ) PLANE_ANGLE_UNIT ( ) SI_UNIT ( $, .RADIAN. ) );
#4788 = CARTESIAN_POINT ( 'NONE',  ( -3.345211362322441762, -76.00000000000001421, -38.00000000000031264 ) ) ;
#4789 = DIRECTION ( 'NONE',  ( -1.000000000000000000, 0.000000000000000000, 0.000000000000000000 ) ) ;
#4790 = AXIS2_PLACEMENT_3D ( 'NONE', #3676, #4807, #4449 ) ;
#4791 = EDGE_LOOP ( 'NONE', ( #1178, #113, #12, #470 ) ) ;
#4792 = ORIENTED_EDGE ( 'NONE', *, *, #2366, .T. ) ;
#4793 = PRESENTATION_LAYER_ASSIGNMENT (  '', '', ( #3510 ) ) ;
#4794 = FILL_AREA_STYLE ('',( #4459 ) ) ;
#4795 = STYLED_ITEM ( 'NONE', ( #3630 ), #841 ) ;
#4796 = VERTEX_POINT ( 'NONE', #3979 ) ;
#4797 = CARTESIAN_POINT ( 'NONE',  ( 6.240575075304460206, 4.364986884438026264E-15, -42.00000000000031974 ) ) ;
#4798 = CARTESIAN_POINT ( 'NONE',  ( 2.583720825812073407, -3.350287950190303847E-15, 37.99999999999971578 ) ) ;
#4799 = CARTESIAN_POINT ( 'NONE',  ( 0.1192547317448161698, -26.00000000000000711, -2.953366717850514078E-13 ) ) ;
#4800 = ADVANCED_FACE ( 'NONE', ( #4735 ), #2214, .F. ) ;
#4801 = DIRECTION ( 'NONE',  ( 0.000000000000000000, 0.000000000000000000, -1.000000000000000000 ) ) ;
#4802 = CARTESIAN_POINT ( 'NONE',  ( -11.34521136232246441, 84.00000000000004263, 41.99999999999972289 ) ) ;
#4803 = LINE ( 'NONE', #1402, #2317 ) ;
#4804 = CARTESIAN_POINT ( 'NONE',  ( 6.583720825812095612, -3.350287950190303453E-15, -50.00000000000031974 ) ) ;
#4805 = CARTESIAN_POINT ( 'NONE',  ( -15.34521136232246796, -100.0000000000000568, -50.00000000000031974 ) ) ;
#4806 = CARTESIAN_POINT ( 'NONE',  ( -12.75942492469556200, -3.350287950190304242E-15, 43.17157287525353127 ) ) ;
#4807 = DIRECTION ( 'NONE',  ( -1.000000000000000000, 0.000000000000000000, 0.000000000000000000 ) ) ;
#4808 = CARTESIAN_POINT ( 'NONE',  ( 14.11925473174481915, 50.00000000000000000, -2.953596810412877845E-13 ) ) ;
#4809 = FILL_AREA_STYLE_COLOUR ( '', #1420 ) ;
#4810 = DIRECTION ( 'NONE',  ( 0.000000000000000000, 0.000000000000000000, 1.000000000000000000 ) ) ;
#4811 = STYLED_ITEM ( 'NONE', ( #3349 ), #4106 ) ;
#4812 = VERTEX_POINT ( 'NONE', #2209 ) ;
#4813 = CARTESIAN_POINT ( 'NONE',  ( 2.790827606998623978, -3.350287950190303847E-15, -45.00000000000031264 ) ) ;
#4814 = ORIENTED_EDGE ( 'NONE', *, *, #2940, .T. ) ;
#4815 = CIRCLE ( 'NONE', #2186, 1.600000000000000755 ) ;
#4816 = CARTESIAN_POINT ( 'NONE',  ( -11.00206561181482989, -3.350287950190303453E-15, 41.99999999999972999 ) ) ;
#4817 = SURFACE_STYLE_FILL_AREA ( #4794 ) ;
#4818 = CARTESIAN_POINT ( 'NONE',  ( 2.790827606998624866, -74.00000000000002842, 36.99999999999971578 ) ) ;
#4819 = PRESENTATION_LAYER_ASSIGNMENT (  '', '', ( #3536 ) ) ;
#4820 = ORIENTED_EDGE ( 'NONE', *, *, #1301, .F. ) ;
#4821 = SURFACE_STYLE_FILL_AREA ( #4438 ) ;
#4822 = CARTESIAN_POINT ( 'NONE',  ( 6.583720825812071631, -3.350287950190303453E-15, 37.99999999999970868 ) ) ;
#4823 = AXIS2_PLACEMENT_3D ( 'NONE', #2083, #3191, #3169 ) ;
#4824 =( BOUNDED_SURFACE ( )  B_SPLINE_SURFACE ( 3, 3, ( 
 ( #3213, #1768, #1740, #2058, #971, #3260, #571 ),
 ( #3280, #3982, #550, #4717, #1327, #2473, #2497 ),
 ( #2031, #4402, #3237, #4425, #598, #3958, #4035 ),
 ( #4356, #1364, #3192, #995, #2868, #2084, #3650 ),
 ( #4006, #2805, #3604, #216, #1697, #4739, #649 ),
 ( #1343, #238, #4785, #1718, #4762, #626, #1666 ),
 ( #2109, #3628, #1386, #2893, #1017, #2526, #2133 ) ),
 .UNSPECIFIED., .T., .T., .F. ) 
 B_SPLINE_SURFACE_WITH_KNOTS ( ( 4, 3, 4 ),
 ( 4, 3, 4 ),
 ( 0.000000000000000000, 0.5000000000000000000, 1.000000000000000000 ),
 ( 0.000000000000000000, 0.5000000000000000000, 1.000000000000000000 ),
 .UNSPECIFIED. ) 
 GEOMETRIC_REPRESENTATION_ITEM ( )  RATIONAL_B_SPLINE_SURFACE ( (
 ( 1.000000000000000000, 0.3333333333333333148, 0.3333333333333333148, 1.000000000000000000, 0.3333333333333333148, 0.3333333333333333148, 1.000000000000000000),
 ( 0.3333333333333333703, 0.1111111111111111188, 0.1111111111111111188, 0.3333333333333333703, 0.1111111111111111188, 0.1111111111111111188, 0.3333333333333333703),
 ( 0.3333333333333333703, 0.1111111111111111188, 0.1111111111111111188, 0.3333333333333333703, 0.1111111111111111188, 0.1111111111111111188, 0.3333333333333333703),
 ( 1.000000000000000000, 0.3333333333333333148, 0.3333333333333333148, 1.000000000000000000, 0.3333333333333333148, 0.3333333333333333148, 1.000000000000000000),
 ( 0.3333333333333333703, 0.1111111111111111188, 0.1111111111111111188, 0.3333333333333333703, 0.1111111111111111188, 0.1111111111111111188, 0.3333333333333333703),
 ( 0.3333333333333333703, 0.1111111111111111188, 0.1111111111111111188, 0.3333333333333333703, 0.1111111111111111188, 0.1111111111111111188, 0.3333333333333333703),
 ( 1.000000000000000000, 0.3333333333333333148, 0.3333333333333333148, 1.000000000000000000, 0.3333333333333333148, 0.3333333333333333148, 1.000000000000000000) ) ) 
 REPRESENTATION_ITEM ( '' )  SURFACE ( )  );
#4825 = AXIS2_PLACEMENT_3D ( 'NONE', #4581, #2679, #1909 ) ;
#4826 = SURFACE_STYLE_USAGE ( .BOTH. , #1473 ) ;
#4827 = EDGE_CURVE ( 'NONE', #3808, #1024, #4761, .T. ) ;
#4828 = CARTESIAN_POINT ( 'NONE',  ( 10.58372082581209384, -100.0000000000000284, -50.00000000000030553 ) ) ;
#4829 = MECHANICAL_DESIGN_GEOMETRIC_PRESENTATION_REPRESENTATION (  '', ( #2030 ), #561 ) ;
#4830 = CARTESIAN_POINT ( 'NONE',  ( -14.88074526825518618, -3.350287950190303847E-15, -49.07106781186576683 ) ) ;
#4831 = DIRECTION ( 'NONE',  ( 0.000000000000000000, 0.000000000000000000, 1.000000000000000000 ) ) ;
#4832 = CARTESIAN_POINT ( 'NONE',  ( -3.345211362322441762, 92.00000000000000000, -46.00000000000030553 ) ) ;
#4833 = ORIENTED_EDGE ( 'NONE', *, *, #4473, .T. ) ;
#4834 = CARTESIAN_POINT ( 'NONE',  ( 6.790827606998623089, -3.350287950190303453E-15, 36.99999999999971578 ) ) ;
#4835 = EDGE_LOOP ( 'NONE', ( #1753, #499, #3150, #3507 ) ) ;
#4836 = CARTESIAN_POINT ( 'NONE',  ( -8.880745268255186176, -106.1421356237309652, 53.07106781186519129 ) ) ;
#4837 = CARTESIAN_POINT ( 'NONE',  ( -7.002065611814828117, -68.00000000000005684, 33.99999999999972289 ) ) ;
#4838 = EDGE_CURVE ( 'NONE', #3529, #684, #556, .T. ) ;
#4839 = VERTEX_POINT ( 'NONE', #101 ) ;
#4840 = APPLICATION_CONTEXT ( 'automotive_design' ) ;
#4841 = CARTESIAN_POINT ( 'NONE',  ( 14.11925473174481915, -3.455516438631173922E-16, -2.983724378680108202E-13 ) ) ;
#4842 = CARTESIAN_POINT ( 'NONE',  ( 6.583720825812076960, 92.00000000000005684, -46.00000000000030553 ) ) ;
#4843 = SURFACE_SIDE_STYLE ('',( #2589 ) ) ;
#4844 = VECTOR ( 'NONE', #3521, 1000.000000000000000 ) ;
#4845 = SURFACE_STYLE_FILL_AREA ( #2542 ) ;
#4846 = CARTESIAN_POINT ( 'NONE',  ( -11.34521136232246441, -3.350287950190303847E-15, -42.00000000000031974 ) ) ;
#4847 = DIRECTION ( 'NONE',  ( -1.000000000000000000, -4.130293990420967541E-17, -0.000000000000000000 ) ) ;
#4848 =( GEOMETRIC_REPRESENTATION_CONTEXT ( 3 ) GLOBAL_UNCERTAINTY_ASSIGNED_CONTEXT ( ( #2815 ) ) GLOBAL_UNIT_ASSIGNED_CONTEXT ( ( #1759, #278, #1808 ) ) REPRESENTATION_CONTEXT ( 'NONE', 'WORKASPACE' ) );
#4849 =( NAMED_UNIT ( * ) SI_UNIT ( $, .STERADIAN. ) SOLID_ANGLE_UNIT ( ) );
#4850 = CARTESIAN_POINT ( 'NONE',  ( -11.34521136232246441, -3.350287950190303847E-15, 41.99999999999972289 ) ) ;
#4851 = AXIS2_PLACEMENT_3D ( 'NONE', #3809, #837, #1913 ) ;
#4852 = CARTESIAN_POINT ( 'NONE',  ( 14.03346829411790431, -5.441061207763970890E-16, -2.983724378680108202E-13 ) ) ;
#4853 = FILL_AREA_STYLE ('',( #4083 ) ) ;
#4854 = PRESENTATION_STYLE_ASSIGNMENT (( #2164 ) ) ;
#4855 = SURFACE_STYLE_USAGE ( .BOTH. , #4471 ) ;
#4856 = CARTESIAN_POINT ( 'NONE',  ( 0.6547886376775576833, 92.00000000000005684, 45.99999999999972289 ) ) ;
#4857 = SURFACE_STYLE_FILL_AREA ( #2601 ) ;
#4858 = AXIS2_PLACEMENT_3D ( 'NONE', #3302, #2981, #676 ) ;
#4859 = MECHANICAL_DESIGN_GEOMETRIC_PRESENTATION_REPRESENTATION (  '', ( #1451 ), #4325 ) ;
#4860 = CIRCLE ( 'NONE', #2948, 40.82842712474621294 ) ;
#4861 = EDGE_CURVE ( 'NONE', #812, #2271, #3949, .T. ) ;
#4862 = ORIENTED_EDGE ( 'NONE', *, *, #2946, .F. ) ;
#4863 = VERTEX_POINT ( 'NONE', #4136 ) ;
#4864 = CARTESIAN_POINT ( 'NONE',  ( 14.03346829411790431, 2.262075708637509669E-15, 45.82842712474587188 ) ) ;
#4865 = AXIS2_PLACEMENT_3D ( 'NONE', #807, #1053, #434 ) ;
#4866 = CARTESIAN_POINT ( 'NONE',  ( -7.345211362322443094, -76.00000000000002842, -38.00000000000031974 ) ) ;
#4867 = MECHANICAL_DESIGN_GEOMETRIC_PRESENTATION_REPRESENTATION (  '', ( #1071 ), #67 ) ;
#4868 = MECHANICAL_DESIGN_GEOMETRIC_PRESENTATION_REPRESENTATION (  '', ( #3342 ), #3346 ) ;
#4869 = CIRCLE ( 'NONE', #447, 43.17157287525382969 ) ;
#4870 = VERTEX_POINT ( 'NONE', #1572 ) ;
#4871 =( LENGTH_UNIT ( ) NAMED_UNIT ( * ) SI_UNIT ( .MILLI., .METRE. ) );
#4872 = FACE_BOUND ( 'NONE', #3076, .T. ) ;
#4873 = AXIS2_PLACEMENT_3D ( 'NONE', #467, #68, #2692 ) ;
#4874 = PRESENTATION_STYLE_ASSIGNMENT (( #3002 ) ) ;
#4875 = CIRCLE ( 'NONE', #218, 40.82842712474621294 ) ;
#4876 = CIRCLE ( 'NONE', #373, 50.00000000000000000 ) ;
#4877 = CARTESIAN_POINT ( 'NONE',  ( -7.002065611814829893, -7.785296719808605099E-16, 41.99999999999972289 ) ) ;
#4878 = AXIS2_PLACEMENT_3D ( 'NONE', #2469, #1303, #4399 ) ;
#4879 = DIRECTION ( 'NONE',  ( 3.469446951953614189E-17, -1.000000000000000000, 0.000000000000000000 ) ) ;
#4880 = CYLINDRICAL_SURFACE ( 'NONE', #2935, 38.00000000000001421 ) ;
#4881 = FILL_AREA_STYLE ('',( #453 ) ) ;
#4882 =( NAMED_UNIT ( * ) SI_UNIT ( $, .STERADIAN. ) SOLID_ANGLE_UNIT ( ) );
#4883 = FILL_AREA_STYLE ('',( #4521 ) ) ;
#4884 = CARTESIAN_POINT ( 'NONE',  ( -8.880745268255186176, 90.14213562373097943, -45.07106781186578814 ) ) ;
#4885 = CYLINDRICAL_SURFACE ( 'NONE', #1380, 50.00000000000000000 ) ;
#4886 =( GEOMETRIC_REPRESENTATION_CONTEXT ( 3 ) GLOBAL_UNCERTAINTY_ASSIGNED_CONTEXT ( ( #3882 ) ) GLOBAL_UNIT_ASSIGNED_CONTEXT ( ( #3753, #16, #780 ) ) REPRESENTATION_CONTEXT ( 'NONE', 'WORKASPACE' ) );
#4887 = CARTESIAN_POINT ( 'NONE',  ( 16.11925473174482093, -3.350287950190303453E-15, -53.07106781186574551 ) ) ;
#4888 = UNCERTAINTY_MEASURE_WITH_UNIT (LENGTH_MEASURE( 1.000000000000000082E-05 ), #4084, 'distance_accuracy_value', 'NONE');
#4889 = ORIENTED_EDGE ( 'NONE', *, *, #4637, .T. ) ;
#4890 = CARTESIAN_POINT ( 'NONE',  ( -1.209172393001375578, -90.00000000000005684, 44.99999999999972289 ) ) ;
#4891 = ORIENTED_EDGE ( 'NONE', *, *, #1819, .F. ) ;
#4892 = CARTESIAN_POINT ( 'NONE',  ( -0.8807452682551838441, -21.03444185374850406, 15.28241655960419365 ) ) ;
#4893 = CARTESIAN_POINT ( 'NONE',  ( -12.88074526825518618, -90.14213562373090838, -45.07106781186576683 ) ) ;
#4894 = CARTESIAN_POINT ( 'NONE',  ( 0.6547886376775576833, 76.00000000000002842, -38.00000000000031974 ) ) ;
#4895 = CIRCLE ( 'NONE', #2761, 38.00000000000001421 ) ;
#4896 = EDGE_CURVE ( 'NONE', #1941, #4863, #1285, .T. ) ;
ENDSEC;
END-ISO-10303-21;
