ISO-10303-21;
HEADER;
FILE_DESCRIPTION (( 'STEP AP214' ),
    '1' );
FILE_NAME ('GB¨uT 819.1-2016[Ê®×Ö²Û³ÁÍ·ÂÝ¶¤M3¡Á25].step',
    '2023-08-15T03:01:56',
    ( '' ),
    ( '' ),
    'SwSTEP 2.0',
    'SolidWorks 2022',
    '' );
FILE_SCHEMA (( 'AUTOMOTIVE_DESIGN' ));
ENDSEC;

DATA;
#1 = CARTESIAN_POINT ( 'NONE',  ( 0.000000000000000000, -0.3747915183772608794, 0.5876139952981623837 ) ) ;
#2 = CARTESIAN_POINT ( 'NONE',  ( 1.340000000000001634, 0.6779123938349416179, -0.2295000000000000373 ) ) ;
#3 = CARTESIAN_POINT ( 'NONE',  ( 2.271857787678656759, 0.000000000000000000, 0.000000000000000000 ) ) ;
#4 = CARTESIAN_POINT ( 'NONE',  ( 0.6699999999999995959, -0.5563979746839676777, 0.3293927227357139609 ) ) ;
#5 = EDGE_CURVE ( 'NONE', #1544, #441, #38, .T. ) ;
#6 = ORIENTED_EDGE ( 'NONE', *, *, #1038, .F. ) ;
#7 = CARTESIAN_POINT ( 'NONE',  ( 1.340000000000002078, -0.2572507890131589536, -0.5414463541971964444 ) ) ;
#8 = AXIS2_PLACEMENT_3D ( 'NONE', #1605, #1634, #1618 ) ;
#9 = CARTESIAN_POINT ( 'NONE',  ( 2.009999999999999787, -0.5392499249289480767, -0.2294999999999995377 ) ) ;
#10 = EDGE_CURVE ( 'NONE', #1481, #148, #913, .T. ) ;
#11 = ORIENTED_EDGE ( 'NONE', *, *, #864, .F. ) ;
#12 = CARTESIAN_POINT ( 'NONE',  ( 2.620000000000000995, 1.836970198721030181E-16, 1.500000000000000222 ) ) ;
#13 = CARTESIAN_POINT ( 'NONE',  ( 2.009999999999999787, 0.5514436819556088887, -0.2294999999999999818 ) ) ;
#14 = DIRECTION ( 'NONE',  ( -0.000000000000000000, 3.591718688385627864E-16, 1.000000000000000000 ) ) ;
#15 = DIRECTION ( 'NONE',  ( 0.000000000000000000, 0.000000000000000000, -1.000000000000000000 ) ) ;
#16 = AXIS2_PLACEMENT_3D ( 'NONE', #873, #449, #1526 ) ;
#17 = VERTEX_POINT ( 'NONE', #1546 ) ;
#18 = CARTESIAN_POINT ( 'NONE',  ( 1.339999999999999414, -0.2295000000000000373, -0.9125421190617996059 ) ) ;
#19 = CARTESIAN_POINT ( 'NONE',  ( 2.010000000000000675, -0.5302528608183744163, -0.2298864209738519793 ) ) ;
#20 = ORIENTED_EDGE ( 'NONE', *, *, #484, .T. ) ;
#21 = CARTESIAN_POINT ( 'NONE',  ( 2.009999999999999787, 0.2450149121693466769, 0.4814264026820337383 ) ) ;
#22 = DIRECTION ( 'NONE',  ( 0.000000000000000000, 0.000000000000000000, 1.000000000000000000 ) ) ;
#23 = DIRECTION ( 'NONE',  ( 0.8660254037844382635, 0.000000000000000000, -0.5000000000000006661 ) ) ;
#24 = PLANE ( 'NONE',  #1210 ) ;
#25 = ORIENTED_EDGE ( 'NONE', *, *, #278, .T. ) ;
#26 = FACE_OUTER_BOUND ( 'NONE', #69, .T. ) ;
#27 = CARTESIAN_POINT ( 'NONE',  ( 0.000000000000000000, -0.7223733752154176679, -0.3594999999999995977 ) ) ;
#28 = CARTESIAN_POINT ( 'NONE',  ( 0.000000000000000000, -0.8400454180997739551, -0.7498633799456237981 ) ) ;
#29 = ORIENTED_EDGE ( 'NONE', *, *, #326, .F. ) ;
#30 = ORIENTED_EDGE ( 'NONE', *, *, #1459, .T. ) ;
#31 = CARTESIAN_POINT ( 'NONE',  ( 0.6699999999999999289, 0.8181839375154489336, 0.8282737758859136656 ) ) ;
#32 = DIRECTION ( 'NONE',  ( 0.000000000000000000, 1.000000000000000000, -1.224646799147353207E-16 ) ) ;
#33 = EDGE_CURVE ( 'NONE', #1126, #1736, #1006, .T. ) ;
#34 = FACE_OUTER_BOUND ( 'NONE', #293, .T. ) ;
#35 = CARTESIAN_POINT ( 'NONE',  ( 2.009999999999999787, 0.000000000000000000, 0.000000000000000000 ) ) ;
#36 = ORIENTED_EDGE ( 'NONE', *, *, #1233, .F. ) ;
#37 = CARTESIAN_POINT ( 'NONE',  ( 0.6699999999999997069, -0.2294999999999999818, -1.206271059530900081 ) ) ;
#38 = LINE ( 'NONE', #874, #1583 ) ;
#39 = DIRECTION ( 'NONE',  ( 1.000000000000000000, 0.000000000000000000, 0.000000000000000000 ) ) ;
#40 = EDGE_CURVE ( 'NONE', #1690, #1150, #1140, .T. ) ;
#41 = CARTESIAN_POINT ( 'NONE',  ( 1.340000000000000524, -0.5251819540697719724, -0.2839939270941664318 ) ) ;
#42 = ORIENTED_EDGE ( 'NONE', *, *, #171, .F. ) ;
#43 = CIRCLE ( 'NONE', #1049, 0.1300000000000000600 ) ;
#44 = VERTEX_POINT ( 'NONE', #190 ) ;
#45 = CARTESIAN_POINT ( 'NONE',  ( 0.6699999999999999289, 0.7376422223126328781, 0.7720464330963416888 ) ) ;
#46 = CARTESIAN_POINT ( 'NONE',  ( 1.339999999999999858, -0.07978931686783116706, 0.9491510707818525683 ) ) ;
#47 = CARTESIAN_POINT ( 'NONE',  ( 0.000000000000000000, -0.7223733752154178900, 0.3594999999999995977 ) ) ;
#48 = CARTESIAN_POINT ( 'NONE',  ( 0.6700000000000008171, -0.9276912656061176987, 0.2294999999999999540 ) ) ;
#49 = EDGE_LOOP ( 'NONE', ( #1381, #1651, #866, #1024 ) ) ;
#50 = DIRECTION ( 'NONE',  ( 0.000000000000000000, 0.000000000000000000, 1.000000000000000000 ) ) ;
#51 = AXIS2_PLACEMENT_3D ( 'NONE', #1410, #315, #179 ) ;
#52 = CARTESIAN_POINT ( 'NONE',  ( 0.000000000000000000, -0.9500594470901843058, -0.9048485144238093136 ) ) ;
#53 = VERTEX_POINT ( 'NONE', #596 ) ;
#54 = CARTESIAN_POINT ( 'NONE',  ( 0.000000000000000000, -0.5939171061348802461, 0.7293491378034443473 ) ) ;
#55 = LINE ( 'NONE', #71, #208 ) ;
#56 = CARTESIAN_POINT ( 'NONE',  ( 2.009999999999999787, 0.6737266061727790190, -0.08143397530174710519 ) ) ;
#57 = FACE_OUTER_BOUND ( 'NONE', #1682, .T. ) ;
#58 = CARTESIAN_POINT ( 'NONE',  ( 0.000000000000000000, 0.2294999999999997320, -1.435197781267951722 ) ) ;
#59 = AXIS2_PLACEMENT_3D ( 'NONE', #1191, #910, #1749 ) ;
#60 = AXIS2_PLACEMENT_3D ( 'NONE', #654, #1462, #1199 ) ;
#61 = ORIENTED_EDGE ( 'NONE', *, *, #1740, .T. ) ;
#62 = CARTESIAN_POINT ( 'NONE',  ( 0.000000000000000000, 1.060660171779821193, 1.060660171779820748 ) ) ;
#63 = CARTESIAN_POINT ( 'NONE',  ( 1.004999999999999893, 0.7560420266670362377, 0.7560420266670359046 ) ) ;
#64 = FACE_OUTER_BOUND ( 'NONE', #1100, .T. ) ;
#65 = CARTESIAN_POINT ( 'NONE',  ( 0.000000000000000000, 0.4882843205921665874, -0.6543671831136578243 ) ) ;
#66 = CARTESIAN_POINT ( 'NONE',  ( 0.000000000000000000, -1.060660171779820526, -1.060660171779820971 ) ) ;
#67 = ORIENTED_EDGE ( 'NONE', *, *, #1392, .F. ) ;
#68 = EDGE_CURVE ( 'NONE', #987, #1056, #911, .T. ) ;
#69 = EDGE_LOOP ( 'NONE', ( #198, #848, #1708, #93, #67, #1579, #1195 ) ) ;
#70 = VECTOR ( 'NONE', #1332, 999.9999999999998863 ) ;
#71 = CARTESIAN_POINT ( 'NONE',  ( 0.000000000000000000, 3.367778697655221012E-16, 2.750000000000000000 ) ) ;
#72 = VECTOR ( 'NONE', #1631, 1000.000000000000000 ) ;
#73 = CARTESIAN_POINT ( 'NONE',  ( 0.000000000000000000, 1.499999999999999556, 0.2294999999999999263 ) ) ;
#74 = DIRECTION ( 'NONE',  ( 0.000000000000000000, 0.000000000000000000, 1.000000000000000000 ) ) ;
#75 = CARTESIAN_POINT ( 'NONE',  ( 0.000000000000000000, 0.9048485144238088695, -0.9500594470901851940 ) ) ;
#76 = DIRECTION ( 'NONE',  ( 1.000000000000000000, -0.000000000000000000, -0.000000000000000000 ) ) ;
#77 = CIRCLE ( 'NONE', #459, 0.6600000000000000311 ) ;
#78 = LINE ( 'NONE', #634, #1413 ) ;
#79 = CARTESIAN_POINT ( 'NONE',  ( 1.339999999999999414, 0.6280079183132805110, 0.2294999999999997320 ) ) ;
#80 = DIRECTION ( 'NONE',  ( -0.000000000000000000, 0.5788330069785635468, -0.8154461049218115765 ) ) ;
#81 = CARTESIAN_POINT ( 'NONE',  ( 2.009999999999999787, 0.2450149121693464549, -0.4814264026820337383 ) ) ;
#82 = DIRECTION ( 'NONE',  ( 0.000000000000000000, 0.000000000000000000, 1.000000000000000000 ) ) ;
#83 = ORIENTED_EDGE ( 'NONE', *, *, #1025, .F. ) ;
#84 = CARTESIAN_POINT ( 'NONE',  ( 2.009999999999999787, -0.4514238815542511163, 0.4514238815542514494 ) ) ;
#85 = AXIS2_PLACEMENT_3D ( 'NONE', #1406, #608, #1175 ) ;
#86 = STYLED_ITEM ( 'NONE', ( #1205 ), #1457 ) ;
#87 = ADVANCED_BREP_SHAPE_REPRESENTATION ( 'GB¨uT 819.1-2016[Ê®×Ö²Û³ÁÍ·ÂÝ¶¤M3¡Á25]', ( #1563, #1086 ), #863 ) ;
#88 = CARTESIAN_POINT ( 'NONE',  ( 2.009999999999997566, 0.4098209597873729848, 0.3424619145679047016 ) ) ;
#89 = EDGE_CURVE ( 'NONE', #722, #526, #1414, .T. ) ;
#90 = DIRECTION ( 'NONE',  ( 1.000000000000000000, -0.000000000000000000, -0.000000000000000000 ) ) ;
#91 = CARTESIAN_POINT ( 'NONE',  ( 1.339999999999999858, 0.6278670266571274583, -0.6329119458423599909 ) ) ;
#92 = LINE ( 'NONE', #109, #559 ) ;
#93 = ORIENTED_EDGE ( 'NONE', *, *, #834, .F. ) ;
#94 = EDGE_CURVE ( 'NONE', #1497, #193, #105, .T. ) ;
#95 = DIRECTION ( 'NONE',  ( 0.000000000000000000, 3.485612946913468077E-17, -1.000000000000000000 ) ) ;
#96 = VECTOR ( 'NONE', #95, 1000.000000000000000 ) ;
#97 = CARTESIAN_POINT ( 'NONE',  ( 0.6699999999999991518, 0.6966372653289748529, 0.6140628914863841548 ) ) ;
#98 = AXIS2_PLACEMENT_3D ( 'NONE', #1263, #408, #1386 ) ;
#99 =( NAMED_UNIT ( * ) SI_UNIT ( $, .STERADIAN. ) SOLID_ANGLE_UNIT ( ) );
#100 = DIRECTION ( 'NONE',  ( -0.4959324508988054436, 0.000000000000000000, 0.8683611023908798243 ) ) ;
#101 = DIRECTION ( 'NONE',  ( 1.000000000000000000, -0.000000000000000000, -0.000000000000000000 ) ) ;
#102 = ORIENTED_EDGE ( 'NONE', *, *, #1714, .T. ) ;
#103 = UNCERTAINTY_MEASURE_WITH_UNIT (LENGTH_MEASURE( 1.000000000000000082E-05 ), #753, 'distance_accuracy_value', 'NONE');
#104 = CARTESIAN_POINT ( 'NONE',  ( 0.000000000000000000, 0.2294999999999997597, 0.7811363910286241996 ) ) ;
#105 = CIRCLE ( 'NONE', #736, 1.533314575050762851 ) ;
#106 = CARTESIAN_POINT ( 'NONE',  ( 0.6699999999999999289, 0.8282737758859139987, 0.8181839375154486005 ) ) ;
#107 = DIRECTION ( 'NONE',  ( 1.000000000000000000, -0.000000000000000000, -0.000000000000000000 ) ) ;
#108 = PLANE ( 'NONE',  #241 ) ;
#109 = CARTESIAN_POINT ( 'NONE',  ( 0.000000000000000000, -1.060660171779820748, -1.060660171779821193 ) ) ;
#110 = ORIENTED_EDGE ( 'NONE', *, *, #1639, .T. ) ;
#111 = CARTESIAN_POINT ( 'NONE',  ( 1.339999999999999192, -0.4782624030271445670, -0.5532291125581738633 ) ) ;
#112 = CARTESIAN_POINT ( 'NONE',  ( 1.339999999999999414, 0.2294999999999999263, 0.6280079183132806220 ) ) ;
#113 = EDGE_LOOP ( 'NONE', ( #1266, #903, #155, #214, #283 ) ) ;
#114 = CIRCLE ( 'NONE', #498, 0.6600000000000000311 ) ;
#115 = EDGE_CURVE ( 'NONE', #211, #987, #1448, .T. ) ;
#116 = CARTESIAN_POINT ( 'NONE',  ( 1.339999999999999858, -0.2362954785327344986, 0.5672279759450782333 ) ) ;
#117 = CARTESIAN_POINT ( 'NONE',  ( 0.6699999999999999289, 0.2294999999999997875, -1.206271059530900081 ) ) ;
#118 = CARTESIAN_POINT ( 'NONE',  ( 1.649999999999999689, 0.000000000000000000, 0.000000000000000000 ) ) ;
#119 = CARTESIAN_POINT ( 'NONE',  ( 0.000000000000000000, -1.500000000000000222, 0.07649999999999979039 ) ) ;
#120 = ORIENTED_EDGE ( 'NONE', *, *, #613, .T. ) ;
#121 = CARTESIAN_POINT ( 'NONE',  ( 0.6699999999999995959, -0.6140628914863847099, -0.6966372653289748529 ) ) ;
#122 = ADVANCED_FACE ( 'NONE', ( #262 ), #134, .F. ) ;
#123 = CARTESIAN_POINT ( 'NONE',  ( -0.000000000000000000, 0.2294999999999997320, 1.435197781267951056 ) ) ;
#124 = ADVANCED_FACE ( 'NONE', ( #1096 ), #442, .F. ) ;
#125 = CARTESIAN_POINT ( 'NONE',  ( 26.62000000000000099, 0.000000000000000000, 1.066999999999999948 ) ) ;
#126 = CARTESIAN_POINT ( 'NONE',  ( 1.340000000000000302, 0.5532291125581738633, -0.4782624030271447890 ) ) ;
#127 = DIRECTION ( 'NONE',  ( 1.000000000000000000, -0.000000000000000000, -0.000000000000000000 ) ) ;
#128 = DIRECTION ( 'NONE',  ( 0.000000000000000000, 0.000000000000000000, -1.000000000000000000 ) ) ;
#129 = ORIENTED_EDGE ( 'NONE', *, *, #94, .T. ) ;
#130 = CARTESIAN_POINT ( 'NONE',  ( 0.6699999999999990408, -0.3293927227357147935, -0.5563979746839676777 ) ) ;
#131 = LINE ( 'NONE', #1326, #1537 ) ;
#132 = EDGE_CURVE ( 'NONE', #614, #982, #1220, .T. ) ;
#133 = B_SPLINE_SURFACE_WITH_KNOTS ( 'NONE', 3, 3, ( 
 ( #404, #1094, #949, #1105 ),
 ( #1231, #269, #1223, #534 ),
 ( #1084, #832, #842, #297 ),
 ( #806, #1501, #414, #675 ),
 ( #568, #1530, #1636, #395 ),
 ( #1384, #151, #143, #1242 ),
 ( #556, #1627, #1370, #815 ),
 ( #435, #1362, #116, #135 ),
 ( #1757, #977, #1775, #279 ),
 ( #1, #1656, #957, #942 ),
 ( #426, #1493, #261, #966 ),
 ( #1522, #867, #1552, #1000 ),
 ( #54, #320, #587, #1416 ),
 ( #734, #877, #185, #723 ),
 ( #1050, #772, #853, #328 ),
 ( #173, #713, #1267, #1599 ),
 ( #889, #1425, #194, #84 ) ),
 .UNSPECIFIED., .F., .F., .F.,
 ( 4, 1, 1, 1, 2, 1, 1, 1, 2, 1, 1, 1, 4 ),
 ( 4, 4 ),
 ( 0.000000000000000000, 0.04145186363303604571, 0.08290372726607209142, 0.1243555908991081510, 0.1658074545321441828, 0.1867887704683717787, 0.2077700864045992912, 0.2287514023408268038, 0.2497327182770543441, 0.3122995387077907026, 0.3748663591385271721, 0.4374331795692635305, 0.5000000000000000000 ),
 ( 0.000000000000000000, 1.000000000000000000 ),
 .UNSPECIFIED. ) ;
#134 = CONICAL_SURFACE ( 'NONE', #1366, 3283.582089552235630, 1.275174625120683247 ) ;
#135 = CARTESIAN_POINT ( 'NONE',  ( 2.009999999999999787, -0.2298864209738520070, 0.5302528608183726400 ) ) ;
#136 = CARTESIAN_POINT ( 'NONE',  ( 1.339999999999999858, 0.5221581889120769926, -0.3022750692340959167 ) ) ;
#137 = FILL_AREA_STYLE ('',( #1364 ) ) ;
#138 = CARTESIAN_POINT ( 'NONE',  ( 2.009999999999999787, 0.000000000000000000, 0.000000000000000000 ) ) ;
#139 = ORIENTED_EDGE ( 'NONE', *, *, #1436, .F. ) ;
#140 = CARTESIAN_POINT ( 'NONE',  ( 0.6699999999999990408, -0.2427045360916175454, -0.6042030910717846037 ) ) ;
#141 = LINE ( 'NONE', #431, #482 ) ;
#142 = ADVANCED_FACE ( 'NONE', ( #1506 ), #1614, .F. ) ;
#143 = CARTESIAN_POINT ( 'NONE',  ( 1.339999999999999858, -0.2294999999999997875, 0.6280079183132806220 ) ) ;
#144 = FACE_OUTER_BOUND ( 'NONE', #1089, .T. ) ;
#145 = AXIS2_PLACEMENT_3D ( 'NONE', #847, #707, #15 ) ;
#146 = EDGE_CURVE ( 'NONE', #1214, #595, #200, .T. ) ;
#147 = CARTESIAN_POINT ( 'NONE',  ( 1.340000000000000968, -0.5304040826137071951, 0.3884216836037972520 ) ) ;
#148 = VERTEX_POINT ( 'NONE', #302 ) ;
#149 = CARTESIAN_POINT ( 'NONE',  ( 0.000000000000000000, -0.2294999999999999540, -1.099933124499043346 ) ) ;
#150 = CARTESIAN_POINT ( 'NONE',  ( 0.6699999999999999289, -0.9276912656061179208, -0.2295000000000004259 ) ) ;
#151 = CARTESIAN_POINT ( 'NONE',  ( 0.6699999999999999289, -0.2294999999999998985, 0.7045721546709523553 ) ) ;
#152 = CARTESIAN_POINT ( 'NONE',  ( 1.339999999999999414, 0.5672279759450785663, -0.2362954785327351648 ) ) ;
#153 = DIRECTION ( 'NONE',  ( 1.000000000000000000, -0.000000000000000000, -0.000000000000000000 ) ) ;
#154 = DIRECTION ( 'NONE',  ( 0.9158539185684565487, 0.4015116434710244153, 7.410229911875245464E-17 ) ) ;
#155 = ORIENTED_EDGE ( 'NONE', *, *, #834, .T. ) ;
#156 = EDGE_CURVE ( 'NONE', #1763, #1638, #703, .T. ) ;
#157 = DIRECTION ( 'NONE',  ( 0.000000000000000000, 0.000000000000000000, -1.000000000000000000 ) ) ;
#158 = VECTOR ( 'NONE', #1703, 1000.000000000000000 ) ;
#159 = DIRECTION ( 'NONE',  ( -0.7071067811865462405, 0.000000000000000000, 0.7071067811865489050 ) ) ;
#160 = VECTOR ( 'NONE', #1339, 1000.000000000000114 ) ;
#161 = ORIENTED_EDGE ( 'NONE', *, *, #725, .F. ) ;
#162 = FACE_OUTER_BOUND ( 'NONE', #1117, .T. ) ;
#163 = CARTESIAN_POINT ( 'NONE',  ( 0.000000000000000000, 0.9037060735726651917, -0.2295000000000001761 ) ) ;
#164 = CARTESIAN_POINT ( 'NONE',  ( 26.62000000000000099, 0.000000000000000000, 0.000000000000000000 ) ) ;
#165 = LINE ( 'NONE', #1650, #1321 ) ;
#166 = AXIS2_PLACEMENT_3D ( 'NONE', #1282, #1257, #50 ) ;
#167 = VERTEX_POINT ( 'NONE', #849 ) ;
#168 = FACE_OUTER_BOUND ( 'NONE', #1632, .T. ) ;
#169 = CARTESIAN_POINT ( 'NONE',  ( 0.6700000000000001510, -0.6042030910717849368, -0.2427045360916166572 ) ) ;
#170 = ORIENTED_EDGE ( 'NONE', *, *, #864, .T. ) ;
#171 = EDGE_CURVE ( 'NONE', #1380, #802, #939, .T. ) ;
#172 = VERTEX_POINT ( 'NONE', #583 ) ;
#173 = CARTESIAN_POINT ( 'NONE',  ( -0.000000000000000000, -1.008500848373770076, 1.023635605929467562 ) ) ;
#174 = CARTESIAN_POINT ( 'NONE',  ( 2.009999999999999787, 0.6125243939690161454, -0.2295000000000001206 ) ) ;
#175 = ADVANCED_FACE ( 'NONE', ( #994 ), #567, .T. ) ;
#176 = CARTESIAN_POINT ( 'NONE',  ( 0.000000000000000000, 1.435197781267950834, 0.2294999999999998985 ) ) ;
#177 = CARTESIAN_POINT ( 'NONE',  ( 0.000000000000000000, -1.500000000000000000, 0.2294999999999998708 ) ) ;
#178 = ORIENTED_EDGE ( 'NONE', *, *, #763, .T. ) ;
#179 = DIRECTION ( 'NONE',  ( 0.000000000000000000, 0.000000000000000000, -1.000000000000000000 ) ) ;
#180 = DIRECTION ( 'NONE',  ( 0.000000000000000000, 0.000000000000000000, 1.000000000000000000 ) ) ;
#181 = AXIS2_PLACEMENT_3D ( 'NONE', #1720, #904, #1589 ) ;
#182 = CARTESIAN_POINT ( 'NONE',  ( 1.340000000000000968, -0.6779123938349413958, -0.2294999999999994822 ) ) ;
#183 = EDGE_LOOP ( 'NONE', ( #1303, #689, #1162, #1409, #1340, #1548, #1582, #1442, #769, #810, #566, #513, #1705, #1290, #345, #1246, #1070, #29, #970, #465, #161, #679, #794, #307, #1350, #483, #1691, #621 ) ) ;
#184 = ORIENTED_EDGE ( 'NONE', *, *, #763, .F. ) ;
#185 = CARTESIAN_POINT ( 'NONE',  ( 1.339999999999998526, -0.4782624030271449000, 0.5532291125581738633 ) ) ;
#186 = CARTESIAN_POINT ( 'NONE',  ( 0.000000000000000000, -0.2294999999999999540, -1.500000000000000000 ) ) ;
#187 = LINE ( 'NONE', #1675, #1391 ) ;
#188 = CARTESIAN_POINT ( 'NONE',  ( 2.009999999999999787, -0.08143397530174686927, -0.6737266061727790190 ) ) ;
#189 = CARTESIAN_POINT ( 'NONE',  ( 2.009999999999996234, -0.2294999999999997597, -0.6006006711813057786 ) ) ;
#190 = CARTESIAN_POINT ( 'NONE',  ( 2.009999999999999787, -0.6188124266670318452, 0.2295002184676448453 ) ) ;
#191 = CARTESIAN_POINT ( 'NONE',  ( 2.215685424949238591, 0.000000000000000000, -2.098999999999999755 ) ) ;
#192 = CIRCLE ( 'NONE', #814, 0.1300000000000001155 ) ;
#193 = VERTEX_POINT ( 'NONE', #1151 ) ;
#194 = CARTESIAN_POINT ( 'NONE',  ( 1.339999999999999858, -0.6545026449627742160, 0.6545026449627744380 ) ) ;
#195 = CARTESIAN_POINT ( 'NONE',  ( 0.000000000000000000, 1.499999999999999556, -0.2295000000000001206 ) ) ;
#196 = CARTESIAN_POINT ( 'NONE',  ( 0.000000000000000000, 1.499999999999999556, -0.07650000000000010958 ) ) ;
#197 = CARTESIAN_POINT ( 'NONE',  ( 1.339999999999999858, -0.5903765598834418427, 0.2294999999999998708 ) ) ;
#198 = ORIENTED_EDGE ( 'NONE', *, *, #628, .T. ) ;
#199 = DIRECTION ( 'NONE',  ( 0.000000000000000000, 0.000000000000000000, 1.000000000000000000 ) ) ;
#200 = CIRCLE ( 'NONE', #224, 0.1300000000000000877 ) ;
#201 = FILL_AREA_STYLE ('',( #334 ) ) ;
#202 = VERTEX_POINT ( 'NONE', #1399 ) ;
#203 = CARTESIAN_POINT ( 'NONE',  ( 0.000000000000000000, 0.3068394616943652675, 0.5969625364381262456 ) ) ;
#204 = LINE ( 'NONE', #478, #158 ) ;
#205 = CARTESIAN_POINT ( 'NONE',  ( 1.339999999999998304, -0.8344596506904022881, 0.2295000000000000928 ) ) ;
#206 = CARTESIAN_POINT ( 'NONE',  ( 1.339999999999999858, 0.3349276972338570690, -0.5245223187553625932 ) ) ;
#207 = ADVANCED_FACE ( 'NONE', ( #699, #168 ), #709, .T. ) ;
#208 = VECTOR ( 'NONE', #735, 1000.000000000000000 ) ;
#209 = ORIENTED_EDGE ( 'NONE', *, *, #1509, .F. ) ;
#210 = AXIS2_PLACEMENT_3D ( 'NONE', #1533, #300, #1397 ) ;
#211 = VERTEX_POINT ( 'NONE', #1696 ) ;
#212 = CARTESIAN_POINT ( 'NONE',  ( 0.000000000000000000, 0.2294999999999997597, -1.500000000000000222 ) ) ;
#213 = CARTESIAN_POINT ( 'NONE',  ( 2.009999999999999787, 0.000000000000000000, 0.000000000000000000 ) ) ;
#214 = ORIENTED_EDGE ( 'NONE', *, *, #250, .T. ) ;
#215 = CARTESIAN_POINT ( 'NONE',  ( 1.340000000000000302, 0.5704359302014563315, -0.5940334191024995159 ) ) ;
#216 = LINE ( 'NONE', #1180, #1278 ) ;
#217 = AXIS2_PLACEMENT_3D ( 'NONE', #547, #1766, #240 ) ;
#218 = CARTESIAN_POINT ( 'NONE',  ( 0.4333145750507673144, 0.000000000000000000, -2.750000000000000000 ) ) ;
#219 = CIRCLE ( 'NONE', #98, 1.298999999999999710 ) ;
#220 = CARTESIAN_POINT ( 'NONE',  ( 0.000000000000000000, 0.000000000000000000, -2.750000000000000000 ) ) ;
#221 = DIRECTION ( 'NONE',  ( 0.000000000000000000, 0.000000000000000000, -1.000000000000000000 ) ) ;
#222 = CARTESIAN_POINT ( 'NONE',  ( 2.010000000000000231, 0.2324564526725560465, -0.5136882630767323210 ) ) ;
#223 = DIRECTION ( 'NONE',  ( 0.000000000000000000, -1.000000000000000000, 0.000000000000000000 ) ) ;
#224 = AXIS2_PLACEMENT_3D ( 'NONE', #439, #1662, #199 ) ;
#225 = EDGE_CURVE ( 'NONE', #17, #1153, #1434, .T. ) ;
#226 = CARTESIAN_POINT ( 'NONE',  ( 1.339999999999998526, 0.5672279759450790104, 0.2362954785327346097 ) ) ;
#227 = DIRECTION ( 'NONE',  ( 1.000000000000000000, -0.000000000000000000, -0.000000000000000000 ) ) ;
#228 = EDGE_CURVE ( 'NONE', #986, #1484, #719, .T. ) ;
#229 = CARTESIAN_POINT ( 'NONE',  ( 2.009999999999999787, 0.2294999999999997320, -0.5514436819556087777 ) ) ;
#230 = CARTESIAN_POINT ( 'NONE',  ( 0.6699999999999999289, -1.224575535390926451, 0.07814465843391550648 ) ) ;
#231 = ORIENTED_EDGE ( 'NONE', *, *, #409, .T. ) ;
#232 = CARTESIAN_POINT ( 'NONE',  ( 2.010000000000001563, 0.2295000000000000651, 0.5650155539660797199 ) ) ;
#233 = AXIS2_PLACEMENT_3D ( 'NONE', #1244, #560, #968 ) ;
#234 = AXIS2_PLACEMENT_3D ( 'NONE', #960, #952, #696 ) ;
#235 = CARTESIAN_POINT ( 'NONE',  ( 2.009999999999999787, 0.6006006711813062227, 0.2294999999999998153 ) ) ;
#236 = DIRECTION ( 'NONE',  ( 0.9191182639511609187, -0.2785871648796873767, 0.2785871648796870992 ) ) ;
#237 = CARTESIAN_POINT ( 'NONE',  ( 1.339999999999998082, 0.4782624030271445670, -0.5532291125581734192 ) ) ;
#238 = CARTESIAN_POINT ( 'NONE',  ( 2.009999999999999787, -0.5433477631085024129, 0.3595000000000002083 ) ) ;
#239 = EDGE_LOOP ( 'NONE', ( #6, #1626, #1202, #1472 ) ) ;
#240 = DIRECTION ( 'NONE',  ( 0.000000000000000000, 0.000000000000000000, 1.000000000000000000 ) ) ;
#241 = AXIS2_PLACEMENT_3D ( 'NONE', #1207, #1068, #1621 ) ;
#242 = CARTESIAN_POINT ( 'NONE',  ( 0.000000000000000000, 0.9500594470901831956, 0.9048485144238084255 ) ) ;
#243 =( GEOMETRIC_REPRESENTATION_CONTEXT ( 3 ) GLOBAL_UNCERTAINTY_ASSIGNED_CONTEXT ( ( #103 ) ) GLOBAL_UNIT_ASSIGNED_CONTEXT ( ( #753, #612, #1707 ) ) REPRESENTATION_CONTEXT ( 'NONE', 'WORKASPACE' ) );
#244 = CARTESIAN_POINT ( 'NONE',  ( 2.009999999999999787, 0.4514238815542514494, 0.4514238815542511718 ) ) ;
#245 = LINE ( 'NONE', #927, #365 ) ;
#246 = DIRECTION ( 'NONE',  ( -1.000000000000000000, 0.000000000000000000, 0.000000000000000000 ) ) ;
#247 = ORIENTED_EDGE ( 'NONE', *, *, #895, .F. ) ;
#248 = CARTESIAN_POINT ( 'NONE',  ( 0.000000000000000000, -0.2491135936504999815, -0.6411782061984903081 ) ) ;
#249 = LINE ( 'NONE', #1057, #533 ) ;
#250 = EDGE_CURVE ( 'NONE', #1325, #1166, #884, .T. ) ;
#251 = ORIENTED_EDGE ( 'NONE', *, *, #916, .F. ) ;
#252 = CARTESIAN_POINT ( 'NONE',  ( 1.339999999999999858, 0.5245223187553623712, 0.3349276972338568470 ) ) ;
#253 = CARTESIAN_POINT ( 'NONE',  ( 0.6699999999999999289, 0.07814465843391546485, -1.224575535390926451 ) ) ;
#254 = ADVANCED_FACE ( 'Bface3', ( #838 ), #471, .T. ) ;
#255 = FACE_OUTER_BOUND ( 'NONE', #1490, .T. ) ;
#256 = DIRECTION ( 'NONE',  ( 1.000000000000000000, -0.000000000000000000, -0.000000000000000000 ) ) ;
#257 = ORIENTED_EDGE ( 'NONE', *, *, #171, .T. ) ;
#258 = EDGE_CURVE ( 'NONE', #44, #353, #461, .T. ) ;
#259 = CARTESIAN_POINT ( 'NONE',  ( 1.339999999999997859, -0.2839939270941675420, -0.5251819540697718613 ) ) ;
#260 = CARTESIAN_POINT ( 'NONE',  ( 1.340000000000000968, 0.2295000000000000373, 0.6779123938349412848 ) ) ;
#261 = CARTESIAN_POINT ( 'NONE',  ( 1.339999999999999858, -0.3022750692340955281, 0.5221581889120768816 ) ) ;
#262 = FACE_OUTER_BOUND ( 'NONE', #672, .T. ) ;
#263 = CARTESIAN_POINT ( 'NONE',  ( 2.009999999999999787, 0.4814264026820338493, -0.2450149121693466214 ) ) ;
#264 = LINE ( 'NONE', #537, #1576 ) ;
#265 = ORIENTED_EDGE ( 'NONE', *, *, #289, .T. ) ;
#266 = CARTESIAN_POINT ( 'NONE',  ( 1.339999999999999858, -0.6278670266571273473, -0.6329119458423598799 ) ) ;
#267 = ADVANCED_FACE ( 'NONE', ( #26 ), #1333, .F. ) ;
#268 = CARTESIAN_POINT ( 'NONE',  ( 2.009999999999999787, -0.2294999999999996765, 0.5433477631085023019 ) ) ;
#269 = CARTESIAN_POINT ( 'NONE',  ( 0.6699999999999999289, -0.2294999999999998153, 1.160973318834972901 ) ) ;
#270 = CARTESIAN_POINT ( 'NONE',  ( 2.009999999999999787, 0.4375501157988058165, -0.4375501157988060941 ) ) ;
#271 = CARTESIAN_POINT ( 'NONE',  ( 1.339999999999999858, -0.5221581889120767705, 0.3022750692340959167 ) ) ;
#272 = PRODUCT_RELATED_PRODUCT_CATEGORY ( 'part', '', ( #1383 ) ) ;
#273 = EDGE_LOOP ( 'NONE', ( #961, #110, #643, #36 ) ) ;
#274 = CARTESIAN_POINT ( 'NONE',  ( -0.000000000000000000, -0.4882843205921662544, -0.6543671831136574912 ) ) ;
#275 = CARTESIAN_POINT ( 'NONE',  ( 0.6699999999999999289, -1.160973318834972901, -0.2294999999999999540 ) ) ;
#276 = EDGE_CURVE ( 'NONE', #17, #1330, #1171, .T. ) ;
#277 = B_SPLINE_SURFACE_WITH_KNOTS ( 'NONE', 3, 3, ( 
 ( #1248, #1238, #1400, #422 ),
 ( #828, #275, #861, #1672 ),
 ( #594, #1103, #451, #820 ),
 ( #304, #150, #1411, #1528 ),
 ( #1141, #555, #182, #720 ),
 ( #963, #285, #1130, #1782 ),
 ( #1119, #1378, #972, #9 ),
 ( #565, #169, #1369, #19 ),
 ( #316, #1111, #440, #1663 ),
 ( #840, #1389, #41, #700 ),
 ( #985, #1536, #1273, #1258 ),
 ( #1679, #955, #412, #1507 ),
 ( #584, #850, #710, #1265 ),
 ( #28, #996, #358, #491 ),
 ( #52, #1558, #1317, #1441 ),
 ( #1458, #1423, #352, #463 ),
 ( #66, #1293, #620, #908 ) ),
 .UNSPECIFIED., .F., .F., .F.,
 ( 4, 1, 1, 1, 2, 1, 1, 1, 2, 1, 1, 1, 4 ),
 ( 4, 4 ),
 ( 0.000000000000000000, 0.04145186363303607346, 0.08290372726607214693, 0.1243555908991082204, 0.1658074545321442939, 0.1867887704683718342, 0.2077700864045994300, 0.2287514023408269148, 0.2497327182770544829, 0.3122995387077909246, 0.3748663591385273941, 0.4374331795692638636, 0.5000000000000003331 ),
 ( 0.000000000000000000, 1.000000000000000000 ),
 .UNSPECIFIED. ) ;
#278 = EDGE_CURVE ( 'NONE', #211, #1367, #1163, .T. ) ;
#279 = CARTESIAN_POINT ( 'NONE',  ( 2.009999999999997122, -0.2324564526725559910, 0.5136882630767317659 ) ) ;
#280 = CARTESIAN_POINT ( 'NONE',  ( -0.000000000000000000, 0.6926298297924289304, -0.2295000000000000928 ) ) ;
#281 = APPLICATION_CONTEXT ( 'automotive_design' ) ;
#282 = DIRECTION ( 'NONE',  ( 0.000000000000000000, 0.000000000000000000, 1.000000000000000000 ) ) ;
#283 = ORIENTED_EDGE ( 'NONE', *, *, #1302, .F. ) ;
#284 = CARTESIAN_POINT ( 'NONE',  ( 1.004999999999999893, 1.059406589296349788, 0.2294999999999998430 ) ) ;
#285 = CARTESIAN_POINT ( 'NONE',  ( 0.6699999999999999289, -0.7045721546709529104, -0.2294999999999999540 ) ) ;
#286 = ORIENTED_EDGE ( 'NONE', *, *, #1233, .T. ) ;
#287 = ORIENTED_EDGE ( 'NONE', *, *, #924, .F. ) ;
#288 = LINE ( 'NONE', #12, #1306 ) ;
#289 = EDGE_CURVE ( 'NONE', #1166, #1367, #77, .T. ) ;
#290 = CARTESIAN_POINT ( 'NONE',  ( 1.339999999999999192, 0.5940334191024991828, -0.5704359302014564426 ) ) ;
#291 = CIRCLE ( 'NONE', #145, 0.1300000000000001155 ) ;
#292 = CARTESIAN_POINT ( 'NONE',  ( 2.009999999999998899, -0.5136882630767308777, 0.2324564526725561298 ) ) ;
#293 = EDGE_LOOP ( 'NONE', ( #1643, #718, #341, #1174 ) ) ;
#294 = DIRECTION ( 'NONE',  ( -0.000000000000000000, -0.000000000000000000, -1.000000000000000000 ) ) ;
#295 = CARTESIAN_POINT ( 'NONE',  ( 0.000000000000000000, 0.6163653815755819609, -0.4347482909072130086 ) ) ;
#296 = ORIENTED_EDGE ( 'NONE', *, *, #1607, .T. ) ;
#297 = CARTESIAN_POINT ( 'NONE',  ( 2.010000000000000675, -0.2294999999999996487, 0.6006006711813065557 ) ) ;
#298 = CARTESIAN_POINT ( 'NONE',  ( 1.339999999999998304, 0.5251819540697710842, -0.2839939270941673199 ) ) ;
#299 = FACE_OUTER_BOUND ( 'NONE', #778, .T. ) ;
#300 = DIRECTION ( 'NONE',  ( 1.000000000000000000, -0.000000000000000000, -0.000000000000000000 ) ) ;
#301 = ORIENTED_EDGE ( 'NONE', *, *, #289, .F. ) ;
#302 = CARTESIAN_POINT ( 'NONE',  ( 0.000000000000000000, -0.7223733752154545273, -0.2294999999999998708 ) ) ;
#303 = VECTOR ( 'NONE', #1215, 1000.000000000000227 ) ;
#304 = CARTESIAN_POINT ( 'NONE',  ( 0.000000000000000000, -1.099933124499042236, -0.2295000000000006757 ) ) ;
#305 = PRESENTATION_LAYER_ASSIGNMENT (  '', '', ( #845 ) ) ;
#306 = VERTEX_POINT ( 'NONE', #935 ) ;
#307 = ORIENTED_EDGE ( 'NONE', *, *, #1474, .F. ) ;
#308 = CARTESIAN_POINT ( 'NONE',  ( 1.339999999999999858, 0.5704359302014564426, 0.5940334191024995159 ) ) ;
#309 = CARTESIAN_POINT ( 'NONE',  ( 0.6699999999999999289, -0.2294999999999999540, 1.206271059530899636 ) ) ;
#310 = DIRECTION ( 'NONE',  ( 0.000000000000000000, 0.000000000000000000, -1.000000000000000000 ) ) ;
#311 = CARTESIAN_POINT ( 'NONE',  ( 0.000000000000000000, -0.9500594470901845279, 0.9048485144238085365 ) ) ;
#312 = VECTOR ( 'NONE', #859, 1000.000000000000000 ) ;
#313 = EDGE_CURVE ( 'NONE', #573, #1330, #1478, .T. ) ;
#314 = ORIENTED_EDGE ( 'NONE', *, *, #1315, .F. ) ;
#315 = DIRECTION ( 'NONE',  ( 1.000000000000000000, -0.000000000000000000, -0.000000000000000000 ) ) ;
#316 = CARTESIAN_POINT ( 'NONE',  ( 0.000000000000000000, -0.5969625364381266897, -0.3068394616943648789 ) ) ;
#317 = EDGE_CURVE ( 'NONE', #1132, #1380, #245, .T. ) ;
#318 = CARTESIAN_POINT ( 'NONE',  ( 2.009999999999999787, -0.2294999999999996487, 0.6188131785926994644 ) ) ;
#319 = ORIENTED_EDGE ( 'NONE', *, *, #228, .F. ) ;
#320 = CARTESIAN_POINT ( 'NONE',  ( 0.6700000000000001510, -0.4911693948693383605, 0.6298766102085754381 ) ) ;
#321 = CARTESIAN_POINT ( 'NONE',  ( 0.000000000000000000, -0.07650000000000005407, 1.499999999999999556 ) ) ;
#322 = DIRECTION ( 'NONE',  ( 0.9158539185684566597, 2.223068973562574872E-16, -0.4015116434710243043 ) ) ;
#323 = CARTESIAN_POINT ( 'NONE',  ( 0.6699999999999999289, -0.07814465843391564526, -1.224575535390926451 ) ) ;
#324 = UNCERTAINTY_MEASURE_WITH_UNIT (LENGTH_MEASURE( 1.000000000000000082E-05 ), #1020, 'distance_accuracy_value', 'NONE');
#325 = CARTESIAN_POINT ( 'NONE',  ( 1.339999999999999858, 0.2294999999999997875, -0.9125421190617997169 ) ) ;
#326 = EDGE_CURVE ( 'NONE', #1295, #841, #1660, .T. ) ;
#327 = ORIENTED_EDGE ( 'NONE', *, *, #813, .F. ) ;
#328 = CARTESIAN_POINT ( 'NONE',  ( 2.010000000000000231, -0.4032296380902796185, 0.4160204051086566213 ) ) ;
#329 = CARTESIAN_POINT ( 'NONE',  ( 1.339999999999999858, 0.2295000000000000373, 0.9125421190617993839 ) ) ;
#330 = CARTESIAN_POINT ( 'NONE',  ( 0.000000000000000000, 1.499999999999999556, -0.2295000000000001206 ) ) ;
#331 = CARTESIAN_POINT ( 'NONE',  ( 2.009999999999997122, -0.5650155539660792758, 0.2295000000000000373 ) ) ;
#332 = EDGE_LOOP ( 'NONE', ( #475, #453 ) ) ;
#333 = CARTESIAN_POINT ( 'NONE',  ( 0.000000000000000000, 0.2294999999999997597, -1.500000000000000222 ) ) ;
#334 = FILL_AREA_STYLE_COLOUR ( '', #1172 ) ;
#335 = VECTOR ( 'NONE', #1567, 1000.000000000000000 ) ;
#336 = ORIENTED_EDGE ( 'NONE', *, *, #1392, .T. ) ;
#337 = CARTESIAN_POINT ( 'NONE',  ( 1.340000000000000302, 0.2839939270941669314, 0.5251819540697718613 ) ) ;
#338 = ADVANCED_FACE ( 'NONE', ( #1488 ), #1739, .F. ) ;
#339 = CARTESIAN_POINT ( 'NONE',  ( 2.009999999999999787, 0.2295000000000000095, 0.5433477631085024129 ) ) ;
#340 = CARTESIAN_POINT ( 'NONE',  ( -0.000000000000000000, -0.6926298297924291525, 0.2294999999999994267 ) ) ;
#341 = ORIENTED_EDGE ( 'NONE', *, *, #313, .T. ) ;
#342 = CARTESIAN_POINT ( 'NONE',  ( 0.000000000000000000, 0.7498633799456253524, -0.8400454180997742881 ) ) ;
#343 = EDGE_CURVE ( 'NONE', #193, #1497, #1515, .T. ) ;
#344 = CARTESIAN_POINT ( 'NONE',  ( 2.009999999999999787, 0.5433477631085024129, 0.3594999999999997087 ) ) ;
#345 = ORIENTED_EDGE ( 'NONE', *, *, #1768, .F. ) ;
#346 = PRESENTATION_STYLE_ASSIGNMENT (( #477 ) ) ;
#347 = ADVANCED_FACE ( 'Bface2', ( #388 ), #396, .T. ) ;
#348 = CARTESIAN_POINT ( 'NONE',  ( 1.004999999999999671, 0.2294999999999999540, 1.059406589296349344 ) ) ;
#349 = CARTESIAN_POINT ( 'NONE',  ( 2.009999999999999343, -0.6125243939690160344, 0.2295000000000001761 ) ) ;
#350 = ORIENTED_EDGE ( 'NONE', *, *, #1431, .F. ) ;
#351 = CARTESIAN_POINT ( 'NONE',  ( 0.6699999999999999289, 0.8181839375154490446, -0.8282737758859139987 ) ) ;
#352 = CARTESIAN_POINT ( 'NONE',  ( 1.339999999999999858, -0.6329119458423597688, -0.6278670266571274583 ) ) ;
#353 = VERTEX_POINT ( 'NONE', #378 ) ;
#354 = LINE ( 'NONE', #765, #1040 ) ;
#355 = CARTESIAN_POINT ( 'NONE',  ( 2.009999999999999787, 0.4514238815542513383, 0.4514238815542512273 ) ) ;
#356 = CARTESIAN_POINT ( 'NONE',  ( 2.009999999999999787, 0.2294999999999997320, -0.5433477631085023019 ) ) ;
#357 = CARTESIAN_POINT ( 'NONE',  ( 0.6699999999999992628, 0.2294999999999996765, -0.9276912656061179208 ) ) ;
#358 = CARTESIAN_POINT ( 'NONE',  ( 1.339999999999998526, -0.5532291125581729752, -0.4782624030271442894 ) ) ;
#359 = ADVANCED_FACE ( 'NONE', ( #655 ), #108, .F. ) ;
#360 = ADVANCED_FACE ( 'NONE', ( #255 ), #668, .F. ) ;
#361 = CARTESIAN_POINT ( 'NONE',  ( 1.339999999999999858, 0.5903765598834417316, 0.2294999999999997320 ) ) ;
#362 = DIRECTION ( 'NONE',  ( 0.9158539185684566597, 0.000000000000000000, -0.4015116434710241378 ) ) ;
#363 = CARTESIAN_POINT ( 'NONE',  ( 1.339999999999999858, 0.2362954785327342488, -0.5672279759450782333 ) ) ;
#364 = CARTESIAN_POINT ( 'NONE',  ( 0.000000000000000000, -1.500000000000000222, -0.2295000000000001206 ) ) ;
#365 = VECTOR ( 'NONE', #663, 1000.000000000000000 ) ;
#366 = ADVANCED_FACE ( 'NONE', ( #34 ), #693, .T. ) ;
#367 = DIRECTION ( 'NONE',  ( -0.000000000000000000, -0.5788330069785636578, 0.8154461049218115765 ) ) ;
#368 = CARTESIAN_POINT ( 'NONE',  ( 0.000000000000000000, 1.099933124499041348, 0.2294999999999998153 ) ) ;
#369 = SURFACE_SIDE_STYLE ('',( #636 ) ) ;
#370 = CARTESIAN_POINT ( 'NONE',  ( 2.010000000000001119, 0.2294999999999998985, -0.6006006711813068888 ) ) ;
#371 = CARTESIAN_POINT ( 'NONE',  ( 2.009999999999999787, -2.774032902257833610E-17, -2.646977960169688560E-17 ) ) ;
#372 = ORIENTED_EDGE ( 'NONE', *, *, #1398, .T. ) ;
#373 = CARTESIAN_POINT ( 'NONE',  ( -0.000000000000000000, 0.2294999999999996765, 0.6926298297924290415 ) ) ;
#374 = MECHANICAL_DESIGN_GEOMETRIC_PRESENTATION_REPRESENTATION (  '', ( #1010 ), #1091 ) ;
#375 = CONICAL_SURFACE ( 'NONE', #1610, 1.533314575050762851, 0.7853981633974501664 ) ;
#376 = CARTESIAN_POINT ( 'NONE',  ( 0.000000000000000000, 0.7293491378034445694, 0.5939171061348809122 ) ) ;
#377 = SURFACE_STYLE_USAGE ( .BOTH. , #369 ) ;
#378 = CARTESIAN_POINT ( 'NONE',  ( 2.009999999999999787, -0.5433477631085024129, 0.2295000000000000928 ) ) ;
#379 = CARTESIAN_POINT ( 'NONE',  ( 0.000000000000000000, -1.500000000000000222, -0.07650000000000016509 ) ) ;
#380 = ORIENTED_EDGE ( 'NONE', *, *, #1607, .F. ) ;
#381 = CARTESIAN_POINT ( 'NONE',  ( 0.6699999999999999289, -0.4116060089130117450, -0.5894447509345100977 ) ) ;
#382 = DIRECTION ( 'NONE',  ( 1.000000000000000000, -0.000000000000000000, -0.000000000000000000 ) ) ;
#383 = EDGE_CURVE ( 'NONE', #1344, #852, #204, .T. ) ;
#384 = VECTOR ( 'NONE', #1148, 1000.000000000000000 ) ;
#385 = CARTESIAN_POINT ( 'NONE',  ( 0.6699999999999992628, 0.6042030910717846037, 0.2427045360916171290 ) ) ;
#386 = DIRECTION ( 'NONE',  ( -0.2913346393917354837, 0.000000000000000000, 0.9566212039728616556 ) ) ;
#387 = MECHANICAL_DESIGN_GEOMETRIC_PRESENTATION_REPRESENTATION (  '', ( #845 ), #243 ) ;
#388 = FACE_OUTER_BOUND ( 'NONE', #1744, .T. ) ;
#389 = CARTESIAN_POINT ( 'NONE',  ( 26.62000000000000099, 0.000000000000000000, 0.000000000000000000 ) ) ;
#390 = ORIENTED_EDGE ( 'NONE', *, *, #1532, .T. ) ;
#391 = CARTESIAN_POINT ( 'NONE',  ( 0.6700000000000013722, -0.2295000000000001761, -0.9276912656061191420 ) ) ;
#392 = CARTESIAN_POINT ( 'NONE',  ( 0.000000000000000000, 0.2294999999999997320, 1.499999999999999556 ) ) ;
#393 = VECTOR ( 'NONE', #1556, 1000.000000000000000 ) ;
#394 = EDGE_LOOP ( 'NONE', ( #1562, #20, #1009, #1209, #591 ) ) ;
#395 = CARTESIAN_POINT ( 'NONE',  ( 2.010000000000000231, -0.2294999999999997597, 0.5650155539660792758 ) ) ;
#396 = CYLINDRICAL_SURFACE ( 'NONE', #1573, 1.298999999999999710 ) ;
#397 = ADVANCED_FACE ( 'NONE', ( #871 ), #1681, .T. ) ;
#398 = DIRECTION ( 'NONE',  ( 0.000000000000000000, 0.000000000000000000, 1.000000000000000000 ) ) ;
#399 = CARTESIAN_POINT ( 'NONE',  ( 0.6699999999999999289, -1.206271059530900081, 0.2294999999999998985 ) ) ;
#400 = EDGE_LOOP ( 'NONE', ( #1281, #698, #1236, #618, #876 ) ) ;
#401 = CARTESIAN_POINT ( 'NONE',  ( 1.340000000000000524, -0.5704359302014561095, -0.5940334191024994048 ) ) ;
#402 = CARTESIAN_POINT ( 'NONE',  ( 0.000000000000000000, -1.060660171779820526, 1.060660171779820526 ) ) ;
#403 = AXIS2_PLACEMENT_3D ( 'NONE', #1087, #153, #1115 ) ;
#404 = CARTESIAN_POINT ( 'NONE',  ( 0.000000000000000000, -0.2294999999999999263, 1.499999999999999334 ) ) ;
#405 = CARTESIAN_POINT ( 'NONE',  ( 0.000000000000000000, 1.060660171779821193, 1.060660171779820748 ) ) ;
#406 = B_SPLINE_SURFACE_WITH_KNOTS ( 'NONE', 3, 3, ( 
 ( #1407, #1168, #1712, #486 ),
 ( #176, #758, #716, #1268 ),
 ( #925, #1600, #917, #235 ),
 ( #368, #647, #1722, #1204 ),
 ( #1594, #1461, #502, #1066 ),
 ( #1467, #1619, #79, #1475 ),
 ( #1485, #639, #361, #909 ),
 ( #509, #385, #226, #781 ),
 ( #1609, #524, #1732, #774 ),
 ( #1039, #1327, #635, #1334 ),
 ( #798, #933, #1313, #1320 ),
 ( #1198, #1741, #252, #1590 ),
 ( #376, #516, #1177, #1052 ),
 ( #1044, #97, #1058, #88 ),
 ( #242, #1182, #790, #1190 ),
 ( #1345, #106, #626, #493 ),
 ( #905, #653, #1727, #355 ) ),
 .UNSPECIFIED., .F., .F., .F.,
 ( 4, 1, 1, 1, 2, 1, 1, 1, 2, 1, 1, 1, 4 ),
 ( 4, 4 ),
 ( 0.000000000000000000, 0.04145186363303604571, 0.08290372726607209142, 0.1243555908991081510, 0.1658074545321441828, 0.1867887704683717509, 0.2077700864045992912, 0.2287514023408268038, 0.2497327182770543441, 0.3122995387077907026, 0.3748663591385271721, 0.4374331795692636415, 0.5000000000000000000 ),
 ( 0.000000000000000000, 1.000000000000000000 ),
 .UNSPECIFIED. ) ;
#407 = CARTESIAN_POINT ( 'NONE',  ( 2.009999999999999787, -0.3595000000000000973, -0.5433477631085024129 ) ) ;
#408 = DIRECTION ( 'NONE',  ( 1.000000000000000000, -0.000000000000000000, -0.000000000000000000 ) ) ;
#409 = EDGE_CURVE ( 'NONE', #852, #438, #192, .T. ) ;
#410 = ORIENTED_EDGE ( 'NONE', *, *, #1165, .F. ) ;
#411 = CARTESIAN_POINT ( 'NONE',  ( 2.009999999999998899, -0.3424619145679045351, -0.4098209597873726517 ) ) ;
#412 = CARTESIAN_POINT ( 'NONE',  ( 1.339999999999999858, -0.5245223187553623712, -0.3349276972338567360 ) ) ;
#413 = EDGE_CURVE ( 'NONE', #1112, #1404, #1124, .T. ) ;
#414 = CARTESIAN_POINT ( 'NONE',  ( 1.339999999999998526, -0.2294999999999996210, 0.7554494067131932722 ) ) ;
#415 = CARTESIAN_POINT ( 'NONE',  ( 2.009999999999999787, 0.5136882630767323210, -0.2324564526725556302 ) ) ;
#416 = CIRCLE ( 'NONE', #762, 0.1300000000000000044 ) ;
#417 = LINE ( 'NONE', #959, #747 ) ;
#418 = FACE_OUTER_BOUND ( 'NONE', #686, .T. ) ;
#419 = VERTEX_POINT ( 'NONE', #1014 ) ;
#420 = CARTESIAN_POINT ( 'NONE',  ( 2.009999999999999787, -0.2582493855547026151, -0.4595998865762152552 ) ) ;
#421 = DIRECTION ( 'NONE',  ( 0.000000000000000000, 0.000000000000000000, 1.000000000000000000 ) ) ;
#422 = CARTESIAN_POINT ( 'NONE',  ( 2.009999999999999787, -0.6188131785926993533, -0.2294999999999996210 ) ) ;
#423 = EDGE_CURVE ( 'NONE', #921, #1034, #1288, .T. ) ;
#424 = B_SPLINE_SURFACE_WITH_KNOTS ( 'NONE', 3, 3, ( 
 ( #1417, #467, #329, #1575 ),
 ( #1012, #1565, #745, #444 ),
 ( #321, #1158, #46, #724 ),
 ( #1277, #309, #599, #1584 ) ),
 .UNSPECIFIED., .F., .F., .F.,
 ( 4, 4 ),
 ( 4, 4 ),
 ( 0.000000000000000000, 1.000000000000000000 ),
 ( 0.000000000000000000, 1.000000000000000000 ),
 .UNSPECIFIED. ) ;
#425 = VECTOR ( 'NONE', #386, 1000.000000000000114 ) ;
#426 = CARTESIAN_POINT ( 'NONE',  ( -0.000000000000000000, -0.4167953833635941741, 0.6036217613721630570 ) ) ;
#427 = CARTESIAN_POINT ( 'NONE',  ( 2.010000000000000675, 0.4098209597873728183, -0.3424619145679044796 ) ) ;
#428 = CARTESIAN_POINT ( 'NONE',  ( 0.6699999999999995959, -0.5692044453176609009, 0.2820451253537615832 ) ) ;
#429 = ORIENTED_EDGE ( 'NONE', *, *, #258, .F. ) ;
#430 = CARTESIAN_POINT ( 'NONE',  ( 1.004999999999999893, 1.059406589296349344, -0.2295000000000001483 ) ) ;
#431 = CARTESIAN_POINT ( 'NONE',  ( 1.649999999999999689, 0.000000000000000000, 1.533314575050762851 ) ) ;
#432 = ORIENTED_EDGE ( 'NONE', *, *, #782, .F. ) ;
#433 = ORIENTED_EDGE ( 'NONE', *, *, #1436, .T. ) ;
#434 = COLOUR_RGB ( '',0.7921568627450980005, 0.8196078431372548767, 0.9333333333333333481 ) ;
#435 = CARTESIAN_POINT ( 'NONE',  ( 0.000000000000000000, -0.2491135936504995096, 0.6411782061984893089 ) ) ;
#436 = DIRECTION ( 'NONE',  ( 1.000000000000000000, -0.000000000000000000, -0.000000000000000000 ) ) ;
#437 = DIRECTION ( 'NONE',  ( 0.000000000000000000, 0.000000000000000000, 1.000000000000000000 ) ) ;
#438 = VERTEX_POINT ( 'NONE', #1685 ) ;
#439 = CARTESIAN_POINT ( 'NONE',  ( 2.009999999999999787, 0.5433477631085024129, -0.3595000000000000973 ) ) ;
#440 = CARTESIAN_POINT ( 'NONE',  ( 1.339999999999998082, -0.5414463541971958893, -0.2572507890131588981 ) ) ;
#441 = VERTEX_POINT ( 'NONE', #1418 ) ;
#442 = PLANE ( 'NONE',  #541 ) ;
#443 = CARTESIAN_POINT ( 'NONE',  ( 0.000000000000000000, 0.7498633799456240201, 0.8400454180997745102 ) ) ;
#444 = CARTESIAN_POINT ( 'NONE',  ( 2.009999999999999787, 0.08143397530174689702, 0.6737266061727790190 ) ) ;
#445 = EDGE_CURVE ( 'NONE', #53, #982, #187, .T. ) ;
#446 = DIRECTION ( 'NONE',  ( -1.000000000000000000, 0.000000000000000000, 0.000000000000000000 ) ) ;
#447 = DIRECTION ( 'NONE',  ( 1.000000000000000000, -0.000000000000000000, -0.000000000000000000 ) ) ;
#448 = ORIENTED_EDGE ( 'NONE', *, *, #978, .T. ) ;
#449 = DIRECTION ( 'NONE',  ( -1.000000000000000000, 0.000000000000000000, 0.000000000000000000 ) ) ;
#450 = CIRCLE ( 'NONE', #8, 0.1299999999999998934 ) ;
#451 = CARTESIAN_POINT ( 'NONE',  ( 1.339999999999999858, -0.8344596506904023991, -0.2294999999999994822 ) ) ;
#452 = VECTOR ( 'NONE', #223, 1000.000000000000000 ) ;
#453 = ORIENTED_EDGE ( 'NONE', *, *, #1038, .T. ) ;
#454 = ORIENTED_EDGE ( 'NONE', *, *, #1230, .F. ) ;
#455 = CARTESIAN_POINT ( 'NONE',  ( 0.6699999999999999289, 0.3595352262988449343, 0.5628899751421199138 ) ) ;
#456 = CARTESIAN_POINT ( 'NONE',  ( 0.6700000000000004841, 1.068318630199497798, -0.2295000000000002316 ) ) ;
#457 = DIRECTION ( 'NONE',  ( 0.000000000000000000, 0.000000000000000000, -1.000000000000000000 ) ) ;
#458 = CARTESIAN_POINT ( 'NONE',  ( 2.010000000000001119, -0.5302528608183739722, 0.2298864209738527009 ) ) ;
#459 = AXIS2_PLACEMENT_3D ( 'NONE', #792, #649, #1200 ) ;
#460 = ORIENTED_EDGE ( 'NONE', *, *, #1635, .T. ) ;
#461 = LINE ( 'NONE', #592, #393 ) ;
#462 = CARTESIAN_POINT ( 'NONE',  ( 0.000000000000000000, -0.2295000000000000095, 0.7223733752154175569 ) ) ;
#463 = CARTESIAN_POINT ( 'NONE',  ( 2.009999999999999787, -0.4375501157988059275, -0.4375501157988058720 ) ) ;
#464 = EDGE_LOOP ( 'NONE', ( #532, #728, #350, #301, #83 ) ) ;
#465 = ORIENTED_EDGE ( 'NONE', *, *, #1692, .F. ) ;
#466 = CARTESIAN_POINT ( 'NONE',  ( 1.339999999999999858, 0.3022750692340958056, 0.5221581889120768816 ) ) ;
#467 = CARTESIAN_POINT ( 'NONE',  ( 0.6699999999999999289, 0.2294999999999998985, 1.206271059530899636 ) ) ;
#468 = CARTESIAN_POINT ( 'NONE',  ( 2.215685424949238591, 0.000000000000000000, 0.000000000000000000 ) ) ;
#469 = AXIS2_PLACEMENT_3D ( 'NONE', #3, #127, #1373 ) ;
#470 = FACE_OUTER_BOUND ( 'NONE', #464, .T. ) ;
#471 = PLANE ( 'NONE',  #1403 ) ;
#472 = EDGE_CURVE ( 'NONE', #1056, #1004, #737, .T. ) ;
#473 = CARTESIAN_POINT ( 'NONE',  ( 0.000000000000000000, 1.499999999999999556, -0.2295000000000001206 ) ) ;
#474 = ADVANCED_FACE ( 'NONE', ( #891 ), #1512, .F. ) ;
#475 = ORIENTED_EDGE ( 'NONE', *, *, #1762, .T. ) ;
#476 = LINE ( 'NONE', #1435, #1454 ) ;
#477 = SURFACE_STYLE_USAGE ( .BOTH. , #1426 ) ;
#478 = CARTESIAN_POINT ( 'NONE',  ( 0.000000000000000000, -0.7223733752154180010, 0.2294999999999998985 ) ) ;
#479 = CARTESIAN_POINT ( 'NONE',  ( 26.37270800287122796, 1.836970198721030181E-16, 1.500000000000000000 ) ) ;
#480 = CARTESIAN_POINT ( 'NONE',  ( 0.6699999999999999289, 0.3595352262988449343, -0.5628899751421201358 ) ) ;
#481 = CARTESIAN_POINT ( 'NONE',  ( 0.000000000000000000, -1.500000000000000000, -0.2295000000000001206 ) ) ;
#482 = VECTOR ( 'NONE', #159, 999.9999999999998863 ) ;
#483 = ORIENTED_EDGE ( 'NONE', *, *, #40, .F. ) ;
#484 = EDGE_CURVE ( 'NONE', #1690, #1056, #991, .T. ) ;
#485 = CARTESIAN_POINT ( 'NONE',  ( 2.009999999999999787, -0.2295000000000000651, -0.5433477631085024129 ) ) ;
#486 = CARTESIAN_POINT ( 'NONE',  ( 2.009999999999999343, 0.6188131785926993533, 0.2294999999999996765 ) ) ;
#487 = CARTESIAN_POINT ( 'NONE',  ( 2.009999999999999343, -0.5514436819556088887, 0.2294999999999999818 ) ) ;
#488 = ORIENTED_EDGE ( 'NONE', *, *, #1714, .F. ) ;
#489 = CARTESIAN_POINT ( 'NONE',  ( 1.340000000000000080, 0.2572507890131591757, -0.5414463541971973326 ) ) ;
#490 = VECTOR ( 'NONE', #1422, 1000.000000000000000 ) ;
#491 = CARTESIAN_POINT ( 'NONE',  ( 2.009999999999998010, -0.4098209597873724852, -0.3424619145679045351 ) ) ;
#492 = DIRECTION ( 'NONE',  ( 0.000000000000000000, 0.5788330069785632137, 0.8154461049218119095 ) ) ;
#493 = CARTESIAN_POINT ( 'NONE',  ( 2.009999999999999787, 0.4375501157988059275, 0.4375501157988057055 ) ) ;
#494 = EDGE_CURVE ( 'NONE', #1138, #1544, #855, .T. ) ;
#495 = DIRECTION ( 'NONE',  ( 0.000000000000000000, 0.000000000000000000, -1.000000000000000000 ) ) ;
#496 = CARTESIAN_POINT ( 'NONE',  ( 1.340000000000000524, 0.2294999999999998708, -0.8344596506904023991 ) ) ;
#497 = SURFACE_STYLE_FILL_AREA ( #201 ) ;
#498 = AXIS2_PLACEMENT_3D ( 'NONE', #1045, #525, #1216 ) ;
#499 = ORIENTED_EDGE ( 'NONE', *, *, #1051, .T. ) ;
#500 = ADVANCED_FACE ( 'NONE', ( #1299 ), #406, .F. ) ;
#501 = B_SPLINE_SURFACE_WITH_KNOTS ( 'NONE', 3, 3, ( 
 ( #1015, #1041, #1429, #1137 ),
 ( #1003, #323, #610, #188 ),
 ( #768, #253, #1733, #640 ),
 ( #1322, #117, #1314, #648 ) ),
 .UNSPECIFIED., .F., .F., .F.,
 ( 4, 4 ),
 ( 4, 4 ),
 ( 0.000000000000000000, 1.000000000000000000 ),
 ( 0.000000000000000000, 1.000000000000000000 ),
 .UNSPECIFIED. ) ;
#502 = CARTESIAN_POINT ( 'NONE',  ( 1.339999999999999858, 0.6779123938349409517, 0.2294999999999998153 ) ) ;
#503 = CYLINDRICAL_SURFACE ( 'NONE', #60, 1.298999999999999710 ) ;
#504 = DIRECTION ( 'NONE',  ( 1.000000000000000000, -0.000000000000000000, -0.000000000000000000 ) ) ;
#505 = CARTESIAN_POINT ( 'NONE',  ( 1.340000000000000968, 0.2294999999999997875, -0.6779123938349413958 ) ) ;
#506 = CARTESIAN_POINT ( 'NONE',  ( 1.004999999999999893, 0.2294999999999997875, -1.059406589296350010 ) ) ;
#507 = CARTESIAN_POINT ( 'NONE',  ( 2.009999999999999787, 0.4514238815542513383, 0.4514238815542512273 ) ) ;
#508 = CIRCLE ( 'NONE', #1508, 2.750000000000000000 ) ;
#509 = CARTESIAN_POINT ( 'NONE',  ( 0.000000000000000000, 0.6411782061984903081, 0.2491135936504995929 ) ) ;
#510 = DIRECTION ( 'NONE',  ( 1.000000000000000000, -0.000000000000000000, -0.000000000000000000 ) ) ;
#511 = CARTESIAN_POINT ( 'NONE',  ( 0.6700000000000004841, 0.2294999999999996765, -0.7908092337038030717 ) ) ;
#512 = DIRECTION ( 'NONE',  ( 0.000000000000000000, 0.000000000000000000, -1.000000000000000000 ) ) ;
#513 = ORIENTED_EDGE ( 'NONE', *, *, #5, .F. ) ;
#514 = VECTOR ( 'NONE', #1026, 1000.000000000000114 ) ;
#515 = CARTESIAN_POINT ( 'NONE',  ( 0.000000000000000000, 1.590816192092411375E-16, 1.298999999999999710 ) ) ;
#516 = CARTESIAN_POINT ( 'NONE',  ( 0.6700000000000008171, 0.6298766102085755492, 0.4911693948693390266 ) ) ;
#517 = CARTESIAN_POINT ( 'NONE',  ( 0.000000000000000000, 1.060660171779821193, -1.060660171779821193 ) ) ;
#518 = DIRECTION ( 'NONE',  ( 0.000000000000000000, 0.000000000000000000, -1.000000000000000000 ) ) ;
#519 = CARTESIAN_POINT ( 'NONE',  ( 1.339999999999999858, -0.9125421190617996059, 0.2295000000000000373 ) ) ;
#520 = VERTEX_POINT ( 'NONE', #1748 ) ;
#521 = CARTESIAN_POINT ( 'NONE',  ( 0.000000000000000000, 0.2295000000000000373, 0.9037060735726643035 ) ) ;
#522 = COLOUR_RGB ( '',0.7921568627450980005, 0.8196078431372548767, 0.9333333333333333481 ) ;
#523 = VECTOR ( 'NONE', #236, 1000.000000000000000 ) ;
#524 = CARTESIAN_POINT ( 'NONE',  ( 0.6700000000000001510, 0.5692044453176610119, 0.2820451253537618053 ) ) ;
#525 = DIRECTION ( 'NONE',  ( -1.000000000000000000, 0.000000000000000000, 0.000000000000000000 ) ) ;
#526 = VERTEX_POINT ( 'NONE', #1453 ) ;
#527 = CARTESIAN_POINT ( 'NONE',  ( 0.000000000000000000, 0.000000000000000000, 0.000000000000000000 ) ) ;
#528 = CARTESIAN_POINT ( 'NONE',  ( 2.215685424949238591, 0.000000000000000000, -1.298999999999999710 ) ) ;
#529 = ORIENTED_EDGE ( 'NONE', *, *, #588, .T. ) ;
#530 = CARTESIAN_POINT ( 'NONE',  ( 2.010000000000002895, -0.2324564526725559632, -0.5136882630767316549 ) ) ;
#531 = CARTESIAN_POINT ( 'NONE',  ( 2.009999999999999343, 0.2295000000000001206, 0.6188131785926991313 ) ) ;
#532 = ORIENTED_EDGE ( 'NONE', *, *, #494, .T. ) ;
#533 = VECTOR ( 'NONE', #796, 999.9999999999998863 ) ;
#534 = CARTESIAN_POINT ( 'NONE',  ( 2.009999999999999787, -0.2294999999999996487, 0.6125243939690161454 ) ) ;
#535 = AXIS2_PLACEMENT_3D ( 'NONE', #371, #650, #1062 ) ;
#536 = CARTESIAN_POINT ( 'NONE',  ( 26.37270800287122796, 0.000000000000000000, 1.500000000000000000 ) ) ;
#537 = CARTESIAN_POINT ( 'NONE',  ( 0.000000000000000000, 0.2294999999999997320, 1.499999999999999556 ) ) ;
#538 = EDGE_LOOP ( 'NONE', ( #1028, #1390, #552, #488, #742, #712, #786 ) ) ;
#539 = CARTESIAN_POINT ( 'NONE',  ( 0.6699999999999999289, -0.8181839375154486005, -0.8282737758859137767 ) ) ;
#540 = CARTESIAN_POINT ( 'NONE',  ( 2.009999999999999343, 0.2295000000000001483, 0.6125243939690160344 ) ) ;
#541 = AXIS2_PLACEMENT_3D ( 'NONE', #1517, #1617, #1644 ) ;
#542 = DIRECTION ( 'NONE',  ( 0.8660254037844382635, 6.123233995736774664E-17, 0.5000000000000006661 ) ) ;
#543 = CARTESIAN_POINT ( 'NONE',  ( 1.339999999999999858, 0.6280079183132806220, -0.2294999999999999818 ) ) ;
#544 = CARTESIAN_POINT ( 'NONE',  ( 0.6699999999999999289, -0.5894447509345096536, 0.4116060089130117450 ) ) ;
#545 = VERTEX_POINT ( 'NONE', #220 ) ;
#546 = CARTESIAN_POINT ( 'NONE',  ( 2.010000000000001119, -0.4032296380902797850, -0.4160204051086571764 ) ) ;
#547 = CARTESIAN_POINT ( 'NONE',  ( 2.009999999999999787, -2.774032902257833610E-17, -2.646977960169688560E-17 ) ) ;
#548 = DIRECTION ( 'NONE',  ( -0.000000000000000000, -1.000000000000000000, 1.795859344192813932E-15 ) ) ;
#549 = CARTESIAN_POINT ( 'NONE',  ( 0.000000000000000000, 0.6411782061984899750, -0.2491135936504999815 ) ) ;
#550 = CARTESIAN_POINT ( 'NONE',  ( 0.000000000000000000, -0.4347482909072134527, -0.6163653815755826271 ) ) ;
#551 = CARTESIAN_POINT ( 'NONE',  ( 1.339999999999999192, -0.5251819540697719724, 0.2839939270941670424 ) ) ;
#552 = ORIENTED_EDGE ( 'NONE', *, *, #1745, .F. ) ;
#553 = EDGE_CURVE ( 'NONE', #702, #1357, #767, .T. ) ;
#554 = CARTESIAN_POINT ( 'NONE',  ( 2.009999999999999343, -0.2295000000000000651, -0.5514436819556088887 ) ) ;
#555 = CARTESIAN_POINT ( 'NONE',  ( 0.6700000000000004841, -0.7908092337038032937, -0.2294999999999995377 ) ) ;
#556 = CARTESIAN_POINT ( 'NONE',  ( 0.000000000000000000, -0.2294999999999999818, 0.6926298297924288194 ) ) ;
#557 = CARTESIAN_POINT ( 'NONE',  ( 0.000000000000000000, 0.9500594470901837507, -0.9048485144238093136 ) ) ;
#558 = EDGE_CURVE ( 'NONE', #306, #520, #1767, .T. ) ;
#559 = VECTOR ( 'NONE', #1047, 999.9999999999998863 ) ;
#560 = DIRECTION ( 'NONE',  ( 1.000000000000000000, -0.000000000000000000, -0.000000000000000000 ) ) ;
#561 = CARTESIAN_POINT ( 'NONE',  ( 2.009999999999998899, -0.4939659334555761561, 0.2385951314526200406 ) ) ;
#562 = ORIENTED_EDGE ( 'NONE', *, *, #1474, .T. ) ;
#563 = CARTESIAN_POINT ( 'NONE',  ( 1.339999999999999858, -0.2294999999999999540, -0.5903765598834418427 ) ) ;
#564 = CARTESIAN_POINT ( 'NONE',  ( 0.000000000000000000, 0.000000000000000000, 0.000000000000000000 ) ) ;
#565 = CARTESIAN_POINT ( 'NONE',  ( 0.000000000000000000, -0.6411782061984903081, -0.2491135936504990100 ) ) ;
#566 = ORIENTED_EDGE ( 'NONE', *, *, #1371, .F. ) ;
#567 = CONICAL_SURFACE ( 'NONE', #16, 1.533314575050762851, 0.7853981633974501664 ) ;
#568 = CARTESIAN_POINT ( 'NONE',  ( 0.000000000000000000, -0.2295000000000000095, 0.9037060735726654137 ) ) ;
#569 = CARTESIAN_POINT ( 'NONE',  ( 2.009999999999999787, 0.6188124266033128151, -0.2295002186393473309 ) ) ;
#570 = ADVANCED_FACE ( 'NONE', ( #1252 ), #645, .F. ) ;
#571 = LINE ( 'NONE', #1513, #1671 ) ;
#572 = CARTESIAN_POINT ( 'NONE',  ( 0.6699999999999995959, -0.6966372653289731876, 0.6140628914863842658 ) ) ;
#573 = VERTEX_POINT ( 'NONE', #125 ) ;
#574 = CARTESIAN_POINT ( 'NONE',  ( 1.339999999999999858, 0.2294999999999997875, -0.8867488564019947450 ) ) ;
#575 = DIRECTION ( 'NONE',  ( 1.000000000000000000, -0.000000000000000000, -0.000000000000000000 ) ) ;
#576 = EDGE_CURVE ( 'NONE', #1484, #1214, #822, .T. ) ;
#577 = CARTESIAN_POINT ( 'NONE',  ( 1.339999999999998526, 0.2572507890131590091, 0.5414463541971961114 ) ) ;
#578 = CARTESIAN_POINT ( 'NONE',  ( 1.339999999999999858, 0.6329119458423598799, -0.6278670266571275693 ) ) ;
#579 = AXIS2_PLACEMENT_3D ( 'NONE', #164, #1641, #695 ) ;
#580 = CARTESIAN_POINT ( 'NONE',  ( 0.000000000000000000, 0.7223733752154176679, 0.2294999999999998430 ) ) ;
#581 = CARTESIAN_POINT ( 'NONE',  ( 0.000000000000000000, -1.060660171779820526, 1.060660171779820526 ) ) ;
#582 = ORIENTED_EDGE ( 'NONE', *, *, #895, .T. ) ;
#583 = CARTESIAN_POINT ( 'NONE',  ( 0.000000000000000000, 0.2294999999999996487, -0.7223733752154182230 ) ) ;
#584 = CARTESIAN_POINT ( 'NONE',  ( 0.000000000000000000, -0.7293491378034459016, -0.5939171061348816893 ) ) ;
#585 = ORIENTED_EDGE ( 'NONE', *, *, #1745, .T. ) ;
#586 = ORIENTED_EDGE ( 'NONE', *, *, #343, .F. ) ;
#587 = CARTESIAN_POINT ( 'NONE',  ( 1.340000000000000524, -0.3884216836037964748, 0.5304040826137065290 ) ) ;
#588 = EDGE_CURVE ( 'NONE', #802, #17, #288, .T. ) ;
#589 = DIRECTION ( 'NONE',  ( 1.000000000000000000, -0.000000000000000000, -0.000000000000000000 ) ) ;
#590 = DIRECTION ( 'NONE',  ( 0.9191182639511609187, 0.2785871648796870992, 0.2785871648796873767 ) ) ;
#591 = ORIENTED_EDGE ( 'NONE', *, *, #1412, .F. ) ;
#592 = CARTESIAN_POINT ( 'NONE',  ( 2.009999999999999787, -0.5433477631085024129, 0.2295000000000000373 ) ) ;
#593 = CIRCLE ( 'NONE', #1595, 2.750000000000000000 ) ;
#594 = CARTESIAN_POINT ( 'NONE',  ( 0.000000000000000000, -1.302177609708593753, -0.2294999999999996765 ) ) ;
#595 = VERTEX_POINT ( 'NONE', #661 ) ;
#596 = CARTESIAN_POINT ( 'NONE',  ( 2.009999999999999787, 0.5433477631085023019, 0.2294999999999997042 ) ) ;
#597 = ORIENTED_EDGE ( 'NONE', *, *, #258, .T. ) ;
#598 = CARTESIAN_POINT ( 'NONE',  ( 0.6699999999999995959, 0.6140628914863841548, 0.6966372653289737427 ) ) ;
#599 = CARTESIAN_POINT ( 'NONE',  ( 1.339999999999999858, -0.2294999999999999540, 0.9125421190617993839 ) ) ;
#600 = AXIS2_PLACEMENT_3D ( 'NONE', #1338, #1629, #518 ) ;
#601 = CARTESIAN_POINT ( 'NONE',  ( 2.009999999999999787, -0.6188131785926993533, -0.2294999999999996210 ) ) ;
#602 = CARTESIAN_POINT ( 'NONE',  ( 0.000000000000000000, -1.500000000000000000, 0.2294999999999998708 ) ) ;
#603 = DIRECTION ( 'NONE',  ( 0.000000000000000000, 0.000000000000000000, -1.000000000000000000 ) ) ;
#604 = ADVANCED_FACE ( 'NONE', ( #1510 ), #133, .F. ) ;
#605 = DIRECTION ( 'NONE',  ( 0.000000000000000000, 0.000000000000000000, -1.000000000000000000 ) ) ;
#606 = ORIENTED_EDGE ( 'NONE', *, *, #1639, .F. ) ;
#607 = CARTESIAN_POINT ( 'NONE',  ( 0.000000000000000000, 0.3747915183772604908, 0.5876139952981629389 ) ) ;
#608 = DIRECTION ( 'NONE',  ( -1.000000000000000000, 0.000000000000000000, 0.000000000000000000 ) ) ;
#609 = CARTESIAN_POINT ( 'NONE',  ( 0.000000000000000000, 1.499999999999999556, 0.07649999999999988753 ) ) ;
#610 = CARTESIAN_POINT ( 'NONE',  ( 1.339999999999999858, -0.07978931686783125032, -0.9491510707818526793 ) ) ;
#611 = DIRECTION ( 'NONE',  ( 1.000000000000000000, -0.000000000000000000, -0.000000000000000000 ) ) ;
#612 =( NAMED_UNIT ( * ) PLANE_ANGLE_UNIT ( ) SI_UNIT ( $, .RADIAN. ) );
#613 = EDGE_CURVE ( 'NONE', #438, #702, #476, .T. ) ;
#614 = VERTEX_POINT ( 'NONE', #1285 ) ;
#615 = CARTESIAN_POINT ( 'NONE',  ( 2.215685424949238591, 2.570533631410293990E-16, 2.098999999999999755 ) ) ;
#616 = DIRECTION ( 'NONE',  ( 0.000000000000000000, 0.000000000000000000, 1.000000000000000000 ) ) ;
#617 = CYLINDRICAL_SURFACE ( 'NONE', #1013, 2.750000000000000000 ) ;
#618 = ORIENTED_EDGE ( 'NONE', *, *, #445, .T. ) ;
#619 = CARTESIAN_POINT ( 'NONE',  ( 2.009999999999998899, 0.2385951314526196798, -0.4939659334555748238 ) ) ;
#620 = CARTESIAN_POINT ( 'NONE',  ( 1.339999999999999858, -0.6545026449627744380, -0.6545026449627744380 ) ) ;
#621 = ORIENTED_EDGE ( 'NONE', *, *, #33, .F. ) ;
#622 = CIRCLE ( 'NONE', #535, 0.6600000000000000311 ) ;
#623 = ORIENTED_EDGE ( 'NONE', *, *, #472, .F. ) ;
#624 = ADVANCED_FACE ( 'NONE', ( #162 ), #1065, .F. ) ;
#625 = CARTESIAN_POINT ( 'NONE',  ( 2.009999999999996678, 0.5832075478202694008, -0.2295000000000000095 ) ) ;
#626 = CARTESIAN_POINT ( 'NONE',  ( 1.339999999999999858, 0.6329119458423599909, 0.6278670266571272363 ) ) ;
#627 = DIRECTION ( 'NONE',  ( -1.000000000000000000, 0.000000000000000000, 0.000000000000000000 ) ) ;
#628 = EDGE_CURVE ( 'NONE', #172, #1138, #1353, .T. ) ;
#629 = CARTESIAN_POINT ( 'NONE',  ( 2.010000000000001563, 0.2294999999999998430, -0.5650155539660796089 ) ) ;
#630 = APPLICATION_CONTEXT ( 'automotive_design' ) ;
#631 = LINE ( 'NONE', #481, #730 ) ;
#632 = ORIENTED_EDGE ( 'NONE', *, *, #1431, .T. ) ;
#633 = EDGE_CURVE ( 'NONE', #702, #894, #1473, .T. ) ;
#634 = CARTESIAN_POINT ( 'NONE',  ( 0.000000000000000000, 1.499999999999999556, -0.2295000000000001206 ) ) ;
#635 = CARTESIAN_POINT ( 'NONE',  ( 1.339999999999998970, 0.5251819540697714173, 0.2839939270941667648 ) ) ;
#636 = SURFACE_STYLE_FILL_AREA ( #1628 ) ;
#637 = CARTESIAN_POINT ( 'NONE',  ( 1.339999999999998526, 0.2294999999999995377, -0.7554494067131937163 ) ) ;
#638 = CARTESIAN_POINT ( 'NONE',  ( 0.000000000000000000, 0.9048485144238090916, 0.9500594470901838617 ) ) ;
#639 = CARTESIAN_POINT ( 'NONE',  ( 0.6699999999999999289, 0.6415031948379352755, 0.2294999999999998153 ) ) ;
#640 = CARTESIAN_POINT ( 'NONE',  ( 2.009999999999999787, 0.08143397530174667498, -0.6737266061727790190 ) ) ;
#641 = CARTESIAN_POINT ( 'NONE',  ( 2.009999999999999787, 0.4375501157988058720, -0.4375501157988059275 ) ) ;
#642 = DIRECTION ( 'NONE',  ( -0.000000000000000000, 1.000000000000000000, -0.000000000000000000 ) ) ;
#643 = ORIENTED_EDGE ( 'NONE', *, *, #1077, .F. ) ;
#644 = LINE ( 'NONE', #515, #1135 ) ;
#645 = TOROIDAL_SURFACE ( 'NONE', #844, 2.098999999999999755, 0.7999999999999998224 ) ;
#646 = VECTOR ( 'NONE', #322, 1000.000000000000000 ) ;
#647 = CARTESIAN_POINT ( 'NONE',  ( 0.6700000000000000400, 0.9276912656061174767, 0.2294999999999996765 ) ) ;
#648 = CARTESIAN_POINT ( 'NONE',  ( 2.009999999999999787, 0.2294999999999998708, -0.6188131785926993533 ) ) ;
#649 = DIRECTION ( 'NONE',  ( -1.000000000000000000, 0.000000000000000000, 0.000000000000000000 ) ) ;
#650 = DIRECTION ( 'NONE',  ( -1.000000000000000000, 0.000000000000000000, 0.000000000000000000 ) ) ;
#651 = ORIENTED_EDGE ( 'NONE', *, *, #484, .F. ) ;
#652 = CARTESIAN_POINT ( 'NONE',  ( 0.6699999999999992628, 0.2294999999999997597, 0.9276912656061173656 ) ) ;
#653 = CARTESIAN_POINT ( 'NONE',  ( 0.6699999999999999289, 0.8575814083712979263, 0.8575814083712974822 ) ) ;
#654 = CARTESIAN_POINT ( 'NONE',  ( 0.000000000000000000, 0.000000000000000000, 0.000000000000000000 ) ) ;
#655 = FACE_OUTER_BOUND ( 'NONE', #1623, .T. ) ;
#656 = CARTESIAN_POINT ( 'NONE',  ( 2.009999999999999787, -0.6737266061727790190, 0.08143397530174698029 ) ) ;
#657 = ORIENTED_EDGE ( 'NONE', *, *, #701, .T. ) ;
#658 = CARTESIAN_POINT ( 'NONE',  ( 2.009999999999999787, -0.2450149121693466769, -0.4814264026820338493 ) ) ;
#659 = CARTESIAN_POINT ( 'NONE',  ( 0.6700000000000004841, 0.2295000000000000095, 0.7908092337038028496 ) ) ;
#660 = VERTEX_POINT ( 'NONE', #1064 ) ;
#661 = CARTESIAN_POINT ( 'NONE',  ( 2.009999999999999787, 0.4514238815542512273, -0.4514238815542513938 ) ) ;
#662 = LINE ( 'NONE', #1620, #1159 ) ;
#663 = DIRECTION ( 'NONE',  ( 1.000000000000000000, -0.000000000000000000, -0.000000000000000000 ) ) ;
#664 = CARTESIAN_POINT ( 'NONE',  ( 1.339999999999999858, -0.9491510707818529013, -0.07978931686783113930 ) ) ;
#665 = ORIENTED_EDGE ( 'NONE', *, *, #33, .T. ) ;
#666 = CARTESIAN_POINT ( 'NONE',  ( 1.339999999999999858, -0.3022750692340959167, -0.5221581889120771036 ) ) ;
#667 = CARTESIAN_POINT ( 'NONE',  ( 0.000000000000000000, -1.060660171779820748, 1.060660171779820748 ) ) ;
#668 = TOROIDAL_SURFACE ( 'NONE', #880, 2.098999999999999755, 0.7999999999999998224 ) ;
#669 = CARTESIAN_POINT ( 'NONE',  ( 2.009999999999999787, 0.5433477631085024129, -0.2294999999999999818 ) ) ;
#670 = CARTESIAN_POINT ( 'NONE',  ( 2.009999999999997566, 0.4939659334555752679, -0.2385951314526203459 ) ) ;
#671 = CARTESIAN_POINT ( 'NONE',  ( 2.010000000000001563, -0.4309315550188381194, 0.2856739723382553109 ) ) ;
#672 = EDGE_LOOP ( 'NONE', ( #1063, #1680, #941, #499, #1520, #755, #265 ) ) ;
#673 = CARTESIAN_POINT ( 'NONE',  ( 0.6699999999999999289, -0.8575814083712974822, -0.8575814083712977043 ) ) ;
#674 = CARTESIAN_POINT ( 'NONE',  ( 0.6699999999999997069, 0.2294999999999998985, 1.160973318834972901 ) ) ;
#675 = CARTESIAN_POINT ( 'NONE',  ( 2.009999999999998010, -0.2294999999999994544, 0.5832075478202695118 ) ) ;
#676 = CARTESIAN_POINT ( 'NONE',  ( 1.339999999999999414, 0.5304040826137065290, -0.3884216836037971965 ) ) ;
#677 = SURFACE_SIDE_STYLE ('',( #835 ) ) ;
#678 = CARTESIAN_POINT ( 'NONE',  ( 2.009999999999999787, -0.4814264026820335718, 0.2450149121693467880 ) ) ;
#679 = ORIENTED_EDGE ( 'NONE', *, *, #1030, .F. ) ;
#680 = CARTESIAN_POINT ( 'NONE',  ( 0.000000000000000000, -1.008500848373769854, -1.023635605929468007 ) ) ;
#681 = DIRECTION ( 'NONE',  ( 0.000000000000000000, 0.000000000000000000, -1.000000000000000000 ) ) ;
#682 = VECTOR ( 'NONE', #80, 1000.000000000000114 ) ;
#683 = AXIS2_PLACEMENT_3D ( 'NONE', #1185, #107, #221 ) ;
#684 = CARTESIAN_POINT ( 'NONE',  ( 0.000000000000000000, 1.023635605929468007, -1.008500848373770520 ) ) ;
#685 = CARTESIAN_POINT ( 'NONE',  ( -0.000000000000000000, -0.6543671831136569361, 0.4882843205921661434 ) ) ;
#686 = EDGE_LOOP ( 'NONE', ( #597, #1521, #997, #743, #1382 ) ) ;
#687 = CARTESIAN_POINT ( 'NONE',  ( 1.340000000000002744, -0.2295000000000003426, -0.7554494067131946045 ) ) ;
#688 = CARTESIAN_POINT ( 'NONE',  ( 2.009999999999999787, -0.4514238815542514494, -0.4514238815542511718 ) ) ;
#689 = ORIENTED_EDGE ( 'NONE', *, *, #633, .F. ) ;
#690 = ORIENTED_EDGE ( 'NONE', *, *, #633, .T. ) ;
#691 = CARTESIAN_POINT ( 'NONE',  ( 1.004999999999999893, -0.7560420266670356826, 0.7560420266670359046 ) ) ;
#692 = CARTESIAN_POINT ( 'NONE',  ( 2.009999999999999787, 0.5392499249289482988, -0.2295000000000000095 ) ) ;
#693 = CONICAL_SURFACE ( 'NONE', #956, 1.500000000000000000, 1.051888018551333071 ) ;
#694 = CIRCLE ( 'NONE', #1331, 0.1300000000000000600 ) ;
#695 = DIRECTION ( 'NONE',  ( 0.000000000000000000, 0.000000000000000000, -1.000000000000000000 ) ) ;
#696 = DIRECTION ( 'NONE',  ( 0.000000000000000000, 0.000000000000000000, -1.000000000000000000 ) ) ;
#697 = EDGE_CURVE ( 'NONE', #526, #987, #1104, .T. ) ;
#698 = ORIENTED_EDGE ( 'NONE', *, *, #1476, .T. ) ;
#699 = FACE_BOUND ( 'NONE', #183, .T. ) ;
#700 = CARTESIAN_POINT ( 'NONE',  ( 2.010000000000001119, -0.4939659334555764891, -0.2385951314526192912 ) ) ;
#701 = EDGE_CURVE ( 'NONE', #894, #1126, #450, .T. ) ;
#702 = VERTEX_POINT ( 'NONE', #402 ) ;
#703 = CIRCLE ( 'NONE', #821, 2.750000000000000000 ) ;
#704 = CARTESIAN_POINT ( 'NONE',  ( 1.339999999999999858, 0.3349276972338571801, 0.5245223187553624822 ) ) ;
#705 = CARTESIAN_POINT ( 'NONE',  ( 0.6699999999999990408, 0.9276912656061171436, -0.2294999999999998985 ) ) ;
#706 = CARTESIAN_POINT ( 'NONE',  ( 0.000000000000000000, 0.4347482909072130086, 0.6163653815755819609 ) ) ;
#707 = DIRECTION ( 'NONE',  ( 1.000000000000000000, -0.000000000000000000, -0.000000000000000000 ) ) ;
#708 = ORIENTED_EDGE ( 'NONE', *, *, #115, .F. ) ;
#709 = PLANE ( 'NONE',  #166 ) ;
#710 = CARTESIAN_POINT ( 'NONE',  ( 1.340000000000000524, -0.5304040826137070841, -0.3884216836037971965 ) ) ;
#711 = ORIENTED_EDGE ( 'NONE', *, *, #383, .T. ) ;
#712 = ORIENTED_EDGE ( 'NONE', *, *, #5, .T. ) ;
#713 = CARTESIAN_POINT ( 'NONE',  ( 0.6699999999999999289, -0.8181839375154487115, 0.8282737758859136656 ) ) ;
#714 = SURFACE_STYLE_FILL_AREA ( #1286 ) ;
#715 = AXIS2_PLACEMENT_3D ( 'NONE', #1630, #1770, #1396 ) ;
#716 = CARTESIAN_POINT ( 'NONE',  ( 1.339999999999999414, 0.8867488564019944119, 0.2294999999999997320 ) ) ;
#717 = DIRECTION ( 'NONE',  ( -1.000000000000000000, 0.000000000000000000, 0.000000000000000000 ) ) ;
#718 = ORIENTED_EDGE ( 'NONE', *, *, #1762, .F. ) ;
#719 = LINE ( 'NONE', #430, #1549 ) ;
#720 = CARTESIAN_POINT ( 'NONE',  ( 2.010000000000001563, -0.5650155539660793869, -0.2294999999999993989 ) ) ;
#721 = VERTEX_POINT ( 'NONE', #948 ) ;
#722 = VERTEX_POINT ( 'NONE', #268 ) ;
#723 = CARTESIAN_POINT ( 'NONE',  ( 2.009999999999998010, -0.3424619145679048682, 0.4098209597873728183 ) ) ;
#724 = CARTESIAN_POINT ( 'NONE',  ( 2.009999999999999787, -0.08143397530174673049, 0.6737266061727791300 ) ) ;
#725 = EDGE_CURVE ( 'NONE', #1669, #614, #131, .T. ) ;
#726 = DIRECTION ( 'NONE',  ( -0.000000000000000000, 1.000000000000000000, -0.000000000000000000 ) ) ;
#727 = CARTESIAN_POINT ( 'NONE',  ( 0.000000000000000000, -1.099933124499041570, 0.2294999999999997875 ) ) ;
#728 = ORIENTED_EDGE ( 'NONE', *, *, #1164, .T. ) ;
#729 = CARTESIAN_POINT ( 'NONE',  ( 2.009999999999999343, -0.2295000000000000928, -0.6188131785926991313 ) ) ;
#730 = VECTOR ( 'NONE', #82, 1000.000000000000000 ) ;
#731 = EDGE_CURVE ( 'NONE', #1153, #17, #1073, .T. ) ;
#732 = CARTESIAN_POINT ( 'NONE',  ( 2.009999999999999787, -2.774032902257833610E-17, -2.646977960169688560E-17 ) ) ;
#733 = ORIENTED_EDGE ( 'NONE', *, *, #1532, .F. ) ;
#734 = CARTESIAN_POINT ( 'NONE',  ( 0.000000000000000000, -0.7498633799456249083, 0.8400454180997757314 ) ) ;
#735 = DIRECTION ( 'NONE',  ( 1.000000000000000000, -0.000000000000000000, -0.000000000000000000 ) ) ;
#736 = AXIS2_PLACEMENT_3D ( 'NONE', #1592, #504, #1596 ) ;
#737 = LINE ( 'NONE', #339, #335 ) ;
#738 = CARTESIAN_POINT ( 'NONE',  ( 0.6699999999999997069, -0.7045721546709527994, 0.2294999999999999263 ) ) ;
#739 = ORIENTED_EDGE ( 'NONE', *, *, #225, .T. ) ;
#740 = CARTESIAN_POINT ( 'NONE',  ( 26.62000000000000099, 1.500000000000000222, 0.000000000000000000 ) ) ;
#741 = PRESENTATION_STYLE_ASSIGNMENT (( #771 ) ) ;
#742 = ORIENTED_EDGE ( 'NONE', *, *, #1164, .F. ) ;
#743 = ORIENTED_EDGE ( 'NONE', *, *, #89, .T. ) ;
#744 = PRODUCT_DEFINITION ( 'Î´Öª', '', #1294, #750 ) ;
#745 = CARTESIAN_POINT ( 'NONE',  ( 1.339999999999999858, 0.07978931686783119481, 0.9491510707818525683 ) ) ;
#746 = DIRECTION ( 'NONE',  ( 0.000000000000000000, -1.000000000000000000, 4.724192472703726784E-16 ) ) ;
#747 = VECTOR ( 'NONE', #14, 1000.000000000000000 ) ;
#748 = CARTESIAN_POINT ( 'NONE',  ( 2.009999999999997566, -0.6006006711813064447, 0.2295000000000001761 ) ) ;
#749 = ORIENTED_EDGE ( 'NONE', *, *, #413, .F. ) ;
#750 = PRODUCT_DEFINITION_CONTEXT ( 'detailed design', #281, 'design' ) ;
#751 = CARTESIAN_POINT ( 'NONE',  ( 0.6699999999999990408, 0.6140628914863850429, -0.6966372653289739647 ) ) ;
#752 = CIRCLE ( 'NONE', #210, 0.1300000000000000044 ) ;
#753 =( LENGTH_UNIT ( ) NAMED_UNIT ( * ) SI_UNIT ( .MILLI., .METRE. ) );
#754 = ORIENTED_EDGE ( 'NONE', *, *, #1030, .T. ) ;
#755 = ORIENTED_EDGE ( 'NONE', *, *, #1302, .T. ) ;
#756 = LINE ( 'NONE', #62, #1608 ) ;
#757 = EDGE_CURVE ( 'NONE', #1664, #802, #644, .T. ) ;
#758 = CARTESIAN_POINT ( 'NONE',  ( 0.6699999999999997069, 1.160973318834972678, 0.2294999999999998153 ) ) ;
#759 = CARTESIAN_POINT ( 'NONE',  ( 1.004999999999999893, -0.7560420266670359046, -0.7560420266670361267 ) ) ;
#760 = CARTESIAN_POINT ( 'NONE',  ( 0.6699999999999999289, 0.2427045360916164629, -0.6042030910717839376 ) ) ;
#761 = DIRECTION ( 'NONE',  ( 1.000000000000000000, -0.000000000000000000, -0.000000000000000000 ) ) ;
#762 = AXIS2_PLACEMENT_3D ( 'NONE', #1654, #575, #681 ) ;
#763 = EDGE_CURVE ( 'NONE', #545, #1638, #1483, .T. ) ;
#764 = AXIS2_PLACEMENT_3D ( 'NONE', #238, #256, #801 ) ;
#765 = CARTESIAN_POINT ( 'NONE',  ( 1.004999999999999671, -1.059406589296349788, 0.2294999999999999818 ) ) ;
#766 = PRODUCT_DEFINITION_SHAPE ( 'NONE', 'NONE',  #744 ) ;
#767 = LINE ( 'NONE', #691, #1427 ) ;
#768 = CARTESIAN_POINT ( 'NONE',  ( 0.000000000000000000, 0.07649999999999987366, -1.500000000000000222 ) ) ;
#769 = ORIENTED_EDGE ( 'NONE', *, *, #1612, .F. ) ;
#770 = CARTESIAN_POINT ( 'NONE',  ( 0.6699999999999999289, 0.4116060089130118005, -0.5894447509345102088 ) ) ;
#771 = SURFACE_STYLE_USAGE ( .BOTH. , #1043 ) ;
#772 = CARTESIAN_POINT ( 'NONE',  ( 0.6700000000000000400, -0.7376422223126316569, 0.7720464330963406896 ) ) ;
#773 = MECHANICAL_DESIGN_GEOMETRIC_PRESENTATION_REPRESENTATION (  '', ( #1181 ), #1606 ) ;
#774 = CARTESIAN_POINT ( 'NONE',  ( 2.010000000000000675, 0.5136882630767314328, 0.2324564526725557134 ) ) ;
#775 = CARTESIAN_POINT ( 'NONE',  ( 2.271857787678656759, 0.000000000000000000, -1.298999999999999932 ) ) ;
#776 = CARTESIAN_POINT ( 'NONE',  ( 2.009999999999997122, 0.3424619145679042020, -0.4098209597873729293 ) ) ;
#777 = CARTESIAN_POINT ( 'NONE',  ( 2.009999999999999787, -0.6737266061727791300, -0.08143397530174664722 ) ) ;
#778 = EDGE_LOOP ( 'NONE', ( #209, #372, #178, #1226 ) ) ;
#779 = AXIS2_PLACEMENT_3D ( 'NONE', #817, #447, #1676 ) ;
#780 = CARTESIAN_POINT ( 'NONE',  ( 0.000000000000000000, 0.2294999999999998985, 1.302177609708592199 ) ) ;
#781 = CARTESIAN_POINT ( 'NONE',  ( 2.009999999999998010, 0.5302528608183733061, 0.2298864209738521180 ) ) ;
#782 = EDGE_CURVE ( 'NONE', #1497, #1638, #249, .T. ) ;
#783 =( NAMED_UNIT ( * ) PLANE_ANGLE_UNIT ( ) SI_UNIT ( $, .RADIAN. ) );
#784 = CARTESIAN_POINT ( 'NONE',  ( 1.339999999999999858, 0.6545026449627745491, -0.6545026449627747711 ) ) ;
#785 = CARTESIAN_POINT ( 'NONE',  ( 0.000000000000000000, 0.000000000000000000, 0.000000000000000000 ) ) ;
#786 = ORIENTED_EDGE ( 'NONE', *, *, #1371, .T. ) ;
#787 = UNCERTAINTY_MEASURE_WITH_UNIT (LENGTH_MEASURE( 1.000000000000000082E-05 ), #1469, 'distance_accuracy_value', 'NONE');
#788 = CARTESIAN_POINT ( 'NONE',  ( 2.009999999999998010, 0.2295000000000000928, 0.5832075478202686236 ) ) ;
#789 = VECTOR ( 'NONE', #548, 1000.000000000000000 ) ;
#790 = CARTESIAN_POINT ( 'NONE',  ( 1.339999999999999858, 0.5940334191024988497, 0.5704359302014558875 ) ) ;
#791 = DIRECTION ( 'NONE',  ( 0.000000000000000000, 0.000000000000000000, -1.000000000000000000 ) ) ;
#792 = CARTESIAN_POINT ( 'NONE',  ( 2.009999999999999787, -2.774032902257833610E-17, -2.646977960169688560E-17 ) ) ;
#793 = CARTESIAN_POINT ( 'NONE',  ( 0.6699999999999999289, -1.206271059530900081, -0.2295000000000000651 ) ) ;
#794 = ORIENTED_EDGE ( 'NONE', *, *, #1566, .F. ) ;
#795 = CARTESIAN_POINT ( 'NONE',  ( 0.6700000000000001510, -0.7376422223126323230, -0.7720464330963416888 ) ) ;
#796 = DIRECTION ( 'NONE',  ( -0.7071067811865462405, 8.659560562354950115E-17, -0.7071067811865489050 ) ) ;
#797 = ORIENTED_EDGE ( 'NONE', *, *, #1401, .F. ) ;
#798 = CARTESIAN_POINT ( 'NONE',  ( -0.000000000000000000, 0.6036217613721630570, 0.4167953833635941185 ) ) ;
#799 = DIRECTION ( 'NONE',  ( -1.000000000000000000, 0.000000000000000000, 0.000000000000000000 ) ) ;
#800 = CARTESIAN_POINT ( 'NONE',  ( 0.000000000000000000, -0.3594999999999997087, -0.7223733752154176679 ) ) ;
#801 = DIRECTION ( 'NONE',  ( 0.000000000000000000, 0.000000000000000000, 1.000000000000000000 ) ) ;
#802 = VERTEX_POINT ( 'NONE', #1343 ) ;
#803 = CARTESIAN_POINT ( 'NONE',  ( 2.010000000000003784, -0.2295000000000005091, -0.5832075478202702890 ) ) ;
#804 = CARTESIAN_POINT ( 'NONE',  ( 1.339999999999999414, 0.2294999999999999818, 0.9125421190617993839 ) ) ;
#805 = CIRCLE ( 'NONE', #233, 0.1300000000000001155 ) ;
#806 = CARTESIAN_POINT ( 'NONE',  ( 0.000000000000000000, -0.2294999999999999540, 1.099933124499040904 ) ) ;
#807 = CARTESIAN_POINT ( 'NONE',  ( 0.6699999999999991518, 0.5563979746839667895, -0.3293927227357142939 ) ) ;
#808 = CARTESIAN_POINT ( 'NONE',  ( 0.000000000000000000, 0.2294999999999997320, 1.499999999999999556 ) ) ;
#809 = CARTESIAN_POINT ( 'NONE',  ( 0.000000000000000000, 1.060660171779821193, -1.060660171779821193 ) ) ;
#810 = ORIENTED_EDGE ( 'NONE', *, *, #1048, .F. ) ;
#811 = CARTESIAN_POINT ( 'NONE',  ( 0.000000000000000000, -0.2294999999999998985, -0.9037060735726641925 ) ) ;
#812 = CARTESIAN_POINT ( 'NONE',  ( 0.000000000000000000, 0.2491135936504991766, 0.6411782061984901970 ) ) ;
#813 = EDGE_CURVE ( 'NONE', #193, #1763, #141, .T. ) ;
#814 = AXIS2_PLACEMENT_3D ( 'NONE', #47, #589, #457 ) ;
#815 = CARTESIAN_POINT ( 'NONE',  ( 2.009999999999999787, -0.2294999999999996765, 0.5392499249289480767 ) ) ;
#816 = CARTESIAN_POINT ( 'NONE',  ( -0.000000000000000000, 0.6543671831136573802, -0.4882843205921663654 ) ) ;
#817 = CARTESIAN_POINT ( 'NONE',  ( 26.37270800287122796, 0.000000000000000000, 0.000000000000000000 ) ) ;
#818 = VERTEX_POINT ( 'NONE', #688 ) ;
#819 = CARTESIAN_POINT ( 'NONE',  ( 0.6699999999999999289, -0.3595352262988451009, -0.5628899751421202469 ) ) ;
#820 = CARTESIAN_POINT ( 'NONE',  ( 2.009999999999999787, -0.6006006711813068888, -0.2294999999999993712 ) ) ;
#821 = AXIS2_PLACEMENT_3D ( 'NONE', #1570, #1670, #603 ) ;
#822 = LINE ( 'NONE', #669, #789 ) ;
#823 = CARTESIAN_POINT ( 'NONE',  ( 1.339999999999999858, 0.5414463541971971106, -0.2572507890131588981 ) ) ;
#824 = PRESENTATION_STYLE_ASSIGNMENT (( #1234 ) ) ;
#825 = CARTESIAN_POINT ( 'NONE',  ( 0.000000000000000000, -1.023635605929467562, 1.008500848373770076 ) ) ;
#826 = ORIENTED_EDGE ( 'NONE', *, *, #1398, .F. ) ;
#827 = CARTESIAN_POINT ( 'NONE',  ( 2.009999999999999787, -0.4375501157988059275, -0.4375501157988058165 ) ) ;
#828 = CARTESIAN_POINT ( 'NONE',  ( 0.000000000000000000, -1.435197781267951500, -0.2295000000000001206 ) ) ;
#829 = ORIENTED_EDGE ( 'NONE', *, *, #94, .F. ) ;
#830 = ORIENTED_EDGE ( 'NONE', *, *, #1665, .T. ) ;
#831 = AXIS2_PLACEMENT_3D ( 'NONE', #615, #32, #1304 ) ;
#832 = CARTESIAN_POINT ( 'NONE',  ( 0.6700000000000001510, -0.2294999999999998985, 1.068318630199498021 ) ) ;
#833 = CARTESIAN_POINT ( 'NONE',  ( 1.339999999999999858, 0.5903765598834418427, -0.2295000000000000373 ) ) ;
#834 = EDGE_CURVE ( 'NONE', #595, #1325, #416, .T. ) ;
#835 = SURFACE_STYLE_FILL_AREA ( #137 ) ;
#836 = CARTESIAN_POINT ( 'NONE',  ( 0.000000000000000000, -0.6411782061984901970, 0.2491135936504994541 ) ) ;
#837 = ORIENTED_EDGE ( 'NONE', *, *, #1401, .T. ) ;
#838 = FACE_OUTER_BOUND ( 'NONE', #332, .T. ) ;
#839 =( NAMED_UNIT ( * ) SI_UNIT ( $, .STERADIAN. ) SOLID_ANGLE_UNIT ( ) );
#840 = CARTESIAN_POINT ( 'NONE',  ( 0.000000000000000000, -0.5876139952981632719, -0.3747915183772606573 ) ) ;
#841 = VERTEX_POINT ( 'NONE', #295 ) ;
#842 = CARTESIAN_POINT ( 'NONE',  ( 1.340000000000000302, -0.2294999999999997875, 0.8344596506904022881 ) ) ;
#843 = CARTESIAN_POINT ( 'NONE',  ( 0.6699999999999999289, 0.5692044453176619001, -0.2820451253537621383 ) ) ;
#844 = AXIS2_PLACEMENT_3D ( 'NONE', #1647, #1354, #1666 ) ;
#845 = STYLED_ITEM ( 'NONE', ( #741 ), #995 ) ;
#846 = CYLINDRICAL_SURFACE ( 'NONE', #403, 2.750000000000000000 ) ;
#847 = CARTESIAN_POINT ( 'NONE',  ( 0.000000000000000000, 0.3594999999999997642, 0.7223733752154178900 ) ) ;
#848 = ORIENTED_EDGE ( 'NONE', *, *, #1025, .T. ) ;
#849 = CARTESIAN_POINT ( 'NONE',  ( 0.000000000000000000, 0.4347482909067318380, -0.6163653815752407894 ) ) ;
#850 = CARTESIAN_POINT ( 'NONE',  ( 0.6700000000000001510, -0.6298766102085764373, -0.4911693948693394152 ) ) ;
#851 = ORIENTED_EDGE ( 'NONE', *, *, #1412, .T. ) ;
#852 = VERTEX_POINT ( 'NONE', #1547 ) ;
#853 = CARTESIAN_POINT ( 'NONE',  ( 1.340000000000000080, -0.5704359302014556654, 0.5940334191024987387 ) ) ;
#854 =( NAMED_UNIT ( * ) SI_UNIT ( $, .STERADIAN. ) SOLID_ANGLE_UNIT ( ) );
#855 = LINE ( 'NONE', #212, #1655 ) ;
#856 = CARTESIAN_POINT ( 'NONE',  ( 1.339999999999999858, -0.6545026449627742160, 0.6545026449627744380 ) ) ;
#857 = ORIENTED_EDGE ( 'NONE', *, *, #813, .T. ) ;
#858 = CARTESIAN_POINT ( 'NONE',  ( 0.6699999999999987077, -0.2294999999999998985, -1.068318630199496466 ) ) ;
#859 = DIRECTION ( 'NONE',  ( 0.000000000000000000, 1.045683884074040546E-16, 1.000000000000000000 ) ) ;
#860 = ADVANCED_FACE ( 'NONE', ( #1519 ), #277, .F. ) ;
#861 = CARTESIAN_POINT ( 'NONE',  ( 1.339999999999999858, -0.8867488564019946340, -0.2294999999999998153 ) ) ;
#862 = EDGE_LOOP ( 'NONE', ( #829, #1375, #998, #327 ) ) ;
#863 =( GEOMETRIC_REPRESENTATION_CONTEXT ( 3 ) GLOBAL_UNCERTAINTY_ASSIGNED_CONTEXT ( ( #1569 ) ) GLOBAL_UNIT_ASSIGNED_CONTEXT ( ( #1658, #944, #980 ) ) REPRESENTATION_CONTEXT ( 'NONE', 'WORKASPACE' ) );
#864 = EDGE_CURVE ( 'NONE', #1132, #1497, #1196, .T. ) ;
#865 = DIRECTION ( 'NONE',  ( -1.000000000000000000, 0.000000000000000000, 0.000000000000000000 ) ) ;
#866 = ORIENTED_EDGE ( 'NONE', *, *, #870, .F. ) ;
#867 = CARTESIAN_POINT ( 'NONE',  ( 0.6699999999999999289, -0.4116060089130115229, 0.5894447509345097647 ) ) ;
#868 = CARTESIAN_POINT ( 'NONE',  ( 1.339999999999997859, 0.7554494067131932722, -0.2294999999999999540 ) ) ;
#869 = AXIS2_PLACEMENT_3D ( 'NONE', #1758, #227, #791 ) ;
#870 = EDGE_CURVE ( 'NONE', #982, #1484, #990, .T. ) ;
#871 = FACE_OUTER_BOUND ( 'NONE', #888, .T. ) ;
#872 = CARTESIAN_POINT ( 'NONE',  ( 1.339999999999999414, -0.9125421190617996059, 0.2295000000000000373 ) ) ;
#873 = CARTESIAN_POINT ( 'NONE',  ( 1.649999999999999689, 0.000000000000000000, 0.000000000000000000 ) ) ;
#874 = CARTESIAN_POINT ( 'NONE',  ( 0.000000000000000000, -0.2294999999999999540, -1.500000000000000000 ) ) ;
#875 = CARTESIAN_POINT ( 'NONE',  ( 0.000000000000000000, -0.7223733752154180010, -0.2295000000000001206 ) ) ;
#876 = ORIENTED_EDGE ( 'NONE', *, *, #1051, .F. ) ;
#877 = CARTESIAN_POINT ( 'NONE',  ( 0.6699999999999992628, -0.6140628914863849319, 0.6966372653289748529 ) ) ;
#878 = CARTESIAN_POINT ( 'NONE',  ( 0.6699999999999999289, 1.206271059530899636, -0.2295000000000001761 ) ) ;
#879 = CARTESIAN_POINT ( 'NONE',  ( 0.6699999999999999289, 1.206271059530899636, -0.2295000000000001761 ) ) ;
#880 = AXIS2_PLACEMENT_3D ( 'NONE', #468, #1279, #1694 ) ;
#881 = FACE_OUTER_BOUND ( 'NONE', #113, .T. ) ;
#882 = EDGE_LOOP ( 'NONE', ( #665, #851, #1270, #1772, #929, #690, #657 ) ) ;
#883 = UNCERTAINTY_MEASURE_WITH_UNIT (LENGTH_MEASURE( 1.000000000000000082E-05 ), #1097, 'distance_accuracy_value', 'NONE');
#884 = LINE ( 'NONE', #971, #1228 ) ;
#885 = AXIS2_PLACEMENT_3D ( 'NONE', #1187, #246, #437 ) ;
#886 = DIRECTION ( 'NONE',  ( 0.000000000000000000, 0.000000000000000000, -1.000000000000000000 ) ) ;
#887 = VERTEX_POINT ( 'NONE', #1173 ) ;
#888 = EDGE_LOOP ( 'NONE', ( #1259, #61, #1420, #1081 ) ) ;
#889 = CARTESIAN_POINT ( 'NONE',  ( 0.000000000000000000, -1.060660171779820526, 1.060660171779820526 ) ) ;
#890 =( NAMED_UNIT ( * ) PLANE_ANGLE_UNIT ( ) SI_UNIT ( $, .RADIAN. ) );
#891 = FACE_OUTER_BOUND ( 'NONE', #49, .T. ) ;
#892 = CARTESIAN_POINT ( 'NONE',  ( 1.339999999999998082, -0.6779123938349413958, 0.2295000000000000373 ) ) ;
#893 = CARTESIAN_POINT ( 'NONE',  ( 0.000000000000000000, 0.2294999999999996210, -0.6926298297924294856 ) ) ;
#894 = VERTEX_POINT ( 'NONE', #1588 ) ;
#895 = EDGE_CURVE ( 'NONE', #545, #721, #593, .T. ) ;
#896 = CARTESIAN_POINT ( 'NONE',  ( 1.339999999999999858, 0.9125421190617993839, -0.2295000000000002038 ) ) ;
#897 = CARTESIAN_POINT ( 'NONE',  ( 1.340000000000000524, -0.5672279759450794545, 0.2362954785327349150 ) ) ;
#898 = ORIENTED_EDGE ( 'NONE', *, *, #757, .T. ) ;
#899 = CARTESIAN_POINT ( 'NONE',  ( 0.000000000000000000, 0.3747915183772603798, -0.5876139952981632719 ) ) ;
#900 = CIRCLE ( 'NONE', #779, 1.500000000000000000 ) ;
#901 = EDGE_CURVE ( 'NONE', #1153, #520, #216, .T. ) ;
#902 = DIRECTION ( 'NONE',  ( -0.000000000000000000, -1.000000000000000000, -0.000000000000000000 ) ) ;
#903 = ORIENTED_EDGE ( 'NONE', *, *, #146, .T. ) ;
#904 = DIRECTION ( 'NONE',  ( -1.000000000000000000, 0.000000000000000000, 0.000000000000000000 ) ) ;
#905 = CARTESIAN_POINT ( 'NONE',  ( 0.000000000000000000, 1.060660171779821193, 1.060660171779820748 ) ) ;
#906 = DIRECTION ( 'NONE',  ( 0.000000000000000000, 0.000000000000000000, 1.000000000000000000 ) ) ;
#907 = CARTESIAN_POINT ( 'NONE',  ( 2.009999999999999787, 0.2582493855547023931, -0.4595998865762150887 ) ) ;
#908 = CARTESIAN_POINT ( 'NONE',  ( 2.009999999999999787, -0.4514238815542513383, -0.4514238815542512273 ) ) ;
#909 = CARTESIAN_POINT ( 'NONE',  ( 2.009999999999999787, 0.5392499249289480767, 0.2294999999999996487 ) ) ;
#910 = DIRECTION ( 'NONE',  ( 1.000000000000000000, -0.000000000000000000, -0.000000000000000000 ) ) ;
#911 = CIRCLE ( 'NONE', #999, 0.6600000000000000311 ) ;
#912 = CARTESIAN_POINT ( 'NONE',  ( 1.339999999999999192, 0.2839939270941665983, -0.5251819540697710842 ) ) ;
#913 = CIRCLE ( 'NONE', #1487, 0.1299999999999998102 ) ;
#914 = LINE ( 'NONE', #1471, #1074 ) ;
#915 = CARTESIAN_POINT ( 'NONE',  ( 0.6699999999999995959, 0.2427045360916169348, 0.6042030910717844927 ) ) ;
#916 = EDGE_CURVE ( 'NONE', #1404, #53, #43, .T. ) ;
#917 = CARTESIAN_POINT ( 'NONE',  ( 1.339999999999999858, 0.8344596506904018440, 0.2294999999999998708 ) ) ;
#918 = CARTESIAN_POINT ( 'NONE',  ( 1.340000000000001412, 0.3884216836037973075, -0.5304040826137070841 ) ) ;
#919 = AXIS2_PLACEMENT_3D ( 'NONE', #1253, #436, #22 ) ;
#920 = CARTESIAN_POINT ( 'NONE',  ( 0.000000000000000000, 0.2294999999999997597, -1.500000000000000222 ) ) ;
#921 = VERTEX_POINT ( 'NONE', #1310 ) ;
#922 = AXIS2_PLACEMENT_3D ( 'NONE', #1067, #510, #1477 ) ;
#923 = CARTESIAN_POINT ( 'NONE',  ( 2.010000000000001563, 0.2295000000000000373, 0.6006006711813066667 ) ) ;
#924 = EDGE_CURVE ( 'NONE', #1638, #1763, #508, .T. ) ;
#925 = CARTESIAN_POINT ( 'NONE',  ( 0.000000000000000000, 1.302177609708592865, 0.2294999999999999818 ) ) ;
#926 = FACE_OUTER_BOUND ( 'NONE', #1131, .T. ) ;
#927 = CARTESIAN_POINT ( 'NONE',  ( 0.000000000000000000, 0.000000000000000000, -1.298999999999999710 ) ) ;
#928 = CARTESIAN_POINT ( 'NONE',  ( 2.009999999999999787, -0.2295002186393480248, -0.6188124266033121490 ) ) ;
#929 = ORIENTED_EDGE ( 'NONE', *, *, #553, .F. ) ;
#930 = CARTESIAN_POINT ( 'NONE',  ( 0.000000000000000000, -0.2294999999999999540, -1.302177609708591977 ) ) ;
#931 = DIRECTION ( 'NONE',  ( 1.000000000000000000, -0.000000000000000000, -0.000000000000000000 ) ) ;
#932 = AXIS2_PLACEMENT_3D ( 'NONE', #389, #101, #128 ) ;
#933 = CARTESIAN_POINT ( 'NONE',  ( 0.6699999999999999289, 0.5628899751421199138, 0.3595352262988447678 ) ) ;
#934 = CARTESIAN_POINT ( 'NONE',  ( -997.7889999999999873, 0.000000000000000000, 0.000000000000000000 ) ) ;
#935 = CARTESIAN_POINT ( 'NONE',  ( 26.62000000000000099, 1.571834166705627751E-16, -1.066999999999999948 ) ) ;
#936 = CARTESIAN_POINT ( 'NONE',  ( 0.000000000000000000, 0.7223733752154177790, 0.3594999999999998752 ) ) ;
#937 = ORIENTED_EDGE ( 'NONE', *, *, #343, .T. ) ;
#938 = CARTESIAN_POINT ( 'NONE',  ( 0.6699999999999999289, -0.2294999999999998985, -0.6415031948379352755 ) ) ;
#939 = CIRCLE ( 'NONE', #1176, 1.298999999999999932 ) ;
#940 = CARTESIAN_POINT ( 'NONE',  ( 1.339999999999999192, 0.2362954785327347207, 0.5672279759450787884 ) ) ;
#941 = ORIENTED_EDGE ( 'NONE', *, *, #68, .T. ) ;
#942 = CARTESIAN_POINT ( 'NONE',  ( 2.010000000000001119, -0.2385951314526195133, 0.4939659334555756010 ) ) ;
#943 = DIRECTION ( 'NONE',  ( -0.000000000000000000, 0.8154461049218119095, 0.5788330069785632137 ) ) ;
#944 =( NAMED_UNIT ( * ) PLANE_ANGLE_UNIT ( ) SI_UNIT ( $, .RADIAN. ) );
#945 = CARTESIAN_POINT ( 'NONE',  ( 0.000000000000000000, -1.500000000000000222, 0.2294999999999997597 ) ) ;
#946 = ORIENTED_EDGE ( 'NONE', *, *, #1077, .T. ) ;
#947 = CARTESIAN_POINT ( 'NONE',  ( -0.000000000000000000, -0.2294999999999998430, -0.6926298297924288194 ) ) ;
#948 = CARTESIAN_POINT ( 'NONE',  ( 0.000000000000000000, 3.367778697655221012E-16, 2.750000000000000000 ) ) ;
#949 = CARTESIAN_POINT ( 'NONE',  ( 1.339999999999999858, -0.2294999999999997320, 0.9125421190617993839 ) ) ;
#950 = CARTESIAN_POINT ( 'NONE',  ( 2.009999999999999787, 0.4595998865762152552, -0.2582493855547025041 ) ) ;
#951 = DIRECTION ( 'NONE',  ( -0.000000000000000000, -0.000000000000000000, -1.000000000000000000 ) ) ;
#952 = DIRECTION ( 'NONE',  ( 1.000000000000000000, -0.000000000000000000, -0.000000000000000000 ) ) ;
#953 = EDGE_LOOP ( 'NONE', ( #1604, #1387, #1449, #251, #749, #1525, #754 ) ) ;
#954 = CARTESIAN_POINT ( 'NONE',  ( 0.000000000000000000, -0.5939171061348810232, -0.7293491378034450134 ) ) ;
#955 = CARTESIAN_POINT ( 'NONE',  ( 0.6699999999999999289, -0.5894447509345097647, -0.4116060089130114674 ) ) ;
#956 = AXIS2_PLACEMENT_3D ( 'NONE', #1446, #446, #616 ) ;
#957 = CARTESIAN_POINT ( 'NONE',  ( 1.340000000000000524, -0.2839939270941665983, 0.5251819540697711952 ) ) ;
#958 = CARTESIAN_POINT ( 'NONE',  ( 2.009999999999999343, 0.5302528608183727510, -0.2298864209738527842 ) ) ;
#959 = CARTESIAN_POINT ( 'NONE',  ( 2.009999999999999787, -0.2295000000000000928, -0.5433477631085024129 ) ) ;
#960 = CARTESIAN_POINT ( 'NONE',  ( 2.620000000000000995, 0.000000000000000000, 0.000000000000000000 ) ) ;
#961 = ORIENTED_EDGE ( 'NONE', *, *, #965, .T. ) ;
#962 = CARTESIAN_POINT ( 'NONE',  ( 2.009999999999997122, -0.2294999999999999540, -0.5650155539660787207 ) ) ;
#963 = CARTESIAN_POINT ( 'NONE',  ( -0.000000000000000000, -0.7811363910286249768, -0.2295000000000001206 ) ) ;
#964 = AXIS2_PLACEMENT_3D ( 'NONE', #1347, #1759, #1742 ) ;
#965 = EDGE_CURVE ( 'NONE', #419, #1344, #631, .T. ) ;
#966 = CARTESIAN_POINT ( 'NONE',  ( 2.009999999999999787, -0.2450149121693462329, 0.4814264026820337383 ) ) ;
#967 = CARTESIAN_POINT ( 'NONE',  ( 2.009999999999998899, 0.4160204051086569543, -0.4032296380902801181 ) ) ;
#968 = DIRECTION ( 'NONE',  ( 0.000000000000000000, 0.000000000000000000, 1.000000000000000000 ) ) ;
#969 = CARTESIAN_POINT ( 'NONE',  ( 0.6699999999999999289, -0.8282737758859136656, 0.8181839375154487115 ) ) ;
#970 = ORIENTED_EDGE ( 'NONE', *, *, #1665, .F. ) ;
#971 = CARTESIAN_POINT ( 'NONE',  ( 2.009999999999999787, 0.2294999999999997320, -0.6188131785926993533 ) ) ;
#972 = CARTESIAN_POINT ( 'NONE',  ( 1.339999999999999858, -0.5903765598834419537, -0.2294999999999995655 ) ) ;
#973 = ORIENTED_EDGE ( 'NONE', *, *, #1612, .T. ) ;
#974 = ORIENTED_EDGE ( 'NONE', *, *, #317, .F. ) ;
#975 = AXIS2_PLACEMENT_3D ( 'NONE', #407, #1503, #398 ) ;
#976 = CONICAL_SURFACE ( 'NONE', #234, 1.500000000000000222, 0.5235987755982995928 ) ;
#977 = CARTESIAN_POINT ( 'NONE',  ( 0.6699999999999990408, -0.2820451253537621938, 0.5692044453176621222 ) ) ;
#978 = EDGE_CURVE ( 'NONE', #148, #419, #1152, .T. ) ;
#979 = CARTESIAN_POINT ( 'NONE',  ( 0.6699999999999997069, 0.6298766102085755492, -0.4911693948693392486 ) ) ;
#980 =( NAMED_UNIT ( * ) SI_UNIT ( $, .STERADIAN. ) SOLID_ANGLE_UNIT ( ) );
#981 = CARTESIAN_POINT ( 'NONE',  ( 0.6700000000000004841, -0.6298766102085762153, 0.4911693948693391376 ) ) ;
#982 = VERTEX_POINT ( 'NONE', #1725 ) ;
#983 = CARTESIAN_POINT ( 'NONE',  ( 0.000000000000000000, 0.2294999999999997320, -1.302177609708593531 ) ) ;
#984 = APPLICATION_PROTOCOL_DEFINITION ( 'draft international standard', 'automotive_design', 1998, #630 ) ;
#985 = CARTESIAN_POINT ( 'NONE',  ( -0.000000000000000000, -0.6036217613721631681, -0.4167953833635938410 ) ) ;
#986 = VERTEX_POINT ( 'NONE', #473 ) ;
#987 = VERTEX_POINT ( 'NONE', #1017 ) ;
#988 = CARTESIAN_POINT ( 'NONE',  ( 2.009999999999998899, 0.3424619145679042020, 0.4098209597873722076 ) ) ;
#989 = CARTESIAN_POINT ( 'NONE',  ( -0.000000000000000000, 1.435197781267951056, -0.2295000000000001483 ) ) ;
#990 = CIRCLE ( 'NONE', #1360, 0.6600000000000000311 ) ;
#991 = LINE ( 'NONE', #348, #646 ) ;
#992 = CARTESIAN_POINT ( 'NONE',  ( 2.010000000000000231, -0.4160204051086572319, 0.4032296380902803401 ) ) ;
#993 = ORIENTED_EDGE ( 'NONE', *, *, #901, .T. ) ;
#994 = FACE_OUTER_BOUND ( 'NONE', #862, .T. ) ;
#995 = ADVANCED_FACE ( 'NONE', ( #1697 ), #1571, .T. ) ;
#996 = CARTESIAN_POINT ( 'NONE',  ( 0.6699999999999992628, -0.6966372653289735206, -0.6140628914863840437 ) ) ;
#997 = ORIENTED_EDGE ( 'NONE', *, *, #1213, .T. ) ;
#998 = ORIENTED_EDGE ( 'NONE', *, *, #924, .T. ) ;
#999 = AXIS2_PLACEMENT_3D ( 'NONE', #1008, #865, #1143 ) ;
#1000 = CARTESIAN_POINT ( 'NONE',  ( 2.009999999999999787, -0.2582493855547022266, 0.4595998865762152552 ) ) ;
#1001 = CARTESIAN_POINT ( 'NONE',  ( 0.6699999999999999289, 1.160973318834972901, -0.2295000000000001761 ) ) ;
#1002 = CARTESIAN_POINT ( 'NONE',  ( 2.009999999999999787, 0.6188131785926994644, 0.2294999999999996765 ) ) ;
#1003 = CARTESIAN_POINT ( 'NONE',  ( 0.000000000000000000, -0.07650000000000002631, -1.500000000000000222 ) ) ;
#1004 = VERTEX_POINT ( 'NONE', #1201 ) ;
#1005 = CARTESIAN_POINT ( 'NONE',  ( 1.339999999999999414, -0.2295000000000000373, -0.8867488564019946340 ) ) ;
#1006 = LINE ( 'NONE', #462, #312 ) ;
#1007 = DIRECTION ( 'NONE',  ( 0.000000000000000000, 0.000000000000000000, -1.000000000000000000 ) ) ;
#1008 = CARTESIAN_POINT ( 'NONE',  ( 2.009999999999999787, -2.774032902257833610E-17, -2.646977960169688560E-17 ) ) ;
#1009 = ORIENTED_EDGE ( 'NONE', *, *, #68, .F. ) ;
#1010 = STYLED_ITEM ( 'NONE', ( #346 ), #1563 ) ;
#1011 = CARTESIAN_POINT ( 'NONE',  ( -0.000000000000000000, 0.4882843205921660323, 0.6543671831136570471 ) ) ;
#1012 = CARTESIAN_POINT ( 'NONE',  ( 0.000000000000000000, 0.07649999999999984590, 1.499999999999999556 ) ) ;
#1013 = AXIS2_PLACEMENT_3D ( 'NONE', #1169, #1713, #495 ) ;
#1014 = CARTESIAN_POINT ( 'NONE',  ( 0.000000000000000000, -1.500000000000000222, -0.2295000000000001206 ) ) ;
#1015 = CARTESIAN_POINT ( 'NONE',  ( 0.000000000000000000, -0.2294999999999999263, -1.500000000000000222 ) ) ;
#1016 = CARTESIAN_POINT ( 'NONE',  ( 0.6699999999999997069, -0.2294999999999999818, -1.160973318834973123 ) ) ;
#1017 = CARTESIAN_POINT ( 'NONE',  ( 2.009999999999999787, -1.468952586295607317E-16, 0.6599991246388795529 ) ) ;
#1018 = ORIENTED_EDGE ( 'NONE', *, *, #317, .T. ) ;
#1019 = CARTESIAN_POINT ( 'NONE',  ( 0.6700000000000001510, 0.3293927227357136833, 0.5563979746839673446 ) ) ;
#1020 =( LENGTH_UNIT ( ) NAMED_UNIT ( * ) SI_UNIT ( .MILLI., .METRE. ) );
#1021 = CARTESIAN_POINT ( 'NONE',  ( 2.009999999999999787, 0.6737266061727791300, 0.08143397530174645293 ) ) ;
#1022 = AXIS2_PLACEMENT_3D ( 'NONE', #1774, #1092, #1466 ) ;
#1023 = CARTESIAN_POINT ( 'NONE',  ( -0.000000000000000000, -1.435197781267951500, 0.2294999999999998708 ) ) ;
#1024 = ORIENTED_EDGE ( 'NONE', *, *, #132, .F. ) ;
#1025 = EDGE_CURVE ( 'NONE', #1138, #1166, #1622, .T. ) ;
#1026 = DIRECTION ( 'NONE',  ( -0.2913346393917354837, 1.171523095441852420E-16, -0.9566212039728616556 ) ) ;
#1027 = CARTESIAN_POINT ( 'NONE',  ( 0.000000000000000000, 0.000000000000000000, 0.000000000000000000 ) ) ;
#1028 = ORIENTED_EDGE ( 'NONE', *, *, #1048, .T. ) ;
#1029 = CARTESIAN_POINT ( 'NONE',  ( 1.339999999999999858, 0.8867488564019946340, -0.2295000000000001483 ) ) ;
#1030 = EDGE_CURVE ( 'NONE', #887, #1669, #694, .T. ) ;
#1031 = VECTOR ( 'NONE', #1550, 1000.000000000000000 ) ;
#1032 = CARTESIAN_POINT ( 'NONE',  ( 1.339999999999999858, 0.9491510707818525683, -0.07978931686783143074 ) ) ;
#1033 = CARTESIAN_POINT ( 'NONE',  ( 0.6699999999999991518, -1.068318630199498021, 0.2295000000000000095 ) ) ;
#1034 = VERTEX_POINT ( 'NONE', #1218 ) ;
#1035 = CARTESIAN_POINT ( 'NONE',  ( -0.000000000000000000, 0.4167953833635942296, -0.6036217613721632791 ) ) ;
#1036 = DIRECTION ( 'NONE',  ( 0.000000000000000000, 0.000000000000000000, 1.000000000000000000 ) ) ;
#1037 = CARTESIAN_POINT ( 'NONE',  ( 0.000000000000000000, -1.060660171779820748, -1.060660171779821193 ) ) ;
#1038 = EDGE_CURVE ( 'NONE', #306, #573, #1711, .T. ) ;
#1039 = CARTESIAN_POINT ( 'NONE',  ( 0.000000000000000000, 0.5876139952981636050, 0.3747915183772609349 ) ) ;
#1040 = VECTOR ( 'NONE', #1452, 1000.000000000000000 ) ;
#1041 = CARTESIAN_POINT ( 'NONE',  ( 0.6699999999999999289, -0.2294999999999999540, -1.206271059530900081 ) ) ;
#1042 = CARTESIAN_POINT ( 'NONE',  ( 0.000000000000000000, 0.2294999999999996210, -0.9037060735726649696 ) ) ;
#1043 = SURFACE_SIDE_STYLE ('',( #497 ) ) ;
#1044 = CARTESIAN_POINT ( 'NONE',  ( 0.000000000000000000, 0.8400454180997759535, 0.7498633799456237981 ) ) ;
#1045 = CARTESIAN_POINT ( 'NONE',  ( 2.009999999999999787, -2.774032902257833610E-17, -2.646977960169688560E-17 ) ) ;
#1046 = CARTESIAN_POINT ( 'NONE',  ( 2.009999999999999787, 0.2294999999999997597, -0.5392499249289480767 ) ) ;
#1047 = DIRECTION ( 'NONE',  ( -0.000000000000000000, -0.8154461049218115765, -0.5788330069785636578 ) ) ;
#1048 = EDGE_CURVE ( 'NONE', #1701, #202, #92, .T. ) ;
#1049 = AXIS2_PLACEMENT_3D ( 'NONE', #344, #761, #605 ) ;
#1050 = CARTESIAN_POINT ( 'NONE',  ( 0.000000000000000000, -0.9048485144238076483, 0.9500594470901826405 ) ) ;
#1051 = EDGE_CURVE ( 'NONE', #1056, #982, #1393, .T. ) ;
#1052 = CARTESIAN_POINT ( 'NONE',  ( 2.010000000000002007, 0.4309315550188374533, 0.2856739723382549223 ) ) ;
#1053 = CARTESIAN_POINT ( 'NONE',  ( 1.004999999999999893, 0.7560420266670361267, -0.7560420266670363487 ) ) ;
#1054 = CARTESIAN_POINT ( 'NONE',  ( 1.339999999999999858, 0.3022750692340956946, -0.5221581889120769926 ) ) ;
#1055 = DIRECTION ( 'NONE',  ( 0.000000000000000000, 0.000000000000000000, 1.000000000000000000 ) ) ;
#1056 = VERTEX_POINT ( 'NONE', #1208 ) ;
#1057 = CARTESIAN_POINT ( 'NONE',  ( 1.649999999999999689, 1.877768786421900890E-16, -1.533314575050762851 ) ) ;
#1058 = CARTESIAN_POINT ( 'NONE',  ( 1.339999999999998304, 0.5532291125581739744, 0.4782624030271444004 ) ) ;
#1059 = DIRECTION ( 'NONE',  ( 0.000000000000000000, 0.000000000000000000, -1.000000000000000000 ) ) ;
#1060 = DIRECTION ( 'NONE',  ( 1.000000000000000000, -0.000000000000000000, -0.000000000000000000 ) ) ;
#1061 = CIRCLE ( 'NONE', #181, 0.6600000000000000311 ) ;
#1062 = DIRECTION ( 'NONE',  ( 0.000000000000000000, 0.000000000000000000, 1.000000000000000000 ) ) ;
#1063 = ORIENTED_EDGE ( 'NONE', *, *, #278, .F. ) ;
#1064 = CARTESIAN_POINT ( 'NONE',  ( 0.000000000000000000, 1.060660171779821193, -1.060660171779821193 ) ) ;
#1065 = B_SPLINE_SURFACE_WITH_KNOTS ( 'NONE', 3, 3, ( 
 ( #1673, #1146, #1405, #507 ),
 ( #1276, #31, #1394, #1540 ),
 ( #638, #45, #308, #1133 ),
 ( #443, #598, #1564, #988 ),
 ( #1693, #1574, #1683, #1157 ),
 ( #1011, #1318, #704, #1702 ),
 ( #1189, #455, #466, #21 ),
 ( #607, #1019, #337, #1260 ),
 ( #203, #1731, #577, #1121 ),
 ( #812, #915, #940, #1083 ),
 ( #373, #1197, #1492, #1738 ),
 ( #104, #1221, #112, #1212 ),
 ( #521, #659, #260, #232 ),
 ( #1203, #652, #1746, #788 ),
 ( #780, #1755, #1359, #923 ),
 ( #123, #674, #1072, #540 ),
 ( #392, #1625, #804, #531 ) ),
 .UNSPECIFIED., .F., .F., .F.,
 ( 4, 1, 1, 1, 2, 1, 1, 1, 2, 1, 1, 1, 4 ),
 ( 4, 4 ),
 ( 0.5000000000000000000, 0.5625668204307363585, 0.6251336408614727169, 0.6877004612922089644, 0.7502672817229453228, 0.7712485976591728631, 0.7922299135954005145, 0.8132112295316282768, 0.8341925454678558172, 0.8756444091008918074, 0.9170962727339277976, 0.9585481363669638988, 1.000000000000000000 ),
 ( 0.000000000000000000, 1.000000000000000000 ),
 .UNSPECIFIED. ) ;
#1066 = CARTESIAN_POINT ( 'NONE',  ( 2.009999999999999787, 0.5650155539660788317, 0.2294999999999997875 ) ) ;
#1067 = CARTESIAN_POINT ( 'NONE',  ( 2.215685424949238591, 0.000000000000000000, 0.000000000000000000 ) ) ;
#1068 = DIRECTION ( 'NONE',  ( -1.000000000000000000, 0.000000000000000000, 0.000000000000000000 ) ) ;
#1069 = DIRECTION ( 'NONE',  ( 1.000000000000000000, -0.000000000000000000, -0.000000000000000000 ) ) ;
#1070 = ORIENTED_EDGE ( 'NONE', *, *, #1459, .F. ) ;
#1071 = CARTESIAN_POINT ( 'NONE',  ( 0.6699999999999997069, -0.2294999999999999818, -0.7045721546709526883 ) ) ;
#1072 = CARTESIAN_POINT ( 'NONE',  ( 1.339999999999999414, 0.2295000000000000373, 0.8867488564019946340 ) ) ;
#1073 = CIRCLE ( 'NONE', #1022, 1.500000000000000222 ) ;
#1074 = VECTOR ( 'NONE', #1489, 1000.000000000000000 ) ;
#1075 = VERTEX_POINT ( 'NONE', #928 ) ;
#1076 = DIRECTION ( 'NONE',  ( 0.9191182639511609187, 0.2785871648796872102, -0.2785871648796870437 ) ) ;
#1077 = EDGE_CURVE ( 'NONE', #1034, #44, #622, .T. ) ;
#1078 = FILL_AREA_STYLE_COLOUR ( '', #522 ) ;
#1079 = DIRECTION ( 'NONE',  ( 1.000000000000000000, -0.000000000000000000, -0.000000000000000000 ) ) ;
#1080 = CARTESIAN_POINT ( 'NONE',  ( 1.339999999999999858, -0.9125421190617997169, -0.2294999999999999818 ) ) ;
#1081 = ORIENTED_EDGE ( 'NONE', *, *, #225, .F. ) ;
#1082 = CARTESIAN_POINT ( 'NONE',  ( 0.000000000000000000, -0.2294999999999999540, -0.7811363910286245327 ) ) ;
#1083 = CARTESIAN_POINT ( 'NONE',  ( 2.009999999999998899, 0.2298864209738525344, 0.5302528608183731951 ) ) ;
#1084 = CARTESIAN_POINT ( 'NONE',  ( 0.000000000000000000, -0.2294999999999999818, 1.302177609708593753 ) ) ;
#1085 = CARTESIAN_POINT ( 'NONE',  ( 2.010000000000002451, 0.5650155539660796089, -0.2295000000000000373 ) ) ;
#1086 = AXIS2_PLACEMENT_3D ( 'NONE', #564, #421, #39 ) ;
#1087 = CARTESIAN_POINT ( 'NONE',  ( 0.000000000000000000, 0.000000000000000000, 0.000000000000000000 ) ) ;
#1088 = CARTESIAN_POINT ( 'NONE',  ( 0.000000000000000000, -0.6036217613721631681, 0.4167953833635941185 ) ) ;
#1089 = EDGE_LOOP ( 'NONE', ( #30, #336, #1109, #1551, #319, #830, #1433 ) ) ;
#1090 = CARTESIAN_POINT ( 'NONE',  ( 0.000000000000000000, -1.060660171779820526, -1.060660171779820971 ) ) ;
#1091 =( GEOMETRIC_REPRESENTATION_CONTEXT ( 3 ) GLOBAL_UNCERTAINTY_ASSIGNED_CONTEXT ( ( #324 ) ) GLOBAL_UNIT_ASSIGNED_CONTEXT ( ( #1020, #890, #854 ) ) REPRESENTATION_CONTEXT ( 'NONE', 'WORKASPACE' ) );
#1092 = DIRECTION ( 'NONE',  ( 1.000000000000000000, -0.000000000000000000, -0.000000000000000000 ) ) ;
#1093 = CIRCLE ( 'NONE', #85, 0.6600000000000000311 ) ;
#1094 = CARTESIAN_POINT ( 'NONE',  ( 0.6699999999999999289, -0.2294999999999998153, 1.206271059530899414 ) ) ;
#1095 = CARTESIAN_POINT ( 'NONE',  ( 0.000000000000000000, 1.099933124499040904, -0.2294999999999998430 ) ) ;
#1096 = FACE_OUTER_BOUND ( 'NONE', #400, .T. ) ;
#1097 =( LENGTH_UNIT ( ) NAMED_UNIT ( * ) SI_UNIT ( .MILLI., .METRE. ) );
#1098 = CARTESIAN_POINT ( 'NONE',  ( 2.009999999999999787, 0.5433477631085024129, -0.2295000000000000095 ) ) ;
#1099 = EDGE_CURVE ( 'NONE', #660, #167, #1603, .T. ) ;
#1100 = EDGE_LOOP ( 'NONE', ( #432, #586, #857, #1439 ) ) ;
#1101 = CARTESIAN_POINT ( 'NONE',  ( 0.6699999999999990408, -0.2294999999999999263, -0.7908092337038025166 ) ) ;
#1102 = APPLICATION_PROTOCOL_DEFINITION ( 'draft international standard', 'automotive_design', 1998, #281 ) ;
#1103 = CARTESIAN_POINT ( 'NONE',  ( 0.6699999999999999289, -1.068318630199498021, -0.2294999999999995932 ) ) ;
#1104 = CIRCLE ( 'NONE', #217, 0.6600000000000000311 ) ;
#1105 = CARTESIAN_POINT ( 'NONE',  ( 2.009999999999999787, -0.2294999999999996487, 0.6188131785926992423 ) ) ;
#1106 = CARTESIAN_POINT ( 'NONE',  ( 0.000000000000000000, 0.7811363910286241996, -0.2295000000000000373 ) ) ;
#1107 = CARTESIAN_POINT ( 'NONE',  ( 0.000000000000000000, -0.2294999999999999540, 1.499999999999999556 ) ) ;
#1108 = CARTESIAN_POINT ( 'NONE',  ( 0.000000000000000000, -0.5969625364381260235, 0.3068394616943643238 ) ) ;
#1109 = ORIENTED_EDGE ( 'NONE', *, *, #146, .F. ) ;
#1110 = CARTESIAN_POINT ( 'NONE',  ( 0.6699999999999999289, 0.2294999999999997597, -1.160973318834973123 ) ) ;
#1111 = CARTESIAN_POINT ( 'NONE',  ( 0.6699999999999990408, -0.5692044453176613450, -0.2820451253537619163 ) ) ;
#1112 = VERTEX_POINT ( 'NONE', #1464 ) ;
#1113 = CARTESIAN_POINT ( 'NONE',  ( 26.37270800287122796, 1.836970198721029934E-16, -1.500000000000000000 ) ) ;
#1114 = CARTESIAN_POINT ( 'NONE',  ( 0.6699999999999999289, 0.8575814083712979263, -0.8575814083712981484 ) ) ;
#1115 = DIRECTION ( 'NONE',  ( 0.000000000000000000, 0.000000000000000000, -1.000000000000000000 ) ) ;
#1116 = FACE_OUTER_BOUND ( 'NONE', #1529, .T. ) ;
#1117 = EDGE_LOOP ( 'NONE', ( #562, #1717, #1249, #623, #651, #1424, #1616 ) ) ;
#1118 = CARTESIAN_POINT ( 'NONE',  ( 2.009999999999999787, 0.2294999999999997320, -0.6125243939690162565 ) ) ;
#1119 = CARTESIAN_POINT ( 'NONE',  ( 0.000000000000000000, -0.6926298297924294856, -0.2294999999999997042 ) ) ;
#1120 = CIRCLE ( 'NONE', #579, 1.066999999999999948 ) ;
#1121 = CARTESIAN_POINT ( 'NONE',  ( 2.009999999999998010, 0.2324564526725559077, 0.5136882630767309887 ) ) ;
#1122 = CARTESIAN_POINT ( 'NONE',  ( 2.009999999999999343, 0.4309315550188375088, -0.2856739723382551444 ) ) ;
#1123 = EDGE_CURVE ( 'NONE', #1736, #1690, #264, .T. ) ;
#1124 = LINE ( 'NONE', #63, #1653 ) ;
#1125 = CARTESIAN_POINT ( 'NONE',  ( 2.009999999999999787, -0.4514238815542511163, 0.4514238815542514494 ) ) ;
#1126 = VERTEX_POINT ( 'NONE', #1752 ) ;
#1127 = CARTESIAN_POINT ( 'NONE',  ( 2.009999999999999343, -0.2295000000000000651, -0.6125243939690160344 ) ) ;
#1128 = DIRECTION ( 'NONE',  ( 1.000000000000000000, -0.000000000000000000, -0.000000000000000000 ) ) ;
#1129 = ADVANCED_FACE ( 'NONE', ( #1349 ), #1646, .F. ) ;
#1130 = CARTESIAN_POINT ( 'NONE',  ( 1.339999999999999858, -0.6280079183132808440, -0.2294999999999998153 ) ) ;
#1131 = EDGE_LOOP ( 'NONE', ( #1572, #837, #1018, #1699 ) ) ;
#1132 = VERTEX_POINT ( 'NONE', #528 ) ;
#1133 = CARTESIAN_POINT ( 'NONE',  ( 2.009999999999999787, 0.4032296380902802291, 0.4160204051086573429 ) ) ;
#1134 = LINE ( 'NONE', #1037, #1777 ) ;
#1135 = VECTOR ( 'NONE', #382, 1000.000000000000000 ) ;
#1136 = DIRECTION ( 'NONE',  ( 0.9191182639511609187, -0.2785871648796873212, -0.2785871648796873212 ) ) ;
#1137 = CARTESIAN_POINT ( 'NONE',  ( 2.009999999999999787, -0.2294999999999999818, -0.6188131785926992423 ) ) ;
#1138 = VERTEX_POINT ( 'NONE', #920 ) ;
#1139 = CARTESIAN_POINT ( 'NONE',  ( 1.339999999999997415, -0.2294999999999998153, -0.8344596506904012889 ) ) ;
#1140 = LINE ( 'NONE', #1557, #490 ) ;
#1141 = CARTESIAN_POINT ( 'NONE',  ( 0.000000000000000000, -0.9037060735726651917, -0.2294999999999996210 ) ) ;
#1142 = ORIENTED_EDGE ( 'NONE', *, *, #553, .T. ) ;
#1143 = DIRECTION ( 'NONE',  ( 0.000000000000000000, 0.000000000000000000, 1.000000000000000000 ) ) ;
#1144 = EDGE_LOOP ( 'NONE', ( #380, #1256, #170, #129 ) ) ;
#1145 = VECTOR ( 'NONE', #1652, 1000.000000000000000 ) ;
#1146 = CARTESIAN_POINT ( 'NONE',  ( 0.6699999999999999289, 0.8575814083712979263, 0.8575814083712974822 ) ) ;
#1147 = FILL_AREA_STYLE_COLOUR ( '', #1726 ) ;
#1148 = DIRECTION ( 'NONE',  ( -0.000000000000000000, -1.000000000000000000, -0.000000000000000000 ) ) ;
#1149 = CARTESIAN_POINT ( 'NONE',  ( 0.6699999999999997069, -1.206271059530900081, 0.2294999999999999540 ) ) ;
#1150 = VERTEX_POINT ( 'NONE', #1761 ) ;
#1151 = CARTESIAN_POINT ( 'NONE',  ( 1.649999999999999689, 0.000000000000000000, 1.533314575050762851 ) ) ;
#1152 = LINE ( 'NONE', #875, #452 ) ;
#1153 = VERTEX_POINT ( 'NONE', #1324 ) ;
#1154 = PRESENTATION_LAYER_ASSIGNMENT (  '', '', ( #1181 ) ) ;
#1155 = EDGE_LOOP ( 'NONE', ( #1402, #1219, #1661, #1284 ) ) ;
#1156 = CIRCLE ( 'NONE', #59, 0.1300000000000000600 ) ;
#1157 = CARTESIAN_POINT ( 'NONE',  ( 2.010000000000000675, 0.2856739723382554774, 0.4309315550188378974 ) ) ;
#1158 = CARTESIAN_POINT ( 'NONE',  ( 0.6699999999999999289, -0.07814465843391561750, 1.224575535390926229 ) ) ;
#1159 = VECTOR ( 'NONE', #362, 1000.000000000000000 ) ;
#1160 = CARTESIAN_POINT ( 'NONE',  ( 1.339999999999999858, 0.9491510707818525683, 0.07978931686783093113 ) ) ;
#1161 = CARTESIAN_POINT ( 'NONE',  ( 0.000000000000000000, 0.7223733751969469985, -0.2295000000000000651 ) ) ;
#1162 = ORIENTED_EDGE ( 'NONE', *, *, #613, .F. ) ;
#1163 = LINE ( 'NONE', #1450, #514 ) ;
#1164 = EDGE_CURVE ( 'NONE', #1544, #1075, #914, .T. ) ;
#1165 = EDGE_CURVE ( 'NONE', #353, #1357, #1539, .T. ) ;
#1166 = VERTEX_POINT ( 'NONE', #1480 ) ;
#1167 = CARTESIAN_POINT ( 'NONE',  ( 2.010000000000001563, 0.6006006711813067778, -0.2295000000000001761 ) ) ;
#1168 = CARTESIAN_POINT ( 'NONE',  ( 0.6699999999999997069, 1.206271059530899414, 0.2294999999999998153 ) ) ;
#1169 = CARTESIAN_POINT ( 'NONE',  ( 0.000000000000000000, 0.000000000000000000, 0.000000000000000000 ) ) ;
#1170 = ORIENTED_EDGE ( 'NONE', *, *, #10, .T. ) ;
#1171 = LINE ( 'NONE', #1715, #1689 ) ;
#1172 = COLOUR_RGB ( '',0.7921568627450980005, 0.8196078431372548767, 0.9333333333333333481 ) ;
#1173 = CARTESIAN_POINT ( 'NONE',  ( 0.000000000000000000, 0.6163653815752404563, 0.4347482909067316159 ) ) ;
#1174 = ORIENTED_EDGE ( 'NONE', *, *, #1230, .T. ) ;
#1175 = DIRECTION ( 'NONE',  ( 0.000000000000000000, 0.000000000000000000, 1.000000000000000000 ) ) ;
#1176 = AXIS2_PLACEMENT_3D ( 'NONE', #1421, #1688, #157 ) ;
#1177 = CARTESIAN_POINT ( 'NONE',  ( 1.340000000000001412, 0.5304040826137065290, 0.3884216836037969744 ) ) ;
#1178 = CARTESIAN_POINT ( 'NONE',  ( 1.649999999999999689, 0.000000000000000000, 0.000000000000000000 ) ) ;
#1179 = CARTESIAN_POINT ( 'NONE',  ( -0.000000000000000000, 0.2294999999999997320, -0.7811363910286249768 ) ) ;
#1180 = CARTESIAN_POINT ( 'NONE',  ( 0.000000000000000000, 0.000000000000000000, -1.500000000000000222 ) ) ;
#1181 = STYLED_ITEM ( 'NONE', ( #824 ), #87 ) ;
#1182 = CARTESIAN_POINT ( 'NONE',  ( 0.6699999999999999289, 0.7720464330963411337, 0.7376422223126321009 ) ) ;
#1183 = VECTOR ( 'NONE', #951, 1000.000000000000000 ) ;
#1184 = ADVANCED_FACE ( 'NONE', ( #1496 ), #1222, .T. ) ;
#1185 = CARTESIAN_POINT ( 'NONE',  ( 0.000000000000000000, 0.000000000000000000, 0.000000000000000000 ) ) ;
#1186 = CARTESIAN_POINT ( 'NONE',  ( 0.6699999999999999289, 0.2294999999999996487, -0.6415031948379357196 ) ) ;
#1187 = CARTESIAN_POINT ( 'NONE',  ( 26.37270800287122796, 0.000000000000000000, 0.000000000000000000 ) ) ;
#1188 = EDGE_CURVE ( 'NONE', #1132, #1664, #219, .T. ) ;
#1189 = CARTESIAN_POINT ( 'NONE',  ( 0.000000000000000000, 0.4167953833635941185, 0.6036217613721630570 ) ) ;
#1190 = CARTESIAN_POINT ( 'NONE',  ( 2.009999999999999787, 0.4160204051086567878, 0.4032296380902795629 ) ) ;
#1191 = CARTESIAN_POINT ( 'NONE',  ( 2.009999999999999787, -0.5433477631085024129, -0.3594999999999996532 ) ) ;
#1192 = CARTESIAN_POINT ( 'NONE',  ( 0.6700000000000000400, 0.2820451253537622494, -0.5692044453176622332 ) ) ;
#1193 = ADVANCED_FACE ( 'NONE', ( #1116 ), #976, .T. ) ;
#1194 = CARTESIAN_POINT ( 'NONE',  ( 2.009999999999999787, -0.6188131785926992423, 0.2295000000000002038 ) ) ;
#1195 = ORIENTED_EDGE ( 'NONE', *, *, #1768, .T. ) ;
#1196 = CIRCLE ( 'NONE', #1760, 0.7999999999999999334 ) ;
#1197 = CARTESIAN_POINT ( 'NONE',  ( 0.6699999999999999289, 0.2294999999999998153, 0.6415031948379354976 ) ) ;
#1198 = CARTESIAN_POINT ( 'NONE',  ( 0.000000000000000000, 0.6543671831136572692, 0.4882843205921660323 ) ) ;
#1199 = DIRECTION ( 'NONE',  ( 0.000000000000000000, 0.000000000000000000, -1.000000000000000000 ) ) ;
#1200 = DIRECTION ( 'NONE',  ( 0.000000000000000000, 0.000000000000000000, 1.000000000000000000 ) ) ;
#1201 = CARTESIAN_POINT ( 'NONE',  ( 2.009999999999999787, 0.2294999999999999818, 0.5433477631085024129 ) ) ;
#1202 = ORIENTED_EDGE ( 'NONE', *, *, #1737, .T. ) ;
#1203 = CARTESIAN_POINT ( 'NONE',  ( 0.000000000000000000, 0.2294999999999995099, 1.099933124499041792 ) ) ;
#1204 = CARTESIAN_POINT ( 'NONE',  ( 2.010000000000000231, 0.5832075478202701779, 0.2294999999999994822 ) ) ;
#1205 = PRESENTATION_STYLE_ASSIGNMENT (( #377 ) ) ;
#1206 = ORIENTED_EDGE ( 'NONE', *, *, #423, .T. ) ;
#1207 = CARTESIAN_POINT ( 'NONE',  ( 2.009999999999999787, 0.000000000000000000, 0.000000000000000000 ) ) ;
#1208 = CARTESIAN_POINT ( 'NONE',  ( 2.009999999999999787, 0.2295002186393469701, 0.6188124266033125931 ) ) ;
#1209 = ORIENTED_EDGE ( 'NONE', *, *, #697, .F. ) ;
#1210 = AXIS2_PLACEMENT_3D ( 'NONE', #138, #1255, #282 ) ;
#1211 = CARTESIAN_POINT ( 'NONE',  ( 1.339999999999998082, -0.2294999999999999540, -0.6779123938349406187 ) ) ;
#1212 = CARTESIAN_POINT ( 'NONE',  ( 2.009999999999999343, 0.2294999999999999818, 0.5514436819556087777 ) ) ;
#1213 = EDGE_CURVE ( 'NONE', #1357, #722, #752, .T. ) ;
#1214 = VERTEX_POINT ( 'NONE', #1098 ) ;
#1215 = DIRECTION ( 'NONE',  ( -0.4959324508988054436, 1.063435644547057836E-16, -0.8683611023908798243 ) ) ;
#1216 = DIRECTION ( 'NONE',  ( 0.000000000000000000, 0.000000000000000000, 1.000000000000000000 ) ) ;
#1217 =( NAMED_UNIT ( * ) PLANE_ANGLE_UNIT ( ) SI_UNIT ( $, .RADIAN. ) );
#1218 = CARTESIAN_POINT ( 'NONE',  ( 2.009999999999999787, -0.6188161523670199227, -0.2294991350275855102 ) ) ;
#1219 = ORIENTED_EDGE ( 'NONE', *, *, #276, .T. ) ;
#1220 = LINE ( 'NONE', #284, #1145 ) ;
#1221 = CARTESIAN_POINT ( 'NONE',  ( 0.6699999999999997069, 0.2294999999999998153, 0.7045721546709523553 ) ) ;
#1222 = CONICAL_SURFACE ( 'NONE', #885, 1.500000000000000000, 1.051888018551333071 ) ;
#1223 = CARTESIAN_POINT ( 'NONE',  ( 1.339999999999999858, -0.2294999999999997320, 0.8867488564019946340 ) ) ;
#1224 = CARTESIAN_POINT ( 'NONE',  ( 2.009999999999999787, 0.4514238815542512273, -0.4514238815542514494 ) ) ;
#1225 = CARTESIAN_POINT ( 'NONE',  ( 1.339999999999999858, -0.5245223187553622601, 0.3349276972338572911 ) ) ;
#1226 = ORIENTED_EDGE ( 'NONE', *, *, #156, .F. ) ;
#1227 = CARTESIAN_POINT ( 'NONE',  ( 1.339999999999999858, -0.6545026449627744380, -0.6545026449627744380 ) ) ;
#1228 = VECTOR ( 'NONE', #294, 1000.000000000000000 ) ;
#1229 = DIRECTION ( 'NONE',  ( -0.000000000000000000, 1.000000000000000000, 1.394245178765387231E-16 ) ) ;
#1230 = EDGE_CURVE ( 'NONE', #1330, #520, #900, .T. ) ;
#1231 = CARTESIAN_POINT ( 'NONE',  ( 0.000000000000000000, -0.2294999999999999263, 1.435197781267951056 ) ) ;
#1232 = CARTESIAN_POINT ( 'NONE',  ( 1.339999999999999858, 0.6545026449627745491, -0.6545026449627747711 ) ) ;
#1233 = EDGE_CURVE ( 'NONE', #419, #1034, #165, .T. ) ;
#1234 = SURFACE_STYLE_USAGE ( .BOTH. , #677 ) ;
#1235 = CARTESIAN_POINT ( 'NONE',  ( 0.000000000000000000, -0.5876139952981634940, 0.3747915183772608239 ) ) ;
#1236 = ORIENTED_EDGE ( 'NONE', *, *, #916, .T. ) ;
#1237 = CARTESIAN_POINT ( 'NONE',  ( 0.000000000000000000, -0.7498633799456247973, -0.8400454180997759535 ) ) ;
#1238 = CARTESIAN_POINT ( 'NONE',  ( 0.6699999999999999289, -1.206271059530900081, -0.2294999999999999540 ) ) ;
#1239 = CIRCLE ( 'NONE', #683, 2.750000000000000000 ) ;
#1240 = ADVANCED_FACE ( 'NONE', ( #418 ), #24, .F. ) ;
#1241 = B_SPLINE_SURFACE_WITH_KNOTS ( 'NONE', 3, 3, ( 
 ( #581, #1408, #856, #1125 ),
 ( #825, #969, #1245, #1659 ),
 ( #311, #1779, #1504, #992 ),
 ( #1543, #572, #1668, #1374 ),
 ( #1642, #981, #147, #671 ),
 ( #685, #544, #1225, #1771 ),
 ( #1088, #1365, #271, #678 ),
 ( #1235, #4, #551, #561 ),
 ( #1108, #428, #1524, #292 ),
 ( #836, #1280, #897, #458 ),
 ( #340, #1555, #197, #1568 ),
 ( #1438, #738, #1289, #487 ),
 ( #1307, #1419, #892, #331 ),
 ( #727, #48, #1591, #1723 ),
 ( #1586, #1033, #205, #748 ),
 ( #1023, #1578, #1704, #349 ),
 ( #602, #1149, #872, #1447 ) ),
 .UNSPECIFIED., .F., .F., .F.,
 ( 4, 1, 1, 1, 2, 1, 1, 1, 2, 1, 1, 1, 4 ),
 ( 4, 4 ),
 ( 0.5000000000000000000, 0.5625668204307363585, 0.6251336408614727169, 0.6877004612922091864, 0.7502672817229456559, 0.7712485976591731962, 0.7922299135954007365, 0.8132112295316282768, 0.8341925454678558172, 0.8756444091008918074, 0.9170962727339280196, 0.9585481363669638988, 1.000000000000000000 ),
 ( 0.000000000000000000, 1.000000000000000000 ),
 .UNSPECIFIED. ) ;
#1242 = CARTESIAN_POINT ( 'NONE',  ( 2.009999999999999787, -0.2294999999999996487, 0.5514436819556087777 ) ) ;
#1243 = CARTESIAN_POINT ( 'NONE',  ( 0.6699999999999999289, 0.5628899751421199138, -0.3595352262988451564 ) ) ;
#1244 = CARTESIAN_POINT ( 'NONE',  ( 0.000000000000000000, 0.3594999999999997642, -0.7223733752154181120 ) ) ;
#1245 = CARTESIAN_POINT ( 'NONE',  ( 1.339999999999999858, -0.6329119458423596578, 0.6278670266571274583 ) ) ;
#1246 = ORIENTED_EDGE ( 'NONE', *, *, #1099, .F. ) ;
#1247 = CARTESIAN_POINT ( 'NONE',  ( 0.6699999999999999289, -0.4911693948693391376, -0.6298766102085759933 ) ) ;
#1248 = CARTESIAN_POINT ( 'NONE',  ( 0.000000000000000000, -1.500000000000000000, -0.2295000000000001206 ) ) ;
#1249 = ORIENTED_EDGE ( 'NONE', *, *, #1476, .F. ) ;
#1250 = VECTOR ( 'NONE', #931, 1000.000000000000000 ) ;
#1251 = AXIS2_PLACEMENT_3D ( 'NONE', #1743, #1598, #1055 ) ;
#1252 = FACE_OUTER_BOUND ( 'NONE', #1144, .T. ) ;
#1253 = CARTESIAN_POINT ( 'NONE',  ( 2.009999999999999787, 0.3595000000000000417, 0.5433477631085024129 ) ) ;
#1254 = CARTESIAN_POINT ( 'NONE',  ( 0.4333145750507673144, 3.367778697655221012E-16, 2.750000000000000000 ) ) ;
#1255 = DIRECTION ( 'NONE',  ( -1.000000000000000000, 0.000000000000000000, 0.000000000000000000 ) ) ;
#1256 = ORIENTED_EDGE ( 'NONE', *, *, #1188, .F. ) ;
#1257 = DIRECTION ( 'NONE',  ( -1.000000000000000000, 0.000000000000000000, 0.000000000000000000 ) ) ;
#1258 = CARTESIAN_POINT ( 'NONE',  ( 2.009999999999999787, -0.4814264026820337383, -0.2450149121693461773 ) ) ;
#1259 = ORIENTED_EDGE ( 'NONE', *, *, #588, .F. ) ;
#1260 = CARTESIAN_POINT ( 'NONE',  ( 2.010000000000000675, 0.2385951314526201794, 0.4939659334555762671 ) ) ;
#1261 = CARTESIAN_POINT ( 'NONE',  ( 0.000000000000000000, 0.5876139952981626058, -0.3747915183772612124 ) ) ;
#1262 = LINE ( 'NONE', #1495, #1183 ) ;
#1263 = CARTESIAN_POINT ( 'NONE',  ( 2.215685424949238591, 0.000000000000000000, 0.000000000000000000 ) ) ;
#1264 = DIRECTION ( 'NONE',  ( -0.000000000000000000, 0.000000000000000000, -1.000000000000000000 ) ) ;
#1265 = CARTESIAN_POINT ( 'NONE',  ( 2.010000000000001119, -0.4309315550188377308, -0.2856739723382549223 ) ) ;
#1266 = ORIENTED_EDGE ( 'NONE', *, *, #576, .T. ) ;
#1267 = CARTESIAN_POINT ( 'NONE',  ( 1.339999999999999858, -0.6278670266571273473, 0.6329119458423599909 ) ) ;
#1268 = CARTESIAN_POINT ( 'NONE',  ( 2.009999999999999343, 0.6125243939690161454, 0.2294999999999996487 ) ) ;
#1269 = PLANE ( 'NONE',  #1778 ) ;
#1270 = ORIENTED_EDGE ( 'NONE', *, *, #89, .F. ) ;
#1271 = DIRECTION ( 'NONE',  ( 1.000000000000000000, 0.000000000000000000, -0.000000000000000000 ) ) ;
#1272 = PRODUCT_CONTEXT ( 'NONE', #630, 'mechanical' ) ;
#1273 = CARTESIAN_POINT ( 'NONE',  ( 1.339999999999999858, -0.5221581889120769926, -0.3022750692340954171 ) ) ;
#1274 = EDGE_LOOP ( 'NONE', ( #708, #25, #632, #390, #946, #460, #1538 ) ) ;
#1275 = EDGE_LOOP ( 'NONE', ( #120, #1142, #410, #429, #606, #711, #231 ) ) ;
#1276 = CARTESIAN_POINT ( 'NONE',  ( 0.000000000000000000, 1.008500848373770298, 1.023635605929467562 ) ) ;
#1277 = CARTESIAN_POINT ( 'NONE',  ( 0.000000000000000000, -0.2294999999999999540, 1.499999999999999556 ) ) ;
#1278 = VECTOR ( 'NONE', #1581, 1000.000000000000000 ) ;
#1279 = DIRECTION ( 'NONE',  ( 1.000000000000000000, -0.000000000000000000, -0.000000000000000000 ) ) ;
#1280 = CARTESIAN_POINT ( 'NONE',  ( 0.6700000000000001510, -0.6042030910717847147, 0.2427045360916171846 ) ) ;
#1281 = ORIENTED_EDGE ( 'NONE', *, *, #472, .T. ) ;
#1282 = CARTESIAN_POINT ( 'NONE',  ( 0.000000000000000000, 0.000000000000000000, 0.000000000000000000 ) ) ;
#1283 = DIRECTION ( 'NONE',  ( 0.000000000000000000, 0.000000000000000000, -1.000000000000000000 ) ) ;
#1284 = ORIENTED_EDGE ( 'NONE', *, *, #901, .F. ) ;
#1285 = CARTESIAN_POINT ( 'NONE',  ( 0.000000000000000000, 1.499999999999999556, 0.2294999999999999263 ) ) ;
#1286 = FILL_AREA_STYLE ('',( #1147 ) ) ;
#1287 = EDGE_CURVE ( 'NONE', #1150, #1780, #291, .T. ) ;
#1288 = LINE ( 'NONE', #601, #384 ) ;
#1289 = CARTESIAN_POINT ( 'NONE',  ( 1.339999999999999414, -0.6280079183132807330, 0.2294999999999999540 ) ) ;
#1290 = ORIENTED_EDGE ( 'NONE', *, *, #628, .F. ) ;
#1291 = DIRECTION ( 'NONE',  ( 0.9158539185684566597, -0.4015116434710241378, -7.410229911875246696E-17 ) ) ;
#1292 = ADVANCED_FACE ( 'NONE', ( #1514 ), #1241, .F. ) ;
#1293 = CARTESIAN_POINT ( 'NONE',  ( 0.6699999999999999289, -0.8575814083712974822, -0.8575814083712977043 ) ) ;
#1294 = PRODUCT_DEFINITION_FORMATION_WITH_SPECIFIED_SOURCE ( 'ÈÎºÎ', '', #1383, .NOT_KNOWN. ) ;
#1295 = VERTEX_POINT ( 'NONE', #1161 ) ;
#1296 = CIRCLE ( 'NONE', #715, 1.500000000000000000 ) ;
#1297 = DIRECTION ( 'NONE',  ( 0.000000000000000000, -0.5788330069785636578, -0.8154461049218115765 ) ) ;
#1298 = CIRCLE ( 'NONE', #1445, 0.1299999999999998934 ) ;
#1299 = FACE_OUTER_BOUND ( 'NONE', #953, .T. ) ;
#1300 = DIRECTION ( 'NONE',  ( 0.000000000000000000, 0.000000000000000000, 1.000000000000000000 ) ) ;
#1301 = CARTESIAN_POINT ( 'NONE',  ( 1.339999999999999858, 0.2294999999999997875, -0.6280079183132808440 ) ) ;
#1302 = EDGE_CURVE ( 'NONE', #1484, #1166, #1700, .T. ) ;
#1303 = ORIENTED_EDGE ( 'NONE', *, *, #701, .F. ) ;
#1304 = DIRECTION ( 'NONE',  ( 0.000000000000000000, 1.224646799147353454E-16, 1.000000000000000000 ) ) ;
#1305 = CARTESIAN_POINT ( 'NONE',  ( 0.6699999999999999289, 1.206271059530899636, 0.2294999999999998708 ) ) ;
#1306 = VECTOR ( 'NONE', #542, 1000.000000000000000 ) ;
#1307 = CARTESIAN_POINT ( 'NONE',  ( 0.000000000000000000, -0.9037060735726653027, 0.2295000000000000095 ) ) ;
#1308 = CARTESIAN_POINT ( 'NONE',  ( 2.210999999999999854, 0.000000000000000000, 0.000000000000000000 ) ) ;
#1309 = CARTESIAN_POINT ( 'NONE',  ( 0.6700000000000001510, 0.7376422223126325450, -0.7720464330963423549 ) ) ;
#1310 = CARTESIAN_POINT ( 'NONE',  ( 2.009999999999999787, -0.5433477631085023019, -0.2294999999999996210 ) ) ;
#1311 = ADVANCED_FACE ( 'NONE', ( #881 ), #1269, .F. ) ;
#1312 = CARTESIAN_POINT ( 'NONE',  ( 2.215685424949238591, 1.734292489257156132E-16, 1.298999999999999710 ) ) ;
#1313 = CARTESIAN_POINT ( 'NONE',  ( 1.339999999999999858, 0.5221581889120768816, 0.3022750692340955281 ) ) ;
#1314 = CARTESIAN_POINT ( 'NONE',  ( 1.339999999999999858, 0.2294999999999998153, -0.9125421190617997169 ) ) ;
#1315 = EDGE_CURVE ( 'NONE', #202, #818, #1686, .T. ) ;
#1316 = CARTESIAN_POINT ( 'NONE',  ( 0.6699999999999999289, 0.2294999999999997597, -0.7045721546709529104 ) ) ;
#1317 = CARTESIAN_POINT ( 'NONE',  ( 1.340000000000000302, -0.5940334191024994048, -0.5704359302014563315 ) ) ;
#1318 = CARTESIAN_POINT ( 'NONE',  ( 0.6699999999999999289, 0.4116060089130116895, 0.5894447509345097647 ) ) ;
#1319 = VECTOR ( 'NONE', #943, 1000.000000000000000 ) ;
#1320 = CARTESIAN_POINT ( 'NONE',  ( 2.009999999999999787, 0.4814264026820337383, 0.2450149121693462884 ) ) ;
#1321 = VECTOR ( 'NONE', #154, 1000.000000000000114 ) ;
#1322 = CARTESIAN_POINT ( 'NONE',  ( 0.000000000000000000, 0.2294999999999997597, -1.500000000000000222 ) ) ;
#1323 = CARTESIAN_POINT ( 'NONE',  ( -0.000000000000000000, 1.008500848373770520, -1.023635605929468007 ) ) ;
#1324 = CARTESIAN_POINT ( 'NONE',  ( 2.620000000000000995, 0.000000000000000000, -1.500000000000000222 ) ) ;
#1325 = VERTEX_POINT ( 'NONE', #356 ) ;
#1326 = CARTESIAN_POINT ( 'NONE',  ( 0.000000000000000000, 1.499999999999999556, 0.2294999999999999263 ) ) ;
#1327 = CARTESIAN_POINT ( 'NONE',  ( 0.6699999999999994849, 0.5563979746839674556, 0.3293927227357138499 ) ) ;
#1328 = CARTESIAN_POINT ( 'NONE',  ( 2.009999999999999787, 0.4514238815542512273, -0.4514238815542514494 ) ) ;
#1329 = CARTESIAN_POINT ( 'NONE',  ( 0.6699999999999999289, -1.224575535390926673, -0.07814465843391565913 ) ) ;
#1330 = VERTEX_POINT ( 'NONE', #479 ) ;
#1331 = AXIS2_PLACEMENT_3D ( 'NONE', #936, #1069, #1730 ) ;
#1332 = DIRECTION ( 'NONE',  ( 0.000000000000000000, 0.8154461049218116875, -0.5788330069785634358 ) ) ;
#1333 = B_SPLINE_SURFACE_WITH_KNOTS ( 'NONE', 3, 3, ( 
 ( #333, #1388, #325, #1430 ),
 ( #58, #1110, #574, #1118 ),
 ( #983, #1535, #496, #370 ),
 ( #1456, #357, #637, #1463 ),
 ( #1042, #511, #505, #629 ),
 ( #1179, #1316, #1301, #229 ),
 ( #893, #1186, #1729, #1046 ),
 ( #1580, #760, #363, #1597 ),
 ( #1593, #1192, #489, #222 ),
 ( #899, #1440, #912, #619 ),
 ( #1035, #480, #1054, #81 ),
 ( #65, #770, #206, #907 ),
 ( #1470, #1587, #918, #1706 ),
 ( #342, #751, #237, #776 ),
 ( #75, #1309, #215, #1724 ),
 ( #1323, #351, #91, #641 ),
 ( #1734, #1602, #784, #1328 ) ),
 .UNSPECIFIED., .F., .F., .F.,
 ( 4, 1, 1, 1, 2, 1, 1, 1, 2, 1, 1, 1, 4 ),
 ( 4, 4 ),
 ( 0.000000000000000000, 0.04145186363303606653, 0.08290372726607213305, 0.1243555908991081788, 0.1658074545321442661, 0.1867887704683718897, 0.2077700864045994855, 0.2287514023408270813, 0.2497327182770547049, 0.3122995387077910912, 0.3748663591385273941, 0.4374331795692637526, 0.5000000000000001110 ),
 ( 0.000000000000000000, 1.000000000000000000 ),
 .UNSPECIFIED. ) ;
#1334 = CARTESIAN_POINT ( 'NONE',  ( 2.009999999999998455, 0.4939659334555752679, 0.2385951314526196798 ) ) ;
#1335 = CARTESIAN_POINT ( 'NONE',  ( 2.009999999999999787, 1.822264053178975946E-16, -0.6599991246388795529 ) ) ;
#1336 = CLOSED_SHELL ( 'NONE', ( #338, #1184, #995, #1193, #347, #360, #175, #1341, #207, #1719, #1337, #570, #1361, #397, #1457, #366, #254, #1500, #267, #474, #1352, #624, #500, #1561, #1292, #604, #1129, #142, #860, #359, #1240, #124, #1311, #122 ) ) ;
#1337 = ADVANCED_FACE ( 'NONE', ( #64 ), #375, .T. ) ;
#1338 = CARTESIAN_POINT ( 'NONE',  ( 0.000000000000000000, 0.7223733752154177790, -0.3595000000000000417 ) ) ;
#1339 = DIRECTION ( 'NONE',  ( 0.9158539185684565487, 0.000000000000000000, 0.4015116434710244153 ) ) ;
#1340 = ORIENTED_EDGE ( 'NONE', *, *, #383, .F. ) ;
#1341 = ADVANCED_FACE ( 'NONE', ( #57 ), #617, .T. ) ;
#1342 = CARTESIAN_POINT ( 'NONE',  ( 1.339999999999999858, -0.3884216836037971410, -0.5304040826137068620 ) ) ;
#1343 = CARTESIAN_POINT ( 'NONE',  ( 2.271857787678656759, 1.590816192092411622E-16, 1.298999999999999932 ) ) ;
#1344 = VERTEX_POINT ( 'NONE', #177 ) ;
#1345 = CARTESIAN_POINT ( 'NONE',  ( -0.000000000000000000, 1.023635605929468007, 1.008500848373770076 ) ) ;
#1346 = LINE ( 'NONE', #1053, #523 ) ;
#1347 = CARTESIAN_POINT ( 'NONE',  ( -997.7889999999999873, 0.000000000000000000, 0.000000000000000000 ) ) ;
#1348 = MECHANICAL_DESIGN_GEOMETRIC_PRESENTATION_REPRESENTATION (  '', ( #86 ), #1640 ) ;
#1349 = FACE_OUTER_BOUND ( 'NONE', #273, .T. ) ;
#1350 = ORIENTED_EDGE ( 'NONE', *, *, #1287, .F. ) ;
#1351 = CARTESIAN_POINT ( 'NONE',  ( 2.009999999999997122, -0.2298864209738527009, -0.5302528608183733061 ) ) ;
#1352 = ADVANCED_FACE ( 'NONE', ( #470 ), #501, .F. ) ;
#1353 = LINE ( 'NONE', #1499, #96 ) ;
#1354 = DIRECTION ( 'NONE',  ( 1.000000000000000000, -0.000000000000000000, -0.000000000000000000 ) ) ;
#1355 = CARTESIAN_POINT ( 'NONE',  ( 0.000000000000000000, 0.5969625364381268007, -0.3068394616943653230 ) ) ;
#1356 = CARTESIAN_POINT ( 'NONE',  ( 2.009999999999999787, -0.6188131785926993533, -0.2294999999999999263 ) ) ;
#1357 = VERTEX_POINT ( 'NONE', #1611 ) ;
#1358 = CARTESIAN_POINT ( 'NONE',  ( 2.009999999999999787, -0.4514238815542513383, -0.4514238815542512273 ) ) ;
#1359 = CARTESIAN_POINT ( 'NONE',  ( 1.340000000000000968, 0.2294999999999999540, 0.8344596506904018440 ) ) ;
#1360 = AXIS2_PLACEMENT_3D ( 'NONE', #732, #1716, #1036 ) ;
#1361 = ADVANCED_FACE ( 'Bface2', ( #926 ), #503, .T. ) ;
#1362 = CARTESIAN_POINT ( 'NONE',  ( 0.6699999999999999289, -0.2427045360916170180, 0.6042030910717838266 ) ) ;
#1363 = CARTESIAN_POINT ( 'NONE',  ( 0.000000000000000000, 0.8400454180997759535, -0.7498633799456252413 ) ) ;
#1364 = FILL_AREA_STYLE_COLOUR ( '', #434 ) ;
#1365 = CARTESIAN_POINT ( 'NONE',  ( 0.6699999999999999289, -0.5628899751421199138, 0.3595352262988449898 ) ) ;
#1366 = AXIS2_PLACEMENT_3D ( 'NONE', #934, #799, #1486 ) ;
#1367 = VERTEX_POINT ( 'NONE', #1335 ) ;
#1368 = CARTESIAN_POINT ( 'NONE',  ( 0.000000000000000000, -0.3068394616943649345, -0.5969625364381258015 ) ) ;
#1369 = CARTESIAN_POINT ( 'NONE',  ( 1.340000000000000302, -0.5672279759450797876, -0.2362954785327343044 ) ) ;
#1370 = CARTESIAN_POINT ( 'NONE',  ( 1.339999999999999858, -0.2294999999999997875, 0.5903765598834417316 ) ) ;
#1371 = EDGE_CURVE ( 'NONE', #441, #1701, #1298, .T. ) ;
#1372 = CARTESIAN_POINT ( 'NONE',  ( 0.6699999999999999289, 0.6415031948379353866, -0.2295000000000000651 ) ) ;
#1373 = DIRECTION ( 'NONE',  ( 0.000000000000000000, 0.000000000000000000, -1.000000000000000000 ) ) ;
#1374 = CARTESIAN_POINT ( 'NONE',  ( 2.009999999999998899, -0.4098209597873719856, 0.3424619145679048682 ) ) ;
#1375 = ORIENTED_EDGE ( 'NONE', *, *, #782, .T. ) ;
#1376 = CARTESIAN_POINT ( 'NONE',  ( 0.6700000000000010392, -0.2820451253537619163, -0.5692044453176611229 ) ) ;
#1377 = PRESENTATION_LAYER_ASSIGNMENT (  '', '', ( #1010 ) ) ;
#1378 = CARTESIAN_POINT ( 'NONE',  ( 0.6699999999999999289, -0.6415031948379357196, -0.2294999999999996487 ) ) ;
#1379 = VECTOR ( 'NONE', #590, 1000.000000000000000 ) ;
#1380 = VERTEX_POINT ( 'NONE', #775 ) ;
#1381 = ORIENTED_EDGE ( 'NONE', *, *, #1692, .T. ) ;
#1382 = ORIENTED_EDGE ( 'NONE', *, *, #1635, .F. ) ;
#1383 = PRODUCT ( 'GB¨uT 819.1-2016[Ê®×Ö²Û³ÁÍ·ÂÝ¶¤M3¡Á25]', 'GB¨uT 819.1-2016[Ê®×Ö²Û³ÁÍ·ÂÝ¶¤M3¡Á25]', '', ( #1272 ) ) ;
#1384 = CARTESIAN_POINT ( 'NONE',  ( -0.000000000000000000, -0.2294999999999999818, 0.7811363910286241996 ) ) ;
#1385 = CARTESIAN_POINT ( 'NONE',  ( 0.6700000000000001510, 0.6966372653289748529, -0.6140628914863850429 ) ) ;
#1386 = DIRECTION ( 'NONE',  ( 0.000000000000000000, 0.000000000000000000, -1.000000000000000000 ) ) ;
#1387 = ORIENTED_EDGE ( 'NONE', *, *, #132, .T. ) ;
#1388 = CARTESIAN_POINT ( 'NONE',  ( 0.6699999999999999289, 0.2294999999999997597, -1.206271059530900081 ) ) ;
#1389 = CARTESIAN_POINT ( 'NONE',  ( 0.6700000000000001510, -0.5563979746839676777, -0.3293927227357135168 ) ) ;
#1390 = ORIENTED_EDGE ( 'NONE', *, *, #1315, .T. ) ;
#1391 = VECTOR ( 'NONE', #726, 1000.000000000000000 ) ;
#1392 = EDGE_CURVE ( 'NONE', #660, #595, #1346, .T. ) ;
#1393 = CIRCLE ( 'NONE', #1251, 0.6600000000000000311 ) ;
#1394 = CARTESIAN_POINT ( 'NONE',  ( 1.339999999999999858, 0.6278670266571274583, 0.6329119458423597688 ) ) ;
#1395 = CARTESIAN_POINT ( 'NONE',  ( 0.6699999999999999289, 0.7045721546709523553, -0.2295000000000000095 ) ) ;
#1396 = DIRECTION ( 'NONE',  ( 0.000000000000000000, 0.000000000000000000, -1.000000000000000000 ) ) ;
#1397 = DIRECTION ( 'NONE',  ( 0.000000000000000000, 0.000000000000000000, -1.000000000000000000 ) ) ;
#1398 = EDGE_CURVE ( 'NONE', #721, #545, #1239, .T. ) ;
#1399 = CARTESIAN_POINT ( 'NONE',  ( 0.000000000000000000, -1.060660171779820526, -1.060660171779820971 ) ) ;
#1400 = CARTESIAN_POINT ( 'NONE',  ( 1.339999999999999858, -0.9125421190617997169, -0.2294999999999997875 ) ) ;
#1401 = EDGE_CURVE ( 'NONE', #1664, #1132, #1468, .T. ) ;
#1402 = ORIENTED_EDGE ( 'NONE', *, *, #731, .T. ) ;
#1403 = AXIS2_PLACEMENT_3D ( 'NONE', #740, #1271, #1264 ) ;
#1404 = VERTEX_POINT ( 'NONE', #244 ) ;
#1405 = CARTESIAN_POINT ( 'NONE',  ( 1.339999999999999858, 0.6545026449627746601, 0.6545026449627743270 ) ) ;
#1406 = CARTESIAN_POINT ( 'NONE',  ( 2.009999999999999787, 0.000000000000000000, 0.000000000000000000 ) ) ;
#1407 = CARTESIAN_POINT ( 'NONE',  ( 0.000000000000000000, 1.499999999999999334, 0.2294999999999998985 ) ) ;
#1408 = CARTESIAN_POINT ( 'NONE',  ( 0.6699999999999999289, -0.8575814083712973712, 0.8575814083712974822 ) ) ;
#1409 = ORIENTED_EDGE ( 'NONE', *, *, #409, .F. ) ;
#1410 = CARTESIAN_POINT ( 'NONE',  ( 2.620000000000000995, 0.000000000000000000, 0.000000000000000000 ) ) ;
#1411 = CARTESIAN_POINT ( 'NONE',  ( 1.339999999999999858, -0.7554494067131938273, -0.2295000000000001483 ) ) ;
#1412 = EDGE_CURVE ( 'NONE', #1736, #526, #662, .T. ) ;
#1413 = VECTOR ( 'NONE', #1649, 1000.000000000000000 ) ;
#1414 = LINE ( 'NONE', #318, #1031 ) ;
#1415 = ORIENTED_EDGE ( 'NONE', *, *, #1721, .F. ) ;
#1416 = CARTESIAN_POINT ( 'NONE',  ( 2.010000000000001119, -0.2856739723382545892, 0.4309315550188376753 ) ) ;
#1417 = CARTESIAN_POINT ( 'NONE',  ( 0.000000000000000000, 0.2294999999999997597, 1.499999999999999556 ) ) ;
#1418 = CARTESIAN_POINT ( 'NONE',  ( 0.000000000000000000, -0.2294999999999999540, -0.7223733752154175569 ) ) ;
#1419 = CARTESIAN_POINT ( 'NONE',  ( 0.6699999999999990408, -0.7908092337038032937, 0.2295000000000000095 ) ) ;
#1420 = ORIENTED_EDGE ( 'NONE', *, *, #1721, .T. ) ;
#1421 = CARTESIAN_POINT ( 'NONE',  ( 2.271857787678656759, 0.000000000000000000, 0.000000000000000000 ) ) ;
#1422 = DIRECTION ( 'NONE',  ( 0.000000000000000000, 6.971225893826937386E-17, -1.000000000000000000 ) ) ;
#1423 = CARTESIAN_POINT ( 'NONE',  ( 0.6699999999999999289, -0.8282737758859136656, -0.8181839375154490446 ) ) ;
#1424 = ORIENTED_EDGE ( 'NONE', *, *, #40, .T. ) ;
#1425 = CARTESIAN_POINT ( 'NONE',  ( 0.6699999999999999289, -0.8575814083712973712, 0.8575814083712974822 ) ) ;
#1426 = SURFACE_SIDE_STYLE ('',( #714 ) ) ;
#1427 = VECTOR ( 'NONE', #1076, 1000.000000000000227 ) ;
#1428 = CARTESIAN_POINT ( 'NONE',  ( 2.009999999999999787, 0.6188131785926992423, -0.2295000000000002593 ) ) ;
#1429 = CARTESIAN_POINT ( 'NONE',  ( 1.339999999999999858, -0.2294999999999999540, -0.9125421190617996059 ) ) ;
#1430 = CARTESIAN_POINT ( 'NONE',  ( 2.009999999999999787, 0.2294999999999997320, -0.6188131785926993533 ) ) ;
#1431 = EDGE_CURVE ( 'NONE', #1367, #1075, #114, .T. ) ;
#1432 = CARTESIAN_POINT ( 'NONE',  ( 0.4333145750507673144, 0.000000000000000000, 0.000000000000000000 ) ) ;
#1433 = ORIENTED_EDGE ( 'NONE', *, *, #326, .T. ) ;
#1434 = CIRCLE ( 'NONE', #51, 1.500000000000000222 ) ;
#1435 = CARTESIAN_POINT ( 'NONE',  ( 0.000000000000000000, -1.060660171779820748, 1.060660171779820748 ) ) ;
#1436 = EDGE_CURVE ( 'NONE', #818, #921, #1156, .T. ) ;
#1437 = CARTESIAN_POINT ( 'NONE',  ( 0.6699999999999999289, 1.224575535390926229, -0.07814465843391577016 ) ) ;
#1438 = CARTESIAN_POINT ( 'NONE',  ( 0.000000000000000000, -0.7811363910286247547, 0.2294999999999998985 ) ) ;
#1439 = ORIENTED_EDGE ( 'NONE', *, *, #156, .T. ) ;
#1440 = CARTESIAN_POINT ( 'NONE',  ( 0.6699999999999995959, 0.3293927227357134613, -0.5563979746839672336 ) ) ;
#1441 = CARTESIAN_POINT ( 'NONE',  ( 2.010000000000000675, -0.4160204051086570098, -0.4032296380902797295 ) ) ;
#1442 = ORIENTED_EDGE ( 'NONE', *, *, #10, .F. ) ;
#1443 = PRESENTATION_LAYER_ASSIGNMENT (  '', '', ( #86 ) ) ;
#1444 = FACE_OUTER_BOUND ( 'NONE', #394, .T. ) ;
#1445 = AXIS2_PLACEMENT_3D ( 'NONE', #800, #90, #1059 ) ;
#1446 = CARTESIAN_POINT ( 'NONE',  ( 26.37270800287122796, 0.000000000000000000, 0.000000000000000000 ) ) ;
#1447 = CARTESIAN_POINT ( 'NONE',  ( 2.009999999999999343, -0.6188131785926991313, 0.2295000000000001761 ) ) ;
#1448 = LINE ( 'NONE', #1308, #425 ) ;
#1449 = ORIENTED_EDGE ( 'NONE', *, *, #445, .F. ) ;
#1450 = CARTESIAN_POINT ( 'NONE',  ( 2.210999999999999854, 0.000000000000000000, 0.000000000000000000 ) ) ;
#1451 = DIRECTION ( 'NONE',  ( 1.000000000000000000, -0.000000000000000000, -0.000000000000000000 ) ) ;
#1452 = DIRECTION ( 'NONE',  ( 0.9158539185684566597, 0.4015116434710243043, 1.482045982375049832E-16 ) ) ;
#1453 = CARTESIAN_POINT ( 'NONE',  ( 2.009999999999999787, -0.2294991350275843445, 0.6188161523670204778 ) ) ;
#1454 = VECTOR ( 'NONE', #367, 999.9999999999998863 ) ;
#1455 = CYLINDRICAL_SURFACE ( 'NONE', #869, 1.500000000000000222 ) ;
#1456 = CARTESIAN_POINT ( 'NONE',  ( 0.000000000000000000, 0.2294999999999997875, -1.099933124499042236 ) ) ;
#1457 = ADVANCED_FACE ( 'NONE', ( #1601 ), #1455, .T. ) ;
#1458 = CARTESIAN_POINT ( 'NONE',  ( -0.000000000000000000, -1.023635605929467562, -1.008500848373770520 ) ) ;
#1459 = EDGE_CURVE ( 'NONE', #841, #660, #1728, .T. ) ;
#1460 = VECTOR ( 'NONE', #100, 1000.000000000000227 ) ;
#1461 = CARTESIAN_POINT ( 'NONE',  ( 0.6699999999999999289, 0.7908092337038030717, 0.2294999999999998708 ) ) ;
#1462 = DIRECTION ( 'NONE',  ( 1.000000000000000000, -0.000000000000000000, -0.000000000000000000 ) ) ;
#1463 = CARTESIAN_POINT ( 'NONE',  ( 2.009999999999998010, 0.2294999999999994267, -0.5832075478202695118 ) ) ;
#1464 = CARTESIAN_POINT ( 'NONE',  ( 0.000000000000000000, 1.060660171779821193, 1.060660171779820748 ) ) ;
#1465 = ORIENTED_EDGE ( 'NONE', *, *, #1188, .T. ) ;
#1466 = DIRECTION ( 'NONE',  ( 0.000000000000000000, 0.000000000000000000, -1.000000000000000000 ) ) ;
#1467 = CARTESIAN_POINT ( 'NONE',  ( -0.000000000000000000, 0.7811363910286240886, 0.2294999999999997875 ) ) ;
#1468 = CIRCLE ( 'NONE', #922, 1.298999999999999710 ) ;
#1469 =( LENGTH_UNIT ( ) NAMED_UNIT ( * ) SI_UNIT ( .MILLI., .METRE. ) );
#1470 = CARTESIAN_POINT ( 'NONE',  ( 0.000000000000000000, 0.5939171061348813563, -0.7293491378034463457 ) ) ;
#1471 = CARTESIAN_POINT ( 'NONE',  ( 1.004999999999999671, -0.2295000000000000095, -1.059406589296349788 ) ) ;
#1472 = ORIENTED_EDGE ( 'NONE', *, *, #313, .F. ) ;
#1473 = LINE ( 'NONE', #667, #70 ) ;
#1474 = EDGE_CURVE ( 'NONE', #1780, #1112, #1502, .T. ) ;
#1475 = CARTESIAN_POINT ( 'NONE',  ( 2.009999999999999343, 0.5514436819556087777, 0.2294999999999997042 ) ) ;
#1476 = EDGE_CURVE ( 'NONE', #1004, #1404, #1698, .T. ) ;
#1477 = DIRECTION ( 'NONE',  ( 0.000000000000000000, 0.000000000000000000, -1.000000000000000000 ) ) ;
#1478 = LINE ( 'NONE', #536, #1460 ) ;
#1479 = AXIS2_PLACEMENT_3D ( 'NONE', #118, #1060, #1613 ) ;
#1480 = CARTESIAN_POINT ( 'NONE',  ( 2.009999999999999787, 0.2294991350275839836, -0.6188161523670205888 ) ) ;
#1481 = VERTEX_POINT ( 'NONE', #1667 ) ;
#1482 = CARTESIAN_POINT ( 'NONE',  ( 2.009999999999996678, -0.2385951314526204015, -0.4939659334555759340 ) ) ;
#1483 = LINE ( 'NONE', #1645, #1250 ) ;
#1484 = VERTEX_POINT ( 'NONE', #569 ) ;
#1485 = CARTESIAN_POINT ( 'NONE',  ( 0.000000000000000000, 0.6926298297924287084, 0.2294999999999998985 ) ) ;
#1486 = DIRECTION ( 'NONE',  ( 0.000000000000000000, 0.000000000000000000, 1.000000000000000000 ) ) ;
#1487 = AXIS2_PLACEMENT_3D ( 'NONE', #27, #1128, #180 ) ;
#1488 = FACE_OUTER_BOUND ( 'NONE', #1274, .T. ) ;
#1489 = DIRECTION ( 'NONE',  ( 0.9158539185684566597, -7.410229911875249162E-17, 0.4015116434710243043 ) ) ;
#1490 = EDGE_LOOP ( 'NONE', ( #797, #296, #937, #11 ) ) ;
#1491 = CARTESIAN_POINT ( 'NONE',  ( 1.339999999999999414, -0.2295000000000000373, -0.6280079183132807330 ) ) ;
#1492 = CARTESIAN_POINT ( 'NONE',  ( 1.339999999999999858, 0.2294999999999999263, 0.5903765598834418427 ) ) ;
#1493 = CARTESIAN_POINT ( 'NONE',  ( 0.6699999999999999289, -0.3595352262988448788, 0.5628899751421199138 ) ) ;
#1494 = CARTESIAN_POINT ( 'NONE',  ( 0.6699999999999999289, 0.5894447509345099867, -0.4116060089130118005 ) ) ;
#1495 = CARTESIAN_POINT ( 'NONE',  ( 0.000000000000000000, 1.499999999999999556, -0.2295000000000001206 ) ) ;
#1496 = FACE_OUTER_BOUND ( 'NONE', #239, .T. ) ;
#1497 = VERTEX_POINT ( 'NONE', #1511 ) ;
#1498 = CARTESIAN_POINT ( 'NONE',  ( 1.339999999999999858, -0.3349276972338571801, -0.5245223187553625932 ) ) ;
#1499 = CARTESIAN_POINT ( 'NONE',  ( 0.000000000000000000, 0.2294999999999997320, -0.7223733752154181120 ) ) ;
#1500 = ADVANCED_FACE ( 'NONE', ( #144 ), #1751, .F. ) ;
#1501 = CARTESIAN_POINT ( 'NONE',  ( 0.6699999999999992628, -0.2294999999999997875, 0.9276912656061171436 ) ) ;
#1502 = LINE ( 'NONE', #405, #1319 ) ;
#1503 = DIRECTION ( 'NONE',  ( 1.000000000000000000, -0.000000000000000000, -0.000000000000000000 ) ) ;
#1504 = CARTESIAN_POINT ( 'NONE',  ( 1.340000000000000080, -0.5940334191024996269, 0.5704359302014564426 ) ) ;
#1505 = EDGE_LOOP ( 'NONE', ( #1753, #739, #993, #454 ) ) ;
#1506 = FACE_OUTER_BOUND ( 'NONE', #538, .T. ) ;
#1507 = CARTESIAN_POINT ( 'NONE',  ( 2.009999999999999787, -0.4595998865762151997, -0.2582493855547020600 ) ) ;
#1508 = AXIS2_PLACEMENT_3D ( 'NONE', #1432, #76, #886 ) ;
#1509 = EDGE_CURVE ( 'NONE', #721, #1763, #55, .T. ) ;
#1510 = FACE_OUTER_BOUND ( 'NONE', #882, .T. ) ;
#1511 = CARTESIAN_POINT ( 'NONE',  ( 1.649999999999999689, 2.622773742038561074E-16, -1.533314575050762851 ) ) ;
#1512 = B_SPLINE_SURFACE_WITH_KNOTS ( 'NONE', 3, 3, ( 
 ( #330, #879, #896, #1428 ),
 ( #196, #1437, #1032, #56 ),
 ( #609, #1542, #1160, #1021 ),
 ( #73, #1305, #1585, #1002 ) ),
 .UNSPECIFIED., .F., .F., .F.,
 ( 4, 4 ),
 ( 4, 4 ),
 ( 0.000000000000000000, 1.000000000000000000 ),
 ( 0.000000000000000000, 1.000000000000000000 ),
 .UNSPECIFIED. ) ;
#1513 = CARTESIAN_POINT ( 'NONE',  ( 2.620000000000000995, 0.000000000000000000, -1.500000000000000222 ) ) ;
#1514 = FACE_OUTER_BOUND ( 'NONE', #1275, .T. ) ;
#1515 = CIRCLE ( 'NONE', #1479, 1.533314575050762851 ) ;
#1516 = VERTEX_POINT ( 'NONE', #485 ) ;
#1517 = CARTESIAN_POINT ( 'NONE',  ( 2.009999999999999787, 0.000000000000000000, 0.000000000000000000 ) ) ;
#1518 = SHAPE_DEFINITION_REPRESENTATION ( #766, #87 ) ;
#1519 = FACE_OUTER_BOUND ( 'NONE', #1718, .T. ) ;
#1520 = ORIENTED_EDGE ( 'NONE', *, *, #870, .T. ) ;
#1521 = ORIENTED_EDGE ( 'NONE', *, *, #1165, .T. ) ;
#1522 = CARTESIAN_POINT ( 'NONE',  ( 0.000000000000000000, -0.4882843205921661434, 0.6543671831136571582 ) ) ;
#1523 = CARTESIAN_POINT ( 'NONE',  ( 0.000000000000000000, 0.7293491378034446804, -0.5939171061348812453 ) ) ;
#1524 = CARTESIAN_POINT ( 'NONE',  ( 1.339999999999999192, -0.5414463541971958893, 0.2572507890131588981 ) ) ;
#1525 = ORIENTED_EDGE ( 'NONE', *, *, #1566, .T. ) ;
#1526 = DIRECTION ( 'NONE',  ( 0.000000000000000000, 0.000000000000000000, 1.000000000000000000 ) ) ;
#1527 = CIRCLE ( 'NONE', #469, 1.298999999999999932 ) ;
#1528 = CARTESIAN_POINT ( 'NONE',  ( 2.009999999999999787, -0.5832075478202696228, -0.2294999999999998985 ) ) ;
#1529 = EDGE_LOOP ( 'NONE', ( #257, #529, #1756, #1415 ) ) ;
#1530 = CARTESIAN_POINT ( 'NONE',  ( 0.6700000000000000400, -0.2294999999999999540, 0.7908092337038032937 ) ) ;
#1531 = CARTESIAN_POINT ( 'NONE',  ( 0.6699999999999999289, 0.8282737758859137767, -0.8181839375154490446 ) ) ;
#1532 = EDGE_CURVE ( 'NONE', #1075, #1034, #1093, .T. ) ;
#1533 = CARTESIAN_POINT ( 'NONE',  ( 2.009999999999999787, -0.3594999999999997087, 0.5433477631085023019 ) ) ;
#1534 = ORIENTED_EDGE ( 'NONE', *, *, #423, .F. ) ;
#1535 = CARTESIAN_POINT ( 'NONE',  ( 0.6700000000000001510, 0.2294999999999998153, -1.068318630199498021 ) ) ;
#1536 = CARTESIAN_POINT ( 'NONE',  ( 0.6699999999999999289, -0.5628899751421200248, -0.3595352262988446568 ) ) ;
#1537 = VECTOR ( 'NONE', #1229, 1000.000000000000000 ) ;
#1538 = ORIENTED_EDGE ( 'NONE', *, *, #697, .T. ) ;
#1539 = CIRCLE ( 'NONE', #764, 0.1300000000000001155 ) ;
#1540 = CARTESIAN_POINT ( 'NONE',  ( 2.009999999999999787, 0.4375501157988059275, 0.4375501157988058165 ) ) ;
#1541 = CARTESIAN_POINT ( 'NONE',  ( 1.340000000000000968, 0.8344596506904022881, -0.2295000000000002038 ) ) ;
#1542 = CARTESIAN_POINT ( 'NONE',  ( 0.6699999999999999289, 1.224575535390926229, 0.07814465843391540933 ) ) ;
#1543 = CARTESIAN_POINT ( 'NONE',  ( 0.000000000000000000, -0.8400454180997736220, 0.7498633799456241311 ) ) ;
#1544 = VERTEX_POINT ( 'NONE', #186 ) ;
#1545 = CARTESIAN_POINT ( 'NONE',  ( -0.000000000000000000, -0.2294999999999999540, -1.435197781267951722 ) ) ;
#1546 = CARTESIAN_POINT ( 'NONE',  ( 2.620000000000000995, 1.836970198721030181E-16, 1.500000000000000222 ) ) ;
#1547 = CARTESIAN_POINT ( 'NONE',  ( 0.000000000000000000, -0.7223733751969472205, 0.2294999999999995932 ) ) ;
#1548 = ORIENTED_EDGE ( 'NONE', *, *, #965, .F. ) ;
#1549 = VECTOR ( 'NONE', #1291, 1000.000000000000000 ) ;
#1550 = DIRECTION ( 'NONE',  ( -0.000000000000000000, 3.591718688385612580E-16, 1.000000000000000000 ) ) ;
#1551 = ORIENTED_EDGE ( 'NONE', *, *, #576, .F. ) ;
#1552 = CARTESIAN_POINT ( 'NONE',  ( 1.339999999999999858, -0.3349276972338568470, 0.5245223187553624822 ) ) ;
#1553 = CARTESIAN_POINT ( 'NONE',  ( 2.009999999999999787, 0.6188131785926992423, -0.2295000000000001206 ) ) ;
#1554 = CARTESIAN_POINT ( 'NONE',  ( 2.620000000000000995, 0.000000000000000000, 0.000000000000000000 ) ) ;
#1555 = CARTESIAN_POINT ( 'NONE',  ( 0.6699999999999999289, -0.6415031948379354976, 0.2294999999999996487 ) ) ;
#1556 = DIRECTION ( 'NONE',  ( -0.000000000000000000, 1.000000000000000000, -2.155031213031376719E-15 ) ) ;
#1557 = CARTESIAN_POINT ( 'NONE',  ( 0.000000000000000000, 0.2294999999999997320, 1.499999999999999556 ) ) ;
#1558 = CARTESIAN_POINT ( 'NONE',  ( 0.6700000000000001510, -0.7720464330963419108, -0.7376422223126328781 ) ) ;
#1559 = CIRCLE ( 'NONE', #831, 0.7999999999999999334 ) ;
#1560 = AXIS2_PLACEMENT_3D ( 'NONE', #35, #627, #1300 ) ;
#1561 = ADVANCED_FACE ( 'NONE', ( #1444 ), #424, .F. ) ;
#1562 = ORIENTED_EDGE ( 'NONE', *, *, #1123, .T. ) ;
#1563 = MANIFOLD_SOLID_BREP ( 'ÇÐ³ý-·ÅÑù4', #1336 ) ;
#1564 = CARTESIAN_POINT ( 'NONE',  ( 1.339999999999999192, 0.4782624030271441784, 0.5532291125581729752 ) ) ;
#1565 = CARTESIAN_POINT ( 'NONE',  ( 0.6699999999999999289, 0.07814465843391552036, 1.224575535390926229 ) ) ;
#1566 = EDGE_CURVE ( 'NONE', #1112, #887, #756, .T. ) ;
#1567 = DIRECTION ( 'NONE',  ( -0.000000000000000000, -1.795859344192813932E-15, -1.000000000000000000 ) ) ;
#1568 = CARTESIAN_POINT ( 'NONE',  ( 2.009999999999999787, -0.5392499249289482988, 0.2295000000000000928 ) ) ;
#1569 = UNCERTAINTY_MEASURE_WITH_UNIT (LENGTH_MEASURE( 1.000000000000000082E-05 ), #1658, 'distance_accuracy_value', 'NONE');
#1570 = CARTESIAN_POINT ( 'NONE',  ( 0.4333145750507673144, 0.000000000000000000, 0.000000000000000000 ) ) ;
#1571 = CYLINDRICAL_SURFACE ( 'NONE', #1764, 1.500000000000000222 ) ;
#1572 = ORIENTED_EDGE ( 'NONE', *, *, #757, .F. ) ;
#1573 = AXIS2_PLACEMENT_3D ( 'NONE', #527, #1079, #1750 ) ;
#1574 = CARTESIAN_POINT ( 'NONE',  ( 0.6700000000000001510, 0.4911693948693391376, 0.6298766102085759933 ) ) ;
#1575 = CARTESIAN_POINT ( 'NONE',  ( 2.009999999999999787, 0.2295000000000001483, 0.6188131785926992423 ) ) ;
#1576 = VECTOR ( 'NONE', #642, 1000.000000000000000 ) ;
#1577 = DIRECTION ( 'NONE',  ( 1.000000000000000000, -0.000000000000000000, -0.000000000000000000 ) ) ;
#1578 = CARTESIAN_POINT ( 'NONE',  ( 0.6699999999999997069, -1.160973318834972901, 0.2294999999999999540 ) ) ;
#1579 = ORIENTED_EDGE ( 'NONE', *, *, #1099, .T. ) ;
#1580 = CARTESIAN_POINT ( 'NONE',  ( 0.000000000000000000, 0.2491135936504987325, -0.6411782061984896419 ) ) ;
#1581 = DIRECTION ( 'NONE',  ( 1.000000000000000000, -0.000000000000000000, -0.000000000000000000 ) ) ;
#1582 = ORIENTED_EDGE ( 'NONE', *, *, #978, .F. ) ;
#1583 = VECTOR ( 'NONE', #1678, 1000.000000000000000 ) ;
#1584 = CARTESIAN_POINT ( 'NONE',  ( 2.009999999999999787, -0.2294999999999999818, 0.6188131785926993533 ) ) ;
#1585 = CARTESIAN_POINT ( 'NONE',  ( 1.339999999999999858, 0.9125421190617996059, 0.2294999999999997875 ) ) ;
#1586 = CARTESIAN_POINT ( 'NONE',  ( 0.000000000000000000, -1.302177609708593753, 0.2294999999999999263 ) ) ;
#1587 = CARTESIAN_POINT ( 'NONE',  ( 0.6700000000000008171, 0.4911693948693393597, -0.6298766102085766594 ) ) ;
#1588 = CARTESIAN_POINT ( 'NONE',  ( 0.000000000000000000, -0.4347482909067316714, 0.6163653815752404563 ) ) ;
#1589 = DIRECTION ( 'NONE',  ( 0.000000000000000000, 0.000000000000000000, 1.000000000000000000 ) ) ;
#1590 = CARTESIAN_POINT ( 'NONE',  ( 2.009999999999999787, 0.4595998865762150887, 0.2582493855547022821 ) ) ;
#1591 = CARTESIAN_POINT ( 'NONE',  ( 1.340000000000001634, -0.7554494067131937163, 0.2295000000000000928 ) ) ;
#1592 = CARTESIAN_POINT ( 'NONE',  ( 1.649999999999999689, 0.000000000000000000, 0.000000000000000000 ) ) ;
#1593 = CARTESIAN_POINT ( 'NONE',  ( 0.000000000000000000, 0.3068394616943653230, -0.5969625364381270227 ) ) ;
#1594 = CARTESIAN_POINT ( 'NONE',  ( 0.000000000000000000, 0.9037060735726650806, 0.2294999999999998985 ) ) ;
#1595 = AXIS2_PLACEMENT_3D ( 'NONE', #1027, #1451, #1283 ) ;
#1596 = DIRECTION ( 'NONE',  ( 0.000000000000000000, 0.000000000000000000, -1.000000000000000000 ) ) ;
#1597 = CARTESIAN_POINT ( 'NONE',  ( 2.009999999999999787, 0.2298864209738520625, -0.5302528608183724179 ) ) ;
#1598 = DIRECTION ( 'NONE',  ( -1.000000000000000000, 0.000000000000000000, 0.000000000000000000 ) ) ;
#1599 = CARTESIAN_POINT ( 'NONE',  ( 2.009999999999999787, -0.4375501157988058720, 0.4375501157988060386 ) ) ;
#1600 = CARTESIAN_POINT ( 'NONE',  ( 0.6699999999999999289, 1.068318630199497354, 0.2294999999999999263 ) ) ;
#1601 = FACE_OUTER_BOUND ( 'NONE', #1505, .T. ) ;
#1602 = CARTESIAN_POINT ( 'NONE',  ( 0.6699999999999999289, 0.8575814083712979263, -0.8575814083712981484 ) ) ;
#1603 = LINE ( 'NONE', #809, #72 ) ;
#1604 = ORIENTED_EDGE ( 'NONE', *, *, #725, .T. ) ;
#1605 = CARTESIAN_POINT ( 'NONE',  ( 0.000000000000000000, -0.3594999999999998752, 0.7223733752154176679 ) ) ;
#1606 =( GEOMETRIC_REPRESENTATION_CONTEXT ( 3 ) GLOBAL_UNCERTAINTY_ASSIGNED_CONTEXT ( ( #883 ) ) GLOBAL_UNIT_ASSIGNED_CONTEXT ( ( #1097, #1217, #839 ) ) REPRESENTATION_CONTEXT ( 'NONE', 'WORKASPACE' ) );
#1607 = EDGE_CURVE ( 'NONE', #1664, #193, #1559, .T. ) ;
#1608 = VECTOR ( 'NONE', #1297, 999.9999999999998863 ) ;
#1609 = CARTESIAN_POINT ( 'NONE',  ( 0.000000000000000000, 0.5969625364381258015, 0.3068394616943648789 ) ) ;
#1610 = AXIS2_PLACEMENT_3D ( 'NONE', #1178, #1695, #906 ) ;
#1611 = CARTESIAN_POINT ( 'NONE',  ( 2.009999999999999787, -0.4514238815542512273, 0.4514238815542514494 ) ) ;
#1612 = EDGE_CURVE ( 'NONE', #202, #1481, #1134, .T. ) ;
#1613 = DIRECTION ( 'NONE',  ( 0.000000000000000000, 0.000000000000000000, -1.000000000000000000 ) ) ;
#1614 = B_SPLINE_SURFACE_WITH_KNOTS ( 'NONE', 3, 3, ( 
 ( #1090, #673, #1227, #1358 ),
 ( #680, #539, #266, #827 ),
 ( #1633, #795, #401, #546 ),
 ( #1237, #121, #111, #411 ),
 ( #954, #1247, #1342, #1765 ),
 ( #274, #381, #1498, #420 ),
 ( #1773, #819, #666, #658 ),
 ( #1624, #130, #259, #1482 ),
 ( #1368, #1376, #7, #530 ),
 ( #248, #140, #1781, #1351 ),
 ( #947, #938, #563, #1754 ),
 ( #1082, #1071, #1491, #554 ),
 ( #811, #1101, #1211, #962 ),
 ( #149, #391, #687, #803 ),
 ( #930, #858, #1139, #189 ),
 ( #1545, #1016, #1005, #1127 ),
 ( #1677, #37, #18, #729 ) ),
 .UNSPECIFIED., .F., .F., .F.,
 ( 4, 1, 1, 1, 2, 1, 1, 1, 2, 1, 1, 1, 4 ),
 ( 4, 4 ),
 ( 0.5000000000000003331, 0.5625668204307368025, 0.6251336408614731610, 0.6877004612922096305, 0.7502672817229461000, 0.7712485976591736403, 0.7922299135954010696, 0.8132112295316287209, 0.8341925454678562613, 0.8756444091008922515, 0.9170962727339280196, 0.9585481363669640098, 1.000000000000000000 ),
 ( 0.000000000000000000, 1.000000000000000000 ),
 .UNSPECIFIED. ) ;
#1615 = CARTESIAN_POINT ( 'NONE',  ( 1.339999999999999858, -0.9491510707818526793, 0.07978931686783123645 ) ) ;
#1616 = ORIENTED_EDGE ( 'NONE', *, *, #1287, .T. ) ;
#1617 = DIRECTION ( 'NONE',  ( -1.000000000000000000, 0.000000000000000000, 0.000000000000000000 ) ) ;
#1618 = DIRECTION ( 'NONE',  ( 0.000000000000000000, 0.000000000000000000, 1.000000000000000000 ) ) ;
#1619 = CARTESIAN_POINT ( 'NONE',  ( 0.6699999999999997069, 0.7045721546709523553, 0.2294999999999997597 ) ) ;
#1620 = CARTESIAN_POINT ( 'NONE',  ( 1.004999999999999893, -0.2294999999999999818, 1.059406589296349344 ) ) ;
#1621 = DIRECTION ( 'NONE',  ( 0.000000000000000000, 0.000000000000000000, 1.000000000000000000 ) ) ;
#1622 = LINE ( 'NONE', #506, #160 ) ;
#1623 = EDGE_LOOP ( 'NONE', ( #102, #585, #433, #1206, #733 ) ) ;
#1624 = CARTESIAN_POINT ( 'NONE',  ( 0.000000000000000000, -0.3747915183772619341, -0.5876139952981636050 ) ) ;
#1625 = CARTESIAN_POINT ( 'NONE',  ( 0.6699999999999997069, 0.2294999999999998985, 1.206271059530899636 ) ) ;
#1626 = ORIENTED_EDGE ( 'NONE', *, *, #558, .T. ) ;
#1627 = CARTESIAN_POINT ( 'NONE',  ( 0.6699999999999999289, -0.2294999999999998985, 0.6415031948379352755 ) ) ;
#1628 = FILL_AREA_STYLE ('',( #1078 ) ) ;
#1629 = DIRECTION ( 'NONE',  ( 1.000000000000000000, -0.000000000000000000, -0.000000000000000000 ) ) ;
#1630 = CARTESIAN_POINT ( 'NONE',  ( 26.37270800287122796, 0.000000000000000000, 0.000000000000000000 ) ) ;
#1631 = DIRECTION ( 'NONE',  ( 0.000000000000000000, -0.8154461049218119095, 0.5788330069785633247 ) ) ;
#1632 = EDGE_LOOP ( 'NONE', ( #247, #826 ) ) ;
#1633 = CARTESIAN_POINT ( 'NONE',  ( 0.000000000000000000, -0.9048485144238085365, -0.9500594470901839728 ) ) ;
#1634 = DIRECTION ( 'NONE',  ( 1.000000000000000000, -0.000000000000000000, -0.000000000000000000 ) ) ;
#1635 = EDGE_CURVE ( 'NONE', #44, #526, #1061, .T. ) ;
#1636 = CARTESIAN_POINT ( 'NONE',  ( 1.340000000000000080, -0.2294999999999998708, 0.6779123938349413958 ) ) ;
#1637 = CARTESIAN_POINT ( 'NONE',  ( 0.000000000000000000, 1.060660171779821193, -1.060660171779821193 ) ) ;
#1638 = VERTEX_POINT ( 'NONE', #218 ) ;
#1639 = EDGE_CURVE ( 'NONE', #1344, #44, #354, .T. ) ;
#1640 =( GEOMETRIC_REPRESENTATION_CONTEXT ( 3 ) GLOBAL_UNCERTAINTY_ASSIGNED_CONTEXT ( ( #787 ) ) GLOBAL_UNIT_ASSIGNED_CONTEXT ( ( #1469, #783, #99 ) ) REPRESENTATION_CONTEXT ( 'NONE', 'WORKASPACE' ) );
#1641 = DIRECTION ( 'NONE',  ( 1.000000000000000000, -0.000000000000000000, -0.000000000000000000 ) ) ;
#1642 = CARTESIAN_POINT ( 'NONE',  ( 0.000000000000000000, -0.7293491378034453465, 0.5939171061348809122 ) ) ;
#1643 = ORIENTED_EDGE ( 'NONE', *, *, #558, .F. ) ;
#1644 = DIRECTION ( 'NONE',  ( 0.000000000000000000, 0.000000000000000000, 1.000000000000000000 ) ) ;
#1645 = CARTESIAN_POINT ( 'NONE',  ( 0.000000000000000000, 0.000000000000000000, -2.750000000000000000 ) ) ;
#1646 = B_SPLINE_SURFACE_WITH_KNOTS ( 'NONE', 3, 3, ( 
 ( #945, #399, #519, #1194 ),
 ( #119, #230, #1615, #656 ),
 ( #379, #1329, #664, #777 ),
 ( #364, #793, #1080, #1356 ) ),
 .UNSPECIFIED., .F., .F., .F.,
 ( 4, 4 ),
 ( 4, 4 ),
 ( 0.000000000000000000, 1.000000000000000000 ),
 ( 0.000000000000000000, 1.000000000000000000 ),
 .UNSPECIFIED. ) ;
#1647 = CARTESIAN_POINT ( 'NONE',  ( 2.215685424949238591, 0.000000000000000000, 0.000000000000000000 ) ) ;
#1648 = CARTESIAN_POINT ( 'NONE',  ( 0.6699999999999997069, 0.6042030910717842707, -0.2427045360916175454 ) ) ;
#1649 = DIRECTION ( 'NONE',  ( 0.000000000000000000, -1.000000000000000000, 1.045683884074040423E-16 ) ) ;
#1650 = CARTESIAN_POINT ( 'NONE',  ( 1.004999999999999893, -1.059406589296350010, -0.2295000000000000373 ) ) ;
#1651 = ORIENTED_EDGE ( 'NONE', *, *, #228, .T. ) ;
#1652 = DIRECTION ( 'NONE',  ( 0.9158539185684566597, -0.4015116434710241378, -7.410229911875246696E-17 ) ) ;
#1653 = VECTOR ( 'NONE', #1136, 1000.000000000000114 ) ;
#1654 = CARTESIAN_POINT ( 'NONE',  ( 2.009999999999999787, 0.3594999999999997642, -0.5433477631085023019 ) ) ;
#1655 = VECTOR ( 'NONE', #746, 1000.000000000000000 ) ;
#1656 = CARTESIAN_POINT ( 'NONE',  ( 0.6700000000000001510, -0.3293927227357136833, 0.5563979746839667895 ) ) ;
#1657 = CARTESIAN_POINT ( 'NONE',  ( 0.6699999999999995959, 0.7720464330963414668, -0.7376422223126328781 ) ) ;
#1658 =( LENGTH_UNIT ( ) NAMED_UNIT ( * ) SI_UNIT ( .MILLI., .METRE. ) );
#1659 = CARTESIAN_POINT ( 'NONE',  ( 2.009999999999999787, -0.4375501157988057055, 0.4375501157988060941 ) ) ;
#1660 = CIRCLE ( 'NONE', #600, 0.1299999999999999489 ) ;
#1661 = ORIENTED_EDGE ( 'NONE', *, *, #1737, .F. ) ;
#1662 = DIRECTION ( 'NONE',  ( 1.000000000000000000, -0.000000000000000000, -0.000000000000000000 ) ) ;
#1663 = CARTESIAN_POINT ( 'NONE',  ( 2.009999999999997122, -0.5136882630767305447, -0.2324564526725558800 ) ) ;
#1664 = VERTEX_POINT ( 'NONE', #1312 ) ;
#1665 = EDGE_CURVE ( 'NONE', #986, #1295, #78, .T. ) ;
#1666 = DIRECTION ( 'NONE',  ( 0.000000000000000000, 0.000000000000000000, -1.000000000000000000 ) ) ;
#1667 = CARTESIAN_POINT ( 'NONE',  ( 0.000000000000000000, -0.6163653815752404563, -0.4347482909067313939 ) ) ;
#1668 = CARTESIAN_POINT ( 'NONE',  ( 1.339999999999999192, -0.5532291125581725311, 0.4782624030271445670 ) ) ;
#1669 = VERTEX_POINT ( 'NONE', #580 ) ;
#1670 = DIRECTION ( 'NONE',  ( 1.000000000000000000, -0.000000000000000000, -0.000000000000000000 ) ) ;
#1671 = VECTOR ( 'NONE', #23, 1000.000000000000000 ) ;
#1672 = CARTESIAN_POINT ( 'NONE',  ( 2.009999999999999787, -0.6125243939690162565, -0.2294999999999996487 ) ) ;
#1673 = CARTESIAN_POINT ( 'NONE',  ( 0.000000000000000000, 1.060660171779821193, 1.060660171779820748 ) ) ;
#1674 = CARTESIAN_POINT ( 'NONE',  ( 1.339999999999999858, 0.5245223187553625932, -0.3349276972338571801 ) ) ;
#1675 = CARTESIAN_POINT ( 'NONE',  ( 2.009999999999999787, 0.6188131785926993533, 0.2294999999999997042 ) ) ;
#1676 = DIRECTION ( 'NONE',  ( 0.000000000000000000, 0.000000000000000000, -1.000000000000000000 ) ) ;
#1677 = CARTESIAN_POINT ( 'NONE',  ( 0.000000000000000000, -0.2294999999999999540, -1.500000000000000000 ) ) ;
#1678 = DIRECTION ( 'NONE',  ( 0.000000000000000000, 0.000000000000000000, 1.000000000000000000 ) ) ;
#1679 = CARTESIAN_POINT ( 'NONE',  ( 0.000000000000000000, -0.6543671831136570471, -0.4882843205921660323 ) ) ;
#1680 = ORIENTED_EDGE ( 'NONE', *, *, #115, .T. ) ;
#1681 = CONICAL_SURFACE ( 'NONE', #1709, 1.500000000000000222, 0.5235987755982995928 ) ;
#1682 = EDGE_LOOP ( 'NONE', ( #582, #1687, #287, #184 ) ) ;
#1683 = CARTESIAN_POINT ( 'NONE',  ( 1.340000000000000302, 0.3884216836037973075, 0.5304040826137069731 ) ) ;
#1684 = CARTESIAN_POINT ( 'NONE',  ( 0.000000000000000000, 1.302177609708593309, -0.2295000000000002871 ) ) ;
#1685 = CARTESIAN_POINT ( 'NONE',  ( 0.000000000000000000, -0.6163653815755819609, 0.4347482909072129531 ) ) ;
#1686 = LINE ( 'NONE', #759, #1379 ) ;
#1687 = ORIENTED_EDGE ( 'NONE', *, *, #1509, .T. ) ;
#1688 = DIRECTION ( 'NONE',  ( 1.000000000000000000, -0.000000000000000000, -0.000000000000000000 ) ) ;
#1689 = VECTOR ( 'NONE', #611, 1000.000000000000000 ) ;
#1690 = VERTEX_POINT ( 'NONE', #808 ) ;
#1691 = ORIENTED_EDGE ( 'NONE', *, *, #1123, .F. ) ;
#1692 = EDGE_CURVE ( 'NONE', #614, #986, #1262, .T. ) ;
#1693 = CARTESIAN_POINT ( 'NONE',  ( 0.000000000000000000, 0.5939171061348809122, 0.7293491378034450134 ) ) ;
#1694 = DIRECTION ( 'NONE',  ( 0.000000000000000000, 0.000000000000000000, -1.000000000000000000 ) ) ;
#1695 = DIRECTION ( 'NONE',  ( -1.000000000000000000, 0.000000000000000000, 0.000000000000000000 ) ) ;
#1696 = CARTESIAN_POINT ( 'NONE',  ( 2.210999999999999854, 0.000000000000000000, 0.000000000000000000 ) ) ;
#1697 = FACE_OUTER_BOUND ( 'NONE', #1155, .T. ) ;
#1698 = CIRCLE ( 'NONE', #919, 0.1300000000000001155 ) ;
#1699 = ORIENTED_EDGE ( 'NONE', *, *, #1740, .F. ) ;
#1700 = CIRCLE ( 'NONE', #1560, 0.6600000000000000311 ) ;
#1701 = VERTEX_POINT ( 'NONE', #550 ) ;
#1702 = CARTESIAN_POINT ( 'NONE',  ( 2.009999999999999787, 0.2582493855547026707, 0.4595998865762152552 ) ) ;
#1703 = DIRECTION ( 'NONE',  ( -0.000000000000000000, 1.000000000000000000, 3.485612946913468693E-17 ) ) ;
#1704 = CARTESIAN_POINT ( 'NONE',  ( 1.339999999999999414, -0.8867488564019946340, 0.2295000000000000373 ) ) ;
#1705 = ORIENTED_EDGE ( 'NONE', *, *, #494, .F. ) ;
#1706 = CARTESIAN_POINT ( 'NONE',  ( 2.010000000000002007, 0.2856739723382553109, -0.4309315550188374533 ) ) ;
#1707 =( NAMED_UNIT ( * ) SI_UNIT ( $, .STERADIAN. ) SOLID_ANGLE_UNIT ( ) );
#1708 = ORIENTED_EDGE ( 'NONE', *, *, #250, .F. ) ;
#1709 = AXIS2_PLACEMENT_3D ( 'NONE', #1554, #1577, #310 ) ;
#1710 = CARTESIAN_POINT ( 'NONE',  ( 1.339999999999999858, 0.9125421190617993839, -0.2295000000000001483 ) ) ;
#1711 = CIRCLE ( 'NONE', #932, 1.066999999999999948 ) ;
#1712 = CARTESIAN_POINT ( 'NONE',  ( 1.339999999999999414, 0.9125421190617993839, 0.2294999999999997875 ) ) ;
#1713 = DIRECTION ( 'NONE',  ( 1.000000000000000000, -0.000000000000000000, -0.000000000000000000 ) ) ;
#1714 = EDGE_CURVE ( 'NONE', #1075, #1516, #417, .T. ) ;
#1715 = CARTESIAN_POINT ( 'NONE',  ( 0.000000000000000000, 1.836970198721030181E-16, 1.500000000000000222 ) ) ;
#1716 = DIRECTION ( 'NONE',  ( -1.000000000000000000, 0.000000000000000000, 0.000000000000000000 ) ) ;
#1717 = ORIENTED_EDGE ( 'NONE', *, *, #413, .T. ) ;
#1718 = EDGE_LOOP ( 'NONE', ( #448, #286, #1534, #139, #314, #973, #1170 ) ) ;
#1719 = ADVANCED_FACE ( 'NONE', ( #299 ), #846, .T. ) ;
#1720 = CARTESIAN_POINT ( 'NONE',  ( 2.009999999999999787, 0.000000000000000000, 0.000000000000000000 ) ) ;
#1721 = EDGE_CURVE ( 'NONE', #1380, #1153, #571, .T. ) ;
#1722 = CARTESIAN_POINT ( 'NONE',  ( 1.340000000000000080, 0.7554494067131938273, 0.2294999999999995655 ) ) ;
#1723 = CARTESIAN_POINT ( 'NONE',  ( 2.010000000000002451, -0.5832075478202697338, 0.2295000000000002316 ) ) ;
#1724 = CARTESIAN_POINT ( 'NONE',  ( 2.010000000000000675, 0.4032296380902800625, -0.4160204051086568433 ) ) ;
#1725 = CARTESIAN_POINT ( 'NONE',  ( 2.009999999999999787, 0.6188161525825504050, 0.2294991344461991822 ) ) ;
#1726 = COLOUR_RGB ( '',0.6470588235294117974, 0.6196078431372549211, 0.5882352941176470784 ) ;
#1727 = CARTESIAN_POINT ( 'NONE',  ( 1.339999999999999858, 0.6545026449627746601, 0.6545026449627743270 ) ) ;
#1728 = LINE ( 'NONE', #517, #682 ) ;
#1729 = CARTESIAN_POINT ( 'NONE',  ( 1.339999999999999858, 0.2294999999999996765, -0.5903765598834419537 ) ) ;
#1730 = DIRECTION ( 'NONE',  ( 0.000000000000000000, 0.000000000000000000, 1.000000000000000000 ) ) ;
#1731 = CARTESIAN_POINT ( 'NONE',  ( 0.6699999999999992628, 0.2820451253537621383, 0.5692044453176611229 ) ) ;
#1732 = CARTESIAN_POINT ( 'NONE',  ( 1.340000000000000302, 0.5414463541971962224, 0.2572507890131587871 ) ) ;
#1733 = CARTESIAN_POINT ( 'NONE',  ( 1.339999999999999858, 0.07978931686783108379, -0.9491510707818526793 ) ) ;
#1734 = CARTESIAN_POINT ( 'NONE',  ( 0.000000000000000000, 1.060660171779821193, -1.060660171779821193 ) ) ;
#1735 = DIRECTION ( 'NONE',  ( 1.000000000000000000, -0.000000000000000000, -0.000000000000000000 ) ) ;
#1736 = VERTEX_POINT ( 'NONE', #1107 ) ;
#1737 = EDGE_CURVE ( 'NONE', #520, #1330, #1296, .T. ) ;
#1738 = CARTESIAN_POINT ( 'NONE',  ( 2.009999999999999787, 0.2295000000000000095, 0.5392499249289482988 ) ) ;
#1739 = CONICAL_SURFACE ( 'NONE', #964, 3283.582089552235630, 1.275174625120683247 ) ;
#1740 = EDGE_CURVE ( 'NONE', #802, #1380, #1527, .T. ) ;
#1741 = CARTESIAN_POINT ( 'NONE',  ( 0.6699999999999999289, 0.5894447509345098757, 0.4116060089130115229 ) ) ;
#1742 = DIRECTION ( 'NONE',  ( 0.000000000000000000, 0.000000000000000000, 1.000000000000000000 ) ) ;
#1743 = CARTESIAN_POINT ( 'NONE',  ( 2.009999999999999787, 0.000000000000000000, 0.000000000000000000 ) ) ;
#1744 = EDGE_LOOP ( 'NONE', ( #1465, #898, #42, #974 ) ) ;
#1745 = EDGE_CURVE ( 'NONE', #1516, #818, #1747, .T. ) ;
#1746 = CARTESIAN_POINT ( 'NONE',  ( 1.339999999999998526, 0.2294999999999999263, 0.7554494067131930501 ) ) ;
#1747 = CIRCLE ( 'NONE', #975, 0.1300000000000000044 ) ;
#1748 = CARTESIAN_POINT ( 'NONE',  ( 26.37270800287122796, 0.000000000000000000, -1.500000000000000000 ) ) ;
#1749 = DIRECTION ( 'NONE',  ( 0.000000000000000000, 0.000000000000000000, -1.000000000000000000 ) ) ;
#1750 = DIRECTION ( 'NONE',  ( 0.000000000000000000, 0.000000000000000000, -1.000000000000000000 ) ) ;
#1751 = B_SPLINE_SURFACE_WITH_KNOTS ( 'NONE', 3, 3, ( 
 ( #1637, #1114, #1232, #1224 ),
 ( #684, #1531, #578, #270 ),
 ( #557, #1657, #290, #967 ),
 ( #1363, #1385, #126, #427 ),
 ( #1523, #979, #676, #1122 ),
 ( #816, #1494, #1674, #950 ),
 ( #1769, #1243, #136, #263 ),
 ( #1261, #807, #298, #670 ),
 ( #1355, #843, #823, #415 ),
 ( #549, #1648, #152, #958 ),
 ( #280, #1372, #833, #692 ),
 ( #1106, #1395, #543, #13 ),
 ( #163, #1776, #2, #1085 ),
 ( #1095, #705, #868, #625 ),
 ( #1684, #456, #1541, #1167 ),
 ( #989, #1001, #1029, #174 ),
 ( #195, #878, #1710, #1553 ) ),
 .UNSPECIFIED., .F., .F., .F.,
 ( 4, 1, 1, 1, 2, 1, 1, 1, 2, 1, 1, 1, 4 ),
 ( 4, 4 ),
 ( 0.5000000000000001110, 0.5625668204307365805, 0.6251336408614727169, 0.6877004612922091864, 0.7502672817229456559, 0.7712485976591731962, 0.7922299135954007365, 0.8132112295316282768, 0.8341925454678558172, 0.8756444091008918074, 0.9170962727339279086, 0.9585481363669638988, 1.000000000000000000 ),
 ( 0.000000000000000000, 1.000000000000000000 ),
 .UNSPECIFIED. ) ;
#1752 = CARTESIAN_POINT ( 'NONE',  ( 0.000000000000000000, -0.2294999999999999818, 0.7223733752154177790 ) ) ;
#1753 = ORIENTED_EDGE ( 'NONE', *, *, #276, .F. ) ;
#1754 = CARTESIAN_POINT ( 'NONE',  ( 2.009999999999999787, -0.2295000000000000651, -0.5392499249289482988 ) ) ;
#1755 = CARTESIAN_POINT ( 'NONE',  ( 0.6700000000000004841, 0.2294999999999999263, 1.068318630199496910 ) ) ;
#1756 = ORIENTED_EDGE ( 'NONE', *, *, #731, .F. ) ;
#1757 = CARTESIAN_POINT ( 'NONE',  ( 0.000000000000000000, -0.3068394616943653230, 0.5969625364381273558 ) ) ;
#1758 = CARTESIAN_POINT ( 'NONE',  ( 0.000000000000000000, 0.000000000000000000, 0.000000000000000000 ) ) ;
#1759 = DIRECTION ( 'NONE',  ( -1.000000000000000000, 0.000000000000000000, 0.000000000000000000 ) ) ;
#1760 = AXIS2_PLACEMENT_3D ( 'NONE', #191, #902, #1007 ) ;
#1761 = CARTESIAN_POINT ( 'NONE',  ( 0.000000000000000000, 0.2294999999999997042, 0.7223733751969469985 ) ) ;
#1762 = EDGE_CURVE ( 'NONE', #573, #306, #1120, .T. ) ;
#1763 = VERTEX_POINT ( 'NONE', #1254 ) ;
#1764 = AXIS2_PLACEMENT_3D ( 'NONE', #785, #1735, #512 ) ;
#1765 = CARTESIAN_POINT ( 'NONE',  ( 2.009999999999999787, -0.2856739723382551999, -0.4309315550188377308 ) ) ;
#1766 = DIRECTION ( 'NONE',  ( -1.000000000000000000, 0.000000000000000000, 0.000000000000000000 ) ) ;
#1767 = LINE ( 'NONE', #1113, #303 ) ;
#1768 = EDGE_CURVE ( 'NONE', #167, #172, #805, .T. ) ;
#1769 = CARTESIAN_POINT ( 'NONE',  ( 0.000000000000000000, 0.6036217613721630570, -0.4167953833635943406 ) ) ;
#1770 = DIRECTION ( 'NONE',  ( 1.000000000000000000, -0.000000000000000000, -0.000000000000000000 ) ) ;
#1771 = CARTESIAN_POINT ( 'NONE',  ( 2.009999999999999787, -0.4595998865762150332, 0.2582493855547027817 ) ) ;
#1772 = ORIENTED_EDGE ( 'NONE', *, *, #1213, .F. ) ;
#1773 = CARTESIAN_POINT ( 'NONE',  ( 0.000000000000000000, -0.4167953833635942851, -0.6036217613721633901 ) ) ;
#1774 = CARTESIAN_POINT ( 'NONE',  ( 2.620000000000000995, 0.000000000000000000, 0.000000000000000000 ) ) ;
#1775 = CARTESIAN_POINT ( 'NONE',  ( 1.339999999999998082, -0.2572507890131591202, 0.5414463541971968885 ) ) ;
#1776 = CARTESIAN_POINT ( 'NONE',  ( 0.6700000000000008171, 0.7908092337038032937, -0.2295000000000000928 ) ) ;
#1777 = VECTOR ( 'NONE', #492, 1000.000000000000114 ) ;
#1778 = AXIS2_PLACEMENT_3D ( 'NONE', #213, #717, #74 ) ;
#1779 = CARTESIAN_POINT ( 'NONE',  ( 0.6700000000000000400, -0.7720464330963420219, 0.7376422223126325450 ) ) ;
#1780 = VERTEX_POINT ( 'NONE', #706 ) ;
#1781 = CARTESIAN_POINT ( 'NONE',  ( 1.339999999999998082, -0.2362954785327351093, -0.5672279759450790104 ) ) ;
#1782 = CARTESIAN_POINT ( 'NONE',  ( 2.009999999999999787, -0.5514436819556087777, -0.2294999999999996487 ) ) ;
ENDSEC;
END-ISO-10303-21;
