ISO-10303-21;
HEADER;
FILE_DESCRIPTION (( 'STEP AP214' ),
    '1' );
FILE_NAME ('GB╱T 276-2013[一面带密封圈（非接触式）的深沟球轴承[60000-RZ]619／6-RZ].step',
    '2023-08-15T03:01:18',
    ( '' ),
    ( '' ),
    'SwSTEP 2.0',
    'SolidWorks 2022',
    '' );
FILE_SCHEMA (( 'AUTOMOTIVE_DESIGN' ));
ENDSEC;

DATA;
#1 = AXIS2_PLACEMENT_3D ( 'NONE', #3947, #2863, #5525 ) ;
#2 = FACE_OUTER_BOUND ( 'NONE', #2135, .T. ) ;
#3 =( GEOMETRIC_REPRESENTATION_CONTEXT ( 3 ) GLOBAL_UNCERTAINTY_ASSIGNED_CONTEXT ( ( #3358 ) ) GLOBAL_UNIT_ASSIGNED_CONTEXT ( ( #3924, #410, #5164 ) ) REPRESENTATION_CONTEXT ( 'NONE', 'WORKASPACE' ) );
#4 = CARTESIAN_POINT ( 'NONE',  ( -19.92709219242683361, 0.000000000000000000, 0.000000000000000000 ) ) ;
#5 = STYLED_ITEM ( 'NONE', ( #6182 ), #4551 ) ;
#6 = SURFACE_STYLE_FILL_AREA ( #5290 ) ;
#7 = PRESENTATION_STYLE_ASSIGNMENT (( #3585 ) ) ;
#8 = COLOUR_RGB ( '',1.000000000000000000, 1.000000000000000000, 1.000000000000000000 ) ;
#9 = SURFACE_STYLE_FILL_AREA ( #6466 ) ;
#10 = CARTESIAN_POINT ( 'NONE',  ( -0.7413020568632521234, -1.642381454461454560, 4.750304665213740840 ) ) ;
#11 = ORIENTED_EDGE ( 'NONE', *, *, #3888, .T. ) ;
#12 = VERTEX_POINT ( 'NONE', #6224 ) ;
#13 = CARTESIAN_POINT ( 'NONE',  ( 2.951763000829056837E-15, 5.250000000000000000, 0.000000000000000000 ) ) ;
#14 = CARTESIAN_POINT ( 'NONE',  ( 0.3375000000000030753, -3.344476566048514954, -3.750346850512941366 ) ) ;
#15 = CARTESIAN_POINT ( 'NONE',  ( 0.3375000000000029643, -2.625000000000021760, -4.546633369868291474 ) ) ;
#16 = STYLED_ITEM ( 'NONE', ( #5540 ), #6790 ) ;
#17 = MECHANICAL_DESIGN_GEOMETRIC_PRESENTATION_REPRESENTATION (  '', ( #4865 ), #1381 ) ;
#18 = ORIENTED_EDGE ( 'NONE', *, *, #2621, .T. ) ;
#19 = FACE_OUTER_BOUND ( 'NONE', #295, .T. ) ;
#20 = EDGE_CURVE ( 'NONE', #2252, #4172, #1586, .T. ) ;
#21 = CIRCLE ( 'NONE', #3998, 1.237499999999997380 ) ;
#22 = DIRECTION ( 'NONE',  ( 0.000000000000000000, 0.000000000000000000, 1.000000000000000000 ) ) ;
#23 = FACE_OUTER_BOUND ( 'NONE', #1006, .T. ) ;
#24 = MECHANICAL_DESIGN_GEOMETRIC_PRESENTATION_REPRESENTATION (  '', ( #6488 ), #1893 ) ;
#25 = PLANE ( 'NONE',  #833 ) ;
#26 = DIRECTION ( 'NONE',  ( 0.000000000000000000, -0.8660254037844414832, -0.4999999999999950595 ) ) ;
#27 = CARTESIAN_POINT ( 'NONE',  ( -1.216873555469089929, 2.512499999999989964, -4.351777654016809826 ) ) ;
#28 = CARTESIAN_POINT ( 'NONE',  ( -1.184325193566453827, -2.235402784040033897, -4.502740015386066830 ) ) ;
#29 = AXIS2_PLACEMENT_3D ( 'NONE', #854, #1372, #1481 ) ;
#30 = EDGE_LOOP ( 'NONE', ( #5985, #6982 ) ) ;
#31 = CARTESIAN_POINT ( 'NONE',  ( -0.9684278525403263727, -4.972081921354531531, -0.7355347292710069373 ) ) ;
#32 = ADVANCED_FACE ( 'NONE', ( #928, #6987 ), #4584, .T. ) ;
#33 = CARTESIAN_POINT ( 'NONE',  ( 0.3375000000000044631, 0.000000000000000000, 0.000000000000000000 ) ) ;
#34 = DIRECTION ( 'NONE',  ( 0.000000000000000000, 0.5000000000000101030, 0.8660254037844328234 ) ) ;
#35 = VERTEX_POINT ( 'NONE', #2805 ) ;
#36 = DIRECTION ( 'NONE',  ( 0.000000000000000000, -0.8660254037844450359, -0.4999999999999890643 ) ) ;
#37 = DIRECTION ( 'NONE',  ( 0.000000000000000000, 0.000000000000000000, 1.000000000000000000 ) ) ;
#38 = ORIENTED_EDGE ( 'NONE', *, *, #1700, .T. ) ;
#39 = STYLED_ITEM ( 'NONE', ( #3250 ), #3453 ) ;
#40 = DIRECTION ( 'NONE',  ( 0.000000000000000000, 0.000000000000000000, 1.000000000000000000 ) ) ;
#41 = DIRECTION ( 'NONE',  ( -1.000000000000000000, -0.000000000000000000, -0.000000000000000000 ) ) ;
#42 = EDGE_CURVE ( 'NONE', #511, #1450, #2593, .T. ) ;
#43 = CARTESIAN_POINT ( 'NONE',  ( -19.92709219242683361, 0.000000000000000000, 0.000000000000000000 ) ) ;
#44 = VERTEX_POINT ( 'NONE', #897 ) ;
#45 = EDGE_LOOP ( 'NONE', ( #4579, #2714 ) ) ;
#46 = CARTESIAN_POINT ( 'NONE',  ( -1.102270384252691748, 5.025000000000000355, 6.528452497315912755E-15 ) ) ;
#47 = DIRECTION ( 'NONE',  ( 0.000000000000000000, -0.8660254037844397068, -0.4999999999999980571 ) ) ;
#48 = CARTESIAN_POINT ( 'NONE',  ( -1.216873555469090151, -4.273250522075097813, -2.648512982295703200 ) ) ;
#49 = STYLED_ITEM ( 'NONE', ( #7282 ), #1490 ) ;
#50 = DIRECTION ( 'NONE',  ( -1.000000000000000000, -0.000000000000000000, -0.000000000000000000 ) ) ;
#51 = EDGE_CURVE ( 'NONE', #3557, #7076, #1224, .T. ) ;
#52 = CARTESIAN_POINT ( 'NONE',  ( 2.499999999999997780, 0.000000000000000000, 0.000000000000000000 ) ) ;
#53 = CARTESIAN_POINT ( 'NONE',  ( 2.951763000829056837E-15, 5.250000000000000000, 0.000000000000000000 ) ) ;
#54 = PRESENTATION_LAYER_ASSIGNMENT (  '', '', ( #4531 ) ) ;
#55 = DIRECTION ( 'NONE',  ( 0.000000000000000000, -0.8660254037844345998, 0.5000000000000067724 ) ) ;
#56 = DIRECTION ( 'NONE',  ( 0.000000000000000000, -1.000000000000000000, 3.491481338843134144E-15 ) ) ;
#57 = VERTEX_POINT ( 'NONE', #6855 ) ;
#58 = CARTESIAN_POINT ( 'NONE',  ( 2.951763000829056837E-15, 2.624999999999989786, -4.546633369868309238 ) ) ;
#59 = CARTESIAN_POINT ( 'NONE',  ( -1.124999999999992006, -2.625000000000021760, -4.546633369868291474 ) ) ;
#60 =( GEOMETRIC_REPRESENTATION_CONTEXT ( 3 ) GLOBAL_UNCERTAINTY_ASSIGNED_CONTEXT ( ( #5303 ) ) GLOBAL_UNIT_ASSIGNED_CONTEXT ( ( #5419, #7231, #2343 ) ) REPRESENTATION_CONTEXT ( 'NONE', 'WORKASPACE' ) );
#61 =( LENGTH_UNIT ( ) NAMED_UNIT ( * ) SI_UNIT ( .MILLI., .METRE. ) );
#62 = B_SPLINE_CURVE_WITH_KNOTS ( 'NONE', 3,
 ( #1560, #385, #7331, #1058, #1422, #198 ),
 .UNSPECIFIED., .F., .F.,
 ( 4, 2, 4 ),
 ( 0.003069521843240041129, 0.003410565456215181902, 0.003751609069190323109 ),
 .UNSPECIFIED. ) ;
#63 = ADVANCED_FACE ( 'NONE', ( #3895 ), #1636, .F. ) ;
#64 = SURFACE_STYLE_USAGE ( .BOTH. , #641 ) ;
#65 = FILL_AREA_STYLE_COLOUR ( '', #4728 ) ;
#66 = AXIS2_PLACEMENT_3D ( 'NONE', #6056, #3108, #143 ) ;
#67 = ORIENTED_EDGE ( 'NONE', *, *, #6746, .T. ) ;
#68 = CARTESIAN_POINT ( 'NONE',  ( -1.216873555470451729, -2.737500000000046008, -4.741489085720139940 ) ) ;
#69 = DIRECTION ( 'NONE',  ( 1.000000000000000000, 0.000000000000000000, 0.000000000000000000 ) ) ;
#70 = EDGE_LOOP ( 'NONE', ( #7124, #1462, #6023, #1525 ) ) ;
#71 = EDGE_CURVE ( 'NONE', #564, #480, #1463, .T. ) ;
#72 = PRESENTATION_STYLE_ASSIGNMENT (( #4139 ) ) ;
#73 = B_SPLINE_CURVE_WITH_KNOTS ( 'NONE', 3,
 ( #3170, #6397, #5142, #2812, #6906, #6708 ),
 .UNSPECIFIED., .F., .F.,
 ( 4, 2, 4 ),
 ( 0.006630243725185743127, 0.006971267376530444586, 0.007312291027875146045 ),
 .UNSPECIFIED. ) ;
#74 = CIRCLE ( 'NONE', #4421, 0.1999999999999996503 ) ;
#75 = COLOUR_RGB ( '',1.000000000000000000, 1.000000000000000000, 1.000000000000000000 ) ;
#76 = CARTESIAN_POINT ( 'NONE',  ( 0.2284057894171361847, 1.055016850132638906, 4.913120729317792090 ) ) ;
#77 = CARTESIAN_POINT ( 'NONE',  ( 0.3375000000000030753, 1.021228243303316408, 4.920133928571419624 ) ) ;
#78 = FILL_AREA_STYLE_COLOUR ( '', #1414 ) ;
#79 = ORIENTED_EDGE ( 'NONE', *, *, #2034, .F. ) ;
#80 = ORIENTED_EDGE ( 'NONE', *, *, #2531, .F. ) ;
#81 = DIRECTION ( 'NONE',  ( 0.000000000000000000, 0.000000000000000000, 1.000000000000000000 ) ) ;
#82 = EDGE_CURVE ( 'NONE', #3180, #2833, #532, .T. ) ;
#83 = CARTESIAN_POINT ( 'NONE',  ( -0.3374999999999969691, -5.250000000000000000, 0.000000000000000000 ) ) ;
#84 = EDGE_CURVE ( 'NONE', #6583, #4866, #3321, .T. ) ;
#85 = DIRECTION ( 'NONE',  ( 0.000000000000000000, -0.5000000000000011102, -0.8660254037844380415 ) ) ;
#86 = DIRECTION ( 'NONE',  ( -1.000000000000000000, -0.000000000000000000, -0.000000000000000000 ) ) ;
#87 = PRESENTATION_STYLE_ASSIGNMENT (( #1034 ) ) ;
#88 = CARTESIAN_POINT ( 'NONE',  ( 0.1139339630336193565, 5.201117964857080445, 1.709969858110633956 ) ) ;
#89 = EDGE_CURVE ( 'NONE', #5134, #3891, #4337, .T. ) ;
#90 = DIRECTION ( 'NONE',  ( 0.000000000000000000, 0.000000000000000000, 1.000000000000000000 ) ) ;
#91 = STYLED_ITEM ( 'NONE', ( #5108 ), #4382 ) ;
#92 = FILL_AREA_STYLE ('',( #2443 ) ) ;
#93 = FILL_AREA_STYLE ('',( #4740 ) ) ;
#94 = CARTESIAN_POINT ( 'NONE',  ( 2.299999999999997158, 0.000000000000000000, 3.000000000000002665 ) ) ;
#95 = CLOSED_SHELL ( 'NONE', ( #1394, #871, #4164, #568 ) ) ;
#96 = CARTESIAN_POINT ( 'NONE',  ( 1.184161683711926871, 4.187225725368465490, -2.781828220606410884 ) ) ;
#97 = STYLED_ITEM ( 'NONE', ( #6168 ), #3935 ) ;
#98 = CARTESIAN_POINT ( 'NONE',  ( -2.300000000000002487, 9.184850993605147944E-16, -7.500000000000000000 ) ) ;
#99 = EDGE_LOOP ( 'NONE', ( #1403, #7680 ) ) ;
#100 = DIRECTION ( 'NONE',  ( 0.000000000000000000, -0.5000000000000039968, -0.8660254037844363761 ) ) ;
#101 = EDGE_CURVE ( 'NONE', #4972, #286, #3323, .T. ) ;
#102 = COLOUR_RGB ( '',0.5294117647058823595, 0.5490196078431373028, 0.5490196078431373028 ) ;
#103 = CARTESIAN_POINT ( 'NONE',  ( -1.102270384252691748, 5.025000000000000355, 6.528452497315912755E-15 ) ) ;
#104 = AXIS2_PLACEMENT_3D ( 'NONE', #5861, #6426, #528 ) ;
#105 = COLOUR_RGB ( '',0.5294117647058823595, 0.5490196078431373028, 0.5490196078431373028 ) ;
#106 = DIRECTION ( 'NONE',  ( 0.000000000000000000, 0.000000000000000000, 1.000000000000000000 ) ) ;
#107 = STYLED_ITEM ( 'NONE', ( #7047 ), #5213 ) ;
#108 = SURFACE_SIDE_STYLE ('',( #1248 ) ) ;
#109 = CARTESIAN_POINT ( 'NONE',  ( 0.1623272491987278188, 3.736258041268521346, 4.001999606619688343 ) ) ;
#110 = ORIENTED_EDGE ( 'NONE', *, *, #1212, .T. ) ;
#111 = EDGE_LOOP ( 'NONE', ( #6404, #1776, #4574, #4759 ) ) ;
#112 = CARTESIAN_POINT ( 'NONE',  ( 2.951763000829056837E-15, 2.624999999999989786, -4.546633369868309238 ) ) ;
#113 = CARTESIAN_POINT ( 'NONE',  ( -2.300000000000002043, 8.939921633775678831E-16, -7.300000000000000711 ) ) ;
#114 = COLOUR_RGB ( '',0.5294117647058823595, 0.5490196078431373028, 0.5490196078431373028 ) ;
#115 = ORIENTED_EDGE ( 'NONE', *, *, #3069, .F. ) ;
#116 = CARTESIAN_POINT ( 'NONE',  ( -2.300000000000001155, 0.000000000000000000, 4.300000000000002487 ) ) ;
#117 = B_SPLINE_CURVE_WITH_KNOTS ( 'NONE', 3,
 ( #7547, #5530, #4542, #6847, #2763, #6930, #3295, #3769, #253, #1435, #3809, #5091, #4506, #843, #6889, #7455, #6176, #5570 ),
 .UNSPECIFIED., .F., .F.,
 ( 4, 2, 2, 2, 2, 2, 2, 2, 4 ),
 ( 0.005649204386103776239, 0.006119817983380342052, 0.006590431580656908733, 0.007061045177933474547, 0.007531658775210040360, 0.008002272372486607041, 0.008472885969763171987, 0.008943499567039738668, 0.009414113164316305349 ),
 .UNSPECIFIED. ) ;
#118 = AXIS2_PLACEMENT_3D ( 'NONE', #3533, #2419, #4171 ) ;
#119 = CARTESIAN_POINT ( 'NONE',  ( -0.3374999999999975242, 0.000000000000000000, 0.000000000000000000 ) ) ;
#120 = SHAPE_DEFINITION_REPRESENTATION ( #4415, #2069 ) ;
#121 = CIRCLE ( 'NONE', #3354, 5.475000000000002309 ) ;
#122 = ADVANCED_FACE ( 'NONE', ( #2353 ), #1142, .T. ) ;
#123 =( NAMED_UNIT ( * ) PLANE_ANGLE_UNIT ( ) SI_UNIT ( $, .RADIAN. ) );
#124 = PRESENTATION_LAYER_ASSIGNMENT (  '', '', ( #3480 ) ) ;
#125 = AXIS2_PLACEMENT_3D ( 'NONE', #132, #5409, #3606 ) ;
#126 = SURFACE_SIDE_STYLE ('',( #190 ) ) ;
#127 = DIRECTION ( 'NONE',  ( -1.000000000000000000, -0.000000000000000000, -0.000000000000000000 ) ) ;
#128 = CARTESIAN_POINT ( 'NONE',  ( 2.299999999999997602, 3.918869757271533418E-16, -3.200000000000002398 ) ) ;
#129 =( NAMED_UNIT ( * ) PLANE_ANGLE_UNIT ( ) SI_UNIT ( $, .RADIAN. ) );
#130 = DIRECTION ( 'NONE',  ( -1.000000000000000000, -0.000000000000000000, -0.000000000000000000 ) ) ;
#131 = AXIS2_PLACEMENT_3D ( 'NONE', #2517, #1888, #193 ) ;
#132 = CARTESIAN_POINT ( 'NONE',  ( -19.92709219242683361, 0.000000000000000000, 0.000000000000000000 ) ) ;
#133 = CARTESIAN_POINT ( 'NONE',  ( 2.951763000829056837E-15, -2.624999999999958256, 4.546633369868327001 ) ) ;
#134 = CIRCLE ( 'NONE', #4134, 0.2000000000000005107 ) ;
#135 = CARTESIAN_POINT ( 'NONE',  ( -0.1577470943594661557, 3.638461172476462835, -3.465865739801230916 ) ) ;
#136 = SPHERICAL_SURFACE ( 'NONE', #771, 1.124999999999995115 ) ;
#137 = AXIS2_PLACEMENT_3D ( 'NONE', #6410, #1071, #2869 ) ;
#138 = CARTESIAN_POINT ( 'NONE',  ( -19.92709219242683361, 0.000000000000000000, 0.000000000000000000 ) ) ;
#139 = ORIENTED_EDGE ( 'NONE', *, *, #446, .T. ) ;
#140 = CIRCLE ( 'NONE', #892, 1.124999999999994893 ) ;
#141 = CARTESIAN_POINT ( 'NONE',  ( -0.9768424931114945142, -3.367263331461700204, -4.318622634113480352 ) ) ;
#142 = ORIENTED_EDGE ( 'NONE', *, *, #317, .F. ) ;
#143 = DIRECTION ( 'NONE',  ( 0.000000000000000000, 0.000000000000000000, 1.000000000000000000 ) ) ;
#144 = COLOUR_RGB ( '',0.6470588235294117974, 0.6196078431372549211, 0.5882352941176470784 ) ;
#145 = CARTESIAN_POINT ( 'NONE',  ( 0.6737665297875808923, 4.951527093866475049, 0.8618945399539389429 ) ) ;
#146 = ADVANCED_FACE ( 'NONE', ( #2277, #2316 ), #1216, .T. ) ;
#147 = SURFACE_SIDE_STYLE ('',( #1871 ) ) ;
#148 = CARTESIAN_POINT ( 'NONE',  ( 0.3375000000000030753, 1.575657362522987714, 4.771575093816203150 ) ) ;
#149 = PRESENTATION_LAYER_ASSIGNMENT (  '', '', ( #3515 ) ) ;
#150 = VERTEX_POINT ( 'NONE', #4640 ) ;
#151 = ORIENTED_EDGE ( 'NONE', *, *, #2596, .F. ) ;
#152 = AXIS2_PLACEMENT_3D ( 'NONE', #2883, #2334, #4661 ) ;
#153 = PRESENTATION_STYLE_ASSIGNMENT (( #3117 ) ) ;
#154 = SURFACE_STYLE_USAGE ( .BOTH. , #1326 ) ;
#155 = DIRECTION ( 'NONE',  ( 0.000000000000000000, 0.000000000000000000, 1.000000000000000000 ) ) ;
#156 = SURFACE_STYLE_FILL_AREA ( #5476 ) ;
#157 = SPHERICAL_SURFACE ( 'NONE', #6707, 1.124999999999995115 ) ;
#158 = SURFACE_SIDE_STYLE ('',( #6156 ) ) ;
#159 = EDGE_CURVE ( 'NONE', #7036, #6945, #4732, .T. ) ;
#160 = CARTESIAN_POINT ( 'NONE',  ( 1.216873555469097479, 4.741489085719798879, -2.737500000000006040 ) ) ;
#161 = CIRCLE ( 'NONE', #4902, 1.237499999999997380 ) ;
#162 = CARTESIAN_POINT ( 'NONE',  ( -0.5594288769295716612, 5.387397636313386862, -0.9771689938555365718 ) ) ;
#163 =( NAMED_UNIT ( * ) SI_UNIT ( $, .STERADIAN. ) SOLID_ANGLE_UNIT ( ) );
#164 =( LENGTH_UNIT ( ) NAMED_UNIT ( * ) SI_UNIT ( .MILLI., .METRE. ) );
#165 = CIRCLE ( 'NONE', #1421, 7.500000000000000000 ) ;
#166 = FACE_OUTER_BOUND ( 'NONE', #4408, .T. ) ;
#167 = CARTESIAN_POINT ( 'NONE',  ( 2.951763000829056837E-15, -2.625000000000021760, -4.546633369868291474 ) ) ;
#168 = ADVANCED_FACE ( 'NONE', ( #4224 ), #2582, .T. ) ;
#169 = FILL_AREA_STYLE_COLOUR ( '', #479 ) ;
#170 = CARTESIAN_POINT ( 'NONE',  ( 0.2294076944467766666, -5.363185137500150468, -1.101427643522833844 ) ) ;
#171 = CARTESIAN_POINT ( 'NONE',  ( 1.216873555469096146, 4.351777654016800945, -2.512500000000004619 ) ) ;
#172 =( NAMED_UNIT ( * ) SI_UNIT ( $, .STERADIAN. ) SOLID_ANGLE_UNIT ( ) );
#173 = CARTESIAN_POINT ( 'NONE',  ( 0.3375000000000030753, -1.021228243303282213, -4.920133928571428505 ) ) ;
#174 = ORIENTED_EDGE ( 'NONE', *, *, #7013, .T. ) ;
#175 = CARTESIAN_POINT ( 'NONE',  ( 0.3375000000000030753, -4.920133928571429394, -1.021228243303264893 ) ) ;
#176 = ORIENTED_EDGE ( 'NONE', *, *, #6122, .F. ) ;
#177 =( GEOMETRIC_REPRESENTATION_CONTEXT ( 3 ) GLOBAL_UNCERTAINTY_ASSIGNED_CONTEXT ( ( #4999 ) ) GLOBAL_UNIT_ASSIGNED_CONTEXT ( ( #578, #7171, #7130 ) ) REPRESENTATION_CONTEXT ( 'NONE', 'WORKASPACE' ) );
#178 = DIRECTION ( 'NONE',  ( -1.000000000000000000, -0.000000000000000000, -0.000000000000000000 ) ) ;
#179 =( LENGTH_UNIT ( ) NAMED_UNIT ( * ) SI_UNIT ( .MILLI., .METRE. ) );
#180 =( GEOMETRIC_REPRESENTATION_CONTEXT ( 3 ) GLOBAL_UNCERTAINTY_ASSIGNED_CONTEXT ( ( #6873 ) ) GLOBAL_UNIT_ASSIGNED_CONTEXT ( ( #1168, #2461, #3654 ) ) REPRESENTATION_CONTEXT ( 'NONE', 'WORKASPACE' ) );
#181 = CARTESIAN_POINT ( 'NONE',  ( 2.499999999999996003, 0.000000000000000000, 0.000000000000000000 ) ) ;
#182 = ORIENTED_EDGE ( 'NONE', *, *, #3256, .F. ) ;
#183 = VERTEX_POINT ( 'NONE', #1996 ) ;
#184 = CARTESIAN_POINT ( 'NONE',  ( -1.216873555469089929, -1.757224688439976805E-14, -5.025000000000000355 ) ) ;
#185 = DIRECTION ( 'NONE',  ( 0.000000000000000000, 0.000000000000000000, 1.000000000000000000 ) ) ;
#186 = SPHERICAL_SURFACE ( 'NONE', #6014, 1.124999999999995115 ) ;
#187 = AXIS2_PLACEMENT_3D ( 'NONE', #128, #1333, #2518 ) ;
#188 = DIRECTION ( 'NONE',  ( 0.000000000000000000, 0.000000000000000000, 1.000000000000000000 ) ) ;
#189 = CARTESIAN_POINT ( 'NONE',  ( -0.3374999999999969691, 5.025000000000001243, 0.000000000000000000 ) ) ;
#190 = SURFACE_STYLE_FILL_AREA ( #5437 ) ;
#191 = MECHANICAL_DESIGN_GEOMETRIC_PRESENTATION_REPRESENTATION (  '', ( #1948 ), #6287 ) ;
#192 = ORIENTED_EDGE ( 'NONE', *, *, #3971, .T. ) ;
#193 = DIRECTION ( 'NONE',  ( 0.000000000000000000, -0.8660254037844450359, -0.4999999999999891198 ) ) ;
#194 = SURFACE_SIDE_STYLE ('',( #6785 ) ) ;
#195 = ADVANCED_FACE ( 'NONE', ( #3192 ), #5700, .T. ) ;
#196 = CYLINDRICAL_SURFACE ( 'NONE', #3314, 5.025000000000000355 ) ;
#197 =( LENGTH_UNIT ( ) NAMED_UNIT ( * ) SI_UNIT ( .MILLI., .METRE. ) );
#198 = CARTESIAN_POINT ( 'NONE',  ( -0.3374999999999970246, -4.771575093816230684, -1.575657362522904004 ) ) ;
#199 = SURFACE_STYLE_USAGE ( .BOTH. , #5600 ) ;
#200 = PRESENTATION_LAYER_ASSIGNMENT (  '', '', ( #91 ) ) ;
#201 = CARTESIAN_POINT ( 'NONE',  ( -1.216873555469090151, 4.351777654016801833, -2.512500000000005063 ) ) ;
#202 = PRESENTATION_STYLE_ASSIGNMENT (( #7374 ) ) ;
#203 = CARTESIAN_POINT ( 'NONE',  ( -0.9651472711767014045, 5.447720556568331318, 0.5622595040835368652 ) ) ;
#204 = EDGE_CURVE ( 'NONE', #7342, #4983, #2128, .T. ) ;
#205 =( GEOMETRIC_REPRESENTATION_CONTEXT ( 3 ) GLOBAL_UNCERTAINTY_ASSIGNED_CONTEXT ( ( #4996 ) ) GLOBAL_UNIT_ASSIGNED_CONTEXT ( ( #3484, #1268, #5444 ) ) REPRESENTATION_CONTEXT ( 'NONE', 'WORKASPACE' ) );
#206 = CARTESIAN_POINT ( 'NONE',  ( -0.9766093576085634886, 5.075628505799337553, 2.055978850831093219 ) ) ;
#207 = CARTESIAN_POINT ( 'NONE',  ( 0.3375000000000044631, 0.000000000000000000, 0.000000000000000000 ) ) ;
#208 = EDGE_LOOP ( 'NONE', ( #4423, #1879, #1046, #7707 ) ) ;
#209 =( GEOMETRIC_REPRESENTATION_CONTEXT ( 3 ) GLOBAL_UNCERTAINTY_ASSIGNED_CONTEXT ( ( #3923 ) ) GLOBAL_UNIT_ASSIGNED_CONTEXT ( ( #448, #3417, #4014 ) ) REPRESENTATION_CONTEXT ( 'NONE', 'WORKASPACE' ) );
#210 = CARTESIAN_POINT ( 'NONE',  ( 1.185729937395793687, -3.012996809067854720, -4.573808457111067760 ) ) ;
#211 = VERTEX_POINT ( 'NONE', #3742 ) ;
#212 = PRESENTATION_LAYER_ASSIGNMENT (  '', '', ( #1346 ) ) ;
#213 = CARTESIAN_POINT ( 'NONE',  ( 0.1160098895142586128, 3.383099418866700514, -3.715543477065423428 ) ) ;
#214 = SURFACE_STYLE_USAGE ( .BOTH. , #7386 ) ;
#215 = EDGE_CURVE ( 'NONE', #814, #1093, #1627, .T. ) ;
#216 = CARTESIAN_POINT ( 'NONE',  ( 1.066052540301074103, 3.257558097409406273, 4.402974996044854983 ) ) ;
#217 = ORIENTED_EDGE ( 'NONE', *, *, #7238, .F. ) ;
#218 = VERTEX_POINT ( 'NONE', #1880 ) ;
#219 = FILL_AREA_STYLE_COLOUR ( '', #1368 ) ;
#220 = CARTESIAN_POINT ( 'NONE',  ( 0.3375000000000029643, 5.025000000000001243, 0.000000000000000000 ) ) ;
#221 = ORIENTED_EDGE ( 'NONE', *, *, #642, .F. ) ;
#222 = PRESENTATION_STYLE_ASSIGNMENT (( #6740 ) ) ;
#223 = SURFACE_STYLE_FILL_AREA ( #7357 ) ;
#224 = AXIS2_PLACEMENT_3D ( 'NONE', #5196, #2328, #4689 ) ;
#225 = UNCERTAINTY_MEASURE_WITH_UNIT (LENGTH_MEASURE( 1.000000000000000082E-05 ), #591, 'distance_accuracy_value', 'NONE');
#226 = CARTESIAN_POINT ( 'NONE',  ( -0.3374999999999970246, 3.750346850512952912, -3.344476566048502963 ) ) ;
#227 = AXIS2_PLACEMENT_3D ( 'NONE', #4646, #2325, #4606 ) ;
#228 = CARTESIAN_POINT ( 'NONE',  ( 1.130692417494989055, 5.453422443451218626, -0.5304292068955980266 ) ) ;
#229 = FILL_AREA_STYLE_COLOUR ( '', #864 ) ;
#230 = VERTEX_POINT ( 'NONE', #774 ) ;
#231 = PRESENTATION_LAYER_ASSIGNMENT (  '', '', ( #7625 ) ) ;
#232 = LINE ( 'NONE', #3163, #1505 ) ;
#233 = SURFACE_SIDE_STYLE ('',( #2589 ) ) ;
#234 = MECHANICAL_DESIGN_GEOMETRIC_PRESENTATION_REPRESENTATION (  '', ( #1361 ), #7485 ) ;
#235 = FILL_AREA_STYLE_COLOUR ( '', #6779 ) ;
#236 = AXIS2_PLACEMENT_3D ( 'NONE', #1786, #5162, #7582 ) ;
#237 = CARTESIAN_POINT ( 'NONE',  ( -0.9689635404861060008, 1.849409760455122065, -4.673595488726391523 ) ) ;
#238 =( NAMED_UNIT ( * ) PLANE_ANGLE_UNIT ( ) SI_UNIT ( $, .RADIAN. ) );
#239 = EDGE_CURVE ( 'NONE', #4098, #1653, #747, .T. ) ;
#240 = UNCERTAINTY_MEASURE_WITH_UNIT (LENGTH_MEASURE( 1.000000000000000082E-05 ), #6475, 'distance_accuracy_value', 'NONE');
#241 = FACE_OUTER_BOUND ( 'NONE', #4052, .T. ) ;
#242 = MECHANICAL_DESIGN_GEOMETRIC_PRESENTATION_REPRESENTATION (  '', ( #7135 ), #369 ) ;
#243 =( NAMED_UNIT ( * ) SI_UNIT ( $, .STERADIAN. ) SOLID_ANGLE_UNIT ( ) );
#244 = CARTESIAN_POINT ( 'NONE',  ( -0.3374999999999970246, -1.021228243303213379, 4.920133928571440940 ) ) ;
#245 =( LENGTH_UNIT ( ) NAMED_UNIT ( * ) SI_UNIT ( .MILLI., .METRE. ) );
#246 = AXIS2_PLACEMENT_3D ( 'NONE', #3083, #7358, #3633 ) ;
#247 = DIRECTION ( 'NONE',  ( 0.000000000000000000, 1.047444401652940322E-14, 1.000000000000000000 ) ) ;
#248 = STYLED_ITEM ( 'NONE', ( #3127 ), #397 ) ;
#249 = ORIENTED_EDGE ( 'NONE', *, *, #5759, .T. ) ;
#250 = CARTESIAN_POINT ( 'NONE',  ( -1.124999999999992006, 4.546633369868336771, 2.624999999999942268 ) ) ;
#251 = ORIENTED_EDGE ( 'NONE', *, *, #89, .F. ) ;
#252 = ADVANCED_FACE ( 'NONE', ( #6624 ), #4373, .T. ) ;
#253 = CARTESIAN_POINT ( 'NONE',  ( 0.1577470958357212738, 1.182297190411695675, -4.883932675978580384 ) ) ;
#254 = STYLED_ITEM ( 'NONE', ( #3747 ), #2657 ) ;
#255 = CARTESIAN_POINT ( 'NONE',  ( -2.500000000000001332, 5.388445916248357957E-16, -4.300000000000002487 ) ) ;
#256 = UNCERTAINTY_MEASURE_WITH_UNIT (LENGTH_MEASURE( 1.000000000000000082E-05 ), #796, 'distance_accuracy_value', 'NONE');
#257 = VECTOR ( 'NONE', #41, 1000.000000000000000 ) ;
#258 = SURFACE_STYLE_USAGE ( .BOTH. , #5531 ) ;
#259 = ORIENTED_EDGE ( 'NONE', *, *, #2137, .T. ) ;
#260 = EDGE_LOOP ( 'NONE', ( #7632, #2018 ) ) ;
#261 = CARTESIAN_POINT ( 'NONE',  ( -0.7525402123772434448, -1.839374689528491036, 5.158076629468538954 ) ) ;
#262 = SURFACE_STYLE_USAGE ( .BOTH. , #1590 ) ;
#263 = CARTESIAN_POINT ( 'NONE',  ( 2.951763000829056837E-15, -5.250000000000000000, 0.000000000000000000 ) ) ;
#264 = DIRECTION ( 'NONE',  ( -1.000000000000000000, -0.000000000000000000, -0.000000000000000000 ) ) ;
#265 = AXIS2_PLACEMENT_3D ( 'NONE', #6648, #5498, #5573 ) ;
#266 = FACE_OUTER_BOUND ( 'NONE', #2906, .T. ) ;
#267 = ADVANCED_FACE ( 'NONE', ( #1293 ), #1476, .F. ) ;
#268 = DIRECTION ( 'NONE',  ( -1.000000000000000000, -0.000000000000000000, -0.000000000000000000 ) ) ;
#269 = CIRCLE ( 'NONE', #6381, 5.025000000000001243 ) ;
#270 = FACE_OUTER_BOUND ( 'NONE', #6653, .T. ) ;
#271 = PRESENTATION_STYLE_ASSIGNMENT (( #1926 ) ) ;
#272 = CARTESIAN_POINT ( 'NONE',  ( 1.186246345985057848, -5.467641751148407003, -0.3212836169128832076 ) ) ;
#273 = SURFACE_STYLE_USAGE ( .BOTH. , #1528 ) ;
#274 = ORIENTED_EDGE ( 'NONE', *, *, #1763, .F. ) ;
#275 = FILL_AREA_STYLE ('',( #7566 ) ) ;
#276 = CARTESIAN_POINT ( 'NONE',  ( 0.3237003905340529175, 4.025397093648581226, -3.711580936677707498 ) ) ;
#277 =( NAMED_UNIT ( * ) SI_UNIT ( $, .STERADIAN. ) SOLID_ANGLE_UNIT ( ) );
#278 =( NAMED_UNIT ( * ) SI_UNIT ( $, .STERADIAN. ) SOLID_ANGLE_UNIT ( ) );
#279 = PRESENTATION_STYLE_ASSIGNMENT (( #3133 ) ) ;
#280 = CARTESIAN_POINT ( 'NONE',  ( 1.216873555469096146, 2.512500000000050360, 4.351777654016775188 ) ) ;
#281 = CARTESIAN_POINT ( 'NONE',  ( 2.951763000829056837E-15, 5.499083108677935350E-14, 5.250000000000000000 ) ) ;
#282 = CYLINDRICAL_SURFACE ( 'NONE', #3468, 5.475000000000000533 ) ;
#283 =( NAMED_UNIT ( * ) PLANE_ANGLE_UNIT ( ) SI_UNIT ( $, .RADIAN. ) );
#284 =( NAMED_UNIT ( * ) PLANE_ANGLE_UNIT ( ) SI_UNIT ( $, .RADIAN. ) );
#285 = CARTESIAN_POINT ( 'NONE',  ( 1.065679434814408300, 5.023007587397389173, 2.183470217807312430 ) ) ;
#286 = VERTEX_POINT ( 'NONE', #2815 ) ;
#287 = CARTESIAN_POINT ( 'NONE',  ( 2.499999999999997780, 0.000000000000000000, 3.200000000000002398 ) ) ;
#288 = ORIENTED_EDGE ( 'NONE', *, *, #2513, .T. ) ;
#289 = CARTESIAN_POINT ( 'NONE',  ( 1.237499999999999822, -2.625000000000021760, -4.546633369868291474 ) ) ;
#290 = ADVANCED_FACE ( 'NONE', ( #3312 ), #4523, .T. ) ;
#291 = CARTESIAN_POINT ( 'NONE',  ( -3.499999999999999556, 0.000000000000000000, 0.000000000000000000 ) ) ;
#292 = DIRECTION ( 'NONE',  ( 0.000000000000000000, 0.000000000000000000, 1.000000000000000000 ) ) ;
#293 = EDGE_CURVE ( 'NONE', #1722, #1623, #7266, .T. ) ;
#294 = FILL_AREA_STYLE_COLOUR ( '', #1536 ) ;
#295 = EDGE_LOOP ( 'NONE', ( #5350, #3301 ) ) ;
#296 = ORIENTED_EDGE ( 'NONE', *, *, #1807, .T. ) ;
#297 = CARTESIAN_POINT ( 'NONE',  ( 0.7521123038540279415, -1.838905281601092012, 5.158260651985973055 ) ) ;
#298 = CARTESIAN_POINT ( 'NONE',  ( -0.3222421747442709705, -1.202038509233169350, -5.341792017825581773 ) ) ;
#299 = CARTESIAN_POINT ( 'NONE',  ( 0.9768424931115000653, 3.367263331461670894, -4.318622634113506109 ) ) ;
#300 = CARTESIAN_POINT ( 'NONE',  ( -0.1578090310811134378, -4.820680050771458447, 1.418333126981419889 ) ) ;
#301 = DIRECTION ( 'NONE',  ( 0.000000000000000000, -8.082152514542375611E-15, 1.000000000000000000 ) ) ;
#302 = PRESENTATION_LAYER_ASSIGNMENT (  '', '', ( #3670 ) ) ;
#303 = AXIS2_PLACEMENT_3D ( 'NONE', #4059, #2226, #2311 ) ;
#304 = CARTESIAN_POINT ( 'NONE',  ( 0.8192542262409532317, 5.395585504806741817, -0.9533249973564739133 ) ) ;
#305 = EDGE_CURVE ( 'NONE', #4879, #6353, #4081, .T. ) ;
#306 =( NAMED_UNIT ( * ) SI_UNIT ( $, .STERADIAN. ) SOLID_ANGLE_UNIT ( ) );
#307 = ORIENTED_EDGE ( 'NONE', *, *, #1557, .T. ) ;
#308 = DIRECTION ( 'NONE',  ( 0.000000000000000000, 0.000000000000000000, 1.000000000000000000 ) ) ;
#309 = CARTESIAN_POINT ( 'NONE',  ( -1.060068109012834991, 0.6044817592958793284, 4.990627786035831015 ) ) ;
#310 = CARTESIAN_POINT ( 'NONE',  ( 0.6066795256490228327, 4.777195101010564215, -1.559643906801526647 ) ) ;
#311 = CIRCLE ( 'NONE', #434, 1.237499999999996936 ) ;
#312 = ORIENTED_EDGE ( 'NONE', *, *, #4782, .F. ) ;
#313 = SURFACE_STYLE_FILL_AREA ( #275 ) ;
#314 = SPHERICAL_SURFACE ( 'NONE', #5508, 1.124999999999995115 ) ;
#315 = CARTESIAN_POINT ( 'NONE',  ( 0.7429409894823597593, 1.643745889321131637, -4.749811514361804043 ) ) ;
#316 = UNCERTAINTY_MEASURE_WITH_UNIT (LENGTH_MEASURE( 1.000000000000000082E-05 ), #2480, 'distance_accuracy_value', 'NONE');
#317 = EDGE_CURVE ( 'NONE', #7316, #7715, #4173, .T. ) ;
#318 = CARTESIAN_POINT ( 'NONE',  ( 0.3375000000000030753, 4.771575093816220026, -1.575657362522938199 ) ) ;
#319 = UNCERTAINTY_MEASURE_WITH_UNIT (LENGTH_MEASURE( 1.000000000000000082E-05 ), #3477, 'distance_accuracy_value', 'NONE');
#320 = DIRECTION ( 'NONE',  ( -0.000000000000000000, 1.000000000000000000, 1.224646799147353207E-16 ) ) ;
#321 = CARTESIAN_POINT ( 'NONE',  ( -1.216873555469091261, 2.737499999999989608, -4.741489085719808649 ) ) ;
#322 = SURFACE_STYLE_USAGE ( .BOTH. , #437 ) ;
#323 = CARTESIAN_POINT ( 'NONE',  ( -1.216873555469091261, 4.822257274929850013, 2.597605392652857503 ) ) ;
#324 = ORIENTED_EDGE ( 'NONE', *, *, #1310, .F. ) ;
#325 = CARTESIAN_POINT ( 'NONE',  ( -0.7429409894823529870, 1.643745889321197362, 4.749811514361781839 ) ) ;
#326 = VERTEX_POINT ( 'NONE', #7472 ) ;
#327 = UNCERTAINTY_MEASURE_WITH_UNIT (LENGTH_MEASURE( 1.000000000000000082E-05 ), #3298, 'distance_accuracy_value', 'NONE');
#328 = AXIS2_PLACEMENT_3D ( 'NONE', #7017, #439, #2789 ) ;
#329 = CARTESIAN_POINT ( 'NONE',  ( -0.3374999999999969691, 4.117454205283274327, -3.608627975754092887 ) ) ;
#330 = STYLED_ITEM ( 'NONE', ( #7555 ), #32 ) ;
#332 = EDGE_CURVE ( 'NONE', #1036, #6096, #2774, .T. ) ;
#331 = SURFACE_STYLE_USAGE ( .BOTH. , #964 ) ;
#333 = ORIENTED_EDGE ( 'NONE', *, *, #4649, .F. ) ;
#334 = EDGE_LOOP ( 'NONE', ( #372, #7673, #2775, #6572 ) ) ;
#335 = CARTESIAN_POINT ( 'NONE',  ( 0.1605426051907961893, -1.234632805375157849, -5.333976643754881231 ) ) ;
#336 = CARTESIAN_POINT ( 'NONE',  ( -0.7539386004181369838, 3.546371439658997815, -4.172790416570643757 ) ) ;
#337 = B_SPLINE_CURVE_WITH_KNOTS ( 'NONE', 3,
 ( #6107, #7426, #1552, #3303, #5020, #297, #1518, #2690, #5733, #6853, #4513, #967, #261, #6341, #2183, #4582, #5650, #3968 ),
 .UNSPECIFIED., .F., .F.,
 ( 4, 2, 2, 2, 2, 2, 2, 2, 4 ),
 ( 0.001924500009533457786, 0.002405502955712250993, 0.002886505901891044633, 0.003367508848069837839, 0.003848511794248631046, 0.004329514740427424686, 0.004810517686606218327, 0.005291520632785011100, 0.005772523578963804740 ),
 .UNSPECIFIED. ) ;
#338 = DIRECTION ( 'NONE',  ( 0.000000000000000000, 0.000000000000000000, -1.000000000000000000 ) ) ;
#339 = CARTESIAN_POINT ( 'NONE',  ( -0.7539386004181364287, -3.546371439658971170, 4.172790416570669514 ) ) ;
#340 = CARTESIAN_POINT ( 'NONE',  ( -1.072771378663148756, 5.018587926750309514, -0.2857585967811337446 ) ) ;
#341 = EDGE_LOOP ( 'NONE', ( #2430, #2998 ) ) ;
#342 = CARTESIAN_POINT ( 'NONE',  ( 0.3375000000000044631, 0.000000000000000000, 0.000000000000000000 ) ) ;
#343 = CARTESIAN_POINT ( 'NONE',  ( -0.9689635404817503739, 0.7351619098066463076, 4.972157300476223618 ) ) ;
#344 = FILL_AREA_STYLE_COLOUR ( '', #5571 ) ;
#345 = CARTESIAN_POINT ( 'NONE',  ( 1.216873555469097701, -2.737500000000022471, -4.741489085719789109 ) ) ;
#346 = AXIS2_PLACEMENT_3D ( 'NONE', #5047, #1464, #6925 ) ;
#347 = EDGE_CURVE ( 'NONE', #3814, #5360, #4488, .T. ) ;
#348 = SURFACE_SIDE_STYLE ('',( #5832 ) ) ;
#349 = CARTESIAN_POINT ( 'NONE',  ( -1.060068109014960402, 1.971817333347570811, -4.624251323185563756 ) ) ;
#350 = AXIS2_PLACEMENT_3D ( 'NONE', #3995, #2285, #5789 ) ;
#351 =( NAMED_UNIT ( * ) SI_UNIT ( $, .STERADIAN. ) SOLID_ANGLE_UNIT ( ) );
#352 = DIRECTION ( 'NONE',  ( 0.000000000000000000, 3.491481338843134144E-15, 1.000000000000000000 ) ) ;
#353 = MECHANICAL_DESIGN_GEOMETRIC_PRESENTATION_REPRESENTATION (  '', ( #6591 ), #5954 ) ;
#354 = AXIS2_PLACEMENT_3D ( 'NONE', #4657, #1743, #5378 ) ;
#355 = DIRECTION ( 'NONE',  ( 0.000000000000000000, 1.000000000000000000, -1.047444401652940480E-14 ) ) ;
#356 = CIRCLE ( 'NONE', #6980, 5.475000000000000533 ) ;
#357 = DIRECTION ( 'NONE',  ( 0.000000000000000000, -8.082152514542375808E-16, -1.000000000000000000 ) ) ;
#358 = MECHANICAL_DESIGN_GEOMETRIC_PRESENTATION_REPRESENTATION (  '', ( #4234 ), #5820 ) ;
#359 = CARTESIAN_POINT ( 'NONE',  ( 0.6073178875565922175, 3.739553136311761339, 3.357056292692491617 ) ) ;
#360 = AXIS2_PLACEMENT_3D ( 'NONE', #4104, #3513, #2234 ) ;
#361 = EDGE_LOOP ( 'NONE', ( #6296, #4092, #1193, #2155 ) ) ;
#362 = CIRCLE ( 'NONE', #3110, 1.073181601594058732 ) ;
#363 = CARTESIAN_POINT ( 'NONE',  ( -0.3219498304303017311, 5.227196995772990462, -1.629749021142105070 ) ) ;
#364 = ORIENTED_EDGE ( 'NONE', *, *, #6669, .F. ) ;
#365 =( NAMED_UNIT ( * ) SI_UNIT ( $, .STERADIAN. ) SOLID_ANGLE_UNIT ( ) );
#366 = CYLINDRICAL_SURFACE ( 'NONE', #7494, 5.025000000000000355 ) ;
#367 = AXIS2_PLACEMENT_3D ( 'NONE', #638, #2635, #3246 ) ;
#368 =( NAMED_UNIT ( * ) SI_UNIT ( $, .STERADIAN. ) SOLID_ANGLE_UNIT ( ) );
#369 =( GEOMETRIC_REPRESENTATION_CONTEXT ( 3 ) GLOBAL_UNCERTAINTY_ASSIGNED_CONTEXT ( ( #863 ) ) GLOBAL_UNIT_ASSIGNED_CONTEXT ( ( #1806, #7080, #2968 ) ) REPRESENTATION_CONTEXT ( 'NONE', 'WORKASPACE' ) );
#370 = DIRECTION ( 'NONE',  ( -1.000000000000000000, -0.000000000000000000, -0.000000000000000000 ) ) ;
#371 = FILL_AREA_STYLE ('',( #5688 ) ) ;
#372 = ORIENTED_EDGE ( 'NONE', *, *, #5745, .F. ) ;
#373 = ORIENTED_EDGE ( 'NONE', *, *, #7323, .T. ) ;
#374 = CIRCLE ( 'NONE', #5230, 1.190588089979062625 ) ;
#375 = DIRECTION ( 'NONE',  ( -1.000000000000000000, -0.000000000000000000, -0.000000000000000000 ) ) ;
#376 = CARTESIAN_POINT ( 'NONE',  ( 0.3164798858092646161, -1.152102331139215341, -4.891496487355277090 ) ) ;
#377 = DIRECTION ( 'NONE',  ( 0.000000000000000000, 0.000000000000000000, 1.000000000000000000 ) ) ;
#378 = APPLICATION_CONTEXT ( 'automotive_design' ) ;
#379 = CARTESIAN_POINT ( 'NONE',  ( -1.216873555469089929, -4.351777654016784957, 2.512500000000035705 ) ) ;
#380 = SURFACE_STYLE_USAGE ( .BOTH. , #2694 ) ;
#381 = EDGE_CURVE ( 'NONE', #6220, #1623, #232, .T. ) ;
#382 = STYLED_ITEM ( 'NONE', ( #4047 ), #7259 ) ;
#383 = ORIENTED_EDGE ( 'NONE', *, *, #5907, .T. ) ;
#384 = ORIENTED_EDGE ( 'NONE', *, *, #1581, .F. ) ;
#385 = CARTESIAN_POINT ( 'NONE',  ( 0.2290589410532242187, -4.782331004557238252, -1.543085156773214672 ) ) ;
#386 = CIRCLE ( 'NONE', #1147, 1.073181601594058732 ) ;
#387 = FILL_AREA_STYLE ('',( #7001 ) ) ;
#388 = CARTESIAN_POINT ( 'NONE',  ( -19.92709219242683361, 0.000000000000000000, 0.000000000000000000 ) ) ;
#389 = CARTESIAN_POINT ( 'NONE',  ( 0.6171494958829060185, -1.750416590129472150, -5.188032411269622557 ) ) ;
#390 = CARTESIAN_POINT ( 'NONE',  ( -1.185664645333973866, 4.573754011965746713, -3.013064982713986595 ) ) ;
#391 = UNCERTAINTY_MEASURE_WITH_UNIT (LENGTH_MEASURE( 1.000000000000000082E-05 ), #5896, 'distance_accuracy_value', 'NONE');
#392 = EDGE_CURVE ( 'NONE', #5416, #3005, #1885, .T. ) ;
#393 = CYLINDRICAL_SURFACE ( 'NONE', #1222, 5.475000000000000533 ) ;
#394 = FILL_AREA_STYLE ('',( #1766 ) ) ;
#395 = UNCERTAINTY_MEASURE_WITH_UNIT (LENGTH_MEASURE( 1.000000000000000082E-05 ), #1649, 'distance_accuracy_value', 'NONE');
#396 = FILL_AREA_STYLE_COLOUR ( '', #7116 ) ;
#397 = ADVANCED_FACE ( 'NONE', ( #1962 ), #861, .F. ) ;
#398 = AXIS2_PLACEMENT_3D ( 'NONE', #3492, #6570, #2992 ) ;
#399 = CARTESIAN_POINT ( 'NONE',  ( -2.441421356237307272, 6.058578643762687399, 0.000000000000000000 ) ) ;
#400 = UNCERTAINTY_MEASURE_WITH_UNIT (LENGTH_MEASURE( 1.000000000000000082E-05 ), #2315, 'distance_accuracy_value', 'NONE');
#401 = CARTESIAN_POINT ( 'NONE',  ( 1.216873555469096146, -4.351777654016819596, -2.512499999999974865 ) ) ;
#402 = CARTESIAN_POINT ( 'NONE',  ( -0.3374999999999969691, 5.025000000000001243, 0.000000000000000000 ) ) ;
#403 = FILL_AREA_STYLE ('',( #5716 ) ) ;
#404 = CARTESIAN_POINT ( 'NONE',  ( -1.066052540301069440, 4.402974996044935807, 3.257558097409298803 ) ) ;
#405 = CARTESIAN_POINT ( 'NONE',  ( 0.3157423466804655243, 3.659949515897170436, 3.443668705420057652 ) ) ;
#406 = PLANE ( 'NONE',  #5653 ) ;
#407 = ORIENTED_EDGE ( 'NONE', *, *, #5526, .F. ) ;
#408 = CARTESIAN_POINT ( 'NONE',  ( 0.7413020568632588958, 1.642381454461554924, 4.750304665213705313 ) ) ;
#409 = ORIENTED_EDGE ( 'NONE', *, *, #2044, .F. ) ;
#410 =( NAMED_UNIT ( * ) PLANE_ANGLE_UNIT ( ) SI_UNIT ( $, .RADIAN. ) );
#411 = PRESENTATION_LAYER_ASSIGNMENT (  '', '', ( #5738 ) ) ;
#412 =( NAMED_UNIT ( * ) PLANE_ANGLE_UNIT ( ) SI_UNIT ( $, .RADIAN. ) );
#413 = CARTESIAN_POINT ( 'NONE',  ( 0.3375000000000030753, -1.575657362522953742, -4.771575093816213808 ) ) ;
#414 = FILL_AREA_STYLE ('',( #6452 ) ) ;
#415 = ORIENTED_EDGE ( 'NONE', *, *, #4575, .T. ) ;
#416 = ORIENTED_EDGE ( 'NONE', *, *, #332, .F. ) ;
#417 = FILL_AREA_STYLE ('',( #2099 ) ) ;
#418 = FILL_AREA_STYLE ('',( #6262 ) ) ;
#419 = FILL_AREA_STYLE ('',( #3425 ) ) ;
#420 = CARTESIAN_POINT ( 'NONE',  ( -0.5502344886581095329, 4.936466110747723235, -0.9406135449668349136 ) ) ;
#421 = ORIENTED_EDGE ( 'NONE', *, *, #1557, .F. ) ;
#422 = DIRECTION ( 'NONE',  ( -1.000000000000000000, -0.000000000000000000, -0.000000000000000000 ) ) ;
#423 = CARTESIAN_POINT ( 'NONE',  ( -1.184509137126992240, 0.3149166791805505516, 5.017229452720722627 ) ) ;
#424 = DIRECTION ( 'NONE',  ( -1.000000000000000000, -0.000000000000000000, -0.000000000000000000 ) ) ;
#425 = CARTESIAN_POINT ( 'NONE',  ( 0.3375000000000044631, 0.000000000000000000, 0.000000000000000000 ) ) ;
#426 = DIRECTION ( 'NONE',  ( -1.000000000000000000, 0.000000000000000000, -0.000000000000000000 ) ) ;
#427 = SPHERICAL_SURFACE ( 'NONE', #7073, 1.237499999999996936 ) ;
#428 =( LENGTH_UNIT ( ) NAMED_UNIT ( * ) SI_UNIT ( .MILLI., .METRE. ) );
#429 = STYLED_ITEM ( 'NONE', ( #6418 ), #5905 ) ;
#430 = ORIENTED_EDGE ( 'NONE', *, *, #6018, .F. ) ;
#431 = EDGE_CURVE ( 'NONE', #3198, #4824, #3240, .T. ) ;
#432 = CARTESIAN_POINT ( 'NONE',  ( 2.499999999999998668, 0.000000000000000000, 0.000000000000000000 ) ) ;
#433 = FILL_AREA_STYLE_COLOUR ( '', #853 ) ;
#434 = AXIS2_PLACEMENT_3D ( 'NONE', #4736, #1816, #3088 ) ;
#435 = SURFACE_STYLE_USAGE ( .BOTH. , #6918 ) ;
#436 =( NAMED_UNIT ( * ) SI_UNIT ( $, .STERADIAN. ) SOLID_ANGLE_UNIT ( ) );
#437 = SURFACE_SIDE_STYLE ('',( #5760 ) ) ;
#438 = CARTESIAN_POINT ( 'NONE',  ( -0.1604339755935482170, 3.638699879211216182, 3.465615128512543830 ) ) ;
#439 = DIRECTION ( 'NONE',  ( -1.000000000000000000, -0.000000000000000000, -0.000000000000000000 ) ) ;
#440 = ORIENTED_EDGE ( 'NONE', *, *, #3307, .F. ) ;
#441 = CARTESIAN_POINT ( 'NONE',  ( 2.951763000829056837E-15, 2.624999999999989786, -4.546633369868309238 ) ) ;
#442 = ORIENTED_EDGE ( 'NONE', *, *, #5466, .T. ) ;
#444 = CARTESIAN_POINT ( 'NONE',  ( -1.216873555469091261, -4.741489085719818419, -2.737499999999972733 ) ) ;
#443 = PRESENTATION_LAYER_ASSIGNMENT (  '', '', ( #5407 ) ) ;
#445 = FACE_OUTER_BOUND ( 'NONE', #779, .T. ) ;
#446 = EDGE_CURVE ( 'NONE', #3118, #5732, #6485, .T. ) ;
#447 = CARTESIAN_POINT ( 'NONE',  ( -0.2290589410531660708, -1.543085156773249755, -4.782331004557229370 ) ) ;
#448 =( LENGTH_UNIT ( ) NAMED_UNIT ( * ) SI_UNIT ( .MILLI., .METRE. ) );
#449 = AXIS2_PLACEMENT_3D ( 'NONE', #1453, #4411, #7368 ) ;
#450 = VERTEX_POINT ( 'NONE', #7363 ) ;
#451 = ORIENTED_EDGE ( 'NONE', *, *, #5697, .F. ) ;
#452 = SURFACE_SIDE_STYLE ('',( #5775 ) ) ;
#453 = CARTESIAN_POINT ( 'NONE',  ( 0.7521123038540270533, 0.9865916369730719504, 5.386637404762078418 ) ) ;
#454 = ORIENTED_EDGE ( 'NONE', *, *, #3069, .T. ) ;
#455 = SPHERICAL_SURFACE ( 'NONE', #6649, 1.237499999999996936 ) ;
#456 = PRESENTATION_LAYER_ASSIGNMENT (  '', '', ( #6940 ) ) ;
#457 = DIRECTION ( 'NONE',  ( -1.000000000000000000, -0.000000000000000000, -0.000000000000000000 ) ) ;
#458 = PRESENTATION_STYLE_ASSIGNMENT (( #5176 ) ) ;
#459 = CARTESIAN_POINT ( 'NONE',  ( 1.074197824755647845, 5.468900374433318667, -0.2916721915573997070 ) ) ;
#460 =( NAMED_UNIT ( * ) PLANE_ANGLE_UNIT ( ) SI_UNIT ( $, .RADIAN. ) );
#461 = ORIENTED_EDGE ( 'NONE', *, *, #6514, .F. ) ;
#462 = EDGE_LOOP ( 'NONE', ( #3328, #5302 ) ) ;
#463 = AXIS2_PLACEMENT_3D ( 'NONE', #3091, #3021, #6598 ) ;
#464 = DIRECTION ( 'NONE',  ( -1.000000000000000000, -0.000000000000000000, -0.000000000000000000 ) ) ;
#465 = DIRECTION ( 'NONE',  ( -1.000000000000000000, -0.000000000000000000, -0.000000000000000000 ) ) ;
#466 = AXIS2_PLACEMENT_3D ( 'NONE', #263, #3265, #2770 ) ;
#467 = SURFACE_SIDE_STYLE ('',( #7081 ) ) ;
#468 = CARTESIAN_POINT ( 'NONE',  ( 0.6093760516249130399, 3.356287618679239415, 3.740250609034059703 ) ) ;
#469 = DIRECTION ( 'NONE',  ( 0.000000000000000000, 0.8660254037844450359, 0.4999999999999891198 ) ) ;
#470 = ORIENTED_EDGE ( 'NONE', *, *, #6786, .T. ) ;
#471 = UNCERTAINTY_MEASURE_WITH_UNIT (LENGTH_MEASURE( 1.000000000000000082E-05 ), #2665, 'distance_accuracy_value', 'NONE');
#472 =( NAMED_UNIT ( * ) PLANE_ANGLE_UNIT ( ) SI_UNIT ( $, .RADIAN. ) );
#473 =( GEOMETRIC_REPRESENTATION_CONTEXT ( 3 ) GLOBAL_UNCERTAINTY_ASSIGNED_CONTEXT ( ( #2673 ) ) GLOBAL_UNIT_ASSIGNED_CONTEXT ( ( #2265, #2924, #1756 ) ) REPRESENTATION_CONTEXT ( 'NONE', 'WORKASPACE' ) );
#474 = PRESENTATION_STYLE_ASSIGNMENT (( #435 ) ) ;
#475 = EDGE_CURVE ( 'NONE', #5859, #7495, #7510, .T. ) ;
#476 = FILL_AREA_STYLE ('',( #5794 ) ) ;
#477 = CARTESIAN_POINT ( 'NONE',  ( -0.9692456470055351714, 3.938812449548248384, 3.122243819140504417 ) ) ;
#478 = SURFACE_STYLE_FILL_AREA ( #2874 ) ;
#479 = COLOUR_RGB ( '',0.5294117647058823595, 0.5490196078431373028, 0.5490196078431373028 ) ;
#480 = VERTEX_POINT ( 'NONE', #4995 ) ;
#481 = AXIS2_PLACEMENT_3D ( 'NONE', #1793, #6456, #3421 ) ;
#482 = DIRECTION ( 'NONE',  ( 0.000000000000000000, 0.000000000000000000, 1.000000000000000000 ) ) ;
#483 = DIRECTION ( 'NONE',  ( -0.000000000000000000, 0.000000000000000000, 1.000000000000000000 ) ) ;
#484 =( LENGTH_UNIT ( ) NAMED_UNIT ( * ) SI_UNIT ( .MILLI., .METRE. ) );
#485 = PRESENTATION_LAYER_ASSIGNMENT (  '', '', ( #2118 ) ) ;
#486 = COLOUR_RGB ( '',0.6470588235294117974, 0.6196078431372549211, 0.5882352941176470784 ) ;
#487 = CARTESIAN_POINT ( 'NONE',  ( -0.3374999999999970246, -1.021228243303282213, -4.920133928571428505 ) ) ;
#488 = STYLED_ITEM ( 'NONE', ( #2844 ), #4650 ) ;
#489 = PLANE ( 'NONE',  #3322 ) ;
#490 = CARTESIAN_POINT ( 'NONE',  ( -1.216873555469091484, 4.741489085719837071, 2.737499999999939426 ) ) ;
#491 = ORIENTED_EDGE ( 'NONE', *, *, #5518, .T. ) ;
#492 = ORIENTED_EDGE ( 'NONE', *, *, #2080, .T. ) ;
#493 = ORIENTED_EDGE ( 'NONE', *, *, #5583, .F. ) ;
#494 = EDGE_CURVE ( 'NONE', #4636, #2768, #751, .T. ) ;
#495 = COLOUR_RGB ( '',0.6470588235294117974, 0.6196078431372549211, 0.5882352941176470784 ) ;
#496 = CARTESIAN_POINT ( 'NONE',  ( 1.216873555469096146, -4.351777654016784069, 2.512500000000035261 ) ) ;
#497 = PRESENTATION_LAYER_ASSIGNMENT (  '', '', ( #7135 ) ) ;
#498 =( NAMED_UNIT ( * ) PLANE_ANGLE_UNIT ( ) SI_UNIT ( $, .RADIAN. ) );
#499 = CARTESIAN_POINT ( 'NONE',  ( 1.216873555470457724, -2.737499999999979394, 4.741489085720178132 ) ) ;
#500 = AXIS2_PLACEMENT_3D ( 'NONE', #2960, #2225, #7119 ) ;
#501 = FACE_OUTER_BOUND ( 'NONE', #6511, .T. ) ;
#502 = AXIS2_PLACEMENT_3D ( 'NONE', #3672, #3086, #4928 ) ;
#503 = ORIENTED_EDGE ( 'NONE', *, *, #4138, .T. ) ;
#504 = FILL_AREA_STYLE_COLOUR ( '', #6986 ) ;
#505 = DIRECTION ( 'NONE',  ( -1.000000000000000000, -0.000000000000000000, -0.000000000000000000 ) ) ;
#506 = EDGE_CURVE ( 'NONE', #5899, #7473, #1768, .T. ) ;
#507 = CARTESIAN_POINT ( 'NONE',  ( -0.9843303561304962424, 0.000000000000000000, 0.000000000000000000 ) ) ;
#508 = CARTESIAN_POINT ( 'NONE',  ( 1.128661445338159597, 5.002879780374860808, 0.5140010120700041485 ) ) ;
#509 = DIRECTION ( 'NONE',  ( 0.000000000000000000, -1.000000000000000000, 3.491481338843135327E-15 ) ) ;
#510 = CIRCLE ( 'NONE', #4880, 1.124999999999994893 ) ;
#511 = VERTEX_POINT ( 'NONE', #6663 ) ;
#512 = AXIS2_PLACEMENT_3D ( 'NONE', #5927, #3031, #4901 ) ;
#513 = DIRECTION ( 'NONE',  ( 1.000000000000000000, 0.000000000000000000, 0.000000000000000000 ) ) ;
#514 = AXIS2_PLACEMENT_3D ( 'NONE', #1003, #891, #3260 ) ;
#515 =( NAMED_UNIT ( * ) SI_UNIT ( $, .STERADIAN. ) SOLID_ANGLE_UNIT ( ) );
#516 = CARTESIAN_POINT ( 'NONE',  ( -0.7438253088451876049, 3.798856746762353520, 3.291099724477445143 ) ) ;
#517 = AXIS2_PLACEMENT_3D ( 'NONE', #4048, #3451, #5970 ) ;
#518 = CARTESIAN_POINT ( 'NONE',  ( 2.951763000829056837E-15, -2.625000000000021760, -4.546633369868291474 ) ) ;
#519 = EDGE_LOOP ( 'NONE', ( #2339, #7057, #2886, #3372 ) ) ;
#520 = CARTESIAN_POINT ( 'NONE',  ( 0.3375000000000029643, -5.250000000000000000, 0.000000000000000000 ) ) ;
#521 = CARTESIAN_POINT ( 'NONE',  ( -0.3374999999999969691, 4.546633369868299468, -2.625000000000005329 ) ) ;
#522 = SURFACE_STYLE_FILL_AREA ( #6449 ) ;
#523 = CARTESIAN_POINT ( 'NONE',  ( 0.3375000000000030753, -1.021228243303282213, -4.920133928571428505 ) ) ;
#524 = DIRECTION ( 'NONE',  ( -1.000000000000000000, -0.000000000000000000, -0.000000000000000000 ) ) ;
#525 = ORIENTED_EDGE ( 'NONE', *, *, #3299, .F. ) ;
#526 = ORIENTED_EDGE ( 'NONE', *, *, #7662, .F. ) ;
#527 = DIRECTION ( 'NONE',  ( 0.000000000000000000, -8.890367765996613488E-15, 1.000000000000000000 ) ) ;
#528 = DIRECTION ( 'NONE',  ( 0.000000000000000000, -1.224646799147352961E-16, 1.000000000000000000 ) ) ;
#529 = EDGE_LOOP ( 'NONE', ( #730, #7379 ) ) ;
#530 = ADVANCED_FACE ( 'NONE', ( #6701 ), #7642, .F. ) ;
#531 =( GEOMETRIC_REPRESENTATION_CONTEXT ( 3 ) GLOBAL_UNCERTAINTY_ASSIGNED_CONTEXT ( ( #7543 ) ) GLOBAL_UNIT_ASSIGNED_CONTEXT ( ( #5857, #4131, #2920 ) ) REPRESENTATION_CONTEXT ( 'NONE', 'WORKASPACE' ) );
#532 = B_SPLINE_CURVE_WITH_KNOTS ( 'NONE', 3,
 ( #7428, #5620, #5135, #2186, #4548, #336, #3381, #6937, #2723, #1591, #5100, #3970, #5734, #299, #2221, #4019, #2067, #3855 ),
 .UNSPECIFIED., .F., .F.,
 ( 4, 2, 2, 2, 2, 2, 2, 2, 4 ),
 ( 0.005772523578963803005, 0.006253562060437137769, 0.006734600541910472533, 0.007215639023383806430, 0.007696677504857141194, 0.008177715986330475958, 0.008658754467803810723, 0.009139792949277145487, 0.009620831430750480251 ),
 .UNSPECIFIED. ) ;
#533 = FACE_OUTER_BOUND ( 'NONE', #6212, .T. ) ;
#534 = AXIS2_PLACEMENT_3D ( 'NONE', #2312, #535, #4671 ) ;
#535 = DIRECTION ( 'NONE',  ( -1.000000000000000000, -0.000000000000000000, -0.000000000000000000 ) ) ;
#536 =( GEOMETRIC_REPRESENTATION_CONTEXT ( 3 ) GLOBAL_UNCERTAINTY_ASSIGNED_CONTEXT ( ( #4456 ) ) GLOBAL_UNIT_ASSIGNED_CONTEXT ( ( #3072, #3624, #1950 ) ) REPRESENTATION_CONTEXT ( 'NONE', 'WORKASPACE' ) );
#537 = ORIENTED_EDGE ( 'NONE', *, *, #5572, .T. ) ;
#538 = VERTEX_POINT ( 'NONE', #5440 ) ;
#539 = DIRECTION ( 'NONE',  ( 0.000000000000000000, 4.041076257271187806E-15, 1.000000000000000000 ) ) ;
#540 = CYLINDRICAL_SURFACE ( 'NONE', #1109, 5.025000000000000355 ) ;
#541 = CARTESIAN_POINT ( 'NONE',  ( 0.1137298752287590753, 4.787650106792899152, 1.526116461788697976 ) ) ;
#542 = CARTESIAN_POINT ( 'NONE',  ( 0.2291337308794287875, 1.101516330008279310, 5.363167525556526094 ) ) ;
#543 =( NAMED_UNIT ( * ) PLANE_ANGLE_UNIT ( ) SI_UNIT ( $, .RADIAN. ) );
#544 =( LENGTH_UNIT ( ) NAMED_UNIT ( * ) SI_UNIT ( .MILLI., .METRE. ) );
#545 = EDGE_CURVE ( 'NONE', #1689, #5773, #4251, .T. ) ;
#546 = CARTESIAN_POINT ( 'NONE',  ( 0.9682255741299137242, -0.7357694555034639539, 4.972045451488765977 ) ) ;
#547 = EDGE_LOOP ( 'NONE', ( #2701, #6699, #2322, #6377 ) ) ;
#548 = UNCERTAINTY_MEASURE_WITH_UNIT (LENGTH_MEASURE( 1.000000000000000082E-05 ), #6006, 'distance_accuracy_value', 'NONE');
#549 = SURFACE_STYLE_FILL_AREA ( #3636 ) ;
#550 = COLOUR_RGB ( '',0.6470588235294117974, 0.6196078431372549211, 0.5882352941176470784 ) ;
#551 = UNCERTAINTY_MEASURE_WITH_UNIT (LENGTH_MEASURE( 1.000000000000000082E-05 ), #1013, 'distance_accuracy_value', 'NONE');
#552 = CARTESIAN_POINT ( 'NONE',  ( -1.066052540301069218, -4.402974996044914491, -3.257558097409328557 ) ) ;
#553 = ADVANCED_FACE ( 'NONE', ( #4309, #744 ), #1377, .F. ) ;
#554 = CARTESIAN_POINT ( 'NONE',  ( -2.300000000000002043, 0.000000000000000000, 0.000000000000000000 ) ) ;
#555 =( NAMED_UNIT ( * ) SI_UNIT ( $, .STERADIAN. ) SOLID_ANGLE_UNIT ( ) );
#556 = DIRECTION ( 'NONE',  ( 0.000000000000000000, 0.5000000000000041078, 0.8660254037844362651 ) ) ;
#557 = CARTESIAN_POINT ( 'NONE',  ( -0.3374999999999975242, 5.344821428571429500, 1.186806174859089680 ) ) ;
#558 = ORIENTED_EDGE ( 'NONE', *, *, #1378, .F. ) ;
#559 = CIRCLE ( 'NONE', #816, 1.073181601594058732 ) ;
#560 = UNCERTAINTY_MEASURE_WITH_UNIT (LENGTH_MEASURE( 1.000000000000000082E-05 ), #2337, 'distance_accuracy_value', 'NONE');
#561 = CARTESIAN_POINT ( 'NONE',  ( 0.2288940565161385887, -3.635584375318144268, 4.093829020219255099 ) ) ;
#562 = PRESENTATION_STYLE_ASSIGNMENT (( #5887 ) ) ;
#563 = DIRECTION ( 'NONE',  ( 0.000000000000000000, 0.5000000000000009992, 0.8660254037844380415 ) ) ;
#564 = VERTEX_POINT ( 'NONE', #4711 ) ;
#565 = EDGE_LOOP ( 'NONE', ( #5352, #307, #4696, #1472 ) ) ;
#566 =( NAMED_UNIT ( * ) SI_UNIT ( $, .STERADIAN. ) SOLID_ANGLE_UNIT ( ) );
#567 = CARTESIAN_POINT ( 'NONE',  ( 0.3375000000000030753, -3.750346850512929819, 3.344476566048528721 ) ) ;
#568 = ADVANCED_FACE ( 'NONE', ( #5743 ), #5706, .F. ) ;
#569 = UNCERTAINTY_MEASURE_WITH_UNIT (LENGTH_MEASURE( 1.000000000000000082E-05 ), #4198, 'distance_accuracy_value', 'NONE');
#570 = FILL_AREA_STYLE_COLOUR ( '', #6411 ) ;
#571 = DIRECTION ( 'NONE',  ( -1.000000000000000000, -0.000000000000000000, -0.000000000000000000 ) ) ;
#572 = CARTESIAN_POINT ( 'NONE',  ( -0.6066795256490171706, -1.559643906801476687, 4.777195101010580203 ) ) ;
#573 = VERTEX_POINT ( 'NONE', #6910 ) ;
#574 = ORIENTED_EDGE ( 'NONE', *, *, #4733, .T. ) ;
#575 = SURFACE_SIDE_STYLE ('',( #3628 ) ) ;
#576 = PRESENTATION_STYLE_ASSIGNMENT (( #5262 ) ) ;
#577 = CIRCLE ( 'NONE', #3080, 7.500000000000000000 ) ;
#578 =( LENGTH_UNIT ( ) NAMED_UNIT ( * ) SI_UNIT ( .MILLI., .METRE. ) );
#579 = DIRECTION ( 'NONE',  ( 0.000000000000000000, 0.000000000000000000, 1.000000000000000000 ) ) ;
#580 = CIRCLE ( 'NONE', #1964, 1.073181601594058732 ) ;
#581 = CARTESIAN_POINT ( 'NONE',  ( -0.7438253086346644505, -0.9507475945649899174, 4.935456310241978173 ) ) ;
#582 = ORIENTED_EDGE ( 'NONE', *, *, #5175, .T. ) ;
#583 = CARTESIAN_POINT ( 'NONE',  ( 0.2283429028090122603, -5.363116686609068928, 1.101772333983161989 ) ) ;
#584 = EDGE_CURVE ( 'NONE', #573, #3958, #1758, .T. ) ;
#585 = SURFACE_SIDE_STYLE ('',( #7294 ) ) ;
#586 = AXIS2_PLACEMENT_3D ( 'NONE', #5606, #3365, #6248 ) ;
#587 = SURFACE_STYLE_FILL_AREA ( #92 ) ;
#588 = CARTESIAN_POINT ( 'NONE',  ( 0.3375000000000029088, -5.183890602451882934, 1.761505952817385756 ) ) ;
#589 = AXIS2_PLACEMENT_3D ( 'NONE', #3804, #3955, #2948 ) ;
#590 = DIRECTION ( 'NONE',  ( -1.000000000000000000, -0.000000000000000000, -0.000000000000000000 ) ) ;
#591 =( LENGTH_UNIT ( ) NAMED_UNIT ( * ) SI_UNIT ( .MILLI., .METRE. ) );
#592 = ORIENTED_EDGE ( 'NONE', *, *, #685, .F. ) ;
#593 = ADVANCED_FACE ( 'NONE', ( #2342, #3275 ), #2736, .F. ) ;
#594 = AXIS2_PLACEMENT_3D ( 'NONE', #6239, #6870, #2120 ) ;
#595 = SURFACE_STYLE_USAGE ( .BOTH. , #7221 ) ;
#596 = CARTESIAN_POINT ( 'NONE',  ( 0.9689635404817557029, -4.972157300476233388, -0.7351619098065956814 ) ) ;
#597 = MANIFOLD_SOLID_BREP ( '旋转5', #5195 ) ;
#598 = CARTESIAN_POINT ( 'NONE',  ( -1.216873555469091928, 4.272263529700802032, -2.650222503234664018 ) ) ;
#599 = AXIS2_PLACEMENT_3D ( 'NONE', #6854, #1519, #4547 ) ;
#600 = CARTESIAN_POINT ( 'NONE',  ( 1.066282750803666746, 0.6191446342662040303, -5.441915680519993082 ) ) ;
#601 = PRESENTATION_LAYER_ASSIGNMENT (  '', '', ( #3474 ) ) ;
#602 = CARTESIAN_POINT ( 'NONE',  ( -0.2291337308794229866, 1.727642638307804512, 5.195397486887779692 ) ) ;
#603 = SURFACE_STYLE_USAGE ( .BOTH. , #1791 ) ;
#604 = ORIENTED_EDGE ( 'NONE', *, *, #6255, .T. ) ;
#605 = COLOUR_RGB ( '',0.5294117647058823595, 0.5490196078431373028, 0.5490196078431373028 ) ;
#606 = CARTESIAN_POINT ( 'NONE',  ( 0.3375000000000029088, -5.183890602451906915, -1.761505952817312481 ) ) ;
#607 = ORIENTED_EDGE ( 'NONE', *, *, #4693, .F. ) ;
#608 = PRESENTATION_LAYER_ASSIGNMENT (  '', '', ( #1361 ) ) ;
#609 = FILL_AREA_STYLE_COLOUR ( '', #2683 ) ;
#610 = FACE_OUTER_BOUND ( 'NONE', #5657, .T. ) ;
#611 = COLOUR_RGB ( '',0.6470588235294117974, 0.6196078431372549211, 0.5882352941176470784 ) ;
#612 =( LENGTH_UNIT ( ) NAMED_UNIT ( * ) SI_UNIT ( .MILLI., .METRE. ) );
#613 = AXIS2_PLACEMENT_3D ( 'NONE', #6232, #464, #308 ) ;
#614 = SURFACE_STYLE_FILL_AREA ( #6432 ) ;
#615 = ORIENTED_EDGE ( 'NONE', *, *, #2682, .F. ) ;
#616 = EDGE_LOOP ( 'NONE', ( #3992, #6285 ) ) ;
#617 = PRESENTATION_LAYER_ASSIGNMENT (  '', '', ( #4857 ) ) ;
#618 =( LENGTH_UNIT ( ) NAMED_UNIT ( * ) SI_UNIT ( .MILLI., .METRE. ) );
#619 = DIRECTION ( 'NONE',  ( 0.000000000000000000, 0.000000000000000000, 1.000000000000000000 ) ) ;
#620 = ADVANCED_FACE ( 'NONE', ( #7197 ), #2310, .T. ) ;
#621 = SURFACE_STYLE_USAGE ( .BOTH. , #5949 ) ;
#622 = MECHANICAL_DESIGN_GEOMETRIC_PRESENTATION_REPRESENTATION (  '', ( #4984 ), #1134 ) ;
#623 = DIRECTION ( 'NONE',  ( 0.000000000000000000, 0.5000000000000069944, 0.8660254037844347108 ) ) ;
#624 = CARTESIAN_POINT ( 'NONE',  ( -0.2288940565160119678, -5.363152117918886574, 1.101593916517753069 ) ) ;
#625 = DIRECTION ( 'NONE',  ( -1.000000000000000000, -0.000000000000000000, -0.000000000000000000 ) ) ;
#626 = ADVANCED_FACE ( 'NONE', ( #1284 ), #1983, .T. ) ;
#627 = CIRCLE ( 'NONE', #5971, 1.073181601594058732 ) ;
#628 = CARTESIAN_POINT ( 'NONE',  ( -19.92709219242683361, 0.000000000000000000, 0.000000000000000000 ) ) ;
#629 = EDGE_CURVE ( 'NONE', #5212, #3661, #6646, .T. ) ;
#630 = DIRECTION ( 'NONE',  ( -1.000000000000000000, -0.000000000000000000, -0.000000000000000000 ) ) ;
#631 =( LENGTH_UNIT ( ) NAMED_UNIT ( * ) SI_UNIT ( .MILLI., .METRE. ) );
#632 = CARTESIAN_POINT ( 'NONE',  ( 0.1142805835485811161, -4.909266821554441051, 1.072251967908829817 ) ) ;
#633 =( NAMED_UNIT ( * ) PLANE_ANGLE_UNIT ( ) SI_UNIT ( $, .RADIAN. ) );
#634 =( GEOMETRIC_REPRESENTATION_CONTEXT ( 3 ) GLOBAL_UNCERTAINTY_ASSIGNED_CONTEXT ( ( #7140 ) ) GLOBAL_UNIT_ASSIGNED_CONTEXT ( ( #6393, #5655, #5778 ) ) REPRESENTATION_CONTEXT ( 'NONE', 'WORKASPACE' ) );
#635 = ORIENTED_EDGE ( 'NONE', *, *, #1363, .T. ) ;
#636 = UNCERTAINTY_MEASURE_WITH_UNIT (LENGTH_MEASURE( 1.000000000000000082E-05 ), #2670, 'distance_accuracy_value', 'NONE');
#637 = CARTESIAN_POINT ( 'NONE',  ( 2.499999999999996891, 0.000000000000000000, 0.000000000000000000 ) ) ;
#638 = CARTESIAN_POINT ( 'NONE',  ( -0.3374999999999969691, 5.025000000000001243, 0.000000000000000000 ) ) ;
#639 = CARTESIAN_POINT ( 'NONE',  ( 1.060888576746105150, 4.020771965135038428, -3.017419481698533357 ) ) ;
#640 = CIRCLE ( 'NONE', #7399, 0.2000000000000005107 ) ;
#641 = SURFACE_SIDE_STYLE ('',( #6421 ) ) ;
#642 = EDGE_CURVE ( 'NONE', #3663, #3787, #4273, .T. ) ;
#643 = LINE ( 'NONE', #3141, #3603 ) ;
#644 = ORIENTED_EDGE ( 'NONE', *, *, #4147, .T. ) ;
#645 = CARTESIAN_POINT ( 'NONE',  ( -0.7521123038540211692, -5.158260651985942857, 1.838905281601180608 ) ) ;
#646 = CARTESIAN_POINT ( 'NONE',  ( -1.216873555469091261, 5.746431636952718160E-14, 5.475000000000001421 ) ) ;
#647 = VERTEX_POINT ( 'NONE', #6600 ) ;
#648 = CIRCLE ( 'NONE', #2654, 1.124999999999995115 ) ;
#649 = CARTESIAN_POINT ( 'NONE',  ( -0.6728110319925314498, 4.951404582453726277, 0.8625701404435754949 ) ) ;
#650 = CARTESIAN_POINT ( 'NONE',  ( 0.2288706956796006942, 1.543028613918584702, 4.782349675994542082 ) ) ;
#651 = DIRECTION ( 'NONE',  ( -1.000000000000000000, -0.000000000000000000, -0.000000000000000000 ) ) ;
#652 = ADVANCED_FACE ( 'NONE', ( #3604, #5029 ), #3565, .T. ) ;
#653 = ORIENTED_EDGE ( 'NONE', *, *, #793, .T. ) ;
#654 = VERTEX_POINT ( 'NONE', #7183 ) ;
#655 = FILL_AREA_STYLE ('',( #219 ) ) ;
#656 = FACE_OUTER_BOUND ( 'NONE', #3931, .T. ) ;
#657 =( LENGTH_UNIT ( ) NAMED_UNIT ( * ) SI_UNIT ( .MILLI., .METRE. ) );
#658 = CIRCLE ( 'NONE', #6000, 0.2000000000000005107 ) ;
#659 = DIRECTION ( 'NONE',  ( 0.000000000000000000, 0.000000000000000000, 1.000000000000000000 ) ) ;
#660 = MECHANICAL_DESIGN_GEOMETRIC_PRESENTATION_REPRESENTATION (  '', ( #49 ), #6888 ) ;
#661 =( NAMED_UNIT ( * ) SI_UNIT ( $, .STERADIAN. ) SOLID_ANGLE_UNIT ( ) );
#662 = SURFACE_SIDE_STYLE ('',( #6442 ) ) ;
#663 = CIRCLE ( 'NONE', #784, 5.475000000000000533 ) ;
#664 = PRESENTATION_STYLE_ASSIGNMENT (( #1777 ) ) ;
#665 = FACE_OUTER_BOUND ( 'NONE', #1140, .T. ) ;
#666 = CARTESIAN_POINT ( 'NONE',  ( -0.3374999999999969691, -2.624999999999958256, 4.546633369868327001 ) ) ;
#667 = CARTESIAN_POINT ( 'NONE',  ( -1.216873555470451507, -5.475000000000316724, -1.549021924767019913E-13 ) ) ;
#668 = DIRECTION ( 'NONE',  ( 0.000000000000000000, -0.4999999999999950595, 0.8660254037844414832 ) ) ;
#669 = EDGE_CURVE ( 'NONE', #5018, #5086, #3915, .T. ) ;
#670 = PRESENTATION_LAYER_ASSIGNMENT (  '', '', ( #4304 ) ) ;
#671 = COLOUR_RGB ( '',0.6470588235294117974, 0.6196078431372549211, 0.5882352941176470784 ) ;
#672 = DIRECTION ( 'NONE',  ( -1.000000000000000000, -0.000000000000000000, -0.000000000000000000 ) ) ;
#673 = CARTESIAN_POINT ( 'NONE',  ( -19.92709219242683361, 0.000000000000000000, 0.000000000000000000 ) ) ;
#674 = CARTESIAN_POINT ( 'NONE',  ( 0.1561588338134658194, -4.883948607269695152, -1.182231370141733073 ) ) ;
#675 = AXIS2_PLACEMENT_3D ( 'NONE', #1444, #6186, #7638 ) ;
#676 = CIRCLE ( 'NONE', #6021, 4.500000000000002665 ) ;
#677 = CARTESIAN_POINT ( 'NONE',  ( 0.1142805821702303076, -3.383230854313010738, -3.715423797405092987 ) ) ;
#678 = SURFACE_SIDE_STYLE ('',( #1978 ) ) ;
#679 = ORIENTED_EDGE ( 'NONE', *, *, #3078, .F. ) ;
#680 = TOROIDAL_SURFACE ( 'NONE', #4669, 7.300000000000000711, 0.1999999999999990119 ) ;
#681 = CARTESIAN_POINT ( 'NONE',  ( 0.1630295018219759806, -1.234600566027713953, 5.333984106152912297 ) ) ;
#682 = EDGE_LOOP ( 'NONE', ( #2720, #4706, #4016, #6428 ) ) ;
#683 = ADVANCED_FACE ( 'NONE', ( #3641 ), #2526, .F. ) ;
#684 = CARTESIAN_POINT ( 'NONE',  ( 1.102270384252428181, 5.025000000000000355, -2.755305252228933060E-17 ) ) ;
#685 = EDGE_CURVE ( 'NONE', #57, #1863, #1101, .T. ) ;
#686 =( GEOMETRIC_REPRESENTATION_CONTEXT ( 3 ) GLOBAL_UNCERTAINTY_ASSIGNED_CONTEXT ( ( #7059 ) ) GLOBAL_UNIT_ASSIGNED_CONTEXT ( ( #164, #238, #7443 ) ) REPRESENTATION_CONTEXT ( 'NONE', 'WORKASPACE' ) );
#687 = MANIFOLD_SOLID_BREP ( '切除-旋转1[12]', #5422 ) ;
#688 = FILL_AREA_STYLE ('',( #4216 ) ) ;
#689 = CARTESIAN_POINT ( 'NONE',  ( 2.951763000829056837E-15, -5.250000000000000000, 0.000000000000000000 ) ) ;
#690 = ORIENTED_EDGE ( 'NONE', *, *, #4604, .T. ) ;
#691 = EDGE_LOOP ( 'NONE', ( #729, #5107, #592, #7156, #5011, #80 ) ) ;
#692 = VERTEX_POINT ( 'NONE', #6787 ) ;
#693 = DIRECTION ( 'NONE',  ( 0.000000000000000000, 0.000000000000000000, 1.000000000000000000 ) ) ;
#694 = DIRECTION ( 'NONE',  ( -1.000000000000000000, -0.000000000000000000, -0.000000000000000000 ) ) ;
#695 = ADVANCED_FACE ( 'NONE', ( #7297 ), #4957, .T. ) ;
#696 =( NAMED_UNIT ( * ) PLANE_ANGLE_UNIT ( ) SI_UNIT ( $, .RADIAN. ) );
#697 = DIRECTION ( 'NONE',  ( -1.000000000000000000, -0.000000000000000000, -0.000000000000000000 ) ) ;
#698 = CARTESIAN_POINT ( 'NONE',  ( -3.499999999999999556, 0.000000000000000000, 0.000000000000000000 ) ) ;
#699 = CARTESIAN_POINT ( 'NONE',  ( 0.9766114375336411024, -4.318452722995127502, 3.367476254988119422 ) ) ;
#700 = SURFACE_STYLE_USAGE ( .BOTH. , #158 ) ;
#701 = CARTESIAN_POINT ( 'NONE',  ( -0.3374999999999969691, -1.833027702892645012E-14, -5.250000000000000000 ) ) ;
#702 =( GEOMETRIC_REPRESENTATION_CONTEXT ( 3 ) GLOBAL_UNCERTAINTY_ASSIGNED_CONTEXT ( ( #569 ) ) GLOBAL_UNIT_ASSIGNED_CONTEXT ( ( #4198, #7145, #6562 ) ) REPRESENTATION_CONTEXT ( 'NONE', 'WORKASPACE' ) );
#703 = CARTESIAN_POINT ( 'NONE',  ( 2.951763000829056837E-15, -1.833027702892645012E-14, -5.250000000000000000 ) ) ;
#704 = CARTESIAN_POINT ( 'NONE',  ( 2.299999999999997602, 0.000000000000000000, 0.000000000000000000 ) ) ;
#705 = FILL_AREA_STYLE ('',( #2525 ) ) ;
#706 = CARTESIAN_POINT ( 'NONE',  ( -0.2282113723961841367, -4.913108231081977806, 1.055077064873277681 ) ) ;
#707 = DIRECTION ( 'NONE',  ( 0.000000000000000000, 0.5000000000000041078, 0.8660254037844362651 ) ) ;
#708 = AXIS2_PLACEMENT_3D ( 'NONE', #5310, #4157, #3563 ) ;
#709 = B_SPLINE_CURVE_WITH_KNOTS ( 'NONE', 3,
 ( #4939, #1944, #7195, #3725, #3766, #645, #3690, #799, #1282, #1314, #2536, #2572, #6053, #6132, #7341, #6644, #718, #3103 ),
 .UNSPECIFIED., .F., .F.,
 ( 4, 2, 2, 2, 2, 2, 2, 2, 4 ),
 ( 0.001924500009533365846, 0.002405502955712159486, 0.002886505901890953126, 0.003367508848069747200, 0.003848511794248540840, 0.004329514740427334481, 0.004810517686606128121, 0.005291520632784921761, 0.005772523578963715402 ),
 .UNSPECIFIED. ) ;
#710 = UNCERTAINTY_MEASURE_WITH_UNIT (LENGTH_MEASURE( 1.000000000000000082E-05 ), #4285, 'distance_accuracy_value', 'NONE');
#711 = CARTESIAN_POINT ( 'NONE',  ( 0.9682255742437098078, -3.123217765420607250, 3.938032942102180467 ) ) ;
#712 = EDGE_CURVE ( 'NONE', #2836, #3724, #4630, .T. ) ;
#713 = FACE_OUTER_BOUND ( 'NONE', #334, .T. ) ;
#714 = CARTESIAN_POINT ( 'NONE',  ( -0.3374999999999975242, 0.000000000000000000, 0.000000000000000000 ) ) ;
#715 = B_SPLINE_CURVE_WITH_KNOTS ( 'NONE', 3,
 ( #6860, #2072, #3900, #6822, #3271, #1558, #933, #6231, #5626, #4591, #6268, #420, #855, #5739, #2109, #340, #4434, #3346 ),
 .UNSPECIFIED., .F., .F.,
 ( 4, 2, 2, 2, 2, 2, 2, 2, 4 ),
 ( 0.001706097789589832055, 0.002132400055176032587, 0.002558702320762233119, 0.002985004586348433651, 0.003411306851934634184, 0.003837609117520834716, 0.004263911383107035248, 0.004690213648693236648, 0.005116515914279437180 ),
 .UNSPECIFIED. ) ;
#716 = PRESENTATION_STYLE_ASSIGNMENT (( #6130 ) ) ;
#717 = ORIENTED_EDGE ( 'NONE', *, *, #6139, .F. ) ;
#718 = CARTESIAN_POINT ( 'NONE',  ( 1.216873555469097479, -4.822257274929796722, 2.597605392652957423 ) ) ;
#719 = ORIENTED_EDGE ( 'NONE', *, *, #7033, .T. ) ;
#720 = STYLED_ITEM ( 'NONE', ( #1702 ), #4944 ) ;
#721 = FACE_OUTER_BOUND ( 'NONE', #1757, .T. ) ;
#722 =( NAMED_UNIT ( * ) SI_UNIT ( $, .STERADIAN. ) SOLID_ANGLE_UNIT ( ) );
#723 = COLOUR_RGB ( '',1.000000000000000000, 1.000000000000000000, 1.000000000000000000 ) ;
#724 = AXIS2_PLACEMENT_3D ( 'NONE', #4115, #5918, #4770 ) ;
#725 = CARTESIAN_POINT ( 'NONE',  ( 0.3375000000000030753, 1.575657362522921101, -4.771575093816225355 ) ) ;
#726 = CIRCLE ( 'NONE', #5330, 1.190588089979062625 ) ;
#727 = EDGE_CURVE ( 'NONE', #5773, #230, #1815, .T. ) ;
#728 = CARTESIAN_POINT ( 'NONE',  ( 0.2291337308794289540, -5.195397486887809890, -1.727642638307713474 ) ) ;
#729 = ORIENTED_EDGE ( 'NONE', *, *, #2638, .F. ) ;
#730 = ORIENTED_EDGE ( 'NONE', *, *, #5952, .F. ) ;
#731 = DIRECTION ( 'NONE',  ( 0.000000000000000000, 0.000000000000000000, -1.000000000000000000 ) ) ;
#732 = CARTESIAN_POINT ( 'NONE',  ( -1.216873555470451507, 2.737500000000079314, 4.741489085720121288 ) ) ;
#733 = VERTEX_POINT ( 'NONE', #3306 ) ;
#734 = CARTESIAN_POINT ( 'NONE',  ( 0.9684278525401848192, -4.673716618225769892, -1.849049199763045603 ) ) ;
#735 = CARTESIAN_POINT ( 'NONE',  ( 0.6066795256490229438, -4.777195101010552669, 1.559643906801559954 ) ) ;
#737 = AXIS2_PLACEMENT_3D ( 'NONE', #4369, #4948, #1442 ) ;
#736 =( LENGTH_UNIT ( ) NAMED_UNIT ( * ) SI_UNIT ( .MILLI., .METRE. ) );
#738 = DIRECTION ( 'NONE',  ( 0.000000000000000000, -1.224646799147353947E-16, 1.000000000000000000 ) ) ;
#739 = MECHANICAL_DESIGN_GEOMETRIC_PRESENTATION_REPRESENTATION (  '', ( #2118 ), #4735 ) ;
#740 =( NAMED_UNIT ( * ) SI_UNIT ( $, .STERADIAN. ) SOLID_ANGLE_UNIT ( ) );
#741 = AXIS2_PLACEMENT_3D ( 'NONE', #2949, #5312, #1156 ) ;
#742 = EDGE_CURVE ( 'NONE', #450, #6480, #676, .T. ) ;
#743 = MANIFOLD_SOLID_BREP ( '切除-旋转1[4]', #837 ) ;
#744 = FACE_OUTER_BOUND ( 'NONE', #6251, .T. ) ;
#745 = CARTESIAN_POINT ( 'NONE',  ( 0.3375000000000029643, 5.025000000000001243, 0.000000000000000000 ) ) ;
#746 = AXIS2_PLACEMENT_3D ( 'NONE', #5908, #2436, #2749 ) ;
#747 = CIRCLE ( 'NONE', #7502, 0.1999999999999996503 ) ;
#748 =( NAMED_UNIT ( * ) SI_UNIT ( $, .STERADIAN. ) SOLID_ANGLE_UNIT ( ) );
#749 = SURFACE_STYLE_FILL_AREA ( #6162 ) ;
#750 = AXIS2_PLACEMENT_3D ( 'NONE', #6187, #2032, #338 ) ;
#751 = CIRCLE ( 'NONE', #2515, 5.475000000000002309 ) ;
#752 = B_SPLINE_CURVE_WITH_KNOTS ( 'NONE', 3,
 ( #850, #4921, #4990, #1478, #5539, #3857, #735, #1408, #6227, #300, #900, #3781, #3121, #2658, #2692, #2102, #6657, #1958 ),
 .UNSPECIFIED., .F., .F.,
 ( 4, 2, 2, 2, 2, 2, 2, 2, 4 ),
 ( 0.001883778963244841760, 0.002354457140183676203, 0.002825135317122509995, 0.003295813494061344655, 0.003766491671000178447, 0.004237169847939013106, 0.004707848024877846899, 0.005178526201816681558, 0.005649204378755515350 ),
 .UNSPECIFIED. ) ;
#753 = CYLINDRICAL_SURFACE ( 'NONE', #125, 5.025000000000000355 ) ;
#754 = CARTESIAN_POINT ( 'NONE',  ( 1.184200262958152949, -2.782020603964362238, 4.187119299164368869 ) ) ;
#755 = CARTESIAN_POINT ( 'NONE',  ( 0.2288940565161385610, 3.635584375318173578, -4.093829020219231118 ) ) ;
#756 = MANIFOLD_SOLID_BREP ( '切除-旋转1[9]', #7714 ) ;
#757 = AXIS2_PLACEMENT_3D ( 'NONE', #4942, #4252, #5355 ) ;
#758 = CARTESIAN_POINT ( 'NONE',  ( -0.9682255742437044788, 3.938032942102148048, -3.123217765420648107 ) ) ;
#759 = CARTESIAN_POINT ( 'NONE',  ( 0.3375000000000030753, 1.021228243303247574, -4.920133928571432946 ) ) ;
#760 = CARTESIAN_POINT ( 'NONE',  ( 2.951763000829056837E-15, -2.624999999999958256, 4.546633369868327001 ) ) ;
#761 = ORIENTED_EDGE ( 'NONE', *, *, #2972, .F. ) ;
#762 = CARTESIAN_POINT ( 'NONE',  ( 0.3237003905340522514, -3.711580936677722153, -4.025397093648568791 ) ) ;
#763 = VERTEX_POINT ( 'NONE', #7263 ) ;
#764 = CARTESIAN_POINT ( 'NONE',  ( -19.92709219242683361, 0.000000000000000000, 0.000000000000000000 ) ) ;
#765 = AXIS2_PLACEMENT_3D ( 'NONE', #1207, #1720, #4215 ) ;
#766 = PLANE ( 'NONE',  #2641 ) ;
#767 = DIRECTION ( 'NONE',  ( 1.000000000000000000, 0.000000000000000000, 0.000000000000000000 ) ) ;
#768 = EDGE_CURVE ( 'NONE', #4172, #2252, #7441, .T. ) ;
#769 = ORIENTED_EDGE ( 'NONE', *, *, #2596, .T. ) ;
#770 = ORIENTED_EDGE ( 'NONE', *, *, #5258, .F. ) ;
#771 = AXIS2_PLACEMENT_3D ( 'NONE', #7305, #1428, #247 ) ;
#772 = CYLINDRICAL_SURFACE ( 'NONE', #7616, 5.025000000000000355 ) ;
#773 = ORIENTED_EDGE ( 'NONE', *, *, #5425, .F. ) ;
#774 = CARTESIAN_POINT ( 'NONE',  ( -0.3374999999999970246, -4.920133928571429394, -1.021228243303264893 ) ) ;
#775 = CARTESIAN_POINT ( 'NONE',  ( -2.300000000000002043, 7.592810154713586877E-16, -6.199999999999997513 ) ) ;
#776 = DIRECTION ( 'NONE',  ( 0.000000000000000000, 0.000000000000000000, 1.000000000000000000 ) ) ;
#777 = APPLICATION_CONTEXT ( 'automotive_design' ) ;
#778 = CARTESIAN_POINT ( 'NONE',  ( 1.185729937395793243, -4.573808457111057102, 3.012996809067870707 ) ) ;
#779 = EDGE_LOOP ( 'NONE', ( #2756, #383 ) ) ;
#780 = FILL_AREA_STYLE ('',( #6118 ) ) ;
#781 = CARTESIAN_POINT ( 'NONE',  ( 0.1623272491987279853, 4.001999606619728311, -3.736258041268479602 ) ) ;
#782 = UNCERTAINTY_MEASURE_WITH_UNIT (LENGTH_MEASURE( 1.000000000000000082E-05 ), #7225, 'distance_accuracy_value', 'NONE');
#783 = EDGE_CURVE ( 'NONE', #3627, #7027, #6035, .T. ) ;
#784 = AXIS2_PLACEMENT_3D ( 'NONE', #5464, #3112, #3696 ) ;
#785 = DIRECTION ( 'NONE',  ( -1.000000000000000000, -0.000000000000000000, -0.000000000000000000 ) ) ;
#786 = EDGE_CURVE ( 'NONE', #230, #44, #5771, .T. ) ;
#787 = SURFACE_STYLE_USAGE ( .BOTH. , #4414 ) ;
#788 = AXIS2_PLACEMENT_3D ( 'NONE', #5656, #2729, #3862 ) ;
#789 = DIRECTION ( 'NONE',  ( 0.000000000000000000, 0.5000000000000071054, 0.8660254037844345998 ) ) ;
#790 = CARTESIAN_POINT ( 'NONE',  ( -0.3374999999999975242, 0.000000000000000000, 0.000000000000000000 ) ) ;
#791 = PRESENTATION_STYLE_ASSIGNMENT (( #3719 ) ) ;
#792 = CARTESIAN_POINT ( 'NONE',  ( 2.299999999999998046, 0.000000000000000000, 4.500000000000002665 ) ) ;
#793 = EDGE_CURVE ( 'NONE', #845, #5617, #943, .T. ) ;
#794 = SURFACE_STYLE_USAGE ( .BOTH. , #876 ) ;
#795 = COLOUR_RGB ( '',1.000000000000000000, 1.000000000000000000, 1.000000000000000000 ) ;
#796 =( LENGTH_UNIT ( ) NAMED_UNIT ( * ) SI_UNIT ( .MILLI., .METRE. ) );
#797 = DIRECTION ( 'NONE',  ( -1.000000000000000000, -0.000000000000000000, -0.000000000000000000 ) ) ;
#798 = ORIENTED_EDGE ( 'NONE', *, *, #3393, .F. ) ;
#799 = CARTESIAN_POINT ( 'NONE',  ( -0.3219498304303017311, -5.227196995772978028, 1.629749021142140819 ) ) ;
#800 = ORIENTED_EDGE ( 'NONE', *, *, #6440, .T. ) ;
#801 = CARTESIAN_POINT ( 'NONE',  ( -1.216873555470451507, -5.475000000000316724, -1.549021924767019913E-13 ) ) ;
#802 = PRESENTATION_LAYER_ASSIGNMENT (  '', '', ( #5037 ) ) ;
#803 = CARTESIAN_POINT ( 'NONE',  ( 2.951763000829056837E-15, 2.625000000000053291, 4.546633369868272823 ) ) ;
#804 = B_SPLINE_CURVE_WITH_KNOTS ( 'NONE', 3,
 ( #2607, #4320, #210, #1980, #4360, #6095, #1832, #762, #3179, #3035, #5455, #4208, #3650, #141, #4906, #6722, #3143, #68 ),
 .UNSPECIFIED., .F., .F.,
 ( 4, 2, 2, 2, 2, 2, 2, 2, 4 ),
 ( 0.005772523578963712799, 0.006253562060437046696, 0.006734600541910381460, 0.007215639023383715357, 0.007696677504857049254, 0.008177715986330384018, 0.008658754467803717048, 0.009139792949277051812, 0.009620831430750386576 ),
 .UNSPECIFIED. ) ;
#805 = CARTESIAN_POINT ( 'NONE',  ( 2.951763000829056837E-15, -2.624999999999958256, 4.546633369868327001 ) ) ;
#806 = FILL_AREA_STYLE ('',( #6138 ) ) ;
#807 = CIRCLE ( 'NONE', #5393, 1.073181601594058732 ) ;
#808 = DIRECTION ( 'NONE',  ( 0.000000000000000000, 0.000000000000000000, 1.000000000000000000 ) ) ;
#809 = CARTESIAN_POINT ( 'NONE',  ( -0.9768424931114940701, 3.367263331461730402, 4.318622634113459924 ) ) ;
#810 = EDGE_LOOP ( 'NONE', ( #7726, #5128 ) ) ;
#811 = ORIENTED_EDGE ( 'NONE', *, *, #3704, .T. ) ;
#812 = SPHERICAL_SURFACE ( 'NONE', #737, 1.124999999999995115 ) ;
#813 = CARTESIAN_POINT ( 'NONE',  ( -0.7413020568654421494, -0.9528082703364177952, -4.935075243021946001 ) ) ;
#814 = VERTEX_POINT ( 'NONE', #1738 ) ;
#815 = CARTESIAN_POINT ( 'NONE',  ( 1.059998554186546205, -4.624265706669814513, -1.971765687694750468 ) ) ;
#816 = AXIS2_PLACEMENT_3D ( 'NONE', #701, #3018, #2441 ) ;
#817 = FACE_OUTER_BOUND ( 'NONE', #565, .T. ) ;
#818 = ADVANCED_FACE ( 'NONE', ( #7721 ), #1696, .T. ) ;
#819 = CARTESIAN_POINT ( 'NONE',  ( -0.3374999999999969691, 5.183890602451917573, 1.761505952817275622 ) ) ;
#820 = DIRECTION ( 'NONE',  ( 0.000000000000000000, 0.5000000000000069944, 0.8660254037844345998 ) ) ;
#821 = MANIFOLD_SOLID_BREP ( '切除-旋转1[14]', #4214 ) ;
#822 = ORIENTED_EDGE ( 'NONE', *, *, #7467, .F. ) ;
#823 = SURFACE_STYLE_USAGE ( .BOTH. , #233 ) ;
#824 = CARTESIAN_POINT ( 'NONE',  ( 0.6813839886471212415, 5.402510711168588386, -0.8942362074440549646 ) ) ;
#825 = FILL_AREA_STYLE_COLOUR ( '', #5550 ) ;
#826 = DIRECTION ( 'NONE',  ( 0.000000000000000000, 0.000000000000000000, 1.000000000000000000 ) ) ;
#827 = SURFACE_STYLE_USAGE ( .BOTH. , #2082 ) ;
#828 = COLOUR_RGB ( '',0.5294117647058823595, 0.5490196078431373028, 0.5490196078431373028 ) ;
#829 = ADVANCED_FACE ( 'NONE', ( #5598 ), #3715, .T. ) ;
#830 = AXIS2_PLACEMENT_3D ( 'NONE', #4773, #4159, #6041 ) ;
#831 = CARTESIAN_POINT ( 'NONE',  ( 1.216873555469063062, 2.598251301820903247, -4.821884359097800221 ) ) ;
#832 = FILL_AREA_STYLE_COLOUR ( '', #4390 ) ;
#833 = AXIS2_PLACEMENT_3D ( 'NONE', #2407, #7719, #7688 ) ;
#834 = CARTESIAN_POINT ( 'NONE',  ( 2.299999999999997158, 0.000000000000000000, 0.000000000000000000 ) ) ;
#835 = ADVANCED_FACE ( 'NONE', ( #5882 ), #1454, .T. ) ;
#836 = ORIENTED_EDGE ( 'NONE', *, *, #3294, .F. ) ;
#837 = CLOSED_SHELL ( 'NONE', ( #7108, #2177, #7584, #2695 ) ) ;
#838 = CARTESIAN_POINT ( 'NONE',  ( -0.3374999999999969691, 4.117454205283274327, -3.608627975754092887 ) ) ;
#839 = ORIENTED_EDGE ( 'NONE', *, *, #3977, .T. ) ;
#840 = CARTESIAN_POINT ( 'NONE',  ( -2.300000000000002043, 0.000000000000000000, 0.000000000000000000 ) ) ;
#841 = SURFACE_STYLE_FILL_AREA ( #7344 ) ;
#842 = AXIS2_PLACEMENT_3D ( 'NONE', #1461, #2134, #3252 ) ;
#843 = CARTESIAN_POINT ( 'NONE',  ( -0.9692456468901291533, 0.7345362395624389640, -4.972233551599114953 ) ) ;
#844 = MANIFOLD_SOLID_BREP ( '切除-旋转1[11]', #1850 ) ;
#845 = VERTEX_POINT ( 'NONE', #7369 ) ;
#846 = VERTEX_POINT ( 'NONE', #2007 ) ;
#847 = FACE_OUTER_BOUND ( 'NONE', #4184, .T. ) ;
#848 = ORIENTED_EDGE ( 'NONE', *, *, #3555, .F. ) ;
#849 = AXIS2_PLACEMENT_3D ( 'NONE', #5536, #3662, #5503 ) ;
#850 = CARTESIAN_POINT ( 'NONE',  ( 1.216873555469096146, -4.351777654016784069, 2.512500000000035261 ) ) ;
#851 = PRESENTATION_LAYER_ASSIGNMENT (  '', '', ( #2981 ) ) ;
#852 = DIRECTION ( 'NONE',  ( 0.000000000000000000, 0.000000000000000000, -1.000000000000000000 ) ) ;
#853 = COLOUR_RGB ( '',1.000000000000000000, 1.000000000000000000, 1.000000000000000000 ) ;
#854 = CARTESIAN_POINT ( 'NONE',  ( 2.951763000829056837E-15, -2.624999999999958256, 4.546633369868327001 ) ) ;
#855 = CARTESIAN_POINT ( 'NONE',  ( -0.6730313470168730605, 4.951433001207263374, -0.8624120740555518694 ) ) ;
#856 = CIRCLE ( 'NONE', #354, 0.2000000000000005107 ) ;
#857 = CARTESIAN_POINT ( 'NONE',  ( 0.2283429028092245905, -4.093709127072117759, 3.635721173720807720 ) ) ;
#858 = EDGE_CURVE ( 'NONE', #5134, #4866, #7189, .T. ) ;
#859 = MANIFOLD_SOLID_BREP ( '切除-旋转1[5]', #6309 ) ;
#860 = ORIENTED_EDGE ( 'NONE', *, *, #3017, .T. ) ;
#861 = CYLINDRICAL_SURFACE ( 'NONE', #3491, 5.025000000000000355 ) ;
#862 =( NAMED_UNIT ( * ) SI_UNIT ( $, .STERADIAN. ) SOLID_ANGLE_UNIT ( ) );
#863 = UNCERTAINTY_MEASURE_WITH_UNIT (LENGTH_MEASURE( 1.000000000000000082E-05 ), #1806, 'distance_accuracy_value', 'NONE');
#864 = COLOUR_RGB ( '',0.6470588235294117974, 0.6196078431372549211, 0.5882352941176470784 ) ;
#865 =( LENGTH_UNIT ( ) NAMED_UNIT ( * ) SI_UNIT ( .MILLI., .METRE. ) );
#866 = PRESENTATION_LAYER_ASSIGNMENT (  '', '', ( #488 ) ) ;
#867 = CARTESIAN_POINT ( 'NONE',  ( -1.216873555469089929, 2.376468353196398819, -4.430315561917171685 ) ) ;
#868 = SURFACE_SIDE_STYLE ('',( #749 ) ) ;
#869 = UNCERTAINTY_MEASURE_WITH_UNIT (LENGTH_MEASURE( 1.000000000000000082E-05 ), #7011, 'distance_accuracy_value', 'NONE');
#870 = AXIS2_PLACEMENT_3D ( 'NONE', #4639, #47, #5943 ) ;
#871 = ADVANCED_FACE ( 'NONE', ( #6872 ), #2122, .T. ) ;
#872 = CIRCLE ( 'NONE', #3232, 1.073181601594058732 ) ;
#873 = DIRECTION ( 'NONE',  ( 0.000000000000000000, 0.4999999999999949485, -0.8660254037844415942 ) ) ;
#874 = CARTESIAN_POINT ( 'NONE',  ( 0.1604339755935524914, 3.465615128512632648, 3.638699879211130028 ) ) ;
#875 = CARTESIAN_POINT ( 'NONE',  ( 0.1145010564399760872, 3.649378680895837945, -4.081379699453861143 ) ) ;
#876 = SURFACE_SIDE_STYLE ('',( #3209 ) ) ;
#877 = ADVANCED_FACE ( 'NONE', ( #3317 ), #6957, .T. ) ;
#878 = SURFACE_STYLE_FILL_AREA ( #5157 ) ;
#879 = COLOUR_RGB ( '',0.5294117647058823595, 0.5490196078431373028, 0.5490196078431373028 ) ;
#880 = CARTESIAN_POINT ( 'NONE',  ( 1.216873555469130785, 4.661087872940406385, 2.876758985524090928 ) ) ;
#881 = AXIS2_PLACEMENT_3D ( 'NONE', #7293, #1927, #6075 ) ;
#882 = FACE_OUTER_BOUND ( 'NONE', #2228, .T. ) ;
#883 = EDGE_LOOP ( 'NONE', ( #4666, #1681, #7663, #5823 ) ) ;
#884 = CARTESIAN_POINT ( 'NONE',  ( -1.132455128894550578, 5.453748293285157089, 0.5280665967585673748 ) ) ;
#885 = MECHANICAL_DESIGN_GEOMETRIC_PRESENTATION_REPRESENTATION (  '', ( #5582 ), #3495 ) ;
#886 = B_SPLINE_CURVE_WITH_KNOTS ( 'NONE', 3,
 ( #7280, #1912, #4294, #1318, #2576, #3770 ),
 .UNSPECIFIED., .F., .F.,
 ( 4, 2, 4 ),
 ( 0.003069521843240042430, 0.003410565456215183637, 0.003751609069190324844 ),
 .UNSPECIFIED. ) ;
#887 = CARTESIAN_POINT ( 'NONE',  ( -0.2290589410534136228, -4.913162717639150578, -1.054814556310232909 ) ) ;
#888 = DIRECTION ( 'NONE',  ( 0.000000000000000000, -1.000000000000000000, 0.000000000000000000 ) ) ;
#889 = EDGE_CURVE ( 'NONE', #1990, #1357, #4037, .T. ) ;
#890 = MECHANICAL_DESIGN_GEOMETRIC_PRESENTATION_REPRESENTATION (  '', ( #254 ), #2521 ) ;
#891 = DIRECTION ( 'NONE',  ( -1.000000000000000000, -0.000000000000000000, -0.000000000000000000 ) ) ;
#892 = AXIS2_PLACEMENT_3D ( 'NONE', #7271, #5380, #1828 ) ;
#893 = ORIENTED_EDGE ( 'NONE', *, *, #5390, .F. ) ;
#894 = ORIENTED_EDGE ( 'NONE', *, *, #1270, .T. ) ;
#895 = SURFACE_SIDE_STYLE ('',( #5173 ) ) ;
#896 = FACE_OUTER_BOUND ( 'NONE', #1979, .T. ) ;
#897 = CARTESIAN_POINT ( 'NONE',  ( -0.3374999999999969691, -5.370133928571430459, -1.066436397168616601 ) ) ;
#898 = FILL_AREA_STYLE ('',( #3896 ) ) ;
#899 = COLOUR_RGB ( '',0.5294117647058823595, 0.5490196078431373028, 0.5490196078431373028 ) ;
#900 = CARTESIAN_POINT ( 'NONE',  ( -0.3164798858117123248, -4.812211386141409974, 1.447998357152529225 ) ) ;
#901 = SURFACE_STYLE_USAGE ( .BOTH. , #2070 ) ;
#902 = EDGE_CURVE ( 'NONE', #4879, #4056, #1297, .T. ) ;
#903 = FACE_OUTER_BOUND ( 'NONE', #3309, .T. ) ;
#904 = CARTESIAN_POINT ( 'NONE',  ( 0.1139339630336194120, 1.709969858110689023, -5.201117964857060905 ) ) ;
#905 = CARTESIAN_POINT ( 'NONE',  ( 2.951763000829056837E-15, -2.625000000000021760, -4.546633369868291474 ) ) ;
#906 = CARTESIAN_POINT ( 'NONE',  ( -0.7429409894823527649, 4.749811514361798714, -1.643745889321146736 ) ) ;
#907 = VERTEX_POINT ( 'NONE', #2463 ) ;
#908 =( LENGTH_UNIT ( ) NAMED_UNIT ( * ) SI_UNIT ( .MILLI., .METRE. ) );
#909 = SURFACE_STYLE_USAGE ( .BOTH. , #194 ) ;
#910 = CARTESIAN_POINT ( 'NONE',  ( 2.951763000829056837E-15, 5.250000000000000000, 0.000000000000000000 ) ) ;
#911 = DIRECTION ( 'NONE',  ( 0.000000000000000000, 0.4999999999999949485, -0.8660254037844415942 ) ) ;
#912 = PRESENTATION_LAYER_ASSIGNMENT (  '', '', ( #5266 ) ) ;
#913 = CARTESIAN_POINT ( 'NONE',  ( -1.186246345985051631, 2.455581101507888775, -4.895758463743399957 ) ) ;
#914 = EDGE_CURVE ( 'NONE', #3150, #1376, #663, .T. ) ;
#915 =( NAMED_UNIT ( * ) PLANE_ANGLE_UNIT ( ) SI_UNIT ( $, .RADIAN. ) );
#916 = DIRECTION ( 'NONE',  ( -1.000000000000000000, -0.000000000000000000, -0.000000000000000000 ) ) ;
#917 = ORIENTED_EDGE ( 'NONE', *, *, #4077, .F. ) ;
#918 = CARTESIAN_POINT ( 'NONE',  ( 1.216873555469096146, 2.512500000000050360, 4.351777654016775188 ) ) ;
#919 = ORIENTED_EDGE ( 'NONE', *, *, #239, .T. ) ;
#920 = PRESENTATION_STYLE_ASSIGNMENT (( #3259 ) ) ;
#921 = CARTESIAN_POINT ( 'NONE',  ( -0.3157423463111250772, -4.891443610021779520, 1.152329823262265851 ) ) ;
#922 = CARTESIAN_POINT ( 'NONE',  ( -0.1139799994183180454, -1.119676862645908377, -5.359286213971164337 ) ) ;
#923 = PRESENTATION_LAYER_ASSIGNMENT (  '', '', ( #2050 ) ) ;
#924 = ORIENTED_EDGE ( 'NONE', *, *, #7376, .F. ) ;
#925 = EDGE_LOOP ( 'NONE', ( #2932, #5870, #1916, #4752 ) ) ;
#926 = COLOUR_RGB ( '',0.5294117647058823595, 0.5490196078431373028, 0.5490196078431373028 ) ;
#927 =( LENGTH_UNIT ( ) NAMED_UNIT ( * ) SI_UNIT ( .MILLI., .METRE. ) );
#928 = FACE_BOUND ( 'NONE', #519, .T. ) ;
#929 = EDGE_CURVE ( 'NONE', #5470, #7361, #3155, .T. ) ;
#930 = SURFACE_STYLE_FILL_AREA ( #5215 ) ;
#931 =( GEOMETRIC_REPRESENTATION_CONTEXT ( 3 ) GLOBAL_UNCERTAINTY_ASSIGNED_CONTEXT ( ( #2671 ) ) GLOBAL_UNIT_ASSIGNED_CONTEXT ( ( #3342, #2268, #5735 ) ) REPRESENTATION_CONTEXT ( 'NONE', 'WORKASPACE' ) );
#932 = FILL_AREA_STYLE_COLOUR ( '', #6608 ) ;
#933 = CARTESIAN_POINT ( 'NONE',  ( 0.5495655932414775791, 4.936380650963019256, -0.9410651225896117245 ) ) ;
#934 = VERTEX_POINT ( 'NONE', #77 ) ;
#935 = SURFACE_SIDE_STYLE ('',( #2595 ) ) ;
#936 = CARTESIAN_POINT ( 'NONE',  ( 2.951763000829056837E-15, -5.250000000000000000, 0.000000000000000000 ) ) ;
#937 = SURFACE_STYLE_USAGE ( .BOTH. , #7564 ) ;
#938 = CARTESIAN_POINT ( 'NONE',  ( 0.2294076944467769441, -1.727728249028894991, -5.195368396035678238 ) ) ;
#939 =( GEOMETRIC_REPRESENTATION_CONTEXT ( 3 ) GLOBAL_UNCERTAINTY_ASSIGNED_CONTEXT ( ( #869 ) ) GLOBAL_UNIT_ASSIGNED_CONTEXT ( ( #7011, #472, #5232 ) ) REPRESENTATION_CONTEXT ( 'NONE', 'WORKASPACE' ) );
#940 = CARTESIAN_POINT ( 'NONE',  ( -0.7521123038540220573, -1.838905281601162178, -5.158260651985945522 ) ) ;
#941 = UNCERTAINTY_MEASURE_WITH_UNIT (LENGTH_MEASURE( 1.000000000000000082E-05 ), #5060, 'distance_accuracy_value', 'NONE');
#942 = SURFACE_SIDE_STYLE ('',( #4068 ) ) ;
#943 = CIRCLE ( 'NONE', #3561, 1.237499999999996492 ) ;
#944 =( NAMED_UNIT ( * ) PLANE_ANGLE_UNIT ( ) SI_UNIT ( $, .RADIAN. ) );
#945 = FILL_AREA_STYLE ('',( #570 ) ) ;
#946 = UNCERTAINTY_MEASURE_WITH_UNIT (LENGTH_MEASURE( 1.000000000000000082E-05 ), #544, 'distance_accuracy_value', 'NONE');
#947 = DIRECTION ( 'NONE',  ( 0.000000000000000000, 0.000000000000000000, 1.000000000000000000 ) ) ;
#948 = SURFACE_STYLE_FILL_AREA ( #1455 ) ;
#949 = CARTESIAN_POINT ( 'NONE',  ( 1.216873555469097257, -4.272263529700818907, -2.650222503234633376 ) ) ;
#950 = CARTESIAN_POINT ( 'NONE',  ( -0.5592077597134580413, 5.387357142006883315, 0.9774007585992858793 ) ) ;
#951 = VECTOR ( 'NONE', #6121, 1000.000000000000000 ) ;
#952 = DIRECTION ( 'NONE',  ( 1.000000000000000000, 0.000000000000000000, 0.000000000000000000 ) ) ;
#953 = DIRECTION ( 'NONE',  ( -1.000000000000000000, -0.000000000000000000, -0.000000000000000000 ) ) ;
#954 = CARTESIAN_POINT ( 'NONE',  ( -0.1160098896101753180, 3.383099418851998941, 3.715543477078809165 ) ) ;
#955 = EDGE_LOOP ( 'NONE', ( #974, #6192 ) ) ;
#956 = MECHANICAL_DESIGN_GEOMETRIC_PRESENTATION_REPRESENTATION (  '', ( #6940 ), #3572 ) ;
#957 = VERTEX_POINT ( 'NONE', #7315 ) ;
#958 = ADVANCED_FACE ( 'NONE', ( #4912 ), #7349, .F. ) ;
#959 = UNCERTAINTY_MEASURE_WITH_UNIT (LENGTH_MEASURE( 1.000000000000000082E-05 ), #5239, 'distance_accuracy_value', 'NONE');
#960 = CIRCLE ( 'NONE', #7092, 1.237499999999996714 ) ;
#961 = CARTESIAN_POINT ( 'NONE',  ( 0.3375000000000029643, 5.025000000000001243, 0.000000000000000000 ) ) ;
#962 = COLOUR_RGB ( '',0.6470588235294117974, 0.6196078431372549211, 0.5882352941176470784 ) ;
#963 = DIRECTION ( 'NONE',  ( -0.000000000000000000, 1.000000000000000000, 1.224646799147353207E-16 ) ) ;
#964 = SURFACE_SIDE_STYLE ('',( #2766 ) ) ;
#965 = ORIENTED_EDGE ( 'NONE', *, *, #6255, .F. ) ;
#966 = VERTEX_POINT ( 'NONE', #4295 ) ;
#967 = CARTESIAN_POINT ( 'NONE',  ( -0.6171494958828993571, -1.750416590129399319, 5.188032411269647426 ) ) ;
#968 = PLANE ( 'NONE',  #4843 ) ;
#969 = DIRECTION ( 'NONE',  ( 1.000000000000000000, 0.000000000000000000, 0.000000000000000000 ) ) ;
#970 = CARTESIAN_POINT ( 'NONE',  ( 0.7438253088451922679, -3.798856746762284242, 3.291099724477525079 ) ) ;
#971 = ADVANCED_FACE ( 'NONE', ( #7201 ), #2426, .T. ) ;
#972 = CARTESIAN_POINT ( 'NONE',  ( 2.951763000829056837E-15, -4.546633369868319008, -2.624999999999973799 ) ) ;
#973 = CARTESIAN_POINT ( 'NONE',  ( 0.3375000000000029088, 1.761505952817330911, -5.183890602451900698 ) ) ;
#974 = ORIENTED_EDGE ( 'NONE', *, *, #1533, .F. ) ;
#975 = DIRECTION ( 'NONE',  ( 0.000000000000000000, -0.8660254037844345998, 0.5000000000000071054 ) ) ;
#976 = SURFACE_STYLE_FILL_AREA ( #387 ) ;
#977 = FILL_AREA_STYLE ('',( #344 ) ) ;
#978 =( NAMED_UNIT ( * ) SI_UNIT ( $, .STERADIAN. ) SOLID_ANGLE_UNIT ( ) );
#979 = SURFACE_STYLE_USAGE ( .BOTH. , #467 ) ;
#980 =( LENGTH_UNIT ( ) NAMED_UNIT ( * ) SI_UNIT ( .MILLI., .METRE. ) );
#981 = CIRCLE ( 'NONE', #104, 1.237499999999997380 ) ;
#982 = CARTESIAN_POINT ( 'NONE',  ( 0.9684278525401855964, 1.849049199763063367, -4.673716618225763675 ) ) ;
#983 =( GEOMETRIC_REPRESENTATION_CONTEXT ( 3 ) GLOBAL_UNCERTAINTY_ASSIGNED_CONTEXT ( ( #5063 ) ) GLOBAL_UNIT_ASSIGNED_CONTEXT ( ( #2045, #6244, #5711 ) ) REPRESENTATION_CONTEXT ( 'NONE', 'WORKASPACE' ) );
#984 = FACE_OUTER_BOUND ( 'NONE', #2543, .T. ) ;
#985 = CIRCLE ( 'NONE', #1244, 5.475000000000002309 ) ;
#986 = CIRCLE ( 'NONE', #5555, 6.199999999999997513 ) ;
#987 = CARTESIAN_POINT ( 'NONE',  ( -0.9692456470055342832, -3.938812449548226624, -3.122243819140533727 ) ) ;
#988 = MECHANICAL_DESIGN_GEOMETRIC_PRESENTATION_REPRESENTATION (  '', ( #5 ), #7248 ) ;
#989 = SURFACE_SIDE_STYLE ('',( #1617 ) ) ;
#990 = FACE_OUTER_BOUND ( 'NONE', #6566, .T. ) ;
#991 = DIRECTION ( 'NONE',  ( 1.000000000000000000, 0.000000000000000000, 0.000000000000000000 ) ) ;
#992 = CARTESIAN_POINT ( 'NONE',  ( 1.216873555469097479, 4.272263529700837559, 2.650222503234604954 ) ) ;
#993 = AXIS2_PLACEMENT_3D ( 'NONE', #3705, #4266, #2970 ) ;
#994 = CARTESIAN_POINT ( 'NONE',  ( -1.237499999999993827, -2.625000000000021760, -4.546633369868291474 ) ) ;
#995 = ORIENTED_EDGE ( 'NONE', *, *, #5572, .F. ) ;
#996 = DIRECTION ( 'NONE',  ( 0.000000000000000000, -1.000000000000000000, 0.000000000000000000 ) ) ;
#997 = ORIENTED_EDGE ( 'NONE', *, *, #4138, .F. ) ;
#998 =( NAMED_UNIT ( * ) PLANE_ANGLE_UNIT ( ) SI_UNIT ( $, .RADIAN. ) );
#999 = FILL_AREA_STYLE ('',( #2174 ) ) ;
#1000 =( GEOMETRIC_REPRESENTATION_CONTEXT ( 3 ) GLOBAL_UNCERTAINTY_ASSIGNED_CONTEXT ( ( #6243 ) ) GLOBAL_UNIT_ASSIGNED_CONTEXT ( ( #3553, #543, #5951 ) ) REPRESENTATION_CONTEXT ( 'NONE', 'WORKASPACE' ) );
#1001 = PRESENTATION_STYLE_ASSIGNMENT (( #2838 ) ) ;
#1002 = AXIS2_PLACEMENT_3D ( 'NONE', #6225, #264, #6814 ) ;
#1003 = CARTESIAN_POINT ( 'NONE',  ( -19.92709219242683361, 0.000000000000000000, 0.000000000000000000 ) ) ;
#1004 = DIRECTION ( 'NONE',  ( 0.000000000000000000, -0.5000000000000008882, -0.8660254037844382635 ) ) ;
#1005 = CARTESIAN_POINT ( 'NONE',  ( -0.3374999999999970246, -4.771575093816209368, 1.575657362522971061 ) ) ;
#1006 = EDGE_LOOP ( 'NONE', ( #1391, #6384 ) ) ;
#1007 = ORIENTED_EDGE ( 'NONE', *, *, #7677, .T. ) ;
#1008 = SURFACE_STYLE_USAGE ( .BOTH. , #6342 ) ;
#1009 = DIRECTION ( 'NONE',  ( 0.000000000000000000, 0.000000000000000000, 1.000000000000000000 ) ) ;
#1010 = SURFACE_STYLE_FILL_AREA ( #1088 ) ;
#1011 =( NAMED_UNIT ( * ) PLANE_ANGLE_UNIT ( ) SI_UNIT ( $, .RADIAN. ) );
#1012 = AXIS2_PLACEMENT_3D ( 'NONE', #1079, #5166, #1626 ) ;
#1013 =( LENGTH_UNIT ( ) NAMED_UNIT ( * ) SI_UNIT ( .MILLI., .METRE. ) );
#1014 = EDGE_CURVE ( 'NONE', #3851, #2688, #7175, .T. ) ;
#1015 = SPHERICAL_SURFACE ( 'NONE', #7554, 1.124999999999995115 ) ;
#1016 = EDGE_LOOP ( 'NONE', ( #2338, #2942 ) ) ;
#1017 = ORIENTED_EDGE ( 'NONE', *, *, #4625, .T. ) ;
#1018 = CARTESIAN_POINT ( 'NONE',  ( -0.3374999999999969691, -1.761505952817294274, 5.183890602451911356 ) ) ;
#1019 = CIRCLE ( 'NONE', #3130, 1.190588089979062403 ) ;
#1020 = SURFACE_SIDE_STYLE ('',( #976 ) ) ;
#1021 = PRESENTATION_STYLE_ASSIGNMENT (( #937 ) ) ;
#1022 = CARTESIAN_POINT ( 'NONE',  ( -1.184325193566454715, 4.502740015386073935, -2.235402784040019242 ) ) ;
#1023 = CARTESIAN_POINT ( 'NONE',  ( -0.6178653494856263251, -1.750740808670927962, -5.187926071696287167 ) ) ;
#1024 = CARTESIAN_POINT ( 'NONE',  ( 1.216873555469096146, -2.512499999999960210, 4.351777654016827590 ) ) ;
#1025 = UNCERTAINTY_MEASURE_WITH_UNIT (LENGTH_MEASURE( 1.000000000000000082E-05 ), #5548, 'distance_accuracy_value', 'NONE');
#1026 = AXIS2_PLACEMENT_3D ( 'NONE', #2540, #4980, #6019 ) ;
#1027 = CARTESIAN_POINT ( 'NONE',  ( -3.499999999999999556, 0.000000000000000000, 5.999999999999997335 ) ) ;
#1028 =( NAMED_UNIT ( * ) PLANE_ANGLE_UNIT ( ) SI_UNIT ( $, .RADIAN. ) );
#1029 = ORIENTED_EDGE ( 'NONE', *, *, #3482, .F. ) ;
#1030 = UNCERTAINTY_MEASURE_WITH_UNIT (LENGTH_MEASURE( 1.000000000000000082E-05 ), #1033, 'distance_accuracy_value', 'NONE');
#1031 = DIRECTION ( 'NONE',  ( -1.000000000000000000, -0.000000000000000000, -0.000000000000000000 ) ) ;
#1032 = ADVANCED_FACE ( 'NONE', ( #7236 ), #1355, .F. ) ;
#1033 =( LENGTH_UNIT ( ) NAMED_UNIT ( * ) SI_UNIT ( .MILLI., .METRE. ) );
#1034 = SURFACE_STYLE_USAGE ( .BOTH. , #662 ) ;
#1035 = CARTESIAN_POINT ( 'NONE',  ( -1.184161683711920654, 4.187225725368504570, 2.781828220606354929 ) ) ;
#1036 = VERTEX_POINT ( 'NONE', #6103 ) ;
#1037 = DIRECTION ( 'NONE',  ( -1.000000000000000000, -0.000000000000000000, -0.000000000000000000 ) ) ;
#1038 = ORIENTED_EDGE ( 'NONE', *, *, #3449, .F. ) ;
#1039 = ADVANCED_FACE ( 'NONE', ( #3657 ), #1515, .T. ) ;
#1040 = DIRECTION ( 'NONE',  ( 0.000000000000000000, 3.491481338843135327E-15, 1.000000000000000000 ) ) ;
#1041 = CARTESIAN_POINT ( 'NONE',  ( 0.7521123038540286077, -5.158260651985967726, -1.838905281601109554 ) ) ;
#1042 = COLOUR_RGB ( '',0.5294117647058823595, 0.5490196078431373028, 0.5490196078431373028 ) ;
#1043 = CARTESIAN_POINT ( 'NONE',  ( 0.1138098578510972209, -1.526124201487628174, -4.787647639671307687 ) ) ;
#1044 = CARTESIAN_POINT ( 'NONE',  ( 1.216873555470457724, 5.475000000000316724, -1.549021926834971445E-13 ) ) ;
#1045 = CARTESIAN_POINT ( 'NONE',  ( 1.184161683711926649, -2.781828220606427760, -4.187225725368455720 ) ) ;
#1046 = ORIENTED_EDGE ( 'NONE', *, *, #629, .F. ) ;
#1047 = ORIENTED_EDGE ( 'NONE', *, *, #293, .T. ) ;
#1048 = FILL_AREA_STYLE_COLOUR ( '', #4114 ) ;
#1049 = CARTESIAN_POINT ( 'NONE',  ( 0.6074448382787753786, -1.037406367804072804, -4.917099317205724240 ) ) ;
#1050 = CARTESIAN_POINT ( 'NONE',  ( -2.300000000000001599, 0.000000000000000000, 0.000000000000000000 ) ) ;
#1051 = SURFACE_STYLE_USAGE ( .BOTH. , #6389 ) ;
#1052 = DIRECTION ( 'NONE',  ( -0.000000000000000000, -0.8660254037844328234, 0.5000000000000101030 ) ) ;
#1053 = CARTESIAN_POINT ( 'NONE',  ( 1.185664645333979639, -3.013064982713939521, 4.573754011965780464 ) ) ;
#1054 = COLOUR_RGB ( '',0.5294117647058823595, 0.5490196078431373028, 0.5490196078431373028 ) ;
#1055 =( GEOMETRIC_REPRESENTATION_CONTEXT ( 3 ) GLOBAL_UNCERTAINTY_ASSIGNED_CONTEXT ( ( #5664 ) ) GLOBAL_UNIT_ASSIGNED_CONTEXT ( ( #1529, #3905, #5071 ) ) REPRESENTATION_CONTEXT ( 'NONE', 'WORKASPACE' ) );
#1056 = ORIENTED_EDGE ( 'NONE', *, *, #6097, .F. ) ;
#1057 = ORIENTED_EDGE ( 'NONE', *, *, #5583, .T. ) ;
#1058 = CARTESIAN_POINT ( 'NONE',  ( -0.1138098578508688341, -4.787647639671324562, -1.526124201487575105 ) ) ;
#1059 = CARTESIAN_POINT ( 'NONE',  ( 1.128404230769403771, 5.002835524281853630, -0.5142680627172733221 ) ) ;
#1060 = SURFACE_SIDE_STYLE ('',( #2159 ) ) ;
#1061 = EDGE_CURVE ( 'NONE', #7495, #5261, #658, .T. ) ;
#1062 =( GEOMETRIC_REPRESENTATION_CONTEXT ( 3 ) GLOBAL_UNCERTAINTY_ASSIGNED_CONTEXT ( ( #1183 ) ) GLOBAL_UNIT_ASSIGNED_CONTEXT ( ( #2021, #6726, #6136 ) ) REPRESENTATION_CONTEXT ( 'NONE', 'WORKASPACE' ) );
#1063 = AXIS2_PLACEMENT_3D ( 'NONE', #6383, #524, #5807 ) ;
#1064 = CARTESIAN_POINT ( 'NONE',  ( -1.216873555469091484, 2.650222503234707983, 4.272263529700773610 ) ) ;
#1065 = FILL_AREA_STYLE ('',( #3943 ) ) ;
#1066 = CARTESIAN_POINT ( 'NONE',  ( 2.951763000829056837E-15, -4.546633369868282593, 2.625000000000037303 ) ) ;
#1067 = VERTEX_POINT ( 'NONE', #1438 ) ;
#1068 = SURFACE_STYLE_USAGE ( .BOTH. , #4034 ) ;
#1069 = CARTESIAN_POINT ( 'NONE',  ( 2.299999999999997602, 0.000000000000000000, 0.000000000000000000 ) ) ;
#1070 = PRESENTATION_LAYER_ASSIGNMENT (  '', '', ( #2451 ) ) ;
#1071 = DIRECTION ( 'NONE',  ( -0.000000000000000000, -1.000000000000000000, 1.047444401652940007E-14 ) ) ;
#1072 = EDGE_CURVE ( 'NONE', #5067, #2181, #4920, .T. ) ;
#1073 = FILL_AREA_STYLE_COLOUR ( '', #5007 ) ;
#1074 = SURFACE_SIDE_STYLE ('',( #1661 ) ) ;
#1075 = FILL_AREA_STYLE_COLOUR ( '', #102 ) ;
#1076 = ORIENTED_EDGE ( 'NONE', *, *, #1114, .T. ) ;
#1077 = DIRECTION ( 'NONE',  ( 0.000000000000000000, 8.082152514542375808E-16, -1.000000000000000000 ) ) ;
#1078 = AXIS2_PLACEMENT_3D ( 'NONE', #2592, #6788, #3755 ) ;
#1079 = CARTESIAN_POINT ( 'NONE',  ( 2.299999999999997158, 0.000000000000000000, 0.000000000000000000 ) ) ;
#1080 = AXIS2_PLACEMENT_3D ( 'NONE', #6849, #5614, #808 ) ;
#1081 =( NAMED_UNIT ( * ) SI_UNIT ( $, .STERADIAN. ) SOLID_ANGLE_UNIT ( ) );
#1082 = ADVANCED_FACE ( 'NONE', ( #7458 ), #1330, .F. ) ;
#1083 = ORIENTED_EDGE ( 'NONE', *, *, #4845, .F. ) ;
#1084 = ORIENTED_EDGE ( 'NONE', *, *, #4709, .F. ) ;
#1085 = FILL_AREA_STYLE ('',( #1048 ) ) ;
#1086 = FILL_AREA_STYLE_COLOUR ( '', #3096 ) ;
#1087 = ORIENTED_EDGE ( 'NONE', *, *, #1998, .F. ) ;
#1088 = FILL_AREA_STYLE ('',( #3973 ) ) ;
#1089 = PRESENTATION_LAYER_ASSIGNMENT (  '', '', ( #4819 ) ) ;
#1090 = FACE_OUTER_BOUND ( 'NONE', #810, .T. ) ;
#1091 = B_SPLINE_CURVE_WITH_KNOTS ( 'NONE', 3,
 ( #7681, #624, #6519, #7209, #583, #3016 ),
 .UNSPECIFIED., .F., .F.,
 ( 4, 2, 4 ),
 ( 0.006630243725185744862, 0.006971267376530446321, 0.007312291027875147779 ),
 .UNSPECIFIED. ) ;
#1092 = SPHERICAL_SURFACE ( 'NONE', #2269, 1.124999999999995115 ) ;
#1093 = VERTEX_POINT ( 'NONE', #6257 ) ;
#1094 = ORIENTED_EDGE ( 'NONE', *, *, #4486, .F. ) ;
#1095 = FILL_AREA_STYLE ('',( #1215 ) ) ;
#1096 = PRESENTATION_LAYER_ASSIGNMENT (  '', '', ( #7602 ) ) ;
#1097 =( LENGTH_UNIT ( ) NAMED_UNIT ( * ) SI_UNIT ( .MILLI., .METRE. ) );
#1098 = CLOSED_SHELL ( 'NONE', ( #7738, #6919, #4268, #5013 ) ) ;
#1099 = PRESENTATION_STYLE_ASSIGNMENT (( #979 ) ) ;
#1100 = CARTESIAN_POINT ( 'NONE',  ( -1.124999999999992006, 2.625000000000053291, 4.546633369868272823 ) ) ;
#1101 = B_SPLINE_CURVE_WITH_KNOTS ( 'NONE', 3,
 ( #1485, #6908, #423, #309, #343, #4556, #1527, #6271, #3864, #3903, #5069, #1600, #2814, #3983, #6233, #7471, #5183, #1562 ),
 .UNSPECIFIED., .F., .F.,
 ( 4, 2, 2, 2, 2, 2, 2, 2, 4 ),
 ( 0.001883778965698460449, 0.002354457143249124706, 0.002825135320799788963, 0.003295813498350453220, 0.003766491675901117910, 0.004237169853451782167, 0.004707848031002445990, 0.005178526208553109814, 0.005649204386103774504 ),
 .UNSPECIFIED. ) ;
#1102 = AXIS2_PLACEMENT_3D ( 'NONE', #5834, #4600, #469 ) ;
#1103 = SPHERICAL_SURFACE ( 'NONE', #7589, 1.124999999999995115 ) ;
#1104 = CARTESIAN_POINT ( 'NONE',  ( -1.216873555469090151, -0.1570542639227358872, 5.025000000000002132 ) ) ;
#1105 = ORIENTED_EDGE ( 'NONE', *, *, #6595, .T. ) ;
#1106 = UNCERTAINTY_MEASURE_WITH_UNIT (LENGTH_MEASURE( 1.000000000000000082E-05 ), #1974, 'distance_accuracy_value', 'NONE');
#1107 = CIRCLE ( 'NONE', #236, 4.500000000000002665 ) ;
#1108 = PLANE ( 'NONE',  #5169 ) ;
#1109 = AXIS2_PLACEMENT_3D ( 'NONE', #4061, #4720, #7127 ) ;
#1110 =( NAMED_UNIT ( * ) PLANE_ANGLE_UNIT ( ) SI_UNIT ( $, .RADIAN. ) );
#1111 = CARTESIAN_POINT ( 'NONE',  ( -1.237499999999993827, 5.250000000000000000, 0.000000000000000000 ) ) ;
#1112 =( GEOMETRIC_REPRESENTATION_CONTEXT ( 3 ) GLOBAL_UNCERTAINTY_ASSIGNED_CONTEXT ( ( #4152 ) ) GLOBAL_UNIT_ASSIGNED_CONTEXT ( ( #7090, #3948, #1732 ) ) REPRESENTATION_CONTEXT ( 'NONE', 'WORKASPACE' ) );
#1113 = CARTESIAN_POINT ( 'NONE',  ( 0.3375000000000030753, -3.750346850512976449, -3.344476566048475874 ) ) ;
#1114 = EDGE_CURVE ( 'NONE', #2625, #6155, #2129, .T. ) ;
#1115 = PRESENTATION_LAYER_ASSIGNMENT (  '', '', ( #6591 ) ) ;
#1116 = CARTESIAN_POINT ( 'NONE',  ( 2.951763000829056837E-15, -5.250000000000000000, 0.000000000000000000 ) ) ;
#1117 = MECHANICAL_DESIGN_GEOMETRIC_PRESENTATION_REPRESENTATION (  '', ( #2860 ), #3 ) ;
#1118 =( NAMED_UNIT ( * ) PLANE_ANGLE_UNIT ( ) SI_UNIT ( $, .RADIAN. ) );
#1119 = ORIENTED_EDGE ( 'NONE', *, *, #2747, .F. ) ;
#1120 =( GEOMETRIC_REPRESENTATION_CONTEXT ( 3 ) GLOBAL_UNCERTAINTY_ASSIGNED_CONTEXT ( ( #1287 ) ) GLOBAL_UNIT_ASSIGNED_CONTEXT ( ( #2802, #5098, #5578 ) ) REPRESENTATION_CONTEXT ( 'NONE', 'WORKASPACE' ) );
#1121 = UNCERTAINTY_MEASURE_WITH_UNIT (LENGTH_MEASURE( 1.000000000000000082E-05 ), #3659, 'distance_accuracy_value', 'NONE');
#1122 = EDGE_CURVE ( 'NONE', #4319, #5201, #3928, .T. ) ;
#1123 = CARTESIAN_POINT ( 'NONE',  ( -0.1630295018219696801, -5.333984106152898974, 1.234600566027770130 ) ) ;
#1124 =( LENGTH_UNIT ( ) NAMED_UNIT ( * ) SI_UNIT ( .MILLI., .METRE. ) );
#1125 = DIRECTION ( 'NONE',  ( 0.000000000000000000, -0.4999999999999917843, 0.8660254037844434816 ) ) ;
#1126 = PRESENTATION_LAYER_ASSIGNMENT (  '', '', ( #4234 ) ) ;
#1127 =( NAMED_UNIT ( * ) PLANE_ANGLE_UNIT ( ) SI_UNIT ( $, .RADIAN. ) );
#1128 = DIRECTION ( 'NONE',  ( -1.000000000000000000, -0.000000000000000000, -0.000000000000000000 ) ) ;
#1129 = VERTEX_POINT ( 'NONE', #2765 ) ;
#1130 = ORIENTED_EDGE ( 'NONE', *, *, #5268, .F. ) ;
#1131 = CARTESIAN_POINT ( 'NONE',  ( -0.1604339755935482725, 3.465615128512582466, -3.638699879211178434 ) ) ;
#1132 = CARTESIAN_POINT ( 'NONE',  ( -0.6171494958829005784, 1.078110971377036931, 5.368176158881249549 ) ) ;
#1133 = ORIENTED_EDGE ( 'NONE', *, *, #6290, .T. ) ;
#1134 =( GEOMETRIC_REPRESENTATION_CONTEXT ( 3 ) GLOBAL_UNCERTAINTY_ASSIGNED_CONTEXT ( ( #3993 ) ) GLOBAL_UNIT_ASSIGNED_CONTEXT ( ( #3609, #3098, #4745 ) ) REPRESENTATION_CONTEXT ( 'NONE', 'WORKASPACE' ) );
#1135 = ADVANCED_FACE ( 'NONE', ( #7549 ), #6808, .T. ) ;
#1136 = FILL_AREA_STYLE ('',( #2423 ) ) ;
#1137 = CARTESIAN_POINT ( 'NONE',  ( 0.1142805835485810884, 1.072251967908881332, 4.909266821554431282 ) ) ;
#1138 = CARTESIAN_POINT ( 'NONE',  ( 1.184325193566460488, -2.235402784039971280, 4.502740015386096140 ) ) ;
#1139 = EDGE_LOOP ( 'NONE', ( #5577, #3114 ) ) ;
#1140 = EDGE_LOOP ( 'NONE', ( #4940, #79, #5776, #644 ) ) ;
#1141 = SPHERICAL_SURFACE ( 'NONE', #6557, 1.237499999999996936 ) ;
#1142 = SPHERICAL_SURFACE ( 'NONE', #2627, 1.124999999999995115 ) ;
#1143 = STYLED_ITEM ( 'NONE', ( #4827 ), #7161 ) ;
#1144 = FILL_AREA_STYLE ('',( #3470 ) ) ;
#1145 = EDGE_CURVE ( 'NONE', #5212, #6927, #5628, .T. ) ;
#1146 = FILL_AREA_STYLE ('',( #5300 ) ) ;
#1147 = AXIS2_PLACEMENT_3D ( 'NONE', #1673, #4751, #1714 ) ;
#1148 = CARTESIAN_POINT ( 'NONE',  ( 1.216873555470457724, 4.741489085720187902, 2.737499999999962963 ) ) ;
#1149 = B_SPLINE_CURVE_WITH_KNOTS ( 'NONE', 3,
 ( #6640, #2532, #3686, #6047, #1789, #4203, #4818, #7223, #6880, #4496, #7448, #950, #1426, #5521, #203, #1500, #3877, #2015 ),
 .UNSPECIFIED., .F., .F.,
 ( 4, 2, 2, 2, 2, 2, 2, 2, 4 ),
 ( 0.003484717307232106966, 0.003920204126680326868, 0.004355690946128547639, 0.004791177765576767542, 0.005226664585024987444, 0.005662151404473207347, 0.006097638223921427250, 0.006533125043369647153, 0.006968611862817867056 ),
 .UNSPECIFIED. ) ;
#1150 = ORIENTED_EDGE ( 'NONE', *, *, #392, .T. ) ;
#1151 = CARTESIAN_POINT ( 'NONE',  ( -0.3374999999999969691, 5.025000000000001243, 0.000000000000000000 ) ) ;
#1152 = SURFACE_STYLE_FILL_AREA ( #6408 ) ;
#1153 = SURFACE_STYLE_USAGE ( .BOTH. , #3361 ) ;
#1154 = STYLED_ITEM ( 'NONE', ( #1668 ), #3181 ) ;
#1155 = DIRECTION ( 'NONE',  ( 0.000000000000000000, 0.000000000000000000, 1.000000000000000000 ) ) ;
#1156 = DIRECTION ( 'NONE',  ( 0.000000000000000000, 1.035197933661467123E-14, 1.000000000000000000 ) ) ;
#1157 = ORIENTED_EDGE ( 'NONE', *, *, #545, .F. ) ;
#1158 = ADVANCED_FACE ( 'NONE', ( #5890 ), #489, .F. ) ;
#1159 = DIRECTION ( 'NONE',  ( 0.000000000000000000, 0.000000000000000000, 1.000000000000000000 ) ) ;
#1160 = DIRECTION ( 'NONE',  ( -1.000000000000000000, -0.000000000000000000, -0.000000000000000000 ) ) ;
#1161 = SURFACE_STYLE_USAGE ( .BOTH. , #4623 ) ;
#1162 = FILL_AREA_STYLE_COLOUR ( '', #7546 ) ;
#1163 = VERTEX_POINT ( 'NONE', #4086 ) ;
#1164 =( NAMED_UNIT ( * ) PLANE_ANGLE_UNIT ( ) SI_UNIT ( $, .RADIAN. ) );
#1165 = EDGE_LOOP ( 'NONE', ( #893, #2811, #1577, #6468, #493, #416 ) ) ;
#1166 = CARTESIAN_POINT ( 'NONE',  ( -19.92709219242683361, 0.000000000000000000, 0.000000000000000000 ) ) ;
#1167 = PRESENTATION_LAYER_ASSIGNMENT (  '', '', ( #7034 ) ) ;
#1168 =( LENGTH_UNIT ( ) NAMED_UNIT ( * ) SI_UNIT ( .MILLI., .METRE. ) );
#1169 = CARTESIAN_POINT ( 'NONE',  ( 2.951763000829056837E-15, 6.429395695523604153E-16, -5.250000000000000000 ) ) ;
#1170 = CARTESIAN_POINT ( 'NONE',  ( -19.92709219242683361, 0.000000000000000000, 0.000000000000000000 ) ) ;
#1171 = PRESENTATION_LAYER_ASSIGNMENT (  '', '', ( #6135 ) ) ;
#1172 = ADVANCED_FACE ( 'NONE', ( #5315 ), #5715, .F. ) ;
#1173 = ORIENTED_EDGE ( 'NONE', *, *, #7082, .F. ) ;
#1174 = ORIENTED_EDGE ( 'NONE', *, *, #2659, .T. ) ;
#1175 = SURFACE_STYLE_USAGE ( .BOTH. , #575 ) ;
#1176 = DIRECTION ( 'NONE',  ( 0.000000000000000000, 1.224646799147353207E-16, -1.000000000000000000 ) ) ;
#1177 = CARTESIAN_POINT ( 'NONE',  ( 3.103313042223541504E-15, 0.000000000000000000, 0.000000000000000000 ) ) ;
#1178 = FACE_OUTER_BOUND ( 'NONE', #6998, .T. ) ;
#1179 = CARTESIAN_POINT ( 'NONE',  ( 0.1145010564392400787, 4.081379699453863807, 3.649378680895834393 ) ) ;
#1180 = DIRECTION ( 'NONE',  ( 1.000000000000000000, 0.000000000000000000, 0.000000000000000000 ) ) ;
#1181 = CARTESIAN_POINT ( 'NONE',  ( 1.216873555469096146, 5.266163771082431227E-14, 5.025000000000000355 ) ) ;
#1182 = EDGE_LOOP ( 'NONE', ( #1671, #7633, #6610, #3507 ) ) ;
#1183 = UNCERTAINTY_MEASURE_WITH_UNIT (LENGTH_MEASURE( 1.000000000000000082E-05 ), #2021, 'distance_accuracy_value', 'NONE');
#1184 = FILL_AREA_STYLE ('',( #4192 ) ) ;
#1185 =( GEOMETRIC_REPRESENTATION_CONTEXT ( 3 ) GLOBAL_UNCERTAINTY_ASSIGNED_CONTEXT ( ( #240 ) ) GLOBAL_UNIT_ASSIGNED_CONTEXT ( ( #6475, #2854, #2233 ) ) REPRESENTATION_CONTEXT ( 'NONE', 'WORKASPACE' ) );
#1186 = MECHANICAL_DESIGN_GEOMETRIC_PRESENTATION_REPRESENTATION (  '', ( #4533 ), #6528 ) ;
#1187 = FACE_BOUND ( 'NONE', #1680, .T. ) ;
#1188 = AXIS2_PLACEMENT_3D ( 'NONE', #1867, #1717, #7071 ) ;
#1189 = CARTESIAN_POINT ( 'NONE',  ( -0.2284057895222785795, -3.727378938405009112, -3.370231758269517375 ) ) ;
#1190 =( NAMED_UNIT ( * ) PLANE_ANGLE_UNIT ( ) SI_UNIT ( $, .RADIAN. ) );
#1191 = CARTESIAN_POINT ( 'NONE',  ( 2.499999999999997780, 3.918869757271533418E-16, -3.200000000000002398 ) ) ;
#1192 = CARTESIAN_POINT ( 'NONE',  ( 0.3222421747442775763, -5.341792017825585326, -1.202038509233150254 ) ) ;
#1193 = ORIENTED_EDGE ( 'NONE', *, *, #2747, .T. ) ;
#1194 = DIRECTION ( 'NONE',  ( 0.000000000000000000, 0.000000000000000000, 1.000000000000000000 ) ) ;
#1195 = CARTESIAN_POINT ( 'NONE',  ( -0.2282113725549037853, -3.370277656634115271, -3.727338007256180141 ) ) ;
#1196 = DIRECTION ( 'NONE',  ( 0.000000000000000000, 0.000000000000000000, 1.000000000000000000 ) ) ;
#1197 = CARTESIAN_POINT ( 'NONE',  ( -0.1139339630336131670, 1.709969858110761409, 5.201117964857037812 ) ) ;
#1198 = PRESENTATION_LAYER_ASSIGNMENT (  '', '', ( #3432 ) ) ;
#1200 = EDGE_CURVE ( 'NONE', #218, #1942, #3793, .T. ) ;
#1199 = CARTESIAN_POINT ( 'NONE',  ( -0.3157423466804613610, -3.443668705420122045, -3.659949515897110928 ) ) ;
#1201 = ORIENTED_EDGE ( 'NONE', *, *, #3977, .F. ) ;
#1202 = CARTESIAN_POINT ( 'NONE',  ( -1.184161683711921542, 2.781828220606396673, -4.187225725368476148 ) ) ;
#1203 = DIRECTION ( 'NONE',  ( 0.000000000000000000, -1.224646799147353454E-16, 1.000000000000000000 ) ) ;
#1204 = ORIENTED_EDGE ( 'NONE', *, *, #5667, .F. ) ;
#1205 = CARTESIAN_POINT ( 'NONE',  ( -0.3374999999999970246, 1.021228243303247574, -4.920133928571432946 ) ) ;
#1206 = CARTESIAN_POINT ( 'NONE',  ( 2.499999999999998668, 5.388445916248356971E-16, -4.300000000000001599 ) ) ;
#1207 = CARTESIAN_POINT ( 'NONE',  ( -2.500000000000001332, 0.000000000000000000, 0.000000000000000000 ) ) ;
#1208 = UNCERTAINTY_MEASURE_WITH_UNIT (LENGTH_MEASURE( 1.000000000000000082E-05 ), #618, 'distance_accuracy_value', 'NONE');
#1209 = SURFACE_SIDE_STYLE ('',( #3395 ) ) ;
#1210 = SURFACE_SIDE_STYLE ('',( #9 ) ) ;
#1212 = EDGE_CURVE ( 'NONE', #4088, #4144, #7725, .T. ) ;
#1211 = DIRECTION ( 'NONE',  ( -1.000000000000000000, -0.000000000000000000, -0.000000000000000000 ) ) ;
#1213 = VERTEX_POINT ( 'NONE', #6531 ) ;
#1214 = ORIENTED_EDGE ( 'NONE', *, *, #347, .F. ) ;
#1215 = FILL_AREA_STYLE_COLOUR ( '', #3821 ) ;
#1216 = SPHERICAL_SURFACE ( 'NONE', #6093, 1.124999999999995115 ) ;
#1217 = STYLED_ITEM ( 'NONE', ( #1821 ), #4227 ) ;
#1218 = CARTESIAN_POINT ( 'NONE',  ( 2.951763000829056837E-15, -2.625000000000021760, -4.546633369868291474 ) ) ;
#1219 = FILL_AREA_STYLE ('',( #4764 ) ) ;
#1220 = EDGE_CURVE ( 'NONE', #1067, #4564, #6576, .T. ) ;
#1221 = SURFACE_SIDE_STYLE ('',( #2971 ) ) ;
#1222 = AXIS2_PLACEMENT_3D ( 'NONE', #5597, #5668, #826 ) ;
#1223 = DIRECTION ( 'NONE',  ( 0.000000000000000000, 0.000000000000000000, 1.000000000000000000 ) ) ;
#1224 = CIRCLE ( 'NONE', #3452, 1.073181601594058732 ) ;
#1225 = CARTESIAN_POINT ( 'NONE',  ( -0.3374999999999969691, 4.546633369868299468, -2.625000000000005329 ) ) ;
#1226 = MECHANICAL_DESIGN_GEOMETRIC_PRESENTATION_REPRESENTATION (  '', ( #97 ), #5928 ) ;
#1227 = EDGE_CURVE ( 'NONE', #450, #4866, #4613, .T. ) ;
#1228 = SURFACE_STYLE_FILL_AREA ( #7180 ) ;
#1229 = UNCERTAINTY_MEASURE_WITH_UNIT (LENGTH_MEASURE( 1.000000000000000082E-05 ), #1501, 'distance_accuracy_value', 'NONE');
#1230 = SURFACE_STYLE_FILL_AREA ( #4742 ) ;
#1231 = EDGE_LOOP ( 'NONE', ( #4479, #6064, #2350, #7699 ) ) ;
#1232 =( GEOMETRIC_REPRESENTATION_CONTEXT ( 3 ) GLOBAL_UNCERTAINTY_ASSIGNED_CONTEXT ( ( #316 ) ) GLOBAL_UNIT_ASSIGNED_CONTEXT ( ( #2480, #1892, #6037 ) ) REPRESENTATION_CONTEXT ( 'NONE', 'WORKASPACE' ) );
#1233 = CIRCLE ( 'NONE', #1988, 4.300000000000001599 ) ;
#1234 = EDGE_CURVE ( 'NONE', #2923, #6024, #6521, .T. ) ;
#1235 = CARTESIAN_POINT ( 'NONE',  ( 0.9692456470055407225, 3.938812449548204864, -3.122243819140560817 ) ) ;
#1236 =( GEOMETRIC_REPRESENTATION_CONTEXT ( 3 ) GLOBAL_UNCERTAINTY_ASSIGNED_CONTEXT ( ( #6794 ) ) GLOBAL_UNIT_ASSIGNED_CONTEXT ( ( #927, #7593, #5174 ) ) REPRESENTATION_CONTEXT ( 'NONE', 'WORKASPACE' ) );
#1237 = AXIS2_PLACEMENT_3D ( 'NONE', #7692, #6526, #4082 ) ;
#1238 = DIRECTION ( 'NONE',  ( 0.000000000000000000, 0.000000000000000000, 1.000000000000000000 ) ) ;
#1239 = ORIENTED_EDGE ( 'NONE', *, *, #3819, .F. ) ;
#1240 = AXIS2_PLACEMENT_3D ( 'NONE', #6297, #375, #2769 ) ;
#1241 = CARTESIAN_POINT ( 'NONE',  ( -1.216873555469091039, -0.1615483123235947616, 5.475000000000004974 ) ) ;
#1242 = CARTESIAN_POINT ( 'NONE',  ( 0.3375000000000029643, 5.499083108677935350E-14, 5.250000000000000000 ) ) ;
#1243 = ORIENTED_EDGE ( 'NONE', *, *, #1436, .F. ) ;
#1244 = AXIS2_PLACEMENT_3D ( 'NONE', #207, #5788, #947 ) ;
#1245 = FILL_AREA_STYLE_COLOUR ( '', #5115 ) ;
#1246 = TOROIDAL_SURFACE ( 'NONE', #2741, 5.250000000000000000, 1.237499999999997158 ) ;
#1247 = CARTESIAN_POINT ( 'NONE',  ( -1.102270384252421964, 5.475000000000000533, -3.381342772470618983E-10 ) ) ;
#1248 = SURFACE_STYLE_FILL_AREA ( #688 ) ;
#1249 = AXIS2_PLACEMENT_3D ( 'NONE', #3902, #2229, #1646 ) ;
#1250 = CARTESIAN_POINT ( 'NONE',  ( -0.3374999999999969691, 5.025000000000001243, 0.000000000000000000 ) ) ;
#1251 = EDGE_LOOP ( 'NONE', ( #7540, #5277, #5219, #1349 ) ) ;
#1252 = ORIENTED_EDGE ( 'NONE', *, *, #2409, .F. ) ;
#1253 = DIRECTION ( 'NONE',  ( -1.000000000000000000, 0.000000000000000000, -0.000000000000000000 ) ) ;
#1254 = CARTESIAN_POINT ( 'NONE',  ( -0.3374999999999970246, -3.750346850512976449, -3.344476566048475874 ) ) ;
#1255 = DIRECTION ( 'NONE',  ( -1.000000000000000000, -0.000000000000000000, -0.000000000000000000 ) ) ;
#1256 = PRESENTATION_STYLE_ASSIGNMENT (( #1922 ) ) ;
#1257 = DIRECTION ( 'NONE',  ( 0.000000000000000000, 0.000000000000000000, 1.000000000000000000 ) ) ;
#1258 = EDGE_CURVE ( 'NONE', #4564, #1067, #2512, .T. ) ;
#1259 = CIRCLE ( 'NONE', #6725, 1.237499999999997380 ) ;
#1260 = CARTESIAN_POINT ( 'NONE',  ( -0.3374999999999969691, -2.625000000000021760, -4.546633369868291474 ) ) ;
#1261 = SURFACE_STYLE_USAGE ( .BOTH. , #3559 ) ;
#1262 = CIRCLE ( 'NONE', #1012, 5.999999999999998224 ) ;
#1263 = B_SPLINE_CURVE_WITH_KNOTS ( 'NONE', 3,
 ( #523, #5805, #4168, #1829, #6497, #487 ),
 .UNSPECIFIED., .F., .F.,
 ( 4, 2, 4 ),
 ( 0.006480373050224366542, 0.006820975956596188501, 0.007161578862968010460 ),
 .UNSPECIFIED. ) ;
#1264 = DIRECTION ( 'NONE',  ( -0.000000000000000000, 1.000000000000000000, 1.224646799147353207E-16 ) ) ;
#1265 = CIRCLE ( 'NONE', #29, 1.237499999999996714 ) ;
#1266 = DIRECTION ( 'NONE',  ( 0.000000000000000000, -1.000000000000000000, 3.491481338843135327E-15 ) ) ;
#1267 = STYLED_ITEM ( 'NONE', ( #1388 ), #7474 ) ;
#1268 =( NAMED_UNIT ( * ) PLANE_ANGLE_UNIT ( ) SI_UNIT ( $, .RADIAN. ) );
#1269 = CARTESIAN_POINT ( 'NONE',  ( 2.951763000829056837E-15, -4.546633369868319008, -2.624999999999973799 ) ) ;
#1270 = EDGE_CURVE ( 'NONE', #4627, #6783, #6195, .T. ) ;
#1271 = DIRECTION ( 'NONE',  ( 0.000000000000000000, 0.000000000000000000, 1.000000000000000000 ) ) ;
#1272 = UNCERTAINTY_MEASURE_WITH_UNIT (LENGTH_MEASURE( 1.000000000000000082E-05 ), #612, 'distance_accuracy_value', 'NONE');
#1273 = EDGE_CURVE ( 'NONE', #1213, #4162, #3159, .T. ) ;
#1274 = CARTESIAN_POINT ( 'NONE',  ( -19.92709219242683361, 0.000000000000000000, 0.000000000000000000 ) ) ;
#1275 = FILL_AREA_STYLE ('',( #7150 ) ) ;
#1276 = CARTESIAN_POINT ( 'NONE',  ( -0.6073178875565878876, 3.739553136311716486, -3.357056292692544019 ) ) ;
#1277 =( GEOMETRIC_REPRESENTATION_CONTEXT ( 3 ) GLOBAL_UNCERTAINTY_ASSIGNED_CONTEXT ( ( #3752 ) ) GLOBAL_UNIT_ASSIGNED_CONTEXT ( ( #4085, #1127, #1081 ) ) REPRESENTATION_CONTEXT ( 'NONE', 'WORKASPACE' ) );
#1278 = DIRECTION ( 'NONE',  ( 0.000000000000000000, 0.000000000000000000, 1.000000000000000000 ) ) ;
#1280 = ADVANCED_FACE ( 'NONE', ( #6967, #1619 ), #1015, .T. ) ;
#1279 = CARTESIAN_POINT ( 'NONE',  ( -0.3374999999999975242, 0.000000000000000000, 0.000000000000000000 ) ) ;
#1281 = VERTEX_POINT ( 'NONE', #6903 ) ;
#1282 = CARTESIAN_POINT ( 'NONE',  ( -0.1605426051907885565, -5.236675679372146952, 1.597764948076966895 ) ) ;
#1283 = VERTEX_POINT ( 'NONE', #4553 ) ;
#1284 = FACE_OUTER_BOUND ( 'NONE', #6623, .T. ) ;
#1285 = DIRECTION ( 'NONE',  ( 0.000000000000000000, 0.8660254037844329345, -0.5000000000000099920 ) ) ;
#1286 = CARTESIAN_POINT ( 'NONE',  ( -0.1137298752289219311, 1.526116461788812551, 4.787650106792861848 ) ) ;
#1287 = UNCERTAINTY_MEASURE_WITH_UNIT (LENGTH_MEASURE( 1.000000000000000082E-05 ), #2802, 'distance_accuracy_value', 'NONE');
#1288 = CARTESIAN_POINT ( 'NONE',  ( -0.7539527812222450720, 3.546387310455070274, 4.172780948423615577 ) ) ;
#1289 = EDGE_LOOP ( 'NONE', ( #2110, #1130, #1056, #5057 ) ) ;
#1290 = EDGE_LOOP ( 'NONE', ( #2799, #2850 ) ) ;
#1291 =( NAMED_UNIT ( * ) PLANE_ANGLE_UNIT ( ) SI_UNIT ( $, .RADIAN. ) );
#1292 = ORIENTED_EDGE ( 'NONE', *, *, #2022, .T. ) ;
#1293 = FACE_OUTER_BOUND ( 'NONE', #3101, .T. ) ;
#1294 = CARTESIAN_POINT ( 'NONE',  ( 1.216873555469096146, 5.025000000000000355, -2.755652777012119125E-17 ) ) ;
#1295 = CARTESIAN_POINT ( 'NONE',  ( -0.1142805824610625687, 3.715423797418384577, 3.383230854298415302 ) ) ;
#1296 = CARTESIAN_POINT ( 'NONE',  ( 2.499999999999996891, 9.062386313690412402E-16, -7.300000000000000711 ) ) ;
#1297 = CIRCLE ( 'NONE', #2040, 5.475000000000000533 ) ;
#1298 = CARTESIAN_POINT ( 'NONE',  ( 0.9843303561305016824, 0.000000000000000000, 0.000000000000000000 ) ) ;
#1299 = EDGE_CURVE ( 'NONE', #6061, #4428, #715, .T. ) ;
#1300 = DIRECTION ( 'NONE',  ( 0.000000000000000000, 1.000000000000000000, -1.035197933661466492E-14 ) ) ;
#1301 = DIRECTION ( 'NONE',  ( 0.000000000000000000, 3.232861005816950323E-15, -1.000000000000000000 ) ) ;
#1302 = DIRECTION ( 'NONE',  ( -1.000000000000000000, -0.000000000000000000, -0.000000000000000000 ) ) ;
#1303 = SURFACE_SIDE_STYLE ('',( #5920 ) ) ;
#1304 = VECTOR ( 'NONE', #6358, 1000.000000000000000 ) ;
#1305 = STYLED_ITEM ( 'NONE', ( #6867 ), #593 ) ;
#1306 = SURFACE_SIDE_STYLE ('',( #1230 ) ) ;
#1307 = CARTESIAN_POINT ( 'NONE',  ( -1.059998554186540654, -1.971765687694799096, -4.624265706669794085 ) ) ;
#1308 = CARTESIAN_POINT ( 'NONE',  ( 0.1577470943594734276, -3.465865739801192724, 3.638461172476499250 ) ) ;
#1309 = CARTESIAN_POINT ( 'NONE',  ( -0.1578090310783113182, -4.883997950975590641, -1.182027506391045701 ) ) ;
#1310 = EDGE_CURVE ( 'NONE', #6932, #5682, #2552, .T. ) ;
#1311 = CARTESIAN_POINT ( 'NONE',  ( 2.951763000829056837E-15, 2.625000000000053291, 4.546633369868272823 ) ) ;
#1312 = ORIENTED_EDGE ( 'NONE', *, *, #4087, .T. ) ;
#1313 =( GEOMETRIC_REPRESENTATION_CONTEXT ( 3 ) GLOBAL_UNCERTAINTY_ASSIGNED_CONTEXT ( ( #4684 ) ) GLOBAL_UNIT_ASSIGNED_CONTEXT ( ( #1693, #7179, #3599 ) ) REPRESENTATION_CONTEXT ( 'NONE', 'WORKASPACE' ) );
#1314 = CARTESIAN_POINT ( 'NONE',  ( 0.1603182285372222460, -5.236684552382530278, 1.597735866490235468 ) ) ;
#1315 = VERTEX_POINT ( 'NONE', #3308 ) ;
#1316 = CARTESIAN_POINT ( 'NONE',  ( 0.2288706956812023297, -4.913150616150935512, -1.054872859577047128 ) ) ;
#1317 = CARTESIAN_POINT ( 'NONE',  ( -1.102270384252427515, 5.025000000000001243, 0.1441868794414691568 ) ) ;
#1318 = CARTESIAN_POINT ( 'NONE',  ( 0.1138098578508750652, 4.787647639671313016, -1.526124201487608190 ) ) ;
#1319 = FILL_AREA_STYLE_COLOUR ( '', #3278 ) ;
#1320 = CARTESIAN_POINT ( 'NONE',  ( -1.216873555470451507, 2.737500000000079314, 4.741489085720121288 ) ) ;
#1321 = ORIENTED_EDGE ( 'NONE', *, *, #7597, .T. ) ;
#1322 = ORIENTED_EDGE ( 'NONE', *, *, #2125, .T. ) ;
#1323 = CARTESIAN_POINT ( 'NONE',  ( -0.3374999999999969691, 3.608627975754136852, 4.117454205283237023 ) ) ;
#1324 = ORIENTED_EDGE ( 'NONE', *, *, #7033, .F. ) ;
#1325 = CARTESIAN_POINT ( 'NONE',  ( 1.216873555469097923, -4.431302689732401490, -2.374758597666854154 ) ) ;
#1326 = SURFACE_SIDE_STYLE ('',( #223 ) ) ;
#1327 = CARTESIAN_POINT ( 'NONE',  ( -0.2284057895222789403, 3.727378938405033093, 3.370231758269491174 ) ) ;
#1328 = PRESENTATION_LAYER_ASSIGNMENT (  '', '', ( #2827 ) ) ;
#1329 = CARTESIAN_POINT ( 'NONE',  ( 0.7525402123772512164, 1.839374689528600504, 5.158076629468499874 ) ) ;
#1330 = TOROIDAL_SURFACE ( 'NONE', #1080, 5.250000000000000000, 1.237499999999997158 ) ;
#1331 = PRESENTATION_LAYER_ASSIGNMENT (  '', '', ( #1217 ) ) ;
#1332 =( NAMED_UNIT ( * ) PLANE_ANGLE_UNIT ( ) SI_UNIT ( $, .RADIAN. ) );
#1333 = DIRECTION ( 'NONE',  ( -0.000000000000000000, 1.000000000000000000, 1.224646799147353207E-16 ) ) ;
#1334 = UNCERTAINTY_MEASURE_WITH_UNIT (LENGTH_MEASURE( 1.000000000000000082E-05 ), #4842, 'distance_accuracy_value', 'NONE');
#1335 = CARTESIAN_POINT ( 'NONE',  ( -0.9652804796966180101, 5.447742792078710927, -0.5622517716532930976 ) ) ;
#1336 = CARTESIAN_POINT ( 'NONE',  ( -1.185729937395787248, -4.573808457111098846, -3.012996809067805870 ) ) ;
#1337 = SURFACE_STYLE_USAGE ( .BOTH. , #4276 ) ;
#1338 = FILL_AREA_STYLE_COLOUR ( '', #926 ) ;
#1339 = LINE ( 'NONE', #4855, #4324 ) ;
#1340 = CARTESIAN_POINT ( 'NONE',  ( 0.3375000000000030753, 4.771575093816242230, 1.575657362522871141 ) ) ;
#1341 = UNCERTAINTY_MEASURE_WITH_UNIT (LENGTH_MEASURE( 1.000000000000000082E-05 ), #2124, 'distance_accuracy_value', 'NONE');
#1342 = FILL_AREA_STYLE ('',( #169 ) ) ;
#1343 = CARTESIAN_POINT ( 'NONE',  ( 1.124999999999998224, 2.624999999999989786, -4.546633369868309238 ) ) ;
#1344 = DIRECTION ( 'NONE',  ( 0.000000000000000000, 0.000000000000000000, 1.000000000000000000 ) ) ;
#1345 = EDGE_CURVE ( 'NONE', #6480, #450, #2427, .T. ) ;
#1346 = STYLED_ITEM ( 'NONE', ( #6321 ), #3898 ) ;
#1347 = DIRECTION ( 'NONE',  ( 0.000000000000000000, 0.000000000000000000, 1.000000000000000000 ) ) ;
#1348 = FACE_OUTER_BOUND ( 'NONE', #1139, .T. ) ;
#1349 = ORIENTED_EDGE ( 'NONE', *, *, #2025, .F. ) ;
#1350 = CARTESIAN_POINT ( 'NONE',  ( 0.3375000000000044631, 0.000000000000000000, 0.000000000000000000 ) ) ;
#1351 = ORIENTED_EDGE ( 'NONE', *, *, #5411, .T. ) ;
#1352 = AXIS2_PLACEMENT_3D ( 'NONE', #6757, #6915, #5038 ) ;
#1353 = AXIS2_PLACEMENT_3D ( 'NONE', #5211, #2387, #4135 ) ;
#1354 = MECHANICAL_DESIGN_GEOMETRIC_PRESENTATION_REPRESENTATION (  '', ( #107 ), #1112 ) ;
#1355 = CYLINDRICAL_SURFACE ( 'NONE', #1415, 5.025000000000000355 ) ;
#1356 = SURFACE_SIDE_STYLE ('',( #4830 ) ) ;
#1357 = VERTEX_POINT ( 'NONE', #3233 ) ;
#1358 = EDGE_LOOP ( 'NONE', ( #7708, #2227 ) ) ;
#1359 = CARTESIAN_POINT ( 'NONE',  ( -0.2288940565161939611, 3.635584375318215322, 4.093829020219193815 ) ) ;
#1360 = CARTESIAN_POINT ( 'NONE',  ( -0.3374999999999975242, 0.000000000000000000, 0.000000000000000000 ) ) ;
#1361 = STYLED_ITEM ( 'NONE', ( #716 ), #1715 ) ;
#1362 = EDGE_LOOP ( 'NONE', ( #7123, #1105, #4815, #1598 ) ) ;
#1363 = EDGE_CURVE ( 'NONE', #6501, #4831, #4166, .T. ) ;
#1364 = DIRECTION ( 'NONE',  ( -1.000000000000000000, -0.000000000000000000, -0.000000000000000000 ) ) ;
#1365 = CIRCLE ( 'NONE', #4357, 1.073181601594058732 ) ;
#1366 = CARTESIAN_POINT ( 'NONE',  ( -1.237499999999993827, -5.250000000000000000, 0.000000000000000000 ) ) ;
#1368 = COLOUR_RGB ( '',0.6470588235294117974, 0.6196078431372549211, 0.5882352941176470784 ) ;
#1367 = SURFACE_SIDE_STYLE ('',( #4338 ) ) ;
#1369 = EDGE_CURVE ( 'NONE', #5702, #2274, #5523, .T. ) ;
#1370 = B_SPLINE_CURVE_WITH_KNOTS ( 'NONE', 3,
 ( #3125, #3709, #778, #3197, #699, #3234, #2624, #5543, #7435, #6780, #6072, #6190, #6745, #2073, #4993, #2554, #2662, #4888 ),
 .UNSPECIFIED., .F., .F.,
 ( 4, 2, 2, 2, 2, 2, 2, 2, 4 ),
 ( 0.005772523578963715402, 0.006253562060437050166, 0.006734600541910384930, 0.007215639023383718827, 0.007696677504857053591, 0.008177715986330387488, 0.008658754467803722252, 0.009139792949277057016, 0.009620831430750391780 ),
 .UNSPECIFIED. ) ;
#1371 =( GEOMETRIC_REPRESENTATION_CONTEXT ( 3 ) GLOBAL_UNCERTAINTY_ASSIGNED_CONTEXT ( ( #5001 ) ) GLOBAL_UNIT_ASSIGNED_CONTEXT ( ( #7089, #3597, #5956 ) ) REPRESENTATION_CONTEXT ( 'NONE', 'WORKASPACE' ) );
#1372 = DIRECTION ( 'NONE',  ( -0.000000000000000000, -0.8660254037844432595, -0.4999999999999919509 ) ) ;
#1373 = PRESENTATION_LAYER_ASSIGNMENT (  '', '', ( #5340 ) ) ;
#1374 = CIRCLE ( 'NONE', #5695, 1.237499999999996714 ) ;
#1375 = DIRECTION ( 'NONE',  ( 0.000000000000000000, 0.000000000000000000, 1.000000000000000000 ) ) ;
#1376 = VERTEX_POINT ( 'NONE', #2154 ) ;
#1377 = PLANE ( 'NONE',  #2676 ) ;
#1378 = EDGE_CURVE ( 'NONE', #3557, #1357, #5910, .T. ) ;
#1379 = DIRECTION ( 'NONE',  ( -1.000000000000000000, -0.000000000000000000, -0.000000000000000000 ) ) ;
#1380 = CIRCLE ( 'NONE', #2506, 0.1999999999999987899 ) ;
#1381 =( GEOMETRIC_REPRESENTATION_CONTEXT ( 3 ) GLOBAL_UNCERTAINTY_ASSIGNED_CONTEXT ( ( #6868 ) ) GLOBAL_UNIT_ASSIGNED_CONTEXT ( ( #657, #4988, #2471 ) ) REPRESENTATION_CONTEXT ( 'NONE', 'WORKASPACE' ) );
#1382 = CARTESIAN_POINT ( 'NONE',  ( 0.8855571770381717167, 5.432979984865651701, -0.6852071679751223776 ) ) ;
#1383 =( NAMED_UNIT ( * ) PLANE_ANGLE_UNIT ( ) SI_UNIT ( $, .RADIAN. ) );
#1384 = SURFACE_STYLE_FILL_AREA ( #4932 ) ;
#1385 = SURFACE_STYLE_FILL_AREA ( #3430 ) ;
#1386 = CARTESIAN_POINT ( 'NONE',  ( -1.237499999999993827, 2.624999999999989786, -4.546633369868309238 ) ) ;
#1387 = AXIS2_PLACEMENT_3D ( 'NONE', #2952, #3530, #1125 ) ;
#1388 = PRESENTATION_STYLE_ASSIGNMENT (( #794 ) ) ;
#1389 = CARTESIAN_POINT ( 'NONE',  ( -0.3222421747442713591, 5.227146843786489860, 1.629900123589641092 ) ) ;
#1390 = CARTESIAN_POINT ( 'NONE',  ( 0.2290589410532244408, 1.543085156773231548, -4.782331004557233811 ) ) ;
#1391 = ORIENTED_EDGE ( 'NONE', *, *, #7395, .F. ) ;
#1392 = CARTESIAN_POINT ( 'NONE',  ( 1.216873555470457724, 2.122497742101288486E-13, 5.475000000000316724 ) ) ;
#1393 = ORIENTED_EDGE ( 'NONE', *, *, #5745, .T. ) ;
#1394 = ADVANCED_FACE ( 'NONE', ( #270 ), #7122, .T. ) ;
#1395 = CARTESIAN_POINT ( 'NONE',  ( 0.3375000000000029643, -2.624999999999958256, 4.546633369868327001 ) ) ;
#1396 = SURFACE_STYLE_USAGE ( .BOTH. , #4978 ) ;
#1397 = MECHANICAL_DESIGN_GEOMETRIC_PRESENTATION_REPRESENTATION (  '', ( #3136 ), #5362 ) ;
#1398 = CARTESIAN_POINT ( 'NONE',  ( -0.1428153569376737209, 4.909251209423206141, 1.072323453608946542 ) ) ;
#1399 = FACE_OUTER_BOUND ( 'NONE', #4665, .T. ) ;
#1400 = CARTESIAN_POINT ( 'NONE',  ( -0.3374999999999969691, -4.546633369868282593, 2.625000000000037303 ) ) ;
#1401 = CARTESIAN_POINT ( 'NONE',  ( 0.3237003905340534171, 3.711580936677747911, 4.025397093648542146 ) ) ;
#1402 = ORIENTED_EDGE ( 'NONE', *, *, #3801, .T. ) ;
#1403 = ORIENTED_EDGE ( 'NONE', *, *, #4218, .F. ) ;
#1404 = CARTESIAN_POINT ( 'NONE',  ( 0.3375000000000029088, 3.608627975754138184, 4.117454205283237911 ) ) ;
#1405 = DIRECTION ( 'NONE',  ( -1.000000000000000000, -0.000000000000000000, -0.000000000000000000 ) ) ;
#1406 = ORIENTED_EDGE ( 'NONE', *, *, #6992, .F. ) ;
#1407 = FILL_AREA_STYLE_COLOUR ( '', #6215 ) ;
#1408 = CARTESIAN_POINT ( 'NONE',  ( 0.3145222742811211725, -4.812380947208447779, 1.447436274275170298 ) ) ;
#1409 = EDGE_CURVE ( 'NONE', #3336, #6434, #165, .T. ) ;
#1410 = CARTESIAN_POINT ( 'NONE',  ( -1.065679434814402970, 2.183470217807436331, 5.023007587397335882 ) ) ;
#1411 = ORIENTED_EDGE ( 'NONE', *, *, #6242, .F. ) ;
#1412 = DIRECTION ( 'NONE',  ( 0.000000000000000000, 0.000000000000000000, 1.000000000000000000 ) ) ;
#1413 = UNCERTAINTY_MEASURE_WITH_UNIT (LENGTH_MEASURE( 1.000000000000000082E-05 ), #4903, 'distance_accuracy_value', 'NONE');
#1414 = COLOUR_RGB ( '',0.5294117647058823595, 0.5490196078431373028, 0.5490196078431373028 ) ;
#1415 = AXIS2_PLACEMENT_3D ( 'NONE', #5424, #651, #5395 ) ;
#1416 = CARTESIAN_POINT ( 'NONE',  ( 0.1447337722710202168, 5.359267515279316108, -1.119766362964611073 ) ) ;
#1417 = DIRECTION ( 'NONE',  ( 0.000000000000000000, 0.000000000000000000, 1.000000000000000000 ) ) ;
#1418 = EDGE_CURVE ( 'NONE', #4836, #6924, #6261, .T. ) ;
#1419 = DIRECTION ( 'NONE',  ( -1.000000000000000000, -0.000000000000000000, -0.000000000000000000 ) ) ;
#1420 = UNCERTAINTY_MEASURE_WITH_UNIT (LENGTH_MEASURE( 1.000000000000000082E-05 ), #1883, 'distance_accuracy_value', 'NONE');
#1421 = AXIS2_PLACEMENT_3D ( 'NONE', #2190, #5868, #5325 ) ;
#1422 = CARTESIAN_POINT ( 'NONE',  ( -0.2288706956799328451, -4.782349675994534977, -1.543028613918602687 ) ) ;
#1423 = CARTESIAN_POINT ( 'NONE',  ( -0.3374999999999970246, -3.344476566048462551, 3.750346850512987995 ) ) ;
#1424 = CARTESIAN_POINT ( 'NONE',  ( 0.3375000000000029088, -1.066436397168635253, -5.370133928571428683 ) ) ;
#1425 = CARTESIAN_POINT ( 'NONE',  ( -1.111087470887999418, 5.001378640316028523, 0.5016414822924158967 ) ) ;
#1426 = CARTESIAN_POINT ( 'NONE',  ( -0.6818605052292066038, 5.402592604996404368, 0.8935978298549601684 ) ) ;
#1427 = SURFACE_SIDE_STYLE ('',( #6798 ) ) ;
#1428 = DIRECTION ( 'NONE',  ( 0.000000000000000000, 1.000000000000000000, -1.047444401652940322E-14 ) ) ;
#1429 = CARTESIAN_POINT ( 'NONE',  ( -1.216873555469091484, 4.741489085719837071, 2.737499999999939426 ) ) ;
#1430 = ORIENTED_EDGE ( 'NONE', *, *, #5254, .F. ) ;
#1431 = CARTESIAN_POINT ( 'NONE',  ( 1.237499999999999822, -2.624999999999958256, 4.546633369868327001 ) ) ;
#1432 = ORIENTED_EDGE ( 'NONE', *, *, #1898, .T. ) ;
#1433 =( GEOMETRIC_REPRESENTATION_CONTEXT ( 3 ) GLOBAL_UNCERTAINTY_ASSIGNED_CONTEXT ( ( #1272 ) ) GLOBAL_UNIT_ASSIGNED_CONTEXT ( ( #612, #5075, #7482 ) ) REPRESENTATION_CONTEXT ( 'NONE', 'WORKASPACE' ) );
#1434 =( GEOMETRIC_REPRESENTATION_CONTEXT ( 3 ) GLOBAL_UNCERTAINTY_ASSIGNED_CONTEXT ( ( #5746 ) ) GLOBAL_UNIT_ASSIGNED_CONTEXT ( ( #2696, #2113, #2446 ) ) REPRESENTATION_CONTEXT ( 'NONE', 'WORKASPACE' ) );
#1435 = CARTESIAN_POINT ( 'NONE',  ( -0.1604339750629828198, 1.181960801552156992, -4.884014096370000502 ) ) ;
#1436 = EDGE_CURVE ( 'NONE', #2958, #5067, #3906, .T. ) ;
#1437 =( GEOMETRIC_REPRESENTATION_CONTEXT ( 3 ) GLOBAL_UNCERTAINTY_ASSIGNED_CONTEXT ( ( #2977 ) ) GLOBAL_UNIT_ASSIGNED_CONTEXT ( ( #1910, #2496, #3218 ) ) REPRESENTATION_CONTEXT ( 'NONE', 'WORKASPACE' ) );
#1438 = CARTESIAN_POINT ( 'NONE',  ( -1.216873555469089929, 4.351777654016836472, 2.512499999999944666 ) ) ;
#1439 = SPHERICAL_SURFACE ( 'NONE', #3270, 1.237499999999996936 ) ;
#1440 = ORIENTED_EDGE ( 'NONE', *, *, #2137, .F. ) ;
#1441 = ORIENTED_EDGE ( 'NONE', *, *, #4508, .T. ) ;
#1442 = DIRECTION ( 'NONE',  ( 0.000000000000000000, 0.5000000000000099920, 0.8660254037844328234 ) ) ;
#1443 = ORIENTED_EDGE ( 'NONE', *, *, #3410, .T. ) ;
#1444 = CARTESIAN_POINT ( 'NONE',  ( -2.299999999999997158, 5.999999999999998224, 0.000000000000000000 ) ) ;
#1445 =( LENGTH_UNIT ( ) NAMED_UNIT ( * ) SI_UNIT ( .MILLI., .METRE. ) );
#1446 = CARTESIAN_POINT ( 'NONE',  ( 0.6171494958829059074, 1.750416590129508121, 5.188032411269612787 ) ) ;
#1447 = EDGE_CURVE ( 'NONE', #6654, #5533, #5181, .T. ) ;
#1448 = CARTESIAN_POINT ( 'NONE',  ( 0.3375000000000044631, 4.894821428571450639, -1.136375018379826463 ) ) ;
#1449 = FILL_AREA_STYLE ('',( #7215 ) ) ;
#1450 = VERTEX_POINT ( 'NONE', #3463 ) ;
#1451 = EDGE_CURVE ( 'NONE', #4098, #6851, #4909, .T. ) ;
#1452 =( GEOMETRIC_REPRESENTATION_CONTEXT ( 3 ) GLOBAL_UNCERTAINTY_ASSIGNED_CONTEXT ( ( #946 ) ) GLOBAL_UNIT_ASSIGNED_CONTEXT ( ( #544, #4727, #3013 ) ) REPRESENTATION_CONTEXT ( 'NONE', 'WORKASPACE' ) );
#1453 = CARTESIAN_POINT ( 'NONE',  ( 2.299999999999997158, 7.592810154713586877E-16, -6.199999999999997513 ) ) ;
#1454 = CYLINDRICAL_SURFACE ( 'NONE', #4677, 5.475000000000000533 ) ;
#1455 = FILL_AREA_STYLE ('',( #2632 ) ) ;
#1456 = ADVANCED_FACE ( 'NONE', ( #501 ), #3505, .F. ) ;
#1457 = AXIS2_PLACEMENT_3D ( 'NONE', #1576, #6445, #1155 ) ;
#1458 = DIRECTION ( 'NONE',  ( -1.000000000000000000, -0.000000000000000000, -0.000000000000000000 ) ) ;
#1459 = CARTESIAN_POINT ( 'NONE',  ( 0.3375000000000030753, -1.021228243303213379, 4.920133928571440940 ) ) ;
#1460 = MECHANICAL_DESIGN_GEOMETRIC_PRESENTATION_REPRESENTATION (  '', ( #1584 ), #205 ) ;
#1461 = CARTESIAN_POINT ( 'NONE',  ( -19.92709219242683361, 0.000000000000000000, 0.000000000000000000 ) ) ;
#1462 = ORIENTED_EDGE ( 'NONE', *, *, #2879, .T. ) ;
#1463 = CIRCLE ( 'NONE', #6817, 1.237499999999996714 ) ;
#1464 = DIRECTION ( 'NONE',  ( 1.000000000000000000, 0.000000000000000000, 0.000000000000000000 ) ) ;
#1465 = EDGE_LOOP ( 'NONE', ( #5427, #1642 ) ) ;
#1466 = EDGE_CURVE ( 'NONE', #480, #2266, #1658, .T. ) ;
#1467 = FILL_AREA_STYLE_COLOUR ( '', #2808 ) ;
#1468 = PRESENTATION_LAYER_ASSIGNMENT (  '', '', ( #2223 ) ) ;
#1469 = CARTESIAN_POINT ( 'NONE',  ( -0.3374999999999969691, 2.625000000000053291, 4.546633369868272823 ) ) ;
#1470 = SURFACE_SIDE_STYLE ('',( #6685 ) ) ;
#1471 = DIRECTION ( 'NONE',  ( 0.000000000000000000, -1.000000000000000000, 0.000000000000000000 ) ) ;
#1472 = ORIENTED_EDGE ( 'NONE', *, *, #858, .F. ) ;
#1473 = ORIENTED_EDGE ( 'NONE', *, *, #6017, .F. ) ;
#1474 = SURFACE_STYLE_FILL_AREA ( #6897 ) ;
#1475 =( LENGTH_UNIT ( ) NAMED_UNIT ( * ) SI_UNIT ( .MILLI., .METRE. ) );
#1476 = CYLINDRICAL_SURFACE ( 'NONE', #4989, 5.025000000000000355 ) ;
#1477 = STYLED_ITEM ( 'NONE', ( #4430 ), #2383 ) ;
#1478 = CARTESIAN_POINT ( 'NONE',  ( 1.060068109014965954, -4.624251323185542439, 1.971817333347618773 ) ) ;
#1479 = PRESENTATION_STYLE_ASSIGNMENT (( #901 ) ) ;
#1480 = CIRCLE ( 'NONE', #6965, 5.025000000000001243 ) ;
#1481 = DIRECTION ( 'NONE',  ( 0.000000000000000000, 0.4999999999999918399, -0.8660254037844432595 ) ) ;
#1482 = CIRCLE ( 'NONE', #5441, 5.475000000000000533 ) ;
#1483 = DIRECTION ( 'NONE',  ( 0.000000000000000000, 0.000000000000000000, 1.000000000000000000 ) ) ;
#1484 = PRESENTATION_LAYER_ASSIGNMENT (  '', '', ( #4849 ) ) ;
#1485 = CARTESIAN_POINT ( 'NONE',  ( -1.216873555469089929, 5.266163433978185055E-14, 5.025000000000000355 ) ) ;
#1486 = CARTESIAN_POINT ( 'NONE',  ( 0.7413020568632582297, 4.750304665213723965, -1.642381454461504964 ) ) ;
#1487 = ORIENTED_EDGE ( 'NONE', *, *, #1234, .F. ) ;
#1488 = CIRCLE ( 'NONE', #5818, 4.300000000000001599 ) ;
#1489 = SURFACE_STYLE_USAGE ( .BOTH. , #6311 ) ;
#1490 = ADVANCED_FACE ( 'NONE', ( #3736 ), #2577, .T. ) ;
#1491 = MECHANICAL_DESIGN_GEOMETRIC_PRESENTATION_REPRESENTATION (  '', ( #4472 ), #5448 ) ;
#1492 = CIRCLE ( 'NONE', #346, 1.073181601594058732 ) ;
#1493 = DIRECTION ( 'NONE',  ( 0.000000000000000000, -0.5000000000000037748, -0.8660254037844364872 ) ) ;
#1494 =( NAMED_UNIT ( * ) PLANE_ANGLE_UNIT ( ) SI_UNIT ( $, .RADIAN. ) );
#1495 = UNCERTAINTY_MEASURE_WITH_UNIT (LENGTH_MEASURE( 1.000000000000000082E-05 ), #1959, 'distance_accuracy_value', 'NONE');
#1496 = CIRCLE ( 'NONE', #1872, 1.237499999999996492 ) ;
#1497 = STYLED_ITEM ( 'NONE', ( #202 ), #6505 ) ;
#1498 = AXIS2_PLACEMENT_3D ( 'NONE', #83, #4301, #4837 ) ;
#1499 = FACE_BOUND ( 'NONE', #5019, .T. ) ;
#1500 = CARTESIAN_POINT ( 'NONE',  ( -1.073653696454178297, 5.468789414173085284, 0.2934916622629461513 ) ) ;
#1501 =( LENGTH_UNIT ( ) NAMED_UNIT ( * ) SI_UNIT ( .MILLI., .METRE. ) );
#1502 = COLOUR_RGB ( '',0.6470588235294117974, 0.6196078431372549211, 0.5882352941176470784 ) ;
#1503 = EDGE_CURVE ( 'NONE', #1689, #4636, #2299, .T. ) ;
#1504 = FILL_AREA_STYLE_COLOUR ( '', #3386 ) ;
#1505 = VECTOR ( 'NONE', #127, 1000.000000000000000 ) ;
#1506 = CARTESIAN_POINT ( 'NONE',  ( -1.065237977602509822, 5.023407791670548406, 2.182591038188657961 ) ) ;
#1507 = VERTEX_POINT ( 'NONE', #5465 ) ;
#1508 = CARTESIAN_POINT ( 'NONE',  ( 1.065237977602516040, 5.023407791670516431, -2.182591038188729904 ) ) ;
#1509 = ORIENTED_EDGE ( 'NONE', *, *, #4960, .F. ) ;
#1510 = SURFACE_STYLE_FILL_AREA ( #6380 ) ;
#1511 = DIRECTION ( 'NONE',  ( 0.000000000000000000, 0.000000000000000000, -1.000000000000000000 ) ) ;
#1512 = CIRCLE ( 'NONE', #137, 1.237499999999996492 ) ;
#1513 = DIRECTION ( 'NONE',  ( -1.000000000000000000, -0.000000000000000000, -0.000000000000000000 ) ) ;
#1514 = CIRCLE ( 'NONE', #2523, 5.025000000000001243 ) ;
#1515 = SPHERICAL_SURFACE ( 'NONE', #6392, 1.237499999999996936 ) ;
#1516 = ORIENTED_EDGE ( 'NONE', *, *, #159, .F. ) ;
#1517 = ORIENTED_EDGE ( 'NONE', *, *, #7049, .T. ) ;
#1518 = CARTESIAN_POINT ( 'NONE',  ( 0.6178653494856307660, -1.750740808670856019, 5.187926071696312036 ) ) ;
#1519 = DIRECTION ( 'NONE',  ( -0.000000000000000000, -0.000000000000000000, -1.000000000000000000 ) ) ;
#1520 = CARTESIAN_POINT ( 'NONE',  ( -19.92709219242683361, 0.000000000000000000, 0.000000000000000000 ) ) ;
#1521 =( LENGTH_UNIT ( ) NAMED_UNIT ( * ) SI_UNIT ( .MILLI., .METRE. ) );
#1522 = PRESENTATION_LAYER_ASSIGNMENT (  '', '', ( #6496 ) ) ;
#1523 = SURFACE_STYLE_FILL_AREA ( #6662 ) ;
#1524 = CIRCLE ( 'NONE', #4892, 1.237499999999997380 ) ;
#1525 = ORIENTED_EDGE ( 'NONE', *, *, #3971, .F. ) ;
#1526 = DIRECTION ( 'NONE',  ( -0.000000000000000000, 0.000000000000000000, -1.000000000000000000 ) ) ;
#1527 = CARTESIAN_POINT ( 'NONE',  ( -0.6066795256469323938, 1.037906306358353792, 4.916994269710296628 ) ) ;
#1528 = SURFACE_SIDE_STYLE ('',( #5705 ) ) ;
#1529 =( LENGTH_UNIT ( ) NAMED_UNIT ( * ) SI_UNIT ( .MILLI., .METRE. ) );
#1530 = CARTESIAN_POINT ( 'NONE',  ( 2.951763000829056837E-15, 5.250000000000000000, 0.000000000000000000 ) ) ;
#1531 =( NAMED_UNIT ( * ) PLANE_ANGLE_UNIT ( ) SI_UNIT ( $, .RADIAN. ) );
#1532 =( LENGTH_UNIT ( ) NAMED_UNIT ( * ) SI_UNIT ( .MILLI., .METRE. ) );
#1533 = EDGE_CURVE ( 'NONE', #12, #211, #5373, .T. ) ;
#1534 =( NAMED_UNIT ( * ) PLANE_ANGLE_UNIT ( ) SI_UNIT ( $, .RADIAN. ) );
#1535 =( NAMED_UNIT ( * ) SI_UNIT ( $, .STERADIAN. ) SOLID_ANGLE_UNIT ( ) );
#1536 = COLOUR_RGB ( '',0.5294117647058823595, 0.5490196078431373028, 0.5490196078431373028 ) ;
#1537 = FACE_OUTER_BOUND ( 'NONE', #691, .T. ) ;
#1538 = CARTESIAN_POINT ( 'NONE',  ( 1.216873555470457502, 2.737500000000013145, -4.741489085720159480 ) ) ;
#1539 = SURFACE_STYLE_USAGE ( .BOTH. , #1574 ) ;
#1540 = AXIS2_PLACEMENT_3D ( 'NONE', #5821, #1211, #3586 ) ;
#1541 = CARTESIAN_POINT ( 'NONE',  ( 0.1630295018224066916, 4.002065456297086321, 3.736187506783007706 ) ) ;
#1542 = VERTEX_POINT ( 'NONE', #148 ) ;
#1543 = CARTESIAN_POINT ( 'NONE',  ( 1.216873555469131230, -0.1608024255588534068, 5.475000000000012079 ) ) ;
#1544 = EDGE_LOOP ( 'NONE', ( #798, #2362, #3883, #4143, #1865, #4330, #6379, #7026, #1292, #7381 ) ) ;
#1545 = ADVANCED_FACE ( 'NONE', ( #4328 ), #1439, .T. ) ;
#1546 = PRESENTATION_STYLE_ASSIGNMENT (( #5643 ) ) ;
#1547 = CARTESIAN_POINT ( 'NONE',  ( -0.6073178872976418008, -4.917076161162505343, 1.037519463398131059 ) ) ;
#1548 = AXIS2_PLACEMENT_3D ( 'NONE', #4559, #6951, #5784 ) ;
#1549 = ORIENTED_EDGE ( 'NONE', *, *, #3256, .T. ) ;
#1550 = ORIENTED_EDGE ( 'NONE', *, *, #5802, .F. ) ;
#1551 = PRESENTATION_LAYER_ASSIGNMENT (  '', '', ( #1567 ) ) ;
#1552 = CARTESIAN_POINT ( 'NONE',  ( 1.186094323803414063, -2.455355156608368450, 4.895853191224178502 ) ) ;
#1553 = CARTESIAN_POINT ( 'NONE',  ( 0.9684278525403327009, -0.7355347292710235907, -4.972081921354530643 ) ) ;
#1554 = STYLED_ITEM ( 'NONE', ( #4211 ), #620 ) ;
#1555 = SURFACE_STYLE_FILL_AREA ( #418 ) ;
#1556 = CARTESIAN_POINT ( 'NONE',  ( 0.3164496935152140145, -3.660008334471372748, 3.443614407752310758 ) ) ;
#1557 = EDGE_CURVE ( 'NONE', #3891, #6583, #161, .T. ) ;
#1558 = CARTESIAN_POINT ( 'NONE',  ( 0.6714320134919407046, 4.951206860687589639, -0.8638167153739102488 ) ) ;
#1559 = ORIENTED_EDGE ( 'NONE', *, *, #5815, .T. ) ;
#1560 = CARTESIAN_POINT ( 'NONE',  ( 0.3375000000000030753, -4.771575093816230684, -1.575657362522904004 ) ) ;
#1561 = DIRECTION ( 'NONE',  ( -0.000000000000000000, -0.5000000000000071054, -0.8660254037844345998 ) ) ;
#1562 = CARTESIAN_POINT ( 'NONE',  ( 1.216873555469096146, 5.266163771082431227E-14, 5.025000000000000355 ) ) ;
#1563 = DIRECTION ( 'NONE',  ( 0.000000000000000000, 0.000000000000000000, 1.000000000000000000 ) ) ;
#1564 = CIRCLE ( 'NONE', #187, 0.1999999999999996503 ) ;
#1565 = UNCERTAINTY_MEASURE_WITH_UNIT (LENGTH_MEASURE( 1.000000000000000082E-05 ), #4722, 'distance_accuracy_value', 'NONE');
#1566 = FILL_AREA_STYLE_COLOUR ( '', #4202 ) ;
#1567 = STYLED_ITEM ( 'NONE', ( #3167 ), #821 ) ;
#1568 = CARTESIAN_POINT ( 'NONE',  ( 2.951763000829056837E-15, -2.625000000000021760, -4.546633369868291474 ) ) ;
#1569 = UNCERTAINTY_MEASURE_WITH_UNIT (LENGTH_MEASURE( 1.000000000000000082E-05 ), #4610, 'distance_accuracy_value', 'NONE');
#1570 = FILL_AREA_STYLE_COLOUR ( '', #2617 ) ;
#1571 = CARTESIAN_POINT ( 'NONE',  ( 0.3375000000000044631, 0.000000000000000000, 0.000000000000000000 ) ) ;
#1572 = CARTESIAN_POINT ( 'NONE',  ( 2.951763000829056837E-15, 5.499083108677935350E-14, 5.250000000000000000 ) ) ;
#1573 = CARTESIAN_POINT ( 'NONE',  ( -19.92709219242683361, 0.000000000000000000, 0.000000000000000000 ) ) ;
#1574 = SURFACE_SIDE_STYLE ('',( #878 ) ) ;
#1575 = CARTESIAN_POINT ( 'NONE',  ( -1.184509137125795863, 4.502506502262894728, 2.235888882112374798 ) ) ;
#1576 = CARTESIAN_POINT ( 'NONE',  ( 0.3375000000000044631, 0.000000000000000000, 0.000000000000000000 ) ) ;
#1577 = ORIENTED_EDGE ( 'NONE', *, *, #4771, .F. ) ;
#1578 = CARTESIAN_POINT ( 'NONE',  ( 2.299999999999997602, 0.000000000000000000, 3.200000000000002398 ) ) ;
#1579 = COLOUR_RGB ( '',0.5294117647058823595, 0.5490196078431373028, 0.5490196078431373028 ) ;
#1580 = ORIENTED_EDGE ( 'NONE', *, *, #4642, .T. ) ;
#1581 = EDGE_CURVE ( 'NONE', #845, #1942, #5619, .T. ) ;
#1582 = DIRECTION ( 'NONE',  ( 0.000000000000000000, 0.000000000000000000, 1.000000000000000000 ) ) ;
#1583 = FACE_OUTER_BOUND ( 'NONE', #1362, .T. ) ;
#1584 = STYLED_ITEM ( 'NONE', ( #1698 ), #3598 ) ;
#1585 = DIRECTION ( 'NONE',  ( 0.000000000000000000, 0.000000000000000000, 1.000000000000000000 ) ) ;
#1586 = CIRCLE ( 'NONE', #3828, 3.000000000000001776 ) ;
#1587 = CARTESIAN_POINT ( 'NONE',  ( 0.3375000000000030753, -1.575657362522887572, 4.771575093816236013 ) ) ;
#1588 = EDGE_LOOP ( 'NONE', ( #5070, #3741 ) ) ;
#1589 = ORIENTED_EDGE ( 'NONE', *, *, #1596, .T. ) ;
#1590 = SURFACE_SIDE_STYLE ('',( #1474 ) ) ;
#1591 = CARTESIAN_POINT ( 'NONE',  ( 0.1630295018224068304, 3.736187506783049006, -4.002065456297046353 ) ) ;
#1592 = CYLINDRICAL_SURFACE ( 'NONE', #7573, 5.999999999999998224 ) ;
#1593 =( NAMED_UNIT ( * ) PLANE_ANGLE_UNIT ( ) SI_UNIT ( $, .RADIAN. ) );
#1594 = CARTESIAN_POINT ( 'NONE',  ( -3.499999999999999556, 0.000000000000000000, 0.000000000000000000 ) ) ;
#1595 = MECHANICAL_DESIGN_GEOMETRIC_PRESENTATION_REPRESENTATION (  '', ( #4344 ), #2973 ) ;
#1596 = EDGE_CURVE ( 'NONE', #1990, #7076, #3503, .T. ) ;
#1597 = CARTESIAN_POINT ( 'NONE',  ( -0.3374999999999969691, 1.761505952817329801, -5.183890602451898921 ) ) ;
#1598 = ORIENTED_EDGE ( 'NONE', *, *, #1503, .T. ) ;
#1599 = PRESENTATION_STYLE_ASSIGNMENT (( #2194 ) ) ;
#1600 = CARTESIAN_POINT ( 'NONE',  ( 0.6074448382787747125, 1.037406367804107221, 4.917099317205717135 ) ) ;
#1601 = CARTESIAN_POINT ( 'NONE',  ( -0.1578090310811134378, 4.820680050771466441, -1.418333126981386583 ) ) ;
#1602 = AXIS2_PLACEMENT_3D ( 'NONE', #666, #1302, #5959 ) ;
#1603 = CARTESIAN_POINT ( 'NONE',  ( 0.7525402123772519936, -1.839374689528564977, -5.158076629468512309 ) ) ;
#1604 = LINE ( 'NONE', #7040, #1304 ) ;
#1605 = FACE_OUTER_BOUND ( 'NONE', #5250, .T. ) ;
#1606 = CARTESIAN_POINT ( 'NONE',  ( -0.1145010564392983654, -3.649378680895902338, -4.081379699453805188 ) ) ;
#1607 =( GEOMETRIC_REPRESENTATION_CONTEXT ( 3 ) GLOBAL_UNCERTAINTY_ASSIGNED_CONTEXT ( ( #2748 ) ) GLOBAL_UNIT_ASSIGNED_CONTEXT ( ( #5934, #7113, #7701 ) ) REPRESENTATION_CONTEXT ( 'NONE', 'WORKASPACE' ) );
#1608 = AXIS2_PLACEMENT_3D ( 'NONE', #2487, #3644, #3137 ) ;
#1609 = ORIENTED_EDGE ( 'NONE', *, *, #5411, .F. ) ;
#1610 = MECHANICAL_DESIGN_GEOMETRIC_PRESENTATION_REPRESENTATION (  '', ( #4966 ), #4846 ) ;
#1611 = SURFACE_SIDE_STYLE ('',( #4033 ) ) ;
#1612 = ADVANCED_FACE ( 'NONE', ( #5053 ), #3300, .T. ) ;
#1613 = DIRECTION ( 'NONE',  ( -0.000000000000000000, 0.000000000000000000, 1.000000000000000000 ) ) ;
#1614 = AXIS2_PLACEMENT_3D ( 'NONE', #1311, #1941, #34 ) ;
#1615 = AXIS2_PLACEMENT_3D ( 'NONE', #3489, #5245, #6333 ) ;
#1616 = PRESENTATION_LAYER_ASSIGNMENT (  '', '', ( #4973 ) ) ;
#1617 = SURFACE_STYLE_FILL_AREA ( #2165 ) ;
#1618 = CARTESIAN_POINT ( 'NONE',  ( -0.7539386004181362066, 4.172790416570682837, 3.546371439658954738 ) ) ;
#1619 = FACE_BOUND ( 'NONE', #6933, .T. ) ;
#1620 =( GEOMETRIC_REPRESENTATION_CONTEXT ( 3 ) GLOBAL_UNCERTAINTY_ASSIGNED_CONTEXT ( ( #4385 ) ) GLOBAL_UNIT_ASSIGNED_CONTEXT ( ( #1124, #3412, #5165 ) ) REPRESENTATION_CONTEXT ( 'NONE', 'WORKASPACE' ) );
#1621 = DIRECTION ( 'NONE',  ( 0.000000000000000000, 0.8660254037844362651, -0.5000000000000039968 ) ) ;
#1622 = VERTEX_POINT ( 'NONE', #6179 ) ;
#1623 = VERTEX_POINT ( 'NONE', #2144 ) ;
#1624 = CARTESIAN_POINT ( 'NONE',  ( 2.951763000829056837E-15, -1.833027702892645012E-14, -5.250000000000000000 ) ) ;
#1625 = SURFACE_SIDE_STYLE ('',( #1665 ) ) ;
#1626 = DIRECTION ( 'NONE',  ( 0.000000000000000000, 0.000000000000000000, 1.000000000000000000 ) ) ;
#1627 = CIRCLE ( 'NONE', #1498, 1.073181601594058732 ) ;
#1628 = CARTESIAN_POINT ( 'NONE',  ( -0.3374999999999970246, -1.575657362522953742, -4.771575093816213808 ) ) ;
#1629 = CARTESIAN_POINT ( 'NONE',  ( 0.5923208309461804877, 5.361202767703706407, 1.113032264445040997 ) ) ;
#1631 = ADVANCED_FACE ( 'NONE', ( #3224 ), #1630, .T. ) ;
#1630 = SPHERICAL_SURFACE ( 'NONE', #4035, 1.124999999999995115 ) ;
#1632 = EDGE_LOOP ( 'NONE', ( #7460, #2653, #770, #1133 ) ) ;
#1633 = ORIENTED_EDGE ( 'NONE', *, *, #3164, .T. ) ;
#1634 = PRESENTATION_LAYER_ASSIGNMENT (  '', '', ( #6994 ) ) ;
#1635 = CARTESIAN_POINT ( 'NONE',  ( -1.060888576746099377, 3.017419481698517814, -4.020771965135047310 ) ) ;
#1636 = CYLINDRICAL_SURFACE ( 'NONE', #4828, 5.025000000000000355 ) ;
#1637 = DIRECTION ( 'NONE',  ( 0.000000000000000000, 1.000000000000000000, -1.047444401652940480E-14 ) ) ;
#1638 = AXIS2_PLACEMENT_3D ( 'NONE', #698, #7251, #2828 ) ;
#1639 = CARTESIAN_POINT ( 'NONE',  ( 0.3375000000000029643, -5.250000000000000000, 0.000000000000000000 ) ) ;
#1640 = CARTESIAN_POINT ( 'NONE',  ( 1.066282750803724699, -3.257152822151238247, 4.403264907450179066 ) ) ;
#1641 = CARTESIAN_POINT ( 'NONE',  ( 2.299999999999998046, 0.000000000000000000, 0.000000000000000000 ) ) ;
#1642 = ORIENTED_EDGE ( 'NONE', *, *, #1258, .T. ) ;
#1643 = ORIENTED_EDGE ( 'NONE', *, *, #4529, .F. ) ;
#1644 = CARTESIAN_POINT ( 'NONE',  ( -0.9843303561304969085, 7.347880794884116778E-16, -5.999999999999997335 ) ) ;
#1645 = AXIS2_PLACEMENT_3D ( 'NONE', #7348, #3810, #5462 ) ;
#1646 = DIRECTION ( 'NONE',  ( 0.000000000000000000, -0.4999999999999980016, 0.8660254037844397068 ) ) ;
#1647 = CARTESIAN_POINT ( 'NONE',  ( -0.6074448382802986046, 4.777036105533021271, -1.560129390037682473 ) ) ;
#1648 = B_SPLINE_CURVE_WITH_KNOTS ( 'NONE', 3,
 ( #7038, #5902, #3591, #6512, #2899, #3629 ),
 .UNSPECIFIED., .F., .F.,
 ( 4, 2, 4 ),
 ( 0.006630243725177046958, 0.006971267376520921821, 0.007312291027864796684 ),
 .UNSPECIFIED. ) ;
#1649 =( LENGTH_UNIT ( ) NAMED_UNIT ( * ) SI_UNIT ( .MILLI., .METRE. ) );
#1650 = EDGE_CURVE ( 'NONE', #3774, #7310, #5874, .T. ) ;
#1651 = CIRCLE ( 'NONE', #4149, 1.124999999999995559 ) ;
#1652 = DIRECTION ( 'NONE',  ( -1.000000000000000000, -0.000000000000000000, -0.000000000000000000 ) ) ;
#1653 = VERTEX_POINT ( 'NONE', #3455 ) ;
#1654 = SURFACE_STYLE_USAGE ( .BOTH. , #3318 ) ;
#1655 = FILL_AREA_STYLE_COLOUR ( '', #605 ) ;
#1656 = STYLED_ITEM ( 'NONE', ( #4691 ), #3512 ) ;
#1657 = FILL_AREA_STYLE ('',( #5273 ) ) ;
#1658 = B_SPLINE_CURVE_WITH_KNOTS ( 'NONE', 3,
 ( #4296, #4257, #6617, #216, #4874, #3772, #4217, #1401, #109, #3697, #5397, #6687, #1288, #809, #6104, #6652, #7237, #1320 ),
 .UNSPECIFIED., .F., .F.,
 ( 4, 2, 2, 2, 2, 2, 2, 2, 4 ),
 ( 0.005772523578963711065, 0.006253562060437044962, 0.006734600541910378858, 0.007215639023383712755, 0.007696677504857047519, 0.008177715986330380549, 0.008658754467803715313, 0.009139792949277050077, 0.009620831430750383106 ),
 .UNSPECIFIED. ) ;
#1659 = ADVANCED_FACE ( 'NONE', ( #1752 ), #7588, .F. ) ;
#1660 = DIRECTION ( 'NONE',  ( 0.000000000000000000, 0.4999999999999981126, -0.8660254037844398178 ) ) ;
#1661 = SURFACE_STYLE_FILL_AREA ( #6414 ) ;
#1662 = SURFACE_SIDE_STYLE ('',( #4614 ) ) ;
#1663 = DIRECTION ( 'NONE',  ( 0.000000000000000000, -0.8660254037844397068, -0.4999999999999981126 ) ) ;
#1664 = VERTEX_POINT ( 'NONE', #490 ) ;
#1665 = SURFACE_STYLE_FILL_AREA ( #999 ) ;
#1666 = AXIS2_PLACEMENT_3D ( 'NONE', #2687, #5772, #2260 ) ;
#1667 = SURFACE_SIDE_STYLE ('',( #522 ) ) ;
#1668 = PRESENTATION_STYLE_ASSIGNMENT (( #64 ) ) ;
#1669 = CARTESIAN_POINT ( 'NONE',  ( -0.3374999999999969691, -5.183890602451905139, -1.761505952817311149 ) ) ;
#1670 = ORIENTED_EDGE ( 'NONE', *, *, #4680, .T. ) ;
#1671 = ORIENTED_EDGE ( 'NONE', *, *, #3838, .T. ) ;
#1672 = SPHERICAL_SURFACE ( 'NONE', #6210, 1.124999999999995115 ) ;
#1673 = CARTESIAN_POINT ( 'NONE',  ( -0.3374999999999969691, 4.546633369868336771, 2.624999999999942268 ) ) ;
#1674 = EDGE_LOOP ( 'NONE', ( #6692, #18, #7700, #6999 ) ) ;
#1675 = DIRECTION ( 'NONE',  ( 0.000000000000000000, 0.000000000000000000, -1.000000000000000000 ) ) ;
#1676 = SPHERICAL_SURFACE ( 'NONE', #500, 1.237499999999996936 ) ;
#1677 = DIRECTION ( 'NONE',  ( 0.000000000000000000, 0.000000000000000000, 1.000000000000000000 ) ) ;
#1678 =( GEOMETRIC_REPRESENTATION_CONTEXT ( 3 ) GLOBAL_UNCERTAINTY_ASSIGNED_CONTEXT ( ( #3519 ) ) GLOBAL_UNIT_ASSIGNED_CONTEXT ( ( #4838, #5581, #7429 ) ) REPRESENTATION_CONTEXT ( 'NONE', 'WORKASPACE' ) );
#1679 =( NAMED_UNIT ( * ) SI_UNIT ( $, .STERADIAN. ) SOLID_ANGLE_UNIT ( ) );
#1680 = EDGE_LOOP ( 'NONE', ( #7240, #2313, #3457, #3408 ) ) ;
#1681 = ORIENTED_EDGE ( 'NONE', *, *, #2453, .T. ) ;
#1682 = DIRECTION ( 'NONE',  ( 0.000000000000000000, 1.000000000000000000, 0.000000000000000000 ) ) ;
#1683 = SURFACE_STYLE_USAGE ( .BOTH. , #2276 ) ;
#1684 = AXIS2_PLACEMENT_3D ( 'NONE', #5102, #3424, #4586 ) ;
#1685 = CARTESIAN_POINT ( 'NONE',  ( 1.060888576746104039, 3.017419481698574657, 4.020771965135005566 ) ) ;
#1686 = EDGE_CURVE ( 'NONE', #1213, #1622, #4806, .T. ) ;
#1687 = CARTESIAN_POINT ( 'NONE',  ( -0.2288940565161948493, -3.635584375318186012, -4.093829020219217796 ) ) ;
#1688 =( LENGTH_UNIT ( ) NAMED_UNIT ( * ) SI_UNIT ( .MILLI., .METRE. ) );
#1689 = VERTEX_POINT ( 'NONE', #1669 ) ;
#1690 = CIRCLE ( 'NONE', #2450, 5.025000000000001243 ) ;
#1691 = EDGE_CURVE ( 'NONE', #814, #1357, #1482, .T. ) ;
#1692 = CARTESIAN_POINT ( 'NONE',  ( 0.3375000000000030753, -1.575657362522887572, 4.771575093816236013 ) ) ;
#1693 =( LENGTH_UNIT ( ) NAMED_UNIT ( * ) SI_UNIT ( .MILLI., .METRE. ) );
#1694 = B_SPLINE_CURVE_WITH_KNOTS ( 'NONE', 3,
 ( #3020, #6632, #1336, #552, #5341, #3600, #5309, #2406, #4194, #2946, #5442, #4893, #6558, #7718, #7298, #3056, #3675, #5369 ),
 .UNSPECIFIED., .F., .F.,
 ( 4, 2, 2, 2, 2, 2, 2, 2, 4 ),
 ( 0.005772523578963804740, 0.006253562060437139504, 0.006734600541910474268, 0.007215639023383808165, 0.007696677504857142929, 0.008177715986330477693, 0.008658754467803810723, 0.009139792949277147222, 0.009620831430750480251 ),
 .UNSPECIFIED. ) ;
#1695 =( GEOMETRIC_REPRESENTATION_CONTEXT ( 3 ) GLOBAL_UNCERTAINTY_ASSIGNED_CONTEXT ( ( #5752 ) ) GLOBAL_UNIT_ASSIGNED_CONTEXT ( ( #4956, #4441, #862 ) ) REPRESENTATION_CONTEXT ( 'NONE', 'WORKASPACE' ) );
#1696 = TOROIDAL_SURFACE ( 'NONE', #2575, 7.300000000000000711, 0.1999999999999990119 ) ;
#1697 = DIRECTION ( 'NONE',  ( -1.000000000000000000, -0.000000000000000000, -0.000000000000000000 ) ) ;
#1698 = PRESENTATION_STYLE_ASSIGNMENT (( #2911 ) ) ;
#1699 =( LENGTH_UNIT ( ) NAMED_UNIT ( * ) SI_UNIT ( .MILLI., .METRE. ) );
#1700 = EDGE_CURVE ( 'NONE', #564, #3839, #5561, .T. ) ;
#1701 = CARTESIAN_POINT ( 'NONE',  ( -0.1161341008344225212, -1.119593104928694238, 5.359303712898462635 ) ) ;
#1702 = PRESENTATION_STYLE_ASSIGNMENT (( #4573 ) ) ;
#1703 = ORIENTED_EDGE ( 'NONE', *, *, #1782, .F. ) ;
#1704 = CARTESIAN_POINT ( 'NONE',  ( -0.1161341008348404230, -3.649247927219313237, 4.081496609502043071 ) ) ;
#1705 = DIRECTION ( 'NONE',  ( 1.000000000000000000, 0.000000000000000000, 0.000000000000000000 ) ) ;
#1706 = FACE_BOUND ( 'NONE', #7030, .T. ) ;
#1707 = PRESENTATION_LAYER_ASSIGNMENT (  '', '', ( #5061 ) ) ;
#1708 = DIRECTION ( 'NONE',  ( -1.000000000000000000, -0.000000000000000000, -0.000000000000000000 ) ) ;
#1709 = CARTESIAN_POINT ( 'NONE',  ( -0.2288706956799329006, -1.543028613918586256, 4.782349675994540306 ) ) ;
#1710 = CARTESIAN_POINT ( 'NONE',  ( -1.216873555469090595, -2.650222503234678673, -4.272263529700793150 ) ) ;
#1711 = ORIENTED_EDGE ( 'NONE', *, *, #2984, .F. ) ;
#1712 = ORIENTED_EDGE ( 'NONE', *, *, #6175, .T. ) ;
#1713 = SURFACE_STYLE_USAGE ( .BOTH. , #452 ) ;
#1714 = DIRECTION ( 'NONE',  ( 0.000000000000000000, -2.424645754362712447E-15, -1.000000000000000000 ) ) ;
#1715 = ADVANCED_FACE ( 'NONE', ( #4245 ), #5453, .F. ) ;
#1716 = ORIENTED_EDGE ( 'NONE', *, *, #6097, .T. ) ;
#1717 = DIRECTION ( 'NONE',  ( 0.000000000000000000, 0.4999999999999949485, -0.8660254037844415942 ) ) ;
#1718 = STYLED_ITEM ( 'NONE', ( #6635 ), #4182 ) ;
#1719 = CARTESIAN_POINT ( 'NONE',  ( 2.951763000829056837E-15, 2.625000000000053291, 4.546633369868272823 ) ) ;
#1720 = DIRECTION ( 'NONE',  ( -1.000000000000000000, -0.000000000000000000, -0.000000000000000000 ) ) ;
#1721 = CARTESIAN_POINT ( 'NONE',  ( -0.1561588338129538400, -1.418131903940978100, 4.820739249744123711 ) ) ;
#1722 = VERTEX_POINT ( 'NONE', #6010 ) ;
#1723 = EDGE_LOOP ( 'NONE', ( #6723, #182, #2719, #1787 ) ) ;
#1724 = CARTESIAN_POINT ( 'NONE',  ( 0.3375000000000044631, 4.894821428571431099, 1.136375018379914836 ) ) ;
#1725 = CARTESIAN_POINT ( 'NONE',  ( -19.92709219242683361, 0.000000000000000000, 0.000000000000000000 ) ) ;
#1726 = CIRCLE ( 'NONE', #3954, 5.475000000000000533 ) ;
#1727 = ORIENTED_EDGE ( 'NONE', *, *, #7173, .T. ) ;
#1728 = UNCERTAINTY_MEASURE_WITH_UNIT (LENGTH_MEASURE( 1.000000000000000082E-05 ), #2716, 'distance_accuracy_value', 'NONE');
#1729 =( NAMED_UNIT ( * ) SI_UNIT ( $, .STERADIAN. ) SOLID_ANGLE_UNIT ( ) );
#1730 = ADVANCED_FACE ( 'NONE', ( #1348 ), #1862, .T. ) ;
#1731 =( GEOMETRIC_REPRESENTATION_CONTEXT ( 3 ) GLOBAL_UNCERTAINTY_ASSIGNED_CONTEXT ( ( #959 ) ) GLOBAL_UNIT_ASSIGNED_CONTEXT ( ( #5239, #1118, #1740 ) ) REPRESENTATION_CONTEXT ( 'NONE', 'WORKASPACE' ) );
#1732 =( NAMED_UNIT ( * ) SI_UNIT ( $, .STERADIAN. ) SOLID_ANGLE_UNIT ( ) );
#1733 = DIRECTION ( 'NONE',  ( 0.000000000000000000, 0.000000000000000000, -1.000000000000000000 ) ) ;
#1734 = COLOUR_RGB ( '',0.5294117647058823595, 0.5490196078431373028, 0.5490196078431373028 ) ;
#1735 = MECHANICAL_DESIGN_GEOMETRIC_PRESENTATION_REPRESENTATION (  '', ( #3343 ), #4959 ) ;
#1736 = STYLED_ITEM ( 'NONE', ( #2127 ), #5152 ) ;
#1737 = SURFACE_SIDE_STYLE ('',( #5236 ) ) ;
#1738 = CARTESIAN_POINT ( 'NONE',  ( -0.3374999999999969691, -5.370133928571430459, 1.066436397168616601 ) ) ;
#1739 = CARTESIAN_POINT ( 'NONE',  ( 0.3375000000000029088, 1.761505952817403520, 5.183890602451876717 ) ) ;
#1740 =( NAMED_UNIT ( * ) SI_UNIT ( $, .STERADIAN. ) SOLID_ANGLE_UNIT ( ) );
#1741 = ORIENTED_EDGE ( 'NONE', *, *, #494, .F. ) ;
#1742 = MECHANICAL_DESIGN_GEOMETRIC_PRESENTATION_REPRESENTATION (  '', ( #3601 ), #3985 ) ;
#1743 = DIRECTION ( 'NONE',  ( 0.000000000000000000, -1.000000000000000000, 0.000000000000000000 ) ) ;
#1744 = CARTESIAN_POINT ( 'NONE',  ( -2.441421356237307272, 7.506214549090036045E-16, -6.058578643762684734 ) ) ;
#1745 =( NAMED_UNIT ( * ) PLANE_ANGLE_UNIT ( ) SI_UNIT ( $, .RADIAN. ) );
#1746 = EDGE_CURVE ( 'NONE', #5261, #7203, #6978, .T. ) ;
#1747 = CIRCLE ( 'NONE', #1615, 1.237499999999996936 ) ;
#1748 = B_SPLINE_CURVE_WITH_KNOTS ( 'NONE', 3,
 ( #918, #6252, #3289, #3371, #5722, #408, #4974, #7380, #2019, #4394, #6765, #5565, #325, #4422, #3806, #5088, #7496, #2136 ),
 .UNSPECIFIED., .F., .F.,
 ( 4, 2, 2, 2, 2, 2, 2, 2, 4 ),
 ( 0.001883778963244842194, 0.002354457140183676203, 0.002825135317122509995, 0.003295813494061344221, 0.003766491671000178447, 0.004237169847939012239, 0.004707848024877846031, 0.005178526201816680691, 0.005649204378755514483 ),
 .UNSPECIFIED. ) ;
#1749 = CARTESIAN_POINT ( 'NONE',  ( 0.1630295018219760639, 1.234600566027750812, -5.333984106152902527 ) ) ;
#1750 = VECTOR ( 'NONE', #7309, 1000.000000000000000 ) ;
#1751 = CARTESIAN_POINT ( 'NONE',  ( 0.2294076944467772217, 1.727728249028931407, 5.195368396035665803 ) ) ;
#1752 = FACE_OUTER_BOUND ( 'NONE', #5545, .T. ) ;
#1753 = ORIENTED_EDGE ( 'NONE', *, *, #712, .F. ) ;
#1754 = ORIENTED_EDGE ( 'NONE', *, *, #7173, .F. ) ;
#1755 = DIRECTION ( 'NONE',  ( 1.000000000000000000, 0.000000000000000000, 0.000000000000000000 ) ) ;
#1756 =( NAMED_UNIT ( * ) SI_UNIT ( $, .STERADIAN. ) SOLID_ANGLE_UNIT ( ) );
#1757 = EDGE_LOOP ( 'NONE', ( #5203, #2537 ) ) ;
#1758 = B_SPLINE_CURVE_WITH_KNOTS ( 'NONE', 3,
 ( #5032, #4439, #3986, #6237, #6827, #940, #1023, #1759, #3391, #4137, #3537, #389, #1603, #2817, #5184, #4524, #5662, #345 ),
 .UNSPECIFIED., .F., .F.,
 ( 4, 2, 2, 2, 2, 2, 2, 2, 4 ),
 ( 0.001924500009533366062, 0.002405502955712159920, 0.002886505901890953560, 0.003367508848069746333, 0.003848511794248539973, 0.004329514740427332746, 0.004810517686606126386, 0.005291520632784919159, 0.005772523578963712799 ),
 .UNSPECIFIED. ) ;
#1759 = CARTESIAN_POINT ( 'NONE',  ( -0.3219498304303024527, -1.629749021142122611, -5.227196995772985133 ) ) ;
#1760 = AXIS2_PLACEMENT_3D ( 'NONE', #3194, #697, #4884 ) ;
#1761 = SURFACE_STYLE_FILL_AREA ( #1136 ) ;
#1762 = DIRECTION ( 'NONE',  ( 0.000000000000000000, -0.8660254037844363761, 0.5000000000000038858 ) ) ;
#1763 = EDGE_CURVE ( 'NONE', #1995, #4144, #4461, .T. ) ;
#1764 =( LENGTH_UNIT ( ) NAMED_UNIT ( * ) SI_UNIT ( .MILLI., .METRE. ) );
#1765 = PRESENTATION_LAYER_ASSIGNMENT (  '', '', ( #3003 ) ) ;
#1766 = FILL_AREA_STYLE_COLOUR ( '', #4181 ) ;
#1767 = CARTESIAN_POINT ( 'NONE',  ( -0.9689635404861054457, -1.849409760455088758, 4.673595488726403957 ) ) ;
#1768 = CIRCLE ( 'NONE', #5460, 1.124999999999994893 ) ;
#1769 = EDGE_LOOP ( 'NONE', ( #4907, #4123, #4502, #6584 ) ) ;
#1770 = ORIENTED_EDGE ( 'NONE', *, *, #6901, .F. ) ;
#1771 = FILL_AREA_STYLE_COLOUR ( '', #4863 ) ;
#1772 = AXIS2_PLACEMENT_3D ( 'NONE', #291, #4425, #2176 ) ;
#1773 = FILL_AREA_STYLE_COLOUR ( '', #2497 ) ;
#1774 = CARTESIAN_POINT ( 'NONE',  ( 0.9682255742437095858, -3.938032942102168921, -3.123217765420620573 ) ) ;
#1775 = STYLED_ITEM ( 'NONE', ( #6902 ), #2780 ) ;
#1776 = ORIENTED_EDGE ( 'NONE', *, *, #4782, .T. ) ;
#1777 = SURFACE_STYLE_USAGE ( .BOTH. , #4110 ) ;
#1778 =( NAMED_UNIT ( * ) PLANE_ANGLE_UNIT ( ) SI_UNIT ( $, .RADIAN. ) );
#1779 = CARTESIAN_POINT ( 'NONE',  ( -0.3374999999999970246, -1.021228243303213379, 4.920133928571440940 ) ) ;
#1780 = CIRCLE ( 'NONE', #7012, 5.475000000000002309 ) ;
#1781 = DIRECTION ( 'NONE',  ( -1.000000000000000000, -0.000000000000000000, -0.000000000000000000 ) ) ;
#1782 = EDGE_CURVE ( 'NONE', #3046, #6433, #6660, .T. ) ;
#1783 = DIRECTION ( 'NONE',  ( 0.000000000000000000, -0.8660254037844380415, 0.5000000000000011102 ) ) ;
#1784 = SURFACE_STYLE_USAGE ( .BOTH. , #4853 ) ;
#1785 = CIRCLE ( 'NONE', #6120, 7.300000000000000711 ) ;
#1786 = CARTESIAN_POINT ( 'NONE',  ( -2.299999999999996270, 0.000000000000000000, 0.000000000000000000 ) ) ;
#1787 = ORIENTED_EDGE ( 'NONE', *, *, #5117, .T. ) ;
#1788 = CARTESIAN_POINT ( 'NONE',  ( -1.066282750803659862, -5.441915680519989529, 0.6191446342662231261 ) ) ;
#1789 = CARTESIAN_POINT ( 'NONE',  ( 0.8851110373851236446, 5.432925817713881500, 0.6854902341587162384 ) ) ;
#1790 = CARTESIAN_POINT ( 'NONE',  ( 2.951763000829056837E-15, 4.546633369868299468, -2.625000000000005329 ) ) ;
#1791 = SURFACE_SIDE_STYLE ('',( #6499 ) ) ;
#1792 = EDGE_LOOP ( 'NONE', ( #6766, #192 ) ) ;
#1793 = CARTESIAN_POINT ( 'NONE',  ( 2.951763000829056837E-15, 2.624999999999989786, -4.546633369868309238 ) ) ;
#1794 = ORIENTED_EDGE ( 'NONE', *, *, #727, .F. ) ;
#1795 = EDGE_CURVE ( 'NONE', #733, #763, #4589, .T. ) ;
#1796 = MECHANICAL_DESIGN_GEOMETRIC_PRESENTATION_REPRESENTATION (  '', ( #5490 ), #6634 ) ;
#1797 = AXIS2_PLACEMENT_3D ( 'NONE', #4327, #1913, #6686 ) ;
#1798 = CARTESIAN_POINT ( 'NONE',  ( 0.3375000000000030753, 1.021228243303316408, 4.920133928571419624 ) ) ;
#1799 = SURFACE_STYLE_USAGE ( .BOTH. , #5150 ) ;
#1800 = AXIS2_PLACEMENT_3D ( 'NONE', #3387, #6303, #4477 ) ;
#1801 = FILL_AREA_STYLE_COLOUR ( '', #7569 ) ;
#1802 = DIRECTION ( 'NONE',  ( 0.000000000000000000, -0.8660254037844415942, -0.4999999999999948375 ) ) ;
#1803 = EDGE_LOOP ( 'NONE', ( #2964, #7319, #836, #3104 ) ) ;
#1804 = VERTEX_POINT ( 'NONE', #5972 ) ;
#1805 = FACE_OUTER_BOUND ( 'NONE', #5359, .T. ) ;
#1806 =( LENGTH_UNIT ( ) NAMED_UNIT ( * ) SI_UNIT ( .MILLI., .METRE. ) );
#1807 = EDGE_CURVE ( 'NONE', #5140, #1722, #643, .T. ) ;
#1808 = CYLINDRICAL_SURFACE ( 'NONE', #7423, 5.999999999999997335 ) ;
#1809 = CARTESIAN_POINT ( 'NONE',  ( 0.3375000000000029088, -4.117454205283250346, 3.608627975754123085 ) ) ;
#1810 = CARTESIAN_POINT ( 'NONE',  ( -0.2283429028092225088, 4.093709127072194143, 3.635721173720720678 ) ) ;
#1811 = AXIS2_PLACEMENT_3D ( 'NONE', #764, #5495, #6724 ) ;
#1812 = CARTESIAN_POINT ( 'NONE',  ( 3.103313042223541504E-15, 0.000000000000000000, 4.012500000000002842 ) ) ;
#1813 = AXIS2_PLACEMENT_3D ( 'NONE', #6016, #1285, #5353 ) ;
#1814 = COLOUR_RGB ( '',0.6470588235294117974, 0.6196078431372549211, 0.5882352941176470784 ) ;
#1815 = CIRCLE ( 'NONE', #303, 5.025000000000001243 ) ;
#1816 = DIRECTION ( 'NONE',  ( 0.000000000000000000, -0.5000000000000008882, -0.8660254037844381525 ) ) ;
#1817 = DIRECTION ( 'NONE',  ( 0.000000000000000000, 0.000000000000000000, 1.000000000000000000 ) ) ;
#1818 = PRESENTATION_LAYER_ASSIGNMENT (  '', '', ( #7051 ) ) ;
#1819 = CARTESIAN_POINT ( 'NONE',  ( -0.1142805824610624854, -3.715423797418360596, -3.383230854298441059 ) ) ;
#1820 = DIRECTION ( 'NONE',  ( 0.000000000000000000, 0.000000000000000000, 1.000000000000000000 ) ) ;
#1821 = PRESENTATION_STYLE_ASSIGNMENT (( #6671 ) ) ;
#1822 = CARTESIAN_POINT ( 'NONE',  ( -0.3219498304303023417, -5.341759899496159925, -1.202194443784616595 ) ) ;
#1823 = CARTESIAN_POINT ( 'NONE',  ( 2.951763000829056837E-15, -1.833027702892645012E-14, -5.250000000000000000 ) ) ;
#1824 = EDGE_LOOP ( 'NONE', ( #6844, #7506, #7351, #3701 ) ) ;
#1825 = PRESENTATION_LAYER_ASSIGNMENT (  '', '', ( #6789 ) ) ;
#1826 = CARTESIAN_POINT ( 'NONE',  ( -1.185664645333960543, -5.467519656380322779, 0.3225138123008158830 ) ) ;
#1827 = CYLINDRICAL_SURFACE ( 'NONE', #6349, 5.475000000000000533 ) ;
#1828 = DIRECTION ( 'NONE',  ( 0.000000000000000000, -3.369016658928398207E-15, -1.000000000000000000 ) ) ;
#1829 = CARTESIAN_POINT ( 'NONE',  ( -0.1160098891555720324, -1.072078301807138478, -4.909304749421647074 ) ) ;
#1830 = CARTESIAN_POINT ( 'NONE',  ( -0.3374999999999969691, 5.025000000000001243, 0.000000000000000000 ) ) ;
#1831 = VERTEX_POINT ( 'NONE', #173 ) ;
#1832 = CARTESIAN_POINT ( 'NONE',  ( 0.6182595144253225650, -3.617249411575674589, -4.110372429053020582 ) ) ;
#1833 = ORIENTED_EDGE ( 'NONE', *, *, #6641, .T. ) ;
#1834 = EDGE_CURVE ( 'NONE', #150, #5492, #6334, .T. ) ;
#1835 = SURFACE_STYLE_FILL_AREA ( #7278 ) ;
#1836 = DIRECTION ( 'NONE',  ( 0.000000000000000000, -0.8660254037844363761, 0.5000000000000039968 ) ) ;
#1837 = UNCERTAINTY_MEASURE_WITH_UNIT (LENGTH_MEASURE( 1.000000000000000082E-05 ), #2965, 'distance_accuracy_value', 'NONE');
#1838 = CARTESIAN_POINT ( 'NONE',  ( -2.299999999999997602, 5.265981236333621429E-16, -4.300000000000001599 ) ) ;
#1839 = ORIENTED_EDGE ( 'NONE', *, *, #4693, .T. ) ;
#1840 = ORIENTED_EDGE ( 'NONE', *, *, #5026, .F. ) ;
#1841 = SPHERICAL_SURFACE ( 'NONE', #870, 1.237499999999996936 ) ;
#1842 = CARTESIAN_POINT ( 'NONE',  ( -1.060068109014960847, -4.624251323185571749, -1.971817333347555046 ) ) ;
#1843 = COLOUR_RGB ( '',0.4862745098039215619, 0.2352941176470588203, 0.01568627450980392135 ) ;
#1844 = SURFACE_SIDE_STYLE ('',( #4724 ) ) ;
#1845 = B_SPLINE_CURVE_WITH_KNOTS ( 'NONE', 3,
 ( #7158, #2420, #7635, #4787, #6574, #453, #2845, #4055, #3458, #5812, #6457, #1132, #3497, #5975, #4248, #3617, #2459, #646 ),
 .UNSPECIFIED., .F., .F.,
 ( 4, 2, 2, 2, 2, 2, 2, 2, 4 ),
 ( 0.001924500009535643971, 0.002405502955714994891, 0.002886505901894345812, 0.003367508848073696732, 0.003848511794253047652, 0.004329514740432399006, 0.004810517686611749492, 0.005291520632791099979, 0.005772523578970451333 ),
 .UNSPECIFIED. ) ;
#1846 = CARTESIAN_POINT ( 'NONE',  ( -1.216873555469091261, 5.475000000000001421, -1.167353663457087917E-16 ) ) ;
#1847 = APPLICATION_PROTOCOL_DEFINITION ( 'draft international standard', 'automotive_design', 1998, #777 ) ;
#1848 = ADVANCED_FACE ( 'NONE', ( #4937 ), #3844, .T. ) ;
#1849 = B_SPLINE_CURVE_WITH_KNOTS ( 'NONE', 3,
 ( #3254, #6842, #2757, #5126, #7541, #3329, #3957, #363, #6329, #2171, #6172, #4454, #2053, #4537, #1508, #2680, #5610, #5681 ),
 .UNSPECIFIED., .F., .F.,
 ( 4, 2, 2, 2, 2, 2, 2, 2, 4 ),
 ( 0.001924500009533366279, 0.002405502955712159486, 0.002886505901890952693, 0.003367508848069745899, 0.003848511794248539106, 0.004329514740427331879, 0.004810517686606125519, 0.005291520632784919159, 0.005772523578963711932 ),
 .UNSPECIFIED. ) ;
#1850 = CLOSED_SHELL ( 'NONE', ( #2905, #626, #6633, #5724, #3720, #3148 ) ) ;
#1851 = DIRECTION ( 'NONE',  ( 0.000000000000000000, -1.224646799147353454E-16, 1.000000000000000000 ) ) ;
#1852 = SURFACE_SIDE_STYLE ('',( #1228 ) ) ;
#1853 = CARTESIAN_POINT ( 'NONE',  ( 0.3375000000000044631, 0.000000000000000000, 0.000000000000000000 ) ) ;
#1854 = ORIENTED_EDGE ( 'NONE', *, *, #6819, .T. ) ;
#1855 = TOROIDAL_SURFACE ( 'NONE', #4721, 4.300000000000001599, 0.2000000000000005107 ) ;
#1856 =( LENGTH_UNIT ( ) NAMED_UNIT ( * ) SI_UNIT ( .MILLI., .METRE. ) );
#1857 = CARTESIAN_POINT ( 'NONE',  ( -1.216873555469089929, -5.025000000000000355, 2.755257819284879569E-17 ) ) ;
#1858 = CARTESIAN_POINT ( 'NONE',  ( -0.3374999999999970246, -3.344476566048514954, -3.750346850512941366 ) ) ;
#1859 = PRESENTATION_LAYER_ASSIGNMENT (  '', '', ( #6833 ) ) ;
#1860 = CARTESIAN_POINT ( 'NONE',  ( -0.2290589410534135950, 1.054814556310215590, -4.913162717639152355 ) ) ;
#1861 = AXIS2_PLACEMENT_3D ( 'NONE', #5002, #7409, #1936 ) ;
#1862 = CYLINDRICAL_SURFACE ( 'NONE', #3473, 5.475000000000000533 ) ;
#1863 = VERTEX_POINT ( 'NONE', #5382 ) ;
#1864 = CARTESIAN_POINT ( 'NONE',  ( 0.7539527812220766512, -0.9848710283010765343, 5.386927960990101738 ) ) ;
#1865 = ORIENTED_EDGE ( 'NONE', *, *, #5667, .T. ) ;
#1866 = AXIS2_PLACEMENT_3D ( 'NONE', #3349, #1561, #4436 ) ;
#1867 = CARTESIAN_POINT ( 'NONE',  ( 2.951763000829056837E-15, -4.546633369868319008, -2.624999999999973799 ) ) ;
#1868 =( GEOMETRIC_REPRESENTATION_CONTEXT ( 3 ) GLOBAL_UNCERTAINTY_ASSIGNED_CONTEXT ( ( #1495 ) ) GLOBAL_UNIT_ASSIGNED_CONTEXT ( ( #1959, #3157, #4010 ) ) REPRESENTATION_CONTEXT ( 'NONE', 'WORKASPACE' ) );
#1869 = CIRCLE ( 'NONE', #4473, 1.237499999999996714 ) ;
#1870 = ADVANCED_FACE ( 'NONE', ( #2284 ), #4072, .T. ) ;
#1871 = SURFACE_STYLE_FILL_AREA ( #6732 ) ;
#1872 = AXIS2_PLACEMENT_3D ( 'NONE', #13, #1176, #2352 ) ;
#1873 = DIRECTION ( 'NONE',  ( 0.000000000000000000, 0.000000000000000000, -1.000000000000000000 ) ) ;
#1874 = ORIENTED_EDGE ( 'NONE', *, *, #629, .T. ) ;
#1875 = EDGE_LOOP ( 'NONE', ( #6269, #5900 ) ) ;
#1876 = AXIS2_PLACEMENT_3D ( 'NONE', #6246, #320, #4494 ) ;
#1877 = SURFACE_SIDE_STYLE ('',( #3047 ) ) ;
#1878 = DIRECTION ( 'NONE',  ( 0.000000000000000000, 0.000000000000000000, 1.000000000000000000 ) ) ;
#1879 = ORIENTED_EDGE ( 'NONE', *, *, #5605, .F. ) ;
#1880 = CARTESIAN_POINT ( 'NONE',  ( 0.3375000000004502732, 5.344821428571457922, 1.186806174858960672 ) ) ;
#1881 = COLOUR_RGB ( '',1.000000000000000000, 1.000000000000000000, 1.000000000000000000 ) ;
#1882 = FILL_AREA_STYLE ('',( #5432 ) ) ;
#1883 =( LENGTH_UNIT ( ) NAMED_UNIT ( * ) SI_UNIT ( .MILLI., .METRE. ) );
#1884 = CARTESIAN_POINT ( 'NONE',  ( -2.300000000000001599, 0.000000000000000000, 0.000000000000000000 ) ) ;
#1885 = CIRCLE ( 'NONE', #6226, 1.073181601594058732 ) ;
#1886 = B_SPLINE_CURVE_WITH_KNOTS ( 'NONE', 3,
 ( #401, #949, #6477, #5365, #1774, #3514, #3012, #5873, #6319, #7132, #2940, #4148, #5299, #987, #4765, #5714, #48, #6516 ),
 .UNSPECIFIED., .F., .F.,
 ( 4, 2, 2, 2, 2, 2, 2, 2, 4 ),
 ( 0.005649204378755474584, 0.006119817975306281535, 0.006590431571857088486, 0.007061045168407894569, 0.007531658764958701520, 0.008002272361509507603, 0.008472885958060314554, 0.008943499554611121505, 0.009414113151161928456 ),
 .UNSPECIFIED. ) ;
#1887 = SURFACE_STYLE_FILL_AREA ( #1184 ) ;
#1888 = DIRECTION ( 'NONE',  ( -0.000000000000000000, -0.4999999999999888978, 0.8660254037844450359 ) ) ;
#1889 = EDGE_CURVE ( 'NONE', #326, #3557, #985, .T. ) ;
#1890 = FILL_AREA_STYLE ('',( #7257 ) ) ;
#1891 = MECHANICAL_DESIGN_GEOMETRIC_PRESENTATION_REPRESENTATION (  '', ( #7006 ), #6111 ) ;
#1892 =( NAMED_UNIT ( * ) PLANE_ANGLE_UNIT ( ) SI_UNIT ( $, .RADIAN. ) );
#1893 =( GEOMETRIC_REPRESENTATION_CONTEXT ( 3 ) GLOBAL_UNCERTAINTY_ASSIGNED_CONTEXT ( ( #7045 ) ) GLOBAL_UNIT_ASSIGNED_CONTEXT ( ( #61, #3099, #6007 ) ) REPRESENTATION_CONTEXT ( 'NONE', 'WORKASPACE' ) );
#1894 = FILL_AREA_STYLE_COLOUR ( '', #6565 ) ;
#1895 = CARTESIAN_POINT ( 'NONE',  ( 0.3375000000000030753, -4.920133928571429394, 1.021228243303264893 ) ) ;
#1896 = CARTESIAN_POINT ( 'NONE',  ( 0.3375000000000044631, 0.000000000000000000, 0.000000000000000000 ) ) ;
#1897 = CARTESIAN_POINT ( 'NONE',  ( 0.6066795256490231658, -1.559643906801543745, -4.777195101010557110 ) ) ;
#1898 = EDGE_CURVE ( 'NONE', #5732, #4098, #5116, .T. ) ;
#1899 = ADVANCED_FACE ( 'NONE', ( #6367 ), #6874, .F. ) ;
#1900 = DIRECTION ( 'NONE',  ( 0.000000000000000000, 0.000000000000000000, 1.000000000000000000 ) ) ;
#1901 = FILL_AREA_STYLE_COLOUR ( '', #5224 ) ;
#1902 = DIRECTION ( 'NONE',  ( 0.000000000000000000, -3.369016658928398602E-15, -1.000000000000000000 ) ) ;
#1903 =( GEOMETRIC_REPRESENTATION_CONTEXT ( 3 ) GLOBAL_UNCERTAINTY_ASSIGNED_CONTEXT ( ( #7365 ) ) GLOBAL_UNIT_ASSIGNED_CONTEXT ( ( #5043, #5608, #2132 ) ) REPRESENTATION_CONTEXT ( 'NONE', 'WORKASPACE' ) );
#1904 = PLANE ( 'NONE',  #2153 ) ;
#1905 = CARTESIAN_POINT ( 'NONE',  ( -0.1138098578508688619, 1.526124201487591758, -4.787647639671318345 ) ) ;
#1906 = ORIENTED_EDGE ( 'NONE', *, *, #5851, .T. ) ;
#1907 = CARTESIAN_POINT ( 'NONE',  ( 1.185664645333966982, -0.3225138123007598723, 5.467519656380328996 ) ) ;
#1908 = VERTEX_POINT ( 'NONE', #5878 ) ;
#1909 = SURFACE_SIDE_STYLE ('',( #1835 ) ) ;
#1910 =( LENGTH_UNIT ( ) NAMED_UNIT ( * ) SI_UNIT ( .MILLI., .METRE. ) );
#1911 =( NAMED_UNIT ( * ) SI_UNIT ( $, .STERADIAN. ) SOLID_ANGLE_UNIT ( ) );
#1912 = CARTESIAN_POINT ( 'NONE',  ( -0.2290589410532185011, 4.782331004557228482, -1.543085156773248423 ) ) ;
#1913 = DIRECTION ( 'NONE',  ( -1.000000000000000000, -0.000000000000000000, -0.000000000000000000 ) ) ;
#1914 = DIRECTION ( 'NONE',  ( 0.000000000000000000, 1.000000000000000000, 0.000000000000000000 ) ) ;
#1915 = ORIENTED_EDGE ( 'NONE', *, *, #783, .F. ) ;
#1916 = ORIENTED_EDGE ( 'NONE', *, *, #215, .F. ) ;
#1917 = CARTESIAN_POINT ( 'NONE',  ( -1.216873555469091261, 5.746431636952718160E-14, 5.475000000000001421 ) ) ;
#1918 = CARTESIAN_POINT ( 'NONE',  ( -1.216873555469089929, 5.025000000000000355, -2.755315672134857944E-17 ) ) ;
#1919 = ORIENTED_EDGE ( 'NONE', *, *, #89, .T. ) ;
#1920 = SURFACE_STYLE_FILL_AREA ( #7288 ) ;
#1921 = DIRECTION ( 'NONE',  ( 0.000000000000000000, 0.000000000000000000, 1.000000000000000000 ) ) ;
#1922 = SURFACE_STYLE_USAGE ( .BOTH. , #7131 ) ;
#1923 = FACE_OUTER_BOUND ( 'NONE', #3966, .T. ) ;
#1924 = AXIS2_PLACEMENT_3D ( 'NONE', #5941, #7706, #1802 ) ;
#1925 = CARTESIAN_POINT ( 'NONE',  ( -0.3374999999999969691, -1.833027702892645012E-14, -5.250000000000000000 ) ) ;
#1926 = SURFACE_STYLE_USAGE ( .BOTH. , #7292 ) ;
#1927 = DIRECTION ( 'NONE',  ( -1.000000000000000000, -0.000000000000000000, -0.000000000000000000 ) ) ;
#1928 = ADVANCED_FACE ( 'NONE', ( #7177, #19 ), #2439, .T. ) ;
#1929 = EDGE_CURVE ( 'NONE', #814, #326, #1091, .T. ) ;
#1930 = DIRECTION ( 'NONE',  ( 0.000000000000000000, 0.000000000000000000, 1.000000000000000000 ) ) ;
#1931 = FILL_AREA_STYLE ('',( #1338 ) ) ;
#1932 = MECHANICAL_DESIGN_GEOMETRIC_PRESENTATION_REPRESENTATION (  '', ( #6033 ), #177 ) ;
#1933 = COLOUR_RGB ( '',0.5294117647058823595, 0.5490196078431373028, 0.5490196078431373028 ) ;
#1934 = CARTESIAN_POINT ( 'NONE',  ( 2.951763000829056837E-15, -4.546633369868282593, 2.625000000000037303 ) ) ;
#1935 = SURFACE_SIDE_STYLE ('',( #7301 ) ) ;
#1936 = DIRECTION ( 'NONE',  ( 0.000000000000000000, 0.000000000000000000, 1.000000000000000000 ) ) ;
#1937 = STYLED_ITEM ( 'NONE', ( #6682 ), #5842 ) ;
#1938 = CARTESIAN_POINT ( 'NONE',  ( -0.7428168631732738891, 3.798378139304481316, -3.291643385024366708 ) ) ;
#1939 = ADVANCED_FACE ( 'NONE', ( #7254 ), #2364, .F. ) ;
#1940 = CARTESIAN_POINT ( 'NONE',  ( 0.3375000000000044631, 0.000000000000000000, 0.000000000000000000 ) ) ;
#1941 = DIRECTION ( 'NONE',  ( 0.000000000000000000, 0.8660254037844329345, -0.5000000000000099920 ) ) ;
#1942 = VERTEX_POINT ( 'NONE', #2403 ) ;
#1943 = MECHANICAL_DESIGN_GEOMETRIC_PRESENTATION_REPRESENTATION (  '', ( #6789 ), #5897 ) ;
#1944 = CARTESIAN_POINT ( 'NONE',  ( -1.216873555469057511, -4.821884359097772688, 2.598251301820953874 ) ) ;
#1945 = ORIENTED_EDGE ( 'NONE', *, *, #159, .T. ) ;
#1946 = DIRECTION ( 'NONE',  ( 0.000000000000000000, 0.000000000000000000, 1.000000000000000000 ) ) ;
#1947 = CARTESIAN_POINT ( 'NONE',  ( 0.8779904369484849980, 4.981708605362760167, 0.6656291238751637085 ) ) ;
#1948 = STYLED_ITEM ( 'NONE', ( #5445 ), #818 ) ;
#1949 = CARTESIAN_POINT ( 'NONE',  ( -0.3374999999999969691, -1.066436397168560424, 5.370133928571442006 ) ) ;
#1950 =( NAMED_UNIT ( * ) SI_UNIT ( $, .STERADIAN. ) SOLID_ANGLE_UNIT ( ) );
#1951 = EDGE_CURVE ( 'NONE', #2681, #4656, #3782, .T. ) ;
#1952 =( NAMED_UNIT ( * ) PLANE_ANGLE_UNIT ( ) SI_UNIT ( $, .RADIAN. ) );
#1953 = EDGE_LOOP ( 'NONE', ( #4580, #635 ) ) ;
#1954 = EDGE_LOOP ( 'NONE', ( #6209, #6060, #5932, #2495 ) ) ;
#1955 =( LENGTH_UNIT ( ) NAMED_UNIT ( * ) SI_UNIT ( .MILLI., .METRE. ) );
#1956 = DIRECTION ( 'NONE',  ( -0.000000000000000000, 1.000000000000000000, 1.224646799147353207E-16 ) ) ;
#1957 = SURFACE_SIDE_STYLE ('',( #1920 ) ) ;
#1958 = CARTESIAN_POINT ( 'NONE',  ( -1.216873555469089929, -4.351777654016784957, 2.512500000000035705 ) ) ;
#1959 =( LENGTH_UNIT ( ) NAMED_UNIT ( * ) SI_UNIT ( .MILLI., .METRE. ) );
#1960 = SURFACE_SIDE_STYLE ('',( #4303 ) ) ;
#1961 = CARTESIAN_POINT ( 'NONE',  ( 2.951763000829056837E-15, -4.546633369868282593, 2.625000000000037303 ) ) ;
#1962 = FACE_OUTER_BOUND ( 'NONE', #1632, .T. ) ;
#1963 = CARTESIAN_POINT ( 'NONE',  ( 0.5596629191601022457, 5.387394969858050331, -0.9772031334803176206 ) ) ;
#1964 = AXIS2_PLACEMENT_3D ( 'NONE', #5370, #1967, #5516 ) ;
#1965 = CARTESIAN_POINT ( 'NONE',  ( -1.237499999999993827, -4.546633369868282593, 2.625000000000037303 ) ) ;
#1966 = COLOUR_RGB ( '',0.4862745098039215619, 0.2352941176470588203, 0.01568627450980392135 ) ;
#1967 = DIRECTION ( 'NONE',  ( 1.000000000000000000, 0.000000000000000000, 0.000000000000000000 ) ) ;
#1968 =( NAMED_UNIT ( * ) PLANE_ANGLE_UNIT ( ) SI_UNIT ( $, .RADIAN. ) );
#1969 = ADVANCED_FACE ( 'NONE', ( #3669, #4927 ), #157, .T. ) ;
#1970 = DIRECTION ( 'NONE',  ( 0.000000000000000000, 6.465722011633900647E-15, 1.000000000000000000 ) ) ;
#1971 = PRESENTATION_STYLE_ASSIGNMENT (( #4933 ) ) ;
#1972 =( GEOMETRIC_REPRESENTATION_CONTEXT ( 3 ) GLOBAL_UNCERTAINTY_ASSIGNED_CONTEXT ( ( #4739 ) ) GLOBAL_UNIT_ASSIGNED_CONTEXT ( ( #1688, #2238, #3517 ) ) REPRESENTATION_CONTEXT ( 'NONE', 'WORKASPACE' ) );
#1973 = CARTESIAN_POINT ( 'NONE',  ( -0.7438253088451864947, -3.291099724477458910, 3.798856746762340642 ) ) ;
#1974 =( LENGTH_UNIT ( ) NAMED_UNIT ( * ) SI_UNIT ( .MILLI., .METRE. ) );
#1975 = CARTESIAN_POINT ( 'NONE',  ( -1.124999999999992006, 5.499083108677935350E-14, 5.250000000000000000 ) ) ;
#1976 = COLOUR_RGB ( '',0.5294117647058823595, 0.5490196078431373028, 0.5490196078431373028 ) ;
#1977 = SURFACE_SIDE_STYLE ('',( #3803 ) ) ;
#1978 = SURFACE_STYLE_FILL_AREA ( #2456 ) ;
#1979 = EDGE_LOOP ( 'NONE', ( #7452, #6339, #5690, #7622 ) ) ;
#1980 = CARTESIAN_POINT ( 'NONE',  ( 1.066052540301074991, -3.257558097409376519, -4.402974996044878964 ) ) ;
#1981 = VERTEX_POINT ( 'NONE', #6698 ) ;
#1982 = CIRCLE ( 'NONE', #1352, 1.073181601594058732 ) ;
#1983 = CYLINDRICAL_SURFACE ( 'NONE', #1811, 5.475000000000000533 ) ;
#1984 = EDGE_CURVE ( 'NONE', #2615, #4905, #1370, .T. ) ;
#1985 = FILL_AREA_STYLE_COLOUR ( '', #2516 ) ;
#1986 = CIRCLE ( 'NONE', #6325, 0.1999999999999987899 ) ;
#1987 = CARTESIAN_POINT ( 'NONE',  ( -0.3374999999999970246, -3.750346850512929819, 3.344476566048528721 ) ) ;
#1988 = AXIS2_PLACEMENT_3D ( 'NONE', #432, #5271, #7683 ) ;
#1989 = CARTESIAN_POINT ( 'NONE',  ( -0.3374999999999975242, 0.000000000000000000, 0.000000000000000000 ) ) ;
#1990 = VERTEX_POINT ( 'NONE', #6629 ) ;
#1991 = VERTEX_POINT ( 'NONE', #3786 ) ;
#1992 = FILL_AREA_STYLE_COLOUR ( '', #611 ) ;
#1993 = DIRECTION ( 'NONE',  ( -1.000000000000000000, -0.000000000000000000, -0.000000000000000000 ) ) ;
#1994 = MECHANICAL_DESIGN_GEOMETRIC_PRESENTATION_REPRESENTATION (  '', ( #6459 ), #2490 ) ;
#1995 = VERTEX_POINT ( 'NONE', #7400 ) ;
#1996 = CARTESIAN_POINT ( 'NONE',  ( -0.3374999999999969691, 5.183890602451892704, -1.761505952817348231 ) ) ;
#1997 = AXIS2_PLACEMENT_3D ( 'NONE', #133, #2634, #7334 ) ;
#1998 = EDGE_CURVE ( 'NONE', #4866, #6583, #4976, .T. ) ;
#1999 = AXIS2_PLACEMENT_3D ( 'NONE', #2398, #1253, #5361 ) ;
#2000 = FILL_AREA_STYLE ('',( #2514 ) ) ;
#2001 = AXIS2_PLACEMENT_3D ( 'NONE', #4594, #2777, #5659 ) ;
#2002 = DIRECTION ( 'NONE',  ( -1.000000000000000000, -0.000000000000000000, -0.000000000000000000 ) ) ;
#2003 = ORIENTED_EDGE ( 'NONE', *, *, #6406, .T. ) ;
#2004 = COLOUR_RGB ( '',0.5294117647058823595, 0.5490196078431373028, 0.5490196078431373028 ) ;
#2005 = STYLED_ITEM ( 'NONE', ( #7396 ), #267 ) ;
#2006 = CARTESIAN_POINT ( 'NONE',  ( -0.3374999999999969691, -3.608627975754107098, -4.117454205283261892 ) ) ;
#2007 = CARTESIAN_POINT ( 'NONE',  ( 1.237499999999999822, 4.546633369868336771, 2.624999999999942268 ) ) ;
#2008 =( NAMED_UNIT ( * ) SI_UNIT ( $, .STERADIAN. ) SOLID_ANGLE_UNIT ( ) );
#2009 = CARTESIAN_POINT ( 'NONE',  ( 2.951763000829056837E-15, -4.546633369868319008, -2.624999999999973799 ) ) ;
#2010 =( GEOMETRIC_REPRESENTATION_CONTEXT ( 3 ) GLOBAL_UNCERTAINTY_ASSIGNED_CONTEXT ( ( #551 ) ) GLOBAL_UNIT_ASSIGNED_CONTEXT ( ( #1013, #6267, #2189 ) ) REPRESENTATION_CONTEXT ( 'NONE', 'WORKASPACE' ) );
#2011 = DIRECTION ( 'NONE',  ( 0.000000000000000000, 0.000000000000000000, 1.000000000000000000 ) ) ;
#2012 = ADVANCED_FACE ( 'NONE', ( #3748 ), #6398, .T. ) ;
#2013 = FILL_AREA_STYLE ('',( #2708 ) ) ;
#2014 = AXIS2_PLACEMENT_3D ( 'NONE', #7022, #7694, #7730 ) ;
#2015 = CARTESIAN_POINT ( 'NONE',  ( -1.102270384252421964, 5.475000000000000533, -3.381342772470618983E-10 ) ) ;
#2016 = AXIS2_PLACEMENT_3D ( 'NONE', #189, #4339, #5510 ) ;
#2017 = CARTESIAN_POINT ( 'NONE',  ( 1.216873555469097701, -2.737500000000022471, -4.741489085719789109 ) ) ;
#2018 = ORIENTED_EDGE ( 'NONE', *, *, #2786, .T. ) ;
#2019 = CARTESIAN_POINT ( 'NONE',  ( 0.1561588338129597520, 1.418131903941078686, 4.820739249744094401 ) ) ;
#2020 = EDGE_LOOP ( 'NONE', ( #1945, #1833 ) ) ;
#2021 =( LENGTH_UNIT ( ) NAMED_UNIT ( * ) SI_UNIT ( .MILLI., .METRE. ) );
#2022 = EDGE_CURVE ( 'NONE', #5018, #5617, #6760, .T. ) ;
#2023 = STYLED_ITEM ( 'NONE', ( #2024 ), #3064 ) ;
#2024 = PRESENTATION_STYLE_ASSIGNMENT (( #214 ) ) ;
#2025 = EDGE_CURVE ( 'NONE', #3774, #4172, #4242, .T. ) ;
#2026 = ORIENTED_EDGE ( 'NONE', *, *, #5080, .F. ) ;
#2027 = ORIENTED_EDGE ( 'NONE', *, *, #2939, .T. ) ;
#2028 = SURFACE_SIDE_STYLE ('',( #7318 ) ) ;
#2029 = MECHANICAL_DESIGN_GEOMETRIC_PRESENTATION_REPRESENTATION (  '', ( #39 ), #2286 ) ;
#2030 = CARTESIAN_POINT ( 'NONE',  ( -0.6066795256469322828, -1.037906306358319153, -4.916994269710304621 ) ) ;
#2031 = ORIENTED_EDGE ( 'NONE', *, *, #1686, .F. ) ;
#2032 = DIRECTION ( 'NONE',  ( 1.000000000000000000, 0.000000000000000000, 0.000000000000000000 ) ) ;
#2033 = FILL_AREA_STYLE_COLOUR ( '', #7492 ) ;
#2034 = EDGE_CURVE ( 'NONE', #6173, #3921, #121, .T. ) ;
#2035 = SURFACE_STYLE_FILL_AREA ( #7401 ) ;
#2036 = MECHANICAL_DESIGN_GEOMETRIC_PRESENTATION_REPRESENTATION (  '', ( #2424 ), #3396 ) ;
#2037 = ORIENTED_EDGE ( 'NONE', *, *, #5127, .T. ) ;
#2038 = CARTESIAN_POINT ( 'NONE',  ( 2.951763000829056837E-15, 5.499083108677935350E-14, 5.250000000000000000 ) ) ;
#2039 = MECHANICAL_DESIGN_GEOMETRIC_PRESENTATION_REPRESENTATION (  '', ( #5266 ), #7413 ) ;
#2040 = AXIS2_PLACEMENT_3D ( 'NONE', #1989, #4829, #3149 ) ;
#2041 = SURFACE_SIDE_STYLE ('',( #3871 ) ) ;
#2042 = FILL_AREA_STYLE_COLOUR ( '', #2213 ) ;
#2043 = UNCERTAINTY_MEASURE_WITH_UNIT (LENGTH_MEASURE( 1.000000000000000082E-05 ), #2969, 'distance_accuracy_value', 'NONE');
#2044 = EDGE_CURVE ( 'NONE', #7391, #1804, #2379, .T. ) ;
#2045 =( LENGTH_UNIT ( ) NAMED_UNIT ( * ) SI_UNIT ( .MILLI., .METRE. ) );
#2046 = UNCERTAINTY_MEASURE_WITH_UNIT (LENGTH_MEASURE( 1.000000000000000082E-05 ), #1097, 'distance_accuracy_value', 'NONE');
#2047 = CARTESIAN_POINT ( 'NONE',  ( 0.7428168631732794402, -3.291643385024326296, 3.798378139304514622 ) ) ;
#2048 = CARTESIAN_POINT ( 'NONE',  ( 0.1138098578500435776, -1.072161492017110973, 4.909286581067775934 ) ) ;
#2049 =( LENGTH_UNIT ( ) NAMED_UNIT ( * ) SI_UNIT ( .MILLI., .METRE. ) );
#2050 = STYLED_ITEM ( 'NONE', ( #3049 ), #5654 ) ;
#2051 = CARTESIAN_POINT ( 'NONE',  ( 1.185664645333979639, 4.573754011965789346, 3.013064982713922646 ) ) ;
#2052 = EDGE_LOOP ( 'NONE', ( #1473, #3216 ) ) ;
#2053 = CARTESIAN_POINT ( 'NONE',  ( 0.7525402123772518825, 5.158076629468518526, -1.839374689528546991 ) ) ;
#2054 = EDGE_LOOP ( 'NONE', ( #6492, #4915 ) ) ;
#2055 = STYLED_ITEM ( 'NONE', ( #6540 ), #5817 ) ;
#2056 = PRESENTATION_LAYER_ASSIGNMENT (  '', '', ( #4794 ) ) ;
#2057 =( GEOMETRIC_REPRESENTATION_CONTEXT ( 3 ) GLOBAL_UNCERTAINTY_ASSIGNED_CONTEXT ( ( #6312 ) ) GLOBAL_UNIT_ASSIGNED_CONTEXT ( ( #6355, #5109, #2195 ) ) REPRESENTATION_CONTEXT ( 'NONE', 'WORKASPACE' ) );
#2058 = SPHERICAL_SURFACE ( 'NONE', #2317, 1.237499999999996936 ) ;
#2059 = CARTESIAN_POINT ( 'NONE',  ( 0.3375000000000030753, -3.750346850512976449, -3.344476566048475874 ) ) ;
#2060 = CARTESIAN_POINT ( 'NONE',  ( -0.3374999999999970246, 1.575657362522987714, 4.771575093816203150 ) ) ;
#2062 = EDGE_CURVE ( 'NONE', #7070, #4371, #6205, .T. ) ;
#2061 = PRESENTATION_STYLE_ASSIGNMENT (( #331 ) ) ;
#2063 = ORIENTED_EDGE ( 'NONE', *, *, #3999, .F. ) ;
#2064 = ORIENTED_EDGE ( 'NONE', *, *, #6175, .F. ) ;
#2065 =( NAMED_UNIT ( * ) SI_UNIT ( $, .STERADIAN. ) SOLID_ANGLE_UNIT ( ) );
#2066 = CARTESIAN_POINT ( 'NONE',  ( 0.7521123038540278305, -0.9865916369730337587, -5.386637404762087300 ) ) ;
#2067 = CARTESIAN_POINT ( 'NONE',  ( 1.216873555469130785, 2.876758985524138890, -4.661087872940376187 ) ) ;
#2068 =( NAMED_UNIT ( * ) PLANE_ANGLE_UNIT ( ) SI_UNIT ( $, .RADIAN. ) );
#2069 = ADVANCED_BREP_SHAPE_REPRESENTATION ( 'GB╱T 276-2013[一面带密封圈（非接触式）的深沟球轴承[60000-RZ]619／6-RZ]', ( #5828, #5905, #743, #859, #5948, #5842, #5999, #756, #3181, #844, #687, #5919, #821, #597, #6294 ), #1452 ) ;
#2070 = SURFACE_SIDE_STYLE ('',( #3783 ) ) ;
#2071 = CARTESIAN_POINT ( 'NONE',  ( 0.9766093576085680406, 2.055978850831215787, 5.075628505799288703 ) ) ;
#2072 = CARTESIAN_POINT ( 'NONE',  ( 1.102270384252428181, 5.025000000000001243, -0.1422570828251473740 ) ) ;
#2073 = CARTESIAN_POINT ( 'NONE',  ( -0.9768424931114938481, -4.318622634113470582, 3.367263331461715747 ) ) ;
#2074 = CARTESIAN_POINT ( 'NONE',  ( -1.186094323803407846, -5.467610815103438604, -0.3215266546760729427 ) ) ;
#2075 = CARTESIAN_POINT ( 'NONE',  ( 0.1139799994183239712, -1.709974499904610035, -5.201116438773696338 ) ) ;
#2076 = ORIENTED_EDGE ( 'NONE', *, *, #6122, .T. ) ;
#2077 = MECHANICAL_DESIGN_GEOMETRIC_PRESENTATION_REPRESENTATION (  '', ( #5407 ), #5779 ) ;
#2078 = ADVANCED_FACE ( 'NONE', ( #5220 ), #4598, .T. ) ;
#2079 = VECTOR ( 'NONE', #370, 1000.000000000000000 ) ;
#2080 = EDGE_CURVE ( 'NONE', #3867, #5201, #3478, .T. ) ;
#2081 = CARTESIAN_POINT ( 'NONE',  ( 0.6074448382803041557, 1.560129390037665820, -4.777036105533025712 ) ) ;
#2082 = SURFACE_SIDE_STYLE ('',( #5517 ) ) ;
#2083 = AXIS2_PLACEMENT_3D ( 'NONE', #518, #1621, #556 ) ;
#2084 = CARTESIAN_POINT ( 'NONE',  ( 0.9843303561305016824, 0.000000000000000000, 4.500000000000001776 ) ) ;
#2085 = SURFACE_STYLE_FILL_AREA ( #2675 ) ;
#2086 = DIRECTION ( 'NONE',  ( 0.000000000000000000, -1.000000000000000000, 0.000000000000000000 ) ) ;
#2087 = MECHANICAL_DESIGN_GEOMETRIC_PRESENTATION_REPRESENTATION (  '', ( #7602 ), #4084 ) ;
#2088 = ORIENTED_EDGE ( 'NONE', *, *, #5802, .T. ) ;
#2089 = CARTESIAN_POINT ( 'NONE',  ( 0.3375000000000029088, 4.117454205283276103, -3.608627975754093331 ) ) ;
#2090 = EDGE_LOOP ( 'NONE', ( #2096, #5456, #3930, #7552 ) ) ;
#2091 = DIRECTION ( 'NONE',  ( 0.000000000000000000, 1.000000000000000000, -3.491481338843133355E-15 ) ) ;
#2092 = CARTESIAN_POINT ( 'NONE',  ( -2.441421356237307272, 0.000000000000000000, 0.000000000000000000 ) ) ;
#2093 =( NAMED_UNIT ( * ) PLANE_ANGLE_UNIT ( ) SI_UNIT ( $, .RADIAN. ) );
#2094 = CARTESIAN_POINT ( 'NONE',  ( -0.3374999999999970246, -3.344476566048462551, 3.750346850512987995 ) ) ;
#2095 =( NAMED_UNIT ( * ) PLANE_ANGLE_UNIT ( ) SI_UNIT ( $, .RADIAN. ) );
#2096 = ORIENTED_EDGE ( 'NONE', *, *, #6055, .F. ) ;
#2097 = AXIS2_PLACEMENT_3D ( 'NONE', #1823, #56, #4200 ) ;
#2098 = EDGE_LOOP ( 'NONE', ( #5285, #7287 ) ) ;
#2099 = FILL_AREA_STYLE_COLOUR ( '', #5557 ) ;
#2100 = CARTESIAN_POINT ( 'NONE',  ( -1.186246345985051853, -0.3212836169129020258, -5.467641751148405227 ) ) ;
#2101 = PRESENTATION_LAYER_ASSIGNMENT (  '', '', ( #1477 ) ) ;
#2102 = CARTESIAN_POINT ( 'NONE',  ( -1.184325193566453605, -4.502740015386058836, 2.235402784040047663 ) ) ;
#2103 = MECHANICAL_DESIGN_GEOMETRIC_PRESENTATION_REPRESENTATION (  '', ( #2981 ), #2976 ) ;
#2104 = EDGE_CURVE ( 'NONE', #6434, #1315, #3728, .T. ) ;
#2105 = AXIS2_PLACEMENT_3D ( 'NONE', #4492, #5553, #2672 ) ;
#2106 = B_SPLINE_CURVE_WITH_KNOTS ( 'NONE', 3,
 ( #7723, #4571, #2292, #1701, #7055, #4654 ),
 .UNSPECIFIED., .F., .F.,
 ( 4, 2, 4 ),
 ( 0.006630243725185743127, 0.006971267376530444586, 0.007312291027875146045 ),
 .UNSPECIFIED. ) ;
#2107 = CARTESIAN_POINT ( 'NONE',  ( -0.3237003905340476995, -3.711580936677664422, 4.025397093648620306 ) ) ;
#2108 =( GEOMETRIC_REPRESENTATION_CONTEXT ( 3 ) GLOBAL_UNCERTAINTY_ASSIGNED_CONTEXT ( ( #6712 ) ) GLOBAL_UNIT_ASSIGNED_CONTEXT ( ( #3398, #6405, #6914 ) ) REPRESENTATION_CONTEXT ( 'NONE', 'WORKASPACE' ) );
#2109 = CARTESIAN_POINT ( 'NONE',  ( -0.9602511582474266838, 4.996801627325232253, -0.5475913177892804962 ) ) ;
#2110 = ORIENTED_EDGE ( 'NONE', *, *, #2760, .F. ) ;
#2111 = CIRCLE ( 'NONE', #3723, 1.124999999999994893 ) ;
#2112 = CARTESIAN_POINT ( 'NONE',  ( -2.300000000000002043, 0.000000000000000000, 7.300000000000000711 ) ) ;
#2113 =( NAMED_UNIT ( * ) PLANE_ANGLE_UNIT ( ) SI_UNIT ( $, .RADIAN. ) );
#2114 = CARTESIAN_POINT ( 'NONE',  ( 0.3145222742811210059, 4.812380947208458437, -1.447436274275137436 ) ) ;
#2115 = ORIENTED_EDGE ( 'NONE', *, *, #2464, .F. ) ;
#2116 = CIRCLE ( 'NONE', #6463, 1.073181601594058732 ) ;
#2117 = DIRECTION ( 'NONE',  ( 0.000000000000000000, 0.8660254037844328234, -0.5000000000000099920 ) ) ;
#2118 = STYLED_ITEM ( 'NONE', ( #1599 ), #2078 ) ;
#2119 = B_SPLINE_CURVE_WITH_KNOTS ( 'NONE', 3,
 ( #1018, #4521, #2193, #7519, #5741, #2562 ),
 .UNSPECIFIED., .F., .F.,
 ( 4, 2, 4 ),
 ( 0.003144056225734960346, 0.003485646593208244041, 0.003827236960681527737 ),
 .UNSPECIFIED. ) ;
#2120 = DIRECTION ( 'NONE',  ( -0.000000000000000000, 0.000000000000000000, 1.000000000000000000 ) ) ;
#2121 = STYLED_ITEM ( 'NONE', ( #1971 ), #5036 ) ;
#2122 = SPHERICAL_SURFACE ( 'NONE', #2801, 1.237499999999996936 ) ;
#2123 = UNCERTAINTY_MEASURE_WITH_UNIT (LENGTH_MEASURE( 1.000000000000000082E-05 ), #7085, 'distance_accuracy_value', 'NONE');
#2124 =( LENGTH_UNIT ( ) NAMED_UNIT ( * ) SI_UNIT ( .MILLI., .METRE. ) );
#2125 = EDGE_CURVE ( 'NONE', #6501, #4831, #6343, .T. ) ;
#2126 = STYLED_ITEM ( 'NONE', ( #6552 ), #6633 ) ;
#2127 = PRESENTATION_STYLE_ASSIGNMENT (( #199 ) ) ;
#2128 = CIRCLE ( 'NONE', #6719, 3.000000000000002665 ) ;
#2129 = B_SPLINE_CURVE_WITH_KNOTS ( 'NONE', 3,
 ( #2178, #6931, #922, #5095, #6893, #3333 ),
 .UNSPECIFIED., .F., .F.,
 ( 4, 2, 4 ),
 ( 0.003144056225739082049, 0.003485646593212813303, 0.003827236960686544558 ),
 .UNSPECIFIED. ) ;
#2130 = CARTESIAN_POINT ( 'NONE',  ( -1.216873555469089929, 5.025000000000000355, -2.755315672134857944E-17 ) ) ;
#2131 = CARTESIAN_POINT ( 'NONE',  ( 2.951763000829056837E-15, 5.499083108677935350E-14, 5.250000000000000000 ) ) ;
#2132 =( NAMED_UNIT ( * ) SI_UNIT ( $, .STERADIAN. ) SOLID_ANGLE_UNIT ( ) );
#2133 = STYLED_ITEM ( 'NONE', ( #6357 ), #553 ) ;
#2134 = DIRECTION ( 'NONE',  ( -1.000000000000000000, -0.000000000000000000, -0.000000000000000000 ) ) ;
#2135 = EDGE_LOOP ( 'NONE', ( #2931, #38, #2275, #2088, #4333, #4367 ) ) ;
#2136 = CARTESIAN_POINT ( 'NONE',  ( -1.216873555469090151, 2.512500000000050804, 4.351777654016776076 ) ) ;
#2137 = EDGE_CURVE ( 'NONE', #4914, #6453, #3989, .T. ) ;
#2138 = EDGE_LOOP ( 'NONE', ( #6013, #7601 ) ) ;
#2139 = AXIS2_PLACEMENT_3D ( 'NONE', #5767, #5204, #7629 ) ;
#2140 = DIRECTION ( 'NONE',  ( -1.000000000000000000, -0.000000000000000000, -0.000000000000000000 ) ) ;
#2141 = STYLED_ITEM ( 'NONE', ( #3085 ), #2586 ) ;
#2142 = FILL_AREA_STYLE ('',( #6256 ) ) ;
#2143 = CARTESIAN_POINT ( 'NONE',  ( -0.2284057895222792456, -3.370231758269504052, 3.727378938405020659 ) ) ;
#2144 = CARTESIAN_POINT ( 'NONE',  ( 0.9843303561305023486, 0.000000000000000000, 5.999999999999998224 ) ) ;
#2145 = VERTEX_POINT ( 'NONE', #4223 ) ;
#2146 = EDGE_LOOP ( 'NONE', ( #2467, #1727 ) ) ;
#2147 = CARTESIAN_POINT ( 'NONE',  ( 1.184325193567679513, -0.3154544090215412044, -5.017188631981336577 ) ) ;
#2148 = DIRECTION ( 'NONE',  ( 0.000000000000000000, -0.5000000000000101030, -0.8660254037844328234 ) ) ;
#2149 = CIRCLE ( 'NONE', #765, 6.199999999999997513 ) ;
#2150 = CARTESIAN_POINT ( 'NONE',  ( -0.7428168631732747773, -3.798378139304459555, 3.291643385024391133 ) ) ;
#2151 = DIRECTION ( 'NONE',  ( 0.000000000000000000, 1.000000000000000000, 0.000000000000000000 ) ) ;
#2152 = FILL_AREA_STYLE ('',( #932 ) ) ;
#2153 = AXIS2_PLACEMENT_3D ( 'NONE', #7414, #952, #7493 ) ;
#2154 = CARTESIAN_POINT ( 'NONE',  ( -0.3374999999999969691, 3.608627975754078232, -4.117454205283287649 ) ) ;
#2155 = ORIENTED_EDGE ( 'NONE', *, *, #669, .T. ) ;
#2156 = DIRECTION ( 'NONE',  ( 0.000000000000000000, 0.000000000000000000, 1.000000000000000000 ) ) ;
#2157 = CARTESIAN_POINT ( 'NONE',  ( 2.951763000829056837E-15, 5.250000000000000000, 0.000000000000000000 ) ) ;
#2158 = DIRECTION ( 'NONE',  ( 0.000000000000000000, 0.000000000000000000, 1.000000000000000000 ) ) ;
#2159 = SURFACE_STYLE_FILL_AREA ( #3987 ) ;
#2160 = CARTESIAN_POINT ( 'NONE',  ( 0.3375000000000029088, -3.608627975754108430, -4.117454205283263668 ) ) ;
#2161 = CARTESIAN_POINT ( 'NONE',  ( -0.3145222742811155658, 1.447436274275119894, -4.812380947208461990 ) ) ;
#2162 = EDGE_CURVE ( 'NONE', #3921, #5808, #1648, .T. ) ;
#2163 = MECHANICAL_DESIGN_GEOMETRIC_PRESENTATION_REPRESENTATION (  '', ( #7034 ), #4158 ) ;
#2164 =( NAMED_UNIT ( * ) PLANE_ANGLE_UNIT ( ) SI_UNIT ( $, .RADIAN. ) );
#2165 = FILL_AREA_STYLE ('',( #2751 ) ) ;
#2166 = VECTOR ( 'NONE', #953, 1000.000000000000000 ) ;
#2167 = CARTESIAN_POINT ( 'NONE',  ( 0.6188283613273962702, 4.110516372475697899, 3.617091090961379152 ) ) ;
#2168 = DIRECTION ( 'NONE',  ( 0.000000000000000000, -0.8660254037844363761, 0.5000000000000038858 ) ) ;
#2169 = DIRECTION ( 'NONE',  ( 0.000000000000000000, 0.000000000000000000, 1.000000000000000000 ) ) ;
#2170 = ORIENTED_EDGE ( 'NONE', *, *, #2513, .F. ) ;
#2171 = CARTESIAN_POINT ( 'NONE',  ( 0.1603182285372221627, 5.236684552382540048, -1.597735866490199275 ) ) ;
#2172 = ORIENTED_EDGE ( 'NONE', *, *, #7013, .F. ) ;
#2173 = CARTESIAN_POINT ( 'NONE',  ( 0.3375000000000029088, -3.608627975754051143, 4.117454205283313406 ) ) ;
#2174 = FILL_AREA_STYLE_COLOUR ( '', #2991 ) ;
#2175 = STYLED_ITEM ( 'NONE', ( #3094 ), #652 ) ;
#2176 = DIRECTION ( 'NONE',  ( 0.000000000000000000, 0.000000000000000000, 1.000000000000000000 ) ) ;
#2177 = ADVANCED_FACE ( 'NONE', ( #1805 ), #1841, .T. ) ;
#2178 = CARTESIAN_POINT ( 'NONE',  ( -0.3374999999999969691, -1.066436397168635253, -5.370133928571426907 ) ) ;
#2179 = CARTESIAN_POINT ( 'NONE',  ( -19.92709219242683361, 0.000000000000000000, 0.000000000000000000 ) ) ;
#2180 =( GEOMETRIC_REPRESENTATION_CONTEXT ( 3 ) GLOBAL_UNCERTAINTY_ASSIGNED_CONTEXT ( ( #2043 ) ) GLOBAL_UNIT_ASSIGNED_CONTEXT ( ( #2969, #7289, #5297 ) ) REPRESENTATION_CONTEXT ( 'NONE', 'WORKASPACE' ) );
#2181 = VERTEX_POINT ( 'NONE', #4799 ) ;
#2182 = ORIENTED_EDGE ( 'NONE', *, *, #4936, .F. ) ;
#2183 = CARTESIAN_POINT ( 'NONE',  ( -1.065237977602509378, -2.182591038188675725, 5.023407791670542188 ) ) ;
#2184 = CARTESIAN_POINT ( 'NONE',  ( 1.216873555469063506, -0.1607905467560148127, -5.474999999999991651 ) ) ;
#2185 = AXIS2_PLACEMENT_3D ( 'NONE', #388, #2734, #2700 ) ;
#2186 = CARTESIAN_POINT ( 'NONE',  ( -1.066052540301069218, 3.257558097409343212, -4.402974996044902944 ) ) ;
#2187 = SURFACE_SIDE_STYLE ('',( #930 ) ) ;
#2188 = EDGE_CURVE ( 'NONE', #3180, #6105, #2501, .T. ) ;
#2189 =( NAMED_UNIT ( * ) SI_UNIT ( $, .STERADIAN. ) SOLID_ANGLE_UNIT ( ) );
#2190 = CARTESIAN_POINT ( 'NONE',  ( -2.300000000000002487, 0.000000000000000000, 0.000000000000000000 ) ) ;
#2191 = VERTEX_POINT ( 'NONE', #5328 ) ;
#2192 = ORIENTED_EDGE ( 'NONE', *, *, #3200, .T. ) ;
#2193 = CARTESIAN_POINT ( 'NONE',  ( -0.1139799994183178650, -1.709974499904537870, 5.201116438773719430 ) ) ;
#2194 = SURFACE_STYLE_USAGE ( .BOTH. , #1020 ) ;
#2195 =( NAMED_UNIT ( * ) SI_UNIT ( $, .STERADIAN. ) SOLID_ANGLE_UNIT ( ) );
#2196 = CARTESIAN_POINT ( 'NONE',  ( -0.2288940565161962093, -4.093829020219208914, 3.635584375318199335 ) ) ;
#2197 = MECHANICAL_DESIGN_GEOMETRIC_PRESENTATION_REPRESENTATION (  '', ( #3431 ), #1313 ) ;
#2198 = FILL_AREA_STYLE_COLOUR ( '', #6407 ) ;
#2199 = FACE_OUTER_BOUND ( 'NONE', #2261, .T. ) ;
#2200 =( NAMED_UNIT ( * ) PLANE_ANGLE_UNIT ( ) SI_UNIT ( $, .RADIAN. ) );
#2201 = UNCERTAINTY_MEASURE_WITH_UNIT (LENGTH_MEASURE( 1.000000000000000082E-05 ), #4009, 'distance_accuracy_value', 'NONE');
#2202 = PRESENTATION_STYLE_ASSIGNMENT (( #3176 ) ) ;
#2203 = CARTESIAN_POINT ( 'NONE',  ( -0.3374999999999969691, 5.250000000000000000, 0.000000000000000000 ) ) ;
#2204 = SURFACE_STYLE_FILL_AREA ( #6318 ) ;
#2205 = EDGE_CURVE ( 'NONE', #2250, #2573, #1496, .T. ) ;
#2206 = FILL_AREA_STYLE ('',( #7577 ) ) ;
#2207 = CARTESIAN_POINT ( 'NONE',  ( 1.216873555469097923, 4.431302689732418365, 2.374758597666823956 ) ) ;
#2208 = FACE_OUTER_BOUND ( 'NONE', #5228, .T. ) ;
#2209 = ORIENTED_EDGE ( 'NONE', *, *, #7677, .F. ) ;
#2210 = FILL_AREA_STYLE ('',( #1075 ) ) ;
#2211 = ORIENTED_EDGE ( 'NONE', *, *, #3210, .F. ) ;
#2212 = DIRECTION ( 'NONE',  ( 0.000000000000000000, 0.000000000000000000, -1.000000000000000000 ) ) ;
#2213 = COLOUR_RGB ( '',0.5294117647058823595, 0.5490196078431373028, 0.5490196078431373028 ) ;
#2214 = CARTESIAN_POINT ( 'NONE',  ( -1.216873555469091039, -5.024999999999999467, 0.1590282486647514870 ) ) ;
#2215 = AXIS2_PLACEMENT_3D ( 'NONE', #1177, #465, #6513 ) ;
#2216 =( NAMED_UNIT ( * ) SI_UNIT ( $, .STERADIAN. ) SOLID_ANGLE_UNIT ( ) );
#2217 = VERTEX_POINT ( 'NONE', #1254 ) ;
#2218 = ORIENTED_EDGE ( 'NONE', *, *, #3294, .T. ) ;
#2219 =( NAMED_UNIT ( * ) PLANE_ANGLE_UNIT ( ) SI_UNIT ( $, .RADIAN. ) );
#2220 = CARTESIAN_POINT ( 'NONE',  ( -1.216873555469091261, -1.923259569643130070E-14, -5.475000000000001421 ) ) ;
#2221 = CARTESIAN_POINT ( 'NONE',  ( 1.066282750803724921, 3.257152822151267557, -4.403264907450155086 ) ) ;
#2222 = ADVANCED_FACE ( 'NONE', ( #656 ), #540, .F. ) ;
#2223 = STYLED_ITEM ( 'NONE', ( #4419 ), #3959 ) ;
#2224 = SURFACE_STYLE_USAGE ( .BOTH. , #2187 ) ;
#2225 = DIRECTION ( 'NONE',  ( 0.000000000000000000, 0.4999999999999888978, -0.8660254037844451469 ) ) ;
#2226 = DIRECTION ( 'NONE',  ( -1.000000000000000000, -0.000000000000000000, -0.000000000000000000 ) ) ;
#2227 = ORIENTED_EDGE ( 'NONE', *, *, #6206, .T. ) ;
#2228 = EDGE_LOOP ( 'NONE', ( #491, #5616, #6458, #4438 ) ) ;
#2229 = DIRECTION ( 'NONE',  ( 0.000000000000000000, 0.8660254037844398178, 0.4999999999999980016 ) ) ;
#2230 = DIRECTION ( 'NONE',  ( 0.000000000000000000, 0.000000000000000000, 1.000000000000000000 ) ) ;
#2231 = EDGE_CURVE ( 'NONE', #4983, #7342, #3466, .T. ) ;
#2232 = STYLED_ITEM ( 'NONE', ( #3131 ), #7640 ) ;
#2233 =( NAMED_UNIT ( * ) SI_UNIT ( $, .STERADIAN. ) SOLID_ANGLE_UNIT ( ) );
#2235 = CIRCLE ( 'NONE', #350, 1.073181601594058732 ) ;
#2234 = DIRECTION ( 'NONE',  ( 0.000000000000000000, 0.000000000000000000, 1.000000000000000000 ) ) ;
#2236 = CIRCLE ( 'NONE', #849, 1.124999999999995115 ) ;
#2237 = CIRCLE ( 'NONE', #1237, 1.073181601594058732 ) ;
#2238 =( NAMED_UNIT ( * ) PLANE_ANGLE_UNIT ( ) SI_UNIT ( $, .RADIAN. ) );
#2239 = ORIENTED_EDGE ( 'NONE', *, *, #51, .T. ) ;
#2240 = CYLINDRICAL_SURFACE ( 'NONE', #5209, 5.475000000000000533 ) ;
#2241 = AXIS2_PLACEMENT_3D ( 'NONE', #1830, #2417, #4784 ) ;
#2242 = SURFACE_STYLE_FILL_AREA ( #6484 ) ;
#2243 = COLOUR_RGB ( '',0.5294117647058823595, 0.5490196078431373028, 0.5490196078431373028 ) ;
#2244 = CIRCLE ( 'NONE', #5221, 5.025000000000001243 ) ;
#2245 = SURFACE_STYLE_USAGE ( .BOTH. , #7618 ) ;
#2246 = CARTESIAN_POINT ( 'NONE',  ( 0.2282113725214198752, -3.727338007249163976, -3.370277656641982311 ) ) ;
#2247 = DIRECTION ( 'NONE',  ( 0.000000000000000000, -0.5000000000000041078, -0.8660254037844362651 ) ) ;
#2248 = FILL_AREA_STYLE ('',( #5200 ) ) ;
#2249 = MECHANICAL_DESIGN_GEOMETRIC_PRESENTATION_REPRESENTATION (  '', ( #6997 ), #3120 ) ;
#2250 = VERTEX_POINT ( 'NONE', #1918 ) ;
#2251 = CARTESIAN_POINT ( 'NONE',  ( -3.499999999999999556, 0.000000000000000000, 0.000000000000000000 ) ) ;
#2252 = VERTEX_POINT ( 'NONE', #3190 ) ;
#2253 = EDGE_CURVE ( 'NONE', #3724, #2836, #2236, .T. ) ;
#2254 = FILL_AREA_STYLE ('',( #5684 ) ) ;
#2255 = CARTESIAN_POINT ( 'NONE',  ( 0.9774912523502895523, -5.075277381674331956, -2.056887232590077996 ) ) ;
#2256 =( GEOMETRIC_REPRESENTATION_CONTEXT ( 3 ) GLOBAL_UNCERTAINTY_ASSIGNED_CONTEXT ( ( #1420 ) ) GLOBAL_UNIT_ASSIGNED_CONTEXT ( ( #1883, #4267, #3050 ) ) REPRESENTATION_CONTEXT ( 'NONE', 'WORKASPACE' ) );
#2257 =( GEOMETRIC_REPRESENTATION_CONTEXT ( 3 ) GLOBAL_UNCERTAINTY_ASSIGNED_CONTEXT ( ( #2666 ) ) GLOBAL_UNIT_ASSIGNED_CONTEXT ( ( #4342, #1332, #5478 ) ) REPRESENTATION_CONTEXT ( 'NONE', 'WORKASPACE' ) );
#2258 = CARTESIAN_POINT ( 'NONE',  ( 1.184161683695793998, -5.017157959848045579, 0.3155210454015740518 ) ) ;
#2259 = SURFACE_SIDE_STYLE ('',( #7630 ) ) ;
#2260 = DIRECTION ( 'NONE',  ( 0.000000000000000000, 0.000000000000000000, 1.000000000000000000 ) ) ;
#2261 = EDGE_LOOP ( 'NONE', ( #5398, #5966, #7148, #526 ) ) ;
#2262 = EDGE_LOOP ( 'NONE', ( #822, #5386, #3288, #6735 ) ) ;
#2263 = COLOUR_RGB ( '',0.5294117647058823595, 0.5490196078431373028, 0.5490196078431373028 ) ;
#2264 = CARTESIAN_POINT ( 'NONE',  ( 0.6073178875565925505, 3.357056292692532029, -3.739553136311727144 ) ) ;
#2265 =( LENGTH_UNIT ( ) NAMED_UNIT ( * ) SI_UNIT ( .MILLI., .METRE. ) );
#2266 = VERTEX_POINT ( 'NONE', #732 ) ;
#2267 = ADVANCED_FACE ( 'NONE', ( #7286 ), #3816, .F. ) ;
#2268 =( NAMED_UNIT ( * ) PLANE_ANGLE_UNIT ( ) SI_UNIT ( $, .RADIAN. ) );
#2269 = AXIS2_PLACEMENT_3D ( 'NONE', #972, #3899, #3345 ) ;
#2270 = PRESENTATION_STYLE_ASSIGNMENT (( #5216 ) ) ;
#2271 = B_SPLINE_CURVE_WITH_KNOTS ( 'NONE', 3,
 ( #3887, #5644, #3183, #213, #2610, #7384 ),
 .UNSPECIFIED., .F., .F.,
 ( 4, 2, 4 ),
 ( 0.006480373043366851986, 0.006820975949056600623, 0.007161578854746349261 ),
 .UNSPECIFIED. ) ;
#2272 = ADVANCED_FACE ( 'NONE', ( #6026 ), #6578, .F. ) ;
#2273 = CARTESIAN_POINT ( 'NONE',  ( 0.3227388460788915281, -3.711864985649428128, 4.025139890365642792 ) ) ;
#2274 = VERTEX_POINT ( 'NONE', #7354 ) ;
#2275 = ORIENTED_EDGE ( 'NONE', *, *, #6206, .F. ) ;
#2276 = SURFACE_SIDE_STYLE ('',( #3048 ) ) ;
#2277 = FACE_OUTER_BOUND ( 'NONE', #616, .T. ) ;
#2278 = DIRECTION ( 'NONE',  ( -0.000000000000000000, 0.000000000000000000, 1.000000000000000000 ) ) ;
#2279 = CARTESIAN_POINT ( 'NONE',  ( 0.3375000000000029088, 1.066436397168672778, 5.370133928571421578 ) ) ;
#2280 = PRESENTATION_LAYER_ASSIGNMENT (  '', '', ( #4274 ) ) ;
#2281 = EDGE_CURVE ( 'NONE', #3264, #2689, #6071, .T. ) ;
#2282 = ORIENTED_EDGE ( 'NONE', *, *, #5016, .F. ) ;
#2283 = UNCERTAINTY_MEASURE_WITH_UNIT (LENGTH_MEASURE( 1.000000000000000082E-05 ), #6430, 'distance_accuracy_value', 'NONE');
#2284 = FACE_OUTER_BOUND ( 'NONE', #4730, .T. ) ;
#2285 = DIRECTION ( 'NONE',  ( -1.000000000000000000, -0.000000000000000000, -0.000000000000000000 ) ) ;
#2286 =( GEOMETRIC_REPRESENTATION_CONTEXT ( 3 ) GLOBAL_UNCERTAINTY_ASSIGNED_CONTEXT ( ( #6159 ) ) GLOBAL_UNIT_ASSIGNED_CONTEXT ( ( #2677, #284, #7096 ) ) REPRESENTATION_CONTEXT ( 'NONE', 'WORKASPACE' ) );
#2287 = DIRECTION ( 'NONE',  ( 1.000000000000000000, 0.000000000000000000, 0.000000000000000000 ) ) ;
#2288 = FACE_OUTER_BOUND ( 'NONE', #1723, .T. ) ;
#2289 = ADVANCED_FACE ( 'NONE', ( #847 ), #772, .F. ) ;
#2290 = CARTESIAN_POINT ( 'NONE',  ( 0.3375000000000044631, 4.894821428571431099, 1.136375018379914836 ) ) ;
#2291 = PRESENTATION_STYLE_ASSIGNMENT (( #7654 ) ) ;
#2292 = CARTESIAN_POINT ( 'NONE',  ( 0.1145010564412869136, -1.119764795958076764, 5.359267842665087933 ) ) ;
#2293 = SURFACE_STYLE_USAGE ( .BOTH. , #4161 ) ;
#2294 = ORIENTED_EDGE ( 'NONE', *, *, #3631, .F. ) ;
#2295 = CARTESIAN_POINT ( 'NONE',  ( 0.6182595144251029629, -5.368311648362880995, 1.077443667722443932 ) ) ;
#2296 = CARTESIAN_POINT ( 'NONE',  ( 0.3375000000000029643, 4.546633369868299468, -2.625000000000005329 ) ) ;
#2297 =( GEOMETRIC_REPRESENTATION_CONTEXT ( 3 ) GLOBAL_UNCERTAINTY_ASSIGNED_CONTEXT ( ( #7626 ) ) GLOBAL_UNIT_ASSIGNED_CONTEXT ( ( #3262, #4399, #5575 ) ) REPRESENTATION_CONTEXT ( 'NONE', 'WORKASPACE' ) );
#2298 =( NAMED_UNIT ( * ) PLANE_ANGLE_UNIT ( ) SI_UNIT ( $, .RADIAN. ) );
#2299 = B_SPLINE_CURVE_WITH_KNOTS ( 'NONE', 3,
 ( #6022, #7389, #3625, #6734, #728, #3113 ),
 .UNSPECIFIED., .F., .F.,
 ( 4, 2, 4 ),
 ( 0.003144056225734959045, 0.003485646593208242307, 0.003827236960681525135 ),
 .UNSPECIFIED. ) ;
#2300 = DIRECTION ( 'NONE',  ( -1.000000000000000000, -0.000000000000000000, -0.000000000000000000 ) ) ;
#2301 = ORIENTED_EDGE ( 'NONE', *, *, #5258, .T. ) ;
#2302 = CARTESIAN_POINT ( 'NONE',  ( 0.3375000000000029088, 5.183890602451919349, 1.761505952817276510 ) ) ;
#2303 = PRESENTATION_STYLE_ASSIGNMENT (( #5894 ) ) ;
#2304 = ORIENTED_EDGE ( 'NONE', *, *, #3735, .F. ) ;
#2305 = FACE_OUTER_BOUND ( 'NONE', #5537, .T. ) ;
#2306 = CARTESIAN_POINT ( 'NONE',  ( -19.92709219242683361, 0.000000000000000000, 0.000000000000000000 ) ) ;
#2307 = SURFACE_SIDE_STYLE ('',( #6 ) ) ;
#2308 = EDGE_CURVE ( 'NONE', #286, #2608, #4229, .T. ) ;
#2309 = CIRCLE ( 'NONE', #4179, 1.237499999999996936 ) ;
#2310 = TOROIDAL_SURFACE ( 'NONE', #2560, 7.300000000000000711, 0.1999999999999990119 ) ;
#2311 = DIRECTION ( 'NONE',  ( 0.000000000000000000, 0.000000000000000000, 1.000000000000000000 ) ) ;
#2312 = CARTESIAN_POINT ( 'NONE',  ( -0.3374999999999975242, 0.000000000000000000, 0.000000000000000000 ) ) ;
#2313 = ORIENTED_EDGE ( 'NONE', *, *, #1014, .T. ) ;
#2314 = ORIENTED_EDGE ( 'NONE', *, *, #7187, .F. ) ;
#2315 =( LENGTH_UNIT ( ) NAMED_UNIT ( * ) SI_UNIT ( .MILLI., .METRE. ) );
#2316 = FACE_BOUND ( 'NONE', #6841, .T. ) ;
#2317 = AXIS2_PLACEMENT_3D ( 'NONE', #803, #3729, #2538 ) ;
#2318 = CARTESIAN_POINT ( 'NONE',  ( -1.216873555469090151, 2.512500000000050804, 4.351777654016776076 ) ) ;
#2319 = CARTESIAN_POINT ( 'NONE',  ( -1.216873555469089929, -2.512499999999959766, 4.351777654016826702 ) ) ;
#2320 = DIRECTION ( 'NONE',  ( -0.000000000000000000, 0.000000000000000000, 1.000000000000000000 ) ) ;
#2321 = CARTESIAN_POINT ( 'NONE',  ( -0.3374999999999975242, 0.000000000000000000, 0.000000000000000000 ) ) ;
#2322 = ORIENTED_EDGE ( 'NONE', *, *, #305, .F. ) ;
#2323 = STYLED_ITEM ( 'NONE', ( #5154 ), #5339 ) ;
#2324 = PRESENTATION_STYLE_ASSIGNMENT (( #1261 ) ) ;
#2325 = DIRECTION ( 'NONE',  ( -1.000000000000000000, -0.000000000000000000, -0.000000000000000000 ) ) ;
#2326 = EDGE_CURVE ( 'NONE', #934, #1542, #2853, .T. ) ;
#2327 = SURFACE_STYLE_USAGE ( .BOTH. , #5713 ) ;
#2328 = DIRECTION ( 'NONE',  ( -1.000000000000000000, -0.000000000000000000, -0.000000000000000000 ) ) ;
#2329 = DIRECTION ( 'NONE',  ( 0.000000000000000000, 0.000000000000000000, 1.000000000000000000 ) ) ;
#2330 = CARTESIAN_POINT ( 'NONE',  ( 1.184325193566460044, 4.502740015386105021, 2.235402784039955737 ) ) ;
#2331 = FILL_AREA_STYLE_COLOUR ( '', #7253 ) ;
#2332 = ORIENTED_EDGE ( 'NONE', *, *, #6559, .F. ) ;
#2333 = CARTESIAN_POINT ( 'NONE',  ( -0.3227388460785701740, -5.341805891667439354, 1.201999427807684429 ) ) ;
#2334 = DIRECTION ( 'NONE',  ( 1.000000000000000000, 0.000000000000000000, 0.000000000000000000 ) ) ;
#2335 = CARTESIAN_POINT ( 'NONE',  ( 1.131509296114765917, 5.453576640799155939, 0.5292685546406962205 ) ) ;
#2336 = CIRCLE ( 'NONE', #2835, 1.073181601594058732 ) ;
#2337 =( LENGTH_UNIT ( ) NAMED_UNIT ( * ) SI_UNIT ( .MILLI., .METRE. ) );
#2338 = ORIENTED_EDGE ( 'NONE', *, *, #1299, .T. ) ;
#2339 = ORIENTED_EDGE ( 'NONE', *, *, #4232, .F. ) ;
#2340 = CARTESIAN_POINT ( 'NONE',  ( 2.499999999999998668, 0.000000000000000000, 0.000000000000000000 ) ) ;
#2341 = ORIENTED_EDGE ( 'NONE', *, *, #1447, .T. ) ;
#2342 = FACE_BOUND ( 'NONE', #1016, .T. ) ;
#2343 =( NAMED_UNIT ( * ) SI_UNIT ( $, .STERADIAN. ) SOLID_ANGLE_UNIT ( ) );
#2344 = STYLED_ITEM ( 'NONE', ( #6038 ), #3647 ) ;
#2345 = DIRECTION ( 'NONE',  ( 0.000000000000000000, -1.000000000000000000, 0.000000000000000000 ) ) ;
#2346 = AXIS2_PLACEMENT_3D ( 'NONE', #4470, #969, #2656 ) ;
#2347 = CARTESIAN_POINT ( 'NONE',  ( 0.1139799994183238879, 5.201116438773699890, -1.709974499904591605 ) ) ;
#2348 =( NAMED_UNIT ( * ) SI_UNIT ( $, .STERADIAN. ) SOLID_ANGLE_UNIT ( ) );
#2349 = VERTEX_POINT ( 'NONE', #7242 ) ;
#2350 = ORIENTED_EDGE ( 'NONE', *, *, #4789, .T. ) ;
#2351 =( NAMED_UNIT ( * ) SI_UNIT ( $, .STERADIAN. ) SOLID_ANGLE_UNIT ( ) );
#2352 = DIRECTION ( 'NONE',  ( 0.000000000000000000, 1.000000000000000000, 1.224646799147353454E-16 ) ) ;
#2353 = FACE_OUTER_BOUND ( 'NONE', #462, .T. ) ;
#2354 = FACE_OUTER_BOUND ( 'NONE', #4288, .T. ) ;
#2355 = EDGE_CURVE ( 'NONE', #3336, #654, #1986, .T. ) ;
#2356 = CARTESIAN_POINT ( 'NONE',  ( -1.184200262958146288, 2.782020603964448391, 4.187119299164310249 ) ) ;
#2357 = DIRECTION ( 'NONE',  ( 1.000000000000000000, 0.000000000000000000, 0.000000000000000000 ) ) ;
#2358 = VECTOR ( 'NONE', #6363, 1000.000000000000000 ) ;
#2359 = DIRECTION ( 'NONE',  ( 0.000000000000000000, 0.4999999999999888978, -0.8660254037844451469 ) ) ;
#2360 = B_SPLINE_CURVE_WITH_KNOTS ( 'NONE', 3,
 ( #1538, #831, #4353, #3912, #5042, #5636, #2637, #3324, #6167, #5005, #7335, #5558, #4389, #3802, #6281, #913, #3835, #321 ),
 .UNSPECIFIED., .F., .F.,
 ( 4, 2, 2, 2, 2, 2, 2, 2, 4 ),
 ( 0.001924500009533457569, 0.002405502955712250559, 0.002886505901891043332, 0.003367508848069836538, 0.003848511794248630179, 0.004329514740427422952, 0.004810517686606215725, 0.005291520632785009365, 0.005772523578963803005 ),
 .UNSPECIFIED. ) ;
#2361 = DIRECTION ( 'NONE',  ( 1.000000000000000000, 0.000000000000000000, 0.000000000000000000 ) ) ;
#2362 = ORIENTED_EDGE ( 'NONE', *, *, #101, .T. ) ;
#2363 = UNCERTAINTY_MEASURE_WITH_UNIT (LENGTH_MEASURE( 1.000000000000000082E-05 ), #484, 'distance_accuracy_value', 'NONE');
#2364 = PLANE ( 'NONE',  #4112 ) ;
#2365 = CARTESIAN_POINT ( 'NONE',  ( -2.441421356237306384, 5.475041521871905831E-16, -4.441421356237311713 ) ) ;
#2366 = CARTESIAN_POINT ( 'NONE',  ( 0.3375000000000029088, 3.608627975754138184, 4.117454205283237911 ) ) ;
#2367 = UNCERTAINTY_MEASURE_WITH_UNIT (LENGTH_MEASURE( 1.000000000000000082E-05 ), #5625, 'distance_accuracy_value', 'NONE');
#2368 = AXIS2_PLACEMENT_3D ( 'NONE', #3248, #3284, #6204 ) ;
#2369 = EDGE_CURVE ( 'NONE', #2923, #2457, #5793, .T. ) ;
#2370 = CARTESIAN_POINT ( 'NONE',  ( -0.3374999999999970246, -3.750346850512976449, -3.344476566048475874 ) ) ;
#2371 = PRESENTATION_STYLE_ASSIGNMENT (( #4811 ) ) ;
#2372 = AXIS2_PLACEMENT_3D ( 'NONE', #7046, #5753, #3438 ) ;
#2373 = FILL_AREA_STYLE_COLOUR ( '', #1976 ) ;
#2374 =( GEOMETRIC_REPRESENTATION_CONTEXT ( 3 ) GLOBAL_UNCERTAINTY_ASSIGNED_CONTEXT ( ( #5229 ) ) GLOBAL_UNIT_ASSIGNED_CONTEXT ( ( #5050, #998, #365 ) ) REPRESENTATION_CONTEXT ( 'NONE', 'WORKASPACE' ) );
#2375 = EDGE_LOOP ( 'NONE', ( #5049, #3494, #4401, #1393 ) ) ;
#2376 = DIRECTION ( 'NONE',  ( 0.000000000000000000, 7.273937263088137734E-15, 1.000000000000000000 ) ) ;
#2377 = CARTESIAN_POINT ( 'NONE',  ( -0.6074448382787693834, -4.917099317205727793, -1.037406367804055041 ) ) ;
#2378 = SURFACE_SIDE_STYLE ('',( #4011 ) ) ;
#2379 = CIRCLE ( 'NONE', #1866, 1.124999999999995337 ) ;
#2380 =( GEOMETRIC_REPRESENTATION_CONTEXT ( 3 ) GLOBAL_UNCERTAINTY_ASSIGNED_CONTEXT ( ( #5599 ) ) GLOBAL_UNIT_ASSIGNED_CONTEXT ( ( #736, #3594, #4189 ) ) REPRESENTATION_CONTEXT ( 'NONE', 'WORKASPACE' ) );
#2381 = CARTESIAN_POINT ( 'NONE',  ( -0.3237003905337341725, 1.201624832540710397, -5.341886611758556391 ) ) ;
#2382 = CIRCLE ( 'NONE', #4738, 1.237499999999997158 ) ;
#2383 = ADVANCED_FACE ( 'NONE', ( #896 ), #1855, .T. ) ;
#2384 = CARTESIAN_POINT ( 'NONE',  ( -1.060132804264166229, -3.018596205566941748, -4.019910896282875790 ) ) ;
#2385 = ORIENTED_EDGE ( 'NONE', *, *, #6786, .F. ) ;
#2386 = CARTESIAN_POINT ( 'NONE',  ( -3.499999999999999556, 3.673940397442062333E-16, -3.000000000000002220 ) ) ;
#2387 = DIRECTION ( 'NONE',  ( 0.000000000000000000, -1.000000000000000000, 3.491481338843134144E-15 ) ) ;
#2388 = ORIENTED_EDGE ( 'NONE', *, *, #6819, .F. ) ;
#2389 = AXIS2_PLACEMENT_3D ( 'NONE', #6835, #4965, #5635 ) ;
#2390 = CARTESIAN_POINT ( 'NONE',  ( 0.3375000000000029088, 3.608627975754080008, -4.117454205283289426 ) ) ;
#2391 = CARTESIAN_POINT ( 'NONE',  ( -1.124999999999992006, -4.546633369868319008, -2.624999999999973799 ) ) ;
#2392 = CARTESIAN_POINT ( 'NONE',  ( 0.1138098578510975539, 1.526124201487661258, 4.787647639671297028 ) ) ;
#2393 = AXIS2_PLACEMENT_3D ( 'NONE', #4713, #1762, #5289 ) ;
#2394 = CARTESIAN_POINT ( 'NONE',  ( 2.951763000829056837E-15, -4.546633369868319008, -2.624999999999973799 ) ) ;
#2395 = CARTESIAN_POINT ( 'NONE',  ( 0.3164798858117181535, -1.447998357152445736, 4.812211386141434843 ) ) ;
#2396 = ORIENTED_EDGE ( 'NONE', *, *, #4147, .F. ) ;
#2397 = EDGE_LOOP ( 'NONE', ( #4554, #3177 ) ) ;
#2398 = CARTESIAN_POINT ( 'NONE',  ( 0.3375000000000029643, 5.025000000000001243, 0.000000000000000000 ) ) ;
#2399 = FILL_AREA_STYLE ('',( #1771 ) ) ;
#2400 = SURFACE_STYLE_USAGE ( .BOTH. , #3592 ) ;
#2401 = PRESENTATION_LAYER_ASSIGNMENT (  '', '', ( #5582 ) ) ;
#2402 = DIRECTION ( 'NONE',  ( 0.000000000000000000, 0.000000000000000000, 1.000000000000000000 ) ) ;
#2403 = CARTESIAN_POINT ( 'NONE',  ( 1.216873555470457724, 5.475000000000316724, -1.549021926834971445E-13 ) ) ;
#2404 =( LENGTH_UNIT ( ) NAMED_UNIT ( * ) SI_UNIT ( .MILLI., .METRE. ) );
#2405 = CIRCLE ( 'NONE', #4145, 5.025000000000001243 ) ;
#2406 = CARTESIAN_POINT ( 'NONE',  ( -0.3237003905340479770, -4.025397093648606983, -3.711580936677679077 ) ) ;
#2407 = CARTESIAN_POINT ( 'NONE',  ( 0.3375000000000029643, 5.025000000000001243, 0.000000000000000000 ) ) ;
#2408 = CARTESIAN_POINT ( 'NONE',  ( -0.3374999999999969691, -5.250000000000000000, 0.000000000000000000 ) ) ;
#2409 = EDGE_CURVE ( 'NONE', #5500, #5780, #2669, .T. ) ;
#2410 = CIRCLE ( 'NONE', #6750, 1.073181601594058732 ) ;
#2411 = DIRECTION ( 'NONE',  ( 0.000000000000000000, 0.000000000000000000, 1.000000000000000000 ) ) ;
#2412 = SURFACE_STYLE_USAGE ( .BOTH. , #5922 ) ;
#2413 = EDGE_LOOP ( 'NONE', ( #4170, #2652, #965, #3006 ) ) ;
#2414 = CARTESIAN_POINT ( 'NONE',  ( 0.7539386004179678968, -5.386928225247897828, 0.9848525497151173758 ) ) ;
#2415 = FACE_OUTER_BOUND ( 'NONE', #5141, .T. ) ;
#2416 = CARTESIAN_POINT ( 'NONE',  ( 0.6188283613271797767, 1.077234586337257660, -5.368357146716467021 ) ) ;
#2417 = DIRECTION ( 'NONE',  ( 1.000000000000000000, 0.000000000000000000, 0.000000000000000000 ) ) ;
#2418 = ORIENTED_EDGE ( 'NONE', *, *, #4278, .F. ) ;
#2419 = DIRECTION ( 'NONE',  ( 0.000000000000000000, -1.000000000000000000, 0.000000000000000000 ) ) ;
#2420 = CARTESIAN_POINT ( 'NONE',  ( 1.216873555469063284, 0.1607905467560533652, 5.474999999999990763 ) ) ;
#2421 = VERTEX_POINT ( 'NONE', #4468 ) ;
#2422 = EDGE_CURVE ( 'NONE', #3663, #5682, #4349, .T. ) ;
#2423 = FILL_AREA_STYLE_COLOUR ( '', #6409 ) ;
#2424 = STYLED_ITEM ( 'NONE', ( #7281 ), #1039 ) ;
#2425 = CARTESIAN_POINT ( 'NONE',  ( 0.2866360913048047743, 4.915434203248265632, 1.044992922641428956 ) ) ;
#2426 = CYLINDRICAL_SURFACE ( 'NONE', #1797, 5.475000000000000533 ) ;
#2427 = CIRCLE ( 'NONE', #3784, 4.500000000000002665 ) ;
#2428 = CARTESIAN_POINT ( 'NONE',  ( -1.060068109014960402, -1.971817333347538614, 4.624251323185577078 ) ) ;
#2429 = EDGE_LOOP ( 'NONE', ( #5563, #1321 ) ) ;
#2430 = ORIENTED_EDGE ( 'NONE', *, *, #7439, .T. ) ;
#2431 = CARTESIAN_POINT ( 'NONE',  ( 0.3375000000000029643, -4.546633369868319008, -2.624999999999973799 ) ) ;
#2432 = SURFACE_SIDE_STYLE ('',( #4187 ) ) ;
#2433 = CARTESIAN_POINT ( 'NONE',  ( 0.9843303561305016824, 0.000000000000000000, 0.000000000000000000 ) ) ;
#2434 = FILL_AREA_STYLE_COLOUR ( '', #1054 ) ;
#2435 = ADVANCED_FACE ( 'NONE', ( #4514 ), #968, .F. ) ;
#2436 = DIRECTION ( 'NONE',  ( -1.000000000000000000, -0.000000000000000000, -0.000000000000000000 ) ) ;
#2437 = STYLED_ITEM ( 'NONE', ( #7246 ), #5642 ) ;
#2438 = FACE_BOUND ( 'NONE', #2413, .T. ) ;
#2439 = SPHERICAL_SURFACE ( 'NONE', #3854, 1.124999999999995115 ) ;
#2440 = AXIS2_PLACEMENT_3D ( 'NONE', #5978, #4176, #40 ) ;
#2441 = DIRECTION ( 'NONE',  ( 0.000000000000000000, -8.881784197001252323E-16, -1.000000000000000000 ) ) ;
#2442 = B_SPLINE_CURVE_WITH_KNOTS ( 'NONE', 3,
 ( #2318, #1064, #2356, #5747, #2820, #7676, #5785, #5187, #7083, #874, #5829, #468, #7607, #6795, #1685, #3245, #5602, #280 ),
 .UNSPECIFIED., .F., .F.,
 ( 4, 2, 2, 2, 2, 2, 2, 2, 4 ),
 ( 0.005649204378755514483, 0.006119817975306321434, 0.006590431571857128384, 0.007061045168407935335, 0.007531658764958742286, 0.008002272361509549237, 0.008472885958060356187, 0.008943499554611163138, 0.009414113151161970089 ),
 .UNSPECIFIED. ) ;
#2443 = FILL_AREA_STYLE_COLOUR ( '', #5087 ) ;
#2444 = CIRCLE ( 'NONE', #66, 4.441421356237311713 ) ;
#2445 = DIRECTION ( 'NONE',  ( -1.000000000000000000, -0.000000000000000000, -0.000000000000000000 ) ) ;
#2446 =( NAMED_UNIT ( * ) SI_UNIT ( $, .STERADIAN. ) SOLID_ANGLE_UNIT ( ) );
#2447 = FILL_AREA_STYLE_COLOUR ( '', #1579 ) ;
#2448 = CARTESIAN_POINT ( 'NONE',  ( -0.1605426051907895002, -5.333976643754886560, -1.234632805375139197 ) ) ;
#2449 = ORIENTED_EDGE ( 'NONE', *, *, #332, .T. ) ;
#2450 = AXIS2_PLACEMENT_3D ( 'NONE', #7139, #4272, #22 ) ;
#2451 = STYLED_ITEM ( 'NONE', ( #279 ), #844 ) ;
#2452 = CARTESIAN_POINT ( 'NONE',  ( -0.2283429028091446267, -3.635721173720753985, 4.093709127072163945 ) ) ;
#2453 = EDGE_CURVE ( 'NONE', #1722, #4319, #981, .T. ) ;
#2454 = CARTESIAN_POINT ( 'NONE',  ( 2.951763000829056837E-15, -1.833027702892645012E-14, -5.250000000000000000 ) ) ;
#2455 = DIRECTION ( 'NONE',  ( 0.000000000000000000, -0.8660254037844347108, 0.5000000000000066613 ) ) ;
#2456 = FILL_AREA_STYLE ('',( #65 ) ) ;
#2457 = VERTEX_POINT ( 'NONE', #5319 ) ;
#2458 = DIRECTION ( 'NONE',  ( 0.000000000000000000, -0.5000000000000008882, -0.8660254037844381525 ) ) ;
#2459 = CARTESIAN_POINT ( 'NONE',  ( -1.216873555469091484, 0.1615363784200863906, 5.475000000000000533 ) ) ;
#2460 = ORIENTED_EDGE ( 'NONE', *, *, #4680, .F. ) ;
#2461 =( NAMED_UNIT ( * ) PLANE_ANGLE_UNIT ( ) SI_UNIT ( $, .RADIAN. ) );
#2462 = CARTESIAN_POINT ( 'NONE',  ( 0.3375000000000030753, 1.575657362522987714, 4.771575093816203150 ) ) ;
#2463 = CARTESIAN_POINT ( 'NONE',  ( 1.216873555469097479, 4.741489085719798879, -2.737500000000006040 ) ) ;
#2464 = EDGE_CURVE ( 'NONE', #7310, #2252, #5436, .T. ) ;
#2465 = SURFACE_STYLE_USAGE ( .BOTH. , #5983 ) ;
#2466 = ORIENTED_EDGE ( 'NONE', *, *, #1273, .F. ) ;
#2467 = ORIENTED_EDGE ( 'NONE', *, *, #2369, .T. ) ;
#2468 = SURFACE_STYLE_USAGE ( .BOTH. , #2028 ) ;
#2469 = CARTESIAN_POINT ( 'NONE',  ( 0.3375000000000044631, 0.000000000000000000, 0.000000000000000000 ) ) ;
#2470 = ORIENTED_EDGE ( 'NONE', *, *, #5438, .F. ) ;
#2471 =( NAMED_UNIT ( * ) SI_UNIT ( $, .STERADIAN. ) SOLID_ANGLE_UNIT ( ) );
#2472 = CIRCLE ( 'NONE', #2707, 1.237499999999997158 ) ;
#2473 = UNCERTAINTY_MEASURE_WITH_UNIT (LENGTH_MEASURE( 1.000000000000000082E-05 ), #5210, 'distance_accuracy_value', 'NONE');
#2474 = FILL_AREA_STYLE ('',( #3082 ) ) ;
#2475 = CARTESIAN_POINT ( 'NONE',  ( 0.1142805824610687304, 3.715423797418337504, -3.383230854298467261 ) ) ;
#2476 = CYLINDRICAL_SURFACE ( 'NONE', #1638, 4.500000000000002665 ) ;
#2477 = DIRECTION ( 'NONE',  ( 0.000000000000000000, 0.000000000000000000, 1.000000000000000000 ) ) ;
#2478 = CARTESIAN_POINT ( 'NONE',  ( 2.299999999999997158, 0.000000000000000000, 0.000000000000000000 ) ) ;
#2479 = STYLED_ITEM ( 'NONE', ( #4150 ), #3791 ) ;
#2480 =( LENGTH_UNIT ( ) NAMED_UNIT ( * ) SI_UNIT ( .MILLI., .METRE. ) );
#2481 = MECHANICAL_DESIGN_GEOMETRIC_PRESENTATION_REPRESENTATION (  '', ( #6310 ), #4049 ) ;
#2482 = DIRECTION ( 'NONE',  ( -1.000000000000000000, -0.000000000000000000, -0.000000000000000000 ) ) ;
#2483 = CARTESIAN_POINT ( 'NONE',  ( -0.7521123038540215022, -5.386637404762089076, -0.9865916369730146629 ) ) ;
#2484 = FACE_OUTER_BOUND ( 'NONE', #1465, .T. ) ;
#2485 = PRESENTATION_LAYER_ASSIGNMENT (  '', '', ( #7232 ) ) ;
#2486 =( GEOMETRIC_REPRESENTATION_CONTEXT ( 3 ) GLOBAL_UNCERTAINTY_ASSIGNED_CONTEXT ( ( #4444 ) ) GLOBAL_UNIT_ASSIGNED_CONTEXT ( ( #2784, #6963, #7652 ) ) REPRESENTATION_CONTEXT ( 'NONE', 'WORKASPACE' ) );
#2487 = CARTESIAN_POINT ( 'NONE',  ( -0.3374999999999969691, 2.624999999999989786, -4.546633369868309238 ) ) ;
#2488 = AXIS2_PLACEMENT_3D ( 'NONE', #6278, #3798, #352 ) ;
#2489 = DIRECTION ( 'NONE',  ( -1.000000000000000000, -0.000000000000000000, -0.000000000000000000 ) ) ;
#2490 =( GEOMETRIC_REPRESENTATION_CONTEXT ( 3 ) GLOBAL_UNCERTAINTY_ASSIGNED_CONTEXT ( ( #4386 ) ) GLOBAL_UNIT_ASSIGNED_CONTEXT ( ( #5077, #1534, #351 ) ) REPRESENTATION_CONTEXT ( 'NONE', 'WORKASPACE' ) );
#2491 = SURFACE_STYLE_FILL_AREA ( #2602 ) ;
#2492 = ORIENTED_EDGE ( 'NONE', *, *, #3307, .T. ) ;
#2493 = CIRCLE ( 'NONE', #118, 0.1999999999999987899 ) ;
#2494 = CARTESIAN_POINT ( 'NONE',  ( -0.7539386004179619016, -0.9848525497150620867, 5.386928225247908486 ) ) ;
#2495 = ORIENTED_EDGE ( 'NONE', *, *, #4789, .F. ) ;
#2496 =( NAMED_UNIT ( * ) PLANE_ANGLE_UNIT ( ) SI_UNIT ( $, .RADIAN. ) );
#2497 = COLOUR_RGB ( '',0.5294117647058823595, 0.5490196078431373028, 0.5490196078431373028 ) ;
#2498 = CARTESIAN_POINT ( 'NONE',  ( 1.072654900495243702, 5.018568746607501296, 0.2857567002366765974 ) ) ;
#2499 = CYLINDRICAL_SURFACE ( 'NONE', #5854, 5.025000000000000355 ) ;
#2500 = DIRECTION ( 'NONE',  ( 0.000000000000000000, 0.000000000000000000, 1.000000000000000000 ) ) ;
#2501 = CIRCLE ( 'NONE', #5223, 1.237499999999996714 ) ;
#2503 = ADVANCED_FACE ( 'NONE', ( #7029 ), #7069, .T. ) ;
#2502 = SURFACE_STYLE_USAGE ( .BOTH. , #1356 ) ;
#2504 = EDGE_LOOP ( 'NONE', ( #3226, #7390, #2332, #1150 ) ) ;
#2505 = ORIENTED_EDGE ( 'NONE', *, *, #5197, .F. ) ;
#2506 = AXIS2_PLACEMENT_3D ( 'NONE', #775, #3706, #738 ) ;
#2507 = DIRECTION ( 'NONE',  ( 0.000000000000000000, -0.8660254037844398178, -0.4999999999999980571 ) ) ;
#2508 = CARTESIAN_POINT ( 'NONE',  ( -0.1561588338134606291, -1.182231370141750393, -4.883948607269691600 ) ) ;
#2509 = VERTEX_POINT ( 'NONE', #4209 ) ;
#2510 = FILL_AREA_STYLE_COLOUR ( '', #1881 ) ;
#2511 =( GEOMETRIC_REPRESENTATION_CONTEXT ( 3 ) GLOBAL_UNCERTAINTY_ASSIGNED_CONTEXT ( ( #1565 ) ) GLOBAL_UNIT_ASSIGNED_CONTEXT ( ( #4722, #4028, #5783 ) ) REPRESENTATION_CONTEXT ( 'NONE', 'WORKASPACE' ) );
#2512 = B_SPLINE_CURVE_WITH_KNOTS ( 'NONE', 3,
 ( #3368, #992, #3325, #7538, #5677, #5718, #359, #405, #2788, #438, #5795, #2754, #516, #477, #2830, #1035, #5159, #5199 ),
 .UNSPECIFIED., .F., .F.,
 ( 4, 2, 2, 2, 2, 2, 2, 2, 4 ),
 ( 0.005649204378755477186, 0.006119817975306283270, 0.006590431571857090221, 0.007061045168407896304, 0.007531658764958702387, 0.008002272361509509338, 0.008472885958060316289, 0.008943499554611123240, 0.009414113151161930190 ),
 .UNSPECIFIED. ) ;
#2513 = EDGE_CURVE ( 'NONE', #5611, #5858, #5678, .T. ) ;
#2514 = FILL_AREA_STYLE_COLOUR ( '', #1502 ) ;
#2515 = AXIS2_PLACEMENT_3D ( 'NONE', #4889, #6630, #7403 ) ;
#2516 = COLOUR_RGB ( '',1.000000000000000000, 1.000000000000000000, 1.000000000000000000 ) ;
#2517 = CARTESIAN_POINT ( 'NONE',  ( 2.951763000829056837E-15, 4.546633369868336771, 2.624999999999942268 ) ) ;
#2518 = DIRECTION ( 'NONE',  ( 0.000000000000000000, -1.224646799147353454E-16, 1.000000000000000000 ) ) ;
#2519 = EDGE_CURVE ( 'NONE', #2681, #286, #386, .T. ) ;
#2520 = SURFACE_SIDE_STYLE ('',( #3202 ) ) ;
#2521 =( GEOMETRIC_REPRESENTATION_CONTEXT ( 3 ) GLOBAL_UNCERTAINTY_ASSIGNED_CONTEXT ( ( #2367 ) ) GLOBAL_UNIT_ASSIGNED_CONTEXT ( ( #5625, #4377, #740 ) ) REPRESENTATION_CONTEXT ( 'NONE', 'WORKASPACE' ) );
#2522 = PRESENTATION_STYLE_ASSIGNMENT (( #7261 ) ) ;
#2523 = AXIS2_PLACEMENT_3D ( 'NONE', #714, #7191, #4282 ) ;
#2524 = FACE_OUTER_BOUND ( 'NONE', #2579, .T. ) ;
#2525 = FILL_AREA_STYLE_COLOUR ( '', #75 ) ;
#2526 = CYLINDRICAL_SURFACE ( 'NONE', #2185, 5.025000000000000355 ) ;
#2527 = CARTESIAN_POINT ( 'NONE',  ( 1.060068109014966398, -1.971817333347603229, -4.624251323185549545 ) ) ;
#2528 = AXIS2_PLACEMENT_3D ( 'NONE', #5729, #2685, #2795 ) ;
#2529 = CARTESIAN_POINT ( 'NONE',  ( 0.6073178875565925505, -3.357056292692504940, 3.739553136311749792 ) ) ;
#2530 = CARTESIAN_POINT ( 'NONE',  ( -19.92709219242683361, 0.000000000000000000, 0.000000000000000000 ) ) ;
#2531 = EDGE_CURVE ( 'NONE', #4718, #4504, #1845, .T. ) ;
#2532 = CARTESIAN_POINT ( 'NONE',  ( 1.102270384252428403, 5.475000000000001421, 0.1452747394975822948 ) ) ;
#2533 = AXIS2_PLACEMENT_3D ( 'NONE', #33, #1160, #1196 ) ;
#2534 = PRESENTATION_STYLE_ASSIGNMENT (( #4969 ) ) ;
#2535 = VERTEX_POINT ( 'NONE', #3036 ) ;
#2536 = CARTESIAN_POINT ( 'NONE',  ( 0.3222421747442784090, -5.227146843786455221, 1.629900123589751004 ) ) ;
#2537 = ORIENTED_EDGE ( 'NONE', *, *, #1466, .T. ) ;
#2538 = DIRECTION ( 'NONE',  ( 0.000000000000000000, 0.5000000000000101030, 0.8660254037844328234 ) ) ;
#2539 = SURFACE_STYLE_USAGE ( .BOTH. , #6647 ) ;
#2540 = CARTESIAN_POINT ( 'NONE',  ( 0.3375000000000029643, 5.025000000000001243, 0.000000000000000000 ) ) ;
#2541 = DIRECTION ( 'NONE',  ( -1.000000000000000000, -0.000000000000000000, -0.000000000000000000 ) ) ;
#2542 = CARTESIAN_POINT ( 'NONE',  ( 2.951763000829056837E-15, 0.000000000000000000, 5.250000000000000000 ) ) ;
#2543 = EDGE_LOOP ( 'NONE', ( #5494, #6027, #2314, #6747 ) ) ;
#2544 = VERTEX_POINT ( 'NONE', #5385 ) ;
#2545 = DIRECTION ( 'NONE',  ( -1.000000000000000000, -0.000000000000000000, -0.000000000000000000 ) ) ;
#2546 = ORIENTED_EDGE ( 'NONE', *, *, #1807, .F. ) ;
#2547 = DIRECTION ( 'NONE',  ( 0.000000000000000000, 0.000000000000000000, 1.000000000000000000 ) ) ;
#2548 = B_SPLINE_CURVE_WITH_KNOTS ( 'NONE', 3,
 ( #6604, #4165, #4239, #5926, #596, #6568, #4861, #7728, #674, #1309, #4315, #2377, #4817, #31, #7222, #6673, #3029, #1857 ),
 .UNSPECIFIED., .F., .F.,
 ( 4, 2, 2, 2, 2, 2, 2, 2, 4 ),
 ( 0.001883778965698465653, 0.002354457143249130777, 0.002825135320799795902, 0.003295813498350460592, 0.003766491675901125716, 0.004237169853451790841, 0.004707848031002455531, 0.005178526208553120222, 0.005649204386103785780 ),
 .UNSPECIFIED. ) ;
#2549 = SURFACE_STYLE_USAGE ( .BOTH. , #1367 ) ;
#2550 = CARTESIAN_POINT ( 'NONE',  ( 0.1160098895142586267, 3.715543477065459399, 3.383099418866660546 ) ) ;
#2551 = EDGE_CURVE ( 'NONE', #934, #647, #627, .T. ) ;
#2552 = CIRCLE ( 'NONE', #1800, 1.237499999999996492 ) ;
#2553 = CARTESIAN_POINT ( 'NONE',  ( 1.216873555469042190, 5.474999999999988987, -0.2647132874836971017 ) ) ;
#2554 = CARTESIAN_POINT ( 'NONE',  ( -1.185664645333973866, -4.573754011965728949, 3.013064982714017237 ) ) ;
#2555 = CARTESIAN_POINT ( 'NONE',  ( -0.2927043969722447070, 5.365751464471883558, -1.089781517472910632 ) ) ;
#2556 =( LENGTH_UNIT ( ) NAMED_UNIT ( * ) SI_UNIT ( .MILLI., .METRE. ) );
#2557 = SURFACE_STYLE_FILL_AREA ( #4852 ) ;
#2558 = CARTESIAN_POINT ( 'NONE',  ( 2.951763000829056837E-15, 6.429395695523604153E-16, -5.250000000000000000 ) ) ;
#2559 = AXIS2_PLACEMENT_3D ( 'NONE', #4409, #1379, #4343 ) ;
#2560 = AXIS2_PLACEMENT_3D ( 'NONE', #840, #2646, #3727 ) ;
#2561 = ADVANCED_FACE ( 'NONE', ( #7229 ), #2476, .T. ) ;
#2562 = CARTESIAN_POINT ( 'NONE',  ( 0.3375000000000029088, -1.761505952817295162, 5.183890602451913132 ) ) ;
#2563 = FACE_OUTER_BOUND ( 'NONE', #5089, .T. ) ;
#2564 = FACE_OUTER_BOUND ( 'NONE', #3380, .T. ) ;
#2565 = CARTESIAN_POINT ( 'NONE',  ( -1.048280351975352520, 4.988038009397219419, 0.6168347408279886146 ) ) ;
#2566 = CIRCLE ( 'NONE', #1813, 1.237499999999996714 ) ;
#2567 = DIRECTION ( 'NONE',  ( 0.000000000000000000, -1.000000000000000000, 3.369016658928398207E-15 ) ) ;
#2568 = FACE_BOUND ( 'NONE', #2504, .T. ) ;
#2569 = CARTESIAN_POINT ( 'NONE',  ( 0.3375000000000044631, 0.000000000000000000, 0.000000000000000000 ) ) ;
#2570 = ORIENTED_EDGE ( 'NONE', *, *, #4240, .F. ) ;
#2571 = PRESENTATION_LAYER_ASSIGNMENT (  '', '', ( #3431 ) ) ;
#2572 = CARTESIAN_POINT ( 'NONE',  ( 0.6171494958829062405, -5.188032411269617228, 1.750416590129489691 ) ) ;
#2573 = VERTEX_POINT ( 'NONE', #1111 ) ;
#2574 = CARTESIAN_POINT ( 'NONE',  ( -0.5500070652126327619, 4.936436936620826721, 0.9407678002490493796 ) ) ;
#2575 = AXIS2_PLACEMENT_3D ( 'NONE', #3522, #2482, #1820 ) ;
#2576 = CARTESIAN_POINT ( 'NONE',  ( 0.2288706956799388959, 4.782349675994524318, -1.543028613918635994 ) ) ;
#2577 = SPHERICAL_SURFACE ( 'NONE', #3523, 1.237499999999996936 ) ;
#2578 = ORIENTED_EDGE ( 'NONE', *, *, #3819, .T. ) ;
#2579 = EDGE_LOOP ( 'NONE', ( #5335, #5731, #919, #7690 ) ) ;
#2580 =( LENGTH_UNIT ( ) NAMED_UNIT ( * ) SI_UNIT ( .MILLI., .METRE. ) );
#2581 = EDGE_LOOP ( 'NONE', ( #7402, #5973, #5723, #7044 ) ) ;
#2582 = CYLINDRICAL_SURFACE ( 'NONE', #3743, 5.475000000000000533 ) ;
#2583 = CARTESIAN_POINT ( 'NONE',  ( -1.216873555469090151, 5.025000000000000355, -0.1286533484961805418 ) ) ;
#2584 = CARTESIAN_POINT ( 'NONE',  ( 0.1603182285372219684, 1.597735866490253898, 5.236684552382525837 ) ) ;
#2585 = CIRCLE ( 'NONE', #1457, 5.025000000000001243 ) ;
#2586 = ADVANCED_FACE ( 'NONE', ( #5234 ), #5354, .T. ) ;
#2587 = ORIENTED_EDGE ( 'NONE', *, *, #6733, .F. ) ;
#2588 = CARTESIAN_POINT ( 'NONE',  ( -2.299999999999996270, 0.000000000000000000, 0.000000000000000000 ) ) ;
#2589 = SURFACE_STYLE_FILL_AREA ( #1890 ) ;
#2590 = CARTESIAN_POINT ( 'NONE',  ( -0.6823206492073101703, 5.402651254950118442, -0.8932665989558601360 ) ) ;
#2591 = AXIS2_PLACEMENT_3D ( 'NONE', #6001, #1419, #3132 ) ;
#2592 = CARTESIAN_POINT ( 'NONE',  ( 2.951763000829056837E-15, 2.625000000000053291, 4.546633369868272823 ) ) ;
#2593 = CIRCLE ( 'NONE', #2346, 1.073181601594058732 ) ;
#2594 = SURFACE_SIDE_STYLE ('',( #2557 ) ) ;
#2595 = SURFACE_STYLE_FILL_AREA ( #5703 ) ;
#2596 = EDGE_CURVE ( 'NONE', #6518, #1281, #6741, .T. ) ;
#2597 =( LENGTH_UNIT ( ) NAMED_UNIT ( * ) SI_UNIT ( .MILLI., .METRE. ) );
#2598 = MECHANICAL_DESIGN_GEOMETRIC_PRESENTATION_REPRESENTATION (  '', ( #2479 ), #1972 ) ;
#2599 = CARTESIAN_POINT ( 'NONE',  ( -1.216873555469090151, -2.648512982295688101, 4.273250522075107583 ) ) ;
#2600 = SPHERICAL_SURFACE ( 'NONE', #2389, 1.124999999999995115 ) ;
#2601 = EDGE_CURVE ( 'NONE', #3615, #6295, #510, .T. ) ;
#2602 = FILL_AREA_STYLE ('',( #832 ) ) ;
#2603 = CARTESIAN_POINT ( 'NONE',  ( -1.186246345985052075, 4.895758463743423938, 2.455581101507838149 ) ) ;
#2604 = DIRECTION ( 'NONE',  ( -1.000000000000000000, -0.000000000000000000, -0.000000000000000000 ) ) ;
#2605 = EDGE_LOOP ( 'NONE', ( #5031, #1322 ) ) ;
#2606 = STYLED_ITEM ( 'NONE', ( #3714 ), #7572 ) ;
#2607 = CARTESIAN_POINT ( 'NONE',  ( 1.216873555469097701, -2.737500000000022471, -4.741489085719789109 ) ) ;
#2608 = VERTEX_POINT ( 'NONE', #3634 ) ;
#2609 = CARTESIAN_POINT ( 'NONE',  ( -0.3374999999999970246, -4.920133928571429394, -1.021228243303264893 ) ) ;
#2610 = CARTESIAN_POINT ( 'NONE',  ( 0.2282113725214197641, 3.370277656641996078, -3.727338007249152430 ) ) ;
#2611 = AXIS2_PLACEMENT_3D ( 'NONE', #220, #6183, #5469 ) ;
#2612 = AXIS2_PLACEMENT_3D ( 'NONE', #1274, #6125, #2011 ) ;
#2613 = DIRECTION ( 'NONE',  ( -0.000000000000000000, -0.000000000000000000, -1.000000000000000000 ) ) ;
#2614 = VERTEX_POINT ( 'NONE', #1296 ) ;
#2615 = VERTEX_POINT ( 'NONE', #6964 ) ;
#2616 = DIRECTION ( 'NONE',  ( 0.000000000000000000, 0.000000000000000000, 1.000000000000000000 ) ) ;
#2617 = COLOUR_RGB ( '',0.5294117647058823595, 0.5490196078431373028, 0.5490196078431373028 ) ;
#2618 = ORIENTED_EDGE ( 'NONE', *, *, #4841, .F. ) ;
#2619 = CIRCLE ( 'NONE', #6839, 1.237499999999997380 ) ;
#2620 = CARTESIAN_POINT ( 'NONE',  ( -0.3374999999999969691, 1.761505952817329801, -5.183890602451898921 ) ) ;
#2621 = EDGE_CURVE ( 'NONE', #3118, #6851, #5993, .T. ) ;
#2622 = AXIS2_PLACEMENT_3D ( 'NONE', #905, #3272, #2699 ) ;
#2623 =( GEOMETRIC_REPRESENTATION_CONTEXT ( 3 ) GLOBAL_UNCERTAINTY_ASSIGNED_CONTEXT ( ( #941 ) ) GLOBAL_UNIT_ASSIGNED_CONTEXT ( ( #5060, #6263, #6776 ) ) REPRESENTATION_CONTEXT ( 'NONE', 'WORKASPACE' ) );
#2624 = CARTESIAN_POINT ( 'NONE',  ( 0.6182595144253224539, -4.110372429053008148, 3.617249411575688800 ) ) ;
#2625 = VERTEX_POINT ( 'NONE', #5757 ) ;
#2626 = PRESENTATION_LAYER_ASSIGNMENT (  '', '', ( #1497 ) ) ;
#2627 = AXIS2_PLACEMENT_3D ( 'NONE', #7644, #3550, #2935 ) ;
#2628 =( NAMED_UNIT ( * ) PLANE_ANGLE_UNIT ( ) SI_UNIT ( $, .RADIAN. ) );
#2629 =( NAMED_UNIT ( * ) PLANE_ANGLE_UNIT ( ) SI_UNIT ( $, .RADIAN. ) );
#2630 = CARTESIAN_POINT ( 'NONE',  ( -0.7413020568632530116, 1.642381454461488755, -4.750304665213728406 ) ) ;
#2631 =( GEOMETRIC_REPRESENTATION_CONTEXT ( 3 ) GLOBAL_UNCERTAINTY_ASSIGNED_CONTEXT ( ( #2283 ) ) GLOBAL_UNIT_ASSIGNED_CONTEXT ( ( #6430, #498, #6461 ) ) REPRESENTATION_CONTEXT ( 'NONE', 'WORKASPACE' ) );
#2632 = FILL_AREA_STYLE_COLOUR ( '', #2726 ) ;
#2633 = COLOUR_RGB ( '',1.000000000000000000, 1.000000000000000000, 1.000000000000000000 ) ;
#2634 = DIRECTION ( 'NONE',  ( 0.000000000000000000, 0.8660254037844433705, 0.4999999999999921729 ) ) ;
#2635 = DIRECTION ( 'NONE',  ( 1.000000000000000000, 0.000000000000000000, 0.000000000000000000 ) ) ;
#2636 = PRESENTATION_LAYER_ASSIGNMENT (  '', '', ( #6731 ) ) ;
#2637 = CARTESIAN_POINT ( 'NONE',  ( 0.6178653494856303219, 1.750740808670891324, -5.187926071696299601 ) ) ;
#2638 = EDGE_CURVE ( 'NONE', #6352, #4718, #1512, .T. ) ;
#2639 = SURFACE_STYLE_FILL_AREA ( #403 ) ;
#2640 = DIRECTION ( 'NONE',  ( -1.000000000000000000, -0.000000000000000000, -0.000000000000000000 ) ) ;
#2641 = AXIS2_PLACEMENT_3D ( 'NONE', #961, #4576, #3846 ) ;
#2642 = CARTESIAN_POINT ( 'NONE',  ( -2.441421356237307272, 0.000000000000000000, 0.000000000000000000 ) ) ;
#2643 = ORIENTED_EDGE ( 'NONE', *, *, #5995, .F. ) ;
#2644 = CARTESIAN_POINT ( 'NONE',  ( 2.951763000829056837E-15, 0.000000000000000000, 0.000000000000000000 ) ) ;
#2645 = ORIENTED_EDGE ( 'NONE', *, *, #6008, .T. ) ;
#2646 = DIRECTION ( 'NONE',  ( -1.000000000000000000, -0.000000000000000000, -0.000000000000000000 ) ) ;
#2647 = AXIS2_PLACEMENT_3D ( 'NONE', #4568, #6323, #6921 ) ;
#2648 = CARTESIAN_POINT ( 'NONE',  ( 2.499999999999996891, 0.000000000000000000, 7.300000000000000711 ) ) ;
#2649 = PRESENTATION_STYLE_ASSIGNMENT (( #4398 ) ) ;
#2650 = PRESENTATION_STYLE_ASSIGNMENT (( #258 ) ) ;
#2651 = DIRECTION ( 'NONE',  ( 0.000000000000000000, 1.000000000000000000, 0.000000000000000000 ) ) ;
#2652 = ORIENTED_EDGE ( 'NONE', *, *, #2551, .T. ) ;
#2653 = ORIENTED_EDGE ( 'NONE', *, *, #1072, .T. ) ;
#2654 = AXIS2_PLACEMENT_3D ( 'NONE', #4418, #5960, #1783 ) ;
#2655 = CARTESIAN_POINT ( 'NONE',  ( 0.7429409894792294855, -0.9513800596651842412, -4.935330379285243652 ) ) ;
#2656 = DIRECTION ( 'NONE',  ( 0.000000000000000000, 0.000000000000000000, 1.000000000000000000 ) ) ;
#2657 = ADVANCED_FACE ( 'NONE', ( #2288 ), #4651, .F. ) ;
#2658 = CARTESIAN_POINT ( 'NONE',  ( -0.9684278525401793791, -4.673716618225743247, 1.849049199763111329 ) ) ;
#2659 = EDGE_CURVE ( 'NONE', #1942, #150, #4704, .T. ) ;
#2660 = FILL_AREA_STYLE_COLOUR ( '', #2881 ) ;
#2661 = FILL_AREA_STYLE_COLOUR ( '', #5148 ) ;
#2662 = CARTESIAN_POINT ( 'NONE',  ( -1.216873555469124790, -4.661087872940346877, 2.876758985524188184 ) ) ;
#2663 = CARTESIAN_POINT ( 'NONE',  ( -0.2291337308794231253, -1.727642638307768097, -5.195397486887791239 ) ) ;
#2664 = VERTEX_POINT ( 'NONE', #7322 ) ;
#2665 =( LENGTH_UNIT ( ) NAMED_UNIT ( * ) SI_UNIT ( .MILLI., .METRE. ) );
#2666 = UNCERTAINTY_MEASURE_WITH_UNIT (LENGTH_MEASURE( 1.000000000000000082E-05 ), #4342, 'distance_accuracy_value', 'NONE');
#2667 = SURFACE_STYLE_USAGE ( .BOTH. , #2520 ) ;
#2668 = FACE_OUTER_BOUND ( 'NONE', #529, .T. ) ;
#2669 = B_SPLINE_CURVE_WITH_KNOTS ( 'NONE', 3,
 ( #6387, #2184, #7509, #4583, #5579, #2066, #3894, #3853, #335, #5618, #298, #3933, #2722, #5059, #7462, #2100, #5099, #2220 ),
 .UNSPECIFIED., .F., .F.,
 ( 4, 2, 2, 2, 2, 2, 2, 2, 4 ),
 ( 0.001924500009535643754, 0.002405502955714994024, 0.002886505901894344511, 0.003367508848073694563, 0.003848511794253045050, 0.004329514740432395536, 0.004810517686611746023, 0.005291520632791096510, 0.005772523578970446996 ),
 .UNSPECIFIED. ) ;
#2670 =( LENGTH_UNIT ( ) NAMED_UNIT ( * ) SI_UNIT ( .MILLI., .METRE. ) );
#2671 = UNCERTAINTY_MEASURE_WITH_UNIT (LENGTH_MEASURE( 1.000000000000000082E-05 ), #3342, 'distance_accuracy_value', 'NONE');
#2672 = DIRECTION ( 'NONE',  ( 0.000000000000000000, 0.000000000000000000, 1.000000000000000000 ) ) ;
#2673 = UNCERTAINTY_MEASURE_WITH_UNIT (LENGTH_MEASURE( 1.000000000000000082E-05 ), #2265, 'distance_accuracy_value', 'NONE');
#2674 = CARTESIAN_POINT ( 'NONE',  ( 0.8101793311988026991, 4.944071579470947775, 0.9214984288430706494 ) ) ;
#2675 = FILL_AREA_STYLE ('',( #2709 ) ) ;
#2676 = AXIS2_PLACEMENT_3D ( 'NONE', #4484, #3352, #5145 ) ;
#2677 =( LENGTH_UNIT ( ) NAMED_UNIT ( * ) SI_UNIT ( .MILLI., .METRE. ) );
#2678 = CARTESIAN_POINT ( 'NONE',  ( 0.9774912523502891082, 5.075277381674348831, 2.056887232590041581 ) ) ;
#2679 = ORIENTED_EDGE ( 'NONE', *, *, #6843, .T. ) ;
#2680 = CARTESIAN_POINT ( 'NONE',  ( 1.186246345985057626, 4.895758463743391964, -2.455581101507905206 ) ) ;
#2681 = VERTEX_POINT ( 'NONE', #819 ) ;
#2682 = EDGE_CURVE ( 'NONE', #2266, #480, #3683, .T. ) ;
#2683 = COLOUR_RGB ( '',1.000000000000000000, 1.000000000000000000, 1.000000000000000000 ) ;
#2684 = FACE_OUTER_BOUND ( 'NONE', #5609, .T. ) ;
#2685 = DIRECTION ( 'NONE',  ( -0.000000000000000000, -0.8660254037844432595, -0.4999999999999919509 ) ) ;
#2686 = COLOUR_RGB ( '',0.6470588235294117974, 0.6196078431372549211, 0.5882352941176470784 ) ;
#2687 = CARTESIAN_POINT ( 'NONE',  ( -2.500000000000001332, 0.000000000000000000, 0.000000000000000000 ) ) ;
#2688 = VERTEX_POINT ( 'NONE', #5584 ) ;
#2689 = VERTEX_POINT ( 'NONE', #4952 ) ;
#2690 = CARTESIAN_POINT ( 'NONE',  ( 0.3219498304303090586, -1.629749021142050891, 5.227196995773008226 ) ) ;
#2691 = CARTESIAN_POINT ( 'NONE',  ( 0.1578090310783168415, -1.182027506391062577, -4.883997950975587976 ) ) ;
#2692 = CARTESIAN_POINT ( 'NONE',  ( -1.059998554186539987, -4.624265706669788756, 1.971765687694813751 ) ) ;
#2693 = PRESENTATION_LAYER_ASSIGNMENT (  '', '', ( #6033 ) ) ;
#2694 = SURFACE_SIDE_STYLE ('',( #6347 ) ) ;
#2695 = ADVANCED_FACE ( 'NONE', ( #7291 ), #7359, .F. ) ;
#2696 =( LENGTH_UNIT ( ) NAMED_UNIT ( * ) SI_UNIT ( .MILLI., .METRE. ) );
#2697 = CARTESIAN_POINT ( 'NONE',  ( 0.2291337308794288707, 1.727642638307732126, -5.195397486887803673 ) ) ;
#2698 = EDGE_LOOP ( 'NONE', ( #6469, #461, #5869, #2618, #2003 ) ) ;
#2699 = DIRECTION ( 'NONE',  ( 0.000000000000000000, -0.5000000000000037748, -0.8660254037844364872 ) ) ;
#2700 = DIRECTION ( 'NONE',  ( 0.000000000000000000, 0.000000000000000000, 1.000000000000000000 ) ) ;
#2701 = ORIENTED_EDGE ( 'NONE', *, *, #6290, .F. ) ;
#2702 = MECHANICAL_DESIGN_GEOMETRIC_PRESENTATION_REPRESENTATION (  '', ( #5061 ), #4629 ) ;
#2703 = CARTESIAN_POINT ( 'NONE',  ( -0.1561588338129542008, 1.418131903941011629, -4.820739249744113941 ) ) ;
#2704 = DIRECTION ( 'NONE',  ( 0.000000000000000000, -1.000000000000000000, 0.000000000000000000 ) ) ;
#2705 = B_SPLINE_CURVE_WITH_KNOTS ( 'NONE', 3,
 ( #4678, #6360, #7647, #7446, #542, #2279 ),
 .UNSPECIFIED., .F., .F.,
 ( 4, 2, 4 ),
 ( 0.003144056225739081615, 0.003485646593212812869, 0.003827236960686544124 ),
 .UNSPECIFIED. ) ;
#2706 = CARTESIAN_POINT ( 'NONE',  ( 3.103313042223541504E-15, 4.913895281578758469E-16, -4.012500000000002842 ) ) ;
#2707 = AXIS2_PLACEMENT_3D ( 'NONE', #5238, #4694, #6923 ) ;
#2708 = FILL_AREA_STYLE_COLOUR ( '', #495 ) ;
#2709 = FILL_AREA_STYLE_COLOUR ( '', #105 ) ;
#2710 = TOROIDAL_SURFACE ( 'NONE', #2591, 4.300000000000002487, 0.1999999999999998723 ) ;
#2711 = CARTESIAN_POINT ( 'NONE',  ( 0.1605426051907949125, 5.236675679372179815, 1.597764948076856983 ) ) ;
#2712 = ORIENTED_EDGE ( 'NONE', *, *, #642, .T. ) ;
#2713 = CARTESIAN_POINT ( 'NONE',  ( -0.2288940565161324825, 4.093829020219217796, -3.635584375318187345 ) ) ;
#2714 = ORIENTED_EDGE ( 'NONE', *, *, #2253, .T. ) ;
#2715 = MECHANICAL_DESIGN_GEOMETRIC_PRESENTATION_REPRESENTATION (  '', ( #4340 ), #5079 ) ;
#2716 =( LENGTH_UNIT ( ) NAMED_UNIT ( * ) SI_UNIT ( .MILLI., .METRE. ) );
#2717 =( NAMED_UNIT ( * ) SI_UNIT ( $, .STERADIAN. ) SOLID_ANGLE_UNIT ( ) );
#2718 = CARTESIAN_POINT ( 'NONE',  ( 0.3375000000000030753, -3.344476566048462551, 3.750346850512987995 ) ) ;
#2719 = ORIENTED_EDGE ( 'NONE', *, *, #5466, .F. ) ;
#2720 = ORIENTED_EDGE ( 'NONE', *, *, #5605, .T. ) ;
#2721 = PRESENTATION_STYLE_ASSIGNMENT (( #4467 ) ) ;
#2722 = CARTESIAN_POINT ( 'NONE',  ( -0.7525402123772446661, -0.9860931065244495919, -5.386712740550819056 ) ) ;
#2723 = CARTESIAN_POINT ( 'NONE',  ( -0.1623272491987201027, 3.736258041268465835, -4.001999606619741634 ) ) ;
#2724 = CARTESIAN_POINT ( 'NONE',  ( 2.951763000829056837E-15, 5.499083108677935350E-14, 5.250000000000000000 ) ) ;
#2725 = SURFACE_STYLE_FILL_AREA ( #7465 ) ;
#2726 = COLOUR_RGB ( '',0.5294117647058823595, 0.5490196078431373028, 0.5490196078431373028 ) ;
#2727 = CARTESIAN_POINT ( 'NONE',  ( 0.9768424931114992882, -3.367263331461640696, 4.318622634113528314 ) ) ;
#2728 = EDGE_CURVE ( 'NONE', #4797, #7339, #1265, .T. ) ;
#2729 = DIRECTION ( 'NONE',  ( 0.000000000000000000, -0.8660254037844397068, -0.4999999999999981126 ) ) ;
#2730 = ORIENTED_EDGE ( 'NONE', *, *, #5425, .T. ) ;
#2731 = CIRCLE ( 'NONE', #7118, 7.300000000000000711 ) ;
#2732 = FACE_OUTER_BOUND ( 'NONE', #7459, .T. ) ;
#2733 =( LENGTH_UNIT ( ) NAMED_UNIT ( * ) SI_UNIT ( .MILLI., .METRE. ) );
#2734 = DIRECTION ( 'NONE',  ( -1.000000000000000000, -0.000000000000000000, -0.000000000000000000 ) ) ;
#2735 =( GEOMETRIC_REPRESENTATION_CONTEXT ( 3 ) GLOBAL_UNCERTAINTY_ASSIGNED_CONTEXT ( ( #4254 ) ) GLOBAL_UNIT_ASSIGNED_CONTEXT ( ( #1955, #4331, #6620 ) ) REPRESENTATION_CONTEXT ( 'NONE', 'WORKASPACE' ) );
#2736 = CYLINDRICAL_SURFACE ( 'NONE', #4790, 5.025000000000000355 ) ;
#2737 = CARTESIAN_POINT ( 'NONE',  ( -0.9768424931114942922, 4.318622634113494563, -3.367263331461685993 ) ) ;
#2738 = UNCERTAINTY_MEASURE_WITH_UNIT (LENGTH_MEASURE( 1.000000000000000082E-05 ), #3808, 'distance_accuracy_value', 'NONE');
#2739 = STYLED_ITEM ( 'NONE', ( #2324 ), #1939 ) ;
#2740 = COLOUR_RGB ( '',1.000000000000000000, 1.000000000000000000, 1.000000000000000000 ) ;
#2741 = AXIS2_PLACEMENT_3D ( 'NONE', #2644, #5010, #7417 ) ;
#2742 = PLANE ( 'NONE',  #6690 ) ;
#2743 = PRESENTATION_STYLE_ASSIGNMENT (( #1799 ) ) ;
#2744 = UNCERTAINTY_MEASURE_WITH_UNIT (LENGTH_MEASURE( 1.000000000000000082E-05 ), #3554, 'distance_accuracy_value', 'NONE');
#2745 = CARTESIAN_POINT ( 'NONE',  ( -3.499999999999999556, 0.000000000000000000, 4.500000000000002665 ) ) ;
#2746 = PRESENTATION_LAYER_ASSIGNMENT (  '', '', ( #2126 ) ) ;
#2747 = EDGE_CURVE ( 'NONE', #150, #5018, #1019, .T. ) ;
#2748 = UNCERTAINTY_MEASURE_WITH_UNIT (LENGTH_MEASURE( 1.000000000000000082E-05 ), #5934, 'distance_accuracy_value', 'NONE');
#2749 = DIRECTION ( 'NONE',  ( 0.000000000000000000, 0.000000000000000000, -1.000000000000000000 ) ) ;
#2750 = ADVANCED_FACE ( 'NONE', ( #903, #3160 ), #1092, .T. ) ;
#2751 = FILL_AREA_STYLE_COLOUR ( '', #4577 ) ;
#2752 = MECHANICAL_DESIGN_GEOMETRIC_PRESENTATION_REPRESENTATION (  '', ( #3003 ), #6852 ) ;
#2753 = FILL_AREA_STYLE_COLOUR ( '', #7655 ) ;
#2754 = CARTESIAN_POINT ( 'NONE',  ( -0.6093760516249090431, 3.740250609034143636, 3.356287618679147045 ) ) ;
#2755 = CARTESIAN_POINT ( 'NONE',  ( -0.6171494958829002453, 5.188032411269652755, 1.750416590129381111 ) ) ;
#2756 = ORIENTED_EDGE ( 'NONE', *, *, #3173, .F. ) ;
#2757 = CARTESIAN_POINT ( 'NONE',  ( -1.186094323803407846, 4.895853191224153633, -2.455355156608418632 ) ) ;
#2758 = ORIENTED_EDGE ( 'NONE', *, *, #3384, .T. ) ;
#2759 =( GEOMETRIC_REPRESENTATION_CONTEXT ( 3 ) GLOBAL_UNCERTAINTY_ASSIGNED_CONTEXT ( ( #1728 ) ) GLOBAL_UNIT_ASSIGNED_CONTEXT ( ( #2716, #6769, #368 ) ) REPRESENTATION_CONTEXT ( 'NONE', 'WORKASPACE' ) );
#2760 = EDGE_CURVE ( 'NONE', #5800, #5504, #5586, .T. ) ;
#2761 =( NAMED_UNIT ( * ) PLANE_ANGLE_UNIT ( ) SI_UNIT ( $, .RADIAN. ) );
#2762 = CARTESIAN_POINT ( 'NONE',  ( 1.186094323803414285, -4.895853191224167844, -2.455355156608383993 ) ) ;
#2763 = CARTESIAN_POINT ( 'NONE',  ( 0.9682255741299126139, 0.7357694555035002582, -4.972045451488760648 ) ) ;
#2764 = CARTESIAN_POINT ( 'NONE',  ( 1.060888576672772698, -4.990800405465333434, 0.6027759425897548651 ) ) ;
#2765 = CARTESIAN_POINT ( 'NONE',  ( -1.124999999999992006, -2.624999999999958256, 4.546633369868327001 ) ) ;
#2766 = SURFACE_STYLE_FILL_AREA ( #2798 ) ;
#2767 = EDGE_LOOP ( 'NONE', ( #409, #5877 ) ) ;
#2768 = VERTEX_POINT ( 'NONE', #3305 ) ;
#2769 = DIRECTION ( 'NONE',  ( 0.000000000000000000, 0.000000000000000000, 1.000000000000000000 ) ) ;
#2770 = DIRECTION ( 'NONE',  ( 0.000000000000000000, -1.000000000000000000, 0.000000000000000000 ) ) ;
#2771 = CIRCLE ( 'NONE', #2528, 1.124999999999995337 ) ;
#2772 = CARTESIAN_POINT ( 'NONE',  ( -0.3374999999999969691, 5.250000000000000000, 0.000000000000000000 ) ) ;
#2773 = CARTESIAN_POINT ( 'NONE',  ( -1.216873555469091261, -2.737499999999956302, 4.741489085719827301 ) ) ;
#2774 = B_SPLINE_CURVE_WITH_KNOTS ( 'NONE', 3,
 ( #6234, #5589, #6825, #5030, #3273, #1486, #310, #2114, #6308, #1601, #3866, #1647, #906, #3984, #6356, #1022, #3390, #5742 ),
 .UNSPECIFIED., .F., .F.,
 ( 4, 2, 2, 2, 2, 2, 2, 2, 4 ),
 ( 0.001883778963244842194, 0.002354457140183677070, 0.002825135317122511730, 0.003295813494061346390, 0.003766491671000181049, 0.004237169847939014841, 0.004707848024877849501, 0.005178526201816683293, 0.005649204378755517952 ),
 .UNSPECIFIED. ) ;
#2775 = ORIENTED_EDGE ( 'NONE', *, *, #6427, .F. ) ;
#2776 = CARTESIAN_POINT ( 'NONE',  ( 2.499999999999997780, 0.000000000000000000, 0.000000000000000000 ) ) ;
#2777 = DIRECTION ( 'NONE',  ( 0.000000000000000000, -1.000000000000000000, 0.000000000000000000 ) ) ;
#2778 = PRESENTATION_STYLE_ASSIGNMENT (( #273 ) ) ;
#2779 = FACE_OUTER_BOUND ( 'NONE', #208, .T. ) ;
#2780 = ADVANCED_FACE ( 'NONE', ( #7557 ), #6942, .F. ) ;
#2781 = PRESENTATION_STYLE_ASSIGNMENT (( #3357 ) ) ;
#2782 = DIRECTION ( 'NONE',  ( -1.000000000000000000, -0.000000000000000000, -0.000000000000000000 ) ) ;
#2783 = SURFACE_SIDE_STYLE ('',( #2204 ) ) ;
#2784 =( LENGTH_UNIT ( ) NAMED_UNIT ( * ) SI_UNIT ( .MILLI., .METRE. ) );
#2785 = DIRECTION ( 'NONE',  ( 0.000000000000000000, 1.047444401652940322E-14, 1.000000000000000000 ) ) ;
#2786 = EDGE_CURVE ( 'NONE', #733, #7339, #7514, .T. ) ;
#2787 = CARTESIAN_POINT ( 'NONE',  ( -0.6182595144253177910, 4.110372429053085419, 3.617249411575602647 ) ) ;
#2788 = CARTESIAN_POINT ( 'NONE',  ( 0.1577470943594715680, 3.638461172476511241, 3.465865739801179402 ) ) ;
#2789 = DIRECTION ( 'NONE',  ( 0.000000000000000000, 0.000000000000000000, 1.000000000000000000 ) ) ;
#2790 = ORIENTED_EDGE ( 'NONE', *, *, #7524, .F. ) ;
#2791 = DIRECTION ( 'NONE',  ( 0.000000000000000000, 0.8660254037844344888, -0.5000000000000071054 ) ) ;
#2792 = ORIENTED_EDGE ( 'NONE', *, *, #5759, .F. ) ;
#2793 = PLANE ( 'NONE',  #5101 ) ;
#2794 = SURFACE_STYLE_USAGE ( .BOTH. , #1667 ) ;
#2795 = DIRECTION ( 'NONE',  ( 0.000000000000000000, 0.4999999999999917288, -0.8660254037844433705 ) ) ;
#2796 = EDGE_CURVE ( 'NONE', #2956, #1542, #5888, .T. ) ;
#2797 = CARTESIAN_POINT ( 'NONE',  ( 2.951763000829056837E-15, 4.546633369868299468, -2.625000000000005329 ) ) ;
#2798 = FILL_AREA_STYLE ('',( #294 ) ) ;
#2799 = ORIENTED_EDGE ( 'NONE', *, *, #929, .T. ) ;
#2800 = VERTEX_POINT ( 'NONE', #5356 ) ;
#2801 = AXIS2_PLACEMENT_3D ( 'NONE', #2394, #4490, #7121 ) ;
#2802 =( LENGTH_UNIT ( ) NAMED_UNIT ( * ) SI_UNIT ( .MILLI., .METRE. ) );
#2803 = PRESENTATION_STYLE_ASSIGNMENT (( #1008 ) ) ;
#2804 = PRESENTATION_LAYER_ASSIGNMENT (  '', '', ( #6151 ) ) ;
#2805 = CARTESIAN_POINT ( 'NONE',  ( 1.216873555469096146, 2.512499999999990408, -4.351777654016810715 ) ) ;
#2806 = CARTESIAN_POINT ( 'NONE',  ( -0.9843303561304962424, 0.000000000000000000, 4.500000000000002665 ) ) ;
#2807 = CARTESIAN_POINT ( 'NONE',  ( -1.216873555469089929, -5.025000000000000355, 2.755257819284879569E-17 ) ) ;
#2808 = COLOUR_RGB ( '',0.6470588235294117974, 0.6196078431372549211, 0.5882352941176470784 ) ;
#2809 = DIRECTION ( 'NONE',  ( -1.000000000000000000, -0.000000000000000000, -0.000000000000000000 ) ) ;
#2810 = ORIENTED_EDGE ( 'NONE', *, *, #6048, .T. ) ;
#2811 = ORIENTED_EDGE ( 'NONE', *, *, #5003, .T. ) ;
#2812 = CARTESIAN_POINT ( 'NONE',  ( -0.1161341008344224657, 1.119593104928731542, -5.359303712898454641 ) ) ;
#2813 = CARTESIAN_POINT ( 'NONE',  ( -2.299999999999996270, 0.000000000000000000, 0.000000000000000000 ) ) ;
#2814 = CARTESIAN_POINT ( 'NONE',  ( 0.7429409894792285973, 0.9513800596652194352, 4.935330379285239211 ) ) ;
#2815 = CARTESIAN_POINT ( 'NONE',  ( -0.3374999999999970246, 4.771575093816242230, 1.575657362522871141 ) ) ;
#2816 = PRESENTATION_LAYER_ASSIGNMENT (  '', '', ( #2323 ) ) ;
#2817 = CARTESIAN_POINT ( 'NONE',  ( 0.9766093576085690398, -2.055978850831180260, -5.075628505799301138 ) ) ;
#2818 =( LENGTH_UNIT ( ) NAMED_UNIT ( * ) SI_UNIT ( .MILLI., .METRE. ) );
#2819 = UNCERTAINTY_MEASURE_WITH_UNIT (LENGTH_MEASURE( 1.000000000000000082E-05 ), #7213, 'distance_accuracy_value', 'NONE');
#2820 = CARTESIAN_POINT ( 'NONE',  ( -0.9682255742437042567, 3.123217765420688519, 3.938032942102116074 ) ) ;
#2821 = FACE_OUTER_BOUND ( 'NONE', #30, .T. ) ;
#2822 = CARTESIAN_POINT ( 'NONE',  ( 0.3375000000000029088, 4.117454205283276103, -3.608627975754093331 ) ) ;
#2823 = ADVANCED_FACE ( 'NONE', ( #5392, #3583 ), #5259, .T. ) ;
#2824 = EDGE_LOOP ( 'NONE', ( #3775, #5892, #1094, #6895 ) ) ;
#2825 = UNCERTAINTY_MEASURE_WITH_UNIT (LENGTH_MEASURE( 1.000000000000000082E-05 ), #3744, 'distance_accuracy_value', 'NONE');
#2826 =( NAMED_UNIT ( * ) SI_UNIT ( $, .STERADIAN. ) SOLID_ANGLE_UNIT ( ) );
#2827 = STYLED_ITEM ( 'NONE', ( #5666 ), #7738 ) ;
#2828 = DIRECTION ( 'NONE',  ( 0.000000000000000000, 0.000000000000000000, 1.000000000000000000 ) ) ;
#2829 = FACE_OUTER_BOUND ( 'NONE', #5294, .T. ) ;
#2830 = CARTESIAN_POINT ( 'NONE',  ( -1.060888576746097600, 4.020771965135079284, 3.017419481698476513 ) ) ;
#2831 = EDGE_CURVE ( 'NONE', #934, #7416, #3292, .T. ) ;
#2832 = CARTESIAN_POINT ( 'NONE',  ( 3.103313042223541504E-15, 0.000000000000000000, 0.000000000000000000 ) ) ;
#2833 = VERTEX_POINT ( 'NONE', #4253 ) ;
#2834 = DIRECTION ( 'NONE',  ( 0.000000000000000000, 0.4999999999999981126, -0.8660254037844398178 ) ) ;
#2835 = AXIS2_PLACEMENT_3D ( 'NONE', #4347, #3389, #1970 ) ;
#2836 = VERTEX_POINT ( 'NONE', #1247 ) ;
#2837 = EDGE_CURVE ( 'NONE', #2509, #957, #4012, .T. ) ;
#2838 = SURFACE_STYLE_USAGE ( .BOTH. , #2378 ) ;
#2839 = CIRCLE ( 'NONE', #5073, 1.124999999999994893 ) ;
#2840 = CARTESIAN_POINT ( 'NONE',  ( 1.216873555469096368, -5.025000000000000355, 0.1570542639227870130 ) ) ;
#2841 = CLOSED_SHELL ( 'NONE', ( #1135, #5559, #1730, #2997 ) ) ;
#2842 = ORIENTED_EDGE ( 'NONE', *, *, #293, .F. ) ;
#2843 = VERTEX_POINT ( 'NONE', #567 ) ;
#2844 = PRESENTATION_STYLE_ASSIGNMENT (( #1713 ) ) ;
#2845 = CARTESIAN_POINT ( 'NONE',  ( 0.6178653494856315431, 1.077777020097090421, 5.368246175380042118 ) ) ;
#2846 = EDGE_LOOP ( 'NONE', ( #5317, #7230, #7159, #4359 ) ) ;
#2847 = COLOUR_RGB ( '',1.000000000000000000, 1.000000000000000000, 1.000000000000000000 ) ;
#2848 = CARTESIAN_POINT ( 'NONE',  ( 1.216873555469096368, -4.273250522075060509, 2.648512982295762708 ) ) ;
#2849 = DIRECTION ( 'NONE',  ( 0.000000000000000000, -0.5000000000000101030, -0.8660254037844328234 ) ) ;
#2850 = ORIENTED_EDGE ( 'NONE', *, *, #3499, .T. ) ;
#2851 = ORIENTED_EDGE ( 'NONE', *, *, #2205, .T. ) ;
#2852 =( NAMED_UNIT ( * ) SI_UNIT ( $, .STERADIAN. ) SOLID_ANGLE_UNIT ( ) );
#2853 = CIRCLE ( 'NONE', #3717, 5.025000000000001243 ) ;
#2854 =( NAMED_UNIT ( * ) PLANE_ANGLE_UNIT ( ) SI_UNIT ( $, .RADIAN. ) );
#2856 = STYLED_ITEM ( 'NONE', ( #4074 ), #5329 ) ;
#2855 = CARTESIAN_POINT ( 'NONE',  ( 0.3375000000000044631, 0.000000000000000000, 0.000000000000000000 ) ) ;
#2857 = EDGE_CURVE ( 'NONE', #6220, #5140, #6613, .T. ) ;
#2858 = CARTESIAN_POINT ( 'NONE',  ( -0.3374999999999969691, -1.761505952817365550, -5.183890602451887375 ) ) ;
#2859 = MECHANICAL_DESIGN_GEOMETRIC_PRESENTATION_REPRESENTATION (  '', ( #6704 ), #2108 ) ;
#2860 = STYLED_ITEM ( 'NONE', ( #1546 ), #5948 ) ;
#2861 = DIRECTION ( 'NONE',  ( -1.000000000000000000, -0.000000000000000000, -0.000000000000000000 ) ) ;
#2862 = VERTEX_POINT ( 'NONE', #7200 ) ;
#2863 = DIRECTION ( 'NONE',  ( -1.000000000000000000, -0.000000000000000000, -0.000000000000000000 ) ) ;
#2864 = DIRECTION ( 'NONE',  ( 0.000000000000000000, 0.4999999999999891198, -0.8660254037844451469 ) ) ;
#2865 = AXIS2_PLACEMENT_3D ( 'NONE', #936, #6270, #5704 ) ;
#2866 = B_SPLINE_CURVE_WITH_KNOTS ( 'NONE', 3,
 ( #838, #2713, #3884, #3215, #3840, #2089 ),
 .UNSPECIFIED., .F., .F.,
 ( 4, 2, 4 ),
 ( 0.006630243725177044356, 0.006971267376520918352, 0.007312291027864793215 ),
 .UNSPECIFIED. ) ;
#2867 = MECHANICAL_DESIGN_GEOMETRIC_PRESENTATION_REPRESENTATION (  '', ( #720 ), #1731 ) ;
#2868 = FILL_AREA_STYLE_COLOUR ( '', #7360 ) ;
#2869 = DIRECTION ( 'NONE',  ( 0.000000000000000000, -1.047444401652940480E-14, -1.000000000000000000 ) ) ;
#2870 = PRESENTATION_LAYER_ASSIGNMENT (  '', '', ( #6213 ) ) ;
#2871 = SURFACE_STYLE_FILL_AREA ( #476 ) ;
#2872 = CARTESIAN_POINT ( 'NONE',  ( -0.8188382975721275603, 5.395505030668287461, -0.9539563985420106418 ) ) ;
#2873 = CIRCLE ( 'NONE', #3359, 1.073181601594058732 ) ;
#2874 = FILL_AREA_STYLE ('',( #2373 ) ) ;
#2875 = MECHANICAL_DESIGN_GEOMETRIC_PRESENTATION_REPRESENTATION (  '', ( #6597 ), #4478 ) ;
#2876 = SURFACE_SIDE_STYLE ('',( #7056 ) ) ;
#2877 = EDGE_LOOP ( 'NONE', ( #440, #3607, #6802, #442 ) ) ;
#2878 = DIRECTION ( 'NONE',  ( 1.000000000000000000, 0.000000000000000000, 0.000000000000000000 ) ) ;
#2879 = EDGE_CURVE ( 'NONE', #3738, #2509, #2149, .T. ) ;
#2880 = CARTESIAN_POINT ( 'NONE',  ( 1.065679434814408744, -5.023007587397374074, -2.183470217807346625 ) ) ;
#2881 = COLOUR_RGB ( '',0.5294117647058823595, 0.5490196078431373028, 0.5490196078431373028 ) ;
#2882 = COLOUR_RGB ( '',0.5294117647058823595, 0.5490196078431373028, 0.5490196078431373028 ) ;
#2883 = CARTESIAN_POINT ( 'NONE',  ( 0.3375000000000029643, 2.625000000000053291, 4.546633369868272823 ) ) ;
#2884 = FILL_AREA_STYLE_COLOUR ( '', #1966 ) ;
#2885 = PRESENTATION_STYLE_ASSIGNMENT (( #603 ) ) ;
#2886 = ORIENTED_EDGE ( 'NONE', *, *, #1929, .F. ) ;
#2887 = ORIENTED_EDGE ( 'NONE', *, *, #2551, .F. ) ;
#2888 = CARTESIAN_POINT ( 'NONE',  ( 0.1577470943594715680, 3.465865739801218481, -3.638461172476475269 ) ) ;
#2889 = SURFACE_SIDE_STYLE ('',( #2996 ) ) ;
#2890 = ORIENTED_EDGE ( 'NONE', *, *, #1061, .T. ) ;
#2891 = PRESENTATION_STYLE_ASSIGNMENT (( #2224 ) ) ;
#2892 = AXIS2_PLACEMENT_3D ( 'NONE', #6696, #4926, #6820 ) ;
#2893 = DIRECTION ( 'NONE',  ( 0.000000000000000000, 0.000000000000000000, 1.000000000000000000 ) ) ;
#2894 = EDGE_CURVE ( 'NONE', #5492, #183, #4895, .T. ) ;
#2895 = DIRECTION ( 'NONE',  ( 0.000000000000000000, -5.657506760179662770E-15, -1.000000000000000000 ) ) ;
#2896 = ORIENTED_EDGE ( 'NONE', *, *, #1122, .T. ) ;
#2897 = EDGE_LOOP ( 'NONE', ( #384, #653, #7600, #1119, #4024 ) ) ;
#2898 = AXIS2_PLACEMENT_3D ( 'NONE', #3926, #6216, #7548 ) ;
#2899 = CARTESIAN_POINT ( 'NONE',  ( -0.2283429028091445434, -4.093709127072151510, -3.635721173720768196 ) ) ;
#2900 = CARTESIAN_POINT ( 'NONE',  ( 0.2290589410532243297, 4.782331004557250687, 1.543085156773181588 ) ) ;
#2901 = DIRECTION ( 'NONE',  ( -0.000000000000000000, 0.000000000000000000, 1.000000000000000000 ) ) ;
#2902 = CARTESIAN_POINT ( 'NONE',  ( -0.2291337308794229588, -5.363167525556534976, -1.101516330008223132 ) ) ;
#2903 = CIRCLE ( 'NONE', #152, 1.073181601594058732 ) ;
#2904 = LINE ( 'NONE', #1027, #2358 ) ;
#2905 = ADVANCED_FACE ( 'NONE', ( #533 ), #2928, .F. ) ;
#2906 = EDGE_LOOP ( 'NONE', ( #5009, #6619 ) ) ;
#2907 = UNCERTAINTY_MEASURE_WITH_UNIT (LENGTH_MEASURE( 1.000000000000000082E-05 ), #3230, 'distance_accuracy_value', 'NONE');
#2908 = DIRECTION ( 'NONE',  ( 0.000000000000000000, -0.4999999999999947264, 0.8660254037844415942 ) ) ;
#2909 = DIRECTION ( 'NONE',  ( 0.000000000000000000, 0.000000000000000000, 1.000000000000000000 ) ) ;
#2910 = DIRECTION ( 'NONE',  ( 0.000000000000000000, 0.000000000000000000, 1.000000000000000000 ) ) ;
#2911 = SURFACE_STYLE_USAGE ( .BOTH. , #7054 ) ;
#2912 = CARTESIAN_POINT ( 'NONE',  ( 0.9684278525401851523, 4.673716618225783215, 1.849049199763013407 ) ) ;
#2913 = CARTESIAN_POINT ( 'NONE',  ( 2.299999999999997158, 0.000000000000000000, 0.000000000000000000 ) ) ;
#2914 = ORIENTED_EDGE ( 'NONE', *, *, #5976, .F. ) ;
#2915 = DIRECTION ( 'NONE',  ( 0.000000000000000000, 0.8660254037844398178, 0.4999999999999980016 ) ) ;
#2916 = CARTESIAN_POINT ( 'NONE',  ( -1.186246345985052741, -4.895758463743407951, -2.455581101507871900 ) ) ;
#2917 = AXIS2_PLACEMENT_3D ( 'NONE', #7168, #3544, #2895 ) ;
#2918 = SURFACE_STYLE_USAGE ( .BOTH. , #3375 ) ;
#2919 = CARTESIAN_POINT ( 'NONE',  ( -1.216873555469091261, 0.1615483123236327312, -5.475000000000002309 ) ) ;
#2921 = ADVANCED_FACE ( 'NONE', ( #5322 ), #3221, .F. ) ;
#2920 =( NAMED_UNIT ( * ) SI_UNIT ( $, .STERADIAN. ) SOLID_ANGLE_UNIT ( ) );
#2922 = ORIENTED_EDGE ( 'NONE', *, *, #4890, .T. ) ;
#2923 = VERTEX_POINT ( 'NONE', #4943 ) ;
#2924 =( NAMED_UNIT ( * ) PLANE_ANGLE_UNIT ( ) SI_UNIT ( $, .RADIAN. ) );
#2925 = ORIENTED_EDGE ( 'NONE', *, *, #3123, .F. ) ;
#2926 = SURFACE_STYLE_USAGE ( .BOTH. , #3500 ) ;
#2927 = DIRECTION ( 'NONE',  ( 0.000000000000000000, 0.000000000000000000, 1.000000000000000000 ) ) ;
#2928 = CYLINDRICAL_SURFACE ( 'NONE', #4500, 5.025000000000000355 ) ;
#2929 = MECHANICAL_DESIGN_GEOMETRIC_PRESENTATION_REPRESENTATION (  '', ( #3432 ), #4064 ) ;
#2930 =( NAMED_UNIT ( * ) PLANE_ANGLE_UNIT ( ) SI_UNIT ( $, .RADIAN. ) );
#2931 = ORIENTED_EDGE ( 'NONE', *, *, #71, .F. ) ;
#2932 = ORIENTED_EDGE ( 'NONE', *, *, #889, .F. ) ;
#2933 = FACE_OUTER_BOUND ( 'NONE', #1588, .T. ) ;
#2934 = DIRECTION ( 'NONE',  ( 0.000000000000000000, -0.4999999999999981126, 0.8660254037844398178 ) ) ;
#2935 = DIRECTION ( 'NONE',  ( 0.000000000000000000, 1.000000000000000000, 0.000000000000000000 ) ) ;
#2936 = DIRECTION ( 'NONE',  ( 0.000000000000000000, -0.8660254037844364872, 0.5000000000000037748 ) ) ;
#2937 = MECHANICAL_DESIGN_GEOMETRIC_PRESENTATION_REPRESENTATION (  '', ( #1937 ), #1437 ) ;
#2938 = SURFACE_STYLE_FILL_AREA ( #1144 ) ;
#2939 = EDGE_CURVE ( 'NONE', #1093, #1990, #7526, .T. ) ;
#2940 = CARTESIAN_POINT ( 'NONE',  ( -0.3164496935152071866, -3.660008334471420266, -3.443614407752259687 ) ) ;
#2941 = CARTESIAN_POINT ( 'NONE',  ( 0.3157423463111314610, -1.152329823262214337, 4.891443610021789290 ) ) ;
#2942 = ORIENTED_EDGE ( 'NONE', *, *, #7095, .T. ) ;
#2943 = COLOUR_RGB ( '',0.4862745098039215619, 0.2352941176470588203, 0.01568627450980392135 ) ;
#2944 = CARTESIAN_POINT ( 'NONE',  ( 2.951763000829056837E-15, -4.546633369868319008, -2.624999999999973799 ) ) ;
#2945 = DIRECTION ( 'NONE',  ( 0.000000000000000000, 1.000000000000000000, -3.491481338843133355E-15 ) ) ;
#2946 = CARTESIAN_POINT ( 'NONE',  ( 0.1630295018224065251, -4.002065456297058788, -3.736187506783035683 ) ) ;
#2947 = DIRECTION ( 'NONE',  ( -1.000000000000000000, -0.000000000000000000, -0.000000000000000000 ) ) ;
#2948 = DIRECTION ( 'NONE',  ( 0.000000000000000000, 0.000000000000000000, 1.000000000000000000 ) ) ;
#2949 = CARTESIAN_POINT ( 'NONE',  ( 2.951763000829056837E-15, 5.499083108677935350E-14, 5.250000000000000000 ) ) ;
#2950 = EDGE_LOOP ( 'NONE', ( #2470, #1509, #5399, #839 ) ) ;
#2951 = CARTESIAN_POINT ( 'NONE',  ( 1.185729937395780809, -5.467532720436217630, 0.3224275496187192225 ) ) ;
#2952 = CARTESIAN_POINT ( 'NONE',  ( 2.951763000829056837E-15, -2.624999999999958256, 4.546633369868327001 ) ) ;
#2953 = CARTESIAN_POINT ( 'NONE',  ( 0.7539527812220757630, 0.9848710283011151700, -5.386927960990098185 ) ) ;
#2954 = DIRECTION ( 'NONE',  ( 0.000000000000000000, 0.000000000000000000, -1.000000000000000000 ) ) ;
#2955 = CARTESIAN_POINT ( 'NONE',  ( -3.499999999999999556, 0.000000000000000000, 0.000000000000000000 ) ) ;
#2956 = VERTEX_POINT ( 'NONE', #2060 ) ;
#2957 = CARTESIAN_POINT ( 'NONE',  ( 0.9682255742437099189, 3.123217765420634340, -3.938032942102158707 ) ) ;
#2958 = VERTEX_POINT ( 'NONE', #1987 ) ;
#2959 = MECHANICAL_DESIGN_GEOMETRIC_PRESENTATION_REPRESENTATION (  '', ( #2344 ), #4212 ) ;
#2960 = CARTESIAN_POINT ( 'NONE',  ( 2.951763000829056837E-15, 4.546633369868336771, 2.624999999999942268 ) ) ;
#2961 = DIRECTION ( 'NONE',  ( 0.000000000000000000, 0.000000000000000000, 1.000000000000000000 ) ) ;
#2962 = DIRECTION ( 'NONE',  ( 0.000000000000000000, 0.000000000000000000, 1.000000000000000000 ) ) ;
#2963 = ORIENTED_EDGE ( 'NONE', *, *, #6415, .T. ) ;
#2964 = ORIENTED_EDGE ( 'NONE', *, *, #6733, .T. ) ;
#2965 =( LENGTH_UNIT ( ) NAMED_UNIT ( * ) SI_UNIT ( .MILLI., .METRE. ) );
#2966 = CIRCLE ( 'NONE', #4570, 5.025000000000001243 ) ;
#2967 =( NAMED_UNIT ( * ) PLANE_ANGLE_UNIT ( ) SI_UNIT ( $, .RADIAN. ) );
#2968 =( NAMED_UNIT ( * ) SI_UNIT ( $, .STERADIAN. ) SOLID_ANGLE_UNIT ( ) );
#2969 =( LENGTH_UNIT ( ) NAMED_UNIT ( * ) SI_UNIT ( .MILLI., .METRE. ) );
#2970 = DIRECTION ( 'NONE',  ( 0.000000000000000000, 0.000000000000000000, 1.000000000000000000 ) ) ;
#2971 = SURFACE_STYLE_FILL_AREA ( #4726 ) ;
#2972 = EDGE_CURVE ( 'NONE', #1623, #1722, #3251, .T. ) ;
#2973 =( GEOMETRIC_REPRESENTATION_CONTEXT ( 3 ) GLOBAL_UNCERTAINTY_ASSIGNED_CONTEXT ( ( #3847 ) ) GLOBAL_UNIT_ASSIGNED_CONTEXT ( ( #5883, #5846, #5798 ) ) REPRESENTATION_CONTEXT ( 'NONE', 'WORKASPACE' ) );
#2974 = CARTESIAN_POINT ( 'NONE',  ( -0.9692456468901299305, -0.7345362395624035479, 4.972233551599121171 ) ) ;
#2975 = ORIENTED_EDGE ( 'NONE', *, *, #4747, .F. ) ;
#2976 =( GEOMETRIC_REPRESENTATION_CONTEXT ( 3 ) GLOBAL_UNCERTAINTY_ASSIGNED_CONTEXT ( ( #1030 ) ) GLOBAL_UNIT_ASSIGNED_CONTEXT ( ( #1033, #6320, #3996 ) ) REPRESENTATION_CONTEXT ( 'NONE', 'WORKASPACE' ) );
#2977 = UNCERTAINTY_MEASURE_WITH_UNIT (LENGTH_MEASURE( 1.000000000000000082E-05 ), #1910, 'distance_accuracy_value', 'NONE');
#2978 = DIRECTION ( 'NONE',  ( -0.000000000000000000, 0.000000000000000000, 1.000000000000000000 ) ) ;
#2979 = MECHANICAL_DESIGN_GEOMETRIC_PRESENTATION_REPRESENTATION (  '', ( #2121 ), #6695 ) ;
#2980 = DIRECTION ( 'NONE',  ( -1.000000000000000000, -0.000000000000000000, -0.000000000000000000 ) ) ;
#2981 = STYLED_ITEM ( 'NONE', ( #474 ), #7498 ) ;
#2982 = SPHERICAL_SURFACE ( 'NONE', #5680, 1.124999999999995115 ) ;
#2983 = AXIS2_PLACEMENT_3D ( 'NONE', #2569, #3033, #6720 ) ;
#2984 = EDGE_CURVE ( 'NONE', #6851, #4098, #5719, .T. ) ;
#2985 =( NAMED_UNIT ( * ) PLANE_ANGLE_UNIT ( ) SI_UNIT ( $, .RADIAN. ) );
#2986 = CARTESIAN_POINT ( 'NONE',  ( 2.951763000829056837E-15, 4.546633369868336771, 2.624999999999942268 ) ) ;
#2987 = ORIENTED_EDGE ( 'NONE', *, *, #6973, .F. ) ;
#2988 = DIRECTION ( 'NONE',  ( -1.000000000000000000, -0.000000000000000000, -0.000000000000000000 ) ) ;
#2989 = CARTESIAN_POINT ( 'NONE',  ( 0.7438253088451931561, 3.798856746762306891, -3.291099724477497990 ) ) ;
#2990 = AXIS2_PLACEMENT_3D ( 'NONE', #2112, #6863, #3863 ) ;
#2991 = COLOUR_RGB ( '',0.5294117647058823595, 0.5490196078431373028, 0.5490196078431373028 ) ;
#2992 = DIRECTION ( 'NONE',  ( 0.000000000000000000, 0.000000000000000000, 1.000000000000000000 ) ) ;
#2993 =( NAMED_UNIT ( * ) PLANE_ANGLE_UNIT ( ) SI_UNIT ( $, .RADIAN. ) );
#2994 = ORIENTED_EDGE ( 'NONE', *, *, #1258, .F. ) ;
#2995 = CARTESIAN_POINT ( 'NONE',  ( 0.3157423466804654688, 3.443668705420097176, -3.659949515897134464 ) ) ;
#2996 = SURFACE_STYLE_FILL_AREA ( #4091 ) ;
#2997 = ADVANCED_FACE ( 'NONE', ( #1399 ), #2499, .F. ) ;
#2998 = ORIENTED_EDGE ( 'NONE', *, *, #82, .T. ) ;
#2999 = DIRECTION ( 'NONE',  ( -1.000000000000000000, -0.000000000000000000, -0.000000000000000000 ) ) ;
#3000 = MECHANICAL_DESIGN_GEOMETRIC_PRESENTATION_REPRESENTATION (  '', ( #2005 ), #2623 ) ;
#3001 = B_SPLINE_CURVE_WITH_KNOTS ( 'NONE', 3,
 ( #160, #3751, #4929, #3824, #6193, #7364, #6119, #276, #781, #3165, #5514, #4383, #7003, #2737, #3942, #390, #5707, #4525 ),
 .UNSPECIFIED., .F., .F.,
 ( 4, 2, 2, 2, 2, 2, 2, 2, 4 ),
 ( 0.005772523578963711932, 0.006253562060437046696, 0.006734600541910381460, 0.007215639023383715357, 0.007696677504857050121, 0.008177715986330384018, 0.008658754467803718782, 0.009139792949277053546, 0.009620831430750386576 ),
 .UNSPECIFIED. ) ;
#3002 = SURFACE_STYLE_USAGE ( .BOTH. , #2307 ) ;
#3003 = STYLED_ITEM ( 'NONE', ( #6941 ), #6919 ) ;
#3004 = SURFACE_SIDE_STYLE ('',( #614 ) ) ;
#3005 = VERTEX_POINT ( 'NONE', #1949 ) ;
#3006 = ORIENTED_EDGE ( 'NONE', *, *, #7336, .T. ) ;
#3007 = DIRECTION ( 'NONE',  ( 0.000000000000000000, -0.5000000000000011102, -0.8660254037844380415 ) ) ;
#3008 = MECHANICAL_DESIGN_GEOMETRIC_PRESENTATION_REPRESENTATION (  '', ( #2141 ), #5472 ) ;
#3009 = SURFACE_STYLE_USAGE ( .BOTH. , #6550 ) ;
#3010 = PRESENTATION_LAYER_ASSIGNMENT (  '', '', ( #382 ) ) ;
#3011 = SURFACE_STYLE_FILL_AREA ( #6551 ) ;
#3012 = CARTESIAN_POINT ( 'NONE',  ( 0.6073178875565933277, -3.739553136311739578, -3.357056292692518706 ) ) ;
#3013 =( NAMED_UNIT ( * ) SI_UNIT ( $, .STERADIAN. ) SOLID_ANGLE_UNIT ( ) );
#3014 = MECHANICAL_DESIGN_GEOMETRIC_PRESENTATION_REPRESENTATION (  '', ( #6496 ), #5477 ) ;
#3015 = DIRECTION ( 'NONE',  ( 0.000000000000000000, -0.8660254037844345998, 0.5000000000000067724 ) ) ;
#3016 = CARTESIAN_POINT ( 'NONE',  ( 0.3375000000000029088, -5.370133928571432236, 1.066436397168616601 ) ) ;
#3017 = EDGE_CURVE ( 'NONE', #2349, #7076, #2405, .T. ) ;
#3018 = DIRECTION ( 'NONE',  ( -1.000000000000000000, -0.000000000000000000, -0.000000000000000000 ) ) ;
#3019 =( GEOMETRIC_REPRESENTATION_CONTEXT ( 3 ) GLOBAL_UNCERTAINTY_ASSIGNED_CONTEXT ( ( #6703 ) ) GLOBAL_UNIT_ASSIGNED_CONTEXT ( ( #4622, #2093, #2717 ) ) REPRESENTATION_CONTEXT ( 'NONE', 'WORKASPACE' ) );
#3020 = CARTESIAN_POINT ( 'NONE',  ( -1.216873555469091261, -4.741489085719818419, -2.737499999999972733 ) ) ;
#3021 = DIRECTION ( 'NONE',  ( -0.000000000000000000, -1.000000000000000000, 1.047444401652940007E-14 ) ) ;
#3022 = FILL_AREA_STYLE ('',( #5371 ) ) ;
#3023 = PRESENTATION_LAYER_ASSIGNMENT (  '', '', ( #1154 ) ) ;
#3024 = CARTESIAN_POINT ( 'NONE',  ( -19.92709219242683361, 0.000000000000000000, 0.000000000000000000 ) ) ;
#3025 = CARTESIAN_POINT ( 'NONE',  ( 1.216873555469097701, -5.475000000000002309, -0.1615363784200297415 ) ) ;
#3026 = DIRECTION ( 'NONE',  ( 0.000000000000000000, 0.8660254037844362651, -0.5000000000000039968 ) ) ;
#3027 = EDGE_LOOP ( 'NONE', ( #1517, #1919, #1324, #4512 ) ) ;
#3028 = CARTESIAN_POINT ( 'NONE',  ( 1.216873555469097923, -5.475000000000002309, 0.1615483123236521601 ) ) ;
#3029 = CARTESIAN_POINT ( 'NONE',  ( -1.216873555469091484, -5.025000000000000355, -0.1590500714253921255 ) ) ;
#3030 = B_SPLINE_CURVE_WITH_KNOTS ( 'NONE', 3,
 ( #5929, #2919, #5284, #7106, #7695, #3612, #4702, #2381, #6530, #1749, #4129, #2416, #2953, #7732, #600, #4783, #7192, #4284 ),
 .UNSPECIFIED., .F., .F.,
 ( 4, 2, 2, 2, 2, 2, 2, 2, 4 ),
 ( 0.005772523578970446996, 0.006253562060444434884, 0.006734600541918423638, 0.007215639023392411526, 0.007696677504866399414, 0.008177715986340388168, 0.008658754467814375189, 0.009139792949288363944, 0.009620831430762352698 ),
 .UNSPECIFIED. ) ;
#3031 = DIRECTION ( 'NONE',  ( -1.000000000000000000, -0.000000000000000000, -0.000000000000000000 ) ) ;
#3032 = EDGE_CURVE ( 'NONE', #2217, #5808, #5123, .T. ) ;
#3033 = DIRECTION ( 'NONE',  ( -1.000000000000000000, -0.000000000000000000, -0.000000000000000000 ) ) ;
#3034 = VERTEX_POINT ( 'NONE', #255 ) ;
#3035 = CARTESIAN_POINT ( 'NONE',  ( -0.1630295018224030001, -3.736187506783076984, -4.002065456297020596 ) ) ;
#3036 = CARTESIAN_POINT ( 'NONE',  ( -1.124999999999992006, -1.833027702892645012E-14, -5.250000000000000000 ) ) ;
#3037 = EDGE_LOOP ( 'NONE', ( #7185, #7518, #2975, #3822, #1083, #4798 ) ) ;
#3038 = CARTESIAN_POINT ( 'NONE',  ( -19.92709219242683361, 0.000000000000000000, 0.000000000000000000 ) ) ;
#3039 = CARTESIAN_POINT ( 'NONE',  ( -3.499999999999999556, 0.000000000000000000, 0.000000000000000000 ) ) ;
#3040 = PRESENTATION_STYLE_ASSIGNMENT (( #2539 ) ) ;
#3041 = EDGE_CURVE ( 'NONE', #5862, #5086, #886, .T. ) ;
#3042 = CARTESIAN_POINT ( 'NONE',  ( -0.3374999999999970246, 1.575657362522987714, 4.771575093816203150 ) ) ;
#3043 = SURFACE_STYLE_USAGE ( .BOTH. , #108 ) ;
#3044 = CARTESIAN_POINT ( 'NONE',  ( 2.951763000829056837E-15, 5.250000000000000000, 0.000000000000000000 ) ) ;
#3045 = ORIENTED_EDGE ( 'NONE', *, *, #2422, .F. ) ;
#3046 = VERTEX_POINT ( 'NONE', #725 ) ;
#3047 = SURFACE_STYLE_FILL_AREA ( #655 ) ;
#3048 = SURFACE_STYLE_FILL_AREA ( #2399 ) ;
#3049 = PRESENTATION_STYLE_ASSIGNMENT (( #5989 ) ) ;
#3050 =( NAMED_UNIT ( * ) SI_UNIT ( $, .STERADIAN. ) SOLID_ANGLE_UNIT ( ) );
#3051 = STYLED_ITEM ( 'NONE', ( #1099 ), #5544 ) ;
#3052 = PRODUCT_CONTEXT ( 'NONE', #378, 'mechanical' ) ;
#3053 = FILL_AREA_STYLE_COLOUR ( '', #6362 ) ;
#3054 = STYLED_ITEM ( 'NONE', ( #3460 ), #5796 ) ;
#3055 = PRESENTATION_LAYER_ASSIGNMENT (  '', '', ( #3673 ) ) ;
#3056 = CARTESIAN_POINT ( 'NONE',  ( 1.185664645333978973, -4.573754011965768917, -3.013064982713956397 ) ) ;
#3057 = FACE_OUTER_BOUND ( 'NONE', #3228, .T. ) ;
#3058 = CARTESIAN_POINT ( 'NONE',  ( 1.216873555469097479, -5.475000000000001421, -1.167353792704058628E-16 ) ) ;
#3059 = DIRECTION ( 'NONE',  ( 0.000000000000000000, 0.000000000000000000, 1.000000000000000000 ) ) ;
#3060 =( GEOMETRIC_REPRESENTATION_CONTEXT ( 3 ) GLOBAL_UNCERTAINTY_ASSIGNED_CONTEXT ( ( #2819 ) ) GLOBAL_UNIT_ASSIGNED_CONTEXT ( ( #7213, #1190, #555 ) ) REPRESENTATION_CONTEXT ( 'NONE', 'WORKASPACE' ) );
#3061 = PLANE ( 'NONE',  #3990 ) ;
#3062 = PRESENTATION_STYLE_ASSIGNMENT (( #7303 ) ) ;
#3063 = CARTESIAN_POINT ( 'NONE',  ( 0.6093760516249140391, 3.740250609034094342, -3.356287618679199447 ) ) ;
#3064 = ADVANCED_FACE ( 'NONE', ( #6101 ), #766, .F. ) ;
#3065 = SURFACE_STYLE_USAGE ( .BOTH. , #678 ) ;
#3066 = ORIENTED_EDGE ( 'NONE', *, *, #4278, .T. ) ;
#3067 = CARTESIAN_POINT ( 'NONE',  ( 0.9768424931114074727, -0.7568242692209611322, 5.423668576231588823 ) ) ;
#3068 = ORIENTED_EDGE ( 'NONE', *, *, #3704, .F. ) ;
#3069 = EDGE_CURVE ( 'NONE', #4656, #218, #1780, .T. ) ;
#3070 = DIRECTION ( 'NONE',  ( 0.000000000000000000, 0.000000000000000000, 1.000000000000000000 ) ) ;
#3071 = CARTESIAN_POINT ( 'NONE',  ( -0.3374999999999975242, 0.000000000000000000, 0.000000000000000000 ) ) ;
#3072 =( LENGTH_UNIT ( ) NAMED_UNIT ( * ) SI_UNIT ( .MILLI., .METRE. ) );
#3073 = FILL_AREA_STYLE ('',( #78 ) ) ;
#3074 = ORIENTED_EDGE ( 'NONE', *, *, #3838, .F. ) ;
#3075 = ORIENTED_EDGE ( 'NONE', *, *, #6391, .F. ) ;
#3076 = DIRECTION ( 'NONE',  ( 0.000000000000000000, 0.000000000000000000, 1.000000000000000000 ) ) ;
#3077 = EDGE_LOOP ( 'NONE', ( #3525, #5125, #997, #3807 ) ) ;
#3078 = EDGE_CURVE ( 'NONE', #1981, #4017, #6274, .T. ) ;
#3079 = CARTESIAN_POINT ( 'NONE',  ( -1.216873555469090373, -4.430315561917178790, -2.376468353196384165 ) ) ;
#3080 = AXIS2_PLACEMENT_3D ( 'NONE', #2913, #4079, #7580 ) ;
#3081 = FACE_OUTER_BOUND ( 'NONE', #3587, .T. ) ;
#3082 = FILL_AREA_STYLE_COLOUR ( '', #2740 ) ;
#3083 = CARTESIAN_POINT ( 'NONE',  ( -2.300000000000001155, 0.000000000000000000, 0.000000000000000000 ) ) ;
#3084 = DIRECTION ( 'NONE',  ( 0.000000000000000000, 0.8660254037844451469, 0.4999999999999888978 ) ) ;
#3085 = PRESENTATION_STYLE_ASSIGNMENT (( #2245 ) ) ;
#3086 = DIRECTION ( 'NONE',  ( -1.000000000000000000, -0.000000000000000000, -0.000000000000000000 ) ) ;
#3087 = EDGE_CURVE ( 'NONE', #7310, #3774, #5595, .T. ) ;
#3088 = DIRECTION ( 'NONE',  ( 0.000000000000000000, 0.8660254037844382635, -0.5000000000000007772 ) ) ;
#3089 = AXIS2_PLACEMENT_3D ( 'NONE', #3918, #916, #3837 ) ;
#3090 = CYLINDRICAL_SURFACE ( 'NONE', #5937, 5.475000000000000533 ) ;
#3091 = CARTESIAN_POINT ( 'NONE',  ( 2.951763000829056837E-15, 5.499083108677935350E-14, 5.250000000000000000 ) ) ;
#3092 = CIRCLE ( 'NONE', #741, 1.237499999999996492 ) ;
#3093 = DIRECTION ( 'NONE',  ( -1.000000000000000000, -0.000000000000000000, -0.000000000000000000 ) ) ;
#3094 = PRESENTATION_STYLE_ASSIGNMENT (( #2412 ) ) ;
#3095 = FILL_AREA_STYLE_COLOUR ( '', #5450 ) ;
#3096 = COLOUR_RGB ( '',0.5294117647058823595, 0.5490196078431373028, 0.5490196078431373028 ) ;
#3097 = CARTESIAN_POINT ( 'NONE',  ( -1.060888576746098044, -3.017419481698491168, 4.020771965135069514 ) ) ;
#3098 =( NAMED_UNIT ( * ) PLANE_ANGLE_UNIT ( ) SI_UNIT ( $, .RADIAN. ) );
#3099 =( NAMED_UNIT ( * ) PLANE_ANGLE_UNIT ( ) SI_UNIT ( $, .RADIAN. ) );
#3100 = CIRCLE ( 'NONE', #7367, 1.124999999999995559 ) ;
#3101 = EDGE_LOOP ( 'NONE', ( #4601, #1906, #2460, #4393 ) ) ;
#3102 = COLOUR_RGB ( '',0.5294117647058823595, 0.5490196078431373028, 0.5490196078431373028 ) ;
#3103 = CARTESIAN_POINT ( 'NONE',  ( 1.216873555469097701, -4.741489085719780228, 2.737500000000038902 ) ) ;
#3104 = ORIENTED_EDGE ( 'NONE', *, *, #2104, .F. ) ;
#3105 = EDGE_CURVE ( 'NONE', #6932, #4371, #7330, .T. ) ;
#3106 = FILL_AREA_STYLE_COLOUR ( '', #671 ) ;
#3107 = MECHANICAL_DESIGN_GEOMETRIC_PRESENTATION_REPRESENTATION (  '', ( #2739 ), #7370 ) ;
#3108 = DIRECTION ( 'NONE',  ( -1.000000000000000000, -0.000000000000000000, -0.000000000000000000 ) ) ;
#3109 = SURFACE_STYLE_FILL_AREA ( #4791 ) ;
#3110 = AXIS2_PLACEMENT_3D ( 'NONE', #4707, #1755, #527 ) ;
#3111 =( NAMED_UNIT ( * ) SI_UNIT ( $, .STERADIAN. ) SOLID_ANGLE_UNIT ( ) );
#3112 = DIRECTION ( 'NONE',  ( -1.000000000000000000, -0.000000000000000000, -0.000000000000000000 ) ) ;
#3113 = CARTESIAN_POINT ( 'NONE',  ( 0.3375000000000029088, -5.183890602451906915, -1.761505952817312481 ) ) ;
#3114 = ORIENTED_EDGE ( 'NONE', *, *, #5526, .T. ) ;
#3115 = ORIENTED_EDGE ( 'NONE', *, *, #545, .T. ) ;
#3116 = FACE_BOUND ( 'NONE', #6054, .T. ) ;
#3117 = SURFACE_STYLE_USAGE ( .BOTH. , #3153 ) ;
#3118 = VERTEX_POINT ( 'NONE', #6848 ) ;
#3119 = CARTESIAN_POINT ( 'NONE',  ( 1.216873555469096146, -4.351777654016819596, -2.512499999999974865 ) ) ;
#3120 =( GEOMETRIC_REPRESENTATION_CONTEXT ( 3 ) GLOBAL_UNCERTAINTY_ASSIGNED_CONTEXT ( ( #3353 ) ) GLOBAL_UNIT_ASSIGNED_CONTEXT ( ( #1521, #2068, #3229 ) ) REPRESENTATION_CONTEXT ( 'NONE', 'WORKASPACE' ) );
#3121 = CARTESIAN_POINT ( 'NONE',  ( -0.7429409894823527649, -4.749811514361787168, 1.643745889321180265 ) ) ;
#3122 = CARTESIAN_POINT ( 'NONE',  ( 0.2282113725214197641, 3.727338007249187513, 3.370277656641956554 ) ) ;
#3123 = EDGE_CURVE ( 'NONE', #1664, #2664, #6115, .T. ) ;
#3124 = CARTESIAN_POINT ( 'NONE',  ( -1.216873555469057067, 2.598251301820972081, 4.821884359097764694 ) ) ;
#3125 = CARTESIAN_POINT ( 'NONE',  ( 1.216873555469097701, -4.741489085719780228, 2.737500000000038902 ) ) ;
#3126 = AXIS2_PLACEMENT_3D ( 'NONE', #805, #3219, #5014 ) ;
#3127 = PRESENTATION_STYLE_ASSIGNMENT (( #700 ) ) ;
#3128 = DIRECTION ( 'NONE',  ( -0.000000000000000000, 0.000000000000000000, 1.000000000000000000 ) ) ;
#3129 = CARTESIAN_POINT ( 'NONE',  ( -1.074222439567138254, 5.468903501144064982, -0.2917585963548959826 ) ) ;
#3130 = AXIS2_PLACEMENT_3D ( 'NONE', #3860, #268, #776 ) ;
#3131 = PRESENTATION_STYLE_ASSIGNMENT (( #7479 ) ) ;
#3132 = DIRECTION ( 'NONE',  ( 0.000000000000000000, 0.000000000000000000, 1.000000000000000000 ) ) ;
#3133 = SURFACE_STYLE_USAGE ( .BOTH. , #868 ) ;
#3134 = DIRECTION ( 'NONE',  ( -1.000000000000000000, -0.000000000000000000, -0.000000000000000000 ) ) ;
#3135 = CARTESIAN_POINT ( 'NONE',  ( 1.216873555469095924, -2.376468353196429906, -4.430315561917153921 ) ) ;
#3136 = STYLED_ITEM ( 'NONE', ( #2649 ), #2921 ) ;
#3137 = DIRECTION ( 'NONE',  ( 0.000000000000000000, 2.828753380089831385E-15, -1.000000000000000000 ) ) ;
#3138 = DIRECTION ( 'NONE',  ( 0.000000000000000000, 1.000000000000000000, -1.035197933661466492E-14 ) ) ;
#3139 = CARTESIAN_POINT ( 'NONE',  ( -19.92709219242683361, 0.000000000000000000, 0.000000000000000000 ) ) ;
#3140 = FACE_OUTER_BOUND ( 'NONE', #2138, .T. ) ;
#3141 = CARTESIAN_POINT ( 'NONE',  ( -3.499999999999999556, 7.347880794884117764E-16, -5.999999999999998224 ) ) ;
#3142 = ORIENTED_EDGE ( 'NONE', *, *, #5117, .F. ) ;
#3143 = CARTESIAN_POINT ( 'NONE',  ( -1.216873555469125234, -2.876758985524170864, -4.661087872940355759 ) ) ;
#3144 = VERTEX_POINT ( 'NONE', #6335 ) ;
#3145 = CARTESIAN_POINT ( 'NONE',  ( 0.1138098578500432029, -4.909286581067764388, -1.072161492017162487 ) ) ;
#3146 =( LENGTH_UNIT ( ) NAMED_UNIT ( * ) SI_UNIT ( .MILLI., .METRE. ) );
#3147 = CARTESIAN_POINT ( 'NONE',  ( 0.3375000000000044631, 0.000000000000000000, 0.000000000000000000 ) ) ;
#3148 = ADVANCED_FACE ( 'NONE', ( #6292 ), #3376, .F. ) ;
#3149 = DIRECTION ( 'NONE',  ( 0.000000000000000000, 0.000000000000000000, 1.000000000000000000 ) ) ;
#3150 = VERTEX_POINT ( 'NONE', #329 ) ;
#3151 = ORIENTED_EDGE ( 'NONE', *, *, #6194, .F. ) ;
#3152 = CARTESIAN_POINT ( 'NONE',  ( -0.1145010564392972413, 3.649378680895929428, 4.081379699453779430 ) ) ;
#3153 = SURFACE_SIDE_STYLE ('',( #6655 ) ) ;
#3154 = EDGE_LOOP ( 'NONE', ( #3428, #1794, #1157, #2679 ) ) ;
#3155 = CIRCLE ( 'NONE', #5023, 6.199999999999995737 ) ;
#3156 = FACE_BOUND ( 'NONE', #3691, .T. ) ;
#3157 =( NAMED_UNIT ( * ) PLANE_ANGLE_UNIT ( ) SI_UNIT ( $, .RADIAN. ) );
#3158 = CARTESIAN_POINT ( 'NONE',  ( -0.1160098895142525066, 3.715543477065411881, -3.383099418866712949 ) ) ;
#3159 = CIRCLE ( 'NONE', #5748, 1.237499999999996714 ) ;
#3160 = FACE_BOUND ( 'NONE', #6861, .T. ) ;
#3161 = FILL_AREA_STYLE ('',( #229 ) ) ;
#3162 = ORIENTED_EDGE ( 'NONE', *, *, #431, .T. ) ;
#3163 = CARTESIAN_POINT ( 'NONE',  ( -3.499999999999999556, 0.000000000000000000, 5.999999999999998224 ) ) ;
#3164 = EDGE_CURVE ( 'NONE', #1283, #6924, #3881, .T. ) ;
#3165 = CARTESIAN_POINT ( 'NONE',  ( -0.1630295018224029446, 4.002065456297034807, -3.736187506783064105 ) ) ;
#3166 = MECHANICAL_DESIGN_GEOMETRIC_PRESENTATION_REPRESENTATION (  '', ( #4531 ), #4175 ) ;
#3167 = PRESENTATION_STYLE_ASSIGNMENT (( #787 ) ) ;
#3168 =( GEOMETRIC_REPRESENTATION_CONTEXT ( 3 ) GLOBAL_UNCERTAINTY_ASSIGNED_CONTEXT ( ( #6481 ) ) GLOBAL_UNIT_ASSIGNED_CONTEXT ( ( #2818, #7675, #5663 ) ) REPRESENTATION_CONTEXT ( 'NONE', 'WORKASPACE' ) );
#3169 = MECHANICAL_DESIGN_GEOMETRIC_PRESENTATION_REPRESENTATION (  '', ( #4794 ), #1433 ) ;
#3170 = CARTESIAN_POINT ( 'NONE',  ( 0.3375000000000029088, 1.066436397168597949, -5.370133928571435789 ) ) ;
#3171 = B_SPLINE_CURVE_WITH_KNOTS ( 'NONE', 3,
 ( #4225, #2583, #6066, #5623, #6777, #6816, #4374, #5062 ),
 .UNSPECIFIED., .F., .F.,
 ( 4, 2, 2, 4 ),
 ( 0.001883778965698460449, 0.002269289130307740581, 0.002654799294917020713, 0.003425819624135580978 ),
 .UNSPECIFIED. ) ;
#3172 = DIRECTION ( 'NONE',  ( 0.000000000000000000, 0.000000000000000000, 1.000000000000000000 ) ) ;
#3173 = EDGE_CURVE ( 'NONE', #5208, #1129, #2771, .T. ) ;
#3174 = SURFACE_SIDE_STYLE ('',( #5081 ) ) ;
#3175 =( NAMED_UNIT ( * ) SI_UNIT ( $, .STERADIAN. ) SOLID_ANGLE_UNIT ( ) );
#3176 = SURFACE_STYLE_USAGE ( .BOTH. , #1611 ) ;
#3177 = ORIENTED_EDGE ( 'NONE', *, *, #2879, .F. ) ;
#3178 = CIRCLE ( 'NONE', #4063, 7.500000000000000000 ) ;
#3179 = CARTESIAN_POINT ( 'NONE',  ( 0.1623272491987280408, -3.736258041268493812, -4.001999606619715877 ) ) ;
#3180 = VERTEX_POINT ( 'NONE', #7457 ) ;
#3181 = MANIFOLD_SOLID_BREP ( '切除-旋转1[10]', #5792 ) ;
#3182 = CARTESIAN_POINT ( 'NONE',  ( -1.216873555469057511, -5.474999999999993427, -0.1607905467559958557 ) ) ;
#3183 = CARTESIAN_POINT ( 'NONE',  ( -0.1142805824610626936, 3.383230854298453494, -3.715423797418348606 ) ) ;
#3184 = MECHANICAL_DESIGN_GEOMETRIC_PRESENTATION_REPRESENTATION (  '', ( #1567 ), #686 ) ;
#3185 = SURFACE_STYLE_FILL_AREA ( #806 ) ;
#3186 = FILL_AREA_STYLE ('',( #3965 ) ) ;
#3187 = ORIENTED_EDGE ( 'NONE', *, *, #2326, .T. ) ;
#3188 = ORIENTED_EDGE ( 'NONE', *, *, #3449, .T. ) ;
#3189 = CARTESIAN_POINT ( 'NONE',  ( 1.124999999999998224, 4.546633369868299468, -2.625000000000005329 ) ) ;
#3190 = CARTESIAN_POINT ( 'NONE',  ( -2.300000000000001599, 3.796405077356796890E-16, -3.000000000000001776 ) ) ;
#3191 = ORIENTED_EDGE ( 'NONE', *, *, #475, .T. ) ;
#3192 = FACE_OUTER_BOUND ( 'NONE', #3253, .T. ) ;
#3193 = DIRECTION ( 'NONE',  ( 0.000000000000000000, -0.4999999999999917843, 0.8660254037844434816 ) ) ;
#3194 = CARTESIAN_POINT ( 'NONE',  ( -2.300000000000002487, 0.000000000000000000, 0.000000000000000000 ) ) ;
#3195 = CARTESIAN_POINT ( 'NONE',  ( -0.6178653494856257700, 1.750740808670964155, 5.187926071696275621 ) ) ;
#3196 = COLOUR_RGB ( '',0.5294117647058823595, 0.5490196078431373028, 0.5490196078431373028 ) ;
#3197 = CARTESIAN_POINT ( 'NONE',  ( 1.066052540301073659, -4.402974996044866529, 3.257558097409392506 ) ) ;
#3198 = VERTEX_POINT ( 'NONE', #3889 ) ;
#3199 = DIRECTION ( 'NONE',  ( 1.000000000000000000, 0.000000000000000000, 0.000000000000000000 ) ) ;
#3200 = EDGE_CURVE ( 'NONE', #4088, #1542, #2903, .T. ) ;
#3201 = UNCERTAINTY_MEASURE_WITH_UNIT (LENGTH_MEASURE( 1.000000000000000082E-05 ), #6413, 'distance_accuracy_value', 'NONE');
#3202 = SURFACE_STYLE_FILL_AREA ( #5594 ) ;
#3203 = AXIS2_PLACEMENT_3D ( 'NONE', #7262, #7528, #3242 ) ;
#3204 = PRESENTATION_LAYER_ASSIGNMENT (  '', '', ( #6950 ) ) ;
#3205 =( NAMED_UNIT ( * ) SI_UNIT ( $, .STERADIAN. ) SOLID_ANGLE_UNIT ( ) );
#3206 = UNCERTAINTY_MEASURE_WITH_UNIT (LENGTH_MEASURE( 1.000000000000000082E-05 ), #1445, 'distance_accuracy_value', 'NONE');
#3207 =( NAMED_UNIT ( * ) PLANE_ANGLE_UNIT ( ) SI_UNIT ( $, .RADIAN. ) );
#3208 = CARTESIAN_POINT ( 'NONE',  ( 0.3375000000000029643, 5.250000000000000000, 0.000000000000000000 ) ) ;
#3209 = SURFACE_STYLE_FILL_AREA ( #6796 ) ;
#3210 = EDGE_CURVE ( 'NONE', #1653, #3034, #5727, .T. ) ;
#3211 = SURFACE_SIDE_STYLE ('',( #2491 ) ) ;
#3212 = AXIS2_PLACEMENT_3D ( 'NONE', #1360, #1405, #5430 ) ;
#3213 = ORIENTED_EDGE ( 'NONE', *, *, #3223, .F. ) ;
#3214 = MECHANICAL_DESIGN_GEOMETRIC_PRESENTATION_REPRESENTATION (  '', ( #3718 ), #2486 ) ;
#3215 = CARTESIAN_POINT ( 'NONE',  ( 0.1161341008348465015, 4.081496609502004880, -3.649247927219355869 ) ) ;
#3216 = ORIENTED_EDGE ( 'NONE', *, *, #3384, .F. ) ;
#3217 = CIRCLE ( 'NONE', #4725, 1.124999999999995115 ) ;
#3218 =( NAMED_UNIT ( * ) SI_UNIT ( $, .STERADIAN. ) SOLID_ANGLE_UNIT ( ) );
#3219 = DIRECTION ( 'NONE',  ( 0.000000000000000000, 0.8660254037844433705, 0.4999999999999918399 ) ) ;
#3220 = AXIS2_PLACEMENT_3D ( 'NONE', #7544, #2140, #1077 ) ;
#3221 = PLANE ( 'NONE',  #1026 ) ;
#3222 = AXIS2_PLACEMENT_3D ( 'NONE', #112, #2507, #7285 ) ;
#3223 = EDGE_CURVE ( 'NONE', #5212, #1450, #3886, .T. ) ;
#3224 = FACE_OUTER_BOUND ( 'NONE', #3852, .T. ) ;
#3225 = EDGE_LOOP ( 'NONE', ( #4297, #3578 ) ) ;
#3226 = ORIENTED_EDGE ( 'NONE', *, *, #4118, .F. ) ;
#3227 = CARTESIAN_POINT ( 'NONE',  ( 2.951763000829056837E-15, 0.000000000000000000, 0.000000000000000000 ) ) ;
#3228 = EDGE_LOOP ( 'NONE', ( #1840, #174, #2031, #4987, #917, #1084 ) ) ;
#3229 =( NAMED_UNIT ( * ) SI_UNIT ( $, .STERADIAN. ) SOLID_ANGLE_UNIT ( ) );
#3230 =( LENGTH_UNIT ( ) NAMED_UNIT ( * ) SI_UNIT ( .MILLI., .METRE. ) );
#3231 = CARTESIAN_POINT ( 'NONE',  ( 1.065237977602516040, 2.182591038188782306, 5.023407791670495115 ) ) ;
#3232 = AXIS2_PLACEMENT_3D ( 'NONE', #3364, #2357, #7534 ) ;
#3233 = CARTESIAN_POINT ( 'NONE',  ( -0.3374999999999969691, -5.183890602451881158, 1.761505952817384424 ) ) ;
#3234 = CARTESIAN_POINT ( 'NONE',  ( 0.7539386004181418688, -4.172790416570606453, 3.546371439659041780 ) ) ;
#3235 = CARTESIAN_POINT ( 'NONE',  ( -0.6178653494856262141, -5.368246175380055440, -1.077777020097033578 ) ) ;
#3236 = CARTESIAN_POINT ( 'NONE',  ( 0.1161341008350689347, -4.081496609502013762, 3.649247927219347432 ) ) ;
#3237 = ORIENTED_EDGE ( 'NONE', *, *, #4508, .F. ) ;
#3238 = CARTESIAN_POINT ( 'NONE',  ( -1.216873555469090151, 2.512500000000050804, 4.351777654016776076 ) ) ;
#3239 = AXIS2_PLACEMENT_3D ( 'NONE', #1719, #1052, #2849 ) ;
#3240 = CIRCLE ( 'NONE', #131, 1.124999999999995115 ) ;
#3241 = FACE_OUTER_BOUND ( 'NONE', #5178, .T. ) ;
#3242 = DIRECTION ( 'NONE',  ( 0.000000000000000000, -0.8660254037844414832, -0.4999999999999950595 ) ) ;
#3243 = EDGE_CURVE ( 'NONE', #7077, #450, #640, .T. ) ;
#3244 = PRESENTATION_LAYER_ASSIGNMENT (  '', '', ( #2141 ) ) ;
#3245 = CARTESIAN_POINT ( 'NONE',  ( 1.184161683711926649, 2.781828220606456181, 4.187225725368435292 ) ) ;
#3246 = DIRECTION ( 'NONE',  ( 0.000000000000000000, 0.000000000000000000, -1.000000000000000000 ) ) ;
#3247 = PRESENTATION_LAYER_ASSIGNMENT (  '', '', ( #1267 ) ) ;
#3248 = CARTESIAN_POINT ( 'NONE',  ( -0.3374999999999969691, 5.025000000000001243, 0.000000000000000000 ) ) ;
#3249 = SURFACE_STYLE_USAGE ( .BOTH. , #1427 ) ;
#3250 = PRESENTATION_STYLE_ASSIGNMENT (( #6966 ) ) ;
#3251 = CIRCLE ( 'NONE', #1645, 5.999999999999998224 ) ;
#3252 = DIRECTION ( 'NONE',  ( 0.000000000000000000, 0.000000000000000000, 1.000000000000000000 ) ) ;
#3253 = EDGE_LOOP ( 'NONE', ( #3379, #5977, #4220, #217 ) ) ;
#3254 = CARTESIAN_POINT ( 'NONE',  ( -1.216873555470451507, 4.741489085720149710, -2.737500000000029576 ) ) ;
#3255 = ORIENTED_EDGE ( 'NONE', *, *, #2894, .T. ) ;
#3256 = EDGE_CURVE ( 'NONE', #4868, #1981, #269, .T. ) ;
#3257 = SURFACE_SIDE_STYLE ('',( #841 ) ) ;
#3258 = MECHANICAL_DESIGN_GEOMETRIC_PRESENTATION_REPRESENTATION (  '', ( #7532 ), #5480 ) ;
#3259 = SURFACE_STYLE_USAGE ( .BOTH. , #3331 ) ;
#3260 = DIRECTION ( 'NONE',  ( 0.000000000000000000, 0.000000000000000000, 1.000000000000000000 ) ) ;
#3261 = CARTESIAN_POINT ( 'NONE',  ( 0.1160098895142585573, -3.383099418866673869, 3.715543477065446520 ) ) ;
#3262 =( LENGTH_UNIT ( ) NAMED_UNIT ( * ) SI_UNIT ( .MILLI., .METRE. ) );
#3263 = ORIENTED_EDGE ( 'NONE', *, *, #3555, .T. ) ;
#3264 = VERTEX_POINT ( 'NONE', #5855 ) ;
#3265 = DIRECTION ( 'NONE',  ( 0.000000000000000000, 0.000000000000000000, 1.000000000000000000 ) ) ;
#3266 = SURFACE_STYLE_USAGE ( .BOTH. , #7464 ) ;
#3267 = EDGE_CURVE ( 'NONE', #7391, #1804, #1651, .T. ) ;
#3268 = CARTESIAN_POINT ( 'NONE',  ( 0.3375000000000029643, -4.546633369868282593, 2.625000000000037303 ) ) ;
#3269 = FILL_AREA_STYLE_COLOUR ( '', #4493 ) ;
#3270 = AXIS2_PLACEMENT_3D ( 'NONE', #5646, #5730, #2651 ) ;
#3271 = CARTESIAN_POINT ( 'NONE',  ( 0.8778191402372497176, 4.981658812518546142, -0.6661112300025862076 ) ) ;
#3272 = DIRECTION ( 'NONE',  ( 0.000000000000000000, -0.8660254037844363761, 0.5000000000000038858 ) ) ;
#3273 = CARTESIAN_POINT ( 'NONE',  ( 0.9689635404861111079, 4.673595488726386193, -1.849409760455137164 ) ) ;
#3274 = ORIENTED_EDGE ( 'NONE', *, *, #2857, .T. ) ;
#3275 = FACE_OUTER_BOUND ( 'NONE', #1544, .T. ) ;
#3276 = DIRECTION ( 'NONE',  ( -0.000000000000000000, 0.000000000000000000, -1.000000000000000000 ) ) ;
#3277 = PRESENTATION_LAYER_ASSIGNMENT (  '', '', ( #49 ) ) ;
#3278 = COLOUR_RGB ( '',0.5294117647058823595, 0.5490196078431373028, 0.5490196078431373028 ) ;
#3279 = CARTESIAN_POINT ( 'NONE',  ( 1.059998554186547093, 1.971765687694766900, -4.624265706669807408 ) ) ;
#3280 = PRESENTATION_STYLE_ASSIGNMENT (( #827 ) ) ;
#3281 = UNCERTAINTY_MEASURE_WITH_UNIT (LENGTH_MEASURE( 1.000000000000000082E-05 ), #5283, 'distance_accuracy_value', 'NONE');
#3282 = DIRECTION ( 'NONE',  ( 0.000000000000000000, 0.000000000000000000, 1.000000000000000000 ) ) ;
#3283 = DIRECTION ( 'NONE',  ( 0.000000000000000000, 1.035197933661467123E-14, 1.000000000000000000 ) ) ;
#3284 = DIRECTION ( 'NONE',  ( 1.000000000000000000, 0.000000000000000000, 0.000000000000000000 ) ) ;
#3285 = MECHANICAL_DESIGN_GEOMETRIC_PRESENTATION_REPRESENTATION (  '', ( #1305 ), #1055 ) ;
#3286 = SURFACE_SIDE_STYLE ('',( #6249 ) ) ;
#3287 = SURFACE_STYLE_FILL_AREA ( #5562 ) ;
#3288 = ORIENTED_EDGE ( 'NONE', *, *, #7336, .F. ) ;
#3289 = CARTESIAN_POINT ( 'NONE',  ( 1.184509137125802303, 2.235888882112485376, 4.502506502262840549 ) ) ;
#3290 = ORIENTED_EDGE ( 'NONE', *, *, #3105, .T. ) ;
#3291 = MECHANICAL_DESIGN_GEOMETRIC_PRESENTATION_REPRESENTATION (  '', ( #2055 ), #60 ) ;
#3292 = B_SPLINE_CURVE_WITH_KNOTS ( 'NONE', 3,
 ( #1798, #76, #1137, #4141, #4792, #7669 ),
 .UNSPECIFIED., .F., .F.,
 ( 4, 2, 4 ),
 ( 0.006480373050224363940, 0.006820975956596185899, 0.007161578862968007858 ),
 .UNSPECIFIED. ) ;
#3293 = CARTESIAN_POINT ( 'NONE',  ( 2.951763000829056837E-15, 5.499083108677935350E-14, 5.250000000000000000 ) ) ;
#3294 = EDGE_CURVE ( 'NONE', #1315, #654, #6506, .T. ) ;
#3295 = CARTESIAN_POINT ( 'NONE',  ( 0.6073178872976474629, 1.037519463398113739, -4.917076161162508008 ) ) ;
#3296 = CARTESIAN_POINT ( 'NONE',  ( 0.1604339750629890371, -4.884014096369996949, 1.181960801552174312 ) ) ;
#3297 = COLOUR_RGB ( '',0.5294117647058823595, 0.5490196078431373028, 0.5490196078431373028 ) ;
#3298 =( LENGTH_UNIT ( ) NAMED_UNIT ( * ) SI_UNIT ( .MILLI., .METRE. ) );
#3299 = EDGE_CURVE ( 'NONE', #538, #2800, #3638, .T. ) ;
#3300 = CYLINDRICAL_SURFACE ( 'NONE', #7296, 5.475000000000000533 ) ;
#3301 = ORIENTED_EDGE ( 'NONE', *, *, #783, .T. ) ;
#3302 = ORIENTED_EDGE ( 'NONE', *, *, #1122, .F. ) ;
#3303 = CARTESIAN_POINT ( 'NONE',  ( 1.065679434814408078, -2.183470217807329750, 5.023007587397382956 ) ) ;
#3304 =( GEOMETRIC_REPRESENTATION_CONTEXT ( 3 ) GLOBAL_UNCERTAINTY_ASSIGNED_CONTEXT ( ( #636 ) ) GLOBAL_UNIT_ASSIGNED_CONTEXT ( ( #2670, #1494, #3795 ) ) REPRESENTATION_CONTEXT ( 'NONE', 'WORKASPACE' ) );
#3305 = CARTESIAN_POINT ( 'NONE',  ( 0.3375000000000029088, -5.370133928571432236, -1.066436397168616601 ) ) ;
#3306 = CARTESIAN_POINT ( 'NONE',  ( -1.216873555469091261, -2.737499999999956302, 4.741489085719827301 ) ) ;
#3307 = EDGE_CURVE ( 'NONE', #1831, #4868, #1263, .T. ) ;
#3308 = CARTESIAN_POINT ( 'NONE',  ( -2.500000000000001332, 0.000000000000000000, 7.300000000000000711 ) ) ;
#3309 = EDGE_LOOP ( 'NONE', ( #1915, #1559 ) ) ;
#3310 =( LENGTH_UNIT ( ) NAMED_UNIT ( * ) SI_UNIT ( .MILLI., .METRE. ) );
#3311 =( NAMED_UNIT ( * ) PLANE_ANGLE_UNIT ( ) SI_UNIT ( $, .RADIAN. ) );
#3312 = FACE_OUTER_BOUND ( 'NONE', #1182, .T. ) ;
#3313 = CARTESIAN_POINT ( 'NONE',  ( 0.3375000000000029643, 5.025000000000001243, 0.000000000000000000 ) ) ;
#3314 = AXIS2_PLACEMENT_3D ( 'NONE', #7327, #785, #1417 ) ;
#3315 = SURFACE_STYLE_USAGE ( .BOTH. , #942 ) ;
#3316 = CARTESIAN_POINT ( 'NONE',  ( 2.951763000829056837E-15, -2.625000000000021760, -4.546633369868291474 ) ) ;
#3317 = FACE_OUTER_BOUND ( 'NONE', #5534, .T. ) ;
#3318 = SURFACE_SIDE_STYLE ('',( #7009 ) ) ;
#3319 = EDGE_CURVE ( 'NONE', #5780, #5500, #3030, .T. ) ;
#3320 = CIRCLE ( 'NONE', #4566, 1.124999999999994893 ) ;
#3321 = CIRCLE ( 'NONE', #6678, 4.500000000000001776 ) ;
#3322 = AXIS2_PLACEMENT_3D ( 'NONE', #5856, #7587, #2954 ) ;
#3323 = B_SPLINE_CURVE_WITH_KNOTS ( 'NONE', 3,
 ( #7709, #2900, #541, #7128, #4102, #7206 ),
 .UNSPECIFIED., .F., .F.,
 ( 4, 2, 4 ),
 ( 0.003069521843240039828, 0.003410565456215181035, 0.003751609069190321808 ),
 .UNSPECIFIED. ) ;
#3324 = CARTESIAN_POINT ( 'NONE',  ( 0.3219498304303086145, 1.629749021142086418, -5.227196995772995791 ) ) ;
#3325 = CARTESIAN_POINT ( 'NONE',  ( 1.184200262958152283, 4.187119299164376862, 2.782020603964347583 ) ) ;
#3326 = MECHANICAL_DESIGN_GEOMETRIC_PRESENTATION_REPRESENTATION (  '', ( #1346 ), #5797 ) ;
#3327 = SURFACE_SIDE_STYLE ('',( #3287 ) ) ;
#3328 = ORIENTED_EDGE ( 'NONE', *, *, #7627, .F. ) ;
#3329 = CARTESIAN_POINT ( 'NONE',  ( -0.7521123038540215022, 5.158260651985952627, -1.838905281601144859 ) ) ;
#3330 = ORIENTED_EDGE ( 'NONE', *, *, #5274, .T. ) ;
#3331 = SURFACE_SIDE_STYLE ('',( #3925 ) ) ;
#3332 = CARTESIAN_POINT ( 'NONE',  ( -0.3374999999999975242, 0.000000000000000000, 0.000000000000000000 ) ) ;
#3333 = CARTESIAN_POINT ( 'NONE',  ( 0.3375000000000029088, -1.066436397168635253, -5.370133928571428683 ) ) ;
#3335 = ADVANCED_FACE ( 'NONE', ( #6762 ), #4356, .T. ) ;
#3334 =( NAMED_UNIT ( * ) SI_UNIT ( $, .STERADIAN. ) SOLID_ANGLE_UNIT ( ) );
#3336 = VERTEX_POINT ( 'NONE', #98 ) ;
#3337 = CIRCLE ( 'NONE', #5323, 1.237499999999997158 ) ;
#3338 = ORIENTED_EDGE ( 'NONE', *, *, #4354, .F. ) ;
#3339 = FACE_OUTER_BOUND ( 'NONE', #4300, .T. ) ;
#3340 = FILL_AREA_STYLE_COLOUR ( '', #6197 ) ;
#3341 = STYLED_ITEM ( 'NONE', ( #153 ), #2267 ) ;
#3342 =( LENGTH_UNIT ( ) NAMED_UNIT ( * ) SI_UNIT ( .MILLI., .METRE. ) );
#3343 = STYLED_ITEM ( 'NONE', ( #2522 ), #7608 ) ;
#3344 =( NAMED_UNIT ( * ) PLANE_ANGLE_UNIT ( ) SI_UNIT ( $, .RADIAN. ) );
#3345 = DIRECTION ( 'NONE',  ( 0.000000000000000000, -0.8660254037844415942, -0.4999999999999947264 ) ) ;
#3346 = CARTESIAN_POINT ( 'NONE',  ( -1.102270384252691748, 5.025000000000000355, 6.528452497315912755E-15 ) ) ;
#3347 = ORIENTED_EDGE ( 'NONE', *, *, #3267, .F. ) ;
#3348 =( GEOMETRIC_REPRESENTATION_CONTEXT ( 3 ) GLOBAL_UNCERTAINTY_ASSIGNED_CONTEXT ( ( #5151 ) ) GLOBAL_UNIT_ASSIGNED_CONTEXT ( ( #1856, #5347, #3567 ) ) REPRESENTATION_CONTEXT ( 'NONE', 'WORKASPACE' ) );
#3349 = CARTESIAN_POINT ( 'NONE',  ( 2.951763000829056837E-15, -4.546633369868282593, 2.625000000000037303 ) ) ;
#3350 =( NAMED_UNIT ( * ) SI_UNIT ( $, .STERADIAN. ) SOLID_ANGLE_UNIT ( ) );
#3351 = TOROIDAL_SURFACE ( 'NONE', #1240, 3.200000000000001510, 0.1999999999999996503 ) ;
#3352 = DIRECTION ( 'NONE',  ( 1.000000000000000000, 0.000000000000000000, 0.000000000000000000 ) ) ;
#3353 = UNCERTAINTY_MEASURE_WITH_UNIT (LENGTH_MEASURE( 1.000000000000000082E-05 ), #1521, 'distance_accuracy_value', 'NONE');
#3354 = AXIS2_PLACEMENT_3D ( 'NONE', #342, #5182, #5143 ) ;
#3355 = EDGE_CURVE ( 'NONE', #5800, #2688, #7620, .T. ) ;
#3356 =( GEOMETRIC_REPRESENTATION_CONTEXT ( 3 ) GLOBAL_UNCERTAINTY_ASSIGNED_CONTEXT ( ( #5670 ) ) GLOBAL_UNIT_ASSIGNED_CONTEXT ( ( #5364, #696, #6626 ) ) REPRESENTATION_CONTEXT ( 'NONE', 'WORKASPACE' ) );
#3357 = SURFACE_STYLE_USAGE ( .BOTH. , #5113 ) ;
#3358 = UNCERTAINTY_MEASURE_WITH_UNIT (LENGTH_MEASURE( 1.000000000000000082E-05 ), #3924, 'distance_accuracy_value', 'NONE');
#3359 = AXIS2_PLACEMENT_3D ( 'NONE', #15, #6661, #155 ) ;
#3360 = CARTESIAN_POINT ( 'NONE',  ( -0.3374999999999975242, 0.000000000000000000, 0.000000000000000000 ) ) ;
#3361 = SURFACE_SIDE_STYLE ('',( #2242 ) ) ;
#3362 = UNCERTAINTY_MEASURE_WITH_UNIT (LENGTH_MEASURE( 1.000000000000000082E-05 ), #6116, 'distance_accuracy_value', 'NONE');
#3363 = ADVANCED_FACE ( 'NONE', ( #3140, #2568 ), #136, .T. ) ;
#3364 = CARTESIAN_POINT ( 'NONE',  ( 0.3375000000000029643, 4.546633369868336771, 2.624999999999942268 ) ) ;
#3365 = DIRECTION ( 'NONE',  ( -1.000000000000000000, -0.000000000000000000, -0.000000000000000000 ) ) ;
#3366 = AXIS2_PLACEMENT_3D ( 'NONE', #5257, #4588, #4633 ) ;
#3367 = CARTESIAN_POINT ( 'NONE',  ( 2.951763000829056837E-15, 0.000000000000000000, 5.250000000000000000 ) ) ;
#3368 = CARTESIAN_POINT ( 'NONE',  ( 1.216873555469096146, 4.351777654016836472, 2.512499999999944666 ) ) ;
#3369 = FACE_OUTER_BOUND ( 'NONE', #2429, .T. ) ;
#3370 = EDGE_LOOP ( 'NONE', ( #176, #6439, #3626, #3459, #4520, #5253 ) ) ;
#3371 = CARTESIAN_POINT ( 'NONE',  ( 1.060068109014966176, 1.971817333347634982, 4.624251323185537998 ) ) ;
#3372 = ORIENTED_EDGE ( 'NONE', *, *, #215, .T. ) ;
#3373 = COLOUR_RGB ( '',0.5294117647058823595, 0.5490196078431373028, 0.5490196078431373028 ) ;
#3374 = CARTESIAN_POINT ( 'NONE',  ( 1.216873555470457724, -4.741489085720169250, -2.737499999999996270 ) ) ;
#3375 = SURFACE_SIDE_STYLE ('',( #5804 ) ) ;
#3376 = CYLINDRICAL_SURFACE ( 'NONE', #514, 5.025000000000000355 ) ;
#3377 = DIRECTION ( 'NONE',  ( 0.000000000000000000, 0.8660254037844382635, -0.5000000000000008882 ) ) ;
#3378 = CARTESIAN_POINT ( 'NONE',  ( -0.1137298752289218340, -4.787650106792866289, 1.526116461788796119 ) ) ;
#3379 = ORIENTED_EDGE ( 'NONE', *, *, #5291, .T. ) ;
#3380 = EDGE_LOOP ( 'NONE', ( #3574, #3074, #5912, #11 ) ) ;
#3381 = CARTESIAN_POINT ( 'NONE',  ( -0.6182595144253175690, 3.617249411575644835, -4.110372429053047227 ) ) ;
#3382 = AXIS2_PLACEMENT_3D ( 'NONE', #6615, #3656, #4670 ) ;
#3383 = FILL_AREA_STYLE_COLOUR ( '', #4376 ) ;
#3384 = EDGE_CURVE ( 'NONE', #2614, #7169, #1785, .T. ) ;
#3385 = SURFACE_STYLE_USAGE ( .BOTH. , #5065 ) ;
#3386 = COLOUR_RGB ( '',1.000000000000000000, 1.000000000000000000, 1.000000000000000000 ) ;
#3387 = CARTESIAN_POINT ( 'NONE',  ( 2.951763000829056837E-15, -5.250000000000000000, 0.000000000000000000 ) ) ;
#3388 = ORIENTED_EDGE ( 'NONE', *, *, #1145, .F. ) ;
#3389 = DIRECTION ( 'NONE',  ( 1.000000000000000000, 0.000000000000000000, 0.000000000000000000 ) ) ;
#3390 = CARTESIAN_POINT ( 'NONE',  ( -1.216873555469091928, 4.431302689732384614, -2.374758597666887017 ) ) ;
#3391 = CARTESIAN_POINT ( 'NONE',  ( -0.1605426051907896667, -1.597764948076948688, -5.236675679372152281 ) ) ;
#3392 = CARTESIAN_POINT ( 'NONE',  ( 2.951763000829056837E-15, 4.546633369868299468, -2.625000000000005329 ) ) ;
#3393 = EDGE_CURVE ( 'NONE', #4972, #3498, #7160, .T. ) ;
#3394 = CARTESIAN_POINT ( 'NONE',  ( -1.216873555469089929, 5.266163433978185055E-14, 5.025000000000000355 ) ) ;
#3395 = SURFACE_STYLE_FILL_AREA ( #5669 ) ;
#3396 =( GEOMETRIC_REPRESENTATION_CONTEXT ( 3 ) GLOBAL_UNCERTAINTY_ASSIGNED_CONTEXT ( ( #327 ) ) GLOBAL_UNIT_ASSIGNED_CONTEXT ( ( #3298, #7504, #3849 ) ) REPRESENTATION_CONTEXT ( 'NONE', 'WORKASPACE' ) );
#3397 = ORIENTED_EDGE ( 'NONE', *, *, #7202, .F. ) ;
#3398 =( LENGTH_UNIT ( ) NAMED_UNIT ( * ) SI_UNIT ( .MILLI., .METRE. ) );
#3399 = ADVANCED_FACE ( 'NONE', ( #7272 ), #1904, .F. ) ;
#3400 = DIRECTION ( 'NONE',  ( 1.000000000000000000, 0.000000000000000000, 0.000000000000000000 ) ) ;
#3401 = DIRECTION ( 'NONE',  ( -1.000000000000000000, -0.000000000000000000, -0.000000000000000000 ) ) ;
#3402 = AXIS2_PLACEMENT_3D ( 'NONE', #4256, #3771, #6650 ) ;
#3403 = DIRECTION ( 'NONE',  ( 1.000000000000000000, 0.000000000000000000, 0.000000000000000000 ) ) ;
#3404 = DIRECTION ( 'NONE',  ( -1.000000000000000000, -0.000000000000000000, -0.000000000000000000 ) ) ;
#3405 = FILL_AREA_STYLE ('',( #1504 ) ) ;
#3406 = CARTESIAN_POINT ( 'NONE',  ( -0.6066795256490175037, 4.777195101010586420, 1.559643906801460034 ) ) ;
#3407 = SURFACE_SIDE_STYLE ('',( #478 ) ) ;
#3408 = ORIENTED_EDGE ( 'NONE', *, *, #2760, .T. ) ;
#3409 = FILL_AREA_STYLE ('',( #2331 ) ) ;
#3410 = EDGE_CURVE ( 'NONE', #3046, #2274, #2410, .T. ) ;
#3411 = ORIENTED_EDGE ( 'NONE', *, *, #381, .F. ) ;
#3412 =( NAMED_UNIT ( * ) PLANE_ANGLE_UNIT ( ) SI_UNIT ( $, .RADIAN. ) );
#3413 = PRESENTATION_LAYER_ASSIGNMENT (  '', '', ( #2437 ) ) ;
#3414 = PRESENTATION_LAYER_ASSIGNMENT (  '', '', ( #3790 ) ) ;
#3415 =( NAMED_UNIT ( * ) SI_UNIT ( $, .STERADIAN. ) SOLID_ANGLE_UNIT ( ) );
#3416 = CARTESIAN_POINT ( 'NONE',  ( 0.6093760513610181340, -4.917295853251168580, 1.036505035817522735 ) ) ;
#3417 =( NAMED_UNIT ( * ) PLANE_ANGLE_UNIT ( ) SI_UNIT ( $, .RADIAN. ) );
#3418 = CARTESIAN_POINT ( 'NONE',  ( -1.216873555469089929, -2.512500000000020162, -4.351777654016792063 ) ) ;
#3419 = ORIENTED_EDGE ( 'NONE', *, *, #1998, .T. ) ;
#3420 = ORIENTED_EDGE ( 'NONE', *, *, #1220, .F. ) ;
#3421 = DIRECTION ( 'NONE',  ( 0.000000000000000000, 0.4999999999999980571, -0.8660254037844398178 ) ) ;
#3422 = DIRECTION ( 'NONE',  ( -1.000000000000000000, 0.000000000000000000, -0.000000000000000000 ) ) ;
#3423 = EDGE_CURVE ( 'NONE', #4555, #6927, #6245, .T. ) ;
#3424 = DIRECTION ( 'NONE',  ( 0.000000000000000000, 0.4999999999999891198, -0.8660254037844451469 ) ) ;
#3425 = FILL_AREA_STYLE_COLOUR ( '', #879 ) ;
#3426 = MECHANICAL_DESIGN_GEOMETRIC_PRESENTATION_REPRESENTATION (  '', ( #429 ), #2374 ) ;
#3427 = SURFACE_STYLE_USAGE ( .BOTH. , #3004 ) ;
#3428 = ORIENTED_EDGE ( 'NONE', *, *, #786, .F. ) ;
#3429 = ORIENTED_EDGE ( 'NONE', *, *, #3888, .F. ) ;
#3430 = FILL_AREA_STYLE ('',( #3939 ) ) ;
#3431 = STYLED_ITEM ( 'NONE', ( #5880 ), #5342 ) ;
#3432 = STYLED_ITEM ( 'NONE', ( #3280 ), #829 ) ;
#3433 = DIRECTION ( 'NONE',  ( -1.000000000000000000, 0.000000000000000000, -0.000000000000000000 ) ) ;
#3434 = DIRECTION ( 'NONE',  ( 0.000000000000000000, 0.000000000000000000, 1.000000000000000000 ) ) ;
#3435 = SURFACE_STYLE_USAGE ( .BOTH. , #5334 ) ;
#3436 = EDGE_LOOP ( 'NONE', ( #6643, #5813 ) ) ;
#3437 = UNCERTAINTY_MEASURE_WITH_UNIT (LENGTH_MEASURE( 1.000000000000000082E-05 ), #2404, 'distance_accuracy_value', 'NONE');
#3438 = DIRECTION ( 'NONE',  ( 0.000000000000000000, 0.000000000000000000, 1.000000000000000000 ) ) ;
#3439 = EDGE_CURVE ( 'NONE', #1623, #6680, #1524, .T. ) ;
#3440 = SURFACE_STYLE_FILL_AREA ( #4565 ) ;
#3441 =( LENGTH_UNIT ( ) NAMED_UNIT ( * ) SI_UNIT ( .MILLI., .METRE. ) );
#3442 = CARTESIAN_POINT ( 'NONE',  ( 1.124999999999998224, 2.625000000000053291, 4.546633369868272823 ) ) ;
#3443 = CARTESIAN_POINT ( 'NONE',  ( 0.6074448382803045998, 4.777036105533043475, 1.560129390037615638 ) ) ;
#3444 = CARTESIAN_POINT ( 'NONE',  ( -0.3374999999999969691, 5.025000000000001243, 0.000000000000000000 ) ) ;
#3445 = FACE_OUTER_BOUND ( 'NONE', #3750, .T. ) ;
#3446 = ORIENTED_EDGE ( 'NONE', *, *, #6440, .F. ) ;
#3447 = CARTESIAN_POINT ( 'NONE',  ( 0.3375000000000029643, 2.624999999999989786, -4.546633369868309238 ) ) ;
#3448 = FILL_AREA_STYLE ('',( #6420 ) ) ;
#3449 = EDGE_CURVE ( 'NONE', #1664, #3778, #6074, .T. ) ;
#3450 = AXIS2_PLACEMENT_3D ( 'NONE', #52, #2445, #6753 ) ;
#3451 = DIRECTION ( 'NONE',  ( -1.000000000000000000, -0.000000000000000000, -0.000000000000000000 ) ) ;
#3452 = AXIS2_PLACEMENT_3D ( 'NONE', #5693, #6813, #5022 ) ;
#3453 = ADVANCED_FACE ( 'NONE', ( #6838 ), #5607, .T. ) ;
#3454 = PRESENTATION_STYLE_ASSIGNMENT (( #7107 ) ) ;
#3455 = CARTESIAN_POINT ( 'NONE',  ( -2.500000000000001332, 0.000000000000000000, 4.300000000000002487 ) ) ;
#3456 = EDGE_LOOP ( 'NONE', ( #4938, #1402, #3330, #3545 ) ) ;
#3457 = ORIENTED_EDGE ( 'NONE', *, *, #3355, .F. ) ;
#3458 = CARTESIAN_POINT ( 'NONE',  ( 0.1605426051907946627, 1.234632805375195375, 5.333976643754874125 ) ) ;
#3459 = ORIENTED_EDGE ( 'NONE', *, *, #1795, .T. ) ;
#3460 = PRESENTATION_STYLE_ASSIGNMENT (( #1051 ) ) ;
#3461 = FACE_OUTER_BOUND ( 'NONE', #1769, .T. ) ;
#3462 = AXIS2_PLACEMENT_3D ( 'NONE', #1578, #996, #7453 ) ;
#3463 = CARTESIAN_POINT ( 'NONE',  ( 0.3375000000000030753, -1.021228243303213379, 4.920133928571440940 ) ) ;
#3464 = ORIENTED_EDGE ( 'NONE', *, *, #929, .F. ) ;
#3465 = ORIENTED_EDGE ( 'NONE', *, *, #6265, .F. ) ;
#3466 = CIRCLE ( 'NONE', #5554, 3.000000000000002665 ) ;
#3467 = FILL_AREA_STYLE ('',( #6399 ) ) ;
#3468 = AXIS2_PLACEMENT_3D ( 'NONE', #1573, #6372, #2910 ) ;
#3469 = PLANE ( 'NONE',  #5280 ) ;
#3471 = CIRCLE ( 'NONE', #227, 5.025000000000001243 ) ;
#3470 = FILL_AREA_STYLE_COLOUR ( '', #486 ) ;
#3472 = CARTESIAN_POINT ( 'NONE',  ( 2.951763000829056837E-15, -1.833027702892645012E-14, -5.250000000000000000 ) ) ;
#3473 = AXIS2_PLACEMENT_3D ( 'NONE', #138, #797, #4904 ) ;
#3474 = STYLED_ITEM ( 'NONE', ( #6845 ), #5919 ) ;
#3475 = FACE_OUTER_BOUND ( 'NONE', #7137, .T. ) ;
#3476 = ORIENTED_EDGE ( 'NONE', *, *, #317, .T. ) ;
#3477 =( LENGTH_UNIT ( ) NAMED_UNIT ( * ) SI_UNIT ( .MILLI., .METRE. ) );
#3478 = CIRCLE ( 'NONE', #4469, 5.999999999999998224 ) ;
#3479 = FACE_OUTER_BOUND ( 'NONE', #6537, .T. ) ;
#3480 = STYLED_ITEM ( 'NONE', ( #5726 ), #6401 ) ;
#3481 = FACE_OUTER_BOUND ( 'NONE', #2950, .T. ) ;
#3482 = EDGE_CURVE ( 'NONE', #4452, #692, #648, .T. ) ;
#3483 = FILL_AREA_STYLE ('',( #3053 ) ) ;
#3484 =( LENGTH_UNIT ( ) NAMED_UNIT ( * ) SI_UNIT ( .MILLI., .METRE. ) );
#3485 = PRESENTATION_LAYER_ASSIGNMENT (  '', '', ( #4984 ) ) ;
#3486 = CARTESIAN_POINT ( 'NONE',  ( -0.3374999999999969691, -3.608627975754049810, 4.117454205283311630 ) ) ;
#3487 = ORIENTED_EDGE ( 'NONE', *, *, #6113, .T. ) ;
#3488 = CARTESIAN_POINT ( 'NONE',  ( -0.6188283613271731154, -5.368357146716462580, 1.077234586337276756 ) ) ;
#3489 = CARTESIAN_POINT ( 'NONE',  ( 2.951763000829056837E-15, 5.250000000000000000, 0.000000000000000000 ) ) ;
#3490 = STYLED_ITEM ( 'NONE', ( #2270 ), #6988 ) ;
#3491 = AXIS2_PLACEMENT_3D ( 'NONE', #5591, #5513, #1412 ) ;
#3492 = CARTESIAN_POINT ( 'NONE',  ( -2.500000000000001332, 0.000000000000000000, 0.000000000000000000 ) ) ;
#3493 = EDGE_LOOP ( 'NONE', ( #7665, #5512 ) ) ;
#3494 = ORIENTED_EDGE ( 'NONE', *, *, #6065, .T. ) ;
#3495 =( GEOMETRIC_REPRESENTATION_CONTEXT ( 3 ) GLOBAL_UNCERTAINTY_ASSIGNED_CONTEXT ( ( #2363 ) ) GLOBAL_UNIT_ASSIGNED_CONTEXT ( ( #484, #1745, #3415 ) ) REPRESENTATION_CONTEXT ( 'NONE', 'WORKASPACE' ) );
#3496 = CARTESIAN_POINT ( 'NONE',  ( -0.6093760516249094872, 3.356287618679186124, -3.740250609034107221 ) ) ;
#3497 = CARTESIAN_POINT ( 'NONE',  ( -0.7525402123772456653, 0.9860931065244864513, 5.386712740550811063 ) ) ;
#3498 = VERTEX_POINT ( 'NONE', #2290 ) ;
#3499 = EDGE_CURVE ( 'NONE', #7361, #5470, #7021, .T. ) ;
#3500 = SURFACE_SIDE_STYLE ('',( #4094 ) ) ;
#3501 = SURFACE_STYLE_FILL_AREA ( #419 ) ;
#3502 = MECHANICAL_DESIGN_GEOMETRIC_PRESENTATION_REPRESENTATION (  '', ( #1267 ), #7651 ) ;
#3503 = B_SPLINE_CURVE_WITH_KNOTS ( 'NONE', 3,
 ( #1005, #7550, #3378, #6293, #3850, #4426 ),
 .UNSPECIFIED., .F., .F.,
 ( 4, 2, 4 ),
 ( 0.003069521842370880049, 0.003410565455249569763, 0.003751609068128259044 ),
 .UNSPECIFIED. ) ;
#3504 = CARTESIAN_POINT ( 'NONE',  ( 0.3375000000000029088, 5.183890602451894480, -1.761505952817349119 ) ) ;
#3505 = PLANE ( 'NONE',  #4647 ) ;
#3506 = ORIENTED_EDGE ( 'NONE', *, *, #902, .F. ) ;
#3507 = ORIENTED_EDGE ( 'NONE', *, *, #1369, .T. ) ;
#3508 = FACE_OUTER_BOUND ( 'NONE', #3901, .T. ) ;
#3509 = COLOUR_RGB ( '',0.5294117647058823595, 0.5490196078431373028, 0.5490196078431373028 ) ;
#3510 =( NAMED_UNIT ( * ) SI_UNIT ( $, .STERADIAN. ) SOLID_ANGLE_UNIT ( ) );
#3511 = SURFACE_STYLE_FILL_AREA ( #7039 ) ;
#3512 = ADVANCED_FACE ( 'NONE', ( #2829 ), #25, .F. ) ;
#3513 = DIRECTION ( 'NONE',  ( -1.000000000000000000, -0.000000000000000000, -0.000000000000000000 ) ) ;
#3514 = CARTESIAN_POINT ( 'NONE',  ( 0.7428168631732791072, -3.798378139304503520, -3.291643385024339175 ) ) ;
#3515 = STYLED_ITEM ( 'NONE', ( #7660 ), #1158 ) ;
#3516 =( NAMED_UNIT ( * ) PLANE_ANGLE_UNIT ( ) SI_UNIT ( $, .RADIAN. ) );
#3517 =( NAMED_UNIT ( * ) SI_UNIT ( $, .STERADIAN. ) SOLID_ANGLE_UNIT ( ) );
#3518 = ORIENTED_EDGE ( 'NONE', *, *, #1951, .T. ) ;
#3519 = UNCERTAINTY_MEASURE_WITH_UNIT (LENGTH_MEASURE( 1.000000000000000082E-05 ), #4838, 'distance_accuracy_value', 'NONE');
#3520 = DIRECTION ( 'NONE',  ( 0.000000000000000000, 0.8660254037844450359, 0.4999999999999891198 ) ) ;
#3521 = DIRECTION ( 'NONE',  ( 0.000000000000000000, 0.000000000000000000, 1.000000000000000000 ) ) ;
#3522 = CARTESIAN_POINT ( 'NONE',  ( 2.299999999999997602, 0.000000000000000000, 0.000000000000000000 ) ) ;
#3523 = AXIS2_PLACEMENT_3D ( 'NONE', #3044, #4945, #1914 ) ;
#3524 = CARTESIAN_POINT ( 'NONE',  ( 0.9843303561305016824, 5.510910596163090542E-16, -4.500000000000001776 ) ) ;
#3525 = ORIENTED_EDGE ( 'NONE', *, *, #6017, .T. ) ;
#3526 = UNCERTAINTY_MEASURE_WITH_UNIT (LENGTH_MEASURE( 1.000000000000000082E-05 ), #197, 'distance_accuracy_value', 'NONE');
#3527 = CARTESIAN_POINT ( 'NONE',  ( 0.3375000000000029088, -3.608627975754051143, 4.117454205283313406 ) ) ;
#3528 = SURFACE_SIDE_STYLE ('',( #6046 ) ) ;
#3529 =( GEOMETRIC_REPRESENTATION_CONTEXT ( 3 ) GLOBAL_UNCERTAINTY_ASSIGNED_CONTEXT ( ( #5849 ) ) GLOBAL_UNIT_ASSIGNED_CONTEXT ( ( #1699, #5844, #306 ) ) REPRESENTATION_CONTEXT ( 'NONE', 'WORKASPACE' ) );
#3530 = DIRECTION ( 'NONE',  ( 0.000000000000000000, 0.8660254037844434816, 0.4999999999999917843 ) ) ;
#3531 = DIRECTION ( 'NONE',  ( 0.000000000000000000, 0.5000000000000069944, 0.8660254037844347108 ) ) ;
#3532 = ORIENTED_EDGE ( 'NONE', *, *, #5072, .T. ) ;
#3533 = CARTESIAN_POINT ( 'NONE',  ( 2.299999999999997158, 0.000000000000000000, 6.199999999999997513 ) ) ;
#3534 = CARTESIAN_POINT ( 'NONE',  ( 0.3375000000000029643, 5.025000000000001243, 0.000000000000000000 ) ) ;
#3535 = ORIENTED_EDGE ( 'NONE', *, *, #7597, .F. ) ;
#3536 = EDGE_CURVE ( 'NONE', #5201, #3867, #4701, .T. ) ;
#3537 = CARTESIAN_POINT ( 'NONE',  ( 0.3222421747442780204, -1.629900123589732797, -5.227146843786462327 ) ) ;
#3538 = CARTESIAN_POINT ( 'NONE',  ( -0.3374999999999969691, -4.117454205283299196, -3.608627975754064021 ) ) ;
#3539 = DIRECTION ( 'NONE',  ( -0.000000000000000000, 1.000000000000000000, 1.224646799147353207E-16 ) ) ;
#3540 = DIRECTION ( 'NONE',  ( -1.000000000000000000, -0.000000000000000000, -0.000000000000000000 ) ) ;
#3541 = CIRCLE ( 'NONE', #2559, 5.475000000000002309 ) ;
#3542 =( GEOMETRIC_REPRESENTATION_CONTEXT ( 3 ) GLOBAL_UNCERTAINTY_ASSIGNED_CONTEXT ( ( #7220 ) ) GLOBAL_UNIT_ASSIGNED_CONTEXT ( ( #428, #4756, #5940 ) ) REPRESENTATION_CONTEXT ( 'NONE', 'WORKASPACE' ) );
#3543 = PRESENTATION_LAYER_ASSIGNMENT (  '', '', ( #1305 ) ) ;
#3544 = DIRECTION ( 'NONE',  ( -1.000000000000000000, -0.000000000000000000, -0.000000000000000000 ) ) ;
#3545 = ORIENTED_EDGE ( 'NONE', *, *, #2308, .F. ) ;
#3546 = B_SPLINE_CURVE_WITH_KNOTS ( 'NONE', 3,
 ( #2609, #887, #5459, #3145, #1316, #7383 ),
 .UNSPECIFIED., .F., .F.,
 ( 4, 2, 4 ),
 ( 0.003069521846490039490, 0.003410565459825836646, 0.003751609073161633803 ),
 .UNSPECIFIED. ) ;
#3547 = ORIENTED_EDGE ( 'NONE', *, *, #5995, .T. ) ;
#3548 = DIRECTION ( 'NONE',  ( -0.000000000000000000, 0.000000000000000000, -1.000000000000000000 ) ) ;
#3549 = PRESENTATION_STYLE_ASSIGNMENT (( #1683 ) ) ;
#3550 = DIRECTION ( 'NONE',  ( -0.000000000000000000, 0.000000000000000000, -1.000000000000000000 ) ) ;
#3551 = FILL_AREA_STYLE_COLOUR ( '', #550 ) ;
#3552 = COLOUR_RGB ( '',1.000000000000000000, 1.000000000000000000, 1.000000000000000000 ) ;
#3553 =( LENGTH_UNIT ( ) NAMED_UNIT ( * ) SI_UNIT ( .MILLI., .METRE. ) );
#3554 =( LENGTH_UNIT ( ) NAMED_UNIT ( * ) SI_UNIT ( .MILLI., .METRE. ) );
#3555 = EDGE_CURVE ( 'NONE', #2217, #7194, #3671, .T. ) ;
#3556 = CARTESIAN_POINT ( 'NONE',  ( 1.216873555469097923, -0.1590282486646982796, 5.025000000000002132 ) ) ;
#3557 = VERTEX_POINT ( 'NONE', #588 ) ;
#3558 =( GEOMETRIC_REPRESENTATION_CONTEXT ( 3 ) GLOBAL_UNCERTAINTY_ASSIGNED_CONTEXT ( ( #6792 ) ) GLOBAL_UNIT_ASSIGNED_CONTEXT ( ( #5840, #2164, #2826 ) ) REPRESENTATION_CONTEXT ( 'NONE', 'WORKASPACE' ) );
#3559 = SURFACE_SIDE_STYLE ('',( #1887 ) ) ;
#3560 =( LENGTH_UNIT ( ) NAMED_UNIT ( * ) SI_UNIT ( .MILLI., .METRE. ) );
#3561 = AXIS2_PLACEMENT_3D ( 'NONE', #53, #4772, #5962 ) ;
#3562 = EDGE_CURVE ( 'NONE', #12, #211, #2839, .T. ) ;
#3563 = DIRECTION ( 'NONE',  ( 0.000000000000000000, 0.000000000000000000, 1.000000000000000000 ) ) ;
#3564 = FACE_OUTER_BOUND ( 'NONE', #5627, .T. ) ;
#3565 = SPHERICAL_SURFACE ( 'NONE', #4305, 1.124999999999995115 ) ;
#3566 =( LENGTH_UNIT ( ) NAMED_UNIT ( * ) SI_UNIT ( .MILLI., .METRE. ) );
#3567 =( NAMED_UNIT ( * ) SI_UNIT ( $, .STERADIAN. ) SOLID_ANGLE_UNIT ( ) );
#3568 = PLANE ( 'NONE',  #367 ) ;
#3569 = CARTESIAN_POINT ( 'NONE',  ( 2.499999999999996003, 7.592810154713585891E-16, -6.199999999999996625 ) ) ;
#3570 = CARTESIAN_POINT ( 'NONE',  ( -0.3374999999999975242, 0.000000000000000000, 0.000000000000000000 ) ) ;
#3571 = CARTESIAN_POINT ( 'NONE',  ( -1.216873555469089929, 4.351777654016836472, 2.512499999999944666 ) ) ;
#3572 =( GEOMETRIC_REPRESENTATION_CONTEXT ( 3 ) GLOBAL_UNCERTAINTY_ASSIGNED_CONTEXT ( ( #7166 ) ) GLOBAL_UNIT_ASSIGNED_CONTEXT ( ( #6755, #7562, #2008 ) ) REPRESENTATION_CONTEXT ( 'NONE', 'WORKASPACE' ) );
#3573 = CARTESIAN_POINT ( 'NONE',  ( -0.1577470943594669051, -3.465865739801242906, -3.638461172476451733 ) ) ;
#3574 = ORIENTED_EDGE ( 'NONE', *, *, #1014, .F. ) ;
#3575 = CARTESIAN_POINT ( 'NONE',  ( -1.216873555469090151, 2.648512982295716967, -4.273250522075088043 ) ) ;
#3576 = B_SPLINE_CURVE_WITH_KNOTS ( 'NONE', 3,
 ( #6250, #3764, #6129, #954, #4535, #5085 ),
 .UNSPECIFIED., .F., .F.,
 ( 4, 2, 4 ),
 ( 0.006480373041532915337, 0.006820975947040253465, 0.007161578852547592459 ),
 .UNSPECIFIED. ) ;
#3577 = DIRECTION ( 'NONE',  ( -0.000000000000000000, 0.000000000000000000, 1.000000000000000000 ) ) ;
#3578 = ORIENTED_EDGE ( 'NONE', *, *, #1746, .F. ) ;
#3579 =( NAMED_UNIT ( * ) SI_UNIT ( $, .STERADIAN. ) SOLID_ANGLE_UNIT ( ) );
#3580 = AXIS2_PLACEMENT_3D ( 'NONE', #1568, #7442, #1493 ) ;
#3581 = CYLINDRICAL_SURFACE ( 'NONE', #3746, 5.475000000000000533 ) ;
#3582 = COLOUR_RGB ( '',0.6470588235294117974, 0.6196078431372549211, 0.5882352941176470784 ) ;
#3583 = FACE_BOUND ( 'NONE', #6811, .T. ) ;
#3584 = EDGE_CURVE ( 'NONE', #1163, #35, #960, .T. ) ;
#3585 = SURFACE_STYLE_USAGE ( .BOTH. , #4563 ) ;
#3586 = DIRECTION ( 'NONE',  ( 0.000000000000000000, 0.000000000000000000, 1.000000000000000000 ) ) ;
#3587 = EDGE_LOOP ( 'NONE', ( #364, #2896, #7551, #1239 ) ) ;
#3588 = ORIENTED_EDGE ( 'NONE', *, *, #768, .T. ) ;
#3589 = SURFACE_STYLE_FILL_AREA ( #1095 ) ;
#3590 = AXIS2_PLACEMENT_3D ( 'NONE', #1066, #623, #3015 ) ;
#3591 = CARTESIAN_POINT ( 'NONE',  ( 0.1145010564399761704, -4.081379699453874466, -3.649378680895824179 ) ) ;
#3592 = SURFACE_SIDE_STYLE ('',( #4675 ) ) ;
#3593 = DIRECTION ( 'NONE',  ( 0.000000000000000000, -0.5000000000000037748, -0.8660254037844364872 ) ) ;
#3594 =( NAMED_UNIT ( * ) PLANE_ANGLE_UNIT ( ) SI_UNIT ( $, .RADIAN. ) );
#3595 = FACE_OUTER_BOUND ( 'NONE', #3436, .T. ) ;
#3596 = CIRCLE ( 'NONE', #224, 7.300000000000000711 ) ;
#3597 =( NAMED_UNIT ( * ) PLANE_ANGLE_UNIT ( ) SI_UNIT ( $, .RADIAN. ) );
#3598 = ADVANCED_FACE ( 'NONE', ( #4039 ), #6185, .T. ) ;
#3599 =( NAMED_UNIT ( * ) SI_UNIT ( $, .STERADIAN. ) SOLID_ANGLE_UNIT ( ) );
#3600 = CARTESIAN_POINT ( 'NONE',  ( -0.7539386004181370948, -4.172790416570657079, -3.546371439658982272 ) ) ;
#3601 = STYLED_ITEM ( 'NONE', ( #5502 ), #4446 ) ;
#3602 = DIRECTION ( 'NONE',  ( -1.000000000000000000, -0.000000000000000000, -0.000000000000000000 ) ) ;
#3603 = VECTOR ( 'NONE', #3648, 1000.000000000000000 ) ;
#3604 = FACE_OUTER_BOUND ( 'NONE', #7008, .T. ) ;
#3605 = STYLED_ITEM ( 'NONE', ( #1256 ), #6316 ) ;
#3606 = DIRECTION ( 'NONE',  ( 0.000000000000000000, 0.000000000000000000, 1.000000000000000000 ) ) ;
#3607 = ORIENTED_EDGE ( 'NONE', *, *, #5976, .T. ) ;
#3608 = AXIS2_PLACEMENT_3D ( 'NONE', #4299, #6062, #731 ) ;
#3609 =( LENGTH_UNIT ( ) NAMED_UNIT ( * ) SI_UNIT ( .MILLI., .METRE. ) );
#3610 = PRESENTATION_LAYER_ASSIGNMENT (  '', '', ( #4854 ) ) ;
#3611 = COLOUR_RGB ( '',0.5294117647058823595, 0.5490196078431373028, 0.5490196078431373028 ) ;
#3612 = CARTESIAN_POINT ( 'NONE',  ( -0.7539386004179617906, 0.9848525497150988350, -5.386928225247903157 ) ) ;
#3613 = COLOUR_RGB ( '',0.6470588235294117974, 0.6196078431372549211, 0.5882352941176470784 ) ;
#3614 = DIRECTION ( 'NONE',  ( 0.000000000000000000, 0.4999999999999918399, -0.8660254037844432595 ) ) ;
#3615 = VERTEX_POINT ( 'NONE', #3442 ) ;
#3616 = CARTESIAN_POINT ( 'NONE',  ( -1.185729937395774591, -0.3224275496186626566, 5.467532720436222959 ) ) ;
#3617 = CARTESIAN_POINT ( 'NONE',  ( -1.186246345985052297, 0.3212836169129384412, 5.467641751148402562 ) ) ;
#3618 = ORIENTED_EDGE ( 'NONE', *, *, #6892, .F. ) ;
#3619 = AXIS2_PLACEMENT_3D ( 'NONE', #6266, #3937, #2151 ) ;
#3620 = AXIS2_PLACEMENT_3D ( 'NONE', #6909, #6272, #6191 ) ;
#3621 = CARTESIAN_POINT ( 'NONE',  ( 1.102270384252428626, 5.025000000000000355, 0.1422273499508989736 ) ) ;
#3622 = UNCERTAINTY_MEASURE_WITH_UNIT (LENGTH_MEASURE( 1.000000000000000082E-05 ), #7241, 'distance_accuracy_value', 'NONE');
#3623 = CIRCLE ( 'NONE', #6098, 5.475000000000000533 ) ;
#3624 =( NAMED_UNIT ( * ) PLANE_ANGLE_UNIT ( ) SI_UNIT ( $, .RADIAN. ) );
#3625 = CARTESIAN_POINT ( 'NONE',  ( -0.1139799994183174903, -5.201116438773712325, -1.709974499904555412 ) ) ;
#3626 = ORIENTED_EDGE ( 'NONE', *, *, #2786, .F. ) ;
#3627 = VERTEX_POINT ( 'NONE', #6084 ) ;
#3628 = SURFACE_STYLE_FILL_AREA ( #4719 ) ;
#3629 = CARTESIAN_POINT ( 'NONE',  ( -0.3374999999999969691, -4.117454205283299196, -3.608627975754064021 ) ) ;
#3630 = FILL_AREA_STYLE ('',( #1407 ) ) ;
#3631 = EDGE_CURVE ( 'NONE', #5925, #2181, #580, .T. ) ;
#3632 = SURFACE_STYLE_FILL_AREA ( #2474 ) ;
#3633 = DIRECTION ( 'NONE',  ( 0.000000000000000000, 0.000000000000000000, 1.000000000000000000 ) ) ;
#3634 = CARTESIAN_POINT ( 'NONE',  ( -0.3374999999999970246, 4.894821428571431099, 1.136375018379911062 ) ) ;
#3635 = AXIS2_PLACEMENT_3D ( 'NONE', #6729, #4911, #106 ) ;
#3636 = FILL_AREA_STYLE ('',( #4153 ) ) ;
#3637 = EDGE_CURVE ( 'NONE', #4504, #4538, #3826, .T. ) ;
#3638 = CIRCLE ( 'NONE', #5255, 1.237499999999996936 ) ;
#3639 = FACE_OUTER_BOUND ( 'NONE', #341, .T. ) ;
#3640 = EDGE_CURVE ( 'NONE', #4788, #4261, #4335, .T. ) ;
#3641 = FACE_OUTER_BOUND ( 'NONE', #6142, .T. ) ;
#3642 = B_SPLINE_CURVE_WITH_KNOTS ( 'NONE', 3,
 ( #3527, #561, #7727, #1704, #2452, #4816 ),
 .UNSPECIFIED., .F., .F.,
 ( 4, 2, 4 ),
 ( 0.006630243725177053030, 0.006971267376520927893, 0.007312291027864802756 ),
 .UNSPECIFIED. ) ;
#3643 = DIRECTION ( 'NONE',  ( 0.000000000000000000, 0.000000000000000000, 1.000000000000000000 ) ) ;
#3644 = DIRECTION ( 'NONE',  ( -1.000000000000000000, -0.000000000000000000, -0.000000000000000000 ) ) ;
#3645 = SURFACE_STYLE_FILL_AREA ( #7268 ) ;
#3646 = CARTESIAN_POINT ( 'NONE',  ( 0.3164496935152149026, 3.660008334471395841, -3.443614407752285889 ) ) ;
#3647 = ADVANCED_FACE ( 'NONE', ( #2524 ), #2710, .T. ) ;
#3648 = DIRECTION ( 'NONE',  ( -1.000000000000000000, -0.000000000000000000, -0.000000000000000000 ) ) ;
#3649 = ORIENTED_EDGE ( 'NONE', *, *, #5072, .F. ) ;
#3650 = CARTESIAN_POINT ( 'NONE',  ( -0.7539527812222457381, -3.546387310455040076, -4.172780948423640446 ) ) ;
#3651 = ORIENTED_EDGE ( 'NONE', *, *, #5697, .T. ) ;
#3652 =( NAMED_UNIT ( * ) SI_UNIT ( $, .STERADIAN. ) SOLID_ANGLE_UNIT ( ) );
#3653 = AXIS2_PLACEMENT_3D ( 'NONE', #6503, #6536, #37 ) ;
#3654 =( NAMED_UNIT ( * ) SI_UNIT ( $, .STERADIAN. ) SOLID_ANGLE_UNIT ( ) );
#3655 = FACE_OUTER_BOUND ( 'NONE', #6330, .T. ) ;
#3656 = DIRECTION ( 'NONE',  ( 0.000000000000000000, -1.000000000000000000, 0.000000000000000000 ) ) ;
#3657 = FACE_OUTER_BOUND ( 'NONE', #4466, .T. ) ;
#3658 = EDGE_CURVE ( 'NONE', #6155, #7316, #5194, .T. ) ;
#3659 =( LENGTH_UNIT ( ) NAMED_UNIT ( * ) SI_UNIT ( .MILLI., .METRE. ) );
#3660 = VERTEX_POINT ( 'NONE', #4312 ) ;
#3661 = VERTEX_POINT ( 'NONE', #6667 ) ;
#3662 = DIRECTION ( 'NONE',  ( -0.000000000000000000, 0.000000000000000000, 1.000000000000000000 ) ) ;
#3663 = VERTEX_POINT ( 'NONE', #667 ) ;
#3664 = CARTESIAN_POINT ( 'NONE',  ( 0.1578090310811187669, -4.820680050771477099, -1.418333126981352610 ) ) ;
#3665 = SURFACE_STYLE_USAGE ( .BOTH. , #1844 ) ;
#3666 = FACE_BOUND ( 'NONE', #2397, .T. ) ;
#3667 = COLOUR_RGB ( '',0.4862745098039215619, 0.2352941176470588203, 0.01568627450980392135 ) ;
#3668 = COLOUR_RGB ( '',0.5294117647058823595, 0.5490196078431373028, 0.5490196078431373028 ) ;
#3669 = FACE_BOUND ( 'NONE', #547, .T. ) ;
#3670 = STYLED_ITEM ( 'NONE', ( #4363 ), #5830 ) ;
#3671 = B_SPLINE_CURVE_WITH_KNOTS ( 'NONE', 3,
 ( #2370, #1189, #1819, #5198, #2246, #1113 ),
 .UNSPECIFIED., .F., .F.,
 ( 4, 2, 4 ),
 ( 0.006480373043366849384, 0.006820975949056597154, 0.007161578854746345792 ),
 .UNSPECIFIED. ) ;
#3672 = CARTESIAN_POINT ( 'NONE',  ( 2.951763000829056837E-15, 0.000000000000000000, 0.000000000000000000 ) ) ;
#3673 = STYLED_ITEM ( 'NONE', ( #5482 ), #695 ) ;
#3674 = CARTESIAN_POINT ( 'NONE',  ( -2.300000000000001155, 5.265981236333622415E-16, -4.300000000000002487 ) ) ;
#3675 = CARTESIAN_POINT ( 'NONE',  ( 1.216873555469130785, -4.661087872940385957, -2.876758985524124679 ) ) ;
#3676 = PRESENTATION_LAYER_ASSIGNMENT (  '', '', ( #3927 ) ) ;
#3677 = SURFACE_STYLE_FILL_AREA ( #705 ) ;
#3678 = ADVANCED_FACE ( 'NONE', ( #3057 ), #6913, .T. ) ;
#3679 = CARTESIAN_POINT ( 'NONE',  ( 0.1603182285372214966, -5.333969787213920455, -1.234662427273222285 ) ) ;
#3680 = CYLINDRICAL_SURFACE ( 'NONE', #7729, 5.475000000000000533 ) ;
#3681 = COLOUR_RGB ( '',1.000000000000000000, 1.000000000000000000, 1.000000000000000000 ) ;
#3682 = AXIS2_PLACEMENT_3D ( 'NONE', #6039, #6002, #4197 ) ;
#3683 = B_SPLINE_CURVE_WITH_KNOTS ( 'NONE', 3,
 ( #7434, #3124, #4992, #1410, #6070, #3785, #3195, #6188, #3707, #2584, #5541, #1446, #1329, #2071, #3231, #4886, #3820, #4432 ),
 .UNSPECIFIED., .F., .F.,
 ( 4, 2, 2, 2, 2, 2, 2, 2, 4 ),
 ( 0.001924500009533365195, 0.002405502955712158185, 0.002886505901890951825, 0.003367508848069744598, 0.003848511794248538238, 0.004329514740427331011, 0.004810517686606124652, 0.005291520632784917424, 0.005772523578963711065 ),
 .UNSPECIFIED. ) ;
#3684 = CARTESIAN_POINT ( 'NONE',  ( -0.6093760516249074888, -3.356287618679161255, 3.740250609034129425 ) ) ;
#3685 = FACE_BOUND ( 'NONE', #3919, .T. ) ;
#3686 = CARTESIAN_POINT ( 'NONE',  ( 1.074019117856325201, 5.468866631957697955, 0.2920292846758000271 ) ) ;
#3687 = CARTESIAN_POINT ( 'NONE',  ( -19.92709219242683361, 0.000000000000000000, 0.000000000000000000 ) ) ;
#3688 =( NAMED_UNIT ( * ) PLANE_ANGLE_UNIT ( ) SI_UNIT ( $, .RADIAN. ) );
#3689 = ORIENTED_EDGE ( 'NONE', *, *, #1369, .F. ) ;
#3690 = CARTESIAN_POINT ( 'NONE',  ( -0.6178653494856258810, -5.187926071696281838, 1.750740808670946169 ) ) ;
#3691 = EDGE_LOOP ( 'NONE', ( #3191, #7308 ) ) ;
#3692 =( NAMED_UNIT ( * ) PLANE_ANGLE_UNIT ( ) SI_UNIT ( $, .RADIAN. ) );
#3693 = EDGE_CURVE ( 'NONE', #1991, #6945, #6815, .T. ) ;
#3694 = CYLINDRICAL_SURFACE ( 'NONE', #6782, 5.475000000000000533 ) ;
#3695 = DIRECTION ( 'NONE',  ( 0.000000000000000000, 0.000000000000000000, 1.000000000000000000 ) ) ;
#3696 = DIRECTION ( 'NONE',  ( 0.000000000000000000, 0.000000000000000000, 1.000000000000000000 ) ) ;
#3697 = CARTESIAN_POINT ( 'NONE',  ( -0.1630295018224028614, 3.736187506783105849, 4.002065456296994839 ) ) ;
#3698 = ORIENTED_EDGE ( 'NONE', *, *, #4036, .T. ) ;
#3699 = VERTEX_POINT ( 'NONE', #3872 ) ;
#3700 = SURFACE_STYLE_USAGE ( .BOTH. , #1877 ) ;
#3701 = ORIENTED_EDGE ( 'NONE', *, *, #4801, .T. ) ;
#3702 = CARTESIAN_POINT ( 'NONE',  ( 0.3164798858117174318, -4.812211386141428626, -1.447998357152461280 ) ) ;
#3703 = CARTESIAN_POINT ( 'NONE',  ( 2.951763000829056837E-15, -2.624999999999958256, 4.546633369868327001 ) ) ;
#3704 = EDGE_CURVE ( 'NONE', #4914, #6453, #3320, .T. ) ;
#3705 = CARTESIAN_POINT ( 'NONE',  ( -19.92709219242683361, 0.000000000000000000, 0.000000000000000000 ) ) ;
#3706 = DIRECTION ( 'NONE',  ( -0.000000000000000000, 1.000000000000000000, 1.224646799147353207E-16 ) ) ;
#3707 = CARTESIAN_POINT ( 'NONE',  ( -0.1605426051907890561, 1.597764948076984659, 5.236675679372140735 ) ) ;
#3708 = STYLED_ITEM ( 'NONE', ( #4346 ), #3678 ) ;
#3709 = CARTESIAN_POINT ( 'NONE',  ( 1.216873555469097479, -4.660714929557968844, 2.877404942410795918 ) ) ;
#3710 = DIRECTION ( 'NONE',  ( 0.000000000000000000, 1.035197933661467123E-14, 1.000000000000000000 ) ) ;
#3711 =( NAMED_UNIT ( * ) SI_UNIT ( $, .STERADIAN. ) SOLID_ANGLE_UNIT ( ) );
#3712 = COLOUR_RGB ( '',0.6470588235294117974, 0.6196078431372549211, 0.5882352941176470784 ) ;
#3713 = CARTESIAN_POINT ( 'NONE',  ( -0.8845412352857170424, 5.432827610053555745, -0.6862579390171170690 ) ) ;
#3714 = PRESENTATION_STYLE_ASSIGNMENT (( #6666 ) ) ;
#3715 = SPHERICAL_SURFACE ( 'NONE', #7312, 1.237499999999996936 ) ;
#3716 = AXIS2_PLACEMENT_3D ( 'NONE', #5493, #2458, #4287 ) ;
#3717 = AXIS2_PLACEMENT_3D ( 'NONE', #2469, #1993, #2616 ) ;
#3718 = STYLED_ITEM ( 'NONE', ( #7576 ), #7536 ) ;
#3719 = SURFACE_STYLE_USAGE ( .BOTH. , #3799 ) ;
#3720 = ADVANCED_FACE ( 'NONE', ( #4562 ), #393, .T. ) ;
#3721 = CARTESIAN_POINT ( 'NONE',  ( 0.2288706956812024684, -1.054872859576995836, 4.913150616150946171 ) ) ;
#3722 = DIRECTION ( 'NONE',  ( -1.000000000000000000, -0.000000000000000000, -0.000000000000000000 ) ) ;
#3723 = AXIS2_PLACEMENT_3D ( 'NONE', #1624, #2091, #1040 ) ;
#3724 = VERTEX_POINT ( 'NONE', #5633 ) ;
#3725 = CARTESIAN_POINT ( 'NONE',  ( -1.065679434814403193, -5.023007587397342988, 2.183470217807419012 ) ) ;
#3726 = EDGE_LOOP ( 'NONE', ( #4026, #249, #3420, #1312, #2925, #2063 ) ) ;
#3727 = DIRECTION ( 'NONE',  ( 0.000000000000000000, 0.000000000000000000, 1.000000000000000000 ) ) ;
#3728 = CIRCLE ( 'NONE', #2990, 0.1999999999999987899 ) ;
#3729 = DIRECTION ( 'NONE',  ( 0.000000000000000000, 0.8660254037844328234, -0.5000000000000101030 ) ) ;
#3730 = AXIS2_PLACEMENT_3D ( 'NONE', #7061, #5852, #2212 ) ;
#3731 = CARTESIAN_POINT ( 'NONE',  ( -0.8770321768993132316, 4.981548463839047258, 0.6667904384073118917 ) ) ;
#3732 = AXIS2_PLACEMENT_3D ( 'NONE', #1350, #6612, #5528 ) ;
#3733 = FILL_AREA_STYLE_COLOUR ( '', #899 ) ;
#3734 = DIRECTION ( 'NONE',  ( 0.000000000000000000, 8.082152514542375808E-16, -1.000000000000000000 ) ) ;
#3735 = EDGE_CURVE ( 'NONE', #4259, #35, #6935, .T. ) ;
#3736 = FACE_OUTER_BOUND ( 'NONE', #4616, .T. ) ;
#3737 = EDGE_LOOP ( 'NONE', ( #4483, #4420, #2211, #6944 ) ) ;
#3738 = VERTEX_POINT ( 'NONE', #6241 ) ;
#3739 = CIRCLE ( 'NONE', #3994, 1.073181601594058732 ) ;
#3740 = DIRECTION ( 'NONE',  ( -1.000000000000000000, -0.000000000000000000, -0.000000000000000000 ) ) ;
#3741 = ORIENTED_EDGE ( 'NONE', *, *, #6973, .T. ) ;
#3742 = CARTESIAN_POINT ( 'NONE',  ( -1.124999999999992006, -5.250000000000000000, 0.000000000000000000 ) ) ;
#3743 = AXIS2_PLACEMENT_3D ( 'NONE', #6587, #1255, #185 ) ;
#3744 =( LENGTH_UNIT ( ) NAMED_UNIT ( * ) SI_UNIT ( .MILLI., .METRE. ) );
#3745 = CARTESIAN_POINT ( 'NONE',  ( -0.3374999999999975242, 0.000000000000000000, 0.000000000000000000 ) ) ;
#3746 = AXIS2_PLACEMENT_3D ( 'NONE', #2306, #457, #2893 ) ;
#3747 = PRESENTATION_STYLE_ASSIGNMENT (( #7398 ) ) ;
#3748 = FACE_OUTER_BOUND ( 'NONE', #7672, .T. ) ;
#3749 = PRESENTATION_LAYER_ASSIGNMENT (  '', '', ( #1143 ) ) ;
#3750 = EDGE_LOOP ( 'NONE', ( #7283, #2037, #5576, #3767, #1487, #1754 ) ) ;
#3751 = CARTESIAN_POINT ( 'NONE',  ( 1.216873555469097479, 4.660714929557988384, -2.877404942410763500 ) ) ;
#3752 = UNCERTAINTY_MEASURE_WITH_UNIT (LENGTH_MEASURE( 1.000000000000000082E-05 ), #4085, 'distance_accuracy_value', 'NONE');
#3753 =( NAMED_UNIT ( * ) SI_UNIT ( $, .STERADIAN. ) SOLID_ANGLE_UNIT ( ) );
#3754 = PRESENTATION_LAYER_ASSIGNMENT (  '', '', ( #1775 ) ) ;
#3755 = DIRECTION ( 'NONE',  ( 0.000000000000000000, -0.5000000000000101030, -0.8660254037844328234 ) ) ;
#3756 = DIRECTION ( 'NONE',  ( -1.000000000000000000, -0.000000000000000000, -0.000000000000000000 ) ) ;
#3757 = CARTESIAN_POINT ( 'NONE',  ( 2.951763000829056837E-15, -4.546633369868282593, 2.625000000000037303 ) ) ;
#3758 = CARTESIAN_POINT ( 'NONE',  ( -0.7429409894823532090, -1.643745889321164277, -4.749811514361793385 ) ) ;
#3759 = UNCERTAINTY_MEASURE_WITH_UNIT (LENGTH_MEASURE( 1.000000000000000082E-05 ), #4406, 'distance_accuracy_value', 'NONE');
#3760 = DIRECTION ( 'NONE',  ( -1.000000000000000000, -0.000000000000000000, -0.000000000000000000 ) ) ;
#3761 = FACE_OUTER_BOUND ( 'NONE', #3493, .T. ) ;
#3762 = MECHANICAL_DESIGN_GEOMETRIC_PRESENTATION_REPRESENTATION (  '', ( #4274 ), #1903 ) ;
#3763 = CARTESIAN_POINT ( 'NONE',  ( -0.1137298752281221126, 1.072169428353722420, -4.909284847808298657 ) ) ;
#3764 = CARTESIAN_POINT ( 'NONE',  ( 0.2284057895504054136, 3.370231758262942634, 3.727378938410871534 ) ) ;
#3765 = ORIENTED_EDGE ( 'NONE', *, *, #4457, .T. ) ;
#3766 = CARTESIAN_POINT ( 'NONE',  ( -0.9774912523502850004, -5.075277381674305310, 2.056887232590149939 ) ) ;
#3767 = ORIENTED_EDGE ( 'NONE', *, *, #5254, .T. ) ;
#3768 = DIRECTION ( 'NONE',  ( 1.000000000000000000, 0.000000000000000000, 0.000000000000000000 ) ) ;
#3769 = CARTESIAN_POINT ( 'NONE',  ( 0.3157423463111306283, 1.152329823262248976, -4.891443610021783073 ) ) ;
#3770 = CARTESIAN_POINT ( 'NONE',  ( 0.3375000000000030753, 4.771575093816220026, -1.575657362522938199 ) ) ;
#3771 = DIRECTION ( 'NONE',  ( -1.000000000000000000, -0.000000000000000000, -0.000000000000000000 ) ) ;
#3773 = ADVANCED_FACE ( 'NONE', ( #4443 ), #2742, .F. ) ;
#3772 = CARTESIAN_POINT ( 'NONE',  ( 0.7539386004181419798, 3.546371439659056435, 4.172790416570595795 ) ) ;
#3774 = VERTEX_POINT ( 'NONE', #5190 ) ;
#3775 = ORIENTED_EDGE ( 'NONE', *, *, #3941, .F. ) ;
#3776 = DIRECTION ( 'NONE',  ( 0.000000000000000000, 0.000000000000000000, 1.000000000000000000 ) ) ;
#3777 = PRESENTATION_LAYER_ASSIGNMENT (  '', '', ( #4403 ) ) ;
#3778 = VERTEX_POINT ( 'NONE', #1148 ) ;
#3779 = CARTESIAN_POINT ( 'NONE',  ( -0.1561588338129543119, -4.820739249744119270, -1.418131903940994532 ) ) ;
#3780 = AXIS2_PLACEMENT_3D ( 'NONE', #4795, #767, #5981 ) ;
#3781 = CARTESIAN_POINT ( 'NONE',  ( -0.6074448382802984936, -4.777036105533008836, 1.560129390037716002 ) ) ;
#3782 = B_SPLINE_CURVE_WITH_KNOTS ( 'NONE', 3,
 ( #6482, #5402, #6593, #88, #5994, #4341 ),
 .UNSPECIFIED., .F., .F.,
 ( 4, 2, 4 ),
 ( 0.003144056225732650995, 0.003485646593205683156, 0.003827236960678715317 ),
 .UNSPECIFIED. ) ;
#3783 = SURFACE_STYLE_FILL_AREA ( #2000 ) ;
#3784 = AXIS2_PLACEMENT_3D ( 'NONE', #1641, #2809, #1483 ) ;
#3785 = CARTESIAN_POINT ( 'NONE',  ( -0.7521123038540213912, 1.838905281601198372, 5.158260651985935752 ) ) ;
#3786 = CARTESIAN_POINT ( 'NONE',  ( 1.237499999999999822, -4.546633369868319008, -2.624999999999973799 ) ) ;
#3787 = VERTEX_POINT ( 'NONE', #3991 ) ;
#3788 = DIRECTION ( 'NONE',  ( 1.000000000000000000, 0.000000000000000000, 0.000000000000000000 ) ) ;
#3789 = FACE_OUTER_BOUND ( 'NONE', #7196, .T. ) ;
#3790 = STYLED_ITEM ( 'NONE', ( #6781 ), #683 ) ;
#3791 = ADVANCED_FACE ( 'NONE', ( #7679, #3475 ), #6479, .T. ) ;
#3792 = CARTESIAN_POINT ( 'NONE',  ( 0.9656246207076397692, 5.447807987900652016, -0.5615443880679688027 ) ) ;
#3793 = B_SPLINE_CURVE_WITH_KNOTS ( 'NONE', 3,
 ( #4662, #1629, #7696, #2335, #4703, #1044 ),
 .UNSPECIFIED., .F., .F.,
 ( 4, 2, 4 ),
 ( 0.0003409357331136905235, 0.001132717871324667247, 0.001924500009535643971 ),
 .UNSPECIFIED. ) ;
#3794 = SURFACE_STYLE_FILL_AREA ( #6752 ) ;
#3795 =( NAMED_UNIT ( * ) SI_UNIT ( $, .STERADIAN. ) SOLID_ANGLE_UNIT ( ) );
#3796 =( GEOMETRIC_REPRESENTATION_CONTEXT ( 3 ) GLOBAL_UNCERTAINTY_ASSIGNED_CONTEXT ( ( #6959 ) ) GLOBAL_UNIT_ASSIGNED_CONTEXT ( ( #6857, #7703, #3579 ) ) REPRESENTATION_CONTEXT ( 'NONE', 'WORKASPACE' ) );
#3797 = MECHANICAL_DESIGN_GEOMETRIC_PRESENTATION_REPRESENTATION (  '', ( #7431 ), #3542 ) ;
#3798 = DIRECTION ( 'NONE',  ( 0.000000000000000000, 1.000000000000000000, -3.491481338843133355E-15 ) ) ;
#3799 = SURFACE_SIDE_STYLE ('',( #4934 ) ) ;
#3800 = CARTESIAN_POINT ( 'NONE',  ( -1.194953903887343793, 5.019797636930439566, 0.2589674976392145611 ) ) ;
#3801 = EDGE_CURVE ( 'NONE', #2681, #3699, #1726, .T. ) ;
#3802 = CARTESIAN_POINT ( 'NONE',  ( -0.9766093576085632666, 2.055978850831146065, -5.075628505799315349 ) ) ;
#3803 = SURFACE_STYLE_FILL_AREA ( #6009 ) ;
#3804 = CARTESIAN_POINT ( 'NONE',  ( -19.92709219242683361, 0.000000000000000000, 0.000000000000000000 ) ) ;
#3805 = EDGE_LOOP ( 'NONE', ( #2546, #4975, #4329, #2842 ) ) ;
#3806 = CARTESIAN_POINT ( 'NONE',  ( -1.059998554186540431, 1.971765687694830627, 4.624265706669780762 ) ) ;
#3807 = ORIENTED_EDGE ( 'NONE', *, *, #6415, .F. ) ;
#3808 =( LENGTH_UNIT ( ) NAMED_UNIT ( * ) SI_UNIT ( .MILLI., .METRE. ) );
#3809 = CARTESIAN_POINT ( 'NONE',  ( -0.3164496931403815161, 1.152253390817040035, -4.891467399567008378 ) ) ;
#3810 = DIRECTION ( 'NONE',  ( 1.000000000000000000, 0.000000000000000000, 0.000000000000000000 ) ) ;
#3811 = SURFACE_STYLE_FILL_AREA ( #3186 ) ;
#3812 = DIRECTION ( 'NONE',  ( 0.000000000000000000, 0.000000000000000000, 1.000000000000000000 ) ) ;
#3813 = COLOUR_RGB ( '',0.6470588235294117974, 0.6196078431372549211, 0.5882352941176470784 ) ;
#3814 = VERTEX_POINT ( 'NONE', #5875 ) ;
#3815 = ORIENTED_EDGE ( 'NONE', *, *, #6538, .F. ) ;
#3816 = PLANE ( 'NONE',  #2611 ) ;
#3817 = ORIENTED_EDGE ( 'NONE', *, *, #1200, .F. ) ;
#3818 = DIRECTION ( 'NONE',  ( 0.000000000000000000, 0.8660254037844434816, 0.4999999999999917843 ) ) ;
#3819 = EDGE_CURVE ( 'NONE', #6680, #3867, #2904, .T. ) ;
#3820 = CARTESIAN_POINT ( 'NONE',  ( 1.216873555469097923, 2.597605392652975631, 4.822257274929787840 ) ) ;
#3821 = COLOUR_RGB ( '',0.5294117647058823595, 0.5490196078431373028, 0.5490196078431373028 ) ;
#3822 = ORIENTED_EDGE ( 'NONE', *, *, #3637, .T. ) ;
#3823 = FILL_AREA_STYLE ('',( #7255 ) ) ;
#3824 = CARTESIAN_POINT ( 'NONE',  ( 1.066052540301073881, 4.402974996044890510, -3.257558097409360975 ) ) ;
#3825 = UNCERTAINTY_MEASURE_WITH_UNIT (LENGTH_MEASURE( 1.000000000000000082E-05 ), #1475, 'distance_accuracy_value', 'NONE');
#3826 = CIRCLE ( 'NONE', #463, 1.237499999999996492 ) ;
#3827 = SURFACE_STYLE_USAGE ( .BOTH. , #5035 ) ;
#3828 = AXIS2_PLACEMENT_3D ( 'NONE', #1050, #3934, #1009 ) ;
#3829 = CARTESIAN_POINT ( 'NONE',  ( 1.184325193566460488, 2.235402784040002810, -4.502740015386080152 ) ) ;
#3830 = DIRECTION ( 'NONE',  ( 0.000000000000000000, 0.000000000000000000, 1.000000000000000000 ) ) ;
#3831 = UNCERTAINTY_MEASURE_WITH_UNIT (LENGTH_MEASURE( 1.000000000000000082E-05 ), #3146, 'distance_accuracy_value', 'NONE');
#3832 = EDGE_CURVE ( 'NONE', #1863, #57, #6366, .T. ) ;
#3833 = PRESENTATION_STYLE_ASSIGNMENT (( #7408 ) ) ;
#3834 = CARTESIAN_POINT ( 'NONE',  ( -0.2282113725549039518, -3.727338007256168151, 3.370277656634128594 ) ) ;
#3835 = CARTESIAN_POINT ( 'NONE',  ( -1.216873555469091039, 2.597605392652907685, -4.822257274929822479 ) ) ;
#3836 = MECHANICAL_DESIGN_GEOMETRIC_PRESENTATION_REPRESENTATION (  '', ( #7232 ), #473 ) ;
#3837 = DIRECTION ( 'NONE',  ( 0.000000000000000000, 0.000000000000000000, 1.000000000000000000 ) ) ;
#3838 = EDGE_CURVE ( 'NONE', #2274, #3851, #5672, .T. ) ;
#3839 = VERTEX_POINT ( 'NONE', #4030 ) ;
#3840 = CARTESIAN_POINT ( 'NONE',  ( 0.2283429028091508994, 4.093709127072127529, -3.635721173720797061 ) ) ;
#3841 = VERTEX_POINT ( 'NONE', #2822 ) ;
#3842 = TOROIDAL_SURFACE ( 'NONE', #5939, 6.199999999999997513, 0.1999999999999990119 ) ;
#3843 = SURFACE_STYLE_USAGE ( .BOTH. , #3257 ) ;
#3844 = TOROIDAL_SURFACE ( 'NONE', #2372, 3.200000000000002398, 0.1999999999999998723 ) ;
#3845 = AXIS2_PLACEMENT_3D ( 'NONE', #520, #5967, #2376 ) ;
#3846 = DIRECTION ( 'NONE',  ( -0.000000000000000000, 0.000000000000000000, 1.000000000000000000 ) ) ;
#3847 = UNCERTAINTY_MEASURE_WITH_UNIT (LENGTH_MEASURE( 1.000000000000000082E-05 ), #5883, 'distance_accuracy_value', 'NONE');
#3848 = PRESENTATION_LAYER_ASSIGNMENT (  '', '', ( #5 ) ) ;
#3849 =( NAMED_UNIT ( * ) SI_UNIT ( $, .STERADIAN. ) SOLID_ANGLE_UNIT ( ) );
#3850 = CARTESIAN_POINT ( 'NONE',  ( 0.2288706956796008885, -4.782349675994547411, 1.543028613918568270 ) ) ;
#3851 = VERTEX_POINT ( 'NONE', #7007 ) ;
#3852 = EDGE_LOOP ( 'NONE', ( #5260, #6385 ) ) ;
#3853 = CARTESIAN_POINT ( 'NONE',  ( 0.3219498304303085034, -1.202194443784635691, -5.341759899496157260 ) ) ;
#3854 = AXIS2_PLACEMENT_3D ( 'NONE', #2944, #2908, #6555 ) ;
#3855 = CARTESIAN_POINT ( 'NONE',  ( 1.216873555470457502, 2.737500000000013145, -4.741489085720159480 ) ) ;
#3856 = SURFACE_STYLE_USAGE ( .BOTH. , #1957 ) ;
#3857 = CARTESIAN_POINT ( 'NONE',  ( 0.7413020568632582297, -4.750304665213711530, 1.642381454461537826 ) ) ;
#3858 = AXIS2_PLACEMENT_3D ( 'NONE', #6416, #5202, #5847 ) ;
#3859 =( GEOMETRIC_REPRESENTATION_CONTEXT ( 3 ) GLOBAL_UNCERTAINTY_ASSIGNED_CONTEXT ( ( #2046 ) ) GLOBAL_UNIT_ASSIGNED_CONTEXT ( ( #1097, #2967, #3510 ) ) REPRESENTATION_CONTEXT ( 'NONE', 'WORKASPACE' ) );
#3860 = CARTESIAN_POINT ( 'NONE',  ( 0.3375000000000029643, 5.250000000000000000, 0.000000000000000000 ) ) ;
#3861 = AXIS2_PLACEMENT_3D ( 'NONE', #1725, #4105, #579 ) ;
#3862 = DIRECTION ( 'NONE',  ( 0.000000000000000000, 0.4999999999999980016, -0.8660254037844397068 ) ) ;
#3863 = DIRECTION ( 'NONE',  ( 0.000000000000000000, 0.000000000000000000, -1.000000000000000000 ) ) ;
#3864 = CARTESIAN_POINT ( 'NONE',  ( -0.1561588338134613507, 1.182231370141784144, 4.883948607269682718 ) ) ;
#3865 = MECHANICAL_DESIGN_GEOMETRIC_PRESENTATION_REPRESENTATION (  '', ( #3515 ), #209 ) ;
#3866 = CARTESIAN_POINT ( 'NONE',  ( -0.3164798858117122138, 4.812211386141419744, -1.447998357152495474 ) ) ;
#3867 = VERTEX_POINT ( 'NONE', #6403 ) ;
#3868 =( NAMED_UNIT ( * ) PLANE_ANGLE_UNIT ( ) SI_UNIT ( $, .RADIAN. ) );
#3869 = PRESENTATION_STYLE_ASSIGNMENT (( #823 ) ) ;
#3870 = MECHANICAL_DESIGN_GEOMETRIC_PRESENTATION_REPRESENTATION (  '', ( #6994 ), #4870 ) ;
#3871 = SURFACE_STYLE_FILL_AREA ( #4997 ) ;
#3872 = CARTESIAN_POINT ( 'NONE',  ( -0.3374999999999975242, 5.344821428571429500, 1.186806174859089680 ) ) ;
#3873 = CIRCLE ( 'NONE', #4007, 1.073181601594058732 ) ;
#3874 = EDGE_CURVE ( 'NONE', #966, #2191, #4712, .T. ) ;
#3875 =( NAMED_UNIT ( * ) PLANE_ANGLE_UNIT ( ) SI_UNIT ( $, .RADIAN. ) );
#3876 = CARTESIAN_POINT ( 'NONE',  ( -0.1139339630336136250, -5.359285214701182021, -1.119681645598991082 ) ) ;
#3877 = CARTESIAN_POINT ( 'NONE',  ( -1.102270385293431021, 5.475000001274969996, 0.1472510964136022060 ) ) ;
#3878 = EDGE_CURVE ( 'NONE', #6654, #763, #6063, .T. ) ;
#3879 = CYLINDRICAL_SURFACE ( 'NONE', #586, 5.025000000000000355 ) ;
#3880 = FILL_AREA_STYLE ('',( #2753 ) ) ;
#3881 = CIRCLE ( 'NONE', #4887, 5.475000000000000533 ) ;
#3882 = CYLINDRICAL_SURFACE ( 'NONE', #842, 5.475000000000000533 ) ;
#3883 = ORIENTED_EDGE ( 'NONE', *, *, #2308, .T. ) ;
#3884 = CARTESIAN_POINT ( 'NONE',  ( -0.1145010564399699116, 4.081379699453846932, -3.649378680895852156 ) ) ;
#3885 = VERTEX_POINT ( 'NONE', #4804 ) ;
#3886 = CIRCLE ( 'NONE', #2533, 5.025000000000001243 ) ;
#3887 = CARTESIAN_POINT ( 'NONE',  ( -0.3374999999999970246, 3.344476566048489197, -3.750346850512964458 ) ) ;
#3888 = EDGE_CURVE ( 'NONE', #3046, #2688, #2966, .T. ) ;
#3889 = CARTESIAN_POINT ( 'NONE',  ( 1.124999999999998224, 4.546633369868336771, 2.624999999999942268 ) ) ;
#3890 = CARTESIAN_POINT ( 'NONE',  ( 0.2282113725214197919, -3.370277656641970321, 3.727338007249175522 ) ) ;
#3891 = VERTEX_POINT ( 'NONE', #1812 ) ;
#3892 = ORIENTED_EDGE ( 'NONE', *, *, #5080, .T. ) ;
#3893 = CARTESIAN_POINT ( 'NONE',  ( -1.237499999999993827, 5.499083108677935350E-14, 5.250000000000000000 ) ) ;
#3894 = CARTESIAN_POINT ( 'NONE',  ( 0.6178653494856320982, -1.077777020097052896, -5.368246175380051888 ) ) ;
#3895 = FACE_OUTER_BOUND ( 'NONE', #6117, .T. ) ;
#3896 = FILL_AREA_STYLE_COLOUR ( '', #5344 ) ;
#3897 = CARTESIAN_POINT ( 'NONE',  ( 0.1604339755935524636, -3.638699879211142463, 3.465615128512620213 ) ) ;
#3898 = ADVANCED_FACE ( 'NONE', ( #2438, #3595 ), #5082, .T. ) ;
#3899 = DIRECTION ( 'NONE',  ( 0.000000000000000000, -0.4999999999999947264, 0.8660254037844415942 ) ) ;
#3900 = CARTESIAN_POINT ( 'NONE',  ( 1.072948101922715836, 5.018623270731837671, -0.2852563484668578231 ) ) ;
#3901 = EDGE_LOOP ( 'NONE', ( #333, #6804, #2914, #1351 ) ) ;
#3902 = CARTESIAN_POINT ( 'NONE',  ( 2.951763000829056837E-15, 2.624999999999989786, -4.546633369868309238 ) ) ;
#3903 = CARTESIAN_POINT ( 'NONE',  ( 0.1578090310783158701, 1.182027506391096772, 4.883997950975579982 ) ) ;
#3904 = CARTESIAN_POINT ( 'NONE',  ( 0.3375000000000029088, -1.761505952817366438, -5.183890602451889151 ) ) ;
#3905 =( NAMED_UNIT ( * ) PLANE_ANGLE_UNIT ( ) SI_UNIT ( $, .RADIAN. ) );
#3906 = CIRCLE ( 'NONE', #534, 5.025000000000001243 ) ;
#3907 = DIRECTION ( 'NONE',  ( 0.000000000000000000, -1.224646799147352961E-16, 1.000000000000000000 ) ) ;
#3908 = UNCERTAINTY_MEASURE_WITH_UNIT (LENGTH_MEASURE( 1.000000000000000082E-05 ), #980, 'distance_accuracy_value', 'NONE');
#3909 = SURFACE_STYLE_FILL_AREA ( #6164 ) ;
#3910 = UNCERTAINTY_MEASURE_WITH_UNIT (LENGTH_MEASURE( 1.000000000000000082E-05 ), #2580, 'distance_accuracy_value', 'NONE');
#3911 = FILL_AREA_STYLE_COLOUR ( '', #3611 ) ;
#3912 = CARTESIAN_POINT ( 'NONE',  ( 1.065679434814407633, 2.183470217807364389, -5.023007587397366969 ) ) ;
#3913 = ADVANCED_FACE ( 'NONE', ( #3914 ), #3879, .F. ) ;
#3914 = FACE_OUTER_BOUND ( 'NONE', #6618, .T. ) ;
#3915 = CIRCLE ( 'NONE', #5282, 5.025000000000001243 ) ;
#3916 = CARTESIAN_POINT ( 'NONE',  ( -0.9766114375336352182, 4.318452722995200332, 3.367476254988030160 ) ) ;
#3917 = CARTESIAN_POINT ( 'NONE',  ( -0.1561588338129539510, 4.820739249744129040, 1.418131903940960781 ) ) ;
#3918 = CARTESIAN_POINT ( 'NONE',  ( -0.3374999999999975242, 0.000000000000000000, 0.000000000000000000 ) ) ;
#3919 = EDGE_LOOP ( 'NONE', ( #6904, #7088 ) ) ;
#3920 = CARTESIAN_POINT ( 'NONE',  ( -1.216873555469091484, 5.474999999999999645, 0.2660627678250561123 ) ) ;
#3921 = VERTEX_POINT ( 'NONE', #6920 ) ;
#3922 = PRESENTATION_LAYER_ASSIGNMENT (  '', '', ( #3054 ) ) ;
#3923 = UNCERTAINTY_MEASURE_WITH_UNIT (LENGTH_MEASURE( 1.000000000000000082E-05 ), #448, 'distance_accuracy_value', 'NONE');
#3924 =( LENGTH_UNIT ( ) NAMED_UNIT ( * ) SI_UNIT ( .MILLI., .METRE. ) );
#3925 = SURFACE_STYLE_FILL_AREA ( #5685 ) ;
#3926 = CARTESIAN_POINT ( 'NONE',  ( 2.951763000829056837E-15, 4.546633369868336771, 2.624999999999942268 ) ) ;
#3927 = STYLED_ITEM ( 'NONE', ( #5592 ), #5507 ) ;
#3928 = LINE ( 'NONE', #5687, #2079 ) ;
#3929 = CARTESIAN_POINT ( 'NONE',  ( 2.951763000829056837E-15, 5.250000000000000000, 0.000000000000000000 ) ) ;
#3930 = ORIENTED_EDGE ( 'NONE', *, *, #1072, .F. ) ;
#3931 = EDGE_LOOP ( 'NONE', ( #2027, #1589, #6396, #5207 ) ) ;
#3932 = SURFACE_STYLE_FILL_AREA ( #6896 ) ;
#3933 = CARTESIAN_POINT ( 'NONE',  ( -0.6171494958828989130, -1.078110971377000071, -5.368176158881257543 ) ) ;
#3934 = DIRECTION ( 'NONE',  ( -1.000000000000000000, -0.000000000000000000, -0.000000000000000000 ) ) ;
#3935 = ADVANCED_FACE ( 'NONE', ( #990 ), #5429, .T. ) ;
#3936 = COLOUR_RGB ( '',0.6470588235294117974, 0.6196078431372549211, 0.5882352941176470784 ) ;
#3937 = DIRECTION ( 'NONE',  ( -0.000000000000000000, 0.000000000000000000, -1.000000000000000000 ) ) ;
#3938 = ORIENTED_EDGE ( 'NONE', *, *, #6018, .T. ) ;
#3939 = FILL_AREA_STYLE_COLOUR ( '', #3196 ) ;
#3940 = FILL_AREA_STYLE_COLOUR ( '', #5396 ) ;
#3941 = EDGE_CURVE ( 'NONE', #3814, #7561, #3576, .T. ) ;
#3942 = CARTESIAN_POINT ( 'NONE',  ( -1.066282750803719370, 4.403264907450146204, -3.257152822151283988 ) ) ;
#3943 = FILL_AREA_STYLE_COLOUR ( '', #828 ) ;
#3944 = CIRCLE ( 'NONE', #2083, 1.237499999999996714 ) ;
#3945 = CARTESIAN_POINT ( 'NONE',  ( -1.216873555469089929, 2.512499999999989964, -4.351777654016809826 ) ) ;
#3946 = SURFACE_STYLE_USAGE ( .BOTH. , #1209 ) ;
#3947 = CARTESIAN_POINT ( 'NONE',  ( -3.499999999999999556, 0.000000000000000000, 0.000000000000000000 ) ) ;
#3948 =( NAMED_UNIT ( * ) PLANE_ANGLE_UNIT ( ) SI_UNIT ( $, .RADIAN. ) );
#3949 = FACE_BOUND ( 'NONE', #3225, .T. ) ;
#3950 = SPHERICAL_SURFACE ( 'NONE', #5569, 1.237499999999996936 ) ;
#3951 = CARTESIAN_POINT ( 'NONE',  ( -19.92709219242683361, 0.000000000000000000, 0.000000000000000000 ) ) ;
#3952 = CARTESIAN_POINT ( 'NONE',  ( 0.9768424931114996213, 4.318622634113541636, 3.367263331461625597 ) ) ;
#3953 = DIRECTION ( 'NONE',  ( 0.000000000000000000, -1.000000000000000000, 3.369016658928398207E-15 ) ) ;
#3954 = AXIS2_PLACEMENT_3D ( 'NONE', #2321, #2861, #2402 ) ;
#3955 = DIRECTION ( 'NONE',  ( -1.000000000000000000, -0.000000000000000000, -0.000000000000000000 ) ) ;
#3956 = ORIENTED_EDGE ( 'NONE', *, *, #6371, .F. ) ;
#3957 = CARTESIAN_POINT ( 'NONE',  ( -0.6178653494856254369, 5.187926071696295161, -1.750740808670910198 ) ) ;
#3958 = VERTEX_POINT ( 'NONE', #2017 ) ;
#3959 = ADVANCED_FACE ( 'NONE', ( #882 ), #3882, .T. ) ;
#3960 = CARTESIAN_POINT ( 'NONE',  ( -0.6171494958828994681, -5.188032411269641209, -1.750416590129416416 ) ) ;
#3961 = PRESENTATION_LAYER_ASSIGNMENT (  '', '', ( #4344 ) ) ;
#3962 = FILL_AREA_STYLE_COLOUR ( '', #7141 ) ;
#3963 = CARTESIAN_POINT ( 'NONE',  ( 1.216873555469096146, -5.025000000000000355, 2.755594923846596388E-17 ) ) ;
#3964 = COLOUR_RGB ( '',0.6470588235294117974, 0.6196078431372549211, 0.5882352941176470784 ) ;
#3965 = FILL_AREA_STYLE_COLOUR ( '', #6436 ) ;
#3966 = EDGE_LOOP ( 'NONE', ( #5679, #1753 ) ) ;
#3967 = ORIENTED_EDGE ( 'NONE', *, *, #793, .F. ) ;
#3968 = CARTESIAN_POINT ( 'NONE',  ( -1.216873555469091261, -2.737499999999956302, 4.741489085719827301 ) ) ;
#3969 = SURFACE_STYLE_FILL_AREA ( #5691 ) ;
#3970 = CARTESIAN_POINT ( 'NONE',  ( 0.6188283613273966033, 3.617091090961423117, -4.110516372475664149 ) ) ;
#3971 = EDGE_CURVE ( 'NONE', #6364, #957, #4222, .T. ) ;
#3972 = PRESENTATION_LAYER_ASSIGNMENT (  '', '', ( #7480 ) ) ;
#3973 = FILL_AREA_STYLE_COLOUR ( '', #3552 ) ;
#3974 = CIRCLE ( 'NONE', #1608, 1.073181601594058732 ) ;
#3975 = CARTESIAN_POINT ( 'NONE',  ( -0.3374999999999969691, 4.117454205283324953, 3.608627975754036044 ) ) ;
#3976 = CIRCLE ( 'NONE', #5439, 5.475000000000000533 ) ;
#3977 = EDGE_CURVE ( 'NONE', #4627, #183, #6444, .T. ) ;
#3978 = DIRECTION ( 'NONE',  ( -1.000000000000000000, -0.000000000000000000, -0.000000000000000000 ) ) ;
#3979 = SURFACE_STYLE_USAGE ( .BOTH. , #5027 ) ;
#3980 = ORIENTED_EDGE ( 'NONE', *, *, #7323, .F. ) ;
#3981 = ORIENTED_EDGE ( 'NONE', *, *, #4747, .T. ) ;
#3982 =( NAMED_UNIT ( * ) PLANE_ANGLE_UNIT ( ) SI_UNIT ( $, .RADIAN. ) );
#3983 = CARTESIAN_POINT ( 'NONE',  ( 0.9684278525403322568, 0.7355347292710592289, 4.972081921354525313 ) ) ;
#3984 = CARTESIAN_POINT ( 'NONE',  ( -0.9684278525401794901, 4.673716618225758346, -1.849049199763079132 ) ) ;
#3985 =( GEOMETRIC_REPRESENTATION_CONTEXT ( 3 ) GLOBAL_UNCERTAINTY_ASSIGNED_CONTEXT ( ( #3622 ) ) GLOBAL_UNIT_ASSIGNED_CONTEXT ( ( #7241, #6025, #4402 ) ) REPRESENTATION_CONTEXT ( 'NONE', 'WORKASPACE' ) );
#3986 = CARTESIAN_POINT ( 'NONE',  ( -1.186094323803407402, -2.455355156608435063, -4.895853191224142087 ) ) ;
#3987 = FILL_AREA_STYLE ('',( #2198 ) ) ;
#3988 = CARTESIAN_POINT ( 'NONE',  ( 1.216873555469096146, 5.025000000000000355, -2.755652777012119125E-17 ) ) ;
#3989 = CIRCLE ( 'NONE', #2622, 1.124999999999995115 ) ;
#3990 = AXIS2_PLACEMENT_3D ( 'NONE', #4900, #426, #2901 ) ;
#3991 = CARTESIAN_POINT ( 'NONE',  ( 1.216873555469097479, -5.475000000000001421, -1.167353792704058628E-16 ) ) ;
#3992 = ORIENTED_EDGE ( 'NONE', *, *, #4733, .F. ) ;
#3993 = UNCERTAINTY_MEASURE_WITH_UNIT (LENGTH_MEASURE( 1.000000000000000082E-05 ), #3609, 'distance_accuracy_value', 'NONE');
#3994 = AXIS2_PLACEMENT_3D ( 'NONE', #521, #5279, #7693 ) ;
#3995 = CARTESIAN_POINT ( 'NONE',  ( -0.3374999999999969691, -4.546633369868282593, 2.625000000000037303 ) ) ;
#3996 =( NAMED_UNIT ( * ) SI_UNIT ( $, .STERADIAN. ) SOLID_ANGLE_UNIT ( ) );
#3997 = CARTESIAN_POINT ( 'NONE',  ( -3.499999999999999556, 5.510910596163092514E-16, -4.500000000000002665 ) ) ;
#3998 = AXIS2_PLACEMENT_3D ( 'NONE', #1169, #3539, #4755 ) ;
#3999 = EDGE_CURVE ( 'NONE', #3778, #1664, #6756, .T. ) ;
#4000 = CARTESIAN_POINT ( 'NONE',  ( 0.3227388460788915836, 4.025139890365656115, 3.711864985649413917 ) ) ;
#4001 = CARTESIAN_POINT ( 'NONE',  ( 2.951763000829056837E-15, -1.833027702892645012E-14, -5.250000000000000000 ) ) ;
#4002 = DIRECTION ( 'NONE',  ( 1.000000000000000000, 0.000000000000000000, 0.000000000000000000 ) ) ;
#4003 = ORIENTED_EDGE ( 'NONE', *, *, #2796, .T. ) ;
#4004 = FACE_OUTER_BOUND ( 'NONE', #6504, .T. ) ;
#4005 = VECTOR ( 'NONE', #3404, 1000.000000000000000 ) ;
#4006 = ORIENTED_EDGE ( 'NONE', *, *, #3874, .T. ) ;
#4007 = AXIS2_PLACEMENT_3D ( 'NONE', #1639, #4021, #6390 ) ;
#4008 = UNCERTAINTY_MEASURE_WITH_UNIT (LENGTH_MEASURE( 1.000000000000000082E-05 ), #7529, 'distance_accuracy_value', 'NONE');
#4009 =( LENGTH_UNIT ( ) NAMED_UNIT ( * ) SI_UNIT ( .MILLI., .METRE. ) );
#4010 =( NAMED_UNIT ( * ) SI_UNIT ( $, .STERADIAN. ) SOLID_ANGLE_UNIT ( ) );
#4011 = SURFACE_STYLE_FILL_AREA ( #3448 ) ;
#4012 = CIRCLE ( 'NONE', #3382, 0.1999999999999987899 ) ;
#4013 = CARTESIAN_POINT ( 'NONE',  ( -0.9682255741299072849, -4.972045451488756207, 0.7357694555035170225 ) ) ;
#4014 =( NAMED_UNIT ( * ) SI_UNIT ( $, .STERADIAN. ) SOLID_ANGLE_UNIT ( ) );
#4015 = CARTESIAN_POINT ( 'NONE',  ( 1.060888576746103817, -3.017419481698546679, -4.020771965135026882 ) ) ;
#4016 = ORIENTED_EDGE ( 'NONE', *, *, #4457, .F. ) ;
#4017 = VERTEX_POINT ( 'NONE', #4971 ) ;
#4018 = FACE_BOUND ( 'NONE', #5740, .T. ) ;
#4019 = CARTESIAN_POINT ( 'NONE',  ( 1.185664645333979195, 3.013064982713968387, -4.573754011965757371 ) ) ;
#4020 = CARTESIAN_POINT ( 'NONE',  ( -0.1577470943594661001, -3.638461172476439298, 3.465865739801256229 ) ) ;
#4021 = DIRECTION ( 'NONE',  ( 1.000000000000000000, 0.000000000000000000, 0.000000000000000000 ) ) ;
#4022 = ADVANCED_FACE ( 'NONE', ( #7451 ), #4501, .T. ) ;
#4023 = CARTESIAN_POINT ( 'NONE',  ( -0.1139339630336134029, -5.201117964857045806, 1.709969858110743202 ) ) ;
#4024 = ORIENTED_EDGE ( 'NONE', *, *, #2659, .F. ) ;
#4025 = B_SPLINE_CURVE_WITH_KNOTS ( 'NONE', 3,
 ( #6203, #755, #875, #5603, #5487, #5040 ),
 .UNSPECIFIED., .F., .F.,
 ( 4, 2, 4 ),
 ( 0.006630243725177050428, 0.006971267376520925291, 0.007312291027864800154 ),
 .UNSPECIFIED. ) ;
#4026 = ORIENTED_EDGE ( 'NONE', *, *, #4642, .F. ) ;
#4027 =( NAMED_UNIT ( * ) SI_UNIT ( $, .STERADIAN. ) SOLID_ANGLE_UNIT ( ) );
#4028 =( NAMED_UNIT ( * ) PLANE_ANGLE_UNIT ( ) SI_UNIT ( $, .RADIAN. ) );
#4029 = FACE_OUTER_BOUND ( 'NONE', #3726, .T. ) ;
#4030 = CARTESIAN_POINT ( 'NONE',  ( 1.216873555469096146, 2.512500000000050360, 4.351777654016775188 ) ) ;
#4031 = B_SPLINE_CURVE_WITH_KNOTS ( 'NONE', 3,
 ( #6090, #598, #4241, #7304, #758, #1938, #1276, #6529, #135, #5489, #3646, #3063, #2989, #1235, #639, #96, #4781, #171 ),
 .UNSPECIFIED., .F., .F.,
 ( 4, 2, 2, 2, 2, 2, 2, 2, 4 ),
 ( 0.005649204378755517952, 0.006119817975306324903, 0.006590431571857132721, 0.007061045168407939672, 0.007531658764958747490, 0.008002272361509552706, 0.008472885958060361392, 0.008943499554611168342, 0.009414113151161975293 ),
 .UNSPECIFIED. ) ;
#4032 = ORIENTED_EDGE ( 'NONE', *, *, #6048, .F. ) ;
#4033 = SURFACE_STYLE_FILL_AREA ( #5192 ) ;
#4034 = SURFACE_SIDE_STYLE ('',( #1152 ) ) ;
#4035 = AXIS2_PLACEMENT_3D ( 'NONE', #7698, #7065, #5931 ) ;
#4036 = EDGE_CURVE ( 'NONE', #7070, #3787, #5321, .T. ) ;
#4037 = CIRCLE ( 'NONE', #7035, 1.073181601594058732 ) ;
#4038 = DIRECTION ( 'NONE',  ( 0.000000000000000000, 3.636968631544068867E-15, -1.000000000000000000 ) ) ;
#4039 = FACE_OUTER_BOUND ( 'NONE', #1954, .T. ) ;
#4040 = CARTESIAN_POINT ( 'NONE',  ( -0.3145222742811149552, 4.812380947208478865, 1.447436274275069490 ) ) ;
#4041 = PRESENTATION_STYLE_ASSIGNMENT (( #2293 ) ) ;
#4042 = ORIENTED_EDGE ( 'NONE', *, *, #2231, .F. ) ;
#4043 = SURFACE_SIDE_STYLE ('',( #6928 ) ) ;
#4044 = CARTESIAN_POINT ( 'NONE',  ( -0.7525402123772437779, -5.158076629468531848, -1.839374689528509021 ) ) ;
#4045 = MECHANICAL_DESIGN_GEOMETRIC_PRESENTATION_REPRESENTATION (  '', ( #2050 ), #1678 ) ;
#4046 =( GEOMETRIC_REPRESENTATION_CONTEXT ( 3 ) GLOBAL_UNCERTAINTY_ASSIGNED_CONTEXT ( ( #4526 ) ) GLOBAL_UNIT_ASSIGNED_CONTEXT ( ( #908, #3868, #978 ) ) REPRESENTATION_CONTEXT ( 'NONE', 'WORKASPACE' ) );
#4047 = PRESENTATION_STYLE_ASSIGNMENT (( #2918 ) ) ;
#4048 = CARTESIAN_POINT ( 'NONE',  ( -2.500000000000001332, 0.000000000000000000, 0.000000000000000000 ) ) ;
#4049 =( GEOMETRIC_REPRESENTATION_CONTEXT ( 3 ) GLOBAL_UNCERTAINTY_ASSIGNED_CONTEXT ( ( #4618 ) ) GLOBAL_UNIT_ASSIGNED_CONTEXT ( ( #6498, #2298, #5248 ) ) REPRESENTATION_CONTEXT ( 'NONE', 'WORKASPACE' ) );
#4050 = CARTESIAN_POINT ( 'NONE',  ( -0.3374999999999975242, 0.000000000000000000, 0.000000000000000000 ) ) ;
#4051 = PRESENTATION_LAYER_ASSIGNMENT (  '', '', ( #7430 ) ) ;
#4052 = EDGE_LOOP ( 'NONE', ( #312, #4645, #1214, #7581 ) ) ;
#4053 = EDGE_LOOP ( 'NONE', ( #5639, #7739, #7438, #7425, #1430, #1252 ) ) ;
#4054 = CARTESIAN_POINT ( 'NONE',  ( 1.060132804264172446, 3.018596205566914659, -4.019910896282896218 ) ) ;
#4055 = CARTESIAN_POINT ( 'NONE',  ( 0.3219498304303076153, 1.202194443784672995, 5.341759899496146602 ) ) ;
#4056 = VERTEX_POINT ( 'NONE', #3486 ) ;
#4057 = CARTESIAN_POINT ( 'NONE',  ( -1.184200262958146954, -4.187119299164320907, 2.782020603964433736 ) ) ;
#4058 = CARTESIAN_POINT ( 'NONE',  ( 0.1630295018224056924, -3.736187506783022361, 4.002065456297072998 ) ) ;
#4059 = CARTESIAN_POINT ( 'NONE',  ( -0.3374999999999975242, 0.000000000000000000, 0.000000000000000000 ) ) ;
#4060 = EDGE_LOOP ( 'NONE', ( #4758, #110, #274, #604 ) ) ;
#4061 = CARTESIAN_POINT ( 'NONE',  ( -19.92709219242683361, 0.000000000000000000, 0.000000000000000000 ) ) ;
#4062 = SURFACE_STYLE_USAGE ( .BOTH. , #6473 ) ;
#4063 = AXIS2_PLACEMENT_3D ( 'NONE', #2478, #5996, #6556 ) ;
#4064 =( GEOMETRIC_REPRESENTATION_CONTEXT ( 3 ) GLOBAL_UNCERTAINTY_ASSIGNED_CONTEXT ( ( #3526 ) ) GLOBAL_UNIT_ASSIGNED_CONTEXT ( ( #197, #1968, #4998 ) ) REPRESENTATION_CONTEXT ( 'NONE', 'WORKASPACE' ) );
#4065 = PRESENTATION_STYLE_ASSIGNMENT (( #7567 ) ) ;
#4066 = ADVANCED_FACE ( 'NONE', ( #6969 ), #406, .F. ) ;
#4067 = CARTESIAN_POINT ( 'NONE',  ( 0.5880801158624422431, 4.910930150305443220, 1.066988314998355669 ) ) ;
#4068 = SURFACE_STYLE_FILL_AREA ( #1065 ) ;
#4069 = CARTESIAN_POINT ( 'NONE',  ( -0.1604339750629836803, -1.181960801552123463, 4.884014096370007607 ) ) ;
#4070 = ORIENTED_EDGE ( 'NONE', *, *, #3087, .F. ) ;
#4071 = UNCERTAINTY_MEASURE_WITH_UNIT (LENGTH_MEASURE( 1.000000000000000082E-05 ), #2049, 'distance_accuracy_value', 'NONE');
#4072 = CYLINDRICAL_SURFACE ( 'NONE', #1, 4.500000000000001776 ) ;
#4073 = CIRCLE ( 'NONE', #1078, 1.237499999999996714 ) ;
#4074 = PRESENTATION_STYLE_ASSIGNMENT (( #6369 ) ) ;
#4075 = CARTESIAN_POINT ( 'NONE',  ( -0.3374999999999970246, 3.344476566048542487, 3.750346850512918273 ) ) ;
#4076 = FILL_AREA_STYLE ('',( #5237 ) ) ;
#4077 = EDGE_CURVE ( 'NONE', #573, #4162, #3944, .T. ) ;
#4078 = CARTESIAN_POINT ( 'NONE',  ( -0.7413020568632519014, 4.750304665213746169, 1.642381454461438128 ) ) ;
#4079 = DIRECTION ( 'NONE',  ( -1.000000000000000000, -0.000000000000000000, -0.000000000000000000 ) ) ;
#4080 = UNCERTAINTY_MEASURE_WITH_UNIT (LENGTH_MEASURE( 1.000000000000000082E-05 ), #4796, 'distance_accuracy_value', 'NONE');
#4081 = B_SPLINE_CURVE_WITH_KNOTS ( 'NONE', 3,
 ( #4595, #2196, #6949, #3236, #857, #4557 ),
 .UNSPECIFIED., .F., .F.,
 ( 4, 2, 4 ),
 ( 0.006630243725172430859, 0.006971267376515865970, 0.007312291027859301080 ),
 .UNSPECIFIED. ) ;
#4082 = DIRECTION ( 'NONE',  ( 0.000000000000000000, 0.000000000000000000, 1.000000000000000000 ) ) ;
#4083 = CARTESIAN_POINT ( 'NONE',  ( -0.9766093576085630446, -5.075628505799323342, -2.055978850831127858 ) ) ;
#4084 =( GEOMETRIC_REPRESENTATION_CONTEXT ( 3 ) GLOBAL_UNCERTAINTY_ASSIGNED_CONTEXT ( ( #7720 ) ) GLOBAL_UNIT_ASSIGNED_CONTEXT ( ( #1532, #2200, #278 ) ) REPRESENTATION_CONTEXT ( 'NONE', 'WORKASPACE' ) );
#4085 =( LENGTH_UNIT ( ) NAMED_UNIT ( * ) SI_UNIT ( .MILLI., .METRE. ) );
#4086 = CARTESIAN_POINT ( 'NONE',  ( 1.237499999999999822, 2.624999999999989786, -4.546633369868309238 ) ) ;
#4087 = EDGE_CURVE ( 'NONE', #1067, #2664, #2472, .T. ) ;
#4088 = VERTEX_POINT ( 'NONE', #1739 ) ;
#4089 = VERTEX_POINT ( 'NONE', #6326 ) ;
#4090 = DIRECTION ( 'NONE',  ( 0.000000000000000000, -0.8660254037844363761, 0.5000000000000039968 ) ) ;
#4091 = FILL_AREA_STYLE ('',( #1086 ) ) ;
#4092 = ORIENTED_EDGE ( 'NONE', *, *, #1834, .F. ) ;
#4093 = COLOUR_RGB ( '',0.5294117647058823595, 0.5490196078431373028, 0.5490196078431373028 ) ;
#4094 = SURFACE_STYLE_FILL_AREA ( #5865 ) ;
#4095 = FILL_AREA_STYLE_COLOUR ( '', #144 ) ;
#4096 =( GEOMETRIC_REPRESENTATION_CONTEXT ( 3 ) GLOBAL_UNCERTAINTY_ASSIGNED_CONTEXT ( ( #6975 ) ) GLOBAL_UNIT_ASSIGNED_CONTEXT ( ( #3566, #4655, #6524 ) ) REPRESENTATION_CONTEXT ( 'NONE', 'WORKASPACE' ) );
#4097 = CARTESIAN_POINT ( 'NONE',  ( 0.1578090310811194885, -1.418333126981336179, 4.820680050771482428 ) ) ;
#4098 = VERTEX_POINT ( 'NONE', #5276 ) ;
#4099 = ORIENTED_EDGE ( 'NONE', *, *, #2104, .T. ) ;
#4100 = DIRECTION ( 'NONE',  ( 0.000000000000000000, -1.000000000000000000, 0.000000000000000000 ) ) ;
#4101 =( NAMED_UNIT ( * ) PLANE_ANGLE_UNIT ( ) SI_UNIT ( $, .RADIAN. ) );
#4102 = CARTESIAN_POINT ( 'NONE',  ( -0.2288706956799327896, 4.782349675994544747, 1.543028613918569381 ) ) ;
#4103 = AXIS2_PLACEMENT_3D ( 'NONE', #402, #3403, #7535 ) ;
#4104 = CARTESIAN_POINT ( 'NONE',  ( -0.3374999999999975242, 0.000000000000000000, 0.000000000000000000 ) ) ;
#4105 = DIRECTION ( 'NONE',  ( -1.000000000000000000, -0.000000000000000000, -0.000000000000000000 ) ) ;
#4106 = APPLICATION_PROTOCOL_DEFINITION ( 'draft international standard', 'automotive_design', 1998, #378 ) ;
#4107 = COLOUR_RGB ( '',0.6470588235294117974, 0.6196078431372549211, 0.5882352941176470784 ) ;
#4108 = EDGE_LOOP ( 'NONE', ( #4465, #296, #761, #3411 ) ) ;
#4109 = PRESENTATION_LAYER_ASSIGNMENT (  '', '', ( #3601 ) ) ;
#4110 = SURFACE_SIDE_STYLE ('',( #549 ) ) ;
#4111 = DIRECTION ( 'NONE',  ( 0.000000000000000000, 0.000000000000000000, 1.000000000000000000 ) ) ;
#4112 = AXIS2_PLACEMENT_3D ( 'NONE', #5837, #7138, #2978 ) ;
#4113 = FILL_AREA_STYLE_COLOUR ( '', #3297 ) ;
#4114 = COLOUR_RGB ( '',0.6470588235294117974, 0.6196078431372549211, 0.5882352941176470784 ) ;
#4115 = CARTESIAN_POINT ( 'NONE',  ( 2.951763000829056837E-15, -2.624999999999958256, 4.546633369868327001 ) ) ;
#4116 = DIRECTION ( 'NONE',  ( 0.000000000000000000, 0.000000000000000000, 1.000000000000000000 ) ) ;
#4117 =( NAMED_UNIT ( * ) SI_UNIT ( $, .STERADIAN. ) SOLID_ANGLE_UNIT ( ) );
#4118 = EDGE_CURVE ( 'NONE', #511, #3005, #2106, .T. ) ;
#4119 =( GEOMETRIC_REPRESENTATION_CONTEXT ( 3 ) GLOBAL_UNCERTAINTY_ASSIGNED_CONTEXT ( ( #1106 ) ) GLOBAL_UNIT_ASSIGNED_CONTEXT ( ( #1974, #7488, #6126 ) ) REPRESENTATION_CONTEXT ( 'NONE', 'WORKASPACE' ) );
#4120 = CARTESIAN_POINT ( 'NONE',  ( -0.3374999999999969691, 1.761505952817402632, 5.183890602451874940 ) ) ;
#4121 = AXIS2_PLACEMENT_3D ( 'NONE', #6693, #5400, #693 ) ;
#4122 = CARTESIAN_POINT ( 'NONE',  ( -0.3374999999999975242, 0.000000000000000000, 0.000000000000000000 ) ) ;
#4123 = ORIENTED_EDGE ( 'NONE', *, *, #6831, .T. ) ;
#4124 = CARTESIAN_POINT ( 'NONE',  ( -0.9768424931114003673, -5.423668576231577276, 0.7568242692210194189 ) ) ;
#4125 = CARTESIAN_POINT ( 'NONE',  ( 0.6178653494856309880, -5.187926071696306707, -1.750740808670873561 ) ) ;
#4126 = CIRCLE ( 'NONE', #5110, 5.475000000000000533 ) ;
#4127 = SPHERICAL_SURFACE ( 'NONE', #1387, 1.124999999999995115 ) ;
#4128 = AXIS2_PLACEMENT_3D ( 'NONE', #2588, #4381, #5546 ) ;
#4129 = CARTESIAN_POINT ( 'NONE',  ( 0.3227388460785764468, 1.201999427807665999, -5.341805891667442907 ) ) ;
#4130 = CARTESIAN_POINT ( 'NONE',  ( 0.1139799994183241100, 1.709974499904646450, 5.201116438773683015 ) ) ;
#4131 =( NAMED_UNIT ( * ) PLANE_ANGLE_UNIT ( ) SI_UNIT ( $, .RADIAN. ) );
#4132 = ORIENTED_EDGE ( 'NONE', *, *, #3105, .F. ) ;
#4133 = EDGE_LOOP ( 'NONE', ( #6656, #6883 ) ) ;
#4134 = AXIS2_PLACEMENT_3D ( 'NONE', #6137, #888, #1511 ) ;
#4135 = DIRECTION ( 'NONE',  ( 0.000000000000000000, -3.491481338843134144E-15, -1.000000000000000000 ) ) ;
#4136 = ORIENTED_EDGE ( 'NONE', *, *, #3393, .T. ) ;
#4137 = CARTESIAN_POINT ( 'NONE',  ( 0.1603182285372214688, -1.597735866490216816, -5.236684552382536495 ) ) ;
#4138 = EDGE_CURVE ( 'NONE', #5320, #2145, #577, .T. ) ;
#4139 = SURFACE_STYLE_USAGE ( .BOTH. , #6575 ) ;
#4140 = CARTESIAN_POINT ( 'NONE',  ( -1.216873555469090151, -4.351777654016819596, -2.512499999999974865 ) ) ;
#4141 = CARTESIAN_POINT ( 'NONE',  ( -0.1160098891555720602, 1.072078301807172451, 4.909304749421639968 ) ) ;
#4142 = CARTESIAN_POINT ( 'NONE',  ( 0.6074448382803045998, -1.560129390037633401, 4.777036105533036370 ) ) ;
#4143 = ORIENTED_EDGE ( 'NONE', *, *, #6514, .T. ) ;
#4144 = VERTEX_POINT ( 'NONE', #4120 ) ;
#4145 = AXIS2_PLACEMENT_3D ( 'NONE', #3147, #6059, #6177 ) ;
#4146 = FACE_OUTER_BOUND ( 'NONE', #5467, .T. ) ;
#4147 = EDGE_CURVE ( 'NONE', #5631, #7194, #2585, .T. ) ;
#4148 = CARTESIAN_POINT ( 'NONE',  ( -0.6093760516249074888, -3.740250609034117435, -3.356287618679173246 ) ) ;
#4149 = AXIS2_PLACEMENT_3D ( 'NONE', #7153, #3531, #2455 ) ;
#4150 = PRESENTATION_STYLE_ASSIGNMENT (( #3435 ) ) ;
#4151 = ORIENTED_EDGE ( 'NONE', *, *, #1984, .F. ) ;
#4152 = UNCERTAINTY_MEASURE_WITH_UNIT (LENGTH_MEASURE( 1.000000000000000082E-05 ), #7090, 'distance_accuracy_value', 'NONE');
#4153 = FILL_AREA_STYLE_COLOUR ( '', #5214 ) ;
#4154 = PRESENTATION_STYLE_ASSIGNMENT (( #5368 ) ) ;
#4155 = UNCERTAINTY_MEASURE_WITH_UNIT (LENGTH_MEASURE( 1.000000000000000082E-05 ), #179, 'distance_accuracy_value', 'NONE');
#4156 = DIRECTION ( 'NONE',  ( 0.000000000000000000, -3.491481338843135327E-15, -1.000000000000000000 ) ) ;
#4157 = DIRECTION ( 'NONE',  ( -1.000000000000000000, -0.000000000000000000, -0.000000000000000000 ) ) ;
#4158 =( GEOMETRIC_REPRESENTATION_CONTEXT ( 3 ) GLOBAL_UNCERTAINTY_ASSIGNED_CONTEXT ( ( #560 ) ) GLOBAL_UNIT_ASSIGNED_CONTEXT ( ( #2337, #2993, #2216 ) ) REPRESENTATION_CONTEXT ( 'NONE', 'WORKASPACE' ) );
#4159 = DIRECTION ( 'NONE',  ( 0.000000000000000000, 0.8660254037844328234, -0.5000000000000101030 ) ) ;
#4160 = AXIS2_PLACEMENT_3D ( 'NONE', #43, #4364, #6582 ) ;
#4161 = SURFACE_SIDE_STYLE ('',( #5763 ) ) ;
#4162 = VERTEX_POINT ( 'NONE', #994 ) ;
#4163 = FILL_AREA_STYLE ('',( #7186 ) ) ;
#4164 = ADVANCED_FACE ( 'NONE', ( #3369 ), #5720, .T. ) ;
#4165 = CARTESIAN_POINT ( 'NONE',  ( 1.216873555469096368, -5.024999999999999467, -0.1570758158020177375 ) ) ;
#4166 = CIRCLE ( 'NONE', #788, 1.124999999999995115 ) ;
#4167 = CARTESIAN_POINT ( 'NONE',  ( 2.299999999999997158, 3.673940397442063319E-16, -3.000000000000003109 ) ) ;
#4168 = CARTESIAN_POINT ( 'NONE',  ( 0.1142805835485811161, -1.072251967908846915, -4.909266821554440163 ) ) ;
#4169 = CARTESIAN_POINT ( 'NONE',  ( -0.3374999999999969691, 1.761505952817402632, 5.183890602451874940 ) ) ;
#4170 = ORIENTED_EDGE ( 'NONE', *, *, #2831, .F. ) ;
#4171 = DIRECTION ( 'NONE',  ( 0.000000000000000000, 0.000000000000000000, -1.000000000000000000 ) ) ;
#4172 = VERTEX_POINT ( 'NONE', #5160 ) ;
#4173 = B_SPLINE_CURVE_WITH_KNOTS ( 'NONE', 3,
 ( #3904, #938, #2075, #7002, #2663, #4482 ),
 .UNSPECIFIED., .F., .F.,
 ( 4, 2, 4 ),
 ( 0.003144056225732842248, 0.003485646593205895660, 0.003827236960678949071 ),
 .UNSPECIFIED. ) ;
#4174 = FILL_AREA_STYLE ('',( #3106 ) ) ;
#4175 =( GEOMETRIC_REPRESENTATION_CONTEXT ( 3 ) GLOBAL_UNCERTAINTY_ASSIGNED_CONTEXT ( ( #391 ) ) GLOBAL_UNIT_ASSIGNED_CONTEXT ( ( #5896, #3692, #3652 ) ) REPRESENTATION_CONTEXT ( 'NONE', 'WORKASPACE' ) );
#4176 = DIRECTION ( 'NONE',  ( -1.000000000000000000, -0.000000000000000000, -0.000000000000000000 ) ) ;
#4177 = CYLINDRICAL_SURFACE ( 'NONE', #4487, 5.025000000000000355 ) ;
#4178 = CARTESIAN_POINT ( 'NONE',  ( 2.951763000829056837E-15, -2.625000000000021760, -4.546633369868291474 ) ) ;
#4179 = AXIS2_PLACEMENT_3D ( 'NONE', #3392, #7606, #5744 ) ;
#4180 = UNCERTAINTY_MEASURE_WITH_UNIT (LENGTH_MEASURE( 1.000000000000000082E-05 ), #3310, 'distance_accuracy_value', 'NONE');
#4181 = COLOUR_RGB ( '',0.5294117647058823595, 0.5490196078431373028, 0.5490196078431373028 ) ;
#4182 = ADVANCED_FACE ( 'NONE', ( #2208 ), #5786, .F. ) ;
#4183 = CARTESIAN_POINT ( 'NONE',  ( 1.216873555469096146, -2.512499999999960210, 4.351777654016827590 ) ) ;
#4184 = EDGE_LOOP ( 'NONE', ( #2341, #3487 ) ) ;
#4185 = ORIENTED_EDGE ( 'NONE', *, *, #4890, .F. ) ;
#4186 = PLANE ( 'NONE',  #1999 ) ;
#4187 = SURFACE_STYLE_FILL_AREA ( #5987 ) ;
#4188 = CARTESIAN_POINT ( 'NONE',  ( -3.499999999999999556, 0.000000000000000000, 0.000000000000000000 ) ) ;
#4189 =( NAMED_UNIT ( * ) SI_UNIT ( $, .STERADIAN. ) SOLID_ANGLE_UNIT ( ) );
#4190 = CARTESIAN_POINT ( 'NONE',  ( 2.951763000829056837E-15, -2.624999999999958256, 4.546633369868327001 ) ) ;
#4191 =( GEOMETRIC_REPRESENTATION_CONTEXT ( 3 ) GLOBAL_UNCERTAINTY_ASSIGNED_CONTEXT ( ( #3437 ) ) GLOBAL_UNIT_ASSIGNED_CONTEXT ( ( #2404, #6036, #3711 ) ) REPRESENTATION_CONTEXT ( 'NONE', 'WORKASPACE' ) );
#4192 = FILL_AREA_STYLE_COLOUR ( '', #6465 ) ;
#4193 = DIRECTION ( 'NONE',  ( 0.000000000000000000, 0.000000000000000000, -1.000000000000000000 ) ) ;
#4194 = CARTESIAN_POINT ( 'NONE',  ( -0.1623272491987203525, -4.001999606619755845, -3.736258041268452956 ) ) ;
#4195 = DIRECTION ( 'NONE',  ( 0.000000000000000000, -1.000000000000000000, -1.224646799147353454E-16 ) ) ;
#4196 = UNCERTAINTY_MEASURE_WITH_UNIT (LENGTH_MEASURE( 1.000000000000000082E-05 ), #245, 'distance_accuracy_value', 'NONE');
#4197 = DIRECTION ( 'NONE',  ( 0.000000000000000000, 0.000000000000000000, 1.000000000000000000 ) ) ;
#4198 =( LENGTH_UNIT ( ) NAMED_UNIT ( * ) SI_UNIT ( .MILLI., .METRE. ) );
#4199 = DIRECTION ( 'NONE',  ( 0.000000000000000000, 0.4999999999999891198, -0.8660254037844450359 ) ) ;
#4200 = DIRECTION ( 'NONE',  ( 0.000000000000000000, -3.491481338843134144E-15, -1.000000000000000000 ) ) ;
#4201 = ORIENTED_EDGE ( 'NONE', *, *, #7376, .T. ) ;
#4202 = COLOUR_RGB ( '',1.000000000000000000, 1.000000000000000000, 1.000000000000000000 ) ;
#4203 = CARTESIAN_POINT ( 'NONE',  ( 0.6831163591855745620, 5.402756904541117677, 0.8926352179598856518 ) ) ;
#4204 = CIRCLE ( 'NONE', #7211, 3.200000000000002398 ) ;
#4206 = EDGE_CURVE ( 'NONE', #3891, #5134, #5414, .T. ) ;
#4205 = DIRECTION ( 'NONE',  ( -1.000000000000000000, -0.000000000000000000, -0.000000000000000000 ) ) ;
#4207 = EDGE_LOOP ( 'NONE', ( #2182, #2890, #5649, #430 ) ) ;
#4208 = CARTESIAN_POINT ( 'NONE',  ( -0.6188283613273927175, -3.617091090961451538, -4.110516372475635727 ) ) ;
#4209 = CARTESIAN_POINT ( 'NONE',  ( -2.500000000000001332, 0.000000000000000000, 6.199999999999997513 ) ) ;
#4210 = EDGE_LOOP ( 'NONE', ( #1549, #5762, #1609, #2492 ) ) ;
#4211 = PRESENTATION_STYLE_ASSIGNMENT (( #5457 ) ) ;
#4212 =( GEOMETRIC_REPRESENTATION_CONTEXT ( 3 ) GLOBAL_UNCERTAINTY_ASSIGNED_CONTEXT ( ( #4769 ) ) GLOBAL_UNIT_ASSIGNED_CONTEXT ( ( #7212, #4894, #748 ) ) REPRESENTATION_CONTEXT ( 'NONE', 'WORKASPACE' ) );
#4213 = CARTESIAN_POINT ( 'NONE',  ( -0.9602566187154466526, 4.996802983009159149, 0.5475545294847450339 ) ) ;
#4214 = CLOSED_SHELL ( 'NONE', ( #1082, #6157, #4825, #3598, #5817, #2586, #6790, #195, #2561, #6316, #1870, #695, #2383, #3647, #553, #4540, #2780, #1848, #7722, #6727 ) ) ;
#4215 = DIRECTION ( 'NONE',  ( 0.000000000000000000, 0.000000000000000000, 1.000000000000000000 ) ) ;
#4216 = FILL_AREA_STYLE_COLOUR ( '', #4775 ) ;
#4218 = EDGE_CURVE ( 'NONE', #4718, #4504, #1339, .T. ) ;
#4217 = CARTESIAN_POINT ( 'NONE',  ( 0.6182595144253233421, 3.617249411575702123, 4.110372429052998378 ) ) ;
#4219 = ORIENTED_EDGE ( 'NONE', *, *, #3658, .T. ) ;
#4220 = ORIENTED_EDGE ( 'NONE', *, *, #1345, .F. ) ;
#4221 = PRESENTATION_STYLE_ASSIGNMENT (( #1175 ) ) ;
#4222 = CIRCLE ( 'NONE', #4445, 6.058578643762684734 ) ;
#4223 = CARTESIAN_POINT ( 'NONE',  ( 2.299999999999997158, 9.184850993605147944E-16, -7.500000000000000000 ) ) ;
#4224 = FACE_OUTER_BOUND ( 'NONE', #260, .T. ) ;
#4225 = CARTESIAN_POINT ( 'NONE',  ( -1.216873555469089929, 5.025000000000000355, -2.755315672134857944E-17 ) ) ;
#4226 = SPHERICAL_SURFACE ( 'NONE', #6345, 1.124999999999995115 ) ;
#4227 = ADVANCED_FACE ( 'NONE', ( #166 ), #7182, .T. ) ;
#4228 = DIRECTION ( 'NONE',  ( 0.000000000000000000, 0.000000000000000000, 1.000000000000000000 ) ) ;
#4229 = CIRCLE ( 'NONE', #6968, 5.025000000000001243 ) ;
#4230 = PRESENTATION_LAYER_ASSIGNMENT (  '', '', ( #4966 ) ) ;
#4231 = FACE_OUTER_BOUND ( 'NONE', #45, .T. ) ;
#4232 = EDGE_CURVE ( 'NONE', #2349, #1093, #7346, .T. ) ;
#4233 = DIRECTION ( 'NONE',  ( 0.000000000000000000, 0.000000000000000000, 1.000000000000000000 ) ) ;
#4234 = STYLED_ITEM ( 'NONE', ( #5028 ), #2012 ) ;
#4235 = PRESENTATION_LAYER_ASSIGNMENT (  '', '', ( #4472 ) ) ;
#4236 = CARTESIAN_POINT ( 'NONE',  ( 0.1561588338129596132, -1.418131903941045158, -4.820739249744104171 ) ) ;
#4237 = ORIENTED_EDGE ( 'NONE', *, *, #2728, .F. ) ;
#4238 = CARTESIAN_POINT ( 'NONE',  ( 1.102270384252428181, 5.025000000000000355, -2.755305252228933060E-17 ) ) ;
#4239 = CARTESIAN_POINT ( 'NONE',  ( 1.184509137126997791, -5.017229452720725291, -0.3149166791804982601 ) ) ;
#4240 = EDGE_CURVE ( 'NONE', #2421, #7650, #6050, .T. ) ;
#4241 = CARTESIAN_POINT ( 'NONE',  ( -1.184200262958146954, 4.187119299164337782, -2.782020603964405314 ) ) ;
#4242 = CIRCLE ( 'NONE', #2001, 0.1999999999999996503 ) ;
#4243 = STYLED_ITEM ( 'NONE', ( #3062 ), #6462 ) ;
#4244 = DIRECTION ( 'NONE',  ( 0.000000000000000000, 0.000000000000000000, 1.000000000000000000 ) ) ;
#4245 = FACE_OUTER_BOUND ( 'NONE', #2262, .T. ) ;
#4246 = ORIENTED_EDGE ( 'NONE', *, *, #5026, .T. ) ;
#4247 = CARTESIAN_POINT ( 'NONE',  ( -0.6182595144250955244, -1.077443667722389087, 5.368311648362893429 ) ) ;
#4248 = CARTESIAN_POINT ( 'NONE',  ( -1.065237977602510711, 0.6215246106916293423, 5.441694280249714133 ) ) ;
#4249 = ORIENTED_EDGE ( 'NONE', *, *, #3087, .T. ) ;
#4250 = MECHANICAL_DESIGN_GEOMETRIC_PRESENTATION_REPRESENTATION (  '', ( #16 ), #2256 ) ;
#4251 = CIRCLE ( 'NONE', #881, 1.073181601594058732 ) ;
#4252 = DIRECTION ( 'NONE',  ( 0.000000000000000000, -0.8660254037844397068, -0.4999999999999980571 ) ) ;
#4253 = CARTESIAN_POINT ( 'NONE',  ( 1.216873555470457502, 2.737500000000013145, -4.741489085720159480 ) ) ;
#4254 = UNCERTAINTY_MEASURE_WITH_UNIT (LENGTH_MEASURE( 1.000000000000000082E-05 ), #1955, 'distance_accuracy_value', 'NONE');
#4255 =( GEOMETRIC_REPRESENTATION_CONTEXT ( 3 ) GLOBAL_UNCERTAINTY_ASSIGNED_CONTEXT ( ( #3831 ) ) GLOBAL_UNIT_ASSIGNED_CONTEXT ( ( #3146, #6100, #722 ) ) REPRESENTATION_CONTEXT ( 'NONE', 'WORKASPACE' ) );
#4256 = CARTESIAN_POINT ( 'NONE',  ( -19.92709219242683361, 0.000000000000000000, 0.000000000000000000 ) ) ;
#4257 = CARTESIAN_POINT ( 'NONE',  ( 1.216873555469097479, 2.877404942410812350, 4.660714929557957298 ) ) ;
#4258 = ORIENTED_EDGE ( 'NONE', *, *, #2162, .F. ) ;
#4259 = VERTEX_POINT ( 'NONE', #27 ) ;
#4260 = CARTESIAN_POINT ( 'NONE',  ( -0.3145222742842014862, -1.152673889721744116, -4.891362290108565603 ) ) ;
#4261 = VERTEX_POINT ( 'NONE', #1191 ) ;
#4262 = DIRECTION ( 'NONE',  ( 0.000000000000000000, 0.000000000000000000, -1.000000000000000000 ) ) ;
#4263 = PRESENTATION_LAYER_ASSIGNMENT (  '', '', ( #254 ) ) ;
#4264 = SURFACE_STYLE_FILL_AREA ( #6515 ) ;
#4265 = CIRCLE ( 'NONE', #512, 1.073181601594058732 ) ;
#4266 = DIRECTION ( 'NONE',  ( -1.000000000000000000, -0.000000000000000000, -0.000000000000000000 ) ) ;
#4267 =( NAMED_UNIT ( * ) PLANE_ANGLE_UNIT ( ) SI_UNIT ( $, .RADIAN. ) );
#4268 = ADVANCED_FACE ( 'NONE', ( #3564 ), #5921, .T. ) ;
#4269 = DIRECTION ( 'NONE',  ( 0.000000000000000000, 0.8660254037844329345, -0.5000000000000099920 ) ) ;
#4270 = AXIS2_PLACEMENT_3D ( 'NONE', #7072, #6543, #5898 ) ;
#4271 = CARTESIAN_POINT ( 'NONE',  ( -0.9843303561304962424, 0.000000000000000000, 0.000000000000000000 ) ) ;
#4272 = DIRECTION ( 'NONE',  ( -1.000000000000000000, -0.000000000000000000, -0.000000000000000000 ) ) ;
#4273 = B_SPLINE_CURVE_WITH_KNOTS ( 'NONE', 3,
 ( #801, #3182, #2074, #6636, #4437, #2483, #3235, #1822, #2448, #3679, #1192, #5447, #5588, #5374, #4897, #272, #3025, #3058 ),
 .UNSPECIFIED., .F., .F.,
 ( 4, 2, 2, 2, 2, 2, 2, 2, 4 ),
 ( 0.001924500009535641803, 0.002405502955714992723, 0.002886505901894343643, 0.003367508848073694563, 0.003848511794253045050, 0.004329514740432395536, 0.004810517686611746890, 0.005291520632791098244, 0.005772523578970448731 ),
 .UNSPECIFIED. ) ;
#4274 = STYLED_ITEM ( 'NONE', ( #5158 ), #3399 ) ;
#4275 = PLANE ( 'NONE',  #594 ) ;
#4276 = SURFACE_SIDE_STYLE ('',( #1384 ) ) ;
#4277 = DIRECTION ( 'NONE',  ( 0.000000000000000000, 0.000000000000000000, -1.000000000000000000 ) ) ;
#4278 = EDGE_CURVE ( 'NONE', #6353, #5925, #5189, .T. ) ;
#4279 = SPHERICAL_SURFACE ( 'NONE', #2097, 1.237499999999996936 ) ;
#4280 = CARTESIAN_POINT ( 'NONE',  ( 1.216873555469096146, -2.512499999999960210, 4.351777654016827590 ) ) ;
#4281 =( NAMED_UNIT ( * ) PLANE_ANGLE_UNIT ( ) SI_UNIT ( $, .RADIAN. ) );
#4282 = DIRECTION ( 'NONE',  ( 0.000000000000000000, 0.000000000000000000, 1.000000000000000000 ) ) ;
#4283 = AXIS2_PLACEMENT_3D ( 'NONE', #3929, #4464, #5017 ) ;
#4284 = CARTESIAN_POINT ( 'NONE',  ( 1.216873555470457724, -1.740180527098523552E-13, -5.475000000000316724 ) ) ;
#4285 =( LENGTH_UNIT ( ) NAMED_UNIT ( * ) SI_UNIT ( .MILLI., .METRE. ) );
#4286 = ORIENTED_EDGE ( 'NONE', *, *, #7290, .T. ) ;
#4287 = DIRECTION ( 'NONE',  ( 0.000000000000000000, 0.8660254037844382635, -0.5000000000000007772 ) ) ;
#4288 = EDGE_LOOP ( 'NONE', ( #7019, #7470 ) ) ;
#4289 = DIRECTION ( 'NONE',  ( -1.000000000000000000, -0.000000000000000000, -0.000000000000000000 ) ) ;
#4290 = COLOUR_RGB ( '',0.6470588235294117974, 0.6196078431372549211, 0.5882352941176470784 ) ;
#4291 = SURFACE_STYLE_FILL_AREA ( #7162 ) ;
#4292 = PRESENTATION_LAYER_ASSIGNMENT (  '', '', ( #7671 ) ) ;
#4293 = CARTESIAN_POINT ( 'NONE',  ( -1.072710203640914184, 5.018575783695686354, 0.2859250200170400658 ) ) ;
#4294 = CARTESIAN_POINT ( 'NONE',  ( -0.1137298752287533438, 4.787650106792877835, -1.526116461788765255 ) ) ;
#4295 = CARTESIAN_POINT ( 'NONE',  ( 1.237499999999999822, -4.546633369868282593, 2.625000000000037303 ) ) ;
#4296 = CARTESIAN_POINT ( 'NONE',  ( 1.216873555469097479, 2.737500000000055778, 4.741489085719770458 ) ) ;
#4297 = ORIENTED_EDGE ( 'NONE', *, *, #5876, .F. ) ;
#4298 = ORIENTED_EDGE ( 'NONE', *, *, #4087, .F. ) ;
#4299 = CARTESIAN_POINT ( 'NONE',  ( -0.9843303561304969085, 0.000000000000000000, 0.000000000000000000 ) ) ;
#4300 = EDGE_LOOP ( 'NONE', ( #2115, #4249, #7424, #6131 ) ) ;
#4301 = DIRECTION ( 'NONE',  ( -1.000000000000000000, -0.000000000000000000, -0.000000000000000000 ) ) ;
#4302 = PRESENTATION_STYLE_ASSIGNMENT (( #3665 ) ) ;
#4303 = SURFACE_STYLE_FILL_AREA ( #4375 ) ;
#4304 = STYLED_ITEM ( 'NONE', ( #4065 ), #5559 ) ;
#4305 = AXIS2_PLACEMENT_3D ( 'NONE', #2986, #4199, #6042 ) ;
#4306 = B_SPLINE_CURVE_WITH_KNOTS ( 'NONE', 3,
 ( #5412, #5452, #677, #6674, #1195, #1858 ),
 .UNSPECIFIED., .F., .F.,
 ( 4, 2, 4 ),
 ( 0.006480373041532914470, 0.006820975947040253465, 0.007161578852547591592 ),
 .UNSPECIFIED. ) ;
#4307 = EDGE_CURVE ( 'NONE', #5492, #5086, #2336, .T. ) ;
#4308 = COLOUR_RGB ( '',0.6470588235294117974, 0.6196078431372549211, 0.5882352941176470784 ) ;
#4309 = FACE_BOUND ( 'NONE', #4404, .T. ) ;
#4310 = CARTESIAN_POINT ( 'NONE',  ( -3.499999999999999556, 0.000000000000000000, 0.000000000000000000 ) ) ;
#4311 = COLOUR_RGB ( '',0.5294117647058823595, 0.5490196078431373028, 0.5490196078431373028 ) ;
#4312 = CARTESIAN_POINT ( 'NONE',  ( 0.3375000000000030753, -4.771575093816230684, -1.575657362522904004 ) ) ;
#4313 = CARTESIAN_POINT ( 'NONE',  ( -1.216873555469091706, -2.374758597666902116, -4.431302689732373956 ) ) ;
#4314 = CARTESIAN_POINT ( 'NONE',  ( -1.184161683711921098, -2.781828220606370028, 4.187225725368494800 ) ) ;
#4315 = CARTESIAN_POINT ( 'NONE',  ( -0.3164798858092589540, -4.891496487355282419, -1.152102331139198022 ) ) ;
#4316 = CARTESIAN_POINT ( 'NONE',  ( -2.500000000000001332, 3.918869757271531939E-16, -3.200000000000001510 ) ) ;
#4317 = EDGE_CURVE ( 'NONE', #4555, #3661, #2119, .T. ) ;
#4318 = DIRECTION ( 'NONE',  ( -0.000000000000000000, -0.8660254037844432595, -0.4999999999999919509 ) ) ;
#4319 = VERTEX_POINT ( 'NONE', #1644 ) ;
#4320 = CARTESIAN_POINT ( 'NONE',  ( 1.216873555469098145, -2.877404942410779487, -4.660714929557980390 ) ) ;
#4321 = ORIENTED_EDGE ( 'NONE', *, *, #3423, .F. ) ;
#4322 = SURFACE_SIDE_STYLE ('',( #5388 ) ) ;
#4323 = CARTESIAN_POINT ( 'NONE',  ( 1.124999999999998224, 5.499083108677935350E-14, 5.250000000000000000 ) ) ;
#4324 = VECTOR ( 'NONE', #672, 1000.000000000000000 ) ;
#4325 = EDGE_CURVE ( 'NONE', #3851, #5504, #73, .T. ) ;
#4326 =( NAMED_UNIT ( * ) PLANE_ANGLE_UNIT ( ) SI_UNIT ( $, .RADIAN. ) );
#4327 = CARTESIAN_POINT ( 'NONE',  ( -19.92709219242683361, 0.000000000000000000, 0.000000000000000000 ) ) ;
#4328 = FACE_OUTER_BOUND ( 'NONE', #2698, .T. ) ;
#4329 = ORIENTED_EDGE ( 'NONE', *, *, #381, .T. ) ;
#4330 = ORIENTED_EDGE ( 'NONE', *, *, #4960, .T. ) ;
#4331 =( NAMED_UNIT ( * ) PLANE_ANGLE_UNIT ( ) SI_UNIT ( $, .RADIAN. ) );
#4332 = FILL_AREA_STYLE ('',( #6622 ) ) ;
#4333 = ORIENTED_EDGE ( 'NONE', *, *, #7649, .F. ) ;
#4334 = CARTESIAN_POINT ( 'NONE',  ( -1.184509137125795863, -4.502506502262880517, -2.235888882112406773 ) ) ;
#4335 = CIRCLE ( 'NONE', #3450, 3.200000000000002398 ) ;
#4336 = PRESENTATION_STYLE_ASSIGNMENT (( #154 ) ) ;
#4337 = CIRCLE ( 'NONE', #2215, 4.012500000000002842 ) ;
#4338 = SURFACE_STYLE_FILL_AREA ( #1219 ) ;
#4339 = DIRECTION ( 'NONE',  ( 1.000000000000000000, 0.000000000000000000, 0.000000000000000000 ) ) ;
#4340 = STYLED_ITEM ( 'NONE', ( #7412 ), #3913 ) ;
#4341 = CARTESIAN_POINT ( 'NONE',  ( 0.3375000000000029088, 5.183890602451919349, 1.761505952817276510 ) ) ;
#4342 =( LENGTH_UNIT ( ) NAMED_UNIT ( * ) SI_UNIT ( .MILLI., .METRE. ) );
#4343 = DIRECTION ( 'NONE',  ( 0.000000000000000000, 0.000000000000000000, 1.000000000000000000 ) ) ;
#4344 = STYLED_ITEM ( 'NONE', ( #7656 ), #4066 ) ;
#4345 = CARTESIAN_POINT ( 'NONE',  ( -3.499999999999999556, 0.000000000000000000, 4.500000000000001776 ) ) ;
#4346 = PRESENTATION_STYLE_ASSIGNMENT (( #1337 ) ) ;
#4347 = CARTESIAN_POINT ( 'NONE',  ( 0.3375000000000029643, 4.546633369868299468, -2.625000000000005329 ) ) ;
#4348 = DIRECTION ( 'NONE',  ( 0.000000000000000000, -0.8660254037844382635, 0.5000000000000007772 ) ) ;
#4349 = CIRCLE ( 'NONE', #599, 1.237499999999996936 ) ;
#4350 = CIRCLE ( 'NONE', #1602, 1.073181601594058732 ) ;
#4351 = CARTESIAN_POINT ( 'NONE',  ( -0.3164496935152072421, -3.443614407752247253, 3.660008334471432700 ) ) ;
#4352 = MECHANICAL_DESIGN_GEOMETRIC_PRESENTATION_REPRESENTATION (  '', ( #6331 ), #983 ) ;
#4353 = CARTESIAN_POINT ( 'NONE',  ( 1.186094323803414063, 2.455355156608401757, -4.895853191224160739 ) ) ;
#4354 = EDGE_CURVE ( 'NONE', #3660, #5773, #62, .T. ) ;
#4355 = AXIS2_PLACEMENT_3D ( 'NONE', #760, #4318, #3614 ) ;
#4356 = CYLINDRICAL_SURFACE ( 'NONE', #4631, 5.475000000000000533 ) ;
#4357 = AXIS2_PLACEMENT_3D ( 'NONE', #3447, #2878, #5244 ) ;
#4358 = CARTESIAN_POINT ( 'NONE',  ( -0.2288706956799324566, 1.543028613918619341, -4.782349675994529647 ) ) ;
#4359 = ORIENTED_EDGE ( 'NONE', *, *, #2519, .T. ) ;
#4360 = CARTESIAN_POINT ( 'NONE',  ( 0.9766114375336404363, -3.367476254988105211, -4.318452722995139936 ) ) ;
#4361 = EDGE_LOOP ( 'NONE', ( #1440, #811 ) ) ;
#4362 = STYLED_ITEM ( 'NONE', ( #271 ), #1969 ) ;
#4363 = PRESENTATION_STYLE_ASSIGNMENT (( #1396 ) ) ;
#4364 = DIRECTION ( 'NONE',  ( -1.000000000000000000, -0.000000000000000000, -0.000000000000000000 ) ) ;
#4365 =( NAMED_UNIT ( * ) SI_UNIT ( $, .STERADIAN. ) SOLID_ANGLE_UNIT ( ) );
#4366 = EDGE_LOOP ( 'NONE', ( #3651, #6454 ) ) ;
#4367 = ORIENTED_EDGE ( 'NONE', *, *, #1466, .F. ) ;
#4368 = PRESENTATION_LAYER_ASSIGNMENT (  '', '', ( #4243 ) ) ;
#4369 = CARTESIAN_POINT ( 'NONE',  ( 2.951763000829056837E-15, 2.625000000000053291, 4.546633369868272823 ) ) ;
#4370 = CARTESIAN_POINT ( 'NONE',  ( -1.216873555469089929, -0.1570758158020352513, -5.024999999999999467 ) ) ;
#4371 = VERTEX_POINT ( 'NONE', #7000 ) ;
#4372 = ADVANCED_FACE ( 'NONE', ( #2732 ), #6946, .T. ) ;
#4373 = TOROIDAL_SURFACE ( 'NONE', #1002, 6.199999999999997513, 0.1999999999999990119 ) ;
#4374 = CARTESIAN_POINT ( 'NONE',  ( -0.5849056324006366436, 4.910726076368613136, -1.067867343015380444 ) ) ;
#4375 = FILL_AREA_STYLE ('',( #4951 ) ) ;
#4376 = COLOUR_RGB ( '',1.000000000000000000, 1.000000000000000000, 1.000000000000000000 ) ;
#4377 =( NAMED_UNIT ( * ) PLANE_ANGLE_UNIT ( ) SI_UNIT ( $, .RADIAN. ) );
#4378 =( NAMED_UNIT ( * ) PLANE_ANGLE_UNIT ( ) SI_UNIT ( $, .RADIAN. ) );
#4379 = CIRCLE ( 'NONE', #4491, 6.058578643762684734 ) ;
#4380 = ORIENTED_EDGE ( 'NONE', *, *, #6065, .F. ) ;
#4381 = DIRECTION ( 'NONE',  ( -1.000000000000000000, -0.000000000000000000, -0.000000000000000000 ) ) ;
#4382 = ADVANCED_FACE ( 'NONE', ( #6305 ), #1141, .T. ) ;
#4383 = CARTESIAN_POINT ( 'NONE',  ( -0.6188283613273929396, 4.110516372475650826, -3.617091090961436883 ) ) ;
#4384 = FILL_AREA_STYLE_COLOUR ( '', #3813 ) ;
#4385 = UNCERTAINTY_MEASURE_WITH_UNIT (LENGTH_MEASURE( 1.000000000000000082E-05 ), #1124, 'distance_accuracy_value', 'NONE');
#4386 = UNCERTAINTY_MEASURE_WITH_UNIT (LENGTH_MEASURE( 1.000000000000000082E-05 ), #5077, 'distance_accuracy_value', 'NONE');
#4387 = CARTESIAN_POINT ( 'NONE',  ( -2.500000000000001332, 0.000000000000000000, 0.000000000000000000 ) ) ;
#4388 = CARTESIAN_POINT ( 'NONE',  ( -0.5863608480670838841, 4.910819625947170586, 1.067464387587506724 ) ) ;
#4389 = CARTESIAN_POINT ( 'NONE',  ( -0.7525402123772445551, 1.839374689528527895, -5.158076629468525631 ) ) ;
#4390 = COLOUR_RGB ( '',0.6470588235294117974, 0.6196078431372549211, 0.5882352941176470784 ) ;
#4391 = B_SPLINE_CURVE_WITH_KNOTS ( 'NONE', 3,
 ( #379, #6899, #4057, #6990, #7511, #2150, #4515, #6346, #4020, #3897, #1556, #6300, #970, #5136, #7556, #4549, #2848, #496 ),
 .UNSPECIFIED., .F., .F.,
 ( 4, 2, 2, 2, 2, 2, 2, 2, 4 ),
 ( 0.005649204378755515350, 0.006119817975306322301, 0.006590431571857129252, 0.007061045168407937070, 0.007531658764958744021, 0.008002272361509550971, 0.008472885958060357922, 0.008943499554611164873, 0.009414113151161971824 ),
 .UNSPECIFIED. ) ;
#4392 = CARTESIAN_POINT ( 'NONE',  ( -0.7525402123772445551, 5.158076629468544283, 1.839374689528473272 ) ) ;
#4393 = ORIENTED_EDGE ( 'NONE', *, *, #4354, .T. ) ;
#4394 = CARTESIAN_POINT ( 'NONE',  ( -0.1578090310811129937, 1.418333126981436765, 4.820680050771454006 ) ) ;
#4395 = ORIENTED_EDGE ( 'NONE', *, *, #4036, .F. ) ;
#4396 = EDGE_CURVE ( 'NONE', #4261, #4788, #4204, .T. ) ;
#4397 = FACE_OUTER_BOUND ( 'NONE', #4366, .T. ) ;
#4398 = SURFACE_STYLE_USAGE ( .BOTH. , #1470 ) ;
#4399 =( NAMED_UNIT ( * ) PLANE_ANGLE_UNIT ( ) SI_UNIT ( $, .RADIAN. ) );
#4400 = ORIENTED_EDGE ( 'NONE', *, *, #2034, .T. ) ;
#4401 = ORIENTED_EDGE ( 'NONE', *, *, #7249, .F. ) ;
#4402 =( NAMED_UNIT ( * ) SI_UNIT ( $, .STERADIAN. ) SOLID_ANGLE_UNIT ( ) );
#4403 = STYLED_ITEM ( 'NONE', ( #7505 ), #1545 ) ;
#4404 = EDGE_LOOP ( 'NONE', ( #4717, #4070 ) ) ;
#4405 = ADVANCED_FACE ( 'NONE', ( #3508 ), #4186, .F. ) ;
#4406 =( LENGTH_UNIT ( ) NAMED_UNIT ( * ) SI_UNIT ( .MILLI., .METRE. ) );
#4407 = SURFACE_STYLE_USAGE ( .BOTH. , #6005 ) ;
#4408 = EDGE_LOOP ( 'NONE', ( #5809, #6219, #615, #5172, #1550, #7664 ) ) ;
#4409 = CARTESIAN_POINT ( 'NONE',  ( 0.3375000000000044631, 0.000000000000000000, 0.000000000000000000 ) ) ;
#4410 = COLOUR_RGB ( '',0.5294117647058823595, 0.5490196078431373028, 0.5490196078431373028 ) ;
#4411 = DIRECTION ( 'NONE',  ( -0.000000000000000000, 1.000000000000000000, 1.224646799147353207E-16 ) ) ;
#4412 = PRODUCT_DEFINITION ( '未知', '', #7210, #7530 ) ;
#4413 = FILL_AREA_STYLE ('',( #2042 ) ) ;
#4414 = SURFACE_SIDE_STYLE ('',( #6561 ) ) ;
#4415 = PRODUCT_DEFINITION_SHAPE ( 'NONE', 'NONE',  #4412 ) ;
#4416 = MECHANICAL_DESIGN_GEOMETRIC_PRESENTATION_REPRESENTATION (  '', ( #3673 ), #7432 ) ;
#4417 = AXIS2_PLACEMENT_3D ( 'NONE', #6768, #4424, #4910 ) ;
#4418 = CARTESIAN_POINT ( 'NONE',  ( 2.951763000829056837E-15, 4.546633369868299468, -2.625000000000005329 ) ) ;
#4419 = PRESENTATION_STYLE_ASSIGNMENT (( #6170 ) ) ;
#4420 = ORIENTED_EDGE ( 'NONE', *, *, #5481, .T. ) ;
#4421 = AXIS2_PLACEMENT_3D ( 'NONE', #3674, #1264, #1851 ) ;
#4422 = CARTESIAN_POINT ( 'NONE',  ( -0.9684278525401796012, 1.849049199763128204, 4.673716618225737029 ) ) ;
#4423 = ORIENTED_EDGE ( 'NONE', *, *, #42, .F. ) ;
#4424 = DIRECTION ( 'NONE',  ( -1.000000000000000000, -0.000000000000000000, -0.000000000000000000 ) ) ;
#4425 = DIRECTION ( 'NONE',  ( -1.000000000000000000, -0.000000000000000000, -0.000000000000000000 ) ) ;
#4426 = CARTESIAN_POINT ( 'NONE',  ( 0.3375000000000030753, -4.771575093816209368, 1.575657362522971061 ) ) ;
#4427 = MECHANICAL_DESIGN_GEOMETRIC_PRESENTATION_REPRESENTATION (  '', ( #5186 ), #6670 ) ;
#4428 = VERTEX_POINT ( 'NONE', #46 ) ;
#4429 = ORIENTED_EDGE ( 'NONE', *, *, #1782, .T. ) ;
#4430 = PRESENTATION_STYLE_ASSIGNMENT (( #262 ) ) ;
#4431 = SURFACE_STYLE_USAGE ( .BOTH. , #6388 ) ;
#4432 = CARTESIAN_POINT ( 'NONE',  ( 1.216873555469097479, 2.737500000000055778, 4.741489085719770458 ) ) ;
#4433 = ADVANCED_FACE ( 'NONE', ( #5871 ), #4638, .T. ) ;
#4434 = CARTESIAN_POINT ( 'NONE',  ( -1.102270384252416857, 5.024999999999999467, -0.1442170219588323199 ) ) ;
#4435 = AXIS2_PLACEMENT_3D ( 'NONE', #2832, #3134, #2411 ) ;
#4436 = DIRECTION ( 'NONE',  ( 0.000000000000000000, 0.8660254037844344888, -0.5000000000000071054 ) ) ;
#4437 = CARTESIAN_POINT ( 'NONE',  ( -0.9774912523502850004, -5.423762760077588396, -0.7563220946942549316 ) ) ;
#4438 = ORIENTED_EDGE ( 'NONE', *, *, #4486, .T. ) ;
#4439 = CARTESIAN_POINT ( 'NONE',  ( -1.216873555469057289, -2.598251301820937886, -4.821884359097779793 ) ) ;
#4440 = EDGE_CURVE ( 'NONE', #3921, #7194, #2116, .T. ) ;
#4441 =( NAMED_UNIT ( * ) PLANE_ANGLE_UNIT ( ) SI_UNIT ( $, .RADIAN. ) );
#4442 = PRESENTATION_STYLE_ASSIGNMENT (( #3827 ) ) ;
#4443 = FACE_OUTER_BOUND ( 'NONE', #3456, .T. ) ;
#4444 = UNCERTAINTY_MEASURE_WITH_UNIT (LENGTH_MEASURE( 1.000000000000000082E-05 ), #2784, 'distance_accuracy_value', 'NONE');
#4445 = AXIS2_PLACEMENT_3D ( 'NONE', #2642, #6763, #4451 ) ;
#4446 = ADVANCED_FACE ( 'NONE', ( #2933, #4985 ), #812, .T. ) ;
#4447 = CARTESIAN_POINT ( 'NONE',  ( 0.3375000000000029088, -5.370133928571432236, -1.066436397168616601 ) ) ;
#4448 = SURFACE_SIDE_STYLE ('',( #2085 ) ) ;
#4449 = SURFACE_SIDE_STYLE ('',( #2639 ) ) ;
#4450 = CARTESIAN_POINT ( 'NONE',  ( -1.216873555469091484, 4.741489085719837071, 2.737499999999939426 ) ) ;
#4451 = DIRECTION ( 'NONE',  ( 0.000000000000000000, 0.000000000000000000, 1.000000000000000000 ) ) ;
#4452 = VERTEX_POINT ( 'NONE', #3189 ) ;
#4453 = STYLED_ITEM ( 'NONE', ( #6247 ), #7486 ) ;
#4454 = CARTESIAN_POINT ( 'NONE',  ( 0.6171494958829061295, 5.188032411269629662, -1.750416590129453720 ) ) ;
#4455 = ORIENTED_EDGE ( 'NONE', *, *, #3499, .F. ) ;
#4456 = UNCERTAINTY_MEASURE_WITH_UNIT (LENGTH_MEASURE( 1.000000000000000082E-05 ), #3072, 'distance_accuracy_value', 'NONE');
#4457 = EDGE_CURVE ( 'NONE', #4555, #3005, #356, .T. ) ;
#4458 =( NAMED_UNIT ( * ) SI_UNIT ( $, .STERADIAN. ) SOLID_ANGLE_UNIT ( ) );
#4459 = B_SPLINE_CURVE_WITH_KNOTS ( 'NONE', 3,
 ( #5039, #6476, #4641, #7004, #3834, #6437 ),
 .UNSPECIFIED., .F., .F.,
 ( 4, 2, 4 ),
 ( 0.006480373041532911868, 0.006820975947040249995, 0.007161578852547588990 ),
 .UNSPECIFIED. ) ;
#4460 = CARTESIAN_POINT ( 'NONE',  ( -2.441421356237306384, 0.000000000000000000, 4.441421356237311713 ) ) ;
#4461 = CIRCLE ( 'NONE', #5814, 5.475000000000000533 ) ;
#4462 =( GEOMETRIC_REPRESENTATION_CONTEXT ( 3 ) GLOBAL_UNCERTAINTY_ASSIGNED_CONTEXT ( ( #2201 ) ) GLOBAL_UNIT_ASSIGNED_CONTEXT ( ( #4009, #2761, #4458 ) ) REPRESENTATION_CONTEXT ( 'NONE', 'WORKASPACE' ) );
#4463 = CIRCLE ( 'NONE', #6474, 1.237499999999996714 ) ;
#4464 = DIRECTION ( 'NONE',  ( -0.000000000000000000, 0.000000000000000000, 1.000000000000000000 ) ) ;
#4465 = ORIENTED_EDGE ( 'NONE', *, *, #7260, .F. ) ;
#4466 = EDGE_LOOP ( 'NONE', ( #4185, #4006, #5751, #5774, #5848, #4151 ) ) ;
#4467 = SURFACE_STYLE_USAGE ( .BOTH. , #6934 ) ;
#4468 = CARTESIAN_POINT ( 'NONE',  ( -1.216873555469089929, -4.351777654016784957, 2.512500000000035705 ) ) ;
#4469 = AXIS2_PLACEMENT_3D ( 'NONE', #2813, #6307, #7603 ) ;
#4470 = CARTESIAN_POINT ( 'NONE',  ( 0.3375000000000029643, 5.499083108677935350E-14, 5.250000000000000000 ) ) ;
#4471 = PRESENTATION_STYLE_ASSIGNMENT (( #3856 ) ) ;
#4472 = STYLED_ITEM ( 'NONE', ( #7711 ), #6302 ) ;
#4473 = AXIS2_PLACEMENT_3D ( 'NONE', #167, #3026, #707 ) ;
#4474 = SPHERICAL_SURFACE ( 'NONE', #3619, 1.124999999999995115 ) ;
#4475 = CARTESIAN_POINT ( 'NONE',  ( -0.1623272491987211574, -3.736258041268436969, 4.001999606619767391 ) ) ;
#4476 = CIRCLE ( 'NONE', #1876, 0.1999999999999987899 ) ;
#4477 = DIRECTION ( 'NONE',  ( 0.000000000000000000, -1.000000000000000000, -1.224646799147353454E-16 ) ) ;
#4478 =( GEOMETRIC_REPRESENTATION_CONTEXT ( 3 ) GLOBAL_UNCERTAINTY_ASSIGNED_CONTEXT ( ( #5593 ) ) GLOBAL_UNIT_ASSIGNED_CONTEXT ( ( #5630, #7522, #7565 ) ) REPRESENTATION_CONTEXT ( 'NONE', 'WORKASPACE' ) );
#4479 = ORIENTED_EDGE ( 'NONE', *, *, #5349, .F. ) ;
#4480 = CARTESIAN_POINT ( 'NONE',  ( 0.8106505333347263642, 4.944155350870197196, -0.9209575396342017939 ) ) ;
#4481 =( LENGTH_UNIT ( ) NAMED_UNIT ( * ) SI_UNIT ( .MILLI., .METRE. ) );
#4482 = CARTESIAN_POINT ( 'NONE',  ( -0.3374999999999969691, -1.761505952817365550, -5.183890602451887375 ) ) ;
#4483 = ORIENTED_EDGE ( 'NONE', *, *, #1451, .T. ) ;
#4484 = CARTESIAN_POINT ( 'NONE',  ( -2.500000000000001332, 3.200000000000001510, 0.000000000000000000 ) ) ;
#4485 = DIRECTION ( 'NONE',  ( 0.000000000000000000, 0.5000000000000099920, 0.8660254037844328234 ) ) ;
#4486 = EDGE_CURVE ( 'NONE', #1283, #5360, #5709, .T. ) ;
#4487 = AXIS2_PLACEMENT_3D ( 'NONE', #4, #7598, #2927 ) ;
#4488 = CIRCLE ( 'NONE', #5111, 1.073181601594058732 ) ;
#4489 = CARTESIAN_POINT ( 'NONE',  ( -0.6066795256490181698, 1.559643906801509994, -4.777195101010568656 ) ) ;
#4490 = DIRECTION ( 'NONE',  ( 0.000000000000000000, -0.4999999999999948375, 0.8660254037844415942 ) ) ;
#4491 = AXIS2_PLACEMENT_3D ( 'NONE', #2092, #7421, #6291 ) ;
#4492 = CARTESIAN_POINT ( 'NONE',  ( -3.499999999999999556, 0.000000000000000000, 0.000000000000000000 ) ) ;
#4493 = COLOUR_RGB ( '',0.6470588235294117974, 0.6196078431372549211, 0.5882352941176470784 ) ;
#4494 = DIRECTION ( 'NONE',  ( 0.000000000000000000, -1.224646799147353947E-16, 1.000000000000000000 ) ) ;
#4495 = AXIS2_PLACEMENT_3D ( 'NONE', #5674, #6716, #357 ) ;
#4496 = CARTESIAN_POINT ( 'NONE',  ( -0.1461704162247607353, 5.359260605031953340, 1.119799438524530455 ) ) ;
#4497 = DIRECTION ( 'NONE',  ( 0.000000000000000000, 1.000000000000000000, -1.047444401652940322E-14 ) ) ;
#4498 = ADVANCED_FACE ( 'NONE', ( #3116, #4877 ), #6773, .T. ) ;
#4499 = CARTESIAN_POINT ( 'NONE',  ( -0.3237003905340471999, 4.025397093648634517, 3.711580936677651099 ) ) ;
#4500 = AXIS2_PLACEMENT_3D ( 'NONE', #1170, #3540, #2961 ) ;
#4501 = CYLINDRICAL_SURFACE ( 'NONE', #589, 5.475000000000000533 ) ;
#4502 = ORIENTED_EDGE ( 'NONE', *, *, #5104, .F. ) ;
#4503 = FACE_OUTER_BOUND ( 'NONE', #6094, .T. ) ;
#4504 = VERTEX_POINT ( 'NONE', #1917 ) ;
#4505 = FILL_AREA_STYLE_COLOUR ( '', #4963 ) ;
#4506 = CARTESIAN_POINT ( 'NONE',  ( -0.7438253086346636733, 0.9507475945650250004, -4.935456310241969291 ) ) ;
#4507 = CARTESIAN_POINT ( 'NONE',  ( -0.1577470958357153341, -4.883932675978575944, 1.182297190411712995 ) ) ;
#4508 = EDGE_CURVE ( 'NONE', #6680, #4319, #5443, .T. ) ;
#4509 = DIRECTION ( 'NONE',  ( 0.000000000000000000, -0.8660254037844345998, 0.5000000000000071054 ) ) ;
#4510 =( LENGTH_UNIT ( ) NAMED_UNIT ( * ) SI_UNIT ( .MILLI., .METRE. ) );
#4511 = ORIENTED_EDGE ( 'NONE', *, *, #1795, .F. ) ;
#4512 = ORIENTED_EDGE ( 'NONE', *, *, #5552, .T. ) ;
#4513 = CARTESIAN_POINT ( 'NONE',  ( -0.3222421747442711926, -1.629900123589659966, 5.227146843786484531 ) ) ;
#4514 = FACE_OUTER_BOUND ( 'NONE', #5241, .T. ) ;
#4515 = CARTESIAN_POINT ( 'NONE',  ( -0.6073178875565881096, -3.739553136311692505, 3.357056292692570221 ) ) ;
#4516 = SURFACE_SIDE_STYLE ('',( #2725 ) ) ;
#4517 = DIRECTION ( 'NONE',  ( -1.000000000000000000, -0.000000000000000000, -0.000000000000000000 ) ) ;
#4518 = COLOUR_RGB ( '',0.6470588235294117974, 0.6196078431372549211, 0.5882352941176470784 ) ;
#4519 = DIRECTION ( 'NONE',  ( 0.000000000000000000, 0.5000000000000069944, 0.8660254037844345998 ) ) ;
#4520 = ORIENTED_EDGE ( 'NONE', *, *, #3878, .F. ) ;
#4521 = CARTESIAN_POINT ( 'NONE',  ( -0.2294076944467709767, -1.727728249028822827, 5.195368396035701331 ) ) ;
#4522 = DIRECTION ( 'NONE',  ( 0.000000000000000000, 1.000000000000000000, 0.000000000000000000 ) ) ;
#4523 = CYLINDRICAL_SURFACE ( 'NONE', #3620, 5.475000000000000533 ) ;
#4524 = CARTESIAN_POINT ( 'NONE',  ( 1.186246345985058070, -2.455581101507922526, -4.895758463743381306 ) ) ;
#4525 = CARTESIAN_POINT ( 'NONE',  ( -1.216873555470451507, 4.741489085720149710, -2.737500000000029576 ) ) ;
#4526 = UNCERTAINTY_MEASURE_WITH_UNIT (LENGTH_MEASURE( 1.000000000000000082E-05 ), #908, 'distance_accuracy_value', 'NONE');
#4527 = AXIS2_PLACEMENT_3D ( 'NONE', #4001, #3953, #6324 ) ;
#4528 =( NAMED_UNIT ( * ) SI_UNIT ( $, .STERADIAN. ) SOLID_ANGLE_UNIT ( ) );
#4529 = EDGE_CURVE ( 'NONE', #7339, #733, #337, .T. ) ;
#4530 =( NAMED_UNIT ( * ) SI_UNIT ( $, .STERADIAN. ) SOLID_ANGLE_UNIT ( ) );
#4531 = STYLED_ITEM ( 'NONE', ( #6539 ), #597 ) ;
#4532 = FILL_AREA_STYLE ('',( #2868 ) ) ;
#4533 = STYLED_ITEM ( 'NONE', ( #2743 ), #877 ) ;
#4534 = FILL_AREA_STYLE_COLOUR ( '', #4290 ) ;
#4535 = CARTESIAN_POINT ( 'NONE',  ( -0.2282113725549039795, 3.370277656634141472, 3.727338007256156160 ) ) ;
#4536 = ORIENTED_EDGE ( 'NONE', *, *, #1409, .T. ) ;
#4537 = CARTESIAN_POINT ( 'NONE',  ( 0.9766093576085687067, 5.075628505799310020, -2.055978850831163829 ) ) ;
#4538 = VERTEX_POINT ( 'NONE', #3893 ) ;
#4539 = CIRCLE ( 'NONE', #1684, 1.237499999999997158 ) ;
#4540 = ADVANCED_FACE ( 'NONE', ( #3339 ), #3351, .T. ) ;
#4541 = SURFACE_SIDE_STYLE ('',( #6887 ) ) ;
#4542 = CARTESIAN_POINT ( 'NONE',  ( 1.184200262941313753, 0.3157408673798685617, -5.017161983730496821 ) ) ;
#4543 = CARTESIAN_POINT ( 'NONE',  ( 0.7438253086346704457, -4.935456310241966627, 0.9507475945650409876 ) ) ;
#4544 = PRESENTATION_STYLE_ASSIGNMENT (( #6218 ) ) ;
#4545 = ORIENTED_EDGE ( 'NONE', *, *, #3999, .T. ) ;
#4546 = ORIENTED_EDGE ( 'NONE', *, *, #4801, .F. ) ;
#4547 = DIRECTION ( 'NONE',  ( -1.000000000000000000, 0.000000000000000000, 0.000000000000000000 ) ) ;
#4548 = CARTESIAN_POINT ( 'NONE',  ( -0.9766114375336356623, 3.367476254988073237, -4.318452722995161253 ) ) ;
#4549 = CARTESIAN_POINT ( 'NONE',  ( 1.184161683711926427, -4.187225725368445950, 2.781828220606441526 ) ) ;
#4551 = ADVANCED_FACE ( 'NONE', ( #7553, #5058 ), #7461, .T. ) ;
#4550 = COLOUR_RGB ( '',0.6470588235294117974, 0.6196078431372549211, 0.5882352941176470784 ) ;
#4552 = SURFACE_STYLE_USAGE ( .BOTH. , #4516 ) ;
#4553 = CARTESIAN_POINT ( 'NONE',  ( -0.3374999999999969691, 3.608627975754136852, 4.117454205283237023 ) ) ;
#4554 = ORIENTED_EDGE ( 'NONE', *, *, #6076, .F. ) ;
#4555 = VERTEX_POINT ( 'NONE', #6222 ) ;
#4556 = CARTESIAN_POINT ( 'NONE',  ( -0.7413020568654430376, 0.9528082703364517680, 4.935075243021938896 ) ) ;
#4557 = CARTESIAN_POINT ( 'NONE',  ( 0.3375000000000029088, -4.117454205283250346, 3.608627975754123085 ) ) ;
#4558 = SURFACE_SIDE_STYLE ('',( #7605 ) ) ;
#4559 = CARTESIAN_POINT ( 'NONE',  ( 2.951763000829056837E-15, 4.546633369868299468, -2.625000000000005329 ) ) ;
#4560 = FACE_BOUND ( 'NONE', #5383, .T. ) ;
#4561 = MECHANICAL_DESIGN_GEOMETRIC_PRESENTATION_REPRESENTATION (  '', ( #91 ), #7596 ) ;
#4562 = FACE_OUTER_BOUND ( 'NONE', #99, .T. ) ;
#4563 = SURFACE_SIDE_STYLE ('',( #6544 ) ) ;
#4564 = VERTEX_POINT ( 'NONE', #5933 ) ;
#4565 = FILL_AREA_STYLE ('',( #6368 ) ) ;
#4566 = AXIS2_PLACEMENT_3D ( 'NONE', #3316, #6161, #5551 ) ;
#4567 = PRESENTATION_LAYER_ASSIGNMENT (  '', '', ( #330 ) ) ;
#4568 = CARTESIAN_POINT ( 'NONE',  ( -0.3374999999999969691, -2.624999999999958256, 4.546633369868327001 ) ) ;
#4569 = CARTESIAN_POINT ( 'NONE',  ( 2.951763000829056837E-15, -2.625000000000021760, -4.546633369868291474 ) ) ;
#4570 = AXIS2_PLACEMENT_3D ( 'NONE', #5367, #50, #1223 ) ;
#4571 = CARTESIAN_POINT ( 'NONE',  ( 0.2288940565160177132, -1.101593916517696448, 5.363152117918899009 ) ) ;
#4572 = EDGE_LOOP ( 'NONE', ( #2712, #3547 ) ) ;
#4573 = SURFACE_STYLE_USAGE ( .BOTH. , #2876 ) ;
#4574 = ORIENTED_EDGE ( 'NONE', *, *, #6831, .F. ) ;
#4575 = EDGE_CURVE ( 'NONE', #7342, #2252, #6502, .T. ) ;
#4576 = DIRECTION ( 'NONE',  ( -1.000000000000000000, 0.000000000000000000, -0.000000000000000000 ) ) ;
#4577 = COLOUR_RGB ( '',0.5294117647058823595, 0.5490196078431373028, 0.5490196078431373028 ) ;
#4578 = CARTESIAN_POINT ( 'NONE',  ( 0.1604339755935514367, -3.465615128512607335, -3.638699879211154009 ) ) ;
#4579 = ORIENTED_EDGE ( 'NONE', *, *, #7433, .F. ) ;
#4580 = ORIENTED_EDGE ( 'NONE', *, *, #2125, .F. ) ;
#4581 = CIRCLE ( 'NONE', #7362, 5.025000000000001243 ) ;
#4582 = CARTESIAN_POINT ( 'NONE',  ( -1.186246345985052519, -2.455581101507854580, 4.895758463743415945 ) ) ;
#4583 = CARTESIAN_POINT ( 'NONE',  ( 1.065679434814409410, -0.6205631166707682445, -5.441787282991783492 ) ) ;
#4584 = SPHERICAL_SURFACE ( 'NONE', #466, 1.124999999999995115 ) ;
#4585 =( GEOMETRIC_REPRESENTATION_CONTEXT ( 3 ) GLOBAL_UNCERTAINTY_ASSIGNED_CONTEXT ( ( #400 ) ) GLOBAL_UNIT_ASSIGNED_CONTEXT ( ( #2315, #4101, #6472 ) ) REPRESENTATION_CONTEXT ( 'NONE', 'WORKASPACE' ) );
#4586 = DIRECTION ( 'NONE',  ( 0.000000000000000000, 0.8660254037844450359, 0.4999999999999891198 ) ) ;
#4587 = AXIS2_PLACEMENT_3D ( 'NONE', #58, #2915, #5278 ) ;
#4588 = DIRECTION ( 'NONE',  ( -1.000000000000000000, -0.000000000000000000, -0.000000000000000000 ) ) ;
#4589 = CIRCLE ( 'NONE', #4355, 1.237499999999996714 ) ;
#4590 = EDGE_CURVE ( 'NONE', #7077, #3885, #1488, .T. ) ;
#4591 = CARTESIAN_POINT ( 'NONE',  ( -0.1429900500964990939, 4.909306953610291124, -1.072068209158532959 ) ) ;
#4592 = ORIENTED_EDGE ( 'NONE', *, *, #2326, .F. ) ;
#4593 = AXIS2_PLACEMENT_3D ( 'NONE', #4839, #4883, #7247 ) ;
#4594 = CARTESIAN_POINT ( 'NONE',  ( -2.300000000000001599, 0.000000000000000000, 3.200000000000001510 ) ) ;
#4595 = CARTESIAN_POINT ( 'NONE',  ( -0.3374999999999969691, -4.117454205283249458, 3.608627975754121753 ) ) ;
#4596 = FILL_AREA_STYLE_COLOUR ( '', #4410 ) ;
#4597 = CARTESIAN_POINT ( 'NONE',  ( 1.216873555469097257, 5.024999999999999467, 0.2605543568552804445 ) ) ;
#4598 = TOROIDAL_SURFACE ( 'NONE', #613, 6.199999999999997513, 0.1999999999999987899 ) ;
#4599 = MECHANICAL_DESIGN_GEOMETRIC_PRESENTATION_REPRESENTATION (  '', ( #4243 ), #7377 ) ;
#4600 = DIRECTION ( 'NONE',  ( 0.000000000000000000, 0.4999999999999891198, -0.8660254037844450359 ) ) ;
#4601 = ORIENTED_EDGE ( 'NONE', *, *, #727, .T. ) ;
#4602 = UNCERTAINTY_MEASURE_WITH_UNIT (LENGTH_MEASURE( 1.000000000000000082E-05 ), #6196, 'distance_accuracy_value', 'NONE');
#4603 = FILL_AREA_STYLE ('',( #1570 ) ) ;
#4604 = EDGE_CURVE ( 'NONE', #6220, #5470, #2493, .T. ) ;
#4605 = CIRCLE ( 'NONE', #5968, 1.073181601594058732 ) ;
#4606 = DIRECTION ( 'NONE',  ( 0.000000000000000000, 0.000000000000000000, 1.000000000000000000 ) ) ;
#4607 = CARTESIAN_POINT ( 'NONE',  ( 0.3375000000000030753, 3.750346850512999541, 3.344476566048450117 ) ) ;
#4608 = MECHANICAL_DESIGN_GEOMETRIC_PRESENTATION_REPRESENTATION (  '', ( #248 ), #2257 ) ;
#4609 = UNCERTAINTY_MEASURE_WITH_UNIT (LENGTH_MEASURE( 1.000000000000000082E-05 ), #2733, 'distance_accuracy_value', 'NONE');
#4610 =( LENGTH_UNIT ( ) NAMED_UNIT ( * ) SI_UNIT ( .MILLI., .METRE. ) );
#4611 =( GEOMETRIC_REPRESENTATION_CONTEXT ( 3 ) GLOBAL_UNCERTAINTY_ASSIGNED_CONTEXT ( ( #3281 ) ) GLOBAL_UNIT_ASSIGNED_CONTEXT ( ( #5283, #412, #5853 ) ) REPRESENTATION_CONTEXT ( 'NONE', 'WORKASPACE' ) );
#4612 = CARTESIAN_POINT ( 'NONE',  ( 2.499999999999996003, 0.000000000000000000, 0.000000000000000000 ) ) ;
#4613 = LINE ( 'NONE', #7097, #2166 ) ;
#4614 = SURFACE_STYLE_FILL_AREA ( #2248 ) ;
#4615 = CARTESIAN_POINT ( 'NONE',  ( -0.3374999999999969691, -4.117454205283249458, 3.608627975754121753 ) ) ;
#4616 = EDGE_LOOP ( 'NONE', ( #3967, #4628, #3817, #3815, #3465 ) ) ;
#4617 = PRESENTATION_LAYER_ASSIGNMENT (  '', '', ( #6102 ) ) ;
#4618 = UNCERTAINTY_MEASURE_WITH_UNIT (LENGTH_MEASURE( 1.000000000000000082E-05 ), #6498, 'distance_accuracy_value', 'NONE');
#4619 = CARTESIAN_POINT ( 'NONE',  ( -0.1603182285372142801, -5.236684552382552482, -1.597735866490162193 ) ) ;
#4620 = CYLINDRICAL_SURFACE ( 'NONE', #6235, 5.475000000000000533 ) ;
#4621 = MECHANICAL_DESIGN_GEOMETRIC_PRESENTATION_REPRESENTATION (  '', ( #2023 ), #3019 ) ;
#4622 =( LENGTH_UNIT ( ) NAMED_UNIT ( * ) SI_UNIT ( .MILLI., .METRE. ) );
#4623 = SURFACE_SIDE_STYLE ('',( #6337 ) ) ;
#4625 = EDGE_CURVE ( 'NONE', #35, #4259, #5997, .T. ) ;
#4624 = CARTESIAN_POINT ( 'NONE',  ( 0.6093760516249127068, -3.356287618679212770, -3.740250609034082796 ) ) ;
#4626 = ORIENTED_EDGE ( 'NONE', *, *, #4977, .T. ) ;
#4627 = VERTEX_POINT ( 'NONE', #6425 ) ;
#4628 = ORIENTED_EDGE ( 'NONE', *, *, #1581, .T. ) ;
#4629 =( GEOMETRIC_REPRESENTATION_CONTEXT ( 3 ) GLOBAL_UNCERTAINTY_ASSIGNED_CONTEXT ( ( #6886 ) ) GLOBAL_UNIT_ASSIGNED_CONTEXT ( ( #4981, #6178, #5574 ) ) REPRESENTATION_CONTEXT ( 'NONE', 'WORKASPACE' ) );
#4630 = B_SPLINE_CURVE_WITH_KNOTS ( 'NONE', 3,
 ( #6751, #6665, #3129, #1335, #3713, #2590, #162, #2555, #4931, #1416, #7326, #1963, #824, #1382, #3792, #459, #4635, #7516 ),
 .UNSPECIFIED., .F., .F.,
 ( 4, 2, 2, 2, 2, 2, 2, 2, 4 ),
 ( 5.473126138976498932E-13, 0.0004355896638829118129, 0.0008711793272185108881, 0.001306768990554110126, 0.001742358653889709364, 0.002177948317225308818, 0.002613537980560908056, 0.003049127643896507728, 0.003484717307232106966 ),
 .UNSPECIFIED. ) ;
#4631 = AXIS2_PLACEMENT_3D ( 'NONE', #3687, #3722, #1347 ) ;
#4632 = DIRECTION ( 'NONE',  ( 0.000000000000000000, 1.047444401652940480E-14, 1.000000000000000000 ) ) ;
#4633 = DIRECTION ( 'NONE',  ( 0.000000000000000000, 0.000000000000000000, 1.000000000000000000 ) ) ;
#4634 = AXIS2_PLACEMENT_3D ( 'NONE', #4612, #2947, #2329 ) ;
#4635 = CARTESIAN_POINT ( 'NONE',  ( 1.102270384252428403, 5.475000000000001421, -0.1453090473532527849 ) ) ;
#4636 = VERTEX_POINT ( 'NONE', #606 ) ;
#4637 = ORIENTED_EDGE ( 'NONE', *, *, #1834, .T. ) ;
#4638 = SPHERICAL_SURFACE ( 'NONE', #5094, 1.237499999999996936 ) ;
#4639 = CARTESIAN_POINT ( 'NONE',  ( 2.951763000829056837E-15, 2.624999999999989786, -4.546633369868309238 ) ) ;
#4640 = CARTESIAN_POINT ( 'NONE',  ( 0.3375000000000044631, 5.344821428571431277, -1.186806174859089902 ) ) ;
#4641 = CARTESIAN_POINT ( 'NONE',  ( 0.1142805821702311542, -3.715423797405081441, 3.383230854313024505 ) ) ;
#4642 = EDGE_CURVE ( 'NONE', #846, #3778, #4463, .T. ) ;
#4643 = CARTESIAN_POINT ( 'NONE',  ( 2.499999999999997780, 4.300000000000001599, 0.000000000000000000 ) ) ;
#4644 = CARTESIAN_POINT ( 'NONE',  ( -0.3374999999999969691, 5.025000000000001243, 0.000000000000000000 ) ) ;
#4645 = ORIENTED_EDGE ( 'NONE', *, *, #5518, .F. ) ;
#4646 = CARTESIAN_POINT ( 'NONE',  ( 0.3375000000000044631, 0.000000000000000000, 0.000000000000000000 ) ) ;
#4647 = AXIS2_PLACEMENT_3D ( 'NONE', #1250, #5426, #1873 ) ;
#4648 = FACE_OUTER_BOUND ( 'NONE', #1289, .T. ) ;
#4649 = EDGE_CURVE ( 'NONE', #7316, #4017, #362, .T. ) ;
#4650 = ADVANCED_FACE ( 'NONE', ( #4018, #6386 ), #1672, .T. ) ;
#4651 = PLANE ( 'NONE',  #2016 ) ;
#4652 = DIRECTION ( 'NONE',  ( 0.000000000000000000, -1.224646799147353207E-16, 1.000000000000000000 ) ) ;
#4653 = UNCERTAINTY_MEASURE_WITH_UNIT (LENGTH_MEASURE( 1.000000000000000082E-05 ), #7328, 'distance_accuracy_value', 'NONE');
#4654 = CARTESIAN_POINT ( 'NONE',  ( -0.3374999999999969691, -1.066436397168560424, 5.370133928571442006 ) ) ;
#4655 =( NAMED_UNIT ( * ) PLANE_ANGLE_UNIT ( ) SI_UNIT ( $, .RADIAN. ) );
#4656 = VERTEX_POINT ( 'NONE', #2302 ) ;
#4657 = CARTESIAN_POINT ( 'NONE',  ( -2.299999999999997602, 0.000000000000000000, 4.300000000000001599 ) ) ;
#4658 = CARTESIAN_POINT ( 'NONE',  ( -0.3222421747442710815, -5.227146843786478314, -1.629900123589677730 ) ) ;
#4659 = STYLED_ITEM ( 'NONE', ( #4336 ), #5712 ) ;
#4660 =( GEOMETRIC_REPRESENTATION_CONTEXT ( 3 ) GLOBAL_UNCERTAINTY_ASSIGNED_CONTEXT ( ( #2738 ) ) GLOBAL_UNIT_ASSIGNED_CONTEXT ( ( #3808, #7343, #6174 ) ) REPRESENTATION_CONTEXT ( 'NONE', 'WORKASPACE' ) );
#4661 = DIRECTION ( 'NONE',  ( 0.000000000000000000, 8.082152514542375808E-16, 1.000000000000000000 ) ) ;
#4662 = CARTESIAN_POINT ( 'NONE',  ( 0.3375000000004502732, 5.344821428571457922, 1.186806174858960672 ) ) ;
#4663 = DIRECTION ( 'NONE',  ( 0.000000000000000000, 0.000000000000000000, 1.000000000000000000 ) ) ;
#4664 = ORIENTED_EDGE ( 'NONE', *, *, #3032, .F. ) ;
#4665 = EDGE_LOOP ( 'NONE', ( #2449, #4201 ) ) ;
#4666 = ORIENTED_EDGE ( 'NONE', *, *, #2972, .T. ) ;
#4667 = SURFACE_SIDE_STYLE ('',( #3501 ) ) ;
#4668 = PRODUCT ( 'GB╱T 276-2013[一面带密封圈（非接触式）的深沟球轴承[60000-RZ]619／6-RZ]', 'GB╱T 276-2013[一面带密封圈（非接触式）的深沟球轴承[60000-RZ]619／6-RZ]', '', ( #3052 ) ) ;
#4669 = AXIS2_PLACEMENT_3D ( 'NONE', #1069, #7091, #3521 ) ;
#4670 = DIRECTION ( 'NONE',  ( 0.000000000000000000, 0.000000000000000000, -1.000000000000000000 ) ) ;
#4671 = DIRECTION ( 'NONE',  ( 0.000000000000000000, 0.000000000000000000, 1.000000000000000000 ) ) ;
#4672 = ORIENTED_EDGE ( 'NONE', *, *, #6371, .T. ) ;
#4673 = ORIENTED_EDGE ( 'NONE', *, *, #204, .F. ) ;
#4674 = DIRECTION ( 'NONE',  ( 0.000000000000000000, 0.000000000000000000, 1.000000000000000000 ) ) ;
#4675 = SURFACE_STYLE_FILL_AREA ( #3467 ) ;
#4676 = AXIS2_PLACEMENT_3D ( 'NONE', #507, #7645, #5827 ) ;
#4677 = AXIS2_PLACEMENT_3D ( 'NONE', #6668, #6085, #3830 ) ;
#4678 = CARTESIAN_POINT ( 'NONE',  ( -0.3374999999999969691, 1.066436397168672778, 5.370133928571419801 ) ) ;
#4679 = CARTESIAN_POINT ( 'NONE',  ( -0.9843303561304969085, 0.000000000000000000, 5.999999999999997335 ) ) ;
#4680 = EDGE_CURVE ( 'NONE', #3660, #4743, #5826, .T. ) ;
#4681 = SURFACE_STYLE_USAGE ( .BOTH. , #348 ) ;
#4682 = CARTESIAN_POINT ( 'NONE',  ( 0.7428168629650925281, -0.9514577221364568516, 4.935313654298872699 ) ) ;
#4683 = ORIENTED_EDGE ( 'NONE', *, *, #7049, .F. ) ;
#4684 = UNCERTAINTY_MEASURE_WITH_UNIT (LENGTH_MEASURE( 1.000000000000000082E-05 ), #1693, 'distance_accuracy_value', 'NONE');
#4685 = DIRECTION ( 'NONE',  ( 0.000000000000000000, 0.000000000000000000, -1.000000000000000000 ) ) ;
#4686 = EDGE_CURVE ( 'NONE', #1863, #57, #7276, .T. ) ;
#4687 = CARTESIAN_POINT ( 'NONE',  ( -2.300000000000002043, 0.000000000000000000, 0.000000000000000000 ) ) ;
#4688 = AXIS2_PLACEMENT_3D ( 'NONE', #3757, #789, #975 ) ;
#4689 = DIRECTION ( 'NONE',  ( 0.000000000000000000, 0.000000000000000000, 1.000000000000000000 ) ) ;
#4690 =( NAMED_UNIT ( * ) PLANE_ANGLE_UNIT ( ) SI_UNIT ( $, .RADIAN. ) );
#4691 = PRESENTATION_STYLE_ASSIGNMENT (( #6489 ) ) ;
#4692 = CARTESIAN_POINT ( 'NONE',  ( -0.9689635404861057788, 4.673595488726412839, 1.849409760455072327 ) ) ;
#4693 = EDGE_CURVE ( 'NONE', #4905, #2615, #709, .T. ) ;
#4694 = DIRECTION ( 'NONE',  ( 0.000000000000000000, 0.4999999999999891198, -0.8660254037844451469 ) ) ;
#4695 = PRESENTATION_LAYER_ASSIGNMENT (  '', '', ( #1718 ) ) ;
#4696 = ORIENTED_EDGE ( 'NONE', *, *, #84, .T. ) ;
#4697 = MECHANICAL_DESIGN_GEOMETRIC_PRESENTATION_REPRESENTATION (  '', ( #330 ), #5661 ) ;
#4698 = CARTESIAN_POINT ( 'NONE',  ( -1.237499999999993827, -1.833027702892645012E-14, -5.250000000000000000 ) ) ;
#4699 = CARTESIAN_POINT ( 'NONE',  ( -0.3374999999999970246, 1.575657362522921101, -4.771575093816225355 ) ) ;
#4700 = PRESENTATION_STYLE_ASSIGNMENT (( #2794 ) ) ;
#4701 = CIRCLE ( 'NONE', #708, 5.999999999999998224 ) ;
#4702 = CARTESIAN_POINT ( 'NONE',  ( -0.6182595144250968566, 1.077443667722425724, -5.368311648362885435 ) ) ;
#4703 = CARTESIAN_POINT ( 'NONE',  ( 1.216873555469152324, 5.475000000000014744, 0.2646783848736910527 ) ) ;
#4704 = B_SPLINE_CURVE_WITH_KNOTS ( 'NONE', 3,
 ( #6114, #2553, #228, #304, #5025, #6744 ),
 .UNSPECIFIED., .F., .F.,
 ( 4, 2, 4 ),
 ( 0.001924500009535643971, 0.002716386558474281898, 0.003508273107412919391 ),
 .UNSPECIFIED. ) ;
#4705 = ORIENTED_EDGE ( 'NONE', *, *, #2062, .T. ) ;
#4706 = ORIENTED_EDGE ( 'NONE', *, *, #4118, .T. ) ;
#4707 = CARTESIAN_POINT ( 'NONE',  ( 0.3375000000000029643, -2.625000000000021760, -4.546633369868291474 ) ) ;
#4708 = DIRECTION ( 'NONE',  ( -0.000000000000000000, 1.000000000000000000, 1.224646799147353207E-16 ) ) ;
#4709 = EDGE_CURVE ( 'NONE', #3958, #573, #804, .T. ) ;
#4710 = ORIENTED_EDGE ( 'NONE', *, *, #6406, .F. ) ;
#4711 = CARTESIAN_POINT ( 'NONE',  ( 1.237499999999999822, 2.625000000000053291, 4.546633369868272823 ) ) ;
#4712 = CIRCLE ( 'NONE', #3590, 1.237499999999996936 ) ;
#4713 = CARTESIAN_POINT ( 'NONE',  ( 2.951763000829056837E-15, -2.625000000000021760, -4.546633369868291474 ) ) ;
#4714 = CARTESIAN_POINT ( 'NONE',  ( -0.2291337308794229033, 5.195397486887797456, -1.727642638307750333 ) ) ;
#4715 = AXIS2_PLACEMENT_3D ( 'NONE', #2251, #1037, #7724 ) ;
#4716 = CARTESIAN_POINT ( 'NONE',  ( -1.216873555469090151, -2.376468353196368621, 4.430315561917186784 ) ) ;
#4717 = ORIENTED_EDGE ( 'NONE', *, *, #1650, .F. ) ;
#4718 = VERTEX_POINT ( 'NONE', #1392 ) ;
#4719 = FILL_AREA_STYLE ('',( #4760 ) ) ;
#4720 = DIRECTION ( 'NONE',  ( -1.000000000000000000, -0.000000000000000000, -0.000000000000000000 ) ) ;
#4721 = AXIS2_PLACEMENT_3D ( 'NONE', #6298, #5651, #6812 ) ;
#4722 =( LENGTH_UNIT ( ) NAMED_UNIT ( * ) SI_UNIT ( .MILLI., .METRE. ) );
#4723 = MECHANICAL_DESIGN_GEOMETRIC_PRESENTATION_REPRESENTATION (  '', ( #2606 ), #1232 ) ;
#4724 = SURFACE_STYLE_FILL_AREA ( #1882 ) ;
#4725 = AXIS2_PLACEMENT_3D ( 'NONE', #4734, #2864, #3520 ) ;
#4726 = FILL_AREA_STYLE ('',( #3911 ) ) ;
#4727 =( NAMED_UNIT ( * ) PLANE_ANGLE_UNIT ( ) SI_UNIT ( $, .RADIAN. ) );
#4728 = COLOUR_RGB ( '',1.000000000000000000, 1.000000000000000000, 1.000000000000000000 ) ;
#4729 = CIRCLE ( 'NONE', #4587, 1.237499999999996714 ) ;
#4730 = EDGE_LOOP ( 'NONE', ( #5527, #6826, #6850, #1087 ) ) ;
#4731 =( NAMED_UNIT ( * ) PLANE_ANGLE_UNIT ( ) SI_UNIT ( $, .RADIAN. ) );
#4732 = B_SPLINE_CURVE_WITH_KNOTS ( 'NONE', 3,
 ( #6549, #3079, #4334, #1842, #6110, #6148, #6028, #5505, #3779, #3664, #3702, #4919, #4950, #734, #815, #7356, #1325, #3119 ),
 .UNSPECIFIED., .F., .F.,
 ( 4, 2, 2, 2, 2, 2, 2, 2, 4 ),
 ( 0.001883778963244801645, 0.002354457140183635871, 0.002825135317122470097, 0.003295813494061303889, 0.003766491671000138115, 0.004237169847938972340, 0.004707848024877806133, 0.005178526201816640792, 0.005649204378755474584 ),
 .UNSPECIFIED. ) ;
#4733 = EDGE_CURVE ( 'NONE', #4452, #692, #6711, .T. ) ;
#4734 = CARTESIAN_POINT ( 'NONE',  ( 2.951763000829056837E-15, 4.546633369868336771, 2.624999999999942268 ) ) ;
#4735 =( GEOMETRIC_REPRESENTATION_CONTEXT ( 3 ) GLOBAL_UNCERTAINTY_ASSIGNED_CONTEXT ( ( #4609 ) ) GLOBAL_UNIT_ASSIGNED_CONTEXT ( ( #2733, #6823, #5629 ) ) REPRESENTATION_CONTEXT ( 'NONE', 'WORKASPACE' ) );
#4736 = CARTESIAN_POINT ( 'NONE',  ( 2.951763000829056837E-15, 4.546633369868299468, -2.625000000000005329 ) ) ;
#4737 = PRESENTATION_LAYER_ASSIGNMENT (  '', '', ( #3605 ) ) ;
#4738 = AXIS2_PLACEMENT_3D ( 'NONE', #7018, #5923, #2791 ) ;
#4739 = UNCERTAINTY_MEASURE_WITH_UNIT (LENGTH_MEASURE( 1.000000000000000082E-05 ), #1688, 'distance_accuracy_value', 'NONE');
#4740 = FILL_AREA_STYLE_COLOUR ( '', #4550 ) ;
#4741 = AXIS2_PLACEMENT_3D ( 'NONE', #119, #6112, #1257 ) ;
#4742 = FILL_AREA_STYLE ('',( #2447 ) ) ;
#4743 = VERTEX_POINT ( 'NONE', #175 ) ;
#4744 = CARTESIAN_POINT ( 'NONE',  ( 0.3237003905337408338, -5.341886611758551062, 1.201624832540729049 ) ) ;
#4745 =( NAMED_UNIT ( * ) SI_UNIT ( $, .STERADIAN. ) SOLID_ANGLE_UNIT ( ) );
#4746 = MECHANICAL_DESIGN_GEOMETRIC_PRESENTATION_REPRESENTATION (  '', ( #3490 ), #2631 ) ;
#4747 = EDGE_CURVE ( 'NONE', #4504, #4718, #7167, .T. ) ;
#4748 = CARTESIAN_POINT ( 'NONE',  ( -0.9682255742437042567, -3.123217765420661873, -3.938032942102136946 ) ) ;
#4749 = ORIENTED_EDGE ( 'NONE', *, *, #5552, .F. ) ;
#4750 = CARTESIAN_POINT ( 'NONE',  ( 2.951763000829056837E-15, 4.546633369868336771, 2.624999999999942268 ) ) ;
#4751 = DIRECTION ( 'NONE',  ( -1.000000000000000000, -0.000000000000000000, -0.000000000000000000 ) ) ;
#4752 = ORIENTED_EDGE ( 'NONE', *, *, #1691, .T. ) ;
#4753 = FILL_AREA_STYLE_COLOUR ( '', #4793 ) ;
#4754 = MECHANICAL_DESIGN_GEOMETRIC_PRESENTATION_REPRESENTATION (  '', ( #1775 ), #634 ) ;
#4755 = DIRECTION ( 'NONE',  ( 0.000000000000000000, -1.224646799147352961E-16, 1.000000000000000000 ) ) ;
#4756 =( NAMED_UNIT ( * ) PLANE_ANGLE_UNIT ( ) SI_UNIT ( $, .RADIAN. ) );
#4757 = CARTESIAN_POINT ( 'NONE',  ( 1.059998554186547315, -1.971765687694735592, 4.624265706669821618 ) ) ;
#4758 = ORIENTED_EDGE ( 'NONE', *, *, #6992, .T. ) ;
#4759 = ORIENTED_EDGE ( 'NONE', *, *, #1418, .T. ) ;
#4760 = FILL_AREA_STYLE_COLOUR ( '', #3102 ) ;
#4761 = PRESENTATION_LAYER_ASSIGNMENT (  '', '', ( #3136 ) ) ;
#4762 = CARTESIAN_POINT ( 'NONE',  ( 2.299999999999997158, 0.000000000000000000, 0.000000000000000000 ) ) ;
#4763 = PRESENTATION_STYLE_ASSIGNMENT (( #4062 ) ) ;
#4764 = FILL_AREA_STYLE_COLOUR ( '', #2243 ) ;
#4765 = CARTESIAN_POINT ( 'NONE',  ( -1.060888576746097822, -4.020771965135057080, -3.017419481698505379 ) ) ;
#4766 = PRESENTATION_LAYER_ASSIGNMENT (  '', '', ( #6878 ) ) ;
#4767 = B_SPLINE_CURVE_WITH_KNOTS ( 'NONE', 3,
 ( #5265, #5331, #1179, #7678, #1810, #5673 ),
 .UNSPECIFIED., .F., .F.,
 ( 4, 2, 4 ),
 ( 0.006630243725172176722, 0.006971267376515587547, 0.007312291027858998371 ),
 .UNSPECIFIED. ) ;
#4768 = CARTESIAN_POINT ( 'NONE',  ( -0.3164496931403825708, -1.152253390817005840, 4.891467399567018148 ) ) ;
#4769 = UNCERTAINTY_MEASURE_WITH_UNIT (LENGTH_MEASURE( 1.000000000000000082E-05 ), #7212, 'distance_accuracy_value', 'NONE');
#4770 = DIRECTION ( 'NONE',  ( 0.000000000000000000, -0.4999999999999918399, 0.8660254037844433705 ) ) ;
#4771 = EDGE_CURVE ( 'NONE', #538, #907, #1849, .T. ) ;
#4772 = DIRECTION ( 'NONE',  ( 0.000000000000000000, 1.224646799147353207E-16, -1.000000000000000000 ) ) ;
#4773 = CARTESIAN_POINT ( 'NONE',  ( 2.951763000829056837E-15, 2.625000000000053291, 4.546633369868272823 ) ) ;
#4774 =( LENGTH_UNIT ( ) NAMED_UNIT ( * ) SI_UNIT ( .MILLI., .METRE. ) );
#4775 = COLOUR_RGB ( '',0.5294117647058823595, 0.5490196078431373028, 0.5490196078431373028 ) ;
#4776 = CARTESIAN_POINT ( 'NONE',  ( -0.6074448382802987156, -1.560129390037699348, -4.777036105533015942 ) ) ;
#4777 = ORIENTED_EDGE ( 'NONE', *, *, #4077, .T. ) ;
#4778 = CARTESIAN_POINT ( 'NONE',  ( -0.7539527812220695457, -5.386927960990095521, 0.9848710283011347100 ) ) ;
#4779 = SURFACE_SIDE_STYLE ('',( #3645 ) ) ;
#4780 = PRESENTATION_LAYER_ASSIGNMENT (  '', '', ( #6767 ) ) ;
#4781 = CARTESIAN_POINT ( 'NONE',  ( 1.216873555469096368, 4.273250522075078273, -2.648512982295731177 ) ) ;
#4782 = EDGE_CURVE ( 'NONE', #1908, #5326, #1492, .T. ) ;
#4783 = CARTESIAN_POINT ( 'NONE',  ( 1.185664645333967204, 0.3225138123007962321, -5.467519656380324555 ) ) ;
#4784 = DIRECTION ( 'NONE',  ( 0.000000000000000000, 0.000000000000000000, -1.000000000000000000 ) ) ;
#4785 = ORIENTED_EDGE ( 'NONE', *, *, #2188, .T. ) ;
#4786 = CARTESIAN_POINT ( 'NONE',  ( 1.216873555469096146, 2.512499999999990408, -4.351777654016810715 ) ) ;
#4787 = CARTESIAN_POINT ( 'NONE',  ( 1.065679434814409410, 0.6205631166708069912, 5.441787282991779939 ) ) ;
#4788 = VERTEX_POINT ( 'NONE', #287 ) ;
#4789 = EDGE_CURVE ( 'NONE', #4983, #4788, #6088, .T. ) ;
#4790 = AXIS2_PLACEMENT_3D ( 'NONE', #3038, #4289, #4908 ) ;
#4791 = FILL_AREA_STYLE ('',( #1985 ) ) ;
#4792 = CARTESIAN_POINT ( 'NONE',  ( -0.2282113723961841090, 1.055077064873329196, 4.913108231081964483 ) ) ;
#4793 = COLOUR_RGB ( '',0.5294117647058823595, 0.5490196078431373028, 0.5490196078431373028 ) ;
#4794 = STYLED_ITEM ( 'NONE', ( #7 ), #871 ) ;
#4795 = CARTESIAN_POINT ( 'NONE',  ( 0.3375000000000029643, -1.833027702892645012E-14, -5.250000000000000000 ) ) ;
#4796 =( LENGTH_UNIT ( ) NAMED_UNIT ( * ) SI_UNIT ( .MILLI., .METRE. ) );
#4797 = VERTEX_POINT ( 'NONE', #1431 ) ;
#4798 = ORIENTED_EDGE ( 'NONE', *, *, #3832, .F. ) ;
#4799 = CARTESIAN_POINT ( 'NONE',  ( 0.3375000000000030753, -3.344476566048462551, 3.750346850512987995 ) ) ;
#4800 = PRESENTATION_STYLE_ASSIGNMENT (( #2400 ) ) ;
#4801 = EDGE_CURVE ( 'NONE', #3150, #3841, #2866, .T. ) ;
#4802 = PRESENTATION_LAYER_ASSIGNMENT (  '', '', ( #429 ) ) ;
#4803 = CARTESIAN_POINT ( 'NONE',  ( 1.237499999999999822, 5.499083108677935350E-14, 5.250000000000000000 ) ) ;
#4804 = CARTESIAN_POINT ( 'NONE',  ( 2.499999999999998668, 0.000000000000000000, 4.300000000000001599 ) ) ;
#4805 = COLOUR_RGB ( '',0.6470588235294117974, 0.6196078431372549211, 0.5882352941176470784 ) ;
#4806 = B_SPLINE_CURVE_WITH_KNOTS ( 'NONE', 3,
 ( #3418, #1710, #5316, #2384, #4748, #7155, #6532, #1199, #3573, #4578, #5249, #4624, #7631, #6981, #4015, #1045, #7025, #7661 ),
 .UNSPECIFIED., .F., .F.,
 ( 4, 2, 2, 2, 2, 2, 2, 2, 4 ),
 ( 0.005649204378755517085, 0.006119817975306324036, 0.006590431571857130987, 0.007061045168407937070, 0.007531658764958744021, 0.008002272361509550971, 0.008472885958060357922, 0.008943499554611164873, 0.009414113151161971824 ),
 .UNSPECIFIED. ) ;
#4807 = EDGE_CURVE ( 'NONE', #3839, #5501, #1748, .T. ) ;
#4808 = CARTESIAN_POINT ( 'NONE',  ( 2.499999999999996003, 0.000000000000000000, 6.199999999999996625 ) ) ;
#4809 = FILL_AREA_STYLE_COLOUR ( '', #3964 ) ;
#4810 = FILL_AREA_STYLE_COLOUR ( '', #6306 ) ;
#4811 = SURFACE_STYLE_USAGE ( .BOTH. , #1303 ) ;
#4812 =( GEOMETRIC_REPRESENTATION_CONTEXT ( 3 ) GLOBAL_UNCERTAINTY_ASSIGNED_CONTEXT ( ( #3908 ) ) GLOBAL_UNIT_ASSIGNED_CONTEXT ( ( #980, #5225, #7042 ) ) REPRESENTATION_CONTEXT ( 'NONE', 'WORKASPACE' ) );
#4813 = DIRECTION ( 'NONE',  ( 0.000000000000000000, 0.5000000000000069944, 0.8660254037844347108 ) ) ;
#4814 =( NAMED_UNIT ( * ) SI_UNIT ( $, .STERADIAN. ) SOLID_ANGLE_UNIT ( ) );
#4815 = ORIENTED_EDGE ( 'NONE', *, *, #6843, .F. ) ;
#4816 = CARTESIAN_POINT ( 'NONE',  ( -0.3374999999999969691, -3.608627975754049810, 4.117454205283311630 ) ) ;
#4817 = CARTESIAN_POINT ( 'NONE',  ( -0.7429409894792227131, -4.935330379285247204, -0.9513800596651674768 ) ) ;
#4818 = CARTESIAN_POINT ( 'NONE',  ( 0.5611145740378277180, 5.387554986268249024, 0.9763310361955829242 ) ) ;
#4819 = STYLED_ITEM ( 'NONE', ( #5901 ), #4405 ) ;
#4820 = FILL_AREA_STYLE_COLOUR ( '', #114 ) ;
#4821 = ORIENTED_EDGE ( 'NONE', *, *, #1889, .F. ) ;
#4822 = CARTESIAN_POINT ( 'NONE',  ( 0.3227388460785763913, -1.201999427807628473, 5.341805891667450901 ) ) ;
#4823 = DIRECTION ( 'NONE',  ( 0.000000000000000000, -5.329070518200751394E-15, 1.000000000000000000 ) ) ;
#4824 = VERTEX_POINT ( 'NONE', #250 ) ;
#4825 = ADVANCED_FACE ( 'NONE', ( #4503 ), #1246, .F. ) ;
#4826 = PRESENTATION_LAYER_ASSIGNMENT (  '', '', ( #2344 ) ) ;
#4827 = PRESENTATION_STYLE_ASSIGNMENT (( #6684 ) ) ;
#4828 = AXIS2_PLACEMENT_3D ( 'NONE', #1520, #7594, #377 ) ;
#4829 = DIRECTION ( 'NONE',  ( -1.000000000000000000, -0.000000000000000000, -0.000000000000000000 ) ) ;
#4830 = SURFACE_STYLE_FILL_AREA ( #4913 ) ;
#4831 = VERTEX_POINT ( 'NONE', #6803 ) ;
#4832 = ORIENTED_EDGE ( 'NONE', *, *, #1145, .T. ) ;
#4833 = CARTESIAN_POINT ( 'NONE',  ( 0.1161341008350611770, 3.649247927219362975, 4.081496609501998662 ) ) ;
#4834 =( GEOMETRIC_REPRESENTATION_CONTEXT ( 3 ) GLOBAL_UNCERTAINTY_ASSIGNED_CONTEXT ( ( #256 ) ) GLOBAL_UNIT_ASSIGNED_CONTEXT ( ( #796, #6801, #6840 ) ) REPRESENTATION_CONTEXT ( 'NONE', 'WORKASPACE' ) );
#4835 = CARTESIAN_POINT ( 'NONE',  ( -0.3374999999999975242, 0.000000000000000000, 0.000000000000000000 ) ) ;
#4836 = VERTEX_POINT ( 'NONE', #6211 ) ;
#4837 = DIRECTION ( 'NONE',  ( 0.000000000000000000, 7.273937263088137734E-15, -1.000000000000000000 ) ) ;
#4838 =( LENGTH_UNIT ( ) NAMED_UNIT ( * ) SI_UNIT ( .MILLI., .METRE. ) );
#4839 = CARTESIAN_POINT ( 'NONE',  ( -3.499999999999999556, 0.000000000000000000, 0.000000000000000000 ) ) ;
#4840 = CARTESIAN_POINT ( 'NONE',  ( -2.300000000000001599, 5.510910596163092514E-16, -4.500000000000002665 ) ) ;
#4841 = EDGE_CURVE ( 'NONE', #6783, #3699, #7717, .T. ) ;
#4842 =( LENGTH_UNIT ( ) NAMED_UNIT ( * ) SI_UNIT ( .MILLI., .METRE. ) );
#4843 = AXIS2_PLACEMENT_3D ( 'NONE', #3534, #3422, #3577 ) ;
#4844 =( GEOMETRIC_REPRESENTATION_CONTEXT ( 3 ) GLOBAL_UNCERTAINTY_ASSIGNED_CONTEXT ( ( #5076 ) ) GLOBAL_UNIT_ASSIGNED_CONTEXT ( ( #865, #1383, #163 ) ) REPRESENTATION_CONTEXT ( 'NONE', 'WORKASPACE' ) );
#4845 = EDGE_CURVE ( 'NONE', #57, #4538, #3092, .T. ) ;
#4846 =( GEOMETRIC_REPRESENTATION_CONTEXT ( 3 ) GLOBAL_UNCERTAINTY_ASSIGNED_CONTEXT ( ( #5913 ) ) GLOBAL_UNIT_ASSIGNED_CONTEXT ( ( #3560, #1778, #6520 ) ) REPRESENTATION_CONTEXT ( 'NONE', 'WORKASPACE' ) );
#4847 = DIRECTION ( 'NONE',  ( -1.000000000000000000, -0.000000000000000000, -0.000000000000000000 ) ) ;
#4848 = CARTESIAN_POINT ( 'NONE',  ( 0.3375000000000029088, 5.183890602451894480, -1.761505952817349119 ) ) ;
#4849 = STYLED_ITEM ( 'NONE', ( #791 ), #6165 ) ;
#4850 = SURFACE_SIDE_STYLE ('',( #587 ) ) ;
#4851 = VECTOR ( 'NONE', #7737, 1000.000000000000000 ) ;
#4852 = FILL_AREA_STYLE ('',( #4810 ) ) ;
#4853 = SURFACE_SIDE_STYLE ('',( #3677 ) ) ;
#4854 = STYLED_ITEM ( 'NONE', ( #576 ), #2177 ) ;
#4855 = CARTESIAN_POINT ( 'NONE',  ( -19.92709219242683361, 0.000000000000000000, 5.475000000000000533 ) ) ;
#4856 = SURFACE_STYLE_FILL_AREA ( #1449 ) ;
#4857 = STYLED_ITEM ( 'NONE', ( #4922 ), #6361 ) ;
#4858 = CARTESIAN_POINT ( 'NONE',  ( 1.216873555469095924, -2.512500000000020162, -4.351777654016792063 ) ) ;
#4859 = CIRCLE ( 'NONE', #6592, 1.237499999999996936 ) ;
#4860 = FACE_OUTER_BOUND ( 'NONE', #2146, .T. ) ;
#4861 = CARTESIAN_POINT ( 'NONE',  ( 0.6066795256469368347, -4.916994269710309950, -1.037906306358302722 ) ) ;
#4862 = CARTESIAN_POINT ( 'NONE',  ( 1.124999999999998224, -4.546633369868282593, 2.625000000000037303 ) ) ;
#4863 = COLOUR_RGB ( '',0.5294117647058823595, 0.5490196078431373028, 0.5490196078431373028 ) ;
#4864 =( NAMED_UNIT ( * ) PLANE_ANGLE_UNIT ( ) SI_UNIT ( $, .RADIAN. ) );
#4865 = STYLED_ITEM ( 'NONE', ( #222 ), #195 ) ;
#4866 = VERTEX_POINT ( 'NONE', #3524 ) ;
#4867 = CARTESIAN_POINT ( 'NONE',  ( -0.3237003905337329512, -1.201624832540673093, 5.341886611758563497 ) ) ;
#4868 = VERTEX_POINT ( 'NONE', #7099 ) ;
#4869 = FILL_AREA_STYLE_COLOUR ( '', #795 ) ;
#4870 =( GEOMETRIC_REPRESENTATION_CONTEXT ( 3 ) GLOBAL_UNCERTAINTY_ASSIGNED_CONTEXT ( ( #3206 ) ) GLOBAL_UNIT_ASSIGNED_CONTEXT ( ( #1445, #1593, #6858 ) ) REPRESENTATION_CONTEXT ( 'NONE', 'WORKASPACE' ) );
#4871 = CARTESIAN_POINT ( 'NONE',  ( -0.2860378453013214251, 4.915418829683760649, 1.045041344641528758 ) ) ;
#4872 = CARTESIAN_POINT ( 'NONE',  ( -19.92709219242683361, 0.000000000000000000, 0.000000000000000000 ) ) ;
#4873 = ADVANCED_FACE ( 'NONE', ( #4004 ), #6378, .T. ) ;
#4874 = CARTESIAN_POINT ( 'NONE',  ( 0.9766114375336411024, 3.367476254988134521, 4.318452722995115955 ) ) ;
#4875 = ORIENTED_EDGE ( 'NONE', *, *, #3041, .F. ) ;
#4876 = ORIENTED_EDGE ( 'NONE', *, *, #5917, .T. ) ;
#4877 = FACE_OUTER_BOUND ( 'NONE', #1953, .T. ) ;
#4878 = CARTESIAN_POINT ( 'NONE',  ( -0.9689635404817501518, -0.7351619098066121127, -4.972157300476230724 ) ) ;
#4879 = VERTEX_POINT ( 'NONE', #4615 ) ;
#4880 = AXIS2_PLACEMENT_3D ( 'NONE', #5401, #4269, #6628 ) ;
#4881 = CARTESIAN_POINT ( 'NONE',  ( 0.3375000000000030753, 3.750346850512952912, -3.344476566048502963 ) ) ;
#4882 = AXIS2_PLACEMENT_3D ( 'NONE', #2454, #2567, #1902 ) ;
#4883 = DIRECTION ( 'NONE',  ( -1.000000000000000000, -0.000000000000000000, -0.000000000000000000 ) ) ;
#4884 = DIRECTION ( 'NONE',  ( 0.000000000000000000, 0.000000000000000000, 1.000000000000000000 ) ) ;
#4885 = CARTESIAN_POINT ( 'NONE',  ( 0.000000000000000000, 0.000000000000000000, 0.000000000000000000 ) ) ;
#4886 = CARTESIAN_POINT ( 'NONE',  ( 1.186246345985057848, 2.455581101507955388, 4.895758463743367095 ) ) ;
#4887 = AXIS2_PLACEMENT_3D ( 'NONE', #3332, #5168, #292 ) ;
#4888 = CARTESIAN_POINT ( 'NONE',  ( -1.216873555470451729, -4.741489085720130170, 2.737500000000062439 ) ) ;
#4889 = CARTESIAN_POINT ( 'NONE',  ( 0.3375000000000044631, 0.000000000000000000, 0.000000000000000000 ) ) ;
#4890 = EDGE_CURVE ( 'NONE', #966, #2615, #2382, .T. ) ;
#4891 = PLANE ( 'NONE',  #7440 ) ;
#4892 = AXIS2_PLACEMENT_3D ( 'NONE', #3367, #2086, #6799 ) ;
#4893 = CARTESIAN_POINT ( 'NONE',  ( 0.6188283613273967143, -4.110516372475673919, -3.617091090961408906 ) ) ;
#4894 =( NAMED_UNIT ( * ) PLANE_ANGLE_UNIT ( ) SI_UNIT ( $, .RADIAN. ) );
#4895 = B_SPLINE_CURVE_WITH_KNOTS ( 'NONE', 3,
 ( #3504, #5980, #2347, #5866, #4714, #6507 ),
 .UNSPECIFIED., .F., .F.,
 ( 4, 2, 4 ),
 ( 0.003144056225734956009, 0.003485646593208239271, 0.003827236960681522533 ),
 .UNSPECIFIED. ) ;
#4896 = SURFACE_STYLE_USAGE ( .BOTH. , #1662 ) ;
#4897 = CARTESIAN_POINT ( 'NONE',  ( 1.065237977602516040, -5.441694280249719462, -0.6215246106915739421 ) ) ;
#4898 = FILL_AREA_STYLE ('',( #3095 ) ) ;
#4899 = EDGE_CURVE ( 'NONE', #4259, #6105, #1374, .T. ) ;
#4900 = CARTESIAN_POINT ( 'NONE',  ( 0.3375000000000029643, 5.025000000000001243, 0.000000000000000000 ) ) ;
#4901 = DIRECTION ( 'NONE',  ( 0.000000000000000000, 1.421085471520201003E-14, -1.000000000000000000 ) ) ;
#4902 = AXIS2_PLACEMENT_3D ( 'NONE', #2542, #1471, #5615 ) ;
#4903 =( LENGTH_UNIT ( ) NAMED_UNIT ( * ) SI_UNIT ( .MILLI., .METRE. ) );
#4904 = DIRECTION ( 'NONE',  ( 0.000000000000000000, 0.000000000000000000, 1.000000000000000000 ) ) ;
#4905 = VERTEX_POINT ( 'NONE', #5799 ) ;
#4906 = CARTESIAN_POINT ( 'NONE',  ( -1.066282750803719814, -3.257152822151297311, -4.403264907450133769 ) ) ;
#4907 = ORIENTED_EDGE ( 'NONE', *, *, #7419, .T. ) ;
#4908 = DIRECTION ( 'NONE',  ( 0.000000000000000000, 0.000000000000000000, 1.000000000000000000 ) ) ;
#4909 = CIRCLE ( 'NONE', #1540, 4.500000000000002665 ) ;
#4910 = DIRECTION ( 'NONE',  ( 0.000000000000000000, 0.000000000000000000, 1.000000000000000000 ) ) ;
#4911 = DIRECTION ( 'NONE',  ( -1.000000000000000000, -0.000000000000000000, -0.000000000000000000 ) ) ;
#4912 = FACE_OUTER_BOUND ( 'NONE', #4210, .T. ) ;
#4913 = FILL_AREA_STYLE ('',( #6141 ) ) ;
#4914 = VERTEX_POINT ( 'NONE', #5884 ) ;
#4915 = ORIENTED_EDGE ( 'NONE', *, *, #3319, .T. ) ;
#4916 = PRESENTATION_STYLE_ASSIGNMENT (( #3700 ) ) ;
#4917 = DIRECTION ( 'NONE',  ( -1.000000000000000000, -0.000000000000000000, -0.000000000000000000 ) ) ;
#4918 = ORIENTED_EDGE ( 'NONE', *, *, #2831, .T. ) ;
#4919 = CARTESIAN_POINT ( 'NONE',  ( 0.6074448382803039337, -4.777036105533031041, -1.560129390037648944 ) ) ;
#4920 = B_SPLINE_CURVE_WITH_KNOTS ( 'NONE', 3,
 ( #2094, #2143, #7388, #3261, #3890, #2718 ),
 .UNSPECIFIED., .F., .F.,
 ( 4, 2, 4 ),
 ( 0.006480373043366847649, 0.006820975949056596287, 0.007161578854746344924 ),
 .UNSPECIFIED. ) ;
#4921 = CARTESIAN_POINT ( 'NONE',  ( 1.216873555469095924, -4.430315561917145040, 2.376468353196445449 ) ) ;
#4922 = PRESENTATION_STYLE_ASSIGNMENT (( #2549 ) ) ;
#4923 = CARTESIAN_POINT ( 'NONE',  ( 0.3375000000000030753, 3.750346850512999541, 3.344476566048450117 ) ) ;
#4924 = MECHANICAL_DESIGN_GEOMETRIC_PRESENTATION_REPRESENTATION (  '', ( #4659 ), #6778 ) ;
#4925 = PRESENTATION_LAYER_ASSIGNMENT (  '', '', ( #1948 ) ) ;
#4926 = DIRECTION ( 'NONE',  ( -1.000000000000000000, -0.000000000000000000, -0.000000000000000000 ) ) ;
#4927 = FACE_OUTER_BOUND ( 'NONE', #2767, .T. ) ;
#4928 = DIRECTION ( 'NONE',  ( 0.000000000000000000, 0.000000000000000000, 1.000000000000000000 ) ) ;
#4929 = CARTESIAN_POINT ( 'NONE',  ( 1.185729937395793021, 4.573808457111076642, -3.012996809067839177 ) ) ;
#4930 = EDGE_CURVE ( 'NONE', #5702, #5504, #7103, .T. ) ;
#4931 = CARTESIAN_POINT ( 'NONE',  ( -0.1460510581655765638, 5.359303995922695130, -1.119591750256384577 ) ) ;
#4932 = FILL_AREA_STYLE ('',( #1894 ) ) ;
#4933 = SURFACE_STYLE_USAGE ( .BOTH. , #1935 ) ;
#4934 = SURFACE_STYLE_FILL_AREA ( #1342 ) ;
#4935 = CARTESIAN_POINT ( 'NONE',  ( 0.1139799994183239851, -5.359286213971170554, -1.119676862645889281 ) ) ;
#4936 = EDGE_CURVE ( 'NONE', #7495, #5859, #1107, .T. ) ;
#4937 = FACE_OUTER_BOUND ( 'NONE', #1231, .T. ) ;
#4938 = ORIENTED_EDGE ( 'NONE', *, *, #2519, .F. ) ;
#4939 = CARTESIAN_POINT ( 'NONE',  ( -1.216873555470451729, -4.741489085720130170, 2.737500000000062439 ) ) ;
#4940 = ORIENTED_EDGE ( 'NONE', *, *, #4440, .F. ) ;
#4941 = CARTESIAN_POINT ( 'NONE',  ( 0.3375000000000030753, 3.344476566048489197, -3.750346850512964458 ) ) ;
#4942 = CARTESIAN_POINT ( 'NONE',  ( 2.951763000829056837E-15, 2.624999999999989786, -4.546633369868309238 ) ) ;
#4943 = CARTESIAN_POINT ( 'NONE',  ( -1.216873555469089929, -1.757224688439976805E-14, -5.025000000000000355 ) ) ;
#4944 = ADVANCED_FACE ( 'NONE', ( #3445 ), #4279, .T. ) ;
#4945 = DIRECTION ( 'NONE',  ( -0.000000000000000000, 0.000000000000000000, -1.000000000000000000 ) ) ;
#4946 = ORIENTED_EDGE ( 'NONE', *, *, #5268, .T. ) ;
#4947 = EDGE_LOOP ( 'NONE', ( #2218, #7275 ) ) ;
#4948 = DIRECTION ( 'NONE',  ( 0.000000000000000000, 0.8660254037844328234, -0.5000000000000099920 ) ) ;
#4949 = ORIENTED_EDGE ( 'NONE', *, *, #5438, .T. ) ;
#4950 = CARTESIAN_POINT ( 'NONE',  ( 0.7429409894823586491, -4.749811514361810261, -1.643745889321114095 ) ) ;
#4951 = FILL_AREA_STYLE_COLOUR ( '', #5698 ) ;
#4952 = CARTESIAN_POINT ( 'NONE',  ( -0.3374999999999970246, 3.344476566048489197, -3.750346850512964458 ) ) ;
#4953 = DIRECTION ( 'NONE',  ( 0.000000000000000000, -0.8660254037844345998, 0.5000000000000069944 ) ) ;
#4954 = ORIENTED_EDGE ( 'NONE', *, *, #3801, .F. ) ;
#4955 = CARTESIAN_POINT ( 'NONE',  ( -0.3374999999999969691, 5.499083108677935350E-14, 5.250000000000000000 ) ) ;
#4956 =( LENGTH_UNIT ( ) NAMED_UNIT ( * ) SI_UNIT ( .MILLI., .METRE. ) );
#4957 = CYLINDRICAL_SURFACE ( 'NONE', #5509, 4.500000000000002665 ) ;
#4958 = LINE ( 'NONE', #4345, #951 ) ;
#4959 =( GEOMETRIC_REPRESENTATION_CONTEXT ( 3 ) GLOBAL_UNCERTAINTY_ASSIGNED_CONTEXT ( ( #7613 ) ) GLOBAL_UNIT_ASSIGNED_CONTEXT ( ( #2556, #1531, #277 ) ) REPRESENTATION_CONTEXT ( 'NONE', 'WORKASPACE' ) );
#4960 = EDGE_CURVE ( 'NONE', #5270, #5862, #6069, .T. ) ;
#4961 = FILL_AREA_STYLE_COLOUR ( '', #5308 ) ;
#4962 = DIRECTION ( 'NONE',  ( 0.000000000000000000, 0.8660254037844417052, 0.4999999999999947820 ) ) ;
#4963 = COLOUR_RGB ( '',0.6470588235294117974, 0.6196078431372549211, 0.5882352941176470784 ) ;
#4964 = CARTESIAN_POINT ( 'NONE',  ( 1.216873555469097257, -2.650222503234618276, 4.272263529700829565 ) ) ;
#4965 = DIRECTION ( 'NONE',  ( 0.000000000000000000, 0.000000000000000000, 1.000000000000000000 ) ) ;
#4966 = STYLED_ITEM ( 'NONE', ( #5879 ), #5306 ) ;
#4967 = PLANE ( 'NONE',  #2368 ) ;
#4968 = AXIS2_PLACEMENT_3D ( 'NONE', #2955, #1128, #5206 ) ;
#4969 = SURFACE_STYLE_USAGE ( .BOTH. , #1977 ) ;
#4970 = CIRCLE ( 'NONE', #360, 5.025000000000001243 ) ;
#4971 = CARTESIAN_POINT ( 'NONE',  ( 0.3375000000000030753, -1.575657362522953742, -4.771575093816213808 ) ) ;
#4972 = VERTEX_POINT ( 'NONE', #1340 ) ;
#4973 = STYLED_ITEM ( 'NONE', ( #4916 ), #4498 ) ;
#4974 = CARTESIAN_POINT ( 'NONE',  ( 0.6066795256490238319, 1.559643906801576385, 4.777195101010546452 ) ) ;
#4975 = ORIENTED_EDGE ( 'NONE', *, *, #2857, .F. ) ;
#4976 = CIRCLE ( 'NONE', #5692, 4.500000000000001776 ) ;
#4977 = EDGE_CURVE ( 'NONE', #7416, #2956, #2244, .T. ) ;
#4978 = SURFACE_SIDE_STYLE ('',( #4291 ) ) ;
#4979 = DIRECTION ( 'NONE',  ( -1.000000000000000000, -0.000000000000000000, -0.000000000000000000 ) ) ;
#4980 = DIRECTION ( 'NONE',  ( -1.000000000000000000, 0.000000000000000000, -0.000000000000000000 ) ) ;
#4981 =( LENGTH_UNIT ( ) NAMED_UNIT ( * ) SI_UNIT ( .MILLI., .METRE. ) );
#4982 = ORIENTED_EDGE ( 'NONE', *, *, #7419, .F. ) ;
#4983 = VERTEX_POINT ( 'NONE', #94 ) ;
#4984 = STYLED_ITEM ( 'NONE', ( #562 ), #6450 ) ;
#4985 = FACE_BOUND ( 'NONE', #5529, .T. ) ;
#4986 = DIRECTION ( 'NONE',  ( 0.000000000000000000, -1.224646799147353947E-16, 1.000000000000000000 ) ) ;
#4987 = ORIENTED_EDGE ( 'NONE', *, *, #1273, .T. ) ;
#4988 =( NAMED_UNIT ( * ) PLANE_ANGLE_UNIT ( ) SI_UNIT ( $, .RADIAN. ) );
#4989 = AXIS2_PLACEMENT_3D ( 'NONE', #5660, #5144, #1563 ) ;
#4990 = CARTESIAN_POINT ( 'NONE',  ( 1.184509137125802081, -4.502506502262849430, 2.235888882112468945 ) ) ;
#4991 = UNCERTAINTY_MEASURE_WITH_UNIT (LENGTH_MEASURE( 1.000000000000000082E-05 ), #2597, 'distance_accuracy_value', 'NONE');
#4992 = CARTESIAN_POINT ( 'NONE',  ( -1.186094323803407846, 2.455355156608470146, 4.895853191224127876 ) ) ;
#4993 = CARTESIAN_POINT ( 'NONE',  ( -1.066282750803719814, -4.403264907450123999, 3.257152822151312854 ) ) ;
#4994 = ORIENTED_EDGE ( 'NONE', *, *, #6631, .F. ) ;
#4995 = CARTESIAN_POINT ( 'NONE',  ( 1.216873555469097479, 2.737500000000055778, 4.741489085719770458 ) ) ;
#4996 = UNCERTAINTY_MEASURE_WITH_UNIT (LENGTH_MEASURE( 1.000000000000000082E-05 ), #3484, 'distance_accuracy_value', 'NONE');
#4997 = FILL_AREA_STYLE ('',( #825 ) ) ;
#4998 =( NAMED_UNIT ( * ) SI_UNIT ( $, .STERADIAN. ) SOLID_ANGLE_UNIT ( ) );
#4999 = UNCERTAINTY_MEASURE_WITH_UNIT (LENGTH_MEASURE( 1.000000000000000082E-05 ), #578, 'distance_accuracy_value', 'NONE');
#5000 = SURFACE_SIDE_STYLE ('',( #948 ) ) ;
#5001 = UNCERTAINTY_MEASURE_WITH_UNIT (LENGTH_MEASURE( 1.000000000000000082E-05 ), #7089, 'distance_accuracy_value', 'NONE');
#5002 = CARTESIAN_POINT ( 'NONE',  ( 2.951763000829056837E-15, 0.000000000000000000, 0.000000000000000000 ) ) ;
#5003 = EDGE_CURVE ( 'NONE', #4089, #907, #4859, .T. ) ;
#5004 = CARTESIAN_POINT ( 'NONE',  ( -0.2290589410534132897, -1.054814556310181395, 4.913162717639160348 ) ) ;
#5005 = CARTESIAN_POINT ( 'NONE',  ( -0.1603182285372151683, 1.597735866490181289, -5.236684552382548041 ) ) ;
#5006 = FILL_AREA_STYLE_COLOUR ( '', #4093 ) ;
#5007 = COLOUR_RGB ( '',0.5294117647058823595, 0.5490196078431373028, 0.5490196078431373028 ) ;
#5008 = CARTESIAN_POINT ( 'NONE',  ( 1.216873555470457724, 4.741489085720187902, 2.737499999999962963 ) ) ;
#5009 = ORIENTED_EDGE ( 'NONE', *, *, #2080, .F. ) ;
#5010 = DIRECTION ( 'NONE',  ( -1.000000000000000000, -0.000000000000000000, -0.000000000000000000 ) ) ;
#5011 = ORIENTED_EDGE ( 'NONE', *, *, #3637, .F. ) ;
#5012 = CYLINDRICAL_SURFACE ( 'NONE', #4417, 5.025000000000000355 ) ;
#5013 = ADVANCED_FACE ( 'NONE', ( #2484 ), #753, .F. ) ;
#5014 = DIRECTION ( 'NONE',  ( 0.000000000000000000, -0.4999999999999918399, 0.8660254037844433705 ) ) ;
#5015 = DIRECTION ( 'NONE',  ( 0.000000000000000000, 0.000000000000000000, 1.000000000000000000 ) ) ;
#5016 = EDGE_CURVE ( 'NONE', #1622, #1213, #6954, .T. ) ;
#5017 = DIRECTION ( 'NONE',  ( 1.000000000000000000, 0.000000000000000000, 0.000000000000000000 ) ) ;
#5018 = VERTEX_POINT ( 'NONE', #6602 ) ;
#5019 = EDGE_LOOP ( 'NONE', ( #7227, #2645, #6885, #6143 ) ) ;
#5020 = CARTESIAN_POINT ( 'NONE',  ( 0.9774912523502891082, -2.056887232590059789, 5.075277381674341726 ) ) ;
#5021 = FILL_AREA_STYLE_COLOUR ( '', #723 ) ;
#5022 = DIRECTION ( 'NONE',  ( 0.000000000000000000, 0.000000000000000000, 1.000000000000000000 ) ) ;
#5023 = AXIS2_PLACEMENT_3D ( 'NONE', #181, #6616, #2500 ) ;
#5024 =( NAMED_UNIT ( * ) SI_UNIT ( $, .STERADIAN. ) SOLID_ANGLE_UNIT ( ) );
#5025 = CARTESIAN_POINT ( 'NONE',  ( 0.5904858031758550840, 5.361084801632735264, -1.113563528603703112 ) ) ;
#5026 = EDGE_CURVE ( 'NONE', #5935, #3958, #1869, .T. ) ;
#5027 = SURFACE_SIDE_STYLE ('',( #7599 ) ) ;
#5028 = PRESENTATION_STYLE_ASSIGNMENT (( #5587 ) ) ;
#5029 = FACE_BOUND ( 'NONE', #111, .T. ) ;
#5030 = CARTESIAN_POINT ( 'NONE',  ( 1.060068109014966176, 4.624251323185557538, -1.971817333347586798 ) ) ;
#5031 = ORIENTED_EDGE ( 'NONE', *, *, #1363, .F. ) ;
#5032 = CARTESIAN_POINT ( 'NONE',  ( -1.216873555470451729, -2.737500000000046008, -4.741489085720139940 ) ) ;
#5033 =( NAMED_UNIT ( * ) SI_UNIT ( $, .STERADIAN. ) SOLID_ANGLE_UNIT ( ) );
#5034 = B_SPLINE_CURVE_WITH_KNOTS ( 'NONE', 3,
 ( #6743, #1327, #1295, #2550, #3122, #4923 ),
 .UNSPECIFIED., .F., .F.,
 ( 4, 2, 4 ),
 ( 0.006480373043366844180, 0.006820975949056592817, 0.007161578854746341455 ),
 .UNSPECIFIED. ) ;
#5035 = SURFACE_SIDE_STYLE ('',( #3794 ) ) ;
#5036 = ADVANCED_FACE ( 'NONE', ( #2563 ), #3680, .T. ) ;
#5037 = STYLED_ITEM ( 'NONE', ( #1021 ), #687 ) ;
#5038 = DIRECTION ( 'NONE',  ( 0.000000000000000000, 8.082152514542375808E-16, 1.000000000000000000 ) ) ;
#5039 = CARTESIAN_POINT ( 'NONE',  ( 0.3375000000000030753, -3.750346850512929819, 3.344476566048528721 ) ) ;
#5040 = CARTESIAN_POINT ( 'NONE',  ( -0.3374999999999969691, 3.608627975754078232, -4.117454205283287649 ) ) ;
#5041 = MECHANICAL_DESIGN_GEOMETRIC_PRESENTATION_REPRESENTATION (  '', ( #7058 ), #4191 ) ;
#5042 = CARTESIAN_POINT ( 'NONE',  ( 0.9774912523502893302, 2.056887232590094872, -5.075277381674327515 ) ) ;
#5043 =( LENGTH_UNIT ( ) NAMED_UNIT ( * ) SI_UNIT ( .MILLI., .METRE. ) );
#5044 = CARTESIAN_POINT ( 'NONE',  ( 0.6178653494856305439, 5.187926071696320030, 1.750740808670837589 ) ) ;
#5045 = ORIENTED_EDGE ( 'NONE', *, *, #6746, .F. ) ;
#5046 = AXIS2_PLACEMENT_3D ( 'NONE', #425, #6625, #1921 ) ;
#5047 = CARTESIAN_POINT ( 'NONE',  ( 0.3375000000000029643, 4.546633369868336771, 2.624999999999942268 ) ) ;
#5048 = COLOUR_RGB ( '',0.6470588235294117974, 0.6196078431372549211, 0.5882352941176470784 ) ;
#5049 = ORIENTED_EDGE ( 'NONE', *, *, #6581, .F. ) ;
#5050 =( LENGTH_UNIT ( ) NAMED_UNIT ( * ) SI_UNIT ( .MILLI., .METRE. ) );
#5051 = CARTESIAN_POINT ( 'NONE',  ( 0.3375000000000044631, 0.000000000000000000, 0.000000000000000000 ) ) ;
#5052 = DIRECTION ( 'NONE',  ( 0.000000000000000000, -1.224646799147353207E-16, 1.000000000000000000 ) ) ;
#5054 = EDGE_CURVE ( 'NONE', #3660, #4636, #1982, .T. ) ;
#5053 = FACE_OUTER_BOUND ( 'NONE', #1824, .T. ) ;
#5055 = MECHANICAL_DESIGN_GEOMETRIC_PRESENTATION_REPRESENTATION (  '', ( #2827 ), #4812 ) ;
#5056 = VERTEX_POINT ( 'NONE', #7445 ) ;
#5057 = ORIENTED_EDGE ( 'NONE', *, *, #4930, .T. ) ;
#5058 = FACE_BOUND ( 'NONE', #2375, .T. ) ;
#5059 = CARTESIAN_POINT ( 'NONE',  ( -0.9766093576085623784, -0.7572843384363562302, -5.423612651610232760 ) ) ;
#5060 =( LENGTH_UNIT ( ) NAMED_UNIT ( * ) SI_UNIT ( .MILLI., .METRE. ) );
#5061 = STYLED_ITEM ( 'NONE', ( #2650 ), #1135 ) ;
#5062 = CARTESIAN_POINT ( 'NONE',  ( -0.3374999999999970246, 4.894821428571431099, -1.136375018379911062 ) ) ;
#5063 = UNCERTAINTY_MEASURE_WITH_UNIT (LENGTH_MEASURE( 1.000000000000000082E-05 ), #2045, 'distance_accuracy_value', 'NONE');
#5064 = FACE_OUTER_BOUND ( 'NONE', #6147, .T. ) ;
#5065 = SURFACE_SIDE_STYLE ('',( #5696 ) ) ;
#5066 = PRESENTATION_STYLE_ASSIGNMENT (( #3979 ) ) ;
#5067 = VERTEX_POINT ( 'NONE', #1423 ) ;
#5068 =( GEOMETRIC_REPRESENTATION_CONTEXT ( 3 ) GLOBAL_UNCERTAINTY_ASSIGNED_CONTEXT ( ( #6730 ) ) GLOBAL_UNIT_ASSIGNED_CONTEXT ( ( #5484, #2985, #5964 ) ) REPRESENTATION_CONTEXT ( 'NONE', 'WORKASPACE' ) );
#5069 = CARTESIAN_POINT ( 'NONE',  ( 0.3164798858092635059, 1.152102331139249758, 4.891496487355269096 ) ) ;
#5070 = ORIENTED_EDGE ( 'NONE', *, *, #2601, .F. ) ;
#5071 =( NAMED_UNIT ( * ) SI_UNIT ( $, .STERADIAN. ) SOLID_ANGLE_UNIT ( ) );
#5072 = EDGE_CURVE ( 'NONE', #1991, #3144, #3337, .T. ) ;
#5073 = AXIS2_PLACEMENT_3D ( 'NONE', #7181, #4652, #4195 ) ;
#5074 = DIRECTION ( 'NONE',  ( 0.000000000000000000, 1.000000000000000000, 1.224646799147353454E-16 ) ) ;
#5075 =( NAMED_UNIT ( * ) PLANE_ANGLE_UNIT ( ) SI_UNIT ( $, .RADIAN. ) );
#5076 = UNCERTAINTY_MEASURE_WITH_UNIT (LENGTH_MEASURE( 1.000000000000000082E-05 ), #865, 'distance_accuracy_value', 'NONE');
#5077 =( LENGTH_UNIT ( ) NAMED_UNIT ( * ) SI_UNIT ( .MILLI., .METRE. ) );
#5078 = FILL_AREA_STYLE_COLOUR ( '', #6700 ) ;
#5079 =( GEOMETRIC_REPRESENTATION_CONTEXT ( 3 ) GLOBAL_UNCERTAINTY_ASSIGNED_CONTEXT ( ( #1229 ) ) GLOBAL_UNIT_ASSIGNED_CONTEXT ( ( #1501, #5120, #5675 ) ) REPRESENTATION_CONTEXT ( 'NONE', 'WORKASPACE' ) );
#5080 = EDGE_CURVE ( 'NONE', #6236, #1507, #6455, .T. ) ;
#5081 = SURFACE_STYLE_FILL_AREA ( #2013 ) ;
#5082 = SPHERICAL_SURFACE ( 'NONE', #7468, 1.124999999999995115 ) ;
#5083 = PRESENTATION_LAYER_ASSIGNMENT (  '', '', ( #720 ) ) ;
#5084 = CARTESIAN_POINT ( 'NONE',  ( 1.066282750803724921, 4.403264907450190613, 3.257152822151222260 ) ) ;
#5085 = CARTESIAN_POINT ( 'NONE',  ( -0.3374999999999970246, 3.344476566048542487, 3.750346850512918273 ) ) ;
#5086 = VERTEX_POINT ( 'NONE', #318 ) ;
#5087 = COLOUR_RGB ( '',1.000000000000000000, 1.000000000000000000, 1.000000000000000000 ) ;
#5088 = CARTESIAN_POINT ( 'NONE',  ( -1.184325193566454271, 2.235402784040063651, 4.502740015386049066 ) ) ;
#5089 = EDGE_LOOP ( 'NONE', ( #3066, #7542, #3506, #7643 ) ) ;
#5090 = CIRCLE ( 'NONE', #6830, 1.237499999999996492 ) ;
#5091 = CARTESIAN_POINT ( 'NONE',  ( -0.6093760513610119167, 1.036505035817505194, -4.917295853251172133 ) ) ;
#5092 = MECHANICAL_DESIGN_GEOMETRIC_PRESENTATION_REPRESENTATION (  '', ( #6706 ), #3348 ) ;
#5093 = CARTESIAN_POINT ( 'NONE',  ( -2.500000000000001332, 0.000000000000000000, 0.000000000000000000 ) ) ;
#5094 = AXIS2_PLACEMENT_3D ( 'NONE', #6435, #4674, #4100 ) ;
#5095 = CARTESIAN_POINT ( 'NONE',  ( 0.1139339630336196479, -1.119681645599009956, -5.359285214701178468 ) ) ;
#5096 = ORIENTED_EDGE ( 'NONE', *, *, #6714, .T. ) ;
#5097 = ORIENTED_EDGE ( 'NONE', *, *, #2621, .F. ) ;
#5098 =( NAMED_UNIT ( * ) PLANE_ANGLE_UNIT ( ) SI_UNIT ( $, .RADIAN. ) );
#5099 = CARTESIAN_POINT ( 'NONE',  ( -1.216873555469091261, -0.1615363784200486152, -5.475000000000000533 ) ) ;
#5100 = CARTESIAN_POINT ( 'NONE',  ( 0.3227388460788916391, 3.711864985649455662, -4.025139890365616147 ) ) ;
#5101 = AXIS2_PLACEMENT_3D ( 'NONE', #7585, #6447, #483 ) ;
#5102 = CARTESIAN_POINT ( 'NONE',  ( 2.951763000829056837E-15, 4.546633369868336771, 2.624999999999942268 ) ) ;
#5103 = PRESENTATION_LAYER_ASSIGNMENT (  '', '', ( #7476 ) ) ;
#5104 = EDGE_CURVE ( 'NONE', #3814, #5326, #1480, .T. ) ;
#5105 = CARTESIAN_POINT ( 'NONE',  ( 1.216873555469130563, -2.876758985524106471, 4.661087872940396615 ) ) ;
#5106 = CIRCLE ( 'NONE', #1760, 7.500000000000000000 ) ;
#5107 = ORIENTED_EDGE ( 'NONE', *, *, #6486, .T. ) ;
#5108 = PRESENTATION_STYLE_ASSIGNMENT (( #7371 ) ) ;
#5109 =( NAMED_UNIT ( * ) PLANE_ANGLE_UNIT ( ) SI_UNIT ( $, .RADIAN. ) );
#5110 = AXIS2_PLACEMENT_3D ( 'NONE', #3745, #5475, #4228 ) ;
#5111 = AXIS2_PLACEMENT_3D ( 'NONE', #7324, #3199, #2477 ) ;
#5112 = CARTESIAN_POINT ( 'NONE',  ( 0.1161341008350604137, -3.649247927219334997, -4.081496609502024420 ) ) ;
#5113 = SURFACE_SIDE_STYLE ('',( #6871 ) ) ;
#5114 = SURFACE_STYLE_FILL_AREA ( #394 ) ;
#5115 = COLOUR_RGB ( '',0.5294117647058823595, 0.5490196078431373028, 0.5490196078431373028 ) ;
#5116 = LINE ( 'NONE', #2745, #5332 ) ;
#5117 = EDGE_CURVE ( 'NONE', #2625, #7715, #3976, .T. ) ;
#5118 = DIRECTION ( 'NONE',  ( -1.000000000000000000, -0.000000000000000000, -0.000000000000000000 ) ) ;
#5119 = AXIS2_PLACEMENT_3D ( 'NONE', #1925, #4517, #7515 ) ;
#5120 =( NAMED_UNIT ( * ) PLANE_ANGLE_UNIT ( ) SI_UNIT ( $, .RADIAN. ) );
#5121 = CARTESIAN_POINT ( 'NONE',  ( -1.185729937395787026, 4.573808457111119274, 3.012996809067773896 ) ) ;
#5122 = CARTESIAN_POINT ( 'NONE',  ( 1.216873555469096146, 4.351777654016836472, 2.512499999999944666 ) ) ;
#5123 = CIRCLE ( 'NONE', #265, 1.073181601594058732 ) ;
#5124 = FILL_AREA_STYLE_COLOUR ( '', #5542 ) ;
#5125 = ORIENTED_EDGE ( 'NONE', *, *, #6553, .T. ) ;
#5126 = CARTESIAN_POINT ( 'NONE',  ( -1.065679434814403193, 5.023007587397359863, -2.183470217807384817 ) ) ;
#5127 = EDGE_CURVE ( 'NONE', #2544, #5500, #5950, .T. ) ;
#5128 = ORIENTED_EDGE ( 'NONE', *, *, #4709, .T. ) ;
#5129 = CARTESIAN_POINT ( 'NONE',  ( 0.1605426051907955509, -5.236675679372168268, -1.597764948076893177 ) ) ;
#5130 = MECHANICAL_DESIGN_GEOMETRIC_PRESENTATION_REPRESENTATION (  '', ( #6878 ), #5366 ) ;
#5131 = DIRECTION ( 'NONE',  ( 0.000000000000000000, 0.000000000000000000, 1.000000000000000000 ) ) ;
#5132 = DIRECTION ( 'NONE',  ( 0.000000000000000000, 0.5000000000000071054, 0.8660254037844345998 ) ) ;
#5133 = ORIENTED_EDGE ( 'NONE', *, *, #1061, .F. ) ;
#5134 = VERTEX_POINT ( 'NONE', #2706 ) ;
#5135 = CARTESIAN_POINT ( 'NONE',  ( -1.185729937395787692, 3.012996809067821857, -4.573808457111089965 ) ) ;
#5136 = CARTESIAN_POINT ( 'NONE',  ( 0.9692456470055399453, -3.938812449548182215, 3.122243819140588350 ) ) ;
#5137 = CARTESIAN_POINT ( 'NONE',  ( -0.9766114375336349962, -3.367476254988043483, 4.318452722995187010 ) ) ;
#5138 = PRESENTATION_LAYER_ASSIGNMENT (  '', '', ( #5490 ) ) ;
#5139 = CARTESIAN_POINT ( 'NONE',  ( -0.2291337308794229588, -5.195397486887785909, 1.727642638307786305 ) ) ;
#5140 = VERTEX_POINT ( 'NONE', #7531 ) ;
#5141 = EDGE_LOOP ( 'NONE', ( #4954, #3518, #454, #5346, #1174, #4637, #3255, #1201, #894, #5251 ) ) ;
#5142 = CARTESIAN_POINT ( 'NONE',  ( 0.1145010564412869414, 1.119764795958113845, -5.359267842665080828 ) ) ;
#5143 = DIRECTION ( 'NONE',  ( 0.000000000000000000, 0.000000000000000000, 1.000000000000000000 ) ) ;
#5144 = DIRECTION ( 'NONE',  ( -1.000000000000000000, -0.000000000000000000, -0.000000000000000000 ) ) ;
#5145 = DIRECTION ( 'NONE',  ( 0.000000000000000000, 0.000000000000000000, -1.000000000000000000 ) ) ;
#5146 = FACE_OUTER_BOUND ( 'NONE', #1165, .T. ) ;
#5147 = UNCERTAINTY_MEASURE_WITH_UNIT (LENGTH_MEASURE( 1.000000000000000082E-05 ), #4481, 'distance_accuracy_value', 'NONE');
#5148 = COLOUR_RGB ( '',0.5294117647058823595, 0.5490196078431373028, 0.5490196078431373028 ) ;
#5149 = CARTESIAN_POINT ( 'NONE',  ( 0.2283429028092212598, -3.635721173720793953, -4.093709127072129306 ) ) ;
#5150 = SURFACE_SIDE_STYLE ('',( #5114 ) ) ;
#5151 = UNCERTAINTY_MEASURE_WITH_UNIT (LENGTH_MEASURE( 1.000000000000000082E-05 ), #1856, 'distance_accuracy_value', 'NONE');
#5152 = ADVANCED_FACE ( 'NONE', ( #5519 ), #7484, .F. ) ;
#5153 =( GEOMETRIC_REPRESENTATION_CONTEXT ( 3 ) GLOBAL_UNCERTAINTY_ASSIGNED_CONTEXT ( ( #7525 ) ) GLOBAL_UNIT_ASSIGNED_CONTEXT ( ( #4774, #7265, #4814 ) ) REPRESENTATION_CONTEXT ( 'NONE', 'WORKASPACE' ) );
#5154 = PRESENTATION_STYLE_ASSIGNMENT (( #2327 ) ) ;
#5155 = CARTESIAN_POINT ( 'NONE',  ( -2.299999999999996270, 5.510910596163092514E-16, -4.500000000000002665 ) ) ;
#5156 = PRESENTATION_LAYER_ASSIGNMENT (  '', '', ( #3051 ) ) ;
#5157 = FILL_AREA_STYLE ('',( #5006 ) ) ;
#5158 = PRESENTATION_STYLE_ASSIGNMENT (( #322 ) ) ;
#5159 = CARTESIAN_POINT ( 'NONE',  ( -1.216873555469089929, 4.273250522075115576, 2.648512982295672114 ) ) ;
#5160 = CARTESIAN_POINT ( 'NONE',  ( -2.300000000000001599, 0.000000000000000000, 3.000000000000001776 ) ) ;
#5161 = ORIENTED_EDGE ( 'NONE', *, *, #1418, .F. ) ;
#5162 = DIRECTION ( 'NONE',  ( -1.000000000000000000, -0.000000000000000000, -0.000000000000000000 ) ) ;
#5163 = ORIENTED_EDGE ( 'NONE', *, *, #5390, .T. ) ;
#5164 =( NAMED_UNIT ( * ) SI_UNIT ( $, .STERADIAN. ) SOLID_ANGLE_UNIT ( ) );
#5165 =( NAMED_UNIT ( * ) SI_UNIT ( $, .STERADIAN. ) SOLID_ANGLE_UNIT ( ) );
#5166 = DIRECTION ( 'NONE',  ( -1.000000000000000000, -0.000000000000000000, -0.000000000000000000 ) ) ;
#5167 = ADVANCED_FACE ( 'NONE', ( #241 ), #6877, .F. ) ;
#5168 = DIRECTION ( 'NONE',  ( -1.000000000000000000, -0.000000000000000000, -0.000000000000000000 ) ) ;
#5169 = AXIS2_PLACEMENT_3D ( 'NONE', #399, #2287, #1733 ) ;
#5170 = DIRECTION ( 'NONE',  ( -1.000000000000000000, -0.000000000000000000, -0.000000000000000000 ) ) ;
#5171 = EDGE_LOOP ( 'NONE', ( #7244, #3698, #221, #5293, #324, #3446 ) ) ;
#5172 = ORIENTED_EDGE ( 'NONE', *, *, #7649, .T. ) ;
#5173 = SURFACE_STYLE_FILL_AREA ( #417 ) ;
#5174 =( NAMED_UNIT ( * ) SI_UNIT ( $, .STERADIAN. ) SOLID_ANGLE_UNIT ( ) );
#5175 = EDGE_CURVE ( 'NONE', #3198, #4824, #3217, .T. ) ;
#5176 = SURFACE_STYLE_USAGE ( .BOTH. , #7032 ) ;
#5177 = CARTESIAN_POINT ( 'NONE',  ( -0.2294076944467709211, 1.727728249028858576, -5.195368396035689784 ) ) ;
#5178 = EDGE_LOOP ( 'NONE', ( #6546, #5580, #3213, #4832 ) ) ;
#5179 = ORIENTED_EDGE ( 'NONE', *, *, #2601, .T. ) ;
#5180 = SURFACE_SIDE_STYLE ('',( #1385 ) ) ;
#5181 = B_SPLINE_CURVE_WITH_KNOTS ( 'NONE', 3,
 ( #6545, #4716, #7075, #2428, #1767, #10, #572, #7641, #1721, #4097, #2395, #4142, #6467, #6509, #4757, #1138, #6394, #4183 ),
 .UNSPECIFIED., .F., .F.,
 ( 4, 2, 2, 2, 2, 2, 2, 2, 4 ),
 ( 0.001883778963244801862, 0.002354457140183635871, 0.002825135317122470097, 0.003295813494061304756, 0.003766491671000139416, 0.004237169847938974075, 0.004707848024877807867, 0.005178526201816642527, 0.005649204378755477186 ),
 .UNSPECIFIED. ) ;
#5182 = DIRECTION ( 'NONE',  ( -1.000000000000000000, -0.000000000000000000, -0.000000000000000000 ) ) ;
#5183 = CARTESIAN_POINT ( 'NONE',  ( 1.216873555469097257, 0.1590500714254456938, 5.024999999999998579 ) ) ;
#5184 = CARTESIAN_POINT ( 'NONE',  ( 1.065237977602516928, -2.182591038188748556, -5.023407791670509326 ) ) ;
#5185 = SPHERICAL_SURFACE ( 'NONE', #1548, 1.237499999999996936 ) ;
#5186 = STYLED_ITEM ( 'NONE', ( #6517 ), #2069 ) ;
#5187 = CARTESIAN_POINT ( 'NONE',  ( -0.3157423466804604728, 3.443668705420147802, 3.659949515897086503 ) ) ;
#5188 =( NAMED_UNIT ( * ) SI_UNIT ( $, .STERADIAN. ) SOLID_ANGLE_UNIT ( ) );
#5189 = CIRCLE ( 'NONE', #7710, 5.475000000000002309 ) ;
#5190 = CARTESIAN_POINT ( 'NONE',  ( -2.500000000000001332, 0.000000000000000000, 3.200000000000001510 ) ) ;
#5191 = ORIENTED_EDGE ( 'NONE', *, *, #1409, .F. ) ;
#5192 = FILL_AREA_STYLE ('',( #396 ) ) ;
#5193 = CARTESIAN_POINT ( 'NONE',  ( -0.3374999999999970246, 4.894821428571431099, -1.136375018379911062 ) ) ;
#5194 = CIRCLE ( 'NONE', #5665, 5.475000000000002309 ) ;
#5195 = CLOSED_SHELL ( 'NONE', ( #1172, #530, #7161, #818, #3935, #3453, #5796, #5621, #5213, #252, #1659, #5152, #620, #6890, #2078, #7608, #5329, #4873, #2272, #4182, #5339, #5712 ) ) ;
#5196 = CARTESIAN_POINT ( 'NONE',  ( -2.500000000000001332, 0.000000000000000000, 0.000000000000000000 ) ) ;
#5197 = EDGE_CURVE ( 'NONE', #4879, #2958, #2235, .T. ) ;
#5198 = CARTESIAN_POINT ( 'NONE',  ( 0.1160098895142584186, -3.715543477065435418, -3.383099418866687191 ) ) ;
#5199 = CARTESIAN_POINT ( 'NONE',  ( -1.216873555469089929, 4.351777654016836472, 2.512499999999944666 ) ) ;
#5200 = FILL_AREA_STYLE_COLOUR ( '', #1843 ) ;
#5201 = VERTEX_POINT ( 'NONE', #7574 ) ;
#5202 = DIRECTION ( 'NONE',  ( -1.000000000000000000, -0.000000000000000000, -0.000000000000000000 ) ) ;
#5203 = ORIENTED_EDGE ( 'NONE', *, *, #2682, .T. ) ;
#5204 = DIRECTION ( 'NONE',  ( -0.000000000000000000, -0.5000000000000071054, -0.8660254037844345998 ) ) ;
#5205 = FILL_AREA_STYLE ('',( #2884 ) ) ;
#5206 = DIRECTION ( 'NONE',  ( 0.000000000000000000, 0.000000000000000000, 1.000000000000000000 ) ) ;
#5207 = ORIENTED_EDGE ( 'NONE', *, *, #4232, .T. ) ;
#5208 = VERTEX_POINT ( 'NONE', #5305 ) ;
#5209 = AXIS2_PLACEMENT_3D ( 'NONE', #3951, #3401, #5307 ) ;
#5210 =( LENGTH_UNIT ( ) NAMED_UNIT ( * ) SI_UNIT ( .MILLI., .METRE. ) );
#5211 = CARTESIAN_POINT ( 'NONE',  ( 2.951763000829056837E-15, -1.833027702892645012E-14, -5.250000000000000000 ) ) ;
#5212 = VERTEX_POINT ( 'NONE', #1692 ) ;
#5213 = ADVANCED_FACE ( 'NONE', ( #984 ), #3842, .T. ) ;
#5214 = COLOUR_RGB ( '',0.6470588235294117974, 0.6196078431372549211, 0.5882352941176470784 ) ;
#5215 = FILL_AREA_STYLE ('',( #6264 ) ) ;
#5216 = SURFACE_STYLE_USAGE ( .BOTH. , #4667 ) ;
#5217 =( GEOMETRIC_REPRESENTATION_CONTEXT ( 3 ) GLOBAL_UNCERTAINTY_ASSIGNED_CONTEXT ( ( #1208 ) ) GLOBAL_UNIT_ASSIGNED_CONTEXT ( ( #618, #7205, #7674 ) ) REPRESENTATION_CONTEXT ( 'NONE', 'WORKASPACE' ) );
#5218 = MECHANICAL_DESIGN_GEOMETRIC_PRESENTATION_REPRESENTATION (  '', ( #4362 ), #5337 ) ;
#5219 = ORIENTED_EDGE ( 'NONE', *, *, #768, .F. ) ;
#5220 = FACE_OUTER_BOUND ( 'NONE', #7352, .T. ) ;
#5221 = AXIS2_PLACEMENT_3D ( 'NONE', #6087, #7216, #3643 ) ;
#5222 = CARTESIAN_POINT ( 'NONE',  ( -1.216873555469091261, -4.741489085719818419, -2.737499999999972733 ) ) ;
#5223 = AXIS2_PLACEMENT_3D ( 'NONE', #5296, #7079, #2934 ) ;
#5224 = COLOUR_RGB ( '',0.5294117647058823595, 0.5490196078431373028, 0.5490196078431373028 ) ;
#5225 =( NAMED_UNIT ( * ) PLANE_ANGLE_UNIT ( ) SI_UNIT ( $, .RADIAN. ) );
#5226 = PRESENTATION_LAYER_ASSIGNMENT (  '', '', ( #6597 ) ) ;
#5227 = CARTESIAN_POINT ( 'NONE',  ( 1.184200262941313753, -0.3157408673798328680, 5.017161983730499486 ) ) ;
#5228 = EDGE_LOOP ( 'NONE', ( #5133, #6771, #3938, #6775 ) ) ;
#5229 = UNCERTAINTY_MEASURE_WITH_UNIT (LENGTH_MEASURE( 1.000000000000000082E-05 ), #5050, 'distance_accuracy_value', 'NONE');
#5230 = AXIS2_PLACEMENT_3D ( 'NONE', #2772, #5736, #852 ) ;
#5231 = CARTESIAN_POINT ( 'NONE',  ( 0.3375000000000029643, 5.025000000000001243, 0.000000000000000000 ) ) ;
#5232 =( NAMED_UNIT ( * ) SI_UNIT ( $, .STERADIAN. ) SOLID_ANGLE_UNIT ( ) );
#5233 = PRESENTATION_LAYER_ASSIGNMENT (  '', '', ( #248 ) ) ;
#5234 = FACE_OUTER_BOUND ( 'NONE', #1251, .T. ) ;
#5235 = MECHANICAL_DESIGN_GEOMETRIC_PRESENTATION_REPRESENTATION (  '', ( #6102 ), #2759 ) ;
#5236 = SURFACE_STYLE_FILL_AREA ( #7653 ) ;
#5237 = FILL_AREA_STYLE_COLOUR ( '', #2633 ) ;
#5238 = CARTESIAN_POINT ( 'NONE',  ( 2.951763000829056837E-15, 4.546633369868336771, 2.624999999999942268 ) ) ;
#5239 =( LENGTH_UNIT ( ) NAMED_UNIT ( * ) SI_UNIT ( .MILLI., .METRE. ) );
#5240 = AXIS2_PLACEMENT_3D ( 'NONE', #1884, #7094, #4116 ) ;
#5241 = EDGE_LOOP ( 'NONE', ( #7204, #1406, #2887, #3187 ) ) ;
#5242 = CIRCLE ( 'NONE', #4882, 1.237499999999996492 ) ;
#5243 = UNCERTAINTY_MEASURE_WITH_UNIT (LENGTH_MEASURE( 1.000000000000000082E-05 ), #631, 'distance_accuracy_value', 'NONE');
#5244 = DIRECTION ( 'NONE',  ( 0.000000000000000000, -8.890367765996613488E-15, 1.000000000000000000 ) ) ;
#5245 = DIRECTION ( 'NONE',  ( -0.000000000000000000, 0.000000000000000000, 1.000000000000000000 ) ) ;
#5246 = AXIS2_PLACEMENT_3D ( 'NONE', #5093, #1513, #1585 ) ;
#5247 = DIRECTION ( 'NONE',  ( 0.000000000000000000, -0.8660254037844382635, 0.5000000000000007772 ) ) ;
#5248 =( NAMED_UNIT ( * ) SI_UNIT ( $, .STERADIAN. ) SOLID_ANGLE_UNIT ( ) );
#5249 = CARTESIAN_POINT ( 'NONE',  ( 0.3164496935152133483, -3.443614407752297435, -3.660008334471384739 ) ) ;
#5250 = EDGE_LOOP ( 'NONE', ( #1029, #574 ) ) ;
#5251 = ORIENTED_EDGE ( 'NONE', *, *, #4841, .T. ) ;
#5252 = CARTESIAN_POINT ( 'NONE',  ( -2.300000000000001599, 3.918869757271531939E-16, -3.200000000000001510 ) ) ;
#5253 = ORIENTED_EDGE ( 'NONE', *, *, #6113, .F. ) ;
#5254 = EDGE_CURVE ( 'NONE', #5780, #6024, #5090, .T. ) ;
#5255 = AXIS2_PLACEMENT_3D ( 'NONE', #1790, #563, #5247 ) ;
#5256 = CARTESIAN_POINT ( 'NONE',  ( -0.3374999999999970246, -4.771575093816230684, -1.575657362522904004 ) ) ;
#5257 = CARTESIAN_POINT ( 'NONE',  ( 0.3375000000000044631, 0.000000000000000000, 0.000000000000000000 ) ) ;
#5258 = EDGE_CURVE ( 'NONE', #2843, #2181, #3471, .T. ) ;
#5259 = SPHERICAL_SURFACE ( 'NONE', #6370, 1.124999999999995115 ) ;
#5260 = ORIENTED_EDGE ( 'NONE', *, *, #1299, .F. ) ;
#5261 = VERTEX_POINT ( 'NONE', #2365 ) ;
#5262 = SURFACE_STYLE_USAGE ( .BOTH. , #2432 ) ;
#5263 = FILL_AREA_STYLE_COLOUR ( '', #3613 ) ;
#5264 = DIRECTION ( 'NONE',  ( 0.000000000000000000, -0.8660254037844414832, -0.4999999999999950595 ) ) ;
#5265 = CARTESIAN_POINT ( 'NONE',  ( 0.3375000000000029088, 4.117454205283326729, 3.608627975754036044 ) ) ;
#5266 = STYLED_ITEM ( 'NONE', ( #2061 ), #1612 ) ;
#5267 = FACE_BOUND ( 'NONE', #1875, .T. ) ;
#5268 = EDGE_CURVE ( 'NONE', #6433, #5800, #4581, .T. ) ;
#5269 = CARTESIAN_POINT ( 'NONE',  ( 0.3375000000000044631, 0.000000000000000000, 0.000000000000000000 ) ) ;
#5270 = VERTEX_POINT ( 'NONE', #5193 ) ;
#5271 = DIRECTION ( 'NONE',  ( -1.000000000000000000, -0.000000000000000000, -0.000000000000000000 ) ) ;
#5272 =( GEOMETRIC_REPRESENTATION_CONTEXT ( 3 ) GLOBAL_UNCERTAINTY_ASSIGNED_CONTEXT ( ( #7691 ) ) GLOBAL_UNIT_ASSIGNED_CONTEXT ( ( #7670, #2930, #2348 ) ) REPRESENTATION_CONTEXT ( 'NONE', 'WORKASPACE' ) );
#5273 = FILL_AREA_STYLE_COLOUR ( '', #2943 ) ;
#5274 = EDGE_CURVE ( 'NONE', #3699, #2608, #726, .T. ) ;
#5275 = CARTESIAN_POINT ( 'NONE',  ( -0.5915516203448643040, 5.361153318450765148, -1.113254960814800798 ) ) ;
#5276 = CARTESIAN_POINT ( 'NONE',  ( -2.300000000000001599, 0.000000000000000000, 4.500000000000002665 ) ) ;
#5277 = ORIENTED_EDGE ( 'NONE', *, *, #2464, .T. ) ;
#5278 = DIRECTION ( 'NONE',  ( 0.000000000000000000, -0.4999999999999981126, 0.8660254037844398178 ) ) ;
#5279 = DIRECTION ( 'NONE',  ( -1.000000000000000000, -0.000000000000000000, -0.000000000000000000 ) ) ;
#5280 = AXIS2_PLACEMENT_3D ( 'NONE', #3313, #3433, #2278 ) ;
#5281 = AXIS2_PLACEMENT_3D ( 'NONE', #1269, #668, #26 ) ;
#5282 = AXIS2_PLACEMENT_3D ( 'NONE', #1896, #130, #1271 ) ;
#5283 =( LENGTH_UNIT ( ) NAMED_UNIT ( * ) SI_UNIT ( .MILLI., .METRE. ) );
#5284 = CARTESIAN_POINT ( 'NONE',  ( -1.185729937395775035, 0.3224275496187000156, -5.467532720436220295 ) ) ;
#5285 = ORIENTED_EDGE ( 'NONE', *, *, #4686, .F. ) ;
#5286 = ORIENTED_EDGE ( 'NONE', *, *, #3210, .T. ) ;
#5287 = CARTESIAN_POINT ( 'NONE',  ( 1.184200262958152949, 2.782020603964390659, -4.187119299164350217 ) ) ;
#5288 = ORIENTED_EDGE ( 'NONE', *, *, #3423, .T. ) ;
#5289 = DIRECTION ( 'NONE',  ( 0.000000000000000000, -0.5000000000000041078, -0.8660254037844362651 ) ) ;
#5290 = FILL_AREA_STYLE ('',( #4095 ) ) ;
#5291 = EDGE_CURVE ( 'NONE', #3885, #7077, #1233, .T. ) ;
#5292 = FILL_AREA_STYLE_COLOUR ( '', #6128 ) ;
#5293 = ORIENTED_EDGE ( 'NONE', *, *, #2422, .T. ) ;
#5294 = EDGE_LOOP ( 'NONE', ( #4994, #4136, #6259, #115 ) ) ;
#5295 = DIRECTION ( 'NONE',  ( -1.000000000000000000, -0.000000000000000000, -0.000000000000000000 ) ) ;
#5296 = CARTESIAN_POINT ( 'NONE',  ( 2.951763000829056837E-15, 2.624999999999989786, -4.546633369868309238 ) ) ;
#5297 =( NAMED_UNIT ( * ) SI_UNIT ( $, .STERADIAN. ) SOLID_ANGLE_UNIT ( ) );
#5298 = DIRECTION ( 'NONE',  ( 0.000000000000000000, -0.4999999999999950595, 0.8660254037844414832 ) ) ;
#5299 = CARTESIAN_POINT ( 'NONE',  ( -0.7438253088451860506, -3.798856746762329539, -3.291099724477471344 ) ) ;
#5300 = FILL_AREA_STYLE_COLOUR ( '', #6797 ) ;
#5301 = CARTESIAN_POINT ( 'NONE',  ( 0.1577470958357202468, -1.182297190411661925, 4.883932675978588378 ) ) ;
#5302 = ORIENTED_EDGE ( 'NONE', *, *, #7095, .F. ) ;
#5303 = UNCERTAINTY_MEASURE_WITH_UNIT (LENGTH_MEASURE( 1.000000000000000082E-05 ), #5419, 'distance_accuracy_value', 'NONE');
#5304 = PRESENTATION_LAYER_ASSIGNMENT (  '', '', ( #6040 ) ) ;
#5305 = CARTESIAN_POINT ( 'NONE',  ( 1.124999999999998224, -2.624999999999958256, 4.546633369868327001 ) ) ;
#5306 = ADVANCED_FACE ( 'NONE', ( #7614 ), #2240, .T. ) ;
#5307 = DIRECTION ( 'NONE',  ( 0.000000000000000000, 0.000000000000000000, 1.000000000000000000 ) ) ;
#5308 = COLOUR_RGB ( '',0.5294117647058823595, 0.5490196078431373028, 0.5490196078431373028 ) ;
#5309 = CARTESIAN_POINT ( 'NONE',  ( -0.6182595144253183461, -4.110372429053062326, -3.617249411575631068 ) ) ;
#5310 = CARTESIAN_POINT ( 'NONE',  ( -2.299999999999996270, 0.000000000000000000, 0.000000000000000000 ) ) ;
#5311 = DIRECTION ( 'NONE',  ( -1.000000000000000000, 0.000000000000000000, 0.000000000000000000 ) ) ;
#5312 = DIRECTION ( 'NONE',  ( 0.000000000000000000, 1.000000000000000000, -1.035197933661466492E-14 ) ) ;
#5313 = ORIENTED_EDGE ( 'NONE', *, *, #2453, .F. ) ;
#5314 = CARTESIAN_POINT ( 'NONE',  ( 2.299999999999997602, 5.265981236333621429E-16, -4.300000000000001599 ) ) ;
#5315 = FACE_OUTER_BOUND ( 'NONE', #4207, .T. ) ;
#5316 = CARTESIAN_POINT ( 'NONE',  ( -1.184200262958146066, -2.782020603964420857, -4.187119299164328012 ) ) ;
#5317 = ORIENTED_EDGE ( 'NONE', *, *, #101, .F. ) ;
#5318 = CARTESIAN_POINT ( 'NONE',  ( -1.216873555469089929, 2.512499999999989964, -4.351777654016809826 ) ) ;
#5319 = CARTESIAN_POINT ( 'NONE',  ( 1.216873555469096146, -1.757225025545485155E-14, -5.025000000000000355 ) ) ;
#5320 = VERTEX_POINT ( 'NONE', #7575 ) ;
#5321 = CIRCLE ( 'NONE', #7353, 1.237499999999996936 ) ;
#5322 = FACE_OUTER_BOUND ( 'NONE', #5566, .T. ) ;
#5323 = AXIS2_PLACEMENT_3D ( 'NONE', #2009, #911, #5634 ) ;
#5324 = FILL_AREA_STYLE_COLOUR ( '', #1814 ) ;
#5325 = DIRECTION ( 'NONE',  ( 0.000000000000000000, 0.000000000000000000, 1.000000000000000000 ) ) ;
#5326 = VERTEX_POINT ( 'NONE', #4607 ) ;
#5327 = ORIENTED_EDGE ( 'NONE', *, *, #3878, .T. ) ;
#5328 = CARTESIAN_POINT ( 'NONE',  ( 1.216873555469096146, -4.351777654016784069, 2.512500000000035261 ) ) ;
#5329 = ADVANCED_FACE ( 'NONE', ( #3479 ), #680, .T. ) ;
#5330 = AXIS2_PLACEMENT_3D ( 'NONE', #2203, #3400, #5754 ) ;
#5331 = CARTESIAN_POINT ( 'NONE',  ( 0.2288940565162054797, 4.093829020219282633, 3.635584375318112738 ) ) ;
#5332 = VECTOR ( 'NONE', #2604, 1000.000000000000000 ) ;
#5333 = CIRCLE ( 'NONE', #1997, 1.237499999999996714 ) ;
#5334 = SURFACE_SIDE_STYLE ('',( #7610 ) ) ;
#5335 = ORIENTED_EDGE ( 'NONE', *, *, #5481, .F. ) ;
#5336 = MECHANICAL_DESIGN_GEOMETRIC_PRESENTATION_REPRESENTATION (  '', ( #6836 ), #6336 ) ;
#5337 =( GEOMETRIC_REPRESENTATION_CONTEXT ( 3 ) GLOBAL_UNCERTAINTY_ASSIGNED_CONTEXT ( ( #3759 ) ) GLOBAL_UNIT_ASSIGNED_CONTEXT ( ( #4406, #4378, #6034 ) ) REPRESENTATION_CONTEXT ( 'NONE', 'WORKASPACE' ) );
#5338 = DIRECTION ( 'NONE',  ( 1.000000000000000000, 0.000000000000000000, 0.000000000000000000 ) ) ;
#5339 = ADVANCED_FACE ( 'NONE', ( #3949, #7615 ), #1108, .F. ) ;
#5340 = STYLED_ITEM ( 'NONE', ( #6659 ), #6338 ) ;
#5341 = CARTESIAN_POINT ( 'NONE',  ( -0.9766114375336356623, -4.318452722995175463, -3.367476254988059470 ) ) ;
#5342 = ADVANCED_FACE ( 'NONE', ( #4648 ), #7050, .F. ) ;
#5343 = PRESENTATION_LAYER_ASSIGNMENT (  '', '', ( #16 ) ) ;
#5344 = COLOUR_RGB ( '',0.5294117647058823595, 0.5490196078431373028, 0.5490196078431373028 ) ;
#5345 = DIRECTION ( 'NONE',  ( 0.000000000000000000, 0.5000000000000009992, 0.8660254037844380415 ) ) ;
#5346 = ORIENTED_EDGE ( 'NONE', *, *, #1200, .T. ) ;
#5347 =( NAMED_UNIT ( * ) PLANE_ANGLE_UNIT ( ) SI_UNIT ( $, .RADIAN. ) );
#5348 = DIRECTION ( 'NONE',  ( -0.000000000000000000, 1.000000000000000000, 1.224646799147353207E-16 ) ) ;
#5349 = EDGE_CURVE ( 'NONE', #7342, #4261, #1564, .T. ) ;
#5350 = ORIENTED_EDGE ( 'NONE', *, *, #5815, .F. ) ;
#5351 = DIRECTION ( 'NONE',  ( -0.000000000000000000, -0.4999999999999888978, 0.8660254037844450359 ) ) ;
#5352 = ORIENTED_EDGE ( 'NONE', *, *, #4206, .F. ) ;
#5353 = DIRECTION ( 'NONE',  ( 0.000000000000000000, 0.5000000000000101030, 0.8660254037844328234 ) ) ;
#5354 = TOROIDAL_SURFACE ( 'NONE', #5240, 3.200000000000001510, 0.1999999999999996503 ) ;
#5355 = DIRECTION ( 'NONE',  ( 0.000000000000000000, 0.4999999999999980571, -0.8660254037844397068 ) ) ;
#5356 = CARTESIAN_POINT ( 'NONE',  ( -1.237499999999993827, 4.546633369868299468, -2.625000000000005329 ) ) ;
#5357 = ADVANCED_FACE ( 'NONE', ( #665 ), #4891, .F. ) ;
#5358 = PRESENTATION_STYLE_ASSIGNMENT (( #3427 ) ) ;
#5359 = EDGE_LOOP ( 'NONE', ( #6288, #2810, #6983, #4785, #7497, #7637 ) ) ;
#5360 = VERTEX_POINT ( 'NONE', #2366 ) ;
#5361 = DIRECTION ( 'NONE',  ( -0.000000000000000000, 0.000000000000000000, 1.000000000000000000 ) ) ;
#5362 =( GEOMETRIC_REPRESENTATION_CONTEXT ( 3 ) GLOBAL_UNCERTAINTY_ASSIGNED_CONTEXT ( ( #4155 ) ) GLOBAL_UNIT_ASSIGNED_CONTEXT ( ( #179, #4326, #3111 ) ) REPRESENTATION_CONTEXT ( 'NONE', 'WORKASPACE' ) );
#5363 = DIRECTION ( 'NONE',  ( 0.000000000000000000, 0.8660254037844380415, -0.5000000000000011102 ) ) ;
#5364 =( LENGTH_UNIT ( ) NAMED_UNIT ( * ) SI_UNIT ( .MILLI., .METRE. ) );
#5365 = CARTESIAN_POINT ( 'NONE',  ( 1.060132804264172224, -4.019910896282906876, -3.018596205566900892 ) ) ;
#5366 =( GEOMETRIC_REPRESENTATION_CONTEXT ( 3 ) GLOBAL_UNCERTAINTY_ASSIGNED_CONTEXT ( ( #782 ) ) GLOBAL_UNIT_ASSIGNED_CONTEXT ( ( #7225, #6642, #172 ) ) REPRESENTATION_CONTEXT ( 'NONE', 'WORKASPACE' ) );
#5367 = CARTESIAN_POINT ( 'NONE',  ( 0.3375000000000044631, 0.000000000000000000, 0.000000000000000000 ) ) ;
#5368 = SURFACE_STYLE_USAGE ( .BOTH. , #585 ) ;
#5369 = CARTESIAN_POINT ( 'NONE',  ( 1.216873555470457724, -4.741489085720169250, -2.737499999999996270 ) ) ;
#5370 = CARTESIAN_POINT ( 'NONE',  ( 0.3375000000000029643, -2.624999999999958256, 4.546633369868327001 ) ) ;
#5371 = FILL_AREA_STYLE_COLOUR ( '', #3936 ) ;
#5372 = EDGE_CURVE ( 'NONE', #3034, #1653, #6422, .T. ) ;
#5373 = CIRCLE ( 'NONE', #6003, 1.124999999999995115 ) ;
#5374 = CARTESIAN_POINT ( 'NONE',  ( 0.9766093576085682626, -5.423612651610232760, -0.7572843384363363572 ) ) ;
#5375 = MECHANICAL_DESIGN_GEOMETRIC_PRESENTATION_REPRESENTATION (  '', ( #7671 ), #536 ) ;
#5376 =( NAMED_UNIT ( * ) SI_UNIT ( $, .STERADIAN. ) SOLID_ANGLE_UNIT ( ) );
#5377 = ORIENTED_EDGE ( 'NONE', *, *, #7579, .F. ) ;
#5378 = DIRECTION ( 'NONE',  ( 0.000000000000000000, 0.000000000000000000, -1.000000000000000000 ) ) ;
#5379 = DIRECTION ( 'NONE',  ( -1.000000000000000000, -0.000000000000000000, -0.000000000000000000 ) ) ;
#5380 = DIRECTION ( 'NONE',  ( 0.000000000000000000, -1.000000000000000000, 3.369016658928398207E-15 ) ) ;
#5381 = DIRECTION ( 'NONE',  ( 0.000000000000000000, 0.000000000000000000, 1.000000000000000000 ) ) ;
#5382 = CARTESIAN_POINT ( 'NONE',  ( 1.216873555469096146, 5.266163771082431227E-14, 5.025000000000000355 ) ) ;
#5383 = EDGE_LOOP ( 'NONE', ( #2385, #4672, #4546, #7284 ) ) ;
#5384 = CARTESIAN_POINT ( 'NONE',  ( -0.9766114375335409603, -0.7570936219630627351, 5.423627890649921568 ) ) ;
#5385 = CARTESIAN_POINT ( 'NONE',  ( 1.237499999999999822, -1.833027702892645012E-14, -5.250000000000000000 ) ) ;
#5386 = ORIENTED_EDGE ( 'NONE', *, *, #4977, .F. ) ;
#5387 = MECHANICAL_DESIGN_GEOMETRIC_PRESENTATION_REPRESENTATION (  '', ( #4304 ), #3168 ) ;
#5388 = SURFACE_STYLE_FILL_AREA ( #4174 ) ;
#5389 = AXIS2_PLACEMENT_3D ( 'NONE', #1166, #424, #2158 ) ;
#5390 = EDGE_CURVE ( 'NONE', #4089, #1036, #311, .T. ) ;
#5391 = FILL_AREA_STYLE ('',( #1245 ) ) ;
#5392 = FACE_OUTER_BOUND ( 'NONE', #4361, .T. ) ;
#5393 = AXIS2_PLACEMENT_3D ( 'NONE', #7595, #7031, #1675 ) ;
#5394 = PRESENTATION_LAYER_ASSIGNMENT (  '', '', ( #7431 ) ) ;
#5395 = DIRECTION ( 'NONE',  ( 0.000000000000000000, 0.000000000000000000, 1.000000000000000000 ) ) ;
#5396 = COLOUR_RGB ( '',0.6470588235294117974, 0.6196078431372549211, 0.5882352941176470784 ) ;
#5397 = CARTESIAN_POINT ( 'NONE',  ( -0.3227388460788867541, 3.711864985649512505, 4.025139890365565520 ) ) ;
#5398 = ORIENTED_EDGE ( 'NONE', *, *, #1345, .T. ) ;
#5399 = ORIENTED_EDGE ( 'NONE', *, *, #6901, .T. ) ;
#5400 = DIRECTION ( 'NONE',  ( -1.000000000000000000, -0.000000000000000000, -0.000000000000000000 ) ) ;
#5401 = CARTESIAN_POINT ( 'NONE',  ( 2.951763000829056837E-15, 2.625000000000053291, 4.546633369868272823 ) ) ;
#5402 = CARTESIAN_POINT ( 'NONE',  ( -0.2294076944467710044, 5.195368396035709324, 1.727728249028804619 ) ) ;
#5403 = MECHANICAL_DESIGN_GEOMETRIC_PRESENTATION_REPRESENTATION (  '', ( #2451 ), #3304 ) ;
#5404 = CARTESIAN_POINT ( 'NONE',  ( -2.500000000000001332, 0.000000000000000000, 0.000000000000000000 ) ) ;
#5405 = FACE_BOUND ( 'NONE', #1290, .T. ) ;
#5406 = SURFACE_STYLE_USAGE ( .BOTH. , #2594 ) ;
#5407 = STYLED_ITEM ( 'NONE', ( #4442 ), #7685 ) ;
#5408 = CARTESIAN_POINT ( 'NONE',  ( -2.299999999999997602, 0.000000000000000000, 0.000000000000000000 ) ) ;
#5409 = DIRECTION ( 'NONE',  ( -1.000000000000000000, -0.000000000000000000, -0.000000000000000000 ) ) ;
#5410 = CARTESIAN_POINT ( 'NONE',  ( -1.216873555469089929, -2.512499999999959766, 4.351777654016826702 ) ) ;
#5411 = EDGE_CURVE ( 'NONE', #1831, #4017, #1690, .T. ) ;
#5412 = CARTESIAN_POINT ( 'NONE',  ( 0.3375000000000030753, -3.344476566048514954, -3.750346850512941366 ) ) ;
#5413 = CARTESIAN_POINT ( 'NONE',  ( 0.2288706956812023852, 1.054872859577029809, -4.913150616150939065 ) ) ;
#5414 = CIRCLE ( 'NONE', #4435, 4.012500000000002842 ) ;
#5415 = PRESENTATION_STYLE_ASSIGNMENT (( #3065 ) ) ;
#5416 = VERTEX_POINT ( 'NONE', #1779 ) ;
#5417 = CARTESIAN_POINT ( 'NONE',  ( 1.066282750803666302, -0.6191446342661675040, 5.441915680519999299 ) ) ;
#5418 = ORIENTED_EDGE ( 'NONE', *, *, #4307, .T. ) ;
#5419 =( LENGTH_UNIT ( ) NAMED_UNIT ( * ) SI_UNIT ( .MILLI., .METRE. ) );
#5420 = PRESENTATION_LAYER_ASSIGNMENT (  '', '', ( #1656 ) ) ;
#5421 =( NAMED_UNIT ( * ) PLANE_ANGLE_UNIT ( ) SI_UNIT ( $, .RADIAN. ) );
#5422 = CLOSED_SHELL ( 'NONE', ( #5830, #4227, #5867, #1032 ) ) ;
#5423 = DIRECTION ( 'NONE',  ( -1.000000000000000000, -0.000000000000000000, -0.000000000000000000 ) ) ;
#5424 = CARTESIAN_POINT ( 'NONE',  ( -19.92709219242683361, 0.000000000000000000, 0.000000000000000000 ) ) ;
#5425 = EDGE_CURVE ( 'NONE', #2145, #5320, #3178, .T. ) ;
#5426 = DIRECTION ( 'NONE',  ( 1.000000000000000000, 0.000000000000000000, 0.000000000000000000 ) ) ;
#5427 = ORIENTED_EDGE ( 'NONE', *, *, #1220, .T. ) ;
#5428 = ORIENTED_EDGE ( 'NONE', *, *, #6008, .F. ) ;
#5429 = TOROIDAL_SURFACE ( 'NONE', #7224, 6.199999999999997513, 0.1999999999999987899 ) ;
#5430 = DIRECTION ( 'NONE',  ( 0.000000000000000000, 0.000000000000000000, 1.000000000000000000 ) ) ;
#5431 = ORIENTED_EDGE ( 'NONE', *, *, #7712, .T. ) ;
#5432 = FILL_AREA_STYLE_COLOUR ( '', #3681 ) ;
#5433 = CARTESIAN_POINT ( 'NONE',  ( 2.951763000829056837E-15, 4.546633369868299468, -2.625000000000005329 ) ) ;
#5434 = CARTESIAN_POINT ( 'NONE',  ( -0.2282113725214136302, 3.727338007249140439, -3.370277656642009845 ) ) ;
#5435 = MECHANICAL_DESIGN_GEOMETRIC_PRESENTATION_REPRESENTATION (  '', ( #488 ), #6448 ) ;
#5436 = CIRCLE ( 'NONE', #6451, 0.1999999999999996503 ) ;
#5437 = FILL_AREA_STYLE ('',( #2033 ) ) ;
#5438 = EDGE_CURVE ( 'NONE', #5862, #183, #6160, .T. ) ;
#5439 = AXIS2_PLACEMENT_3D ( 'NONE', #790, #6832, #6793 ) ;
#5440 = CARTESIAN_POINT ( 'NONE',  ( -1.216873555470451507, 4.741489085720149710, -2.737500000000029576 ) ) ;
#5441 = AXIS2_PLACEMENT_3D ( 'NONE', #4050, #2300, #4663 ) ;
#5442 = CARTESIAN_POINT ( 'NONE',  ( 0.3227388460788922497, -4.025139890365629469, -3.711864985649441007 ) ) ;
#5443 = CIRCLE ( 'NONE', #3608, 5.999999999999997335 ) ;
#5444 =( NAMED_UNIT ( * ) SI_UNIT ( $, .STERADIAN. ) SOLID_ANGLE_UNIT ( ) );
#5445 = PRESENTATION_STYLE_ASSIGNMENT (( #1784 ) ) ;
#5446 = PRESENTATION_LAYER_ASSIGNMENT (  '', '', ( #4362 ) ) ;
#5447 = CARTESIAN_POINT ( 'NONE',  ( 0.6171494958829053523, -5.368176158881261095, -1.078110971376981198 ) ) ;
#5448 =( GEOMETRIC_REPRESENTATION_CONTEXT ( 3 ) GLOBAL_UNCERTAINTY_ASSIGNED_CONTEXT ( ( #395 ) ) GLOBAL_UNIT_ASSIGNED_CONTEXT ( ( #1649, #5990, #5906 ) ) REPRESENTATION_CONTEXT ( 'NONE', 'WORKASPACE' ) );
#5449 = DIRECTION ( 'NONE',  ( -1.000000000000000000, -0.000000000000000000, -0.000000000000000000 ) ) ;
#5450 = COLOUR_RGB ( '',0.5294117647058823595, 0.5490196078431373028, 0.5490196078431373028 ) ;
#5451 = CARTESIAN_POINT ( 'NONE',  ( -0.1604339755935466905, -3.465615128512557153, 3.638699879211202415 ) ) ;
#5452 = CARTESIAN_POINT ( 'NONE',  ( 0.2284057895504054692, -3.370231758262917321, -3.727378938410895071 ) ) ;
#5453 = PLANE ( 'NONE',  #2241 ) ;
#5454 = EDGE_LOOP ( 'NONE', ( #6736, #3532, #3535, #3892, #2064, #7590 ) ) ;
#5455 = CARTESIAN_POINT ( 'NONE',  ( -0.3227388460788862545, -3.711864985649484527, -4.025139890365591278 ) ) ;
#5456 = ORIENTED_EDGE ( 'NONE', *, *, #3631, .T. ) ;
#5457 = SURFACE_STYLE_USAGE ( .BOTH. , #1909 ) ;
#5458 = PRESENTATION_LAYER_ASSIGNMENT (  '', '', ( #3490 ) ) ;
#5459 = CARTESIAN_POINT ( 'NONE',  ( -0.1137298752281221403, -4.909284847808295993, -1.072169428353739518 ) ) ;
#5460 = AXIS2_PLACEMENT_3D ( 'NONE', #2038, #1300, #3710 ) ;
#5461 = CARTESIAN_POINT ( 'NONE',  ( 0.1453410397193273806, 4.909320522913628970, 1.072006077259856305 ) ) ;
#5462 = DIRECTION ( 'NONE',  ( 0.000000000000000000, 0.000000000000000000, 1.000000000000000000 ) ) ;
#5463 = CIRCLE ( 'NONE', #2139, 1.237499999999997158 ) ;
#5464 = CARTESIAN_POINT ( 'NONE',  ( -0.3374999999999975242, 0.000000000000000000, 0.000000000000000000 ) ) ;
#5466 = EDGE_CURVE ( 'NONE', #2625, #4868, #559, .T. ) ;
#5465 = CARTESIAN_POINT ( 'NONE',  ( -1.237499999999993827, -4.546633369868319008, -2.624999999999973799 ) ) ;
#5467 = EDGE_LOOP ( 'NONE', ( #2172, #4246, #6133, #4777, #2466, #2282 ) ) ;
#5468 = ORIENTED_EDGE ( 'NONE', *, *, #3735, .T. ) ;
#5469 = DIRECTION ( 'NONE',  ( -0.000000000000000000, 0.000000000000000000, 1.000000000000000000 ) ) ;
#5470 = VERTEX_POINT ( 'NONE', #4808 ) ;
#5471 = SURFACE_SIDE_STYLE ('',( #5988 ) ) ;
#5472 =( GEOMETRIC_REPRESENTATION_CONTEXT ( 3 ) GLOBAL_UNCERTAINTY_ASSIGNED_CONTEXT ( ( #1334 ) ) GLOBAL_UNIT_ASSIGNED_CONTEXT ( ( #4842, #4690, #6373 ) ) REPRESENTATION_CONTEXT ( 'NONE', 'WORKASPACE' ) );
#5473 = PLANE ( 'NONE',  #675 ) ;
#5474 = DIRECTION ( 'NONE',  ( 0.000000000000000000, 0.8660254037844380415, -0.5000000000000011102 ) ) ;
#5475 = DIRECTION ( 'NONE',  ( -1.000000000000000000, -0.000000000000000000, -0.000000000000000000 ) ) ;
#5476 = FILL_AREA_STYLE ('',( #7052 ) ) ;
#5477 =( GEOMETRIC_REPRESENTATION_CONTEXT ( 3 ) GLOBAL_UNCERTAINTY_ASSIGNED_CONTEXT ( ( #6078 ) ) GLOBAL_UNIT_ASSIGNED_CONTEXT ( ( #1764, #7234, #6464 ) ) REPRESENTATION_CONTEXT ( 'NONE', 'WORKASPACE' ) );
#5478 =( NAMED_UNIT ( * ) SI_UNIT ( $, .STERADIAN. ) SOLID_ANGLE_UNIT ( ) );
#5479 = DIRECTION ( 'NONE',  ( 0.000000000000000000, 1.000000000000000000, 0.000000000000000000 ) ) ;
#5480 =( GEOMETRIC_REPRESENTATION_CONTEXT ( 3 ) GLOBAL_UNCERTAINTY_ASSIGNED_CONTEXT ( ( #1413 ) ) GLOBAL_UNIT_ASSIGNED_CONTEXT ( ( #4903, #4864, #3175 ) ) REPRESENTATION_CONTEXT ( 'NONE', 'WORKASPACE' ) );
#5481 = EDGE_CURVE ( 'NONE', #6851, #3034, #74, .T. ) ;
#5482 = PRESENTATION_STYLE_ASSIGNMENT (( #2667 ) ) ;
#5483 = CARTESIAN_POINT ( 'NONE',  ( 0.3375000000000044631, 0.000000000000000000, 0.000000000000000000 ) ) ;
#5484 =( LENGTH_UNIT ( ) NAMED_UNIT ( * ) SI_UNIT ( .MILLI., .METRE. ) );
#5485 = CARTESIAN_POINT ( 'NONE',  ( 1.184509137125802525, -2.235888882112454290, -4.502506502262855648 ) ) ;
#5486 = CARTESIAN_POINT ( 'NONE',  ( 1.060132804264172446, -3.018596205566886237, 4.019910896282916646 ) ) ;
#5487 = CARTESIAN_POINT ( 'NONE',  ( -0.2283429028091445989, 3.635721173720782406, -4.093709127072138187 ) ) ;
#5488 = ADVANCED_FACE ( 'NONE', ( #4231 ), #6273, .T. ) ;
#5489 = CARTESIAN_POINT ( 'NONE',  ( 0.1604339755935523526, 3.638699879211168220, -3.465615128512595344 ) ) ;
#5490 = STYLED_ITEM ( 'NONE', ( #5358 ), #1456 ) ;
#5491 = CARTESIAN_POINT ( 'NONE',  ( 0.3375000000000030753, 1.575657362522921101, -4.771575093816225355 ) ) ;
#5492 = VERTEX_POINT ( 'NONE', #4848 ) ;
#5493 = CARTESIAN_POINT ( 'NONE',  ( 2.951763000829056837E-15, 4.546633369868299468, -2.625000000000005329 ) ) ;
#5494 = ORIENTED_EDGE ( 'NONE', *, *, #6076, .T. ) ;
#5495 = DIRECTION ( 'NONE',  ( -1.000000000000000000, -0.000000000000000000, -0.000000000000000000 ) ) ;
#5496 = FILL_AREA_STYLE_COLOUR ( '', #4308 ) ;
#5497 = SPHERICAL_SURFACE ( 'NONE', #757, 1.237499999999996936 ) ;
#5498 = DIRECTION ( 'NONE',  ( -1.000000000000000000, -0.000000000000000000, -0.000000000000000000 ) ) ;
#5499 = PRESENTATION_STYLE_ASSIGNMENT (( #6140 ) ) ;
#5500 = VERTEX_POINT ( 'NONE', #6238 ) ;
#5501 = VERTEX_POINT ( 'NONE', #3238 ) ;
#5502 = PRESENTATION_STYLE_ASSIGNMENT (( #2468 ) ) ;
#5503 = DIRECTION ( 'NONE',  ( 1.000000000000000000, 0.000000000000000000, 0.000000000000000000 ) ) ;
#5504 = VERTEX_POINT ( 'NONE', #6749 ) ;
#5505 = CARTESIAN_POINT ( 'NONE',  ( -0.3145222742811151218, -4.812380947208466431, -1.447436274275102797 ) ) ;
#5506 = FILL_AREA_STYLE_COLOUR ( '', #3667 ) ;
#5507 = ADVANCED_FACE ( 'NONE', ( #5547, #3789 ), #314, .T. ) ;
#5508 = AXIS2_PLACEMENT_3D ( 'NONE', #7475, #2117, #4485 ) ;
#5509 = AXIS2_PLACEMENT_3D ( 'NONE', #4310, #6705, #6080 ) ;
#5510 = DIRECTION ( 'NONE',  ( 0.000000000000000000, 0.000000000000000000, -1.000000000000000000 ) ) ;
#5511 = PRESENTATION_LAYER_ASSIGNMENT (  '', '', ( #2055 ) ) ;
#5512 = ORIENTED_EDGE ( 'NONE', *, *, #1533, .T. ) ;
#5513 = DIRECTION ( 'NONE',  ( -1.000000000000000000, -0.000000000000000000, -0.000000000000000000 ) ) ;
#5514 = CARTESIAN_POINT ( 'NONE',  ( -0.3227388460788863656, 4.025139890365603712, -3.711864985649469428 ) ) ;
#5515 = MECHANICAL_DESIGN_GEOMETRIC_PRESENTATION_REPRESENTATION (  '', ( #2323 ), #939 ) ;
#5516 = DIRECTION ( 'NONE',  ( 0.000000000000000000, -1.616430502908475162E-15, 1.000000000000000000 ) ) ;
#5517 = SURFACE_STYLE_FILL_AREA ( #1931 ) ;
#5518 = EDGE_CURVE ( 'NONE', #5360, #1908, #3541, .T. ) ;
#5519 = FACE_OUTER_BOUND ( 'NONE', #3805, .T. ) ;
#5520 =( LENGTH_UNIT ( ) NAMED_UNIT ( * ) SI_UNIT ( .MILLI., .METRE. ) );
#5521 = CARTESIAN_POINT ( 'NONE',  ( -0.8839634109898513170, 5.432731420556152990, 0.6869885364292677155 ) ) ;
#5522 = CARTESIAN_POINT ( 'NONE',  ( 2.499999999999996891, 0.000000000000000000, 0.000000000000000000 ) ) ;
#5523 = B_SPLINE_CURVE_WITH_KNOTS ( 'NONE', 3,
 ( #1597, #5177, #6350, #904, #2697, #973 ),
 .UNSPECIFIED., .F., .F.,
 ( 4, 2, 4 ),
 ( 0.003144056225734959912, 0.003485646593208243174, 0.003827236960681526003 ),
 .UNSPECIFIED. ) ;
#5524 = CARTESIAN_POINT ( 'NONE',  ( 1.216873555469063284, 4.821884359097826867, 2.598251301820852177 ) ) ;
#5526 = EDGE_CURVE ( 'NONE', #907, #538, #3001, .T. ) ;
#5525 = DIRECTION ( 'NONE',  ( 0.000000000000000000, 0.000000000000000000, 1.000000000000000000 ) ) ;
#5527 = ORIENTED_EDGE ( 'NONE', *, *, #1227, .F. ) ;
#5528 = DIRECTION ( 'NONE',  ( 0.000000000000000000, 0.000000000000000000, 1.000000000000000000 ) ) ;
#5529 = EDGE_LOOP ( 'NONE', ( #6424, #2192, #5701, #5689 ) ) ;
#5530 = CARTESIAN_POINT ( 'NONE',  ( 1.216873555469096813, 0.1590282486647340843, -5.025000000000001243 ) ) ;
#5531 = SURFACE_SIDE_STYLE ('',( #3811 ) ) ;
#5532 = SURFACE_STYLE_FILL_AREA ( #3073 ) ;
#5533 = VERTEX_POINT ( 'NONE', #1024 ) ;
#5534 = EDGE_LOOP ( 'NONE', ( #4219, #3476, #3142, #1076 ) ) ;
#5535 = CARTESIAN_POINT ( 'NONE',  ( 0.2283429028092213708, 3.635721173720821930, 4.093709127072100884 ) ) ;
#5536 = CARTESIAN_POINT ( 'NONE',  ( 2.951763000829056837E-15, 5.250000000000000000, 0.000000000000000000 ) ) ;
#5537 = EDGE_LOOP ( 'NONE', ( #4673, #415, #7100, #7612 ) ) ;
#5538 = CARTESIAN_POINT ( 'NONE',  ( 2.299999999999997158, 0.000000000000000000, 0.000000000000000000 ) ) ;
#5539 = CARTESIAN_POINT ( 'NONE',  ( 0.9689635404861108858, -4.673595488726372871, 1.849409760455169804 ) ) ;
#5540 = PRESENTATION_STYLE_ASSIGNMENT (( #6068 ) ) ;
#5541 = CARTESIAN_POINT ( 'NONE',  ( 0.3222421747442784645, 1.629900123589769656, 5.227146843786449892 ) ) ;
#5542 = COLOUR_RGB ( '',0.5294117647058823595, 0.5490196078431373028, 0.5490196078431373028 ) ;
#5543 = CARTESIAN_POINT ( 'NONE',  ( 0.3237003905340529175, -4.025397093648555469, 3.711580936677734588 ) ) ;
#5544 = ADVANCED_FACE ( 'NONE', ( #2779 ), #3469, .F. ) ;
#5545 = EDGE_LOOP ( 'NONE', ( #3302, #3237, #2578, #492 ) ) ;
#5546 = DIRECTION ( 'NONE',  ( 0.000000000000000000, 0.000000000000000000, 1.000000000000000000 ) ) ;
#5547 = FACE_BOUND ( 'NONE', #2824, .T. ) ;
#5548 =( LENGTH_UNIT ( ) NAMED_UNIT ( * ) SI_UNIT ( .MILLI., .METRE. ) );
#5549 = PRESENTATION_LAYER_ASSIGNMENT (  '', '', ( #3341 ) ) ;
#5550 = COLOUR_RGB ( '',0.5294117647058823595, 0.5490196078431373028, 0.5490196078431373028 ) ;
#5551 = DIRECTION ( 'NONE',  ( 0.000000000000000000, 0.5000000000000038858, 0.8660254037844363761 ) ) ;
#5552 = EDGE_CURVE ( 'NONE', #5732, #3118, #7568, .T. ) ;
#5553 = DIRECTION ( 'NONE',  ( -1.000000000000000000, -0.000000000000000000, -0.000000000000000000 ) ) ;
#5554 = AXIS2_PLACEMENT_3D ( 'NONE', #4762, #6108, #1878 ) ;
#5555 = AXIS2_PLACEMENT_3D ( 'NONE', #4387, #6638, #1900 ) ;
#5556 = DIRECTION ( 'NONE',  ( -1.000000000000000000, -0.000000000000000000, -0.000000000000000000 ) ) ;
#5557 = COLOUR_RGB ( '',0.6470588235294117974, 0.6196078431372549211, 0.5882352941176470784 ) ;
#5558 = CARTESIAN_POINT ( 'NONE',  ( -0.6171494958829002453, 1.750416590129435956, -5.188032411269637656 ) ) ;
#5559 = ADVANCED_FACE ( 'NONE', ( #5146 ), #5185, .T. ) ;
#5560 =( LENGTH_UNIT ( ) NAMED_UNIT ( * ) SI_UNIT ( .MILLI., .METRE. ) );
#5561 = CIRCLE ( 'NONE', #1614, 1.237499999999996714 ) ;
#5562 = FILL_AREA_STYLE ('',( #5124 ) ) ;
#5563 = ORIENTED_EDGE ( 'NONE', *, *, #6391, .T. ) ;
#5564 = AXIS2_PLACEMENT_3D ( 'NONE', #4122, #5449, #3059 ) ;
#5565 = CARTESIAN_POINT ( 'NONE',  ( -0.6074448382802979385, 1.560129390037732211, 4.777036105533005284 ) ) ;
#5566 = EDGE_LOOP ( 'NONE', ( #7394, #4821, #1173, #860 ) ) ;
#5567 = MECHANICAL_DESIGN_GEOMETRIC_PRESENTATION_REPRESENTATION (  '', ( #4854 ), #3859 ) ;
#5568 = CARTESIAN_POINT ( 'NONE',  ( -0.3374999999999970246, 4.771575093816220026, -1.575657362522938199 ) ) ;
#5569 = AXIS2_PLACEMENT_3D ( 'NONE', #1572, #355, #6916 ) ;
#5570 = CARTESIAN_POINT ( 'NONE',  ( -1.216873555469089929, -1.757224688439976805E-14, -5.025000000000000355 ) ) ;
#5571 = COLOUR_RGB ( '',0.5294117647058823595, 0.5490196078431373028, 0.5490196078431373028 ) ;
#5572 = EDGE_CURVE ( 'NONE', #2145, #3336, #1604, .T. ) ;
#5573 = DIRECTION ( 'NONE',  ( 0.000000000000000000, 5.657506760179662770E-15, -1.000000000000000000 ) ) ;
#5574 =( NAMED_UNIT ( * ) SI_UNIT ( $, .STERADIAN. ) SOLID_ANGLE_UNIT ( ) );
#5575 =( NAMED_UNIT ( * ) SI_UNIT ( $, .STERADIAN. ) SOLID_ANGLE_UNIT ( ) );
#5576 = ORIENTED_EDGE ( 'NONE', *, *, #3319, .F. ) ;
#5577 = ORIENTED_EDGE ( 'NONE', *, *, #4771, .T. ) ;
#5578 =( NAMED_UNIT ( * ) SI_UNIT ( $, .STERADIAN. ) SOLID_ANGLE_UNIT ( ) );
#5579 = CARTESIAN_POINT ( 'NONE',  ( 0.9774912523502911066, -0.7563220946942739165, -5.423762760077583955 ) ) ;
#5580 = ORIENTED_EDGE ( 'NONE', *, *, #6559, .T. ) ;
#5581 =( NAMED_UNIT ( * ) PLANE_ANGLE_UNIT ( ) SI_UNIT ( $, .RADIAN. ) );
#5582 = STYLED_ITEM ( 'NONE', ( #1001 ), #7270 ) ;
#5583 = EDGE_CURVE ( 'NONE', #6096, #2800, #2309, .T. ) ;
#5584 = CARTESIAN_POINT ( 'NONE',  ( 0.3375000000000030753, 1.021228243303247574, -4.920133928571432946 ) ) ;
#5585 = CARTESIAN_POINT ( 'NONE',  ( 0.1139799994183237908, -5.201116438773688344, 1.709974499904628242 ) ) ;
#5586 = CIRCLE ( 'NONE', #5119, 1.073181601594058732 ) ;
#5587 = SURFACE_STYLE_USAGE ( .BOTH. , #126 ) ;
#5588 = CARTESIAN_POINT ( 'NONE',  ( 0.7525402123772513274, -5.386712740550822609, -0.9860931065244298299 ) ) ;
#5589 = CARTESIAN_POINT ( 'NONE',  ( 1.216873555469096591, 4.430315561917163691, -2.376468353196414807 ) ) ;
#5590 = ORIENTED_EDGE ( 'NONE', *, *, #858, .T. ) ;
#5591 = CARTESIAN_POINT ( 'NONE',  ( -19.92709219242683361, 0.000000000000000000, 0.000000000000000000 ) ) ;
#5592 = PRESENTATION_STYLE_ASSIGNMENT (( #909 ) ) ;
#5593 = UNCERTAINTY_MEASURE_WITH_UNIT (LENGTH_MEASURE( 1.000000000000000082E-05 ), #5630, 'distance_accuracy_value', 'NONE');
#5594 = FILL_AREA_STYLE ('',( #235 ) ) ;
#5595 = CIRCLE ( 'NONE', #5246, 3.200000000000001510 ) ;
#5596 = FACE_BOUND ( 'NONE', #2877, .T. ) ;
#5597 = CARTESIAN_POINT ( 'NONE',  ( -19.92709219242683361, 0.000000000000000000, 0.000000000000000000 ) ) ;
#5598 = FACE_OUTER_BOUND ( 'NONE', #5171, .T. ) ;
#5599 = UNCERTAINTY_MEASURE_WITH_UNIT (LENGTH_MEASURE( 1.000000000000000082E-05 ), #736, 'distance_accuracy_value', 'NONE');
#5600 = SURFACE_SIDE_STYLE ('',( #3909 ) ) ;
#5601 = PRESENTATION_LAYER_ASSIGNMENT (  '', '', ( #7532 ) ) ;
#5602 = CARTESIAN_POINT ( 'NONE',  ( 1.216873555469096146, 2.648512982295776919, 4.273250522075050739 ) ) ;
#5603 = CARTESIAN_POINT ( 'NONE',  ( -0.1161341008348405618, 3.649247927219342102, -4.081496609502018202 ) ) ;
#5604 = FACE_OUTER_BOUND ( 'NONE', #4060, .T. ) ;
#5605 = EDGE_CURVE ( 'NONE', #3661, #511, #7062, .T. ) ;
#5606 = CARTESIAN_POINT ( 'NONE',  ( -19.92709219242683361, 0.000000000000000000, 0.000000000000000000 ) ) ;
#5607 = TOROIDAL_SURFACE ( 'NONE', #5992, 7.300000000000000711, 0.1999999999999990119 ) ;
#5608 =( NAMED_UNIT ( * ) PLANE_ANGLE_UNIT ( ) SI_UNIT ( $, .RADIAN. ) );
#5609 = EDGE_LOOP ( 'NONE', ( #4237, #2076, #5781, #5327, #4511, #1643 ) ) ;
#5610 = CARTESIAN_POINT ( 'NONE',  ( 1.216873555469097701, 4.822257274929814486, -2.597605392652924117 ) ) ;
#5611 = VERTEX_POINT ( 'NONE', #4881 ) ;
#5612 = SURFACE_STYLE_USAGE ( .BOTH. , #4043 ) ;
#5613 = CARTESIAN_POINT ( 'NONE',  ( 0.9692456468901361477, -4.972233551599112289, 0.7345362395624553953 ) ) ;
#5614 = DIRECTION ( 'NONE',  ( -1.000000000000000000, -0.000000000000000000, -0.000000000000000000 ) ) ;
#5615 = DIRECTION ( 'NONE',  ( 0.000000000000000000, 0.000000000000000000, -1.000000000000000000 ) ) ;
#5616 = ORIENTED_EDGE ( 'NONE', *, *, #6651, .T. ) ;
#5617 = VERTEX_POINT ( 'NONE', #1294 ) ;
#5618 = CARTESIAN_POINT ( 'NONE',  ( -0.1603182285372145577, -1.234662427273241159, -5.333969787213916902 ) ) ;
#5619 = CIRCLE ( 'NONE', #4283, 1.237499999999996936 ) ;
#5620 = CARTESIAN_POINT ( 'NONE',  ( -1.216873555469091484, 2.877404942410744848, -4.660714929557999930 ) ) ;
#5621 = ADVANCED_FACE ( 'NONE', ( #3081 ), #1808, .F. ) ;
#5622 = SURFACE_STYLE_FILL_AREA ( #898 ) ;
#5623 = CARTESIAN_POINT ( 'NONE',  ( -1.111131749536184987, 5.001388009994378159, -0.5015593188994341700 ) ) ;
#5624 = DIRECTION ( 'NONE',  ( 1.000000000000000000, 0.000000000000000000, 0.000000000000000000 ) ) ;
#5625 =( LENGTH_UNIT ( ) NAMED_UNIT ( * ) SI_UNIT ( .MILLI., .METRE. ) );
#5626 = CARTESIAN_POINT ( 'NONE',  ( 0.1414261345242168455, 4.909264591429325364, -1.072262179316699982 ) ) ;
#5627 = EDGE_LOOP ( 'NONE', ( #4545, #3188 ) ) ;
#5628 = B_SPLINE_CURVE_WITH_KNOTS ( 'NONE', 3,
 ( #1587, #5770, #7063, #7154, #1709, #7024 ),
 .UNSPECIFIED., .F., .F.,
 ( 4, 2, 4 ),
 ( 0.003069521843240041129, 0.003410565456215182336, 0.003751609069190323543 ),
 .UNSPECIFIED. ) ;
#5629 =( NAMED_UNIT ( * ) SI_UNIT ( $, .STERADIAN. ) SOLID_ANGLE_UNIT ( ) );
#5630 =( LENGTH_UNIT ( ) NAMED_UNIT ( * ) SI_UNIT ( .MILLI., .METRE. ) );
#5631 = VERTEX_POINT ( 'NONE', #14 ) ;
#5632 = MECHANICAL_DESIGN_GEOMETRIC_PRESENTATION_REPRESENTATION (  '', ( #3051 ), #1185 ) ;
#5633 = CARTESIAN_POINT ( 'NONE',  ( 1.102270384252428181, 5.475000000000000533, 2.506439865549668599E-22 ) ) ;
#5634 = DIRECTION ( 'NONE',  ( 0.000000000000000000, 0.8660254037844417052, 0.4999999999999947820 ) ) ;
#5635 = DIRECTION ( 'NONE',  ( 0.000000000000000000, -1.000000000000000000, 0.000000000000000000 ) ) ;
#5636 = CARTESIAN_POINT ( 'NONE',  ( 0.7521123038540279415, 1.838905281601127983, -5.158260651985962397 ) ) ;
#5637 = SURFACE_STYLE_USAGE ( .BOTH. , #4449 ) ;
#5638 = CARTESIAN_POINT ( 'NONE',  ( -0.1603182285372148630, 5.236684552382563140, 1.597735866490125334 ) ) ;
#5639 = ORIENTED_EDGE ( 'NONE', *, *, #5127, .F. ) ;
#5640 = CARTESIAN_POINT ( 'NONE',  ( 1.216873555470457724, 2.122497742101288486E-13, 5.475000000000316724 ) ) ;
#5641 = ORIENTED_EDGE ( 'NONE', *, *, #4317, .F. ) ;
#5642 = ADVANCED_FACE ( 'NONE', ( #4146 ), #7207, .T. ) ;
#5643 = SURFACE_STYLE_USAGE ( .BOTH. , #4541 ) ;
#5644 = CARTESIAN_POINT ( 'NONE',  ( -0.2284057895222788293, 3.370231758269530253, -3.727378938404997122 ) ) ;
#5645 = CARTESIAN_POINT ( 'NONE',  ( 0.2288706956796007219, -1.543028613918551617, -4.782349675994552740 ) ) ;
#5646 = CARTESIAN_POINT ( 'NONE',  ( 2.951763000829056837E-15, 5.250000000000000000, 0.000000000000000000 ) ) ;
#5647 = PRESENTATION_LAYER_ASSIGNMENT (  '', '', ( #5186 ) ) ;
#5648 = ORIENTED_EDGE ( 'NONE', *, *, #2281, .T. ) ;
#5649 = ORIENTED_EDGE ( 'NONE', *, *, #1746, .T. ) ;
#5650 = CARTESIAN_POINT ( 'NONE',  ( -1.216873555469091039, -2.597605392652873935, 4.822257274929841131 ) ) ;
#5651 = DIRECTION ( 'NONE',  ( -1.000000000000000000, -0.000000000000000000, -0.000000000000000000 ) ) ;
#5652 = CARTESIAN_POINT ( 'NONE',  ( 2.951763000829056837E-15, 2.625000000000053291, 4.546633369868272823 ) ) ;
#5653 = AXIS2_PLACEMENT_3D ( 'NONE', #3444, #4002, #7098 ) ;
#5654 = ADVANCED_FACE ( 'NONE', ( #2354, #5947 ), #186, .T. ) ;
#5655 =( NAMED_UNIT ( * ) PLANE_ANGLE_UNIT ( ) SI_UNIT ( $, .RADIAN. ) );
#5656 = CARTESIAN_POINT ( 'NONE',  ( 2.951763000829056837E-15, 2.624999999999989786, -4.546633369868309238 ) ) ;
#5657 = EDGE_LOOP ( 'NONE', ( #4032, #7066, #2304, #6534, #6972, #5984 ) ) ;
#5658 =( GEOMETRIC_REPRESENTATION_CONTEXT ( 3 ) GLOBAL_UNCERTAINTY_ASSIGNED_CONTEXT ( ( #4653 ) ) GLOBAL_UNIT_ASSIGNED_CONTEXT ( ( #7328, #944, #3205 ) ) REPRESENTATION_CONTEXT ( 'NONE', 'WORKASPACE' ) );
#5659 = DIRECTION ( 'NONE',  ( 0.000000000000000000, 0.000000000000000000, -1.000000000000000000 ) ) ;
#5660 = CARTESIAN_POINT ( 'NONE',  ( -19.92709219242683361, 0.000000000000000000, 0.000000000000000000 ) ) ;
#5661 =( GEOMETRIC_REPRESENTATION_CONTEXT ( 3 ) GLOBAL_UNCERTAINTY_ASSIGNED_CONTEXT ( ( #3825 ) ) GLOBAL_UNIT_ASSIGNED_CONTEXT ( ( #1475, #6299, #7463 ) ) REPRESENTATION_CONTEXT ( 'NONE', 'WORKASPACE' ) );
#5662 = CARTESIAN_POINT ( 'NONE',  ( 1.216873555469097701, -2.597605392652940992, -4.822257274929804716 ) ) ;
#5663 =( NAMED_UNIT ( * ) SI_UNIT ( $, .STERADIAN. ) SOLID_ANGLE_UNIT ( ) );
#5664 = UNCERTAINTY_MEASURE_WITH_UNIT (LENGTH_MEASURE( 1.000000000000000082E-05 ), #1529, 'distance_accuracy_value', 'NONE');
#5665 = AXIS2_PLACEMENT_3D ( 'NONE', #5483, #3756, #1930 ) ;
#5666 = PRESENTATION_STYLE_ASSIGNMENT (( #3315 ) ) ;
#5667 = EDGE_CURVE ( 'NONE', #2250, #5270, #3171, .T. ) ;
#5668 = DIRECTION ( 'NONE',  ( -1.000000000000000000, -0.000000000000000000, -0.000000000000000000 ) ) ;
#5669 = FILL_AREA_STYLE ('',( #5324 ) ) ;
#5670 = UNCERTAINTY_MEASURE_WITH_UNIT (LENGTH_MEASURE( 1.000000000000000082E-05 ), #5364, 'distance_accuracy_value', 'NONE');
#5671 = CARTESIAN_POINT ( 'NONE',  ( 2.951763000829056837E-15, -4.546633369868319008, -2.624999999999973799 ) ) ;
#5672 = CIRCLE ( 'NONE', #6953, 5.475000000000002309 ) ;
#5673 = CARTESIAN_POINT ( 'NONE',  ( -0.3374999999999969691, 4.117454205283324953, 3.608627975754036044 ) ) ;
#5674 = CARTESIAN_POINT ( 'NONE',  ( -0.3374999999999969691, 2.625000000000053291, 4.546633369868272823 ) ) ;
#5675 =( NAMED_UNIT ( * ) SI_UNIT ( $, .STERADIAN. ) SOLID_ANGLE_UNIT ( ) );
#5676 = CARTESIAN_POINT ( 'NONE',  ( -0.1623272491987202137, 4.001999606619782490, 3.736258041268424535 ) ) ;
#5677 = CARTESIAN_POINT ( 'NONE',  ( 0.9682255742437091417, 3.938032942102189793, 3.123217765420592151 ) ) ;
#5678 = CIRCLE ( 'NONE', #3653, 5.025000000000001243 ) ;
#5679 = ORIENTED_EDGE ( 'NONE', *, *, #2253, .F. ) ;
#5680 = AXIS2_PLACEMENT_3D ( 'NONE', #703, #1266, #4156 ) ;
#5681 = CARTESIAN_POINT ( 'NONE',  ( 1.216873555469097479, 4.741489085719798879, -2.737500000000006040 ) ) ;
#5682 = VERTEX_POINT ( 'NONE', #1366 ) ;
#5683 = AXIS2_PLACEMENT_3D ( 'NONE', #5231, #7716, #1613 ) ;
#5684 = FILL_AREA_STYLE_COLOUR ( '', #4107 ) ;
#5685 = FILL_AREA_STYLE ('',( #7501 ) ) ;
#5686 = CARTESIAN_POINT ( 'NONE',  ( -1.060132804193017142, -4.990643059899628753, 0.6042255497742584636 ) ) ;
#5687 = CARTESIAN_POINT ( 'NONE',  ( -3.499999999999999556, 7.347880794884116778E-16, -5.999999999999997335 ) ) ;
#5688 = FILL_AREA_STYLE_COLOUR ( '', #4518 ) ;
#5689 = ORIENTED_EDGE ( 'NONE', *, *, #7467, .T. ) ;
#5690 = ORIENTED_EDGE ( 'NONE', *, *, #7238, .T. ) ;
#5691 = FILL_AREA_STYLE ('',( #3340 ) ) ;
#5692 = AXIS2_PLACEMENT_3D ( 'NONE', #1298, #2002, #1375 ) ;
#5693 = CARTESIAN_POINT ( 'NONE',  ( 0.3375000000000029643, -4.546633369868282593, 2.625000000000037303 ) ) ;
#5694 = AXIS2_PLACEMENT_3D ( 'NONE', #2855, #1458, #3434 ) ;
#5695 = AXIS2_PLACEMENT_3D ( 'NONE', #441, #1663, #2834 ) ;
#5696 = SURFACE_STYLE_FILL_AREA ( #2152 ) ;
#5697 = EDGE_CURVE ( 'NONE', #2191, #2421, #752, .T. ) ;
#5698 = COLOUR_RGB ( '',1.000000000000000000, 1.000000000000000000, 1.000000000000000000 ) ;
#5699 = CARTESIAN_POINT ( 'NONE',  ( 0.3375000000000029088, -5.183890602451882934, 1.761505952817385756 ) ) ;
#5700 = TOROIDAL_SURFACE ( 'NONE', #4121, 4.300000000000001599, 0.2000000000000005107 ) ;
#5701 = ORIENTED_EDGE ( 'NONE', *, *, #2796, .F. ) ;
#5702 = VERTEX_POINT ( 'NONE', #2620 ) ;
#5703 = FILL_AREA_STYLE ('',( #4961 ) ) ;
#5704 = DIRECTION ( 'NONE',  ( 0.000000000000000000, -1.000000000000000000, -1.224646799147353454E-16 ) ) ;
#5705 = SURFACE_STYLE_FILL_AREA ( #977 ) ;
#5706 = CYLINDRICAL_SURFACE ( 'NONE', #5389, 5.025000000000000355 ) ;
#5707 = CARTESIAN_POINT ( 'NONE',  ( -1.216873555469125012, 4.661087872940367305, -2.876758985524155765 ) ) ;
#5708 = CIRCLE ( 'NONE', #2393, 1.237499999999996714 ) ;
#5709 = B_SPLINE_CURVE_WITH_KNOTS ( 'NONE', 3,
 ( #1323, #1359, #3152, #4833, #5535, #1404 ),
 .UNSPECIFIED., .F., .F.,
 ( 4, 2, 4 ),
 ( 0.006630243725172589586, 0.006971267376516040309, 0.007312291027859490165 ),
 .UNSPECIFIED. ) ;
#5710 = PRESENTATION_LAYER_ASSIGNMENT (  '', '', ( #6488 ) ) ;
#5711 =( NAMED_UNIT ( * ) SI_UNIT ( $, .STERADIAN. ) SOLID_ANGLE_UNIT ( ) );
#5712 = ADVANCED_FACE ( 'NONE', ( #266, #3156 ), #5473, .F. ) ;
#5713 = SURFACE_SIDE_STYLE ('',( #5790 ) ) ;
#5714 = CARTESIAN_POINT ( 'NONE',  ( -1.184161683711920654, -4.187225725368485918, -2.781828220606382462 ) ) ;
#5715 = TOROIDAL_SURFACE ( 'NONE', #1063, 4.300000000000001599, 0.2000000000000003997 ) ;
#5716 = FILL_AREA_STYLE_COLOUR ( '', #6683 ) ;
#5717 = CARTESIAN_POINT ( 'NONE',  ( 1.216873555470457724, 4.741489085720187902, 2.737499999999962963 ) ) ;
#5718 = CARTESIAN_POINT ( 'NONE',  ( 0.7428168631732788851, 3.798378139304525725, 3.291643385024312085 ) ) ;
#5719 = CIRCLE ( 'NONE', #3635, 4.500000000000002665 ) ;
#5720 = CYLINDRICAL_SURFACE ( 'NONE', #328, 5.475000000000000533 ) ;
#5721 = ORIENTED_EDGE ( 'NONE', *, *, #3032, .T. ) ;
#5722 = CARTESIAN_POINT ( 'NONE',  ( 0.9689635404861111079, 1.849409760455185792, 4.673595488726366654 ) ) ;
#5723 = ORIENTED_EDGE ( 'NONE', *, *, #1691, .F. ) ;
#5724 = ADVANCED_FACE ( 'NONE', ( #7667 ), #455, .T. ) ;
#5725 = DIRECTION ( 'NONE',  ( 0.000000000000000000, 0.8660254037844433705, 0.4999999999999921729 ) ) ;
#5726 = PRESENTATION_STYLE_ASSIGNMENT (( #6419 ) ) ;
#5727 = CIRCLE ( 'NONE', #398, 4.300000000000002487 ) ;
#5728 = FILL_AREA_STYLE_COLOUR ( '', #3373 ) ;
#5729 = CARTESIAN_POINT ( 'NONE',  ( 2.951763000829056837E-15, -2.624999999999958256, 4.546633369868327001 ) ) ;
#5730 = DIRECTION ( 'NONE',  ( -0.000000000000000000, 0.000000000000000000, -1.000000000000000000 ) ) ;
#5731 = ORIENTED_EDGE ( 'NONE', *, *, #2984, .T. ) ;
#5732 = VERTEX_POINT ( 'NONE', #2806 ) ;
#5733 = CARTESIAN_POINT ( 'NONE',  ( 0.1605426051907953289, -1.597764948076875635, 5.236675679372174486 ) ) ;
#5734 = CARTESIAN_POINT ( 'NONE',  ( 0.7539527812222511782, 3.546387310455011210, -4.172780948423665315 ) ) ;
#5735 =( NAMED_UNIT ( * ) SI_UNIT ( $, .STERADIAN. ) SOLID_ANGLE_UNIT ( ) );
#5736 = DIRECTION ( 'NONE',  ( 1.000000000000000000, 0.000000000000000000, 0.000000000000000000 ) ) ;
#5737 = CARTESIAN_POINT ( 'NONE',  ( -0.6182595144253184571, -3.617249411575617746, 4.110372429053075649 ) ) ;
#5738 = STYLED_ITEM ( 'NONE', ( #4544 ), #1631 ) ;
#5739 = CARTESIAN_POINT ( 'NONE',  ( -0.8772340050907921905, 4.981582363647289569, -0.6665437008324647250 ) ) ;
#5740 = EDGE_LOOP ( 'NONE', ( #3980, #5096, #7277, #769 ) ) ;
#5741 = CARTESIAN_POINT ( 'NONE',  ( 0.2291337308794292593, -1.727642638307696155, 5.195397486887816108 ) ) ;
#5742 = CARTESIAN_POINT ( 'NONE',  ( -1.216873555469090151, 4.351777654016801833, -2.512500000000005063 ) ) ;
#5743 = FACE_OUTER_BOUND ( 'NONE', #2020, .T. ) ;
#5744 = DIRECTION ( 'NONE',  ( 0.000000000000000000, 0.8660254037844382635, -0.5000000000000007772 ) ) ;
#5745 = EDGE_CURVE ( 'NONE', #2689, #1376, #807, .T. ) ;
#5746 = UNCERTAINTY_MEASURE_WITH_UNIT (LENGTH_MEASURE( 1.000000000000000082E-05 ), #2696, 'distance_accuracy_value', 'NONE');
#5747 = CARTESIAN_POINT ( 'NONE',  ( -1.060132804264167117, 3.018596205566969282, 4.019910896282856250 ) ) ;
#5748 = AXIS2_PLACEMENT_3D ( 'NONE', #4569, #2168, #2247 ) ;
#5749 = FILL_AREA_STYLE ('',( #1566 ) ) ;
#5750 = DIRECTION ( 'NONE',  ( 0.000000000000000000, 0.000000000000000000, 1.000000000000000000 ) ) ;
#5751 = ORIENTED_EDGE ( 'NONE', *, *, #5769, .F. ) ;
#5752 = UNCERTAINTY_MEASURE_WITH_UNIT (LENGTH_MEASURE( 1.000000000000000082E-05 ), #4956, 'distance_accuracy_value', 'NONE');
#5753 = DIRECTION ( 'NONE',  ( -1.000000000000000000, -0.000000000000000000, -0.000000000000000000 ) ) ;
#5754 = DIRECTION ( 'NONE',  ( 0.000000000000000000, 0.000000000000000000, -1.000000000000000000 ) ) ;
#5755 = SURFACE_STYLE_USAGE ( .BOTH. , #989 ) ;
#5756 = MECHANICAL_DESIGN_GEOMETRIC_PRESENTATION_REPRESENTATION (  '', ( #3670 ), #1062 ) ;
#5757 = CARTESIAN_POINT ( 'NONE',  ( -0.3374999999999969691, -1.066436397168635253, -5.370133928571426907 ) ) ;
#5758 = PRESENTATION_LAYER_ASSIGNMENT (  '', '', ( #4533 ) ) ;
#5759 = EDGE_CURVE ( 'NONE', #846, #4564, #4539, .T. ) ;
#5760 = SURFACE_STYLE_FILL_AREA ( #3880 ) ;
#5761 = CARTESIAN_POINT ( 'NONE',  ( 0.7429409894823588711, 4.749811514361822695, 1.643745889321081233 ) ) ;
#5762 = ORIENTED_EDGE ( 'NONE', *, *, #3078, .T. ) ;
#5763 = SURFACE_STYLE_FILL_AREA ( #3409 ) ;
#5764 = ORIENTED_EDGE ( 'NONE', *, *, #2162, .T. ) ;
#5765 = B_SPLINE_CURVE_WITH_KNOTS ( 'NONE', 3,
 ( #103, #1317, #4293, #4213, #3731, #649, #2574, #4871, #1398, #5461, #2425, #6577, #145, #1947, #5936, #2498, #3621, #684 ),
 .UNSPECIFIED., .F., .F.,
 ( 4, 2, 2, 2, 2, 2, 2, 2, 4 ),
 ( 0.005116515914279437180, 0.005542729079264089795, 0.005968942244248742410, 0.006395155409233394157, 0.006821368574218046772, 0.007247581739202699387, 0.007673794904187351135, 0.008100008069172003750, 0.008526221234156656364 ),
 .UNSPECIFIED. ) ;
#5766 = SURFACE_STYLE_USAGE ( .BOTH. , #6332 ) ;
#5767 = CARTESIAN_POINT ( 'NONE',  ( 2.951763000829056837E-15, -4.546633369868282593, 2.625000000000037303 ) ) ;
#5768 = CARTESIAN_POINT ( 'NONE',  ( -0.7428168629650859778, -4.935313654298862041, 0.9514577221365082549 ) ) ;
#5769 = EDGE_CURVE ( 'NONE', #2421, #2191, #4391, .T. ) ;
#5770 = CARTESIAN_POINT ( 'NONE',  ( 0.2290589410532243297, -1.543085156773198907, 4.782331004557244469 ) ) ;
#5771 = CIRCLE ( 'NONE', #6926, 1.073181601594058732 ) ;
#5772 = DIRECTION ( 'NONE',  ( -1.000000000000000000, -0.000000000000000000, -0.000000000000000000 ) ) ;
#5773 = VERTEX_POINT ( 'NONE', #5256 ) ;
#5774 = ORIENTED_EDGE ( 'NONE', *, *, #4240, .T. ) ;
#5775 = SURFACE_STYLE_FILL_AREA ( #1085 ) ;
#5776 = ORIENTED_EDGE ( 'NONE', *, *, #6714, .F. ) ;
#5777 = CARTESIAN_POINT ( 'NONE',  ( -0.3374999999999970246, -1.575657362522887572, 4.771575093816236013 ) ) ;
#5778 =( NAMED_UNIT ( * ) SI_UNIT ( $, .STERADIAN. ) SOLID_ANGLE_UNIT ( ) );
#5779 =( GEOMETRIC_REPRESENTATION_CONTEXT ( 3 ) GLOBAL_UNCERTAINTY_ASSIGNED_CONTEXT ( ( #4602 ) ) GLOBAL_UNIT_ASSIGNED_CONTEXT ( ( #6196, #2629, #5188 ) ) REPRESENTATION_CONTEXT ( 'NONE', 'WORKASPACE' ) );
#5780 = VERTEX_POINT ( 'NONE', #6429 ) ;
#5781 = ORIENTED_EDGE ( 'NONE', *, *, #1447, .F. ) ;
#5782 = SURFACE_STYLE_USAGE ( .BOTH. , #5180 ) ;
#5783 =( NAMED_UNIT ( * ) SI_UNIT ( $, .STERADIAN. ) SOLID_ANGLE_UNIT ( ) );
#5784 = DIRECTION ( 'NONE',  ( 0.000000000000000000, 0.8660254037844382635, -0.5000000000000008882 ) ) ;
#5785 = CARTESIAN_POINT ( 'NONE',  ( -0.6073178875565879986, 3.357056292692582655, 3.739553136311681403 ) ) ;
#5786 = TOROIDAL_SURFACE ( 'NONE', #7456, 4.300000000000001599, 0.2000000000000003997 ) ;
#5787 = EDGE_LOOP ( 'NONE', ( #3347, #6688 ) ) ;
#5788 = DIRECTION ( 'NONE',  ( -1.000000000000000000, -0.000000000000000000, -0.000000000000000000 ) ) ;
#5789 = DIRECTION ( 'NONE',  ( 0.000000000000000000, 3.232861005816950323E-15, -1.000000000000000000 ) ) ;
#5790 = SURFACE_STYLE_FILL_AREA ( #1657 ) ;
#5791 = PRESENTATION_LAYER_ASSIGNMENT (  '', '', ( #3708 ) ) ;
#5792 = CLOSED_SHELL ( 'NONE', ( #7164, #7536, #168, #2289 ) ) ;
#5793 = B_SPLINE_CURVE_WITH_KNOTS ( 'NONE', 3,
 ( #184, #4370, #7393, #6145, #4878, #813, #2030, #4260, #2508, #2691, #376, #1049, #2655, #1553, #6936, #2147, #6223, #6985 ),
 .UNSPECIFIED., .F., .F.,
 ( 4, 2, 2, 2, 2, 2, 2, 2, 4 ),
 ( 0.001883778965698460449, 0.002354457143249125139, 0.002825135320799789830, 0.003295813498350454521, 0.003766491675901119211, 0.004237169853451783902, 0.004707848031002447725, 0.005178526208553111548, 0.005649204386103776239 ),
 .UNSPECIFIED. ) ;
#5794 = FILL_AREA_STYLE_COLOUR ( '', #5924 ) ;
#5795 = CARTESIAN_POINT ( 'NONE',  ( -0.3164496935152088519, 3.660008334471444247, 3.443614407752234818 ) ) ;
#5796 = ADVANCED_FACE ( 'NONE', ( #6939 ), #1592, .F. ) ;
#5797 =( GEOMETRIC_REPRESENTATION_CONTEXT ( 3 ) GLOBAL_UNCERTAINTY_ASSIGNED_CONTEXT ( ( #4196 ) ) GLOBAL_UNIT_ASSIGNED_CONTEXT ( ( #245, #915, #7491 ) ) REPRESENTATION_CONTEXT ( 'NONE', 'WORKASPACE' ) );
#5798 =( NAMED_UNIT ( * ) SI_UNIT ( $, .STERADIAN. ) SOLID_ANGLE_UNIT ( ) );
#5799 = CARTESIAN_POINT ( 'NONE',  ( -1.216873555470451729, -4.741489085720130170, 2.737500000000062439 ) ) ;
#5800 = VERTEX_POINT ( 'NONE', #1205 ) ;
#5801 = PRESENTATION_LAYER_ASSIGNMENT (  '', '', ( #6310 ) ) ;
#5802 = EDGE_CURVE ( 'NONE', #5501, #5056, #2566, .T. ) ;
#5803 = DIRECTION ( 'NONE',  ( 0.000000000000000000, -1.047444401652940322E-14, -1.000000000000000000 ) ) ;
#5804 = SURFACE_STYLE_FILL_AREA ( #6495 ) ;
#5805 = CARTESIAN_POINT ( 'NONE',  ( 0.2284057894171358516, -1.055016850132604711, -4.913120729317799196 ) ) ;
#5806 = PRESENTATION_LAYER_ASSIGNMENT (  '', '', ( #2606 ) ) ;
#5807 = DIRECTION ( 'NONE',  ( 0.000000000000000000, 0.000000000000000000, 1.000000000000000000 ) ) ;
#5808 = VERTEX_POINT ( 'NONE', #3538 ) ;
#5809 = ORIENTED_EDGE ( 'NONE', *, *, #1700, .F. ) ;
#5810 = MECHANICAL_DESIGN_GEOMETRIC_PRESENTATION_REPRESENTATION (  '', ( #1736 ), #7736 ) ;
#5811 =( NAMED_UNIT ( * ) SI_UNIT ( $, .STERADIAN. ) SOLID_ANGLE_UNIT ( ) );
#5812 = CARTESIAN_POINT ( 'NONE',  ( -0.1603182285372161398, 1.234662427273278240, 5.333969787213907132 ) ) ;
#5813 = ORIENTED_EDGE ( 'NONE', *, *, #506, .T. ) ;
#5814 = AXIS2_PLACEMENT_3D ( 'NONE', #1279, #4205, #6609 ) ;
#5815 = EDGE_CURVE ( 'NONE', #3627, #7027, #6533, .T. ) ;
#5816 = MECHANICAL_DESIGN_GEOMETRIC_PRESENTATION_REPRESENTATION (  '', ( #4849 ), #6979 ) ;
#5817 = ADVANCED_FACE ( 'NONE', ( #2305 ), #7117, .F. ) ;
#5818 = AXIS2_PLACEMENT_3D ( 'NONE', #2340, #7112, #5893 ) ;
#5819 = CARTESIAN_POINT ( 'NONE',  ( -1.066052540301069440, -3.257558097409313014, 4.402974996044926037 ) ) ;
#5820 =( GEOMETRIC_REPRESENTATION_CONTEXT ( 3 ) GLOBAL_UNCERTAINTY_ASSIGNED_CONTEXT ( ( #3362 ) ) GLOBAL_UNIT_ASSIGNED_CONTEXT ( ( #6116, #7563, #4027 ) ) REPRESENTATION_CONTEXT ( 'NONE', 'WORKASPACE' ) );
#5821 = CARTESIAN_POINT ( 'NONE',  ( -2.300000000000001599, 0.000000000000000000, 0.000000000000000000 ) ) ;
#5822 = EDGE_LOOP ( 'NONE', ( #7317, #4536, #4099, #2790 ) ) ;
#5823 = ORIENTED_EDGE ( 'NONE', *, *, #3439, .F. ) ;
#5824 = MECHANICAL_DESIGN_GEOMETRIC_PRESENTATION_REPRESENTATION (  '', ( #4857 ), #1868 ) ;
#5825 = DIRECTION ( 'NONE',  ( 0.000000000000000000, 0.000000000000000000, 1.000000000000000000 ) ) ;
#5826 = CIRCLE ( 'NONE', #3732, 5.025000000000001243 ) ;
#5827 = DIRECTION ( 'NONE',  ( 0.000000000000000000, 0.000000000000000000, -1.000000000000000000 ) ) ;
#5828 = MANIFOLD_SOLID_BREP ( '阵列(圆周)2', #7219 ) ;
#5829 = CARTESIAN_POINT ( 'NONE',  ( 0.3164496935152140700, 3.443614407752323636, 3.660008334471359426 ) ) ;
#5830 = ADVANCED_FACE ( 'NONE', ( #2 ), #2058, .T. ) ;
#5831 = CIRCLE ( 'NONE', #4741, 5.025000000000001243 ) ;
#5832 = SURFACE_STYLE_FILL_AREA ( #5749 ) ;
#5833 = PRESENTATION_LAYER_ASSIGNMENT (  '', '', ( #6997 ) ) ;
#5834 = CARTESIAN_POINT ( 'NONE',  ( 2.951763000829056837E-15, 4.546633369868336771, 2.624999999999942268 ) ) ;
#5835 = VERTEX_POINT ( 'NONE', #2390 ) ;
#5836 = UNCERTAINTY_MEASURE_WITH_UNIT (LENGTH_MEASURE( 1.000000000000000082E-05 ), #5520, 'distance_accuracy_value', 'NONE');
#5837 = CARTESIAN_POINT ( 'NONE',  ( 0.3375000000000029643, 5.025000000000001243, 0.000000000000000000 ) ) ;
#5838 = STYLED_ITEM ( 'NONE', ( #1479 ), #6875 ) ;
#5839 = SURFACE_STYLE_USAGE ( .BOTH. , #6317 ) ;
#5840 =( LENGTH_UNIT ( ) NAMED_UNIT ( * ) SI_UNIT ( .MILLI., .METRE. ) );
#5841 = SURFACE_STYLE_FILL_AREA ( #4532 ) ;
#5842 = MANIFOLD_SOLID_BREP ( '切除-旋转1[7]', #95 ) ;
#5843 = DIRECTION ( 'NONE',  ( 0.000000000000000000, -0.8660254037844397068, -0.4999999999999981126 ) ) ;
#5844 =( NAMED_UNIT ( * ) PLANE_ANGLE_UNIT ( ) SI_UNIT ( $, .RADIAN. ) );
#5845 = B_SPLINE_CURVE_WITH_KNOTS ( 'NONE', 3,
 ( #3374, #6976, #2762, #2880, #2255, #1041, #4125, #6929, #5129, #4619, #4658, #3960, #4044, #4083, #7020, #2916, #7545, #444 ),
 .UNSPECIFIED., .F., .F.,
 ( 4, 2, 2, 2, 2, 2, 2, 2, 4 ),
 ( 0.001924500009533457352, 0.002405502955712250993, 0.002886505901891044633, 0.003367508848069838273, 0.003848511794248631046, 0.004329514740427424686, 0.004810517686606216592, 0.005291520632785011100, 0.005772523578963804740 ),
 .UNSPECIFIED. ) ;
#5846 =( NAMED_UNIT ( * ) PLANE_ANGLE_UNIT ( ) SI_UNIT ( $, .RADIAN. ) );
#5847 = DIRECTION ( 'NONE',  ( 0.000000000000000000, 0.000000000000000000, 1.000000000000000000 ) ) ;
#5848 = ORIENTED_EDGE ( 'NONE', *, *, #7290, .F. ) ;
#5849 = UNCERTAINTY_MEASURE_WITH_UNIT (LENGTH_MEASURE( 1.000000000000000082E-05 ), #1699, 'distance_accuracy_value', 'NONE');
#5850 = PRESENTATION_STYLE_ASSIGNMENT (( #595 ) ) ;
#5851 = EDGE_CURVE ( 'NONE', #230, #4743, #3546, .T. ) ;
#5852 = DIRECTION ( 'NONE',  ( 0.000000000000000000, -1.000000000000000000, 0.000000000000000000 ) ) ;
#5853 =( NAMED_UNIT ( * ) SI_UNIT ( $, .STERADIAN. ) SOLID_ANGLE_UNIT ( ) );
#5854 = AXIS2_PLACEMENT_3D ( 'NONE', #4872, #7314, #3695 ) ;
#5855 = CARTESIAN_POINT ( 'NONE',  ( -0.3374999999999970246, 3.750346850512952912, -3.344476566048502963 ) ) ;
#5856 = CARTESIAN_POINT ( 'NONE',  ( -0.3374999999999969691, 5.025000000000001243, 0.000000000000000000 ) ) ;
#5857 =( LENGTH_UNIT ( ) NAMED_UNIT ( * ) SI_UNIT ( .MILLI., .METRE. ) );
#5858 = VERTEX_POINT ( 'NONE', #4941 ) ;
#5859 = VERTEX_POINT ( 'NONE', #7420 ) ;
#5860 = CARTESIAN_POINT ( 'NONE',  ( 0.7428168631732793292, 3.291643385024352941, -3.798378139304491974 ) ) ;
#5861 = CARTESIAN_POINT ( 'NONE',  ( 2.951763000829056837E-15, 6.429395695523604153E-16, -5.250000000000000000 ) ) ;
#5862 = VERTEX_POINT ( 'NONE', #5568 ) ;
#5863 = AXIS2_PLACEMENT_3D ( 'NONE', #2797, #1004, #3377 ) ;
#5864 = PRESENTATION_LAYER_ASSIGNMENT (  '', '', ( #39 ) ) ;
#5865 = FILL_AREA_STYLE ('',( #609 ) ) ;
#5866 = CARTESIAN_POINT ( 'NONE',  ( -0.1139339630336134446, 5.201117964857057352, -1.709969858110706786 ) ) ;
#5867 = ADVANCED_FACE ( 'NONE', ( #721 ), #3694, .T. ) ;
#5868 = DIRECTION ( 'NONE',  ( -1.000000000000000000, -0.000000000000000000, -0.000000000000000000 ) ) ;
#5869 = ORIENTED_EDGE ( 'NONE', *, *, #5274, .F. ) ;
#5870 = ORIENTED_EDGE ( 'NONE', *, *, #2939, .F. ) ;
#5871 = FACE_OUTER_BOUND ( 'NONE', #7110, .T. ) ;
#5872 = CARTESIAN_POINT ( 'NONE',  ( 2.299999999999997158, 0.000000000000000000, 5.999999999999998224 ) ) ;
#5873 = CARTESIAN_POINT ( 'NONE',  ( 0.3157423466804659684, -3.659949515897147343, -3.443668705420083853 ) ) ;
#5874 = CIRCLE ( 'NONE', #1666, 3.200000000000001510 ) ;
#5875 = CARTESIAN_POINT ( 'NONE',  ( 0.3375000000000030753, 3.344476566048542487, 3.750346850512918273 ) ) ;
#5876 = EDGE_CURVE ( 'NONE', #7203, #5261, #2444, .T. ) ;
#5877 = ORIENTED_EDGE ( 'NONE', *, *, #3267, .T. ) ;
#5878 = CARTESIAN_POINT ( 'NONE',  ( 0.3375000000000029088, 4.117454205283326729, 3.608627975754036044 ) ) ;
#5879 = PRESENTATION_STYLE_ASSIGNMENT (( #1068 ) ) ;
#5880 = PRESENTATION_STYLE_ASSIGNMENT (( #1153 ) ) ;
#5881 = PLANE ( 'NONE',  #4103 ) ;
#5882 = FACE_OUTER_BOUND ( 'NONE', #2054, .T. ) ;
#5883 =( LENGTH_UNIT ( ) NAMED_UNIT ( * ) SI_UNIT ( .MILLI., .METRE. ) );
#5884 = CARTESIAN_POINT ( 'NONE',  ( 1.124999999999998224, -2.625000000000021760, -4.546633369868291474 ) ) ;
#5885 = ORIENTED_EDGE ( 'NONE', *, *, #902, .T. ) ;
#5886 = CARTESIAN_POINT ( 'NONE',  ( 0.1623272492000195077, -5.333962345902281577, 1.234694575522405469 ) ) ;
#5887 = SURFACE_STYLE_USAGE ( .BOTH. , #3528 ) ;
#5888 = B_SPLINE_CURVE_WITH_KNOTS ( 'NONE', 3,
 ( #3042, #6580, #1286, #2392, #650, #2462 ),
 .UNSPECIFIED., .F., .F.,
 ( 4, 2, 4 ),
 ( 0.003069521842370880917, 0.003410565455249570631, 0.003751609068128259911 ),
 .UNSPECIFIED. ) ;
#5889 = DIRECTION ( 'NONE',  ( 0.000000000000000000, -1.224646799147353207E-16, 1.000000000000000000 ) ) ;
#5890 = FACE_OUTER_BOUND ( 'NONE', #6109, .T. ) ;
#5891 = ADVANCED_FACE ( 'NONE', ( #4397 ), #5012, .F. ) ;
#5892 = ORIENTED_EDGE ( 'NONE', *, *, #347, .T. ) ;
#5893 = DIRECTION ( 'NONE',  ( 0.000000000000000000, 0.000000000000000000, 1.000000000000000000 ) ) ;
#5894 = SURFACE_STYLE_USAGE ( .BOTH. , #2889 ) ;
#5895 = ORIENTED_EDGE ( 'NONE', *, *, #1310, .T. ) ;
#5896 =( LENGTH_UNIT ( ) NAMED_UNIT ( * ) SI_UNIT ( .MILLI., .METRE. ) );
#5897 =( GEOMETRIC_REPRESENTATION_CONTEXT ( 3 ) GLOBAL_UNCERTAINTY_ASSIGNED_CONTEXT ( ( #471 ) ) GLOBAL_UNIT_ASSIGNED_CONTEXT ( ( #2665, #6702, #5033 ) ) REPRESENTATION_CONTEXT ( 'NONE', 'WORKASPACE' ) );
#5898 = DIRECTION ( 'NONE',  ( 0.000000000000000000, 0.000000000000000000, 1.000000000000000000 ) ) ;
#5899 = VERTEX_POINT ( 'NONE', #4323 ) ;
#5900 = ORIENTED_EDGE ( 'NONE', *, *, #4396, .T. ) ;
#5901 = PRESENTATION_STYLE_ASSIGNMENT (( #7078 ) ) ;
#5902 = CARTESIAN_POINT ( 'NONE',  ( 0.2288940565161386165, -4.093829020219244441, -3.635584375318158035 ) ) ;
#5903 = STYLED_ITEM ( 'NONE', ( #2371 ), #756 ) ;
#5904 = FILL_AREA_STYLE ('',( #3551 ) ) ;
#5905 = MANIFOLD_SOLID_BREP ( '切除-旋转1[3]', #2841 ) ;
#5906 =( NAMED_UNIT ( * ) SI_UNIT ( $, .STERADIAN. ) SOLID_ANGLE_UNIT ( ) );
#5907 = EDGE_CURVE ( 'NONE', #5208, #1129, #3100, .T. ) ;
#5908 = CARTESIAN_POINT ( 'NONE',  ( -0.9843303561304969085, 0.000000000000000000, 0.000000000000000000 ) ) ;
#5909 = DIRECTION ( 'NONE',  ( 0.000000000000000000, 0.000000000000000000, 1.000000000000000000 ) ) ;
#5910 = B_SPLINE_CURVE_WITH_KNOTS ( 'NONE', 3,
 ( #5699, #6996, #5585, #4023, #5139, #7559 ),
 .UNSPECIFIED., .F., .F.,
 ( 4, 2, 4 ),
 ( 0.003144056225732765920, 0.003485646593205811525, 0.003827236960678857131 ),
 .UNSPECIFIED. ) ;
#5911 = FILL_AREA_STYLE_COLOUR ( '', #3712 ) ;
#5912 = ORIENTED_EDGE ( 'NONE', *, *, #3410, .F. ) ;
#5913 = UNCERTAINTY_MEASURE_WITH_UNIT (LENGTH_MEASURE( 1.000000000000000082E-05 ), #3560, 'distance_accuracy_value', 'NONE');
#5914 = AXIS2_PLACEMENT_3D ( 'NONE', #4643, #7609, #2320 ) ;
#5915 = FILL_AREA_STYLE ('',( #6664 ) ) ;
#5916 = MECHANICAL_DESIGN_GEOMETRIC_PRESENTATION_REPRESENTATION (  '', ( #1217 ), #702 ) ;
#5917 = EDGE_CURVE ( 'NONE', #1981, #7715, #6834, .T. ) ;
#5918 = DIRECTION ( 'NONE',  ( 0.000000000000000000, 0.8660254037844433705, 0.4999999999999918399 ) ) ;
#5919 = MANIFOLD_SOLID_BREP ( '切除-旋转1[13]', #1098 ) ;
#5920 = SURFACE_STYLE_FILL_AREA ( #3022 ) ;
#5921 = CYLINDRICAL_SURFACE ( 'NONE', #7086, 5.475000000000000533 ) ;
#5922 = SURFACE_SIDE_STYLE ('',( #4856 ) ) ;
#5923 = DIRECTION ( 'NONE',  ( -0.000000000000000000, -0.5000000000000071054, -0.8660254037844345998 ) ) ;
#5924 = COLOUR_RGB ( '',1.000000000000000000, 1.000000000000000000, 1.000000000000000000 ) ;
#5925 = VERTEX_POINT ( 'NONE', #2173 ) ;
#5926 = CARTESIAN_POINT ( 'NONE',  ( 1.060068109012840987, -4.990627786035840785, -0.6044817592958281471 ) ) ;
#5927 = CARTESIAN_POINT ( 'NONE',  ( -0.3374999999999969691, 5.499083108677935350E-14, 5.250000000000000000 ) ) ;
#5928 =( GEOMETRIC_REPRESENTATION_CONTEXT ( 3 ) GLOBAL_UNCERTAINTY_ASSIGNED_CONTEXT ( ( #5961 ) ) GLOBAL_UNIT_ASSIGNED_CONTEXT ( ( #5560, #283, #7450 ) ) REPRESENTATION_CONTEXT ( 'NONE', 'WORKASPACE' ) );
#5929 = CARTESIAN_POINT ( 'NONE',  ( -1.216873555469091261, -1.923259569643130070E-14, -5.475000000000001421 ) ) ;
#5930 = CARTESIAN_POINT ( 'NONE',  ( -1.216873555469089929, 4.430315561917194778, 2.376468353196352634 ) ) ;
#5931 = DIRECTION ( 'NONE',  ( 0.000000000000000000, 1.000000000000000000, 0.000000000000000000 ) ) ;
#5932 = ORIENTED_EDGE ( 'NONE', *, *, #3640, .F. ) ;
#5933 = CARTESIAN_POINT ( 'NONE',  ( 1.216873555469096146, 4.351777654016836472, 2.512499999999944666 ) ) ;
#5934 =( LENGTH_UNIT ( ) NAMED_UNIT ( * ) SI_UNIT ( .MILLI., .METRE. ) );
#5935 = VERTEX_POINT ( 'NONE', #289 ) ;
#5936 = CARTESIAN_POINT ( 'NONE',  ( 0.9610001437187013495, 4.996943293338063086, 0.5461198397050662789 ) ) ;
#5937 = AXIS2_PLACEMENT_3D ( 'NONE', #628, #1781, #1817 ) ;
#5938 = PRESENTATION_STYLE_ASSIGNMENT (( #3002 ) ) ;
#5939 = AXIS2_PLACEMENT_3D ( 'NONE', #4687, #1031, #4111 ) ;
#5940 =( NAMED_UNIT ( * ) SI_UNIT ( $, .STERADIAN. ) SOLID_ANGLE_UNIT ( ) );
#5941 = CARTESIAN_POINT ( 'NONE',  ( 2.951763000829056837E-15, -4.546633369868319008, -2.624999999999973799 ) ) ;
#5942 = EDGE_LOOP ( 'NONE', ( #4664, #5045, #151, #1854 ) ) ;
#5943 = DIRECTION ( 'NONE',  ( 0.000000000000000000, 0.4999999999999980571, -0.8660254037844397068 ) ) ;
#5944 = MECHANICAL_DESIGN_GEOMETRIC_PRESENTATION_REPRESENTATION (  '', ( #3341 ), #6697 ) ;
#5945 = CARTESIAN_POINT ( 'NONE',  ( 2.951763000829056837E-15, 4.546633369868299468, -2.625000000000005329 ) ) ;
#5946 = VECTOR ( 'NONE', #3760, 1000.000000000000000 ) ;
#5947 = FACE_BOUND ( 'NONE', #2090, .T. ) ;
#5948 = MANIFOLD_SOLID_BREP ( '切除-旋转1[6]', #7340 ) ;
#5950 = CIRCLE ( 'NONE', #2488, 1.237499999999996492 ) ;
#5949 = SURFACE_SIDE_STYLE ('',( #3011 ) ) ;
#5951 =( NAMED_UNIT ( * ) SI_UNIT ( $, .STERADIAN. ) SOLID_ANGLE_UNIT ( ) );
#5952 = EDGE_CURVE ( 'NONE', #2862, #2535, #2111, .T. ) ;
#5953 = SURFACE_STYLE_USAGE ( .BOTH. , #7134 ) ;
#5954 =( GEOMETRIC_REPRESENTATION_CONTEXT ( 3 ) GLOBAL_UNCERTAINTY_ASSIGNED_CONTEXT ( ( #1341 ) ) GLOBAL_UNIT_ASSIGNED_CONTEXT ( ( #2124, #6960, #4530 ) ) REPRESENTATION_CONTEXT ( 'NONE', 'WORKASPACE' ) );
#5955 = DIRECTION ( 'NONE',  ( 0.000000000000000000, 0.8660254037844433705, 0.4999999999999921729 ) ) ;
#5956 =( NAMED_UNIT ( * ) SI_UNIT ( $, .STERADIAN. ) SOLID_ANGLE_UNIT ( ) );
#5957 = CARTESIAN_POINT ( 'NONE',  ( -0.3374999999999969691, 5.025000000000001243, 0.000000000000000000 ) ) ;
#5958 = CIRCLE ( 'NONE', #7133, 1.190588089979062403 ) ;
#5959 = DIRECTION ( 'NONE',  ( 0.000000000000000000, 0.000000000000000000, -1.000000000000000000 ) ) ;
#5960 = DIRECTION ( 'NONE',  ( 0.000000000000000000, 0.5000000000000009992, 0.8660254037844380415 ) ) ;
#5961 = UNCERTAINTY_MEASURE_WITH_UNIT (LENGTH_MEASURE( 1.000000000000000082E-05 ), #5560, 'distance_accuracy_value', 'NONE');
#5962 = DIRECTION ( 'NONE',  ( 0.000000000000000000, 1.000000000000000000, 1.224646799147353454E-16 ) ) ;
#5963 = EDGE_CURVE ( 'NONE', #5899, #7473, #6460, .T. ) ;
#5964 =( NAMED_UNIT ( * ) SI_UNIT ( $, .STERADIAN. ) SOLID_ANGLE_UNIT ( ) );
#5965 = CARTESIAN_POINT ( 'NONE',  ( 0.7413020568632584517, -1.642381454461522283, -4.750304665213715971 ) ) ;
#5966 = ORIENTED_EDGE ( 'NONE', *, *, #1227, .T. ) ;
#5967 = DIRECTION ( 'NONE',  ( 1.000000000000000000, 0.000000000000000000, 0.000000000000000000 ) ) ;
#5968 = AXIS2_PLACEMENT_3D ( 'NONE', #3268, #5624, #301 ) ;
#5969 = CARTESIAN_POINT ( 'NONE',  ( 1.216873555470457724, -2.737499999999979394, 4.741489085720178132 ) ) ;
#5970 = DIRECTION ( 'NONE',  ( 0.000000000000000000, 0.000000000000000000, 1.000000000000000000 ) ) ;
#5971 = AXIS2_PLACEMENT_3D ( 'NONE', #1242, #69, #4823 ) ;
#5972 = CARTESIAN_POINT ( 'NONE',  ( -1.124999999999992006, -4.546633369868282593, 2.625000000000037303 ) ) ;
#5973 = ORIENTED_EDGE ( 'NONE', *, *, #1378, .T. ) ;
#5974 = CARTESIAN_POINT ( 'NONE',  ( -1.066052540301009488, -0.6196405686378151367, 5.441867247507238936 ) ) ;
#5975 = CARTESIAN_POINT ( 'NONE',  ( -0.9766093576085630446, 0.7572843384363932007, 5.423612651610225655 ) ) ;
#5976 = EDGE_CURVE ( 'NONE', #1831, #6155, #2237, .T. ) ;
#5977 = ORIENTED_EDGE ( 'NONE', *, *, #3243, .T. ) ;
#5978 = CARTESIAN_POINT ( 'NONE',  ( -3.499999999999999556, 0.000000000000000000, 0.000000000000000000 ) ) ;
#5979 = SURFACE_STYLE_FILL_AREA ( #5391 ) ;
#5980 = CARTESIAN_POINT ( 'NONE',  ( 0.2294076944467768886, 5.195368396035683567, -1.727728249028877228 ) ) ;
#5981 = DIRECTION ( 'NONE',  ( 0.000000000000000000, 3.552713678800500929E-15, 1.000000000000000000 ) ) ;
#5982 = SURFACE_STYLE_USAGE ( .BOTH. , #1210 ) ;
#5983 = SURFACE_SIDE_STYLE ('',( #5532 ) ) ;
#5984 = ORIENTED_EDGE ( 'NONE', *, *, #7439, .F. ) ;
#5985 = ORIENTED_EDGE ( 'NONE', *, *, #5291, .F. ) ;
#5986 = CARTESIAN_POINT ( 'NONE',  ( -0.3374999999999975242, 0.000000000000000000, 0.000000000000000000 ) ) ;
#5987 = FILL_AREA_STYLE ('',( #504 ) ) ;
#5988 = SURFACE_STYLE_FILL_AREA ( #3630 ) ;
#5989 = SURFACE_STYLE_USAGE ( .BOTH. , #6589 ) ;
#5990 =( NAMED_UNIT ( * ) PLANE_ANGLE_UNIT ( ) SI_UNIT ( $, .RADIAN. ) );
#5991 = CARTESIAN_POINT ( 'NONE',  ( 2.951763000829056837E-15, 0.000000000000000000, 0.000000000000000000 ) ) ;
#5992 = AXIS2_PLACEMENT_3D ( 'NONE', #554, #3602, #7142 ) ;
#5993 = LINE ( 'NONE', #3997, #4005 ) ;
#5994 = CARTESIAN_POINT ( 'NONE',  ( 0.2291337308794293148, 5.195397486887820548, 1.727642638307677503 ) ) ;
#5995 = EDGE_CURVE ( 'NONE', #3787, #3663, #7477, .T. ) ;
#5996 = DIRECTION ( 'NONE',  ( -1.000000000000000000, -0.000000000000000000, -0.000000000000000000 ) ) ;
#5997 = B_SPLINE_CURVE_WITH_KNOTS ( 'NONE', 3,
 ( #4786, #7634, #5287, #4054, #2957, #5860, #2264, #2995, #2888, #1131, #6535, #3496, #7028, #7157, #1635, #1202, #3575, #5318 ),
 .UNSPECIFIED., .F., .F.,
 ( 4, 2, 2, 2, 2, 2, 2, 2, 4 ),
 ( 0.005649204378755473717, 0.006119817975306280668, 0.006590431571857086751, 0.007061045168407893702, 0.007531658764958700653, 0.008002272361509507603, 0.008472885958060314554, 0.008943499554611119770, 0.009414113151161926721 ),
 .UNSPECIFIED. ) ;
#5998 = FACE_OUTER_BOUND ( 'NONE', #2052, .T. ) ;
#5999 = MANIFOLD_SOLID_BREP ( '切除-旋转1[8]', #6567 ) ;
#6000 = AXIS2_PLACEMENT_3D ( 'NONE', #1838, #963, #5052 ) ;
#6001 = CARTESIAN_POINT ( 'NONE',  ( -2.300000000000001155, 0.000000000000000000, 0.000000000000000000 ) ) ;
#6002 = DIRECTION ( 'NONE',  ( -1.000000000000000000, -0.000000000000000000, -0.000000000000000000 ) ) ;
#6003 = AXIS2_PLACEMENT_3D ( 'NONE', #689, #2613, #7350 ) ;
#6004 = DIRECTION ( 'NONE',  ( 0.000000000000000000, 0.000000000000000000, 1.000000000000000000 ) ) ;
#6005 = SURFACE_SIDE_STYLE ('',( #2035 ) ) ;
#6006 =( LENGTH_UNIT ( ) NAMED_UNIT ( * ) SI_UNIT ( .MILLI., .METRE. ) );
#6007 =( NAMED_UNIT ( * ) SI_UNIT ( $, .STERADIAN. ) SOLID_ANGLE_UNIT ( ) );
#6008 = EDGE_CURVE ( 'NONE', #2768, #4743, #7245, .T. ) ;
#6009 = FILL_AREA_STYLE ('',( #6092 ) ) ;
#6010 = CARTESIAN_POINT ( 'NONE',  ( 0.9843303561305023486, 7.347880794884117764E-16, -5.999999999999998224 ) ) ;
#6011 = EDGE_LOOP ( 'NONE', ( #5428, #1741, #7170, #1670 ) ) ;
#6012 = CARTESIAN_POINT ( 'NONE',  ( -0.1623272492000132350, -1.234694575522349513, 5.333962345902294899 ) ) ;
#6013 = ORIENTED_EDGE ( 'NONE', *, *, #506, .F. ) ;
#6014 = AXIS2_PLACEMENT_3D ( 'NONE', #3703, #3818, #3193 ) ;
#6015 = SURFACE_STYLE_USAGE ( .BOTH. , #4322 ) ;
#6016 = CARTESIAN_POINT ( 'NONE',  ( 2.951763000829056837E-15, 2.625000000000053291, 4.546633369868272823 ) ) ;
#6017 = EDGE_CURVE ( 'NONE', #7169, #2614, #2731, .T. ) ;
#6018 = EDGE_CURVE ( 'NONE', #5859, #7203, #856, .T. ) ;
#6019 = DIRECTION ( 'NONE',  ( -0.000000000000000000, 0.000000000000000000, 1.000000000000000000 ) ) ;
#6020 = UNCERTAINTY_MEASURE_WITH_UNIT (LENGTH_MEASURE( 1.000000000000000082E-05 ), #7592, 'distance_accuracy_value', 'NONE');
#6021 = AXIS2_PLACEMENT_3D ( 'NONE', #6995, #571, #2962 ) ;
#6022 = CARTESIAN_POINT ( 'NONE',  ( -0.3374999999999969691, -5.183890602451905139, -1.761505952817311149 ) ) ;
#6023 = ORIENTED_EDGE ( 'NONE', *, *, #2837, .T. ) ;
#6024 = VERTEX_POINT ( 'NONE', #4698 ) ;
#6025 =( NAMED_UNIT ( * ) PLANE_ANGLE_UNIT ( ) SI_UNIT ( $, .RADIAN. ) );
#6026 = FACE_OUTER_BOUND ( 'NONE', #6106, .T. ) ;
#6027 = ORIENTED_EDGE ( 'NONE', *, *, #6770, .T. ) ;
#6028 = CARTESIAN_POINT ( 'NONE',  ( -0.6066795256490178367, -4.777195101010573985, -1.559643906801493118 ) ) ;
#6029 = SURFACE_STYLE_FILL_AREA ( #5904 ) ;
#6030 = AXIS2_PLACEMENT_3D ( 'NONE', #1530, #3276, #5479 ) ;
#6031 = FACE_OUTER_BOUND ( 'NONE', #6525, .T. ) ;
#6032 = DIRECTION ( 'NONE',  ( -1.000000000000000000, -0.000000000000000000, -0.000000000000000000 ) ) ;
#6033 = STYLED_ITEM ( 'NONE', ( #4302 ), #5621 ) ;
#6034 =( NAMED_UNIT ( * ) SI_UNIT ( $, .STERADIAN. ) SOLID_ANGLE_UNIT ( ) );
#6035 = CIRCLE ( 'NONE', #5281, 1.124999999999994671 ) ;
#6036 =( NAMED_UNIT ( * ) PLANE_ANGLE_UNIT ( ) SI_UNIT ( $, .RADIAN. ) );
#6037 =( NAMED_UNIT ( * ) SI_UNIT ( $, .STERADIAN. ) SOLID_ANGLE_UNIT ( ) );
#6038 = PRESENTATION_STYLE_ASSIGNMENT (( #5406 ) ) ;
#6039 = CARTESIAN_POINT ( 'NONE',  ( -2.300000000000001599, 0.000000000000000000, 0.000000000000000000 ) ) ;
#6040 = STYLED_ITEM ( 'NONE', ( #6402 ), #7722 ) ;
#6041 = DIRECTION ( 'NONE',  ( 0.000000000000000000, 0.5000000000000101030, 0.8660254037844328234 ) ) ;
#6042 = DIRECTION ( 'NONE',  ( 0.000000000000000000, 0.8660254037844450359, 0.4999999999999891198 ) ) ;
#6043 = B_SPLINE_CURVE_WITH_KNOTS ( 'NONE', 3,
 ( #4280, #4964, #754, #5486, #711, #2047, #2529, #7302, #1308, #5451, #4351, #3684, #1973, #6045, #3097, #4314, #2599, #5410 ),
 .UNSPECIFIED., .F., .F.,
 ( 4, 2, 2, 2, 2, 2, 2, 2, 4 ),
 ( 0.005649204378755477186, 0.006119817975306284137, 0.006590431571857091088, 0.007061045168407898039, 0.007531658764958705857, 0.008002272361509512807, 0.008472885958060318023, 0.008943499554611124974, 0.009414113151161931925 ),
 .UNSPECIFIED. ) ;
#6044 = CARTESIAN_POINT ( 'NONE',  ( 2.951763000829056837E-15, 4.546633369868299468, -2.625000000000005329 ) ) ;
#6045 = CARTESIAN_POINT ( 'NONE',  ( -0.9692456470055343942, -3.122243819140520404, 3.938812449548236394 ) ) ;
#6046 = SURFACE_STYLE_FILL_AREA ( #1275 ) ;
#6047 = CARTESIAN_POINT ( 'NONE',  ( 0.9659926404255062549, 5.447878509656304935, 0.5607165819499219106 ) ) ;
#6048 = EDGE_CURVE ( 'NONE', #1163, #2833, #4729, .T. ) ;
#6049 = SURFACE_STYLE_USAGE ( .BOTH. , #3211 ) ;
#6050 = CIRCLE ( 'NONE', #7333, 1.237499999999996936 ) ;
#6051 = SURFACE_STYLE_FILL_AREA ( #7226 ) ;
#6052 = ORIENTED_EDGE ( 'NONE', *, *, #431, .F. ) ;
#6053 = CARTESIAN_POINT ( 'NONE',  ( 0.7525402123772515495, -5.158076629468505203, 1.839374689528582518 ) ) ;
#6054 = EDGE_LOOP ( 'NONE', ( #1703, #1443, #3689, #1716 ) ) ;
#6055 = EDGE_CURVE ( 'NONE', #5925, #4056, #3642, .T. ) ;
#6056 = CARTESIAN_POINT ( 'NONE',  ( -2.441421356237306384, 0.000000000000000000, 0.000000000000000000 ) ) ;
#6057 = MECHANICAL_DESIGN_GEOMETRIC_PRESENTATION_REPRESENTATION (  '', ( #1656 ), #6947 ) ;
#6058 = LINE ( 'NONE', #7347, #257 ) ;
#6059 = DIRECTION ( 'NONE',  ( -1.000000000000000000, -0.000000000000000000, -0.000000000000000000 ) ) ;
#6060 = ORIENTED_EDGE ( 'NONE', *, *, #5349, .T. ) ;
#6061 = VERTEX_POINT ( 'NONE', #4238 ) ;
#6062 = DIRECTION ( 'NONE',  ( -1.000000000000000000, -0.000000000000000000, -0.000000000000000000 ) ) ;
#6063 = CIRCLE ( 'NONE', #6821, 1.237499999999996714 ) ;
#6064 = ORIENTED_EDGE ( 'NONE', *, *, #204, .T. ) ;
#6065 = EDGE_CURVE ( 'NONE', #5835, #5858, #1365, .T. ) ;
#6066 = CARTESIAN_POINT ( 'NONE',  ( -1.194998545979019333, 5.019807796667199895, -0.2587923132737572907 ) ) ;
#6067 = CYLINDRICAL_SURFACE ( 'NONE', #4593, 4.500000000000001776 ) ;
#6068 = SURFACE_STYLE_USAGE ( .BOTH. , #1960 ) ;
#6069 = CIRCLE ( 'NONE', #5564, 5.025000000000001243 ) ;
#6070 = CARTESIAN_POINT ( 'NONE',  ( -0.9774912523502847783, 2.056887232590168146, 5.075277381674298205 ) ) ;
#6071 = CIRCLE ( 'NONE', #3212, 5.025000000000001243 ) ;
#6072 = CARTESIAN_POINT ( 'NONE',  ( -0.3227388460788840341, -4.025139890365577955, 3.711864985649499182 ) ) ;
#6073 = PRESENTATION_LAYER_ASSIGNMENT (  '', '', ( #1736 ) ) ;
#6074 = B_SPLINE_CURVE_WITH_KNOTS ( 'NONE', 3,
 ( #4450, #6881, #5121, #404, #3916, #1618, #2787, #4499, #5676, #1541, #4000, #2167, #7537, #3952, #5084, #2051, #880, #5717 ),
 .UNSPECIFIED., .F., .F.,
 ( 4, 2, 2, 2, 2, 2, 2, 2, 4 ),
 ( 0.005772523578963803872, 0.006253562060437138637, 0.006734600541910473401, 0.007215639023383808165, 0.007696677504857142929, 0.008177715986330477693, 0.008658754467803810723, 0.009139792949277145487, 0.009620831430750480251 ),
 .UNSPECIFIED. ) ;
#6075 = DIRECTION ( 'NONE',  ( 0.000000000000000000, -2.424645754362712447E-15, -1.000000000000000000 ) ) ;
#6076 = EDGE_CURVE ( 'NONE', #2509, #3738, #986, .T. ) ;
#6077 = DIRECTION ( 'NONE',  ( -1.000000000000000000, 0.000000000000000000, -0.000000000000000000 ) ) ;
#6078 = UNCERTAINTY_MEASURE_WITH_UNIT (LENGTH_MEASURE( 1.000000000000000082E-05 ), #1764, 'distance_accuracy_value', 'NONE');
#6079 = PRESENTATION_LAYER_ASSIGNMENT (  '', '', ( #6704 ) ) ;
#6080 = DIRECTION ( 'NONE',  ( 0.000000000000000000, 0.000000000000000000, 1.000000000000000000 ) ) ;
#6081 = MECHANICAL_DESIGN_GEOMETRIC_PRESENTATION_REPRESENTATION (  '', ( #3474 ), #4462 ) ;
#6082 = DIRECTION ( 'NONE',  ( 0.000000000000000000, 1.224646799147353207E-16, -1.000000000000000000 ) ) ;
#6083 = MECHANICAL_DESIGN_GEOMETRIC_PRESENTATION_REPRESENTATION (  '', ( #4973 ), #2735 ) ;
#6084 = CARTESIAN_POINT ( 'NONE',  ( 1.124999999999998224, -4.546633369868319008, -2.624999999999973799 ) ) ;
#6085 = DIRECTION ( 'NONE',  ( -1.000000000000000000, -0.000000000000000000, -0.000000000000000000 ) ) ;
#6086 = CIRCLE ( 'NONE', #3730, 0.1999999999999987899 ) ;
#6087 = CARTESIAN_POINT ( 'NONE',  ( -0.3374999999999975242, 0.000000000000000000, 0.000000000000000000 ) ) ;
#6088 = CIRCLE ( 'NONE', #3462, 0.1999999999999996503 ) ;
#6089 = DIRECTION ( 'NONE',  ( 0.000000000000000000, 0.000000000000000000, 1.000000000000000000 ) ) ;
#6090 = CARTESIAN_POINT ( 'NONE',  ( -1.216873555469090151, 4.351777654016801833, -2.512500000000005063 ) ) ;
#6091 = CIRCLE ( 'NONE', #6989, 1.237499999999996492 ) ;
#6092 = FILL_AREA_STYLE_COLOUR ( '', #7405 ) ;
#6093 = AXIS2_PLACEMENT_3D ( 'NONE', #5945, #3007, #5363 ) ;
#6094 = EDGE_LOOP ( 'NONE', ( #251, #5590, #3419, #421 ) ) ;
#6095 = CARTESIAN_POINT ( 'NONE',  ( 0.7539386004181415357, -3.546371439659029345, -4.172790416570618000 ) ) ;
#6096 = VERTEX_POINT ( 'NONE', #201 ) ;
#6097 = EDGE_CURVE ( 'NONE', #5702, #6433, #3974, .T. ) ;
#6098 = AXIS2_PLACEMENT_3D ( 'NONE', #6627, #86, #188 ) ;
#6099 = AXIS2_PLACEMENT_3D ( 'NONE', #6864, #7436, #2230 ) ;
#6100 =( NAMED_UNIT ( * ) PLANE_ANGLE_UNIT ( ) SI_UNIT ( $, .RADIAN. ) );
#6101 = FACE_OUTER_BOUND ( 'NONE', #6184, .T. ) ;
#6102 = STYLED_ITEM ( 'NONE', ( #920 ), #7164 ) ;
#6103 = CARTESIAN_POINT ( 'NONE',  ( 1.216873555469096146, 4.351777654016800945, -2.512500000000004619 ) ) ;
#6104 = CARTESIAN_POINT ( 'NONE',  ( -1.066282750803719370, 3.257152822151328841, 4.403264907450112453 ) ) ;
#6105 = VERTEX_POINT ( 'NONE', #1386 ) ;
#6106 = EDGE_LOOP ( 'NONE', ( #5313, #1047, #7583, #1441 ) ) ;
#6107 = CARTESIAN_POINT ( 'NONE',  ( 1.216873555470457724, -2.737499999999979394, 4.741489085720178132 ) ) ;
#6108 = DIRECTION ( 'NONE',  ( -1.000000000000000000, -0.000000000000000000, -0.000000000000000000 ) ) ;
#6109 = EDGE_LOOP ( 'NONE', ( #6721, #1411, #4321, #3765 ) ) ;
#6110 = CARTESIAN_POINT ( 'NONE',  ( -0.9689635404861055568, -4.673595488726397740, -1.849409760455104745 ) ) ;
#6111 =( GEOMETRIC_REPRESENTATION_CONTEXT ( 3 ) GLOBAL_UNCERTAINTY_ASSIGNED_CONTEXT ( ( #7533 ) ) GLOBAL_UNIT_ASSIGNED_CONTEXT ( ( #3441, #123, #436 ) ) REPRESENTATION_CONTEXT ( 'NONE', 'WORKASPACE' ) );
#6112 = DIRECTION ( 'NONE',  ( -1.000000000000000000, -0.000000000000000000, -0.000000000000000000 ) ) ;
#6113 = EDGE_CURVE ( 'NONE', #5533, #6654, #6043, .T. ) ;
#6114 = CARTESIAN_POINT ( 'NONE',  ( 1.216873555470457724, 5.475000000000316724, -1.549021926834971445E-13 ) ) ;
#6115 = CIRCLE ( 'NONE', #2898, 1.237499999999996714 ) ;
#6116 =( LENGTH_UNIT ( ) NAMED_UNIT ( * ) SI_UNIT ( .MILLI., .METRE. ) );
#6117 = EDGE_LOOP ( 'NONE', ( #800, #3290 ) ) ;
#6118 = FILL_AREA_STYLE_COLOUR ( '', #6856 ) ;
#6119 = CARTESIAN_POINT ( 'NONE',  ( 0.6182595144253227870, 4.110372429053033905, -3.617249411575659934 ) ) ;
#6120 = AXIS2_PLACEMENT_3D ( 'NONE', #5522, #2640, #4244 ) ;
#6121 = DIRECTION ( 'NONE',  ( -1.000000000000000000, -0.000000000000000000, -0.000000000000000000 ) ) ;
#6122 = EDGE_CURVE ( 'NONE', #4797, #5533, #5333, .T. ) ;
#6123 = PRESENTATION_STYLE_ASSIGNMENT (( #5782 ) ) ;
#6124 = DIRECTION ( 'NONE',  ( -1.000000000000000000, -0.000000000000000000, -0.000000000000000000 ) ) ;
#6125 = DIRECTION ( 'NONE',  ( -1.000000000000000000, -0.000000000000000000, -0.000000000000000000 ) ) ;
#6126 =( NAMED_UNIT ( * ) SI_UNIT ( $, .STERADIAN. ) SOLID_ANGLE_UNIT ( ) );
#6127 = FILL_AREA_STYLE_COLOUR ( '', #6611 ) ;
#6128 = COLOUR_RGB ( '',0.5294117647058823595, 0.5490196078431373028, 0.5490196078431373028 ) ;
#6129 = CARTESIAN_POINT ( 'NONE',  ( 0.1142805821702311680, 3.383230854313037828, 3.715423797405069450 ) ) ;
#6130 = SURFACE_STYLE_USAGE ( .BOTH. , #7274 ) ;
#6131 = ORIENTED_EDGE ( 'NONE', *, *, #20, .F. ) ;
#6132 = CARTESIAN_POINT ( 'NONE',  ( 0.9766093576085684846, -5.075628505799293144, 2.055978850831197580 ) ) ;
#6133 = ORIENTED_EDGE ( 'NONE', *, *, #584, .F. ) ;
#6134 = DIRECTION ( 'NONE',  ( 0.000000000000000000, -5.253399134452543832E-15, 1.000000000000000000 ) ) ;
#6135 = STYLED_ITEM ( 'NONE', ( #5066 ), #1394 ) ;
#6136 =( NAMED_UNIT ( * ) SI_UNIT ( $, .STERADIAN. ) SOLID_ANGLE_UNIT ( ) );
#6137 = CARTESIAN_POINT ( 'NONE',  ( 2.299999999999997602, 0.000000000000000000, 4.300000000000001599 ) ) ;
#6138 = FILL_AREA_STYLE_COLOUR ( '', #3509 ) ;
#6139 = EDGE_CURVE ( 'NONE', #5320, #6434, #6713, .T. ) ;
#6140 = SURFACE_STYLE_USAGE ( .BOTH. , #147 ) ;
#6141 = FILL_AREA_STYLE_COLOUR ( '', #1042 ) ;
#6142 = EDGE_LOOP ( 'NONE', ( #67, #3263, #2396, #373 ) ) ;
#6143 = ORIENTED_EDGE ( 'NONE', *, *, #786, .T. ) ;
#6144 = FILL_AREA_STYLE ('',( #1992 ) ) ;
#6145 = CARTESIAN_POINT ( 'NONE',  ( -1.060068109012834991, -0.6044817592958454666, -4.990627786035838120 ) ) ;
#6146 = PRESENTATION_LAYER_ASSIGNMENT (  '', '', ( #2133 ) ) ;
#6147 = EDGE_LOOP ( 'NONE', ( #2792, #1580, #1038, #6181, #4298, #2994 ) ) ;
#6148 = CARTESIAN_POINT ( 'NONE',  ( -0.7413020568632521234, -4.750304665213734623, -1.642381454461471435 ) ) ;
#6149 =( NAMED_UNIT ( * ) PLANE_ANGLE_UNIT ( ) SI_UNIT ( $, .RADIAN. ) );
#6150 = MECHANICAL_DESIGN_GEOMETRIC_PRESENTATION_REPRESENTATION (  '', ( #7430 ), #931 ) ;
#6151 = STYLED_ITEM ( 'NONE', ( #7074 ), #743 ) ;
#6152 = ADVANCED_FACE ( 'NONE', ( #4860 ), #6758, .F. ) ;
#6153 = SURFACE_STYLE_FILL_AREA ( #3161 ) ;
#6154 = MECHANICAL_DESIGN_GEOMETRIC_PRESENTATION_REPRESENTATION (  '', ( #3054 ), #3796 ) ;
#6155 = VERTEX_POINT ( 'NONE', #1424 ) ;
#6156 = SURFACE_STYLE_FILL_AREA ( #3823 ) ;
#6157 = ADVANCED_FACE ( 'NONE', ( #6672 ), #6971, .F. ) ;
#6158 = FILL_AREA_STYLE_COLOUR ( '', #2686 ) ;
#6159 = UNCERTAINTY_MEASURE_WITH_UNIT (LENGTH_MEASURE( 1.000000000000000082E-05 ), #2677, 'distance_accuracy_value', 'NONE');
#6160 = CIRCLE ( 'NONE', #7437, 1.073181601594058732 ) ;
#6161 = DIRECTION ( 'NONE',  ( 0.000000000000000000, 0.8660254037844362651, -0.5000000000000039968 ) ) ;
#6162 = FILL_AREA_STYLE ('',( #7329 ) ) ;
#6163 = UNCERTAINTY_MEASURE_WITH_UNIT (LENGTH_MEASURE( 1.000000000000000082E-05 ), #6900, 'distance_accuracy_value', 'NONE');
#6164 = FILL_AREA_STYLE ('',( #5078 ) ) ;
#6165 = ADVANCED_FACE ( 'NONE', ( #2564 ), #3061, .F. ) ;
#6166 = CARTESIAN_POINT ( 'NONE',  ( -0.3374999999999969691, -3.608627975754107098, -4.117454205283261892 ) ) ;
#6167 = CARTESIAN_POINT ( 'NONE',  ( 0.1605426051907949958, 1.597764948076912273, -5.236675679372163827 ) ) ;
#6168 = PRESENTATION_STYLE_ASSIGNMENT (( #3249 ) ) ;
#6169 = CARTESIAN_POINT ( 'NONE',  ( 0.1138098578500433000, 1.072161492017145390, -4.909286581067767941 ) ) ;
#6170 = SURFACE_STYLE_USAGE ( .BOTH. , #3327 ) ;
#6171 = EDGE_LOOP ( 'NONE', ( #7702, #4042, #6423, #3588 ) ) ;
#6172 = CARTESIAN_POINT ( 'NONE',  ( 0.3222421747442781870, 5.227146843786466768, -1.629900123589714367 ) ) ;
#6173 = VERTEX_POINT ( 'NONE', #7041 ) ;
#6174 =( NAMED_UNIT ( * ) SI_UNIT ( $, .STERADIAN. ) SOLID_ANGLE_UNIT ( ) );
#6175 = EDGE_CURVE ( 'NONE', #7036, #1507, #2619, .T. ) ;
#6176 = CARTESIAN_POINT ( 'NONE',  ( -1.216873555469090373, 0.1570542639227700821, -5.025000000000000355 ) ) ;
#6177 = DIRECTION ( 'NONE',  ( 0.000000000000000000, 0.000000000000000000, 1.000000000000000000 ) ) ;
#6178 =( NAMED_UNIT ( * ) PLANE_ANGLE_UNIT ( ) SI_UNIT ( $, .RADIAN. ) );
#6179 = CARTESIAN_POINT ( 'NONE',  ( 1.216873555469095924, -2.512500000000020162, -4.351777654016792063 ) ) ;
#6180 = ORIENTED_EDGE ( 'NONE', *, *, #1984, .T. ) ;
#6181 = ORIENTED_EDGE ( 'NONE', *, *, #3123, .T. ) ;
#6182 = PRESENTATION_STYLE_ASSIGNMENT (( #6260 ) ) ;
#6183 = DIRECTION ( 'NONE',  ( -1.000000000000000000, 0.000000000000000000, -0.000000000000000000 ) ) ;
#6184 = EDGE_LOOP ( 'NONE', ( #4380, #3151, #3956, #288 ) ) ;
#6185 = TOROIDAL_SURFACE ( 'NONE', #7217, 3.200000000000002398, 0.1999999999999998723 ) ;
#6186 = DIRECTION ( 'NONE',  ( -1.000000000000000000, 0.000000000000000000, -0.000000000000000000 ) ) ;
#6187 = CARTESIAN_POINT ( 'NONE',  ( -2.500000000000001332, 7.300000000000000711, 0.000000000000000000 ) ) ;
#6188 = CARTESIAN_POINT ( 'NONE',  ( -0.3219498304303017311, 1.629749021142159027, 5.227196995772971810 ) ) ;
#6189 = PRESENTATION_LAYER_ASSIGNMENT (  '', '', ( #4340 ) ) ;
#6190 = CARTESIAN_POINT ( 'NONE',  ( -0.6188283613273911632, -4.110516372475624181, 3.617091090961465749 ) ) ;
#6191 = DIRECTION ( 'NONE',  ( 0.000000000000000000, 0.000000000000000000, 1.000000000000000000 ) ) ;
#6192 = ORIENTED_EDGE ( 'NONE', *, *, #3562, .T. ) ;
#6193 = CARTESIAN_POINT ( 'NONE',  ( 0.9766114375336411024, 4.318452722995152371, -3.367476254988089668 ) ) ;
#6194 = EDGE_CURVE ( 'NONE', #3841, #5835, #7125, .T. ) ;
#6195 = B_SPLINE_CURVE_WITH_KNOTS ( 'NONE', 3,
 ( #7578, #5275, #2872, #6374, #6922, #7621 ),
 .UNSPECIFIED., .F., .F.,
 ( 4, 2, 4 ),
 ( 0.004189043712843584441, 0.004980783645907017887, 0.005772523578970450465 ),
 .UNSPECIFIED. ) ;
#6196 =( LENGTH_UNIT ( ) NAMED_UNIT ( * ) SI_UNIT ( .MILLI., .METRE. ) );
#6197 = COLOUR_RGB ( '',0.5294117647058823595, 0.5490196078431373028, 0.5490196078431373028 ) ;
#6198 = CIRCLE ( 'NONE', #6962, 1.124999999999994893 ) ;
#6199 = PRESENTATION_LAYER_ASSIGNMENT (  '', '', ( #6331 ) ) ;
#6200 = AXIS2_PLACEMENT_3D ( 'NONE', #1151, #513, #4685 ) ;
#6201 = PRESENTATION_LAYER_ASSIGNMENT (  '', '', ( #6706 ) ) ;
#6202 = SURFACE_STYLE_USAGE ( .BOTH. , #6952 ) ;
#6203 = CARTESIAN_POINT ( 'NONE',  ( 0.3375000000000029088, 3.608627975754080008, -4.117454205283289426 ) ) ;
#6204 = DIRECTION ( 'NONE',  ( 0.000000000000000000, 0.000000000000000000, -1.000000000000000000 ) ) ;
#6205 = CIRCLE ( 'NONE', #2865, 1.237499999999996492 ) ;
#6206 = EDGE_CURVE ( 'NONE', #5501, #3839, #2442, .T. ) ;
#6207 = CARTESIAN_POINT ( 'NONE',  ( 0.3375000000000029643, 2.624999999999989786, -4.546633369868309238 ) ) ;
#6208 = CIRCLE ( 'NONE', #7252, 1.073181601594058732 ) ;
#6209 = ORIENTED_EDGE ( 'NONE', *, *, #2231, .T. ) ;
#6210 = AXIS2_PLACEMENT_3D ( 'NONE', #7068, #4090, #100 ) ;
#6211 = CARTESIAN_POINT ( 'NONE',  ( -0.3374999999999970246, 3.750346850512999541, 3.344476566048450117 ) ) ;
#6212 = EDGE_LOOP ( 'NONE', ( #6772, #7218 ) ) ;
#6213 = STYLED_ITEM ( 'NONE', ( #3549 ), #2222 ) ;
#6214 = DIRECTION ( 'NONE',  ( 0.000000000000000000, 2.828753380089831385E-15, -1.000000000000000000 ) ) ;
#6215 = COLOUR_RGB ( '',1.000000000000000000, 1.000000000000000000, 1.000000000000000000 ) ;
#6216 = DIRECTION ( 'NONE',  ( -0.000000000000000000, -0.4999999999999888978, 0.8660254037844450359 ) ) ;
#6217 = CARTESIAN_POINT ( 'NONE',  ( 2.951763000829056837E-15, -4.546633369868282593, 2.625000000000037303 ) ) ;
#6218 = SURFACE_STYLE_USAGE ( .BOTH. , #6809 ) ;
#6219 = ORIENTED_EDGE ( 'NONE', *, *, #71, .T. ) ;
#6220 = VERTEX_POINT ( 'NONE', #5872 ) ;
#6221 = CIRCLE ( 'NONE', #3366, 5.475000000000002309 ) ;
#6222 = CARTESIAN_POINT ( 'NONE',  ( -0.3374999999999969691, -1.761505952817294274, 5.183890602451911356 ) ) ;
#6223 = CARTESIAN_POINT ( 'NONE',  ( 1.216873555469097923, -0.1590500714254099723, -5.025000000000000355 ) ) ;
#6224 = CARTESIAN_POINT ( 'NONE',  ( 1.124999999999998224, -5.250000000000000000, 0.000000000000000000 ) ) ;
#6225 = CARTESIAN_POINT ( 'NONE',  ( -2.300000000000002043, 0.000000000000000000, 0.000000000000000000 ) ) ;
#6226 = AXIS2_PLACEMENT_3D ( 'NONE', #4955, #4847, #6748 ) ;
#6227 = CARTESIAN_POINT ( 'NONE',  ( 0.1561588338129598352, -4.820739249744099730, 1.418131903941062033 ) ) ;
#6228 = PLANE ( 'NONE',  #750 ) ;
#6229 = MECHANICAL_DESIGN_GEOMETRIC_PRESENTATION_REPRESENTATION (  '', ( #1143 ), #7513 ) ;
#6230 = SURFACE_SIDE_STYLE ('',( #156 ) ) ;
#6231 = CARTESIAN_POINT ( 'NONE',  ( 0.2847977238679095802, 4.915341355938781298, -1.045407504638550256 ) ) ;
#6232 = CARTESIAN_POINT ( 'NONE',  ( 2.299999999999997158, 0.000000000000000000, 0.000000000000000000 ) ) ;
#6233 = CARTESIAN_POINT ( 'NONE',  ( 1.059998554184333752, 0.6045336774854980222, 4.990614419672165347 ) ) ;
#6234 = CARTESIAN_POINT ( 'NONE',  ( 1.216873555469096146, 4.351777654016800945, -2.512500000000004619 ) ) ;
#6235 = AXIS2_PLACEMENT_3D ( 'NONE', #3139, #2489, #1344 ) ;
#6236 = VERTEX_POINT ( 'NONE', #5222 ) ;
#6237 = CARTESIAN_POINT ( 'NONE',  ( -1.065679434814403637, -2.183470217807401692, -5.023007587397350981 ) ) ;
#6238 = CARTESIAN_POINT ( 'NONE',  ( 1.216873555470457724, -1.740180527098523552E-13, -5.475000000000316724 ) ) ;
#6239 = CARTESIAN_POINT ( 'NONE',  ( 2.499999999999996447, 7.300000000000000711, 0.000000000000000000 ) ) ;
#6240 = B_SPLINE_CURVE_WITH_KNOTS ( 'NONE', 3,
 ( #2006, #1687, #1606, #5112, #5149, #2160 ),
 .UNSPECIFIED., .F., .F.,
 ( 4, 2, 4 ),
 ( 0.006630243725172587851, 0.006971267376516038575, 0.007312291027859489298 ),
 .UNSPECIFIED. ) ;
#6241 = CARTESIAN_POINT ( 'NONE',  ( -2.500000000000001332, 7.592810154713586877E-16, -6.199999999999997513 ) ) ;
#6242 = EDGE_CURVE ( 'NONE', #6927, #5416, #4970, .T. ) ;
#6243 = UNCERTAINTY_MEASURE_WITH_UNIT (LENGTH_MEASURE( 1.000000000000000082E-05 ), #3553, 'distance_accuracy_value', 'NONE');
#6244 =( NAMED_UNIT ( * ) PLANE_ANGLE_UNIT ( ) SI_UNIT ( $, .RADIAN. ) );
#6245 = CIRCLE ( 'NONE', #2647, 1.073181601594058732 ) ;
#6246 = CARTESIAN_POINT ( 'NONE',  ( 2.299999999999997602, 8.939921633775678831E-16, -7.300000000000000711 ) ) ;
#6247 = PRESENTATION_STYLE_ASSIGNMENT (( #6837 ) ) ;
#6248 = DIRECTION ( 'NONE',  ( 0.000000000000000000, 0.000000000000000000, 1.000000000000000000 ) ) ;
#6249 = SURFACE_STYLE_FILL_AREA ( #3405 ) ;
#6250 = CARTESIAN_POINT ( 'NONE',  ( 0.3375000000000030753, 3.344476566048542487, 3.750346850512918273 ) ) ;
#6251 = EDGE_LOOP ( 'NONE', ( #5286, #6395 ) ) ;
#6252 = CARTESIAN_POINT ( 'NONE',  ( 1.216873555469095924, 2.376468353196460548, 4.430315561917137934 ) ) ;
#6253 = ORIENTED_EDGE ( 'NONE', *, *, #3693, .T. ) ;
#6254 = PRESENTATION_LAYER_ASSIGNMENT (  '', '', ( #2424 ) ) ;
#6255 = EDGE_CURVE ( 'NONE', #1995, #647, #2705, .T. ) ;
#6256 = FILL_AREA_STYLE_COLOUR ( '', #6869 ) ;
#6257 = CARTESIAN_POINT ( 'NONE',  ( -0.3374999999999970246, -4.920133928571429394, 1.021228243303264893 ) ) ;
#6258 = ORIENTED_EDGE ( 'NONE', *, *, #1270, .F. ) ;
#6259 = ORIENTED_EDGE ( 'NONE', *, *, #6538, .T. ) ;
#6260 = SURFACE_STYLE_USAGE ( .BOTH. , #895 ) ;
#6261 = CIRCLE ( 'NONE', #2917, 1.073181601594058732 ) ;
#6262 = FILL_AREA_STYLE_COLOUR ( '', #3582 ) ;
#6263 =( NAMED_UNIT ( * ) PLANE_ANGLE_UNIT ( ) SI_UNIT ( $, .RADIAN. ) );
#6264 = FILL_AREA_STYLE_COLOUR ( '', #7188 ) ;
#6265 = EDGE_CURVE ( 'NONE', #5617, #3498, #7295, .T. ) ;
#6266 = CARTESIAN_POINT ( 'NONE',  ( 2.951763000829056837E-15, 5.250000000000000000, 0.000000000000000000 ) ) ;
#6267 =( NAMED_UNIT ( * ) PLANE_ANGLE_UNIT ( ) SI_UNIT ( $, .RADIAN. ) );
#6268 = CARTESIAN_POINT ( 'NONE',  ( -0.2866907187998260498, 4.915459784627445927, -1.044847648820684594 ) ) ;
#6269 = ORIENTED_EDGE ( 'NONE', *, *, #3640, .T. ) ;
#6270 = DIRECTION ( 'NONE',  ( 0.000000000000000000, -1.224646799147353207E-16, 1.000000000000000000 ) ) ;
#6271 = CARTESIAN_POINT ( 'NONE',  ( -0.3145222742842019859, 1.152673889721777645, 4.891362290108554056 ) ) ;
#6272 = DIRECTION ( 'NONE',  ( -1.000000000000000000, -0.000000000000000000, -0.000000000000000000 ) ) ;
#6273 = SPHERICAL_SURFACE ( 'NONE', #6030, 1.124999999999995115 ) ;
#6274 = B_SPLINE_CURVE_WITH_KNOTS ( 'NONE', 3,
 ( #1628, #447, #6891, #1043, #5645, #413 ),
 .UNSPECIFIED., .F., .F.,
 ( 4, 2, 4 ),
 ( 0.003069521842370880483, 0.003410565455249569763, 0.003751609068128259478 ),
 .UNSPECIFIED. ) ;
#6275 = MECHANICAL_DESIGN_GEOMETRIC_PRESENTATION_REPRESENTATION (  '', ( #3790 ), #2057 ) ;
#6276 = CARTESIAN_POINT ( 'NONE',  ( 2.951763000829056837E-15, 4.546633369868336771, 2.624999999999942268 ) ) ;
#6277 = PRESENTATION_LAYER_ASSIGNMENT (  '', '', ( #1937 ) ) ;
#6278 = CARTESIAN_POINT ( 'NONE',  ( 2.951763000829056837E-15, -1.833027702892645012E-14, -5.250000000000000000 ) ) ;
#6279 = CARTESIAN_POINT ( 'NONE',  ( -0.3374999999999969691, -5.370133928571430459, -1.066436397168616601 ) ) ;
#6280 = MECHANICAL_DESIGN_GEOMETRIC_PRESENTATION_REPRESENTATION (  '', ( #3927 ), #1695 ) ;
#6281 = CARTESIAN_POINT ( 'NONE',  ( -1.065237977602509378, 2.182591038188710808, -5.023407791670525313 ) ) ;
#6282 = DIRECTION ( 'NONE',  ( 0.000000000000000000, 8.082152514542375808E-16, 1.000000000000000000 ) ) ;
#6283 = CARTESIAN_POINT ( 'NONE',  ( 1.059998554186547093, 4.624265706669828724, 1.971765687694719604 ) ) ;
#6284 = CARTESIAN_POINT ( 'NONE',  ( 0.3219498304303092251, 5.227196995773012667, 1.629749021142032461 ) ) ;
#6285 = ORIENTED_EDGE ( 'NONE', *, *, #3482, .T. ) ;
#6286 = CARTESIAN_POINT ( 'NONE',  ( -0.8173913927054868855, 5.395241061847959152, 0.9558235515369066793 ) ) ;
#6287 =( GEOMETRIC_REPRESENTATION_CONTEXT ( 3 ) GLOBAL_UNCERTAINTY_ASSIGNED_CONTEXT ( ( #5243 ) ) GLOBAL_UNIT_ASSIGNED_CONTEXT ( ( #631, #129, #4117 ) ) REPRESENTATION_CONTEXT ( 'NONE', 'WORKASPACE' ) );
#6288 = ORIENTED_EDGE ( 'NONE', *, *, #3584, .F. ) ;
#6289 = FILL_AREA_STYLE ('',( #4505 ) ) ;
#6290 = EDGE_CURVE ( 'NONE', #2843, #2958, #4459, .T. ) ;
#6291 = DIRECTION ( 'NONE',  ( 0.000000000000000000, 0.000000000000000000, 1.000000000000000000 ) ) ;
#6292 = FACE_OUTER_BOUND ( 'NONE', #2098, .T. ) ;
#6293 = CARTESIAN_POINT ( 'NONE',  ( 0.1138098578510978037, -4.787647639671301469, 1.526124201487644605 ) ) ;
#6294 = AXIS2_PLACEMENT_3D ( 'NONE', #4885, #5909, #1180 ) ;
#6295 = VERTEX_POINT ( 'NONE', #1100 ) ;
#6296 = ORIENTED_EDGE ( 'NONE', *, *, #4307, .F. ) ;
#6297 = CARTESIAN_POINT ( 'NONE',  ( -2.300000000000001599, 0.000000000000000000, 0.000000000000000000 ) ) ;
#6298 = CARTESIAN_POINT ( 'NONE',  ( 2.299999999999997602, 0.000000000000000000, 0.000000000000000000 ) ) ;
#6299 =( NAMED_UNIT ( * ) PLANE_ANGLE_UNIT ( ) SI_UNIT ( $, .RADIAN. ) );
#6300 = CARTESIAN_POINT ( 'NONE',  ( 0.6093760516249134840, -3.740250609034070806, 3.356287618679224760 ) ) ;
#6301 = MECHANICAL_DESIGN_GEOMETRIC_PRESENTATION_REPRESENTATION (  '', ( #1718 ), #5068 ) ;
#6302 = ADVANCED_FACE ( 'NONE', ( #4560, #1605 ), #4226, .T. ) ;
#6303 = DIRECTION ( 'NONE',  ( 0.000000000000000000, -1.224646799147353207E-16, 1.000000000000000000 ) ) ;
#6304 = ORIENTED_EDGE ( 'NONE', *, *, #5175, .F. ) ;
#6305 = FACE_OUTER_BOUND ( 'NONE', #2897, .T. ) ;
#6306 = COLOUR_RGB ( '',1.000000000000000000, 1.000000000000000000, 1.000000000000000000 ) ;
#6307 = DIRECTION ( 'NONE',  ( -1.000000000000000000, -0.000000000000000000, -0.000000000000000000 ) ) ;
#6308 = CARTESIAN_POINT ( 'NONE',  ( 0.1561588338129594744, 4.820739249744111277, -1.418131903941027838 ) ) ;
#6309 = CLOSED_SHELL ( 'NONE', ( #2503, #4944, #835, #6152 ) ) ;
#6310 = STYLED_ITEM ( 'NONE', ( #3454 ), #1172 ) ;
#6311 = SURFACE_SIDE_STYLE ('',( #313 ) ) ;
#6312 = UNCERTAINTY_MEASURE_WITH_UNIT (LENGTH_MEASURE( 1.000000000000000082E-05 ), #6355, 'distance_accuracy_value', 'NONE');
#6313 = PRESENTATION_LAYER_ASSIGNMENT (  '', '', ( #2479 ) ) ;
#6314 = CARTESIAN_POINT ( 'NONE',  ( 1.216873555469097923, 2.374758597666869697, -4.431302689732393496 ) ) ;
#6315 = PRESENTATION_STYLE_ASSIGNMENT (( #1654 ) ) ;
#6316 = ADVANCED_FACE ( 'NONE', ( #2199 ), #6067, .T. ) ;
#6317 = SURFACE_SIDE_STYLE ('',( #3440 ) ) ;
#6318 = FILL_AREA_STYLE ('',( #433 ) ) ;
#6319 = CARTESIAN_POINT ( 'NONE',  ( 0.1577470943594725949, -3.638461172476486816, -3.465865739801205159 ) ) ;
#6320 =( NAMED_UNIT ( * ) PLANE_ANGLE_UNIT ( ) SI_UNIT ( $, .RADIAN. ) );
#6321 = PRESENTATION_STYLE_ASSIGNMENT (( #5637 ) ) ;
#6322 = PRESENTATION_LAYER_ASSIGNMENT (  '', '', ( #2121 ) ) ;
#6323 = DIRECTION ( 'NONE',  ( -1.000000000000000000, -0.000000000000000000, -0.000000000000000000 ) ) ;
#6324 = DIRECTION ( 'NONE',  ( 0.000000000000000000, -3.369016658928398602E-15, -1.000000000000000000 ) ) ;
#6325 = AXIS2_PLACEMENT_3D ( 'NONE', #113, #1956, #4986 ) ;
#6326 = CARTESIAN_POINT ( 'NONE',  ( 1.237499999999999822, 4.546633369868299468, -2.625000000000005329 ) ) ;
#6327 = EDGE_LOOP ( 'NONE', ( #4400, #5764, #2388, #5431 ) ) ;
#6328 = MECHANICAL_DESIGN_GEOMETRIC_PRESENTATION_REPRESENTATION (  '', ( #4453 ), #7481 ) ;
#6329 = CARTESIAN_POINT ( 'NONE',  ( -0.1605426051907888896, 5.236675679372156722, -1.597764948076929814 ) ) ;
#6330 = EDGE_LOOP ( 'NONE', ( #503, #537, #2587, #717 ) ) ;
#6331 = STYLED_ITEM ( 'NONE', ( #3833 ), #5167 ) ;
#6332 = SURFACE_SIDE_STYLE ('',( #1510 ) ) ;
#6333 = DIRECTION ( 'NONE',  ( 1.000000000000000000, 0.000000000000000000, 0.000000000000000000 ) ) ;
#6334 = CIRCLE ( 'NONE', #2983, 5.475000000000002309 ) ;
#6335 = CARTESIAN_POINT ( 'NONE',  ( 1.216873555470457724, -4.741489085720169250, -2.737499999999996270 ) ) ;
#6336 =( GEOMETRIC_REPRESENTATION_CONTEXT ( 3 ) GLOBAL_UNCERTAINTY_ASSIGNED_CONTEXT ( ( #1837 ) ) GLOBAL_UNIT_ASSIGNED_CONTEXT ( ( #2965, #6585, #2852 ) ) REPRESENTATION_CONTEXT ( 'NONE', 'WORKASPACE' ) );
#6337 = SURFACE_STYLE_FILL_AREA ( #414 ) ;
#6338 = ADVANCED_FACE ( 'NONE', ( #1178 ), #7172, .F. ) ;
#6339 = ORIENTED_EDGE ( 'NONE', *, *, #4590, .T. ) ;
#6340 = EDGE_LOOP ( 'NONE', ( #5377, #1243, #2505, #5885 ) ) ;
#6341 = CARTESIAN_POINT ( 'NONE',  ( -0.9766093576085621564, -2.055978850831108762, 5.075628505799329560 ) ) ;
#6342 = SURFACE_SIDE_STYLE ('',( #3969 ) ) ;
#6343 = CIRCLE ( 'NONE', #1249, 1.124999999999995115 ) ;
#6344 = DIRECTION ( 'NONE',  ( -0.000000000000000000, -0.8660254037844328234, 0.5000000000000101030 ) ) ;
#6345 = AXIS2_PLACEMENT_3D ( 'NONE', #5433, #85, #5474 ) ;
#6346 = CARTESIAN_POINT ( 'NONE',  ( -0.3157423466804606393, -3.659949515897098493, 3.443668705420134035 ) ) ;
#6347 = SURFACE_STYLE_FILL_AREA ( #7397 ) ;
#6348 = CARTESIAN_POINT ( 'NONE',  ( 0.6188283613273961592, -3.617091090961395139, 4.110516372475686353 ) ) ;
#6349 = AXIS2_PLACEMENT_3D ( 'NONE', #2530, #5379, #1194 ) ;
#6350 = CARTESIAN_POINT ( 'NONE',  ( -0.1139799994183178372, 1.709974499904573619, -5.201116438773707884 ) ) ;
#6351 = PRESENTATION_LAYER_ASSIGNMENT (  '', '', ( #2005 ) ) ;
#6352 = VERTEX_POINT ( 'NONE', #4803 ) ;
#6353 = VERTEX_POINT ( 'NONE', #1809 ) ;
#6354 = CARTESIAN_POINT ( 'NONE',  ( 1.216873555469097701, 5.025000000000000355, -0.2607911377431697542 ) ) ;
#6355 =( LENGTH_UNIT ( ) NAMED_UNIT ( * ) SI_UNIT ( .MILLI., .METRE. ) );
#6356 = CARTESIAN_POINT ( 'NONE',  ( -1.059998554186541098, 4.624265706669802078, -1.971765687694783331 ) ) ;
#6357 = PRESENTATION_STYLE_ASSIGNMENT (( #7115 ) ) ;
#6358 = DIRECTION ( 'NONE',  ( -1.000000000000000000, -0.000000000000000000, -0.000000000000000000 ) ) ;
#6359 = CIRCLE ( 'NONE', #3239, 1.124999999999994893 ) ;
#6360 = CARTESIAN_POINT ( 'NONE',  ( -0.2294076944467709211, 1.101427643522889799, 5.363185137500139810 ) ) ;
#6361 = ADVANCED_FACE ( 'NONE', ( #6031 ), #366, .F. ) ;
#6362 = COLOUR_RGB ( '',1.000000000000000000, 1.000000000000000000, 1.000000000000000000 ) ;
#6363 = DIRECTION ( 'NONE',  ( -1.000000000000000000, -0.000000000000000000, -0.000000000000000000 ) ) ;
#6364 = VERTEX_POINT ( 'NONE', #1744 ) ;
#6365 = CIRCLE ( 'NONE', #7646, 1.073181601594058732 ) ;
#6366 = B_SPLINE_CURVE_WITH_KNOTS ( 'NONE', 3,
 ( #1181, #3556, #5227, #7043, #546, #4682, #7648, #2941, #5301, #4069, #4768, #7713, #581, #2974, #6438, #7176, #1104, #3394 ),
 .UNSPECIFIED., .F., .F.,
 ( 4, 2, 2, 2, 2, 2, 2, 2, 4 ),
 ( 0.005649204386103774504, 0.006119817983380340318, 0.006590431580656906131, 0.007061045177933471945, 0.007531658775210038625, 0.008002272372486603572, 0.008472885969763170252, 0.008943499567039735199, 0.009414113164316301879 ),
 .UNSPECIFIED. ) ;
#6367 = FACE_OUTER_BOUND ( 'NONE', #6340, .T. ) ;
#6368 = FILL_AREA_STYLE_COLOUR ( '', #7619 ) ;
#6369 = SURFACE_STYLE_USAGE ( .BOTH. , #2783 ) ;
#6370 = AXIS2_PLACEMENT_3D ( 'NONE', #4178, #1836, #7165 ) ;
#6371 = EDGE_CURVE ( 'NONE', #5611, #3841, #6208, .T. ) ;
#6372 = DIRECTION ( 'NONE',  ( -1.000000000000000000, -0.000000000000000000, -0.000000000000000000 ) ) ;
#6373 =( NAMED_UNIT ( * ) SI_UNIT ( $, .STERADIAN. ) SOLID_ANGLE_UNIT ( ) );
#6374 = CARTESIAN_POINT ( 'NONE',  ( -1.131325644800570185, 5.453543274193297208, -0.5295026938430886787 ) ) ;
#6375 = PRESENTATION_LAYER_ASSIGNMENT (  '', '', ( #2023 ) ) ;
#6376 = DIRECTION ( 'NONE',  ( -0.000000000000000000, -0.000000000000000000, -1.000000000000000000 ) ) ;
#6377 = ORIENTED_EDGE ( 'NONE', *, *, #5197, .T. ) ;
#6378 = CYLINDRICAL_SURFACE ( 'NONE', #4715, 7.500000000000000000 ) ;
#6379 = ORIENTED_EDGE ( 'NONE', *, *, #3041, .T. ) ;
#6380 = FILL_AREA_STYLE ('',( #1467 ) ) ;
#6381 = AXIS2_PLACEMENT_3D ( 'NONE', #3570, #1708, #5381 ) ;
#6382 = CARTESIAN_POINT ( 'NONE',  ( -1.216873555469089929, -5.025000000000000355, 2.755257819284879569E-17 ) ) ;
#6383 = CARTESIAN_POINT ( 'NONE',  ( -2.299999999999997602, 0.000000000000000000, 0.000000000000000000 ) ) ;
#6384 = ORIENTED_EDGE ( 'NONE', *, *, #5952, .T. ) ;
#6385 = ORIENTED_EDGE ( 'NONE', *, *, #7627, .T. ) ;
#6386 = FACE_OUTER_BOUND ( 'NONE', #6866, .T. ) ;
#6387 = CARTESIAN_POINT ( 'NONE',  ( 1.216873555470457724, -1.740180527098523552E-13, -5.475000000000316724 ) ) ;
#6388 = SURFACE_SIDE_STYLE ('',( #1555 ) ) ;
#6389 = SURFACE_SIDE_STYLE ('',( #1010 ) ) ;
#6390 = DIRECTION ( 'NONE',  ( 0.000000000000000000, -1.212322877181356342E-14, 1.000000000000000000 ) ) ;
#6391 = EDGE_CURVE ( 'NONE', #3144, #6236, #5845, .T. ) ;
#6392 = AXIS2_PLACEMENT_3D ( 'NONE', #6217, #5132, #4509 ) ;
#6393 =( LENGTH_UNIT ( ) NAMED_UNIT ( * ) SI_UNIT ( .MILLI., .METRE. ) );
#6394 = CARTESIAN_POINT ( 'NONE',  ( 1.216873555469097923, -2.374758597666838611, 4.431302689732408595 ) ) ;
#6395 = ORIENTED_EDGE ( 'NONE', *, *, #5372, .T. ) ;
#6396 = ORIENTED_EDGE ( 'NONE', *, *, #3017, .F. ) ;
#6397 = CARTESIAN_POINT ( 'NONE',  ( 0.2288940565160174634, 1.101593916517734195, -5.363152117918891904 ) ) ;
#6398 = SPHERICAL_SURFACE ( 'NONE', #7636, 1.237499999999996936 ) ;
#6399 = FILL_AREA_STYLE_COLOUR ( '', #962 ) ;
#6400 = CARTESIAN_POINT ( 'NONE',  ( 2.951763000829056837E-15, -4.546633369868319008, -2.624999999999973799 ) ) ;
#6401 = ADVANCED_FACE ( 'NONE', ( #6494 ), #2793, .F. ) ;
#6402 = PRESENTATION_STYLE_ASSIGNMENT (( #4681 ) ) ;
#6403 = CARTESIAN_POINT ( 'NONE',  ( -2.299999999999996270, 0.000000000000000000, 5.999999999999998224 ) ) ;
#6404 = ORIENTED_EDGE ( 'NONE', *, *, #6651, .F. ) ;
#6405 =( NAMED_UNIT ( * ) PLANE_ANGLE_UNIT ( ) SI_UNIT ( $, .RADIAN. ) );
#6406 = EDGE_CURVE ( 'NONE', #6783, #2573, #1747, .T. ) ;
#6407 = COLOUR_RGB ( '',0.5294117647058823595, 0.5490196078431373028, 0.5490196078431373028 ) ;
#6408 = FILL_AREA_STYLE ('',( #1655 ) ) ;
#6409 = COLOUR_RGB ( '',0.6470588235294117974, 0.6196078431372549211, 0.5882352941176470784 ) ;
#6410 = CARTESIAN_POINT ( 'NONE',  ( 2.951763000829056837E-15, 5.499083108677935350E-14, 5.250000000000000000 ) ) ;
#6411 = COLOUR_RGB ( '',0.5294117647058823595, 0.5490196078431373028, 0.5490196078431373028 ) ;
#6412 = MECHANICAL_DESIGN_GEOMETRIC_PRESENTATION_REPRESENTATION (  '', ( #5037 ), #7053 ) ;
#6413 =( LENGTH_UNIT ( ) NAMED_UNIT ( * ) SI_UNIT ( .MILLI., .METRE. ) );
#6414 = FILL_AREA_STYLE ('',( #4534 ) ) ;
#6415 = EDGE_CURVE ( 'NONE', #7169, #5320, #6086, .T. ) ;
#6416 = CARTESIAN_POINT ( 'NONE',  ( -0.3374999999999975242, 0.000000000000000000, 0.000000000000000000 ) ) ;
#6417 = UNCERTAINTY_MEASURE_WITH_UNIT (LENGTH_MEASURE( 1.000000000000000082E-05 ), #4510, 'distance_accuracy_value', 'NONE');
#6418 = PRESENTATION_STYLE_ASSIGNMENT (( #5766 ) ) ;
#6419 = SURFACE_STYLE_USAGE ( .BOTH. , #1625 ) ;
#6420 = FILL_AREA_STYLE_COLOUR ( '', #7269 ) ;
#6421 = SURFACE_STYLE_FILL_AREA ( #2142 ) ;
#6422 = CIRCLE ( 'NONE', #6542, 4.300000000000002487 ) ;
#6423 = ORIENTED_EDGE ( 'NONE', *, *, #7144, .T. ) ;
#6424 = ORIENTED_EDGE ( 'NONE', *, *, #1212, .F. ) ;
#6425 = CARTESIAN_POINT ( 'NONE',  ( -0.3375000000004431122, 5.344821428571457922, -1.186806174858961116 ) ) ;
#6426 = DIRECTION ( 'NONE',  ( -0.000000000000000000, 1.000000000000000000, 1.224646799147353207E-16 ) ) ;
#6427 = EDGE_CURVE ( 'NONE', #3150, #3264, #3739, .T. ) ;
#6428 = ORIENTED_EDGE ( 'NONE', *, *, #4317, .T. ) ;
#6429 = CARTESIAN_POINT ( 'NONE',  ( -1.216873555469091261, -1.923259569643130070E-14, -5.475000000000001421 ) ) ;
#6430 =( LENGTH_UNIT ( ) NAMED_UNIT ( * ) SI_UNIT ( .MILLI., .METRE. ) );
#6431 = MECHANICAL_DESIGN_GEOMETRIC_PRESENTATION_REPRESENTATION (  '', ( #6040 ), #7449 ) ;
#6432 = FILL_AREA_STYLE ('',( #5292 ) ) ;
#6433 = VERTEX_POINT ( 'NONE', #4699 ) ;
#6434 = VERTEX_POINT ( 'NONE', #7102 ) ;
#6435 = CARTESIAN_POINT ( 'NONE',  ( 2.951763000829056837E-15, -5.250000000000000000, 0.000000000000000000 ) ) ;
#6436 = COLOUR_RGB ( '',0.5294117647058823595, 0.5490196078431373028, 0.5490196078431373028 ) ;
#6437 = CARTESIAN_POINT ( 'NONE',  ( -0.3374999999999970246, -3.750346850512929819, 3.344476566048528721 ) ) ;
#6438 = CARTESIAN_POINT ( 'NONE',  ( -1.060888576672766481, -0.6027759425897027956, 4.990800405465341427 ) ) ;
#6439 = ORIENTED_EDGE ( 'NONE', *, *, #2728, .T. ) ;
#6440 = EDGE_CURVE ( 'NONE', #4371, #6932, #2548, .T. ) ;
#6441 = SPHERICAL_SURFACE ( 'NONE', #724, 1.237499999999996936 ) ;
#6442 = SURFACE_STYLE_FILL_AREA ( #4076 ) ;
#6443 = CARTESIAN_POINT ( 'NONE',  ( 0.1578090310811195163, 4.820680050771487757, 1.418333126981319303 ) ) ;
#6444 = CIRCLE ( 'NONE', #3089, 5.475000000000000533 ) ;
#6445 = DIRECTION ( 'NONE',  ( -1.000000000000000000, -0.000000000000000000, -0.000000000000000000 ) ) ;
#6446 = CARTESIAN_POINT ( 'NONE',  ( 0.9766114375335465114, -5.423627890649912686, 0.7570936219631199116 ) ) ;
#6447 = DIRECTION ( 'NONE',  ( -1.000000000000000000, 0.000000000000000000, -0.000000000000000000 ) ) ;
#6448 =( GEOMETRIC_REPRESENTATION_CONTEXT ( 3 ) GLOBAL_UNCERTAINTY_ASSIGNED_CONTEXT ( ( #2473 ) ) GLOBAL_UNIT_ASSIGNED_CONTEXT ( ( #5210, #1164, #5811 ) ) REPRESENTATION_CONTEXT ( 'NONE', 'WORKASPACE' ) );
#6449 = FILL_AREA_STYLE ('',( #5728 ) ) ;
#6450 = ADVANCED_FACE ( 'NONE', ( #3685, #2415 ), #1827, .T. ) ;
#6451 = AXIS2_PLACEMENT_3D ( 'NONE', #5252, #4708, #1203 ) ;
#6452 = FILL_AREA_STYLE_COLOUR ( '', #6876 ) ;
#6453 = VERTEX_POINT ( 'NONE', #59 ) ;
#6454 = ORIENTED_EDGE ( 'NONE', *, *, #5769, .T. ) ;
#6455 = CIRCLE ( 'NONE', #7111, 1.237499999999997158 ) ;
#6456 = DIRECTION ( 'NONE',  ( 0.000000000000000000, -0.8660254037844398178, -0.4999999999999980571 ) ) ;
#6457 = CARTESIAN_POINT ( 'NONE',  ( -0.3222421747442730244, 1.202038509233206209, 5.341792017825572891 ) ) ;
#6458 = ORIENTED_EDGE ( 'NONE', *, *, #3164, .F. ) ;
#6459 = STYLED_ITEM ( 'NONE', ( #6315 ), #1899 ) ;
#6460 = CIRCLE ( 'NONE', #7487, 1.124999999999994893 ) ;
#6461 =( NAMED_UNIT ( * ) SI_UNIT ( $, .STERADIAN. ) SOLID_ANGLE_UNIT ( ) );
#6462 = ADVANCED_FACE ( 'NONE', ( #713 ), #3568, .F. ) ;
#6463 = AXIS2_PLACEMENT_3D ( 'NONE', #2431, #6471, #539 ) ;
#6464 =( NAMED_UNIT ( * ) SI_UNIT ( $, .STERADIAN. ) SOLID_ANGLE_UNIT ( ) );
#6465 = COLOUR_RGB ( '',0.5294117647058823595, 0.5490196078431373028, 0.5490196078431373028 ) ;
#6466 = FILL_AREA_STYLE ('',( #1801 ) ) ;
#6467 = CARTESIAN_POINT ( 'NONE',  ( 0.7429409894823596483, -1.643745889321098996, 4.749811514361815590 ) ) ;
#6468 = ORIENTED_EDGE ( 'NONE', *, *, #3299, .T. ) ;
#6469 = ORIENTED_EDGE ( 'NONE', *, *, #2205, .F. ) ;
#6470 = MECHANICAL_DESIGN_GEOMETRIC_PRESENTATION_REPRESENTATION (  '', ( #3605 ), #2380 ) ;
#6471 = DIRECTION ( 'NONE',  ( 1.000000000000000000, 0.000000000000000000, 0.000000000000000000 ) ) ;
#6472 =( NAMED_UNIT ( * ) SI_UNIT ( $, .STERADIAN. ) SOLID_ANGLE_UNIT ( ) );
#6473 = SURFACE_SIDE_STYLE ('',( #3511 ) ) ;
#6474 = AXIS2_PLACEMENT_3D ( 'NONE', #4750, #5351, #36 ) ;
#6475 =( LENGTH_UNIT ( ) NAMED_UNIT ( * ) SI_UNIT ( .MILLI., .METRE. ) );
#6476 = CARTESIAN_POINT ( 'NONE',  ( 0.2284057895504059965, -3.727378938410882192, 3.370231758262930200 ) ) ;
#6477 = CARTESIAN_POINT ( 'NONE',  ( 1.184200262958152949, -4.187119299164359099, -2.782020603964376004 ) ) ;
#6478 = SURFACE_STYLE_FILL_AREA ( #1146 ) ;
#6479 = SPHERICAL_SURFACE ( 'NONE', #1102, 1.124999999999995115 ) ;
#6480 = VERTEX_POINT ( 'NONE', #792 ) ;
#6481 = UNCERTAINTY_MEASURE_WITH_UNIT (LENGTH_MEASURE( 1.000000000000000082E-05 ), #2818, 'distance_accuracy_value', 'NONE');
#6482 = CARTESIAN_POINT ( 'NONE',  ( -0.3374999999999969691, 5.183890602451917573, 1.761505952817275622 ) ) ;
#6483 = TOROIDAL_SURFACE ( 'NONE', #246, 4.300000000000002487, 0.1999999999999998723 ) ;
#6484 = FILL_AREA_STYLE ('',( #4113 ) ) ;
#6485 = CIRCLE ( 'NONE', #6601, 4.500000000000002665 ) ;
#6486 = EDGE_CURVE ( 'NONE', #6352, #1863, #6091, .T. ) ;
#6487 = SURFACE_STYLE_FILL_AREA ( #3483 ) ;
#6488 = STYLED_ITEM ( 'NONE', ( #4700 ), #7299 ) ;
#6489 = SURFACE_STYLE_USAGE ( .BOTH. , #1737 ) ;
#6490 = SURFACE_STYLE_USAGE ( .BOTH. , #3407 ) ;
#6491 = PRESENTATION_LAYER_ASSIGNMENT (  '', '', ( #7273 ) ) ;
#6492 = ORIENTED_EDGE ( 'NONE', *, *, #2409, .T. ) ;
#6493 = CARTESIAN_POINT ( 'NONE',  ( -1.216873555469124346, -5.475000000000009415, 0.1608024255589115548 ) ) ;
#6494 = FACE_OUTER_BOUND ( 'NONE', #361, .T. ) ;
#6495 = FILL_AREA_STYLE ('',( #3962 ) ) ;
#6496 = STYLED_ITEM ( 'NONE', ( #5938 ), #2823 ) ;
#6497 = CARTESIAN_POINT ( 'NONE',  ( -0.2282113723961841090, -1.055077064873295001, -4.913108231081973365 ) ) ;
#6498 =( LENGTH_UNIT ( ) NAMED_UNIT ( * ) SI_UNIT ( .MILLI., .METRE. ) );
#6499 = SURFACE_STYLE_FILL_AREA ( #7735 ) ;
#6500 = EDGE_LOOP ( 'NONE', ( #6970, #5163, #924, #1057, #525, #407 ) ) ;
#6501 = VERTEX_POINT ( 'NONE', #1343 ) ;
#6502 = LINE ( 'NONE', #2386, #4851 ) ;
#6503 = CARTESIAN_POINT ( 'NONE',  ( 0.3375000000000044631, 0.000000000000000000, 0.000000000000000000 ) ) ;
#6504 = EDGE_LOOP ( 'NONE', ( #995, #2730, #6510, #5191 ) ) ;
#6505 = ADVANCED_FACE ( 'NONE', ( #3761, #1499 ), #2600, .T. ) ;
#6506 = CIRCLE ( 'NONE', #517, 7.300000000000000711 ) ;
#6507 = CARTESIAN_POINT ( 'NONE',  ( -0.3374999999999969691, 5.183890602451892704, -1.761505952817348231 ) ) ;
#6508 = DIRECTION ( 'NONE',  ( -0.000000000000000000, 1.000000000000000000, 1.224646799147353207E-16 ) ) ;
#6509 = CARTESIAN_POINT ( 'NONE',  ( 0.9684278525401855964, -1.849049199763030504, 4.673716618225778774 ) ) ;
#6510 = ORIENTED_EDGE ( 'NONE', *, *, #6139, .T. ) ;
#6511 = EDGE_LOOP ( 'NONE', ( #5161, #4982, #3397, #1633 ) ) ;
#6512 = CARTESIAN_POINT ( 'NONE',  ( -0.1161341008348404091, -4.081496609502030637, -3.649247927219328336 ) ) ;
#6513 = DIRECTION ( 'NONE',  ( 0.000000000000000000, 0.000000000000000000, 1.000000000000000000 ) ) ;
#6514 = EDGE_CURVE ( 'NONE', #2608, #2250, #6800, .T. ) ;
#6515 = FILL_AREA_STYLE ('',( #2434 ) ) ;
#6516 = CARTESIAN_POINT ( 'NONE',  ( -1.216873555469090151, -4.351777654016819596, -2.512499999999974865 ) ) ;
#6517 = PRESENTATION_STYLE_ASSIGNMENT (( #5953 ) ) ;
#6518 = VERTEX_POINT ( 'NONE', #6166 ) ;
#6519 = CARTESIAN_POINT ( 'NONE',  ( -0.1145010564412810017, -5.359267842665075499, 1.119764795958132719 ) ) ;
#6520 =( NAMED_UNIT ( * ) SI_UNIT ( $, .STERADIAN. ) SOLID_ANGLE_UNIT ( ) );
#6521 = CIRCLE ( 'NONE', #4527, 1.237499999999996492 ) ;
#6522 = MECHANICAL_DESIGN_GEOMETRIC_PRESENTATION_REPRESENTATION (  '', ( #2175 ), #5153 ) ;
#6523 = CARTESIAN_POINT ( 'NONE',  ( 0.2284057894171356851, -4.913120729317802748, 1.055016850132588058 ) ) ;
#6524 =( NAMED_UNIT ( * ) SI_UNIT ( $, .STERADIAN. ) SOLID_ANGLE_UNIT ( ) );
#6525 = EDGE_LOOP ( 'NONE', ( #4946, #7657, #3429, #4429 ) ) ;
#6526 = DIRECTION ( 'NONE',  ( 1.000000000000000000, 0.000000000000000000, 0.000000000000000000 ) ) ;
#6527 = AXIS2_PLACEMENT_3D ( 'NONE', #1218, #2936, #3593 ) ;
#6528 =( GEOMETRIC_REPRESENTATION_CONTEXT ( 3 ) GLOBAL_UNCERTAINTY_ASSIGNED_CONTEXT ( ( #4008 ) ) GLOBAL_UNIT_ASSIGNED_CONTEXT ( ( #7529, #1028, #7571 ) ) REPRESENTATION_CONTEXT ( 'NONE', 'WORKASPACE' ) );
#6529 = CARTESIAN_POINT ( 'NONE',  ( -0.3157423466804604728, 3.659949515897121586, -3.443668705420108722 ) ) ;
#6530 = CARTESIAN_POINT ( 'NONE',  ( -0.1623272492000131517, 1.234694575522386817, -5.333962345902286017 ) ) ;
#6531 = CARTESIAN_POINT ( 'NONE',  ( -1.216873555469089929, -2.512500000000020162, -4.351777654016792063 ) ) ;
#6532 = CARTESIAN_POINT ( 'NONE',  ( -0.6073178875565884427, -3.357056292692556454, -3.739553136311704939 ) ) ;
#6533 = CIRCLE ( 'NONE', #1188, 1.124999999999995115 ) ;
#6534 = ORIENTED_EDGE ( 'NONE', *, *, #4899, .T. ) ;
#6535 = CARTESIAN_POINT ( 'NONE',  ( -0.3164496935152092405, 3.443614407752272566, -3.660008334471408720 ) ) ;
#6536 = DIRECTION ( 'NONE',  ( -1.000000000000000000, -0.000000000000000000, -0.000000000000000000 ) ) ;
#6537 = EDGE_LOOP ( 'NONE', ( #6645, #2758, #2963, #773 ) ) ;
#6538 = EDGE_CURVE ( 'NONE', #3498, #218, #5958, .T. ) ;
#6539 = PRESENTATION_STYLE_ASSIGNMENT (( #6015 ) ) ;
#6540 = PRESENTATION_STYLE_ASSIGNMENT (( #2926 ) ) ;
#6541 = CARTESIAN_POINT ( 'NONE',  ( 0.3375000000000030753, -4.771575093816209368, 1.575657362522971061 ) ) ;
#6542 = AXIS2_PLACEMENT_3D ( 'NONE', #5404, #2980, #90 ) ;
#6543 = DIRECTION ( 'NONE',  ( -1.000000000000000000, -0.000000000000000000, -0.000000000000000000 ) ) ;
#6544 = SURFACE_STYLE_FILL_AREA ( #945 ) ;
#6545 = CARTESIAN_POINT ( 'NONE',  ( -1.216873555469089929, -2.512499999999959766, 4.351777654016826702 ) ) ;
#6546 = ORIENTED_EDGE ( 'NONE', *, *, #6242, .T. ) ;
#6547 = EDGE_LOOP ( 'NONE', ( #3338, #6958, #7624, #3115 ) ) ;
#6548 = CARTESIAN_POINT ( 'NONE',  ( 2.951763000829056837E-15, 5.250000000000000000, 0.000000000000000000 ) ) ;
#6549 = CARTESIAN_POINT ( 'NONE',  ( -1.216873555469090151, -4.351777654016819596, -2.512499999999974865 ) ) ;
#6550 = SURFACE_SIDE_STYLE ('',( #4264 ) ) ;
#6551 = FILL_AREA_STYLE ('',( #1773 ) ) ;
#6552 = PRESENTATION_STYLE_ASSIGNMENT (( #7174 ) ) ;
#6553 = EDGE_CURVE ( 'NONE', #2614, #2145, #4476, .T. ) ;
#6554 = DIRECTION ( 'NONE',  ( 0.000000000000000000, -0.4999999999999921729, 0.8660254037844432595 ) ) ;
#6555 = DIRECTION ( 'NONE',  ( 0.000000000000000000, -0.8660254037844415942, -0.4999999999999947264 ) ) ;
#6556 = DIRECTION ( 'NONE',  ( 0.000000000000000000, 0.000000000000000000, 1.000000000000000000 ) ) ;
#6557 = AXIS2_PLACEMENT_3D ( 'NONE', #6548, #3548, #1682 ) ;
#6558 = CARTESIAN_POINT ( 'NONE',  ( 0.7539527812222512893, -4.172780948423676861, -3.546387310454996555 ) ) ;
#6559 = EDGE_CURVE ( 'NONE', #5416, #1450, #7478, .T. ) ;
#6560 =( NAMED_UNIT ( * ) PLANE_ANGLE_UNIT ( ) SI_UNIT ( $, .RADIAN. ) );
#6561 = SURFACE_STYLE_FILL_AREA ( #93 ) ;
#6562 =( NAMED_UNIT ( * ) SI_UNIT ( $, .STERADIAN. ) SOLID_ANGLE_UNIT ( ) );
#6563 = FILL_AREA_STYLE_COLOUR ( '', #1933 ) ;
#6564 = CARTESIAN_POINT ( 'NONE',  ( -0.1578090310811135211, -1.418333126981403902, -4.820680050771462888 ) ) ;
#6565 = COLOUR_RGB ( '',0.5294117647058823595, 0.5490196078431373028, 0.5490196078431373028 ) ;
#6566 = EDGE_LOOP ( 'NONE', ( #3274, #1007, #3464, #7507 ) ) ;
#6567 = CLOSED_SHELL ( 'NONE', ( #4433, #829, #971, #63 ) ) ;
#6568 = CARTESIAN_POINT ( 'NONE',  ( 0.7413020568654474785, -4.935075243021947777, -0.9528082703364008088 ) ) ;
#6569 = MECHANICAL_DESIGN_GEOMETRIC_PRESENTATION_REPRESENTATION (  '', ( #2223 ), #4834 ) ;
#6570 = DIRECTION ( 'NONE',  ( -1.000000000000000000, -0.000000000000000000, -0.000000000000000000 ) ) ;
#6571 = CARTESIAN_POINT ( 'NONE',  ( -0.3374999999999970246, 1.575657362522921101, -4.771575093816225355 ) ) ;
#6572 = ORIENTED_EDGE ( 'NONE', *, *, #914, .T. ) ;
#6573 = CARTESIAN_POINT ( 'NONE',  ( -1.216873555469091261, 5.746431636952718160E-14, 5.475000000000001421 ) ) ;
#6574 = CARTESIAN_POINT ( 'NONE',  ( 0.9774912523502908845, 0.7563220946943123302, 5.423762760077579514 ) ) ;
#6575 = SURFACE_SIDE_STYLE ('',( #1761 ) ) ;
#6576 = B_SPLINE_CURVE_WITH_KNOTS ( 'NONE', 3,
 ( #3571, #5930, #1575, #7015, #4692, #4078, #3406, #4040, #3917, #6443, #7689, #3443, #5761, #2912, #6283, #2330, #2207, #5122 ),
 .UNSPECIFIED., .F., .F.,
 ( 4, 2, 2, 2, 2, 2, 2, 2, 4 ),
 ( 0.001883778963244802079, 0.002354457140183636304, 0.002825135317122470964, 0.003295813494061305190, 0.003766491671000139416, 0.004237169847938974075, 0.004707848024877808735, 0.005178526201816642527, 0.005649204378755477186 ),
 .UNSPECIFIED. ) ;
#6577 = CARTESIAN_POINT ( 'NONE',  ( 0.5519744768570828963, 4.936626162701899467, 0.9398009068737426253 ) ) ;
#6578 = TOROIDAL_SURFACE ( 'NONE', #6828, 5.250000000000000000, 1.237499999999997158 ) ;
#6579 = PRESENTATION_LAYER_ASSIGNMENT (  '', '', ( #2232 ) ) ;
#6580 = CARTESIAN_POINT ( 'NONE',  ( -0.2290589410531660708, 1.543085156773282618, 4.782331004557218712 ) ) ;
#6581 = EDGE_CURVE ( 'NONE', #5835, #1376, #4025, .T. ) ;
#6582 = DIRECTION ( 'NONE',  ( 0.000000000000000000, 0.000000000000000000, 1.000000000000000000 ) ) ;
#6583 = VERTEX_POINT ( 'NONE', #2084 ) ;
#6584 = ORIENTED_EDGE ( 'NONE', *, *, #3941, .T. ) ;
#6585 =( NAMED_UNIT ( * ) PLANE_ANGLE_UNIT ( ) SI_UNIT ( $, .RADIAN. ) );
#6586 = PRESENTATION_LAYER_ASSIGNMENT (  '', '', ( #6459 ) ) ;
#6587 = CARTESIAN_POINT ( 'NONE',  ( -19.92709219242683361, 0.000000000000000000, 0.000000000000000000 ) ) ;
#6588 = COLOUR_RGB ( '',0.6470588235294117974, 0.6196078431372549211, 0.5882352941176470784 ) ;
#6589 = SURFACE_SIDE_STYLE ('',( #6029 ) ) ;
#6590 = MECHANICAL_DESIGN_GEOMETRIC_PRESENTATION_REPRESENTATION (  '', ( #4819 ), #5217 ) ;
#6591 = STYLED_ITEM ( 'NONE', ( #5415 ), #1848 ) ;
#6592 = AXIS2_PLACEMENT_3D ( 'NONE', #6044, #5345, #4348 ) ;
#6593 = CARTESIAN_POINT ( 'NONE',  ( -0.1139799994183179760, 5.201116438773726536, 1.709974499904518774 ) ) ;
#6594 = PRESENTATION_LAYER_ASSIGNMENT (  '', '', ( #2739 ) ) ;
#6595 = EDGE_CURVE ( 'NONE', #2768, #44, #7208, .T. ) ;
#6596 = AXIS2_PLACEMENT_3D ( 'NONE', #5991, #6032, #659 ) ;
#6597 = STYLED_ITEM ( 'NONE', ( #2778 ), #290 ) ;
#6598 = DIRECTION ( 'NONE',  ( 0.000000000000000000, -1.047444401652940480E-14, -1.000000000000000000 ) ) ;
#6599 = CARTESIAN_POINT ( 'NONE',  ( -0.1160098891555720046, -4.909304749421649738, 1.072078301807121381 ) ) ;
#6600 = CARTESIAN_POINT ( 'NONE',  ( 0.3375000000000029088, 1.066436397168672778, 5.370133928571421578 ) ) ;
#6601 = AXIS2_PLACEMENT_3D ( 'NONE', #4271, #3788, #6784 ) ;
#6602 = CARTESIAN_POINT ( 'NONE',  ( 0.3375000000000044631, 4.894821428571450639, -1.136375018379826463 ) ) ;
#6603 = CARTESIAN_POINT ( 'NONE',  ( -1.216873555470451507, -5.475000000000316724, -1.549021924767019913E-13 ) ) ;
#6604 = CARTESIAN_POINT ( 'NONE',  ( 1.216873555469096146, -5.025000000000000355, 2.755594923846596388E-17 ) ) ;
#6605 = MECHANICAL_DESIGN_GEOMETRIC_PRESENTATION_REPRESENTATION (  '', ( #6731 ), #4255 ) ;
#6606 = CARTESIAN_POINT ( 'NONE',  ( 0.3375000000000029088, -1.761505952817366438, -5.183890602451889151 ) ) ;
#6607 = DIRECTION ( 'NONE',  ( -1.000000000000000000, -0.000000000000000000, -0.000000000000000000 ) ) ;
#6608 = COLOUR_RGB ( '',1.000000000000000000, 1.000000000000000000, 1.000000000000000000 ) ;
#6609 = DIRECTION ( 'NONE',  ( 0.000000000000000000, 0.000000000000000000, 1.000000000000000000 ) ) ;
#6610 = ORIENTED_EDGE ( 'NONE', *, *, #4930, .F. ) ;
#6611 = COLOUR_RGB ( '',0.5294117647058823595, 0.5490196078431373028, 0.5490196078431373028 ) ;
#6612 = DIRECTION ( 'NONE',  ( -1.000000000000000000, -0.000000000000000000, -0.000000000000000000 ) ) ;
#6613 = CIRCLE ( 'NONE', #4270, 5.999999999999998224 ) ;
#6614 = CYLINDRICAL_SURFACE ( 'NONE', #1772, 7.500000000000000000 ) ;
#6615 = CARTESIAN_POINT ( 'NONE',  ( -2.300000000000002043, 0.000000000000000000, 6.199999999999997513 ) ) ;
#6616 = DIRECTION ( 'NONE',  ( -1.000000000000000000, -0.000000000000000000, -0.000000000000000000 ) ) ;
#6617 = CARTESIAN_POINT ( 'NONE',  ( 1.185729937395793243, 3.012996809067886694, 4.573808457111048220 ) ) ;
#6618 = EDGE_LOOP ( 'NONE', ( #5648, #7114, #2170, #470 ) ) ;
#6619 = ORIENTED_EDGE ( 'NONE', *, *, #3536, .F. ) ;
#6620 =( NAMED_UNIT ( * ) SI_UNIT ( $, .STERADIAN. ) SOLID_ANGLE_UNIT ( ) );
#6621 = AXIS2_PLACEMENT_3D ( 'NONE', #1940, #6607, #1278 ) ;
#6622 = FILL_AREA_STYLE_COLOUR ( '', #1734 ) ;
#6623 = EDGE_LOOP ( 'NONE', ( #3981, #7239 ) ) ;
#6624 = FACE_OUTER_BOUND ( 'NONE', #70, .T. ) ;
#6625 = DIRECTION ( 'NONE',  ( -1.000000000000000000, -0.000000000000000000, -0.000000000000000000 ) ) ;
#6626 =( NAMED_UNIT ( * ) SI_UNIT ( $, .STERADIAN. ) SOLID_ANGLE_UNIT ( ) );
#6627 = CARTESIAN_POINT ( 'NONE',  ( -0.3374999999999975242, 0.000000000000000000, 0.000000000000000000 ) ) ;
#6628 = DIRECTION ( 'NONE',  ( 0.000000000000000000, 0.5000000000000101030, 0.8660254037844328234 ) ) ;
#6629 = CARTESIAN_POINT ( 'NONE',  ( -0.3374999999999970246, -4.771575093816209368, 1.575657362522971061 ) ) ;
#6630 = DIRECTION ( 'NONE',  ( -1.000000000000000000, -0.000000000000000000, -0.000000000000000000 ) ) ;
#6631 = EDGE_CURVE ( 'NONE', #4972, #4656, #872, .T. ) ;
#6632 = CARTESIAN_POINT ( 'NONE',  ( -1.216873555469090817, -4.660714929558010589, -2.877404942410728861 ) ) ;
#6633 = ADVANCED_FACE ( 'NONE', ( #1537 ), #3950, .T. ) ;
#6634 =( GEOMETRIC_REPRESENTATION_CONTEXT ( 3 ) GLOBAL_UNCERTAINTY_ASSIGNED_CONTEXT ( ( #4080 ) ) GLOBAL_UNIT_ASSIGNED_CONTEXT ( ( #4796, #460, #1679 ) ) REPRESENTATION_CONTEXT ( 'NONE', 'WORKASPACE' ) );
#6635 = PRESENTATION_STYLE_ASSIGNMENT (( #4896 ) ) ;
#6636 = CARTESIAN_POINT ( 'NONE',  ( -1.065679434814403193, -5.441787282991787045, -0.6205631166707493707 ) ) ;
#6637 = CARTESIAN_POINT ( 'NONE',  ( -0.3164798858117124358, -1.447998357152512572, -4.812211386141413527 ) ) ;
#6638 = DIRECTION ( 'NONE',  ( -1.000000000000000000, -0.000000000000000000, -0.000000000000000000 ) ) ;
#6639 =( NAMED_UNIT ( * ) SI_UNIT ( $, .STERADIAN. ) SOLID_ANGLE_UNIT ( ) );
#6640 = CARTESIAN_POINT ( 'NONE',  ( 1.102270384252428181, 5.475000000000000533, 2.506439865549668599E-22 ) ) ;
#6641 = EDGE_CURVE ( 'NONE', #6945, #7036, #1886, .T. ) ;
#6642 =( NAMED_UNIT ( * ) PLANE_ANGLE_UNIT ( ) SI_UNIT ( $, .RADIAN. ) );
#6643 = ORIENTED_EDGE ( 'NONE', *, *, #5963, .F. ) ;
#6644 = CARTESIAN_POINT ( 'NONE',  ( 1.186246345985057848, -4.895758463743374200, 2.455581101507938957 ) ) ;
#6645 = ORIENTED_EDGE ( 'NONE', *, *, #6553, .F. ) ;
#6646 = CIRCLE ( 'NONE', #6912, 1.073181601594058732 ) ;
#6647 = SURFACE_SIDE_STYLE ('',( #5979 ) ) ;
#6648 = CARTESIAN_POINT ( 'NONE',  ( -0.3374999999999969691, -4.546633369868319008, -2.624999999999973799 ) ) ;
#6649 = AXIS2_PLACEMENT_3D ( 'NONE', #2724, #1637, #4632 ) ;
#6650 = DIRECTION ( 'NONE',  ( 0.000000000000000000, 0.000000000000000000, 1.000000000000000000 ) ) ;
#6651 = EDGE_CURVE ( 'NONE', #1908, #6924, #4767, .T. ) ;
#6652 = CARTESIAN_POINT ( 'NONE',  ( -1.185664645333973422, 3.013064982714034556, 4.573754011965716515 ) ) ;
#6653 = EDGE_LOOP ( 'NONE', ( #3649, #6253, #1516, #1712, #2026, #3075 ) ) ;
#6654 = VERTEX_POINT ( 'NONE', #2319 ) ;
#6655 = SURFACE_STYLE_FILL_AREA ( #4332 ) ;
#6656 = ORIENTED_EDGE ( 'NONE', *, *, #5016, .T. ) ;
#6657 = CARTESIAN_POINT ( 'NONE',  ( -1.216873555469091261, -4.431302689732368627, 2.374758597666916771 ) ) ;
#6658 = MECHANICAL_DESIGN_GEOMETRIC_PRESENTATION_REPRESENTATION (  '', ( #2856 ), #3558 ) ;
#6659 = PRESENTATION_STYLE_ASSIGNMENT (( #621 ) ) ;
#6660 = B_SPLINE_CURVE_WITH_KNOTS ( 'NONE', 3,
 ( #5491, #1390, #7307, #1905, #4358, #6571 ),
 .UNSPECIFIED., .F., .F.,
 ( 4, 2, 4 ),
 ( 0.003069521843240041129, 0.003410565456215182336, 0.003751609069190323543 ),
 .UNSPECIFIED. ) ;
#6661 = DIRECTION ( 'NONE',  ( 1.000000000000000000, 0.000000000000000000, 0.000000000000000000 ) ) ;
#6662 = FILL_AREA_STYLE ('',( #3269 ) ) ;
#6663 = CARTESIAN_POINT ( 'NONE',  ( 0.3375000000000029088, -1.066436397168560424, 5.370133928571443782 ) ) ;
#6664 = FILL_AREA_STYLE_COLOUR ( '', #4311 ) ;
#6665 = CARTESIAN_POINT ( 'NONE',  ( -1.102270385293431021, 5.475000001274969996, -0.1472858710026363205 ) ) ;
#6666 = SURFACE_STYLE_USAGE ( .BOTH. , #1852 ) ;
#6667 = CARTESIAN_POINT ( 'NONE',  ( 0.3375000000000029088, -1.761505952817295162, 5.183890602451913132 ) ) ;
#6668 = CARTESIAN_POINT ( 'NONE',  ( -19.92709219242683361, 0.000000000000000000, 0.000000000000000000 ) ) ;
#6669 = EDGE_CURVE ( 'NONE', #4319, #6680, #6717, .T. ) ;
#6670 =( GEOMETRIC_REPRESENTATION_CONTEXT ( 3 ) GLOBAL_UNCERTAINTY_ASSIGNED_CONTEXT ( ( #2744 ) ) GLOBAL_UNIT_ASSIGNED_CONTEXT ( ( #3554, #3516, #661 ) ) REPRESENTATION_CONTEXT ( 'NONE', 'WORKASPACE' ) );
#6671 = SURFACE_STYLE_USAGE ( .BOTH. , #1306 ) ;
#6672 = FACE_OUTER_BOUND ( 'NONE', #3027, .T. ) ;
#6673 = CARTESIAN_POINT ( 'NONE',  ( -1.184325193567672407, -5.017188631981337466, -0.3154544090215247731 ) ) ;
#6674 = CARTESIAN_POINT ( 'NONE',  ( -0.1160098896101761368, -3.383099418851973184, -3.715543477078833146 ) ) ;
#6675 = MECHANICAL_DESIGN_GEOMETRIC_PRESENTATION_REPRESENTATION (  '', ( #3708 ), #5658 ) ;
#6676 =( NAMED_UNIT ( * ) SI_UNIT ( $, .STERADIAN. ) SOLID_ANGLE_UNIT ( ) );
#6677 = EDGE_LOOP ( 'NONE', ( #5097, #4749, #1432, #1711 ) ) ;
#6678 = AXIS2_PLACEMENT_3D ( 'NONE', #2433, #505, #5825 ) ;
#6679 = CARTESIAN_POINT ( 'NONE',  ( -19.92709219242683361, 0.000000000000000000, 5.025000000000000355 ) ) ;
#6680 = VERTEX_POINT ( 'NONE', #4679 ) ;
#6681 = ADVANCED_FACE ( 'NONE', ( #7084 ), #6879, .F. ) ;
#6682 = PRESENTATION_STYLE_ASSIGNMENT (( #3843 ) ) ;
#6683 = COLOUR_RGB ( '',0.6470588235294117974, 0.6196078431372549211, 0.5882352941176470784 ) ;
#6684 = SURFACE_STYLE_USAGE ( .BOTH. , #7198 ) ;
#6685 = SURFACE_STYLE_FILL_AREA ( #6807 ) ;
#6686 = DIRECTION ( 'NONE',  ( 0.000000000000000000, 0.000000000000000000, 1.000000000000000000 ) ) ;
#6687 = CARTESIAN_POINT ( 'NONE',  ( -0.6188283613273930506, 3.617091090961479072, 4.110516372475611746 ) ) ;
#6688 = ORIENTED_EDGE ( 'NONE', *, *, #2044, .T. ) ;
#6689 = EDGE_LOOP ( 'NONE', ( #2294, #2418, #3618, #2301 ) ) ;
#6690 = AXIS2_PLACEMENT_3D ( 'NONE', #4644, #2361, #7087 ) ;
#6691 = CARTESIAN_POINT ( 'NONE',  ( -19.92709219242683361, 0.000000000000000000, 0.000000000000000000 ) ) ;
#6692 = ORIENTED_EDGE ( 'NONE', *, *, #446, .F. ) ;
#6693 = CARTESIAN_POINT ( 'NONE',  ( 2.299999999999997602, 0.000000000000000000, 0.000000000000000000 ) ) ;
#6694 = FACE_OUTER_BOUND ( 'NONE', #3737, .T. ) ;
#6695 =( GEOMETRIC_REPRESENTATION_CONTEXT ( 3 ) GLOBAL_UNCERTAINTY_ASSIGNED_CONTEXT ( ( #225 ) ) GLOBAL_UNIT_ASSIGNED_CONTEXT ( ( #591, #633, #5376 ) ) REPRESENTATION_CONTEXT ( 'NONE', 'WORKASPACE' ) );
#6696 = CARTESIAN_POINT ( 'NONE',  ( -19.92709219242683361, 0.000000000000000000, 0.000000000000000000 ) ) ;
#6697 =( GEOMETRIC_REPRESENTATION_CONTEXT ( 3 ) GLOBAL_UNCERTAINTY_ASSIGNED_CONTEXT ( ( #3910 ) ) GLOBAL_UNIT_ASSIGNED_CONTEXT ( ( #2580, #1291, #6738 ) ) REPRESENTATION_CONTEXT ( 'NONE', 'WORKASPACE' ) );
#6698 = CARTESIAN_POINT ( 'NONE',  ( -0.3374999999999970246, -1.575657362522953742, -4.771575093816213808 ) ) ;
#6699 = ORIENTED_EDGE ( 'NONE', *, *, #6892, .T. ) ;
#6700 = COLOUR_RGB ( '',1.000000000000000000, 1.000000000000000000, 1.000000000000000000 ) ;
#6701 = FACE_OUTER_BOUND ( 'NONE', #883, .T. ) ;
#6702 =( NAMED_UNIT ( * ) PLANE_ANGLE_UNIT ( ) SI_UNIT ( $, .RADIAN. ) );
#6703 = UNCERTAINTY_MEASURE_WITH_UNIT (LENGTH_MEASURE( 1.000000000000000082E-05 ), #4622, 'distance_accuracy_value', 'NONE');
#6704 = STYLED_ITEM ( 'NONE', ( #2202 ), #1870 ) ;
#6705 = DIRECTION ( 'NONE',  ( -1.000000000000000000, -0.000000000000000000, -0.000000000000000000 ) ) ;
#6706 = STYLED_ITEM ( 'NONE', ( #5850 ), #5999 ) ;
#6707 = AXIS2_PLACEMENT_3D ( 'NONE', #1961, #820, #4953 ) ;
#6708 = CARTESIAN_POINT ( 'NONE',  ( -0.3374999999999969691, 1.066436397168597949, -5.370133928571434012 ) ) ;
#6709 = MECHANICAL_DESIGN_GEOMETRIC_PRESENTATION_REPRESENTATION (  '', ( #5340 ), #3356 ) ;
#6710 = CARTESIAN_POINT ( 'NONE',  ( -0.9684278525401794901, -1.849049199763095785, -4.673716618225749464 ) ) ;
#6711 = CIRCLE ( 'NONE', #3716, 1.124999999999994893 ) ;
#6712 = UNCERTAINTY_MEASURE_WITH_UNIT (LENGTH_MEASURE( 1.000000000000000082E-05 ), #3398, 'distance_accuracy_value', 'NONE');
#6713 = LINE ( 'NONE', #7373, #5946 ) ;
#6714 = EDGE_CURVE ( 'NONE', #5631, #6173, #2873, .T. ) ;
#6715 = CARTESIAN_POINT ( 'NONE',  ( -0.3374999999999970246, 4.894821428571431099, 1.136375018379911062 ) ) ;
#6716 = DIRECTION ( 'NONE',  ( -1.000000000000000000, -0.000000000000000000, -0.000000000000000000 ) ) ;
#6717 = CIRCLE ( 'NONE', #746, 5.999999999999997335 ) ;
#6718 = CARTESIAN_POINT ( 'NONE',  ( -0.3374999999999970246, 1.021228243303247574, -4.920133928571432946 ) ) ;
#6719 = AXIS2_PLACEMENT_3D ( 'NONE', #5538, #1364, #2547 ) ;
#6720 = DIRECTION ( 'NONE',  ( 0.000000000000000000, 0.000000000000000000, 1.000000000000000000 ) ) ;
#6721 = ORIENTED_EDGE ( 'NONE', *, *, #392, .F. ) ;
#6722 = CARTESIAN_POINT ( 'NONE',  ( -1.185664645333973866, -3.013064982714000362, -4.573754011965738719 ) ) ;
#6723 = ORIENTED_EDGE ( 'NONE', *, *, #5917, .F. ) ;
#6724 = DIRECTION ( 'NONE',  ( 0.000000000000000000, 0.000000000000000000, 1.000000000000000000 ) ) ;
#6725 = AXIS2_PLACEMENT_3D ( 'NONE', #7704, #2345, #6991 ) ;
#6726 =( NAMED_UNIT ( * ) PLANE_ANGLE_UNIT ( ) SI_UNIT ( $, .RADIAN. ) );
#6727 = ADVANCED_FACE ( 'NONE', ( #817 ), #6846, .F. ) ;
#6728 =( LENGTH_UNIT ( ) NAMED_UNIT ( * ) SI_UNIT ( .MILLI., .METRE. ) );
#6729 = CARTESIAN_POINT ( 'NONE',  ( -2.300000000000001599, 0.000000000000000000, 0.000000000000000000 ) ) ;
#6730 = UNCERTAINTY_MEASURE_WITH_UNIT (LENGTH_MEASURE( 1.000000000000000082E-05 ), #5484, 'distance_accuracy_value', 'NONE');
#6731 = STYLED_ITEM ( 'NONE', ( #3040 ), #7108 ) ;
#6732 = FILL_AREA_STYLE ('',( #1319 ) ) ;
#6733 = EDGE_CURVE ( 'NONE', #6434, #3336, #5106, .T. ) ;
#6734 = CARTESIAN_POINT ( 'NONE',  ( 0.1139339630336197451, -5.201117964857068010, -1.709969858110669705 ) ) ;
#6735 = ORIENTED_EDGE ( 'NONE', *, *, #1763, .T. ) ;
#6736 = ORIENTED_EDGE ( 'NONE', *, *, #3693, .F. ) ;
#6737 = DIRECTION ( 'NONE',  ( -1.000000000000000000, -0.000000000000000000, -0.000000000000000000 ) ) ;
#6738 =( NAMED_UNIT ( * ) SI_UNIT ( $, .STERADIAN. ) SOLID_ANGLE_UNIT ( ) );
#6739 = EDGE_LOOP ( 'NONE', ( #1839, #6180 ) ) ;
#6740 = SURFACE_STYLE_USAGE ( .BOTH. , #5471 ) ;
#6741 = CIRCLE ( 'NONE', #7385, 1.073181601594058732 ) ;
#6742 =( NAMED_UNIT ( * ) SI_UNIT ( $, .STERADIAN. ) SOLID_ANGLE_UNIT ( ) );
#6743 = CARTESIAN_POINT ( 'NONE',  ( -0.3374999999999970246, 3.750346850512999541, 3.344476566048450117 ) ) ;
#6744 = CARTESIAN_POINT ( 'NONE',  ( 0.3375000000000044631, 5.344821428571431277, -1.186806174859089902 ) ) ;
#6745 = CARTESIAN_POINT ( 'NONE',  ( -0.7539527812222445169, -4.172780948423628011, 3.546387310455056063 ) ) ;
#6746 = EDGE_CURVE ( 'NONE', #1281, #2217, #5831, .T. ) ;
#6747 = ORIENTED_EDGE ( 'NONE', *, *, #2837, .F. ) ;
#6748 = DIRECTION ( 'NONE',  ( 0.000000000000000000, 1.776356839400256381E-15, -1.000000000000000000 ) ) ;
#6749 = CARTESIAN_POINT ( 'NONE',  ( -0.3374999999999969691, 1.066436397168597949, -5.370133928571434012 ) ) ;
#6750 = AXIS2_PLACEMENT_3D ( 'NONE', #6207, #991, #6282 ) ;
#6751 = CARTESIAN_POINT ( 'NONE',  ( -1.102270384252421964, 5.475000000000000533, -3.381342772470618983E-10 ) ) ;
#6752 = FILL_AREA_STYLE ('',( #4384 ) ) ;
#6753 = DIRECTION ( 'NONE',  ( 0.000000000000000000, 0.000000000000000000, 1.000000000000000000 ) ) ;
#6754 = DIRECTION ( 'NONE',  ( 0.000000000000000000, 0.000000000000000000, 1.000000000000000000 ) ) ;
#6755 =( LENGTH_UNIT ( ) NAMED_UNIT ( * ) SI_UNIT ( .MILLI., .METRE. ) );
#6756 = B_SPLINE_CURVE_WITH_KNOTS ( 'NONE', 3,
 ( #5008, #5524, #7415, #285, #2678, #6882, #5044, #6284, #2711, #5638, #1389, #2755, #4392, #206, #1506, #2603, #323, #1429 ),
 .UNSPECIFIED., .F., .F.,
 ( 4, 2, 2, 2, 2, 2, 2, 2, 4 ),
 ( 0.001924500009533457786, 0.002405502955712250559, 0.002886505901891043332, 0.003367508848069836538, 0.003848511794248629311, 0.004329514740427423819, 0.004810517686606216592, 0.005291520632785010232, 0.005772523578963803872 ),
 .UNSPECIFIED. ) ;
#6757 = CARTESIAN_POINT ( 'NONE',  ( 0.3375000000000029643, -4.546633369868319008, -2.624999999999973799 ) ) ;
#6758 = CYLINDRICAL_SURFACE ( 'NONE', #2612, 5.025000000000000355 ) ;
#6759 = CARTESIAN_POINT ( 'NONE',  ( -0.8118440413100803665, 4.944377533975577776, 0.9193959561866683616 ) ) ;
#6760 = B_SPLINE_CURVE_WITH_KNOTS ( 'NONE', 3,
 ( #1448, #6948, #4480, #1059, #6354, #6907 ),
 .UNSPECIFIED., .F., .F.,
 ( 4, 2, 4 ),
 ( 0.004105681691215854433, 0.004877443038659816203, 0.005649204386103777974 ),
 .UNSPECIFIED. ) ;
#6761 = MECHANICAL_DESIGN_GEOMETRIC_PRESENTATION_REPRESENTATION (  '', ( #5738 ), #531 ) ;
#6762 = FACE_OUTER_BOUND ( 'NONE', #2581, .T. ) ;
#6763 = DIRECTION ( 'NONE',  ( -1.000000000000000000, -0.000000000000000000, -0.000000000000000000 ) ) ;
#6764 = ORIENTED_EDGE ( 'NONE', *, *, #3874, .F. ) ;
#6765 = CARTESIAN_POINT ( 'NONE',  ( -0.3164798858117113256, 1.447998357152545656, 4.812211386141403757 ) ) ;
#6766 = ORIENTED_EDGE ( 'NONE', *, *, #7187, .T. ) ;
#6767 = STYLED_ITEM ( 'NONE', ( #2291 ), #1280 ) ;
#6768 = CARTESIAN_POINT ( 'NONE',  ( -19.92709219242683361, 0.000000000000000000, 0.000000000000000000 ) ) ;
#6769 =( NAMED_UNIT ( * ) PLANE_ANGLE_UNIT ( ) SI_UNIT ( $, .RADIAN. ) );
#6770 = EDGE_CURVE ( 'NONE', #3738, #6364, #1380, .T. ) ;
#6771 = ORIENTED_EDGE ( 'NONE', *, *, #475, .F. ) ;
#6772 = ORIENTED_EDGE ( 'NONE', *, *, #685, .T. ) ;
#6773 = SPHERICAL_SURFACE ( 'NONE', #3222, 1.124999999999995115 ) ;
#6774 = MECHANICAL_DESIGN_GEOMETRIC_PRESENTATION_REPRESENTATION (  '', ( #1554 ), #4660 ) ;
#6775 = ORIENTED_EDGE ( 'NONE', *, *, #5876, .T. ) ;
#6776 =( NAMED_UNIT ( * ) SI_UNIT ( $, .STERADIAN. ) SOLID_ANGLE_UNIT ( ) );
#6777 = CARTESIAN_POINT ( 'NONE',  ( -1.048304594123961042, 4.988043174473936858, -0.6167905265305174689 ) ) ;
#6778 =( GEOMETRIC_REPRESENTATION_CONTEXT ( 3 ) GLOBAL_UNCERTAINTY_ASSIGNED_CONTEXT ( ( #2825 ) ) GLOBAL_UNIT_ASSIGNED_CONTEXT ( ( #3744, #6149, #6742 ) ) REPRESENTATION_CONTEXT ( 'NONE', 'WORKASPACE' ) );
#6779 = COLOUR_RGB ( '',1.000000000000000000, 1.000000000000000000, 1.000000000000000000 ) ;
#6780 = CARTESIAN_POINT ( 'NONE',  ( -0.1630295018224015013, -4.002065456297009050, 3.736187506783090750 ) ) ;
#6781 = PRESENTATION_STYLE_ASSIGNMENT (( #4407 ) ) ;
#6782 = AXIS2_PLACEMENT_3D ( 'NONE', #7313, #178, #1946 ) ;
#6783 = VERTEX_POINT ( 'NONE', #1846 ) ;
#6784 = DIRECTION ( 'NONE',  ( 0.000000000000000000, 0.000000000000000000, -1.000000000000000000 ) ) ;
#6785 = SURFACE_STYLE_FILL_AREA ( #7325 ) ;
#6786 = EDGE_CURVE ( 'NONE', #5611, #3264, #6905, .T. ) ;
#6787 = CARTESIAN_POINT ( 'NONE',  ( -1.124999999999992006, 4.546633369868299468, -2.625000000000005329 ) ) ;
#6788 = DIRECTION ( 'NONE',  ( -0.000000000000000000, -0.8660254037844328234, 0.5000000000000101030 ) ) ;
#6789 = STYLED_ITEM ( 'NONE', ( #3869 ), #5488 ) ;
#6790 = ADVANCED_FACE ( 'NONE', ( #6694 ), #6483, .T. ) ;
#6791 = CARTESIAN_POINT ( 'NONE',  ( 0.1578090310811194608, 1.418333126981369485, -4.820680050771471770 ) ) ;
#6792 = UNCERTAINTY_MEASURE_WITH_UNIT (LENGTH_MEASURE( 1.000000000000000082E-05 ), #5840, 'distance_accuracy_value', 'NONE');
#6793 = DIRECTION ( 'NONE',  ( 0.000000000000000000, 0.000000000000000000, 1.000000000000000000 ) ) ;
#6794 = UNCERTAINTY_MEASURE_WITH_UNIT (LENGTH_MEASURE( 1.000000000000000082E-05 ), #927, 'distance_accuracy_value', 'NONE');
#6795 = CARTESIAN_POINT ( 'NONE',  ( 0.9692456470055400564, 3.122243819140602117, 3.938812449548172001 ) ) ;
#6796 = FILL_AREA_STYLE ('',( #6127 ) ) ;
#6797 = COLOUR_RGB ( '',0.6470588235294117974, 0.6196078431372549211, 0.5882352941176470784 ) ;
#6798 = SURFACE_STYLE_FILL_AREA ( #2206 ) ;
#6799 = DIRECTION ( 'NONE',  ( 0.000000000000000000, 0.000000000000000000, -1.000000000000000000 ) ) ;
#6800 = B_SPLINE_CURVE_WITH_KNOTS ( 'NONE', 3,
 ( #6715, #4388, #6759, #2565, #1425, #3800, #7447, #2130 ),
 .UNSPECIFIED., .F., .F.,
 ( 4, 2, 2, 4 ),
 ( 0.0003406079118274042044, 0.001112193438762932272, 0.001497986202230696361, 0.001883778965698460449 ),
 .UNSPECIFIED. ) ;
#6801 =( NAMED_UNIT ( * ) PLANE_ANGLE_UNIT ( ) SI_UNIT ( $, .RADIAN. ) );
#6802 = ORIENTED_EDGE ( 'NONE', *, *, #1114, .F. ) ;
#6803 = CARTESIAN_POINT ( 'NONE',  ( -1.124999999999992006, 2.624999999999989786, -4.546633369868309238 ) ) ;
#6804 = ORIENTED_EDGE ( 'NONE', *, *, #3658, .F. ) ;
#6805 = CARTESIAN_POINT ( 'NONE',  ( 2.951763000829056837E-15, -2.624999999999958256, 4.546633369868327001 ) ) ;
#6806 = SPHERICAL_SURFACE ( 'NONE', #3126, 1.237499999999996936 ) ;
#6807 = FILL_AREA_STYLE ('',( #3733 ) ) ;
#6808 = SPHERICAL_SURFACE ( 'NONE', #5863, 1.237499999999996936 ) ;
#6809 = SURFACE_SIDE_STYLE ('',( #7422 ) ) ;
#6810 = ORIENTED_EDGE ( 'NONE', *, *, #4440, .T. ) ;
#6811 = EDGE_LOOP ( 'NONE', ( #142, #7560, #679, #4876 ) ) ;
#6812 = DIRECTION ( 'NONE',  ( 0.000000000000000000, 0.000000000000000000, 1.000000000000000000 ) ) ;
#6813 = DIRECTION ( 'NONE',  ( 1.000000000000000000, 0.000000000000000000, 0.000000000000000000 ) ) ;
#6814 = DIRECTION ( 'NONE',  ( 0.000000000000000000, 0.000000000000000000, 1.000000000000000000 ) ) ;
#6815 = CIRCLE ( 'NONE', #3203, 1.237499999999997380 ) ;
#6816 = CARTESIAN_POINT ( 'NONE',  ( -0.8119331475285170852, 4.944392611972884488, -0.9193083023682937505 ) ) ;
#6817 = AXIS2_PLACEMENT_3D ( 'NONE', #5652, #6344, #2148 ) ;
#6818 = FACE_OUTER_BOUND ( 'NONE', #4947, .T. ) ;
#6819 = EDGE_CURVE ( 'NONE', #6518, #5808, #3623, .T. ) ;
#6820 = DIRECTION ( 'NONE',  ( 0.000000000000000000, 0.000000000000000000, 1.000000000000000000 ) ) ;
#6821 = AXIS2_PLACEMENT_3D ( 'NONE', #4190, #5955, #6554 ) ;
#6822 = CARTESIAN_POINT ( 'NONE',  ( 0.9602842348671360995, 4.996806907142772758, -0.5476051959231819088 ) ) ;
#6823 =( NAMED_UNIT ( * ) PLANE_ANGLE_UNIT ( ) SI_UNIT ( $, .RADIAN. ) );
#6824 = SURFACE_STYLE_FILL_AREA ( #7521 ) ;
#6825 = CARTESIAN_POINT ( 'NONE',  ( 1.184509137125802525, 4.502506502262862753, -2.235888882112438303 ) ) ;
#6826 = ORIENTED_EDGE ( 'NONE', *, *, #742, .T. ) ;
#6827 = CARTESIAN_POINT ( 'NONE',  ( -0.9774912523502856665, -2.056887232590133063, -5.075277381674310639 ) ) ;
#6828 = AXIS2_PLACEMENT_3D ( 'NONE', #3227, #2545, #3076 ) ;
#6829 = PRESENTATION_LAYER_ASSIGNMENT (  '', '', ( #4453 ) ) ;
#6830 = AXIS2_PLACEMENT_3D ( 'NONE', #7010, #2945, #6961 ) ;
#6831 = EDGE_CURVE ( 'NONE', #4836, #5326, #5034, .T. ) ;
#6832 = DIRECTION ( 'NONE',  ( -1.000000000000000000, -0.000000000000000000, -0.000000000000000000 ) ) ;
#6833 = STYLED_ITEM ( 'NONE', ( #664 ), #1928 ) ;
#6834 = CIRCLE ( 'NONE', #3220, 1.073181601594058732 ) ;
#6835 = CARTESIAN_POINT ( 'NONE',  ( 2.951763000829056837E-15, -5.250000000000000000, 0.000000000000000000 ) ) ;
#6836 = STYLED_ITEM ( 'NONE', ( #4221 ), #4433 ) ;
#6837 = SURFACE_STYLE_USAGE ( .BOTH. , #4448 ) ;
#6838 = FACE_OUTER_BOUND ( 'NONE', #1803, .T. ) ;
#6839 = AXIS2_PLACEMENT_3D ( 'NONE', #6400, #5298, #5264 ) ;
#6840 =( NAMED_UNIT ( * ) SI_UNIT ( $, .STERADIAN. ) SOLID_ANGLE_UNIT ( ) );
#6841 = EDGE_LOOP ( 'NONE', ( #6894, #5418, #4875, #4949 ) ) ;
#6842 = CARTESIAN_POINT ( 'NONE',  ( -1.216873555469057733, 4.821884359097789563, -2.598251301820920123 ) ) ;
#6843 = EDGE_CURVE ( 'NONE', #1689, #44, #4126, .T. ) ;
#6844 = ORIENTED_EDGE ( 'NONE', *, *, #6194, .T. ) ;
#6845 = PRESENTATION_STYLE_ASSIGNMENT (( #5612 ) ) ;
#6846 = TOROIDAL_SURFACE ( 'NONE', #6596, 5.250000000000000000, 1.237499999999997158 ) ;
#6847 = CARTESIAN_POINT ( 'NONE',  ( 1.060132804193022915, 0.6042255497742412551, -4.990643059899629641 ) ) ;
#6848 = CARTESIAN_POINT ( 'NONE',  ( -0.9843303561304962424, 5.510910596163092514E-16, -4.500000000000002665 ) ) ;
#6849 = CARTESIAN_POINT ( 'NONE',  ( 2.951763000829056837E-15, 0.000000000000000000, 0.000000000000000000 ) ) ;
#6850 = ORIENTED_EDGE ( 'NONE', *, *, #7662, .T. ) ;
#6851 = VERTEX_POINT ( 'NONE', #4840 ) ;
#6852 =( GEOMETRIC_REPRESENTATION_CONTEXT ( 3 ) GLOBAL_UNCERTAINTY_ASSIGNED_CONTEXT ( ( #6163 ) ) GLOBAL_UNIT_ASSIGNED_CONTEXT ( ( #6900, #3344, #566 ) ) REPRESENTATION_CONTEXT ( 'NONE', 'WORKASPACE' ) );
#6853 = CARTESIAN_POINT ( 'NONE',  ( -0.1603182285372144189, -1.597735866490144874, 5.236684552382557811 ) ) ;
#6854 = CARTESIAN_POINT ( 'NONE',  ( 2.951763000829056837E-15, -5.250000000000000000, 0.000000000000000000 ) ) ;
#6855 = CARTESIAN_POINT ( 'NONE',  ( -1.216873555469089929, 5.266163433978185055E-14, 5.025000000000000355 ) ) ;
#6856 = COLOUR_RGB ( '',1.000000000000000000, 1.000000000000000000, 1.000000000000000000 ) ;
#6857 =( LENGTH_UNIT ( ) NAMED_UNIT ( * ) SI_UNIT ( .MILLI., .METRE. ) );
#6858 =( NAMED_UNIT ( * ) SI_UNIT ( $, .STERADIAN. ) SOLID_ANGLE_UNIT ( ) );
#6859 = CARTESIAN_POINT ( 'NONE',  ( 0.7539527812222507341, -3.546387310454982789, 4.172780948423688407 ) ) ;
#6860 = CARTESIAN_POINT ( 'NONE',  ( 1.102270384252428181, 5.025000000000000355, -2.755305252228933060E-17 ) ) ;
#6861 = EDGE_LOOP ( 'NONE', ( #4258, #6810, #848, #5721 ) ) ;
#6862 = COLOUR_RGB ( '',0.5294117647058823595, 0.5490196078431373028, 0.5490196078431373028 ) ;
#6863 = DIRECTION ( 'NONE',  ( 0.000000000000000000, -1.000000000000000000, 0.000000000000000000 ) ) ;
#6864 = CARTESIAN_POINT ( 'NONE',  ( 0.9843303561305023486, 0.000000000000000000, 0.000000000000000000 ) ) ;
#6865 = CIRCLE ( 'NONE', #4495, 1.073181601594058732 ) ;
#6866 = EDGE_LOOP ( 'NONE', ( #3068, #259 ) ) ;
#6867 = PRESENTATION_STYLE_ASSIGNMENT (( #1489 ) ) ;
#6868 = UNCERTAINTY_MEASURE_WITH_UNIT (LENGTH_MEASURE( 1.000000000000000082E-05 ), #657, 'distance_accuracy_value', 'NONE');
#6869 = COLOUR_RGB ( '',0.6470588235294117974, 0.6196078431372549211, 0.5882352941176470784 ) ;
#6870 = DIRECTION ( 'NONE',  ( -1.000000000000000000, 0.000000000000000000, -0.000000000000000000 ) ) ;
#6871 = SURFACE_STYLE_FILL_AREA ( #4413 ) ;
#6872 = FACE_OUTER_BOUND ( 'NONE', #5454, .T. ) ;
#6873 = UNCERTAINTY_MEASURE_WITH_UNIT (LENGTH_MEASURE( 1.000000000000000082E-05 ), #1168, 'distance_accuracy_value', 'NONE');
#6874 = PLANE ( 'NONE',  #6200 ) ;
#6875 = ADVANCED_FACE ( 'NONE', ( #1923 ), #4474, .T. ) ;
#6876 = COLOUR_RGB ( '',0.5294117647058823595, 0.5490196078431373028, 0.5490196078431373028 ) ;
#6877 = PLANE ( 'NONE',  #5683 ) ;
#6878 = STYLED_ITEM ( 'NONE', ( #2534 ), #3335 ) ;
#6879 = CYLINDRICAL_SURFACE ( 'NONE', #3861, 5.025000000000000355 ) ;
#6880 = CARTESIAN_POINT ( 'NONE',  ( 0.1479685831872706026, 5.359310977511107410, 1.119558333226206459 ) ) ;
#6881 = CARTESIAN_POINT ( 'NONE',  ( -1.216873555469091261, 4.660714929558030128, 2.877404942410696886 ) ) ;
#6882 = CARTESIAN_POINT ( 'NONE',  ( 0.7521123038540281636, 5.158260651985981049, 1.838905281601073805 ) ) ;
#6883 = ORIENTED_EDGE ( 'NONE', *, *, #1686, .T. ) ;
#6884 = CARTESIAN_POINT ( 'NONE',  ( -1.216873555469091261, 5.475000000000001421, -1.167353663457087917E-16 ) ) ;
#6885 = ORIENTED_EDGE ( 'NONE', *, *, #5851, .F. ) ;
#6886 = UNCERTAINTY_MEASURE_WITH_UNIT (LENGTH_MEASURE( 1.000000000000000082E-05 ), #4981, 'distance_accuracy_value', 'NONE');
#6887 = SURFACE_STYLE_FILL_AREA ( #2254 ) ;
#6888 =( GEOMETRIC_REPRESENTATION_CONTEXT ( 3 ) GLOBAL_UNCERTAINTY_ASSIGNED_CONTEXT ( ( #1121 ) ) GLOBAL_UNIT_ASSIGNED_CONTEXT ( ( #3659, #1952, #4365 ) ) REPRESENTATION_CONTEXT ( 'NONE', 'WORKASPACE' ) );
#6889 = CARTESIAN_POINT ( 'NONE',  ( -1.060888576672766703, 0.6027759425897367684, -4.990800405465336986 ) ) ;
#6890 = ADVANCED_FACE ( 'NONE', ( #3666, #6818 ), #6228, .F. ) ;
#6891 = CARTESIAN_POINT ( 'NONE',  ( -0.1137298752289222364, -1.526116461788779688, -4.787650106792872506 ) ) ;
#6892 = EDGE_CURVE ( 'NONE', #2843, #6353, #4605, .T. ) ;
#6893 = CARTESIAN_POINT ( 'NONE',  ( 0.2291337308794290650, -1.101516330008242006, -5.363167525556531423 ) ) ;
#6894 = ORIENTED_EDGE ( 'NONE', *, *, #2894, .F. ) ;
#6895 = ORIENTED_EDGE ( 'NONE', *, *, #7202, .T. ) ;
#6896 = FILL_AREA_STYLE ('',( #6984 ) ) ;
#6897 = FILL_AREA_STYLE ('',( #5021 ) ) ;
#6898 = MECHANICAL_DESIGN_GEOMETRIC_PRESENTATION_REPRESENTATION (  '', ( #6135 ), #5272 ) ;
#6899 = CARTESIAN_POINT ( 'NONE',  ( -1.216873555469091706, -4.272263529700784268, 2.650222503234691107 ) ) ;
#6900 =( LENGTH_UNIT ( ) NAMED_UNIT ( * ) SI_UNIT ( .MILLI., .METRE. ) );
#6901 = EDGE_CURVE ( 'NONE', #5270, #4627, #374, .T. ) ;
#6902 = PRESENTATION_STYLE_ASSIGNMENT (( #3385 ) ) ;
#6903 = CARTESIAN_POINT ( 'NONE',  ( -0.3374999999999970246, -3.344476566048514954, -3.750346850512941366 ) ) ;
#6904 = ORIENTED_EDGE ( 'NONE', *, *, #712, .T. ) ;
#6905 = B_SPLINE_CURVE_WITH_KNOTS ( 'NONE', 3,
 ( #7321, #7250, #2475, #3158, #5434, #226 ),
 .UNSPECIFIED., .F., .F.,
 ( 4, 2, 4 ),
 ( 0.006480373043366851986, 0.006820975949056600623, 0.007161578854746349261 ),
 .UNSPECIFIED. ) ;
#6906 = CARTESIAN_POINT ( 'NONE',  ( -0.2283429028090062651, 1.101772333983143337, -5.363116686609074257 ) ) ;
#6907 = CARTESIAN_POINT ( 'NONE',  ( 1.216873555469096146, 5.025000000000000355, -2.755652777012119125E-17 ) ) ;
#6908 = CARTESIAN_POINT ( 'NONE',  ( -1.216873555469090151, 0.1570758158020703066, 5.024999999999999467 ) ) ;
#6909 = CARTESIAN_POINT ( 'NONE',  ( -19.92709219242683361, 0.000000000000000000, 0.000000000000000000 ) ) ;
#6910 = CARTESIAN_POINT ( 'NONE',  ( -1.216873555470451729, -2.737500000000046008, -4.741489085720139940 ) ) ;
#6911 = AXIS2_PLACEMENT_3D ( 'NONE', #2558, #6508, #3907 ) ;
#6912 = AXIS2_PLACEMENT_3D ( 'NONE', #1395, #3768, #6134 ) ;
#6913 = SPHERICAL_SURFACE ( 'NONE', #3580, 1.237499999999996936 ) ;
#6914 =( NAMED_UNIT ( * ) SI_UNIT ( $, .STERADIAN. ) SOLID_ANGLE_UNIT ( ) );
#6915 = DIRECTION ( 'NONE',  ( 1.000000000000000000, 0.000000000000000000, 0.000000000000000000 ) ) ;
#6916 = DIRECTION ( 'NONE',  ( 0.000000000000000000, 1.047444401652940480E-14, 1.000000000000000000 ) ) ;
#6917 = PRESENTATION_LAYER_ASSIGNMENT (  '', '', ( #7058 ) ) ;
#6918 = SURFACE_SIDE_STYLE ('',( #5841 ) ) ;
#6919 = ADVANCED_FACE ( 'NONE', ( #5064 ), #1676, .T. ) ;
#6920 = CARTESIAN_POINT ( 'NONE',  ( 0.3375000000000029088, -4.117454205283300972, -3.608627975754064909 ) ) ;
#6921 = DIRECTION ( 'NONE',  ( 0.000000000000000000, 1.171912114608644369E-14, -1.000000000000000000 ) ) ;
#6922 = CARTESIAN_POINT ( 'NONE',  ( -1.216873555469091039, 5.475000000000001421, -0.2658919294641817754 ) ) ;
#6923 = DIRECTION ( 'NONE',  ( 0.000000000000000000, 0.8660254037844450359, 0.4999999999999891198 ) ) ;
#6924 = VERTEX_POINT ( 'NONE', #3975 ) ;
#6925 = DIRECTION ( 'NONE',  ( 0.000000000000000000, 0.000000000000000000, 1.000000000000000000 ) ) ;
#6926 = AXIS2_PLACEMENT_3D ( 'NONE', #2408, #7143, #4277 ) ;
#6927 = VERTEX_POINT ( 'NONE', #5777 ) ;
#6928 = SURFACE_STYLE_FILL_AREA ( #6289 ) ;
#6929 = CARTESIAN_POINT ( 'NONE',  ( 0.3219498304303096692, -5.227196995773003785, -1.629749021142069099 ) ) ;
#6930 = CARTESIAN_POINT ( 'NONE',  ( 0.7428168629650911958, 0.9514577221364913795, -4.935313654298864705 ) ) ;
#6931 = CARTESIAN_POINT ( 'NONE',  ( -0.2294076944467708379, -1.101427643522852495, -5.363185137500146915 ) ) ;
#6932 = VERTEX_POINT ( 'NONE', #2807 ) ;
#6933 = EDGE_LOOP ( 'NONE', ( #558, #2239, #7355, #7109 ) ) ;
#6934 = SURFACE_SIDE_STYLE ('',( #3932 ) ) ;
#6935 = B_SPLINE_CURVE_WITH_KNOTS ( 'NONE', 3,
 ( #3945, #867, #6956, #349, #237, #2630, #4489, #2161, #2703, #6791, #7570, #2081, #315, #982, #3279, #3829, #6314, #7406 ),
 .UNSPECIFIED., .F., .F.,
 ( 4, 2, 2, 2, 2, 2, 2, 2, 4 ),
 ( 0.001883778963244801211, 0.002354457140183635437, 0.002825135317122469229, 0.003295813494061303455, 0.003766491671000137681, 0.004237169847938971473, 0.004707848024877805265, 0.005178526201816639057, 0.005649204378755473717 ),
 .UNSPECIFIED. ) ;
#6936 = CARTESIAN_POINT ( 'NONE',  ( 1.059998554184335084, -0.6045336774854610518, -4.990614419672171564 ) ) ;
#6937 = CARTESIAN_POINT ( 'NONE',  ( -0.3237003905340471999, 3.711580936677691955, -4.025397093648594549 ) ) ;
#6938 = ADVANCED_FACE ( 'NONE', ( #1090 ), #3581, .T. ) ;
#6939 = FACE_OUTER_BOUND ( 'NONE', #4108, .T. ) ;
#6940 = STYLED_ITEM ( 'NONE', ( #6123 ), #4372 ) ;
#6941 = PRESENTATION_STYLE_ASSIGNMENT (( #4552 ) ) ;
#6942 = CYLINDRICAL_SURFACE ( 'NONE', #7152, 3.000000000000002220 ) ;
#6943 = FILL_AREA_STYLE ('',( #2661 ) ) ;
#6944 = ORIENTED_EDGE ( 'NONE', *, *, #239, .F. ) ;
#6945 = VERTEX_POINT ( 'NONE', #7668 ) ;
#6946 = SPHERICAL_SURFACE ( 'NONE', #4688, 1.237499999999996936 ) ;
#6947 =( GEOMETRIC_REPRESENTATION_CONTEXT ( 3 ) GLOBAL_UNCERTAINTY_ASSIGNED_CONTEXT ( ( #3201 ) ) GLOBAL_UNIT_ASSIGNED_CONTEXT ( ( #6413, #6560, #515 ) ) REPRESENTATION_CONTEXT ( 'NONE', 'WORKASPACE' ) );
#6948 = CARTESIAN_POINT ( 'NONE',  ( 0.5859885823603682153, 4.910795694580312620, -1.067567469550258163 ) ) ;
#6949 = CARTESIAN_POINT ( 'NONE',  ( -0.1145010564392729274, -4.081379699453789200, 3.649378680895917881 ) ) ;
#6950 = STYLED_ITEM ( 'NONE', ( #4800 ), #122 ) ;
#6951 = DIRECTION ( 'NONE',  ( 0.000000000000000000, -0.5000000000000008882, -0.8660254037844382635 ) ) ;
#6952 = SURFACE_SIDE_STYLE ('',( #2938 ) ) ;
#6953 = AXIS2_PLACEMENT_3D ( 'NONE', #5269, #1652, #5750 ) ;
#6954 = B_SPLINE_CURVE_WITH_KNOTS ( 'NONE', 3,
 ( #4858, #3135, #5485, #2527, #7267, #5965, #1897, #7184, #4236, #6564, #6637, #4776, #3758, #6710, #1307, #28, #4313, #7332 ),
 .UNSPECIFIED., .F., .F.,
 ( 4, 2, 2, 2, 2, 2, 2, 2, 4 ),
 ( 0.001883778963244841327, 0.002354457140183675769, 0.002825135317122509995, 0.003295813494061344655, 0.003766491671000179314, 0.004237169847939013974, 0.004707848024877847766, 0.005178526201816682425, 0.005649204378755517085 ),
 .UNSPECIFIED. ) ;
#6955 =( NAMED_UNIT ( * ) PLANE_ANGLE_UNIT ( ) SI_UNIT ( $, .RADIAN. ) );
#6956 = CARTESIAN_POINT ( 'NONE',  ( -1.184509137125795863, 2.235888882112422316, -4.502506502262873411 ) ) ;
#6957 = CYLINDRICAL_SURFACE ( 'NONE', #3402, 5.475000000000000533 ) ;
#6958 = ORIENTED_EDGE ( 'NONE', *, *, #5054, .T. ) ;
#6959 = UNCERTAINTY_MEASURE_WITH_UNIT (LENGTH_MEASURE( 1.000000000000000082E-05 ), #6857, 'distance_accuracy_value', 'NONE');
#6960 =( NAMED_UNIT ( * ) PLANE_ANGLE_UNIT ( ) SI_UNIT ( $, .RADIAN. ) );
#6961 = DIRECTION ( 'NONE',  ( 0.000000000000000000, 3.491481338843134144E-15, 1.000000000000000000 ) ) ;
#6962 = AXIS2_PLACEMENT_3D ( 'NONE', #910, #6082, #5074 ) ;
#6963 =( NAMED_UNIT ( * ) PLANE_ANGLE_UNIT ( ) SI_UNIT ( $, .RADIAN. ) );
#6964 = CARTESIAN_POINT ( 'NONE',  ( 1.216873555469097701, -4.741489085719780228, 2.737500000000038902 ) ) ;
#6965 = AXIS2_PLACEMENT_3D ( 'NONE', #1571, #6124, #3172 ) ;
#6966 = SURFACE_STYLE_USAGE ( .BOTH. , #3286 ) ;
#6967 = FACE_OUTER_BOUND ( 'NONE', #5787, .T. ) ;
#6968 = AXIS2_PLACEMENT_3D ( 'NONE', #4835, #3740, #3776 ) ;
#6969 = FACE_OUTER_BOUND ( 'NONE', #5942, .T. ) ;
#6970 = ORIENTED_EDGE ( 'NONE', *, *, #5003, .F. ) ;
#6971 = TOROIDAL_SURFACE ( 'NONE', #1861, 5.250000000000000000, 1.237499999999997158 ) ;
#6972 = ORIENTED_EDGE ( 'NONE', *, *, #2188, .F. ) ;
#6973 = EDGE_CURVE ( 'NONE', #3615, #6295, #6359, .T. ) ;
#6974 = COLOUR_RGB ( '',1.000000000000000000, 1.000000000000000000, 1.000000000000000000 ) ;
#6975 = UNCERTAINTY_MEASURE_WITH_UNIT (LENGTH_MEASURE( 1.000000000000000082E-05 ), #3566, 'distance_accuracy_value', 'NONE');
#6976 = CARTESIAN_POINT ( 'NONE',  ( 1.216873555469063506, -4.821884359097808215, -2.598251301820885928 ) ) ;
#6977 = CYLINDRICAL_SURFACE ( 'NONE', #2014, 5.475000000000000533 ) ;
#6978 = CIRCLE ( 'NONE', #7366, 4.441421356237311713 ) ;
#6979 =( GEOMETRIC_REPRESENTATION_CONTEXT ( 3 ) GLOBAL_UNCERTAINTY_ASSIGNED_CONTEXT ( ( #5836 ) ) GLOBAL_UNIT_ASSIGNED_CONTEXT ( ( #5520, #3207, #243 ) ) REPRESENTATION_CONTEXT ( 'NONE', 'WORKASPACE' ) );
#6980 = AXIS2_PLACEMENT_3D ( 'NONE', #5986, #6737, #7392 ) ;
#6981 = CARTESIAN_POINT ( 'NONE',  ( 0.9692456470055391682, -3.122243819140574583, -3.938812449548193761 ) ) ;
#6982 = ORIENTED_EDGE ( 'NONE', *, *, #4590, .F. ) ;
#6983 = ORIENTED_EDGE ( 'NONE', *, *, #82, .F. ) ;
#6984 = FILL_AREA_STYLE_COLOUR ( '', #6974 ) ;
#6985 = CARTESIAN_POINT ( 'NONE',  ( 1.216873555469096146, -1.757225025545485155E-14, -5.025000000000000355 ) ) ;
#6986 = COLOUR_RGB ( '',0.5294117647058823595, 0.5490196078431373028, 0.5490196078431373028 ) ;
#6987 = FACE_OUTER_BOUND ( 'NONE', #955, .T. ) ;
#6988 = ADVANCED_FACE ( 'NONE', ( #3461 ), #4177, .F. ) ;
#6989 = AXIS2_PLACEMENT_3D ( 'NONE', #281, #3138, #3283 ) ;
#6990 = CARTESIAN_POINT ( 'NONE',  ( -1.060132804264166895, -4.019910896282864243, 3.018596205566954627 ) ) ;
#6991 = DIRECTION ( 'NONE',  ( 0.000000000000000000, 0.000000000000000000, -1.000000000000000000 ) ) ;
#6992 = EDGE_CURVE ( 'NONE', #647, #4088, #6221, .T. ) ;
#6993 = CARTESIAN_POINT ( 'NONE',  ( -1.216873555469091706, -2.877404942410712874, 4.660714929558022135 ) ) ;
#6994 = STYLED_ITEM ( 'NONE', ( #7512 ), #6890 ) ;
#6995 = CARTESIAN_POINT ( 'NONE',  ( 2.299999999999998046, 0.000000000000000000, 0.000000000000000000 ) ) ;
#6996 = CARTESIAN_POINT ( 'NONE',  ( 0.2294076944467769719, -5.195368396035672021, 1.727728249028912977 ) ) ;
#6997 = STYLED_ITEM ( 'NONE', ( #4471 ), #252 ) ;
#6998 = EDGE_LOOP ( 'NONE', ( #4626, #4003, #4592, #4918 ) ) ;
#6999 = ORIENTED_EDGE ( 'NONE', *, *, #1898, .F. ) ;
#7000 = CARTESIAN_POINT ( 'NONE',  ( 1.216873555469096146, -5.025000000000000355, 2.755594923846596388E-17 ) ) ;
#7001 = FILL_AREA_STYLE_COLOUR ( '', #8 ) ;
#7002 = CARTESIAN_POINT ( 'NONE',  ( -0.1139339630336131948, -1.709969858110724994, -5.201117964857052023 ) ) ;
#7003 = CARTESIAN_POINT ( 'NONE',  ( -0.7539527812222449610, 4.172780948423651104, -3.546387310455026309 ) ) ;
#7004 = CARTESIAN_POINT ( 'NONE',  ( -0.1160098896101753457, -3.715543477078821155, 3.383099418851986950 ) ) ;
#7005 = PLANE ( 'NONE',  #5914 ) ;
#7006 = STYLED_ITEM ( 'NONE', ( #87 ), #2561 ) ;
#7007 = CARTESIAN_POINT ( 'NONE',  ( 0.3375000000000029088, 1.066436397168597949, -5.370133928571435789 ) ) ;
#7008 = EDGE_LOOP ( 'NONE', ( #6304, #3162 ) ) ;
#7009 = SURFACE_STYLE_FILL_AREA ( #4603 ) ;
#7010 = CARTESIAN_POINT ( 'NONE',  ( 2.951763000829056837E-15, -1.833027702892645012E-14, -5.250000000000000000 ) ) ;
#7011 =( LENGTH_UNIT ( ) NAMED_UNIT ( * ) SI_UNIT ( .MILLI., .METRE. ) );
#7012 = AXIS2_PLACEMENT_3D ( 'NONE', #5051, #7586, #5131 ) ;
#7013 = EDGE_CURVE ( 'NONE', #5935, #1622, #5708, .T. ) ;
#7014 = CARTESIAN_POINT ( 'NONE',  ( 2.951763000829056837E-15, 2.624999999999989786, -4.546633369868309238 ) ) ;
#7015 = CARTESIAN_POINT ( 'NONE',  ( -1.060068109014960180, 4.624251323185585072, 1.971817333347522183 ) ) ;
#7016 = MECHANICAL_DESIGN_GEOMETRIC_PRESENTATION_REPRESENTATION (  '', ( #1154 ), #1277 ) ;
#7017 = CARTESIAN_POINT ( 'NONE',  ( -19.92709219242683361, 0.000000000000000000, 0.000000000000000000 ) ) ;
#7018 = CARTESIAN_POINT ( 'NONE',  ( 2.951763000829056837E-15, -4.546633369868282593, 2.625000000000037303 ) ) ;
#7019 = ORIENTED_EDGE ( 'NONE', *, *, #5907, .F. ) ;
#7020 = CARTESIAN_POINT ( 'NONE',  ( -1.065237977602509378, -5.023407791670532418, -2.182591038188692600 ) ) ;
#7021 = CIRCLE ( 'NONE', #4634, 6.199999999999995737 ) ;
#7022 = CARTESIAN_POINT ( 'NONE',  ( -19.92709219242683361, 0.000000000000000000, 0.000000000000000000 ) ) ;
#7023 = CARTESIAN_POINT ( 'NONE',  ( -1.184200262941307313, -5.017161983730495045, 0.3157408673798859366 ) ) ;
#7024 = CARTESIAN_POINT ( 'NONE',  ( -0.3374999999999970246, -1.575657362522887572, 4.771575093816236013 ) ) ;
#7025 = CARTESIAN_POINT ( 'NONE',  ( 1.216873555469096146, -2.648512982295748497, -4.273250522075070279 ) ) ;
#7026 = ORIENTED_EDGE ( 'NONE', *, *, #669, .F. ) ;
#7027 = VERTEX_POINT ( 'NONE', #2391 ) ;
#7028 = CARTESIAN_POINT ( 'NONE',  ( -0.7438253088451876049, 3.291099724477484223, -3.798856746762318881 ) ) ;
#7029 = FACE_OUTER_BOUND ( 'NONE', #4053, .T. ) ;
#7030 = EDGE_LOOP ( 'NONE', ( #3388, #1874, #5641, #5288 ) ) ;
#7031 = DIRECTION ( 'NONE',  ( -1.000000000000000000, -0.000000000000000000, -0.000000000000000000 ) ) ;
#7032 = SURFACE_SIDE_STYLE ('',( #1523 ) ) ;
#7033 = EDGE_CURVE ( 'NONE', #5732, #3891, #1259, .T. ) ;
#7034 = STYLED_ITEM ( 'NONE', ( #2885 ), #1659 ) ;
#7035 = AXIS2_PLACEMENT_3D ( 'NONE', #1400, #2541, #3734 ) ;
#7036 = VERTEX_POINT ( 'NONE', #4140 ) ;
#7037 = DIRECTION ( 'NONE',  ( 0.000000000000000000, 0.000000000000000000, 1.000000000000000000 ) ) ;
#7038 = CARTESIAN_POINT ( 'NONE',  ( 0.3375000000000029088, -4.117454205283300972, -3.608627975754064909 ) ) ;
#7039 = FILL_AREA_STYLE ('',( #5263 ) ) ;
#7040 = CARTESIAN_POINT ( 'NONE',  ( -3.499999999999999556, 9.184850993605147944E-16, -7.500000000000000000 ) ) ;
#7041 = CARTESIAN_POINT ( 'NONE',  ( 0.3375000000000029088, -3.608627975754108430, -4.117454205283263668 ) ) ;
#7042 =( NAMED_UNIT ( * ) SI_UNIT ( $, .STERADIAN. ) SOLID_ANGLE_UNIT ( ) );
#7043 = CARTESIAN_POINT ( 'NONE',  ( 1.060132804193023581, -0.6042255497742057280, 4.990643059899635858 ) ) ;
#7044 = ORIENTED_EDGE ( 'NONE', *, *, #1929, .T. ) ;
#7045 = UNCERTAINTY_MEASURE_WITH_UNIT (LENGTH_MEASURE( 1.000000000000000082E-05 ), #61, 'distance_accuracy_value', 'NONE');
#7046 = CARTESIAN_POINT ( 'NONE',  ( 2.299999999999997602, 0.000000000000000000, 0.000000000000000000 ) ) ;
#7047 = PRESENTATION_STYLE_ASSIGNMENT (( #5839 ) ) ;
#7048 = PRESENTATION_LAYER_ASSIGNMENT (  '', '', ( #1554 ) ) ;
#7049 = EDGE_CURVE ( 'NONE', #3118, #5134, #21, .T. ) ;
#7050 = PLANE ( 'NONE',  #7199 ) ;
#7051 = STYLED_ITEM ( 'NONE', ( #72 ), #5828 ) ;
#7052 = FILL_AREA_STYLE_COLOUR ( '', #6862 ) ;
#7053 =( GEOMETRIC_REPRESENTATION_CONTEXT ( 3 ) GLOBAL_UNCERTAINTY_ASSIGNED_CONTEXT ( ( #5147 ) ) GLOBAL_UNIT_ASSIGNED_CONTEXT ( ( #4481, #3311, #3350 ) ) REPRESENTATION_CONTEXT ( 'NONE', 'WORKASPACE' ) );
#7054 = SURFACE_SIDE_STYLE ('',( #2871 ) ) ;
#7055 = CARTESIAN_POINT ( 'NONE',  ( -0.2283429028090062096, -1.101772333983106034, 5.363116686609081363 ) ) ;
#7056 = SURFACE_STYLE_FILL_AREA ( #2210 ) ;
#7057 = ORIENTED_EDGE ( 'NONE', *, *, #7082, .T. ) ;
#7058 = STYLED_ITEM ( 'NONE', ( #4154 ), #5357 ) ;
#7059 = UNCERTAINTY_MEASURE_WITH_UNIT (LENGTH_MEASURE( 1.000000000000000082E-05 ), #164, 'distance_accuracy_value', 'NONE');
#7060 = CARTESIAN_POINT ( 'NONE',  ( 1.066052540301015483, -5.441867247507231831, 0.6196405686378713140 ) ) ;
#7061 = CARTESIAN_POINT ( 'NONE',  ( 2.299999999999997602, 0.000000000000000000, 7.300000000000000711 ) ) ;
#7062 = CIRCLE ( 'NONE', #5046, 5.475000000000002309 ) ;
#7063 = CARTESIAN_POINT ( 'NONE',  ( 0.1137298752287592973, -1.526116461788714851, 4.787650106792892934 ) ) ;
#7064 = PRESENTATION_LAYER_ASSIGNMENT (  '', '', ( #5903 ) ) ;
#7065 = DIRECTION ( 'NONE',  ( -0.000000000000000000, 0.000000000000000000, -1.000000000000000000 ) ) ;
#7066 = ORIENTED_EDGE ( 'NONE', *, *, #3584, .T. ) ;
#7067 = ORIENTED_EDGE ( 'NONE', *, *, #7260, .T. ) ;
#7068 = CARTESIAN_POINT ( 'NONE',  ( 2.951763000829056837E-15, -2.625000000000021760, -4.546633369868291474 ) ) ;
#7069 = SPHERICAL_SURFACE ( 'NONE', #1353, 1.237499999999996936 ) ;
#7070 = VERTEX_POINT ( 'NONE', #7163 ) ;
#7071 = DIRECTION ( 'NONE',  ( 0.000000000000000000, 0.8660254037844415942, 0.4999999999999948930 ) ) ;
#7072 = CARTESIAN_POINT ( 'NONE',  ( 2.299999999999997158, 0.000000000000000000, 0.000000000000000000 ) ) ;
#7073 = AXIS2_PLACEMENT_3D ( 'NONE', #6276, #2359, #3084 ) ;
#7074 = PRESENTATION_STYLE_ASSIGNMENT (( #5982 ) ) ;
#7075 = CARTESIAN_POINT ( 'NONE',  ( -1.184509137125796085, -2.235888882112391229, 4.502506502262888510 ) ) ;
#7076 = VERTEX_POINT ( 'NONE', #6541 ) ;
#7077 = VERTEX_POINT ( 'NONE', #1206 ) ;
#7078 = SURFACE_STYLE_USAGE ( .BOTH. , #7126 ) ;
#7079 = DIRECTION ( 'NONE',  ( 0.000000000000000000, 0.8660254037844398178, 0.4999999999999980016 ) ) ;
#7080 =( NAMED_UNIT ( * ) PLANE_ANGLE_UNIT ( ) SI_UNIT ( $, .RADIAN. ) );
#7081 = SURFACE_STYLE_FILL_AREA ( #7523 ) ;
#7082 = EDGE_CURVE ( 'NONE', #2349, #326, #3873, .T. ) ;
#7083 = CARTESIAN_POINT ( 'NONE',  ( -0.1577470943594660724, 3.465865739801269552, 3.638461172476427308 ) ) ;
#7084 = FACE_OUTER_BOUND ( 'NONE', #4133, .T. ) ;
#7085 =( LENGTH_UNIT ( ) NAMED_UNIT ( * ) SI_UNIT ( .MILLI., .METRE. ) );
#7086 = AXIS2_PLACEMENT_3D ( 'NONE', #3024, #590, #7214 ) ;
#7087 = DIRECTION ( 'NONE',  ( 0.000000000000000000, 0.000000000000000000, -1.000000000000000000 ) ) ;
#7088 = ORIENTED_EDGE ( 'NONE', *, *, #7433, .T. ) ;
#7089 =( LENGTH_UNIT ( ) NAMED_UNIT ( * ) SI_UNIT ( .MILLI., .METRE. ) );
#7090 =( LENGTH_UNIT ( ) NAMED_UNIT ( * ) SI_UNIT ( .MILLI., .METRE. ) );
#7091 = DIRECTION ( 'NONE',  ( -1.000000000000000000, -0.000000000000000000, -0.000000000000000000 ) ) ;
#7092 = AXIS2_PLACEMENT_3D ( 'NONE', #7014, #5843, #1660 ) ;
#7093 = FACE_OUTER_BOUND ( 'NONE', #3370, .T. ) ;
#7094 = DIRECTION ( 'NONE',  ( -1.000000000000000000, -0.000000000000000000, -0.000000000000000000 ) ) ;
#7095 = EDGE_CURVE ( 'NONE', #4428, #6061, #5765, .T. ) ;
#7096 =( NAMED_UNIT ( * ) SI_UNIT ( $, .STERADIAN. ) SOLID_ANGLE_UNIT ( ) );
#7097 = CARTESIAN_POINT ( 'NONE',  ( -3.499999999999999556, 5.510910596163090542E-16, -4.500000000000001776 ) ) ;
#7098 = DIRECTION ( 'NONE',  ( 0.000000000000000000, 0.000000000000000000, -1.000000000000000000 ) ) ;
#7099 = CARTESIAN_POINT ( 'NONE',  ( -0.3374999999999970246, -1.021228243303282213, -4.920133928571428505 ) ) ;
#7100 = ORIENTED_EDGE ( 'NONE', *, *, #20, .T. ) ;
#7101 = CARTESIAN_POINT ( 'NONE',  ( 1.216873555469097479, -5.475000000000001421, -1.167353792704058628E-16 ) ) ;
#7102 = CARTESIAN_POINT ( 'NONE',  ( -2.300000000000002487, 0.000000000000000000, 7.500000000000000000 ) ) ;
#7103 = CIRCLE ( 'NONE', #3858, 5.475000000000000533 ) ;
#7104 = FACE_OUTER_BOUND ( 'NONE', #6327, .T. ) ;
#7105 = MECHANICAL_DESIGN_GEOMETRIC_PRESENTATION_REPRESENTATION (  '', ( #7480 ), #1607 ) ;
#7106 = CARTESIAN_POINT ( 'NONE',  ( -1.066052540301009710, 0.6196405686378521072, -5.441867247507232719 ) ) ;
#7107 = SURFACE_STYLE_USAGE ( .BOTH. , #2259 ) ;
#7108 = ADVANCED_FACE ( 'NONE', ( #610 ), #5497, .T. ) ;
#7109 = ORIENTED_EDGE ( 'NONE', *, *, #889, .T. ) ;
#7110 = EDGE_LOOP ( 'NONE', ( #4395, #4705, #4132, #5895, #3045, #2643 ) ) ;
#7111 = AXIS2_PLACEMENT_3D ( 'NONE', #5671, #873, #4962 ) ;
#7112 = DIRECTION ( 'NONE',  ( -1.000000000000000000, -0.000000000000000000, -0.000000000000000000 ) ) ;
#7113 =( NAMED_UNIT ( * ) PLANE_ANGLE_UNIT ( ) SI_UNIT ( $, .RADIAN. ) );
#7114 = ORIENTED_EDGE ( 'NONE', *, *, #7249, .T. ) ;
#7115 = SURFACE_STYLE_USAGE ( .BOTH. , #4558 ) ;
#7116 = COLOUR_RGB ( '',1.000000000000000000, 1.000000000000000000, 1.000000000000000000 ) ;
#7117 = CYLINDRICAL_SURFACE ( 'NONE', #2440, 3.000000000000002220 ) ;
#7118 = AXIS2_PLACEMENT_3D ( 'NONE', #637, #2988, #482 ) ;
#7119 = DIRECTION ( 'NONE',  ( 0.000000000000000000, 0.8660254037844451469, 0.4999999999999888978 ) ) ;
#7120 = MECHANICAL_DESIGN_GEOMETRIC_PRESENTATION_REPRESENTATION (  '', ( #7625 ), #1120 ) ;
#7121 = DIRECTION ( 'NONE',  ( 0.000000000000000000, -0.8660254037844415942, -0.4999999999999948375 ) ) ;
#7122 = SPHERICAL_SURFACE ( 'NONE', #1924, 1.237499999999996936 ) ;
#7123 = ORIENTED_EDGE ( 'NONE', *, *, #494, .T. ) ;
#7124 = ORIENTED_EDGE ( 'NONE', *, *, #6770, .F. ) ;
#7125 = CIRCLE ( 'NONE', #5694, 5.475000000000002309 ) ;
#7126 = SURFACE_SIDE_STYLE ('',( #3589 ) ) ;
#7127 = DIRECTION ( 'NONE',  ( 0.000000000000000000, 0.000000000000000000, 1.000000000000000000 ) ) ;
#7128 = CARTESIAN_POINT ( 'NONE',  ( -0.1138098578508692088, 4.787647639671334332, 1.526124201487541576 ) ) ;
#7129 = MECHANICAL_DESIGN_GEOMETRIC_PRESENTATION_REPRESENTATION (  '', ( #7476 ), #4096 ) ;
#7130 =( NAMED_UNIT ( * ) SI_UNIT ( $, .STERADIAN. ) SOLID_ANGLE_UNIT ( ) );
#7131 = SURFACE_SIDE_STYLE ('',( #3632 ) ) ;
#7132 = CARTESIAN_POINT ( 'NONE',  ( -0.1604339755935475231, -3.638699879211192201, -3.465615128512568255 ) ) ;
#7133 = AXIS2_PLACEMENT_3D ( 'NONE', #3208, #5556, #6089 ) ;
#7134 = SURFACE_SIDE_STYLE ('',( #6478 ) ) ;
#7135 = STYLED_ITEM ( 'NONE', ( #4763 ), #146 ) ;
#7136 = FILL_AREA_STYLE ('',( #5911 ) ) ;
#7137 = EDGE_LOOP ( 'NONE', ( #6052, #582 ) ) ;
#7138 = DIRECTION ( 'NONE',  ( -1.000000000000000000, 0.000000000000000000, -0.000000000000000000 ) ) ;
#7139 = CARTESIAN_POINT ( 'NONE',  ( 0.3375000000000044631, 0.000000000000000000, 0.000000000000000000 ) ) ;
#7140 = UNCERTAINTY_MEASURE_WITH_UNIT (LENGTH_MEASURE( 1.000000000000000082E-05 ), #6393, 'distance_accuracy_value', 'NONE');
#7141 = COLOUR_RGB ( '',0.5294117647058823595, 0.5490196078431373028, 0.5490196078431373028 ) ;
#7142 = DIRECTION ( 'NONE',  ( 0.000000000000000000, 0.000000000000000000, 1.000000000000000000 ) ) ;
#7143 = DIRECTION ( 'NONE',  ( -1.000000000000000000, -0.000000000000000000, -0.000000000000000000 ) ) ;
#7144 = EDGE_CURVE ( 'NONE', #4983, #4172, #6058, .T. ) ;
#7145 =( NAMED_UNIT ( * ) PLANE_ANGLE_UNIT ( ) SI_UNIT ( $, .RADIAN. ) );
#7146 = CARTESIAN_POINT ( 'NONE',  ( -0.5936781345501895846, 5.361290022935331301, 1.112639307581827275 ) ) ;
#7147 = PRESENTATION_LAYER_ASSIGNMENT (  '', '', ( #7006 ) ) ;
#7148 = ORIENTED_EDGE ( 'NONE', *, *, #84, .F. ) ;
#7149 = DIRECTION ( 'NONE',  ( -0.000000000000000000, -1.000000000000000000, 1.047444401652940007E-14 ) ) ;
#7150 = FILL_AREA_STYLE_COLOUR ( '', #2004 ) ;
#7151 = CARTESIAN_POINT ( 'NONE',  ( -0.3374999999999970246, 1.021228243303316408, 4.920133928571419624 ) ) ;
#7152 = AXIS2_PLACEMENT_3D ( 'NONE', #1594, #3978, #1677 ) ;
#7153 = CARTESIAN_POINT ( 'NONE',  ( 2.951763000829056837E-15, -4.546633369868282593, 2.625000000000037303 ) ) ;
#7154 = CARTESIAN_POINT ( 'NONE',  ( -0.1138098578508690284, -1.526124201487558674, 4.787647639671329891 ) ) ;
#7155 = CARTESIAN_POINT ( 'NONE',  ( -0.7428168631732738891, -3.291643385024379587, -3.798378139304469325 ) ) ;
#7156 = ORIENTED_EDGE ( 'NONE', *, *, #4845, .T. ) ;
#7157 = CARTESIAN_POINT ( 'NONE',  ( -0.9692456470055352824, 3.122243819140547050, -3.938812449548216410 ) ) ;
#7158 = CARTESIAN_POINT ( 'NONE',  ( 1.216873555470457724, 2.122497742101288486E-13, 5.475000000000316724 ) ) ;
#7159 = ORIENTED_EDGE ( 'NONE', *, *, #1951, .F. ) ;
#7160 = CIRCLE ( 'NONE', #6621, 5.025000000000001243 ) ;
#7161 = ADVANCED_FACE ( 'NONE', ( #3655 ), #6614, .T. ) ;
#7162 = FILL_AREA_STYLE ('',( #4753 ) ) ;
#7163 = CARTESIAN_POINT ( 'NONE',  ( 1.237499999999999822, -5.250000000000000000, 0.000000000000000000 ) ) ;
#7164 = ADVANCED_FACE ( 'NONE', ( #2684 ), #6806, .T. ) ;
#7165 = DIRECTION ( 'NONE',  ( 0.000000000000000000, -0.5000000000000039968, -0.8660254037844363761 ) ) ;
#7166 = UNCERTAINTY_MEASURE_WITH_UNIT (LENGTH_MEASURE( 1.000000000000000082E-05 ), #6755, 'distance_accuracy_value', 'NONE');
#7167 = B_SPLINE_CURVE_WITH_KNOTS ( 'NONE', 3,
 ( #6573, #1241, #3616, #5974, #5384, #2494, #4247, #4867, #6012, #681, #4822, #7228, #1864, #3067, #5417, #1907, #1543, #5640 ),
 .UNSPECIFIED., .F., .F.,
 ( 4, 2, 2, 2, 2, 2, 2, 2, 4 ),
 ( 0.005772523578970451333, 0.006253562060444440088, 0.006734600541918427975, 0.007215639023392416730, 0.007696677504866404618, 0.008177715986340393373, 0.008658754467814382128, 0.009139792949288370882, 0.009620831430762357903 ),
 .UNSPECIFIED. ) ;
#7168 = CARTESIAN_POINT ( 'NONE',  ( -0.3374999999999969691, 4.546633369868336771, 2.624999999999942268 ) ) ;
#7169 = VERTEX_POINT ( 'NONE', #2648 ) ;
#7170 = ORIENTED_EDGE ( 'NONE', *, *, #5054, .F. ) ;
#7171 =( NAMED_UNIT ( * ) PLANE_ANGLE_UNIT ( ) SI_UNIT ( $, .RADIAN. ) );
#7172 = CYLINDRICAL_SURFACE ( 'NONE', #993, 5.025000000000000355 ) ;
#7173 = EDGE_CURVE ( 'NONE', #2457, #2923, #117, .T. ) ;
#7174 = SURFACE_STYLE_USAGE ( .BOTH. , #1221 ) ;
#7175 = CIRCLE ( 'NONE', #3780, 1.073181601594058732 ) ;
#7176 = CARTESIAN_POINT ( 'NONE',  ( -1.184161683695788003, -0.3155210454015222044, 5.017157959848049131 ) ) ;
#7177 = FACE_BOUND ( 'NONE', #6547, .T. ) ;
#7178 = MECHANICAL_DESIGN_GEOMETRIC_PRESENTATION_REPRESENTATION (  '', ( #6767 ), #3529 ) ;
#7179 =( NAMED_UNIT ( * ) PLANE_ANGLE_UNIT ( ) SI_UNIT ( $, .RADIAN. ) );
#7180 = FILL_AREA_STYLE ('',( #4809 ) ) ;
#7181 = CARTESIAN_POINT ( 'NONE',  ( 2.951763000829056837E-15, -5.250000000000000000, 0.000000000000000000 ) ) ;
#7182 = SPHERICAL_SURFACE ( 'NONE', #830, 1.237499999999996936 ) ;
#7183 = CARTESIAN_POINT ( 'NONE',  ( -2.500000000000001332, 9.062386313690412402E-16, -7.300000000000000711 ) ) ;
#7184 = CARTESIAN_POINT ( 'NONE',  ( 0.3145222742811213945, -1.447436274275153867, -4.812380947208451332 ) ) ;
#7185 = ORIENTED_EDGE ( 'NONE', *, *, #6486, .F. ) ;
#7186 = FILL_AREA_STYLE_COLOUR ( '', #6588 ) ;
#7187 = EDGE_CURVE ( 'NONE', #957, #6364, #4379, .T. ) ;
#7188 = COLOUR_RGB ( '',0.5294117647058823595, 0.5490196078431373028, 0.5490196078431373028 ) ;
#7189 = CIRCLE ( 'NONE', #6911, 1.237499999999997380 ) ;
#7190 = MECHANICAL_DESIGN_GEOMETRIC_PRESENTATION_REPRESENTATION (  '', ( #6151 ), #1434 ) ;
#7191 = DIRECTION ( 'NONE',  ( -1.000000000000000000, -0.000000000000000000, -0.000000000000000000 ) ) ;
#7192 = CARTESIAN_POINT ( 'NONE',  ( 1.216873555469131230, 0.1608024255588915985, -5.475000000000010303 ) ) ;
#7193 = CARTESIAN_POINT ( 'NONE',  ( -2.441421356237306384, 0.000000000000000000, 0.000000000000000000 ) ) ;
#7194 = VERTEX_POINT ( 'NONE', #2059 ) ;
#7195 = CARTESIAN_POINT ( 'NONE',  ( -1.186094323803407846, -4.895853191224134981, 2.455355156608453271 ) ) ;
#7196 = EDGE_LOOP ( 'NONE', ( #2987, #5179 ) ) ;
#7197 = FACE_OUTER_BOUND ( 'NONE', #5822, .T. ) ;
#7198 = SURFACE_SIDE_STYLE ('',( #3109 ) ) ;
#7199 = AXIS2_PLACEMENT_3D ( 'NONE', #5957, #5338, #4193 ) ;
#7200 = CARTESIAN_POINT ( 'NONE',  ( 1.124999999999998224, -1.833027702892645012E-14, -5.250000000000000000 ) ) ;
#7201 = FACE_OUTER_BOUND ( 'NONE', #4572, .T. ) ;
#7202 = EDGE_CURVE ( 'NONE', #1283, #7561, #6365, .T. ) ;
#7203 = VERTEX_POINT ( 'NONE', #4460 ) ;
#7204 = ORIENTED_EDGE ( 'NONE', *, *, #3200, .F. ) ;
#7205 =( NAMED_UNIT ( * ) PLANE_ANGLE_UNIT ( ) SI_UNIT ( $, .RADIAN. ) );
#7206 = CARTESIAN_POINT ( 'NONE',  ( -0.3374999999999970246, 4.771575093816242230, 1.575657362522871141 ) ) ;
#7207 = SPHERICAL_SURFACE ( 'NONE', #6527, 1.237499999999996936 ) ;
#7208 = B_SPLINE_CURVE_WITH_KNOTS ( 'NONE', 3,
 ( #4447, #170, #4935, #3876, #2902, #6279 ),
 .UNSPECIFIED., .F., .F.,
 ( 4, 2, 4 ),
 ( 0.003144056225739082916, 0.003485646593212814170, 0.003827236960686545425 ),
 .UNSPECIFIED. ) ;
#7209 = CARTESIAN_POINT ( 'NONE',  ( 0.1161341008344284748, -5.359303712898451089, 1.119593104928750193 ) ) ;
#7210 = PRODUCT_DEFINITION_FORMATION_WITH_SPECIFIED_SOURCE ( '任何', '', #4668, .NOT_KNOWN. ) ;
#7211 = AXIS2_PLACEMENT_3D ( 'NONE', #2776, #5295, #7037 ) ;
#7212 =( LENGTH_UNIT ( ) NAMED_UNIT ( * ) SI_UNIT ( .MILLI., .METRE. ) );
#7213 =( LENGTH_UNIT ( ) NAMED_UNIT ( * ) SI_UNIT ( .MILLI., .METRE. ) );
#7214 = DIRECTION ( 'NONE',  ( 0.000000000000000000, 0.000000000000000000, 1.000000000000000000 ) ) ;
#7215 = FILL_AREA_STYLE_COLOUR ( '', #7427 ) ;
#7216 = DIRECTION ( 'NONE',  ( -1.000000000000000000, -0.000000000000000000, -0.000000000000000000 ) ) ;
#7217 = AXIS2_PLACEMENT_3D ( 'NONE', #704, #630, #4233 ) ;
#7218 = ORIENTED_EDGE ( 'NONE', *, *, #4686, .T. ) ;
#7219 = CLOSED_SHELL ( 'NONE', ( #3791, #5507, #3898, #7270, #1969, #32, #1928, #4650, #7685, #4498, #6302, #5488, #1631, #2012, #4382, #6450, #3959, #593, #6988, #5167, #3512, #1456, #3773, #7486, #6338, #2435, #1715, #5306, #7640, #5544, #1158, #5036, #397, #2267, #1899, #3335, #2222, #2921, #7474, #7299, #267, #1939, #3399, #7259, #683, #5357, #4066, #877, #958, #4405, #2657, #290, #6361, #6165, #5342, #1612, #3913, #3064, #6462, #6401, #7498, #1490, #1545, #122, #6875, #146, #4551, #7572, #2823, #2750, #6505, #1280, #5654, #3363, #4446, #652 ) ) ;
#7220 = UNCERTAINTY_MEASURE_WITH_UNIT (LENGTH_MEASURE( 1.000000000000000082E-05 ), #428, 'distance_accuracy_value', 'NONE');
#7221 = SURFACE_SIDE_STYLE ('',( #7658 ) ) ;
#7222 = CARTESIAN_POINT ( 'NONE',  ( -1.059998554184328423, -4.990614419672171564, -0.6045336774854449535 ) ) ;
#7223 = CARTESIAN_POINT ( 'NONE',  ( 0.2926209289459429930, 5.365724266540585319, 1.089942254323643667 ) ) ;
#7224 = AXIS2_PLACEMENT_3D ( 'NONE', #834, #7539, #2169 ) ;
#7225 =( LENGTH_UNIT ( ) NAMED_UNIT ( * ) SI_UNIT ( .MILLI., .METRE. ) );
#7226 = FILL_AREA_STYLE ('',( #4820 ) ) ;
#7227 = ORIENTED_EDGE ( 'NONE', *, *, #6595, .F. ) ;
#7228 = CARTESIAN_POINT ( 'NONE',  ( 0.6188283613271799988, -1.077234586337220357, 5.368357146716474126 ) ) ;
#7229 = FACE_OUTER_BOUND ( 'NONE', #1674, .T. ) ;
#7230 = ORIENTED_EDGE ( 'NONE', *, *, #6631, .T. ) ;
#7231 =( NAMED_UNIT ( * ) PLANE_ANGLE_UNIT ( ) SI_UNIT ( $, .RADIAN. ) );
#7232 = STYLED_ITEM ( 'NONE', ( #2803 ), #2435 ) ;
#7233 = PRESENTATION_LAYER_ASSIGNMENT (  '', '', ( #3718 ) ) ;
#7234 =( NAMED_UNIT ( * ) PLANE_ANGLE_UNIT ( ) SI_UNIT ( $, .RADIAN. ) );
#7235 = PRESENTATION_LAYER_ASSIGNMENT (  '', '', ( #2856 ) ) ;
#7236 = FACE_OUTER_BOUND ( 'NONE', #1358, .T. ) ;
#7238 = EDGE_CURVE ( 'NONE', #3885, #6480, #134, .T. ) ;
#7237 = CARTESIAN_POINT ( 'NONE',  ( -1.216873555469124790, 2.876758985524203727, 4.661087872940336219 ) ) ;
#7239 = ORIENTED_EDGE ( 'NONE', *, *, #4218, .T. ) ;
#7240 = ORIENTED_EDGE ( 'NONE', *, *, #4325, .F. ) ;
#7241 =( LENGTH_UNIT ( ) NAMED_UNIT ( * ) SI_UNIT ( .MILLI., .METRE. ) );
#7242 = CARTESIAN_POINT ( 'NONE',  ( 0.3375000000000030753, -4.920133928571429394, 1.021228243303264893 ) ) ;
#7243 = MECHANICAL_DESIGN_GEOMETRIC_PRESENTATION_REPRESENTATION (  '', ( #6833 ), #1371 ) ;
#7244 = ORIENTED_EDGE ( 'NONE', *, *, #2062, .F. ) ;
#7245 = CIRCLE ( 'NONE', #3845, 1.073181601594058732 ) ;
#7246 = PRESENTATION_STYLE_ASSIGNMENT (( #3009 ) ) ;
#7248 =( GEOMETRIC_REPRESENTATION_CONTEXT ( 3 ) GLOBAL_UNCERTAINTY_ASSIGNED_CONTEXT ( ( #6020 ) ) GLOBAL_UNIT_ASSIGNED_CONTEXT ( ( #7592, #2219, #2065 ) ) REPRESENTATION_CONTEXT ( 'NONE', 'WORKASPACE' ) );
#7247 = DIRECTION ( 'NONE',  ( 0.000000000000000000, 0.000000000000000000, 1.000000000000000000 ) ) ;
#7249 = EDGE_CURVE ( 'NONE', #2689, #5858, #2271, .T. ) ;
#7250 = CARTESIAN_POINT ( 'NONE',  ( 0.2284057895222849355, 3.727378938404985576, -3.370231758269542688 ) ) ;
#7251 = DIRECTION ( 'NONE',  ( -1.000000000000000000, -0.000000000000000000, -0.000000000000000000 ) ) ;
#7252 = AXIS2_PLACEMENT_3D ( 'NONE', #2296, #1705, #1159 ) ;
#7253 = COLOUR_RGB ( '',1.000000000000000000, 1.000000000000000000, 1.000000000000000000 ) ;
#7254 = FACE_OUTER_BOUND ( 'NONE', #6011, .T. ) ;
#7255 = FILL_AREA_STYLE_COLOUR ( '', #2882 ) ;
#7256 = MECHANICAL_DESIGN_GEOMETRIC_PRESENTATION_REPRESENTATION (  '', ( #6213 ), #4585 ) ;
#7257 = FILL_AREA_STYLE_COLOUR ( '', #4805 ) ;
#7258 = MECHANICAL_DESIGN_GEOMETRIC_PRESENTATION_REPRESENTATION (  '', ( #2126 ), #1000 ) ;
#7259 = ADVANCED_FACE ( 'NONE', ( #7104 ), #6977, .T. ) ;
#7260 = EDGE_CURVE ( 'NONE', #5140, #6220, #1262, .T. ) ;
#7261 = SURFACE_STYLE_USAGE ( .BOTH. , #4850 ) ;
#7262 = CARTESIAN_POINT ( 'NONE',  ( 2.951763000829056837E-15, -4.546633369868319008, -2.624999999999973799 ) ) ;
#7263 = CARTESIAN_POINT ( 'NONE',  ( -1.237499999999993827, -2.624999999999958256, 4.546633369868327001 ) ) ;
#7264 =( GEOMETRIC_REPRESENTATION_CONTEXT ( 3 ) GLOBAL_UNCERTAINTY_ASSIGNED_CONTEXT ( ( #2907 ) ) GLOBAL_UNIT_ASSIGNED_CONTEXT ( ( #3230, #1011, #5024 ) ) REPRESENTATION_CONTEXT ( 'NONE', 'WORKASPACE' ) );
#7265 =( NAMED_UNIT ( * ) PLANE_ANGLE_UNIT ( ) SI_UNIT ( $, .RADIAN. ) );
#7266 = CIRCLE ( 'NONE', #6099, 5.999999999999998224 ) ;
#7267 = CARTESIAN_POINT ( 'NONE',  ( 0.9689635404861108858, -1.849409760455153595, -4.673595488726379976 ) ) ;
#7268 = FILL_AREA_STYLE ('',( #1901 ) ) ;
#7269 = COLOUR_RGB ( '',0.6470588235294117974, 0.6196078431372549211, 0.5882352941176470784 ) ;
#7270 = ADVANCED_FACE ( 'NONE', ( #1706, #445 ), #4127, .T. ) ;
#7271 = CARTESIAN_POINT ( 'NONE',  ( 2.951763000829056837E-15, -1.833027702892645012E-14, -5.250000000000000000 ) ) ;
#7272 = FACE_OUTER_BOUND ( 'NONE', #3154, .T. ) ;
#7273 = STYLED_ITEM ( 'NONE', ( #458 ), #2750 ) ;
#7274 = SURFACE_SIDE_STYLE ('',( #6051 ) ) ;
#7275 = ORIENTED_EDGE ( 'NONE', *, *, #7524, .T. ) ;
#7276 = LINE ( 'NONE', #6679, #1750 ) ;
#7277 = ORIENTED_EDGE ( 'NONE', *, *, #7712, .F. ) ;
#7278 = FILL_AREA_STYLE ('',( #4869 ) ) ;
#7279 = AXIS2_PLACEMENT_3D ( 'NONE', #3071, #5423, #5015 ) ;
#7280 = CARTESIAN_POINT ( 'NONE',  ( -0.3374999999999970246, 4.771575093816220026, -1.575657362522938199 ) ) ;
#7281 = PRESENTATION_STYLE_ASSIGNMENT (( #3043 ) ) ;
#7282 = PRESENTATION_STYLE_ASSIGNMENT (( #2502 ) ) ;
#7283 = ORIENTED_EDGE ( 'NONE', *, *, #7404, .F. ) ;
#7284 = ORIENTED_EDGE ( 'NONE', *, *, #6427, .T. ) ;
#7285 = DIRECTION ( 'NONE',  ( 0.000000000000000000, 0.4999999999999980571, -0.8660254037844398178 ) ) ;
#7286 = FACE_OUTER_BOUND ( 'NONE', #6689, .T. ) ;
#7287 = ORIENTED_EDGE ( 'NONE', *, *, #3832, .T. ) ;
#7288 = FILL_AREA_STYLE ('',( #2510 ) ) ;
#7289 =( NAMED_UNIT ( * ) PLANE_ANGLE_UNIT ( ) SI_UNIT ( $, .RADIAN. ) );
#7290 = EDGE_CURVE ( 'NONE', #4905, #7650, #5463, .T. ) ;
#7291 = FACE_OUTER_BOUND ( 'NONE', #7418, .T. ) ;
#7292 = SURFACE_SIDE_STYLE ('',( #6153 ) ) ;
#7293 = CARTESIAN_POINT ( 'NONE',  ( -0.3374999999999969691, -4.546633369868319008, -2.624999999999973799 ) ) ;
#7294 = SURFACE_STYLE_FILL_AREA ( #5915 ) ;
#7295 = B_SPLINE_CURVE_WITH_KNOTS ( 'NONE', 3,
 ( #3988, #4597, #508, #2674, #4067, #1724 ),
 .UNSPECIFIED., .F., .F.,
 ( 4, 2, 4 ),
 ( 0.005649204386103777974, 0.006420265025929114411, 0.007191325665754449981 ),
 .UNSPECIFIED. ) ;
#7296 = AXIS2_PLACEMENT_3D ( 'NONE', #2179, #5170, #3812 ) ;
#7297 = FACE_OUTER_BOUND ( 'NONE', #6677, .T. ) ;
#7298 = CARTESIAN_POINT ( 'NONE',  ( 1.066282750803723811, -4.403264907450167520, -3.257152822151254679 ) ) ;
#7299 = ADVANCED_FACE ( 'NONE', ( #1583 ), #4620, .T. ) ;
#7300 = CARTESIAN_POINT ( 'NONE',  ( -0.3374999999999970246, -4.920133928571429394, 1.021228243303264893 ) ) ;
#7301 = SURFACE_STYLE_FILL_AREA ( #4898 ) ;
#7302 = CARTESIAN_POINT ( 'NONE',  ( 0.3157423466804654688, -3.443668705420070086, 3.659949515897158889 ) ) ;
#7303 = SURFACE_STYLE_USAGE ( .BOTH. , #4779 ) ;
#7304 = CARTESIAN_POINT ( 'NONE',  ( -1.060132804264166673, 4.019910896282886448, -3.018596205566928870 ) ) ;
#7305 = CARTESIAN_POINT ( 'NONE',  ( 2.951763000829056837E-15, 5.499083108677935350E-14, 5.250000000000000000 ) ) ;
#7307 = CARTESIAN_POINT ( 'NONE',  ( 0.1137298752287593667, 1.526116461788748158, -4.787650106792883165 ) ) ;
#7306 = PRODUCT_RELATED_PRODUCT_CATEGORY ( 'part', '', ( #4668 ) ) ;
#7308 = ORIENTED_EDGE ( 'NONE', *, *, #4936, .T. ) ;
#7309 = DIRECTION ( 'NONE',  ( -1.000000000000000000, -0.000000000000000000, -0.000000000000000000 ) ) ;
#7310 = VERTEX_POINT ( 'NONE', #4316 ) ;
#7311 = PRESENTATION_LAYER_ASSIGNMENT (  '', '', ( #4659 ) ) ;
#7312 = AXIS2_PLACEMENT_3D ( 'NONE', #7407, #6754, #2704 ) ;
#7313 = CARTESIAN_POINT ( 'NONE',  ( -19.92709219242683361, 0.000000000000000000, 0.000000000000000000 ) ) ;
#7314 = DIRECTION ( 'NONE',  ( -1.000000000000000000, -0.000000000000000000, -0.000000000000000000 ) ) ;
#7315 = CARTESIAN_POINT ( 'NONE',  ( -2.441421356237307272, 0.000000000000000000, 6.058578643762684734 ) ) ;
#7316 = VERTEX_POINT ( 'NONE', #6606 ) ;
#7317 = ORIENTED_EDGE ( 'NONE', *, *, #2355, .F. ) ;
#7318 = SURFACE_STYLE_FILL_AREA ( #6144 ) ;
#7319 = ORIENTED_EDGE ( 'NONE', *, *, #2355, .T. ) ;
#7320 = DIRECTION ( 'NONE',  ( 0.000000000000000000, -1.000000000000000000, 0.000000000000000000 ) ) ;
#7321 = CARTESIAN_POINT ( 'NONE',  ( 0.3375000000000030753, 3.750346850512952912, -3.344476566048502963 ) ) ;
#7322 = CARTESIAN_POINT ( 'NONE',  ( -1.237499999999993827, 4.546633369868336771, 2.624999999999942268 ) ) ;
#7323 = EDGE_CURVE ( 'NONE', #5631, #1281, #4306, .T. ) ;
#7324 = CARTESIAN_POINT ( 'NONE',  ( 0.3375000000000029643, 2.625000000000053291, 4.546633369868272823 ) ) ;
#7325 = FILL_AREA_STYLE ('',( #6158 ) ) ;
#7326 = CARTESIAN_POINT ( 'NONE',  ( 0.2907733540662774119, 5.365616547034445460, -1.090463018871218326 ) ) ;
#7327 = CARTESIAN_POINT ( 'NONE',  ( -19.92709219242683361, 0.000000000000000000, 0.000000000000000000 ) ) ;
#7328 =( LENGTH_UNIT ( ) NAMED_UNIT ( * ) SI_UNIT ( .MILLI., .METRE. ) );
#7329 = FILL_AREA_STYLE_COLOUR ( '', #5048 ) ;
#7330 = B_SPLINE_CURVE_WITH_KNOTS ( 'NONE', 3,
 ( #6382, #2214, #7023, #5686, #4013, #5768, #1547, #921, #4507, #3296, #7503, #3416, #4543, #5613, #2764, #2258, #2840, #3963 ),
 .UNSPECIFIED., .F., .F.,
 ( 4, 2, 2, 2, 2, 2, 2, 2, 4 ),
 ( 0.005649204386103785780, 0.006119817983380352461, 0.006590431580656919142, 0.007061045177933485822, 0.007531658775210052503, 0.008002272372486619184, 0.008472885969763185865, 0.008943499567039752546, 0.009414113164316319227 ),
 .UNSPECIFIED. ) ;
#7331 = CARTESIAN_POINT ( 'NONE',  ( 0.1137298752287592973, -4.787650106792888494, -1.526116461788731282 ) ) ;
#7332 = CARTESIAN_POINT ( 'NONE',  ( -1.216873555469089929, -2.512500000000020162, -4.351777654016792063 ) ) ;
#7333 = AXIS2_PLACEMENT_3D ( 'NONE', #1934, #4813, #55 ) ;
#7334 = DIRECTION ( 'NONE',  ( 0.000000000000000000, -0.4999999999999921729, 0.8660254037844432595 ) ) ;
#7335 = CARTESIAN_POINT ( 'NONE',  ( -0.3222421747442721918, 1.629900123589696825, -5.227146843786472985 ) ) ;
#7336 = EDGE_CURVE ( 'NONE', #1995, #7416, #4265, .T. ) ;
#7337 = PRESENTATION_LAYER_ASSIGNMENT (  '', '', ( #1584 ) ) ;
#7338 = DIRECTION ( 'NONE',  ( -1.000000000000000000, -0.000000000000000000, -0.000000000000000000 ) ) ;
#7339 = VERTEX_POINT ( 'NONE', #5969 ) ;
#7340 = CLOSED_SHELL ( 'NONE', ( #3678, #5642, #6938, #6681 ) ) ;
#7341 = CARTESIAN_POINT ( 'NONE',  ( 1.065237977602516262, -5.023407791670503997, 2.182591038188765431 ) ) ;
#7342 = VERTEX_POINT ( 'NONE', #4167 ) ;
#7343 =( NAMED_UNIT ( * ) PLANE_ANGLE_UNIT ( ) SI_UNIT ( $, .RADIAN. ) );
#7344 = FILL_AREA_STYLE ('',( #5496 ) ) ;
#7345 = PRESENTATION_LAYER_ASSIGNMENT (  '', '', ( #97 ) ) ;
#7346 = B_SPLINE_CURVE_WITH_KNOTS ( 'NONE', 3,
 ( #1895, #6523, #632, #6599, #706, #7300 ),
 .UNSPECIFIED., .F., .F.,
 ( 4, 2, 4 ),
 ( 0.006480373050224368277, 0.006820975956596190236, 0.007161578862968012195 ),
 .UNSPECIFIED. ) ;
#7347 = CARTESIAN_POINT ( 'NONE',  ( -3.499999999999999556, 0.000000000000000000, 3.000000000000002220 ) ) ;
#7348 = CARTESIAN_POINT ( 'NONE',  ( 0.9843303561305023486, 0.000000000000000000, 0.000000000000000000 ) ) ;
#7349 = CYLINDRICAL_SURFACE ( 'NONE', #4160, 5.025000000000000355 ) ;
#7350 = DIRECTION ( 'NONE',  ( -1.000000000000000000, 0.000000000000000000, 0.000000000000000000 ) ) ;
#7351 = ORIENTED_EDGE ( 'NONE', *, *, #914, .F. ) ;
#7352 = EDGE_LOOP ( 'NONE', ( #2209, #7067, #690, #4455 ) ) ;
#7353 = AXIS2_PLACEMENT_3D ( 'NONE', #1116, #6376, #5311 ) ;
#7354 = CARTESIAN_POINT ( 'NONE',  ( 0.3375000000000029088, 1.761505952817330911, -5.183890602451900698 ) ) ;
#7355 = ORIENTED_EDGE ( 'NONE', *, *, #1596, .F. ) ;
#7356 = CARTESIAN_POINT ( 'NONE',  ( 1.184325193566459600, -4.502740015386089922, -2.235402784039985491 ) ) ;
#7357 = FILL_AREA_STYLE ('',( #5506 ) ) ;
#7358 = DIRECTION ( 'NONE',  ( -1.000000000000000000, -0.000000000000000000, -0.000000000000000000 ) ) ;
#7359 = CYLINDRICAL_SURFACE ( 'NONE', #2892, 5.025000000000000355 ) ;
#7360 = COLOUR_RGB ( '',0.5294117647058823595, 0.5490196078431373028, 0.5490196078431373028 ) ;
#7361 = VERTEX_POINT ( 'NONE', #3569 ) ;
#7362 = AXIS2_PLACEMENT_3D ( 'NONE', #3360, #2782, #2909 ) ;
#7363 = CARTESIAN_POINT ( 'NONE',  ( 2.299999999999998046, 5.510910596163091528E-16, -4.500000000000002665 ) ) ;
#7364 = CARTESIAN_POINT ( 'NONE',  ( 0.7539386004181420908, 4.172790416570630434, -3.546371439659013358 ) ) ;
#7365 = UNCERTAINTY_MEASURE_WITH_UNIT (LENGTH_MEASURE( 1.000000000000000082E-05 ), #5043, 'distance_accuracy_value', 'NONE');
#7366 = AXIS2_PLACEMENT_3D ( 'NONE', #7193, #7338, #1238 ) ;
#7367 = AXIS2_PLACEMENT_3D ( 'NONE', #6805, #5725, #7499 ) ;
#7368 = DIRECTION ( 'NONE',  ( 0.000000000000000000, -1.224646799147353947E-16, 1.000000000000000000 ) ) ;
#7369 = CARTESIAN_POINT ( 'NONE',  ( 1.237499999999999822, 5.250000000000000000, 0.000000000000000000 ) ) ;
#7370 =( GEOMETRIC_REPRESENTATION_CONTEXT ( 3 ) GLOBAL_UNCERTAINTY_ASSIGNED_CONTEXT ( ( #319 ) ) GLOBAL_UNIT_ASSIGNED_CONTEXT ( ( #3477, #4731, #1729 ) ) REPRESENTATION_CONTEXT ( 'NONE', 'WORKASPACE' ) );
#7371 = SURFACE_STYLE_USAGE ( .BOTH. , #935 ) ;
#7372 = MECHANICAL_DESIGN_GEOMETRIC_PRESENTATION_REPRESENTATION (  '', ( #3480 ), #1620 ) ;
#7373 = CARTESIAN_POINT ( 'NONE',  ( -3.499999999999999556, 0.000000000000000000, 7.500000000000000000 ) ) ;
#7374 = SURFACE_STYLE_USAGE ( .BOTH. , #3174 ) ;
#7375 =( NAMED_UNIT ( * ) PLANE_ANGLE_UNIT ( ) SI_UNIT ( $, .RADIAN. ) );
#7376 = EDGE_CURVE ( 'NONE', #6096, #1036, #4031, .T. ) ;
#7377 =( GEOMETRIC_REPRESENTATION_CONTEXT ( 3 ) GLOBAL_UNCERTAINTY_ASSIGNED_CONTEXT ( ( #548 ) ) GLOBAL_UNIT_ASSIGNED_CONTEXT ( ( #6006, #4281, #6639 ) ) REPRESENTATION_CONTEXT ( 'NONE', 'WORKASPACE' ) );
#7378 = PRESENTATION_STYLE_ASSIGNMENT (( #6049 ) ) ;
#7379 = ORIENTED_EDGE ( 'NONE', *, *, #7395, .T. ) ;
#7380 = CARTESIAN_POINT ( 'NONE',  ( 0.3145222742811218386, 1.447436274275187396, 4.812380947208442450 ) ) ;
#7381 = ORIENTED_EDGE ( 'NONE', *, *, #6265, .T. ) ;
#7382 = PRESENTATION_LAYER_ASSIGNMENT (  '', '', ( #5838 ) ) ;
#7383 = CARTESIAN_POINT ( 'NONE',  ( 0.3375000000000030753, -4.920133928571429394, -1.021228243303264893 ) ) ;
#7384 = CARTESIAN_POINT ( 'NONE',  ( 0.3375000000000030753, 3.344476566048489197, -3.750346850512964458 ) ) ;
#7385 = AXIS2_PLACEMENT_3D ( 'NONE', #1260, #1697, #4038 ) ;
#7386 = SURFACE_SIDE_STYLE ('',( #3185 ) ) ;
#7387 = MECHANICAL_DESIGN_GEOMETRIC_PRESENTATION_REPRESENTATION (  '', ( #382 ), #4611 ) ;
#7388 = CARTESIAN_POINT ( 'NONE',  ( -0.1142805824610625964, -3.383230854298428181, 3.715423797418371699 ) ) ;
#7389 = CARTESIAN_POINT ( 'NONE',  ( -0.2294076944467708101, -5.195368396035696890, -1.727728249028840368 ) ) ;
#7390 = ORIENTED_EDGE ( 'NONE', *, *, #42, .T. ) ;
#7391 = VERTEX_POINT ( 'NONE', #4862 ) ;
#7392 = DIRECTION ( 'NONE',  ( 0.000000000000000000, 0.000000000000000000, 1.000000000000000000 ) ) ;
#7393 = CARTESIAN_POINT ( 'NONE',  ( -1.184509137126991574, -0.3149166791805155241, -5.017229452720724403 ) ) ;
#7394 = ORIENTED_EDGE ( 'NONE', *, *, #51, .F. ) ;
#7395 = EDGE_CURVE ( 'NONE', #2862, #2535, #140, .T. ) ;
#7396 = PRESENTATION_STYLE_ASSIGNMENT (( #3266 ) ) ;
#7397 = FILL_AREA_STYLE ('',( #3383 ) ) ;
#7398 = SURFACE_STYLE_USAGE ( .BOTH. , #6230 ) ;
#7399 = AXIS2_PLACEMENT_3D ( 'NONE', #5314, #5348, #5889 ) ;
#7400 = CARTESIAN_POINT ( 'NONE',  ( -0.3374999999999969691, 1.066436397168672778, 5.370133928571419801 ) ) ;
#7401 = FILL_AREA_STYLE ('',( #6563 ) ) ;
#7402 = ORIENTED_EDGE ( 'NONE', *, *, #1889, .T. ) ;
#7403 = DIRECTION ( 'NONE',  ( 0.000000000000000000, 0.000000000000000000, 1.000000000000000000 ) ) ;
#7404 = EDGE_CURVE ( 'NONE', #2544, #2457, #5242, .T. ) ;
#7405 = COLOUR_RGB ( '',0.5294117647058823595, 0.5490196078431373028, 0.5490196078431373028 ) ;
#7406 = CARTESIAN_POINT ( 'NONE',  ( 1.216873555469096146, 2.512499999999990408, -4.351777654016810715 ) ) ;
#7407 = CARTESIAN_POINT ( 'NONE',  ( 2.951763000829056837E-15, -5.250000000000000000, 0.000000000000000000 ) ) ;
#7408 = SURFACE_STYLE_USAGE ( .BOTH. , #5000 ) ;
#7409 = DIRECTION ( 'NONE',  ( -1.000000000000000000, -0.000000000000000000, -0.000000000000000000 ) ) ;
#7410 = CARTESIAN_POINT ( 'NONE',  ( -0.1137298752281216963, -1.072169428353688669, 4.909284847808306651 ) ) ;
#7411 = FACE_OUTER_BOUND ( 'NONE', #925, .T. ) ;
#7412 = PRESENTATION_STYLE_ASSIGNMENT (( #1539 ) ) ;
#7413 =( GEOMETRIC_REPRESENTATION_CONTEXT ( 3 ) GLOBAL_UNCERTAINTY_ASSIGNED_CONTEXT ( ( #6417 ) ) GLOBAL_UNIT_ASSIGNED_CONTEXT ( ( #4510, #2095, #3334 ) ) REPRESENTATION_CONTEXT ( 'NONE', 'WORKASPACE' ) );
#7414 = CARTESIAN_POINT ( 'NONE',  ( -0.3374999999999969691, 5.025000000000001243, 0.000000000000000000 ) ) ;
#7415 = CARTESIAN_POINT ( 'NONE',  ( 1.186094323803414063, 4.895853191224187384, 2.455355156608351130 ) ) ;
#7416 = VERTEX_POINT ( 'NONE', #7151 ) ;
#7417 = DIRECTION ( 'NONE',  ( 0.000000000000000000, 0.000000000000000000, 1.000000000000000000 ) ) ;
#7418 = EDGE_LOOP ( 'NONE', ( #5468, #1017 ) ) ;
#7419 = EDGE_CURVE ( 'NONE', #7561, #4836, #1514, .T. ) ;
#7420 = CARTESIAN_POINT ( 'NONE',  ( -2.299999999999996270, 0.000000000000000000, 4.500000000000002665 ) ) ;
#7421 = DIRECTION ( 'NONE',  ( -1.000000000000000000, -0.000000000000000000, -0.000000000000000000 ) ) ;
#7422 = SURFACE_STYLE_FILL_AREA ( #371 ) ;
#7423 = AXIS2_PLACEMENT_3D ( 'NONE', #4188, #694, #619 ) ;
#7424 = ORIENTED_EDGE ( 'NONE', *, *, #2025, .T. ) ;
#7425 = ORIENTED_EDGE ( 'NONE', *, *, #1234, .T. ) ;
#7426 = CARTESIAN_POINT ( 'NONE',  ( 1.216873555469063950, -2.598251301820870385, 4.821884359097818873 ) ) ;
#7427 = COLOUR_RGB ( '',0.6470588235294117974, 0.6196078431372549211, 0.5882352941176470784 ) ;
#7428 = CARTESIAN_POINT ( 'NONE',  ( -1.216873555469091261, 2.737499999999989608, -4.741489085719808649 ) ) ;
#7429 =( NAMED_UNIT ( * ) SI_UNIT ( $, .STERADIAN. ) SOLID_ANGLE_UNIT ( ) );
#7430 = STYLED_ITEM ( 'NONE', ( #2891 ), #5724 ) ;
#7431 = STYLED_ITEM ( 'NONE', ( #7611 ), #859 ) ;
#7432 =( GEOMETRIC_REPRESENTATION_CONTEXT ( 3 ) GLOBAL_UNCERTAINTY_ASSIGNED_CONTEXT ( ( #1025 ) ) GLOBAL_UNIT_ASSIGNED_CONTEXT ( ( #5548, #2628, #3753 ) ) REPRESENTATION_CONTEXT ( 'NONE', 'WORKASPACE' ) );
#7433 = EDGE_CURVE ( 'NONE', #3724, #2836, #1149, .T. ) ;
#7434 = CARTESIAN_POINT ( 'NONE',  ( -1.216873555470451507, 2.737500000000079314, 4.741489085720121288 ) ) ;
#7435 = CARTESIAN_POINT ( 'NONE',  ( 0.1623272491987297061, -4.001999606619701666, 3.736258041268507579 ) ) ;
#7436 = DIRECTION ( 'NONE',  ( 1.000000000000000000, 0.000000000000000000, 0.000000000000000000 ) ) ;
#7437 = AXIS2_PLACEMENT_3D ( 'NONE', #1225, #625, #1301 ) ;
#7438 = ORIENTED_EDGE ( 'NONE', *, *, #2369, .F. ) ;
#7439 = EDGE_CURVE ( 'NONE', #2833, #3180, #2360, .T. ) ;
#7440 = AXIS2_PLACEMENT_3D ( 'NONE', #745, #6077, #3128 ) ;
#7441 = CIRCLE ( 'NONE', #3682, 3.000000000000001776 ) ;
#7442 = DIRECTION ( 'NONE',  ( 0.000000000000000000, -0.8660254037844364872, 0.5000000000000037748 ) ) ;
#7443 =( NAMED_UNIT ( * ) SI_UNIT ( $, .STERADIAN. ) SOLID_ANGLE_UNIT ( ) );
#7444 = UNCERTAINTY_MEASURE_WITH_UNIT (LENGTH_MEASURE( 1.000000000000000082E-05 ), #6728, 'distance_accuracy_value', 'NONE');
#7445 = CARTESIAN_POINT ( 'NONE',  ( -1.237499999999993827, 2.625000000000053291, 4.546633369868272823 ) ) ;
#7446 = CARTESIAN_POINT ( 'NONE',  ( 0.1139339630336193981, 1.119681645599047037, 5.359285214701169586 ) ) ;
#7447 = CARTESIAN_POINT ( 'NONE',  ( -1.216873555469089929, 5.025000000000000355, 0.1287476580443140672 ) ) ;
#7448 = CARTESIAN_POINT ( 'NONE',  ( -0.2911530828171129959, 5.365648265731659095, 1.090297164489504755 ) ) ;
#7449 =( GEOMETRIC_REPRESENTATION_CONTEXT ( 3 ) GLOBAL_UNCERTAINTY_ASSIGNED_CONTEXT ( ( #2123 ) ) GLOBAL_UNIT_ASSIGNED_CONTEXT ( ( #7085, #6955, #4528 ) ) REPRESENTATION_CONTEXT ( 'NONE', 'WORKASPACE' ) );
#7450 =( NAMED_UNIT ( * ) SI_UNIT ( $, .STERADIAN. ) SOLID_ANGLE_UNIT ( ) );
#7451 = FACE_OUTER_BOUND ( 'NONE', #6739, .T. ) ;
#7452 = ORIENTED_EDGE ( 'NONE', *, *, #3243, .F. ) ;
#7453 = DIRECTION ( 'NONE',  ( 0.000000000000000000, 0.000000000000000000, -1.000000000000000000 ) ) ;
#7454 = ORIENTED_EDGE ( 'NONE', *, *, #4206, .T. ) ;
#7455 = CARTESIAN_POINT ( 'NONE',  ( -1.184161683695788225, 0.3155210454015561772, -5.017157959848047355 ) ) ;
#7456 = AXIS2_PLACEMENT_3D ( 'NONE', #5408, #3093, #6004 ) ;
#7457 = CARTESIAN_POINT ( 'NONE',  ( -1.216873555469091261, 2.737499999999989608, -4.741489085719808649 ) ) ;
#7458 = FACE_OUTER_BOUND ( 'NONE', #7591, .T. ) ;
#7459 = EDGE_LOOP ( 'NONE', ( #6764, #2922, #607, #4286, #2570, #451 ) ) ;
#7460 = ORIENTED_EDGE ( 'NONE', *, *, #1436, .T. ) ;
#7461 = SPHERICAL_SURFACE ( 'NONE', #481, 1.124999999999995115 ) ;
#7462 = CARTESIAN_POINT ( 'NONE',  ( -1.065237977602509822, -0.6215246106915929269, -5.441694280249717686 ) ) ;
#7463 =( NAMED_UNIT ( * ) SI_UNIT ( $, .STERADIAN. ) SOLID_ANGLE_UNIT ( ) );
#7464 = SURFACE_SIDE_STYLE ('',( #5622 ) ) ;
#7465 = FILL_AREA_STYLE ('',( #2660 ) ) ;
#7466 = CARTESIAN_POINT ( 'NONE',  ( -1.185729937395787470, -3.012996809067790327, 4.573808457111108616 ) ) ;
#7467 = EDGE_CURVE ( 'NONE', #2956, #4144, #6865, .T. ) ;
#7468 = AXIS2_PLACEMENT_3D ( 'NONE', #2131, #4497, #2785 ) ;
#7469 = DIRECTION ( 'NONE',  ( 0.000000000000000000, -0.8660254037844345998, 0.5000000000000069944 ) ) ;
#7470 = ORIENTED_EDGE ( 'NONE', *, *, #3173, .T. ) ;
#7471 = CARTESIAN_POINT ( 'NONE',  ( 1.184325193567677736, 0.3154544090215788965, 5.017188631981333025 ) ) ;
#7472 = CARTESIAN_POINT ( 'NONE',  ( 0.3375000000000029088, -5.370133928571432236, 1.066436397168616601 ) ) ;
#7473 = VERTEX_POINT ( 'NONE', #1975 ) ;
#7474 = ADVANCED_FACE ( 'NONE', ( #7411 ), #4967, .F. ) ;
#7475 = CARTESIAN_POINT ( 'NONE',  ( 2.951763000829056837E-15, 2.625000000000053291, 4.546633369868272823 ) ) ;
#7476 = STYLED_ITEM ( 'NONE', ( #4041 ), #4873 ) ;
#7477 = B_SPLINE_CURVE_WITH_KNOTS ( 'NONE', 3,
 ( #7101, #3028, #2951, #7060, #6446, #2414, #2295, #4744, #5886, #1123, #2333, #3488, #4778, #4124, #1788, #1826, #6493, #6603 ),
 .UNSPECIFIED., .F., .F.,
 ( 4, 2, 2, 2, 2, 2, 2, 2, 4 ),
 ( 0.005772523578970448731, 0.006253562060444436618, 0.006734600541918425373, 0.007215639023392413261, 0.007696677504866401148, 0.008177715986340389903, 0.008658754467814376923, 0.009139792949288365678, 0.009620831430762354433 ),
 .UNSPECIFIED. ) ;
#7478 = B_SPLINE_CURVE_WITH_KNOTS ( 'NONE', 3,
 ( #244, #5004, #7410, #2048, #3721, #1459 ),
 .UNSPECIFIED., .F., .F.,
 ( 4, 2, 4 ),
 ( 0.003069521846490039056, 0.003410565459825836213, 0.003751609073161632935 ),
 .UNSPECIFIED. ) ;
#7479 = SURFACE_STYLE_USAGE ( .BOTH. , #2041 ) ;
#7480 = STYLED_ITEM ( 'NONE', ( #2303 ), #2503 ) ;
#7481 =( GEOMETRIC_REPRESENTATION_CONTEXT ( 3 ) GLOBAL_UNCERTAINTY_ASSIGNED_CONTEXT ( ( #1569 ) ) GLOBAL_UNIT_ASSIGNED_CONTEXT ( ( #4610, #1110, #7686 ) ) REPRESENTATION_CONTEXT ( 'NONE', 'WORKASPACE' ) );
#7482 =( NAMED_UNIT ( * ) SI_UNIT ( $, .STERADIAN. ) SOLID_ANGLE_UNIT ( ) );
#7483 = PRESENTATION_LAYER_ASSIGNMENT (  '', '', ( #107 ) ) ;
#7484 = CYLINDRICAL_SURFACE ( 'NONE', #2105, 5.999999999999998224 ) ;
#7485 =( GEOMETRIC_REPRESENTATION_CONTEXT ( 3 ) GLOBAL_UNCERTAINTY_ASSIGNED_CONTEXT ( ( #710 ) ) GLOBAL_UNIT_ASSIGNED_CONTEXT ( ( #4285, #3688, #6676 ) ) REPRESENTATION_CONTEXT ( 'NONE', 'WORKASPACE' ) );
#7486 = ADVANCED_FACE ( 'NONE', ( #5604 ), #282, .T. ) ;
#7487 = AXIS2_PLACEMENT_3D ( 'NONE', #3293, #7149, #5803 ) ;
#7488 =( NAMED_UNIT ( * ) PLANE_ANGLE_UNIT ( ) SI_UNIT ( $, .RADIAN. ) );
#7489 = PRESENTATION_LAYER_ASSIGNMENT (  '', '', ( #6836 ) ) ;
#7490 =( NAMED_UNIT ( * ) SI_UNIT ( $, .STERADIAN. ) SOLID_ANGLE_UNIT ( ) );
#7491 =( NAMED_UNIT ( * ) SI_UNIT ( $, .STERADIAN. ) SOLID_ANGLE_UNIT ( ) );
#7492 = COLOUR_RGB ( '',0.5294117647058823595, 0.5490196078431373028, 0.5490196078431373028 ) ;
#7493 = DIRECTION ( 'NONE',  ( 0.000000000000000000, 0.000000000000000000, -1.000000000000000000 ) ) ;
#7494 = AXIS2_PLACEMENT_3D ( 'NONE', #7628, #7659, #1582 ) ;
#7495 = VERTEX_POINT ( 'NONE', #5155 ) ;
#7496 = CARTESIAN_POINT ( 'NONE',  ( -1.216873555469091706, 2.374758597666932314, 4.431302689732359745 ) ) ;
#7497 = ORIENTED_EDGE ( 'NONE', *, *, #4899, .F. ) ;
#7498 = ADVANCED_FACE ( 'NONE', ( #3481 ), #5881, .F. ) ;
#7499 = DIRECTION ( 'NONE',  ( 0.000000000000000000, -0.4999999999999920064, 0.8660254037844431485 ) ) ;
#7500 = MECHANICAL_DESIGN_GEOMETRIC_PRESENTATION_REPRESENTATION (  '', ( #1497 ), #4119 ) ;
#7501 = FILL_AREA_STYLE_COLOUR ( '', #2263 ) ;
#7502 = AXIS2_PLACEMENT_3D ( 'NONE', #116, #7320, #4262 ) ;
#7503 = CARTESIAN_POINT ( 'NONE',  ( 0.3164496931403874003, -4.891467399567004826, 1.152253390817057577 ) ) ;
#7504 =( NAMED_UNIT ( * ) PLANE_ANGLE_UNIT ( ) SI_UNIT ( $, .RADIAN. ) );
#7505 = PRESENTATION_STYLE_ASSIGNMENT (( #2465 ) ) ;
#7506 = ORIENTED_EDGE ( 'NONE', *, *, #6581, .T. ) ;
#7507 = ORIENTED_EDGE ( 'NONE', *, *, #4604, .F. ) ;
#7508 = MECHANICAL_DESIGN_GEOMETRIC_PRESENTATION_REPRESENTATION (  '', ( #5838 ), #7264 ) ;
#7509 = CARTESIAN_POINT ( 'NONE',  ( 1.186094323803414063, -0.3215266546760918720, -5.467610815103436828 ) ) ;
#7510 = CIRCLE ( 'NONE', #4128, 4.500000000000002665 ) ;
#7511 = CARTESIAN_POINT ( 'NONE',  ( -0.9682255742437049228, -3.938032942102127176, 3.123217765420673864 ) ) ;
#7512 = PRESENTATION_STYLE_ASSIGNMENT (( #380 ) ) ;
#7513 =( GEOMETRIC_REPRESENTATION_CONTEXT ( 3 ) GLOBAL_UNCERTAINTY_ASSIGNED_CONTEXT ( ( #7444 ) ) GLOBAL_UNIT_ASSIGNED_CONTEXT ( ( #6728, #5421, #1911 ) ) REPRESENTATION_CONTEXT ( 'NONE', 'WORKASPACE' ) );
#7514 = B_SPLINE_CURVE_WITH_KNOTS ( 'NONE', 3,
 ( #2773, #6993, #7466, #5819, #5137, #339, #5737, #2107, #4475, #4058, #2273, #6348, #6859, #2727, #1640, #1053, #5105, #499 ),
 .UNSPECIFIED., .F., .F.,
 ( 4, 2, 2, 2, 2, 2, 2, 2, 4 ),
 ( 0.005772523578963804740, 0.006253562060437139504, 0.006734600541910474268, 0.007215639023383809032, 0.007696677504857142929, 0.008177715986330477693, 0.008658754467803812457, 0.009139792949277147222, 0.009620831430750481986 ),
 .UNSPECIFIED. ) ;
#7515 = DIRECTION ( 'NONE',  ( 0.000000000000000000, -1.243449787580175641E-14, -1.000000000000000000 ) ) ;
#7516 = CARTESIAN_POINT ( 'NONE',  ( 1.102270384252428181, 5.475000000000000533, 2.506439865549668599E-22 ) ) ;
#7517 = CARTESIAN_POINT ( 'NONE',  ( 2.951763000829056837E-15, -4.546633369868282593, 2.625000000000037303 ) ) ;
#7518 = ORIENTED_EDGE ( 'NONE', *, *, #2638, .T. ) ;
#7519 = CARTESIAN_POINT ( 'NONE',  ( 0.1139339630336196202, -1.709969858110652385, 5.201117964857076004 ) ) ;
#7520 = MECHANICAL_DESIGN_GEOMETRIC_PRESENTATION_REPRESENTATION (  '', ( #7273 ), #2010 ) ;
#7521 = FILL_AREA_STYLE ('',( #3940 ) ) ;
#7522 =( NAMED_UNIT ( * ) PLANE_ANGLE_UNIT ( ) SI_UNIT ( $, .RADIAN. ) );
#7523 = FILL_AREA_STYLE ('',( #4596 ) ) ;
#7524 = EDGE_CURVE ( 'NONE', #654, #1315, #3596, .T. ) ;
#7525 = UNCERTAINTY_MEASURE_WITH_UNIT (LENGTH_MEASURE( 1.000000000000000082E-05 ), #4774, 'distance_accuracy_value', 'NONE');
#7526 = CIRCLE ( 'NONE', #7279, 5.025000000000001243 ) ;
#7527 = DIRECTION ( 'NONE',  ( 0.000000000000000000, -3.491481338843135327E-15, -1.000000000000000000 ) ) ;
#7528 = DIRECTION ( 'NONE',  ( 0.000000000000000000, -0.4999999999999950595, 0.8660254037844414832 ) ) ;
#7529 =( LENGTH_UNIT ( ) NAMED_UNIT ( * ) SI_UNIT ( .MILLI., .METRE. ) );
#7530 = PRODUCT_DEFINITION_CONTEXT ( 'detailed design', #777, 'design' ) ;
#7531 = CARTESIAN_POINT ( 'NONE',  ( 2.299999999999997158, 7.347880794884117764E-16, -5.999999999999998224 ) ) ;
#7532 = STYLED_ITEM ( 'NONE', ( #7378 ), #3363 ) ;
#7533 = UNCERTAINTY_MEASURE_WITH_UNIT (LENGTH_MEASURE( 1.000000000000000082E-05 ), #3441, 'distance_accuracy_value', 'NONE');
#7534 = DIRECTION ( 'NONE',  ( 0.000000000000000000, 3.232861005816950323E-15, 1.000000000000000000 ) ) ;
#7535 = DIRECTION ( 'NONE',  ( 0.000000000000000000, 0.000000000000000000, -1.000000000000000000 ) ) ;
#7536 = ADVANCED_FACE ( 'NONE', ( #7093 ), #6441, .T. ) ;
#7537 = CARTESIAN_POINT ( 'NONE',  ( 0.7539527812222509562, 4.172780948423701730, 3.546387310454967245 ) ) ;
#7538 = CARTESIAN_POINT ( 'NONE',  ( 1.060132804264171780, 4.019910896282927304, 3.018596205566872026 ) ) ;
#7539 = DIRECTION ( 'NONE',  ( -1.000000000000000000, -0.000000000000000000, -0.000000000000000000 ) ) ;
#7540 = ORIENTED_EDGE ( 'NONE', *, *, #1650, .T. ) ;
#7541 = CARTESIAN_POINT ( 'NONE',  ( -0.9774912523502850004, 5.075277381674317745, -2.056887232590114412 ) ) ;
#7542 = ORIENTED_EDGE ( 'NONE', *, *, #6055, .T. ) ;
#7543 = UNCERTAINTY_MEASURE_WITH_UNIT (LENGTH_MEASURE( 1.000000000000000082E-05 ), #5857, 'distance_accuracy_value', 'NONE');
#7544 = CARTESIAN_POINT ( 'NONE',  ( -0.3374999999999969691, -2.625000000000021760, -4.546633369868291474 ) ) ;
#7545 = CARTESIAN_POINT ( 'NONE',  ( -1.216873555469091261, -4.822257274929831361, -2.597605392652892142 ) ) ;
#7546 = COLOUR_RGB ( '',1.000000000000000000, 1.000000000000000000, 1.000000000000000000 ) ;
#7547 = CARTESIAN_POINT ( 'NONE',  ( 1.216873555469096146, -1.757225025545485155E-14, -5.025000000000000355 ) ) ;
#7548 = DIRECTION ( 'NONE',  ( 0.000000000000000000, -0.8660254037844450359, -0.4999999999999890643 ) ) ;
#7549 = FACE_OUTER_BOUND ( 'NONE', #6500, .T. ) ;
#7550 = CARTESIAN_POINT ( 'NONE',  ( -0.2290589410531661541, -4.782331004557221377, 1.543085156773266187 ) ) ;
#7551 = ORIENTED_EDGE ( 'NONE', *, *, #3536, .T. ) ;
#7552 = ORIENTED_EDGE ( 'NONE', *, *, #7579, .T. ) ;
#7553 = FACE_OUTER_BOUND ( 'NONE', #2605, .T. ) ;
#7554 = AXIS2_PLACEMENT_3D ( 'NONE', #7517, #4519, #7469 ) ;
#7555 = PRESENTATION_STYLE_ASSIGNMENT (( #4431 ) ) ;
#7556 = CARTESIAN_POINT ( 'NONE',  ( 1.060888576746104262, -4.020771965135014447, 3.017419481698560890 ) ) ;
#7557 = FACE_OUTER_BOUND ( 'NONE', #6171, .T. ) ;
#7558 = MECHANICAL_DESIGN_GEOMETRIC_PRESENTATION_REPRESENTATION (  '', ( #2133 ), #4046 ) ;
#7559 = CARTESIAN_POINT ( 'NONE',  ( -0.3374999999999969691, -5.183890602451881158, 1.761505952817384424 ) ) ;
#7560 = ORIENTED_EDGE ( 'NONE', *, *, #4649, .T. ) ;
#7561 = VERTEX_POINT ( 'NONE', #4075 ) ;
#7562 =( NAMED_UNIT ( * ) PLANE_ANGLE_UNIT ( ) SI_UNIT ( $, .RADIAN. ) );
#7563 =( NAMED_UNIT ( * ) PLANE_ANGLE_UNIT ( ) SI_UNIT ( $, .RADIAN. ) );
#7564 = SURFACE_SIDE_STYLE ('',( #6824 ) ) ;
#7565 =( NAMED_UNIT ( * ) SI_UNIT ( $, .STERADIAN. ) SOLID_ANGLE_UNIT ( ) );
#7566 = FILL_AREA_STYLE_COLOUR ( '', #3668 ) ;
#7567 = SURFACE_STYLE_USAGE ( .BOTH. , #1060 ) ;
#7568 = CIRCLE ( 'NONE', #4676, 4.500000000000002665 ) ;
#7569 = COLOUR_RGB ( '',0.6470588235294117974, 0.6196078431372549211, 0.5882352941176470784 ) ;
#7570 = CARTESIAN_POINT ( 'NONE',  ( 0.3164798858117178759, 1.447998357152478599, -4.812211386141425074 ) ) ;
#7571 =( NAMED_UNIT ( * ) SI_UNIT ( $, .STERADIAN. ) SOLID_ANGLE_UNIT ( ) );
#7572 = ADVANCED_FACE ( 'NONE', ( #23, #1187 ), #2982, .T. ) ;
#7573 = AXIS2_PLACEMENT_3D ( 'NONE', #3039, #2999, #3070 ) ;
#7574 = CARTESIAN_POINT ( 'NONE',  ( -2.299999999999996270, 7.347880794884118750E-16, -5.999999999999999112 ) ) ;
#7575 = CARTESIAN_POINT ( 'NONE',  ( 2.299999999999997158, 0.000000000000000000, 7.500000000000000000 ) ) ;
#7576 = PRESENTATION_STYLE_ASSIGNMENT (( #5755 ) ) ;
#7577 = FILL_AREA_STYLE_COLOUR ( '', #2847 ) ;
#7578 = CARTESIAN_POINT ( 'NONE',  ( -0.3375000000004431122, 5.344821428571457922, -1.186806174858961116 ) ) ;
#7579 = EDGE_CURVE ( 'NONE', #5067, #4056, #4350, .T. ) ;
#7580 = DIRECTION ( 'NONE',  ( 0.000000000000000000, 0.000000000000000000, 1.000000000000000000 ) ) ;
#7581 = ORIENTED_EDGE ( 'NONE', *, *, #5104, .T. ) ;
#7582 = DIRECTION ( 'NONE',  ( 0.000000000000000000, 0.000000000000000000, 1.000000000000000000 ) ) ;
#7583 = ORIENTED_EDGE ( 'NONE', *, *, #3439, .T. ) ;
#7584 = ADVANCED_FACE ( 'NONE', ( #3639 ), #3090, .T. ) ;
#7585 = CARTESIAN_POINT ( 'NONE',  ( 0.3375000000000029643, 5.025000000000001243, 0.000000000000000000 ) ) ;
#7586 = DIRECTION ( 'NONE',  ( -1.000000000000000000, -0.000000000000000000, -0.000000000000000000 ) ) ;
#7587 = DIRECTION ( 'NONE',  ( 1.000000000000000000, 0.000000000000000000, 0.000000000000000000 ) ) ;
#7588 = CYLINDRICAL_SURFACE ( 'NONE', #4968, 5.999999999999997335 ) ;
#7589 = AXIS2_PLACEMENT_3D ( 'NONE', #3472, #509, #7527 ) ;
#7590 = ORIENTED_EDGE ( 'NONE', *, *, #6641, .F. ) ;
#7591 = EDGE_LOOP ( 'NONE', ( #719, #7454, #4683, #139 ) ) ;
#7592 =( LENGTH_UNIT ( ) NAMED_UNIT ( * ) SI_UNIT ( .MILLI., .METRE. ) );
#7593 =( NAMED_UNIT ( * ) PLANE_ANGLE_UNIT ( ) SI_UNIT ( $, .RADIAN. ) );
#7594 = DIRECTION ( 'NONE',  ( -1.000000000000000000, -0.000000000000000000, -0.000000000000000000 ) ) ;
#7595 = CARTESIAN_POINT ( 'NONE',  ( -0.3374999999999969691, 2.624999999999989786, -4.546633369868309238 ) ) ;
#7596 =( GEOMETRIC_REPRESENTATION_CONTEXT ( 3 ) GLOBAL_UNCERTAINTY_ASSIGNED_CONTEXT ( ( #4180 ) ) GLOBAL_UNIT_ASSIGNED_CONTEXT ( ( #3310, #3982, #2351 ) ) REPRESENTATION_CONTEXT ( 'NONE', 'WORKASPACE' ) );
#7597 = EDGE_CURVE ( 'NONE', #6236, #3144, #1694, .T. ) ;
#7598 = DIRECTION ( 'NONE',  ( -1.000000000000000000, -0.000000000000000000, -0.000000000000000000 ) ) ;
#7599 = SURFACE_STYLE_FILL_AREA ( #6943 ) ;
#7600 = ORIENTED_EDGE ( 'NONE', *, *, #2022, .F. ) ;
#7601 = ORIENTED_EDGE ( 'NONE', *, *, #5963, .T. ) ;
#7602 = STYLED_ITEM ( 'NONE', ( #2781 ), #3773 ) ;
#7603 = DIRECTION ( 'NONE',  ( 0.000000000000000000, 0.000000000000000000, 1.000000000000000000 ) ) ;
#7604 = MECHANICAL_DESIGN_GEOMETRIC_PRESENTATION_REPRESENTATION (  '', ( #6950 ), #2511 ) ;
#7605 = SURFACE_STYLE_FILL_AREA ( #780 ) ;
#7606 = DIRECTION ( 'NONE',  ( 0.000000000000000000, -0.5000000000000008882, -0.8660254037844381525 ) ) ;
#7607 = CARTESIAN_POINT ( 'NONE',  ( 0.7438253088451922679, 3.291099724477537958, 3.798856746762270920 ) ) ;
#7608 = ADVANCED_FACE ( 'NONE', ( #5998, #5405 ), #4275, .F. ) ;
#7609 = DIRECTION ( 'NONE',  ( -1.000000000000000000, 0.000000000000000000, -0.000000000000000000 ) ) ;
#7610 = SURFACE_STYLE_FILL_AREA ( #7136 ) ;
#7611 = PRESENTATION_STYLE_ASSIGNMENT (( #3946 ) ) ;
#7612 = ORIENTED_EDGE ( 'NONE', *, *, #7144, .F. ) ;
#7613 = UNCERTAINTY_MEASURE_WITH_UNIT (LENGTH_MEASURE( 1.000000000000000082E-05 ), #2556, 'distance_accuracy_value', 'NONE');
#7614 = FACE_OUTER_BOUND ( 'NONE', #682, .T. ) ;
#7615 = FACE_OUTER_BOUND ( 'NONE', #1792, .T. ) ;
#7616 = AXIS2_PLACEMENT_3D ( 'NONE', #6691, #4917, #81 ) ;
#7617 = MECHANICAL_DESIGN_GEOMETRIC_PRESENTATION_REPRESENTATION (  '', ( #2232 ), #4844 ) ;
#7618 = SURFACE_SIDE_STYLE ('',( #6487 ) ) ;
#7619 = COLOUR_RGB ( '',1.000000000000000000, 1.000000000000000000, 1.000000000000000000 ) ;
#7620 = B_SPLINE_CURVE_WITH_KNOTS ( 'NONE', 3,
 ( #6718, #1860, #3763, #6169, #5413, #759 ),
 .UNSPECIFIED., .F., .F.,
 ( 4, 2, 4 ),
 ( 0.003069521846490039924, 0.003410565459825837080, 0.003751609073161634236 ),
 .UNSPECIFIED. ) ;
#7621 = CARTESIAN_POINT ( 'NONE',  ( -1.216873555469091261, 5.475000000000001421, -1.167353663457087917E-16 ) ) ;
#7622 = ORIENTED_EDGE ( 'NONE', *, *, #742, .F. ) ;
#7623 = PRESENTATION_LAYER_ASSIGNMENT (  '', '', ( #2860 ) ) ;
#7624 = ORIENTED_EDGE ( 'NONE', *, *, #1503, .F. ) ;
#7625 = STYLED_ITEM ( 'NONE', ( #2721 ), #4540 ) ;
#7626 = UNCERTAINTY_MEASURE_WITH_UNIT (LENGTH_MEASURE( 1.000000000000000082E-05 ), #3262, 'distance_accuracy_value', 'NONE');
#7627 = EDGE_CURVE ( 'NONE', #6061, #4428, #6198, .T. ) ;
#7628 = CARTESIAN_POINT ( 'NONE',  ( -19.92709219242683361, 0.000000000000000000, 0.000000000000000000 ) ) ;
#7629 = DIRECTION ( 'NONE',  ( 0.000000000000000000, 0.8660254037844344888, -0.5000000000000071054 ) ) ;
#7630 = SURFACE_STYLE_FILL_AREA ( #5205 ) ;
#7631 = CARTESIAN_POINT ( 'NONE',  ( 0.7438253088451916017, -3.291099724477510868, -3.798856746762294456 ) ) ;
#7632 = ORIENTED_EDGE ( 'NONE', *, *, #4529, .T. ) ;
#7633 = ORIENTED_EDGE ( 'NONE', *, *, #4325, .T. ) ;
#7634 = CARTESIAN_POINT ( 'NONE',  ( 1.216873555469097479, 2.650222503234648475, -4.272263529700810913 ) ) ;
#7635 = CARTESIAN_POINT ( 'NONE',  ( 1.186094323803414063, 0.3215266546761306188, 5.467610815103435051 ) ) ;
#7636 = AXIS2_PLACEMENT_3D ( 'NONE', #2157, #1526, #4522 ) ;
#7637 = ORIENTED_EDGE ( 'NONE', *, *, #4625, .F. ) ;
#7638 = DIRECTION ( 'NONE',  ( -0.000000000000000000, 0.000000000000000000, 1.000000000000000000 ) ) ;
#7639 = PRESENTATION_LAYER_ASSIGNMENT (  '', '', ( #4865 ) ) ;
#7640 = ADVANCED_FACE ( 'NONE', ( #3241 ), #196, .F. ) ;
#7641 = CARTESIAN_POINT ( 'NONE',  ( -0.3145222742811142891, -1.447436274275086587, 4.812380947208473536 ) ) ;
#7642 = TOROIDAL_SURFACE ( 'NONE', #502, 5.250000000000000000, 1.237499999999997158 ) ;
#7643 = ORIENTED_EDGE ( 'NONE', *, *, #305, .T. ) ;
#7644 = CARTESIAN_POINT ( 'NONE',  ( 2.951763000829056837E-15, 5.250000000000000000, 0.000000000000000000 ) ) ;
#7645 = DIRECTION ( 'NONE',  ( 1.000000000000000000, 0.000000000000000000, 0.000000000000000000 ) ) ;
#7646 = AXIS2_PLACEMENT_3D ( 'NONE', #1469, #4979, #6214 ) ;
#7647 = CARTESIAN_POINT ( 'NONE',  ( -0.1139799994183181703, 1.119676862645945459, 5.359286213971156343 ) ) ;
#7648 = CARTESIAN_POINT ( 'NONE',  ( 0.6073178872976484621, -1.037519463398079100, 4.917076161162515113 ) ) ;
#7649 = EDGE_CURVE ( 'NONE', #2266, #5056, #4073, .T. ) ;
#7650 = VERTEX_POINT ( 'NONE', #1965 ) ;
#7651 =( GEOMETRIC_REPRESENTATION_CONTEXT ( 3 ) GLOBAL_UNCERTAINTY_ASSIGNED_CONTEXT ( ( #4071 ) ) GLOBAL_UNIT_ASSIGNED_CONTEXT ( ( #2049, #7375, #7490 ) ) REPRESENTATION_CONTEXT ( 'NONE', 'WORKASPACE' ) );
#7652 =( NAMED_UNIT ( * ) SI_UNIT ( $, .STERADIAN. ) SOLID_ANGLE_UNIT ( ) );
#7653 = FILL_AREA_STYLE ('',( #1073 ) ) ;
#7654 = SURFACE_STYLE_USAGE ( .BOTH. , #1074 ) ;
#7655 = COLOUR_RGB ( '',0.5294117647058823595, 0.5490196078431373028, 0.5490196078431373028 ) ;
#7656 = PRESENTATION_STYLE_ASSIGNMENT (( #6490 ) ) ;
#7657 = ORIENTED_EDGE ( 'NONE', *, *, #3355, .T. ) ;
#7658 = SURFACE_STYLE_FILL_AREA ( #4163 ) ;
#7659 = DIRECTION ( 'NONE',  ( -1.000000000000000000, -0.000000000000000000, -0.000000000000000000 ) ) ;
#7660 = PRESENTATION_STYLE_ASSIGNMENT (( #1161 ) ) ;
#7662 = EDGE_CURVE ( 'NONE', #6480, #6583, #4958, .T. ) ;
#7661 = CARTESIAN_POINT ( 'NONE',  ( 1.216873555469095924, -2.512500000000020162, -4.351777654016792063 ) ) ;
#7663 = ORIENTED_EDGE ( 'NONE', *, *, #6669, .T. ) ;
#7664 = ORIENTED_EDGE ( 'NONE', *, *, #4807, .F. ) ;
#7665 = ORIENTED_EDGE ( 'NONE', *, *, #3562, .F. ) ;
#7666 = MECHANICAL_DESIGN_GEOMETRIC_PRESENTATION_REPRESENTATION (  '', ( #4403 ), #2297 ) ;
#7667 = FACE_OUTER_BOUND ( 'NONE', #3037, .T. ) ;
#7668 = CARTESIAN_POINT ( 'NONE',  ( 1.216873555469096146, -4.351777654016819596, -2.512499999999974865 ) ) ;
#7669 = CARTESIAN_POINT ( 'NONE',  ( -0.3374999999999970246, 1.021228243303316408, 4.920133928571419624 ) ) ;
#7670 =( LENGTH_UNIT ( ) NAMED_UNIT ( * ) SI_UNIT ( .MILLI., .METRE. ) );
#7671 = STYLED_ITEM ( 'NONE', ( #5499 ), #958 ) ;
#7672 = EDGE_LOOP ( 'NONE', ( #1204, #2851, #4710, #6258, #1770 ) ) ;
#7673 = ORIENTED_EDGE ( 'NONE', *, *, #2281, .F. ) ;
#7674 =( NAMED_UNIT ( * ) SI_UNIT ( $, .STERADIAN. ) SOLID_ANGLE_UNIT ( ) );
#7675 =( NAMED_UNIT ( * ) PLANE_ANGLE_UNIT ( ) SI_UNIT ( $, .RADIAN. ) );
#7676 = CARTESIAN_POINT ( 'NONE',  ( -0.7428168631732741112, 3.291643385024404012, 3.798378139304446233 ) ) ;
#7677 = EDGE_CURVE ( 'NONE', #5140, #7361, #7705, .T. ) ;
#7678 = CARTESIAN_POINT ( 'NONE',  ( -0.1161341008350751380, 4.081496609502091921, 3.649247927219259502 ) ) ;
#7679 = FACE_BOUND ( 'NONE', #2846, .T. ) ;
#7680 = ORIENTED_EDGE ( 'NONE', *, *, #2531, .T. ) ;
#7681 = CARTESIAN_POINT ( 'NONE',  ( -0.3374999999999969691, -5.370133928571430459, 1.066436397168616601 ) ) ;
#7682 = MECHANICAL_DESIGN_GEOMETRIC_PRESENTATION_REPRESENTATION (  '', ( #2437 ), #2180 ) ;
#7683 = DIRECTION ( 'NONE',  ( 0.000000000000000000, 0.000000000000000000, 1.000000000000000000 ) ) ;
#7684 = PRESENTATION_LAYER_ASSIGNMENT (  '', '', ( #2175 ) ) ;
#7685 = ADVANCED_FACE ( 'NONE', ( #5596, #2668 ), #1103, .T. ) ;
#7686 =( NAMED_UNIT ( * ) SI_UNIT ( $, .STERADIAN. ) SOLID_ANGLE_UNIT ( ) );
#7687 = MECHANICAL_DESIGN_GEOMETRIC_PRESENTATION_REPRESENTATION (  '', ( #7051 ), #180 ) ;
#7688 = DIRECTION ( 'NONE',  ( -0.000000000000000000, 0.000000000000000000, 1.000000000000000000 ) ) ;
#7689 = CARTESIAN_POINT ( 'NONE',  ( 0.3164798858117183200, 4.812211386141440173, 1.447998357152428417 ) ) ;
#7690 = ORIENTED_EDGE ( 'NONE', *, *, #5372, .F. ) ;
#7691 = UNCERTAINTY_MEASURE_WITH_UNIT (LENGTH_MEASURE( 1.000000000000000082E-05 ), #7670, 'distance_accuracy_value', 'NONE');
#7692 = CARTESIAN_POINT ( 'NONE',  ( 0.3375000000000029643, -1.833027702892645012E-14, -5.250000000000000000 ) ) ;
#7693 = DIRECTION ( 'NONE',  ( 0.000000000000000000, 8.082152514542375808E-16, -1.000000000000000000 ) ) ;
#7694 = DIRECTION ( 'NONE',  ( -1.000000000000000000, -0.000000000000000000, -0.000000000000000000 ) ) ;
#7695 = CARTESIAN_POINT ( 'NONE',  ( -0.9766114375335407383, 0.7570936219631004827, -5.423627890649914463 ) ) ;
#7696 = CARTESIAN_POINT ( 'NONE',  ( 0.8186047816909625130, 5.395462402838510307, 0.9542582666960723881 ) ) ;
#7697 = MECHANICAL_DESIGN_GEOMETRIC_PRESENTATION_REPRESENTATION (  '', ( #5903 ), #3060 ) ;
#7698 = CARTESIAN_POINT ( 'NONE',  ( 2.951763000829056837E-15, 5.250000000000000000, 0.000000000000000000 ) ) ;
#7699 = ORIENTED_EDGE ( 'NONE', *, *, #4396, .F. ) ;
#7700 = ORIENTED_EDGE ( 'NONE', *, *, #1451, .F. ) ;
#7701 =( NAMED_UNIT ( * ) SI_UNIT ( $, .STERADIAN. ) SOLID_ANGLE_UNIT ( ) );
#7702 = ORIENTED_EDGE ( 'NONE', *, *, #4575, .F. ) ;
#7703 =( NAMED_UNIT ( * ) PLANE_ANGLE_UNIT ( ) SI_UNIT ( $, .RADIAN. ) );
#7704 = CARTESIAN_POINT ( 'NONE',  ( 2.951763000829056837E-15, 0.000000000000000000, 5.250000000000000000 ) ) ;
#7705 = CIRCLE ( 'NONE', #449, 0.1999999999999987899 ) ;
#7706 = DIRECTION ( 'NONE',  ( 0.000000000000000000, -0.4999999999999948375, 0.8660254037844415942 ) ) ;
#7707 = ORIENTED_EDGE ( 'NONE', *, *, #3223, .T. ) ;
#7708 = ORIENTED_EDGE ( 'NONE', *, *, #4807, .T. ) ;
#7709 = CARTESIAN_POINT ( 'NONE',  ( 0.3375000000000030753, 4.771575093816242230, 1.575657362522871141 ) ) ;
#7710 = AXIS2_PLACEMENT_3D ( 'NONE', #1853, #422, #2156 ) ;
#7711 = PRESENTATION_STYLE_ASSIGNMENT (( #6202 ) ) ;
#7712 = EDGE_CURVE ( 'NONE', #6518, #6173, #6240, .T. ) ;
#7713 = CARTESIAN_POINT ( 'NONE',  ( -0.6093760513610128049, -1.036505035817470555, 4.917295853251179238 ) ) ;
#7714 = CLOSED_SHELL ( 'NONE', ( #1039, #4372, #4022, #5891 ) ) ;
#7715 = VERTEX_POINT ( 'NONE', #2858 ) ;
#7716 = DIRECTION ( 'NONE',  ( -1.000000000000000000, 0.000000000000000000, -0.000000000000000000 ) ) ;
#7717 = B_SPLINE_CURVE_WITH_KNOTS ( 'NONE', 3,
 ( #6884, #3920, #884, #6286, #7146, #557 ),
 .UNSPECIFIED., .F., .F.,
 ( 4, 2, 4 ),
 ( 0.005772523578970450465, 0.006564772213267035944, 0.007357020847563620555 ),
 .UNSPECIFIED. ) ;
#7718 = CARTESIAN_POINT ( 'NONE',  ( 0.9768424931114998433, -4.318622634113516767, -3.367263331461655795 ) ) ;
#7719 = DIRECTION ( 'NONE',  ( -1.000000000000000000, 0.000000000000000000, -0.000000000000000000 ) ) ;
#7720 = UNCERTAINTY_MEASURE_WITH_UNIT (LENGTH_MEASURE( 1.000000000000000082E-05 ), #1532, 'distance_accuracy_value', 'NONE');
#7721 = FACE_OUTER_BOUND ( 'NONE', #3077, .T. ) ;
#7722 = ADVANCED_FACE ( 'NONE', ( #2821, #5267 ), #7005, .F. ) ;
#7723 = CARTESIAN_POINT ( 'NONE',  ( 0.3375000000000029088, -1.066436397168560424, 5.370133928571443782 ) ) ;
#7724 = DIRECTION ( 'NONE',  ( 0.000000000000000000, 0.000000000000000000, 1.000000000000000000 ) ) ;
#7725 = B_SPLINE_CURVE_WITH_KNOTS ( 'NONE', 3,
 ( #7734, #1751, #4130, #1197, #602, #4169 ),
 .UNSPECIFIED., .F., .F.,
 ( 4, 2, 4 ),
 ( 0.003144056225732841815, 0.003485646593205895660, 0.003827236960678949505 ),
 .UNSPECIFIED. ) ;
#7726 = ORIENTED_EDGE ( 'NONE', *, *, #584, .T. ) ;
#7727 = CARTESIAN_POINT ( 'NONE',  ( 0.1145010564399762260, -3.649378680895810412, 4.081379699453886900 ) ) ;
#7728 = CARTESIAN_POINT ( 'NONE',  ( 0.3145222742842063157, -4.891362290108568267, -1.152673889721727019 ) ) ;
#7729 = AXIS2_PLACEMENT_3D ( 'NONE', #673, #5118, #3282 ) ;
#7730 = DIRECTION ( 'NONE',  ( 0.000000000000000000, 0.000000000000000000, 1.000000000000000000 ) ) ;
#7731 = MECHANICAL_DESIGN_GEOMETRIC_PRESENTATION_REPRESENTATION (  '', ( #1477 ), #1236 ) ;
#7732 = CARTESIAN_POINT ( 'NONE',  ( 0.9768424931114066956, 0.7568242692210002120, -5.423668576231581717 ) ) ;
#7733 = PRESENTATION_LAYER_ASSIGNMENT (  '', '', ( #3343 ) ) ;
#7734 = CARTESIAN_POINT ( 'NONE',  ( 0.3375000000000029088, 1.761505952817403520, 5.183890602451876717 ) ) ;
#7735 = FILL_AREA_STYLE ('',( #1162 ) ) ;
#7736 =( GEOMETRIC_REPRESENTATION_CONTEXT ( 3 ) GLOBAL_UNCERTAINTY_ASSIGNED_CONTEXT ( ( #4991 ) ) GLOBAL_UNIT_ASSIGNED_CONTEXT ( ( #2597, #3875, #1535 ) ) REPRESENTATION_CONTEXT ( 'NONE', 'WORKASPACE' ) );
#7737 = DIRECTION ( 'NONE',  ( -1.000000000000000000, -0.000000000000000000, -0.000000000000000000 ) ) ;
#7738 = ADVANCED_FACE ( 'NONE', ( #4029 ), #427, .T. ) ;
#7739 = ORIENTED_EDGE ( 'NONE', *, *, #7404, .T. ) ;
ENDSEC;
END-ISO-10303-21;
