ISO-10303-21;
HEADER;
FILE_DESCRIPTION (( 'STEP AP214' ),
    '1' );
FILE_NAME ('Spike Gribe.step',
    '2023-08-15T02:57:16',
    ( '' ),
    ( '' ),
    'SwSTEP 2.0',
    'SolidWorks 2022',
    '' );
FILE_SCHEMA (( 'AUTOMOTIVE_DESIGN' ));
ENDSEC;

DATA;
#1 =( LENGTH_UNIT ( ) NAMED_UNIT ( * ) SI_UNIT ( .MILLI., .METRE. ) );
#2 = CARTESIAN_POINT ( 'NONE',  ( 92.24200074518137171, -133.6815034727339651, 29.50000000000008171 ) ) ;
#3 = PLANE ( 'NONE',  #569 ) ;
#4 = PRESENTATION_STYLE_ASSIGNMENT (( #1715 ) ) ;
#5 = CARTESIAN_POINT ( 'NONE',  ( 96.18157680928949560, -73.96408253264866062, 24.95888247605761379 ) ) ;
#6 = CARTESIAN_POINT ( 'NONE',  ( 93.18264386069807870, -75.34292963882754179, 22.74994416040783562 ) ) ;
#7 = LINE ( 'NONE', #3369, #1322 ) ;
#8 = VERTEX_POINT ( 'NONE', #3144 ) ;
#9 = CARTESIAN_POINT ( 'NONE',  ( 111.6051885039518936, -36.02654818271974335, 30.49999999999984368 ) ) ;
#10 = ORIENTED_EDGE ( 'NONE', *, *, #2707, .F. ) ;
#11 = CARTESIAN_POINT ( 'NONE',  ( 92.76708169000880844, -133.5057272994649225, 28.29614224323601235 ) ) ;
#12 = CARTESIAN_POINT ( 'NONE',  ( 95.04182862160236311, -70.42411483596335131, 23.34257411879303135 ) ) ;
#13 = CARTESIAN_POINT ( 'NONE',  ( 112.8663155788789680, -38.17371018110072356, 30.49999999999997868 ) ) ;
#14 = VECTOR ( 'NONE', #580, 1000.000000000000000 ) ;
#15 = CARTESIAN_POINT ( 'NONE',  ( 98.62982801599078186, -82.94134940910181797, 29.43461146493751102 ) ) ;
#16 = SURFACE_STYLE_USAGE ( .BOTH. , #605 ) ;
#17 = CARTESIAN_POINT ( 'NONE',  ( 117.1296869138527370, -97.00640604179403681, 19.49999999999985079 ) ) ;
#18 = ORIENTED_EDGE ( 'NONE', *, *, #1448, .T. ) ;
#19 =( NAMED_UNIT ( * ) PLANE_ANGLE_UNIT ( ) SI_UNIT ( $, .RADIAN. ) );
#20 = DIRECTION ( 'NONE',  ( 0.5947417580807264903, 0.8039168123599895743, 0.000000000000000000 ) ) ;
#21 = ADVANCED_FACE ( 'NONE', ( #3382 ), #3, .T. ) ;
#22 =( NAMED_UNIT ( * ) SI_UNIT ( $, .STERADIAN. ) SOLID_ANGLE_UNIT ( ) );
#23 = EDGE_LOOP ( 'NONE', ( #2577, #1790, #2532, #3483, #2086 ) ) ;
#24 = CARTESIAN_POINT ( 'NONE',  ( 94.33100948111717798, -129.0019558473652808, 26.23205080756873997 ) ) ;
#25 = ORIENTED_EDGE ( 'NONE', *, *, #3107, .T. ) ;
#26 = CARTESIAN_POINT ( 'NONE',  ( 89.25295775444674007, -135.0494992548214839, 26.14904260102596112 ) ) ;
#27 = CARTESIAN_POINT ( 'NONE',  ( 96.49082732662991191, -71.62666557152826385, 22.83892391060212645 ) ) ;
#28 = LINE ( 'NONE', #2282, #1786 ) ;
#29 =( GEOMETRIC_REPRESENTATION_CONTEXT ( 3 ) GLOBAL_UNCERTAINTY_ASSIGNED_CONTEXT ( ( #1567 ) ) GLOBAL_UNIT_ASSIGNED_CONTEXT ( ( #1, #1464, #2786 ) ) REPRESENTATION_CONTEXT ( 'NONE', 'WORKASPACE' ) );
#30 = EDGE_CURVE ( 'NONE', #3156, #1544, #1937, .T. ) ;
#31 = AXIS2_PLACEMENT_3D ( 'NONE', #2507, #1394, #2784 ) ;
#32 = VECTOR ( 'NONE', #3364, 1000.000000000000000 ) ;
#33 = CARTESIAN_POINT ( 'NONE',  ( 101.5507013574235060, -81.46320343559543176, 18.50000000000029488 ) ) ;
#34 = CARTESIAN_POINT ( 'NONE',  ( 72.17950288298720807, -136.1194164493938956, 29.49999999999985789 ) ) ;
#35 = ORIENTED_EDGE ( 'NONE', *, *, #181, .F. ) ;
#36 = VECTOR ( 'NONE', #2955, 1000.000000000000114 ) ;
#37 = SURFACE_STYLE_FILL_AREA ( #1445 ) ;
#38 = ORIENTED_EDGE ( 'NONE', *, *, #920, .T. ) ;
#39 = CARTESIAN_POINT ( 'NONE',  ( 93.27388864481093833, -75.41449718192012597, 22.76130272466791737 ) ) ;
#40 = VERTEX_POINT ( 'NONE', #1155 ) ;
#41 = EDGE_LOOP ( 'NONE', ( #3178, #2593 ) ) ;
#42 = CARTESIAN_POINT ( 'NONE',  ( 101.7324178430387747, -78.53945594787721518, 18.49999999999994316 ) ) ;
#43 = VERTEX_POINT ( 'NONE', #2269 ) ;
#44 = CARTESIAN_POINT ( 'NONE',  ( 114.7203520282442355, -123.8466768647909078, 29.49999999999989342 ) ) ;
#45 = ORIENTED_EDGE ( 'NONE', *, *, #2867, .T. ) ;
#46 = VECTOR ( 'NONE', #644, 1000.000000000000000 ) ;
#47 = CARTESIAN_POINT ( 'NONE',  ( 92.47129647047908918, -136.5847659528198221, 27.96410161513784942 ) ) ;
#48 = UNCERTAINTY_MEASURE_WITH_UNIT (LENGTH_MEASURE( 1.000000000000000082E-05 ), #2759, 'distance_accuracy_value', 'NONE');
#49 = VECTOR ( 'NONE', #3052, 1000.000000000000000 ) ;
#50 = SURFACE_STYLE_FILL_AREA ( #291 ) ;
#51 = CARTESIAN_POINT ( 'NONE',  ( 97.07374420285654537, -132.2639006984545347, 29.49999999999991473 ) ) ;
#52 = LINE ( 'NONE', #2920, #1169 ) ;
#53 =( NAMED_UNIT ( * ) SI_UNIT ( $, .STERADIAN. ) SOLID_ANGLE_UNIT ( ) );
#54 = EDGE_LOOP ( 'NONE', ( #866, #3299, #2956, #2766 ) ) ;
#55 = DIRECTION ( 'NONE',  ( 0.4804171697247118233, 0.1385616939622891508, 0.8660254037844377084 ) ) ;
#56 = ORIENTED_EDGE ( 'NONE', *, *, #295, .F. ) ;
#57 = LINE ( 'NONE', #2310, #249 ) ;
#58 = VERTEX_POINT ( 'NONE', #538 ) ;
#59 = CARTESIAN_POINT ( 'NONE',  ( 73.45902549786467262, -25.11161143896455172, 18.49999999999978328 ) ) ;
#60 = ORIENTED_EDGE ( 'NONE', *, *, #3121, .F. ) ;
#61 = PRESENTATION_STYLE_ASSIGNMENT (( #335 ) ) ;
#62 = CARTESIAN_POINT ( 'NONE',  ( 101.7766535200588720, -78.59816249798869592, 29.17408419701946087 ) ) ;
#63 = ORIENTED_EDGE ( 'NONE', *, *, #1938, .F. ) ;
#64 = EDGE_CURVE ( 'NONE', #3574, #1285, #3215, .T. ) ;
#65 = CARTESIAN_POINT ( 'NONE',  ( 92.25854142209242070, -74.61002281725397722, 25.89290633241752460 ) ) ;
#66 = CARTESIAN_POINT ( 'NONE',  ( 94.87968894828605926, -70.28877688898320741, 25.38237438068358287 ) ) ;
#67 =( NAMED_UNIT ( * ) SI_UNIT ( $, .STERADIAN. ) SOLID_ANGLE_UNIT ( ) );
#68 = CARTESIAN_POINT ( 'NONE',  ( 107.8776047326234959, -127.2299392172739090, 19.50000000000007105 ) ) ;
#69 = CARTESIAN_POINT ( 'NONE',  ( 96.03324153601825230, -80.00322579751281182, 28.49999999999995737 ) ) ;
#70 = MECHANICAL_DESIGN_GEOMETRIC_PRESENTATION_REPRESENTATION (  '', ( #3273 ), #1549 ) ;
#71 = DIRECTION ( 'NONE',  ( 0.8053300976287619539, 0.2322729276936516818, 0.5454289329636523576 ) ) ;
#72 = MECHANICAL_DESIGN_GEOMETRIC_PRESENTATION_REPRESENTATION (  '', ( #1958 ), #1030 ) ;
#73 = ORIENTED_EDGE ( 'NONE', *, *, #3242, .F. ) ;
#74 =( NAMED_UNIT ( * ) SI_UNIT ( $, .STERADIAN. ) SOLID_ANGLE_UNIT ( ) );
#75 = FILL_AREA_STYLE ('',( #2352 ) ) ;
#76 = CARTESIAN_POINT ( 'NONE',  ( 87.68908644265781049, -66.81470990779041585, 30.49999999999996803 ) ) ;
#77 = VERTEX_POINT ( 'NONE', #1196 ) ;
#78 = EDGE_CURVE ( 'NONE', #151, #2278, #2661, .T. ) ;
#79 =( LENGTH_UNIT ( ) NAMED_UNIT ( * ) SI_UNIT ( .MILLI., .METRE. ) );
#80 = CARTESIAN_POINT ( 'NONE',  ( 95.70286893016550778, -70.97419475927709698, 22.79595526395533511 ) ) ;
#81 = ORIENTED_EDGE ( 'NONE', *, *, #2436, .T. ) ;
#82 = CARTESIAN_POINT ( 'NONE',  ( 92.71584792678146414, -137.5591281724409214, 24.50000000000007816 ) ) ;
#83 = EDGE_CURVE ( 'NONE', #1979, #2386, #2363, .T. ) ;
#84 = CARTESIAN_POINT ( 'NONE',  ( 95.87984930183232279, -71.12102233081824920, 26.25016841660714206 ) ) ;
#85 = CARTESIAN_POINT ( 'NONE',  ( 96.79408739628736669, -130.1591348673016455, 29.49999999999991473 ) ) ;
#86 = COLOUR_RGB ( '',0.7529411764705882248, 0.7529411764705882248, 0.7529411764705882248 ) ;
#87 =( LENGTH_UNIT ( ) NAMED_UNIT ( * ) SI_UNIT ( .MILLI., .METRE. ) );
#88 = CARTESIAN_POINT ( 'NONE',  ( 97.07097577282554823, -155.6011440195647140, 43.63192713316127680 ) ) ;
#89 =( GEOMETRIC_REPRESENTATION_CONTEXT ( 3 ) GLOBAL_UNCERTAINTY_ASSIGNED_CONTEXT ( ( #2301 ) ) GLOBAL_UNIT_ASSIGNED_CONTEXT ( ( #2942, #1540, #670 ) ) REPRESENTATION_CONTEXT ( 'NONE', 'WORKASPACE' ) );
#90 = CARTESIAN_POINT ( 'NONE',  ( 95.68939118739739058, -73.55846779045548089, 25.89165922629693029 ) ) ;
#91 = EDGE_LOOP ( 'NONE', ( #3549, #687, #348, #1186 ) ) ;
#92 = COLOUR_RGB ( '',0.2000000000000000111, 0.2000000000000000111, 0.2000000000000000111 ) ;
#93 = VECTOR ( 'NONE', #1149, 1000.000000000000000 ) ;
#94 = LINE ( 'NONE', #3195, #3147 ) ;
#95 = ORIENTED_EDGE ( 'NONE', *, *, #78, .T. ) ;
#96 = EDGE_CURVE ( 'NONE', #3076, #3500, #2327, .T. ) ;
#97 = MECHANICAL_DESIGN_GEOMETRIC_PRESENTATION_REPRESENTATION (  '', ( #2164 ), #2227 ) ;
#98 = DIRECTION ( 'NONE',  ( 0.4211845576588412743, 0.1214778518707158306, 0.8988029260603253023 ) ) ;
#99 = DIRECTION ( 'NONE',  ( -0.8544982415528432629, 0.000000000000000000, -0.5194542859416011460 ) ) ;
#100 = ORIENTED_EDGE ( 'NONE', *, *, #1313, .T. ) ;
#101 = SURFACE_STYLE_FILL_AREA ( #2618 ) ;
#102 = CARTESIAN_POINT ( 'NONE',  ( 91.59015514392176271, -76.67938992591885494, 30.50000000000002842 ) ) ;
#103 = MECHANICAL_DESIGN_GEOMETRIC_PRESENTATION_REPRESENTATION (  '', ( #1240 ), #1602 ) ;
#104 = CARTESIAN_POINT ( 'NONE',  ( 111.2618478616258102, -88.09048286779213299, 29.49999999999985789 ) ) ;
#105 = DIRECTION ( 'NONE',  ( 1.069224673517275008E-30, 1.000000000000000000, -1.619705569875463962E-15 ) ) ;
#106 =( NAMED_UNIT ( * ) SI_UNIT ( $, .STERADIAN. ) SOLID_ANGLE_UNIT ( ) );
#107 = CARTESIAN_POINT ( 'NONE',  ( 101.0505733381278333, -77.98780810671371455, 29.43461146493798353 ) ) ;
#108 = COLOUR_RGB ( '',0.7529411764705882248, 0.7529411764705882248, 0.7529411764705882248 ) ;
#109 = PLANE ( 'NONE',  #758 ) ;
#110 = B_SPLINE_CURVE_WITH_KNOTS ( 'NONE', 3,
 ( #1595, #2174, #3620, #2133, #211, #1095, #2210, #1633, #742, #2725, #2965, #1351, #193, #427, #2687, #3321, #1297, #2411, #1851, #2472, #3608, #819, #1927, #530, #3061, #1648, #3350, #1338, #219, #2180 ),
 .UNSPECIFIED., .F., .F.,
 ( 4, 2, 2, 2, 2, 2, 2, 2, 2, 2, 2, 2, 2, 2, 4 ),
 ( 6.938893903907227607E-18, 0.0003420349664577679934, 0.0006840699329155290479, 0.001026104899373289940, 0.001368139865831051157, 0.002052209798746614574, 0.002736279731662177774, 0.003078314698119942894, 0.003420349664577708448, 0.003762384631035473569, 0.004104419597493238689, 0.004446454563951003809, 0.004788489530408769797, 0.005130524496866534917, 0.005472559463324300037 ),
 .UNSPECIFIED. ) ;
#111 = VERTEX_POINT ( 'NONE', #1820 ) ;
#112 = EDGE_CURVE ( 'NONE', #2422, #504, #3473, .T. ) ;
#113 = CARTESIAN_POINT ( 'NONE',  ( 96.07574630199852095, -134.0159004949368295, 24.50000000000007816 ) ) ;
#114 = FACE_OUTER_BOUND ( 'NONE', #1218, .T. ) ;
#115 = DIRECTION ( 'NONE',  ( -0.8321069467916393236, -0.2399958939254938917, -0.4999999999999991673 ) ) ;
#116 = ORIENTED_EDGE ( 'NONE', *, *, #2315, .T. ) ;
#117 = DIRECTION ( 'NONE',  ( 0.8544982415528463715, 0.000000000000000000, 0.5194542859415960390 ) ) ;
#118 = CARTESIAN_POINT ( 'NONE',  ( 89.38978525984583712, -74.84939958618370781, 19.83333333333379755 ) ) ;
#119 = PLANE ( 'NONE',  #3089 ) ;
#120 = ORIENTED_EDGE ( 'NONE', *, *, #2754, .F. ) ;
#121 = CARTESIAN_POINT ( 'NONE',  ( 94.00688811246207877, -75.98452977853318657, 25.81749096718468905 ) ) ;
#122 = B_SPLINE_CURVE_WITH_KNOTS ( 'NONE', 3,
 ( #2427, #1226, #486, #964, #2325, #1036, #741, #2985, #2345, #1869 ),
 .UNSPECIFIED., .F., .F.,
 ( 4, 2, 2, 2, 4 ),
 ( 0.000000000000000000, 0.0003911928914890907779, 0.0007823857829781815558, 0.001173578674467272388, 0.001564771565956363112 ),
 .UNSPECIFIED. ) ;
#123 = CARTESIAN_POINT ( 'NONE',  ( 89.97198294617606962, -130.9877177243912740, 5.368072866838824453 ) ) ;
#124 = CARTESIAN_POINT ( 'NONE',  ( 96.88051081678321452, -71.94841002708534461, 25.89166497215367002 ) ) ;
#125 = ORIENTED_EDGE ( 'NONE', *, *, #2973, .T. ) ;
#126 = CARTESIAN_POINT ( 'NONE',  ( 92.22858845744703160, -133.6513526703303683, 28.36132134772266511 ) ) ;
#127 = PRESENTATION_STYLE_ASSIGNMENT (( #2938 ) ) ;
#128 = UNCERTAINTY_MEASURE_WITH_UNIT (LENGTH_MEASURE( 1.000000000000000082E-05 ), #2669, 'distance_accuracy_value', 'NONE');
#129 = CARTESIAN_POINT ( 'NONE',  ( 72.45885238395726446, -137.0879691047654489, 19.49999999999963052 ) ) ;
#130 = EDGE_CURVE ( 'NONE', #3320, #3099, #1467, .T. ) ;
#131 = PRESENTATION_LAYER_ASSIGNMENT (  '', '', ( #482 ) ) ;
#132 = EDGE_CURVE ( 'NONE', #1203, #375, #2588, .T. ) ;
#133 = PLANE ( 'NONE',  #823 ) ;
#134 = EDGE_LOOP ( 'NONE', ( #3277, #1160 ) ) ;
#135 = PLANE ( 'NONE',  #3351 ) ;
#136 = CARTESIAN_POINT ( 'NONE',  ( 73.21455920106772908, -19.82441021913182411, 18.49999999999991118 ) ) ;
#137 = EDGE_LOOP ( 'NONE', ( #2070, #2836, #1705, #202 ) ) ;
#138 = DIRECTION ( 'NONE',  ( 0.000000000000000000, -1.619705569875463962E-15, -1.000000000000000000 ) ) ;
#139 = PRESENTATION_STYLE_ASSIGNMENT (( #2657 ) ) ;
#140 = CARTESIAN_POINT ( 'NONE',  ( 91.72304434173943832, -76.73951526228455577, 22.74984091078198745 ) ) ;
#141 = CARTESIAN_POINT ( 'NONE',  ( 90.63826960134232991, -134.0553612814759958, 28.04732328973291899 ) ) ;
#142 = CARTESIAN_POINT ( 'NONE',  ( 87.63181833971493973, 2.013218630221460970, 30.49999999999995737 ) ) ;
#143 = EDGE_CURVE ( 'NONE', #1890, #3552, #987, .T. ) ;
#144 = CARTESIAN_POINT ( 'NONE',  ( 6.938893903907228378E-15, -34.46320343559613519, 30.49999999999992895 ) ) ;
#145 = EDGE_LOOP ( 'NONE', ( #3199, #3587, #2167, #2319, #293 ) ) ;
#146 = AXIS2_PLACEMENT_3D ( 'NONE', #2087, #2055, #2351 ) ;
#147 = CARTESIAN_POINT ( 'NONE',  ( 101.7324178430387747, -78.53945594787721518, 18.50000000000005684 ) ) ;
#148 =( NAMED_UNIT ( * ) SI_UNIT ( $, .STERADIAN. ) SOLID_ANGLE_UNIT ( ) );
#149 =( LENGTH_UNIT ( ) NAMED_UNIT ( * ) SI_UNIT ( .MILLI., .METRE. ) );
#150 = CARTESIAN_POINT ( 'NONE',  ( 123.4264543458774597, -27.88995987435480117, 18.50000000000001776 ) ) ;
#151 = VERTEX_POINT ( 'NONE', #1772 ) ;
#152 = CARTESIAN_POINT ( 'NONE',  ( 89.38978525984630608, -74.84939958618370781, 29.49999999999985789 ) ) ;
#153 = VECTOR ( 'NONE', #71, 1000.000000000000114 ) ;
#154 = FILL_AREA_STYLE_COLOUR ( '', #1087 ) ;
#155 = EDGE_LOOP ( 'NONE', ( #1716, #1397, #1995, #3041 ) ) ;
#156 = DIRECTION ( 'NONE',  ( 0.4526180626847082777, 0.000000000000000000, 0.8917044854275106847 ) ) ;
#157 = PRESENTATION_LAYER_ASSIGNMENT (  '', '', ( #2164 ) ) ;
#158 = CARTESIAN_POINT ( 'NONE',  ( 101.5507013574235060, -81.46320343559543176, 18.50000000000029488 ) ) ;
#159 = PLANE ( 'NONE',  #2688 ) ;
#160 = CYLINDRICAL_SURFACE ( 'NONE', #671, 0.5000000000000021094 ) ;
#161 = CARTESIAN_POINT ( 'NONE',  ( 98.21995897282290855, -34.46320343559615651, 30.49999999999961631 ) ) ;
#162 = ORIENTED_EDGE ( 'NONE', *, *, #2998, .T. ) ;
#163 = AXIS2_PLACEMENT_3D ( 'NONE', #408, #676, #979 ) ;
#164 = CARTESIAN_POINT ( 'NONE',  ( 87.63181833971498236, 2.013218630221469407, 30.49999999999998579 ) ) ;
#165 = CARTESIAN_POINT ( 'NONE',  ( 103.2552023107991630, -82.63149550843165514, 29.49999999999985789 ) ) ;
#166 = DIRECTION ( 'NONE',  ( 0.1497831270185397412, -0.9887188755457985145, 0.000000000000000000 ) ) ;
#167 = ORIENTED_EDGE ( 'NONE', *, *, #2165, .F. ) ;
#168 = CARTESIAN_POINT ( 'NONE',  ( 126.5724439698035440, -39.04542563335347438, 18.49999999999999645 ) ) ;
#169 = CARTESIAN_POINT ( 'NONE',  ( 89.38978525316667856, -74.84939958062184928, 20.50000000000001776 ) ) ;
#170 = SURFACE_STYLE_FILL_AREA ( #2409 ) ;
#171 = EDGE_LOOP ( 'NONE', ( #640, #892, #2554, #2960 ) ) ;
#172 = CARTESIAN_POINT ( 'NONE',  ( 103.2790984090790829, -80.16135436700130867, 29.49999999999985789 ) ) ;
#173 = FACE_BOUND ( 'NONE', #2685, .T. ) ;
#174 = EDGE_CURVE ( 'NONE', #3574, #2610, #323, .T. ) ;
#175 = EDGE_CURVE ( 'NONE', #1234, #8, #52, .T. ) ;
#176 = CARTESIAN_POINT ( 'NONE',  ( 92.08473452813481686, -77.02352069706593340, 22.76145624750983387 ) ) ;
#177 = SURFACE_SIDE_STYLE ('',( #3028 ) ) ;
#178 = DIRECTION ( 'NONE',  ( -0.1497831270185397412, 0.9887188755457984035, 0.000000000000000000 ) ) ;
#179 = CARTESIAN_POINT ( 'NONE',  ( 98.04567565433369225, -35.46320343559617783, 18.50000000000040501 ) ) ;
#180 = LINE ( 'NONE', #1319, #400 ) ;
#181 = EDGE_CURVE ( 'NONE', #1471, #2850, #1700, .T. ) ;
#182 = CARTESIAN_POINT ( 'NONE',  ( 120.8089166703311719, -22.89038586279358611, 18.49999999999996803 ) ) ;
#183 = DIRECTION ( 'NONE',  ( -0.4804171697247086592, -0.1385616939622882349, -0.8660254037844395958 ) ) ;
#184 = CARTESIAN_POINT ( 'NONE',  ( 70.94604986786845302, -50.92782810504390056, 18.49999999999993960 ) ) ;
#185 = VERTEX_POINT ( 'NONE', #912 ) ;
#186 = PLANE ( 'NONE',  #772 ) ;
#187 = CARTESIAN_POINT ( 'NONE',  ( 70.94604986786843881, -50.92782810504387925, 30.49999999999995026 ) ) ;
#188 = EDGE_LOOP ( 'NONE', ( #938, #330 ) ) ;
#189 = CARTESIAN_POINT ( 'NONE',  ( 60.24877157793046223, -32.52324013080011866, 30.50000000000029488 ) ) ;
#190 = VERTEX_POINT ( 'NONE', #1249 ) ;
#191 = ADVANCED_FACE ( 'NONE', ( #3505 ), #2025, .F. ) ;
#193 = CARTESIAN_POINT ( 'NONE',  ( 91.72339071468559268, -76.73978260633838033, 26.24988876594997222 ) ) ;
#192 = VECTOR ( 'NONE', #3152, 1000.000000000000000 ) ;
#194 = SURFACE_STYLE_FILL_AREA ( #852 ) ;
#195 = VECTOR ( 'NONE', #2841, 1000.000000000000000 ) ;
#196 = LINE ( 'NONE', #3261, #1914 ) ;
#197 =( NAMED_UNIT ( * ) SI_UNIT ( $, .STERADIAN. ) SOLID_ANGLE_UNIT ( ) );
#198 = CARTESIAN_POINT ( 'NONE',  ( 100.8752188049194558, -34.46320343559615651, 18.50000000000017764 ) ) ;
#199 = DIRECTION ( 'NONE',  ( 0.2771233879245773579, -0.9608343394494204270, 0.000000000000000000 ) ) ;
#200 = CARTESIAN_POINT ( 'NONE',  ( 95.46546562229735855, -8.341983978388507026, 18.49999999999990408 ) ) ;
#201 = DIRECTION ( 'NONE',  ( -0.2771233879245773579, 0.9608343394494205381, 0.000000000000000000 ) ) ;
#202 = ORIENTED_EDGE ( 'NONE', *, *, #565, .T. ) ;
#203 = AXIS2_PLACEMENT_3D ( 'NONE', #2496, #1178, #2790 ) ;
#204 = MECHANICAL_DESIGN_GEOMETRIC_PRESENTATION_REPRESENTATION (  '', ( #2152 ), #2218 ) ;
#205 = CARTESIAN_POINT ( 'NONE',  ( 93.96414506134144062, -75.97496987493083509, 20.50000000000023093 ) ) ;
#206 = MECHANICAL_DESIGN_GEOMETRIC_PRESENTATION_REPRESENTATION (  '', ( #3417 ), #989 ) ;
#207 = SURFACE_STYLE_FILL_AREA ( #3038 ) ;
#208 = VERTEX_POINT ( 'NONE', #416 ) ;
#209 = CARTESIAN_POINT ( 'NONE',  ( 120.6070853995633883, -27.35745699474334458, 18.49999999999965894 ) ) ;
#210 = ORIENTED_EDGE ( 'NONE', *, *, #3430, .T. ) ;
#211 = CARTESIAN_POINT ( 'NONE',  ( 90.60421755087354256, -75.84579951198742265, 25.06426296521150121 ) ) ;
#212 = AXIS2_PLACEMENT_3D ( 'NONE', #2989, #1598, #2413 ) ;
#213 = VECTOR ( 'NONE', #998, 1000.000000000000000 ) ;
#214 = COLOUR_RGB ( '',0.7529411764705882248, 0.7529411764705882248, 0.7529411764705882248 ) ;
#215 = CYLINDRICAL_SURFACE ( 'NONE', #212, 1.749999999999979794 ) ;
#216 = FACE_BOUND ( 'NONE', #1632, .T. ) ;
#217 = CARTESIAN_POINT ( 'NONE',  ( 90.75785450849015490, -73.38589386281825000, 28.49999999999985789 ) ) ;
#218 =( GEOMETRIC_REPRESENTATION_CONTEXT ( 3 ) GLOBAL_UNCERTAINTY_ASSIGNED_CONTEXT ( ( #3163 ) ) GLOBAL_UNIT_ASSIGNED_CONTEXT ( ( #1962, #528, #1131 ) ) REPRESENTATION_CONTEXT ( 'NONE', 'WORKASPACE' ) );
#219 = CARTESIAN_POINT ( 'NONE',  ( 93.28724033746061650, -77.95356406628719981, 24.61423935414179809 ) ) ;
#220 = CARTESIAN_POINT ( 'NONE',  ( 102.7274852689596969, -76.78407385792664286, 29.93450134616292857 ) ) ;
#221 = LINE ( 'NONE', #1954, #2987 ) ;
#222 = EDGE_CURVE ( 'NONE', #1747, #1612, #3285, .T. ) ;
#223 = VECTOR ( 'NONE', #2116, 1000.000000000000227 ) ;
#224 =( NAMED_UNIT ( * ) PLANE_ANGLE_UNIT ( ) SI_UNIT ( $, .RADIAN. ) );
#225 = EDGE_CURVE ( 'NONE', #426, #1234, #2457, .T. ) ;
#226 = LINE ( 'NONE', #1071, #864 ) ;
#227 = AXIS2_PLACEMENT_3D ( 'NONE', #2706, #507, #156 ) ;
#228 = DIRECTION ( 'NONE',  ( 1.000000000000000000, 0.000000000000000000, 0.000000000000000000 ) ) ;
#229 = LINE ( 'NONE', #848, #2316 ) ;
#230 = VERTEX_POINT ( 'NONE', #2415 ) ;
#231 = ORIENTED_EDGE ( 'NONE', *, *, #2226, .T. ) ;
#232 = DIRECTION ( 'NONE',  ( -0.2771233879245773579, 0.9608343394494205381, 0.000000000000000000 ) ) ;
#233 = FACE_BOUND ( 'NONE', #750, .T. ) ;
#234 = FACE_OUTER_BOUND ( 'NONE', #2724, .T. ) ;
#235 = CARTESIAN_POINT ( 'NONE',  ( 101.0505733381280038, -77.98780810671371455, 19.43461146493797287 ) ) ;
#236 = CARTESIAN_POINT ( 'NONE',  ( 89.92017093006256800, -134.2262376435145939, 21.37085487026168806 ) ) ;
#237 = ADVANCED_FACE ( 'NONE', ( #3557, #2675, #1082, #1600 ), #2491, .F. ) ;
#238 = CARTESIAN_POINT ( 'NONE',  ( 103.2552023107991630, -82.63149550843165514, 29.49999999999985789 ) ) ;
#239 = DIRECTION ( 'NONE',  ( -0.8039168123599899074, 0.5947417580807259352, 0.000000000000000000 ) ) ;
#240 = DIRECTION ( 'NONE',  ( 0.2771233879245773579, -0.9608343394494204270, 0.000000000000000000 ) ) ;
#241 = LINE ( 'NONE', #2146, #1912 ) ;
#242 = EDGE_CURVE ( 'NONE', #1570, #2666, #2398, .T. ) ;
#243 = CARTESIAN_POINT ( 'NONE',  ( 101.9679657696919861, -81.67919134990003727, 19.49999999999985079 ) ) ;
#244 = CARTESIAN_POINT ( 'NONE',  ( 96.79408739628749458, -130.1591348673015602, 29.49999999999974776 ) ) ;
#245 = VERTEX_POINT ( 'NONE', #1007 ) ;
#246 = EDGE_CURVE ( 'NONE', #1238, #467, #2435, .T. ) ;
#247 = FACE_BOUND ( 'NONE', #2485, .T. ) ;
#248 = ORIENTED_EDGE ( 'NONE', *, *, #30, .T. ) ;
#249 = VECTOR ( 'NONE', #1718, 1000.000000000000000 ) ;
#250 = LINE ( 'NONE', #3393, #3310 ) ;
#251 = CIRCLE ( 'NONE', #3459, 3.852710664767962978 ) ;
#252 = SURFACE_STYLE_USAGE ( .BOTH. , #2782 ) ;
#253 = FACE_OUTER_BOUND ( 'NONE', #3409, .T. ) ;
#254 = DIRECTION ( 'NONE',  ( 0.5947417580807264903, 0.8039168123599895743, 0.000000000000000000 ) ) ;
#255 = DIRECTION ( 'NONE',  ( 0.4364007776731440580, 0.06611128272141322815, 0.8973202658712241542 ) ) ;
#256 = PLANE ( 'NONE',  #1188 ) ;
#257 = EDGE_CURVE ( 'NONE', #1460, #1275, #2138, .T. ) ;
#258 = CARTESIAN_POINT ( 'NONE',  ( 93.56070504501286678, -71.79298306826350995, 24.04667240743804157 ) ) ;
#259 = CARTESIAN_POINT ( 'NONE',  ( 92.17200067196657187, -77.12023519242778491, 20.50000000000002842 ) ) ;
#260 = DIRECTION ( 'NONE',  ( 0.9887188755457984035, 0.1497831270185397412, -2.958987444119658892E-16 ) ) ;
#261 = CARTESIAN_POINT ( 'NONE',  ( 94.19210939200767996, -76.12723648721384961, 23.43232130915056644 ) ) ;
#262 = EDGE_CURVE ( 'NONE', #1696, #2617, #3361, .T. ) ;
#263 = DIRECTION ( 'NONE',  ( -1.000000000000000000, -1.045305445445383739E-14, -6.430602174281270813E-16 ) ) ;
#264 = SURFACE_STYLE_USAGE ( .BOTH. , #1346 ) ;
#265 = EDGE_LOOP ( 'NONE', ( #1092, #231, #1926, #3283, #2000, #645 ) ) ;
#266 = CARTESIAN_POINT ( 'NONE',  ( 116.9549044040261663, -15.09962761763144989, 18.50000000000007461 ) ) ;
#267 = VERTEX_POINT ( 'NONE', #2156 ) ;
#268 = COLOUR_RGB ( '',0.7529411764705882248, 0.7529411764705882248, 0.7529411764705882248 ) ;
#269 = PLANE ( 'NONE',  #2407 ) ;
#270 = DIRECTION ( 'NONE',  ( -6.211436267236830770E-16, 1.619705569875463962E-15, 1.000000000000000000 ) ) ;
#271 = VECTOR ( 'NONE', #3539, 1000.000000000000114 ) ;
#272 = CARTESIAN_POINT ( 'NONE',  ( 88.86562496656216581, -74.41292303466528324, 30.50000000000017053 ) ) ;
#273 = LINE ( 'NONE', #1412, #1800 ) ;
#274 = VECTOR ( 'NONE', #1981, 1000.000000000000000 ) ;
#275 = CARTESIAN_POINT ( 'NONE',  ( 105.0874036976765211, -81.46320343559614230, 30.50000000000002132 ) ) ;
#276 = CARTESIAN_POINT ( 'NONE',  ( 90.92458595518844788, -134.2905558203640624, 43.63192713316094284 ) ) ;
#277 = CARTESIAN_POINT ( 'NONE',  ( 92.76708169000903581, -133.5057272994649509, 29.50000000000008171 ) ) ;
#278 = ORIENTED_EDGE ( 'NONE', *, *, #1875, .F. ) ;
#279 = PLANE ( 'NONE',  #383 ) ;
#280 = MECHANICAL_DESIGN_GEOMETRIC_PRESENTATION_REPRESENTATION (  '', ( #2466 ), #2693 ) ;
#281 = FILL_AREA_STYLE_COLOUR ( '', #1453 ) ;
#282 = CARTESIAN_POINT ( 'NONE',  ( 102.2421874995147419, -76.37709447315876332, 19.43461146493773839 ) ) ;
#283 = VERTEX_POINT ( 'NONE', #3304 ) ;
#284 = CARTESIAN_POINT ( 'NONE',  ( 114.3099020801079462, -34.86461452627618485, 18.49999999999984723 ) ) ;
#285 = ORIENTED_EDGE ( 'NONE', *, *, #2998, .F. ) ;
#286 = LINE ( 'NONE', #217, #632 ) ;
#287 = FACE_OUTER_BOUND ( 'NONE', #1849, .T. ) ;
#288 = B_SPLINE_CURVE_WITH_KNOTS ( 'NONE', 3,
 ( #1372, #2487, #922, #2857, #3101, #1220, #1982, #601, #12, #357, #1490, #80, #3120, #3433, #2264, #2616, #27, #1205, #3413, #2004, #1168, #884, #568, #2280, #2318, #301, #2297, #3467, #3137, #1707 ),
 .UNSPECIFIED., .F., .F.,
 ( 4, 2, 2, 2, 2, 2, 2, 2, 2, 2, 2, 2, 2, 2, 4 ),
 ( 0.000000000000000000, 0.0003422208496044777128, 0.0006844416992089554256, 0.001026662548813433301, 0.001368883398417910851, 0.002053325097626877878, 0.002737766796835844688, 0.003079987646440298602, 0.003422208496044752517, 0.003764429345649206431, 0.004106650195253660346, 0.004448871044858114694, 0.004791091894462569042, 0.005133312744067022523, 0.005475533593671476872 ),
 .UNSPECIFIED. ) ;
#289 = DIRECTION ( 'NONE',  ( -1.000000000000000000, -1.045305445445383739E-14, 0.000000000000000000 ) ) ;
#290 = ADVANCED_FACE ( 'NONE', ( #1877 ), #1909, .F. ) ;
#291 = FILL_AREA_STYLE ('',( #3085 ) ) ;
#292 = DIRECTION ( 'NONE',  ( 0.000000000000000000, 1.000000000000000000, -1.632383628856058256E-15 ) ) ;
#293 = ORIENTED_EDGE ( 'NONE', *, *, #3242, .T. ) ;
#294 = CARTESIAN_POINT ( 'NONE',  ( 88.10823542438878064, -38.46320343559614230, 24.50000000000002132 ) ) ;
#295 = EDGE_CURVE ( 'NONE', #3133, #2995, #273, .T. ) ;
#296 = DIRECTION ( 'NONE',  ( -0.9608343394522419478, -0.2771233879147950718, 0.000000000000000000 ) ) ;
#297 = ORIENTED_EDGE ( 'NONE', *, *, #2591, .T. ) ;
#298 = CARTESIAN_POINT ( 'NONE',  ( 71.50312430531208463, -43.18329962360324004, 18.49999999999984723 ) ) ;
#299 = EDGE_LOOP ( 'NONE', ( #506, #1350, #710, #3017 ) ) ;
#300 =( NAMED_UNIT ( * ) SI_UNIT ( $, .STERADIAN. ) SOLID_ANGLE_UNIT ( ) );
#301 = CARTESIAN_POINT ( 'NONE',  ( 97.33906363183153587, -72.32640854709569567, 23.93606751087097706 ) ) ;
#302 = EDGE_CURVE ( 'NONE', #3271, #3175, #1788, .T. ) ;
#303 = CARTESIAN_POINT ( 'NONE',  ( 114.0393134625085736, -91.83610893966594801, 19.49999999999985079 ) ) ;
#304 =( GEOMETRIC_REPRESENTATION_CONTEXT ( 3 ) GLOBAL_UNCERTAINTY_ASSIGNED_CONTEXT ( ( #1821 ) ) GLOBAL_UNIT_ASSIGNED_CONTEXT ( ( #1199, #560, #1682 ) ) REPRESENTATION_CONTEXT ( 'NONE', 'WORKASPACE' ) );
#305 = CARTESIAN_POINT ( 'NONE',  ( 101.7324178430387462, -78.53945594787720097, 30.49999999999981881 ) ) ;
#306 = EDGE_LOOP ( 'NONE', ( #544, #2009, #1532, #529 ) ) ;
#307 = CARTESIAN_POINT ( 'NONE',  ( 98.06289656785408226, -81.46320343559618493, 20.50000000000040501 ) ) ;
#308 = AXIS2_PLACEMENT_3D ( 'NONE', #2656, #1768, #138 ) ;
#309 = CARTESIAN_POINT ( 'NONE',  ( 92.76708169000856685, -133.5057272994649225, 20.70385775676414397 ) ) ;
#310 = ORIENTED_EDGE ( 'NONE', *, *, #2527, .T. ) ;
#311 = CARTESIAN_POINT ( 'NONE',  ( 94.00509665366200807, -75.98314769656779788, 23.18040042493650077 ) ) ;
#312 = CARTESIAN_POINT ( 'NONE',  ( 100.1907839143093071, -80.52342936943217921, 28.50000000000017053 ) ) ;
#313 = ORIENTED_EDGE ( 'NONE', *, *, #2535, .F. ) ;
#314 = CARTESIAN_POINT ( 'NONE',  ( 86.33446405047105543, -11.54177608708001479, 30.49999999999979394 ) ) ;
#315 = EDGE_LOOP ( 'NONE', ( #1808, #2503, #3559, #297, #2932, #1905, #3568, #3617, #971 ) ) ;
#316 = CARTESIAN_POINT ( 'NONE',  ( 87.02052895539054589, -134.8819897253409295, 19.49999999999985079 ) ) ;
#317 = LINE ( 'NONE', #3486, #2175 ) ;
#318 = ORIENTED_EDGE ( 'NONE', *, *, #3488, .F. ) ;
#319 = CARTESIAN_POINT ( 'NONE',  ( 116.2395952732917834, -36.48800606768499932, 30.50000000000023448 ) ) ;
#320 = VECTOR ( 'NONE', #296, 1000.000000000000114 ) ;
#321 = VECTOR ( 'NONE', #270, 1000.000000000000000 ) ;
#322 = DIRECTION ( 'NONE',  ( 0.6536979505629404441, 0.7567555678221412618, 0.000000000000000000 ) ) ;
#323 = LINE ( 'NONE', #2888, #2750 ) ;
#324 = AXIS2_PLACEMENT_3D ( 'NONE', #3612, #586, #3158 ) ;
#325 = DIRECTION ( 'NONE',  ( 0.000000000000000000, 0.000000000000000000, 1.000000000000000000 ) ) ;
#326 = AXIS2_PLACEMENT_3D ( 'NONE', #1574, #2665, #2441 ) ;
#327 = ORIENTED_EDGE ( 'NONE', *, *, #3140, .T. ) ;
#328 = ORIENTED_EDGE ( 'NONE', *, *, #96, .F. ) ;
#329 = CARTESIAN_POINT ( 'NONE',  ( 87.92861965219397291, -128.4547771941790870, 22.76794919243096871 ) ) ;
#330 = ORIENTED_EDGE ( 'NONE', *, *, #1410, .F. ) ;
#331 = ADVANCED_FACE ( 'NONE', ( #552 ), #2952, .F. ) ;
#332 = CARTESIAN_POINT ( 'NONE',  ( 95.46546562229734434, -8.341983978388487486, 30.49999999999980105 ) ) ;
#333 = ORIENTED_EDGE ( 'NONE', *, *, #2429, .T. ) ;
#334 = EDGE_CURVE ( 'NONE', #3148, #2610, #2453, .T. ) ;
#335 = SURFACE_STYLE_USAGE ( .BOTH. , #1689 ) ;
#336 = CARTESIAN_POINT ( 'NONE',  ( 119.8434172328430094, -102.0659228486464229, 29.49999999999981881 ) ) ;
#337 = ORIENTED_EDGE ( 'NONE', *, *, #1493, .F. ) ;
#338 = B_SPLINE_CURVE_WITH_KNOTS ( 'NONE', 5,
 ( #1023, #2710, #3596, #1081, #2178, #3325 ),
 .UNSPECIFIED., .F., .F.,
 ( 6, 6 ),
 ( 0.000000000000000000, 0.8599087065687337494 ),
 .UNSPECIFIED. ) ;
#339 = AXIS2_PLACEMENT_3D ( 'NONE', #2424, #2060, #1847 ) ;
#340 = CARTESIAN_POINT ( 'NONE',  ( 93.78513739415805617, -75.81298261827805618, 26.01860707189555200 ) ) ;
#341 = CARTESIAN_POINT ( 'NONE',  ( 94.70935406475251739, -70.14637536401657769, 24.73138244011980902 ) ) ;
#342 = FILL_AREA_STYLE_COLOUR ( '', #1573 ) ;
#343 = SURFACE_STYLE_FILL_AREA ( #2562 ) ;
#344 = CARTESIAN_POINT ( 'NONE',  ( 95.54236285597424683, -73.43717170523729010, 22.98123561129958148 ) ) ;
#345 = UNCERTAINTY_MEASURE_WITH_UNIT (LENGTH_MEASURE( 1.000000000000000082E-05 ), #2672, 'distance_accuracy_value', 'NONE');
#346 = DIRECTION ( 'NONE',  ( 0.5947417580807525805, 0.8039168123599702565, 0.000000000000000000 ) ) ;
#347 = ADVANCED_FACE ( 'NONE', ( #3204 ), #2673, .T. ) ;
#348 = ORIENTED_EDGE ( 'NONE', *, *, #2165, .T. ) ;
#349 = SURFACE_STYLE_USAGE ( .BOTH. , #1756 ) ;
#350 = ORIENTED_EDGE ( 'NONE', *, *, #1640, .T. ) ;
#351 = CARTESIAN_POINT ( 'NONE',  ( 91.94733802465135852, -71.77806023809861813, 28.50000000000006750 ) ) ;
#352 = SURFACE_SIDE_STYLE ('',( #615 ) ) ;
#353 = CARTESIAN_POINT ( 'NONE',  ( 98.00752053689919308, -75.46157314589054010, 30.50000000000035527 ) ) ;
#354 = ORIENTED_EDGE ( 'NONE', *, *, #411, .T. ) ;
#355 = CARTESIAN_POINT ( 'NONE',  ( 88.56600344442050243, -130.6646961749127343, 22.76794919243096871 ) ) ;
#356 = EDGE_CURVE ( 'NONE', #1038, #2700, #650, .T. ) ;
#357 = CARTESIAN_POINT ( 'NONE',  ( 95.22824797279616860, -70.57953964750231535, 23.10053292738866304 ) ) ;
#358 = ORIENTED_EDGE ( 'NONE', *, *, #1187, .F. ) ;
#359 = CARTESIAN_POINT ( 'NONE',  ( 91.72524603664510323, -74.18001615197076148, 24.73125810803533753 ) ) ;
#360 = CARTESIAN_POINT ( 'NONE',  ( 103.2790984090785997, -80.16135436700130867, 28.49999999999985789 ) ) ;
#361 = CARTESIAN_POINT ( 'NONE',  ( 102.2839576914799409, -76.41203106845611615, 29.17302090793652525 ) ) ;
#362 = SURFACE_SIDE_STYLE ('',( #652 ) ) ;
#363 = DIRECTION ( 'NONE',  ( 0.5947417580807264903, 0.8039168123599895743, 0.000000000000000000 ) ) ;
#364 = CARTESIAN_POINT ( 'NONE',  ( 96.21706304682243172, -73.99330114328441255, 24.49999999997624656 ) ) ;
#365 = ADVANCED_FACE ( 'NONE', ( #963 ), #2902, .F. ) ;
#366 = VECTOR ( 'NONE', #484, 1000.000000000000227 ) ;
#367 = ORIENTED_EDGE ( 'NONE', *, *, #132, .T. ) ;
#368 = FILL_AREA_STYLE_COLOUR ( '', #1738 ) ;
#369 = CIRCLE ( 'NONE', #2557, 3.885725908644508397 ) ;
#370 = DIRECTION ( 'NONE',  ( 0.000000000000000000, 0.000000000000000000, -1.000000000000000000 ) ) ;
#371 = CARTESIAN_POINT ( 'NONE',  ( 100.2417992193642675, -38.46320343559615651, 18.50000000000021672 ) ) ;
#372 = CARTESIAN_POINT ( 'NONE',  ( 87.12081315362239309, -72.93059749742752729, 18.50000000000007105 ) ) ;
#373 = EDGE_LOOP ( 'NONE', ( #546, #278, #3180, #2868 ) ) ;
#374 =( NAMED_UNIT ( * ) SI_UNIT ( $, .STERADIAN. ) SOLID_ANGLE_UNIT ( ) );
#375 = VERTEX_POINT ( 'NONE', #360 ) ;
#376 = CARTESIAN_POINT ( 'NONE',  ( 94.47682490516559994, -76.34559384945940508, 24.72842924703715184 ) ) ;
#377 = CARTESIAN_POINT ( 'NONE',  ( 95.16665800656606677, -70.52818957772842623, 25.81941802057769308 ) ) ;
#378 = CARTESIAN_POINT ( 'NONE',  ( 114.7203520282441787, -123.8466768647909930, 29.49999999999989697 ) ) ;
#379 = MECHANICAL_DESIGN_GEOMETRIC_PRESENTATION_REPRESENTATION (  '', ( #1620 ), #29 ) ;
#380 =( LENGTH_UNIT ( ) NAMED_UNIT ( * ) SI_UNIT ( .MILLI., .METRE. ) );
#381 = DIRECTION ( 'NONE',  ( -0.6399042914482061528, -0.7684546166080136187, 8.509738019590592498E-16 ) ) ;
#382 = UNCERTAINTY_MEASURE_WITH_UNIT (LENGTH_MEASURE( 1.000000000000000082E-05 ), #1488, 'distance_accuracy_value', 'NONE');
#383 = AXIS2_PLACEMENT_3D ( 'NONE', #558, #3016, #2733 ) ;
#384 = CARTESIAN_POINT ( 'NONE',  ( 94.35908846173153108, -73.56228551234079305, 24.49999999999985434 ) ) ;
#385 = ORIENTED_EDGE ( 'NONE', *, *, #1664, .F. ) ;
#386 = FACE_OUTER_BOUND ( 'NONE', #797, .T. ) ;
#387 = AXIS2_PLACEMENT_3D ( 'NONE', #1765, #3528, #1508 ) ;
#388 = FILL_AREA_STYLE_COLOUR ( '', #2925 ) ;
#389 = ORIENTED_EDGE ( 'NONE', *, *, #1246, .F. ) ;
#390 = COLOUR_RGB ( '',0.2509803921568627416, 0.2509803921568627416, 0.2509803921568627416 ) ;
#391 = CARTESIAN_POINT ( 'NONE',  ( 116.2395952732918118, -36.48800606768502064, 18.50000000000022382 ) ) ;
#392 = VERTEX_POINT ( 'NONE', #2303 ) ;
#393 = SURFACE_SIDE_STYLE ('',( #101 ) ) ;
#394 = DIRECTION ( 'NONE',  ( 0.5947417580807264903, 0.8039168123599895743, 0.000000000000000000 ) ) ;
#395 =( GEOMETRIC_REPRESENTATION_CONTEXT ( 3 ) GLOBAL_UNCERTAINTY_ASSIGNED_CONTEXT ( ( #128 ) ) GLOBAL_UNIT_ASSIGNED_CONTEXT ( ( #2669, #424, #2652 ) ) REPRESENTATION_CONTEXT ( 'NONE', 'WORKASPACE' ) );
#396 = CARTESIAN_POINT ( 'NONE',  ( 119.6733099492618493, -103.7755430027542189, 29.49999999999985789 ) ) ;
#397 = CARTESIAN_POINT ( 'NONE',  ( 101.9679657696919293, -81.67919134990002306, 29.49999999999985789 ) ) ;
#398 = CARTESIAN_POINT ( 'NONE',  ( 95.46321841381467266, -73.37185344271711074, 22.92647447437040142 ) ) ;
#399 = EDGE_CURVE ( 'NONE', #2410, #1747, #2761, .T. ) ;
#400 = VECTOR ( 'NONE', #1653, 999.9999999999998863 ) ;
#401 = EDGE_CURVE ( 'NONE', #662, #2290, #429, .T. ) ;
#402 = CARTESIAN_POINT ( 'NONE',  ( 93.51774495058195669, -71.75708217521231802, 24.50000000000007816 ) ) ;
#403 =( LENGTH_UNIT ( ) NAMED_UNIT ( * ) SI_UNIT ( .MILLI., .METRE. ) );
#404 = CARTESIAN_POINT ( 'NONE',  ( 90.75785450849062386, -73.38589386281825000, 29.49999999999985789 ) ) ;
#405 = CARTESIAN_POINT ( 'NONE',  ( 74.47150056285980213, -136.7830687480712584, 17.95970931513607383 ) ) ;
#406 = CARTESIAN_POINT ( 'NONE',  ( 101.5924421160114832, -5.244943734768122923, 18.50000000000018474 ) ) ;
#407 = ORIENTED_EDGE ( 'NONE', *, *, #1654, .F. ) ;
#408 = CARTESIAN_POINT ( 'NONE',  ( 92.56606479976288426, -136.5704092968951215, 24.50000000000007816 ) ) ;
#409 = CARTESIAN_POINT ( 'NONE',  ( 101.5924421160114832, -5.244943734768122923, 18.50000000000018474 ) ) ;
#410 = VERTEX_POINT ( 'NONE', #3339 ) ;
#411 = EDGE_CURVE ( 'NONE', #1747, #3402, #723, .T. ) ;
#412 = DIRECTION ( 'NONE',  ( 0.9887188755457982925, 0.1497831270185405461, 0.000000000000000000 ) ) ;
#413 = SURFACE_SIDE_STYLE ('',( #450 ) ) ;
#414 = CARTESIAN_POINT ( 'NONE',  ( 96.23426169624781323, -71.41451326878379291, 26.23854425396061174 ) ) ;
#415 = CARTESIAN_POINT ( 'NONE',  ( 88.36673490028451283, -134.5725469378515129, 24.50000000002221867 ) ) ;
#416 = CARTESIAN_POINT ( 'NONE',  ( 103.2552023107991630, -82.63149550843165514, 19.49999999999985079 ) ) ;
#417 = UNCERTAINTY_MEASURE_WITH_UNIT (LENGTH_MEASURE( 1.000000000000000082E-05 ), #2497, 'distance_accuracy_value', 'NONE');
#418 = ORIENTED_EDGE ( 'NONE', *, *, #565, .F. ) ;
#419 = CARTESIAN_POINT ( 'NONE',  ( 4.163336342344337027E-14, 2.775557561562891351E-14, 20.49999999999985079 ) ) ;
#420 = DIRECTION ( 'NONE',  ( 0.8321069467916383244, 0.2399958939254935864, 0.5000000000000007772 ) ) ;
#421 = FILL_AREA_STYLE ('',( #2111 ) ) ;
#422 = LINE ( 'NONE', #1031, #516 ) ;
#423 = ORIENTED_EDGE ( 'NONE', *, *, #1237, .F. ) ;
#424 =( NAMED_UNIT ( * ) PLANE_ANGLE_UNIT ( ) SI_UNIT ( $, .RADIAN. ) );
#425 = CARTESIAN_POINT ( 'NONE',  ( 68.60496877421945783, -42.03824057268507630, 18.50000000000017053 ) ) ;
#426 = VERTEX_POINT ( 'NONE', #2177 ) ;
#427 = CARTESIAN_POINT ( 'NONE',  ( 91.99269660166925178, -76.95140525953725330, 26.25005530644593321 ) ) ;
#428 = LINE ( 'NONE', #123, #2201 ) ;
#429 = LINE ( 'NONE', #3027, #988 ) ;
#430 = ORIENTED_EDGE ( 'NONE', *, *, #2335, .T. ) ;
#431 = CARTESIAN_POINT ( 'NONE',  ( 62.92741620445239903, -31.35196495457948629, 30.49999999999993605 ) ) ;
#432 = FACE_OUTER_BOUND ( 'NONE', #1845, .T. ) ;
#433 = EDGE_LOOP ( 'NONE', ( #1779, #2132, #1647, #1812, #2671, #1112, #514, #1506, #2013 ) ) ;
#434 = STYLED_ITEM ( 'NONE', ( #2551 ), #2992 ) ;
#435 = CARTESIAN_POINT ( 'NONE',  ( 93.51245911173310787, -71.77646276810924064, 18.50000000000023803 ) ) ;
#436 = LINE ( 'NONE', #405, #755 ) ;
#437 =( GEOMETRIC_REPRESENTATION_CONTEXT ( 3 ) GLOBAL_UNCERTAINTY_ASSIGNED_CONTEXT ( ( #417 ) ) GLOBAL_UNIT_ASSIGNED_CONTEXT ( ( #2497, #3070, #1048 ) ) REPRESENTATION_CONTEXT ( 'NONE', 'WORKASPACE' ) );
#438 = CARTESIAN_POINT ( 'NONE',  ( 100.6246689245879935, -38.63232385745404684, 18.50000000000021672 ) ) ;
#439 = ORIENTED_EDGE ( 'NONE', *, *, #1359, .T. ) ;
#440 = FACE_OUTER_BOUND ( 'NONE', #2519, .T. ) ;
#441 = CIRCLE ( 'NONE', #2572, 1.749999999999982681 ) ;
#442 = ADVANCED_FACE ( 'NONE', ( #3573 ), #215, .F. ) ;
#443 = ADVANCED_FACE ( 'NONE', ( #2690 ), #159, .T. ) ;
#444 = CARTESIAN_POINT ( 'NONE',  ( 91.38537967132727147, -77.58186957414156382, 24.49999999999980105 ) ) ;
#445 = CARTESIAN_POINT ( 'NONE',  ( 100.2417992193642675, -38.46320343559615651, 18.50000000000021672 ) ) ;
#446 = VERTEX_POINT ( 'NONE', #1300 ) ;
#447 = CARTESIAN_POINT ( 'NONE',  ( 100.8928091953630570, -36.56124042497066284, 30.50000000000019895 ) ) ;
#448 = CARTESIAN_POINT ( 'NONE',  ( 84.05169538813562724, -135.3317446418287489, 29.50000000000008171 ) ) ;
#449 = AXIS2_PLACEMENT_3D ( 'NONE', #1953, #3439, #1377 ) ;
#450 = SURFACE_STYLE_FILL_AREA ( #1299 ) ;
#451 = PRESENTATION_LAYER_ASSIGNMENT (  '', '', ( #1525 ) ) ;
#452 = CARTESIAN_POINT ( 'NONE',  ( 93.11234636124233077, -77.81967426790221509, 23.62007022279531299 ) ) ;
#453 = FILL_AREA_STYLE_COLOUR ( '', #86 ) ;
#454 = CARTESIAN_POINT ( 'NONE',  ( 95.48483726175837205, -136.1282382438018885, 26.31505901411168580 ) ) ;
#455 = LINE ( 'NONE', #1584, #2043 ) ;
#456 = DIRECTION ( 'NONE',  ( 6.430602174281444362E-16, -1.632383628856058256E-15, -1.000000000000000000 ) ) ;
#457 = ORIENTED_EDGE ( 'NONE', *, *, #3621, .T. ) ;
#458 =( GEOMETRIC_REPRESENTATION_CONTEXT ( 3 ) GLOBAL_UNCERTAINTY_ASSIGNED_CONTEXT ( ( #2197 ) ) GLOBAL_UNIT_ASSIGNED_CONTEXT ( ( #3368, #3585, #3294 ) ) REPRESENTATION_CONTEXT ( 'NONE', 'WORKASPACE' ) );
#459 = CARTESIAN_POINT ( 'NONE',  ( 71.32445151788644466, -13.30166356738573441, 30.49999999999992184 ) ) ;
#460 = CARTESIAN_POINT ( 'NONE',  ( 98.23105383769991761, -34.48053618309823776, 18.49999999999989697 ) ) ;
#461 = EDGE_CURVE ( 'NONE', #1110, #795, #1907, .T. ) ;
#462 = CARTESIAN_POINT ( 'NONE',  ( 68.60496877421945783, -42.03824057268507630, 18.50000000000017053 ) ) ;
#463 = VERTEX_POINT ( 'NONE', #3323 ) ;
#464 = CARTESIAN_POINT ( 'NONE',  ( 77.45021645771288377, -58.26024365436763475, 18.50000000000023803 ) ) ;
#465 = CARTESIAN_POINT ( 'NONE',  ( 94.22802625356553108, -90.63935761383157796, 19.49999999999985079 ) ) ;
#466 = CARTESIAN_POINT ( 'NONE',  ( 68.60496877421944362, -42.03824057268505499, 30.50000000000018119 ) ) ;
#467 = VERTEX_POINT ( 'NONE', #785 ) ;
#468 = CARTESIAN_POINT ( 'NONE',  ( 102.2421874995144861, -76.37709447315874911, 29.30233722489501247 ) ) ;
#469 = ORIENTED_EDGE ( 'NONE', *, *, #3644, .T. ) ;
#470 = CYLINDRICAL_SURFACE ( 'NONE', #3251, 1.743370209773072776 ) ;
#471 = EDGE_CURVE ( 'NONE', #1943, #659, #196, .T. ) ;
#472 = CARTESIAN_POINT ( 'NONE',  ( 103.0093696371635588, -77.02149076145475703, 19.43461146493778813 ) ) ;
#473 = FACE_OUTER_BOUND ( 'NONE', #2061, .T. ) ;
#474 = PLANE ( 'NONE',  #2971 ) ;
#475 = CARTESIAN_POINT ( 'NONE',  ( 108.0584913842002521, -81.46320343559614230, 30.50000000000029132 ) ) ;
#476 = CARTESIAN_POINT ( 'NONE',  ( 103.0093696371633882, -77.02149076145464335, 29.43461146493761404 ) ) ;
#477 = CARTESIAN_POINT ( 'NONE',  ( 4.163336342344337027E-14, -34.46320343559615651, 18.49999999999990408 ) ) ;
#478 = SHAPE_DEFINITION_REPRESENTATION ( #548, #968 ) ;
#479 = ORIENTED_EDGE ( 'NONE', *, *, #1118, .F. ) ;
#480 = PRODUCT ( 'Spike Gribe', 'Spike Gribe', '', ( #1955 ) ) ;
#481 = CARTESIAN_POINT ( 'NONE',  ( 90.66959800960819393, -73.31248534902032077, 20.50000000000024158 ) ) ;
#482 = STYLED_ITEM ( 'NONE', ( #1959 ), #1674 ) ;
#483 = DIRECTION ( 'NONE',  ( -0.8039168123599970128, 0.5947417580807164983, 0.000000000000000000 ) ) ;
#484 = DIRECTION ( 'NONE',  ( 0.2771233879245773579, -0.9608343394494204270, 0.000000000000000000 ) ) ;
#485 = EDGE_LOOP ( 'NONE', ( #849, #2030, #1575, #3590, #779, #1730, #2795, #2595 ) ) ;
#486 = CARTESIAN_POINT ( 'NONE',  ( 101.0923310137158353, -78.02276540396242410, 19.17301700501408135 ) ) ;
#487 = ORIENTED_EDGE ( 'NONE', *, *, #691, .F. ) ;
#488 = FILL_AREA_STYLE ('',( #1331 ) ) ;
#489 = VECTOR ( 'NONE', #1411, 1000.000000000000000 ) ;
#490 = CARTESIAN_POINT ( 'NONE',  ( 90.53458842984537114, -75.78943680364916702, 24.26874385454205196 ) ) ;
#491 = CARTESIAN_POINT ( 'NONE',  ( 79.79696366515679529, -135.9763030070576804, 19.49999999999985079 ) ) ;
#492 = CARTESIAN_POINT ( 'NONE',  ( 100.8752188049194416, -34.46320343559613519, 30.50000000000017408 ) ) ;
#493 = DIRECTION ( 'NONE',  ( -0.8478988645735092700, 0.000000000000000000, 0.5301580098941764962 ) ) ;
#494 = EDGE_CURVE ( 'NONE', #426, #941, #1022, .T. ) ;
#495 = EDGE_CURVE ( 'NONE', #696, #3133, #789, .T. ) ;
#496 = CARTESIAN_POINT ( 'NONE',  ( 98.00752053689920729, -75.46157314589055431, 18.50000000000046185 ) ) ;
#497 = LINE ( 'NONE', #1657, #32 ) ;
#498 =( GEOMETRIC_REPRESENTATION_CONTEXT ( 3 ) GLOBAL_UNCERTAINTY_ASSIGNED_CONTEXT ( ( #3357 ) ) GLOBAL_UNIT_ASSIGNED_CONTEXT ( ( #2847, #1992, #890 ) ) REPRESENTATION_CONTEXT ( 'NONE', 'WORKASPACE' ) );
#499 = PRESENTATION_LAYER_ASSIGNMENT (  '', '', ( #1620 ) ) ;
#500 = CARTESIAN_POINT ( 'NONE',  ( 100.8752188049194558, -34.46320343559612809, 18.50000000000023093 ) ) ;
#501 = PLANE ( 'NONE',  #1724 ) ;
#502 =( GEOMETRIC_REPRESENTATION_CONTEXT ( 3 ) GLOBAL_UNCERTAINTY_ASSIGNED_CONTEXT ( ( #3168 ) ) GLOBAL_UNIT_ASSIGNED_CONTEXT ( ( #1099, #2216, #1652 ) ) REPRESENTATION_CONTEXT ( 'NONE', 'WORKASPACE' ) );
#503 = VECTOR ( 'NONE', #2072, 1000.000000000000114 ) ;
#504 = VERTEX_POINT ( 'NONE', #1041 ) ;
#505 = FACE_BOUND ( 'NONE', #607, .T. ) ;
#506 = ORIENTED_EDGE ( 'NONE', *, *, #2823, .F. ) ;
#507 = DIRECTION ( 'NONE',  ( -0.8636007157563790892, -0.2490793119463607930, 0.4383529401126418645 ) ) ;
#508 = VECTOR ( 'NONE', #2381, 1000.000000000000114 ) ;
#509 = CARTESIAN_POINT ( 'NONE',  ( 96.21706304682243172, -73.99330114328441255, 24.49999999997624656 ) ) ;
#510 = CARTESIAN_POINT ( 'NONE',  ( 93.28724033746176758, -77.95356406628806667, 24.50000000002314593 ) ) ;
#511 = CIRCLE ( 'NONE', #1291, 1.749999999999994671 ) ;
#512 = CARTESIAN_POINT ( 'NONE',  ( 97.07374420285654537, -132.2639006984545347, 19.49999999999990763 ) ) ;
#513 = FILL_AREA_STYLE_COLOUR ( '', #627 ) ;
#514 = ORIENTED_EDGE ( 'NONE', *, *, #906, .T. ) ;
#515 = CARTESIAN_POINT ( 'NONE',  ( 88.36673490028451283, -134.5725469378515129, 24.50000000002221867 ) ) ;
#516 = VECTOR ( 'NONE', #115, 999.9999999999998863 ) ;
#517 = EDGE_CURVE ( 'NONE', #727, #2118, #1005, .T. ) ;
#518 = ADVANCED_FACE ( 'NONE', ( #473 ), #1562, .T. ) ;
#519 =( NAMED_UNIT ( * ) SI_UNIT ( $, .STERADIAN. ) SOLID_ANGLE_UNIT ( ) );
#520 = B_SPLINE_CURVE_WITH_KNOTS ( 'NONE', 3,
 ( #2266, #824, #1728, #1949, #2006, #1395, #3649, #1934, #3418, #553, #1136, #604, #2509, #2842, #1693, #2561, #3067, #1987, #2251, #536, #1119, #3084, #2860, #589, #3379, #838, #1711, #1671, #305, #2805, #1173, #275 ),
 .UNSPECIFIED., .F., .F.,
 ( 4, 1, 1, 1, 1, 1, 1, 1, 1, 1, 1, 1, 1, 1, 1, 1, 1, 1, 1, 1, 1, 1, 1, 1, 1, 1, 1, 1, 1, 4 ),
 ( 0.004346334373489231170, 0.004549707785276602481, 0.008453434421412771987, 0.01626088769368511100, 0.02406834096595745348, 0.03187579423822978902, 0.04749070078277446705, 0.06310560732731915201, 0.07872051387186382310, 0.09433542041640850806, 0.1255652335054978641, 0.1567950465945872063, 0.1880248596836765762, 0.2192546727727659461, 0.2504844858618552883, 0.3129441120400340282, 0.3754037382182127125, 0.4378633643963914523, 0.5003229905745701922, 0.5627826167527489876, 0.6252422429309276719, 0.6877018691091063562, 0.7501614952872850406, 0.8126211214654637249, 0.8750807476436425203, 0.9063105607327319735, 0.9375403738218213157, 0.9687701869109106578, 0.9843850934554553289, 0.9879286379810197083 ),
 .UNSPECIFIED. ) ;
#521 = VECTOR ( 'NONE', #1326, 1000.000000000000000 ) ;
#522 = B_SPLINE_CURVE_WITH_KNOTS ( 'NONE', 3,
 ( #617, #2277, #372, #3428, #1505, #882, #184, #462, #695, #2680, #2946, #3252, #406, #1863, #1587, #2404, #150, #3291, #1811, #2980, #3526, #3270, #2717, #1324, #438, #2368 ),
 .UNSPECIFIED., .F., .F.,
 ( 4, 1, 1, 1, 1, 1, 1, 1, 1, 1, 1, 1, 1, 1, 1, 1, 1, 1, 1, 1, 1, 1, 1, 4 ),
 ( 0.04729863961488649932, 0.05376401841373051882, 0.06927608368563659136, 0.1003002142294487364, 0.1313243447732607705, 0.1623484753170728045, 0.1933726058608849496, 0.2554208669485092398, 0.3174691280361335299, 0.3795173891237577091, 0.4415656502113818882, 0.5036139112990061228, 0.5656621723866304130, 0.6277104334742545921, 0.6897586945618787713, 0.7518069556495030614, 0.8138552167371273516, 0.8448793472809393856, 0.8759034778247515307, 0.9069276083685635648, 0.9379517389123757098, 0.9689758694561878549, 0.9844879347280939275, 1.000000000000000000 ),
 .UNSPECIFIED. ) ;
#523 = DIRECTION ( 'NONE',  ( 0.000000000000000000, 0.000000000000000000, 1.000000000000000000 ) ) ;
#524 = PRESENTATION_LAYER_ASSIGNMENT (  '', '', ( #3603 ) ) ;
#525 = LINE ( 'NONE', #1107, #1474 ) ;
#526 = CARTESIAN_POINT ( 'NONE',  ( 108.0584913842002663, -81.46320343559615651, 18.50000000000029488 ) ) ;
#527 = ORIENTED_EDGE ( 'NONE', *, *, #2921, .F. ) ;
#528 =( NAMED_UNIT ( * ) PLANE_ANGLE_UNIT ( ) SI_UNIT ( $, .RADIAN. ) );
#529 = ORIENTED_EDGE ( 'NONE', *, *, #3633, .F. ) ;
#530 = CARTESIAN_POINT ( 'NONE',  ( 93.10304636551248336, -77.81252408570141199, 25.37809739878564130 ) ) ;
#531 = EDGE_CURVE ( 'NONE', #2015, #446, #1409, .T. ) ;
#532 = FILL_AREA_STYLE ('',( #2213 ) ) ;
#533 = CARTESIAN_POINT ( 'NONE',  ( 98.22786960981100890, -82.64397853006146022, 19.43461146493768155 ) ) ;
#534 = CARTESIAN_POINT ( 'NONE',  ( 101.3335821012703519, -78.22511168932857117, 19.93472137907264141 ) ) ;
#535 = PRODUCT_DEFINITION_CONTEXT ( 'detailed design', #1920, 'design' ) ;
#536 = CARTESIAN_POINT ( 'NONE',  ( 78.75011020906269721, -17.37708070215249023, 30.49999999999990763 ) ) ;
#537 = FILL_AREA_STYLE_COLOUR ( '', #108 ) ;
#538 = CARTESIAN_POINT ( 'NONE',  ( 102.2421874995147419, -76.37709447315876332, 19.43461146493773839 ) ) ;
#539 = CARTESIAN_POINT ( 'NONE',  ( 97.30163802867087952, -80.92309696689977727, 20.50000000000036948 ) ) ;
#540 = APPLICATION_PROTOCOL_DEFINITION ( 'draft international standard', 'automotive_design', 1998, #3262 ) ;
#541 = CARTESIAN_POINT ( 'NONE',  ( 98.21995897282292276, -34.46320343559615651, 18.49999999999989697 ) ) ;
#542 = CARTESIAN_POINT ( 'NONE',  ( 89.55252400848382877, -137.0269370059130836, 26.14904260102646205 ) ) ;
#543 = CARTESIAN_POINT ( 'NONE',  ( 89.64729233776731121, -137.0125803499884114, 22.68494098588869079 ) ) ;
#544 = ORIENTED_EDGE ( 'NONE', *, *, #845, .T. ) ;
#545 = FACE_BOUND ( 'NONE', #1757, .T. ) ;
#546 = ORIENTED_EDGE ( 'NONE', *, *, #970, .T. ) ;
#547 = MECHANICAL_DESIGN_GEOMETRIC_PRESENTATION_REPRESENTATION (  '', ( #2668 ), #1148 ) ;
#548 = PRODUCT_DEFINITION_SHAPE ( 'NONE', 'NONE',  #924 ) ;
#549 = CIRCLE ( 'NONE', #1384, 3.885725908644508397 ) ;
#550 = DIRECTION ( 'NONE',  ( 0.8039168123599964577, -0.5947417580807170534, 0.000000000000000000 ) ) ;
#551 = CARTESIAN_POINT ( 'NONE',  ( 68.60496877421931572, -42.03824057268505499, 30.50000000000018119 ) ) ;
#552 = FACE_OUTER_BOUND ( 'NONE', #306, .T. ) ;
#553 = CARTESIAN_POINT ( 'NONE',  ( 116.5472208553409956, -33.33887755616850512, 30.50000000000018829 ) ) ;
#554 = CARTESIAN_POINT ( 'NONE',  ( 117.1296869138527370, -97.00640604179403681, 29.49999999999985789 ) ) ;
#555 =( GEOMETRIC_REPRESENTATION_CONTEXT ( 3 ) GLOBAL_UNCERTAINTY_ASSIGNED_CONTEXT ( ( #806 ) ) GLOBAL_UNIT_ASSIGNED_CONTEXT ( ( #3009, #680, #2079 ) ) REPRESENTATION_CONTEXT ( 'NONE', 'WORKASPACE' ) );
#556 = CARTESIAN_POINT ( 'NONE',  ( 94.18714072944604254, -72.31511417395712726, 22.97027682508189983 ) ) ;
#557 = SURFACE_STYLE_FILL_AREA ( #2564 ) ;
#558 = CARTESIAN_POINT ( 'NONE',  ( 119.1684481378018177, -112.1833057063710299, 29.49999999999985789 ) ) ;
#559 = CARTESIAN_POINT ( 'NONE',  ( 94.43218793797645105, -76.31143913945149393, 24.04545611475189659 ) ) ;
#560 =( NAMED_UNIT ( * ) PLANE_ANGLE_UNIT ( ) SI_UNIT ( $, .RADIAN. ) );
#561 = CARTESIAN_POINT ( 'NONE',  ( 102.5252980040408488, -76.61425691299571383, 19.93472123562437659 ) ) ;
#562 = VERTEX_POINT ( 'NONE', #1115 ) ;
#563 = PRESENTATION_LAYER_ASSIGNMENT (  '', '', ( #2152 ) ) ;
#564 = ORIENTED_EDGE ( 'NONE', *, *, #2928, .F. ) ;
#565 = EDGE_CURVE ( 'NONE', #3605, #3651, #1931, .T. ) ;
#566 = PLANE ( 'NONE',  #387 ) ;
#567 = STYLED_ITEM ( 'NONE', ( #1524 ), #3035 ) ;
#568 = CARTESIAN_POINT ( 'NONE',  ( 97.13069228147762146, -72.15471061283969334, 23.43199316970983404 ) ) ;
#569 = AXIS2_PLACEMENT_3D ( 'NONE', #2494, #3629, #1429 ) ;
#570 = STYLED_ITEM ( 'NONE', ( #1415 ), #2302 ) ;
#571 = LINE ( 'NONE', #1984, #2438 ) ;
#572 = UNCERTAINTY_MEASURE_WITH_UNIT (LENGTH_MEASURE( 1.000000000000000082E-05 ), #2035, 'distance_accuracy_value', 'NONE');
#573 = STYLED_ITEM ( 'NONE', ( #1257 ), #2698 ) ;
#574 = EDGE_CURVE ( 'NONE', #1663, #230, #2505, .T. ) ;
#575 = CARTESIAN_POINT ( 'NONE',  ( 98.22786960981078153, -82.64397853006146022, 29.43461146493751102 ) ) ;
#576 = PRESENTATION_STYLE_ASSIGNMENT (( #2008 ) ) ;
#577 = ORIENTED_EDGE ( 'NONE', *, *, #112, .F. ) ;
#578 = CARTESIAN_POINT ( 'NONE',  ( 93.53677875226949823, -75.61993084993591197, 22.83897212308845326 ) ) ;
#579 = ADVANCED_FACE ( 'NONE', ( #233, #2249 ), #3641, .F. ) ;
#580 = DIRECTION ( 'NONE',  ( -6.211436267236830770E-16, 1.619705569875463962E-15, 1.000000000000000000 ) ) ;
#581 = DIRECTION ( 'NONE',  ( -6.211436267236829784E-16, 1.619705569875463962E-15, 1.000000000000000000 ) ) ;
#582 = ORIENTED_EDGE ( 'NONE', *, *, #1354, .F. ) ;
#583 = MECHANICAL_DESIGN_GEOMETRIC_PRESENTATION_REPRESENTATION (  '', ( #1873 ), #395 ) ;
#584 = CARTESIAN_POINT ( 'NONE',  ( 106.6365167263065103, -36.85939598085880675, 30.49999999999989342 ) ) ;
#585 = ORIENTED_EDGE ( 'NONE', *, *, #2412, .T. ) ;
#586 = DIRECTION ( 'NONE',  ( 0.1497831270185397134, -0.9887188755457984035, 0.000000000000000000 ) ) ;
#587 = FILL_AREA_STYLE_COLOUR ( '', #3434 ) ;
#588 = CARTESIAN_POINT ( 'NONE',  ( 87.12081315564898887, -72.93059749928011115, 30.50000000000007461 ) ) ;
#589 = CARTESIAN_POINT ( 'NONE',  ( 75.01270920003325671, -52.10628670078090607, 30.50000000000042277 ) ) ;
#590 = CARTESIAN_POINT ( 'NONE',  ( 111.2618478616258102, -88.09048286779213299, 29.49999999999985789 ) ) ;
#591 = CARTESIAN_POINT ( 'NONE',  ( 93.85032315285486959, -72.03467643907623597, 23.34257752650763607 ) ) ;
#592 = PLANE ( 'NONE',  #449 ) ;
#593 = ORIENTED_EDGE ( 'NONE', *, *, #626, .T. ) ;
#594 = FACE_OUTER_BOUND ( 'NONE', #1145, .T. ) ;
#595 = CARTESIAN_POINT ( 'NONE',  ( 95.13469335517517322, -76.87013185372609314, 28.50000000000019895 ) ) ;
#596 = DIRECTION ( 'NONE',  ( -0.8422546816735544395, -0.1275949545288363185, -0.5237619485775609762 ) ) ;
#597 = VERTEX_POINT ( 'NONE', #1373 ) ;
#598 = CARTESIAN_POINT ( 'NONE',  ( 95.46546562229735855, -8.341983978388507026, 18.49999999999979039 ) ) ;
#599 = ORIENTED_EDGE ( 'NONE', *, *, #1187, .T. ) ;
#600 = SURFACE_STYLE_FILL_AREA ( #2317 ) ;
#601 = CARTESIAN_POINT ( 'NONE',  ( 94.98493798050174064, -70.37664329079420611, 23.43261568901097291 ) ) ;
#602 = VERTEX_POINT ( 'NONE', #2523 ) ;
#603 = PLANE ( 'NONE',  #1964 ) ;
#604 = CARTESIAN_POINT ( 'NONE',  ( 120.6070853995633598, -27.35745699474332326, 30.49999999999996447 ) ) ;
#605 = SURFACE_SIDE_STYLE ('',( #2605 ) ) ;
#606 = CARTESIAN_POINT ( 'NONE',  ( 90.81112267054237464, -127.6234070304053461, 27.96410161513762560 ) ) ;
#607 = EDGE_LOOP ( 'NONE', ( #2260, #635 ) ) ;
#608 = ADVANCED_FACE ( 'NONE', ( #822 ), #2234, .T. ) ;
#609 = CARTESIAN_POINT ( 'NONE',  ( 91.94733802465135852, -71.77806023809861813, 30.50000000000006750 ) ) ;
#610 =( GEOMETRIC_REPRESENTATION_CONTEXT ( 3 ) GLOBAL_UNCERTAINTY_ASSIGNED_CONTEXT ( ( #3286 ) ) GLOBAL_UNIT_ASSIGNED_CONTEXT ( ( #3625, #2730, #1932 ) ) REPRESENTATION_CONTEXT ( 'NONE', 'WORKASPACE' ) );
#611 = LINE ( 'NONE', #1754, #1625 ) ;
#612 = ORIENTED_EDGE ( 'NONE', *, *, #356, .T. ) ;
#613 = CARTESIAN_POINT ( 'NONE',  ( 92.47129647047908918, -136.5847659528198221, 27.96410161513784942 ) ) ;
#614 = SURFACE_SIDE_STYLE ('',( #3444 ) ) ;
#615 = SURFACE_STYLE_FILL_AREA ( #2311 ) ;
#616 = EDGE_LOOP ( 'NONE', ( #2778, #2298, #1588, #1703 ) ) ;
#617 = CARTESIAN_POINT ( 'NONE',  ( 89.38978525316665014, -74.84939958062184928, 18.50000000000001776 ) ) ;
#618 = ORIENTED_EDGE ( 'NONE', *, *, #399, .T. ) ;
#619 = CARTESIAN_POINT ( 'NONE',  ( 90.66959800960819393, -73.31248534902034919, 28.50000000000008171 ) ) ;
#620 = CARTESIAN_POINT ( 'NONE',  ( 101.3342530285149792, -78.22567618667883949, 28.93464853171174056 ) ) ;
#621 = ORIENTED_EDGE ( 'NONE', *, *, #1938, .T. ) ;
#622 = ORIENTED_EDGE ( 'NONE', *, *, #3475, .F. ) ;
#623 = CARTESIAN_POINT ( 'NONE',  ( 119.8020728916863931, -112.2342300411675495, 19.49999999999985079 ) ) ;
#624 = VECTOR ( 'NONE', #3130, 1000.000000000000114 ) ;
#625 =( GEOMETRIC_REPRESENTATION_CONTEXT ( 3 ) GLOBAL_UNCERTAINTY_ASSIGNED_CONTEXT ( ( #1214 ) ) GLOBAL_UNIT_ASSIGNED_CONTEXT ( ( #857, #2606, #2862 ) ) REPRESENTATION_CONTEXT ( 'NONE', 'WORKASPACE' ) );
#626 = EDGE_CURVE ( 'NONE', #3370, #826, #2809, .T. ) ;
#627 = COLOUR_RGB ( '',0.7529411764705882248, 0.7529411764705882248, 0.7529411764705882248 ) ;
#628 = AXIS2_PLACEMENT_3D ( 'NONE', #975, #183, #694 ) ;
#629 = CARTESIAN_POINT ( 'NONE',  ( 112.2588248357278644, -123.9035339633068133, 29.49999999999963762 ) ) ;
#630 = DIRECTION ( 'NONE',  ( -0.000000000000000000, -0.000000000000000000, 1.000000000000000000 ) ) ;
#631 = DIRECTION ( 'NONE',  ( 1.069224673517275008E-30, 1.000000000000000000, -1.619705569875463962E-15 ) ) ;
#632 = VECTOR ( 'NONE', #3342, 1000.000000000000000 ) ;
#633 = FILL_AREA_STYLE ('',( #2866 ) ) ;
#634 = MECHANICAL_DESIGN_GEOMETRIC_PRESENTATION_REPRESENTATION (  '', ( #2935 ), #2047 ) ;
#635 = ORIENTED_EDGE ( 'NONE', *, *, #2436, .F. ) ;
#636 = ADVANCED_FACE ( 'NONE', ( #1650 ), #1098, .F. ) ;
#637 = FILL_AREA_STYLE_COLOUR ( '', #268 ) ;
#638 = VECTOR ( 'NONE', #1792, 1000.000000000000000 ) ;
#639 = CARTESIAN_POINT ( 'NONE',  ( 91.73202580634624326, -74.19717390179377503, 28.50000000000021672 ) ) ;
#640 = ORIENTED_EDGE ( 'NONE', *, *, #2979, .F. ) ;
#641 = SURFACE_STYLE_FILL_AREA ( #2627 ) ;
#642 = ORIENTED_EDGE ( 'NONE', *, *, #2069, .F. ) ;
#643 = SURFACE_STYLE_USAGE ( .BOTH. , #2912 ) ;
#644 = DIRECTION ( 'NONE',  ( 0.000000000000000000, 0.000000000000000000, 1.000000000000000000 ) ) ;
#645 = ORIENTED_EDGE ( 'NONE', *, *, #2046, .T. ) ;
#646 = MECHANICAL_DESIGN_GEOMETRIC_PRESENTATION_REPRESENTATION (  '', ( #2237 ), #458 ) ;
#647 = CARTESIAN_POINT ( 'NONE',  ( 93.53865927741352948, -75.62139623085842288, 26.16021245059879163 ) ) ;
#648 = EDGE_CURVE ( 'NONE', #1471, #602, #3141, .T. ) ;
#649 = B_SPLINE_CURVE_WITH_KNOTS ( 'NONE', 3,
 ( #169, #118, #2931, #1273 ),
 .UNSPECIFIED., .F., .F.,
 ( 4, 4 ),
 ( 0.000000000000000000, 1.000000000000000000 ),
 .UNSPECIFIED. ) ;
#650 = LINE ( 'NONE', #1193, #3354 ) ;
#651 = CARTESIAN_POINT ( 'NONE',  ( 138.4323956500569750, -22.73562247337300590, 30.50000000000016698 ) ) ;
#652 = SURFACE_STYLE_FILL_AREA ( #3189 ) ;
#653 = DIRECTION ( 'NONE',  ( 0.6536979505629404441, 0.7567555678221411508, 0.000000000000000000 ) ) ;
#654 = CARTESIAN_POINT ( 'NONE',  ( 79.79696366515661055, -135.9763030070576804, 29.49999999999985789 ) ) ;
#655 = ORIENTED_EDGE ( 'NONE', *, *, #3197, .F. ) ;
#656 = CARTESIAN_POINT ( 'NONE',  ( 88.56600344442050243, -130.6646961749127343, 22.76794919243096871 ) ) ;
#657 = DIRECTION ( 'NONE',  ( -0.2771233879245773024, 0.9608343394494204270, 0.000000000000000000 ) ) ;
#658 = DIRECTION ( 'NONE',  ( 0.000000000000000000, 0.000000000000000000, 1.000000000000000000 ) ) ;
#659 = VERTEX_POINT ( 'NONE', #2238 ) ;
#660 = CARTESIAN_POINT ( 'NONE',  ( 101.5507013574235344, -81.46320343559543176, 20.50000000000029488 ) ) ;
#661 = FACE_OUTER_BOUND ( 'NONE', #2309, .T. ) ;
#662 = VERTEX_POINT ( 'NONE', #1152 ) ;
#663 = DIRECTION ( 'NONE',  ( 0.1497831270185359664, -0.9887188755457989586, 3.397234079277621372E-15 ) ) ;
#664 = CARTESIAN_POINT ( 'NONE',  ( 92.24200074518137171, -133.6815034727339651, 29.50000000000008171 ) ) ;
#665 = DIRECTION ( 'NONE',  ( 0.5947417580807192738, 0.8039168123599947924, 0.000000000000000000 ) ) ;
#666 = DIRECTION ( 'NONE',  ( 6.356774379892829643E-32, -1.000000000000000000, 1.632383628856058256E-15 ) ) ;
#667 = AXIS2_PLACEMENT_3D ( 'NONE', #2330, #936, #2056 ) ;
#668 = CARTESIAN_POINT ( 'NONE',  ( 94.04459428927495424, -72.19648279620966491, 25.89321454069935768 ) ) ;
#669 = ORIENTED_EDGE ( 'NONE', *, *, #3536, .T. ) ;
#670 =( NAMED_UNIT ( * ) SI_UNIT ( $, .STERADIAN. ) SOLID_ANGLE_UNIT ( ) );
#671 = AXIS2_PLACEMENT_3D ( 'NONE', #533, #2456, #2414 ) ;
#672 = DIRECTION ( 'NONE',  ( -0.9887188755457981815, -0.1497831270185413788, 0.000000000000000000 ) ) ;
#673 = SURFACE_STYLE_FILL_AREA ( #1292 ) ;
#674 = ORIENTED_EDGE ( 'NONE', *, *, #2429, .F. ) ;
#675 = FILL_AREA_STYLE ('',( #1239 ) ) ;
#676 = DIRECTION ( 'NONE',  ( 0.1497831270185359664, -0.9887188755457989586, 3.397234079277621372E-15 ) ) ;
#677 = ORIENTED_EDGE ( 'NONE', *, *, #1339, .T. ) ;
#678 = EDGE_CURVE ( 'NONE', #1110, #3320, #3359, .T. ) ;
#679 = FACE_OUTER_BOUND ( 'NONE', #1557, .T. ) ;
#680 =( NAMED_UNIT ( * ) PLANE_ANGLE_UNIT ( ) SI_UNIT ( $, .RADIAN. ) );
#681 = CARTESIAN_POINT ( 'NONE',  ( 96.40677146529729669, -71.55719224394394473, 26.19401484126218804 ) ) ;
#682 = PRESENTATION_LAYER_ASSIGNMENT (  '', '', ( #2451 ) ) ;
#683 = CARTESIAN_POINT ( 'NONE',  ( 88.83794501286476475, -134.4707909550548948, 26.38541448798913791 ) ) ;
#684 = SURFACE_STYLE_FILL_AREA ( #3222 ) ;
#685 = ADVANCED_FACE ( 'NONE', ( #2585 ), #3399, .F. ) ;
#686 = CARTESIAN_POINT ( 'NONE',  ( 94.26840815366081472, -72.38260376811393826, 26.07347195348269153 ) ) ;
#687 = ORIENTED_EDGE ( 'NONE', *, *, #30, .F. ) ;
#688 = VECTOR ( 'NONE', #3190, 1000.000000000000114 ) ;
#689 = AXIS2_PLACEMENT_3D ( 'NONE', #3449, #2017, #3466 ) ;
#690 = PLANE ( 'NONE',  #2626 ) ;
#691 = EDGE_CURVE ( 'NONE', #2290, #190, #520, .T. ) ;
#692 = CARTESIAN_POINT ( 'NONE',  ( 100.8752188049194274, -34.46320343559612809, 30.50000000000008882 ) ) ;
#693 = PRESENTATION_LAYER_ASSIGNMENT (  '', '', ( #1170 ) ) ;
#694 = DIRECTION ( 'NONE',  ( -0.8744606224002156036, 0.000000000000000000, 0.4850965057299708727 ) ) ;
#695 = CARTESIAN_POINT ( 'NONE',  ( 68.75873066041963000, -31.18584744185959323, 18.50000000000017053 ) ) ;
#696 = VERTEX_POINT ( 'NONE', #2283 ) ;
#697 = ADVANCED_FACE ( 'NONE', ( #3436 ), #3105, .F. ) ;
#698 = COLOUR_RGB ( '',0.2000000000000000111, 0.2000000000000000111, 0.2000000000000000111 ) ;
#699 = DIRECTION ( 'NONE',  ( 0.8422546816735575481, 0.1275949545288367626, 0.5237619485775557582 ) ) ;
#700 = CARTESIAN_POINT ( 'NONE',  ( 94.33100948111717798, -129.0019558473652808, 26.23205080756873997 ) ) ;
#701 = ORIENTED_EDGE ( 'NONE', *, *, #3025, .F. ) ;
#702 = CARTESIAN_POINT ( 'NONE',  ( 92.73493447843786441, -74.98989478152985555, 26.20490988596514370 ) ) ;
#703 = CARTESIAN_POINT ( 'NONE',  ( 126.3994225184911784, -39.57866585956180927, 30.50000000000004619 ) ) ;
#704 = PRESENTATION_LAYER_ASSIGNMENT (  '', '', ( #1360 ) ) ;
#705 = VERTEX_POINT ( 'NONE', #34 ) ;
#706 = CYLINDRICAL_SURFACE ( 'NONE', #2392, 1.743370209773072776 ) ;
#707 = CARTESIAN_POINT ( 'NONE',  ( 97.36968207608940418, -80.97137375289082684, 28.50000000000015987 ) ) ;
#708 = PRESENTATION_LAYER_ASSIGNMENT (  '', '', ( #2473 ) ) ;
#709 = CARTESIAN_POINT ( 'NONE',  ( 95.75889476254208432, -73.61578184179978734, 25.81777704955315400 ) ) ;
#710 = ORIENTED_EDGE ( 'NONE', *, *, #1139, .T. ) ;
#711 = CARTESIAN_POINT ( 'NONE',  ( 85.10823542438883749, -34.46320343559615651, 18.50000000000018829 ) ) ;
#712 = DIRECTION ( 'NONE',  ( -0.1497831270185397134, 0.9887188755457984035, 0.000000000000000000 ) ) ;
#713 =( NAMED_UNIT ( * ) PLANE_ANGLE_UNIT ( ) SI_UNIT ( $, .RADIAN. ) );
#714 = DIRECTION ( 'NONE',  ( 0.8478988645735088259, 0.000000000000000000, 0.5301580098941771624 ) ) ;
#715 = ORIENTED_EDGE ( 'NONE', *, *, #2957, .F. ) ;
#716 = LINE ( 'NONE', #152, #213 ) ;
#717 =( NAMED_UNIT ( * ) SI_UNIT ( $, .STERADIAN. ) SOLID_ANGLE_UNIT ( ) );
#718 = CARTESIAN_POINT ( 'NONE',  ( 83.20950126550270909, -69.35504174089780349, 30.50000000000047962 ) ) ;
#719 = ORIENTED_EDGE ( 'NONE', *, *, #2054, .T. ) ;
#720 = CARTESIAN_POINT ( 'NONE',  ( 92.36126687501007382, -134.5786148898788497, 21.03589838486236019 ) ) ;
#721 = CARTESIAN_POINT ( 'NONE',  ( 98.06289597545672621, -81.46320427055471214, 18.50000000000020250 ) ) ;
#722 = EDGE_CURVE ( 'NONE', #2339, #2650, #2807, .T. ) ;
#723 = LINE ( 'NONE', #2433, #2569 ) ;
#724 = CARTESIAN_POINT ( 'NONE',  ( 89.31340179363868970, -134.3652398461773032, 27.06801709313958781 ) ) ;
#725 = CARTESIAN_POINT ( 'NONE',  ( 93.69362568889050635, -126.7920368666316193, 22.76794919243096871 ) ) ;
#726 = CARTESIAN_POINT ( 'NONE',  ( 93.68813388801721942, -71.89940688057076557, 25.38237033734228731 ) ) ;
#727 = VERTEX_POINT ( 'NONE', #606 ) ;
#728 = EDGE_CURVE ( 'NONE', #1238, #267, #2253, .T. ) ;
#729 = AXIS2_PLACEMENT_3D ( 'NONE', #3211, #2365, #672 ) ;
#730 = CARTESIAN_POINT ( 'NONE',  ( 97.40814435690830919, -72.38330776875517358, 24.49999999997732303 ) ) ;
#731 = DIRECTION ( 'NONE',  ( 0.5947417580807264903, 0.8039168123599895743, 0.000000000000000000 ) ) ;
#732 = PRESENTATION_STYLE_ASSIGNMENT (( #1843 ) ) ;
#733 = MECHANICAL_DESIGN_GEOMETRIC_PRESENTATION_REPRESENTATION (  '', ( #1838 ), #1783 ) ;
#734 = B_SPLINE_CURVE_WITH_KNOTS ( 'NONE', 3,
 ( #1144, #1644, #2777, #3408, #2518, #561, #1109, #3075, #1902, #282 ),
 .UNSPECIFIED., .F., .F.,
 ( 4, 2, 2, 2, 4 ),
 ( 0.001564745766229304596, 0.001955843273546908727, 0.002346940780864512858, 0.002738038288182116989, 0.003129135795499721120 ),
 .UNSPECIFIED. ) ;
#735 = FACE_OUTER_BOUND ( 'NONE', #1610, .T. ) ;
#736 = ORIENTED_EDGE ( 'NONE', *, *, #885, .T. ) ;
#737 = CARTESIAN_POINT ( 'NONE',  ( 101.5507013574235344, -81.46320343559543176, 20.50000000000029488 ) ) ;
#738 = CARTESIAN_POINT ( 'NONE',  ( 87.92861965219412923, -128.4547771941790870, 26.23205080756873997 ) ) ;
#739 = CARTESIAN_POINT ( 'NONE',  ( 123.4264543458774455, -27.88995987435478341, 30.50000000000002842 ) ) ;
#740 = ORIENTED_EDGE ( 'NONE', *, *, #2323, .F. ) ;
#741 = CARTESIAN_POINT ( 'NONE',  ( 101.6335523362864848, -78.47748080666795545, 18.98753225328161065 ) ) ;
#742 = CARTESIAN_POINT ( 'NONE',  ( 90.87117299056336606, -76.06104090647217220, 25.65703264905626924 ) ) ;
#743 = CARTESIAN_POINT ( 'NONE',  ( 67.75341160210385283, -58.10750888260874092, 30.49999999999997513 ) ) ;
#744 = CARTESIAN_POINT ( 'NONE',  ( 92.34883983299397414, -77.22970290405491767, 22.83979140511440420 ) ) ;
#745 = CARTESIAN_POINT ( 'NONE',  ( 102.2421874995145288, -76.37709447315879174, 29.43461146493773484 ) ) ;
#746 = CARTESIAN_POINT ( 'NONE',  ( 91.94733802465184169, -71.77806023809861813, 29.50000000000008171 ) ) ;
#747 = EDGE_CURVE ( 'NONE', #3552, #1180, #1752, .T. ) ;
#748 = CARTESIAN_POINT ( 'NONE',  ( 95.48483726175837205, -136.1282382438018885, 26.31505901411168580 ) ) ;
#749 = CARTESIAN_POINT ( 'NONE',  ( 92.76708169000856685, -133.5057272994649225, 20.70385775676414397 ) ) ;
#750 = EDGE_LOOP ( 'NONE', ( #116, #1491 ) ) ;
#751 = MECHANICAL_DESIGN_GEOMETRIC_PRESENTATION_REPRESENTATION (  '', ( #2753 ), #2803 ) ;
#752 = CARTESIAN_POINT ( 'NONE',  ( 103.1293865606332503, -36.79239862874161560, 18.49999999999995381 ) ) ;
#753 = CARTESIAN_POINT ( 'NONE',  ( 93.69362568889050635, -126.7920368666316193, 22.76794919243096871 ) ) ;
#754 = VECTOR ( 'NONE', #1335, 1000.000000000000000 ) ;
#755 = VECTOR ( 'NONE', #1542, 1000.000000000000227 ) ;
#756 = ADVANCED_FACE ( 'NONE', ( #911, #1175 ), #2199, .F. ) ;
#757 = VERTEX_POINT ( 'NONE', #397 ) ;
#758 = AXIS2_PLACEMENT_3D ( 'NONE', #2349, #1232, #1552 ) ;
#759 = PRESENTATION_STYLE_ASSIGNMENT (( #3296 ) ) ;
#760 = ORIENTED_EDGE ( 'NONE', *, *, #174, .T. ) ;
#761 = CARTESIAN_POINT ( 'NONE',  ( 127.2073913641566207, 0.03284476835441294679, 30.50000000000013856 ) ) ;
#762 = VERTEX_POINT ( 'NONE', #1819 ) ;
#763 = VECTOR ( 'NONE', #3298, 1000.000000000000000 ) ;
#764 = VECTOR ( 'NONE', #1626, 1000.000000000000227 ) ;
#765 = DIRECTION ( 'NONE',  ( -0.7638170921311591144, -0.2202997661879763647, 0.6066724509863814507 ) ) ;
#766 = CARTESIAN_POINT ( 'NONE',  ( 40.95629772191512785, -142.0025121756970066, -1.720845688168992638E-12 ) ) ;
#767 = DIRECTION ( 'NONE',  ( 0.000000000000000000, 0.000000000000000000, -1.000000000000000000 ) ) ;
#768 = EDGE_CURVE ( 'NONE', #2650, #1741, #1065, .T. ) ;
#769 = UNCERTAINTY_MEASURE_WITH_UNIT (LENGTH_MEASURE( 1.000000000000000082E-05 ), #3226, 'distance_accuracy_value', 'NONE');
#770 = VECTOR ( 'NONE', #263, 1000.000000000000000 ) ;
#771 = CARTESIAN_POINT ( 'NONE',  ( 90.88708874644920854, -133.9945589746660914, 20.85324978094211446 ) ) ;
#772 = AXIS2_PLACEMENT_3D ( 'NONE', #2444, #777, #1054 ) ;
#773 = CARTESIAN_POINT ( 'NONE',  ( 94.68264801645273110, -69.02477728851459915, 30.50000000000002132 ) ) ;
#774 = B_SPLINE_CURVE_WITH_KNOTS ( 'NONE', 10,
 ( #500, #168, #3036, #2129, #1366, #1052, #1607, #1900, #464, #3055, #2168 ),
 .UNSPECIFIED., .F., .F.,
 ( 11, 11 ),
 ( 0.000000000000000000, 1.000000000000000000 ),
 .UNSPECIFIED. ) ;
#775 = CARTESIAN_POINT ( 'NONE',  ( 91.38537967132708673, -77.58186957414156382, 24.49999999999991118 ) ) ;
#776 = VERTEX_POINT ( 'NONE', #1804 ) ;
#777 = DIRECTION ( 'NONE',  ( -0.9432288611168643255, -0.3321435165048131632, 0.000000000000000000 ) ) ;
#778 = CARTESIAN_POINT ( 'NONE',  ( 81.03304982941287449, -11.27775940312517022, 18.49999999999989697 ) ) ;
#779 = ORIENTED_EDGE ( 'NONE', *, *, #1390, .T. ) ;
#780 = CARTESIAN_POINT ( 'NONE',  ( 102.5259684987952369, -76.61482043712985046, 28.93464884285725702 ) ) ;
#781 = ORIENTED_EDGE ( 'NONE', *, *, #1641, .F. ) ;
#782 = CARTESIAN_POINT ( 'NONE',  ( 88.10823542438878064, -38.46320343559614230, 24.50000000000002132 ) ) ;
#783 = ADVANCED_FACE ( 'NONE', ( #1836 ), #706, .T. ) ;
#784 =( LENGTH_UNIT ( ) NAMED_UNIT ( * ) SI_UNIT ( .MILLI., .METRE. ) );
#785 = CARTESIAN_POINT ( 'NONE',  ( 94.33100948111702166, -129.0019558473652808, 22.76794919243096871 ) ) ;
#786 = B_SPLINE_CURVE_WITH_KNOTS ( 'NONE', 3,
 ( #515, #1585, #3288, #2772, #1601, #2439, #3650, #1067, #2731, #236, #3326, #1122, #771, #1375, #2492, #2220, #3360, #749 ),
 .UNSPECIFIED., .F., .F.,
 ( 4, 2, 2, 2, 2, 2, 2, 2, 4 ),
 ( 0.006695759103925439347, 0.007532486076122359847, 0.008369213048319279480, 0.009205940020516200847, 0.01004266699271312048, 0.01087939396491004185, 0.01171612093710696148, 0.01255284790930388111, 0.01338957488150080248 ),
 .UNSPECIFIED. ) ;
#787 = ORIENTED_EDGE ( 'NONE', *, *, #1515, .F. ) ;
#788 = SURFACE_SIDE_STYLE ('',( #825 ) ) ;
#789 = B_SPLINE_CURVE_WITH_KNOTS ( 'NONE', 3,
 ( #510, #2136, #2193, #452, #1582, #1636, #3610, #3282, #2154, #744, #2708, #176, #1355, #140, #1874, #3303, #2745, #1316, #2454, #2729, #3595, #1279, #490, #2396 ),
 .UNSPECIFIED., .F., .F.,
 ( 4, 2, 2, 2, 2, 2, 2, 2, 2, 2, 2, 4 ),
 ( 0.005472559463324300037, 0.006156476092470881782, 0.006840392721617462660, 0.007182351036190758736, 0.007524309350764054813, 0.007866267665337350889, 0.008208225979910646966, 0.008892142609057232180, 0.009234100923630524788, 0.009576059238203817395, 0.01025997586735040261, 0.01094389249649698782 ),
 .UNSPECIFIED. ) ;
#790 = CARTESIAN_POINT ( 'NONE',  ( 111.6051885039519078, -36.02654818271976467, 18.49999999999994671 ) ) ;
#791 = LINE ( 'NONE', #843, #3643 ) ;
#792 = DIRECTION ( 'NONE',  ( 0.8321069467916372142, 0.2399958939254973889, 0.5000000000000006661 ) ) ;
#793 = DIRECTION ( 'NONE',  ( 0.9883406132113149445, 0.1497258232523291377, 0.02765881646951683093 ) ) ;
#794 = DIRECTION ( 'NONE',  ( 0.000000000000000000, 0.000000000000000000, 1.000000000000000000 ) ) ;
#795 = VERTEX_POINT ( 'NONE', #2082 ) ;
#796 = CARTESIAN_POINT ( 'NONE',  ( 119.4762382952300612, -18.71635921571990124, 30.49999999999985789 ) ) ;
#797 = EDGE_LOOP ( 'NONE', ( #889, #2963, #3607, #1452 ) ) ;
#798 = CARTESIAN_POINT ( 'NONE',  ( 101.5507013574235344, -81.46320343559543176, 20.50000000000029488 ) ) ;
#799 = CARTESIAN_POINT ( 'NONE',  ( 102.2421874995147419, -76.37709447315876332, 19.43461146493773839 ) ) ;
#800 = ADVANCED_FACE ( 'NONE', ( #2326 ), #3472, .T. ) ;
#801 = DIRECTION ( 'NONE',  ( -0.8039168123599947924, 0.5947417580807193849, 0.000000000000000000 ) ) ;
#802 = ADVANCED_FACE ( 'NONE', ( #216, #3356 ), #474, .T. ) ;
#803 = DIRECTION ( 'NONE',  ( 0.1497831270185397134, -0.9887188755457984035, 0.000000000000000000 ) ) ;
#804 = CARTESIAN_POINT ( 'NONE',  ( 77.45021645771288377, -58.26024365436763475, 18.50000000000023803 ) ) ;
#805 = CARTESIAN_POINT ( 'NONE',  ( 98.62982801599100924, -82.94134940910181797, 19.43461146493768155 ) ) ;
#806 = UNCERTAINTY_MEASURE_WITH_UNIT (LENGTH_MEASURE( 1.000000000000000082E-05 ), #3009, 'distance_accuracy_value', 'NONE');
#807 =( NAMED_UNIT ( * ) PLANE_ANGLE_UNIT ( ) SI_UNIT ( $, .RADIAN. ) );
#808 = CARTESIAN_POINT ( 'NONE',  ( 102.2840199518552708, -76.41208313984191136, 29.69637624050018943 ) ) ;
#809 = SURFACE_STYLE_USAGE ( .BOTH. , #1917 ) ;
#810 = COLOUR_RGB ( '',0.2509803921568627416, 0.2509803921568627416, 0.2509803921568627416 ) ;
#811 = ADVANCED_FACE ( 'NONE', ( #234 ), #3284, .T. ) ;
#812 = CARTESIAN_POINT ( 'NONE',  ( 89.55252400848382877, -137.0269370059130836, 26.14904260102646205 ) ) ;
#813 = DIRECTION ( 'NONE',  ( -6.211436267236830770E-16, 1.619705569875463962E-15, 1.000000000000000000 ) ) ;
#814 = STYLED_ITEM ( 'NONE', ( #836 ), #331 ) ;
#815 = AXIS2_PLACEMENT_3D ( 'NONE', #294, #1215, #2027 ) ;
#816 = CARTESIAN_POINT ( 'NONE',  ( 92.26649854572583820, -134.5929715458034650, 24.50000000000007816 ) ) ;
#817 = ORIENTED_EDGE ( 'NONE', *, *, #3329, .F. ) ;
#818 = ORIENTED_EDGE ( 'NONE', *, *, #2026, .T. ) ;
#819 = CARTESIAN_POINT ( 'NONE',  ( 92.94491853160344874, -77.69104473232837904, 25.65626819308101858 ) ) ;
#820 = AXIS2_PLACEMENT_3D ( 'NONE', #2839, #1437, #493 ) ;
#821 = FACE_OUTER_BOUND ( 'NONE', #2357, .T. ) ;
#822 = FACE_OUTER_BOUND ( 'NONE', #54, .T. ) ;
#823 = AXIS2_PLACEMENT_3D ( 'NONE', #3580, #995, #714 ) ;
#824 = CARTESIAN_POINT ( 'NONE',  ( 101.7198319085811278, -36.62068298456374293, 30.49999999999990763 ) ) ;
#825 = SURFACE_STYLE_FILL_AREA ( #3014 ) ;
#826 = VERTEX_POINT ( 'NONE', #1334 ) ;
#827 = FILL_AREA_STYLE_COLOUR ( '', #92 ) ;
#828 = CARTESIAN_POINT ( 'NONE',  ( 93.70407023358286835, -75.75008352035175108, 22.92658114945825787 ) ) ;
#829 = CARTESIAN_POINT ( 'NONE',  ( 79.27849570963742565, -160.7328427445672503, 29.49999999999985789 ) ) ;
#830 = CARTESIAN_POINT ( 'NONE',  ( 93.69362568889063425, -126.7920368666316193, 26.23205080756873997 ) ) ;
#831 = ORIENTED_EDGE ( 'NONE', *, *, #242, .T. ) ;
#832 = CARTESIAN_POINT ( 'NONE',  ( 104.7752953671158735, -36.89132571271643002, 30.49999999999985079 ) ) ;
#833 = VERTEX_POINT ( 'NONE', #745 ) ;
#834 = CARTESIAN_POINT ( 'NONE',  ( 85.10823542438883749, -38.46320343559615651, 18.50000000000018829 ) ) ;
#835 = CARTESIAN_POINT ( 'NONE',  ( 101.3891689825637030, -38.90128798100602836, 30.50000000000016698 ) ) ;
#836 = PRESENTATION_STYLE_ASSIGNMENT (( #2802 ) ) ;
#837 = UNCERTAINTY_MEASURE_WITH_UNIT (LENGTH_MEASURE( 1.000000000000000082E-05 ), #2831, 'distance_accuracy_value', 'NONE');
#838 = CARTESIAN_POINT ( 'NONE',  ( 87.68908644265785313, -66.81470990779041585, 30.50000000000009592 ) ) ;
#839 = DIRECTION ( 'NONE',  ( 0.1497831270185359664, -0.9887188755457989586, 3.397234079277621372E-15 ) ) ;
#840 = CARTESIAN_POINT ( 'NONE',  ( 119.8020728916863931, -112.2342300411675495, 29.49999999999985789 ) ) ;
#841 = CARTESIAN_POINT ( 'NONE',  ( 93.51774495058194248, -71.75708217521231802, 24.38428353069854282 ) ) ;
#842 = DIRECTION ( 'NONE',  ( 0.8817660901933868089, 0.000000000000000000, -0.4716869323874342546 ) ) ;
#843 = CARTESIAN_POINT ( 'NONE',  ( 87.02052895539054589, -134.8819897253409295, 29.49999999999985789 ) ) ;
#844 = ADVANCED_FACE ( 'NONE', ( #2215 ), #160, .F. ) ;
#845 = EDGE_CURVE ( 'NONE', #1476, #3135, #3611, .T. ) ;
#846 = LINE ( 'NONE', #1996, #1336 ) ;
#847 = CARTESIAN_POINT ( 'NONE',  ( 88.10823542438878064, -46.46320343559613519, 26.25000000000001776 ) ) ;
#848 = CARTESIAN_POINT ( 'NONE',  ( 85.10823542438880907, -38.46320343559613519, 30.50000000000019895 ) ) ;
#849 = ORIENTED_EDGE ( 'NONE', *, *, #1272, .F. ) ;
#850 = ORIENTED_EDGE ( 'NONE', *, *, #3107, .F. ) ;
#851 = EDGE_CURVE ( 'NONE', #208, #3527, #338, .T. ) ;
#852 = FILL_AREA_STYLE ('',( #1892 ) ) ;
#853 = VECTOR ( 'NONE', #657, 1000.000000000000114 ) ;
#854 = CARTESIAN_POINT ( 'NONE',  ( 89.38978525316665014, -74.84939958062184928, 18.50000000000001776 ) ) ;
#855 = VECTOR ( 'NONE', #872, 1000.000000000000000 ) ;
#856 = CARTESIAN_POINT ( 'NONE',  ( 91.44850646276931627, -129.8333260111390075, 21.03589838486202979 ) ) ;
#857 =( LENGTH_UNIT ( ) NAMED_UNIT ( * ) SI_UNIT ( .MILLI., .METRE. ) );
#858 = EDGE_CURVE ( 'NONE', #1435, #1612, #2198, .T. ) ;
#859 = ORIENTED_EDGE ( 'NONE', *, *, #461, .F. ) ;
#860 = CARTESIAN_POINT ( 'NONE',  ( 91.72524603664516007, -74.18001615197081833, 24.38434503344057447 ) ) ;
#861 = CARTESIAN_POINT ( 'NONE',  ( 98.86972240183546035, -79.59607252800401511, 28.50000000000017764 ) ) ;
#862 = LINE ( 'NONE', #830, #366 ) ;
#863 = ORIENTED_EDGE ( 'NONE', *, *, #2212, .F. ) ;
#864 = VECTOR ( 'NONE', #1383, 999.9999999999998863 ) ;
#865 = DIRECTION ( 'NONE',  ( 1.000000000000000000, 1.041568215933692066E-30, 6.430602174281444362E-16 ) ) ;
#866 = ORIENTED_EDGE ( 'NONE', *, *, #1133, .F. ) ;
#867 = FILL_AREA_STYLE_COLOUR ( '', #1688 ) ;
#868 = CIRCLE ( 'NONE', #3525, 3.852710664767962978 ) ;
#869 = CARTESIAN_POINT ( 'NONE',  ( 89.38978525984583712, -74.84939958618370781, 28.49999999999985789 ) ) ;
#870 = AXIS2_PLACEMENT_3D ( 'NONE', #2324, #1496, #1482 ) ;
#871 = AXIS2_PLACEMENT_3D ( 'NONE', #2010, #3146, #933 ) ;
#872 = DIRECTION ( 'NONE',  ( -0.3321435165048132188, 0.9432288611168643255, 0.000000000000000000 ) ) ;
#873 = DIRECTION ( 'NONE',  ( -0.1497831270185397412, 0.9887188755457984035, 0.000000000000000000 ) ) ;
#874 = CARTESIAN_POINT ( 'NONE',  ( 80.53902583302992468, -135.8885322130081477, 19.49999999999963052 ) ) ;
#875 = CARTESIAN_POINT ( 'NONE',  ( 95.04235549934234939, -73.02412098997920964, 22.76131301696858600 ) ) ;
#876 = MECHANICAL_DESIGN_GEOMETRIC_PRESENTATION_REPRESENTATION (  '', ( #2463 ), #218 ) ;
#877 = DIRECTION ( 'NONE',  ( -0.8039168123599691462, 0.5947417580807540238, 0.000000000000000000 ) ) ;
#878 = ORIENTED_EDGE ( 'NONE', *, *, #1085, .F. ) ;
#879 = CARTESIAN_POINT ( 'NONE',  ( 94.13457223789485795, -76.08297105925660730, 23.34372496401679342 ) ) ;
#880 = CARTESIAN_POINT ( 'NONE',  ( 93.96414506134142641, -75.97496987493086351, 28.50000000000020606 ) ) ;
#881 = VERTEX_POINT ( 'NONE', #47 ) ;
#882 = CARTESIAN_POINT ( 'NONE',  ( 73.99484937687861930, -57.56321776288774572, 18.50000000000022382 ) ) ;
#883 = ORIENTED_EDGE ( 'NONE', *, *, #3588, .F. ) ;
#884 = CARTESIAN_POINT ( 'NONE',  ( 97.07458240703941499, -72.10845911984448264, 23.34340188572032559 ) ) ;
#885 = EDGE_CURVE ( 'NONE', #659, #1775, #2801, .T. ) ;
#886 = CARTESIAN_POINT ( 'NONE',  ( 98.21995897282290855, -34.46320343559615651, 30.49999999999961631 ) ) ;
#887 = CARTESIAN_POINT ( 'NONE',  ( 103.2552023107991630, -82.63149550843165514, 29.49999999999985789 ) ) ;
#888 = CARTESIAN_POINT ( 'NONE',  ( 79.79696366515661055, -135.9763030070576804, 29.49999999999985789 ) ) ;
#889 = ORIENTED_EDGE ( 'NONE', *, *, #3655, .T. ) ;
#890 =( NAMED_UNIT ( * ) SI_UNIT ( $, .STERADIAN. ) SOLID_ANGLE_UNIT ( ) );
#891 = PLANE ( 'NONE',  #871 ) ;
#892 = ORIENTED_EDGE ( 'NONE', *, *, #2257, .T. ) ;
#893 = CARTESIAN_POINT ( 'NONE',  ( 91.72524603664506060, -74.18001615197077570, 24.49999999999945288 ) ) ;
#894 = SURFACE_STYLE_USAGE ( .BOTH. , #614 ) ;
#895 =( NAMED_UNIT ( * ) PLANE_ANGLE_UNIT ( ) SI_UNIT ( $, .RADIAN. ) );
#896 = ORIENTED_EDGE ( 'NONE', *, *, #3279, .F. ) ;
#897 = CARTESIAN_POINT ( 'NONE',  ( 70.95828363653436099, -33.96774037367856636, 18.49999999999982592 ) ) ;
#898 = ORIENTED_EDGE ( 'NONE', *, *, #2599, .T. ) ;
#899 = ADVANCED_FACE ( 'NONE', ( #253 ), #603, .T. ) ;
#900 = LINE ( 'NONE', #2878, #3051 ) ;
#901 = CARTESIAN_POINT ( 'NONE',  ( 96.03324153601825230, -80.00322579751281182, 28.49999999999995737 ) ) ;
#902 = EDGE_LOOP ( 'NONE', ( #883, #2863, #950, #3192, #10, #896 ) ) ;
#904 = CARTESIAN_POINT ( 'NONE',  ( 111.2618478616258102, -88.09048286779213299, 19.49999999999985079 ) ) ;
#903 =( GEOMETRIC_REPRESENTATION_CONTEXT ( 3 ) GLOBAL_UNCERTAINTY_ASSIGNED_CONTEXT ( ( #769 ) ) GLOBAL_UNIT_ASSIGNED_CONTEXT ( ( #3226, #2127, #2071 ) ) REPRESENTATION_CONTEXT ( 'NONE', 'WORKASPACE' ) );
#905 = UNCERTAINTY_MEASURE_WITH_UNIT (LENGTH_MEASURE( 1.000000000000000082E-05 ), #1174, 'distance_accuracy_value', 'NONE');
#906 = EDGE_CURVE ( 'NONE', #1260, #446, #1015, .T. ) ;
#907 = COLOUR_RGB ( '',0.7529411764705882248, 0.7529411764705882248, 0.7529411764705882248 ) ;
#908 = EDGE_CURVE ( 'NONE', #375, #1460, #3414, .T. ) ;
#909 = CARTESIAN_POINT ( 'NONE',  ( 82.03448950963667130, -135.6949491840528310, 29.50000000000019185 ) ) ;
#910 = LINE ( 'NONE', #2007, #1749 ) ;
#911 = FACE_OUTER_BOUND ( 'NONE', #1075, .T. ) ;
#912 = CARTESIAN_POINT ( 'NONE',  ( 94.43955096024834006, -137.2980007308701431, 24.50000000000007816 ) ) ;
#913 = CARTESIAN_POINT ( 'NONE',  ( 94.57645936720018653, -76.21091721370181915, 24.49999999999980105 ) ) ;
#914 = ORIENTED_EDGE ( 'NONE', *, *, #334, .T. ) ;
#915 = ORIENTED_EDGE ( 'NONE', *, *, #3482, .T. ) ;
#916 = DIRECTION ( 'NONE',  ( -0.6399042914482101496, -0.7684546166080102880, 0.000000000000000000 ) ) ;
#917 = CARTESIAN_POINT ( 'NONE',  ( 93.69362568889063425, -126.7920368666316193, 26.23205080756873997 ) ) ;
#918 = ORIENTED_EDGE ( 'NONE', *, *, #1875, .T. ) ;
#919 = ORIENTED_EDGE ( 'NONE', *, *, #494, .T. ) ;
#920 = EDGE_CURVE ( 'NONE', #410, #1895, #369, .T. ) ;
#921 = LINE ( 'NONE', #316, #1860 ) ;
#922 = CARTESIAN_POINT ( 'NONE',  ( 94.71808595691427968, -70.15368077395820023, 24.27050499973283593 ) ) ;
#923 = ORIENTED_EDGE ( 'NONE', *, *, #2846, .T. ) ;
#924 = PRODUCT_DEFINITION ( 'Î´Öª', '', #2820, #535 ) ;
#925 = VECTOR ( 'NONE', #1947, 1000.000000000000000 ) ;
#926 = STYLED_ITEM ( 'NONE', ( #3601 ), #2190 ) ;
#927 = CARTESIAN_POINT ( 'NONE',  ( 97.40814435691062556, -72.38330776875704942, 24.72855529382204409 ) ) ;
#928 = DIRECTION ( 'NONE',  ( -0.7638170921311591144, -0.2202997661879763647, -0.6066724509863814507 ) ) ;
#929 = FILL_AREA_STYLE_COLOUR ( '', #2865 ) ;
#930 = DIRECTION ( 'NONE',  ( 0.000000000000000000, 0.000000000000000000, -1.000000000000000000 ) ) ;
#931 = STYLED_ITEM ( 'NONE', ( #61 ), #2643 ) ;
#932 = B_SPLINE_CURVE_WITH_KNOTS ( 'NONE', 3,
 ( #1593, #468, #361, #1785, #780, #1497, #3205, #1889, #1611, #2639 ),
 .UNSPECIFIED., .F., .F.,
 ( 4, 2, 2, 2, 4 ),
 ( 0.000000000000000000, 0.0003911864415573135722, 0.0007823728831146271444, 0.001173559324671940608, 0.001564745766229254289 ),
 .UNSPECIFIED. ) ;
#933 = DIRECTION ( 'NONE',  ( -0.9608343394494204270, -0.2771233879245772469, 0.000000000000000000 ) ) ;
#934 = ORIENTED_EDGE ( 'NONE', *, *, #2157, .T. ) ;
#935 = CARTESIAN_POINT ( 'NONE',  ( 90.75785450849062386, -73.38589386281825000, 29.49999999999985789 ) ) ;
#936 = DIRECTION ( 'NONE',  ( 0.2771233879245774134, -0.9608343394494205381, 0.000000000000000000 ) ) ;
#937 = CARTESIAN_POINT ( 'NONE',  ( 79.27849570963759618, -160.7328427445672503, 19.49999999999985079 ) ) ;
#938 = ORIENTED_EDGE ( 'NONE', *, *, #3476, .F. ) ;
#939 = PLANE ( 'NONE',  #1344 ) ;
#940 = CARTESIAN_POINT ( 'NONE',  ( 96.79408739628749458, -130.1591348673015602, 29.49999999999974776 ) ) ;
#941 = VERTEX_POINT ( 'NONE', #854 ) ;
#942 = AXIS2_PLACEMENT_3D ( 'NONE', #1391, #1615, #2522 ) ;
#943 = CARTESIAN_POINT ( 'NONE',  ( 92.91309722171249064, -75.13089746787989043, 26.25015785250309364 ) ) ;
#944 = CARTESIAN_POINT ( 'NONE',  ( 95.70491712059904899, -70.97589605866421891, 26.20498686341842642 ) ) ;
#945 = DIRECTION ( 'NONE',  ( 0.1497831270185359664, -0.9887188755457989586, 3.397234079277621372E-15 ) ) ;
#946 = SURFACE_SIDE_STYLE ('',( #2953 ) ) ;
#947 = CARTESIAN_POINT ( 'NONE',  ( 90.75785450849062386, -73.38589386281825000, 29.49999999999985789 ) ) ;
#948 = UNCERTAINTY_MEASURE_WITH_UNIT (LENGTH_MEASURE( 1.000000000000000082E-05 ), #2203, 'distance_accuracy_value', 'NONE');
#949 =( NAMED_UNIT ( * ) PLANE_ANGLE_UNIT ( ) SI_UNIT ( $, .RADIAN. ) );
#950 = ORIENTED_EDGE ( 'NONE', *, *, #2299, .F. ) ;
#951 = PRESENTATION_STYLE_ASSIGNMENT (( #349 ) ) ;
#952 = PLANE ( 'NONE',  #2337 ) ;
#953 = EDGE_CURVE ( 'NONE', #77, #1741, #571, .T. ) ;
#954 = CARTESIAN_POINT ( 'NONE',  ( 71.50312430531207042, -43.18329962360321872, 30.49999999999985789 ) ) ;
#955 = ORIENTED_EDGE ( 'NONE', *, *, #858, .T. ) ;
#956 = B_SPLINE_CURVE_WITH_KNOTS ( 'NONE', 3,
 ( #799, #2233, #1114, #1596, #2176, #3338, #3640, #3322, #2504, #472 ),
 .UNSPECIFIED., .F., .F.,
 ( 4, 2, 2, 2, 4 ),
 ( 0.000000000000000000, 0.0003911864415573261490, 0.0007823728831146522979, 0.001173559324671978338, 0.001564745766229304596 ),
 .UNSPECIFIED. ) ;
#957 =( NAMED_UNIT ( * ) SI_UNIT ( $, .STERADIAN. ) SOLID_ANGLE_UNIT ( ) );
#958 = LINE ( 'NONE', #465, #3247 ) ;
#959 = VERTEX_POINT ( 'NONE', #2560 ) ;
#960 = DIRECTION ( 'NONE',  ( 0.5829117237056605783, 0.1681231249778530890, -0.7949519087430237940 ) ) ;
#961 = EDGE_CURVE ( 'NONE', #3527, #2288, #1151, .T. ) ;
#962 = CARTESIAN_POINT ( 'NONE',  ( 57.95527828761506584, -42.42124635884265871, 18.50000000000039790 ) ) ;
#963 = FACE_OUTER_BOUND ( 'NONE', #2858, .T. ) ;
#964 = CARTESIAN_POINT ( 'NONE',  ( 101.2340997874548663, -78.14162615640816512, 18.98861042320342207 ) ) ;
#965 = PRESENTATION_STYLE_ASSIGNMENT (( #1771 ) ) ;
#966 = FILL_AREA_STYLE_COLOUR ( '', #2038 ) ;
#967 = VECTOR ( 'NONE', #370, 1000.000000000000000 ) ;
#968 = ADVANCED_BREP_SHAPE_REPRESENTATION ( 'Spike Gribe', ( #2062, #2144, #1635 ), #2882 ) ;
#969 = CARTESIAN_POINT ( 'NONE',  ( 93.78851880180332046, -71.98318811606846168, 25.57736509447358131 ) ) ;
#970 = EDGE_CURVE ( 'NONE', #1180, #2106, #28, .T. ) ;
#971 = ORIENTED_EDGE ( 'NONE', *, *, #1359, .F. ) ;
#972 = CARTESIAN_POINT ( 'NONE',  ( 91.72524603664506060, -74.18001615197077570, 24.49999999999945288 ) ) ;
#973 = AXIS2_PLACEMENT_3D ( 'NONE', #3534, #960, #2120 ) ;
#974 = PRESENTATION_STYLE_ASSIGNMENT (( #3480 ) ) ;
#975 = CARTESIAN_POINT ( 'NONE',  ( 90.81112267054237464, -127.6234070304053461, 27.96410161513762560 ) ) ;
#976 = PLANE ( 'NONE',  #1985 ) ;
#977 = ORIENTED_EDGE ( 'NONE', *, *, #1566, .T. ) ;
#978 = LINE ( 'NONE', #3232, #1172 ) ;
#979 = DIRECTION ( 'NONE',  ( 0.9887188755457982925, 0.1497831270185405461, 0.000000000000000000 ) ) ;
#980 = CARTESIAN_POINT ( 'NONE',  ( 118.9372492050599845, -12.96168684384827152, 30.49999999999997868 ) ) ;
#981 = ORIENTED_EDGE ( 'NONE', *, *, #1313, .F. ) ;
#982 =( NAMED_UNIT ( * ) SI_UNIT ( $, .STERADIAN. ) SOLID_ANGLE_UNIT ( ) );
#983 = CARTESIAN_POINT ( 'NONE',  ( 106.2914491453036874, -39.16544465191179114, 30.50000000000003197 ) ) ;
#984 = CARTESIAN_POINT ( 'NONE',  ( 105.7358882869222185, -82.19082654858556225, 29.49999999999980460 ) ) ;
#985 = AXIS2_PLACEMENT_3D ( 'NONE', #2624, #2908, #2923 ) ;
#986 = CARTESIAN_POINT ( 'NONE',  ( 92.49807013531469124, -133.5792869133444469, 28.34413926714129417 ) ) ;
#987 = LINE ( 'NONE', #1753, #3592 ) ;
#988 = VECTOR ( 'NONE', #1852, 1000.000000000000000 ) ;
#989 =( GEOMETRIC_REPRESENTATION_CONTEXT ( 3 ) GLOBAL_UNCERTAINTY_ASSIGNED_CONTEXT ( ( #1500 ) ) GLOBAL_UNIT_ASSIGNED_CONTEXT ( ( #1012, #713, #2944 ) ) REPRESENTATION_CONTEXT ( 'NONE', 'WORKASPACE' ) );
#990 = DIRECTION ( 'NONE',  ( -6.430602174281444362E-16, 1.632383628856058058E-15, 1.000000000000000000 ) ) ;
#991 = VERTEX_POINT ( 'NONE', #886 ) ;
#992 = CIRCLE ( 'NONE', #2459, 1.000000000000000888 ) ;
#993 = FACE_OUTER_BOUND ( 'NONE', #2876, .T. ) ;
#994 = AXIS2_PLACEMENT_3D ( 'NONE', #1731, #2864, #1469 ) ;
#995 = DIRECTION ( 'NONE',  ( -0.5240668485207331528, -0.1511511137749745604, 0.8381570730394940494 ) ) ;
#996 = ORIENTED_EDGE ( 'NONE', *, *, #3314, .F. ) ;
#997 = EDGE_CURVE ( 'NONE', #1014, #1760, #2005, .T. ) ;
#998 = DIRECTION ( 'NONE',  ( -6.211436267236830770E-16, 1.619705569875463962E-15, 1.000000000000000000 ) ) ;
#999 = CARTESIAN_POINT ( 'NONE',  ( 68.75873066041961579, -31.18584744185957192, 30.50000000000018119 ) ) ;
#1000 = ORIENTED_EDGE ( 'NONE', *, *, #225, .F. ) ;
#1001 = CARTESIAN_POINT ( 'NONE',  ( 93.93568126572351673, -75.92953570755233272, 25.89140479332835909 ) ) ;
#1002 = DIRECTION ( 'NONE',  ( -0.8039168123599899074, 0.5947417580807259352, 0.000000000000000000 ) ) ;
#1003 = ADVANCED_FACE ( 'NONE', ( #3259 ), #3503, .F. ) ;
#1004 = AXIS2_PLACEMENT_3D ( 'NONE', #2206, #794, #228 ) ;
#1005 = LINE ( 'NONE', #2474, #2222 ) ;
#1006 =( NAMED_UNIT ( * ) PLANE_ANGLE_UNIT ( ) SI_UNIT ( $, .RADIAN. ) );
#1007 = CARTESIAN_POINT ( 'NONE',  ( 90.92458595518886000, -134.2905558203640624, 5.368072866838657475 ) ) ;
#1008 = COLOUR_RGB ( '',0.7529411764705882248, 0.7529411764705882248, 0.7529411764705882248 ) ;
#1009 = CARTESIAN_POINT ( 'NONE',  ( 94.19098158092347717, -72.31824858538617207, 26.01982705032987297 ) ) ;
#1010 = EDGE_LOOP ( 'NONE', ( #2765, #2128, #1735, #2718 ) ) ;
#1011 = CARTESIAN_POINT ( 'NONE',  ( 101.7016341282270844, -36.61817926502254039, 18.49999999999994671 ) ) ;
#1012 =( LENGTH_UNIT ( ) NAMED_UNIT ( * ) SI_UNIT ( .MILLI., .METRE. ) );
#1013 =( NAMED_UNIT ( * ) SI_UNIT ( $, .STERADIAN. ) SOLID_ANGLE_UNIT ( ) );
#1014 = VERTEX_POINT ( 'NONE', #1748 ) ;
#1015 = B_SPLINE_CURVE_WITH_KNOTS ( 'NONE', 3,
 ( #3396, #272, #588, #1727, #2544, #3123, #2300, #551, #1171, #1192, #2783, #2583, #3080, #2250, #1393, #1442, #1966, #2859, #319, #13, #1116, #2235, #2524, #835, #1948, #1669 ),
 .UNSPECIFIED., .F., .F.,
 ( 4, 1, 1, 1, 1, 1, 1, 1, 1, 1, 1, 1, 1, 1, 1, 1, 1, 1, 1, 1, 1, 1, 1, 4 ),
 ( 0.04729863958742488300, 0.05376401841373051882, 0.06927608368563659136, 0.1003002142294487364, 0.1313243447732607705, 0.1623484753170728045, 0.1933726058608849496, 0.2554208669485091843, 0.3174691280361335299, 0.3795173891237577091, 0.4415656502113818882, 0.5036139112990061228, 0.5656621723866304130, 0.6277104334742545921, 0.6897586945618787713, 0.7518069556495030614, 0.8138552167371273516, 0.8448793472809393856, 0.8759034778247515307, 0.9069276083685635648, 0.9379517389123757098, 0.9689758694561878549, 0.9844879347280939275, 1.000000000000000000 ),
 .UNSPECIFIED. ) ;
#1016 = DIRECTION ( 'NONE',  ( 1.069224673517275008E-30, 1.000000000000000000, -1.619705569875463962E-15 ) ) ;
#1017 = CARTESIAN_POINT ( 'NONE',  ( 68.75873066041963000, -31.18584744185959323, 18.50000000000017053 ) ) ;
#1018 = ORIENTED_EDGE ( 'NONE', *, *, #3621, .F. ) ;
#1019 = ADVANCED_FACE ( 'NONE', ( #2883, #1277 ), #2358, .F. ) ;
#1020 = CARTESIAN_POINT ( 'NONE',  ( 92.71584792678146414, -137.5591281724409214, 24.50000000000007816 ) ) ;
#1021 = CARTESIAN_POINT ( 'NONE',  ( 97.30163802867085110, -80.92309696689976306, 30.50000000000036948 ) ) ;
#1022 = LINE ( 'NONE', #1893, #3047 ) ;
#1023 = CARTESIAN_POINT ( 'NONE',  ( 103.2552023107991630, -82.63149550843165514, 19.49999999999985079 ) ) ;
#1024 = CARTESIAN_POINT ( 'NONE',  ( 94.68264801645274531, -69.02477728851459915, 30.49999999999999289 ) ) ;
#1025 = EDGE_CURVE ( 'NONE', #2278, #959, #2378, .T. ) ;
#1026 = ORIENTED_EDGE ( 'NONE', *, *, #2884, .F. ) ;
#1027 = AXIS2_PLACEMENT_3D ( 'NONE', #2636, #394, #1002 ) ;
#1028 = CARTESIAN_POINT ( 'NONE',  ( 103.0093696371634024, -77.02149076145460072, 29.56524149129122492 ) ) ;
#1029 = LINE ( 'NONE', #3523, #1684 ) ;
#1030 =( GEOMETRIC_REPRESENTATION_CONTEXT ( 3 ) GLOBAL_UNCERTAINTY_ASSIGNED_CONTEXT ( ( #3013 ) ) GLOBAL_UNIT_ASSIGNED_CONTEXT ( ( #1777, #895, #2625 ) ) REPRESENTATION_CONTEXT ( 'NONE', 'WORKASPACE' ) );
#1031 = CARTESIAN_POINT ( 'NONE',  ( 94.33100948111702166, -129.0019558473652808, 22.76794919243096871 ) ) ;
#1032 = ORIENTED_EDGE ( 'NONE', *, *, #1911, .T. ) ;
#1033 = FACE_OUTER_BOUND ( 'NONE', #3115, .T. ) ;
#1034 = CARTESIAN_POINT ( 'NONE',  ( 78.38905775533520170, -64.06852816041877929, 18.50000000000001066 ) ) ;
#1035 = ORIENTED_EDGE ( 'NONE', *, *, #2823, .T. ) ;
#1036 = CARTESIAN_POINT ( 'NONE',  ( 101.5341553982134570, -78.39375077050161167, 18.93457443856123845 ) ) ;
#1037 = EDGE_CURVE ( 'NONE', #3372, #2995, #2726, .T. ) ;
#1038 = VERTEX_POINT ( 'NONE', #1494 ) ;
#1039 = CARTESIAN_POINT ( 'NONE',  ( 79.79696366515661055, -135.9763030070576804, 29.49999999999985789 ) ) ;
#1040 = CARTESIAN_POINT ( 'NONE',  ( 125.0570693108924161, 3.910519185836022427, 18.50000000000018474 ) ) ;
#1041 = CARTESIAN_POINT ( 'NONE',  ( 90.75785450849036806, -73.38589386281825000, 20.50000000000007461 ) ) ;
#1042 = ORIENTED_EDGE ( 'NONE', *, *, #2527, .F. ) ;
#1043 = DIRECTION ( 'NONE',  ( -0.9883406132113148335, -0.1497258232523291654, -0.02765881646951786482 ) ) ;
#1044 = AXIS2_PLACEMENT_3D ( 'NONE', #575, #1426, #3125 ) ;
#1045 = DIRECTION ( 'NONE',  ( 0.9887188755457990696, 0.1497831270185359942, 0.000000000000000000 ) ) ;
#1046 = AXIS2_PLACEMENT_3D ( 'NONE', #2029, #3545, #1623 ) ;
#1047 = CARTESIAN_POINT ( 'NONE',  ( 108.0584913842002379, -81.46320343559614230, 30.50000000000029132 ) ) ;
#1048 =( NAMED_UNIT ( * ) SI_UNIT ( $, .STERADIAN. ) SOLID_ANGLE_UNIT ( ) );
#1049 = VECTOR ( 'NONE', #1837, 1000.000000000000227 ) ;
#1050 = DIRECTION ( 'NONE',  ( 0.9887188755457981815, 0.1497831270185413788, 0.000000000000000000 ) ) ;
#1051 = ORIENTED_EDGE ( 'NONE', *, *, #1139, .F. ) ;
#1052 = CARTESIAN_POINT ( 'NONE',  ( 71.32445151788654414, -13.30166356738575395, 18.49999999999989697 ) ) ;
#1053 = PRESENTATION_LAYER_ASSIGNMENT (  '', '', ( #573 ) ) ;
#1054 = DIRECTION ( 'NONE',  ( 0.3321435165048131632, -0.9432288611168643255, 0.000000000000000000 ) ) ;
#1055 = CARTESIAN_POINT ( 'NONE',  ( 116.2395952732917976, -36.48800606768499932, 30.50000000000023448 ) ) ;
#1056 = ORIENTED_EDGE ( 'NONE', *, *, #257, .T. ) ;
#1057 = CARTESIAN_POINT ( 'NONE',  ( 113.0550197440073106, -91.60169930561481522, 19.49999999999951683 ) ) ;
#1058 = ORIENTED_EDGE ( 'NONE', *, *, #1037, .F. ) ;
#1059 = SURFACE_STYLE_FILL_AREA ( #488 ) ;
#1060 = CIRCLE ( 'NONE', #994, 3.852710664767962978 ) ;
#1061 =( NAMED_UNIT ( * ) SI_UNIT ( $, .STERADIAN. ) SOLID_ANGLE_UNIT ( ) );
#1062 = CARTESIAN_POINT ( 'NONE',  ( 79.27849570963759618, -160.7328427445672503, 19.49999999999985079 ) ) ;
#1063 = DIRECTION ( 'NONE',  ( -0.2771233879245763032, 0.9608343394494208711, 9.903257834875350819E-15 ) ) ;
#1064 = CARTESIAN_POINT ( 'NONE',  ( 95.57960559104205345, -136.1138815878771879, 22.85095739897374756 ) ) ;
#1065 = B_SPLINE_CURVE_WITH_KNOTS ( 'NONE', 3,
 ( #2346, #986, #126, #1263, #3540, #2660, #141, #1537, #2674, #3504, #724, #2377, #683, #2102, #2904, #3244, #2123, #415 ),
 .UNSPECIFIED., .F., .F.,
 ( 4, 2, 2, 2, 2, 2, 2, 2, 4 ),
 ( 1.551583845779545699E-16, 0.0008369698879908156605, 0.001673939775981476280, 0.002510909663972136791, 0.003347879551962797302, 0.004184849439953457380, 0.005021819327944118325, 0.005858789215934779269, 0.006695759103925439347 ),
 .UNSPECIFIED. ) ;
#1066 = COLOUR_RGB ( '',0.7529411764705882248, 0.7529411764705882248, 0.7529411764705882248 ) ;
#1067 = CARTESIAN_POINT ( 'NONE',  ( 89.31358011960512044, -134.3652011211312356, 21.93164723534631477 ) ) ;
#1068 = COLOUR_RGB ( '',0.7529411764705882248, 0.7529411764705882248, 0.7529411764705882248 ) ;
#1069 = CARTESIAN_POINT ( 'NONE',  ( 70.95828363653436099, -33.96774037367856636, 18.49999999999993960 ) ) ;
#1070 = CARTESIAN_POINT ( 'NONE',  ( 91.45315156843282978, -129.8319862719498303, 24.49999999999980105 ) ) ;
#1071 = CARTESIAN_POINT ( 'NONE',  ( 90.75785450849036806, -73.38589386281826421, 20.50000000000007461 ) ) ;
#1072 = EDGE_CURVE ( 'NONE', #1963, #185, #1096, .T. ) ;
#1073 = CARTESIAN_POINT ( 'NONE',  ( 98.22786960981100890, -82.64397853006146022, 19.43461146493768155 ) ) ;
#1074 =( NAMED_UNIT ( * ) SI_UNIT ( $, .STERADIAN. ) SOLID_ANGLE_UNIT ( ) );
#1075 = EDGE_LOOP ( 'NONE', ( #955, #2032, #1206, #2041 ) ) ;
#1076 = ADVANCED_FACE ( 'NONE', ( #679 ), #2950, .F. ) ;
#1077 = PLANE ( 'NONE',  #3535 ) ;
#1078 = ORIENTED_EDGE ( 'NONE', *, *, #1237, .T. ) ;
#1079 = DIRECTION ( 'NONE',  ( 6.356774379892829643E-32, -1.000000000000000000, 1.632383628856058256E-15 ) ) ;
#1080 = DIRECTION ( 'NONE',  ( 0.000000000000000000, 1.000000000000000000, -1.642624911021034266E-15 ) ) ;
#1081 = CARTESIAN_POINT ( 'NONE',  ( 122.5624842685056564, -113.2371140812881265, 19.49999999999955591 ) ) ;
#1082 = FACE_BOUND ( 'NONE', #2418, .T. ) ;
#1083 =( LENGTH_UNIT ( ) NAMED_UNIT ( * ) SI_UNIT ( .MILLI., .METRE. ) );
#1084 = CARTESIAN_POINT ( 'NONE',  ( 101.9679657696915172, -81.67919134990002306, 28.49999999999985789 ) ) ;
#1085 = EDGE_CURVE ( 'NONE', #151, #2740, #1936, .T. ) ;
#1086 = LINE ( 'NONE', #3308, #2155 ) ;
#1087 = COLOUR_RGB ( '',0.2509803921568627416, 0.2509803921568627416, 0.2509803921568627416 ) ;
#1088 = CARTESIAN_POINT ( 'NONE',  ( 100.1907839143093213, -80.52342936943217921, 20.50000000000028066 ) ) ;
#1089 = VECTOR ( 'NONE', #2553, 1000.000000000000000 ) ;
#1090 = CARTESIAN_POINT ( 'NONE',  ( 101.7016341282270844, -36.61817926502254039, 18.49999999999994671 ) ) ;
#1091 =( NAMED_UNIT ( * ) SI_UNIT ( $, .STERADIAN. ) SOLID_ANGLE_UNIT ( ) );
#1092 = ORIENTED_EDGE ( 'NONE', *, *, #728, .T. ) ;
#1093 = DIRECTION ( 'NONE',  ( -0.02734679391866882969, -0.004142824020439440751, 0.9996174217526950789 ) ) ;
#1094 = VERTEX_POINT ( 'NONE', #2767 ) ;
#1095 = CARTESIAN_POINT ( 'NONE',  ( 90.67263321299915901, -75.90108096730949683, 25.27621880983147307 ) ) ;
#1096 = CIRCLE ( 'NONE', #3464, 1.743370209773072776 ) ;
#1097 = FILL_AREA_STYLE_COLOUR ( '', #1008 ) ;
#1098 = PLANE ( 'NONE',  #2094 ) ;
#1099 =( LENGTH_UNIT ( ) NAMED_UNIT ( * ) SI_UNIT ( .MILLI., .METRE. ) );
#1100 = ORIENTED_EDGE ( 'NONE', *, *, #2412, .F. ) ;
#1101 = CARTESIAN_POINT ( 'NONE',  ( 101.0505733381280038, -77.98780810671371455, 19.43461146493797287 ) ) ;
#1102 = DIRECTION ( 'NONE',  ( -0.8321069467916368811, -0.2399958939254973056, 0.5000000000000015543 ) ) ;
#1103 = DIRECTION ( 'NONE',  ( 6.211436267236830770E-16, -1.619705569875463962E-15, -1.000000000000000000 ) ) ;
#1104 = VECTOR ( 'NONE', #2570, 999.9999999999998863 ) ;
#1105 = AXIS2_PLACEMENT_3D ( 'NONE', #2488, #3624, #550 ) ;
#1106 = PLANE ( 'NONE',  #3103 ) ;
#1107 = CARTESIAN_POINT ( 'NONE',  ( 94.22802625356553108, -90.63935761383163481, 29.49999999999985789 ) ) ;
#1108 = VECTOR ( 'NONE', #666, 1000.000000000000000 ) ;
#1109 = CARTESIAN_POINT ( 'NONE',  ( 102.4259894976909777, -76.53099932573833541, 19.88079344470762422 ) ) ;
#1110 = VERTEX_POINT ( 'NONE', #448 ) ;
#1111 = CARTESIAN_POINT ( 'NONE',  ( 108.9701030623147346, -36.63178284268422402, 30.50000000000014211 ) ) ;
#1112 = ORIENTED_EDGE ( 'NONE', *, *, #2715, .T. ) ;
#1113 = STYLED_ITEM ( 'NONE', ( #3128 ), #2380 ) ;
#1114 = CARTESIAN_POINT ( 'NONE',  ( 102.2839576914800972, -76.41203106845622983, 19.17302090793665670 ) ) ;
#1115 = CARTESIAN_POINT ( 'NONE',  ( 89.38978525984583712, -74.84939958618370781, 28.49999999999985789 ) ) ;
#1116 = CARTESIAN_POINT ( 'NONE',  ( 109.3049697686734589, -39.17519823338830776, 30.50000000000022027 ) ) ;
#1117 = CARTESIAN_POINT ( 'NONE',  ( 101.8174444561964975, -78.63262480246588382, 19.56524368074563469 ) ) ;
#1118 = EDGE_CURVE ( 'NONE', #2410, #1435, #3337, .T. ) ;
#1119 = CARTESIAN_POINT ( 'NONE',  ( 73.45902549786457314, -25.11161143896453751, 30.49999999999990763 ) ) ;
#1120 = FILL_AREA_STYLE ('',( #342 ) ) ;
#1121 = B_SPLINE_SURFACE_WITH_KNOTS ( 'NONE', 5, 1, ( 
 ( #887, #1850 ),
 ( #2620, #1057 ),
 ( #3589, #3569 ),
 ( #1248, #2172 ),
 ( #378, #3319 ),
 ( #85, #2081 ) ),
 .UNSPECIFIED., .F., .F., .F.,
 ( 6, 6 ),
 ( 2, 2 ),
 ( 0.000000000000000000, 0.8599087065687337494 ),
 ( 0.000000000000000000, 1.000000000000000000 ),
 .UNSPECIFIED. ) ;
#1122 = CARTESIAN_POINT ( 'NONE',  ( 90.63293839429336174, -134.0566483488677818, 20.95525196319944783 ) ) ;
#1123 = VERTEX_POINT ( 'NONE', #798 ) ;
#1124 = LINE ( 'NONE', #2811, #3582 ) ;
#1125 = CARTESIAN_POINT ( 'NONE',  ( 96.42997073470212399, -129.1251079263496990, 19.49999999999963052 ) ) ;
#1126 = DIRECTION ( 'NONE',  ( 0.000000000000000000, 0.000000000000000000, 1.000000000000000000 ) ) ;
#1127 = CARTESIAN_POINT ( 'NONE',  ( 94.33614540785775660, -76.23785262362800097, 23.72417956322452781 ) ) ;
#1128 = CARTESIAN_POINT ( 'NONE',  ( 98.06289656785411069, -81.46320343559618493, 18.50000000000046185 ) ) ;
#1129 = CARTESIAN_POINT ( 'NONE',  ( 90.99214489331458822, -137.8202556140116997, 24.50000000000007816 ) ) ;
#1130 = ORIENTED_EDGE ( 'NONE', *, *, #2884, .T. ) ;
#1131 =( NAMED_UNIT ( * ) SI_UNIT ( $, .STERADIAN. ) SOLID_ANGLE_UNIT ( ) );
#1132 = EDGE_LOOP ( 'NONE', ( #310, #3096, #2597, #1270, #3424, #719 ) ) ;
#1133 = EDGE_CURVE ( 'NONE', #3297, #3334, #2741, .T. ) ;
#1134 = CARTESIAN_POINT ( 'NONE',  ( 100.2417992193642675, -38.46320343559615651, 18.50000000000021672 ) ) ;
#1135 = DIRECTION ( 'NONE',  ( -0.9608343394494208711, -0.2771233879245759146, 0.000000000000000000 ) ) ;
#1136 = CARTESIAN_POINT ( 'NONE',  ( 118.8938951243666793, -30.91679015353667026, 30.49999999999997868 ) ) ;
#1137 = CARTESIAN_POINT ( 'NONE',  ( 92.24200074518137171, -133.6815034727339651, 19.50000000000007105 ) ) ;
#1138 = CARTESIAN_POINT ( 'NONE',  ( 93.58661409266304076, -71.81463066159174957, 23.93545109760346534 ) ) ;
#1139 = EDGE_CURVE ( 'NONE', #1963, #1094, #3591, .T. ) ;
#1140 = FACE_OUTER_BOUND ( 'NONE', #1666, .T. ) ;
#1141 = CARTESIAN_POINT ( 'NONE',  ( 93.16960494557027062, -75.17011913706052439, 24.49999999999985434 ) ) ;
#1142 = SURFACE_SIDE_STYLE ('',( #3311 ) ) ;
#1143 =( NAMED_UNIT ( * ) PLANE_ANGLE_UNIT ( ) SI_UNIT ( $, .RADIAN. ) );
#1144 = CARTESIAN_POINT ( 'NONE',  ( 103.0093696371635588, -77.02149076145475703, 19.43461146493778813 ) ) ;
#1145 = EDGE_LOOP ( 'NONE', ( #2208, #2947, #167, #45 ) ) ;
#1146 = CARTESIAN_POINT ( 'NONE',  ( 116.5472208553410240, -33.33887755616852644, 18.50000000000010303 ) ) ;
#1147 = ORIENTED_EDGE ( 'NONE', *, *, #1298, .T. ) ;
#1148 =( GEOMETRIC_REPRESENTATION_CONTEXT ( 3 ) GLOBAL_UNCERTAINTY_ASSIGNED_CONTEXT ( ( #2676 ) ) GLOBAL_UNIT_ASSIGNED_CONTEXT ( ( #2977, #2110, #148 ) ) REPRESENTATION_CONTEXT ( 'NONE', 'WORKASPACE' ) );
#1149 = DIRECTION ( 'NONE',  ( 0.000000000000000000, 0.000000000000000000, -1.000000000000000000 ) ) ;
#1150 = CARTESIAN_POINT ( 'NONE',  ( 101.8174444561964265, -78.63262480246574171, 29.43461146493762115 ) ) ;
#1151 = LINE ( 'NONE', #2265, #855 ) ;
#1152 = CARTESIAN_POINT ( 'NONE',  ( 101.7016341282270844, -36.61817926502254039, 18.49999999999994671 ) ) ;
#1153 = SURFACE_SIDE_STYLE ('',( #50 ) ) ;
#1154 = CARTESIAN_POINT ( 'NONE',  ( 114.0393134625086304, -91.83610893966594801, 29.49999999999974776 ) ) ;
#1155 = CARTESIAN_POINT ( 'NONE',  ( 95.18669045514677407, -128.7551607435999586, 24.49999999999980105 ) ) ;
#1156 = FACE_BOUND ( 'NONE', #3463, .T. ) ;
#1157 =( NAMED_UNIT ( * ) SI_UNIT ( $, .STERADIAN. ) SOLID_ANGLE_UNIT ( ) );
#1158 = SURFACE_STYLE_USAGE ( .BOTH. , #3407 ) ;
#1159 = CARTESIAN_POINT ( 'NONE',  ( 98.04567565433369225, -35.46320343559617783, 18.50000000000040501 ) ) ;
#1160 = ORIENTED_EDGE ( 'NONE', *, *, #1025, .F. ) ;
#1161 = ADVANCED_FACE ( 'NONE', ( #1614 ), #470, .T. ) ;
#1162 = MECHANICAL_DESIGN_GEOMETRIC_PRESENTATION_REPRESENTATION (  '', ( #2451 ), #498 ) ;
#1163 = PRESENTATION_LAYER_ASSIGNMENT (  '', '', ( #1973 ) ) ;
#1164 = FILL_AREA_STYLE_COLOUR ( '', #698 ) ;
#1165 = EDGE_LOOP ( 'NONE', ( #593, #2975 ) ) ;
#1166 = FILL_AREA_STYLE ('',( #867 ) ) ;
#1167 =( GEOMETRIC_REPRESENTATION_CONTEXT ( 3 ) GLOBAL_UNCERTAINTY_ASSIGNED_CONTEXT ( ( #2348 ) ) GLOBAL_UNIT_ASSIGNED_CONTEXT ( ( #149, #3269, #2697 ) ) REPRESENTATION_CONTEXT ( 'NONE', 'WORKASPACE' ) );
#1168 = CARTESIAN_POINT ( 'NONE',  ( 96.94828265727744565, -72.00431179530612269, 23.18013635422899910 ) ) ;
#1169 = VECTOR ( 'NONE', #381, 1000.000000000000114 ) ;
#1170 = STYLED_ITEM ( 'NONE', ( #2667 ), #2755 ) ;
#1171 = CARTESIAN_POINT ( 'NONE',  ( 68.75873066041951631, -31.18584744185957902, 30.50000000000019185 ) ) ;
#1172 = VECTOR ( 'NONE', #699, 1000.000000000000000 ) ;
#1173 = CARTESIAN_POINT ( 'NONE',  ( 104.9281602543223642, -81.32112052320897533, 30.50000000000010658 ) ) ;
#1174 =( LENGTH_UNIT ( ) NAMED_UNIT ( * ) SI_UNIT ( .MILLI., .METRE. ) );
#1175 = FACE_BOUND ( 'NONE', #1828, .T. ) ;
#1176 = CARTESIAN_POINT ( 'NONE',  ( 93.69562467953342377, -71.90565073565518617, 23.62288820711063764 ) ) ;
#1177 = PRESENTATION_LAYER_ASSIGNMENT (  '', '', ( #2758 ) ) ;
#1178 = DIRECTION ( 'NONE',  ( 0.5947417580807264903, 0.8039168123599895743, 0.000000000000000000 ) ) ;
#1179 =( NAMED_UNIT ( * ) PLANE_ANGLE_UNIT ( ) SI_UNIT ( $, .RADIAN. ) );
#1180 = VERTEX_POINT ( 'NONE', #720 ) ;
#1181 = CARTESIAN_POINT ( 'NONE',  ( 101.7016341282270560, -36.61817926502254039, 30.49999999999965183 ) ) ;
#1182 = PLANE ( 'NONE',  #2077 ) ;
#1183 = FACE_OUTER_BOUND ( 'NONE', #2186, .T. ) ;
#1184 = EDGE_LOOP ( 'NONE', ( #934, #996, #2053, #831 ) ) ;
#1185 = CARTESIAN_POINT ( 'NONE',  ( 87.68908644265782470, -66.81470990779043007, 18.49999999999995737 ) ) ;
#1186 = ORIENTED_EDGE ( 'NONE', *, *, #1272, .T. ) ;
#1187 = EDGE_CURVE ( 'NONE', #3133, #696, #110, .T. ) ;
#1188 = AXIS2_PLACEMENT_3D ( 'NONE', #3613, #2160, #1045 ) ;
#1189 = EDGE_CURVE ( 'NONE', #463, #1687, #2460, .T. ) ;
#1190 = CARTESIAN_POINT ( 'NONE',  ( 91.54484100289820958, -76.64394852692716142, 28.49999999999985789 ) ) ;
#1191 = ORIENTED_EDGE ( 'NONE', *, *, #885, .F. ) ;
#1192 = CARTESIAN_POINT ( 'NONE',  ( 73.21455920106761539, -19.82441021913180990, 30.49999999999992184 ) ) ;
#1193 = CARTESIAN_POINT ( 'NONE',  ( 4.163336342344337027E-14, -81.46320343559615651, 18.49999999999996092 ) ) ;
#1194 = PRESENTATION_STYLE_ASSIGNMENT (( #1413 ) ) ;
#1195 = DIRECTION ( 'NONE',  ( -0.1497831270185397412, 0.9887188755457984035, 0.000000000000000000 ) ) ;
#1196 = CARTESIAN_POINT ( 'NONE',  ( 88.45725078945315545, -135.1700425966701005, 24.50000000000007816 ) ) ;
#1197 = EDGE_CURVE ( 'NONE', #283, #1275, #180, .T. ) ;
#1198 = ORIENTED_EDGE ( 'NONE', *, *, #1189, .T. ) ;
#1199 =( LENGTH_UNIT ( ) NAMED_UNIT ( * ) SI_UNIT ( .MILLI., .METRE. ) );
#1200 = DIRECTION ( 'NONE',  ( 0.9608343394494205381, 0.2771233879245774134, 0.000000000000000000 ) ) ;
#1201 = ORIENTED_EDGE ( 'NONE', *, *, #3265, .F. ) ;
#1202 = PRESENTATION_STYLE_ASSIGNMENT (( #2875 ) ) ;
#1203 = VERTEX_POINT ( 'NONE', #1084 ) ;
#1204 = LINE ( 'NONE', #3030, #274 ) ;
#1205 = CARTESIAN_POINT ( 'NONE',  ( 96.65436468300229933, -71.76175830501240682, 22.92647039935195963 ) ) ;
#1206 = ORIENTED_EDGE ( 'NONE', *, *, #399, .F. ) ;
#1207 = ORIENTED_EDGE ( 'NONE', *, *, #3512, .T. ) ;
#1209 = CARTESIAN_POINT ( 'NONE',  ( 92.18817421728326167, -74.55358098938069134, 25.81908006085773621 ) ) ;
#1208 = VECTOR ( 'NONE', #2445, 1000.000000000000000 ) ;
#1210 = VECTOR ( 'NONE', #596, 1000.000000000000114 ) ;
#1211 = CARTESIAN_POINT ( 'NONE',  ( 96.49261296240366903, -71.62814113772142832, 26.16028561079097869 ) ) ;
#1212 = DIRECTION ( 'NONE',  ( -0.9887188755457982925, -0.1497831270185405461, 0.000000000000000000 ) ) ;
#1213 = CARTESIAN_POINT ( 'NONE',  ( 98.06289597545672621, -81.46320427055469793, 28.50000000000023448 ) ) ;
#1214 = UNCERTAINTY_MEASURE_WITH_UNIT (LENGTH_MEASURE( 1.000000000000000082E-05 ), #857, 'distance_accuracy_value', 'NONE');
#1215 = DIRECTION ( 'NONE',  ( 1.113977374119728242E-30, 1.000000000000000000, -1.619705569875463962E-15 ) ) ;
#1216 = ORIENTED_EDGE ( 'NONE', *, *, #1822, .F. ) ;
#1217 =( NAMED_UNIT ( * ) SI_UNIT ( $, .STERADIAN. ) SOLID_ANGLE_UNIT ( ) );
#1218 = EDGE_LOOP ( 'NONE', ( #787, #162, #2090, #2914, #2556, #859, #863, #618, #354 ) ) ;
#1219 = FACE_OUTER_BOUND ( 'NONE', #373, .T. ) ;
#1220 = CARTESIAN_POINT ( 'NONE',  ( 94.84580612002413602, -70.26045841849710882, 23.72343039265314601 ) ) ;
#1221 = ORIENTED_EDGE ( 'NONE', *, *, #997, .T. ) ;
#1222 = CARTESIAN_POINT ( 'NONE',  ( 93.45088600622943886, -75.55293903126572275, 26.19397865502790523 ) ) ;
#1223 =( GEOMETRIC_REPRESENTATION_CONTEXT ( 3 ) GLOBAL_UNCERTAINTY_ASSIGNED_CONTEXT ( ( #3050 ) ) GLOBAL_UNIT_ASSIGNED_CONTEXT ( ( #3632, #1143, #1157 ) ) REPRESENTATION_CONTEXT ( 'NONE', 'WORKASPACE' ) );
#1224 =( GEOMETRIC_REPRESENTATION_CONTEXT ( 3 ) GLOBAL_UNCERTAINTY_ASSIGNED_CONTEXT ( ( #948 ) ) GLOBAL_UNIT_ASSIGNED_CONTEXT ( ( #2203, #1179, #2590 ) ) REPRESENTATION_CONTEXT ( 'NONE', 'WORKASPACE' ) );
#1225 = CARTESIAN_POINT ( 'NONE',  ( 94.74510614373814121, -70.17629536415753932, 24.96121534812882103 ) ) ;
#1226 = CARTESIAN_POINT ( 'NONE',  ( 101.0505733381279612, -77.98780810671365771, 19.30233502482861496 ) ) ;
#1227 = CARTESIAN_POINT ( 'NONE',  ( 104.5285972777639358, -81.08574000299762474, 29.49999999999985789 ) ) ;
#1228 = CARTESIAN_POINT ( 'NONE',  ( 88.10823542438878064, -46.46320343559613519, 22.75000000000002842 ) ) ;
#1229 = MECHANICAL_DESIGN_GEOMETRIC_PRESENTATION_REPRESENTATION (  '', ( #931 ), #3302 ) ;
#1230 = ADVANCED_FACE ( 'NONE', ( #2200, #3343 ), #256, .T. ) ;
#1231 = EDGE_CURVE ( 'NONE', #1123, #1473, #3306, .T. ) ;
#1232 = DIRECTION ( 'NONE',  ( 0.5947417580807525805, 0.8039168123599702565, 0.000000000000000000 ) ) ;
#1233 = VECTOR ( 'NONE', #665, 1000.000000000000114 ) ;
#1234 = VERTEX_POINT ( 'NONE', #1361 ) ;
#1235 = SURFACE_STYLE_FILL_AREA ( #2611 ) ;
#1236 = PRESENTATION_STYLE_ASSIGNMENT (( #1451 ) ) ;
#1237 = EDGE_CURVE ( 'NONE', #3175, #58, #3628, .T. ) ;
#1238 = VERTEX_POINT ( 'NONE', #2510 ) ;
#1239 = FILL_AREA_STYLE_COLOUR ( '', #2751 ) ;
#1240 = STYLED_ITEM ( 'NONE', ( #3461 ), #1613 ) ;
#1241 = CARTESIAN_POINT ( 'NONE',  ( 101.8174444561964265, -78.63262480246574171, 29.43461146493762115 ) ) ;
#1242 = ORIENTED_EDGE ( 'NONE', *, *, #1637, .T. ) ;
#1243 = MECHANICAL_DESIGN_GEOMETRIC_PRESENTATION_REPRESENTATION (  '', ( #3603 ), #1994 ) ;
#1244 =( NAMED_UNIT ( * ) PLANE_ANGLE_UNIT ( ) SI_UNIT ( $, .RADIAN. ) );
#1245 = LINE ( 'NONE', #2153, #1381 ) ;
#1246 = EDGE_CURVE ( 'NONE', #1741, #2339, #786, .T. ) ;
#1247 = CARTESIAN_POINT ( 'NONE',  ( 94.98004241866321706, -70.37260176217655783, 25.57736864444870761 ) ) ;
#1248 = CARTESIAN_POINT ( 'NONE',  ( 122.5624842685056706, -113.2371140812881265, 29.49999999999970868 ) ) ;
#1249 = CARTESIAN_POINT ( 'NONE',  ( 105.0874036976765211, -81.46320343559614230, 30.50000000000002132 ) ) ;
#1250 = SURFACE_SIDE_STYLE ('',( #2400 ) ) ;
#1251 = ORIENTED_EDGE ( 'NONE', *, *, #1774, .T. ) ;
#1252 = SURFACE_SIDE_STYLE ('',( #1235 ) ) ;
#1253 = FILL_AREA_STYLE ('',( #1842 ) ) ;
#1254 = CARTESIAN_POINT ( 'NONE',  ( 98.80075512855039221, -85.34572309454630101, 20.50000000000007461 ) ) ;
#1255 =( NAMED_UNIT ( * ) PLANE_ANGLE_UNIT ( ) SI_UNIT ( $, .RADIAN. ) );
#1256 = ORIENTED_EDGE ( 'NONE', *, *, #961, .T. ) ;
#1257 = PRESENTATION_STYLE_ASSIGNMENT (( #643 ) ) ;
#1258 = CARTESIAN_POINT ( 'NONE',  ( 92.47129647047908918, -136.5847659528198221, 27.96410161513784942 ) ) ;
#1259 = SURFACE_SIDE_STYLE ('',( #170 ) ) ;
#1260 = VERTEX_POINT ( 'NONE', #1935 ) ;
#1261 = CARTESIAN_POINT ( 'NONE',  ( 125.0570693108924161, 3.910519185836041522, 30.50000000000019185 ) ) ;
#1262 = CARTESIAN_POINT ( 'NONE',  ( 95.23604208858937170, -70.58599717429135012, 25.89321590466744638 ) ) ;
#1263 = CARTESIAN_POINT ( 'NONE',  ( 91.68870902678168022, -133.7925676645216129, 28.33624537194584647 ) ) ;
#1264 = CARTESIAN_POINT ( 'NONE',  ( 96.14797900440680678, -73.93640848587112657, 23.93607130307088937 ) ) ;
#1265 = STYLED_ITEM ( 'NONE', ( #139 ), #1832 ) ;
#1266 = DIRECTION ( 'NONE',  ( 0.8039168123599964577, -0.5947417580807170534, 0.000000000000000000 ) ) ;
#1267 = ORIENTED_EDGE ( 'NONE', *, *, #3231, .F. ) ;
#1268 = LINE ( 'NONE', #2384, #3083 ) ;
#1269 = SURFACE_SIDE_STYLE ('',( #673 ) ) ;
#1270 = ORIENTED_EDGE ( 'NONE', *, *, #143, .T. ) ;
#1271 = FILL_AREA_STYLE_COLOUR ( '', #214 ) ;
#1272 = EDGE_CURVE ( 'NONE', #283, #111, #1858, .T. ) ;
#1273 = CARTESIAN_POINT ( 'NONE',  ( 89.38978525316665014, -74.84939958062184928, 18.50000000000001776 ) ) ;
#1274 =( NAMED_UNIT ( * ) PLANE_ANGLE_UNIT ( ) SI_UNIT ( $, .RADIAN. ) );
#1275 = VERTEX_POINT ( 'NONE', #2727 ) ;
#1276 = ADVANCED_FACE ( 'NONE', ( #821 ), #2211, .F. ) ;
#1277 = FACE_OUTER_BOUND ( 'NONE', #2981, .T. ) ;
#1278 = CARTESIAN_POINT ( 'NONE',  ( 140.1180656415846215, -20.52956620466590820, 30.50000000000022737 ) ) ;
#1279 = CARTESIAN_POINT ( 'NONE',  ( 90.57073008945998538, -75.81874136852577806, 24.03902547848606730 ) ) ;
#1280 = CIRCLE ( 'NONE', #146, 3.885725908644508397 ) ;
#1281 = COLOUR_RGB ( '',0.7529411764705882248, 0.7529411764705882248, 0.7529411764705882248 ) ;
#1282 = CARTESIAN_POINT ( 'NONE',  ( 94.68264801645275952, -69.02477728851461336, 18.49999999999999645 ) ) ;
#1283 = VECTOR ( 'NONE', #2256, 1000.000000000000114 ) ;
#1284 = FACE_BOUND ( 'NONE', #2830, .T. ) ;
#1285 = VERTEX_POINT ( 'NONE', #509 ) ;
#1286 = MECHANICAL_DESIGN_GEOMETRIC_PRESENTATION_REPRESENTATION (  '', ( #573 ), #1520 ) ;
#1287 = B_SPLINE_CURVE_WITH_KNOTS ( 'NONE', 3,
 ( #1011, #2714, #3614, #752, #2162, #2402, #1916, #790, #1896, #3053, #2142, #1341, #182, #1879, #2732, #2462, #1861, #200, #3600, #1321, #2440, #1069, #1553, #3327, #3032, #2678, #435, #496, #147, #1288, #2126, #3268 ),
 .UNSPECIFIED., .F., .F.,
 ( 4, 1, 1, 1, 1, 1, 1, 1, 1, 1, 1, 1, 1, 1, 1, 1, 1, 1, 1, 1, 1, 1, 1, 1, 1, 1, 1, 1, 1, 4 ),
 ( 0.004346334373489366479, 0.004549707785276602481, 0.008453434421412771987, 0.01626088769368511100, 0.02406834096595744654, 0.03187579423822978902, 0.04749070078277446705, 0.06310560732731915201, 0.07872051387186382310, 0.09433542041640850806, 0.1255652335054978641, 0.1567950465945872063, 0.1880248596836765762, 0.2192546727727659461, 0.2504844858618552883, 0.3129441120400340282, 0.3754037382182127125, 0.4378633643963914523, 0.5003229905745701922, 0.5627826167527489876, 0.6252422429309276719, 0.6877018691091063562, 0.7501614952872850406, 0.8126211214654637249, 0.8750807476436425203, 0.9063105607327319735, 0.9375403738218213157, 0.9687701869109106578, 0.9843850934554553289, 0.9879286379810195973 ),
 .UNSPECIFIED. ) ;
#1288 = CARTESIAN_POINT ( 'NONE',  ( 104.0637075440954362, -80.55397110656414839, 18.49999999999987566 ) ) ;
#1289 = LINE ( 'NONE', #3548, #1340 ) ;
#1290 = EDGE_CURVE ( 'NONE', #1612, #111, #250, .T. ) ;
#1291 = AXIS2_PLACEMENT_3D ( 'NONE', #2918, #105, #2705 ) ;
#1292 = FILL_AREA_STYLE ('',( #1844 ) ) ;
#1293 = ORIENTED_EDGE ( 'NONE', *, *, #3644, .F. ) ;
#1294 = LINE ( 'NONE', #3235, #223 ) ;
#1295 = CARTESIAN_POINT ( 'NONE',  ( 120.1663986782423450, -33.35707059482466263, 30.49999999999995026 ) ) ;
#1296 = ORIENTED_EDGE ( 'NONE', *, *, #2026, .F. ) ;
#1297 = CARTESIAN_POINT ( 'NONE',  ( 92.34695808067382927, -77.22823788341025875, 26.16102431859559019 ) ) ;
#1298 = EDGE_CURVE ( 'NONE', #58, #2284, #956, .T. ) ;
#1299 = FILL_AREA_STYLE ('',( #3537 ) ) ;
#1300 = CARTESIAN_POINT ( 'NONE',  ( 100.2417992193642391, -38.46320343559613519, 30.50000000000022737 ) ) ;
#1301 = DIRECTION ( 'NONE',  ( 0.9887188755457984035, 0.1497831270185397134, 0.000000000000000000 ) ) ;
#1302 = LINE ( 'NONE', #2139, #508 ) ;
#1303 = CARTESIAN_POINT ( 'NONE',  ( 89.97198294617560066, -130.9877177243912740, 43.63192713316127680 ) ) ;
#1304 = ADVANCED_FACE ( 'NONE', ( #3374, #2191 ), #269, .T. ) ;
#1305 = DIRECTION ( 'NONE',  ( 0.000000000000000000, 0.000000000000000000, -1.000000000000000000 ) ) ;
#1306 = LINE ( 'NONE', #2385, #1511 ) ;
#1307 = CARTESIAN_POINT ( 'NONE',  ( 99.50017895821599723, -36.46320343559615651, 18.49999999999996092 ) ) ;
#1308 = ORIENTED_EDGE ( 'NONE', *, *, #78, .F. ) ;
#1309 = CARTESIAN_POINT ( 'NONE',  ( 60.24877157793059723, -32.52324013080014709, 18.50000000000028777 ) ) ;
#1310 = CARTESIAN_POINT ( 'NONE',  ( 90.98398082325668668, -6.337558792806960994, 30.50000000000018829 ) ) ;
#1311 = ORIENTED_EDGE ( 'NONE', *, *, #2915, .T. ) ;
#1312 = CARTESIAN_POINT ( 'NONE',  ( 100.8928091953631423, -36.56124042497072679, 18.50000000000023093 ) ) ;
#1313 = EDGE_CURVE ( 'NONE', #2610, #3148, #288, .T. ) ;
#1314 = CARTESIAN_POINT ( 'NONE',  ( 90.99214489331458822, -137.8202556140116997, 24.50000000000007816 ) ) ;
#1315 = CARTESIAN_POINT ( 'NONE',  ( 108.0584913842002379, -81.46320343559614230, 30.50000000000029132 ) ) ;
#1316 = CARTESIAN_POINT ( 'NONE',  ( 91.06817872582318785, -76.21904288043759834, 23.10709448255982679 ) ) ;
#1317 = UNCERTAINTY_MEASURE_WITH_UNIT (LENGTH_MEASURE( 1.000000000000000082E-05 ), #3008, 'distance_accuracy_value', 'NONE');
#1318 = DIRECTION ( 'NONE',  ( -6.430602174281444362E-16, 1.632383628856058058E-15, 1.000000000000000000 ) ) ;
#1319 = CARTESIAN_POINT ( 'NONE',  ( -1.795327863645154842, -2.426757888903466220, 20.49999999999985079 ) ) ;
#1320 = COLOUR_RGB ( '',0.7529411764705882248, 0.7529411764705882248, 0.7529411764705882248 ) ;
#1321 = CARTESIAN_POINT ( 'NONE',  ( 78.75011020906272563, -17.37708070215250444, 18.49999999999988631 ) ) ;
#1322 = VECTOR ( 'NONE', #2468, 1000.000000000000114 ) ;
#1323 =( GEOMETRIC_REPRESENTATION_CONTEXT ( 3 ) GLOBAL_UNCERTAINTY_ASSIGNED_CONTEXT ( ( #345 ) ) GLOBAL_UNIT_ASSIGNED_CONTEXT ( ( #2672, #1244, #982 ) ) REPRESENTATION_CONTEXT ( 'NONE', 'WORKASPACE' ) );
#1324 = CARTESIAN_POINT ( 'NONE',  ( 101.3891689825637314, -38.90128798100604968, 18.50000000000023803 ) ) ;
#1325 = ORIENTED_EDGE ( 'NONE', *, *, #471, .F. ) ;
#1326 = DIRECTION ( 'NONE',  ( 0.8321069467916413220, 0.2399958939254882850, -0.4999999999999983902 ) ) ;
#1327 = CARTESIAN_POINT ( 'NONE',  ( 112.8663155788789823, -38.17371018110072356, 30.49999999999997868 ) ) ;
#1328 = ORIENTED_EDGE ( 'NONE', *, *, #2535, .T. ) ;
#1329 = CARTESIAN_POINT ( 'NONE',  ( 90.66959800960819393, -73.31248534902036340, 30.50000000000008171 ) ) ;
#1330 = ORIENTED_EDGE ( 'NONE', *, *, #2479, .F. ) ;
#1331 = FILL_AREA_STYLE_COLOUR ( '', #1068 ) ;
#1332 = SURFACE_SIDE_STYLE ('',( #194 ) ) ;
#1333 = CARTESIAN_POINT ( 'NONE',  ( 90.44866813911868064, -157.5111468701948638, 29.49999999999980460 ) ) ;
#1334 = CARTESIAN_POINT ( 'NONE',  ( 95.76594288336150385, -74.60308358898203096, 24.49999999999980105 ) ) ;
#1335 = DIRECTION ( 'NONE',  ( -6.211436267236830770E-16, 1.619705569875463962E-15, 1.000000000000000000 ) ) ;
#1336 = VECTOR ( 'NONE', #1660, 1000.000000000000227 ) ;
#1337 = VECTOR ( 'NONE', #2529, 1000.000000000000114 ) ;
#1338 = CARTESIAN_POINT ( 'NONE',  ( 93.27814252207673462, -77.94661060164469291, 24.73025675925334355 ) ) ;
#1339 = EDGE_CURVE ( 'NONE', #2850, #1471, #3437, .T. ) ;
#1340 = VECTOR ( 'NONE', #3250, 1000.000000000000000 ) ;
#1341 = CARTESIAN_POINT ( 'NONE',  ( 120.6070853995633883, -27.35745699474334458, 18.49999999999977263 ) ) ;
#1342 = FACE_OUTER_BOUND ( 'NONE', #3000, .T. ) ;
#1343 = VERTEX_POINT ( 'NONE', #1440 ) ;
#1344 = AXIS2_PLACEMENT_3D ( 'NONE', #2929, #3254, #117 ) ;
#1345 = CARTESIAN_POINT ( 'NONE',  ( 98.21995897282292276, -34.46320343559615651, 18.49999999999989697 ) ) ;
#1346 = SURFACE_SIDE_STYLE ('',( #207 ) ) ;
#1347 = ORIENTED_EDGE ( 'NONE', *, *, #2682, .T. ) ;
#1348 = EDGE_CURVE ( 'NONE', #3202, #1978, #2450, .T. ) ;
#1349 = CARTESIAN_POINT ( 'NONE',  ( 120.8089166703311719, -22.89038586279358611, 18.49999999999985434 ) ) ;
#1350 = ORIENTED_EDGE ( 'NONE', *, *, #1072, .F. ) ;
#1351 = CARTESIAN_POINT ( 'NONE',  ( 91.54267653971498930, -76.59692600251339911, 26.20395259609873406 ) ) ;
#1352 = STYLED_ITEM ( 'NONE', ( #1194 ), #3375 ) ;
#1353 = PRESENTATION_STYLE_ASSIGNMENT (( #1649 ) ) ;
#1354 = EDGE_CURVE ( 'NONE', #757, #1203, #317, .T. ) ;
#1355 = CARTESIAN_POINT ( 'NONE',  ( 91.99530167275236181, -76.95344989277806746, 22.75008017182848263 ) ) ;
#1356 = CARTESIAN_POINT ( 'NONE',  ( 80.53902583303015206, -135.8885322130081477, 19.49999999999963052 ) ) ;
#1357 = CARTESIAN_POINT ( 'NONE',  ( 65.26975983289248973, -46.88687764771047739, 18.49999999999996803 ) ) ;
#1358 = UNCERTAINTY_MEASURE_WITH_UNIT (LENGTH_MEASURE( 1.000000000000000082E-05 ), #2787, 'distance_accuracy_value', 'NONE');
#1359 = EDGE_CURVE ( 'NONE', #1544, #208, #1766, .T. ) ;
#1360 = STYLED_ITEM ( 'NONE', ( #1353 ), #1304 ) ;
#1361 = CARTESIAN_POINT ( 'NONE',  ( 90.66959800960819393, -73.31248534902032077, 20.50000000000024158 ) ) ;
#1362 = VECTOR ( 'NONE', #3024, 1000.000000000000000 ) ;
#1363 = CARTESIAN_POINT ( 'NONE',  ( 126.5724439698033592, -39.04542563335345307, 30.49999999999996447 ) ) ;
#1364 = DIRECTION ( 'NONE',  ( 0.8321069467916397677, 0.2399958939254940027, -0.4999999999999983347 ) ) ;
#1365 = DIRECTION ( 'NONE',  ( -0.9608343394494205381, -0.2771233879245774134, 0.000000000000000000 ) ) ;
#1366 = CARTESIAN_POINT ( 'NONE',  ( 87.63181833971495394, 2.013218630221441430, 18.49999999999996092 ) ) ;
#1367 = LINE ( 'NONE', #2776, #521 ) ;
#1368 = PLANE ( 'NONE',  #3623 ) ;
#1369 = EDGE_LOOP ( 'NONE', ( #1311, #2681 ) ) ;
#1370 = ORIENTED_EDGE ( 'NONE', *, *, #2149, .F. ) ;
#1371 =( NAMED_UNIT ( * ) PLANE_ANGLE_UNIT ( ) SI_UNIT ( $, .RADIAN. ) );
#1372 = CARTESIAN_POINT ( 'NONE',  ( 94.70935406475250318, -70.14637536401657769, 24.49999999999983302 ) ) ;
#1373 = CARTESIAN_POINT ( 'NONE',  ( 96.42997073470212399, -129.1251079263496990, 29.49999999999963762 ) ) ;
#1374 = CARTESIAN_POINT ( 'NONE',  ( 82.03448950963689867, -135.6949491840528310, 19.50000000000029488 ) ) ;
#1375 = CARTESIAN_POINT ( 'NONE',  ( 91.41612357923843035, -133.8622480898473270, 20.70690515749410565 ) ) ;
#1376 = ORIENTED_EDGE ( 'NONE', *, *, #2543, .F. ) ;
#1377 = DIRECTION ( 'NONE',  ( 0.9887188755457984035, 0.1497831270185397412, 0.000000000000000000 ) ) ;
#1378 = DIRECTION ( 'NONE',  ( -0.9608343394494208711, -0.2771233879245759146, 0.000000000000000000 ) ) ;
#1379 = EDGE_CURVE ( 'NONE', #562, #1979, #1441, .T. ) ;
#1380 = CARTESIAN_POINT ( 'NONE',  ( 87.92861965219412923, -128.4547771941790870, 26.23205080756873997 ) ) ;
#1381 = VECTOR ( 'NONE', #3260, 1000.000000000000000 ) ;
#1382 = B_SPLINE_SURFACE_WITH_KNOTS ( 'NONE', 3, 1, ( 
 ( #721, #1833 ),
 ( #3554, #1021 ),
 ( #1872, #3281 ),
 ( #2431, #102 ),
 ( #2359, #1867 ),
 ( #1559, #718 ),
 ( #1034, #1531 ),
 ( #3256, #3567 ),
 ( #2425, #187 ),
 ( #425, #466 ),
 ( #1017, #999 ),
 ( #136, #1591 ),
 ( #778, #3586 ),
 ( #3276, #1310 ),
 ( #409, #2703 ),
 ( #2684, #3514 ),
 ( #1848, #980 ),
 ( #2117, #2983 ),
 ( #2131, #739 ),
 ( #2390, #1295 ),
 ( #391, #1055 ),
 ( #2092, #1327 ),
 ( #2170, #1546 ),
 ( #3236, #3317 ),
 ( #1830, #3531 ),
 ( #2721, #2372 ),
 ( #1887, #2670 ),
 ( #445, #2147 ) ),
 .UNSPECIFIED., .F., .F., .F.,
 ( 4, 1, 1, 1, 1, 1, 1, 1, 1, 1, 1, 1, 1, 1, 1, 1, 1, 1, 1, 1, 1, 1, 1, 1, 1, 4 ),
 ( 2, 2 ),
 ( 0.01503011035705770389, 0.02273988786991837374, 0.03825195314182444628, 0.05376401841373051882, 0.06927608368563659136, 0.1003002142294487364, 0.1313243447732607705, 0.1623484753170728045, 0.1933726058608849496, 0.2554208669485092398, 0.3174691280361335299, 0.3795173891237577091, 0.4415656502113818882, 0.5036139112990061228, 0.5656621723866304130, 0.6277104334742545921, 0.6897586945618787713, 0.7518069556495030614, 0.8138552167371273516, 0.8448793472809393856, 0.8759034778247515307, 0.9069276083685635648, 0.9379517389123757098, 0.9689758694561878549, 0.9844879347280939275, 1.000000000000000000 ),
 ( 0.000000000000000000, 1.000000000000000000 ),
 .UNSPECIFIED. ) ;
#1383 = DIRECTION ( 'NONE',  ( -0.8039168123599702565, 0.5947417580807525805, -1.493668237940932613E-15 ) ) ;
#1384 = AXIS2_PLACEMENT_3D ( 'NONE', #2500, #2229, #1942 ) ;
#1385 = FILL_AREA_STYLE ('',( #3074 ) ) ;
#1386 = CARTESIAN_POINT ( 'NONE',  ( 102.0909048774876027, -5.884211208280268224, 28.49999999999985789 ) ) ;
#1387 = ORIENTED_EDGE ( 'NONE', *, *, #2870, .T. ) ;
#1388 = CARTESIAN_POINT ( 'NONE',  ( 101.7198319085811278, -36.62068298456375004, 30.49999999999991118 ) ) ;
#1389 = ORIENTED_EDGE ( 'NONE', *, *, #3071, .T. ) ;
#1390 = EDGE_CURVE ( 'NONE', #375, #3402, #3159, .T. ) ;
#1391 = CARTESIAN_POINT ( 'NONE',  ( 95.48483726175837205, -136.1282382438018885, 26.31505901411168580 ) ) ;
#1392 = CARTESIAN_POINT ( 'NONE',  ( 90.44866813911862380, -157.5111468701948638, 19.49999999999985079 ) ) ;
#1393 = CARTESIAN_POINT ( 'NONE',  ( 118.9372492050599703, -12.96168684384826975, 30.49999999999997868 ) ) ;
#1394 = DIRECTION ( 'NONE',  ( 0.5947417580807264903, 0.8039168123599895743, 0.000000000000000000 ) ) ;
#1395 = CARTESIAN_POINT ( 'NONE',  ( 106.6365167263064961, -36.85939598085880675, 30.50000000000002132 ) ) ;
#1396 = CARTESIAN_POINT ( 'NONE',  ( 97.82591120363100856, -82.34660765102110247, 19.43461146493768155 ) ) ;
#1397 = ORIENTED_EDGE ( 'NONE', *, *, #130, .T. ) ;
#1398 = FACE_OUTER_BOUND ( 'NONE', #3005, .T. ) ;
#1399 = SURFACE_STYLE_FILL_AREA ( #3091 ) ;
#1400 = VECTOR ( 'NONE', #1941, 1000.000000000000114 ) ;
#1401 = CARTESIAN_POINT ( 'NONE',  ( 79.56204210081860140, -133.9901479631074608, 19.49999999999985079 ) ) ;
#1402 = ADVANCED_FACE ( 'NONE', ( #287 ), #1423, .F. ) ;
#1403 = VECTOR ( 'NONE', #767, 1000.000000000000000 ) ;
#1404 = COLOUR_RGB ( '',0.7529411764705882248, 0.7529411764705882248, 0.7529411764705882248 ) ;
#1405 = ORIENTED_EDGE ( 'NONE', *, *, #2575, .F. ) ;
#1406 = SURFACE_STYLE_FILL_AREA ( #1631 ) ;
#1407 = EDGE_LOOP ( 'NONE', ( #3267, #2259, #2449, #56 ) ) ;
#1408 = CARTESIAN_POINT ( 'NONE',  ( 91.45315156843282978, -129.8319862719498303, 24.49999999999980105 ) ) ;
#1409 = LINE ( 'NONE', #1134, #321 ) ;
#1410 = EDGE_CURVE ( 'NONE', #1737, #1094, #1991, .T. ) ;
#1411 = DIRECTION ( 'NONE',  ( -0.8039168123599944593, 0.5947417580807199400, 0.000000000000000000 ) ) ;
#1412 = CARTESIAN_POINT ( 'NONE',  ( 89.97852524969712817, -76.54107149750031169, 24.49999999999991118 ) ) ;
#1413 = SURFACE_STYLE_USAGE ( .BOTH. , #1153 ) ;
#1414 = CARTESIAN_POINT ( 'NONE',  ( 94.68897127394741631, -72.73162717092304774, 22.75009140903801708 ) ) ;
#1415 = PRESENTATION_STYLE_ASSIGNMENT (( #809 ) ) ;
#1416 = AXIS2_PLACEMENT_3D ( 'NONE', #1258, #2632, #99 ) ;
#1417 = FILL_AREA_STYLE ('',( #1919 ) ) ;
#1418 = EDGE_CURVE ( 'NONE', #8, #941, #649, .T. ) ;
#1419 = LINE ( 'NONE', #2207, #1495 ) ;
#1420 = ORIENTED_EDGE ( 'NONE', *, *, #574, .F. ) ;
#1421 = CARTESIAN_POINT ( 'NONE',  ( 108.9701030623147489, -36.63178284268424534, 18.50000000000013145 ) ) ;
#1422 = ORIENTED_EDGE ( 'NONE', *, *, #2493, .T. ) ;
#1423 = CYLINDRICAL_SURFACE ( 'NONE', #1530, 1.749999999999979794 ) ;
#1424 = CARTESIAN_POINT ( 'NONE',  ( 59.39439912134719890, -139.8068900584482606, 28.15901513314017635 ) ) ;
#1425 = UNCERTAINTY_MEASURE_WITH_UNIT (LENGTH_MEASURE( 1.000000000000000082E-05 ), #1083, 'distance_accuracy_value', 'NONE');
#1426 = DIRECTION ( 'NONE',  ( 0.5947417580807193849, 0.8039168123599949034, 0.000000000000000000 ) ) ;
#1427 = DIRECTION ( 'NONE',  ( 0.9887188755457990696, 0.1497831270185359942, 0.000000000000000000 ) ) ;
#1428 = CARTESIAN_POINT ( 'NONE',  ( 119.6733099492618493, -103.7755430027542189, 19.49999999999985079 ) ) ;
#1429 = DIRECTION ( 'NONE',  ( 0.6399042914482060418, 0.7684546166080136187, 0.000000000000000000 ) ) ;
#1430 = ADVANCED_FACE ( 'NONE', ( #1794 ), #2683, .T. ) ;
#1431 = SURFACE_SIDE_STYLE ('',( #557 ) ) ;
#1432 = CARTESIAN_POINT ( 'NONE',  ( 94.47682490516206144, -76.34559384945670502, 24.38575978088095297 ) ) ;
#1433 = EDGE_LOOP ( 'NONE', ( #1242, #350, #2893, #1767, #1523 ) ) ;
#1434 = CARTESIAN_POINT ( 'NONE',  ( 75.01270920003337039, -52.10628670078090607, 30.50000000000012790 ) ) ;
#1435 = VERTEX_POINT ( 'NONE', #3530 ) ;
#1436 = VECTOR ( 'NONE', #712, 1000.000000000000000 ) ;
#1437 = DIRECTION ( 'NONE',  ( -0.5240668485207324867, -0.1511511137749743106, -0.8381570730394944935 ) ) ;
#1438 = B_SPLINE_CURVE_WITH_KNOTS ( 'NONE', 9,
 ( #1472, #312, #861, #3426, #2272, #595, #880, #3151, #639, #2894 ),
 .UNSPECIFIED., .F., .F.,
 ( 10, 10 ),
 ( 0.000000000000000000, 0.04007197854221706407 ),
 .UNSPECIFIED. ) ;
#1439 = B_SPLINE_SURFACE_WITH_KNOTS ( 'NONE', 3, 1, ( 
 ( #3077, #2246 ),
 ( #3098, #1388 ),
 ( #3660, #3618 ),
 ( #2502, #1686 ),
 ( #3606, #832 ),
 ( #3637, #584 ),
 ( #1421, #1111 ),
 ( #2231, #9 ),
 ( #284, #2187 ),
 ( #1146, #1944 ),
 ( #3391, #1665 ),
 ( #209, #2818 ),
 ( #1349, #3335 ),
 ( #2796, #796 ),
 ( #266, #1904 ),
 ( #2520, #1763 ),
 ( #1475, #1704 ),
 ( #598, #332 ),
 ( #2596, #314 ),
 ( #1721, #2014 ),
 ( #59, #2294 ),
 ( #897, #3134 ),
 ( #298, #954 ),
 ( #2555, #1434 ),
 ( #2854, #2001 ),
 ( #1185, #76 ),
 ( #3179, #2576 ),
 ( #3198, #353 ),
 ( #42, #2313 ),
 ( #3499, #1454 ),
 ( #2910, #3447 ),
 ( #2837, #2073 ) ),
 .UNSPECIFIED., .F., .F., .F.,
 ( 4, 1, 1, 1, 1, 1, 1, 1, 1, 1, 1, 1, 1, 1, 1, 1, 1, 1, 1, 1, 1, 1, 1, 1, 1, 1, 1, 1, 1, 4 ),
 ( 2, 2 ),
 ( 0.004346334373489366479, 0.004549707785276602481, 0.008453434421412771987, 0.01626088769368511100, 0.02406834096595745001, 0.03187579423822978902, 0.04749070078277446705, 0.06310560732731915201, 0.07872051387186382310, 0.09433542041640850806, 0.1255652335054978641, 0.1567950465945872063, 0.1880248596836765762, 0.2192546727727659461, 0.2504844858618552883, 0.3129441120400340282, 0.3754037382182127125, 0.4378633643963914523, 0.5003229905745701922, 0.5627826167527489876, 0.6252422429309276719, 0.6877018691091063562, 0.7501614952872850406, 0.8126211214654637249, 0.8750807476436425203, 0.9063105607327319735, 0.9375403738218213157, 0.9687701869109106578, 0.9843850934554553289, 0.9879286380685226021 ),
 ( 0.000000000000000000, 1.000000000000000000 ),
 .UNSPECIFIED. ) ;
#1440 = CARTESIAN_POINT ( 'NONE',  ( 89.34772608373025093, -135.0351425988968117, 22.68494098588824670 ) ) ;
#1441 = B_SPLINE_CURVE_WITH_KNOTS ( 'NONE', 3,
 ( #869, #1190, #2822, #901 ),
 .UNSPECIFIED., .F., .F.,
 ( 4, 4 ),
 ( 0.000000000000000000, 0.008408176729231942037 ),
 .UNSPECIFIED. ) ;
#1442 = CARTESIAN_POINT ( 'NONE',  ( 123.2459524084726041, -20.10840188772612080, 30.50000000000031974 ) ) ;
#1443 = CARTESIAN_POINT ( 'NONE',  ( 119.6733099492618493, -103.7755430027542189, 29.49999999999985789 ) ) ;
#1444 = ORIENTED_EDGE ( 'NONE', *, *, #2054, .F. ) ;
#1445 = FILL_AREA_STYLE ('',( #1656 ) ) ;
#1446 = EDGE_CURVE ( 'NONE', #1663, #245, #1294, .T. ) ;
#1447 = ORIENTED_EDGE ( 'NONE', *, *, #3598, .T. ) ;
#1448 = EDGE_CURVE ( 'NONE', #3532, #467, #3201, .T. ) ;
#1449 = FILL_AREA_STYLE ('',( #281 ) ) ;
#1450 = FACE_OUTER_BOUND ( 'NONE', #3495, .T. ) ;
#1451 = SURFACE_STYLE_USAGE ( .BOTH. , #3132 ) ;
#1452 = ORIENTED_EDGE ( 'NONE', *, *, #2226, .F. ) ;
#1453 = COLOUR_RGB ( '',0.2509803921568627416, 0.2509803921568627416, 0.2509803921568627416 ) ;
#1454 = CARTESIAN_POINT ( 'NONE',  ( 104.0637075481438814, -80.55397111006247712, 30.49999999999976907 ) ) ;
#1455 = EDGE_LOOP ( 'NONE', ( #3060, #701, #3661, #3349 ) ) ;
#1456 = CARTESIAN_POINT ( 'NONE',  ( 96.79408739628749458, -130.1591348673015602, 29.49999999999974776 ) ) ;
#1457 = VECTOR ( 'NONE', #3068, 1000.000000000000000 ) ;
#1458 = VECTOR ( 'NONE', #2791, 1000.000000000000000 ) ;
#1459 = DIRECTION ( 'NONE',  ( 0.000000000000000000, 0.000000000000000000, -1.000000000000000000 ) ) ;
#1460 = VERTEX_POINT ( 'NONE', #2948 ) ;
#1461 = CARTESIAN_POINT ( 'NONE',  ( 108.1021388047616796, -84.49920613694378346, 19.50000000000007105 ) ) ;
#1462 = ADVANCED_FACE ( 'NONE', ( #661 ), #2130, .F. ) ;
#1463 = VECTOR ( 'NONE', #3380, 1000.000000000000000 ) ;
#1464 =( NAMED_UNIT ( * ) PLANE_ANGLE_UNIT ( ) SI_UNIT ( $, .RADIAN. ) );
#1465 = DIRECTION ( 'NONE',  ( -2.148630978038478961E-13, 1.000000000000000000, -1.619705569875597477E-15 ) ) ;
#1466 = CARTESIAN_POINT ( 'NONE',  ( 82.03448950963667130, -135.6949491840528310, 29.50000000000019185 ) ) ;
#1467 = LINE ( 'NONE', #88, #688 ) ;
#1468 = UNCERTAINTY_MEASURE_WITH_UNIT (LENGTH_MEASURE( 1.000000000000000082E-05 ), #1960, 'distance_accuracy_value', 'NONE');
#1469 = DIRECTION ( 'NONE',  ( 0.9887188755457981815, 0.1497831270185413788, 0.000000000000000000 ) ) ;
#1470 = CARTESIAN_POINT ( 'NONE',  ( 91.76275052394032627, -74.12932106041921543, 24.49999999999980105 ) ) ;
#1471 = VERTEX_POINT ( 'NONE', #1241 ) ;
#1472 = CARTESIAN_POINT ( 'NONE',  ( 101.5507013574235344, -81.46320343559541755, 28.50000000000005329 ) ) ;
#1473 = VERTEX_POINT ( 'NONE', #3501 ) ;
#1474 = VECTOR ( 'NONE', #1643, 1000.000000000000000 ) ;
#1475 = CARTESIAN_POINT ( 'NONE',  ( 105.0948894753213665, -8.343493181003282189, 18.49999999999978328 ) ) ;
#1476 = VERTEX_POINT ( 'NONE', #738 ) ;
#1477 = MECHANICAL_DESIGN_GEOMETRIC_PRESENTATION_REPRESENTATION (  '', ( #3063 ), #1581 ) ;
#1478 = PLANE ( 'NONE',  #324 ) ;
#1479 = FILL_AREA_STYLE ('',( #587 ) ) ;
#1480 = ORIENTED_EDGE ( 'NONE', *, *, #1507, .T. ) ;
#1481 = CARTESIAN_POINT ( 'NONE',  ( 93.27464658672312225, -75.41509068130272908, 26.23854506693450617 ) ) ;
#1482 = DIRECTION ( 'NONE',  ( 0.9975313033991834999, -0.07022320655400252076, 0.000000000000000000 ) ) ;
#1483 =( NAMED_UNIT ( * ) PLANE_ANGLE_UNIT ( ) SI_UNIT ( $, .RADIAN. ) );
#1484 = CARTESIAN_POINT ( 'NONE',  ( 96.69498142969250409, -80.48620224002662837, 28.50000000000011724 ) ) ;
#1485 = LINE ( 'NONE', #2608, #153 ) ;
#1486 = ORIENTED_EDGE ( 'NONE', *, *, #174, .F. ) ;
#1487 = LINE ( 'NONE', #1128, #14 ) ;
#1488 =( LENGTH_UNIT ( ) NAMED_UNIT ( * ) SI_UNIT ( .MILLI., .METRE. ) );
#1489 = ORIENTED_EDGE ( 'NONE', *, *, #2448, .F. ) ;
#1490 = CARTESIAN_POINT ( 'NONE',  ( 95.37854788597081779, -70.70468258959515140, 22.97027634273844754 ) ) ;
#1491 = ORIENTED_EDGE ( 'NONE', *, *, #1085, .T. ) ;
#1492 = EDGE_CURVE ( 'NONE', #111, #1544, #958, .T. ) ;
#1493 = EDGE_CURVE ( 'NONE', #3429, #662, #1628, .T. ) ;
#1494 = CARTESIAN_POINT ( 'NONE',  ( 105.0874036976765495, -81.46320343559615651, 18.50000000000001066 ) ) ;
#1495 = VECTOR ( 'NONE', #3095, 1000.000000000000227 ) ;
#1496 = DIRECTION ( 'NONE',  ( -0.07022320655400252076, -0.9975313033991834999, 0.000000000000000000 ) ) ;
#1497 = CARTESIAN_POINT ( 'NONE',  ( 102.7259547433389599, -76.78278799607231520, 28.93457412809503992 ) ) ;
#1498 = VECTOR ( 'NONE', #2137, 1000.000000000000227 ) ;
#1499 = CARTESIAN_POINT ( 'NONE',  ( 101.8174444561964265, -78.63262480246574171, 29.43461146493762115 ) ) ;
#1500 = UNCERTAINTY_MEASURE_WITH_UNIT (LENGTH_MEASURE( 1.000000000000000082E-05 ), #1012, 'distance_accuracy_value', 'NONE');
#1501 = EDGE_CURVE ( 'NONE', #727, #762, #1367, .T. ) ;
#1502 = ORIENTED_EDGE ( 'NONE', *, *, #302, .T. ) ;
#1503 = DIRECTION ( 'NONE',  ( 6.427662695299697243E-16, -1.642624911021034266E-15, -1.000000000000000000 ) ) ;
#1504 = CARTESIAN_POINT ( 'NONE',  ( 94.28976783322980282, -136.3092818553243433, 24.50000000000007461 ) ) ;
#1505 = CARTESIAN_POINT ( 'NONE',  ( 78.38905775533520170, -64.06852816041877929, 18.50000000000001066 ) ) ;
#1506 = ORIENTED_EDGE ( 'NONE', *, *, #531, .F. ) ;
#1507 = EDGE_CURVE ( 'NONE', #3076, #3297, #3003, .T. ) ;
#1508 = DIRECTION ( 'NONE',  ( 0.8039168123599947924, -0.5947417580807193849, 0.000000000000000000 ) ) ;
#1509 = ORIENTED_EDGE ( 'NONE', *, *, #1822, .T. ) ;
#1510 = CARTESIAN_POINT ( 'NONE',  ( 92.40709316833452647, -74.72885200905845693, 26.01959144556344938 ) ) ;
#1511 = VECTOR ( 'NONE', #3562, 1000.000000000000000 ) ;
#1512 = FACE_OUTER_BOUND ( 'NONE', #433, .T. ) ;
#1513 = STYLED_ITEM ( 'NONE', ( #127 ), #191 ) ;
#1514 = PRESENTATION_LAYER_ASSIGNMENT (  '', '', ( #3417 ) ) ;
#1515 = EDGE_CURVE ( 'NONE', #757, #3402, #525, .T. ) ;
#1516 = CARTESIAN_POINT ( 'NONE',  ( 97.13695839538753773, -72.15989430822519068, 25.57566396347430171 ) ) ;
#1517 = CARTESIAN_POINT ( 'NONE',  ( 95.92596317497999792, -133.0271816193910297, 24.50000000000007816 ) ) ;
#1518 = SURFACE_STYLE_USAGE ( .BOTH. , #946 ) ;
#1519 = CARTESIAN_POINT ( 'NONE',  ( 101.2343125074948773, -78.14180458582461597, 29.88079584003037326 ) ) ;
#1520 =( GEOMETRIC_REPRESENTATION_CONTEXT ( 3 ) GLOBAL_UNCERTAINTY_ASSIGNED_CONTEXT ( ( #2374 ) ) GLOBAL_UNIT_ASSIGNED_CONTEXT ( ( #1780, #1558, #374 ) ) REPRESENTATION_CONTEXT ( 'NONE', 'WORKASPACE' ) );
#1521 = DIRECTION ( 'NONE',  ( -0.8696014755922222284, -0.1317377785492687969, 0.4758554731751369893 ) ) ;
#1522 = AXIS2_PLACEMENT_3D ( 'NONE', #1968, #3165, #1427 ) ;
#1523 = ORIENTED_EDGE ( 'NONE', *, *, #2108, .T. ) ;
#1524 = PRESENTATION_STYLE_ASSIGNMENT (( #2892 ) ) ;
#1525 = STYLED_ITEM ( 'NONE', ( #3563 ), #3622 ) ;
#1526 = CARTESIAN_POINT ( 'NONE',  ( 104.5285972777639358, -81.08574000299762474, 29.49999999999985789 ) ) ;
#1527 = CARTESIAN_POINT ( 'NONE',  ( 91.44850646276887574, -129.8333260111390075, 27.96410161513757231 ) ) ;
#1528 =( LENGTH_UNIT ( ) NAMED_UNIT ( * ) SI_UNIT ( .MILLI., .METRE. ) );
#1529 = ORIENTED_EDGE ( 'NONE', *, *, #1133, .T. ) ;
#1530 = AXIS2_PLACEMENT_3D ( 'NONE', #444, #2702, #2075 ) ;
#1531 = CARTESIAN_POINT ( 'NONE',  ( 78.38905775533518749, -64.06852816041876508, 30.50000000000002132 ) ) ;
#1532 = ORIENTED_EDGE ( 'NONE', *, *, #517, .F. ) ;
#1533 = UNCERTAINTY_MEASURE_WITH_UNIT (LENGTH_MEASURE( 1.000000000000000082E-05 ), #79, 'distance_accuracy_value', 'NONE');
#1534 = DIRECTION ( 'NONE',  ( 0.5947417580807264903, 0.8039168123599895743, -9.382538411958972665E-16 ) ) ;
#1535 = PRODUCT_RELATED_PRODUCT_CATEGORY ( 'part', '', ( #480 ) ) ;
#1536 = DIRECTION ( 'NONE',  ( -0.8744606224002141603, 0.000000000000000000, -0.4850965057299732597 ) ) ;
#1537 = CARTESIAN_POINT ( 'NONE',  ( 90.15162947934535964, -134.1719951106565532, 27.78782080125154152 ) ) ;
#1538 = CARTESIAN_POINT ( 'NONE',  ( 96.17358084048939304, -73.95749296734321376, 24.04523874071861655 ) ) ;
#1539 = EDGE_CURVE ( 'NONE', #2694, #705, #2793, .T. ) ;
#1540 =( NAMED_UNIT ( * ) PLANE_ANGLE_UNIT ( ) SI_UNIT ( $, .RADIAN. ) );
#1541 = SURFACE_SIDE_STYLE ('',( #3547 ) ) ;
#1542 = DIRECTION ( 'NONE',  ( -0.7884429088662168184, -0.1194428945238693446, 0.6033996804824629523 ) ) ;
#1543 = PLANE ( 'NONE',  #326 ) ;
#1544 = VERTEX_POINT ( 'NONE', #243 ) ;
#1545 = SURFACE_STYLE_FILL_AREA ( #2408 ) ;
#1546 = CARTESIAN_POINT ( 'NONE',  ( 109.3049697686734731, -39.17519823338830776, 30.50000000000024869 ) ) ;
#1547 = ORIENTED_EDGE ( 'NONE', *, *, #648, .T. ) ;
#1548 = CARTESIAN_POINT ( 'NONE',  ( 93.70572732262863269, -75.75137035116948425, 26.07237803641717733 ) ) ;
#1549 =( GEOMETRIC_REPRESENTATION_CONTEXT ( 3 ) GLOBAL_UNCERTAINTY_ASSIGNED_CONTEXT ( ( #2052 ) ) GLOBAL_UNIT_ASSIGNED_CONTEXT ( ( #3551, #1274, #1074 ) ) REPRESENTATION_CONTEXT ( 'NONE', 'WORKASPACE' ) );
#1550 = CARTESIAN_POINT ( 'NONE',  ( 96.14668349297228644, -71.34203187581144334, 26.24991508793422312 ) ) ;
#1551 = CARTESIAN_POINT ( 'NONE',  ( 71.32445151788654414, -13.30166356738575395, 18.49999999999989697 ) ) ;
#1552 = DIRECTION ( 'NONE',  ( -0.8039168123599702565, 0.5947417580807525805, 0.000000000000000000 ) ) ;
#1553 = CARTESIAN_POINT ( 'NONE',  ( 71.50312430531208463, -43.18329962360324004, 18.49999999999996092 ) ) ;
#1554 = ADVANCED_FACE ( 'NONE', ( #1033 ), #2480, .F. ) ;
#1555 = ADVANCED_FACE ( 'NONE', ( #2763 ), #2736, .T. ) ;
#1556 = CARTESIAN_POINT ( 'NONE',  ( 92.47129647047908918, -136.5847659528198221, 27.96410161513784942 ) ) ;
#1557 = EDGE_LOOP ( 'NONE', ( #2709, #2704, #3153, #2011 ) ) ;
#1558 =( NAMED_UNIT ( * ) PLANE_ANGLE_UNIT ( ) SI_UNIT ( $, .RADIAN. ) );
#1559 = CARTESIAN_POINT ( 'NONE',  ( 83.20950126550272330, -69.35504174089781770, 18.50000000000046896 ) ) ;
#1560 = ORIENTED_EDGE ( 'NONE', *, *, #401, .F. ) ;
#1561 = CARTESIAN_POINT ( 'NONE',  ( 126.3994225184911784, -39.57866585956183059, 18.50000000000003553 ) ) ;
#1562 = PLANE ( 'NONE',  #3524 ) ;
#1563 = COLOUR_RGB ( '',0.2000000000000000111, 0.2000000000000000111, 0.2000000000000000111 ) ;
#1564 = DIRECTION ( 'NONE',  ( -0.1497831270185359664, 0.9887188755457990696, -3.397234079277621372E-15 ) ) ;
#1565 = CARTESIAN_POINT ( 'NONE',  ( 108.0584913842002663, -81.46320343559615651, 18.50000000000029488 ) ) ;
#1566 = EDGE_CURVE ( 'NONE', #1014, #2900, #3316, .T. ) ;
#1567 = UNCERTAINTY_MEASURE_WITH_UNIT (LENGTH_MEASURE( 1.000000000000000082E-05 ), #1, 'distance_accuracy_value', 'NONE');
#1568 = VECTOR ( 'NONE', #3597, 1000.000000000000000 ) ;
#1569 = COLOUR_RGB ( '',0.2000000000000000111, 0.2000000000000000111, 0.2000000000000000111 ) ;
#1570 = VERTEX_POINT ( 'NONE', #542 ) ;
#1571 = CARTESIAN_POINT ( 'NONE',  ( 131.1897452970534914, -13.11207727021473879, 30.50000000000037303 ) ) ;
#1572 = CARTESIAN_POINT ( 'NONE',  ( 64.79696366515638317, -138.2486849356801883, 24.49999999999985434 ) ) ;
#1573 = COLOUR_RGB ( '',0.7529411764705882248, 0.7529411764705882248, 0.7529411764705882248 ) ;
#1574 = CARTESIAN_POINT ( 'NONE',  ( 99.50017895821602565, -36.46320343559616362, 14.40537148044240823 ) ) ;
#1575 = ORIENTED_EDGE ( 'NONE', *, *, #257, .F. ) ;
#1576 = CARTESIAN_POINT ( 'NONE',  ( 69.70813692268126260, -1.237079390996778328, 18.49999999999993250 ) ) ;
#1577 = LINE ( 'NONE', #2653, #1208 ) ;
#1578 = EDGE_LOOP ( 'NONE', ( #1420, #2838, #2446, #1216 ) ) ;
#1579 = CARTESIAN_POINT ( 'NONE',  ( 106.0742215305994307, -39.06065806164706089, 30.49999999999999289 ) ) ;
#1580 = DIRECTION ( 'NONE',  ( -0.1497831270185359387, 0.9887188755457989586, -3.397234079277620978E-15 ) ) ;
#1581 =( GEOMETRIC_REPRESENTATION_CONTEXT ( 3 ) GLOBAL_UNCERTAINTY_ASSIGNED_CONTEXT ( ( #3474 ) ) GLOBAL_UNIT_ASSIGNED_CONTEXT ( ( #2781, #1929, #1061 ) ) REPRESENTATION_CONTEXT ( 'NONE', 'WORKASPACE' ) );
#1582 = CARTESIAN_POINT ( 'NONE',  ( 93.00887491710665245, -77.74031807000346816, 23.42469476646784088 ) ) ;
#1583 =( NAMED_UNIT ( * ) PLANE_ANGLE_UNIT ( ) SI_UNIT ( $, .RADIAN. ) );
#1584 = CARTESIAN_POINT ( 'NONE',  ( 92.79223409295705949, -78.62266765078283015, 24.49999999999991118 ) ) ;
#1585 = CARTESIAN_POINT ( 'NONE',  ( 88.36673490028276490, -134.5725469378518255, 24.21916424808960500 ) ) ;
#1586 = CARTESIAN_POINT ( 'NONE',  ( 102.8265869811463205, -76.86746413722731575, 29.88030787701558921 ) ) ;
#1587 = CARTESIAN_POINT ( 'NONE',  ( 118.9372492050599988, -12.96168684384828929, 18.49999999999996803 ) ) ;
#1588 = ORIENTED_EDGE ( 'NONE', *, *, #1418, .T. ) ;
#1589 = CARTESIAN_POINT ( 'NONE',  ( 106.0742215305995870, -39.06065806164711773, 18.50000000000001066 ) ) ;
#1590 = SURFACE_STYLE_FILL_AREA ( #1385 ) ;
#1591 = CARTESIAN_POINT ( 'NONE',  ( 73.21455920106771487, -19.82441021913180279, 30.49999999999992184 ) ) ;
#1592 = ORIENTED_EDGE ( 'NONE', *, *, #2493, .F. ) ;
#1593 = CARTESIAN_POINT ( 'NONE',  ( 102.2421874995145288, -76.37709447315879174, 29.43461146493773484 ) ) ;
#1594 = ORIENTED_EDGE ( 'NONE', *, *, #2157, .F. ) ;
#1595 = CARTESIAN_POINT ( 'NONE',  ( 90.53458842984530008, -75.78943680364916702, 24.50000000000007816 ) ) ;
#1596 = CARTESIAN_POINT ( 'NONE',  ( 102.4257766079125958, -76.53082092667430913, 18.98861286513869473 ) ) ;
#1597 = ADVANCED_FACE ( 'NONE', ( #3346 ), #186, .F. ) ;
#1598 = DIRECTION ( 'NONE',  ( 0.5947417580807264903, 0.8039168123599895743, 0.000000000000000000 ) ) ;
#1599 = DIRECTION ( 'NONE',  ( 0.000000000000000000, 1.000000000000000000, -1.632383628856058256E-15 ) ) ;
#1600 = FACE_OUTER_BOUND ( 'NONE', #3468, .T. ) ;
#1601 = CARTESIAN_POINT ( 'NONE',  ( 88.60470622512208649, -134.5215517200161628, 23.12501102839939904 ) ) ;
#1602 =( GEOMETRIC_REPRESENTATION_CONTEXT ( 3 ) GLOBAL_UNCERTAINTY_ASSIGNED_CONTEXT ( ( #2642 ) ) GLOBAL_UNIT_ASSIGNED_CONTEXT ( ( #2552, #3113, #22 ) ) REPRESENTATION_CONTEXT ( 'NONE', 'WORKASPACE' ) );
#1603 = ADVANCED_FACE ( 'NONE', ( #1901 ), #2169, .F. ) ;
#1604 = CARTESIAN_POINT ( 'NONE',  ( 102.2421874995145288, -76.37709447315879174, 29.43461146493773484 ) ) ;
#1605 = CYLINDRICAL_SURFACE ( 'NONE', #2631, 3.852710664767962978 ) ;
#1606 = ORIENTED_EDGE ( 'NONE', *, *, #2609, .T. ) ;
#1607 = CARTESIAN_POINT ( 'NONE',  ( 62.92741620445241324, -31.35196495457950761, 18.49999999999993960 ) ) ;
#1608 = CARTESIAN_POINT ( 'NONE',  ( 104.5285972777639358, -81.08574000299762474, 19.49999999999985079 ) ) ;
#1609 = DIRECTION ( 'NONE',  ( 0.1497831270185397412, -0.9887188755457985145, 0.000000000000000000 ) ) ;
#1610 = EDGE_LOOP ( 'NONE', ( #3160, #674, #2230 ) ) ;
#1611 = CARTESIAN_POINT ( 'NONE',  ( 103.0093696371634735, -77.02149076145462914, 29.30395173376136242 ) ) ;
#1612 = VERTEX_POINT ( 'NONE', #1608 ) ;
#1613 = ADVANCED_FACE ( 'NONE', ( #3037 ), #501, .T. ) ;
#1614 = FACE_OUTER_BOUND ( 'NONE', #299, .T. ) ;
#1615 = DIRECTION ( 'NONE',  ( -0.4704872883600352829, -0.07127512078105888160, -0.8795234895380944495 ) ) ;
#1616 = DIRECTION ( 'NONE',  ( -0.5829117237056605783, -0.1681231249778530890, -0.7949519087430237940 ) ) ;
#1617 = DIRECTION ( 'NONE',  ( -0.9608343394494207601, -0.2771233879245762477, 0.000000000000000000 ) ) ;
#1618 = CARTESIAN_POINT ( 'NONE',  ( 62.92741620445241324, -31.35196495457950761, 18.49999999999993960 ) ) ;
#1619 = CIRCLE ( 'NONE', #985, 1.749999999999990452 ) ;
#1620 = STYLED_ITEM ( 'NONE', ( #3079 ), #636 ) ;
#1621 = ORIENTED_EDGE ( 'NONE', *, *, #246, .F. ) ;
#1622 = PRESENTATION_STYLE_ASSIGNMENT (( #2713 ) ) ;
#1623 = DIRECTION ( 'NONE',  ( 0.9608343394494208711, 0.2771233879245759146, 0.000000000000000000 ) ) ;
#1624 = CARTESIAN_POINT ( 'NONE',  ( 92.26649854572583820, -134.5929715458034650, 24.50000000000007816 ) ) ;
#1625 = VECTOR ( 'NONE', #2890, 999.9999999999998863 ) ;
#1626 = DIRECTION ( 'NONE',  ( 0.2771233879245773579, -0.9608343394494204270, 0.000000000000000000 ) ) ;
#1627 = CARTESIAN_POINT ( 'NONE',  ( 101.0505733381278333, -77.98780810671371455, 29.43461146493798353 ) ) ;
#1628 = LINE ( 'NONE', #1090, #2115 ) ;
#1629 = DIRECTION ( 'NONE',  ( 0.000000000000000000, 0.000000000000000000, 1.000000000000000000 ) ) ;
#1630 = VERTEX_POINT ( 'NONE', #2031 ) ;
#1631 = FILL_AREA_STYLE ('',( #3348 ) ) ;
#1632 = EDGE_LOOP ( 'NONE', ( #527, #3564, #2855, #655, #1594, #1296 ) ) ;
#1633 = CARTESIAN_POINT ( 'NONE',  ( 90.81352216523131915, -76.01466106621829510, 25.56698020304692420 ) ) ;
#1634 = DIRECTION ( 'NONE',  ( -0.9608343394494204270, -0.2771233879245773024, 0.000000000000000000 ) ) ;
#1635 = AXIS2_PLACEMENT_3D ( 'NONE', #2516, #1126, #2243 ) ;
#1636 = CARTESIAN_POINT ( 'NONE',  ( 92.81720383868311330, -77.59264798453072842, 23.18251599544934294 ) ) ;
#1637 = EDGE_CURVE ( 'NONE', #1473, #2645, #1438, .T. ) ;
#1638 = COLOUR_RGB ( '',0.7529411764705882248, 0.7529411764705882248, 0.7529411764705882248 ) ;
#1639 = VECTOR ( 'NONE', #199, 1000.000000000000227 ) ;
#1640 = EDGE_CURVE ( 'NONE', #2645, #562, #3657, .T. ) ;
#1641 = EDGE_CURVE ( 'NONE', #392, #2386, #1487, .T. ) ;
#1642 =( NAMED_UNIT ( * ) PLANE_ANGLE_UNIT ( ) SI_UNIT ( $, .RADIAN. ) );
#1643 = DIRECTION ( 'NONE',  ( 0.6536979505629404441, 0.7567555678221412618, 0.000000000000000000 ) ) ;
#1644 = CARTESIAN_POINT ( 'NONE',  ( 103.0093696371635446, -77.02149076145472861, 19.56524149129138834 ) ) ;
#1645 = ORIENTED_EDGE ( 'NONE', *, *, #997, .F. ) ;
#1646 = LINE ( 'NONE', #2470, #2281 ) ;
#1647 = ORIENTED_EDGE ( 'NONE', *, *, #1641, .T. ) ;
#1648 = CARTESIAN_POINT ( 'NONE',  ( 93.21630981285160544, -77.89931137134375660, 25.06366665998228171 ) ) ;
#1649 = SURFACE_STYLE_USAGE ( .BOTH. , #1332 ) ;
#1650 = FACE_OUTER_BOUND ( 'NONE', #3619, .T. ) ;
#1651 =( NAMED_UNIT ( * ) PLANE_ANGLE_UNIT ( ) SI_UNIT ( $, .RADIAN. ) );
#1652 =( NAMED_UNIT ( * ) SI_UNIT ( $, .STERADIAN. ) SOLID_ANGLE_UNIT ( ) );
#1653 = DIRECTION ( 'NONE',  ( -0.8039168123599943483, 0.5947417580807200510, -1.493668237940894945E-15 ) ) ;
#1654 = EDGE_CURVE ( 'NONE', #696, #3372, #57, .T. ) ;
#1655 = ORIENTED_EDGE ( 'NONE', *, *, #334, .F. ) ;
#1656 = FILL_AREA_STYLE_COLOUR ( '', #1972 ) ;
#1657 = CARTESIAN_POINT ( 'NONE',  ( 100.8928091832074188, -36.56124041910703681, 18.50000000000023093 ) ) ;
#1658 = SURFACE_STYLE_USAGE ( .BOTH. , #1142 ) ;
#1659 = B_SPLINE_CURVE_WITH_KNOTS ( 'NONE', 9,
 ( #447, #1579, #3188, #651, #761, #1770, #3006, #189, #2903, #1329 ),
 .UNSPECIFIED., .F., .F.,
 ( 10, 10 ),
 ( 0.004112877059027968303, 0.9599280214577831094 ),
 .UNSPECIFIED. ) ;
#1660 = DIRECTION ( 'NONE',  ( -0.8696014755922222284, -0.1317377785492687969, 0.4758554731751369893 ) ) ;
#1661 = PRESENTATION_LAYER_ASSIGNMENT (  '', '', ( #1958 ) ) ;
#1662 = FACE_OUTER_BOUND ( 'NONE', #3312, .T. ) ;
#1663 = VERTEX_POINT ( 'NONE', #1998 ) ;
#1664 = EDGE_CURVE ( 'NONE', #2740, #959, #3388, .T. ) ;
#1665 = CARTESIAN_POINT ( 'NONE',  ( 118.8938951243666367, -30.91679015353667737, 30.49999999999986500 ) ) ;
#1666 = EDGE_LOOP ( 'NONE', ( #2817, #2722, #3117, #2541 ) ) ;
#1667 = PRESENTATION_STYLE_ASSIGNMENT (( #2248 ) ) ;
#1668 = DIRECTION ( 'NONE',  ( -6.211436267236830770E-16, 0.000000000000000000, 1.000000000000000000 ) ) ;
#1669 = CARTESIAN_POINT ( 'NONE',  ( 100.2417992193642391, -38.46320343559613519, 30.50000000000022737 ) ) ;
#1670 = CARTESIAN_POINT ( 'NONE',  ( 101.0505733381280749, -77.98780810671377139, 19.56685782578382771 ) ) ;
#1671 = CARTESIAN_POINT ( 'NONE',  ( 98.00752053689917886, -75.46157314589054010, 30.50000000000029132 ) ) ;
#1672 = CARTESIAN_POINT ( 'NONE',  ( 85.10823542438880907, -38.46320343559613519, 30.50000000000019895 ) ) ;
#1673 = CARTESIAN_POINT ( 'NONE',  ( 116.7412515742839645, -119.0285142325294032, 29.50000000000008171 ) ) ;
#1674 = ADVANCED_FACE ( 'NONE', ( #1450 ), #1182, .F. ) ;
#1675 = CARTESIAN_POINT ( 'NONE',  ( 94.51154561740126780, -72.58451901254568384, 22.79595440663528549 ) ) ;
#1676 = SURFACE_STYLE_USAGE ( .BOTH. , #1431 ) ;
#1677 =( GEOMETRIC_REPRESENTATION_CONTEXT ( 3 ) GLOBAL_UNCERTAINTY_ASSIGNED_CONTEXT ( ( #2084 ) ) GLOBAL_UNIT_ASSIGNED_CONTEXT ( ( #380, #1651, #197 ) ) REPRESENTATION_CONTEXT ( 'NONE', 'WORKASPACE' ) );
#1678 = FILL_AREA_STYLE_COLOUR ( '', #1404 ) ;
#1679 = APPLICATION_PROTOCOL_DEFINITION ( 'draft international standard', 'automotive_design', 1998, #1920 ) ;
#1680 = VECTOR ( 'NONE', #2329, 999.9999999999998863 ) ;
#1681 = CARTESIAN_POINT ( 'NONE',  ( 93.45072972702722325, -75.55281745523851100, 22.80594257384150225 ) ) ;
#1682 =( NAMED_UNIT ( * ) SI_UNIT ( $, .STERADIAN. ) SOLID_ANGLE_UNIT ( ) );
#1683 = AXIS2_PLACEMENT_3D ( 'NONE', #3470, #1818, #1536 ) ;
#1684 = VECTOR ( 'NONE', #2143, 1000.000000000000114 ) ;
#1685 = ORIENTED_EDGE ( 'NONE', *, *, #2846, .F. ) ;
#1686 = CARTESIAN_POINT ( 'NONE',  ( 103.1293865606332361, -36.79239862874159428, 30.49999999999985079 ) ) ;
#1687 = VERTEX_POINT ( 'NONE', #656 ) ;
#1688 = COLOUR_RGB ( '',0.2000000000000000111, 0.2000000000000000111, 0.2000000000000000111 ) ;
#1689 = SURFACE_SIDE_STYLE ('',( #600 ) ) ;
#1690 = CARTESIAN_POINT ( 'NONE',  ( 101.8174444561964123, -78.63262480246577013, 29.30394953700144001 ) ) ;
#1691 = VECTOR ( 'NONE', #3142, 1000.000000000000114 ) ;
#1692 = CARTESIAN_POINT ( 'NONE',  ( 103.2790984090785997, -80.16135436700130867, 28.49999999999985789 ) ) ;
#1693 = CARTESIAN_POINT ( 'NONE',  ( 116.9549044040261379, -15.09962761763143035, 30.50000000000019895 ) ) ;
#1694 = FACE_OUTER_BOUND ( 'NONE', #41, .T. ) ;
#1695 = CARTESIAN_POINT ( 'NONE',  ( 97.07374420285654537, -132.2639006984545347, 19.49999999999990763 ) ) ;
#1696 = VERTEX_POINT ( 'NONE', #2664 ) ;
#1697 = PRESENTATION_LAYER_ASSIGNMENT (  '', '', ( #1240 ) ) ;
#1698 = FILL_AREA_STYLE_COLOUR ( '', #3522 ) ;
#1699 = LINE ( 'NONE', #1732, #2223 ) ;
#1700 = B_SPLINE_CURVE_WITH_KNOTS ( 'NONE', 3,
 ( #1499, #2621, #3206, #2347, #2362, #2305, #1519, #2067, #3492, #107 ),
 .UNSPECIFIED., .F., .F.,
 ( 4, 2, 2, 2, 4 ),
 ( 0.001564771565956278978, 0.001955875501361660235, 0.002346979436767041276, 0.002738083372172422317, 0.003129187307577803358 ),
 .UNSPECIFIED. ) ;
#1701 = CARTESIAN_POINT ( 'NONE',  ( 94.47682490516325515, -76.34559384945761451, 24.49999999997710276 ) ) ;
#1702 = DIRECTION ( 'NONE',  ( 0.000000000000000000, -1.000000000000000000, 0.000000000000000000 ) ) ;
#1703 = ORIENTED_EDGE ( 'NONE', *, *, #494, .F. ) ;
#1704 = CARTESIAN_POINT ( 'NONE',  ( 105.0948894753213523, -8.343493181003262649, 30.49999999999979394 ) ) ;
#1705 = ORIENTED_EDGE ( 'NONE', *, *, #2543, .T. ) ;
#1706 = DIRECTION ( 'NONE',  ( 0.5947417580807264903, 0.8039168123599895743, 0.000000000000000000 ) ) ;
#1707 = CARTESIAN_POINT ( 'NONE',  ( 97.40814435690830919, -72.38330776875517358, 24.49999999997732303 ) ) ;
#1708 = CARTESIAN_POINT ( 'NONE',  ( 119.6733099492618493, -103.7755430027542189, 19.49999999999985079 ) ) ;
#1709 = ADVANCED_FACE ( 'NONE', ( #1826 ), #2943, .T. ) ;
#1710 = EDGE_CURVE ( 'NONE', #3127, #3487, #2088, .T. ) ;
#1711 = CARTESIAN_POINT ( 'NONE',  ( 93.51245911173313630, -71.77646276810922643, 30.50000000000022027 ) ) ;
#1712 = FACE_OUTER_BOUND ( 'NONE', #1010, .T. ) ;
#1713 = SURFACE_SIDE_STYLE ('',( #343 ) ) ;
#1714 = CARTESIAN_POINT ( 'NONE',  ( 95.29965818938227073, -73.23679195248129759, 22.83892677924999859 ) ) ;
#1715 = SURFACE_STYLE_USAGE ( .BOTH. , #2255 ) ;
#1716 = ORIENTED_EDGE ( 'NONE', *, *, #1911, .F. ) ;
#1717 = CARTESIAN_POINT ( 'NONE',  ( 92.00402123525196885, -74.40545994423564480, 23.43301572724125847 ) ) ;
#1718 = DIRECTION ( 'NONE',  ( 0.5947417580807264903, 0.8039168123599895743, 0.000000000000000000 ) ) ;
#1719 = CARTESIAN_POINT ( 'NONE',  ( 95.57960559104205345, -136.1138815878771879, 22.85095739897374756 ) ) ;
#1720 = ORIENTED_EDGE ( 'NONE', *, *, #908, .T. ) ;
#1721 = CARTESIAN_POINT ( 'NONE',  ( 78.75011020906272563, -17.37708070215250444, 18.49999999999976907 ) ) ;
#1722 = ORIENTED_EDGE ( 'NONE', *, *, #1802, .F. ) ;
#1723 = EDGE_CURVE ( 'NONE', #3135, #2118, #1268, .T. ) ;
#1724 = AXIS2_PLACEMENT_3D ( 'NONE', #1758, #2834, #2571 ) ;
#1725 = CARTESIAN_POINT ( 'NONE',  ( 101.5341553982132154, -78.39375077050141272, 28.93457443856103950 ) ) ;
#1726 = EDGE_LOOP ( 'NONE', ( #1191, #642, #1201 ) ) ;
#1727 = CARTESIAN_POINT ( 'NONE',  ( 83.20950126550269488, -69.35504174089780349, 30.50000000000042277 ) ) ;
#1728 = CARTESIAN_POINT ( 'NONE',  ( 102.0869811899342068, -36.67084179149129142, 30.49999999999981526 ) ) ;
#1729 = PRESENTATION_STYLE_ASSIGNMENT (( #16 ) ) ;
#1730 = ORIENTED_EDGE ( 'NONE', *, *, #411, .F. ) ;
#1731 = CARTESIAN_POINT ( 'NONE',  ( 92.11671541870725832, -133.6042526702576652, 24.50000000000007816 ) ) ;
#1732 = CARTESIAN_POINT ( 'NONE',  ( 89.97852524969731292, -76.54107149750031169, 24.49999999999980105 ) ) ;
#1733 = ORIENTED_EDGE ( 'NONE', *, *, #3475, .T. ) ;
#1734 = SURFACE_SIDE_STYLE ('',( #2289 ) ) ;
#1735 = ORIENTED_EDGE ( 'NONE', *, *, #1781, .T. ) ;
#1736 = SURFACE_STYLE_USAGE ( .BOTH. , #352 ) ;
#1737 = VERTEX_POINT ( 'NONE', #1504 ) ;
#1738 = COLOUR_RGB ( '',0.7529411764705882248, 0.7529411764705882248, 0.7529411764705882248 ) ;
#1739 = VECTOR ( 'NONE', #255, 1000.000000000000227 ) ;
#1740 = SURFACE_SIDE_STYLE ('',( #641 ) ) ;
#1741 = VERTEX_POINT ( 'NONE', #1791 ) ;
#1742 = CARTESIAN_POINT ( 'NONE',  ( 94.70935406475250318, -70.14637536401657769, 24.49999999999983302 ) ) ;
#1743 = CLOSED_SHELL ( 'NONE', ( #844, #685, #3157, #290, #1554, #3358, #811, #1823, #1866, #347, #3516, #237, #1430, #697, #899, #3546, #608, #1019, #2095, #2804, #579, #442, #2192, #365, #1555, #21, #443, #2655, #1603 ) ) ;
#1744 = AXIS2_PLACEMENT_3D ( 'NONE', #1141, #346, #877 ) ;
#1745 = CARTESIAN_POINT ( 'NONE',  ( 113.0550197440072964, -91.60169930561481522, 29.49999999999985789 ) ) ;
#1746 = ORIENTED_EDGE ( 'NONE', *, *, #2575, .T. ) ;
#1747 = VERTEX_POINT ( 'NONE', #1526 ) ;
#1748 = CARTESIAN_POINT ( 'NONE',  ( 100.8752188049194558, -34.46320343559612809, 18.50000000000023093 ) ) ;
#1749 = VECTOR ( 'NONE', #873, 1000.000000000000000 ) ;
#1750 = CARTESIAN_POINT ( 'NONE',  ( 116.7412515742839645, -119.0285142325294032, 29.50000000000008171 ) ) ;
#1751 = CARTESIAN_POINT ( 'NONE',  ( 77.64001011362230997, -136.3030644918165990, 16.11887693764607477 ) ) ;
#1752 = LINE ( 'NONE', #1951, #3104 ) ;
#1753 = CARTESIAN_POINT ( 'NONE',  ( 89.64729233776731121, -137.0125803499884114, 22.68494098588869079 ) ) ;
#1754 = CARTESIAN_POINT ( 'NONE',  ( 90.75785450849015490, -73.38589386281825000, 28.49999999999985789 ) ) ;
#1755 = ORIENTED_EDGE ( 'NONE', *, *, #262, .F. ) ;
#1756 = SURFACE_SIDE_STYLE ('',( #3193 ) ) ;
#1757 = EDGE_LOOP ( 'NONE', ( #3253, #3510 ) ) ;
#1758 = CARTESIAN_POINT ( 'NONE',  ( 97.07097577282596035, -155.6011440195647140, 5.368072866838380364 ) ) ;
#1759 =( NAMED_UNIT ( * ) PLANE_ANGLE_UNIT ( ) SI_UNIT ( $, .RADIAN. ) );
#1760 = VERTEX_POINT ( 'NONE', #692 ) ;
#1761 = ADVANCED_FACE ( 'NONE', ( #2612 ), #2647, .T. ) ;
#1762 =( GEOMETRIC_REPRESENTATION_CONTEXT ( 3 ) GLOBAL_UNCERTAINTY_ASSIGNED_CONTEXT ( ( #3576 ) ) GLOBAL_UNIT_ASSIGNED_CONTEXT ( ( #784, #3593, #3609 ) ) REPRESENTATION_CONTEXT ( 'NONE', 'WORKASPACE' ) );
#1763 = CARTESIAN_POINT ( 'NONE',  ( 112.3970796582048166, -11.21246994711498779, 30.50000000000001066 ) ) ;
#1764 = ORIENTED_EDGE ( 'NONE', *, *, #1913, .F. ) ;
#1765 = CARTESIAN_POINT ( 'NONE',  ( 91.94733802465184169, -71.77806023809861813, 29.50000000000008171 ) ) ;
#1766 = LINE ( 'NONE', #2580, #3062 ) ;
#1767 = ORIENTED_EDGE ( 'NONE', *, *, #83, .T. ) ;
#1768 = DIRECTION ( 'NONE',  ( -1.069224673517275008E-30, -1.000000000000000000, 1.619705569875463962E-15 ) ) ;
#1769 = CARTESIAN_POINT ( 'NONE',  ( 94.70935406475250318, -70.14637536401657769, 24.49999999999983302 ) ) ;
#1770 = CARTESIAN_POINT ( 'NONE',  ( 92.29369933996379416, 10.43212636717377428, 30.50000000000013145 ) ) ;
#1771 = SURFACE_STYLE_USAGE ( .BOTH. , #362 ) ;
#1772 = CARTESIAN_POINT ( 'NONE',  ( 88.10823542438878064, -38.46320343559614230, 22.75000000000002842 ) ) ;
#1773 = CARTESIAN_POINT ( 'NONE',  ( 90.75785450849015490, -73.38589386281825000, 28.49999999999985789 ) ) ;
#1774 = EDGE_CURVE ( 'NONE', #597, #2288, #1776, .T. ) ;
#1775 = VERTEX_POINT ( 'NONE', #1572 ) ;
#1776 = LINE ( 'NONE', #2909, #967 ) ;
#1777 =( LENGTH_UNIT ( ) NAMED_UNIT ( * ) SI_UNIT ( .MILLI., .METRE. ) );
#1778 = DIRECTION ( 'NONE',  ( 1.000000000000000000, 0.000000000000000000, 0.000000000000000000 ) ) ;
#1779 = ORIENTED_EDGE ( 'NONE', *, *, #1418, .F. ) ;
#1780 =( LENGTH_UNIT ( ) NAMED_UNIT ( * ) SI_UNIT ( .MILLI., .METRE. ) );
#1781 = EDGE_CURVE ( 'NONE', #3202, #208, #2696, .T. ) ;
#1782 = EDGE_LOOP ( 'NONE', ( #1347, #585, #367, #1720 ) ) ;
#1783 =( GEOMETRIC_REPRESENTATION_CONTEXT ( 3 ) GLOBAL_UNCERTAINTY_ASSIGNED_CONTEXT ( ( #1468 ) ) GLOBAL_UNIT_ASSIGNED_CONTEXT ( ( #1960, #3389, #1091 ) ) REPRESENTATION_CONTEXT ( 'NONE', 'WORKASPACE' ) );
#1784 = CARTESIAN_POINT ( 'NONE',  ( 119.8020728916863931, -112.2342300411675495, 29.49999999999985789 ) ) ;
#1785 = CARTESIAN_POINT ( 'NONE',  ( 102.4257766079122973, -76.53082092667408176, 28.98861286513862368 ) ) ;
#1786 = VECTOR ( 'NONE', #3435, 1000.000000000000000 ) ;
#1787 = CARTESIAN_POINT ( 'NONE',  ( 96.21706304682125221, -73.99330114328344621, 24.38569735788981063 ) ) ;
#1788 = B_SPLINE_CURVE_WITH_KNOTS ( 'NONE', 3,
 ( #3646, #1117, #2490, #2525, #3378, #534, #2236, #3049, #1670, #235 ),
 .UNSPECIFIED., .F., .F.,
 ( 4, 2, 2, 2, 4 ),
 ( 0.001564771565956363112, 0.001955875501361860596, 0.002346979436767357863, 0.002738083372172855131, 0.003129187307578352398 ),
 .UNSPECIFIED. ) ;
#1789 = SURFACE_STYLE_USAGE ( .BOTH. , #1250 ) ;
#1790 = ORIENTED_EDGE ( 'NONE', *, *, #1710, .T. ) ;
#1791 = CARTESIAN_POINT ( 'NONE',  ( 88.36673490028451283, -134.5725469378515129, 24.50000000002221867 ) ) ;
#1792 = DIRECTION ( 'NONE',  ( -0.1497831270185397412, 0.9887188755457984035, 0.000000000000000000 ) ) ;
#1793 = EDGE_LOOP ( 'NONE', ( #677, #1547, #2911, #2093 ) ) ;
#1794 = FACE_OUTER_BOUND ( 'NONE', #2949, .T. ) ;
#1795 = ORIENTED_EDGE ( 'NONE', *, *, #722, .F. ) ;
#1796 = MECHANICAL_DESIGN_GEOMETRIC_PRESENTATION_REPRESENTATION (  '', ( #2452 ), #625 ) ;
#1797 = CARTESIAN_POINT ( 'NONE',  ( 93.18524730578066340, -75.34497512897898730, 26.24992045626361659 ) ) ;
#1798 = MECHANICAL_DESIGN_GEOMETRIC_PRESENTATION_REPRESENTATION (  '', ( #570 ), #1224 ) ;
#1799 = CARTESIAN_POINT ( 'NONE',  ( 106.2914491453037016, -39.16544465191181246, 18.50000000000002132 ) ) ;
#1800 = VECTOR ( 'NONE', #254, 1000.000000000000000 ) ;
#1801 = VECTOR ( 'NONE', #2037, 1000.000000000000000 ) ;
#1802 = EDGE_CURVE ( 'NONE', #504, #1275, #2420, .T. ) ;
#1803 = CARTESIAN_POINT ( 'NONE',  ( 95.38238832885292595, -70.70781648222953208, 26.01982739237281095 ) ) ;
#1804 = CARTESIAN_POINT ( 'NONE',  ( 90.66959800960819393, -73.31248534902036340, 30.50000000000008171 ) ) ;
#1805 = SURFACE_SIDE_STYLE ('',( #684 ) ) ;
#1806 = MECHANICAL_DESIGN_GEOMETRIC_PRESENTATION_REPRESENTATION (  '', ( #1170 ), #2461 ) ;
#1807 = CARTESIAN_POINT ( 'NONE',  ( 95.21558970245328624, -73.16733621832709389, 26.19401251635181538 ) ) ;
#1808 = ORIENTED_EDGE ( 'NONE', *, *, #1492, .F. ) ;
#1809 = DIRECTION ( 'NONE',  ( -0.3321435165048132188, 0.9432288611168643255, 0.000000000000000000 ) ) ;
#1810 = SURFACE_STYLE_FILL_AREA ( #2366 ) ;
#1811 = CARTESIAN_POINT ( 'NONE',  ( 116.2395952732918118, -36.48800606768502064, 18.50000000000022382 ) ) ;
#1812 = ORIENTED_EDGE ( 'NONE', *, *, #83, .F. ) ;
#1813 = FACE_OUTER_BOUND ( 'NONE', #1184, .T. ) ;
#1814 = ORIENTED_EDGE ( 'NONE', *, *, #1298, .F. ) ;
#1815 =( GEOMETRIC_REPRESENTATION_CONTEXT ( 3 ) GLOBAL_UNCERTAINTY_ASSIGNED_CONTEXT ( ( #1358 ) ) GLOBAL_UNIT_ASSIGNED_CONTEXT ( ( #2787, #807, #3577 ) ) REPRESENTATION_CONTEXT ( 'NONE', 'WORKASPACE' ) );
#1816 = CARTESIAN_POINT ( 'NONE',  ( 92.48572089086627557, -74.79159814835408326, 26.07327639483289161 ) ) ;
#1817 = CARTESIAN_POINT ( 'NONE',  ( 67.75341160210386704, -58.10750888260876224, 18.49999999999996447 ) ) ;
#1818 = DIRECTION ( 'NONE',  ( 0.4804171697247110462, 0.1385616939622889010, -0.8660254037844381525 ) ) ;
#1819 = CARTESIAN_POINT ( 'NONE',  ( 93.69362568889063425, -126.7920368666316193, 26.23205080756873997 ) ) ;
#1820 = CARTESIAN_POINT ( 'NONE',  ( 103.2790984090790829, -80.16135436700132288, 19.49999999999985079 ) ) ;
#1821 = UNCERTAINTY_MEASURE_WITH_UNIT (LENGTH_MEASURE( 1.000000000000000082E-05 ), #1199, 'distance_accuracy_value', 'NONE');
#1822 = EDGE_CURVE ( 'NONE', #230, #1943, #428, .T. ) ;
#1823 = ADVANCED_FACE ( 'NONE', ( #2375, #2121 ), #1928, .F. ) ;
#1824 = CARTESIAN_POINT ( 'NONE',  ( 97.07097577282596035, -155.6011440195647140, 5.368072866838380364 ) ) ;
#1825 = CARTESIAN_POINT ( 'NONE',  ( 96.42997073470212399, -129.1251079263496990, 29.49999999999963762 ) ) ;
#1826 = FACE_OUTER_BOUND ( 'NONE', #145, .T. ) ;
#1827 = DIRECTION ( 'NONE',  ( 0.5391194148987029644, -0.8422293372231106634, 1.721527629989787824E-15 ) ) ;
#1828 = EDGE_LOOP ( 'NONE', ( #3392, #1795, #389 ) ) ;
#1829 = SURFACE_STYLE_FILL_AREA ( #2387 ) ;
#1830 = CARTESIAN_POINT ( 'NONE',  ( 103.1991101937627064, -39.31393060754709978, 18.49999999999995381 ) ) ;
#1831 = ORIENTED_EDGE ( 'NONE', *, *, #691, .T. ) ;
#1832 = ADVANCED_FACE ( 'NONE', ( #3240 ), #2134, .F. ) ;
#1833 = CARTESIAN_POINT ( 'NONE',  ( 98.06289597545671199, -81.46320427055469793, 30.50000000000021316 ) ) ;
#1834 = COLOUR_RGB ( '',0.2509803921568627416, 0.2509803921568627416, 0.2509803921568627416 ) ;
#1835 = DIRECTION ( 'NONE',  ( -0.6399042914482061528, -0.7684546166080136187, 8.509738019590592498E-16 ) ) ;
#1836 = FACE_OUTER_BOUND ( 'NONE', #2738, .T. ) ;
#1837 = DIRECTION ( 'NONE',  ( 0.2771233879245773579, -0.9608343394494204270, 0.000000000000000000 ) ) ;
#1838 = STYLED_ITEM ( 'NONE', ( #3658 ), #1997 ) ;
#1839 = PRESENTATION_STYLE_ASSIGNMENT (( #1789 ) ) ;
#1840 = ORIENTED_EDGE ( 'NONE', *, *, #2769, .T. ) ;
#1841 = CARTESIAN_POINT ( 'NONE',  ( 102.5252980040407067, -76.61425691299561436, 29.93472123562421316 ) ) ;
#1842 = FILL_AREA_STYLE_COLOUR ( '', #2258 ) ;
#1843 = SURFACE_STYLE_USAGE ( .BOTH. , #1862 ) ;
#1844 = FILL_AREA_STYLE_COLOUR ( '', #3118 ) ;
#1845 = EDGE_LOOP ( 'NONE', ( #248, #439, #1903, #285, #3129, #1100, #3039, #2364 ) ) ;
#1846 = CARTESIAN_POINT ( 'NONE',  ( 100.8928091953631423, -36.56124042497072679, 18.50000000000023093 ) ) ;
#1847 = DIRECTION ( 'NONE',  ( 0.000000000000000000, -1.619705569875463962E-15, -1.000000000000000000 ) ) ;
#1848 = CARTESIAN_POINT ( 'NONE',  ( 118.9372492050599988, -12.96168684384828929, 18.49999999999996803 ) ) ;
#1849 = EDGE_LOOP ( 'NONE', ( #2247, #2808, #2334, #3502 ) ) ;
#1850 = CARTESIAN_POINT ( 'NONE',  ( 103.2552023107991630, -82.63149550843165514, 19.49999999999951683 ) ) ;
#1851 = CARTESIAN_POINT ( 'NONE',  ( 92.59533607529779431, -77.42114016948731603, 26.01861226316811226 ) ) ;
#1852 = DIRECTION ( 'NONE',  ( -6.211436267236830770E-16, 1.619705569875463962E-15, 1.000000000000000000 ) ) ;
#1853 = CARTESIAN_POINT ( 'NONE',  ( 89.55252400848382877, -137.0269370059130836, 26.14904260102646205 ) ) ;
#1854 = UNCERTAINTY_MEASURE_WITH_UNIT (LENGTH_MEASURE( 1.000000000000000082E-05 ), #2388, 'distance_accuracy_value', 'NONE');
#1855 = VECTOR ( 'NONE', #2770, 1000.000000000000114 ) ;
#1856 = AXIS2_PLACEMENT_3D ( 'NONE', #775, #2163, #239 ) ;
#1857 = DIRECTION ( 'NONE',  ( -0.5947417580807194959, -0.8039168123599949034, 0.000000000000000000 ) ) ;
#1858 = LINE ( 'NONE', #2994, #2592 ) ;
#1859 = ORIENTED_EDGE ( 'NONE', *, *, #1566, .F. ) ;
#1860 = VECTOR ( 'NONE', #3136, 1000.000000000000000 ) ;
#1861 = CARTESIAN_POINT ( 'NONE',  ( 105.0948894753213665, -8.343493181003282189, 18.49999999999989697 ) ) ;
#1862 = SURFACE_SIDE_STYLE ('',( #2679 ) ) ;
#1863 = CARTESIAN_POINT ( 'NONE',  ( 111.3589159339201160, -7.690885333449387851, 18.49999999999996092 ) ) ;
#1864 = VERTEX_POINT ( 'NONE', #1315 ) ;
#1865 = EDGE_CURVE ( 'NONE', #2382, #826, #1245, .T. ) ;
#1866 = ADVANCED_FACE ( 'NONE', ( #173, #1512 ), #1382, .F. ) ;
#1867 = CARTESIAN_POINT ( 'NONE',  ( 87.78842374080780075, -73.54089883529360350, 30.50000000000001421 ) ) ;
#1868 = EDGE_LOOP ( 'NONE', ( #407, #358, #2628, #1058 ) ) ;
#1869 = CARTESIAN_POINT ( 'NONE',  ( 101.8174444561965117, -78.63262480246586961, 19.43461146493779523 ) ) ;
#1870 = ORIENTED_EDGE ( 'NONE', *, *, #1993, .T. ) ;
#1871 = SURFACE_STYLE_USAGE ( .BOTH. , #2151 ) ;
#1872 = CARTESIAN_POINT ( 'NONE',  ( 95.07597583404204045, -79.32048189461079346, 18.50000000000007816 ) ) ;
#1873 = STYLED_ITEM ( 'NONE', ( #2962 ), #1402 ) ;
#1874 = CARTESIAN_POINT ( 'NONE',  ( 91.54480308682543921, -76.59861357320873765, 22.79508822242306820 ) ) ;
#1875 = EDGE_CURVE ( 'NONE', #1630, #2106, #1577, .T. ) ;
#1876 = SURFACE_STYLE_USAGE ( .BOTH. , #177 ) ;
#1877 = FACE_OUTER_BOUND ( 'NONE', #1407, .T. ) ;
#1878 = CARTESIAN_POINT ( 'NONE',  ( 87.92861965219397291, -128.4547771941790870, 22.76794919243096871 ) ) ;
#1879 = CARTESIAN_POINT ( 'NONE',  ( 119.4762382952300754, -18.71635921571992256, 18.49999999999996092 ) ) ;
#1880 = DIRECTION ( 'NONE',  ( 0.1497831270185397412, -0.9887188755457985145, 0.000000000000000000 ) ) ;
#1881 = ADVANCED_FACE ( 'NONE', ( #3004 ), #119, .T. ) ;
#1882 = CARTESIAN_POINT ( 'NONE',  ( 98.04567565433366383, -34.46320343559615651, 30.50000000000023448 ) ) ;
#1883 = ORIENTED_EDGE ( 'NONE', *, *, #2591, .F. ) ;
#1884 = DIRECTION ( 'NONE',  ( -0.1497831270185397134, 0.9887188755457984035, 0.000000000000000000 ) ) ;
#1885 = B_SPLINE_CURVE_WITH_KNOTS ( 'NONE', 3,
 ( #893, #860, #3442, #3425, #3406, #3111, #2244, #1717, #3093, #1974, #1957, #2012, #3073, #6, #39, #1681, #578, #828, #3149, #2851, #311, #879, #261, #3367, #1127, #2792, #559, #3387, #1432, #1701 ),
 .UNSPECIFIED., .F., .F.,
 ( 4, 2, 2, 2, 2, 2, 2, 2, 2, 2, 2, 2, 2, 2, 4 ),
 ( 6.397344083151129036E-17, 0.0003420377620799551358, 0.0006840755241598463036, 0.001026113286239737363, 0.001368151048319628639, 0.002052226572479384954, 0.002736302096639141920, 0.003078339858719035798, 0.003420377620798930977, 0.003762415382878825289, 0.004104453144958719601, 0.004446490907038615215, 0.004788528669118509960, 0.005130566431198404706, 0.005472604193278299452 ),
 .UNSPECIFIED. ) ;
#1886 = DIRECTION ( 'NONE',  ( 0.5947417580807193849, 0.8039168123599949034, 0.000000000000000000 ) ) ;
#1887 = CARTESIAN_POINT ( 'NONE',  ( 100.6246689245879935, -38.63232385745404684, 18.50000000000021672 ) ) ;
#1888 = ORIENTED_EDGE ( 'NONE', *, *, #3121, .T. ) ;
#1889 = CARTESIAN_POINT ( 'NONE',  ( 102.9685610835455236, -76.98705594954854803, 29.17408773453387738 ) ) ;
#1890 = VERTEX_POINT ( 'NONE', #543 ) ;
#1891 = CARTESIAN_POINT ( 'NONE',  ( 85.10823542438880907, 5.551115123125782702E-14, 30.50000000000014566 ) ) ;
#1892 = FILL_AREA_STYLE_COLOUR ( '', #1638 ) ;
#1893 = CARTESIAN_POINT ( 'NONE',  ( 89.59292893253673640, -74.60544639630791153, 18.50000000000046185 ) ) ;
#1894 = CARTESIAN_POINT ( 'NONE',  ( 126.5724439698035440, -39.04542563335347438, 18.49999999999999645 ) ) ;
#1895 = VERTEX_POINT ( 'NONE', #2764 ) ;
#1896 = CARTESIAN_POINT ( 'NONE',  ( 114.3099020801079462, -34.86461452627618485, 18.49999999999996092 ) ) ;
#1897 = CARTESIAN_POINT ( 'NONE',  ( 90.81112267054282938, -127.6234070304053461, 21.03589838486213992 ) ) ;
#1898 = LINE ( 'NONE', #1380, #3538 ) ;
#1899 = AXIS2_PLACEMENT_3D ( 'NONE', #2990, #3011, #1599 ) ;
#1900 = CARTESIAN_POINT ( 'NONE',  ( 65.26975983289248973, -46.88687764771047739, 18.49999999999996803 ) ) ;
#1901 = FACE_OUTER_BOUND ( 'NONE', #2465, .T. ) ;
#1902 = CARTESIAN_POINT ( 'NONE',  ( 102.2421874995147562, -76.37709447315876332, 19.56685563310748677 ) ) ;
#1903 = ORIENTED_EDGE ( 'NONE', *, *, #1781, .F. ) ;
#1904 = CARTESIAN_POINT ( 'NONE',  ( 116.9549044040261521, -15.09962761763143213, 30.50000000000008527 ) ) ;
#1905 = ORIENTED_EDGE ( 'NONE', *, *, #2973, .F. ) ;
#1906 = PRESENTATION_STYLE_ASSIGNMENT (( #1871 ) ) ;
#1907 = LINE ( 'NONE', #1333, #271 ) ;
#1908 = CARTESIAN_POINT ( 'NONE',  ( 92.26649854572583820, -134.5929715458034650, 24.50000000000007816 ) ) ;
#1909 = CYLINDRICAL_SURFACE ( 'NONE', #31, 1.749999999999979794 ) ;
#1910 = CARTESIAN_POINT ( 'NONE',  ( 72.45885238395706551, -137.0879691047654774, 29.49999999999963762 ) ) ;
#1911 = EDGE_CURVE ( 'NONE', #3320, #2694, #1419, .T. ) ;
#1912 = VECTOR ( 'NONE', #1921, 1000.000000000000114 ) ;
#1913 = EDGE_CURVE ( 'NONE', #2700, #1864, #2538, .T. ) ;
#1914 = VECTOR ( 'NONE', #765, 1000.000000000000000 ) ;
#1915 = PRESENTATION_LAYER_ASSIGNMENT (  '', '', ( #570 ) ) ;
#1916 = CARTESIAN_POINT ( 'NONE',  ( 108.9701030623147489, -36.63178284268424534, 18.50000000000024514 ) ) ;
#1917 = SURFACE_SIDE_STYLE ('',( #2812 ) ) ;
#1918 = COLOUR_RGB ( '',0.7529411764705882248, 0.7529411764705882248, 0.7529411764705882248 ) ;
#1919 = FILL_AREA_STYLE_COLOUR ( '', #2760 ) ;
#1920 = APPLICATION_CONTEXT ( 'automotive_design' ) ;
#1921 = DIRECTION ( 'NONE',  ( -0.1497831270185359387, 0.9887188755457989586, -3.397234079277620978E-15 ) ) ;
#1922 =( GEOMETRIC_REPRESENTATION_CONTEXT ( 3 ) GLOBAL_UNCERTAINTY_ASSIGNED_CONTEXT ( ( #572 ) ) GLOBAL_UNIT_ASSIGNED_CONTEXT ( ( #2035, #2896, #1217 ) ) REPRESENTATION_CONTEXT ( 'NONE', 'WORKASPACE' ) );
#1923 = FILL_AREA_STYLE_COLOUR ( '', #2826 ) ;
#1924 = ORIENTED_EDGE ( 'NONE', *, *, #2769, .F. ) ;
#1925 = PRESENTATION_STYLE_ASSIGNMENT (( #2739 ) ) ;
#1926 = ORIENTED_EDGE ( 'NONE', *, *, #3440, .T. ) ;
#1927 = CARTESIAN_POINT ( 'NONE',  ( 93.00246859855596426, -77.73529136287895369, 25.56767190355196462 ) ) ;
#1928 = B_SPLINE_SURFACE_WITH_KNOTS ( 'NONE', 9, 1, ( 
 ( #3572, #3301 ),
 ( #1799, #983 ),
 ( #1561, #703 ),
 ( #2988, #1278 ),
 ( #1040, #1261 ),
 ( #3219, #2934 ),
 ( #2689, #3517 ),
 ( #962, #2098 ),
 ( #1817, #743 ),
 ( #158, #2951 ) ),
 .UNSPECIFIED., .F., .F., .F.,
 ( 10, 10 ),
 ( 2, 2 ),
 ( 0.004112877059027968303, 1.000000000000000000 ),
 ( 0.000000000000000000, 1.000000000000000000 ),
 .UNSPECIFIED. ) ;
#1929 =( NAMED_UNIT ( * ) PLANE_ANGLE_UNIT ( ) SI_UNIT ( $, .RADIAN. ) );
#1930 = EDGE_CURVE ( 'NONE', #1570, #1890, #7, .T. ) ;
#1931 = LINE ( 'NONE', #2800, #925 ) ;
#1932 =( NAMED_UNIT ( * ) SI_UNIT ( $, .STERADIAN. ) SOLID_ANGLE_UNIT ( ) );
#1933 = SURFACE_STYLE_FILL_AREA ( #3626 ) ;
#1934 = CARTESIAN_POINT ( 'NONE',  ( 111.6051885039519362, -36.02654818271974335, 30.49999999999995737 ) ) ;
#1935 = CARTESIAN_POINT ( 'NONE',  ( 89.38978525984583712, -74.84939958618370781, 30.49999999999986144 ) ) ;
#1936 = CIRCLE ( 'NONE', #2287, 1.749999999999994671 ) ;
#1937 = LINE ( 'NONE', #2548, #1457 ) ;
#1938 = EDGE_CURVE ( 'NONE', #2284, #58, #734, .T. ) ;
#1939 = LINE ( 'NONE', #3069, #2993 ) ;
#1940 = LINE ( 'NONE', #3330, #764 ) ;
#1941 = DIRECTION ( 'NONE',  ( -0.9608343394522419478, -0.2771233879147950718, 0.000000000000000000 ) ) ;
#1942 = DIRECTION ( 'NONE',  ( -0.9608343394494208711, -0.2771233879245759146, 0.000000000000000000 ) ) ;
#1943 = VERTEX_POINT ( 'NONE', #3020 ) ;
#1944 = CARTESIAN_POINT ( 'NONE',  ( 116.5472208553410098, -33.33887755616850512, 30.50000000000011369 ) ) ;
#1945 = VERTEX_POINT ( 'NONE', #3635 ) ;
#1946 = EDGE_CURVE ( 'NONE', #762, #3532, #862, .T. ) ;
#1947 = DIRECTION ( 'NONE',  ( -6.211436267236830770E-16, 1.619705569875463962E-15, 1.000000000000000000 ) ) ;
#1948 = CARTESIAN_POINT ( 'NONE',  ( 100.6246689245879651, -38.63232385745402553, 30.50000000000018829 ) ) ;
#1949 = CARTESIAN_POINT ( 'NONE',  ( 103.1293865606332787, -36.79239862874159428, 30.49999999999997868 ) ) ;
#1950 = DIRECTION ( 'NONE',  ( -1.000000000000000000, -2.148630978038478961E-13, 0.000000000000000000 ) ) ;
#1951 = CARTESIAN_POINT ( 'NONE',  ( 92.66083312904717673, -136.5560526409704494, 21.03589838486236019 ) ) ;
#1952 = ORIENTED_EDGE ( 'NONE', *, *, #2263, .T. ) ;
#1953 = CARTESIAN_POINT ( 'NONE',  ( 79.79696366515679529, -135.9763030070576804, 19.49999999999985079 ) ) ;
#1954 = CARTESIAN_POINT ( 'NONE',  ( 91.44850646276887574, -129.8333260111390075, 27.96410161513757231 ) ) ;
#1955 = PRODUCT_CONTEXT ( 'NONE', #3262, 'mechanical' ) ;
#1956 = MECHANICAL_DESIGN_GEOMETRIC_PRESENTATION_REPRESENTATION (  '', ( #482 ), #304 ) ;
#1957 = CARTESIAN_POINT ( 'NONE',  ( 92.40309841868867125, -74.72585386291616771, 22.97052864530647298 ) ) ;
#1958 = STYLED_ITEM ( 'NONE', ( #1236 ), #2062 ) ;
#1959 = PRESENTATION_STYLE_ASSIGNMENT (( #894 ) ) ;
#1960 =( LENGTH_UNIT ( ) NAMED_UNIT ( * ) SI_UNIT ( .MILLI., .METRE. ) );
#1961 = EDGE_LOOP ( 'NONE', ( #2221, #1370, #2391, #2471 ) ) ;
#1962 =( LENGTH_UNIT ( ) NAMED_UNIT ( * ) SI_UNIT ( .MILLI., .METRE. ) );
#1963 = VERTEX_POINT ( 'NONE', #1129 ) ;
#1964 = AXIS2_PLACEMENT_3D ( 'NONE', #3162, #3645, #289 ) ;
#1965 = SURFACE_STYLE_FILL_AREA ( #3045 ) ;
#1966 = CARTESIAN_POINT ( 'NONE',  ( 123.4264543458774313, -27.88995987435479051, 30.50000000000042988 ) ) ;
#1967 = CARTESIAN_POINT ( 'NONE',  ( 100.4582926939284562, -83.42686931751643442, 28.50000000000008171 ) ) ;
#1968 = CARTESIAN_POINT ( 'NONE',  ( 92.71584792678146414, -137.5591281724409214, 24.50000000000007816 ) ) ;
#1969 = CARTESIAN_POINT ( 'NONE',  ( 88.36099780451596075, -134.6075113802172325, 19.49999999999963052 ) ) ;
#1970 = CARTESIAN_POINT ( 'NONE',  ( 93.79341512890543697, -71.98722843958138640, 23.43261962981945956 ) ) ;
#1971 = FACE_OUTER_BOUND ( 'NONE', #2568, .T. ) ;
#1972 = COLOUR_RGB ( '',0.7529411764705882248, 0.7529411764705882248, 0.7529411764705882248 ) ;
#1973 = STYLED_ITEM ( 'NONE', ( #3065 ), #802 ) ;
#1974 = CARTESIAN_POINT ( 'NONE',  ( 92.25058797004929545, -74.60374546496585424, 23.10086369840600895 ) ) ;
#1975 = PRESENTATION_LAYER_ASSIGNMENT (  '', '', ( #1513 ) ) ;
#1976 =( GEOMETRIC_REPRESENTATION_CONTEXT ( 3 ) GLOBAL_UNCERTAINTY_ASSIGNED_CONTEXT ( ( #3647 ) ) GLOBAL_UNIT_ASSIGNED_CONTEXT ( ( #3521, #949, #3287 ) ) REPRESENTATION_CONTEXT ( 'NONE', 'WORKASPACE' ) );
#1977 = CARTESIAN_POINT ( 'NONE',  ( 92.17173021644200048, -134.6073282017282224, 27.96410161513784942 ) ) ;
#1978 = VERTEX_POINT ( 'NONE', #244 ) ;
#1979 = VERTEX_POINT ( 'NONE', #3333 ) ;
#1980 = EDGE_CURVE ( 'NONE', #446, #3334, #229, .T. ) ;
#1981 = DIRECTION ( 'NONE',  ( -6.211436267236830770E-16, 1.619705569875463962E-15, 1.000000000000000000 ) ) ;
#1982 = CARTESIAN_POINT ( 'NONE',  ( 94.88717752531073302, -70.29502387036293953, 23.62288418322351902 ) ) ;
#1983 = AXIS2_PLACEMENT_3D ( 'NONE', #2447, #945, #2066 ) ;
#1984 = CARTESIAN_POINT ( 'NONE',  ( 88.45725078945315545, -135.1700425966701005, 24.50000000000007816 ) ) ;
#1985 = AXIS2_PLACEMENT_3D ( 'NONE', #3386, #1365, #240 ) ;
#1986 = EDGE_CURVE ( 'NONE', #1895, #410, #549, .T. ) ;
#1987 = CARTESIAN_POINT ( 'NONE',  ( 95.46546562229733013, -8.341983978388492815, 30.49999999999992895 ) ) ;
#1988 = DIRECTION ( 'NONE',  ( 0.9887188755457982925, 0.1497831270185405461, 0.000000000000000000 ) ) ;
#1989 = CARTESIAN_POINT ( 'NONE',  ( 111.2618478616258102, -88.09048286779213299, 19.49999999999985079 ) ) ;
#1990 = CARTESIAN_POINT ( 'NONE',  ( 95.21547685141192119, -73.16724306338335282, 22.80592290810122336 ) ) ;
#1991 = CIRCLE ( 'NONE', #163, 1.743370209773072776 ) ;
#1992 =( NAMED_UNIT ( * ) PLANE_ANGLE_UNIT ( ) SI_UNIT ( $, .RADIAN. ) );
#1993 = EDGE_CURVE ( 'NONE', #77, #3127, #251, .T. ) ;
#1994 =( GEOMETRIC_REPRESENTATION_CONTEXT ( 3 ) GLOBAL_UNCERTAINTY_ASSIGNED_CONTEXT ( ( #1317 ) ) GLOBAL_UNIT_ASSIGNED_CONTEXT ( ( #3008, #1371, #3042 ) ) REPRESENTATION_CONTEXT ( 'NONE', 'WORKASPACE' ) );
#1995 = ORIENTED_EDGE ( 'NONE', *, *, #3432, .T. ) ;
#1996 = CARTESIAN_POINT ( 'NONE',  ( 95.18527100772126914, -134.1508004927102888, 26.31505901411146198 ) ) ;
#1997 = ADVANCED_FACE ( 'NONE', ( #1662 ), #1368, .F. ) ;
#1998 = CARTESIAN_POINT ( 'NONE',  ( 84.05169538813581198, -135.3317446418287489, 19.50000000000007105 ) ) ;
#1999 = LINE ( 'NONE', #1719, #1089 ) ;
#2000 = ORIENTED_EDGE ( 'NONE', *, *, #1501, .T. ) ;
#2001 = CARTESIAN_POINT ( 'NONE',  ( 81.06265455025476285, -60.40214506729316923, 30.49999999999991829 ) ) ;
#2002 = ORIENTED_EDGE ( 'NONE', *, *, #3440, .F. ) ;
#2003 = FILL_AREA_STYLE_COLOUR ( '', #1918 ) ;
#2004 = CARTESIAN_POINT ( 'NONE',  ( 96.87998426350456782, -71.94797556206178513, 23.10784590446893461 ) ) ;
#2005 = LINE ( 'NONE', #2044, #2261 ) ;
#2006 = CARTESIAN_POINT ( 'NONE',  ( 104.7752953671158593, -36.89132571271643002, 30.49999999999997868 ) ) ;
#2007 = CARTESIAN_POINT ( 'NONE',  ( 89.64729233776731121, -137.0125803499884114, 22.68494098588869079 ) ) ;
#2008 = SURFACE_STYLE_USAGE ( .BOTH. , #1713 ) ;
#2009 = ORIENTED_EDGE ( 'NONE', *, *, #1723, .T. ) ;
#2010 = CARTESIAN_POINT ( 'NONE',  ( 79.56204210081860140, -133.9901479631074608, 19.49999999999985079 ) ) ;
#2011 = ORIENTED_EDGE ( 'NONE', *, *, #130, .F. ) ;
#2012 = CARTESIAN_POINT ( 'NONE',  ( 92.73281013771011771, -74.98820690593112204, 22.79604878999145967 ) ) ;
#2013 = ORIENTED_EDGE ( 'NONE', *, *, #3536, .F. ) ;
#2014 = CARTESIAN_POINT ( 'NONE',  ( 78.75011020906271142, -17.37708070215248668, 30.49999999999977973 ) ) ;
#2015 = VERTEX_POINT ( 'NONE', #371 ) ;
#2016 = STYLED_ITEM ( 'NONE', ( #2873 ), #2097 ) ;
#2017 = DIRECTION ( 'NONE',  ( 0.5947417580807193849, 0.8039168123599949034, 0.000000000000000000 ) ) ;
#2018 = CARTESIAN_POINT ( 'NONE',  ( 103.2790984090785997, -80.16135436700130867, 28.49999999999985789 ) ) ;
#2019 = EDGE_LOOP ( 'NONE', ( #1000, #1026, #3336, #1733, #469, #2242, #2307, #2232 ) ) ;
#2020 = CARTESIAN_POINT ( 'NONE',  ( 104.5285972777639358, -81.08574000299762474, 19.49999999999985079 ) ) ;
#2021 = PRESENTATION_LAYER_ASSIGNMENT (  '', '', ( #3627 ) ) ;
#2022 = CARTESIAN_POINT ( 'NONE',  ( 102.4603347502043960, -130.1746732569347671, 29.49999999999985789 ) ) ;
#2023 = DIRECTION ( 'NONE',  ( -0.8321069467916378803, -0.2399958939254935031, 0.5000000000000016653 ) ) ;
#2024 = CARTESIAN_POINT ( 'NONE',  ( 102.4603347502043960, -130.1746732569347671, 29.49999999999985789 ) ) ;
#2025 = PLANE ( 'NONE',  #3172 ) ;
#2026 = EDGE_CURVE ( 'NONE', #1945, #2666, #2057, .T. ) ;
#2027 = DIRECTION ( 'NONE',  ( 0.000000000000000000, 0.000000000000000000, 1.000000000000000000 ) ) ;
#2028 = EDGE_LOOP ( 'NONE', ( #1870, #2428 ) ) ;
#2029 = CARTESIAN_POINT ( 'NONE',  ( 91.45315156843282978, -129.8319862719498303, 24.49999999999980105 ) ) ;
#2030 = ORIENTED_EDGE ( 'NONE', *, *, #1197, .T. ) ;
#2031 = CARTESIAN_POINT ( 'NONE',  ( 95.57960559104205345, -136.1138815878771879, 22.85095739897374756 ) ) ;
#2032 = ORIENTED_EDGE ( 'NONE', *, *, #222, .F. ) ;
#2033 = MECHANICAL_DESIGN_GEOMETRIC_PRESENTATION_REPRESENTATION (  '', ( #567 ), #3043 ) ;
#2034 = STYLED_ITEM ( 'NONE', ( #965 ), #800 ) ;
#2035 =( LENGTH_UNIT ( ) NAMED_UNIT ( * ) SI_UNIT ( .MILLI., .METRE. ) );
#2036 = ORIENTED_EDGE ( 'NONE', *, *, #648, .F. ) ;
#2037 = DIRECTION ( 'NONE',  ( 0.000000000000000000, 0.000000000000000000, 1.000000000000000000 ) ) ;
#2038 = COLOUR_RGB ( '',0.7529411764705882248, 0.7529411764705882248, 0.7529411764705882248 ) ;
#2039 = CIRCLE ( 'NONE', #3479, 3.885725908644508397 ) ;
#2040 = CARTESIAN_POINT ( 'NONE',  ( 101.6335523362863853, -78.47748080666782755, 28.98753225328139749 ) ) ;
#2041 = ORIENTED_EDGE ( 'NONE', *, *, #1118, .T. ) ;
#2042 = ORIENTED_EDGE ( 'NONE', *, *, #2214, .T. ) ;
#2043 = VECTOR ( 'NONE', #1706, 1000.000000000000000 ) ;
#2044 = CARTESIAN_POINT ( 'NONE',  ( 100.8752188049194558, -34.46320343559614940, 18.50000000000023093 ) ) ;
#2045 = UNCERTAINTY_MEASURE_WITH_UNIT (LENGTH_MEASURE( 1.000000000000000082E-05 ), #403, 'distance_accuracy_value', 'NONE');
#2046 = EDGE_CURVE ( 'NONE', #762, #1238, #2573, .T. ) ;
#2047 =( GEOMETRIC_REPRESENTATION_CONTEXT ( 3 ) GLOBAL_UNCERTAINTY_ASSIGNED_CONTEXT ( ( #837 ) ) GLOBAL_UNIT_ASSIGNED_CONTEXT ( ( #2831, #19, #519 ) ) REPRESENTATION_CONTEXT ( 'NONE', 'WORKASPACE' ) );
#2048 = CARTESIAN_POINT ( 'NONE',  ( 96.95000769763358051, -72.00573443121542994, 25.81778298958805706 ) ) ;
#2049 = CARTESIAN_POINT ( 'NONE',  ( 87.92861965219397291, -128.4547771941790870, 22.76794919243096871 ) ) ;
#2050 = FILL_AREA_STYLE_COLOUR ( '', #1281 ) ;
#2051 = CARTESIAN_POINT ( 'NONE',  ( 96.20820207181749595, -73.98600454803828086, 24.26961531089775193 ) ) ;
#2052 = UNCERTAINTY_MEASURE_WITH_UNIT (LENGTH_MEASURE( 1.000000000000000082E-05 ), #3551, 'distance_accuracy_value', 'NONE');
#2053 = ORIENTED_EDGE ( 'NONE', *, *, #1930, .F. ) ;
#2054 = EDGE_CURVE ( 'NONE', #1630, #1696, #1999, .T. ) ;
#2055 = DIRECTION ( 'NONE',  ( -0.2771233879245773579, 0.9608343394494205381, 0.000000000000000000 ) ) ;
#2056 = DIRECTION ( 'NONE',  ( 0.9608343394494208711, 0.2771233879245759146, 0.000000000000000000 ) ) ;
#2057 = LINE ( 'NONE', #1977, #1210 ) ;
#2058 = PLANE ( 'NONE',  #2105 ) ;
#2059 = ORIENTED_EDGE ( 'NONE', *, *, #1410, .T. ) ;
#2060 = DIRECTION ( 'NONE',  ( 0.000000000000000000, -1.000000000000000000, 1.619705569875463962E-15 ) ) ;
#2061 = EDGE_LOOP ( 'NONE', ( #1489, #2734, #2241, #1325 ) ) ;
#2062 = MANIFOLD_SOLID_BREP ( 'Cut-Extrude18[2]', #2273 ) ;
#2063 = FILL_AREA_STYLE_COLOUR ( '', #3154 ) ;
#2064 = EDGE_CURVE ( 'NONE', #43, #2113, #94, .T. ) ;
#2065 = CARTESIAN_POINT ( 'NONE',  ( 88.36099780451596075, -134.6075113802172325, 29.49999999999963762 ) ) ;
#2066 = DIRECTION ( 'NONE',  ( 0.9887188755457982925, 0.1497831270185405461, 0.000000000000000000 ) ) ;
#2067 = CARTESIAN_POINT ( 'NONE',  ( 101.0923931230270796, -78.02281739514687331, 29.69637989675725720 ) ) ;
#2068 = CARTESIAN_POINT ( 'NONE',  ( 94.51359524696673020, -72.58622041895299049, 26.20498810176310656 ) ) ;
#2069 = EDGE_CURVE ( 'NONE', #2482, #659, #2613, .T. ) ;
#2070 = ORIENTED_EDGE ( 'NONE', *, *, #2528, .F. ) ;
#2071 =( NAMED_UNIT ( * ) SI_UNIT ( $, .STERADIAN. ) SOLID_ANGLE_UNIT ( ) );
#2072 = DIRECTION ( 'NONE',  ( 0.6536979505629421094, 0.7567555678221397075, -8.228905541757855487E-16 ) ) ;
#2073 = CARTESIAN_POINT ( 'NONE',  ( 105.0874037094733779, -81.46320344612172448, 30.50000000000001776 ) ) ;
#2074 = EDGE_LOOP ( 'NONE', ( #125, #1509, #3217, #736, #333, #2788, #120, #564, #1251 ) ) ;
#2075 = DIRECTION ( 'NONE',  ( -0.8039168123599899074, 0.5947417580807259352, 0.000000000000000000 ) ) ;
#2076 = ORIENTED_EDGE ( 'NONE', *, *, #2528, .T. ) ;
#2078 = DIRECTION ( 'NONE',  ( 0.000000000000000000, 0.000000000000000000, 1.000000000000000000 ) ) ;
#2077 = AXIS2_PLACEMENT_3D ( 'NONE', #404, #3194, #731 ) ;
#2079 =( NAMED_UNIT ( * ) SI_UNIT ( $, .STERADIAN. ) SOLID_ANGLE_UNIT ( ) );
#2080 = B_SPLINE_CURVE_WITH_KNOTS ( 'NONE', 3,
 ( #364, #2534, #5, #3405, #3110, #709, #90, #2974, #3506, #2662, #1807, #3266, #2125, #2622, #2068, #686, #1009, #668, #3542, #969, #726, #2417, #2939, #402 ),
 .UNSPECIFIED., .F., .F.,
 ( 4, 2, 2, 2, 2, 2, 2, 2, 2, 2, 2, 4 ),
 ( 0.005475494385179610450, 0.006159776791499855728, 0.006844059197820101005, 0.007186200400980224078, 0.007528341604140346283, 0.007870482807300469355, 0.008212624010460592427, 0.008896906416780838572, 0.009239047619940946032, 0.009581188823101053492, 0.01026547122942128056, 0.01094975363574150762 ),
 .UNSPECIFIED. ) ;
#2081 = CARTESIAN_POINT ( 'NONE',  ( 96.79408739628736669, -130.1591348673016455, 19.49999999999957367 ) ) ;
#2082 = CARTESIAN_POINT ( 'NONE',  ( 83.34967531246874728, -132.8977205750214239, 29.49999999999985789 ) ) ;
#2083 = DIRECTION ( 'NONE',  ( 0.8696014755922217843, 0.1317377785492767073, -0.4758554731751357125 ) ) ;
#2084 = UNCERTAINTY_MEASURE_WITH_UNIT (LENGTH_MEASURE( 1.000000000000000082E-05 ), #380, 'distance_accuracy_value', 'NONE');
#2085 = LINE ( 'NONE', #1824, #36 ) ;
#2086 = ORIENTED_EDGE ( 'NONE', *, *, #953, .F. ) ;
#2087 = CARTESIAN_POINT ( 'NONE',  ( 91.45315156843282978, -129.8319862719498303, 24.49999999999980105 ) ) ;
#2088 = LINE ( 'NONE', #113, #1436 ) ;
#2089 = FACE_OUTER_BOUND ( 'NONE', #3150, .T. ) ;
#2090 = ORIENTED_EDGE ( 'NONE', *, *, #1348, .T. ) ;
#2091 = CARTESIAN_POINT ( 'NONE',  ( 108.0584913842002663, -81.46320343559615651, 18.50000000000029488 ) ) ;
#2092 = CARTESIAN_POINT ( 'NONE',  ( 112.8663155788789965, -38.17371018110074488, 18.49999999999996803 ) ) ;
#2093 = ORIENTED_EDGE ( 'NONE', *, *, #3394, .F. ) ;
#2094 = AXIS2_PLACEMENT_3D ( 'NONE', #1967, #2219, #322 ) ;
#2095 = ADVANCED_FACE ( 'NONE', ( #3114 ), #2292, .T. ) ;
#2096 = CARTESIAN_POINT ( 'NONE',  ( 88.10823542438878064, -34.46320343559614230, 24.50000000000002132 ) ) ;
#2097 = ADVANCED_FACE ( 'NONE', ( #1183 ), #2835, .F. ) ;
#2098 = CARTESIAN_POINT ( 'NONE',  ( 57.95527828761505873, -42.42124635884263739, 30.50000000000040856 ) ) ;
#2099 = VECTOR ( 'NONE', #930, 1000.000000000000000 ) ;
#2100 = MECHANICAL_DESIGN_GEOMETRIC_PRESENTATION_REPRESENTATION (  '', ( #1113 ), #2872 ) ;
#2101 = DIRECTION ( 'NONE',  ( 1.000000000000000000, 1.041568215933692066E-30, 6.430602174281444362E-16 ) ) ;
#2102 = CARTESIAN_POINT ( 'NONE',  ( 88.60506202839437151, -134.5214764089040784, 25.87636261974812868 ) ) ;
#2103 = CARTESIAN_POINT ( 'NONE',  ( 85.10823542438883749, 2.775557561562891351E-14, 18.50000000000013500 ) ) ;
#2104 = DIRECTION ( 'NONE',  ( -4.163336342344333240E-14, 1.000000000000000000, 0.000000000000000000 ) ) ;
#2105 = AXIS2_PLACEMENT_3D ( 'NONE', #3213, #658, #1778 ) ;
#2106 = VERTEX_POINT ( 'NONE', #2716 ) ;
#2107 = CYLINDRICAL_SURFACE ( 'NONE', #1046, 3.885725908644508397 ) ;
#2108 = EDGE_CURVE ( 'NONE', #2386, #1473, #1289, .T. ) ;
#2109 = VECTOR ( 'NONE', #1103, 1000.000000000000000 ) ;
#2110 =( NAMED_UNIT ( * ) PLANE_ANGLE_UNIT ( ) SI_UNIT ( $, .RADIAN. ) );
#2111 = FILL_AREA_STYLE_COLOUR ( '', #1569 ) ;
#2112 = CARTESIAN_POINT ( 'NONE',  ( 92.66083312904717673, -136.5560526409704494, 21.03589838486236019 ) ) ;
#2113 = VERTEX_POINT ( 'NONE', #460 ) ;
#2114 = CARTESIAN_POINT ( 'NONE',  ( 88.10823542438878064, -38.46320343559614230, 26.25000000000001776 ) ) ;
#2115 = VECTOR ( 'NONE', #2184, 1000.000000000000114 ) ;
#2116 = DIRECTION ( 'NONE',  ( 0.4364007776731440580, 0.06611128272141322815, -0.8973202658712241542 ) ) ;
#2117 = CARTESIAN_POINT ( 'NONE',  ( 123.2459524084726326, -20.10840188772614212, 18.50000000000001776 ) ) ;
#2118 = VERTEX_POINT ( 'NONE', #1527 ) ;
#2119 = VECTOR ( 'NONE', #2476, 1000.000000000000114 ) ;
#2120 = DIRECTION ( 'NONE',  ( -0.8064306391508960781, 0.000000000000000000, -0.5913286939077767590 ) ) ;
#2121 = FACE_OUTER_BOUND ( 'NONE', #2019, .T. ) ;
#2122 = DIRECTION ( 'NONE',  ( -0.8064306391508960781, 0.000000000000000000, 0.5913286939077767590 ) ) ;
#2123 = CARTESIAN_POINT ( 'NONE',  ( 88.36673490028594813, -134.5725469378511718, 24.78091728325700061 ) ) ;
#2124 = CARTESIAN_POINT ( 'NONE',  ( 77.45021645771286956, -58.26024365436761343, 30.50000000000023448 ) ) ;
#2125 = CARTESIAN_POINT ( 'NONE',  ( 94.95545614269121870, -72.95223538705774047, 26.24991461482812838 ) ) ;
#2126 = CARTESIAN_POINT ( 'NONE',  ( 104.9281602543224068, -81.32112052320898954, 18.50000000000008527 ) ) ;
#2127 =( NAMED_UNIT ( * ) PLANE_ANGLE_UNIT ( ) SI_UNIT ( $, .RADIAN. ) );
#2128 = ORIENTED_EDGE ( 'NONE', *, *, #1348, .F. ) ;
#2129 = CARTESIAN_POINT ( 'NONE',  ( 110.9601325646696921, 0.4467092992014726205, 18.49999999999991118 ) ) ;
#2130 = PLANE ( 'NONE',  #1416 ) ;
#2131 = CARTESIAN_POINT ( 'NONE',  ( 123.4264543458774597, -27.88995987435480117, 18.50000000000001776 ) ) ;
#2132 = ORIENTED_EDGE ( 'NONE', *, *, #3196, .F. ) ;
#2133 = CARTESIAN_POINT ( 'NONE',  ( 90.57802140183315487, -75.82460117078893802, 24.95309649783546391 ) ) ;
#2134 = CYLINDRICAL_SURFACE ( 'NONE', #1027, 1.749999999999979794 ) ;
#2135 = STYLED_ITEM ( 'NONE', ( #3498 ), #1709 ) ;
#2136 = CARTESIAN_POINT ( 'NONE',  ( 93.28724033746422606, -77.95356406628991408, 24.27157249509916070 ) ) ;
#2137 = DIRECTION ( 'NONE',  ( 0.2771233879245773579, -0.9608343394494204270, 0.000000000000000000 ) ) ;
#2138 = LINE ( 'NONE', #746, #1403 ) ;
#2139 = CARTESIAN_POINT ( 'NONE',  ( 95.18669045514677407, -128.7551607435999586, 24.49999999999980105 ) ) ;
#2140 = ADVANCED_FACE ( 'NONE', ( #993 ), #952, .F. ) ;
#2141 = EDGE_CURVE ( 'NONE', #245, #2482, #436, .T. ) ;
#2142 = CARTESIAN_POINT ( 'NONE',  ( 118.8938951243666509, -30.91679015353669513, 18.49999999999996803 ) ) ;
#2143 = DIRECTION ( 'NONE',  ( 0.02734679391866899276, 0.004142824020431455818, -0.9996174217526950789 ) ) ;
#2144 = MANIFOLD_SOLID_BREP ( 'Cut-Extrude19', #1743 ) ;
#2145 = ORIENTED_EDGE ( 'NONE', *, *, #2682, .F. ) ;
#2146 = CARTESIAN_POINT ( 'NONE',  ( 94.43955096024834006, -137.2980007308701431, 24.50000000000007816 ) ) ;
#2147 = CARTESIAN_POINT ( 'NONE',  ( 100.2417992193642533, -38.46320343559613519, 30.50000000000022737 ) ) ;
#2148 = ORIENTED_EDGE ( 'NONE', *, *, #1339, .F. ) ;
#2149 = EDGE_CURVE ( 'NONE', #3500, #3334, #1306, .T. ) ;
#2150 = ORIENTED_EDGE ( 'NONE', *, *, #2299, .T. ) ;
#2151 = SURFACE_SIDE_STYLE ('',( #1059 ) ) ;
#2152 = STYLED_ITEM ( 'NONE', ( #3263 ), #783 ) ;
#2153 = CARTESIAN_POINT ( 'NONE',  ( 92.79223409295724423, -78.62266765078283015, 24.49999999999980105 ) ) ;
#2154 = CARTESIAN_POINT ( 'NONE',  ( 92.51596003390149292, -77.35960485535561304, 22.92762706263318861 ) ) ;
#2155 = VECTOR ( 'NONE', #3015, 1000.000000000000114 ) ;
#2156 = CARTESIAN_POINT ( 'NONE',  ( 90.81112267054282938, -127.6234070304053461, 21.03589838486213992 ) ) ;
#2157 = EDGE_CURVE ( 'NONE', #2666, #1343, #1029, .T. ) ;
#2158 = MECHANICAL_DESIGN_GEOMETRIC_PRESENTATION_REPRESENTATION (  '', ( #814 ), #502 ) ;
#2159 =( GEOMETRIC_REPRESENTATION_CONTEXT ( 3 ) GLOBAL_UNCERTAINTY_ASSIGNED_CONTEXT ( ( #382 ) ) GLOBAL_UNIT_ASSIGNED_CONTEXT ( ( #1488, #1759, #2331 ) ) REPRESENTATION_CONTEXT ( 'NONE', 'WORKASPACE' ) );
#2160 = DIRECTION ( 'NONE',  ( 0.1497831270185359942, -0.9887188755457990696, 3.397234079277622161E-15 ) ) ;
#2161 = VECTOR ( 'NONE', #2558, 1000.000000000000114 ) ;
#2162 = CARTESIAN_POINT ( 'NONE',  ( 104.7752953671158878, -36.89132571271645133, 18.49999999999995381 ) ) ;
#2163 = DIRECTION ( 'NONE',  ( 0.5947417580807264903, 0.8039168123599895743, 0.000000000000000000 ) ) ;
#2164 = STYLED_ITEM ( 'NONE', ( #1729 ), #3324 ) ;
#2165 = EDGE_CURVE ( 'NONE', #3156, #283, #3290, .T. ) ;
#2166 = CARTESIAN_POINT ( 'NONE',  ( 98.04567565433369225, -34.46320343559617783, 18.50000000000040501 ) ) ;
#2167 = ORIENTED_EDGE ( 'NONE', *, *, #953, .T. ) ;
#2168 = CARTESIAN_POINT ( 'NONE',  ( 108.0584913842002663, -81.46320343559615651, 18.50000000000029488 ) ) ;
#2169 = CYLINDRICAL_SURFACE ( 'NONE', #2824, 0.5000000000000021094 ) ;
#2170 = CARTESIAN_POINT ( 'NONE',  ( 109.3049697686734874, -39.17519823338832907, 18.50000000000023803 ) ) ;
#2171 = ORIENTED_EDGE ( 'NONE', *, *, #1446, .F. ) ;
#2172 = CARTESIAN_POINT ( 'NONE',  ( 122.5624842685056706, -113.2371140812881265, 19.49999999999936406 ) ) ;
#2173 = ORIENTED_EDGE ( 'NONE', *, *, #3139, .F. ) ;
#2174 = CARTESIAN_POINT ( 'NONE',  ( 90.53458842984537114, -75.78943680364918123, 24.61565399141360899 ) ) ;
#2175 = VECTOR ( 'NONE', #1459, 1000.000000000000000 ) ;
#2176 = CARTESIAN_POINT ( 'NONE',  ( 102.5259684987953790, -76.61482043712997836, 18.93464884285740624 ) ) ;
#2177 = CARTESIAN_POINT ( 'NONE',  ( 90.66959800960822236, -73.31248534902032077, 18.50000000000023803 ) ) ;
#2178 = CARTESIAN_POINT ( 'NONE',  ( 114.7203520282441502, -123.8466768647909930, 19.49999999999980815 ) ) ;
#2179 = CARTESIAN_POINT ( 'NONE',  ( 110.9601325646696921, 0.4467092992014726205, 18.49999999999991118 ) ) ;
#2180 = CARTESIAN_POINT ( 'NONE',  ( 93.28724033746176758, -77.95356406628806667, 24.50000000002314593 ) ) ;
#2181 = CARTESIAN_POINT ( 'NONE',  ( 102.4259894976908924, -76.53099932573827857, 29.88079344470747856 ) ) ;
#2182 = LINE ( 'NONE', #3366, #2109 ) ;
#2183 = CARTESIAN_POINT ( 'NONE',  ( 95.13469335517520165, -76.87013185372606472, 20.50000000000024158 ) ) ;
#2184 = DIRECTION ( 'NONE',  ( 0.9975313033991834999, -0.07022320655400252076, 7.561039095997902397E-16 ) ) ;
#2185 = DIRECTION ( 'NONE',  ( -6.211436267236830770E-16, 1.619705569875463962E-15, 1.000000000000000000 ) ) ;
#2186 = EDGE_LOOP ( 'NONE', ( #3021, #2150, #2819, #3161 ) ) ;
#2187 = CARTESIAN_POINT ( 'NONE',  ( 114.3099020801079320, -34.86461452627616353, 30.49999999999985789 ) ) ;
#2188 = EDGE_LOOP ( 'NONE', ( #2881, #3108 ) ) ;
#2189 = DIRECTION ( 'NONE',  ( 0.000000000000000000, 0.000000000000000000, 1.000000000000000000 ) ) ;
#2190 = ADVANCED_FACE ( 'NONE', ( #114 ), #279, .T. ) ;
#2191 = FACE_BOUND ( 'NONE', #902, .T. ) ;
#2192 = ADVANCED_FACE ( 'NONE', ( #1342 ), #3328, .F. ) ;
#2193 = CARTESIAN_POINT ( 'NONE',  ( 93.25079679493468632, -77.92572866390256081, 24.04135676916445163 ) ) ;
#2194 = CARTESIAN_POINT ( 'NONE',  ( 84.91047611743842083, -135.2565152010340626, 19.50000000000007105 ) ) ;
#2195 =( NAMED_UNIT ( * ) SI_UNIT ( $, .STERADIAN. ) SOLID_ANGLE_UNIT ( ) );
#2196 = FACE_OUTER_BOUND ( 'NONE', #2880, .T. ) ;
#2197 = UNCERTAINTY_MEASURE_WITH_UNIT (LENGTH_MEASURE( 1.000000000000000082E-05 ), #3368, 'distance_accuracy_value', 'NONE');
#2198 = B_SPLINE_CURVE_WITH_KNOTS ( 'NONE', 3,
 ( #491, #1356, #1374, #2194, #3340, #3048, #512, #2771, #2489, #3452, #3138, #623, #1708, #3377, #303, #904, #1461, #2506, #2020 ),
 .UNSPECIFIED., .F., .F.,
 ( 4, 1, 1, 1, 1, 1, 1, 1, 1, 1, 1, 1, 1, 1, 1, 1, 4 ),
 ( -0.001351197716834452636, 0.01429491474749111472, 0.02994102721181668425, 0.06123325214046770881, 0.09252547706911873338, 0.1238177019977698690, 0.1864021518550720291, 0.2489866017123741893, 0.3115710515696763494, 0.3741555014269785095, 0.4993244011415828298, 0.6244933008561871501, 0.7496622005707913594, 0.8122466504280935196, 0.8748311002853956797, 0.9374155501426978399, 1.000000000000000000 ),
 .UNSPECIFIED. ) ;
#2199 = B_SPLINE_SURFACE_WITH_KNOTS ( 'NONE', 3, 1, ( 
 ( #888, #2531 ),
 ( #3143, #874 ),
 ( #1466, #3419 ),
 ( #3126, #2587 ),
 ( #2887, #1969 ),
 ( #2, #1137 ),
 ( #51, #1695 ),
 ( #2024, #3401 ),
 ( #2844, #68 ),
 ( #2240, #2547 ),
 ( #1673, #3381 ),
 ( #840, #2829 ),
 ( #1443, #1428 ),
 ( #554, #17 ),
 ( #1154, #2267 ),
 ( #590, #1989 ),
 ( #3491, #2397 ),
 ( #2937, #3221 ),
 ( #1227, #3519 ) ),
 .UNSPECIFIED., .F., .F., .F.,
 ( 4, 1, 1, 1, 1, 1, 1, 1, 1, 1, 1, 1, 1, 1, 1, 1, 4 ),
 ( 2, 2 ),
 ( -0.001351197716834452636, 0.01429491474749111472, 0.02994102721181668425, 0.06123325214046770881, 0.09252547706911873338, 0.1238177019977698690, 0.1864021518550720291, 0.2489866017123741893, 0.3115710515696763494, 0.3741555014269785095, 0.4993244011415828298, 0.6244933008561871501, 0.7496622005707913594, 0.8122466504280935196, 0.8748311002853956797, 0.9374155501426978399, 1.000000000000000000 ),
 ( 0.000000000000000000, 1.000000000000000000 ),
 .UNSPECIFIED. ) ;
#2200 = FACE_BOUND ( 'NONE', #188, .T. ) ;
#2201 = VECTOR ( 'NONE', #2966, 1000.000000000000114 ) ;
#2202 = CARTESIAN_POINT ( 'NONE',  ( 100.8752188049194274, -34.46320343559612809, 30.50000000000008882 ) ) ;
#2203 =( LENGTH_UNIT ( ) NAMED_UNIT ( * ) SI_UNIT ( .MILLI., .METRE. ) );
#2204 = PRESENTATION_STYLE_ASSIGNMENT (( #1658 ) ) ;
#2205 = CARTESIAN_POINT ( 'NONE',  ( 138.4323956500570887, -22.73562247337287801, 18.50000000000019540 ) ) ;
#2206 = CARTESIAN_POINT ( 'NONE',  ( 102.0909048774875885, -5.884211208280268224, 28.50000000000006750 ) ) ;
#2207 = CARTESIAN_POINT ( 'NONE',  ( 74.47150056286010056, -136.7830687480712584, 31.04029068486358156 ) ) ;
#2208 = ORIENTED_EDGE ( 'NONE', *, *, #1802, .T. ) ;
#2209 = ORIENTED_EDGE ( 'NONE', *, *, #356, .F. ) ;
#2210 = CARTESIAN_POINT ( 'NONE',  ( 90.71451197928496413, -75.93488879252596746, 25.37674220503488698 ) ) ;
#2211 = PLANE ( 'NONE',  #942 ) ;
#2212 = EDGE_CURVE ( 'NONE', #2410, #1110, #791, .T. ) ;
#2213 = FILL_AREA_STYLE_COLOUR ( '', #810 ) ;
#2214 = EDGE_CURVE ( 'NONE', #2797, #40, #2039, .T. ) ;
#2215 = FACE_OUTER_BOUND ( 'NONE', #3543, .T. ) ;
#2216 =( NAMED_UNIT ( * ) PLANE_ANGLE_UNIT ( ) SI_UNIT ( $, .RADIAN. ) );
#2217 = MECHANICAL_DESIGN_GEOMETRIC_PRESENTATION_REPRESENTATION (  '', ( #2508 ), #89 ) ;
#2218 =( GEOMETRIC_REPRESENTATION_CONTEXT ( 3 ) GLOBAL_UNCERTAINTY_ASSIGNED_CONTEXT ( ( #2749 ) ) GLOBAL_UNIT_ASSIGNED_CONTEXT ( ( #87, #1006, #106 ) ) REPRESENTATION_CONTEXT ( 'NONE', 'WORKASPACE' ) );
#2219 = DIRECTION ( 'NONE',  ( 0.7567555678221412618, -0.6536979505629404441, 0.000000000000000000 ) ) ;
#2220 = CARTESIAN_POINT ( 'NONE',  ( 92.22369050896408282, -133.6526533396361458, 20.63853434494854611 ) ) ;
#2221 = ORIENTED_EDGE ( 'NONE', *, *, #1980, .T. ) ;
#2222 = VECTOR ( 'NONE', #3010, 1000.000000000000227 ) ;
#2223 = VECTOR ( 'NONE', #20, 1000.000000000000000 ) ;
#2224 = SURFACE_STYLE_USAGE ( .BOTH. , #3385 ) ;
#2225 = VECTOR ( 'NONE', #2712, 1000.000000000000000 ) ;
#2226 = EDGE_CURVE ( 'NONE', #267, #463, #3630, .T. ) ;
#2227 =( GEOMETRIC_REPRESENTATION_CONTEXT ( 3 ) GLOBAL_UNCERTAINTY_ASSIGNED_CONTEXT ( ( #905 ) ) GLOBAL_UNIT_ASSIGNED_CONTEXT ( ( #1174, #1483, #2252 ) ) REPRESENTATION_CONTEXT ( 'NONE', 'WORKASPACE' ) );
#2228 = PRESENTATION_STYLE_ASSIGNMENT (( #3634 ) ) ;
#2229 = DIRECTION ( 'NONE',  ( -0.2771233879245773579, 0.9608343394494205381, 0.000000000000000000 ) ) ;
#2230 = ORIENTED_EDGE ( 'NONE', *, *, #2815, .F. ) ;
#2231 = CARTESIAN_POINT ( 'NONE',  ( 111.6051885039519078, -36.02654818271976467, 18.49999999999983302 ) ) ;
#2232 = ORIENTED_EDGE ( 'NONE', *, *, #2870, .F. ) ;
#2233 = CARTESIAN_POINT ( 'NONE',  ( 102.2421874995147135, -76.37709447315874911, 19.30233722489503378 ) ) ;
#2234 = PLANE ( 'NONE',  #3300 ) ;
#2235 = CARTESIAN_POINT ( 'NONE',  ( 105.8133013776582914, -39.51680114581002812, 30.50000000000023448 ) ) ;
#2236 = CARTESIAN_POINT ( 'NONE',  ( 101.2343125074949484, -78.14180458582468702, 19.88079584003052602 ) ) ;
#2237 = STYLED_ITEM ( 'NONE', ( #2228 ), #1597 ) ;
#2238 = CARTESIAN_POINT ( 'NONE',  ( 72.17950288298736439, -136.1194164493938104, 19.49999999999985079 ) ) ;
#2239 = PLANE ( 'NONE',  #1522 ) ;
#2240 = CARTESIAN_POINT ( 'NONE',  ( 112.2588248357278644, -123.9035339633068133, 29.49999999999963762 ) ) ;
#2241 = ORIENTED_EDGE ( 'NONE', *, *, #2069, .T. ) ;
#2242 = ORIENTED_EDGE ( 'NONE', *, *, #1637, .F. ) ;
#2243 = DIRECTION ( 'NONE',  ( 1.000000000000000000, 0.000000000000000000, 0.000000000000000000 ) ) ;
#2244 = CARTESIAN_POINT ( 'NONE',  ( 91.90506595271952506, -74.32561238298366391, 23.62325349788688200 ) ) ;
#2245 = ORIENTED_EDGE ( 'NONE', *, *, #3265, .T. ) ;
#2246 = CARTESIAN_POINT ( 'NONE',  ( 101.7016341295115041, -36.61817925568686150, 30.49999999999991473 ) ) ;
#2247 = ORIENTED_EDGE ( 'NONE', *, *, #2335, .F. ) ;
#2248 = SURFACE_STYLE_USAGE ( .BOTH. , #2744 ) ;
#2249 = FACE_OUTER_BOUND ( 'NONE', #1961, .T. ) ;
#2250 = CARTESIAN_POINT ( 'NONE',  ( 111.3589159339200876, -7.690885333449373640, 30.49999999999992895 ) ) ;
#2251 = CARTESIAN_POINT ( 'NONE',  ( 86.33446405047104122, -11.54177608708001301, 30.49999999999989697 ) ) ;
#2252 =( NAMED_UNIT ( * ) SI_UNIT ( $, .STERADIAN. ) SOLID_ANGLE_UNIT ( ) );
#2253 = LINE ( 'NONE', #3166, #2566 ) ;
#2254 = CARTESIAN_POINT ( 'NONE',  ( 94.95295368788747226, -72.95016436212769406, 22.74995450556138010 ) ) ;
#2255 = SURFACE_SIDE_STYLE ('',( #37 ) ) ;
#2256 = DIRECTION ( 'NONE',  ( 0.2771233879245773579, -0.9608343394494204270, 0.000000000000000000 ) ) ;
#2257 = EDGE_CURVE ( 'NONE', #3007, #3429, #497, .T. ) ;
#2258 = COLOUR_RGB ( '',0.7529411764705882248, 0.7529411764705882248, 0.7529411764705882248 ) ;
#2259 = ORIENTED_EDGE ( 'NONE', *, *, #1654, .T. ) ;
#2260 = ORIENTED_EDGE ( 'NONE', *, *, #64, .F. ) ;
#2261 = VECTOR ( 'NONE', #2602, 1000.000000000000000 ) ;
#2262 =( NAMED_UNIT ( * ) PLANE_ANGLE_UNIT ( ) SI_UNIT ( $, .RADIAN. ) );
#2263 = EDGE_CURVE ( 'NONE', #3076, #3605, #3033, .T. ) ;
#2264 = CARTESIAN_POINT ( 'NONE',  ( 96.23356732855876317, -71.41393882369040114, 22.76131208678809514 ) ) ;
#2265 = CARTESIAN_POINT ( 'NONE',  ( 96.42997073470212399, -129.1251079263496990, 19.49999999999963052 ) ) ;
#2266 = CARTESIAN_POINT ( 'NONE',  ( 101.7016341282270560, -36.61817926502254039, 30.49999999999976197 ) ) ;
#2267 = CARTESIAN_POINT ( 'NONE',  ( 114.0393134625086304, -91.83610893966594801, 19.49999999999974065 ) ) ;
#2268 = EDGE_CURVE ( 'NONE', #3127, #77, #868, .T. ) ;
#2269 = CARTESIAN_POINT ( 'NONE',  ( 98.23105383769988919, -34.48053618309821644, 30.49999999999978328 ) ) ;
#2270 = DIRECTION ( 'NONE',  ( 0.4704872883600340061, 0.07127512078105868731, 0.8795234895380952267 ) ) ;
#2271 = CARTESIAN_POINT ( 'NONE',  ( 87.71961268171887127, -130.9088118002997021, 24.49999999999980105 ) ) ;
#2272 = CARTESIAN_POINT ( 'NONE',  ( 96.34216132627656748, -77.77107672141212902, 28.50000000000019185 ) ) ;
#2273 = CLOSED_SHELL ( 'NONE', ( #783, #2302, #3097, #1402, #1674, #2464, #2698, #3533, #756, #2380, #3375, #3208, #2190, #1832, #1613, #518, #1076, #1003, #2649, #3553, #1597, #1304, #1761, #800, #3622, #2097, #331, #1997, #3035, #2140, #1709, #2643, #802, #1276, #1462, #2799, #3203, #2755, #191, #1230, #1161, #3324, #1881, #636, #2992, #3496 ) ) ;
#2274 = VECTOR ( 'NONE', #98, 1000.000000000000114 ) ;
#2275 = FILL_AREA_STYLE_COLOUR ( '', #2615 ) ;
#2276 = EDGE_LOOP ( 'NONE', ( #3636, #3237, #38, #1592 ) ) ;
#2277 = CARTESIAN_POINT ( 'NONE',  ( 88.86562496220170715, -74.41292303096086869, 18.50000000000002842 ) ) ;
#2278 = VERTEX_POINT ( 'NONE', #2515 ) ;
#2279 = CARTESIAN_POINT ( 'NONE',  ( 95.18527100772126914, -134.1508004927102888, 26.31505901411146198 ) ) ;
#2280 = CARTESIAN_POINT ( 'NONE',  ( 97.22871549464335317, -72.23549583381540629, 23.62156068474360637 ) ) ;
#2281 = VECTOR ( 'NONE', #1093, 1000.000000000000000 ) ;
#2282 = CARTESIAN_POINT ( 'NONE',  ( 92.36126687501007382, -134.5786148898788497, 21.03589838486236019 ) ) ;
#2283 = CARTESIAN_POINT ( 'NONE',  ( 93.28724033746176758, -77.95356406628806667, 24.50000000002314593 ) ) ;
#2284 = VERTEX_POINT ( 'NONE', #3654 ) ;
#2285 = MECHANICAL_DESIGN_GEOMETRIC_PRESENTATION_REPRESENTATION (  '', ( #2941 ), #3002 ) ;
#2286 =( LENGTH_UNIT ( ) NAMED_UNIT ( * ) SI_UNIT ( .MILLI., .METRE. ) );
#2287 = AXIS2_PLACEMENT_3D ( 'NONE', #782, #3571, #2189 ) ;
#2288 = VERTEX_POINT ( 'NONE', #1125 ) ;
#2289 = SURFACE_STYLE_FILL_AREA ( #1449 ) ;
#2290 = VERTEX_POINT ( 'NONE', #2757 ) ;
#2291 = FILL_AREA_STYLE ('',( #3094 ) ) ;
#2292 = CYLINDRICAL_SURFACE ( 'NONE', #2495, 1.000000000000000888 ) ;
#2293 = ORIENTED_EDGE ( 'NONE', *, *, #2578, .T. ) ;
#2294 = CARTESIAN_POINT ( 'NONE',  ( 73.45902549786465840, -25.11161143896453041, 30.49999999999979394 ) ) ;
#2295 = ORIENTED_EDGE ( 'NONE', *, *, #2315, .F. ) ;
#2296 = CYLINDRICAL_SURFACE ( 'NONE', #689, 0.5000000000000021094 ) ;
#2297 = CARTESIAN_POINT ( 'NONE',  ( 97.36466420234853558, -72.34749549793824031, 24.04523560932477011 ) ) ;
#2298 = ORIENTED_EDGE ( 'NONE', *, *, #175, .T. ) ;
#2299 = EDGE_CURVE ( 'NONE', #2118, #3532, #221, .T. ) ;
#2300 = CARTESIAN_POINT ( 'NONE',  ( 70.94604986786833933, -50.92782810504387925, 30.49999999999996447 ) ) ;
#2301 = UNCERTAINTY_MEASURE_WITH_UNIT (LENGTH_MEASURE( 1.000000000000000082E-05 ), #2942, 'distance_accuracy_value', 'NONE');
#2302 = ADVANCED_FACE ( 'NONE', ( #3054 ), #1605, .T. ) ;
#2303 = CARTESIAN_POINT ( 'NONE',  ( 98.06289656785408226, -81.46320343559618493, 20.50000000000040501 ) ) ;
#2304 =( LENGTH_UNIT ( ) NAMED_UNIT ( * ) SI_UNIT ( .MILLI., .METRE. ) );
#2305 = CARTESIAN_POINT ( 'NONE',  ( 101.3335821012703093, -78.22511168932851433, 29.93472137907248865 ) ) ;
#2306 = LINE ( 'NONE', #2271, #1283 ) ;
#2307 = ORIENTED_EDGE ( 'NONE', *, *, #1231, .F. ) ;
#2308 = FACE_OUTER_BOUND ( 'NONE', #2276, .T. ) ;
#2309 = EDGE_LOOP ( 'NONE', ( #818, #2654, #715, #1447 ) ) ;
#2310 = CARTESIAN_POINT ( 'NONE',  ( 92.79223409295705949, -78.62266765078283015, 24.49999999999991118 ) ) ;
#2311 = FILL_AREA_STYLE ('',( #3445 ) ) ;
#2312 = ORIENTED_EDGE ( 'NONE', *, *, #2707, .T. ) ;
#2313 = CARTESIAN_POINT ( 'NONE',  ( 101.7324178430387605, -78.53945594787720097, 30.49999999999995381 ) ) ;
#2314 = ORIENTED_EDGE ( 'NONE', *, *, #3588, .T. ) ;
#2315 = EDGE_CURVE ( 'NONE', #2740, #151, #2394, .T. ) ;
#2316 = VECTOR ( 'NONE', #2481, 1000.000000000000000 ) ;
#2317 = FILL_AREA_STYLE ('',( #2003 ) ) ;
#2318 = CARTESIAN_POINT ( 'NONE',  ( 97.27108386370780124, -72.27040432617093302, 23.72384662430673430 ) ) ;
#2319 = ORIENTED_EDGE ( 'NONE', *, *, #1246, .T. ) ;
#2320 = ORIENTED_EDGE ( 'NONE', *, *, #2212, .T. ) ;
#2321 = CARTESIAN_POINT ( 'NONE',  ( 91.72524603664506060, -74.18001615197077570, 24.49999999999945288 ) ) ;
#2322 = MECHANICAL_DESIGN_GEOMETRIC_PRESENTATION_REPRESENTATION (  '', ( #3627 ), #1323 ) ;
#2323 = EDGE_CURVE ( 'NONE', #2797, #410, #2306, .T. ) ;
#2324 = CARTESIAN_POINT ( 'NONE',  ( 101.7016341282270560, -36.61817926502254039, 14.40537148044285232 ) ) ;
#2325 = CARTESIAN_POINT ( 'NONE',  ( 101.3342530285151781, -78.22567618667899580, 18.93464853171189333 ) ) ;
#2326 = FACE_OUTER_BOUND ( 'NONE', #265, .T. ) ;
#2327 = LINE ( 'NONE', #2103, #1108 ) ;
#2328 = VERTEX_POINT ( 'NONE', #1470 ) ;
#2329 = DIRECTION ( 'NONE',  ( 0.8039168123599702565, -0.5947417580807525805, 0.000000000000000000 ) ) ;
#2330 = CARTESIAN_POINT ( 'NONE',  ( 91.45315156843282978, -129.8319862719498303, 24.49999999999980105 ) ) ;
#2331 =( NAMED_UNIT ( * ) SI_UNIT ( $, .STERADIAN. ) SOLID_ANGLE_UNIT ( ) );
#2332 = PRESENTATION_LAYER_ASSIGNMENT (  '', '', ( #2508 ) ) ;
#2333 = FACE_OUTER_BOUND ( 'NONE', #315, .T. ) ;
#2334 = ORIENTED_EDGE ( 'NONE', *, *, #626, .F. ) ;
#2335 = EDGE_CURVE ( 'NONE', #2382, #2328, #3355, .T. ) ;
#2336 = AXIS2_PLACEMENT_3D ( 'NONE', #834, #3395, #3353 ) ;
#2337 = AXIS2_PLACEMENT_3D ( 'NONE', #753, #3227, #2959 ) ;
#2338 = CARTESIAN_POINT ( 'NONE',  ( 101.0923310137156363, -78.02276540396228199, 29.17301700501401029 ) ) ;
#2339 = VERTEX_POINT ( 'NONE', #309 ) ;
#2340 = COLOUR_RGB ( '',1.000000000000000000, 1.000000000000000000, 1.000000000000000000 ) ;
#2341 = SURFACE_STYLE_USAGE ( .BOTH. , #393 ) ;
#2342 = UNCERTAINTY_MEASURE_WITH_UNIT (LENGTH_MEASURE( 1.000000000000000082E-05 ), #1528, 'distance_accuracy_value', 'NONE');
#2343 = VECTOR ( 'NONE', #928, 1000.000000000000000 ) ;
#2344 = DIRECTION ( 'NONE',  ( -0.6399042914482101496, -0.7684546166080102880, 0.000000000000000000 ) ) ;
#2345 = CARTESIAN_POINT ( 'NONE',  ( 101.8174444561965544, -78.63262480246589803, 19.30394953700165672 ) ) ;
#2346 = CARTESIAN_POINT ( 'NONE',  ( 92.76708169000880844, -133.5057272994649225, 28.29614224323601235 ) ) ;
#2347 = CARTESIAN_POINT ( 'NONE',  ( 101.6347420007058702, -78.47848391588584605, 29.88030993412062131 ) ) ;
#2348 = UNCERTAINTY_MEASURE_WITH_UNIT (LENGTH_MEASURE( 1.000000000000000082E-05 ), #149, 'distance_accuracy_value', 'NONE');
#2349 = CARTESIAN_POINT ( 'NONE',  ( 90.75785450849062386, -73.38589386281825000, 29.49999999999985789 ) ) ;
#2350 = ORIENTED_EDGE ( 'NONE', *, *, #1980, .F. ) ;
#2351 = DIRECTION ( 'NONE',  ( -0.9608343394494208711, -0.2771233879245759146, 0.000000000000000000 ) ) ;
#2352 = FILL_AREA_STYLE_COLOUR ( '', #1320 ) ;
#2353 = DIRECTION ( 'NONE',  ( 6.211436267236830770E-16, -1.619705569875463962E-15, -1.000000000000000000 ) ) ;
#2354 = PRESENTATION_LAYER_ASSIGNMENT (  '', '', ( #2237 ) ) ;
#2355 = EDGE_LOOP ( 'NONE', ( #740, #3478, #1422, #2940 ) ) ;
#2356 = FILL_AREA_STYLE_COLOUR ( '', #1066 ) ;
#2357 = EDGE_LOOP ( 'NONE', ( #2874, #3602, #1042, #3248 ) ) ;
#2358 = PLANE ( 'NONE',  #308 ) ;
#2359 = CARTESIAN_POINT ( 'NONE',  ( 87.78842374080781497, -73.54089883529361771, 18.50000000000000355 ) ) ;
#2360 = CARTESIAN_POINT ( 'NONE',  ( 107.8776047326234959, -127.2299392172739090, 29.50000000000008171 ) ) ;
#2361 = LINE ( 'NONE', #3040, #3305 ) ;
#2362 = CARTESIAN_POINT ( 'NONE',  ( 101.5356850277475473, -78.39503725211122287, 29.93450120179434393 ) ) ;
#2363 = B_SPLINE_CURVE_WITH_KNOTS ( 'NONE', 3,
 ( #69, #1484, #707, #1213 ),
 .UNSPECIFIED., .F., .F.,
 ( 4, 4 ),
 ( 0.9851770631225974517, 0.9921977122409544325 ),
 .UNSPECIFIED. ) ;
#2364 = ORIENTED_EDGE ( 'NONE', *, *, #2867, .F. ) ;
#2365 = DIRECTION ( 'NONE',  ( -0.1497831270185397134, 0.9887188755457984035, 0.000000000000000000 ) ) ;
#2366 = FILL_AREA_STYLE ('',( #388 ) ) ;
#2367 = EDGE_CURVE ( 'NONE', #2328, #3370, #1699, .T. ) ;
#2368 = CARTESIAN_POINT ( 'NONE',  ( 100.2417992193642675, -38.46320343559615651, 18.50000000000021672 ) ) ;
#2369 = ORIENTED_EDGE ( 'NONE', *, *, #722, .T. ) ;
#2370 = DIRECTION ( 'NONE',  ( -1.000000000000000000, -2.148630978038478961E-13, -6.427662695296171035E-16 ) ) ;
#2371 = SURFACE_STYLE_USAGE ( .BOTH. , #2899 ) ;
#2372 = CARTESIAN_POINT ( 'NONE',  ( 101.3891689825637172, -38.90128798100602836, 30.50000000000024869 ) ) ;
#2373 = ORIENTED_EDGE ( 'NONE', *, *, #2046, .F. ) ;
#2374 = UNCERTAINTY_MEASURE_WITH_UNIT (LENGTH_MEASURE( 1.000000000000000082E-05 ), #1780, 'distance_accuracy_value', 'NONE');
#2375 = FACE_BOUND ( 'NONE', #1369, .T. ) ;
#2376 = CARTESIAN_POINT ( 'NONE',  ( 117.1296869138527370, -97.00640604179403681, 29.49999999999985789 ) ) ;
#2377 = CARTESIAN_POINT ( 'NONE',  ( 88.97973496344806676, -134.4396844426646851, 26.62368990952959891 ) ) ;
#2378 = CIRCLE ( 'NONE', #2968, 1.749999999999994671 ) ;
#2379 = CARTESIAN_POINT ( 'NONE',  ( 95.75716942701001244, -73.61435933711598523, 23.18014212582983546 ) ) ;
#2380 = ADVANCED_FACE ( 'NONE', ( #1156, #2848 ), #891, .T. ) ;
#2381 = DIRECTION ( 'NONE',  ( 0.2771233879245773579, -0.9608343394494204270, 0.000000000000000000 ) ) ;
#2382 = VERTEX_POINT ( 'NONE', #913 ) ;
#2383 = FILL_AREA_STYLE ('',( #637 ) ) ;
#2384 = CARTESIAN_POINT ( 'NONE',  ( 88.56600344442063033, -130.6646961749127343, 26.23205080756873997 ) ) ;
#2385 = CARTESIAN_POINT ( 'NONE',  ( 85.10823542438883749, -38.46320343559615651, 18.50000000000018829 ) ) ;
#2386 = VERTEX_POINT ( 'NONE', #3170 ) ;
#2387 = FILL_AREA_STYLE ('',( #1271 ) ) ;
#2388 =( LENGTH_UNIT ( ) NAMED_UNIT ( * ) SI_UNIT ( .MILLI., .METRE. ) );
#2389 = AXIS2_PLACEMENT_3D ( 'NONE', #2467, #1016, #523 ) ;
#2390 = CARTESIAN_POINT ( 'NONE',  ( 120.1663986782423592, -33.35707059482468395, 18.49999999999993960 ) ) ;
#2391 = ORIENTED_EDGE ( 'NONE', *, *, #2599, .F. ) ;
#2392 = AXIS2_PLACEMENT_3D ( 'NONE', #2970, #1564, #1212 ) ;
#2393 = CARTESIAN_POINT ( 'NONE',  ( 94.30196365872019726, -76.21165415281397770, 25.37993606384806711 ) ) ;
#2394 = CIRCLE ( 'NONE', #815, 1.749999999999994671 ) ;
#2395 = PRESENTATION_LAYER_ASSIGNMENT (  '', '', ( #2930 ) ) ;
#2396 = CARTESIAN_POINT ( 'NONE',  ( 90.53458842984530008, -75.78943680364916702, 24.50000000000007816 ) ) ;
#2397 = CARTESIAN_POINT ( 'NONE',  ( 108.1021388047617364, -84.49920613694378346, 19.50000000000007105 ) ) ;
#2398 = LINE ( 'NONE', #1853, #1568 ) ;
#2399 = AXIS2_PLACEMENT_3D ( 'NONE', #33, #1465, #1950 ) ;
#2400 = SURFACE_STYLE_FILL_AREA ( #3558 ) ;
#2401 = ORIENTED_EDGE ( 'NONE', *, *, #64, .T. ) ;
#2402 = CARTESIAN_POINT ( 'NONE',  ( 106.6365167263065246, -36.85939598085882807, 18.49999999999999645 ) ) ;
#2403 = SURFACE_STYLE_USAGE ( .BOTH. , #2978 ) ;
#2404 = CARTESIAN_POINT ( 'NONE',  ( 123.2459524084726326, -20.10840188772614212, 18.50000000000001776 ) ) ;
#2405 = EDGE_LOOP ( 'NONE', ( #1256, #3411, #3460, #2293 ) ) ;
#2406 = SURFACE_STYLE_FILL_AREA ( #675 ) ;
#2407 = AXIS2_PLACEMENT_3D ( 'NONE', #1408, #232, #1634 ) ;
#2408 = FILL_AREA_STYLE ('',( #2356 ) ) ;
#2409 = FILL_AREA_STYLE ('',( #154 ) ) ;
#2410 = VERTEX_POINT ( 'NONE', #654 ) ;
#2411 = CARTESIAN_POINT ( 'NONE',  ( 92.51430222865126041, -77.35831854120539219, 26.07341391943326059 ) ) ;
#2412 = EDGE_CURVE ( 'NONE', #2422, #1203, #611, .T. ) ;
#2413 = DIRECTION ( 'NONE',  ( -0.8039168123599899074, 0.5947417580807259352, 0.000000000000000000 ) ) ;
#2414 = DIRECTION ( 'NONE',  ( -0.8039168123599970128, 0.5947417580807164983, 0.000000000000000000 ) ) ;
#2415 = CARTESIAN_POINT ( 'NONE',  ( 83.34967531248003070, -132.8977205750598785, 19.49999999999940670 ) ) ;
#2416 = UNCERTAINTY_MEASURE_WITH_UNIT (LENGTH_MEASURE( 1.000000000000000082E-05 ), #2991, 'distance_accuracy_value', 'NONE');
#2417 = CARTESIAN_POINT ( 'NONE',  ( 93.55350854695115004, -71.78698531226474699, 24.96121216773995855 ) ) ;
#2418 = EDGE_LOOP ( 'NONE', ( #100, #914 ) ) ;
#2419 = CARTESIAN_POINT ( 'NONE',  ( 62.92741620445229955, -31.35196495457948629, 30.49999999999990763 ) ) ;
#2420 = LINE ( 'NONE', #3561, #3508 ) ;
#2421 = FACE_OUTER_BOUND ( 'NONE', #3638, .T. ) ;
#2422 = VERTEX_POINT ( 'NONE', #1773 ) ;
#2423 = CARTESIAN_POINT ( 'NONE',  ( 97.58701195009722085, -78.67920220761908467, 20.50000000000025935 ) ) ;
#2424 = CARTESIAN_POINT ( 'NONE',  ( 4.163336342344337027E-14, -81.46320343559615651, 18.49999999999996092 ) ) ;
#2425 = CARTESIAN_POINT ( 'NONE',  ( 70.94604986786845302, -50.92782810504390056, 18.49999999999993960 ) ) ;
#2426 = ORIENTED_EDGE ( 'NONE', *, *, #246, .T. ) ;
#2427 = CARTESIAN_POINT ( 'NONE',  ( 101.0505733381280038, -77.98780810671371455, 19.43461146493797287 ) ) ;
#2428 = ORIENTED_EDGE ( 'NONE', *, *, #2268, .T. ) ;
#2429 = EDGE_CURVE ( 'NONE', #1775, #705, #1485, .T. ) ;
#2430 = DIRECTION ( 'NONE',  ( -0.9887188755457982925, -0.1497831270185405461, 0.000000000000000000 ) ) ;
#2431 = CARTESIAN_POINT ( 'NONE',  ( 91.59015514392177693, -76.67938992591886915, 18.50000000000001776 ) ) ;
#2432 = PRESENTATION_LAYER_ASSIGNMENT (  '', '', ( #3273 ) ) ;
#2433 = CARTESIAN_POINT ( 'NONE',  ( 91.94733802465184169, -71.77806023809861813, 29.50000000000008171 ) ) ;
#2434 = FILL_AREA_STYLE ('',( #453 ) ) ;
#2435 = LINE ( 'NONE', #725, #1049 ) ;
#2436 = EDGE_CURVE ( 'NONE', #1285, #3574, #2080, .T. ) ;
#2437 = DIRECTION ( 'NONE',  ( -4.163336342344333240E-14, 1.000000000000000000, 0.000000000000000000 ) ) ;
#2438 = VECTOR ( 'NONE', #2825, 1000.000000000000000 ) ;
#2439 = CARTESIAN_POINT ( 'NONE',  ( 88.83542925959092429, -134.4713405930769738, 22.61949607610965884 ) ) ;
#2440 = CARTESIAN_POINT ( 'NONE',  ( 73.45902549786467262, -25.11161143896455172, 18.49999999999989697 ) ) ;
#2441 = DIRECTION ( 'NONE',  ( 0.5391194148987029644, -0.8422293372231106634, 0.000000000000000000 ) ) ;
#2442 = ORIENTED_EDGE ( 'NONE', *, *, #2658, .T. ) ;
#2443 = CARTESIAN_POINT ( 'NONE',  ( 92.83006757071538573, -75.08434909079272757, 20.50000000000022382 ) ) ;
#2444 = CARTESIAN_POINT ( 'NONE',  ( 96.42997073470212399, -129.1251079263496990, 29.49999999999963762 ) ) ;
#2445 = DIRECTION ( 'NONE',  ( -0.1497831270185397412, 0.9887188755457984035, 0.000000000000000000 ) ) ;
#2446 = ORIENTED_EDGE ( 'NONE', *, *, #2448, .T. ) ;
#2447 = CARTESIAN_POINT ( 'NONE',  ( 92.56606479976288426, -136.5704092968951215, 24.50000000000007816 ) ) ;
#2448 = EDGE_CURVE ( 'NONE', #245, #1943, #2085, .T. ) ;
#2449 = ORIENTED_EDGE ( 'NONE', *, *, #2915, .F. ) ;
#2450 = B_SPLINE_CURVE_WITH_KNOTS ( 'NONE', 5,
 ( #3183, #1745, #336, #2559, #44, #940 ),
 .UNSPECIFIED., .F., .F.,
 ( 6, 6 ),
 ( 0.000000000000000000, 0.8599087065687325282 ),
 .UNSPECIFIED. ) ;
#2451 = STYLED_ITEM ( 'NONE', ( #4 ), #3203 ) ;
#2452 = STYLED_ITEM ( 'NONE', ( #576 ), #756 ) ;
#2453 = B_SPLINE_CURVE_WITH_KNOTS ( 'NONE', 3,
 ( #2917, #927, #3187, #2659, #1516, #2048, #124, #3164, #3489, #1211, #681, #414, #1550, #84, #944, #3243, #1803, #1262, #377, #1247, #66, #1225, #341, #1769 ),
 .UNSPECIFIED., .F., .F.,
 ( 4, 2, 2, 2, 2, 2, 2, 2, 2, 2, 2, 4 ),
 ( 0.005475533593671476872, 0.006159820928045927312, 0.006844108262420377752, 0.007186251929607602972, 0.007528395596794828191, 0.007870539263982054279, 0.008212682931169279499, 0.008896970265543723000, 0.009239113932730948220, 0.009581257599918173440, 0.01026554493429262041, 0.01094983226866707085 ),
 .UNSPECIFIED. ) ;
#2454 = CARTESIAN_POINT ( 'NONE',  ( 90.99777480034326516, -76.16264962950069162, 23.18092144157834511 ) ) ;
#2455 = VECTOR ( 'NONE', #1102, 999.9999999999998863 ) ;
#2456 = DIRECTION ( 'NONE',  ( 0.5947417580807193849, 0.8039168123599949034, 0.000000000000000000 ) ) ;
#2457 = LINE ( 'NONE', #3029, #754 ) ;
#2458 = PRESENTATION_LAYER_ASSIGNMENT (  '', '', ( #814 ) ) ;
#2459 = AXIS2_PLACEMENT_3D ( 'NONE', #179, #1318, #2437 ) ;
#2460 = LINE ( 'NONE', #1878, #1639 ) ;
#2461 =( GEOMETRIC_REPRESENTATION_CONTEXT ( 3 ) GLOBAL_UNCERTAINTY_ASSIGNED_CONTEXT ( ( #1533 ) ) GLOBAL_UNIT_ASSIGNED_CONTEXT ( ( #79, #3485, #957 ) ) REPRESENTATION_CONTEXT ( 'NONE', 'WORKASPACE' ) );
#2462 = CARTESIAN_POINT ( 'NONE',  ( 112.3970796582048308, -11.21246994711500733, 18.50000000000011369 ) ) ;
#2463 = STYLED_ITEM ( 'NONE', ( #1925 ), #3496 ) ;
#2464 = ADVANCED_FACE ( 'NONE', ( #1284, #432 ), #109, .F. ) ;
#2465 = EDGE_LOOP ( 'NONE', ( #2574, #1502, #1078, #63 ) ) ;
#2466 = STYLED_ITEM ( 'NONE', ( #2204 ), #968 ) ;
#2467 = CARTESIAN_POINT ( 'NONE',  ( 88.10823542438878064, -46.46320343559613519, 24.50000000000002132 ) ) ;
#2468 = DIRECTION ( 'NONE',  ( 0.02734679391866899276, 0.004142824020431455818, -0.9996174217526950789 ) ) ;
#2469 = ORIENTED_EDGE ( 'NONE', *, *, #3258, .T. ) ;
#2470 = CARTESIAN_POINT ( 'NONE',  ( 95.28003933700499317, -134.1364438367855882, 22.85095739897369072 ) ) ;
#2471 = ORIENTED_EDGE ( 'NONE', *, *, #531, .T. ) ;
#2472 = CARTESIAN_POINT ( 'NONE',  ( 92.74540512304376705, -77.53723638108152727, 25.89192011339514821 ) ) ;
#2473 = STYLED_ITEM ( 'NONE', ( #1622 ), #1230 ) ;
#2474 = CARTESIAN_POINT ( 'NONE',  ( 90.81112267054237464, -127.6234070304053461, 27.96410161513762560 ) ) ;
#2475 = CARTESIAN_POINT ( 'NONE',  ( 110.9601325646696779, 0.4467092992014921049, 30.49999999999990763 ) ) ;
#2476 = DIRECTION ( 'NONE',  ( 0.5947417580807192738, 0.8039168123599947924, 0.000000000000000000 ) ) ;
#2477 = CARTESIAN_POINT ( 'NONE',  ( 77.45021645771277008, -58.26024365436761343, 30.50000000000022027 ) ) ;
#2478 =( NAMED_UNIT ( * ) SI_UNIT ( $, .STERADIAN. ) SOLID_ANGLE_UNIT ( ) );
#2479 = EDGE_CURVE ( 'NONE', #1760, #991, #3246, .T. ) ;
#2480 = CYLINDRICAL_SURFACE ( 'NONE', #3373, 1.749999999999994671 ) ;
#2481 = DIRECTION ( 'NONE',  ( -1.000000000000000000, 0.000000000000000000, -6.877653536780639515E-16 ) ) ;
#2482 = VERTEX_POINT ( 'NONE', #129 ) ;
#2483 = EDGE_CURVE ( 'NONE', #826, #3370, #441, .T. ) ;
#2484 = DIRECTION ( 'NONE',  ( -0.7567555678221398185, 0.6536979505629422205, -1.553725232699368004E-15 ) ) ;
#2485 = EDGE_LOOP ( 'NONE', ( #2148, #35 ) ) ;
#2486 = DIRECTION ( 'NONE',  ( -0.1497831270185359664, 0.9887188755457990696, -3.397234079277621372E-15 ) ) ;
#2487 = CARTESIAN_POINT ( 'NONE',  ( 94.70935406475250318, -70.14637536401657769, 24.38428268175690405 ) ) ;
#2488 = CARTESIAN_POINT ( 'NONE',  ( 94.35908846173153108, -73.56228551234079305, 24.49999999999985434 ) ) ;
#2489 = CARTESIAN_POINT ( 'NONE',  ( 107.8776047326234959, -127.2299392172739090, 19.50000000000007105 ) ) ;
#2490 = CARTESIAN_POINT ( 'NONE',  ( 101.7759646886391494, -78.59758175747009545, 19.69586596688445823 ) ) ;
#2491 = B_SPLINE_SURFACE_WITH_KNOTS ( 'NONE', 10, 1, ( 
 ( #198, #492 ),
 ( #1894, #3541 ),
 ( #3012, #2747 ),
 ( #2179, #2475 ),
 ( #3341, #142 ),
 ( #1551, #2954 ),
 ( #1618, #431 ),
 ( #1357, #2711 ),
 ( #804, #2124 ),
 ( #1282, #1024 ),
 ( #1565, #475 ) ),
 .UNSPECIFIED., .F., .F., .F.,
 ( 11, 11 ),
 ( 2, 2 ),
 ( 0.000000000000000000, 1.000000000000000000 ),
 ( 0.000000000000000000, 1.000000000000000000 ),
 .UNSPECIFIED. ) ;
#2492 = CARTESIAN_POINT ( 'NONE',  ( 91.68350121770559724, -133.7939099657554891, 20.66437534230581718 ) ) ;
#2493 = EDGE_CURVE ( 'NONE', #40, #1895, #1302, .T. ) ;
#2494 = CARTESIAN_POINT ( 'NONE',  ( 89.59292893253670798, -74.60544639630791153, 20.50000000000046185 ) ) ;
#2495 = AXIS2_PLACEMENT_3D ( 'NONE', #1159, #581, #1702 ) ;
#2496 = CARTESIAN_POINT ( 'NONE',  ( 91.38537967132708673, -77.58186957414156382, 24.49999999999991118 ) ) ;
#2497 =( LENGTH_UNIT ( ) NAMED_UNIT ( * ) SI_UNIT ( .MILLI., .METRE. ) );
#2498 = SURFACE_SIDE_STYLE ('',( #1829 ) ) ;
#2499 = CARTESIAN_POINT ( 'NONE',  ( 88.10823542438878064, -46.46320343559613519, 24.50000000000002132 ) ) ;
#2500 = CARTESIAN_POINT ( 'NONE',  ( 91.64713793998004121, -130.5045703095644285, 24.49999999999980105 ) ) ;
#2501 = ORIENTED_EDGE ( 'NONE', *, *, #1946, .T. ) ;
#2502 = CARTESIAN_POINT ( 'NONE',  ( 103.1293865606332503, -36.79239862874161560, 18.49999999999984013 ) ) ;
#2503 = ORIENTED_EDGE ( 'NONE', *, *, #1290, .F. ) ;
#2504 = CARTESIAN_POINT ( 'NONE',  ( 103.0093696371635730, -77.02149076145477125, 19.30395173376157203 ) ) ;
#2505 = LINE ( 'NONE', #1392, #1855 ) ;
#2506 = CARTESIAN_POINT ( 'NONE',  ( 105.7358882869222185, -82.19082654858556225, 19.50000000000007105 ) ) ;
#2507 = CARTESIAN_POINT ( 'NONE',  ( 91.38537967132708673, -77.58186957414156382, 24.49999999999991118 ) ) ;
#2508 = STYLED_ITEM ( 'NONE', ( #951 ), #3097 ) ;
#2509 = CARTESIAN_POINT ( 'NONE',  ( 120.8089166703312003, -22.89038586279356480, 30.49999999999997868 ) ) ;
#2510 = CARTESIAN_POINT ( 'NONE',  ( 93.69362568889050635, -126.7920368666316193, 22.76794919243096871 ) ) ;
#2511 = ORIENTED_EDGE ( 'NONE', *, *, #3231, .T. ) ;
#2512 = VECTOR ( 'NONE', #178, 1000.000000000000000 ) ;
#2513 = MECHANICAL_DESIGN_GEOMETRIC_PRESENTATION_REPRESENTATION (  '', ( #2016 ), #2159 ) ;
#2514 = CYLINDRICAL_SURFACE ( 'NONE', #203, 1.749999999999979794 ) ;
#2515 = CARTESIAN_POINT ( 'NONE',  ( 88.10823542438878064, -34.46320343559614230, 22.75000000000002842 ) ) ;
#2516 = CARTESIAN_POINT ( 'NONE',  ( 0.000000000000000000, 0.000000000000000000, 0.000000000000000000 ) ) ;
#2517 = SURFACE_STYLE_USAGE ( .BOTH. , #1734 ) ;
#2518 = CARTESIAN_POINT ( 'NONE',  ( 102.7274852689597964, -76.78407385792671391, 19.93450134616310621 ) ) ;
#2519 = EDGE_LOOP ( 'NONE', ( #1308, #2295, #2780, #915 ) ) ;
#2520 = CARTESIAN_POINT ( 'NONE',  ( 112.3970796582048308, -11.21246994711500733, 18.50000000000000000 ) ) ;
#2521 = ORIENTED_EDGE ( 'NONE', *, *, #132, .F. ) ;
#2522 = DIRECTION ( 'NONE',  ( -0.8817660901933861428, 0.000000000000000000, 0.4716869323874355868 ) ) ;
#2523 = CARTESIAN_POINT ( 'NONE',  ( 103.0093696371633882, -77.02149076145464335, 29.43461146493761404 ) ) ;
#2524 = CARTESIAN_POINT ( 'NONE',  ( 103.1991101937626780, -39.31393060754707847, 30.49999999999997868 ) ) ;
#2525 = CARTESIAN_POINT ( 'NONE',  ( 101.6347420007059839, -78.47848391588594552, 19.88030993412079539 ) ) ;
#2526 = UNCERTAINTY_MEASURE_WITH_UNIT (LENGTH_MEASURE( 1.000000000000000082E-05 ), #3092, 'distance_accuracy_value', 'NONE');
#2527 = EDGE_CURVE ( 'NONE', #1696, #881, #3494, .T. ) ;
#2528 = EDGE_CURVE ( 'NONE', #43, #3651, #3529, .T. ) ;
#2529 = DIRECTION ( 'NONE',  ( 0.5947417580807192738, 0.8039168123599947924, 0.000000000000000000 ) ) ;
#2530 = CARTESIAN_POINT ( 'NONE',  ( 85.10823542438880907, -34.46320343559613519, 30.50000000000019895 ) ) ;
#2531 = CARTESIAN_POINT ( 'NONE',  ( 79.79696366515661055, -135.9763030070576804, 19.49999999999985079 ) ) ;
#2532 = ORIENTED_EDGE ( 'NONE', *, *, #3578, .T. ) ;
#2533 = CARTESIAN_POINT ( 'NONE',  ( 95.07597583404201202, -79.32048189461079346, 20.50000000000008171 ) ) ;
#2534 = CARTESIAN_POINT ( 'NONE',  ( 96.21706304682481914, -73.99330114328637364, 24.72855371651334622 ) ) ;
#2535 = EDGE_CURVE ( 'NONE', #3297, #3651, #2677, .T. ) ;
#2536 = LINE ( 'NONE', #1401, #320 ) ;
#2537 = SURFACE_STYLE_FILL_AREA ( #3176 ) ;
#2538 = LINE ( 'NONE', #526, #3280 ) ;
#2539 = ORIENTED_EDGE ( 'NONE', *, *, #2979, .T. ) ;
#2540 = FACE_OUTER_BOUND ( 'NONE', #3448, .T. ) ;
#2541 = ORIENTED_EDGE ( 'NONE', *, *, #3314, .T. ) ;
#2542 = CARTESIAN_POINT ( 'NONE',  ( 101.2340997874546389, -78.14162615640795195, 28.98861042320332260 ) ) ;
#2543 = EDGE_CURVE ( 'NONE', #2113, #3605, #992, .T. ) ;
#2544 = CARTESIAN_POINT ( 'NONE',  ( 78.38905775533517328, -64.06852816041876508, 30.50000000000000711 ) ) ;
#2545 = CARTESIAN_POINT ( 'NONE',  ( 91.48030698614009282, -134.2063684584914824, 44.77459178628600966 ) ) ;
#2546 = PLANE ( 'NONE',  #2399 ) ;
#2547 = CARTESIAN_POINT ( 'NONE',  ( 112.2588248357278644, -123.9035339633068133, 19.49999999999963052 ) ) ;
#2548 = CARTESIAN_POINT ( 'NONE',  ( 101.9679657696917303, -81.67919134990003727, 20.50000000000007461 ) ) ;
#2549 = DIRECTION ( 'NONE',  ( -0.9887188755457981815, -0.1497831270185413788, 0.000000000000000000 ) ) ;
#2550 = B_SPLINE_CURVE_WITH_KNOTS ( 'NONE', 10,
 ( #2202, #1363, #1571, #3579, #164, #459, #2419, #2756, #2477, #773, #1047 ),
 .UNSPECIFIED., .F., .F.,
 ( 11, 11 ),
 ( 0.000000000000000000, 1.000000000000000000 ),
 .UNSPECIFIED. ) ;
#2551 = PRESENTATION_STYLE_ASSIGNMENT (( #2517 ) ) ;
#2552 =( LENGTH_UNIT ( ) NAMED_UNIT ( * ) SI_UNIT ( .MILLI., .METRE. ) );
#2553 = DIRECTION ( 'NONE',  ( -0.02734679391866882969, -0.004142824020439440751, 0.9996174217526950789 ) ) ;
#2554 = ORIENTED_EDGE ( 'NONE', *, *, #1493, .T. ) ;
#2555 = CARTESIAN_POINT ( 'NONE',  ( 75.01270920003338460, -52.10628670078092739, 18.50000000000011724 ) ) ;
#2556 = ORIENTED_EDGE ( 'NONE', *, *, #2928, .T. ) ;
#2557 = AXIS2_PLACEMENT_3D ( 'NONE', #3102, #3665, #1135 ) ;
#2558 = DIRECTION ( 'NONE',  ( 0.5947417580807192738, 0.8039168123599947924, 0.000000000000000000 ) ) ;
#2559 = CARTESIAN_POINT ( 'NONE',  ( 122.5624842685056706, -113.2371140812880981, 29.49999999999970157 ) ) ;
#2560 = CARTESIAN_POINT ( 'NONE',  ( 88.10823542438878064, -34.46320343559614230, 26.25000000000001776 ) ) ;
#2561 = CARTESIAN_POINT ( 'NONE',  ( 112.3970796582048024, -11.21246994711498601, 30.50000000000013856 ) ) ;
#2562 = FILL_AREA_STYLE ('',( #3086 ) ) ;
#2563 = CARTESIAN_POINT ( 'NONE',  ( 93.51774495058195669, -71.75708217521231802, 24.50000000000007816 ) ) ;
#2564 = FILL_AREA_STYLE ('',( #1698 ) ) ;
#2565 = AXIS2_PLACEMENT_3D ( 'NONE', #3384, #2270, #842 ) ;
#2566 = VECTOR ( 'NONE', #3455, 1000.000000000000000 ) ;
#2567 = SURFACE_SIDE_STYLE ('',( #3422 ) ) ;
#2568 = EDGE_LOOP ( 'NONE', ( #1032, #3171, #2245, #2614, #2171, #1883, #479, #2320, #2633 ) ) ;
#2569 = VECTOR ( 'NONE', #801, 1000.000000000000114 ) ;
#2570 = DIRECTION ( 'NONE',  ( 0.9975313033991836109, -0.07022320655400252076, 0.000000000000000000 ) ) ;
#2571 = DIRECTION ( 'NONE',  ( 0.4526180626847082777, 0.000000000000000000, -0.8917044854275106847 ) ) ;
#2572 = AXIS2_PLACEMENT_3D ( 'NONE', #384, #1857, #1266 ) ;
#2573 = LINE ( 'NONE', #917, #192 ) ;
#2574 = ORIENTED_EDGE ( 'NONE', *, *, #2658, .F. ) ;
#2575 = EDGE_CURVE ( 'NONE', #1285, #3148, #455, .T. ) ;
#2576 = CARTESIAN_POINT ( 'NONE',  ( 93.51245911173310787, -71.77646276810922643, 30.50000000000013500 ) ) ;
#2577 = ORIENTED_EDGE ( 'NONE', *, *, #2268, .F. ) ;
#2578 = EDGE_CURVE ( 'NONE', #1978, #3527, #3119, .T. ) ;
#2579 = DIRECTION ( 'NONE',  ( -1.000000000000000000, 0.000000000000000000, -6.877653536780639515E-16 ) ) ;
#2580 = CARTESIAN_POINT ( 'NONE',  ( 90.75785450849062386, -73.38589386281825000, 19.49999999999990763 ) ) ;
#2581 = EDGE_LOOP ( 'NONE', ( #1840, #3390, #3465, #1387 ) ) ;
#2582 = VECTOR ( 'NONE', #1827, 1000.000000000000114 ) ;
#2583 = CARTESIAN_POINT ( 'NONE',  ( 90.98398082325667247, -6.337558792806966323, 30.50000000000036593 ) ) ;
#2584 = MECHANICAL_DESIGN_GEOMETRIC_PRESENTATION_REPRESENTATION (  '', ( #1525 ), #3307 ) ;
#2585 = FACE_OUTER_BOUND ( 'NONE', #1793, .T. ) ;
#2586 = CARTESIAN_POINT ( 'NONE',  ( 92.95223404010155832, -72.52148743569952671, 24.49999999999980105 ) ) ;
#2587 = CARTESIAN_POINT ( 'NONE',  ( 84.91047611743842083, -135.2565152010340626, 19.50000000000007105 ) ) ;
#2588 = LINE ( 'NONE', #2905, #3233 ) ;
#2589 = VECTOR ( 'NONE', #3616, 1000.000000000000114 ) ;
#2590 =( NAMED_UNIT ( * ) SI_UNIT ( $, .STERADIAN. ) SOLID_ANGLE_UNIT ( ) );
#2591 = EDGE_CURVE ( 'NONE', #1435, #1663, #921, .T. ) ;
#2592 = VECTOR ( 'NONE', #456, 1000.000000000000000 ) ;
#2593 = ORIENTED_EDGE ( 'NONE', *, *, #3329, .T. ) ;
#2594 = LINE ( 'NONE', #1825, #2742 ) ;
#2595 = ORIENTED_EDGE ( 'NONE', *, *, #1290, .T. ) ;
#2596 = CARTESIAN_POINT ( 'NONE',  ( 86.33446405047106964, -11.54177608708003433, 18.49999999999978328 ) ) ;
#2597 = ORIENTED_EDGE ( 'NONE', *, *, #1930, .T. ) ;
#2598 = FACE_OUTER_BOUND ( 'NONE', #3581, .T. ) ;
#2599 = EDGE_CURVE ( 'NONE', #2015, #3500, #900, .T. ) ;
#2600 = SURFACE_STYLE_FILL_AREA ( #1479 ) ;
#2601 = ORIENTED_EDGE ( 'NONE', *, *, #3025, .T. ) ;
#2602 = DIRECTION ( 'NONE',  ( -6.211436267236830770E-16, 1.619705569875463962E-15, 1.000000000000000000 ) ) ;
#2603 = B_SPLINE_CURVE_WITH_KNOTS ( 'NONE', 3,
 ( #476, #1028, #2996, #1586, #220, #1841, #2181, #808, #3289, #1604 ),
 .UNSPECIFIED., .F., .F.,
 ( 4, 2, 2, 2, 4 ),
 ( 0.001564745766229254289, 0.001955843273546755638, 0.002346940780864256986, 0.002738038288181758335, 0.003129135795499259683 ),
 .UNSPECIFIED. ) ;
#2604 = DIRECTION ( 'NONE',  ( -0.7684546166080102880, 0.6399042914482101496, 0.000000000000000000 ) ) ;
#2605 = SURFACE_STYLE_FILL_AREA ( #1120 ) ;
#2606 =( NAMED_UNIT ( * ) PLANE_ANGLE_UNIT ( ) SI_UNIT ( $, .RADIAN. ) );
#2607 = CARTESIAN_POINT ( 'NONE',  ( 96.21706304682243172, -73.99330114328441255, 24.49999999997624656 ) ) ;
#2608 = CARTESIAN_POINT ( 'NONE',  ( 37.87113266552201196, -146.0146204387545481, 6.263841542080039737 ) ) ;
#2609 = EDGE_CURVE ( 'NONE', #1038, #190, #1204, .T. ) ;
#2610 = VERTEX_POINT ( 'NONE', #1742 ) ;
#2611 = FILL_AREA_STYLE ('',( #368 ) ) ;
#2612 = FACE_OUTER_BOUND ( 'NONE', #2355, .T. ) ;
#2613 = LINE ( 'NONE', #937, #853 ) ;
#2614 = ORIENTED_EDGE ( 'NONE', *, *, #2141, .F. ) ;
#2615 = COLOUR_RGB ( '',0.7921568627450980005, 0.8196078431372548767, 0.9333333333333333481 ) ;
#2616 = CARTESIAN_POINT ( 'NONE',  ( 96.40665900020128731, -71.55709937497647388, 22.80592071818795930 ) ) ;
#2617 = VERTEX_POINT ( 'NONE', #2279 ) ;
#2618 = FILL_AREA_STYLE ('',( #2063 ) ) ;
#2619 = CARTESIAN_POINT ( 'NONE',  ( 79.79696366515661055, -135.9763030070576804, 29.49999999999985789 ) ) ;
#2620 = CARTESIAN_POINT ( 'NONE',  ( 113.0550197440073106, -91.60169930561481522, 29.49999999999985789 ) ) ;
#2621 = CARTESIAN_POINT ( 'NONE',  ( 101.8174444561963554, -78.63262480246574171, 29.56524368074547482 ) ) ;
#2622 = CARTESIAN_POINT ( 'NONE',  ( 94.68856882633048144, -72.73129524182675709, 26.25016934718980366 ) ) ;
#2623 = ORIENTED_EDGE ( 'NONE', *, *, #1640, .F. ) ;
#2624 = CARTESIAN_POINT ( 'NONE',  ( 93.16960494557027062, -75.17011913706052439, 24.49999999999985434 ) ) ;
#2625 =( NAMED_UNIT ( * ) SI_UNIT ( $, .STERADIAN. ) SOLID_ANGLE_UNIT ( ) );
#2626 = AXIS2_PLACEMENT_3D ( 'NONE', #3225, #55, #3174 ) ;
#2627 = FILL_AREA_STYLE ('',( #1164 ) ) ;
#2628 = ORIENTED_EDGE ( 'NONE', *, *, #295, .T. ) ;
#2629 = LINE ( 'NONE', #2898, #2274 ) ;
#2630 = VECTOR ( 'NONE', #3264, 1000.000000000000000 ) ;
#2631 = AXIS2_PLACEMENT_3D ( 'NONE', #3191, #3477, #2549 ) ;
#2632 = DIRECTION ( 'NONE',  ( 0.5178533248512823262, 0.07845070247127068630, -0.8518646730685787150 ) ) ;
#2633 = ORIENTED_EDGE ( 'NONE', *, *, #678, .T. ) ;
#2634 = COLOUR_RGB ( '',0.2000000000000000111, 0.2000000000000000111, 0.2000000000000000111 ) ;
#2635 = CARTESIAN_POINT ( 'NONE',  ( 91.89748309617174016, -74.31950707110230780, 25.38200092495357652 ) ) ;
#2636 = CARTESIAN_POINT ( 'NONE',  ( 91.38537967132727147, -77.58186957414156382, 24.49999999999980105 ) ) ;
#2637 = CIRCLE ( 'NONE', #2691, 1.743370209773072776 ) ;
#2638 = CARTESIAN_POINT ( 'NONE',  ( 97.07374420285654537, -132.2639006984545347, 29.49999999999991473 ) ) ;
#2639 = CARTESIAN_POINT ( 'NONE',  ( 103.0093696371633882, -77.02149076145464335, 29.43461146493761404 ) ) ;
#2640 = CARTESIAN_POINT ( 'NONE',  ( 95.68886430884020911, -73.55803318666821156, 23.10785138866451760 ) ) ;
#2641 = PRESENTATION_LAYER_ASSIGNMENT (  '', '', ( #2466 ) ) ;
#2642 = UNCERTAINTY_MEASURE_WITH_UNIT (LENGTH_MEASURE( 1.000000000000000082E-05 ), #2552, 'distance_accuracy_value', 'NONE');
#2643 = ADVANCED_FACE ( 'NONE', ( #2598 ), #1478, .F. ) ;
#2644 = CARTESIAN_POINT ( 'NONE',  ( 98.04567565433366383, -35.46320343559615651, 30.50000000000023448 ) ) ;
#2645 = VERTEX_POINT ( 'NONE', #619 ) ;
#2646 = DIRECTION ( 'NONE',  ( 0.000000000000000000, 1.000000000000000000, -1.642624911021034266E-15 ) ) ;
#2647 = CYLINDRICAL_SURFACE ( 'NONE', #667, 3.885725908644508397 ) ;
#2648 = VECTOR ( 'NONE', #1079, 1000.000000000000000 ) ;
#2649 = ADVANCED_FACE ( 'NONE', ( #3412 ), #2856, .T. ) ;
#2650 = VERTEX_POINT ( 'NONE', #11 ) ;
#2651 = LINE ( 'NONE', #355, #1801 ) ;
#2652 =( NAMED_UNIT ( * ) SI_UNIT ( $, .STERADIAN. ) SOLID_ANGLE_UNIT ( ) );
#2653 = CARTESIAN_POINT ( 'NONE',  ( 95.57960559104205345, -136.1138815878771879, 22.85095739897374756 ) ) ;
#2654 = ORIENTED_EDGE ( 'NONE', *, *, #242, .F. ) ;
#2655 = ADVANCED_FACE ( 'NONE', ( #2196 ), #2296, .F. ) ;
#2656 = CARTESIAN_POINT ( 'NONE',  ( 4.163336342344337027E-14, -34.46320343559615651, 18.49999999999990408 ) ) ;
#2657 = SURFACE_STYLE_USAGE ( .BOTH. , #413 ) ;
#2658 = EDGE_CURVE ( 'NONE', #3271, #2284, #2748, .T. ) ;
#2659 = CARTESIAN_POINT ( 'NONE',  ( 97.23777657241596728, -72.24296458324396042, 25.38029872477229532 ) ) ;
#2660 = CARTESIAN_POINT ( 'NONE',  ( 90.89115288904210388, -133.9935485971327012, 28.14800575415886286 ) ) ;
#2661 = LINE ( 'NONE', #1228, #3642 ) ;
#2662 = CARTESIAN_POINT ( 'NONE',  ( 95.30144462633224123, -73.23826760242394585, 26.16028247846726984 ) ) ;
#2663 = EDGE_LOOP ( 'NONE', ( #1389, #2042 ) ) ;
#2664 = CARTESIAN_POINT ( 'NONE',  ( 95.48483726175837205, -136.1282382438018885, 26.31505901411168580 ) ) ;
#2665 = DIRECTION ( 'NONE',  ( -0.8422293372231106634, -0.5391194148987029644, 0.000000000000000000 ) ) ;
#2666 = VERTEX_POINT ( 'NONE', #26 ) ;
#2667 = PRESENTATION_STYLE_ASSIGNMENT (( #3550 ) ) ;
#2668 = STYLED_ITEM ( 'NONE', ( #974 ), #1761 ) ;
#2669 =( LENGTH_UNIT ( ) NAMED_UNIT ( * ) SI_UNIT ( .MILLI., .METRE. ) );
#2670 = CARTESIAN_POINT ( 'NONE',  ( 100.6246689245879793, -38.63232385745402553, 30.50000000000022737 ) ) ;
#2671 = ORIENTED_EDGE ( 'NONE', *, *, #1379, .F. ) ;
#2672 =( LENGTH_UNIT ( ) NAMED_UNIT ( * ) SI_UNIT ( .MILLI., .METRE. ) );
#2673 = PLANE ( 'NONE',  #870 ) ;
#2674 = CARTESIAN_POINT ( 'NONE',  ( 89.92319571979871284, -134.2255308182938052, 27.63130902977790626 ) ) ;
#2675 = FACE_BOUND ( 'NONE', #2188, .T. ) ;
#2676 = UNCERTAINTY_MEASURE_WITH_UNIT (LENGTH_MEASURE( 1.000000000000000082E-05 ), #2977, 'distance_accuracy_value', 'NONE');
#2677 = LINE ( 'NONE', #144, #2225 ) ;
#2678 = CARTESIAN_POINT ( 'NONE',  ( 87.68908644265782470, -66.81470990779043007, 18.50000000000007105 ) ) ;
#2679 = SURFACE_STYLE_FILL_AREA ( #421 ) ;
#2680 = CARTESIAN_POINT ( 'NONE',  ( 73.21455920106772908, -19.82441021913182411, 18.49999999999991118 ) ) ;
#2681 = ORIENTED_EDGE ( 'NONE', *, *, #1037, .T. ) ;
#2682 = EDGE_CURVE ( 'NONE', #1460, #2422, #286, .T. ) ;
#2683 = PLANE ( 'NONE',  #339 ) ;
#2684 = CARTESIAN_POINT ( 'NONE',  ( 111.3589159339201160, -7.690885333449387851, 18.49999999999996092 ) ) ;
#2685 = EDGE_LOOP ( 'NONE', ( #599, #2891 ) ) ;
#2686 = AXIS2_PLACEMENT_3D ( 'NONE', #766, #1063, #1617 ) ;
#2687 = CARTESIAN_POINT ( 'NONE',  ( 92.08397578789391957, -77.02292715753166874, 26.23869605984179287 ) ) ;
#2688 = AXIS2_PLACEMENT_3D ( 'NONE', #3046, #3555, #1080 ) ;
#2689 = CARTESIAN_POINT ( 'NONE',  ( 64.40655529107075949, -4.768140641344957409, 18.49999999999989342 ) ) ;
#2690 = FACE_OUTER_BOUND ( 'NONE', #2581, .T. ) ;
#2691 = AXIS2_PLACEMENT_3D ( 'NONE', #2806, #839, #1988 ) ;
#2692 = FILL_AREA_STYLE_COLOUR ( '', #2634 ) ;
#2693 =( GEOMETRIC_REPRESENTATION_CONTEXT ( 3 ) GLOBAL_UNCERTAINTY_ASSIGNED_CONTEXT ( ( #48 ) ) GLOBAL_UNIT_ASSIGNED_CONTEXT ( ( #2759, #224, #3072 ) ) REPRESENTATION_CONTEXT ( 'NONE', 'WORKASPACE' ) );
#2694 = VERTEX_POINT ( 'NONE', #1910 ) ;
#2695 = CARTESIAN_POINT ( 'NONE',  ( 101.9679657696917303, -81.67919134990003727, 20.50000000000007461 ) ) ;
#2696 = LINE ( 'NONE', #165, #2849 ) ;
#2697 =( NAMED_UNIT ( * ) SI_UNIT ( $, .STERADIAN. ) SOLID_ANGLE_UNIT ( ) );
#2698 = ADVANCED_FACE ( 'NONE', ( #2821, #3100 ), #566, .F. ) ;
#2699 = LINE ( 'NONE', #1556, #638 ) ;
#2700 = VERTEX_POINT ( 'NONE', #2091 ) ;
#2701 = CARTESIAN_POINT ( 'NONE',  ( 65.32808469045444610, -52.21048970070864925, 18.50000000000006395 ) ) ;
#2702 = DIRECTION ( 'NONE',  ( 0.5947417580807264903, 0.8039168123599895743, 0.000000000000000000 ) ) ;
#2703 = CARTESIAN_POINT ( 'NONE',  ( 101.5924421160114690, -5.244943734768104271, 30.50000000000019185 ) ) ;
#2704 = ORIENTED_EDGE ( 'NONE', *, *, #461, .T. ) ;
#2705 = DIRECTION ( 'NONE',  ( 0.000000000000000000, 0.000000000000000000, 1.000000000000000000 ) ) ;
#2706 = CARTESIAN_POINT ( 'NONE',  ( 97.07097577282554823, -155.6011440195647140, 43.63192713316127680 ) ) ;
#2707 = EDGE_CURVE ( 'NONE', #1687, #3135, #2651, .T. ) ;
#2708 = CARTESIAN_POINT ( 'NONE',  ( 92.26103690423549608, -77.16128519581995704, 22.80602423773795451 ) ) ;
#2709 = ORIENTED_EDGE ( 'NONE', *, *, #678, .F. ) ;
#2710 = CARTESIAN_POINT ( 'NONE',  ( 113.0550197440073106, -91.60169930561481522, 19.49999999999990052 ) ) ;
#2711 = CARTESIAN_POINT ( 'NONE',  ( 65.26975983289247552, -46.88687764771045607, 30.49999999999996447 ) ) ;
#2712 = DIRECTION ( 'NONE',  ( 1.000000000000000000, -2.765645758358258580E-32, 6.430602174281444362E-16 ) ) ;
#2713 = SURFACE_STYLE_USAGE ( .BOTH. , #788 ) ;
#2714 = CARTESIAN_POINT ( 'NONE',  ( 101.7198319085811420, -36.62068298456377136, 18.50000000000001421 ) ) ;
#2715 = EDGE_CURVE ( 'NONE', #562, #1260, #716, .T. ) ;
#2716 = CARTESIAN_POINT ( 'NONE',  ( 95.28003933700499317, -134.1364438367855882, 22.85095739897369072 ) ) ;
#2717 = CARTESIAN_POINT ( 'NONE',  ( 103.1991101937627064, -39.31393060754709978, 18.49999999999995381 ) ) ;
#2718 = ORIENTED_EDGE ( 'NONE', *, *, #851, .T. ) ;
#2719 = CARTESIAN_POINT ( 'NONE',  ( 90.66959800960822236, -73.31248534902032077, 18.50000000000023803 ) ) ;
#2720 = CARTESIAN_POINT ( 'NONE',  ( 85.10823542438883749, -34.46320343559615651, 18.50000000000018829 ) ) ;
#2721 = CARTESIAN_POINT ( 'NONE',  ( 101.3891689825637314, -38.90128798100604968, 18.50000000000023803 ) ) ;
#2722 = ORIENTED_EDGE ( 'NONE', *, *, #747, .F. ) ;
#2723 = LINE ( 'NONE', #2049, #763 ) ;
#2724 = EDGE_LOOP ( 'NONE', ( #1130, #919, #669, #898, #328, #1952, #1376, #1018, #1859, #923, #2209, #3443, #337 ) ) ;
#2725 = CARTESIAN_POINT ( 'NONE',  ( 91.06022150291269668, -76.21276928518376792, 25.89913503745781043 ) ) ;
#2726 = B_SPLINE_CURVE_WITH_KNOTS ( 'NONE', 3,
 ( #3239, #376, #3218, #2393, #3186, #121, #1001, #340, #1548, #647, #1222, #1481, #1797, #943, #702, #1816, #1510, #65, #1209, #2901, #2635, #3469, #359, #2321 ),
 .UNSPECIFIED., .F., .F.,
 ( 4, 2, 2, 2, 2, 2, 2, 2, 2, 2, 2, 4 ),
 ( 0.005472604193278299452, 0.006156526450047188591, 0.006840448706816078597, 0.007182409835200523167, 0.007524370963584967736, 0.007866332091969411439, 0.008208293220353856876, 0.008892215477122746015, 0.009234176605507205329, 0.009576137733891664644, 0.01026005999066057980, 0.01094398224742949843 ),
 .UNSPECIFIED. ) ;
#2727 = CARTESIAN_POINT ( 'NONE',  ( 91.94733802465152905, -71.77806023809863234, 20.50000000000029488 ) ) ;
#2728 = MECHANICAL_DESIGN_GEOMETRIC_PRESENTATION_REPRESENTATION (  '', ( #2135 ), #903 ) ;
#2729 = CARTESIAN_POINT ( 'NONE',  ( 90.80853089763716923, -76.01076616181340739, 23.42302017540207615 ) ) ;
#2730 =( NAMED_UNIT ( * ) PLANE_ANGLE_UNIT ( ) SI_UNIT ( $, .RADIAN. ) );
#2731 = CARTESIAN_POINT ( 'NONE',  ( 89.50209934439342874, -134.3226050759473367, 21.73039339078507837 ) ) ;
#2732 = CARTESIAN_POINT ( 'NONE',  ( 116.9549044040261663, -15.09962761763144989, 18.50000000000018829 ) ) ;
#2733 = DIRECTION ( 'NONE',  ( 1.000000000000000000, 0.000000000000000000, 0.000000000000000000 ) ) ;
#2734 = ORIENTED_EDGE ( 'NONE', *, *, #2141, .T. ) ;
#2735 = CARTESIAN_POINT ( 'NONE',  ( 91.73202580634624326, -74.19717390179374661, 20.50000000000021672 ) ) ;
#2736 = PLANE ( 'NONE',  #1004 ) ;
#2737 = DIRECTION ( 'NONE',  ( 0.9887188755457981815, 0.1497831270185413788, 0.000000000000000000 ) ) ;
#2738 = EDGE_LOOP ( 'NONE', ( #817, #1035, #2059, #1051 ) ) ;
#2739 = SURFACE_STYLE_USAGE ( .BOTH. , #3371 ) ;
#2740 = VERTEX_POINT ( 'NONE', #2114 ) ;
#2741 = LINE ( 'NONE', #1891, #2648 ) ;
#2742 = VECTOR ( 'NONE', #1809, 1000.000000000000000 ) ;
#2743 = PRESENTATION_LAYER_ASSIGNMENT (  '', '', ( #2034 ) ) ;
#2744 = SURFACE_SIDE_STYLE ('',( #1965 ) ) ;
#2745 = CARTESIAN_POINT ( 'NONE',  ( 91.21680527167390551, -76.33777345636114831, 22.98040830236575260 ) ) ;
#2746 = STYLED_ITEM ( 'NONE', ( #732 ), #2144 ) ;
#2747 = CARTESIAN_POINT ( 'NONE',  ( 131.1897452970536904, -13.11207727021473346, 30.49999999999995737 ) ) ;
#2748 = LINE ( 'NONE', #805, #2161 ) ;
#2749 = UNCERTAINTY_MEASURE_WITH_UNIT (LENGTH_MEASURE( 1.000000000000000082E-05 ), #87, 'distance_accuracy_value', 'NONE');
#2750 = VECTOR ( 'NONE', #363, 1000.000000000000000 ) ;
#2751 = COLOUR_RGB ( '',0.7529411764705882248, 0.7529411764705882248, 0.7529411764705882248 ) ;
#2752 = CARTESIAN_POINT ( 'NONE',  ( 101.5507013574235060, -81.46320343559543176, 18.50000000000029488 ) ) ;
#2753 = STYLED_ITEM ( 'NONE', ( #2775 ), #2799 ) ;
#2754 = EDGE_CURVE ( 'NONE', #795, #3099, #2629, .T. ) ;
#2755 = ADVANCED_FACE ( 'NONE', ( #1219 ), #939, .F. ) ;
#2756 = CARTESIAN_POINT ( 'NONE',  ( 65.26975983289237604, -46.88687764771045607, 30.49999999999997868 ) ) ;
#2757 = CARTESIAN_POINT ( 'NONE',  ( 101.7016341282270560, -36.61817926502254039, 30.49999999999976197 ) ) ;
#2758 = STYLED_ITEM ( 'NONE', ( #1202 ), #3533 ) ;
#2759 =( LENGTH_UNIT ( ) NAMED_UNIT ( * ) SI_UNIT ( .MILLI., .METRE. ) );
#2761 = B_SPLINE_CURVE_WITH_KNOTS ( 'NONE', 3,
 ( #2619, #3220, #909, #3453, #2065, #664, #2638, #2022, #2360, #629, #1750, #1784, #396, #2376, #2885, #104, #3518, #984, #2967 ),
 .UNSPECIFIED., .F., .F.,
 ( 4, 1, 1, 1, 1, 1, 1, 1, 1, 1, 1, 1, 1, 1, 1, 1, 4 ),
 ( -0.001351197716834452636, 0.01429491474749111472, 0.02994102721181668425, 0.06123325214046770881, 0.09252547706911873338, 0.1238177019977698690, 0.1864021518550720291, 0.2489866017123741893, 0.3115710515696763494, 0.3741555014269785095, 0.4993244011415828298, 0.6244933008561871501, 0.7496622005707913594, 0.8122466504280935196, 0.8748311002853956797, 0.9374155501426978399, 1.000000000000000000 ),
 .UNSPECIFIED. ) ;
#2760 = COLOUR_RGB ( '',0.7921568627450980005, 0.8196078431372548767, 0.9333333333333333481 ) ;
#2762 = LINE ( 'NONE', #3565, #3415 ) ;
#2763 = FACE_OUTER_BOUND ( 'NONE', #1433, .T. ) ;
#2764 = CARTESIAN_POINT ( 'NONE',  ( 95.38067682669397129, -129.4277447812145567, 24.49999999999980105 ) ) ;
#2765 = ORIENTED_EDGE ( 'NONE', *, *, #2578, .F. ) ;
#2766 = ORIENTED_EDGE ( 'NONE', *, *, #2149, .T. ) ;
#2767 = CARTESIAN_POINT ( 'NONE',  ( 90.84236176629605097, -136.8315367384658998, 24.50000000000007461 ) ) ;
#2768 = PRESENTATION_LAYER_ASSIGNMENT (  '', '', ( #2941 ) ) ;
#2769 = EDGE_CURVE ( 'NONE', #1123, #392, #3200, .T. ) ;
#2770 = DIRECTION ( 'NONE',  ( -0.2771233879245773024, 0.9608343394494204270, 0.000000000000000000 ) ) ;
#2771 = CARTESIAN_POINT ( 'NONE',  ( 102.4603347502043960, -130.1746732569347671, 19.49999999999985079 ) ) ;
#2772 = CARTESIAN_POINT ( 'NONE',  ( 88.51505873047477735, -134.5408159647174671, 23.39442472564198283 ) ) ;
#2773 = DIRECTION ( 'NONE',  ( 0.8696014755922217843, 0.1317377785492767073, -0.4758554731751357125 ) ) ;
#2774 = B_SPLINE_CURVE_WITH_KNOTS ( 'NONE', 3,
 ( #307, #539, #2533, #259, #3090, #3653 ),
 .UNSPECIFIED., .F., .F.,
 ( 4, 1, 1, 4 ),
 ( 0.01503011035705770389, 0.02273988786991837374, 0.03825195314182444628, 0.04729863961488717239 ),
 .UNSPECIFIED. ) ;
#2775 = PRESENTATION_STYLE_ASSIGNMENT (( #3293 ) ) ;
#2776 = CARTESIAN_POINT ( 'NONE',  ( 90.81112267054237464, -127.6234070304053461, 27.96410161513762560 ) ) ;
#2777 = CARTESIAN_POINT ( 'NONE',  ( 102.9678717911443755, -76.98647549158157233, 19.69586255408184527 ) ) ;
#2778 = ORIENTED_EDGE ( 'NONE', *, *, #225, .T. ) ;
#2779 = FACE_OUTER_BOUND ( 'NONE', #91, .T. ) ;
#2780 = ORIENTED_EDGE ( 'NONE', *, *, #1664, .T. ) ;
#2781 =( LENGTH_UNIT ( ) NAMED_UNIT ( * ) SI_UNIT ( .MILLI., .METRE. ) );
#2782 = SURFACE_SIDE_STYLE ('',( #3376 ) ) ;
#2783 = CARTESIAN_POINT ( 'NONE',  ( 81.03304982941284607, -11.27775940312514891, 30.49999999999992184 ) ) ;
#2784 = DIRECTION ( 'NONE',  ( -0.8039168123599899074, 0.5947417580807259352, 0.000000000000000000 ) ) ;
#2785 = MECHANICAL_DESIGN_GEOMETRIC_PRESENTATION_REPRESENTATION (  '', ( #1265 ), #555 ) ;
#2786 =( NAMED_UNIT ( * ) SI_UNIT ( $, .STERADIAN. ) SOLID_ANGLE_UNIT ( ) );
#2787 =( LENGTH_UNIT ( ) NAMED_UNIT ( * ) SI_UNIT ( .MILLI., .METRE. ) );
#2788 = ORIENTED_EDGE ( 'NONE', *, *, #3432, .F. ) ;
#2789 = COLOUR_RGB ( '',0.7529411764705882248, 0.7529411764705882248, 0.7529411764705882248 ) ;
#2790 = DIRECTION ( 'NONE',  ( -0.8039168123599899074, 0.5947417580807259352, 0.000000000000000000 ) ) ;
#2791 = DIRECTION ( 'NONE',  ( 1.000000000000000000, -2.765645758358258580E-32, 6.430602174281444362E-16 ) ) ;
#2792 = CARTESIAN_POINT ( 'NONE',  ( 94.40590712297688469, -76.29132153546780160, 23.93632898219474114 ) ) ;
#2793 = LINE ( 'NONE', #829, #2589 ) ;
#2794 = FILL_AREA_STYLE_COLOUR ( '', #2789 ) ;
#2795 = ORIENTED_EDGE ( 'NONE', *, *, #222, .T. ) ;
#2796 = CARTESIAN_POINT ( 'NONE',  ( 119.4762382952300754, -18.71635921571992256, 18.49999999999984723 ) ) ;
#2797 = VERTEX_POINT ( 'NONE', #3511 ) ;
#2798 = EDGE_CURVE ( 'NONE', #3552, #1630, #978, .T. ) ;
#2799 = ADVANCED_FACE ( 'NONE', ( #1813 ), #135, .F. ) ;
#2800 = CARTESIAN_POINT ( 'NONE',  ( 98.04567565433369225, -34.46320343559617783, 18.50000000000040501 ) ) ;
#2801 = LINE ( 'NONE', #1424, #195 ) ;
#2802 = SURFACE_STYLE_USAGE ( .BOTH. , #3081 ) ;
#2803 =( GEOMETRIC_REPRESENTATION_CONTEXT ( 3 ) GLOBAL_UNCERTAINTY_ASSIGNED_CONTEXT ( ( #3397 ) ) GLOBAL_UNIT_ASSIGNED_CONTEXT ( ( #3313, #1642, #2478 ) ) REPRESENTATION_CONTEXT ( 'NONE', 'WORKASPACE' ) );
#2804 = ADVANCED_FACE ( 'NONE', ( #440 ), #3018, .F. ) ;
#2805 = CARTESIAN_POINT ( 'NONE',  ( 104.0637075440954078, -80.55397110656411996, 30.49999999999998224 ) ) ;
#2806 = CARTESIAN_POINT ( 'NONE',  ( 92.71584792678146414, -137.5591281724409214, 24.50000000000007816 ) ) ;
#2807 = LINE ( 'NONE', #277, #3583 ) ;
#2808 = ORIENTED_EDGE ( 'NONE', *, *, #1865, .T. ) ;
#2809 = CIRCLE ( 'NONE', #1105, 1.749999999999982681 ) ;
#2810 = MECHANICAL_DESIGN_GEOMETRIC_PRESENTATION_REPRESENTATION (  '', ( #926 ), #437 ) ;
#2811 = CARTESIAN_POINT ( 'NONE',  ( 89.34772608373025093, -135.0351425988968117, 22.68494098588824670 ) ) ;
#2812 = SURFACE_STYLE_FILL_AREA ( #3345 ) ;
#2813 = PRESENTATION_LAYER_ASSIGNMENT (  '', '', ( #931 ) ) ;
#2814 = CARTESIAN_POINT ( 'NONE',  ( 79.56204210081841666, -133.9901479631074608, 29.49999999999985789 ) ) ;
#2815 = EDGE_CURVE ( 'NONE', #2694, #1775, #2762, .T. ) ;
#2816 = CIRCLE ( 'NONE', #1983, 1.743370209773072776 ) ;
#2817 = ORIENTED_EDGE ( 'NONE', *, *, #3197, .T. ) ;
#2818 = CARTESIAN_POINT ( 'NONE',  ( 120.6070853995633740, -27.35745699474332326, 30.49999999999966960 ) ) ;
#2819 = ORIENTED_EDGE ( 'NONE', *, *, #1946, .F. ) ;
#2820 = PRODUCT_DEFINITION_FORMATION_WITH_SPECIFIED_SOURCE ( 'ÈÎºÎ', '', #480, .NOT_KNOWN. ) ;
#2821 = FACE_BOUND ( 'NONE', #1165, .T. ) ;
#2822 = CARTESIAN_POINT ( 'NONE',  ( 93.76839126046340311, -78.35020572214698120, 28.49999999999984368 ) ) ;
#2823 = EDGE_CURVE ( 'NONE', #185, #1737, #241, .T. ) ;
#2824 = AXIS2_PLACEMENT_3D ( 'NONE', #1073, #1886, #483 ) ;
#2825 = DIRECTION ( 'NONE',  ( -0.1497831270185397134, 0.9887188755457984035, 0.000000000000000000 ) ) ;
#2826 = COLOUR_RGB ( '',1.000000000000000000, 1.000000000000000000, 1.000000000000000000 ) ;
#2827 = CARTESIAN_POINT ( 'NONE',  ( 6.938893903907228378E-15, 5.551115123125782702E-14, 30.49999999999987566 ) ) ;
#2828 = CARTESIAN_POINT ( 'NONE',  ( 94.47682490516325515, -76.34559384945761451, 24.49999999997710276 ) ) ;
#2829 = CARTESIAN_POINT ( 'NONE',  ( 119.8020728916863931, -112.2342300411675495, 19.49999999999985079 ) ) ;
#2830 = EDGE_LOOP ( 'NONE', ( #2601, #430 ) ) ;
#2831 =( LENGTH_UNIT ( ) NAMED_UNIT ( * ) SI_UNIT ( .MILLI., .METRE. ) );
#2832 = SURFACE_STYLE_USAGE ( .BOTH. , #2567 ) ;
#2833 = LINE ( 'NONE', #1181, #1104 ) ;
#2834 = DIRECTION ( 'NONE',  ( 0.8636007157563790892, 0.2490793119463607930, 0.4383529401126418645 ) ) ;
#2835 = PLANE ( 'NONE',  #628 ) ;
#2836 = ORIENTED_EDGE ( 'NONE', *, *, #2064, .T. ) ;
#2837 = CARTESIAN_POINT ( 'NONE',  ( 105.0874037094733922, -81.46320344612173869, 18.50000000000000711 ) ) ;
#2838 = ORIENTED_EDGE ( 'NONE', *, *, #1446, .T. ) ;
#2839 = CARTESIAN_POINT ( 'NONE',  ( 62.16563300059296893, -149.4152334529424593, 28.15901513314022964 ) ) ;
#2840 = CARTESIAN_POINT ( 'NONE',  ( 101.0505733381277196, -77.98780810671362929, 29.30233502482862207 ) ) ;
#2841 = DIRECTION ( 'NONE',  ( -0.8053300976287623980, -0.2322729276936521259, 0.5454289329636515804 ) ) ;
#2842 = CARTESIAN_POINT ( 'NONE',  ( 119.4762382952300470, -18.71635921571990124, 30.49999999999998579 ) ) ;
#2843 =( NAMED_UNIT ( * ) PLANE_ANGLE_UNIT ( ) SI_UNIT ( $, .RADIAN. ) );
#2844 = CARTESIAN_POINT ( 'NONE',  ( 107.8776047326234959, -127.2299392172739090, 29.50000000000008171 ) ) ;
#2845 = CARTESIAN_POINT ( 'NONE',  ( 93.52647964548401660, -71.76438351961121498, 24.27050660749662114 ) ) ;
#2846 = EDGE_CURVE ( 'NONE', #1014, #2700, #774, .T. ) ;
#2847 =( LENGTH_UNIT ( ) NAMED_UNIT ( * ) SI_UNIT ( .MILLI., .METRE. ) );
#2848 = FACE_OUTER_BOUND ( 'NONE', #2074, .T. ) ;
#2849 = VECTOR ( 'NONE', #1305, 1000.000000000000000 ) ;
#2850 = VERTEX_POINT ( 'NONE', #1627 ) ;
#2851 = CARTESIAN_POINT ( 'NONE',  ( 93.93510789804399508, -75.92909216648025961, 23.10807338797341259 ) ) ;
#2852 = FILL_AREA_STYLE ('',( #2275 ) ) ;
#2853 = ORIENTED_EDGE ( 'NONE', *, *, #2479, .T. ) ;
#2854 = CARTESIAN_POINT ( 'NONE',  ( 81.06265455025477706, -60.40214506729319055, 18.49999999999990763 ) ) ;
#2855 = ORIENTED_EDGE ( 'NONE', *, *, #970, .F. ) ;
#2856 = PLANE ( 'NONE',  #820 ) ;
#2857 = CARTESIAN_POINT ( 'NONE',  ( 94.75230044882567881, -70.18229604223597562, 24.04666944109400362 ) ) ;
#2858 = EDGE_LOOP ( 'NONE', ( #2469, #3058, #2623, #1293 ) ) ;
#2859 = CARTESIAN_POINT ( 'NONE',  ( 120.1663986782423876, -33.35707059482466263, 30.49999999999995026 ) ) ;
#2860 = CARTESIAN_POINT ( 'NONE',  ( 71.50312430531197094, -43.18329962360321872, 30.49999999999998579 ) ) ;
#2861 = CARTESIAN_POINT ( 'NONE',  ( 101.8174444561965117, -78.63262480246586961, 19.43461146493779523 ) ) ;
#2862 =( NAMED_UNIT ( * ) SI_UNIT ( $, .STERADIAN. ) SOLID_ANGLE_UNIT ( ) );
#2863 = ORIENTED_EDGE ( 'NONE', *, *, #1448, .F. ) ;
#2864 = DIRECTION ( 'NONE',  ( 0.1497831270185397412, -0.9887188755457985145, 0.000000000000000000 ) ) ;
#2865 = COLOUR_RGB ( '',0.7529411764705882248, 0.7529411764705882248, 0.7529411764705882248 ) ;
#2866 = FILL_AREA_STYLE_COLOUR ( '', #2340 ) ;
#2867 = EDGE_CURVE ( 'NONE', #3156, #504, #226, .T. ) ;
#2868 = ORIENTED_EDGE ( 'NONE', *, *, #747, .T. ) ;
#2869 = PRESENTATION_LAYER_ASSIGNMENT (  '', '', ( #2746 ) ) ;
#2870 = EDGE_CURVE ( 'NONE', #1234, #1123, #3458, .T. ) ;
#2871 = LINE ( 'NONE', #2814, #1400 ) ;
#2872 =( GEOMETRIC_REPRESENTATION_CONTEXT ( 3 ) GLOBAL_UNCERTAINTY_ASSIGNED_CONTEXT ( ( #3207 ) ) GLOBAL_UNIT_ASSIGNED_CONTEXT ( ( #2286, #2906, #53 ) ) REPRESENTATION_CONTEXT ( 'NONE', 'WORKASPACE' ) );
#2873 = PRESENTATION_STYLE_ASSIGNMENT (( #1736 ) ) ;
#2874 = ORIENTED_EDGE ( 'NONE', *, *, #2921, .T. ) ;
#2875 = SURFACE_STYLE_USAGE ( .BOTH. , #1740 ) ;
#2876 = EDGE_LOOP ( 'NONE', ( #2426, #2314, #3031, #2897 ) ) ;
#2877 = PRESENTATION_LAYER_ASSIGNMENT (  '', '', ( #2463 ) ) ;
#2878 = CARTESIAN_POINT ( 'NONE',  ( 85.10823542438883749, -38.46320343559615651, 18.50000000000018829 ) ) ;
#2879 = DIRECTION ( 'NONE',  ( 0.8039168123599702565, -0.5947417580807525805, 0.000000000000000000 ) ) ;
#2880 = EDGE_LOOP ( 'NONE', ( #2036, #3347, #3438, #2173 ) ) ;
#2881 = ORIENTED_EDGE ( 'NONE', *, *, #3383, .T. ) ;
#2882 =( GEOMETRIC_REPRESENTATION_CONTEXT ( 3 ) GLOBAL_UNCERTAINTY_ASSIGNED_CONTEXT ( ( #2526 ) ) GLOBAL_UNIT_ASSIGNED_CONTEXT ( ( #3092, #3034, #3631 ) ) REPRESENTATION_CONTEXT ( 'NONE', 'WORKASPACE' ) );
#2883 = FACE_BOUND ( 'NONE', #134, .T. ) ;
#2884 = EDGE_CURVE ( 'NONE', #3429, #426, #3274, .T. ) ;
#2885 = CARTESIAN_POINT ( 'NONE',  ( 114.0393134625086304, -91.83610893966594801, 29.49999999999974776 ) ) ;
#2886 = CARTESIAN_POINT ( 'NONE',  ( 91.44850646276931627, -129.8333260111390075, 21.03589838486202979 ) ) ;
#2887 = CARTESIAN_POINT ( 'NONE',  ( 88.36099780451596075, -134.6075113802172325, 29.49999999999963762 ) ) ;
#2888 = CARTESIAN_POINT ( 'NONE',  ( 89.97852524969712817, -76.54107149750031169, 24.49999999999991118 ) ) ;
#2889 = VECTOR ( 'NONE', #813, 1000.000000000000000 ) ;
#2890 = DIRECTION ( 'NONE',  ( 0.8039168123599702565, -0.5947417580807525805, 0.000000000000000000 ) ) ;
#2891 = ORIENTED_EDGE ( 'NONE', *, *, #495, .T. ) ;
#2892 = SURFACE_STYLE_USAGE ( .BOTH. , #1252 ) ;
#2893 = ORIENTED_EDGE ( 'NONE', *, *, #1379, .T. ) ;
#2894 = CARTESIAN_POINT ( 'NONE',  ( 90.66959800960819393, -73.31248534902034919, 28.50000000000008171 ) ) ;
#2895 = DIRECTION ( 'NONE',  ( -0.2771233879245773579, 0.9608343394494204270, 0.000000000000000000 ) ) ;
#2896 =( NAMED_UNIT ( * ) PLANE_ANGLE_UNIT ( ) SI_UNIT ( $, .RADIAN. ) );
#2897 = ORIENTED_EDGE ( 'NONE', *, *, #728, .F. ) ;
#2898 = CARTESIAN_POINT ( 'NONE',  ( 89.97198294617560066, -130.9877177243912740, 43.63192713316127680 ) ) ;
#2899 = SURFACE_SIDE_STYLE ('',( #2600 ) ) ;
#2900 = VERTEX_POINT ( 'NONE', #541 ) ;
#2901 = CARTESIAN_POINT ( 'NONE',  ( 91.99903150182477418, -74.40156283529886139, 25.57698343055435686 ) ) ;
#2902 = PLANE ( 'NONE',  #3421 ) ;
#2903 = CARTESIAN_POINT ( 'NONE',  ( 65.32808469045431821, -52.21048970070861373, 30.50000000000036948 ) ) ;
#2904 = CARTESIAN_POINT ( 'NONE',  ( 88.51580623521527968, -134.5406552096092696, 25.60778280966115616 ) ) ;
#2905 = CARTESIAN_POINT ( 'NONE',  ( 100.4582926939284562, -83.42686931751643442, 28.50000000000008171 ) ) ;
#2906 =( NAMED_UNIT ( * ) PLANE_ANGLE_UNIT ( ) SI_UNIT ( $, .RADIAN. ) );
#2907 = EDGE_LOOP ( 'NONE', ( #1924, #3659, #2927, #781 ) ) ;
#2908 = DIRECTION ( 'NONE',  ( 0.5947417580807525805, 0.8039168123599702565, 0.000000000000000000 ) ) ;
#2909 = CARTESIAN_POINT ( 'NONE',  ( 96.42997073470212399, -129.1251079263496990, 29.49999999999963762 ) ) ;
#2910 = CARTESIAN_POINT ( 'NONE',  ( 104.9281602622188814, -81.32112053021663201, 18.49999999999996803 ) ) ;
#2911 = ORIENTED_EDGE ( 'NONE', *, *, #3383, .F. ) ;
#2912 = SURFACE_SIDE_STYLE ('',( #3431 ) ) ;
#2913 = SURFACE_SIDE_STYLE ('',( #1545 ) ) ;
#2914 = ORIENTED_EDGE ( 'NONE', *, *, #3087, .T. ) ;
#2915 = EDGE_CURVE ( 'NONE', #2995, #3372, #1885, .T. ) ;
#2916 = DIRECTION ( 'NONE',  ( 1.069224673517275008E-30, 1.000000000000000000, -1.619705569875463962E-15 ) ) ;
#2917 = CARTESIAN_POINT ( 'NONE',  ( 97.40814435690830919, -72.38330776875517358, 24.49999999997732303 ) ) ;
#2918 = CARTESIAN_POINT ( 'NONE',  ( 88.10823542438878064, -34.46320343559614230, 24.50000000000002132 ) ) ;
#2919 = FILL_AREA_STYLE ('',( #2050 ) ) ;
#2920 = CARTESIAN_POINT ( 'NONE',  ( 89.59292893253670798, -74.60544639630791153, 20.50000000000046185 ) ) ;
#2921 = EDGE_CURVE ( 'NONE', #2617, #1945, #846, .T. ) ;
#2922 = ORIENTED_EDGE ( 'NONE', *, *, #2609, .F. ) ;
#2923 = DIRECTION ( 'NONE',  ( -0.8039168123599691462, 0.5947417580807540238, 0.000000000000000000 ) ) ;
#2924 = SURFACE_STYLE_USAGE ( .BOTH. , #1541 ) ;
#2925 = COLOUR_RGB ( '',0.7529411764705882248, 0.7529411764705882248, 0.7529411764705882248 ) ;
#2926 = SURFACE_STYLE_USAGE ( .BOTH. , #1269 ) ;
#2927 = ORIENTED_EDGE ( 'NONE', *, *, #2108, .F. ) ;
#2928 = EDGE_CURVE ( 'NONE', #597, #795, #2871, .T. ) ;
#2929 = CARTESIAN_POINT ( 'NONE',  ( 92.66083312904717673, -136.5560526409704494, 21.03589838486236019 ) ) ;
#2930 = STYLED_ITEM ( 'NONE', ( #1839 ), #2464 ) ;
#2931 = CARTESIAN_POINT ( 'NONE',  ( 89.38978525984583712, -74.84939958618370781, 19.16666666666712970 ) ) ;
#2932 = ORIENTED_EDGE ( 'NONE', *, *, #574, .T. ) ;
#2933 = PRESENTATION_STYLE_ASSIGNMENT (( #2341 ) ) ;
#2934 = CARTESIAN_POINT ( 'NONE',  ( 84.55983885229360908, 12.38102316101408995, 30.50000000000010303 ) ) ;
#2935 = STYLED_ITEM ( 'NONE', ( #3363 ), #3208 ) ;
#2936 = CARTESIAN_POINT ( 'NONE',  ( 91.94733802465135852, -71.77806023809861813, 28.50000000000006750 ) ) ;
#2937 = CARTESIAN_POINT ( 'NONE',  ( 105.7358882869222185, -82.19082654858556225, 29.49999999999980460 ) ) ;
#2938 = SURFACE_STYLE_USAGE ( .BOTH. , #1805 ) ;
#2939 = CARTESIAN_POINT ( 'NONE',  ( 93.51774495058197090, -71.75708217521233223, 24.73138073311922724 ) ) ;
#2940 = ORIENTED_EDGE ( 'NONE', *, *, #1986, .T. ) ;
#2941 = STYLED_ITEM ( 'NONE', ( #3255 ), #1462 ) ;
#2942 =( LENGTH_UNIT ( ) NAMED_UNIT ( * ) SI_UNIT ( .MILLI., .METRE. ) );
#2943 = CYLINDRICAL_SURFACE ( 'NONE', #729, 3.852710664767962978 ) ;
#2944 =( NAMED_UNIT ( * ) SI_UNIT ( $, .STERADIAN. ) SOLID_ANGLE_UNIT ( ) );
#2945 = MECHANICAL_DESIGN_GEOMETRIC_PRESENTATION_REPRESENTATION (  '', ( #2473 ), #1815 ) ;
#2946 = CARTESIAN_POINT ( 'NONE',  ( 81.03304982941287449, -11.27775940312517022, 18.49999999999989697 ) ) ;
#2947 = ORIENTED_EDGE ( 'NONE', *, *, #1197, .F. ) ;
#2948 = CARTESIAN_POINT ( 'NONE',  ( 91.94733802465137273, -71.77806023809861813, 28.50000000000008171 ) ) ;
#2949 = EDGE_LOOP ( 'NONE', ( #318, #2922, #612, #3292 ) ) ;
#2950 = PLANE ( 'NONE',  #227 ) ;
#2951 = CARTESIAN_POINT ( 'NONE',  ( 101.5507013574234918, -81.46320343559541755, 30.50000000000030553 ) ) ;
#2952 = PLANE ( 'NONE',  #1683 ) ;
#2953 = SURFACE_STYLE_FILL_AREA ( #2919 ) ;
#2954 = CARTESIAN_POINT ( 'NONE',  ( 71.32445151788652993, -13.30166356738573619, 30.49999999999989697 ) ) ;
#2955 = DIRECTION ( 'NONE',  ( -0.2771233879245773024, 0.9608343394494204270, 0.000000000000000000 ) ) ;
#2956 = ORIENTED_EDGE ( 'NONE', *, *, #96, .T. ) ;
#2957 = EDGE_CURVE ( 'NONE', #881, #1570, #3656, .T. ) ;
#2958 = SURFACE_SIDE_STYLE ('',( #3507 ) ) ;
#2959 = DIRECTION ( 'NONE',  ( 0.8744606224002151595, 0.000000000000000000, 0.4850965057299716499 ) ) ;
#2960 = ORIENTED_EDGE ( 'NONE', *, *, #401, .T. ) ;
#2961 = PRESENTATION_LAYER_ASSIGNMENT (  '', '', ( #1265 ) ) ;
#2962 = PRESENTATION_STYLE_ASSIGNMENT (( #2371 ) ) ;
#2963 = ORIENTED_EDGE ( 'NONE', *, *, #3279, .T. ) ;
#2965 = CARTESIAN_POINT ( 'NONE',  ( 91.21280960286749462, -76.33477538511797889, 26.02947147662757388 ) ) ;
#2964 = PRESENTATION_LAYER_ASSIGNMENT (  '', '', ( #2016 ) ) ;
#2966 = DIRECTION ( 'NONE',  ( 0.4211845576588412743, 0.1214778518707158306, -0.8988029260603253023 ) ) ;
#2967 = CARTESIAN_POINT ( 'NONE',  ( 104.5285972777639358, -81.08574000299762474, 29.49999999999985789 ) ) ;
#2968 = AXIS2_PLACEMENT_3D ( 'NONE', #2096, #2916, #2078 ) ;
#2969 = ORIENTED_EDGE ( 'NONE', *, *, #920, .F. ) ;
#2970 = CARTESIAN_POINT ( 'NONE',  ( 92.71584792678146414, -137.5591281724409214, 24.50000000000007816 ) ) ;
#2971 = AXIS2_PLACEMENT_3D ( 'NONE', #1908, #803, #1301 ) ;
#2972 = CARTESIAN_POINT ( 'NONE',  ( 104.5285972777639358, -81.08574000299762474, 29.49999999999985789 ) ) ;
#2973 = EDGE_CURVE ( 'NONE', #2288, #230, #2536, .T. ) ;
#2974 = CARTESIAN_POINT ( 'NONE',  ( 95.54239135009807171, -73.43719527526893387, 26.01877365741952985 ) ) ;
#2975 = ORIENTED_EDGE ( 'NONE', *, *, #2483, .T. ) ;
#2976 = CARTESIAN_POINT ( 'NONE',  ( 88.56600344442063033, -130.6646961749127343, 26.23205080756873997 ) ) ;
#2977 =( LENGTH_UNIT ( ) NAMED_UNIT ( * ) SI_UNIT ( .MILLI., .METRE. ) );
#2978 = SURFACE_SIDE_STYLE ('',( #1810 ) ) ;
#2979 = EDGE_CURVE ( 'NONE', #3007, #2290, #2833, .T. ) ;
#2980 = CARTESIAN_POINT ( 'NONE',  ( 112.8663155788789965, -38.17371018110074488, 18.49999999999996803 ) ) ;
#2981 = EDGE_LOOP ( 'NONE', ( #1328, #418, #3441, #1480 ) ) ;
#2982 = CARTESIAN_POINT ( 'NONE',  ( 124.8050497606309222, -39.54186458755393829, 18.50000000000001066 ) ) ;
#2983 = CARTESIAN_POINT ( 'NONE',  ( 123.2459524084726183, -20.10840188772612080, 30.50000000000002842 ) ) ;
#2984 = ORIENTED_EDGE ( 'NONE', *, *, #2064, .F. ) ;
#2985 = CARTESIAN_POINT ( 'NONE',  ( 101.7766535200589715, -78.59816249798878118, 19.17408419701961719 ) ) ;
#2986 =( GEOMETRIC_REPRESENTATION_CONTEXT ( 3 ) GLOBAL_UNCERTAINTY_ASSIGNED_CONTEXT ( ( #2416 ) ) GLOBAL_UNIT_ASSIGNED_CONTEXT ( ( #2991, #1583, #2195 ) ) REPRESENTATION_CONTEXT ( 'NONE', 'WORKASPACE' ) );
#2987 = VECTOR ( 'NONE', #1364, 999.9999999999998863 ) ;
#2988 = CARTESIAN_POINT ( 'NONE',  ( 140.1180656415846215, -20.52956620466592952, 18.50000000000021672 ) ) ;
#2989 = CARTESIAN_POINT ( 'NONE',  ( 91.38537967132708673, -77.58186957414156382, 24.49999999999991118 ) ) ;
#2990 = CARTESIAN_POINT ( 'NONE',  ( 4.163336342344337027E-14, 2.775557561562891351E-14, 18.49999999999985079 ) ) ;
#2991 =( LENGTH_UNIT ( ) NAMED_UNIT ( * ) SI_UNIT ( .MILLI., .METRE. ) );
#2992 = ADVANCED_FACE ( 'NONE', ( #594 ), #1106, .T. ) ;
#2993 = VECTOR ( 'NONE', #325, 1000.000000000000000 ) ;
#2994 = CARTESIAN_POINT ( 'NONE',  ( 103.2790984090788271, -80.16135436700132288, 20.50000000000001776 ) ) ;
#2995 = VERTEX_POINT ( 'NONE', #972 ) ;
#2996 = CARTESIAN_POINT ( 'NONE',  ( 102.9678717911442476, -76.98647549158144443, 29.69586255408161080 ) ) ;
#2997 = PRESENTATION_STYLE_ASSIGNMENT (( #2403 ) ) ;
#2998 = EDGE_CURVE ( 'NONE', #757, #3202, #3210, .T. ) ;
#2999 = CARTESIAN_POINT ( 'NONE',  ( 92.11671541870725832, -133.6042526702576652, 24.50000000000007816 ) ) ;
#3000 = EDGE_LOOP ( 'NONE', ( #1405, #81, #760, #1655 ) ) ;
#3001 = DIRECTION ( 'NONE',  ( -0.8307954041725078564, -0.1258589641882746080, -0.5421609701364473732 ) ) ;
#3002 =( GEOMETRIC_REPRESENTATION_CONTEXT ( 3 ) GLOBAL_UNCERTAINTY_ASSIGNED_CONTEXT ( ( #1854 ) ) GLOBAL_UNIT_ASSIGNED_CONTEXT ( ( #2388, #3216, #717 ) ) REPRESENTATION_CONTEXT ( 'NONE', 'WORKASPACE' ) );
#3003 = LINE ( 'NONE', #2720, #2889 ) ;
#3004 = FACE_OUTER_BOUND ( 'NONE', #1782, .T. ) ;
#3005 = EDGE_LOOP ( 'NONE', ( #2401, #1746, #981, #1486 ) ) ;
#3006 = CARTESIAN_POINT ( 'NONE',  ( 69.70813692268121997, -1.237079390996667527, 30.49999999999993605 ) ) ;
#3007 = VERTEX_POINT ( 'NONE', #3497 ) ;
#3008 =( LENGTH_UNIT ( ) NAMED_UNIT ( * ) SI_UNIT ( .MILLI., .METRE. ) );
#3009 =( LENGTH_UNIT ( ) NAMED_UNIT ( * ) SI_UNIT ( .MILLI., .METRE. ) );
#3010 = DIRECTION ( 'NONE',  ( 0.2771233879245773579, -0.9608343394494204270, 0.000000000000000000 ) ) ;
#3011 = DIRECTION ( 'NONE',  ( 6.430602174281444362E-16, -1.632383628856058256E-15, -1.000000000000000000 ) ) ;
#3012 = CARTESIAN_POINT ( 'NONE',  ( 131.1897452970536904, -13.11207727021475300, 18.49999999999996092 ) ) ;
#3013 = UNCERTAINTY_MEASURE_WITH_UNIT (LENGTH_MEASURE( 1.000000000000000082E-05 ), #1777, 'distance_accuracy_value', 'NONE');
#3014 = FILL_AREA_STYLE ('',( #537 ) ) ;
#3015 = DIRECTION ( 'NONE',  ( 0.5391194148987029644, -0.8422293372231106634, 0.000000000000000000 ) ) ;
#3016 = DIRECTION ( 'NONE',  ( 0.000000000000000000, 0.000000000000000000, 1.000000000000000000 ) ) ;
#3017 = ORIENTED_EDGE ( 'NONE', *, *, #3476, .T. ) ;
#3018 = CYLINDRICAL_SURFACE ( 'NONE', #2389, 1.749999999999994671 ) ;
#3019 = DIRECTION ( 'NONE',  ( 0.000000000000000000, 0.000000000000000000, 1.000000000000000000 ) ) ;
#3020 = CARTESIAN_POINT ( 'NONE',  ( 89.97198294617606962, -130.9877177243912740, 5.368072866838824453 ) ) ;
#3021 = ORIENTED_EDGE ( 'NONE', *, *, #517, .T. ) ;
#3022 = LINE ( 'NONE', #3278, #1233 ) ;
#3023 = ORIENTED_EDGE ( 'NONE', *, *, #1390, .F. ) ;
#3024 = DIRECTION ( 'NONE',  ( 0.000000000000000000, 0.000000000000000000, -1.000000000000000000 ) ) ;
#3025 = EDGE_CURVE ( 'NONE', #2328, #2382, #1619, .T. ) ;
#3026 = VECTOR ( 'NONE', #916, 1000.000000000000000 ) ;
#3027 = CARTESIAN_POINT ( 'NONE',  ( 101.7016341282270844, -36.61817926502256171, 18.49999999999994671 ) ) ;
#3028 = SURFACE_STYLE_FILL_AREA ( #2434 ) ;
#3029 = CARTESIAN_POINT ( 'NONE',  ( 90.66959800960306382, -73.31248534901604330, 18.50000000000023803 ) ) ;
#3030 = CARTESIAN_POINT ( 'NONE',  ( 105.0874036976765495, -81.46320343559615651, 18.50000000000001066 ) ) ;
#3031 = ORIENTED_EDGE ( 'NONE', *, *, #3655, .F. ) ;
#3032 = CARTESIAN_POINT ( 'NONE',  ( 81.06265455025477706, -60.40214506729319055, 18.50000000000002487 ) ) ;
#3033 = LINE ( 'NONE', #477, #1458 ) ;
#3034 =( NAMED_UNIT ( * ) PLANE_ANGLE_UNIT ( ) SI_UNIT ( $, .RADIAN. ) );
#3035 = ADVANCED_FACE ( 'NONE', ( #386 ), #690, .F. ) ;
#3036 = CARTESIAN_POINT ( 'NONE',  ( 131.1897452970536904, -13.11207727021475300, 18.49999999999996092 ) ) ;
#3037 = FACE_OUTER_BOUND ( 'NONE', #1578, .T. ) ;
#3038 = FILL_AREA_STYLE ('',( #2794 ) ) ;
#3039 = ORIENTED_EDGE ( 'NONE', *, *, #112, .T. ) ;
#3040 = CARTESIAN_POINT ( 'NONE',  ( 6.938893903907228378E-15, -81.46320343559614230, 30.49999999999998579 ) ) ;
#3041 = ORIENTED_EDGE ( 'NONE', *, *, #1539, .F. ) ;
#3042 =( NAMED_UNIT ( * ) SI_UNIT ( $, .STERADIAN. ) SOLID_ANGLE_UNIT ( ) );
#3043 =( GEOMETRIC_REPRESENTATION_CONTEXT ( 3 ) GLOBAL_UNCERTAINTY_ASSIGNED_CONTEXT ( ( #2045 ) ) GLOBAL_UNIT_ASSIGNED_CONTEXT ( ( #403, #3249, #74 ) ) REPRESENTATION_CONTEXT ( 'NONE', 'WORKASPACE' ) );
#3044 = PRESENTATION_LAYER_ASSIGNMENT (  '', '', ( #2452 ) ) ;
#3045 = FILL_AREA_STYLE ('',( #1097 ) ) ;
#3046 = CARTESIAN_POINT ( 'NONE',  ( 4.163336342344337027E-14, 2.775557561562891351E-14, 20.49999999999985079 ) ) ;
#3047 = VECTOR ( 'NONE', #1835, 1000.000000000000114 ) ;
#3048 = CARTESIAN_POINT ( 'NONE',  ( 92.24200074518137171, -133.6815034727339651, 19.50000000000007105 ) ) ;
#3049 = CARTESIAN_POINT ( 'NONE',  ( 101.0923931230270938, -78.02281739514691594, 19.69637989675727496 ) ) ;
#3050 = UNCERTAINTY_MEASURE_WITH_UNIT (LENGTH_MEASURE( 1.000000000000000082E-05 ), #3632, 'distance_accuracy_value', 'NONE');
#3051 = VECTOR ( 'NONE', #2579, 1000.000000000000000 ) ;
#3052 = DIRECTION ( 'NONE',  ( -6.211436267236830770E-16, 1.619705569875463962E-15, 1.000000000000000000 ) ) ;
#3053 = CARTESIAN_POINT ( 'NONE',  ( 116.5472208553410240, -33.33887755616852644, 18.50000000000021672 ) ) ;
#3054 = FACE_OUTER_BOUND ( 'NONE', #23, .T. ) ;
#3055 = CARTESIAN_POINT ( 'NONE',  ( 94.68264801645275952, -69.02477728851461336, 18.49999999999999645 ) ) ;
#3056 = DIRECTION ( 'NONE',  ( -0.6536979505629421094, -0.7567555678221397075, 0.000000000000000000 ) ) ;
#3057 = DIRECTION ( 'NONE',  ( 1.000000000000000000, 0.000000000000000000, 0.000000000000000000 ) ) ;
#3058 = ORIENTED_EDGE ( 'NONE', *, *, #2715, .F. ) ;
#3059 = CARTESIAN_POINT ( 'NONE',  ( 98.80075512855039221, -85.34572309454630101, 20.50000000000007461 ) ) ;
#3060 = ORIENTED_EDGE ( 'NONE', *, *, #1865, .F. ) ;
#3061 = CARTESIAN_POINT ( 'NONE',  ( 93.14653464521222759, -77.84586275444041803, 25.27581488658515951 ) ) ;
#3062 = VECTOR ( 'NONE', #2879, 999.9999999999998863 ) ;
#3063 = STYLED_ITEM ( 'NONE', ( #1667 ), #1276 ) ;
#3064 = DIRECTION ( 'NONE',  ( -1.000000000000000000, -1.077512431230946038E-30, -6.211436267236830770E-16 ) ) ;
#3065 = PRESENTATION_STYLE_ASSIGNMENT (( #1876 ) ) ;
#3066 = DIRECTION ( 'NONE',  ( 6.430602174281444362E-16, -1.632383628856058256E-15, -1.000000000000000000 ) ) ;
#3067 = CARTESIAN_POINT ( 'NONE',  ( 105.0948894753213381, -8.343493181003260872, 30.49999999999990763 ) ) ;
#3068 = DIRECTION ( 'NONE',  ( 6.430602174281444362E-16, -1.632383628856058256E-15, -1.000000000000000000 ) ) ;
#3069 = CARTESIAN_POINT ( 'NONE',  ( 98.21995897282290855, -34.46320343559615651, 14.40537148044328930 ) ) ;
#3070 =( NAMED_UNIT ( * ) PLANE_ANGLE_UNIT ( ) SI_UNIT ( $, .RADIAN. ) );
#3071 = EDGE_CURVE ( 'NONE', #40, #2797, #1280, .T. ) ;
#3072 =( NAMED_UNIT ( * ) SI_UNIT ( $, .STERADIAN. ) SOLID_ANGLE_UNIT ( ) );
#3073 = CARTESIAN_POINT ( 'NONE',  ( 92.91344503039900360, -75.13116614987485775, 22.75011231242989851 ) ) ;
#3074 = FILL_AREA_STYLE_COLOUR ( '', #3544 ) ;
#3075 = CARTESIAN_POINT ( 'NONE',  ( 102.2840199518552851, -76.41208313984195399, 19.69637624050022495 ) ) ;
#3076 = VERTEX_POINT ( 'NONE', #711 ) ;
#3077 = CARTESIAN_POINT ( 'NONE',  ( 101.7016341295115183, -36.61817925568688281, 18.49999999999990408 ) ) ;
#3078 = ORIENTED_EDGE ( 'NONE', *, *, #1986, .F. ) ;
#3079 = PRESENTATION_STYLE_ASSIGNMENT (( #252 ) ) ;
#3080 = CARTESIAN_POINT ( 'NONE',  ( 101.5924421160114548, -5.244943734768109600, 30.50000000000016698 ) ) ;
#3081 = SURFACE_SIDE_STYLE ('',( #1933 ) ) ;
#3082 = UNCERTAINTY_MEASURE_WITH_UNIT (LENGTH_MEASURE( 1.000000000000000082E-05 ), #2304, 'distance_accuracy_value', 'NONE');
#3083 = VECTOR ( 'NONE', #420, 1000.000000000000000 ) ;
#3084 = CARTESIAN_POINT ( 'NONE',  ( 70.95828363653424731, -33.96774037367854504, 30.49999999999996447 ) ) ;
#3085 = FILL_AREA_STYLE_COLOUR ( '', #3181 ) ;
#3086 = FILL_AREA_STYLE_COLOUR ( '', #1563 ) ;
#3087 = EDGE_CURVE ( 'NONE', #1978, #597, #2594, .T. ) ;
#3088 = CARTESIAN_POINT ( 'NONE',  ( 94.03679800842743930, -72.19002715731355124, 23.10053466523175558 ) ) ;
#3089 = AXIS2_PLACEMENT_3D ( 'NONE', #1386, #1629, #3057 ) ;
#3090 = CARTESIAN_POINT ( 'NONE',  ( 90.12321696096367418, -75.46013974302877614, 20.50000000000001421 ) ) ;
#3091 = FILL_AREA_STYLE ('',( #827 ) ) ;
#3092 =( LENGTH_UNIT ( ) NAMED_UNIT ( * ) SI_UNIT ( .MILLI., .METRE. ) );
#3093 = CARTESIAN_POINT ( 'NONE',  ( 92.06164041288612054, -74.45188240259501811, 23.34296398710533893 ) ) ;
#3094 = FILL_AREA_STYLE_COLOUR ( '', #3566 ) ;
#3095 = DIRECTION ( 'NONE',  ( -0.7884429088662168184, -0.1194428945238693446, -0.6033996804824629523 ) ) ;
#3096 = ORIENTED_EDGE ( 'NONE', *, *, #2957, .T. ) ;
#3097 = ADVANCED_FACE ( 'NONE', ( #2308 ), #2107, .T. ) ;
#3098 = CARTESIAN_POINT ( 'NONE',  ( 101.7198319085811420, -36.62068298456377136, 18.49999999999990052 ) ) ;
#3099 = VERTEX_POINT ( 'NONE', #1303 ) ;
#3100 = FACE_OUTER_BOUND ( 'NONE', #485, .T. ) ;
#3101 = CARTESIAN_POINT ( 'NONE',  ( 94.77820129458005738, -70.20395550901262993, 23.93544746888415276 ) ) ;
#3102 = CARTESIAN_POINT ( 'NONE',  ( 91.64713793998004121, -130.5045703095644285, 24.49999999999980105 ) ) ;
#3103 = AXIS2_PLACEMENT_3D ( 'NONE', #419, #1503, #2646 ) ;
#3104 = VECTOR ( 'NONE', #1195, 1000.000000000000000 ) ;
#3105 = PLANE ( 'NONE',  #3416 ) ;
#3106 = FACE_OUTER_BOUND ( 'NONE', #2907, .T. ) ;
#3107 = EDGE_CURVE ( 'NONE', #991, #43, #1086, .T. ) ;
#3108 = ORIENTED_EDGE ( 'NONE', *, *, #3139, .T. ) ;
#3109 = MECHANICAL_DESIGN_GEOMETRIC_PRESENTATION_REPRESENTATION (  '', ( #1513 ), #2986 ) ;
#3110 = CARTESIAN_POINT ( 'NONE',  ( 95.94586176780612163, -73.76991586950754254, 25.57565795595188973 ) ) ;
#3111 = CARTESIAN_POINT ( 'NONE',  ( 91.86321099172737092, -74.29177177301558288, 23.72377687078460085 ) ) ;
#3112 = PRESENTATION_LAYER_ASSIGNMENT (  '', '', ( #2935 ) ) ;
#3113 =( NAMED_UNIT ( * ) PLANE_ANGLE_UNIT ( ) SI_UNIT ( $, .RADIAN. ) );
#3114 = FACE_OUTER_BOUND ( 'NONE', #137, .T. ) ;
#3115 = EDGE_LOOP ( 'NONE', ( #878, #95, #3427, #385 ) ) ;
#3116 = DIRECTION ( 'NONE',  ( -0.6536979505629421094, -0.7567555678221397075, 0.000000000000000000 ) ) ;
#3117 = ORIENTED_EDGE ( 'NONE', *, *, #143, .F. ) ;
#3118 = COLOUR_RGB ( '',0.7529411764705882248, 0.7529411764705882248, 0.7529411764705882248 ) ;
#3119 = LINE ( 'NONE', #1456, #93 ) ;
#3120 = CARTESIAN_POINT ( 'NONE',  ( 95.88025287032525057, -71.12135529698834091, 22.75009220357544137 ) ) ;
#3121 = EDGE_CURVE ( 'NONE', #1760, #1864, #2550, .T. ) ;
#3122 = VECTOR ( 'NONE', #3275, 1000.000000000000000 ) ;
#3123 = CARTESIAN_POINT ( 'NONE',  ( 73.99484937687850561, -57.56321776288772440, 30.50000000000023448 ) ) ;
#3124 = VECTOR ( 'NONE', #1580, 1000.000000000000114 ) ;
#3125 = DIRECTION ( 'NONE',  ( -0.8039168123599970128, 0.5947417580807164983, 0.000000000000000000 ) ) ;
#3126 = CARTESIAN_POINT ( 'NONE',  ( 84.91047611743842083, -135.2565152010340626, 29.50000000000008171 ) ) ;
#3127 = VERTEX_POINT ( 'NONE', #3344 ) ;
#3128 = PRESENTATION_STYLE_ASSIGNMENT (( #2832 ) ) ;
#3129 = ORIENTED_EDGE ( 'NONE', *, *, #1354, .T. ) ;
#3130 = DIRECTION ( 'NONE',  ( -0.8422546816735544395, -0.1275949545288363185, -0.5237619485775609762 ) ) ;
#3131 = DIRECTION ( 'NONE',  ( 1.069224673517275008E-30, 1.000000000000000000, -1.619705569875463962E-15 ) ) ;
#3132 = SURFACE_SIDE_STYLE ('',( #3462 ) ) ;
#3133 = VERTEX_POINT ( 'NONE', #3560 ) ;
#3134 = CARTESIAN_POINT ( 'NONE',  ( 70.95828363653434678, -33.96774037367854504, 30.49999999999983658 ) ) ;
#3135 = VERTEX_POINT ( 'NONE', #2976 ) ;
#3136 = DIRECTION ( 'NONE',  ( 0.9887188755457984035, 0.1497831270185397412, 2.958987444119658892E-16 ) ) ;
#3137 = CARTESIAN_POINT ( 'NONE',  ( 97.40814435690715811, -72.38330776875420725, 24.38569657375266431 ) ) ;
#3138 = CARTESIAN_POINT ( 'NONE',  ( 116.7412515742839645, -119.0285142325294032, 19.50000000000007105 ) ) ;
#3139 = EDGE_CURVE ( 'NONE', #602, #833, #2603, .T. ) ;
#3140 = EDGE_CURVE ( 'NONE', #662, #1038, #1287, .T. ) ;
#3141 = LINE ( 'NONE', #15, #1337 ) ;
#3142 = DIRECTION ( 'NONE',  ( 0.8307954041725084116, 0.1258589641882747190, -0.5421609701364468181 ) ) ;
#3143 = CARTESIAN_POINT ( 'NONE',  ( 80.53902583302992468, -135.8885322130081477, 29.49999999999963762 ) ) ;
#3144 = CARTESIAN_POINT ( 'NONE',  ( 89.38978525316667856, -74.84939958062184928, 20.50000000000001776 ) ) ;
#3145 = LINE ( 'NONE', #609, #1463 ) ;
#3146 = DIRECTION ( 'NONE',  ( -0.2771233879245773024, 0.9608343394494205381, 0.000000000000000000 ) ) ;
#3147 = VECTOR ( 'NONE', #2353, 1000.000000000000000 ) ;
#3148 = VERTEX_POINT ( 'NONE', #730 ) ;
#3149 = CARTESIAN_POINT ( 'NONE',  ( 93.78508026369780737, -75.81293801766443607, 22.98138216373107667 ) ) ;
#3150 = EDGE_LOOP ( 'NONE', ( #2984, #850, #1267, #457 ) ) ;
#3151 = CARTESIAN_POINT ( 'NONE',  ( 92.83006757071537152, -75.08434909079275599, 28.50000000000021316 ) ) ;
#3152 = DIRECTION ( 'NONE',  ( 0.000000000000000000, 0.000000000000000000, -1.000000000000000000 ) ) ;
#3153 = ORIENTED_EDGE ( 'NONE', *, *, #2754, .T. ) ;
#3154 = COLOUR_RGB ( '',1.000000000000000000, 1.000000000000000000, 1.000000000000000000 ) ;
#3155 = CARTESIAN_POINT ( 'NONE',  ( 96.79408739628743774, -130.1591348673015602, 19.49999999999957367 ) ) ;
#3156 = VERTEX_POINT ( 'NONE', #2695 ) ;
#3157 = ADVANCED_FACE ( 'NONE', ( #1398 ), #2514, .F. ) ;
#3158 = DIRECTION ( 'NONE',  ( 0.9887188755457984035, 0.1497831270185397134, 0.000000000000000000 ) ) ;
#3159 = LINE ( 'NONE', #2018, #46 ) ;
#3160 = ORIENTED_EDGE ( 'NONE', *, *, #1539, .T. ) ;
#3161 = ORIENTED_EDGE ( 'NONE', *, *, #1501, .F. ) ;
#3162 = CARTESIAN_POINT ( 'NONE',  ( 98.21995897282290855, -34.46320343559615651, 14.40537148044328930 ) ) ;
#3163 = UNCERTAINTY_MEASURE_WITH_UNIT (LENGTH_MEASURE( 1.000000000000000082E-05 ), #1962, 'distance_accuracy_value', 'NONE');
#3164 = CARTESIAN_POINT ( 'NONE',  ( 96.73352758480551472, -71.82711381459571953, 26.01877841381385537 ) ) ;
#3165 = DIRECTION ( 'NONE',  ( 0.1497831270185359942, -0.9887188755457990696, 3.397234079277621372E-15 ) ) ;
#3166 = CARTESIAN_POINT ( 'NONE',  ( 93.69362568889050635, -126.7920368666316193, 22.76794919243096871 ) ) ;
#3167 = CARTESIAN_POINT ( 'NONE',  ( 96.07999542890026135, -73.88041131389296368, 23.72385153207286024 ) ) ;
#3168 = UNCERTAINTY_MEASURE_WITH_UNIT (LENGTH_MEASURE( 1.000000000000000082E-05 ), #1099, 'distance_accuracy_value', 'NONE');
#3169 = PRESENTATION_LAYER_ASSIGNMENT (  '', '', ( #434 ) ) ;
#3170 = CARTESIAN_POINT ( 'NONE',  ( 98.06289597545672621, -81.46320427055469793, 28.50000000000023448 ) ) ;
#3171 = ORIENTED_EDGE ( 'NONE', *, *, #2815, .T. ) ;
#3172 = AXIS2_PLACEMENT_3D ( 'NONE', #1064, #1043, #3575 ) ;
#3173 = PRESENTATION_LAYER_ASSIGNMENT (  '', '', ( #926 ) ) ;
#3174 = DIRECTION ( 'NONE',  ( 0.8744606224002137163, 0.000000000000000000, -0.4850965057299740923 ) ) ;
#3175 = VERTEX_POINT ( 'NONE', #1101 ) ;
#3176 = FILL_AREA_STYLE ('',( #1923 ) ) ;
#3177 = MECHANICAL_DESIGN_GEOMETRIC_PRESENTATION_REPRESENTATION (  '', ( #2930 ), #1976 ) ;
#3178 = ORIENTED_EDGE ( 'NONE', *, *, #1072, .T. ) ;
#3179 = CARTESIAN_POINT ( 'NONE',  ( 93.51245911173310787, -71.77646276810924064, 18.50000000000012434 ) ) ;
#3180 = ORIENTED_EDGE ( 'NONE', *, *, #2798, .F. ) ;
#3181 = COLOUR_RGB ( '',0.2000000000000000111, 0.2000000000000000111, 0.2000000000000000111 ) ;
#3182 = SURFACE_SIDE_STYLE ('',( #2406 ) ) ;
#3183 = CARTESIAN_POINT ( 'NONE',  ( 103.2552023107991630, -82.63149550843165514, 29.49999999999985789 ) ) ;
#3184 = EDGE_LOOP ( 'NONE', ( #3446, #3570, #622, #2539, #1831, #3214, #60, #2853, #25, #2076, #313, #1529, #2350 ) ) ;
#3185 = AXIS2_PLACEMENT_3D ( 'NONE', #2999, #166, #1050 ) ;
#3186 = CARTESIAN_POINT ( 'NONE',  ( 94.19851324389267688, -76.13226661451994914, 25.57531214908134842 ) ) ;
#3187 = CARTESIAN_POINT ( 'NONE',  ( 97.37265955484055269, -72.35408607534623115, 24.95888572742703104 ) ) ;
#3188 = CARTESIAN_POINT ( 'NONE',  ( 124.8050497606306379, -39.54186458755403777, 30.50000000000000711 ) ) ;
#3189 = FILL_AREA_STYLE ('',( #929 ) ) ;
#3190 = DIRECTION ( 'NONE',  ( -0.2771233879245773024, 0.9608343394494204270, 0.000000000000000000 ) ) ;
#3191 = CARTESIAN_POINT ( 'NONE',  ( 92.26649854572583820, -134.5929715458034650, 24.50000000000007816 ) ) ;
#3192 = ORIENTED_EDGE ( 'NONE', *, *, #1723, .F. ) ;
#3193 = SURFACE_STYLE_FILL_AREA ( #2383 ) ;
#3194 = DIRECTION ( 'NONE',  ( 0.8039168123599895743, -0.5947417580807264903, 0.000000000000000000 ) ) ;
#3195 = CARTESIAN_POINT ( 'NONE',  ( 98.23105383769991761, -34.48053618309823776, 18.49999999999989697 ) ) ;
#3196 = EDGE_CURVE ( 'NONE', #392, #8, #2774, .T. ) ;
#3197 = EDGE_CURVE ( 'NONE', #1343, #1180, #1124, .T. ) ;
#3198 = CARTESIAN_POINT ( 'NONE',  ( 98.00752053689920729, -75.46157314589055431, 18.50000000000034461 ) ) ;
#3199 = ORIENTED_EDGE ( 'NONE', *, *, #1710, .F. ) ;
#3200 = LINE ( 'NONE', #660, #3423 ) ;
#3201 = LINE ( 'NONE', #700, #3122 ) ;
#3202 = VERTEX_POINT ( 'NONE', #238 ) ;
#3203 = ADVANCED_FACE ( 'NONE', ( #1140 ), #3404, .F. ) ;
#3204 = FACE_OUTER_BOUND ( 'NONE', #171, .T. ) ;
#3205 = CARTESIAN_POINT ( 'NONE',  ( 102.8253963731029472, -76.86646139628238927, 28.98753383901986069 ) ) ;
#3206 = CARTESIAN_POINT ( 'NONE',  ( 101.7759646886390357, -78.59758175747001019, 29.69586596688423796 ) ) ;
#3207 = UNCERTAINTY_MEASURE_WITH_UNIT (LENGTH_MEASURE( 1.000000000000000082E-05 ), #2286, 'distance_accuracy_value', 'NONE');
#3208 = ADVANCED_FACE ( 'NONE', ( #1971 ), #592, .T. ) ;
#3209 = EDGE_LOOP ( 'NONE', ( #1207, #1755, #1444, #918 ) ) ;
#3210 = LINE ( 'NONE', #935, #1680 ) ;
#3211 = CARTESIAN_POINT ( 'NONE',  ( 92.26649854572583820, -134.5929715458034650, 24.50000000000007816 ) ) ;
#3212 = PRESENTATION_LAYER_ASSIGNMENT (  '', '', ( #2135 ) ) ;
#3213 = CARTESIAN_POINT ( 'NONE',  ( 119.1684481378018177, -112.1833057063710299, 19.49999999999985079 ) ) ;
#3214 = ORIENTED_EDGE ( 'NONE', *, *, #3488, .T. ) ;
#3215 = B_SPLINE_CURVE_WITH_KNOTS ( 'NONE', 3,
 ( #2563, #841, #2845, #258, #1138, #3420, #1176, #1970, #591, #3088, #556, #1675, #1414, #2254, #875, #1990, #1714, #398, #344, #2640, #2379, #3520, #3456, #3245, #3167, #1264, #1538, #2051, #1787, #2607 ),
 .UNSPECIFIED., .F., .F.,
 ( 4, 2, 2, 2, 2, 2, 2, 2, 2, 2, 2, 2, 2, 2, 4 ),
 ( 0.000000000000000000, 0.0003422183990737313452, 0.0006844367981474626904, 0.001026655197221194036, 0.001368873596294925381, 0.002053310394442368989, 0.002737747192589813031, 0.003079965591663537654, 0.003422183990737262711, 0.003764402389810986901, 0.004106620788884711090, 0.004448839187958436581, 0.004791057587032161204, 0.005133275986105885827, 0.005475494385179610450 ),
 .UNSPECIFIED. ) ;
#3216 =( NAMED_UNIT ( * ) PLANE_ANGLE_UNIT ( ) SI_UNIT ( $, .RADIAN. ) );
#3217 = ORIENTED_EDGE ( 'NONE', *, *, #471, .T. ) ;
#3218 = CARTESIAN_POINT ( 'NONE',  ( 94.44038748312773635, -76.31774887655639361, 24.95864693692599445 ) ) ;
#3219 = CARTESIAN_POINT ( 'NONE',  ( 84.55983885229362329, 12.38102316101407219, 18.50000000000009237 ) ) ;
#3220 = CARTESIAN_POINT ( 'NONE',  ( 80.53902583302992468, -135.8885322130081477, 29.49999999999963762 ) ) ;
#3221 = CARTESIAN_POINT ( 'NONE',  ( 105.7358882869222185, -82.19082654858556225, 19.49999999999979394 ) ) ;
#3222 = FILL_AREA_STYLE ('',( #966 ) ) ;
#3223 = DIRECTION ( 'NONE',  ( -1.000000000000000000, -1.045305445445383739E-14, 0.000000000000000000 ) ) ;
#3224 = MECHANICAL_DESIGN_GEOMETRIC_PRESENTATION_REPRESENTATION (  '', ( #1973 ), #610 ) ;
#3225 = CARTESIAN_POINT ( 'NONE',  ( 90.81112267054282938, -127.6234070304053461, 21.03589838486213992 ) ) ;
#3226 =( LENGTH_UNIT ( ) NAMED_UNIT ( * ) SI_UNIT ( .MILLI., .METRE. ) );
#3227 = DIRECTION ( 'NONE',  ( -0.4804171697247094364, -0.1385616939622884569, 0.8660254037844391517 ) ) ;
#3228 = MECHANICAL_DESIGN_GEOMETRIC_PRESENTATION_REPRESENTATION (  '', ( #2746 ), #1167 ) ;
#3229 = LINE ( 'NONE', #1307, #2582 ) ;
#3230 = EDGE_LOOP ( 'NONE', ( #1147, #621 ) ) ;
#3231 = EDGE_CURVE ( 'NONE', #2900, #991, #1939, .T. ) ;
#3232 = CARTESIAN_POINT ( 'NONE',  ( 92.66083312904717673, -136.5560526409704494, 21.03589838486236019 ) ) ;
#3233 = VECTOR ( 'NONE', #653, 1000.000000000000000 ) ;
#3234 = PRESENTATION_LAYER_ASSIGNMENT (  '', '', ( #1113 ) ) ;
#3235 = CARTESIAN_POINT ( 'NONE',  ( 91.48030698613946754, -134.2063684584914824, 4.225408213713699013 ) ) ;
#3236 = CARTESIAN_POINT ( 'NONE',  ( 105.8133013776583198, -39.51680114581004943, 18.50000000000022382 ) ) ;
#3237 = ORIENTED_EDGE ( 'NONE', *, *, #2323, .T. ) ;
#3238 = PRESENTATION_LAYER_ASSIGNMENT (  '', '', ( #2753 ) ) ;
#3239 = CARTESIAN_POINT ( 'NONE',  ( 94.47682490516325515, -76.34559384945761451, 24.49999999997710276 ) ) ;
#3240 = FACE_OUTER_BOUND ( 'NONE', #1455, .T. ) ;
#3241 = MECHANICAL_DESIGN_GEOMETRIC_PRESENTATION_REPRESENTATION (  '', ( #2758 ), #1922 ) ;
#3242 = EDGE_CURVE ( 'NONE', #2339, #3487, #1060, .T. ) ;
#3243 = CARTESIAN_POINT ( 'NONE',  ( 95.45979385847334697, -70.77219871399110218, 26.07347180226435768 ) ) ;
#3244 = CARTESIAN_POINT ( 'NONE',  ( 88.39728204916173127, -134.5660522979469818, 25.06309649525574557 ) ) ;
#3245 = CARTESIAN_POINT ( 'NONE',  ( 96.03762450856373789, -73.84550740813703840, 23.62156602420623486 ) ) ;
#3246 = LINE ( 'NONE', #161, #3594 ) ;
#3247 = VECTOR ( 'NONE', #3056, 1000.000000000000114 ) ;
#3248 = ORIENTED_EDGE ( 'NONE', *, *, #262, .T. ) ;
#3249 =( NAMED_UNIT ( * ) PLANE_ANGLE_UNIT ( ) SI_UNIT ( $, .RADIAN. ) );
#3250 = DIRECTION ( 'NONE',  ( 1.000000000000000000, 2.148630978038478961E-13, 0.000000000000000000 ) ) ;
#3251 = AXIS2_PLACEMENT_3D ( 'NONE', #1020, #2486, #2430 ) ;
#3252 = CARTESIAN_POINT ( 'NONE',  ( 90.98398082325670089, -6.337558792806979646, 18.50000000000017764 ) ) ;
#3253 = ORIENTED_EDGE ( 'NONE', *, *, #3430, .F. ) ;
#3254 = DIRECTION ( 'NONE',  ( -0.5178533248512773302, -0.07845070247126995078, 0.8518646730685819346 ) ) ;
#3255 = PRESENTATION_STYLE_ASSIGNMENT (( #3513 ) ) ;
#3256 = CARTESIAN_POINT ( 'NONE',  ( 73.99484937687861930, -57.56321776288774572, 18.50000000000022382 ) ) ;
#3257 = ORIENTED_EDGE ( 'NONE', *, *, #1515, .T. ) ;
#3258 = EDGE_CURVE ( 'NONE', #776, #1260, #3145, .T. ) ;
#3259 = FACE_OUTER_BOUND ( 'NONE', #155, .T. ) ;
#3260 = DIRECTION ( 'NONE',  ( 0.5947417580807264903, 0.8039168123599895743, 0.000000000000000000 ) ) ;
#3261 = CARTESIAN_POINT ( 'NONE',  ( 72.17950288298736439, -136.1194164493938104, 19.49999999999985079 ) ) ;
#3262 = APPLICATION_CONTEXT ( 'automotive_design' ) ;
#3263 = PRESENTATION_STYLE_ASSIGNMENT (( #1518 ) ) ;
#3264 = DIRECTION ( 'NONE',  ( 0.000000000000000000, 0.000000000000000000, -1.000000000000000000 ) ) ;
#3265 = EDGE_CURVE ( 'NONE', #1775, #2482, #3454, .T. ) ;
#3266 = CARTESIAN_POINT ( 'NONE',  ( 95.04305049060552335, -73.02469568998459692, 26.23854322805850003 ) ) ;
#3267 = ORIENTED_EDGE ( 'NONE', *, *, #495, .F. ) ;
#3268 = CARTESIAN_POINT ( 'NONE',  ( 105.0874036976765495, -81.46320343559615651, 18.50000000000001066 ) ) ;
#3269 =( NAMED_UNIT ( * ) PLANE_ANGLE_UNIT ( ) SI_UNIT ( $, .RADIAN. ) );
#3270 = CARTESIAN_POINT ( 'NONE',  ( 105.8133013776583198, -39.51680114581004943, 18.50000000000022382 ) ) ;
#3271 = VERTEX_POINT ( 'NONE', #2861 ) ;
#3272 = CARTESIAN_POINT ( 'NONE',  ( 98.86972240183547456, -79.59607252800400090, 20.50000000000027001 ) ) ;
#3273 = STYLED_ITEM ( 'NONE', ( #759 ), #1881 ) ;
#3274 = B_SPLINE_CURVE_WITH_KNOTS ( 'NONE', 9,
 ( #1846, #1589, #2982, #2205, #3331, #3584, #1576, #1309, #2701, #2719 ),
 .UNSPECIFIED., .F., .F.,
 ( 10, 10 ),
 ( 0.004112877059028990055, 0.9599280214577829984 ),
 .UNSPECIFIED. ) ;
#3275 = DIRECTION ( 'NONE',  ( 0.000000000000000000, 0.000000000000000000, -1.000000000000000000 ) ) ;
#3276 = CARTESIAN_POINT ( 'NONE',  ( 90.98398082325670089, -6.337558792806979646, 18.50000000000017764 ) ) ;
#3277 = ORIENTED_EDGE ( 'NONE', *, *, #3482, .F. ) ;
#3278 = CARTESIAN_POINT ( 'NONE',  ( 97.82591120363078119, -82.34660765102110247, 29.43461146493751102 ) ) ;
#3279 = EDGE_CURVE ( 'NONE', #3318, #1687, #3400, .T. ) ;
#3280 = VECTOR ( 'NONE', #2185, 1000.000000000000000 ) ;
#3281 = CARTESIAN_POINT ( 'NONE',  ( 95.07597583404202624, -79.32048189461077925, 30.50000000000008882 ) ) ;
#3282 = CARTESIAN_POINT ( 'NONE',  ( 92.59539337032458661, -77.42118485603049294, 22.98139859652867401 ) ) ;
#3283 = ORIENTED_EDGE ( 'NONE', *, *, #3633, .T. ) ;
#3284 = PLANE ( 'NONE',  #1899 ) ;
#3285 = LINE ( 'NONE', #2972, #2630 ) ;
#3286 = UNCERTAINTY_MEASURE_WITH_UNIT (LENGTH_MEASURE( 1.000000000000000082E-05 ), #3625, 'distance_accuracy_value', 'NONE');
#3287 =( NAMED_UNIT ( * ) SI_UNIT ( $, .STERADIAN. ) SOLID_ANGLE_UNIT ( ) );
#3288 = CARTESIAN_POINT ( 'NONE',  ( 88.39646782893974830, -134.5662261779412745, 23.94188922651566642 ) ) ;
#3289 = CARTESIAN_POINT ( 'NONE',  ( 102.2421874995145714, -76.37709447315884859, 29.56685563310746190 ) ) ;
#3290 = LINE ( 'NONE', #1254, #503 ) ;
#3291 = CARTESIAN_POINT ( 'NONE',  ( 120.1663986782423592, -33.35707059482468395, 18.49999999999993960 ) ) ;
#3292 = ORIENTED_EDGE ( 'NONE', *, *, #1913, .T. ) ;
#3293 = SURFACE_STYLE_USAGE ( .BOTH. , #2498 ) ;
#3294 =( NAMED_UNIT ( * ) SI_UNIT ( $, .STERADIAN. ) SOLID_ANGLE_UNIT ( ) );
#3295 = MECHANICAL_DESIGN_GEOMETRIC_PRESENTATION_REPRESENTATION (  '', ( #434 ), #1223 ) ;
#3296 = SURFACE_STYLE_USAGE ( .BOTH. , #1259 ) ;
#3297 = VERTEX_POINT ( 'NONE', #2530 ) ;
#3298 = DIRECTION ( 'NONE',  ( 0.000000000000000000, 0.000000000000000000, 1.000000000000000000 ) ) ;
#3299 = ORIENTED_EDGE ( 'NONE', *, *, #1507, .F. ) ;
#3300 = AXIS2_PLACEMENT_3D ( 'NONE', #3664, #3064, #1668 ) ;
#3301 = CARTESIAN_POINT ( 'NONE',  ( 100.8928091953630997, -36.56124042497069127, 30.50000000000019895 ) ) ;
#3302 =( GEOMETRIC_REPRESENTATION_CONTEXT ( 3 ) GLOBAL_UNCERTAINTY_ASSIGNED_CONTEXT ( ( #1425 ) ) GLOBAL_UNIT_ASSIGNED_CONTEXT ( ( #1083, #2262, #300 ) ) REPRESENTATION_CONTEXT ( 'NONE', 'WORKASPACE' ) );
#3303 = CARTESIAN_POINT ( 'NONE',  ( 91.29547148659717948, -76.40046933421487552, 22.92672282450787691 ) ) ;
#3304 = CARTESIAN_POINT ( 'NONE',  ( 103.2790984090788271, -80.16135436700132288, 20.50000000000001776 ) ) ;
#3305 = VECTOR ( 'NONE', #865, 1000.000000000000000 ) ;
#3306 = LINE ( 'NONE', #2752, #49 ) ;
#3307 =( GEOMETRIC_REPRESENTATION_CONTEXT ( 3 ) GLOBAL_UNCERTAINTY_ASSIGNED_CONTEXT ( ( #2342 ) ) GLOBAL_UNIT_ASSIGNED_CONTEXT ( ( #1528, #1255, #1013 ) ) REPRESENTATION_CONTEXT ( 'NONE', 'WORKASPACE' ) );
#3308 = CARTESIAN_POINT ( 'NONE',  ( 99.50017895821602565, -36.46320343559616362, 30.50000000000026290 ) ) ;
#3309 = DIRECTION ( 'NONE',  ( 0.9887188755457981815, 0.1497831270185413788, 0.000000000000000000 ) ) ;
#3310 = VECTOR ( 'NONE', #3663, 1000.000000000000114 ) ;
#3311 = SURFACE_STYLE_FILL_AREA ( #1417 ) ;
#3312 = EDGE_LOOP ( 'NONE', ( #1198, #2312, #3451, #2002 ) ) ;
#3313 =( LENGTH_UNIT ( ) NAMED_UNIT ( * ) SI_UNIT ( .MILLI., .METRE. ) );
#3314 = EDGE_CURVE ( 'NONE', #1890, #1343, #910, .T. ) ;
#3315 = PRESENTATION_LAYER_ASSIGNMENT (  '', '', ( #3063 ) ) ;
#3316 = LINE ( 'NONE', #1345, #770 ) ;
#3317 = CARTESIAN_POINT ( 'NONE',  ( 105.8133013776583056, -39.51680114581002812, 30.50000000000023448 ) ) ;
#3318 = VERTEX_POINT ( 'NONE', #856 ) ;
#3319 = CARTESIAN_POINT ( 'NONE',  ( 114.7203520282441787, -123.8466768647909930, 19.49999999999955591 ) ) ;
#3320 = VERTEX_POINT ( 'NONE', #276 ) ;
#3321 = CARTESIAN_POINT ( 'NONE',  ( 92.26088018748041009, -77.16116338443070788, 26.19405467207598903 ) ) ;
#3322 = CARTESIAN_POINT ( 'NONE',  ( 102.9685610835456799, -76.98705594954864750, 19.17408773453409765 ) ) ;
#3323 = CARTESIAN_POINT ( 'NONE',  ( 87.92861965219397291, -128.4547771941790870, 22.76794919243096871 ) ) ;
#3324 = ADVANCED_FACE ( 'NONE', ( #1694 ), #2239, .T. ) ;
#3325 = CARTESIAN_POINT ( 'NONE',  ( 96.79408739628743774, -130.1591348673015602, 19.49999999999957367 ) ) ;
#3326 = CARTESIAN_POINT ( 'NONE',  ( 90.15122234562481651, -134.1720832489362749, 21.21266714189772529 ) ) ;
#3327 = CARTESIAN_POINT ( 'NONE',  ( 75.01270920003338460, -52.10628670078092739, 18.50000000000023093 ) ) ;
#3328 = CYLINDRICAL_SURFACE ( 'NONE', #1856, 1.749999999999979794 ) ;
#3329 = EDGE_CURVE ( 'NONE', #185, #1963, #2637, .T. ) ;
#3330 = CARTESIAN_POINT ( 'NONE',  ( 90.81112267054282938, -127.6234070304053461, 21.03589838486213992 ) ) ;
#3331 = CARTESIAN_POINT ( 'NONE',  ( 127.2073913641566207, 0.03284476835444828657, 18.50000000000018474 ) ) ;
#3332 = DIRECTION ( 'NONE',  ( 1.069224673517275008E-30, 1.000000000000000000, -1.619705569875463962E-15 ) ) ;
#3333 = CARTESIAN_POINT ( 'NONE',  ( 96.03324153601825230, -80.00322579751281182, 28.49999999999995737 ) ) ;
#3334 = VERTEX_POINT ( 'NONE', #1672 ) ;
#3335 = CARTESIAN_POINT ( 'NONE',  ( 120.8089166703311577, -22.89038586279356480, 30.49999999999986500 ) ) ;
#3336 = ORIENTED_EDGE ( 'NONE', *, *, #2257, .F. ) ;
#3337 = LINE ( 'NONE', #1039, #1362 ) ;
#3338 = CARTESIAN_POINT ( 'NONE',  ( 102.7259547433391589, -76.78278799607251415, 18.93457412809522822 ) ) ;
#3339 = CARTESIAN_POINT ( 'NONE',  ( 87.91359905326608271, -131.5813958379142719, 24.49999999999980105 ) ) ;
#3340 = CARTESIAN_POINT ( 'NONE',  ( 88.36099780451596075, -134.6075113802172325, 19.49999999999963052 ) ) ;
#3341 = CARTESIAN_POINT ( 'NONE',  ( 87.63181833971495394, 2.013218630221441430, 18.49999999999996092 ) ) ;
#3342 = DIRECTION ( 'NONE',  ( -0.5947417580807264903, -0.8039168123599895743, 0.000000000000000000 ) ) ;
#3343 = FACE_OUTER_BOUND ( 'NONE', #1132, .T. ) ;
#3344 = CARTESIAN_POINT ( 'NONE',  ( 96.07574630199852095, -134.0159004949368295, 24.50000000000007816 ) ) ;
#3345 = FILL_AREA_STYLE ('',( #1678 ) ) ;
#3346 = FACE_OUTER_BOUND ( 'NONE', #2405, .T. ) ;
#3347 = ORIENTED_EDGE ( 'NONE', *, *, #181, .T. ) ;
#3348 = FILL_AREA_STYLE_COLOUR ( '', #390 ) ;
#3349 = ORIENTED_EDGE ( 'NONE', *, *, #2483, .F. ) ;
#3350 = CARTESIAN_POINT ( 'NONE',  ( 93.24259540738250962, -77.91942163794405474, 24.95454027751836890 ) ) ;
#3351 = AXIS2_PLACEMENT_3D ( 'NONE', #812, #793, #1884 ) ;
#3352 = MECHANICAL_DESIGN_GEOMETRIC_PRESENTATION_REPRESENTATION (  '', ( #2034 ), #1677 ) ;
#3353 = DIRECTION ( 'NONE',  ( 0.000000000000000000, 1.619705569875463962E-15, 1.000000000000000000 ) ) ;
#3354 = VECTOR ( 'NONE', #2101, 1000.000000000000000 ) ;
#3355 = CIRCLE ( 'NONE', #1744, 1.749999999999990452 ) ;
#3356 = FACE_OUTER_BOUND ( 'NONE', #2028, .T. ) ;
#3357 = UNCERTAINTY_MEASURE_WITH_UNIT (LENGTH_MEASURE( 1.000000000000000082E-05 ), #2847, 'distance_accuracy_value', 'NONE');
#3358 = ADVANCED_FACE ( 'NONE', ( #3106 ), #2546, .F. ) ;
#3359 = LINE ( 'NONE', #2545, #1739 ) ;
#3360 = CARTESIAN_POINT ( 'NONE',  ( 92.49814431642400336, -133.5792666290957982, 20.65587396824411570 ) ) ;
#3361 = LINE ( 'NONE', #454, #2512 ) ;
#3362 = VECTOR ( 'NONE', #2023, 999.9999999999998863 ) ;
#3363 = PRESENTATION_STYLE_ASSIGNMENT (( #1676 ) ) ;
#3364 = DIRECTION ( 'NONE',  ( 6.211436267236830770E-16, -1.619705569875463962E-15, -1.000000000000000000 ) ) ;
#3365 = CIRCLE ( 'NONE', #3185, 3.852710664767962978 ) ;
#3366 = CARTESIAN_POINT ( 'NONE',  ( 90.66959800960306382, -73.31248534901604330, 18.50000000000023803 ) ) ;
#3367 = CARTESIAN_POINT ( 'NONE',  ( 94.29266574562979031, -76.20450092656805907, 23.62189645514613190 ) ) ;
#3368 =( LENGTH_UNIT ( ) NAMED_UNIT ( * ) SI_UNIT ( .MILLI., .METRE. ) );
#3369 = CARTESIAN_POINT ( 'NONE',  ( 89.55252400848382877, -137.0269370059130836, 26.14904260102646205 ) ) ;
#3370 = VERTEX_POINT ( 'NONE', #2586 ) ;
#3371 = SURFACE_SIDE_STYLE ('',( #1406 ) ) ;
#3372 = VERTEX_POINT ( 'NONE', #2828 ) ;
#3373 = AXIS2_PLACEMENT_3D ( 'NONE', #2499, #3332, #3019 ) ;
#3374 = FACE_OUTER_BOUND ( 'NONE', #2663, .T. ) ;
#3375 = ADVANCED_FACE ( 'NONE', ( #1712 ), #1121, .F. ) ;
#3376 = SURFACE_STYLE_FILL_AREA ( #532 ) ;
#3377 = CARTESIAN_POINT ( 'NONE',  ( 117.1296869138527370, -97.00640604179403681, 19.49999999999985079 ) ) ;
#3378 = CARTESIAN_POINT ( 'NONE',  ( 101.5356850277475900, -78.39503725211126550, 19.93450120179453933 ) ) ;
#3379 = CARTESIAN_POINT ( 'NONE',  ( 81.06265455025474864, -60.40214506729316923, 30.49999999999997868 ) ) ;
#3380 = DIRECTION ( 'NONE',  ( -0.6399042914482101496, -0.7684546166080102880, 0.000000000000000000 ) ) ;
#3381 = CARTESIAN_POINT ( 'NONE',  ( 116.7412515742839645, -119.0285142325294032, 19.50000000000007105 ) ) ;
#3382 = FACE_OUTER_BOUND ( 'NONE', #616, .T. ) ;
#3383 = EDGE_CURVE ( 'NONE', #833, #602, #932, .T. ) ;
#3384 = CARTESIAN_POINT ( 'NONE',  ( 89.64729233776731121, -137.0125803499884114, 22.68494098588869079 ) ) ;
#3385 = SURFACE_SIDE_STYLE ('',( #1399 ) ) ;
#3386 = CARTESIAN_POINT ( 'NONE',  ( 93.69362568889063425, -126.7920368666316193, 26.23205080756873997 ) ) ;
#3387 = CARTESIAN_POINT ( 'NONE',  ( 94.46772867985798428, -76.33863794539485070, 24.26974145812105732 ) ) ;
#3388 = LINE ( 'NONE', #847, #3457 ) ;
#3389 =( NAMED_UNIT ( * ) PLANE_ANGLE_UNIT ( ) SI_UNIT ( $, .RADIAN. ) );
#3390 = ORIENTED_EDGE ( 'NONE', *, *, #3196, .T. ) ;
#3391 = CARTESIAN_POINT ( 'NONE',  ( 118.8938951243666509, -30.91679015353669513, 18.49999999999985434 ) ) ;
#3392 = ORIENTED_EDGE ( 'NONE', *, *, #768, .F. ) ;
#3393 = CARTESIAN_POINT ( 'NONE',  ( 91.94733802465178485, -71.77806023809861813, 19.50000000000007105 ) ) ;
#3394 = EDGE_CURVE ( 'NONE', #2850, #833, #3022, .T. ) ;
#3395 = DIRECTION ( 'NONE',  ( 1.113977374119728242E-30, 1.000000000000000000, -1.619705569875463962E-15 ) ) ;
#3396 = CARTESIAN_POINT ( 'NONE',  ( 89.38978525984583712, -74.84939958618370781, 30.49999999999986144 ) ) ;
#3397 = UNCERTAINTY_MEASURE_WITH_UNIT (LENGTH_MEASURE( 1.000000000000000082E-05 ), #3313, 'distance_accuracy_value', 'NONE');
#3398 = PRESENTATION_LAYER_ASSIGNMENT (  '', '', ( #2668 ) ) ;
#3399 = CYLINDRICAL_SURFACE ( 'NONE', #1044, 0.5000000000000021094 ) ;
#3400 = LINE ( 'NONE', #2886, #3362 ) ;
#3401 = CARTESIAN_POINT ( 'NONE',  ( 102.4603347502043960, -130.1746732569347671, 19.49999999999985079 ) ) ;
#3402 = VERTEX_POINT ( 'NONE', #172 ) ;
#3403 = PRESENTATION_LAYER_ASSIGNMENT (  '', '', ( #1838 ) ) ;
#3404 = PLANE ( 'NONE',  #2565 ) ;
#3405 = CARTESIAN_POINT ( 'NONE',  ( 96.04668628572164835, -73.85297503389892881, 25.38029323772924073 ) ) ;
#3406 = CARTESIAN_POINT ( 'NONE',  ( 91.79483461703740943, -74.23643595658275274, 23.93573296201673628 ) ) ;
#3407 = SURFACE_SIDE_STYLE ('',( #2537 ) ) ;
#3408 = CARTESIAN_POINT ( 'NONE',  ( 102.8265869811465478, -76.86746413722748628, 19.88030787701574198 ) ) ;
#3409 = EDGE_LOOP ( 'NONE', ( #1645, #977, #2511, #1330 ) ) ;
#3410 = CARTESIAN_POINT ( 'NONE',  ( 85.10823542438883749, -38.46320343559615651, 18.50000000000018829 ) ) ;
#3411 = ORIENTED_EDGE ( 'NONE', *, *, #1774, .F. ) ;
#3412 = FACE_OUTER_BOUND ( 'NONE', #1726, .T. ) ;
#3413 = CARTESIAN_POINT ( 'NONE',  ( 96.73349926374999086, -71.82709037573734179, 22.98123097349744270 ) ) ;
#3414 = LINE ( 'NONE', #1692, #489 ) ;
#3415 = VECTOR ( 'NONE', #3001, 1000.000000000000227 ) ;
#3416 = AXIS2_PLACEMENT_3D ( 'NONE', #2827, #3066, #292 ) ;
#3417 = STYLED_ITEM ( 'NONE', ( #2997 ), #2140 ) ;
#3418 = CARTESIAN_POINT ( 'NONE',  ( 114.3099020801079178, -34.86461452627616353, 30.49999999999979039 ) ) ;
#3419 = CARTESIAN_POINT ( 'NONE',  ( 82.03448950963667130, -135.6949491840528310, 19.50000000000018474 ) ) ;
#3420 = CARTESIAN_POINT ( 'NONE',  ( 93.65424029291627050, -71.87110345382944843, 23.72343436822958296 ) ) ;
#3421 = AXIS2_PLACEMENT_3D ( 'NONE', #2936, #2604, #2344 ) ;
#3422 = SURFACE_STYLE_FILL_AREA ( #633 ) ;
#3423 = VECTOR ( 'NONE', #2370, 1000.000000000000000 ) ;
#3424 = ORIENTED_EDGE ( 'NONE', *, *, #2798, .T. ) ;
#3425 = CARTESIAN_POINT ( 'NONE',  ( 91.76865364127917246, -74.21521622031764309, 24.04690015990953356 ) ) ;
#3426 = CARTESIAN_POINT ( 'NONE',  ( 97.58701195009719243, -78.67920220761909889, 28.50000000000018474 ) ) ;
#3427 = ORIENTED_EDGE ( 'NONE', *, *, #1025, .T. ) ;
#3428 = CARTESIAN_POINT ( 'NONE',  ( 83.20950126550272330, -69.35504174089781770, 18.50000000000046896 ) ) ;
#3429 = VERTEX_POINT ( 'NONE', #1312 ) ;
#3430 = EDGE_CURVE ( 'NONE', #3175, #3271, #122, .T. ) ;
#3431 = SURFACE_STYLE_FILL_AREA ( #1166 ) ;
#3432 = EDGE_CURVE ( 'NONE', #3099, #705, #3471, .T. ) ;
#3433 = CARTESIAN_POINT ( 'NONE',  ( 96.14418210003800880, -71.33996069784149086, 22.74995411195766692 ) ) ;
#3434 = COLOUR_RGB ( '',0.2509803921568627416, 0.2509803921568627416, 0.2509803921568627416 ) ;
#3435 = DIRECTION ( 'NONE',  ( 0.8422546816735575481, 0.1275949545288367626, 0.5237619485775557582 ) ) ;
#3436 = FACE_OUTER_BOUND ( 'NONE', #3184, .T. ) ;
#3437 = B_SPLINE_CURVE_WITH_KNOTS ( 'NONE', 3,
 ( #3450, #2840, #2338, #2542, #620, #1725, #2040, #62, #1690, #1150 ),
 .UNSPECIFIED., .F., .F.,
 ( 4, 2, 2, 2, 4 ),
 ( 0.000000000000000000, 0.0003911928914890697444, 0.0007823857829781394888, 0.001173578674467209287, 0.001564771565956278978 ),
 .UNSPECIFIED. ) ;
#3438 = ORIENTED_EDGE ( 'NONE', *, *, #3394, .T. ) ;
#3439 = DIRECTION ( 'NONE',  ( 0.1497831270185397412, -0.9887188755457984035, 0.000000000000000000 ) ) ;
#3440 = EDGE_CURVE ( 'NONE', #463, #1476, #2723, .T. ) ;
#3441 = ORIENTED_EDGE ( 'NONE', *, *, #2263, .F. ) ;
#3442 = CARTESIAN_POINT ( 'NONE',  ( 91.73406992194958320, -74.18717683392964091, 24.27062585519367133 ) ) ;
#3443 = ORIENTED_EDGE ( 'NONE', *, *, #3140, .F. ) ;
#3444 = SURFACE_STYLE_FILL_AREA ( #2291 ) ;
#3445 = FILL_AREA_STYLE_COLOUR ( '', #907 ) ;
#3446 = ORIENTED_EDGE ( 'NONE', *, *, #906, .F. ) ;
#3447 = CARTESIAN_POINT ( 'NONE',  ( 104.9281602622188672, -81.32112053021661779, 30.49999999999997868 ) ) ;
#3448 = EDGE_LOOP ( 'NONE', ( #487, #1560, #327, #1606 ) ) ;
#3449 = CARTESIAN_POINT ( 'NONE',  ( 98.22786960981078153, -82.64397853006146022, 29.43461146493751102 ) ) ;
#3450 = CARTESIAN_POINT ( 'NONE',  ( 101.0505733381278333, -77.98780810671371455, 29.43461146493798353 ) ) ;
#3451 = ORIENTED_EDGE ( 'NONE', *, *, #845, .F. ) ;
#3452 = CARTESIAN_POINT ( 'NONE',  ( 112.2588248357278644, -123.9035339633068133, 19.49999999999963052 ) ) ;
#3453 = CARTESIAN_POINT ( 'NONE',  ( 84.91047611743842083, -135.2565152010340626, 29.50000000000008171 ) ) ;
#3454 = LINE ( 'NONE', #1751, #1691 ) ;
#3455 = DIRECTION ( 'NONE',  ( -0.8321069467916408779, -0.2399958939254881463, -0.4999999999999991673 ) ) ;
#3456 = CARTESIAN_POINT ( 'NONE',  ( 95.93959447424929010, -73.76473374428813656, 23.43199900992373230 ) ) ;
#3457 = VECTOR ( 'NONE', #3131, 1000.000000000000000 ) ;
#3458 = B_SPLINE_CURVE_WITH_KNOTS ( 'NONE', 9,
 ( #481, #2735, #2443, #205, #2183, #3615, #2423, #3272, #1088, #737 ),
 .UNSPECIFIED., .F., .F.,
 ( 10, 10 ),
 ( 0.9599280214577826653, 1.000000000000000000 ),
 .UNSPECIFIED. ) ;
#3459 = AXIS2_PLACEMENT_3D ( 'NONE', #816, #1609, #2737 ) ;
#3460 = ORIENTED_EDGE ( 'NONE', *, *, #3087, .F. ) ;
#3461 = PRESENTATION_STYLE_ASSIGNMENT (( #1158 ) ) ;
#3462 = SURFACE_STYLE_FILL_AREA ( #2852 ) ;
#3463 = EDGE_LOOP ( 'NONE', ( #3078, #2969 ) ) ;
#3464 = AXIS2_PLACEMENT_3D ( 'NONE', #82, #663, #412 ) ;
#3465 = ORIENTED_EDGE ( 'NONE', *, *, #175, .F. ) ;
#3466 = DIRECTION ( 'NONE',  ( -0.8039168123599970128, 0.5947417580807164983, 0.000000000000000000 ) ) ;
#3467 = CARTESIAN_POINT ( 'NONE',  ( 97.39928377654364056, -72.37601037311931407, 24.26961370974175836 ) ) ;
#3468 = EDGE_LOOP ( 'NONE', ( #1888, #1764, #1685, #1221 ) ) ;
#3469 = CARTESIAN_POINT ( 'NONE',  ( 91.76136631328490978, -74.20935115740385868, 24.96097818580225436 ) ) ;
#3470 = CARTESIAN_POINT ( 'NONE',  ( 87.92861965219412923, -128.4547771941790870, 26.23205080756873997 ) ) ;
#3471 = LINE ( 'NONE', #3490, #2343 ) ;
#3472 = PLANE ( 'NONE',  #2686 ) ;
#3473 = LINE ( 'NONE', #947, #2099 ) ;
#3474 = UNCERTAINTY_MEASURE_WITH_UNIT (LENGTH_MEASURE( 1.000000000000000082E-05 ), #2781, 'distance_accuracy_value', 'NONE');
#3475 = EDGE_CURVE ( 'NONE', #3007, #776, #1659, .T. ) ;
#3476 = EDGE_CURVE ( 'NONE', #1094, #1737, #2816, .T. ) ;
#3477 = DIRECTION ( 'NONE',  ( -0.1497831270185397134, 0.9887188755457984035, 0.000000000000000000 ) ) ;
#3478 = ORIENTED_EDGE ( 'NONE', *, *, #3071, .F. ) ;
#3479 = AXIS2_PLACEMENT_3D ( 'NONE', #1070, #201, #1378 ) ;
#3480 = SURFACE_STYLE_USAGE ( .BOTH. , #2958 ) ;
#3481 = AXIS2_PLACEMENT_3D ( 'NONE', #2644, #990, #2104 ) ;
#3482 = EDGE_CURVE ( 'NONE', #959, #2278, #511, .T. ) ;
#3483 = ORIENTED_EDGE ( 'NONE', *, *, #768, .T. ) ;
#3484 =( GEOMETRIC_REPRESENTATION_CONTEXT ( 3 ) GLOBAL_UNCERTAINTY_ASSIGNED_CONTEXT ( ( #3082 ) ) GLOBAL_UNIT_ASSIGNED_CONTEXT ( ( #2304, #2843, #67 ) ) REPRESENTATION_CONTEXT ( 'NONE', 'WORKASPACE' ) );
#3485 =( NAMED_UNIT ( * ) PLANE_ANGLE_UNIT ( ) SI_UNIT ( $, .RADIAN. ) );
#3486 = CARTESIAN_POINT ( 'NONE',  ( 101.9679657696919293, -81.67919134990002306, 29.49999999999985789 ) ) ;
#3487 = VERTEX_POINT ( 'NONE', #1517 ) ;
#3488 = EDGE_CURVE ( 'NONE', #190, #1864, #2361, .T. ) ;
#3489 = CARTESIAN_POINT ( 'NONE',  ( 96.65594934211534905, -71.76306681587708169, 26.07251241052642143 ) ) ;
#3490 = CARTESIAN_POINT ( 'NONE',  ( 72.17950288298717965, -136.1194164493938104, 29.49999999999985789 ) ) ;
#3491 = CARTESIAN_POINT ( 'NONE',  ( 108.1021388047617364, -84.49920613694378346, 29.50000000000008171 ) ) ;
#3492 = CARTESIAN_POINT ( 'NONE',  ( 101.0505733381279470, -77.98780810671379982, 29.56685782578380284 ) ) ;
#3493 = MECHANICAL_DESIGN_GEOMETRIC_PRESENTATION_REPRESENTATION (  '', ( #1360 ), #1762 ) ;
#3494 = LINE ( 'NONE', #748, #3648 ) ;
#3495 = EDGE_LOOP ( 'NONE', ( #1722, #577, #2145, #1056 ) ) ;
#3496 = ADVANCED_FACE ( 'NONE', ( #2779 ), #1077, .T. ) ;
#3497 = CARTESIAN_POINT ( 'NONE',  ( 100.8928091953630570, -36.56124042497066284, 30.50000000000019895 ) ) ;
#3498 = PRESENTATION_STYLE_ASSIGNMENT (( #2924 ) ) ;
#3499 = CARTESIAN_POINT ( 'NONE',  ( 104.0637075481438956, -80.55397111006249133, 18.49999999999975842 ) ) ;
#3500 = VERTEX_POINT ( 'NONE', #3410 ) ;
#3501 = CARTESIAN_POINT ( 'NONE',  ( 101.5507013574235344, -81.46320343559541755, 28.50000000000005329 ) ) ;
#3502 = ORIENTED_EDGE ( 'NONE', *, *, #2367, .F. ) ;
#3503 = PLANE ( 'NONE',  #973 ) ;
#3504 = CARTESIAN_POINT ( 'NONE',  ( 89.50596956645166813, -134.3217224117884712, 27.27336519645963619 ) ) ;
#3505 = FACE_OUTER_BOUND ( 'NONE', #3209, .T. ) ;
#3506 = CARTESIAN_POINT ( 'NONE',  ( 95.46480349835850632, -73.37316185030046256, 26.07250816830515561 ) ) ;
#3507 = SURFACE_STYLE_FILL_AREA ( #1253 ) ;
#3508 = VECTOR ( 'NONE', #1534, 1000.000000000000000 ) ;
#3509 = CARTESIAN_POINT ( 'NONE',  ( 93.51774495058195669, -71.75708217521231802, 24.50000000000007816 ) ) ;
#3510 = ORIENTED_EDGE ( 'NONE', *, *, #302, .F. ) ;
#3511 = CARTESIAN_POINT ( 'NONE',  ( 87.71961268171887127, -130.9088118002997021, 24.49999999999980105 ) ) ;
#3512 = EDGE_CURVE ( 'NONE', #2106, #2617, #1646, .T. ) ;
#3513 = SURFACE_STYLE_USAGE ( .BOTH. , #2913 ) ;
#3514 = CARTESIAN_POINT ( 'NONE',  ( 111.3589159339201018, -7.690885333449368311, 30.49999999999997158 ) ) ;
#3515 = ORIENTED_EDGE ( 'NONE', *, *, #3578, .F. ) ;
#3516 = ADVANCED_FACE ( 'NONE', ( #545, #247, #505, #2540 ), #1439, .T. ) ;
#3517 = CARTESIAN_POINT ( 'NONE',  ( 64.40655529107074528, -4.768140641344938757, 30.49999999999990408 ) ) ;
#3518 = CARTESIAN_POINT ( 'NONE',  ( 108.1021388047617364, -84.49920613694378346, 29.50000000000008171 ) ) ;
#3519 = CARTESIAN_POINT ( 'NONE',  ( 104.5285972777639358, -81.08574000299762474, 19.49999999999985079 ) ) ;
#3520 = CARTESIAN_POINT ( 'NONE',  ( 95.88348033361496903, -73.71848928989994931, 23.34340784531794455 ) ) ;
#3521 =( LENGTH_UNIT ( ) NAMED_UNIT ( * ) SI_UNIT ( .MILLI., .METRE. ) );
#3522 = COLOUR_RGB ( '',1.000000000000000000, 1.000000000000000000, 1.000000000000000000 ) ;
#3523 = CARTESIAN_POINT ( 'NONE',  ( 89.25295775444674007, -135.0494992548214839, 26.14904260102596112 ) ) ;
#3524 = AXIS2_PLACEMENT_3D ( 'NONE', #1062, #1616, #2122 ) ;
#3525 = AXIS2_PLACEMENT_3D ( 'NONE', #1624, #1880, #3309 ) ;
#3526 = CARTESIAN_POINT ( 'NONE',  ( 109.3049697686734874, -39.17519823338832907, 18.50000000000023803 ) ) ;
#3527 = VERTEX_POINT ( 'NONE', #3155 ) ;
#3528 = DIRECTION ( 'NONE',  ( -0.5947417580807193849, -0.8039168123599947924, 0.000000000000000000 ) ) ;
#3529 = CIRCLE ( 'NONE', #3481, 1.000000000000000888 ) ;
#3530 = CARTESIAN_POINT ( 'NONE',  ( 79.79696366515679529, -135.9763030070576804, 19.49999999999985079 ) ) ;
#3531 = CARTESIAN_POINT ( 'NONE',  ( 103.1991101937626922, -39.31393060754707847, 30.49999999999996447 ) ) ;
#3532 = VERTEX_POINT ( 'NONE', #24 ) ;
#3533 = ADVANCED_FACE ( 'NONE', ( #2333 ), #2058, .F. ) ;
#3534 = CARTESIAN_POINT ( 'NONE',  ( 79.27849570963742565, -160.7328427445672503, 29.49999999999985789 ) ) ;
#3535 = AXIS2_PLACEMENT_3D ( 'NONE', #3059, #2484, #3116 ) ;
#3536 = EDGE_CURVE ( 'NONE', #941, #2015, #522, .T. ) ;
#3537 = FILL_AREA_STYLE_COLOUR ( '', #1834 ) ;
#3538 = VECTOR ( 'NONE', #792, 1000.000000000000227 ) ;
#3539 = DIRECTION ( 'NONE',  ( -0.2771233879245773024, 0.9608343394494204270, 0.000000000000000000 ) ) ;
#3540 = CARTESIAN_POINT ( 'NONE',  ( 91.41537575916768787, -133.8624290212231926, 28.29275585415613392 ) ) ;
#3541 = CARTESIAN_POINT ( 'NONE',  ( 126.5724439698035440, -39.04542563335345307, 30.49999999999999289 ) ) ;
#3542 = CARTESIAN_POINT ( 'NONE',  ( 93.97519000323610783, -72.13870182230290595, 25.81941607372944247 ) ) ;
#3543 = EDGE_LOOP ( 'NONE', ( #210, #2442, #1814, #423 ) ) ;
#3544 = COLOUR_RGB ( '',1.000000000000000000, 1.000000000000000000, 1.000000000000000000 ) ;
#3545 = DIRECTION ( 'NONE',  ( 0.2771233879245774134, -0.9608343394494205381, 0.000000000000000000 ) ) ;
#3546 = ADVANCED_FACE ( 'NONE', ( #2089 ), #1543, .T. ) ;
#3547 = SURFACE_STYLE_FILL_AREA ( #75 ) ;
#3548 = CARTESIAN_POINT ( 'NONE',  ( 101.5507013574235344, -81.46320343559541755, 28.50000000000005329 ) ) ;
#3549 = ORIENTED_EDGE ( 'NONE', *, *, #1492, .T. ) ;
#3550 = SURFACE_STYLE_USAGE ( .BOTH. , #3182 ) ;
#3551 =( LENGTH_UNIT ( ) NAMED_UNIT ( * ) SI_UNIT ( .MILLI., .METRE. ) );
#3552 = VERTEX_POINT ( 'NONE', #2112 ) ;
#3553 = ADVANCED_FACE ( 'NONE', ( #735 ), #133, .T. ) ;
#3554 = CARTESIAN_POINT ( 'NONE',  ( 97.30163802867086531, -80.92309696689977727, 18.50000000000035882 ) ) ;
#3555 = DIRECTION ( 'NONE',  ( 6.427662695299697243E-16, -1.642624911021034266E-15, -1.000000000000000000 ) ) ;
#3556 = CARTESIAN_POINT ( 'NONE',  ( 87.92861965219412923, -128.4547771941790870, 26.23205080756873997 ) ) ;
#3557 = FACE_BOUND ( 'NONE', #3230, .T. ) ;
#3558 = FILL_AREA_STYLE ('',( #2692 ) ) ;
#3559 = ORIENTED_EDGE ( 'NONE', *, *, #858, .F. ) ;
#3560 = CARTESIAN_POINT ( 'NONE',  ( 90.53458842984530008, -75.78943680364916702, 24.50000000000007816 ) ) ;
#3561 = CARTESIAN_POINT ( 'NONE',  ( 90.75785450849036806, -73.38589386281825000, 20.50000000000007461 ) ) ;
#3562 = DIRECTION ( 'NONE',  ( -6.211436267236830770E-16, 1.619705569875463962E-15, 1.000000000000000000 ) ) ;
#3563 = PRESENTATION_STYLE_ASSIGNMENT (( #2926 ) ) ;
#3564 = ORIENTED_EDGE ( 'NONE', *, *, #3512, .F. ) ;
#3565 = CARTESIAN_POINT ( 'NONE',  ( 73.13576169051151510, -136.9854226730634252, 29.94173788696075178 ) ) ;
#3566 = COLOUR_RGB ( '',0.2509803921568627416, 0.2509803921568627416, 0.2509803921568627416 ) ;
#3567 = CARTESIAN_POINT ( 'NONE',  ( 73.99484937687860509, -57.56321776288772440, 30.50000000000023448 ) ) ;
#3568 = ORIENTED_EDGE ( 'NONE', *, *, #961, .F. ) ;
#3569 = CARTESIAN_POINT ( 'NONE',  ( 119.8434172328430236, -102.0659228486464656, 19.49999999999947775 ) ) ;
#3570 = ORIENTED_EDGE ( 'NONE', *, *, #3258, .F. ) ;
#3571 = DIRECTION ( 'NONE',  ( 1.113977374119728242E-30, 1.000000000000000000, -1.619705569875463962E-15 ) ) ;
#3572 = CARTESIAN_POINT ( 'NONE',  ( 100.8928091953631139, -36.56124042497071258, 18.50000000000018829 ) ) ;
#3573 = FACE_OUTER_BOUND ( 'NONE', #1868, .T. ) ;
#3574 = VERTEX_POINT ( 'NONE', #3509 ) ;
#3575 = DIRECTION ( 'NONE',  ( 0.1497831270185397690, -0.9887188755457984035, 0.000000000000000000 ) ) ;
#3576 = UNCERTAINTY_MEASURE_WITH_UNIT (LENGTH_MEASURE( 1.000000000000000082E-05 ), #784, 'distance_accuracy_value', 'NONE');
#3577 =( NAMED_UNIT ( * ) SI_UNIT ( $, .STERADIAN. ) SOLID_ANGLE_UNIT ( ) );
#3578 = EDGE_CURVE ( 'NONE', #3487, #2650, #3365, .T. ) ;
#3579 = CARTESIAN_POINT ( 'NONE',  ( 110.9601325646696637, 0.4467092992015003761, 30.49999999999992184 ) ) ;
#3580 = CARTESIAN_POINT ( 'NONE',  ( 40.64236654476778909, -155.6229638332487468, 6.263841542079983782 ) ) ;
#3581 = EDGE_LOOP ( 'NONE', ( #73, #2369, #3515 ) ) ;
#3582 = VECTOR ( 'NONE', #2773, 1000.000000000000114 ) ;
#3583 = VECTOR ( 'NONE', #630, 1000.000000000000000 ) ;
#3584 = CARTESIAN_POINT ( 'NONE',  ( 92.29369933996376574, 10.43212636717370856, 18.50000000000012434 ) ) ;
#3585 =( NAMED_UNIT ( * ) PLANE_ANGLE_UNIT ( ) SI_UNIT ( $, .RADIAN. ) );
#3586 = CARTESIAN_POINT ( 'NONE',  ( 81.03304982941286028, -11.27775940312515068, 30.49999999999990763 ) ) ;
#3587 = ORIENTED_EDGE ( 'NONE', *, *, #1993, .F. ) ;
#3588 = EDGE_CURVE ( 'NONE', #467, #3318, #422, .T. ) ;
#3589 = CARTESIAN_POINT ( 'NONE',  ( 119.8434172328430236, -102.0659228486464656, 29.49999999999981881 ) ) ;
#3590 = ORIENTED_EDGE ( 'NONE', *, *, #908, .F. ) ;
#3591 = LINE ( 'NONE', #1314, #3124 ) ;
#3592 = VECTOR ( 'NONE', #2083, 1000.000000000000114 ) ;
#3593 =( NAMED_UNIT ( * ) PLANE_ANGLE_UNIT ( ) SI_UNIT ( $, .RADIAN. ) );
#3594 = VECTOR ( 'NONE', #3223, 1000.000000000000000 ) ;
#3595 = CARTESIAN_POINT ( 'NONE',  ( 90.70692507569089003, -75.92878908280651729, 23.61800337682760542 ) ) ;
#3596 = CARTESIAN_POINT ( 'NONE',  ( 119.8434172328429952, -102.0659228486464656, 19.49999999999982236 ) ) ;
#3597 = DIRECTION ( 'NONE',  ( -0.1497831270185397412, 0.9887188755457984035, 0.000000000000000000 ) ) ;
#3598 = EDGE_CURVE ( 'NONE', #881, #1945, #2699, .T. ) ;
#3599 = PRESENTATION_LAYER_ASSIGNMENT (  '', '', ( #1352 ) ) ;
#3600 = CARTESIAN_POINT ( 'NONE',  ( 86.33446405047106964, -11.54177608708003433, 18.49999999999989697 ) ) ;
#3601 = PRESENTATION_STYLE_ASSIGNMENT (( #2224 ) ) ;
#3602 = ORIENTED_EDGE ( 'NONE', *, *, #3598, .F. ) ;
#3603 = STYLED_ITEM ( 'NONE', ( #1906 ), #1161 ) ;
#3604 = SURFACE_SIDE_STYLE ('',( #1590 ) ) ;
#3605 = VERTEX_POINT ( 'NONE', #2166 ) ;
#3606 = CARTESIAN_POINT ( 'NONE',  ( 104.7752953671158878, -36.89132571271645133, 18.49999999999984013 ) ) ;
#3607 = ORIENTED_EDGE ( 'NONE', *, *, #1189, .F. ) ;
#3608 = CARTESIAN_POINT ( 'NONE',  ( 92.81541178575545814, -77.59126641862937390, 25.81959279160543375 ) ) ;
#3609 =( NAMED_UNIT ( * ) SI_UNIT ( $, .STERADIAN. ) SOLID_ANGLE_UNIT ( ) );
#3610 = CARTESIAN_POINT ( 'NONE',  ( 92.74597896650449513, -77.53767995351168452, 23.10860200778107654 ) ) ;
#3611 = LINE ( 'NONE', #3556, #1498 ) ;
#3612 = CARTESIAN_POINT ( 'NONE',  ( 92.11671541870725832, -133.6042526702576652, 24.50000000000007816 ) ) ;
#3613 = CARTESIAN_POINT ( 'NONE',  ( 22.30189521250037998, -147.2148779102117828, 4.996003610813204432E-13 ) ) ;
#3614 = CARTESIAN_POINT ( 'NONE',  ( 102.0869811899341784, -36.67084179149131273, 18.49999999999994671 ) ) ;
#3615 = CARTESIAN_POINT ( 'NONE',  ( 96.34216132627659590, -77.77107672141210060, 20.50000000000025224 ) ) ;
#3616 = DIRECTION ( 'NONE',  ( -0.2771233879245773024, 0.9608343394494204270, 0.000000000000000000 ) ) ;
#3617 = ORIENTED_EDGE ( 'NONE', *, *, #851, .F. ) ;
#3618 = CARTESIAN_POINT ( 'NONE',  ( 102.0869811899341641, -36.67084179149129142, 30.49999999999984723 ) ) ;
#3619 = EDGE_LOOP ( 'NONE', ( #3257, #3023, #2521, #582 ) ) ;
#3620 = CARTESIAN_POINT ( 'NONE',  ( 90.54341751031302010, -75.79659014544772333, 24.72937231233258260 ) ) ;
#3621 = EDGE_CURVE ( 'NONE', #2900, #2113, #3229, .T. ) ;
#3622 = ADVANCED_FACE ( 'NONE', ( #2421 ), #976, .F. ) ;
#3623 = AXIS2_PLACEMENT_3D ( 'NONE', #329, #1200, #2895 ) ;
#3624 = DIRECTION ( 'NONE',  ( -0.5947417580807194959, -0.8039168123599949034, 0.000000000000000000 ) ) ;
#3625 =( LENGTH_UNIT ( ) NAMED_UNIT ( * ) SI_UNIT ( .MILLI., .METRE. ) );
#3626 = FILL_AREA_STYLE ('',( #513 ) ) ;
#3627 = STYLED_ITEM ( 'NONE', ( #2933 ), #1076 ) ;
#3628 = LINE ( 'NONE', #1396, #2119 ) ;
#3629 = DIRECTION ( 'NONE',  ( 0.7684546166080137297, -0.6399042914482061528, 1.538731882234397549E-15 ) ) ;
#3630 = LINE ( 'NONE', #1897, #2455 ) ;
#3631 =( NAMED_UNIT ( * ) SI_UNIT ( $, .STERADIAN. ) SOLID_ANGLE_UNIT ( ) );
#3632 =( LENGTH_UNIT ( ) NAMED_UNIT ( * ) SI_UNIT ( .MILLI., .METRE. ) );
#3633 = EDGE_CURVE ( 'NONE', #1476, #727, #1898, .T. ) ;
#3634 = SURFACE_STYLE_USAGE ( .BOTH. , #3604 ) ;
#3635 = CARTESIAN_POINT ( 'NONE',  ( 92.17173021644200048, -134.6073282017282224, 27.96410161513784942 ) ) ;
#3636 = ORIENTED_EDGE ( 'NONE', *, *, #2214, .F. ) ;
#3637 = CARTESIAN_POINT ( 'NONE',  ( 106.6365167263065246, -36.85939598085882807, 18.49999999999988276 ) ) ;
#3638 = EDGE_LOOP ( 'NONE', ( #2501, #18, #1621, #2373 ) ) ;
#3639 = PRESENTATION_LAYER_ASSIGNMENT (  '', '', ( #567 ) ) ;
#3640 = CARTESIAN_POINT ( 'NONE',  ( 102.8253963731031035, -76.86646139628248875, 18.98753383902006320 ) ) ;
#3641 = PLANE ( 'NONE',  #2336 ) ;
#3642 = VECTOR ( 'NONE', #631, 1000.000000000000000 ) ;
#3643 = VECTOR ( 'NONE', #260, 1000.000000000000000 ) ;
#3644 = EDGE_CURVE ( 'NONE', #776, #2645, #2182, .T. ) ;
#3645 = DIRECTION ( 'NONE',  ( -1.045305445445383739E-14, 1.000000000000000000, 0.000000000000000000 ) ) ;
#3646 = CARTESIAN_POINT ( 'NONE',  ( 101.8174444561965117, -78.63262480246586961, 19.43461146493779523 ) ) ;
#3647 = UNCERTAINTY_MEASURE_WITH_UNIT (LENGTH_MEASURE( 1.000000000000000082E-05 ), #3521, 'distance_accuracy_value', 'NONE');
#3648 = VECTOR ( 'NONE', #1521, 1000.000000000000227 ) ;
#3649 = CARTESIAN_POINT ( 'NONE',  ( 108.9701030623147204, -36.63178284268422402, 30.50000000000019895 ) ) ;
#3650 = CARTESIAN_POINT ( 'NONE',  ( 88.97857745983284872, -134.4399416294867251, 22.37794997058427171 ) ) ;
#3651 = VERTEX_POINT ( 'NONE', #1882 ) ;
#3652 = MECHANICAL_DESIGN_GEOMETRIC_PRESENTATION_REPRESENTATION (  '', ( #1352 ), #3484 ) ;
#3653 = CARTESIAN_POINT ( 'NONE',  ( 89.38978525316667856, -74.84939958062184928, 20.50000000000001776 ) ) ;
#3654 = CARTESIAN_POINT ( 'NONE',  ( 103.0093696371635588, -77.02149076145475703, 19.43461146493778813 ) ) ;
#3655 = EDGE_CURVE ( 'NONE', #267, #3318, #1940, .T. ) ;
#3656 = LINE ( 'NONE', #613, #624 ) ;
#3657 = LINE ( 'NONE', #351, #3026 ) ;
#3658 = PRESENTATION_STYLE_ASSIGNMENT (( #264 ) ) ;
#3659 = ORIENTED_EDGE ( 'NONE', *, *, #1231, .T. ) ;
#3660 = CARTESIAN_POINT ( 'NONE',  ( 102.0869811899341784, -36.67084179149131273, 18.49999999999983658 ) ) ;
#3661 = ORIENTED_EDGE ( 'NONE', *, *, #2367, .T. ) ;
#3662 = PRESENTATION_LAYER_ASSIGNMENT (  '', '', ( #1873 ) ) ;
#3663 = DIRECTION ( 'NONE',  ( -0.8039168123599947924, 0.5947417580807193849, 0.000000000000000000 ) ) ;
#3664 = CARTESIAN_POINT ( 'NONE',  ( 85.10823542438883749, 2.775557561562891351E-14, 18.50000000000013500 ) ) ;
#3665 = DIRECTION ( 'NONE',  ( -0.2771233879245773579, 0.9608343394494205381, 0.000000000000000000 ) ) ;
ENDSEC;
END-ISO-10303-21;
