ISO-10303-21;
HEADER;
FILE_DESCRIPTION (( 'STEP AP214' ),
    '1' );
FILE_NAME ('¹Ì¶¨×ù.step',
    '2023-08-15T02:59:31',
    ( '' ),
    ( '' ),
    'SwSTEP 2.0',
    'SolidWorks 2022',
    '' );
FILE_SCHEMA (( 'AUTOMOTIVE_DESIGN' ));
ENDSEC;

DATA;
#1 = CARTESIAN_POINT ( 'NONE',  ( -14.57615151204015191, -0.01477302648145466420, 8.655979456922896276 ) ) ;
#2 = CARTESIAN_POINT ( 'NONE',  ( -14.99999999999999822, -15.30488445878283521, 12.05403979526488989 ) ) ;
#3 = CARTESIAN_POINT ( 'NONE',  ( -14.99999999999999645, 0.000000000000000000, 20.00000000000000000 ) ) ;
#4 = CARTESIAN_POINT ( 'NONE',  ( -14.99999999999999467, -3.265812180075464255, 3.260903563066065658 ) ) ;
#5 = DIRECTION ( 'NONE',  ( 0.000000000000000000, 0.000000000000000000, -1.000000000000000000 ) ) ;
#6 = CARTESIAN_POINT ( 'NONE',  ( -14.71483838595933236, -14.13162510753958756, 13.75193164606363894 ) ) ;
#7 = CARTESIAN_POINT ( 'NONE',  ( -14.61894885518030129, -4.371098483389661560, 3.164828184315439774 ) ) ;
#8 = CARTESIAN_POINT ( 'NONE',  ( -14.58042274154492013, -0.4495461753798762894, 7.185566803755031096 ) ) ;
#9 = CARTESIAN_POINT ( 'NONE',  ( -14.67226318835976606, -9.797942632070808955, 17.15824318486915345 ) ) ;
#10 = CARTESIAN_POINT ( 'NONE',  ( -14.99999999999999822, -6.994079282762975858, 17.91885759477695927 ) ) ;
#11 = CARTESIAN_POINT ( 'NONE',  ( -14.57494811544757596, 0.1077052833453655961, 10.00000000000000178 ) ) ;
#12 = CARTESIAN_POINT ( 'NONE',  ( -14.99999999999999822, -0.6781518185771361340, 5.809251549232053335 ) ) ;
#13 = VERTEX_POINT ( 'NONE', #814 ) ;
#14 = CARTESIAN_POINT ( 'NONE',  ( -14.59040459542203827, -1.465598737236434745, 14.56822425537264820 ) ) ;
#15 = CARTESIAN_POINT ( 'NONE',  ( -14.71357594305513850, -14.00312194898015505, 6.037296669497143498 ) ) ;
#16 = EDGE_CURVE ( 'NONE', #1201, #989, #639, .T. ) ;
#17 = CARTESIAN_POINT ( 'NONE',  ( -14.66404553744406591, -8.961481788408402593, 2.634847864133922801 ) ) ;
#18 = AXIS2_PLACEMENT_3D ( 'NONE', #806, #904, #1158 ) ;
#19 = CARTESIAN_POINT ( 'NONE',  ( -14.63809601531677274, -6.319696794483963487, 17.40665292883786108 ) ) ;
#20 = CARTESIAN_POINT ( 'NONE',  ( -14.99999999999999467, -1.639826125286755865, 15.42495688836514844 ) ) ;
#21 = DIRECTION ( 'NONE',  ( 0.000000000000000000, -0.000000000000000000, 1.000000000000000000 ) ) ;
#22 = CARTESIAN_POINT ( 'NONE',  ( -14.99999999999999467, -0.9710101566220419311, 5.377616735615445620 ) ) ;
#23 = EDGE_LOOP ( 'NONE', ( #1182, #1195, #272, #187, #577, #883 ) ) ;
#24 = CARTESIAN_POINT ( 'NONE',  ( -14.72472385459669653, -15.13785987627066909, 10.49087338685066584 ) ) ;
#25 = CARTESIAN_POINT ( 'NONE',  ( -14.67068206242300832, -9.637037911212063435, 2.794115191981876301 ) ) ;
#26 = CARTESIAN_POINT ( 'NONE',  ( -14.67178960354448414, -9.749720902750169671, 17.17289111552150160 ) ) ;
#27 = CARTESIAN_POINT ( 'NONE',  ( -14.99999999999999822, -6.208459897725217225, 17.82984326702160516 ) ) ;
#28 = CARTESIAN_POINT ( 'NONE',  ( -14.99999999999999467, -0.1811767196347705278, 6.724901191632577380 ) ) ;
#29 = CARTESIAN_POINT ( 'NONE',  ( -14.72233288706438969, -14.89506522854151882, 11.93870839428008956 ) ) ;
#30 = CARTESIAN_POINT ( 'NONE',  ( -14.68738959171655090, -11.33763201120366304, 16.49871127609829813 ) ) ;
#31 = CARTESIAN_POINT ( 'NONE',  ( -14.64010916903233905, -6.524991667037703280, 2.560171583997721267 ) ) ;
#32 = CARTESIAN_POINT ( 'NONE',  ( -14.64238100096289585, -6.756237074366508999, 2.537798922886584041 ) ) ;
#33 = CARTESIAN_POINT ( 'NONE',  ( -14.64273104799913128, -6.791854596406304623, 17.46564906755509838 ) ) ;
#34 = CARTESIAN_POINT ( 'NONE',  ( -14.99999999999999822, 0.1094470213719960228, 12.55080931918338827 ) ) ;
#35 = EDGE_CURVE ( 'NONE', #963, #767, #449, .T. ) ;
#36 = CARTESIAN_POINT ( 'NONE',  ( -14.99999999999999822, -15.36900272840528281, 8.198045858158703680 ) ) ;
#37 = CARTESIAN_POINT ( 'NONE',  ( -14.71544083828156424, -14.19366136290953762, 13.63804753569269934 ) ) ;
#38 = CARTESIAN_POINT ( 'NONE',  ( -14.61672899761006406, -4.145140772051532529, 16.73010768912702773 ) ) ;
#39 = CARTESIAN_POINT ( 'NONE',  ( -14.70938786636825313, -13.57682062417229929, 5.431775744627345581 ) ) ;
#40 = VERTEX_POINT ( 'NONE', #679 ) ;
#41 = CARTESIAN_POINT ( 'NONE',  ( -14.67110021874347048, -9.679569493499474930, 2.806405425454074898 ) ) ;
#42 = CARTESIAN_POINT ( 'NONE',  ( -14.63554361278494831, -6.060257767397370543, 17.36119499042180792 ) ) ;
#43 = COLOUR_RGB ( '',1.000000000000000000, 1.000000000000000000, 1.000000000000000000 ) ;
#44 = AXIS2_PLACEMENT_3D ( 'NONE', #534, #1303, #744 ) ;
#45 = CARTESIAN_POINT ( 'NONE',  ( -14.99999999999999467, -15.15186638278075826, 12.55080931918333853 ) ) ;
#46 = CARTESIAN_POINT ( 'NONE',  ( -14.57686671507961584, -0.08758759834355425711, 11.70389842367647226 ) ) ;
#47 = CARTESIAN_POINT ( 'NONE',  ( -14.66211233808033398, -8.764678477097696430, 17.40377198871391329 ) ) ;
#48 = VERTEX_POINT ( 'NONE', #923 ) ;
#49 = CARTESIAN_POINT ( 'NONE',  ( -14.65720008918300010, -8.264664232934171295, 2.535697237243041968 ) ) ;
#50 = CARTESIAN_POINT ( 'NONE',  ( -14.59731826125390342, -2.169307253724669149, 15.34489134660753251 ) ) ;
#51 = CARTESIAN_POINT ( 'NONE',  ( -14.57494811544757063, 0.1077052833453660680, 10.48930690624670525 ) ) ;
#52 = CARTESIAN_POINT ( 'NONE',  ( -14.99999999999999822, 0.3265833669965398922, 11.80195414184130875 ) ) ;
#53 = CARTESIAN_POINT ( 'NONE',  ( -14.59863421137007222, -2.303285447294996402, 15.47685103438042908 ) ) ;
#54 = ORIENTED_EDGE ( 'NONE', *, *, #1438, .F. ) ;
#55 = CARTESIAN_POINT ( 'NONE',  ( -14.49999999999999467, -20.00000000000000355, 20.00000000000000000 ) ) ;
#56 = CARTESIAN_POINT ( 'NONE',  ( -14.57888143215182453, -0.2920780019778742576, 12.40856166814823958 ) ) ;
#57 =( LENGTH_UNIT ( ) NAMED_UNIT ( * ) SI_UNIT ( .MILLI., .METRE. ) );
#58 = CARTESIAN_POINT ( 'NONE',  ( -14.99999999999999467, -5.691457491681509495, 17.72856743741128227 ) ) ;
#59 = CARTESIAN_POINT ( 'NONE',  ( -14.68949585045500861, -11.55202657885963013, 16.37237959017188871 ) ) ;
#60 = ORIENTED_EDGE ( 'NONE', *, *, #1111, .F. ) ;
#61 = DIRECTION ( 'NONE',  ( 0.9848077530122091305, 0.1736481776669246135, 0.000000000000000000 ) ) ;
#62 = CARTESIAN_POINT ( 'NONE',  ( -14.63540865613260245, -6.046527666198133311, 17.35854848986243582 ) ) ;
#63 =( LENGTH_UNIT ( ) NAMED_UNIT ( * ) SI_UNIT ( .MILLI., .METRE. ) );
#64 = CARTESIAN_POINT ( 'NONE',  ( -14.99999999999999467, -6.469486481027699298, 17.86797466475603713 ) ) ;
#65 = VECTOR ( 'NONE', #310, 1000.000000000000000 ) ;
#66 = CARTESIAN_POINT ( 'NONE',  ( -14.61894885518030662, -4.371098483389663336, 16.83517181568456067 ) ) ;
#67 = ORIENTED_EDGE ( 'NONE', *, *, #1092, .F. ) ;
#68 = B_SPLINE_CURVE_WITH_KNOTS ( 'NONE', 3,
 ( #333, #109, #1349, #917, #117, #1018, #1, #1134, #670, #1119, #546, #445, #318, #8, #327, #764, #1231, #102, #1218, #1446, #1026, #552, #1125, #1106, #430, #1460, #558, #1003, #96, #1336, #90, #1225, #1365, #201, #453, #997, #792, #572, #462, #900, #1009, #778, #1452, #215, #221, #341, #209, #1244, #229, #656, #770, #785, #1238, #676, #437, #907, #1357, #1152, #607, #485, #1052, #273, #950, #690, #817, #1391, #723, #1067, #153, #376, #1176, #699, #580, #1142, #1279, #160, #835, #1401, #32, #502, #126, #238, #926, #599, #135, #592, #614, #942, #360, #956, #1169, #1043, #934, #49, #1034, #826, #1060, #351, #385, #17, #265, #470, #1384, #1270, #1287, #369, #716, #25, #41, #708, #493, #1253, #1375, #800, #809, #1262, #246, #478, #256, #1161, #144, #1411, #977, #1316, #863, #180, #1189, #736, #305, #636, #397, #81, #748, #629, #515, #1101, #278, #1425, #188, #1211, #533, #174, #1309, #729, #971, #403, #984, #1419, #296, #1079, #644, #290, #69, #840, #1073, #1202, #390, #167, #538, #1293, #1095, #857, #1322, #848, #409, #75 ),
 .UNSPECIFIED., .F., .F.,
 ( 4, 2, 2, 2, 2, 1, 2, 2, 2, 1, 1, 2, 2, 2, 1, 1, 2, 2, 2, 2, 1, 2, 2, 2, 1, 2, 2, 2, 1, 1, 2, 2, 2, 1, 1, 2, 2, 2, 1, 1, 1, 2, 2, 2, 1, 1, 1, 1, 2, 2, 2, 2, 2, 1, 1, 1, 2, 2, 2, 1, 1, 1, 2, 2, 2, 1, 1, 2, 2, 2, 1, 1, 2, 2, 2, 1, 2, 2, 2, 1, 2, 2, 2, 2, 1, 2, 2, 2, 1, 1, 2, 2, 2, 1, 2, 2, 2, 2, 2, 4 ),
 ( 0.000000000000000000, 0.01562499999999698505, 0.02343749999999553135, 0.03124999999999408112, 0.04687499999999117373, 0.05468749999998972350, 0.05859374999998902961, 0.06249999999998832878, 0.07812499999998537281, 0.08593749999998386013, 0.08984374999998309685, 0.09179687499998270828, 0.09374999999998230582, 0.1093749999999790723, 0.1171874999999774902, 0.1210937499999766992, 0.1230468749999762829, 0.1249999999999758665, 0.1406249999999724665, 0.1484374999999708011, 0.1523437499999699685, 0.1542968749999695244, 0.1562499999999691080, 0.1640624999999673872, 0.1679687499999665545, 0.1699218749999661660, 0.1718749999999657496, 0.1796874999999641953, 0.1835937499999633904, 0.1855468749999630018, 0.1865234374999627798, 0.1874999999999625855, 0.1953124999999608924, 0.1992187499999600597, 0.2011718749999595879, 0.2021484374999593658, 0.2031249999999591160, 0.2109374999999575617, 0.2148437499999567568, 0.2167968749999563682, 0.2177734374999561184, 0.2182617187499560352, 0.2187499999999559241, 0.2265624999999542588, 0.2304687499999533984, 0.2324218749999529543, 0.2333984374999527323, 0.2338867187499526490, 0.2341308593749525935, 0.2343749999999525657, 0.2499999999999488742, 0.2578124999999470424, 0.2617187499999460987, 0.2636718749999455436, 0.2646484374999453770, 0.2651367187499453215, 0.2653808593749454325, 0.2656249999999454880, 0.2734374999999473199, 0.2773437499999482636, 0.2792968749999486522, 0.2802734374999488187, 0.2807617187499488742, 0.2812499999999489297, 0.2890624999999498734, 0.2929687499999503730, 0.2949218749999506506, 0.2958984374999508171, 0.2968749999999510392, 0.3046874999999528710, 0.3085937499999537592, 0.3105468749999542033, 0.3115234374999543698, 0.3124999999999545919, 0.3203124999999560352, 0.3242187499999567568, 0.3261718749999571454, 0.3281249999999575340, 0.3359374999999591438, 0.3398437499999599765, 0.3417968749999604205, 0.3437499999999608646, 0.3593749999999649725, 0.3671874999999670264, 0.3710937499999680256, 0.3730468749999684697, 0.3749999999999689138, 0.3906249999999725220, 0.3984374999999742983, 0.4023437499999751865, 0.4042968749999757416, 0.4062499999999762412, 0.4218749999999802380, 0.4296874999999821809, 0.4335937499999832356, 0.4374999999999842348, 0.4531249999999882871, 0.4609374999999902855, 0.4687499999999922839, 0.5000000000000000000 ),
 .UNSPECIFIED. ) ;
#69 = CARTESIAN_POINT ( 'NONE',  ( -14.71659496303176340, -14.31113559172464811, 6.578464661059054031 ) ) ;
#70 = CARTESIAN_POINT ( 'NONE',  ( -14.62216932010563575, -4.698867877358298806, 16.96798785365789897 ) ) ;
#71 = DIRECTION ( 'NONE',  ( 0.000000000000000000, 0.000000000000000000, 1.000000000000000000 ) ) ;
#72 = CARTESIAN_POINT ( 'NONE',  ( -14.99999999999999467, -9.606936350689167625, 17.66542326837712196 ) ) ;
#73 = CARTESIAN_POINT ( 'NONE',  ( -14.59040459542203827, -1.465598737236434745, 14.56822425537264820 ) ) ;
#74 = ORIENTED_EDGE ( 'NONE', *, *, #1092, .T. ) ;
#75 = CARTESIAN_POINT ( 'NONE',  ( -14.72484434634271544, -15.15012464475410781, 10.00000000000000355 ) ) ;
#76 = SURFACE_SIDE_STYLE ('',( #1312 ) ) ;
#77 = CARTESIAN_POINT ( 'NONE',  ( -14.99999999999999645, -19.50000000000000355, 20.00000000000000000 ) ) ;
#78 = EDGE_CURVE ( 'NONE', #433, #13, #455, .T. ) ;
#79 = CARTESIAN_POINT ( 'NONE',  ( -14.99999999999999822, -12.42685324200467356, 3.704119333377114742 ) ) ;
#80 = ORIENTED_EDGE ( 'NONE', *, *, #1438, .T. ) ;
#81 = CARTESIAN_POINT ( 'NONE',  ( -14.69103722967332359, -11.70893365754123749, 3.730905007693086528 ) ) ;
#82 = LINE ( 'NONE', #991, #418 ) ;
#83 = CARTESIAN_POINT ( 'NONE',  ( 11.12749322263778851, 1.962077282801550915, 20.00000000000000000 ) ) ;
#84 =( GEOMETRIC_REPRESENTATION_CONTEXT ( 3 ) GLOBAL_UNCERTAINTY_ASSIGNED_CONTEXT ( ( #910 ) ) GLOBAL_UNIT_ASSIGNED_CONTEXT ( ( #63, #843, #751 ) ) REPRESENTATION_CONTEXT ( 'NONE', 'WORKASPACE' ) );
#85 = CARTESIAN_POINT ( 'NONE',  ( -14.99999999999999467, -13.40259323612201392, 4.575043111634879978 ) ) ;
#86 = ORIENTED_EDGE ( 'NONE', *, *, #1377, .T. ) ;
#87 = AXIS2_PLACEMENT_3D ( 'NONE', #355, #1248, #233 ) ;
#88 = CARTESIAN_POINT ( 'NONE',  ( -14.63286903412599571, -5.788023523157436401, 2.691992782665460382 ) ) ;
#89 = DIRECTION ( 'NONE',  ( 1.000000000000000000, 0.000000000000000000, 0.000000000000000000 ) ) ;
#90 = CARTESIAN_POINT ( 'NONE',  ( -14.59856469503346865, -2.296229797965783082, 4.530085352396348242 ) ) ;
#91 = CARTESIAN_POINT ( 'NONE',  ( -21.49999999999999645, 12.99999999999999822, 13.00000000000000178 ) ) ;
#92 = CARTESIAN_POINT ( 'NONE',  ( -14.99999999999999467, -12.83433107866375522, 4.033447336370685754 ) ) ;
#93 = ORIENTED_EDGE ( 'NONE', *, *, #1346, .T. ) ;
#94 = CARTESIAN_POINT ( 'NONE',  ( -14.59040459542203649, -1.465598737236440074, 5.431775744627350910 ) ) ;
#95 = LINE ( 'NONE', #551, #1128 ) ;
#96 = CARTESIAN_POINT ( 'NONE',  ( -14.59645665702200112, -2.081609903972844400, 4.741359393892945029 ) ) ;
#97 = DIRECTION ( 'NONE',  ( 0.1736481776669237531, -0.9848077530122092416, 0.000000000000000000 ) ) ;
#98 = CARTESIAN_POINT ( 'NONE',  ( -14.99999999999999467, -6.208459897725203902, 2.170156732978395731 ) ) ;
#99 = ORIENTED_EDGE ( 'NONE', *, *, #253, .T. ) ;
#100 = CARTESIAN_POINT ( 'NONE',  ( -14.58264171248724494, -0.6754204461379260671, 6.680980593673670143 ) ) ;
#101 = LINE ( 'NONE', #1105, #206 ) ;
#102 = CARTESIAN_POINT ( 'NONE',  ( -14.58525918651610276, -0.9413234962241660009, 6.200948115754010281 ) ) ;
#103 = FACE_OUTER_BOUND ( 'NONE', #295, .T. ) ;
#104 = CARTESIAN_POINT ( 'NONE',  ( -14.57494811544757596, 0.1077052833453655961, 10.00000000000000178 ) ) ;
#105 = CARTESIAN_POINT ( 'NONE',  ( -14.57494811544757773, 0.1077052833453641112, 10.24543701191821476 ) ) ;
#106 = EDGE_LOOP ( 'NONE', ( #1308, #205, #251, #1456 ) ) ;
#107 = CARTESIAN_POINT ( 'NONE',  ( -14.70938786636825313, -13.57682062417229929, 5.431775744627345581 ) ) ;
#108 = CARTESIAN_POINT ( 'NONE',  ( -14.99999999999999645, -19.50000000000000355, 0.5000000000000004441 ) ) ;
#109 = CARTESIAN_POINT ( 'NONE',  ( -14.57494811544757596, 0.1077052833453667063, 9.755362766292446253 ) ) ;
#110 = VECTOR ( 'NONE', #1113, 1000.000000000000114 ) ;
#111 = CARTESIAN_POINT ( 'NONE',  ( 10.17718219639637134, 4.472173687335112113, 10.00000000000000178 ) ) ;
#112 = CARTESIAN_POINT ( 'NONE',  ( -14.99999999999999467, -7.784775221691645264, 2.068391004993290316 ) ) ;
#113 = FACE_OUTER_BOUND ( 'NONE', #931, .T. ) ;
#114 = CARTESIAN_POINT ( 'NONE',  ( -14.57746338297809530, -0.1483219961610056092, 8.057733497177586912 ) ) ;
#115 = CARTESIAN_POINT ( 'NONE',  ( 0.000000000000000000, 0.000000000000000000, 20.00000000000000000 ) ) ;
#116 = B_SPLINE_CURVE_WITH_KNOTS ( 'NONE', 3,
 ( #1226, #1232, #210, #867, #646, #1012, #1319, #664, #216, #547, #765, #431, #658, #992, #1434, #413, #301, #553 ),
 .UNSPECIFIED., .F., .F.,
 ( 4, 2, 2, 2, 2, 2, 2, 2, 4 ),
 ( 0.5000000000000000000, 0.5625000000000000000, 0.6250000000000000000, 0.6875000000000000000, 0.7500000000000000000, 0.8125000000000000000, 0.8750000000000000000, 0.9375000000000000000, 1.000000000000000000 ),
 .UNSPECIFIED. ) ;
#117 = CARTESIAN_POINT ( 'NONE',  ( -14.57558256680729336, 0.04359824815322715236, 9.022001508793204394 ) ) ;
#118 = CARTESIAN_POINT ( 'NONE',  ( -14.68418262948793007, -11.01119079760853481, 16.67024923829918848 ) ) ;
#119 = CARTESIAN_POINT ( 'NONE',  ( -14.99999999999999822, -7.784775221691636382, 17.93160899500670524 ) ) ;
#120 = CARTESIAN_POINT ( 'NONE',  ( 13.36113282673977487, -10.70552239552064044, 10.00000000000000355 ) ) ;
#121 = CARTESIAN_POINT ( 'NONE',  ( -14.99999999999999822, -5.691457491681497061, 2.271432562588726167 ) ) ;
#122 = ORIENTED_EDGE ( 'NONE', *, *, #779, .F. ) ;
#123 = ADVANCED_FACE ( 'NONE', ( #113 ), #1015, .F. ) ;
#124 = CARTESIAN_POINT ( 'NONE',  ( -14.63048700235067479, -5.545558215696596349, 17.24829912178237379 ) ) ;
#125 = CARTESIAN_POINT ( 'NONE',  ( -14.69933875324552019, -12.55392860054200987, 4.358125191825338085 ) ) ;
#126 = CARTESIAN_POINT ( 'NONE',  ( -14.64252460083208085, -6.770856708401082003, 2.536365191080882209 ) ) ;
#127 = CARTESIAN_POINT ( 'NONE',  ( -14.69178307413165818, -11.78484346433538299, 16.21944505835659811 ) ) ;
#128 = CARTESIAN_POINT ( 'NONE',  ( -14.99999999999999822, -13.40259323612200326, 15.42495688836512890 ) ) ;
#129 = DIRECTION ( 'NONE',  ( 0.5735764363510544861, 0.8191520442889859144, 0.000000000000000000 ) ) ;
#130 = CARTESIAN_POINT ( 'NONE',  ( -14.99999999999999467, -11.55026742678644780, 3.127301758206274762 ) ) ;
#131 = DIRECTION ( 'NONE',  ( 0.7071067811865475727, -0.7071067811865475727, 0.000000000000000000 ) ) ;
#132 = CARTESIAN_POINT ( 'NONE',  ( -14.72424304676616202, -15.08891879174461081, 9.020616281907246403 ) ) ;
#133 = CARTESIAN_POINT ( 'NONE',  ( -14.67631165931784487, -10.21001721071755775, 2.976978828015261591 ) ) ;
#134 = AXIS2_PLACEMENT_3D ( 'NONE', #1179, #852, #511 ) ;
#135 = CARTESIAN_POINT ( 'NONE',  ( -14.65294924043499769, -7.833186285520048919, 2.505269134797293962 ) ) ;
#136 = VECTOR ( 'NONE', #528, 1000.000000000000000 ) ;
#137 = CARTESIAN_POINT ( 'NONE',  ( -14.69054356776700132, -11.65866486749956366, 16.30233022791905739 ) ) ;
#138 = VECTOR ( 'NONE', #97, 1000.000000000000000 ) ;
#139 = CARTESIAN_POINT ( 'NONE',  ( -14.99999999999999467, -7.257644139717082332, 17.93160899500671590 ) ) ;
#140 = CARTESIAN_POINT ( 'NONE',  ( -14.99999999999999822, -14.49993037088192871, 6.032152694324195430 ) ) ;
#141 = CARTESIAN_POINT ( 'NONE',  ( -14.72484434634271544, -15.15012464475410781, 10.00000000000000355 ) ) ;
#142 = CARTESIAN_POINT ( 'NONE',  ( -14.72472385459669830, -15.13785987627067087, 9.509126613149339491 ) ) ;
#143 = CARTESIAN_POINT ( 'NONE',  ( -14.57971460401666342, -0.3774721724652096433, 7.356628489093688827 ) ) ;
#144 = CARTESIAN_POINT ( 'NONE',  ( -14.68088864938643923, -10.67602616823605111, 3.170232756100185956 ) ) ;
#145 = CARTESIAN_POINT ( 'NONE',  ( -14.66671853107567713, -9.233707947943923244, 17.30908218708834667 ) ) ;
#146 = ADVANCED_FACE ( 'NONE', ( #1259 ), #913, .F. ) ;
#147 = CARTESIAN_POINT ( 'NONE',  ( -14.99999999999999467, -0.6781518185771366891, 14.19074845076795377 ) ) ;
#148 = CARTESIAN_POINT ( 'NONE',  ( -14.99999999999999467, -4.682592811720141412, 2.572818946688427033 ) ) ;
#149 = CARTESIAN_POINT ( 'NONE',  ( -14.69412416444238545, -12.02368213383179274, 16.05483206530324480 ) ) ;
#150 = CARTESIAN_POINT ( 'NONE',  ( -14.65968329275794879, -8.517427694371013658, 17.43982841600228539 ) ) ;
#151 = CARTESIAN_POINT ( 'NONE',  ( -14.66692342766428858, -9.254395838251291195, 2.691992782665459494 ) ) ;
#152 = ORIENTED_EDGE ( 'NONE', *, *, #35, .F. ) ;
#153 = CARTESIAN_POINT ( 'NONE',  ( -14.63495516318300460, -6.000362736995247914, 2.650537393422494947 ) ) ;
#154 = CARTESIAN_POINT ( 'NONE',  ( -14.63574692435745739, -6.080937574059380957, 17.36515213606715591 ) ) ;
#155 = CARTESIAN_POINT ( 'NONE',  ( -14.99999999999999822, -15.06296697353069192, 12.79549190040653883 ) ) ;
#156 = CARTESIAN_POINT ( 'NONE',  ( -14.99999999999999822, -2.615566119404097556, 16.29588066662290657 ) ) ;
#157 = CARTESIAN_POINT ( 'NONE',  ( -14.57554941502412760, 0.04649943033587305985, 10.97938371809272340 ) ) ;
#158 = CARTESIAN_POINT ( 'NONE',  ( -14.71085067972314242, -13.72571934732362564, 5.629149835208820285 ) ) ;
#159 = ORIENTED_EDGE ( 'NONE', *, *, #966, .F. ) ;
#160 = CARTESIAN_POINT ( 'NONE',  ( -14.64138068383561198, -6.654324095022617236, 2.548447784266402838 ) ) ;
#161 = CARTESIAN_POINT ( 'NONE',  ( -14.61345494515328447, -3.811884582797136822, 16.55498861415106049 ) ) ;
#162 = CARTESIAN_POINT ( 'NONE',  ( -14.49999999999999467, 19.99999999999999645, 20.00000000000000000 ) ) ;
#163 = VECTOR ( 'NONE', #973, 1000.000000000000000 ) ;
#164 = CARTESIAN_POINT ( 'NONE',  ( -14.99999999999999822, -1.462613324837448436, 15.23240314540553442 ) ) ;
#165 = CARTESIAN_POINT ( 'NONE',  ( -14.66930545943961661, -9.496861145712134800, 17.24829912178238445 ) ) ;
#166 = EDGE_LOOP ( 'NONE', ( #86, #976 ) ) ;
#167 = CARTESIAN_POINT ( 'NONE',  ( -14.72008739396306254, -14.66588987728475146, 7.358865766984530765 ) ) ;
#168 = CARTESIAN_POINT ( 'NONE',  ( -14.57970506782045916, -0.3765294842015279864, 12.64113423320265461 ) ) ;
#169 = CARTESIAN_POINT ( 'NONE',  ( 7.946920771661680760, 19.99999999999999645, 0.4999999999999933942 ) ) ;
#170 = CARTESIAN_POINT ( 'NONE',  ( -14.99999999999999822, 0.5327571678977806036, 10.25956138819170427 ) ) ;
#171 = CARTESIAN_POINT ( 'NONE',  ( -14.99999999999999822, -8.572932880381047838, 17.86797466475603002 ) ) ;
#172 = CARTESIAN_POINT ( 'NONE',  ( -14.71820066374126590, -14.47386895357447223, 13.09687997457003128 ) ) ;
#173 = EDGE_LOOP ( 'NONE', ( #876, #722, #323, #1168 ) ) ;
#174 = CARTESIAN_POINT ( 'NONE',  ( -14.70266992565559683, -12.89300897612186780, 4.674423820030562560 ) ) ;
#175 = CARTESIAN_POINT ( 'NONE',  ( -14.59904323477249655, -2.344395814183168003, 15.50929002263942991 ) ) ;
#176 = FACE_OUTER_BOUND ( 'NONE', #1109, .T. ) ;
#177 = CARTESIAN_POINT ( 'NONE',  ( -14.99999999999999645, 0.5327571678977807146, 10.00000000000000178 ) ) ;
#178 = CARTESIAN_POINT ( 'NONE',  ( -14.99999999999999467, -13.57980603657128249, 15.23240314540555929 ) ) ;
#179 = CARTESIAN_POINT ( 'NONE',  ( -14.63048700235067479, -5.545558215696596349, 17.24829912178237379 ) ) ;
#180 = CARTESIAN_POINT ( 'NONE',  ( -14.68494878077578392, -11.08918543060341122, 3.370735300222370778 ) ) ;
#181 = CARTESIAN_POINT ( 'NONE',  ( -14.59000531641086695, -1.424311560604619498, 14.51099770400073474 ) ) ;
#182 = SHAPE_DEFINITION_REPRESENTATION ( #985, #434 ) ;
#183 = VECTOR ( 'NONE', #129, 1000.000000000000000 ) ;
#184 = CARTESIAN_POINT ( 'NONE',  ( -14.99999999999999822, -12.83433107866375700, 15.96655266362932046 ) ) ;
#185 = VECTOR ( 'NONE', #768, 1000.000000000000114 ) ;
#186 = CARTESIAN_POINT ( 'NONE',  ( -14.63768012370995919, -6.277740884311059588, 17.40377198871391329 ) ) ;
#187 = ORIENTED_EDGE ( 'NONE', *, *, #297, .F. ) ;
#188 = CARTESIAN_POINT ( 'NONE',  ( -14.70140795468651618, -12.76483298391189081, 4.551880835573134831 ) ) ;
#189 = CARTESIAN_POINT ( 'NONE',  ( -14.62691284785365298, -5.181752144098816792, 17.13980463395031606 ) ) ;
#190 = CARTESIAN_POINT ( 'NONE',  ( -15.82108057388238365, -15.34342066889941059, 10.00000000000000355 ) ) ;
#191 = LINE ( 'NONE', #328, #640 ) ;
#192 = CARTESIAN_POINT ( 'NONE',  ( -14.99999999999999822, -11.08537931649392760, 2.882588975407516685 ) ) ;
#193 = ORIENTED_EDGE ( 'NONE', *, *, #344, .T. ) ;
#194 = LINE ( 'NONE', #742, #1156 ) ;
#195 = DIRECTION ( 'NONE',  ( -0.1736481776669237531, 0.9848077530122092416, 0.000000000000000000 ) ) ;
#196 = CARTESIAN_POINT ( 'NONE',  ( 14.49228669405713887, -20.00000000000000355, 0.000000000000000000 ) ) ;
#197 = CARTESIAN_POINT ( 'NONE',  ( -14.99999999999999822, -11.77660718133327933, 3.260903563066063882 ) ) ;
#198 = ORIENTED_EDGE ( 'NONE', *, *, #823, .T. ) ;
#199 = CARTESIAN_POINT ( 'NONE',  ( -14.60621796652784532, -3.075230450331950749, 3.900335405633702290 ) ) ;
#200 = DIRECTION ( 'NONE',  ( 0.000000000000000000, 1.000000000000000000, 0.000000000000000000 ) ) ;
#201 = CARTESIAN_POINT ( 'NONE',  ( -14.60416731805227997, -2.865506172555954745, 4.057235974154269620 ) ) ;
#202 = CARTESIAN_POINT ( 'NONE',  ( -14.99999999999999645, 0.5327571678977807146, 10.00000000000000178 ) ) ;
#203 =( GEOMETRIC_REPRESENTATION_CONTEXT ( 3 ) GLOBAL_UNCERTAINTY_ASSIGNED_CONTEXT ( ( #513 ) ) GLOBAL_UNIT_ASSIGNED_CONTEXT ( ( #57, #1421, #650 ) ) REPRESENTATION_CONTEXT ( 'NONE', 'WORKASPACE' ) );
#204 = CARTESIAN_POINT ( 'NONE',  ( -14.99999999999999467, -4.682592811720141412, 2.572818946688427033 ) ) ;
#205 = ORIENTED_EDGE ( 'NONE', *, *, #1023, .T. ) ;
#206 = VECTOR ( 'NONE', #89, 1000.000000000000000 ) ;
#207 = CARTESIAN_POINT ( 'NONE',  ( -14.66692342766428858, -9.254395838251291195, 2.691992782665459494 ) ) ;
#208 = DIRECTION ( 'NONE',  ( 0.000000000000000000, -0.000000000000000000, 1.000000000000000000 ) ) ;
#209 = CARTESIAN_POINT ( 'NONE',  ( -14.61560983230248922, -4.031228563787751185, 3.329750761707384932 ) ) ;
#210 = CARTESIAN_POINT ( 'NONE',  ( -14.99999999999999645, -15.36525017313963382, 7.923382456094259396 ) ) ;
#211 = CARTESIAN_POINT ( 'NONE',  ( -14.99999999999999822, -0.6781518185771361340, 5.809251549232053335 ) ) ;
#212 = EDGE_LOOP ( 'NONE', ( #1465, #524, #1175, #715 ) ) ;
#213 = CARTESIAN_POINT ( 'NONE',  ( -14.62579288043255765, -5.067746909430273838, 2.894194085799250526 ) ) ;
#214 = CARTESIAN_POINT ( 'NONE',  ( 13.03410714991785291, -20.00000000000000355, 21.43602652035217560 ) ) ;
#215 = CARTESIAN_POINT ( 'NONE',  ( -14.61346438780707224, -3.812804356495410385, 3.445645700086950480 ) ) ;
#216 = CARTESIAN_POINT ( 'NONE',  ( -14.99999999999999645, -8.574852933703278168, 2.068461838399782149 ) ) ;
#217 = CARTESIAN_POINT ( 'NONE',  ( -14.99999999999999467, -2.615566119404064249, 3.704119333377121404 ) ) ;
#218 = VERTEX_POINT ( 'NONE', #569 ) ;
#219 = CARTESIAN_POINT ( 'NONE',  ( -14.70462685271033010, -13.09220045564517854, 4.870249316582204280 ) ) ;
#220 = CARTESIAN_POINT ( 'NONE',  ( -14.99999999999999822, -11.57679631942894716, 16.93083052886739992 ) ) ;
#221 = CARTESIAN_POINT ( 'NONE',  ( -14.61401230461888723, -3.868599381715001062, 3.415434300647564925 ) ) ;
#222 = DIRECTION ( 'NONE',  ( 0.7124982932086698639, -0.000000000000000000, 0.7016738431598631420 ) ) ;
#223 = MECHANICAL_DESIGN_GEOMETRIC_PRESENTATION_REPRESENTATION (  '', ( #585 ), #255 ) ;
#224 = CARTESIAN_POINT ( 'NONE',  ( -14.99999999999999822, -15.51056053694039427, 8.964254838935019620 ) ) ;
#225 = ORIENTED_EDGE ( 'NONE', *, *, #559, .T. ) ;
#226 = CARTESIAN_POINT ( 'NONE',  ( -14.65234890309572258, -7.770865426431013745, 2.500000000000002220 ) ) ;
#227 = CARTESIAN_POINT ( 'NONE',  ( -14.99999999999999822, -8.574852933722491244, 17.93167982841320907 ) ) ;
#228 = VECTOR ( 'NONE', #638, 1000.000000000000114 ) ;
#229 = CARTESIAN_POINT ( 'NONE',  ( -14.61834932959363442, -4.309949146168595924, 3.196534714652321529 ) ) ;
#230 = CARTESIAN_POINT ( 'NONE',  ( -14.66467787619472496, -9.025824363000298334, 17.35269100348852334 ) ) ;
#231 = EDGE_CURVE ( 'NONE', #433, #747, #388, .T. ) ;
#232 = CARTESIAN_POINT ( 'NONE',  ( -14.99999999999999822, -8.572932880381047838, 17.86797466475603002 ) ) ;
#233 = DIRECTION ( 'NONE',  ( 0.000000000000000000, -0.000000000000000000, 1.000000000000000000 ) ) ;
#234 = CARTESIAN_POINT ( 'NONE',  ( -14.99999999999999822, -12.42685324200467356, 3.704119333377114742 ) ) ;
#235 = CARTESIAN_POINT ( 'NONE',  ( -14.71936972024917445, -14.59287318606959793, 12.81443319614971799 ) ) ;
#236 = CARTESIAN_POINT ( 'NONE',  ( -14.64744355869457060, -7.271553934977713851, 17.49999999999999645 ) ) ;
#237 = CARTESIAN_POINT ( 'NONE',  ( -14.62348080247244653, -4.832402150691193832, 2.976978828015258927 ) ) ;
#238 = CARTESIAN_POINT ( 'NONE',  ( -14.64417755822911182, -6.939112049534005067, 2.520073518127620815 ) ) ;
#239 = CARTESIAN_POINT ( 'NONE',  ( -14.64444243818822855, -6.965218732368731125, 17.48023041446156967 ) ) ;
#240 = CARTESIAN_POINT ( 'NONE',  ( -14.99999999999999822, -15.56222841817448099, 10.51912210274057813 ) ) ;
#241 = CARTESIAN_POINT ( 'NONE',  ( -14.99999999999999645, 0.5327571678977807146, 10.00000000000000178 ) ) ;
#242 = CARTESIAN_POINT ( 'NONE',  ( -14.99999999999999467, -5.435483010719598163, 2.334576731622882040 ) ) ;
#243 = ORIENTED_EDGE ( 'NONE', *, *, #353, .T. ) ;
#244 = CARTESIAN_POINT ( 'NONE',  ( -14.58621651873515468, -1.039297412428592304, 13.96270333050286538 ) ) ;
#245 = CARTESIAN_POINT ( 'NONE',  ( -14.72472385459669830, -15.13785987627067087, 9.509126613149339491 ) ) ;
#246 = CARTESIAN_POINT ( 'NONE',  ( -14.67803397775464802, -10.38534678680860068, 3.048609175382983594 ) ) ;
#247 = CARTESIAN_POINT ( 'NONE',  ( -14.67637757404374454, -10.21688200018420467, 17.01725878272027970 ) ) ;
#248 = CARTESIAN_POINT ( 'NONE',  ( -14.99999999999999467, -10.35982654968860572, 17.42718105331157830 ) ) ;
#249 = CARTESIAN_POINT ( 'NONE',  ( 7.454516895155584244, 19.91317591116652252, 0.000000000000000000 ) ) ;
#250 = CARTESIAN_POINT ( 'NONE',  ( -14.99999999999999467, 0.1094470213720128149, 7.449190680816663246 ) ) ;
#251 = ORIENTED_EDGE ( 'NONE', *, *, #775, .T. ) ;
#252 = CARTESIAN_POINT ( 'NONE',  ( -14.57971460401665809, -0.3774721724652035926, 12.64337151090631117 ) ) ;
#253 = EDGE_CURVE ( 'NONE', #1059, #1372, #1069, .T. ) ;
#254 = CARTESIAN_POINT ( 'NONE',  ( -14.72090513249587751, -14.74915489010145464, 7.587996344005476068 ) ) ;
#255 =( GEOMETRIC_REPRESENTATION_CONTEXT ( 3 ) GLOBAL_UNCERTAINTY_ASSIGNED_CONTEXT ( ( #1145 ) ) GLOBAL_UNIT_ASSIGNED_CONTEXT ( ( #866, #1075, #625 ) ) REPRESENTATION_CONTEXT ( 'NONE', 'WORKASPACE' ) );
#256 = CARTESIAN_POINT ( 'NONE',  ( -14.67843112085398971, -10.42575642403982350, 3.064830877469681525 ) ) ;
#257 = CARTESIAN_POINT ( 'NONE',  ( -14.68310541427495330, -10.90166644838240551, 16.72462009853534326 ) ) ;
#258 = VECTOR ( 'NONE', #895, 1000.000000000000000 ) ;
#259 = CARTESIAN_POINT ( 'NONE',  ( -14.99999999999999467, -1.128204906558458953, 14.83111581268287082 ) ) ;
#260 = CARTESIAN_POINT ( 'NONE',  ( -14.99999999999999467, -15.30488445878283699, 7.945960204735112775 ) ) ;
#261 = CARTESIAN_POINT ( 'NONE',  ( -14.71255794436524234, -13.89952125639562297, 14.11478176279246988 ) ) ;
#262 = CARTESIAN_POINT ( 'NONE',  ( -14.61029661133527568, -3.490392782549130768, 16.37237959017188871 ) ) ;
#263 = CARTESIAN_POINT ( 'NONE',  ( -14.63048700235068189, -5.545558215696629212, 2.751700878217624435 ) ) ;
#264 = ORIENTED_EDGE ( 'NONE', *, *, #1306, .F. ) ;
#265 = CARTESIAN_POINT ( 'NONE',  ( -14.66424884901195647, -8.982161594631415724, 2.638805009697252402 ) ) ;
#266 = CARTESIAN_POINT ( 'NONE',  ( -14.66941085285601787, -9.507810419430644089, 17.24228756831281473 ) ) ;
#267 = CARTESIAN_POINT ( 'NONE',  ( -14.99999999999999467, -6.469486481027699298, 17.86797466475603713 ) ) ;
#268 = CARTESIAN_POINT ( 'NONE',  ( -14.99999999999999467, -8.833959463683545010, 17.82984326702160516 ) ) ;
#269 = CARTESIAN_POINT ( 'NONE',  ( -14.70943964100295887, -13.58295875554991916, 14.56034753906886259 ) ) ;
#270 = CARTESIAN_POINT ( 'NONE',  ( -14.72232907881219433, -14.89409736524773997, 11.94226650282241309 ) ) ;
#271 = CARTESIAN_POINT ( 'NONE',  ( -14.60424559104420439, -2.874463763244629266, 4.046718007733609568 ) ) ;
#272 = ORIENTED_EDGE ( 'NONE', *, *, #758, .F. ) ;
#273 = CARTESIAN_POINT ( 'NONE',  ( -14.62800285824677360, -5.292698458727500999, 2.827108884457964599 ) ) ;
#274 = CARTESIAN_POINT ( 'NONE',  ( -14.63276035601379377, -5.776732964969952810, 17.30231741899737585 ) ) ;
#275 = CARTESIAN_POINT ( 'NONE',  ( -14.99999999999999467, 0.02054761212194750747, 12.79549190040654771 ) ) ;
#276 = CARTESIAN_POINT ( 'NONE',  ( -14.72007785777362976, -14.66494718894354143, 12.64337151090629696 ) ) ;
#277 = ORIENTED_EDGE ( 'NONE', *, *, #1237, .T. ) ;
#278 = CARTESIAN_POINT ( 'NONE',  ( -14.69941079917906102, -12.56222996388795110, 4.369357216966252011 ) ) ;
#279 = CARTESIAN_POINT ( 'NONE',  ( -14.62136134093596418, -4.616662937302240977, 16.93516912250314732 ) ) ;
#280 = CARTESIAN_POINT ( 'NONE',  ( -14.99999999999999645, 19.49999999999999645, 20.00000000000000000 ) ) ;
#281 = PRESENTATION_LAYER_ASSIGNMENT (  '', '', ( #1085 ) ) ;
#282 = EDGE_CURVE ( 'NONE', #767, #1059, #677, .T. ) ;
#283 = CARTESIAN_POINT ( 'NONE',  ( -14.99999999999999822, -15.06296697353069192, 12.79549190040653883 ) ) ;
#284 = CARTESIAN_POINT ( 'NONE',  ( -14.60045370854476943, -2.488490760866752360, 15.64187480817468057 ) ) ;
#285 = CARTESIAN_POINT ( 'NONE',  ( 7.330519245750857671, 19.99999999999999645, 0.000000000000000000 ) ) ;
#286 = CARTESIAN_POINT ( 'NONE',  ( -14.58112220699788075, -0.5206832827421788989, 12.98137128967950993 ) ) ;
#287 = CARTESIAN_POINT ( 'NONE',  ( -14.99999999999999467, -14.07140920478670765, 14.62238326438455083 ) ) ;
#288 = CARTESIAN_POINT ( 'NONE',  ( -14.62579288043255765, -5.067746909430272950, 17.10580591420075791 ) ) ;
#289 = VERTEX_POINT ( 'NONE', #902 ) ;
#290 = CARTESIAN_POINT ( 'NONE',  ( -14.71486359411618494, -14.13488806431782407, 6.253632171457761402 ) ) ;
#291 = CARTESIAN_POINT ( 'NONE',  ( -14.61890381240981895, -4.366393193961920716, 16.82976724425230586 ) ) ;
#292 = LINE ( 'NONE', #1185, #228 ) ;
#293 = CARTESIAN_POINT ( 'NONE',  ( -14.99999999999999822, -15.47184090093262476, 11.29280616404245308 ) ) ;
#294 = CARTESIAN_POINT ( 'NONE',  ( -14.70627594882365052, -13.26006076728815763, 14.94767500708202590 ) ) ;
#295 = EDGE_LOOP ( 'NONE', ( #869, #1267, #159, #555, #421 ) ) ;
#296 = CARTESIAN_POINT ( 'NONE',  ( -14.71187978812113961, -13.83049501152222405, 5.783628903277887368 ) ) ;
#297 = EDGE_CURVE ( 'NONE', #1066, #1072, #345, .T. ) ;
#298 = CARTESIAN_POINT ( 'NONE',  ( -14.58492886767121810, -0.9075312975188467579, 13.74636782927451328 ) ) ;
#299 = EDGE_CURVE ( 'NONE', #989, #492, #1295, .T. ) ;
#300 = VECTOR ( 'NONE', #71, 1000.000000000000000 ) ;
#301 = CARTESIAN_POINT ( 'NONE',  ( -14.99999999999999822, 0.5327571678977808256, 8.960313167572557802 ) ) ;
#302 = VECTOR ( 'NONE', #996, 1000.000000000000227 ) ;
#303 = CARTESIAN_POINT ( 'NONE',  ( -14.57590972986080047, 0.009823241310650338703, 11.22245640656547572 ) ) ;
#304 = EDGE_LOOP ( 'NONE', ( #264, #532, #1431, #628 ) ) ;
#305 = CARTESIAN_POINT ( 'NONE',  ( -14.68899486018503175, -11.50113118847262150, 3.601188165644144235 ) ) ;
#306 = CARTESIAN_POINT ( 'NONE',  ( -14.49999999999999467, -20.00000000000000355, 0.000000000000000000 ) ) ;
#307 = CARTESIAN_POINT ( 'NONE',  ( -14.49999999999999467, 0.000000000000000000, 0.000000000000000000 ) ) ;
#308 = CARTESIAN_POINT ( 'NONE',  ( -14.99999999999999822, -4.195587194133175046, 2.771478632573341372 ) ) ;
#309 = VERTEX_POINT ( 'NONE', #1408 ) ;
#310 = DIRECTION ( 'NONE',  ( 0.000000000000000000, 0.000000000000000000, -1.000000000000000000 ) ) ;
#311 = CARTESIAN_POINT ( 'NONE',  ( -14.99999999999999645, -3.465678091795509008, 16.93069964577123798 ) ) ;
#312 = LINE ( 'NONE', #169, #704 ) ;
#313 = CARTESIAN_POINT ( 'NONE',  ( 20.23305901065010204, -14.26694098934987665, 13.35090766468506907 ) ) ;
#314 = CARTESIAN_POINT ( 'NONE',  ( -14.99999999999999467, 0.1094470213720128149, 7.449190680816663246 ) ) ;
#315 = ORIENTED_EDGE ( 'NONE', *, *, #1197, .T. ) ;
#316 = CARTESIAN_POINT ( 'NONE',  ( -14.67399958135773375, -9.974672451978463528, 2.894194085799250971 ) ) ;
#317 = CARTESIAN_POINT ( 'NONE',  ( -15.00000000000000000, -14.55882654001857013, 13.99391895131839547 ) ) ;
#318 = CARTESIAN_POINT ( 'NONE',  ( -14.58018719526255502, -0.4255159184803208872, 7.244608172280395664 ) ) ;
#319 = CARTESIAN_POINT ( 'NONE',  ( 11.12749322263778851, 1.962077282801550915, 19.50000000000000711 ) ) ;
#320 = EDGE_CURVE ( 'NONE', #747, #989, #1239, .T. ) ;
#321 = VECTOR ( 'NONE', #1352, 1000.000000000000000 ) ;
#322 = CARTESIAN_POINT ( 'NONE',  ( -14.99999999999999822, -4.931050016159908900, 2.485270119220467588 ) ) ;
#323 = ORIENTED_EDGE ( 'NONE', *, *, #630, .F. ) ;
#324 = VECTOR ( 'NONE', #1004, 1000.000000000000000 ) ;
#325 = CARTESIAN_POINT ( 'NONE',  ( -14.58894178206714720, -1.316700014085114168, 5.629149835208826502 ) ) ;
#326 = CARTESIAN_POINT ( 'NONE',  ( -14.57494811544757418, 0.1077052833453648190, 9.754562988081788788 ) ) ;
#327 = CARTESIAN_POINT ( 'NONE',  ( -14.58157503898455332, -0.5668717492292038029, 6.907104071288997282 ) ) ;
#328 = CARTESIAN_POINT ( 'NONE',  ( 19.88642557308908820, -14.61357442691088693, 6.247532773800682726 ) ) ;
#329 = CARTESIAN_POINT ( 'NONE',  ( -14.99999999999999822, -14.86124264177396626, 6.724901191632563169 ) ) ;
#330 = CARTESIAN_POINT ( 'NONE',  ( -14.72069027006432229, -14.72773403974546191, 12.46637245783036185 ) ) ;
#331 = CARTESIAN_POINT ( 'NONE',  ( -14.57971460401666342, -0.3774721724652096433, 7.356628489093688827 ) ) ;
#332 = CARTESIAN_POINT ( 'NONE',  ( -14.99999999999999822, -12.47113510618375720, 16.34216390276900910 ) ) ;
#333 = CARTESIAN_POINT ( 'NONE',  ( -14.57494811544757596, 0.1077052833453655961, 10.00000000000000178 ) ) ;
#334 = CARTESIAN_POINT ( 'NONE',  ( 12.78190486140023907, -10.29994260784802407, 10.00000000000000355 ) ) ;
#335 = DIRECTION ( 'NONE',  ( 1.000000000000000000, 0.000000000000000000, 0.000000000000000000 ) ) ;
#336 = CARTESIAN_POINT ( 'NONE',  ( -14.99999999999999467, -12.21490065769555500, 3.549312724906715566 ) ) ;
#337 = DIRECTION ( 'NONE',  ( -0.1736481776669245580, 0.9848077530122091305, 0.000000000000000000 ) ) ;
#338 = CARTESIAN_POINT ( 'NONE',  ( -14.58159179804902728, -0.5685504078342782375, 6.903120025429959838 ) ) ;
#339 = CARTESIAN_POINT ( 'NONE',  ( -14.99999999999999645, -1.081207676882077084, 14.87472493583873323 ) ) ;
#340 = ADVANCED_FACE ( 'NONE', ( #561 ), #1360, .F. ) ;
#341 = CARTESIAN_POINT ( 'NONE',  ( -14.61430495922675554, -3.898397935463441044, 3.399550456307325774 ) ) ;
#342 = CARTESIAN_POINT ( 'NONE',  ( -14.69206332231335743, -11.81339720162639750, 16.20044356590436507 ) ) ;
#343 = CARTESIAN_POINT ( 'NONE',  ( -14.99999999999999822, -11.55026742678649221, 16.87269824179370303 ) ) ;
#344 = EDGE_CURVE ( 'NONE', #537, #1100, #1013, .T. ) ;
#345 = LINE ( 'NONE', #504, #1367 ) ;
#346 = CARTESIAN_POINT ( 'NONE',  ( -14.99999999999999467, -6.208459897725203902, 2.170156732978395731 ) ) ;
#347 = CARTESIAN_POINT ( 'NONE',  ( -14.72364094975332449, -15.02764633498334668, 11.34402054280233152 ) ) ;
#348 = CARTESIAN_POINT ( 'NONE',  ( -14.67399958135773197, -9.974672451978504384, 17.10580591420073659 ) ) ;
#349 = CARTESIAN_POINT ( 'NONE',  ( -14.66930545943961128, -9.496861145712113483, 2.751700878217622215 ) ) ;
#350 = AXIS2_PLACEMENT_3D ( 'NONE', #467, #1362, #337 ) ;
#351 = CARTESIAN_POINT ( 'NONE',  ( -14.66258022929648241, -8.812570371673412950, 2.607835230713065666 ) ) ;
#352 = CARTESIAN_POINT ( 'NONE',  ( -14.63991498273147585, -6.504836964452427317, 17.43415510788239331 ) ) ;
#353 = EDGE_CURVE ( 'NONE', #289, #48, #795, .T. ) ;
#354 = CARTESIAN_POINT ( 'NONE',  ( -14.99999999999999822, -15.36900272840528281, 8.198045858158703680 ) ) ;
#355 = CARTESIAN_POINT ( 'NONE',  ( 14.92505188455243292, -19.57494811544756885, 20.00000000000000000 ) ) ;
#356 = CARTESIAN_POINT ( 'NONE',  ( -14.99999999999999822, -4.195587194133175046, 2.771478632573341372 ) ) ;
#357 = EDGE_LOOP ( 'NONE', ( #673, #1234, #1286, #1315 ) ) ;
#358 = CARTESIAN_POINT ( 'NONE',  ( -14.72388273192949271, -15.05224260271939229, 8.777543593434531388 ) ) ;
#359 = CARTESIAN_POINT ( 'NONE',  ( -14.68306346418022379, -10.89727858935725813, 3.269892310872999808 ) ) ;
#360 = CARTESIAN_POINT ( 'NONE',  ( -14.65648321335487836, -8.191918562339777665, 2.528980368656451372 ) ) ;
#361 = CARTESIAN_POINT ( 'NONE',  ( -14.66507586338120817, -9.066350060409572365, 17.34459037272149828 ) ) ;
#362 = CARTESIAN_POINT ( 'NONE',  ( -14.99999999999999467, -13.57980603657128249, 15.23240314540555929 ) ) ;
#363 = EDGE_CURVE ( 'NONE', #963, #289, #457, .T. ) ;
#364 = CARTESIAN_POINT ( 'NONE',  ( -14.57542760167670082, 0.05883968000018409417, 10.98019872897243232 ) ) ;
#365 = CARTESIAN_POINT ( 'NONE',  ( -14.99999999999999467, -8.572932880381067378, 2.132025335243972197 ) ) ;
#366 = ORIENTED_EDGE ( 'NONE', *, *, #652, .F. ) ;
#367 = CARTESIAN_POINT ( 'NONE',  ( -14.71715074930305001, -14.36699891527081796, 13.31901940632632630 ) ) ;
#368 = CARTESIAN_POINT ( 'NONE',  ( -14.61672899761006583, -4.145140772051490785, 3.269892310873000696 ) ) ;
#369 = CARTESIAN_POINT ( 'NONE',  ( -14.66881578326035829, -9.447243704388334606, 2.742695503616849440 ) ) ;
#370 = CARTESIAN_POINT ( 'NONE',  ( -14.64684322139182981, -7.209233079482745943, 17.49473086534730015 ) ) ;
#371 = CARTESIAN_POINT ( 'NONE',  ( -14.99999999999999467, -15.57517652930652829, 10.25956138819169361 ) ) ;
#372 = CARTESIAN_POINT ( 'NONE',  ( -14.99999999999999822, -13.57980603657128249, 4.767596854594445155 ) ) ;
#373 = CARTESIAN_POINT ( 'NONE',  ( -14.70333580476871305, -12.96080945742542312, 15.25864060611758966 ) ) ;
#374 = CARTESIAN_POINT ( 'NONE',  ( -14.68949585045500861, -11.55202657885963013, 16.37237959017188871 ) ) ;
#375 = CARTESIAN_POINT ( 'NONE',  ( -14.57888732929441034, -0.2932644713072863341, 7.587996344005476956 ) ) ;
#376 = CARTESIAN_POINT ( 'NONE',  ( -14.63511458559490030, -6.016594998339024336, 2.647308996525181257 ) ) ;
#377 = CARTESIAN_POINT ( 'NONE',  ( -14.66562857450762003, -9.122649816733215289, 17.33301768508423635 ) ) ;
#378 = AXIS2_PLACEMENT_3D ( 'NONE', #1086, #61, #756 ) ;
#379 = CARTESIAN_POINT ( 'NONE',  ( -14.99999999999999467, -14.49993037088193404, 13.96784730567580723 ) ) ;
#380 = CARTESIAN_POINT ( 'NONE',  ( -14.99999999999999467, -10.84683216727557387, 2.771478632573347145 ) ) ;
#381 = CARTESIAN_POINT ( 'NONE',  ( -14.71453327526634069, -14.10109586490204947, 13.79905188471113142 ) ) ;
#382 = CARTESIAN_POINT ( 'NONE',  ( -14.68306346418022379, -10.89727858935727056, 16.73010768912699575 ) ) ;
#383 = CARTESIAN_POINT ( 'NONE',  ( -14.58264171248724494, -0.6754204461379260671, 6.680980593673670143 ) ) ;
#384 = VERTEX_POINT ( 'NONE', #249 ) ;
#385 = CARTESIAN_POINT ( 'NONE',  ( -14.66356506575892560, -8.912635993389457667, 2.625707376644660140 ) ) ;
#386 = SURFACE_STYLE_USAGE ( .BOTH. , #1428 ) ;
#387 = CARTESIAN_POINT ( 'NONE',  ( -14.99999999999999822, -10.11136934524887643, 17.51472988077952309 ) ) ;
#388 = B_SPLINE_CURVE_WITH_KNOTS ( 'NONE', 3,
 ( #141, #596, #1040, #1381, #1049, #459, #347, #797, #29, #897, #330, #782, #1250, #235, #687, #1139, #37, #381, #489, #1388, #261, #603, #821, #269, #946, #712, #1165, #482, #373, #1396, #831, #939, #1276, #1056, #149, #1283, #1263, #342, #127, #137, #927, #1143, #709, #810, #593, #1358, #118, #257, #908, #683, #1061, #793, #1271, #1280, #1044, #247, #479, #700, #1035, #9, #454, #26, #608, #266, #1162, #145, #377, #361, #1153, #230, #935, #463, #1170, #581, #1245, #1376, #1385, #1135, #573, #717, #600, #818, #1027, #918, #370, #1053, #239, #801, #1366, #1254, #33, #486, #943, #691, #1392, #352, #19, #471, #827, #154, #42, #62, #410, #391, #274, #836, #1420, #1426, #527, #637, #737, #189, #1288, #724, #404, #70, #516, #1177, #279, #858, #291, #645, #1311, #731, #623, #1204, #161, #743, #1198, #1317, #978, #616, #1190, #1068, #850, #1402, #1184, #175, #509, #503, #50, #398, #631, #951, #957, #181, #495, #1407, #841, #1294, #864, #298, #1080, #1302, #749, #286, #1074, #168, #56, #965, #1412, #958, #1379, #364, #51, #11 ),
 .UNSPECIFIED., .F., .F.,
 ( 4, 2, 2, 2, 2, 1, 2, 2, 2, 1, 1, 2, 2, 2, 1, 1, 2, 2, 2, 2, 1, 2, 2, 2, 1, 2, 2, 2, 1, 1, 2, 2, 2, 1, 1, 2, 2, 2, 1, 1, 1, 2, 2, 2, 1, 1, 1, 1, 2, 2, 2, 2, 2, 1, 1, 1, 2, 2, 2, 1, 1, 1, 2, 2, 2, 1, 1, 2, 2, 2, 1, 1, 2, 2, 2, 1, 2, 2, 2, 1, 2, 2, 2, 2, 1, 2, 2, 2, 1, 1, 2, 2, 2, 1, 2, 2, 2, 2, 2, 4 ),
 ( 0.5000000000000000000, 0.5156250000000033307, 0.5234375000000049960, 0.5312500000000066613, 0.5468750000000099920, 0.5546875000000117684, 0.5585937500000126565, 0.5625000000000135447, 0.5781250000000172085, 0.5859375000000189848, 0.5898437500000198730, 0.5917968750000204281, 0.5937500000000208722, 0.6093750000000242029, 0.6171875000000258682, 0.6210937500000266454, 0.6230468750000269784, 0.6250000000000274225, 0.6406250000000305311, 0.6484375000000320854, 0.6523437500000329736, 0.6542968750000333067, 0.6562500000000336398, 0.6640625000000349720, 0.6679687500000357492, 0.6699218750000361933, 0.6718750000000366374, 0.6796875000000388578, 0.6835937500000399680, 0.6855468750000405231, 0.6865234375000407452, 0.6875000000000409672, 0.6953125000000430767, 0.6992187500000440759, 0.7011718750000445199, 0.7021484375000447420, 0.7031250000000449640, 0.7109375000000461853, 0.7148437500000466294, 0.7167968750000469624, 0.7177734375000470735, 0.7182617187500471845, 0.7187500000000472955, 0.7265625000000481837, 0.7304687500000486278, 0.7324218750000488498, 0.7333984375000490719, 0.7338867187500490719, 0.7341308593750490719, 0.7343750000000490719, 0.7500000000000504041, 0.7578125000000511813, 0.7617187500000515143, 0.7636718750000516254, 0.7646484375000517364, 0.7651367187500517364, 0.7653808593750517364, 0.7656250000000517364, 0.7734375000000501821, 0.7773437500000495159, 0.7792968750000490719, 0.7802734375000488498, 0.7807617187500488498, 0.7812500000000488498, 0.7890625000000475175, 0.7929687500000468514, 0.7949218750000464073, 0.7958984375000462963, 0.7968750000000461853, 0.8046875000000448530, 0.8085937500000440759, 0.8105468750000437428, 0.8115234375000435207, 0.8125000000000432987, 0.8203125000000416334, 0.8242187500000408562, 0.8261718750000404121, 0.8281250000000399680, 0.8359375000000384137, 0.8398437500000376366, 0.8417968750000371925, 0.8437500000000366374, 0.8593750000000333067, 0.8671875000000315303, 0.8710937500000306422, 0.8730468750000301981, 0.8750000000000297540, 0.8906250000000262013, 0.8984375000000244249, 0.9023437500000235367, 0.9042968750000228706, 0.9062500000000224265, 0.9218750000000186517, 0.9296875000000166533, 0.9335937500000157652, 0.9375000000000147660, 0.9531250000000111022, 0.9609375000000092149, 0.9687500000000073275, 1.000000000000000000 ),
 .UNSPECIFIED. ) ;
#389 = ORIENTED_EDGE ( 'NONE', *, *, #916, .T. ) ;
#390 = CARTESIAN_POINT ( 'NONE',  ( -14.71890222745604326, -14.54528761975256224, 7.072626379831140397 ) ) ;
#391 = CARTESIAN_POINT ( 'NONE',  ( -14.63399335377676458, -5.902470332380471696, 17.33038741846241848 ) ) ;
#392 = ADVANCED_FACE ( 'NONE', ( #911 ), #1129, .T. ) ;
#393 = CARTESIAN_POINT ( 'NONE',  ( -18.42580323888623894, -0.5713043737162696312, 10.00000000000000178 ) ) ;
#394 = CARTESIAN_POINT ( 'NONE',  ( -14.99999999999999467, 0.5198090567657389638, 10.51912210274056925 ) ) ;
#395 = CARTESIAN_POINT ( 'NONE',  ( -14.99999999999999822, -0.1811767196347836284, 13.27509880836745459 ) ) ;
#396 = CARTESIAN_POINT ( 'NONE',  ( -14.57888732929440856, -0.2932644713073025988, 12.41200365599456923 ) ) ;
#397 = CARTESIAN_POINT ( 'NONE',  ( -14.69053360388818241, -11.65769256798659903, 3.698111444162431205 ) ) ;
#398 = CARTESIAN_POINT ( 'NONE',  ( -14.59712253613466793, -2.149410385243826660, 15.32557617992705623 ) ) ;
#399 = DIRECTION ( 'NONE',  ( 0.000000000000000000, 1.000000000000000000, 0.000000000000000000 ) ) ;
#400 = CARTESIAN_POINT ( 'NONE',  ( -14.99999999999999467, -14.49993037088193404, 13.96784730567580723 ) ) ;
#401 = CARTESIAN_POINT ( 'NONE',  ( -14.67399958135773197, -9.974672451978504384, 17.10580591420073659 ) ) ;
#402 = ORIENTED_EDGE ( 'NONE', *, *, #591, .F. ) ;
#403 = CARTESIAN_POINT ( 'NONE',  ( -14.70978714539162802, -13.61810780118791797, 5.489002296504707168 ) ) ;
#404 = CARTESIAN_POINT ( 'NONE',  ( -14.62314010159936473, -4.797605906067481385, 17.00619982586192336 ) ) ;
#405 = DIRECTION ( 'NONE',  ( -0.000000000000000000, 0.000000000000000000, 1.000000000000000000 ) ) ;
#406 = CARTESIAN_POINT ( 'NONE',  ( -14.99999999999999467, -2.208088282745006126, 15.96655266362934356 ) ) ;
#407 = EDGE_CURVE ( 'NONE', #747, #1436, #1097, .T. ) ;
#408 = CARTESIAN_POINT ( 'NONE',  ( -14.67631165931784665, -10.21001721071754886, 17.02302117198475173 ) ) ;
#409 = CARTESIAN_POINT ( 'NONE',  ( -14.72484375772890886, -15.15012454096562067, 9.510741962331252353 ) ) ;
#410 = CARTESIAN_POINT ( 'NONE',  ( -14.63535465548930681, -6.041032945693868506, 17.35748348955934262 ) ) ;
#411 = PLANE ( 'NONE',  #1010 ) ;
#412 = PRESENTATION_STYLE_ASSIGNMENT (( #386 ) ) ;
#413 = CARTESIAN_POINT ( 'NONE',  ( -14.99999999999999822, 0.3229637138774282823, 7.923328242548646649 ) ) ;
#414 = CARTESIAN_POINT ( 'NONE',  ( -14.57746338297809707, -0.1483219961610081072, 11.94226650282243263 ) ) ;
#415 = ORIENTED_EDGE ( 'NONE', *, *, #1047, .T. ) ;
#416 = DIRECTION ( 'NONE',  ( 0.000000000000000000, -0.000000000000000000, 1.000000000000000000 ) ) ;
#417 = PLANE ( 'NONE',  #1273 ) ;
#418 = VECTOR ( 'NONE', #1342, 999.9999999999998863 ) ;
#419 = CARTESIAN_POINT ( 'NONE',  ( -14.99999999999999645, 19.49999999999999645, 0.5000000000000004441 ) ) ;
#420 = CARTESIAN_POINT ( 'NONE',  ( -14.99999999999999822, -5.691457491681497061, 2.271432562588726167 ) ) ;
#421 = ORIENTED_EDGE ( 'NONE', *, *, #890, .F. ) ;
#422 = CARTESIAN_POINT ( 'NONE',  ( -14.57494811544757418, 0.1077052833453648190, 9.754562988081788788 ) ) ;
#423 = PLANE ( 'NONE',  #752 ) ;
#424 = CARTESIAN_POINT ( 'NONE',  ( -14.49999999999999467, 19.99999999999999645, 20.00000000000000000 ) ) ;
#425 = CARTESIAN_POINT ( 'NONE',  ( 10.17718219639636779, 4.472173687335112113, 10.00000000000000178 ) ) ;
#426 = CARTESIAN_POINT ( 'NONE',  ( -14.99999999999999467, 0.5327571678977809366, 9.740438611808297509 ) ) ;
#427 = ORIENTED_EDGE ( 'NONE', *, *, #823, .F. ) ;
#428 = CARTESIAN_POINT ( 'NONE',  ( -14.64010916903233905, -6.524991667037703280, 2.560171583997721267 ) ) ;
#429 = CARTESIAN_POINT ( 'NONE',  ( -14.99999999999999645, -20.00000000000000355, 0.5000000000000004441 ) ) ;
#430 = CARTESIAN_POINT ( 'NONE',  ( -14.59268328048279528, -1.696647441858142757, 5.154755885483290889 ) ) ;
#431 = CARTESIAN_POINT ( 'NONE',  ( -14.99999999999999822, -3.465623041953869610, 3.069169471145023920 ) ) ;
#432 = CARTESIAN_POINT ( 'NONE',  ( -14.57506860719359665, 0.09544051486192631217, 10.49087338685065340 ) ) ;
#433 = VERTEX_POINT ( 'NONE', #473 ) ;
#434 = ADVANCED_BREP_SHAPE_REPRESENTATION ( '¹Ì¶¨×ù', ( #618, #134 ), #84 ) ;
#435 = CARTESIAN_POINT ( 'NONE',  ( -14.69554687074608701, -12.16795559816411121, 4.046718007733608680 ) ) ;
#436 = CARTESIAN_POINT ( 'NONE',  ( -14.99999999999999645, -5.412501914057821217, 17.72500277496700249 ) ) ;
#437 = CARTESIAN_POINT ( 'NONE',  ( -14.62229579138618796, -4.711786199334886405, 3.026095339853768884 ) ) ;
#438 = CARTESIAN_POINT ( 'NONE',  ( 8.033744860495142248, 19.50759612349389016, 0.4999999999999933942 ) ) ;
#439 = CONICAL_SURFACE ( 'NONE', #44, 7.500000000000000000, 0.7853981633974439491 ) ;
#440 = CARTESIAN_POINT ( 'NONE',  ( -14.99999999999999822, -7.257644139717097431, 2.068391004993289428 ) ) ;
#441 = EDGE_LOOP ( 'NONE', ( #366, #983, #1228, #1103 ) ) ;
#442 = AXIS2_PLACEMENT_3D ( 'NONE', #83, #786, #446 ) ;
#443 = CARTESIAN_POINT ( 'NONE',  ( -14.65968329275794879, -8.517427694371031421, 2.560171583997719935 ) ) ;
#444 = DIRECTION ( 'NONE',  ( 0.000000000000000000, 1.000000000000000000, 0.000000000000000000 ) ) ;
#445 = CARTESIAN_POINT ( 'NONE',  ( -14.57974412403735265, -0.3802795061030541102, 7.359971873332545655 ) ) ;
#446 = DIRECTION ( 'NONE',  ( -0.1736481776669237531, 0.9848077530122092416, 0.000000000000000000 ) ) ;
#447 = CARTESIAN_POINT ( 'NONE',  ( 12.53416573427728586, -20.00000000000000355, -1.928372702526902405 ) ) ;
#448 = CARTESIAN_POINT ( 'NONE',  ( -14.99999999999999822, -13.02985527348320360, 4.207967876186209821 ) ) ;
#449 = LINE ( 'NONE', #1345, #847 ) ;
#450 = ADVANCED_FACE ( 'NONE', ( #1020, #1463 ), #685, .T. ) ;
#451 = CARTESIAN_POINT ( 'NONE',  ( -14.72007785777363154, -14.66494718894353610, 7.356628489093687051 ) ) ;
#452 = DIRECTION ( 'NONE',  ( 0.000000000000000000, -1.000000000000000000, 0.000000000000000000 ) ) ;
#453 = CARTESIAN_POINT ( 'NONE',  ( -14.60566829735550343, -3.018737226818145380, 3.945167935242831270 ) ) ;
#454 = CARTESIAN_POINT ( 'NONE',  ( -14.67195874667723920, -9.766941800597789936, 17.16770169122442979 ) ) ;
#455 = B_SPLINE_CURVE_WITH_KNOTS ( 'NONE', 1,
 ( #703, #789 ),
 .UNSPECIFIED., .F., .F.,
 ( 2, 2 ),
 ( 0.000000000000000000, 1.000000000000000000 ),
 .UNSPECIFIED. ) ;
#456 = CARTESIAN_POINT ( 'NONE',  ( -14.99999999999999467, -15.51056053694040315, 11.03574516106497327 ) ) ;
#457 = LINE ( 'NONE', #732, #1246 ) ;
#458 = CARTESIAN_POINT ( 'NONE',  ( -14.99999999999999822, -1.128204906558468279, 5.168884187317122070 ) ) ;
#459 = CARTESIAN_POINT ( 'NONE',  ( -14.72385251743010492, -15.04935722558872513, 11.22117168865111125 ) ) ;
#460 = CARTESIAN_POINT ( 'NONE',  ( -14.59516560907996130, -1.950218905763589472, 15.12975068341781615 ) ) ;
#461 = CARTESIAN_POINT ( 'NONE',  ( -14.71483838595933058, -14.13162510753958401, 6.248068353936368169 ) ) ;
#462 = CARTESIAN_POINT ( 'NONE',  ( -14.60800938766279877, -3.257575897271167253, 3.780554941513728728 ) ) ;
#463 = CARTESIAN_POINT ( 'NONE',  ( -14.66344798624387735, -8.900630542954942825, 17.37718641281756504 ) ) ;
#464 = CARTESIAN_POINT ( 'NONE',  ( -14.99999999999999467, -4.195587194133180375, 17.22852136742666218 ) ) ;
#465 = CARTESIAN_POINT ( 'NONE',  ( 11.97194740540439106, -2.827060371422998042, 10.00000000000000178 ) ) ;
#466 = CARTESIAN_POINT ( 'NONE',  ( -14.99999999999999822, -8.833959463683529023, 2.170156732978397507 ) ) ;
#467 = CARTESIAN_POINT ( 'NONE',  ( 11.47954352889830609, -2.913884460256456421, 10.00000000000000178 ) ) ;
#468 = CARTESIAN_POINT ( 'NONE',  ( -14.58894178206714543, -1.316700014085120829, 14.37085016479118593 ) ) ;
#469 = CARTESIAN_POINT ( 'NONE',  ( -14.72292574671066667, -14.95483176306519191, 8.296101576323541948 ) ) ;
#470 = CARTESIAN_POINT ( 'NONE',  ( -14.66438380566110666, -8.995891695528072773, 2.641451510199187336 ) ) ;
#471 = CARTESIAN_POINT ( 'NONE',  ( -14.63721223252778536, -6.229848993135253643, 17.39216476987051863 ) ) ;
#472 = CARTESIAN_POINT ( 'NONE',  ( -14.99999999999999822, -1.462613324837448436, 15.23240314540553442 ) ) ;
#473 = CARTESIAN_POINT ( 'NONE',  ( -14.72484434634271544, -15.15012464475410781, 10.00000000000000355 ) ) ;
#474 = CARTESIAN_POINT ( 'NONE',  ( -14.99999999999999467, -0.5424889905268125423, 6.032152694324192765 ) ) ;
#475 = VERTEX_POINT ( 'NONE', #120 ) ;
#476 = CARTESIAN_POINT ( 'NONE',  ( -14.70115825042021562, -12.73913391411376139, 15.47685103438041843 ) ) ;
#477 = CARTESIAN_POINT ( 'NONE',  ( -14.61240287007373873, -3.704787350205118734, 3.501288723901677891 ) ) ;
#478 = CARTESIAN_POINT ( 'NONE',  ( -14.67830669226083806, -10.41309464579806843, 3.059721224475153267 ) ) ;
#479 = CARTESIAN_POINT ( 'NONE',  ( -14.67464623840978355, -10.04065676486048453, 17.07946777429764040 ) ) ;
#480 = CARTESIAN_POINT ( 'NONE',  ( -14.99999999999999467, -5.691457491681509495, 17.72856743741128227 ) ) ;
#481 = CARTESIAN_POINT ( 'NONE',  ( -14.99999999999999822, -13.02985527348320360, 4.207967876186209821 ) ) ;
#482 = CARTESIAN_POINT ( 'NONE',  ( -14.70377333677548570, -13.00541106377180789, 15.21367508251917222 ) ) ;
#483 = CARTESIAN_POINT ( 'NONE',  ( -14.66930545943961661, -9.496861145712134800, 17.24829912178238445 ) ) ;
#484 = CARTESIAN_POINT ( 'NONE',  ( -14.57686671507961762, -0.08758759834355114848, 8.296101576323543725 ) ) ;
#485 = CARTESIAN_POINT ( 'NONE',  ( -14.62752927342950926, -5.244476729122701464, 2.841756815196951891 ) ) ;
#486 = CARTESIAN_POINT ( 'NONE',  ( -14.64265283683744201, -6.783903865631120134, 17.46489142837020125 ) ) ;
#487 = CARTESIAN_POINT ( 'NONE',  ( -14.99999999999999467, 0.2624650973740873527, 12.05403979526490765 ) ) ;
#488 = CARTESIAN_POINT ( 'NONE',  ( -14.99999999999999467, -15.47184090093263009, 8.707193835957534489 ) ) ;
#489 = CARTESIAN_POINT ( 'NONE',  ( -14.71339946671738019, -13.98533937617799161, 13.98397311373571483 ) ) ;
#490 = CARTESIAN_POINT ( 'NONE',  ( -14.72292574671066667, -14.95483176306519191, 8.296101576323541948 ) ) ;
#491 = CARTESIAN_POINT ( 'NONE',  ( -14.64744355869456882, -7.271553934977734279, 2.500000000000002220 ) ) ;
#492 = VERTEX_POINT ( 'NONE', #1029 ) ;
#493 = CARTESIAN_POINT ( 'NONE',  ( -14.67149913370612246, -9.720154246535550158, 2.818291496502799198 ) ) ;
#494 = VECTOR ( 'NONE', #842, 1000.000000000000114 ) ;
#495 = CARTESIAN_POINT ( 'NONE',  ( -14.58876637814759292, -1.298629674983810212, 14.33974324321520299 ) ) ;
#496 = AXIS2_PLACEMENT_3D ( 'NONE', #1114, #1102, #1441 ) ;
#497 = CARTESIAN_POINT ( 'NONE',  ( -14.99999999999999467, -15.56222841817448632, 9.480877897259418319 ) ) ;
#498 = CARTESIAN_POINT ( 'NONE',  ( -14.57506860719359665, 0.09544051486192631217, 10.49087338685065340 ) ) ;
#499 = EDGE_CURVE ( 'NONE', #475, #492, #921, .T. ) ;
#500 = CARTESIAN_POINT ( 'NONE',  ( -14.64010916903234083, -6.524991667037734366, 17.43982841600228539 ) ) ;
#501 = ORIENTED_EDGE ( 'NONE', *, *, #937, .T. ) ;
#502 = CARTESIAN_POINT ( 'NONE',  ( -14.64246540459358137, -6.764830566965415848, 2.536952329396955363 ) ) ;
#503 = CARTESIAN_POINT ( 'NONE',  ( -14.59774245209031207, -2.212402624647442639, 15.38626897457975140 ) ) ;
#504 = CARTESIAN_POINT ( 'NONE',  ( 8.033744860495142248, 19.50759612349389016, 20.00000000000000000 ) ) ;
#505 = CARTESIAN_POINT ( 'NONE',  ( -14.99999999999999467, 0.4294215395238824007, 11.29280616404247262 ) ) ;
#506 = CARTESIAN_POINT ( 'NONE',  ( -14.58894178206714543, -1.316700014085120829, 14.37085016479118593 ) ) ;
#507 = ORIENTED_EDGE ( 'NONE', *, *, #1215, .T. ) ;
#508 = DIRECTION ( 'NONE',  ( -0.7071067811865475727, -0.7071067811865475727, 0.000000000000000000 ) ) ;
#509 = CARTESIAN_POINT ( 'NONE',  ( -14.59838450710711832, -2.277586377677129015, 15.44811916459547518 ) ) ;
#510 = DIRECTION ( 'NONE',  ( -0.9848077530122092416, -0.1736481776669237531, 0.000000000000000000 ) ) ;
#511 = DIRECTION ( 'NONE',  ( 1.000000000000000000, 0.000000000000000000, 0.000000000000000000 ) ) ;
#512 = CARTESIAN_POINT ( 'NONE',  ( -14.99999999999999467, -10.35982654968860572, 17.42718105331157830 ) ) ;
#513 = UNCERTAINTY_MEASURE_WITH_UNIT (LENGTH_MEASURE( 1.000000000000000082E-05 ), #57, 'distance_accuracy_value', 'NONE');
#514 = CARTESIAN_POINT ( 'NONE',  ( -14.69933875324551842, -12.55392860054201343, 15.64187480817466280 ) ) ;
#515 = CARTESIAN_POINT ( 'NONE',  ( -14.69565132157329046, -12.17978577807020457, 4.055662099299883749 ) ) ;
#516 = CARTESIAN_POINT ( 'NONE',  ( -14.62175848403678735, -4.657072574606096360, 16.95139082461931679 ) ) ;
#517 = LINE ( 'NONE', #190, #518 ) ;
#518 = VECTOR ( 'NONE', #1096, 1000.000000000000114 ) ;
#519 = PRODUCT_CONTEXT ( 'NONE', #1257, 'mechanical' ) ;
#520 = ADVANCED_FACE ( 'NONE', ( #804 ), #584, .T. ) ;
#521 = AXIS2_PLACEMENT_3D ( 'NONE', #307, #759, #1343 ) ;
#522 = CARTESIAN_POINT ( 'NONE',  ( -14.99999999999999467, -4.931050016159899130, 17.51472988077953374 ) ) ;
#523 = CARTESIAN_POINT ( 'NONE',  ( -14.71715074930305001, -14.36699891527081796, 13.31901940632632630 ) ) ;
#524 = ORIENTED_EDGE ( 'NONE', *, *, #78, .T. ) ;
#525 = FACE_OUTER_BOUND ( 'NONE', #1116, .T. ) ;
#526 = APPLICATION_CONTEXT ( 'automotive_design' ) ;
#527 = CARTESIAN_POINT ( 'NONE',  ( -14.62869224304680671, -5.362849868007644183, 17.19359457457455420 ) ) ;
#528 = DIRECTION ( 'NONE',  ( 0.000000000000000000, 0.000000000000000000, 1.000000000000000000 ) ) ;
#529 = CARTESIAN_POINT ( 'NONE',  ( -14.99999999999999822, 0.4681411755316587375, 11.03574516106494841 ) ) ;
#530 = CARTESIAN_POINT ( 'NONE',  ( -14.99999999999999822, -4.682592811720152071, 17.42718105331158540 ) ) ;
#531 = CARTESIAN_POINT ( 'NONE',  ( -14.58621651873515468, -1.039297412428592304, 13.96270333050286538 ) ) ;
#532 = ORIENTED_EDGE ( 'NONE', *, *, #828, .F. ) ;
#533 = CARTESIAN_POINT ( 'NONE',  ( -14.70247420053762077, -12.87311210774015890, 4.655108653446828448 ) ) ;
#534 = CARTESIAN_POINT ( 'NONE',  ( 11.47954352889830609, -2.913884460256456421, 10.00000000000000178 ) ) ;
#535 = LINE ( 'NONE', #319, #138 ) ;
#536 = CARTESIAN_POINT ( 'NONE',  ( -14.99999999999999467, -0.9710101566220419311, 5.377616735615445620 ) ) ;
#537 = VERTEX_POINT ( 'NONE', #1178 ) ;
#538 = CARTESIAN_POINT ( 'NONE',  ( -14.72091102963155507, -14.75034135952875758, 7.591438332139761158 ) ) ;
#539 = CARTESIAN_POINT ( 'NONE',  ( 7.330519245750857671, 19.99999999999999645, 20.00000000000000000 ) ) ;
#540 = VECTOR ( 'NONE', #567, 1000.000000000000000 ) ;
#541 = FACE_BOUND ( 'NONE', #1031, .T. ) ;
#542 = CARTESIAN_POINT ( 'NONE',  ( -14.99999999999999822, -1.639826125286742320, 4.575043111634870208 ) ) ;
#543 = VERTEX_POINT ( 'NONE', #162 ) ;
#544 = CARTESIAN_POINT ( 'NONE',  ( -14.59351651296663910, -1.782358594120590389, 5.052324992917974100 ) ) ;
#545 = DIRECTION ( 'NONE',  ( 0.8191520442889910214, -0.5735764363510472696, 8.659560562354897113E-17 ) ) ;
#546 = CARTESIAN_POINT ( 'NONE',  ( -14.57910219173539090, -0.3146853214152534051, 7.533627542862856963 ) ) ;
#547 = CARTESIAN_POINT ( 'NONE',  ( -14.99999999999999822, -6.467566427705465415, 2.068320171586797596 ) ) ;
#548 = CARTESIAN_POINT ( 'NONE',  ( -14.99999999999999822, -13.57980603657128249, 4.767596854594445155 ) ) ;
#549 = VERTEX_POINT ( 'NONE', #617 ) ;
#550 = CARTESIAN_POINT ( 'NONE',  ( -14.68738959171655090, -11.33763201120362751, 3.501288723901679223 ) ) ;
#551 = CARTESIAN_POINT ( 'NONE',  ( -14.49999999999999467, 0.000000000000000000, 20.00000000000000000 ) ) ;
#552 = CARTESIAN_POINT ( 'NONE',  ( -14.58741344007598784, -1.161128143566590554, 5.858045196054093573 ) ) ;
#553 = CARTESIAN_POINT ( 'NONE',  ( -14.99999999999999645, 0.5327571678977807146, 10.00000000000000178 ) ) ;
#554 = CARTESIAN_POINT ( 'NONE',  ( -14.99999999999999467, -14.36426754283160712, 5.809251549232052447 ) ) ;
#555 = ORIENTED_EDGE ( 'NONE', *, *, #253, .F. ) ;
#556 = CARTESIAN_POINT ( 'NONE',  ( -14.62348080247244653, -4.832402150691193832, 2.976978828015258927 ) ) ;
#557 = CARTESIAN_POINT ( 'NONE',  ( 12.78190486140023907, -10.29994260784802407, 10.00000000000000355 ) ) ;
#558 = CARTESIAN_POINT ( 'NONE',  ( -14.59536848973354495, -1.970646885878583499, 4.854075341718908199 ) ) ;
#559 = EDGE_CURVE ( 'NONE', #767, #309, #1427, .T. ) ;
#560 = PLANE ( 'NONE',  #496 ) ;
#561 = FACE_OUTER_BOUND ( 'NONE', #441, .T. ) ;
#562 = VECTOR ( 'NONE', #222, 1000.000000000000227 ) ;
#563 = CARTESIAN_POINT ( 'NONE',  ( -14.99999999999999822, -0.2940011186040381586, 6.489978109624020775 ) ) ;
#564 = ORIENTED_EDGE ( 'NONE', *, *, #407, .T. ) ;
#565 = CARTESIAN_POINT ( 'NONE',  ( -14.71715074930305178, -14.36699891527081974, 6.680980593673671919 ) ) ;
#566 = LINE ( 'NONE', #429, #1203 ) ;
#567 = DIRECTION ( 'NONE',  ( 1.000000000000000000, 0.000000000000000000, 0.000000000000000000 ) ) ;
#568 = CARTESIAN_POINT ( 'NONE',  ( -14.99999999999999467, -1.462613324837463535, 4.767596854594446043 ) ) ;
#569 = CARTESIAN_POINT ( 'NONE',  ( 14.50000000000000000, -20.00000000000000355, 19.99240387650611339 ) ) ;
#570 = CARTESIAN_POINT ( 'NONE',  ( -14.61240287007374405, -3.704787350205124508, 16.49871127609832300 ) ) ;
#571 = CARTESIAN_POINT ( 'NONE',  ( -14.99999999999999467, 0.3228308117274465983, 12.07661754391088493 ) ) ;
#572 = CARTESIAN_POINT ( 'NONE',  ( -14.60772913947954699, -3.229022159594180597, 3.799556434221535106 ) ) ;
#573 = CARTESIAN_POINT ( 'NONE',  ( -14.65741146082586610, -8.286182286833064126, 17.46220107713412517 ) ) ;
#574 = CARTESIAN_POINT ( 'NONE',  ( -14.99999999999999467, -13.02985527348319295, 15.79203212381380794 ) ) ;
#575 = DIRECTION ( 'NONE',  ( -0.1736481776669236143, 0.9848077530122092416, 0.000000000000000000 ) ) ;
#576 = CARTESIAN_POINT ( 'NONE',  ( -14.99999999999999822, 0.02054761212194306311, 7.204508099593448733 ) ) ;
#577 = ORIENTED_EDGE ( 'NONE', *, *, #1416, .F. ) ;
#578 = CARTESIAN_POINT ( 'NONE',  ( -14.60045370854476943, -2.488490760866752360, 15.64187480817468057 ) ) ;
#579 = CARTESIAN_POINT ( 'NONE',  ( -14.60045370854477120, -2.488490760866728824, 4.358125191825342526 ) ) ;
#580 = CARTESIAN_POINT ( 'NONE',  ( -14.63748919787586011, -6.257935938459866065, 2.602522297377777072 ) ) ;
#581 = CARTESIAN_POINT ( 'NONE',  ( -14.66048426635579105, -8.599343421268724086, 17.42498103004616539 ) ) ;
#582 = ADVANCED_FACE ( 'NONE', ( #176 ), #411, .F. ) ;
#583 = CARTESIAN_POINT ( 'NONE',  ( -14.99999999999999467, -2.208088282745006126, 15.96655266362934356 ) ) ;
#584 = PLANE ( 'NONE',  #1459 ) ;
#585 = STYLED_ITEM ( 'NONE', ( #412 ), #434 ) ;
#586 = CARTESIAN_POINT ( 'NONE',  ( -14.99999999999999822, -11.77660718133327933, 3.260903563066063882 ) ) ;
#587 = DIRECTION ( 'NONE',  ( 0.000000000000000000, 0.000000000000000000, -1.000000000000000000 ) ) ;
#588 = CARTESIAN_POINT ( 'NONE',  ( -14.59863421137007222, -2.303285447294996402, 15.47685103438042908 ) ) ;
#589 = CARTESIAN_POINT ( 'NONE',  ( -14.70115825042021385, -12.73913391411376494, 4.523148965619594897 ) ) ;
#590 = VECTOR ( 'NONE', #870, 999.9999999999998863 ) ;
#591 = EDGE_CURVE ( 'NONE', #1372, #218, #865, .T. ) ;
#592 = CARTESIAN_POINT ( 'NONE',  ( -14.65478685696461447, -8.020121344006463815, 2.515803880649332580 ) ) ;
#593 = CARTESIAN_POINT ( 'NONE',  ( -14.68578015716718532, -11.17381997930251991, 16.58456569956132398 ) ) ;
#594 = CARTESIAN_POINT ( 'NONE',  ( -14.99999999999999467, -9.606936350689167625, 17.66542326837712196 ) ) ;
#595 = CARTESIAN_POINT ( 'NONE',  ( -14.99999999999999822, -2.827518703713182369, 3.549312724906720451 ) ) ;
#596 = CARTESIAN_POINT ( 'NONE',  ( -14.72484464064962673, -15.15012469664836026, 10.24462901883438448 ) ) ;
#597 = CARTESIAN_POINT ( 'NONE',  ( -14.71820066374126590, -14.47386895357447223, 13.09687997457003128 ) ) ;
#598 = CARTESIAN_POINT ( 'NONE',  ( -14.57554941502412937, 0.04649943033587004837, 9.020616281907253509 ) ) ;
#599 = CARTESIAN_POINT ( 'NONE',  ( -14.65153097330967213, -7.687608939600272251, 2.500000000000000888 ) ) ;
#600 = CARTESIAN_POINT ( 'NONE',  ( -14.65726786095902412, -8.271562653082224159, 17.46363480891190179 ) ) ;
#601 = CARTESIAN_POINT ( 'NONE',  ( -14.99999999999999467, 0.02054761212194750747, 12.79549190040654771 ) ) ;
#602 = CARTESIAN_POINT ( 'NONE',  ( -14.99999999999999822, -9.606936350689137427, 2.334576731622875823 ) ) ;
#603 = CARTESIAN_POINT ( 'NONE',  ( -14.71237902171428225, -13.88129121784645825, 14.14195480393955506 ) ) ;
#604 = CARTESIAN_POINT ( 'NONE',  ( -14.63768012370995919, -6.277740884311059588, 17.40377198871391329 ) ) ;
#605 = CARTESIAN_POINT ( 'NONE',  ( -14.67399958135773375, -9.974672451978463528, 2.894194085799250971 ) ) ;
#606 = ORIENTED_EDGE ( 'NONE', *, *, #1047, .F. ) ;
#607 = CARTESIAN_POINT ( 'NONE',  ( -14.62707438491791301, -5.198149712070460282, 2.856051353940648241 ) ) ;
#608 = CARTESIAN_POINT ( 'NONE',  ( -14.67055585523217864, -9.624133967606526951, 17.21034373775205140 ) ) ;
#609 = EDGE_CURVE ( 'NONE', #309, #543, #1433, .T. ) ;
#610 = CARTESIAN_POINT ( 'NONE',  ( -14.99999999999999822, -10.84683216727559341, 17.22852136742664797 ) ) ;
#611 = CARTESIAN_POINT ( 'NONE',  ( -14.57494811544757773, 0.1077052833453641112, 10.24543701191821476 ) ) ;
#612 = CARTESIAN_POINT ( 'NONE',  ( -14.61029661133527568, -3.490392782549130768, 16.37237959017188871 ) ) ;
#613 = ORIENTED_EDGE ( 'NONE', *, *, #78, .F. ) ;
#614 = CARTESIAN_POINT ( 'NONE',  ( -14.65535002363668404, -8.077200632328086272, 2.519769585778641741 ) ) ;
#615 = VECTOR ( 'NONE', #812, 1000.000000000000000 ) ;
#616 = CARTESIAN_POINT ( 'NONE',  ( -14.60875523211940497, -3.333485704035093367, 16.26909499241540402 ) ) ;
#617 = CARTESIAN_POINT ( 'NONE',  ( 14.92505188455243292, -19.57494811544756885, 19.50000000000000711 ) ) ;
#618 = MANIFOLD_SOLID_BREP ( 'µ¹½Ç1', #1126 ) ;
#619 = CARTESIAN_POINT ( 'NONE',  ( -14.99999999999999467, 0.2624650973740873527, 12.05403979526490765 ) ) ;
#620 = CARTESIAN_POINT ( 'NONE',  ( -14.71483838595933236, -14.13162510753958756, 13.75193164606363894 ) ) ;
#621 = EDGE_LOOP ( 'NONE', ( #1022, #243, #1221, #1400, #80 ) ) ;
#622 = CARTESIAN_POINT ( 'NONE',  ( -14.49999999999999467, -20.00000000000000355, 20.00000000000000000 ) ) ;
#623 = CARTESIAN_POINT ( 'NONE',  ( -14.61509017592306137, -3.978313705115720911, 16.64224459178084459 ) ) ;
#624 = FILL_AREA_STYLE ('',( #757 ) ) ;
#625 =( NAMED_UNIT ( * ) SI_UNIT ( $, .STERADIAN. ) SOLID_ANGLE_UNIT ( ) );
#626 = CARTESIAN_POINT ( 'NONE',  ( -14.99999999999999467, -8.048340078645788154, 17.91885759477695927 ) ) ;
#627 = CARTESIAN_POINT ( 'NONE',  ( -14.71357594305514205, -14.00312194898015150, 13.96270333050286361 ) ) ;
#628 = ORIENTED_EDGE ( 'NONE', *, *, #499, .F. ) ;
#629 = CARTESIAN_POINT ( 'NONE',  ( -14.69365590127197763, -11.97545783727367841, 3.905767141114989904 ) ) ;
#630 = EDGE_CURVE ( 'NONE', #492, #475, #1037, .T. ) ;
#631 = CARTESIAN_POINT ( 'NONE',  ( -14.59511890294779590, -1.945486506813008054, 15.12509829067568212 ) ) ;
#632 = DIRECTION ( 'NONE',  ( -0.1736481776669245580, 0.9848077530122091305, 0.000000000000000000 ) ) ;
#633 = PRODUCT_RELATED_PRODUCT_CATEGORY ( 'part', '', ( #877 ) ) ;
#634 = CARTESIAN_POINT ( 'NONE',  ( -14.99999999999999467, -12.42685324200467711, 16.29588066662288881 ) ) ;
#635 = CARTESIAN_POINT ( 'NONE',  ( -14.62348080247244297, -4.832402150691203602, 17.02302117198474818 ) ) ;
#636 = CARTESIAN_POINT ( 'NONE',  ( -14.68977252219548824, -11.58026370703064067, 3.649204768669656485 ) ) ;
#637 = CARTESIAN_POINT ( 'NONE',  ( -14.62841496553938647, -5.334641635902881873, 17.18535646054928634 ) ) ;
#638 = DIRECTION ( 'NONE',  ( -0.6688348434219176797, 0.4683231991813383011, 0.5773502691896273964 ) ) ;
#639 = CIRCLE ( 'NONE', #350, 7.500000000000000000 ) ;
#640 = VECTOR ( 'NONE', #753, 999.9999999999998863 ) ;
#641 = CARTESIAN_POINT ( 'NONE',  ( -14.99999999999999467, -11.77660718133327755, 16.73909643693394500 ) ) ;
#642 = CARTESIAN_POINT ( 'NONE',  ( -14.60424559104420617, -2.874463763244657688, 15.95328199226641885 ) ) ;
#643 = ORIENTED_EDGE ( 'NONE', *, *, #363, .F. ) ;
#644 = CARTESIAN_POINT ( 'NONE',  ( -14.71359995207291682, -14.00554042711328684, 6.040854949811547137 ) ) ;
#645 = CARTESIAN_POINT ( 'NONE',  ( -14.61724161963390856, -4.197196454343141703, 16.75092314237937785 ) ) ;
#646 = CARTESIAN_POINT ( 'NONE',  ( -14.99999999999999645, -13.96121168451903749, 5.125275064155446536 ) ) ;
#647 = CARTESIAN_POINT ( 'NONE',  ( -14.99999999999999467, -15.30488445878283699, 7.945960204735112775 ) ) ;
#648 = VERTEX_POINT ( 'NONE', #851 ) ;
#649 = LINE ( 'NONE', #1406, #972 ) ;
#650 =( NAMED_UNIT ( * ) SI_UNIT ( $, .STERADIAN. ) SOLID_ANGLE_UNIT ( ) );
#651 = PLANE ( 'NONE',  #442 ) ;
#652 = EDGE_CURVE ( 'NONE', #433, #1201, #517, .T. ) ;
#653 = CARTESIAN_POINT ( 'NONE',  ( -14.99999999999999822, -2.827518703713182369, 3.549312724906720451 ) ) ;
#654 = ORIENTED_EDGE ( 'NONE', *, *, #320, .F. ) ;
#655 = CARTESIAN_POINT ( 'NONE',  ( -14.57506860719359487, 0.09544051486192639544, 9.509126613149343044 ) ) ;
#656 = CARTESIAN_POINT ( 'NONE',  ( -14.61919218470045223, -4.395774127189290503, 3.157790300587979271 ) ) ;
#657 = AXIS2_PLACEMENT_3D ( 'NONE', #1241, #131, #587 ) ;
#658 = CARTESIAN_POINT ( 'NONE',  ( -14.99999999999999645, -2.571284255225353199, 3.657836097228055472 ) ) ;
#659 = CARTESIAN_POINT ( 'NONE',  ( -14.99999999999999467, -5.435483010719598163, 2.334576731622882040 ) ) ;
#660 = ORIENTED_EDGE ( 'NONE', *, *, #871, .T. ) ;
#661 = CARTESIAN_POINT ( 'NONE',  ( -14.60424559104420439, -2.874463763244629266, 4.046718007733609568 ) ) ;
#662 = FACE_OUTER_BOUND ( 'NONE', #621, .T. ) ;
#663 = LINE ( 'NONE', #682, #110 ) ;
#664 = CARTESIAN_POINT ( 'NONE',  ( -14.99999999999999822, -9.629917447391141749, 2.274997225049541161 ) ) ;
#665 = CARTESIAN_POINT ( 'NONE',  ( -14.99999999999999822, -6.469486481027668212, 2.132025335243974862 ) ) ;
#666 = ORIENTED_EDGE ( 'NONE', *, *, #1215, .F. ) ;
#667 = CARTESIAN_POINT ( 'NONE',  ( -14.64499089285943256, -7.021898837183940145, 2.512057515919329909 ) ) ;
#668 = CARTESIAN_POINT ( 'NONE',  ( 7.330519245750857671, 19.99999999999999645, 20.00000000000000000 ) ) ;
#669 = ADVANCED_FACE ( 'NONE', ( #880 ), #439, .F. ) ;
#670 = CARTESIAN_POINT ( 'NONE',  ( -14.57745957472558906, -0.1473541326465701018, 8.061291606532250853 ) ) ;
#671 = CARTESIAN_POINT ( 'NONE',  ( -14.99999999999999822, 0.5327571678977806036, 10.25956138819170427 ) ) ;
#672 = CARTESIAN_POINT ( 'NONE',  ( -14.99999999999999467, -3.265812180075464255, 3.260903563066065658 ) ) ;
#673 = ORIENTED_EDGE ( 'NONE', *, *, #779, .T. ) ;
#674 = CARTESIAN_POINT ( 'NONE',  ( -14.70627594882364875, -13.26006076728815586, 5.052324992917974100 ) ) ;
#675 = CARTESIAN_POINT ( 'NONE',  ( -14.99999999999999645, -15.57517652930652474, 10.00000000000000000 ) ) ;
#676 = CARTESIAN_POINT ( 'NONE',  ( -14.62107970850639482, -4.587995831753627130, 3.076504526954292107 ) ) ;
#677 = LINE ( 'NONE', #929, #540 ) ;
#678 = CARTESIAN_POINT ( 'NONE',  ( -14.99999999999999822, -2.208088282744982589, 4.033447336370685754 ) ) ;
#679 = CARTESIAN_POINT ( 'NONE',  ( -14.99999999999999645, -19.50000000000000355, 19.50000000000000000 ) ) ;
#680 = CARTESIAN_POINT ( 'NONE',  ( -14.72090513249587751, -14.74915489010145464, 7.587996344005476068 ) ) ;
#681 = CARTESIAN_POINT ( 'NONE',  ( -14.99999999999999467, -9.629862397535253749, 17.72487189187082635 ) ) ;
#682 = CARTESIAN_POINT ( 'NONE',  ( 11.80859320919288002, 16.86441885413725927, 20.00000000000000000 ) ) ;
#683 = CARTESIAN_POINT ( 'NONE',  ( -14.68060027709010029, -10.64664523420251463, 16.84220969941947033 ) ) ;
#684 = CARTESIAN_POINT ( 'NONE',  ( -14.99999999999999822, -15.47184090093262476, 11.29280616404245308 ) ) ;
#685 = PLANE ( 'NONE',  #1063 ) ;
#686 = CARTESIAN_POINT ( 'NONE',  ( -14.99999999999999467, -13.91421445485026709, 5.168884187317115853 ) ) ;
#687 = CARTESIAN_POINT ( 'NONE',  ( -14.71821742279052714, -14.47554761201663531, 13.09289592909193622 ) ) ;
#688 = CARTESIAN_POINT ( 'NONE',  ( -14.64499089285943079, -7.021898837183973896, 17.48794248408067631 ) ) ;
#689 = CARTESIAN_POINT ( 'NONE',  ( -14.71820066374126057, -14.47386895357446335, 6.903120025429952733 ) ) ;
#690 = CARTESIAN_POINT ( 'NONE',  ( -14.63038160892397421, -5.534608941144092853, 2.757712431908193818 ) ) ;
#691 = CARTESIAN_POINT ( 'NONE',  ( -14.64259237260662161, -6.777755128392856321, 17.46430276274904614 ) ) ;
#692 = CARTESIAN_POINT ( 'NONE',  ( -14.99999999999999467, -11.77660718133327755, 16.73909643693394500 ) ) ;
#693 = DIRECTION ( 'NONE',  ( -1.000000000000000000, 0.000000000000000000, 0.000000000000000000 ) ) ;
#694 = CARTESIAN_POINT ( 'NONE',  ( -14.99999999999999822, -7.257644139717097431, 2.068391004993289428 ) ) ;
#695 = ORIENTED_EDGE ( 'NONE', *, *, #35, .T. ) ;
#696 = ADVANCED_FACE ( 'NONE', ( #986 ), #873, .F. ) ;
#697 = CARTESIAN_POINT ( 'NONE',  ( -14.58264171248724139, -0.6754204461379296198, 13.31901940632634407 ) ) ;
#698 = CARTESIAN_POINT ( 'NONE',  ( -14.72484434634271366, -15.15012464475410781, 9.754562988081804775 ) ) ;
#699 = CARTESIAN_POINT ( 'NONE',  ( -14.63634447552973583, -6.141788816770792359, 2.622813587511549471 ) ) ;
#700 = CARTESIAN_POINT ( 'NONE',  ( -14.67376727066782749, -9.951145245009142215, 17.10986611874983865 ) ) ;
#701 = CARTESIAN_POINT ( 'NONE',  ( -14.99999999999999822, -9.350961869727250075, 17.72856743741128227 ) ) ;
#702 = CARTESIAN_POINT ( 'NONE',  ( -14.99999999999999822, -14.07140920478670054, 5.377616735615437626 ) ) ;
#703 = CARTESIAN_POINT ( 'NONE',  ( -14.72484434634271544, -15.15012464475410781, 10.00000000000000355 ) ) ;
#704 = VECTOR ( 'NONE', #195, 1000.000000000000000 ) ;
#705 = CARTESIAN_POINT ( 'NONE',  ( -14.72292574671067378, -14.95483176306519546, 11.70389842367644739 ) ) ;
#706 = CARTESIAN_POINT ( 'NONE',  ( -14.59863421137007577, -2.303285447294980415, 4.523148965619590456 ) ) ;
#707 = CIRCLE ( 'NONE', #378, 7.500000000000000000 ) ;
#708 = CARTESIAN_POINT ( 'NONE',  ( -14.67137749625091026, -9.707777725557475534, 2.814643539465982336 ) ) ;
#709 = CARTESIAN_POINT ( 'NONE',  ( -14.68714427948948220, -11.31273764522398650, 16.50867423159524705 ) ) ;
#710 = CARTESIAN_POINT ( 'NONE',  ( -14.99999999999999822, -0.9710101566220482594, 14.62238326438456504 ) ) ;
#711 = CARTESIAN_POINT ( 'NONE',  ( -14.99999999999999645, 0.5327571678977807146, 10.00000000000000178 ) ) ;
#712 = CARTESIAN_POINT ( 'NONE',  ( -14.70590361765870036, -13.22282234408279855, 14.98579094915016441 ) ) ;
#713 = CARTESIAN_POINT ( 'NONE',  ( -14.72424304676616380, -15.08891879174461614, 10.97938371809274472 ) ) ;
#714 = CARTESIAN_POINT ( 'NONE',  ( -14.64499089285943256, -7.021898837183940145, 2.512057515919329909 ) ) ;
#715 = ORIENTED_EDGE ( 'NONE', *, *, #407, .F. ) ;
#716 = CARTESIAN_POINT ( 'NONE',  ( -14.66969094536883489, -9.536261430427495966, 2.765929948088674983 ) ) ;
#717 = CARTESIAN_POINT ( 'NONE',  ( -14.65732705719593376, -8.277588794337470190, 17.46304767061339902 ) ) ;
#718 = CARTESIAN_POINT ( 'NONE',  ( -14.99999999999999822, -0.1811767196347836284, 13.27509880836745459 ) ) ;
#719 = CARTESIAN_POINT ( 'NONE',  ( -14.99999999999999822, -7.784775221691636382, 17.93160899500670524 ) ) ;
#720 = CARTESIAN_POINT ( 'NONE',  ( -14.71357594305514205, -14.00312194898015150, 13.96270333050286361 ) ) ;
#721 = CARTESIAN_POINT ( 'NONE',  ( -14.65968329275794879, -8.517427694371031421, 2.560171583997719935 ) ) ;
#722 = ORIENTED_EDGE ( 'NONE', *, *, #1306, .T. ) ;
#723 = CARTESIAN_POINT ( 'NONE',  ( -14.63416388727834416, -5.919769544244511295, 2.666982315005905324 ) ) ;
#724 = CARTESIAN_POINT ( 'NONE',  ( -14.62399248877867386, -4.884325680721081753, 17.03801197635015896 ) ) ;
#725 = CARTESIAN_POINT ( 'NONE',  ( 0.000000000000000000, 19.99999999999999645, 20.00000000000000000 ) ) ;
#726 = CARTESIAN_POINT ( 'NONE',  ( -14.99999999999999822, -15.56222841817448099, 10.51912210274057813 ) ) ;
#727 = CARTESIAN_POINT ( 'NONE',  ( -14.65968329275794879, -8.517427694371013658, 17.43982841600228539 ) ) ;
#728 = ORIENTED_EDGE ( 'NONE', *, *, #282, .T. ) ;
#729 = CARTESIAN_POINT ( 'NONE',  ( -14.70633224848912413, -13.26667693388083968, 5.059753555404775227 ) ) ;
#730 = AXIS2_PLACEMENT_3D ( 'NONE', #1137, #1146, #575 ) ;
#731 = CARTESIAN_POINT ( 'NONE',  ( -14.61562054730342197, -4.032272267958315837, 16.66979201885809303 ) ) ;
#732 = CARTESIAN_POINT ( 'NONE',  ( 0.000000000000000000, -20.00000000000000355, 20.00000000000000000 ) ) ;
#733 = CARTESIAN_POINT ( 'NONE',  ( -14.99999999999999822, -11.55026742678649221, 16.87269824179370303 ) ) ;
#734 = ADVANCED_FACE ( 'NONE', ( #1081 ), #417, .F. ) ;
#735 = CARTESIAN_POINT ( 'NONE',  ( -14.58264171248724139, -0.6754204461379296198, 13.31901940632634407 ) ) ;
#736 = CARTESIAN_POINT ( 'NONE',  ( -14.68741774343118678, -11.34059282507756627, 3.506448048619088542 ) ) ;
#737 = CARTESIAN_POINT ( 'NONE',  ( -14.62829332808386340, -5.322265114871511216, 17.18170850349672207 ) ) ;
#738 = CARTESIAN_POINT ( 'NONE',  ( 11.47954352889830609, -2.913884460256456421, 10.00000000000000178 ) ) ;
#739 = CARTESIAN_POINT ( 'NONE',  ( -14.99999999999999822, -14.36426754283161245, 14.19074845076794489 ) ) ;
#740 = CARTESIAN_POINT ( 'NONE',  ( -14.72472385459669653, -15.13785987627066909, 10.49087338685066584 ) ) ;
#741 = ORIENTED_EDGE ( 'NONE', *, *, #652, .T. ) ;
#742 = CARTESIAN_POINT ( 'NONE',  ( -21.16666666666666075, 13.33333333333333215, 6.666666666666666075 ) ) ;
#743 = CARTESIAN_POINT ( 'NONE',  ( -14.61237471836355439, -3.701826536886584584, 16.49355195169674815 ) ) ;
#744 = DIRECTION ( 'NONE',  ( -0.1736481776669245580, 0.9848077530122091305, 0.000000000000000000 ) ) ;
#745 = CARTESIAN_POINT ( 'NONE',  ( -14.99999999999999467, -15.36900272840529347, 11.80195414184129277 ) ) ;
#746 = CARTESIAN_POINT ( 'NONE',  ( -14.71085067972314597, -13.72571934732364340, 14.37085016479116462 ) ) ;
#747 = VERTEX_POINT ( 'NONE', #1323 ) ;
#748 = CARTESIAN_POINT ( 'NONE',  ( -14.69127008180707250, -11.73262648343003178, 3.746254253557901315 ) ) ;
#749 = CARTESIAN_POINT ( 'NONE',  ( -14.58161380093403281, -0.5705652416296932428, 13.09211290982141485 ) ) ;
#750 = CARTESIAN_POINT ( 'NONE',  ( 11.97194740540439106, -2.827060371422998042, 10.00000000000000178 ) ) ;
#751 =( NAMED_UNIT ( * ) SI_UNIT ( $, .STERADIAN. ) SOLID_ANGLE_UNIT ( ) );
#752 = AXIS2_PLACEMENT_3D ( 'NONE', #668, #1328, #1124 ) ;
#753 = DIRECTION ( 'NONE',  ( 0.5470102551532944890, 0.5470102551532968205, 0.6336872742246389967 ) ) ;
#754 = CARTESIAN_POINT ( 'NONE',  ( -14.57554941502412760, 0.04649943033587305985, 10.97938371809272340 ) ) ;
#755 = ORIENTED_EDGE ( 'NONE', *, *, #758, .T. ) ;
#756 = DIRECTION ( 'NONE',  ( -0.1736481776669245580, 0.9848077530122091305, 0.000000000000000000 ) ) ;
#757 = FILL_AREA_STYLE_COLOUR ( '', #970 ) ;
#758 = EDGE_CURVE ( 'NONE', #1072, #48, #292, .T. ) ;
#759 = DIRECTION ( 'NONE',  ( -0.7071067811865475727, -0.000000000000000000, -0.7071067811865475727 ) ) ;
#760 = CARTESIAN_POINT ( 'NONE',  ( -14.99999999999999822, -1.128204906558468279, 5.168884187317122070 ) ) ;
#761 = VERTEX_POINT ( 'NONE', #539 ) ;
#762 = CARTESIAN_POINT ( 'NONE',  ( -14.59863421137007577, -2.303285447294980415, 4.523148965619590456 ) ) ;
#763 = CARTESIAN_POINT ( 'NONE',  ( -15.00000000000000000, -15.57510460318090217, 11.03763604448447744 ) ) ;
#764 = CARTESIAN_POINT ( 'NONE',  ( -14.58261988657177888, -0.6725125578715779318, 6.686786084889679849 ) ) ;
#765 = CARTESIAN_POINT ( 'NONE',  ( -14.99999999999999645, -5.412556963899447737, 2.275128108116744485 ) ) ;
#766 = CARTESIAN_POINT ( 'NONE',  ( -14.99999999999999467, -1.462613324837463535, 4.767596854594446043 ) ) ;
#767 = VERTEX_POINT ( 'NONE', #306 ) ;
#768 = DIRECTION ( 'NONE',  ( 0.8191520442889914655, -0.5735764363510464925, 0.000000000000000000 ) ) ;
#769 = LINE ( 'NONE', #1335, #949 ) ;
#770 = CARTESIAN_POINT ( 'NONE',  ( -14.62019635597917500, -4.498048352265921146, 3.113890495367307221 ) ) ;
#771 = AXIS2_PLACEMENT_3D ( 'NONE', #1208, #987, #998 ) ;
#772 = CARTESIAN_POINT ( 'NONE',  ( 8.033744860495142248, 19.50759612349389016, 19.50000000000000711 ) ) ;
#773 = CARTESIAN_POINT ( 'NONE',  ( -14.99999999999999467, -7.784775221691645264, 2.068391004993290316 ) ) ;
#774 = ORIENTED_EDGE ( 'NONE', *, *, #1296, .F. ) ;
#775 = EDGE_CURVE ( 'NONE', #1333, #1066, #312, .T. ) ;
#776 = CARTESIAN_POINT ( 'NONE',  ( -14.61029661133527568, -3.490392782549113893, 3.627620409828119286 ) ) ;
#777 = CARTESIAN_POINT ( 'NONE',  ( -14.57506860719359487, 0.09544051486192639544, 9.509126613149343044 ) ) ;
#778 = CARTESIAN_POINT ( 'NONE',  ( -14.61184862264563478, -3.648270822898841192, 3.538052955816178180 ) ) ;
#779 = EDGE_CURVE ( 'NONE', #767, #1418, #82, .T. ) ;
#780 = FACE_OUTER_BOUND ( 'NONE', #1449, .T. ) ;
#781 = CARTESIAN_POINT ( 'NONE',  ( -14.99999999999999822, 0.4294215395238820121, 8.707193835957539818 ) ) ;
#782 = CARTESIAN_POINT ( 'NONE',  ( -14.72004833776058064, -14.66213985513725149, 12.64002812710963930 ) ) ;
#783 = CARTESIAN_POINT ( 'NONE',  ( -14.57554941502412937, 0.04649943033587004837, 9.020616281907253509 ) ) ;
#784 = LINE ( 'NONE', #1243, #1274 ) ;
#785 = CARTESIAN_POINT ( 'NONE',  ( -14.62063129294053532, -4.542339187613908535, 3.095367890358400764 ) ) ;
#786 = DIRECTION ( 'NONE',  ( 0.9848077530122092416, 0.1736481776669237531, -0.000000000000000000 ) ) ;
#787 = DIRECTION ( 'NONE',  ( 0.000000000000000000, 0.000000000000000000, 1.000000000000000000 ) ) ;
#788 = CARTESIAN_POINT ( 'NONE',  ( -14.99999999999999822, -15.15186638278075293, 7.449190680816657029 ) ) ;
#789 = CARTESIAN_POINT ( 'NONE',  ( -14.99999999999999645, -15.57517652930652474, 10.00000000000000000 ) ) ;
#790 = CARTESIAN_POINT ( 'NONE',  ( -14.71483838595933058, -14.13162510753958401, 6.248068353936368169 ) ) ;
#791 = DIRECTION ( 'NONE',  ( -0.000000000000000000, 0.000000000000000000, 1.000000000000000000 ) ) ;
#792 = CARTESIAN_POINT ( 'NONE',  ( -14.60720686299063686, -3.175773441705541877, 3.835507334800656754 ) ) ;
#793 = CARTESIAN_POINT ( 'NONE',  ( -14.67916116884986089, -10.50008017378885405, 16.90463210964411545 ) ) ;
#794 = CARTESIAN_POINT ( 'NONE',  ( -14.99999999999999822, -10.11136934524887643, 17.51472988077952309 ) ) ;
#795 = LINE ( 'NONE', #1256, #321 ) ;
#796 = CARTESIAN_POINT ( 'NONE',  ( -14.99999999999999822, -8.048340078645802365, 2.081142405223045611 ) ) ;
#797 = CARTESIAN_POINT ( 'NONE',  ( -14.72293081845359808, -14.95531887871019094, 11.70149115975820564 ) ) ;
#798 = CARTESIAN_POINT ( 'NONE',  ( -14.72007785777362976, -14.66494718894354143, 12.64337151090629696 ) ) ;
#799 = CARTESIAN_POINT ( 'NONE',  ( -14.59516560907996130, -1.950218905763576593, 4.870249316582196286 ) ) ;
#800 = CARTESIAN_POINT ( 'NONE',  ( -14.67579997301531058, -10.15809368070722307, 2.961988023656717317 ) ) ;
#801 = CARTESIAN_POINT ( 'NONE',  ( -14.64367419512450574, -6.887434508498743391, 17.47411816296484943 ) ) ;
#802 = EDGE_CURVE ( 'NONE', #48, #761, #663, .T. ) ;
#803 = CARTESIAN_POINT ( 'NONE',  ( -14.99999999999999467, -4.931050016159899130, 17.51472988077953374 ) ) ;
#804 = FACE_OUTER_BOUND ( 'NONE', #1131, .T. ) ;
#805 = CARTESIAN_POINT ( 'NONE',  ( -14.99999999999999467, -2.012564087925540868, 4.207967876186208933 ) ) ;
#806 = CARTESIAN_POINT ( 'NONE',  ( -17.12344190638431130, -7.957362521307839387, 10.00000000000000178 ) ) ;
#807 = CARTESIAN_POINT ( 'NONE',  ( -14.62579288043255765, -5.067746909430272950, 17.10580591420075791 ) ) ;
#808 = CARTESIAN_POINT ( 'NONE',  ( -14.72424304676616202, -15.08891879174461081, 9.020616281907246403 ) ) ;
#809 = CARTESIAN_POINT ( 'NONE',  ( -14.67665236019417385, -10.24481345535830989, 2.993800174144332971 ) ) ;
#810 = CARTESIAN_POINT ( 'NONE',  ( -14.68632807397501239, -11.22961500421250314, 16.55435430029532995 ) ) ;
#811 = CARTESIAN_POINT ( 'NONE',  ( -14.99999999999999467, -11.08537931649394359, 17.11741102459248154 ) ) ;
#812 = DIRECTION ( 'NONE',  ( 0.000000000000000000, 0.000000000000000000, -1.000000000000000000 ) ) ;
#813 = CARTESIAN_POINT ( 'NONE',  ( -14.99999999999999467, -10.11136934524883202, 2.485270119220467588 ) ) ;
#814 = CARTESIAN_POINT ( 'NONE',  ( -14.99999999999999645, -15.57517652930652474, 10.00000000000000000 ) ) ;
#815 = CARTESIAN_POINT ( 'NONE',  ( -14.58159179804903260, -0.5685504078342886736, 13.09687997457006148 ) ) ;
#816 = CARTESIAN_POINT ( 'NONE',  ( -14.63286903412599571, -5.788023523157436401, 2.691992782665460382 ) ) ;
#817 = CARTESIAN_POINT ( 'NONE',  ( -14.63216533692079402, -5.716165962300515879, 2.712698355931739691 ) ) ;
#818 = CARTESIAN_POINT ( 'NONE',  ( -14.65561490350910567, -8.103307307101456303, 17.47992648233447355 ) ) ;
#819 = CARTESIAN_POINT ( 'NONE',  ( -14.99999999999999467, -15.36900272840529347, 11.80195414184129277 ) ) ;
#820 = CARTESIAN_POINT ( 'NONE',  ( -14.99999999999999467, -15.06296697353068836, 7.204508099593442516 ) ) ;
#821 = CARTESIAN_POINT ( 'NONE',  ( -14.71088762878802392, -13.72945609059539684, 14.36535229730664831 ) ) ;
#822 = CARTESIAN_POINT ( 'NONE',  ( -14.62348080247244297, -4.832402150691203602, 17.02302117198474818 ) ) ;
#823 = EDGE_CURVE ( 'NONE', #747, #433, #68, .T. ) ;
#824 = CARTESIAN_POINT ( 'NONE',  ( -14.58495407583095194, -0.9107942538691620182, 6.248068353936365504 ) ) ;
#825 = AXIS2_PLACEMENT_3D ( 'NONE', #899, #200, #208 ) ;
#826 = CARTESIAN_POINT ( 'NONE',  ( -14.65987747909356465, -8.537582400865129983, 2.565844892634181029 ) ) ;
#827 = CARTESIAN_POINT ( 'NONE',  ( -14.63622739605195022, -6.129783369998248688, 17.37429262371951211 ) ) ;
#828 = EDGE_CURVE ( 'NONE', #989, #1201, #707, .T. ) ;
#829 = CARTESIAN_POINT ( 'NONE',  ( -14.99999999999999467, -0.2940011186040444313, 13.51002189037599344 ) ) ;
#830 = CARTESIAN_POINT ( 'NONE',  ( -14.99999999999999822, -15.57517652930652119, 9.740438611808306391 ) ) ;
#831 = CARTESIAN_POINT ( 'NONE',  ( -14.70122776674819320, -12.74618956277614679, 15.46991464825883611 ) ) ;
#832 = CARTESIAN_POINT ( 'NONE',  ( -14.66692342766429213, -9.254395838251310735, 17.30800721733454495 ) ) ;
#833 = CARTESIAN_POINT ( 'NONE',  ( -14.65234890309572258, -7.770865426431013745, 2.500000000000002220 ) ) ;
#834 = ORIENTED_EDGE ( 'NONE', *, *, #853, .F. ) ;
#835 = CARTESIAN_POINT ( 'NONE',  ( -14.64196126960178823, -6.713488684184327759, 2.542121899645778615 ) ) ;
#836 = CARTESIAN_POINT ( 'NONE',  ( -14.63097667852939487, -5.595175657343386177, 17.25730449646616904 ) ) ;
#837 = CARTESIAN_POINT ( 'NONE',  ( -14.99999999999999822, -14.74841824280470881, 13.51002189037597745 ) ) ;
#838 = CARTESIAN_POINT ( 'NONE',  ( -14.69554687074608879, -12.16795559816411654, 15.95328199226639398 ) ) ;
#839 = ORIENTED_EDGE ( 'NONE', *, *, #1045, .T. ) ;
#840 = CARTESIAN_POINT ( 'NONE',  ( -14.71741897320744563, -14.39481956388503825, 6.742298752756825664 ) ) ;
#841 = CARTESIAN_POINT ( 'NONE',  ( -14.58791267367213074, -1.211924349953206415, 14.21637109681834055 ) ) ;
#842 = DIRECTION ( 'NONE',  ( 0.9848077530122092416, 0.1736481776669236976, -0.000000000000000000 ) ) ;
#843 =( NAMED_UNIT ( * ) PLANE_ANGLE_UNIT ( ) SI_UNIT ( $, .RADIAN. ) );
#844 = CARTESIAN_POINT ( 'NONE',  ( -14.99999999999999822, 0.4681411755316587375, 11.03574516106494841 ) ) ;
#845 = CARTESIAN_POINT ( 'NONE',  ( -14.72388273192949271, -15.05224260271939585, 11.22245640656546506 ) ) ;
#846 = ORIENTED_EDGE ( 'NONE', *, *, #609, .F. ) ;
#847 = VECTOR ( 'NONE', #5, 1000.000000000000000 ) ;
#848 = CARTESIAN_POINT ( 'NONE',  ( -14.72436482806186397, -15.10125578074062425, 9.019785155560512635 ) ) ;
#849 = AXIS2_PLACEMENT_3D ( 'NONE', #465, #1265, #920 ) ;
#850 = CARTESIAN_POINT ( 'NONE',  ( -14.60414114021786780, -2.862633583724054187, 15.94433790099251880 ) ) ;
#851 = CARTESIAN_POINT ( 'NONE',  ( 7.330519245750857671, 19.99999999999999645, 0.000000000000000000 ) ) ;
#852 = DIRECTION ( 'NONE',  ( 0.000000000000000000, 0.000000000000000000, 1.000000000000000000 ) ) ;
#853 = EDGE_CURVE ( 'NONE', #40, #963, #1183, .T. ) ;
#854 = CARTESIAN_POINT ( 'NONE',  ( -14.99999999999999822, -13.91421445485027775, 14.83111581268287260 ) ) ;
#855 = CARTESIAN_POINT ( 'NONE',  ( -14.72292574671067378, -14.95483176306519546, 11.70389842367644739 ) ) ;
#856 = EDGE_LOOP ( 'NONE', ( #1078, #1321, #643, #695, #728, #99 ) ) ;
#857 = CARTESIAN_POINT ( 'NONE',  ( -14.72289893292061791, -14.95230542275387720, 8.298755768115405829 ) ) ;
#858 = CARTESIAN_POINT ( 'NONE',  ( -14.62004273194964732, -4.482449354945984510, 16.88051546448676277 ) ) ;
#859 = DIRECTION ( 'NONE',  ( 1.000000000000000000, 0.000000000000000000, 0.000000000000000000 ) ) ;
#860 = CARTESIAN_POINT ( 'NONE',  ( -14.99999999999999467, -0.6781518185771366891, 14.19074845076795377 ) ) ;
#861 = CARTESIAN_POINT ( 'NONE',  ( -14.72484434634271722, -15.15012464475410958, 10.24543701191820233 ) ) ;
#862 = EDGE_LOOP ( 'NONE', ( #839, #846, #660, #1424 ) ) ;
#863 = CARTESIAN_POINT ( 'NONE',  ( -14.68470228587028714, -11.06410565653292721, 3.357755408343250370 ) ) ;
#864 = CARTESIAN_POINT ( 'NONE',  ( -14.58619250970997250, -1.036878934611832559, 13.95914505065668365 ) ) ;
#865 = LINE ( 'NONE', #1088, #136 ) ;
#866 =( LENGTH_UNIT ( ) NAMED_UNIT ( * ) SI_UNIT ( .MILLI., .METRE. ) );
#867 = CARTESIAN_POINT ( 'NONE',  ( -14.99999999999999467, -14.55895944216501725, 6.006026835131746289 ) ) ;
#868 = CARTESIAN_POINT ( 'NONE',  ( -14.59351651296663732, -1.782358594120573736, 14.94767500708200814 ) ) ;
#869 = ORIENTED_EDGE ( 'NONE', *, *, #1416, .T. ) ;
#870 = DIRECTION ( 'NONE',  ( 0.5773502691896257311, -0.5773502691896257311, 0.5773502691896257311 ) ) ;
#871 = EDGE_CURVE ( 'NONE', #309, #1100, #194, .T. ) ;
#872 = CARTESIAN_POINT ( 'NONE',  ( 0.000000000000000000, 0.000000000000000000, 0.000000000000000000 ) ) ;
#873 = CONICAL_SURFACE ( 'NONE', #893, 7.500000000000000000, 0.7853981633974439491 ) ;
#874 = FACE_OUTER_BOUND ( 'NONE', #357, .T. ) ;
#875 = CARTESIAN_POINT ( 'NONE',  ( -14.99999999999999467, -9.350961869727234088, 2.271432562588724835 ) ) ;
#876 = ORIENTED_EDGE ( 'NONE', *, *, #16, .F. ) ;
#877 = PRODUCT ( '¹Ì¶¨×ù', '¹Ì¶¨×ù', '', ( #519 ) ) ;
#878 = CARTESIAN_POINT ( 'NONE',  ( 7.330519245750857671, 19.99999999999999645, 20.00000000000000000 ) ) ;
#879 = CARTESIAN_POINT ( 'NONE',  ( -14.99999999999999645, 0.5327571678977807146, 11.03835573177991058 ) ) ;
#880 = FACE_OUTER_BOUND ( 'NONE', #173, .T. ) ;
#881 = CARTESIAN_POINT ( 'NONE',  ( 14.92505188455243292, -19.57494811544756885, 0.000000000000000000 ) ) ;
#882 = CARTESIAN_POINT ( 'NONE',  ( -14.99999999999999467, -6.994079282762937666, 2.081142405223042946 ) ) ;
#883 = ORIENTED_EDGE ( 'NONE', *, *, #916, .F. ) ;
#884 = CARTESIAN_POINT ( 'NONE',  ( -14.64744355869456882, -7.271553934977734279, 2.500000000000002220 ) ) ;
#885 = CARTESIAN_POINT ( 'NONE',  ( -15.00000000000000178, -15.36538307528610758, 12.07667175745557131 ) ) ;
#886 = ADVANCED_FACE ( 'NONE', ( #525 ), #1432, .T. ) ;
#887 = LINE ( 'NONE', #77, #258 ) ;
#888 = CARTESIAN_POINT ( 'NONE',  ( -14.99999999999999822, -8.048340078645802365, 2.081142405223045611 ) ) ;
#889 = ORIENTED_EDGE ( 'NONE', *, *, #499, .T. ) ;
#890 = EDGE_CURVE ( 'NONE', #384, #1059, #649, .T. ) ;
#891 = CARTESIAN_POINT ( 'NONE',  ( -14.68306346418022379, -10.89727858935725813, 3.269892310872999808 ) ) ;
#892 = FACE_OUTER_BOUND ( 'NONE', #1326, .T. ) ;
#893 = AXIS2_PLACEMENT_3D ( 'NONE', #738, #1191, #632 ) ;
#894 = VECTOR ( 'NONE', #1337, 999.9999999999998863 ) ;
#895 = DIRECTION ( 'NONE',  ( 0.000000000000000000, -0.000000000000000000, 1.000000000000000000 ) ) ;
#896 = CARTESIAN_POINT ( 'NONE',  ( -14.99999999999999822, -14.49993037088192871, 6.032152694324195430 ) ) ;
#897 = CARTESIAN_POINT ( 'NONE',  ( -14.72126640696622601, -14.78653428597907116, 12.29106355245428972 ) ) ;
#898 = CARTESIAN_POINT ( 'NONE',  ( -14.68084360660998655, -10.67132087801909179, 3.164828184315444215 ) ) ;
#899 = CARTESIAN_POINT ( 'NONE',  ( 0.000000000000000000, -20.00000000000000355, 20.00000000000000000 ) ) ;
#900 = CARTESIAN_POINT ( 'NONE',  ( -14.60924889400660653, -3.383754493117988371, 3.697669772599634364 ) ) ;
#901 = LINE ( 'NONE', #1462, #1394 ) ;
#902 = CARTESIAN_POINT ( 'NONE',  ( 14.49228669405713887, -20.00000000000000355, 20.00000000000000000 ) ) ;
#903 = CARTESIAN_POINT ( 'NONE',  ( -14.99999999999999467, -15.06296697353068836, 7.204508099593442516 ) ) ;
#904 = DIRECTION ( 'NONE',  ( 0.9848077530122093526, 0.1736481776669237254, -0.000000000000000000 ) ) ;
#905 = CARTESIAN_POINT ( 'NONE',  ( -14.66211233808033931, -8.764678477097691101, 2.596228011286088933 ) ) ;
#906 = CARTESIAN_POINT ( 'NONE',  ( -15.00000000000000000, -2.571182536330241408, 16.34226407634023559 ) ) ;
#907 = CARTESIAN_POINT ( 'NONE',  ( -14.62341488774084652, -4.825537360537545339, 2.982741217534853551 ) ) ;
#908 = CARTESIAN_POINT ( 'NONE',  ( -14.68144313219695007, -10.73247021522092126, 16.80346528535648432 ) ) ;
#909 = CARTESIAN_POINT ( 'NONE',  ( -14.99999999999999467, -14.86124264177397691, 13.27509880836741907 ) ) ;
#910 = UNCERTAINTY_MEASURE_WITH_UNIT (LENGTH_MEASURE( 1.000000000000000082E-05 ), #63, 'distance_accuracy_value', 'NONE');
#911 = FACE_OUTER_BOUND ( 'NONE', #1188, .T. ) ;
#912 = CARTESIAN_POINT ( 'NONE',  ( -14.99999999999999822, -1.639826125286742320, 4.575043111634870208 ) ) ;
#913 = PLANE ( 'NONE',  #657 ) ;
#914 = CARTESIAN_POINT ( 'NONE',  ( -14.72484434634271722, -15.15012464475410958, 10.24543701191820233 ) ) ;
#915 = CARTESIAN_POINT ( 'NONE',  ( -14.71715074930305178, -14.36699891527081974, 6.680980593673671919 ) ) ;
#916 = EDGE_CURVE ( 'NONE', #648, #384, #1301, .T. ) ;
#917 = CARTESIAN_POINT ( 'NONE',  ( -14.57543349065374372, 0.05887307804860454630, 9.143935757002047637 ) ) ;
#918 = CARTESIAN_POINT ( 'NONE',  ( -14.64826148850468712, -7.354810424206133845, 17.50000000000001066 ) ) ;
#919 = CARTESIAN_POINT ( 'NONE',  ( -14.99999999999999822, -3.957040044914859500, 17.11741102459250286 ) ) ;
#920 = DIRECTION ( 'NONE',  ( -0.1736481776669238086, 0.9848077530122092416, 0.000000000000000000 ) ) ;
#921 = CIRCLE ( 'NONE', #849, 7.999999999999984901 ) ;
#922 = CARTESIAN_POINT ( 'NONE',  ( -14.99999999999999822, -6.469486481027668212, 2.132025335243974862 ) ) ;
#923 = CARTESIAN_POINT ( 'NONE',  ( 7.454516895155584244, 19.91317591116651897, 20.00000000000000000 ) ) ;
#924 = CARTESIAN_POINT ( 'NONE',  ( -14.72090513249587929, -14.74915489010145819, 12.41200365599452127 ) ) ;
#925 = CARTESIAN_POINT ( 'NONE',  ( -14.72388273192949271, -15.05224260271939229, 8.777543593434531388 ) ) ;
#926 = CARTESIAN_POINT ( 'NONE',  ( -14.64662674606609372, -7.188411162912584196, 2.499999999999999556 ) ) ;
#927 = CARTESIAN_POINT ( 'NONE',  ( -14.68952106332959140, -11.55468629130428404, 16.36720589707665852 ) ) ;
#928 = CARTESIAN_POINT ( 'NONE',  ( -14.99999999999999822, -3.265812180075480686, 16.73909643693394500 ) ) ;
#929 = CARTESIAN_POINT ( 'NONE',  ( 0.000000000000000000, -20.00000000000000355, 0.000000000000000000 ) ) ;
#930 = CARTESIAN_POINT ( 'NONE',  ( -14.99999999999999467, 0.4681411755316560175, 8.964254838935030278 ) ) ;
#931 = EDGE_LOOP ( 'NONE', ( #198, #741, #1354, #654 ) ) ;
#932 = CARTESIAN_POINT ( 'NONE',  ( -14.58495407583095904, -0.9107942538691856660, 13.75193164606367446 ) ) ;
#933 = CARTESIAN_POINT ( 'NONE',  ( -14.59040459542203649, -1.465598737236440074, 5.431775744627350910 ) ) ;
#934 = CARTESIAN_POINT ( 'NONE',  ( -14.65719134434236182, -8.263775307278056204, 2.535612480090636112 ) ) ;
#935 = CARTESIAN_POINT ( 'NONE',  ( -14.66458475141159035, -9.016343821094473299, 17.35455855241214707 ) ) ;
#936 = CARTESIAN_POINT ( 'NONE',  ( -14.99999999999999467, -3.492151934622299780, 16.87269824179373146 ) ) ;
#937 = EDGE_CURVE ( 'NONE', #761, #648, #1334, .T. ) ;
#938 = CARTESIAN_POINT ( 'NONE',  ( -14.99999999999999467, -14.74841824280470703, 6.489978109624018998 ) ) ;
#939 = CARTESIAN_POINT ( 'NONE',  ( -14.69943775839990963, -12.56517580031975534, 15.63215722155093523 ) ) ;
#940 = CARTESIAN_POINT ( 'NONE',  ( -14.64010916903234083, -6.524991667037734366, 17.43982841600228539 ) ) ;
#941 = ADVANCED_FACE ( 'NONE', ( #995 ), #974, .T. ) ;
#942 = CARTESIAN_POINT ( 'NONE',  ( -14.65611826669127282, -8.154984855299590052, 2.525881837231973570 ) ) ;
#943 = CARTESIAN_POINT ( 'NONE',  ( -14.64260111744954251, -6.778644054278713860, 17.46438751992362626 ) ) ;
#944 = CARTESIAN_POINT ( 'NONE',  ( -14.99999999999999822, -5.435483010719567076, 17.66542326837711840 ) ) ;
#945 = CARTESIAN_POINT ( 'NONE',  ( -14.99999999999999467, -12.21490065769555500, 3.549312724906715566 ) ) ;
#946 = CARTESIAN_POINT ( 'NONE',  ( -14.70710918130920319, -13.34577191949080976, 14.84524411458665405 ) ) ;
#947 = CARTESIAN_POINT ( 'NONE',  ( -14.70938786636825135, -13.57682062417230462, 14.56822425537264820 ) ) ;
#948 = CARTESIAN_POINT ( 'NONE',  ( -14.58894178206714720, -1.316700014085114168, 5.629149835208826502 ) ) ;
#949 = VECTOR ( 'NONE', #1224, 1000.000000000000114 ) ;
#950 = CARTESIAN_POINT ( 'NONE',  ( -14.62923660655039804, -5.418285393251070836, 2.789656262412199883 ) ) ;
#951 = CARTESIAN_POINT ( 'NONE',  ( -14.59346021330738985, -1.775742428010370411, 14.94024644513724276 ) ) ;
#952 = CARTESIAN_POINT ( 'NONE',  ( -14.99999999999999467, -7.257644139717082332, 17.93160899500671590 ) ) ;
#953 = CARTESIAN_POINT ( 'NONE',  ( -14.57746338297809707, -0.1483219961610081072, 11.94226650282243263 ) ) ;
#954 = CARTESIAN_POINT ( 'NONE',  ( -14.60621796652784532, -3.075230450331934762, 16.09966459436629904 ) ) ;
#955 = ORIENTED_EDGE ( 'NONE', *, *, #630, .T. ) ;
#956 = CARTESIAN_POINT ( 'NONE',  ( -14.65687451335373659, -8.231585869214521622, 2.532571985147967997 ) ) ;
#957 = CARTESIAN_POINT ( 'NONE',  ( -14.59113007597455791, -1.538553763751633774, 14.65535138903578449 ) ) ;
#958 = CARTESIAN_POINT ( 'NONE',  ( -14.57689352886868939, -0.09011393869471456819, 11.70124423205749409 ) ) ;
#959 = APPLICATION_PROTOCOL_DEFINITION ( 'draft international standard', 'automotive_design', 1998, #1257 ) ;
#960 = EDGE_CURVE ( 'NONE', #13, #1436, #116, .T. ) ;
#961 = CARTESIAN_POINT ( 'NONE',  ( -14.99999999999999822, -9.350961869727250075, 17.72856743741128227 ) ) ;
#962 = CARTESIAN_POINT ( 'NONE',  ( -14.58159179804903260, -0.5685504078342886736, 13.09687997457006148 ) ) ;
#963 = VERTEX_POINT ( 'NONE', #1098 ) ;
#964 = DIRECTION ( 'NONE',  ( 0.1736481776669237531, -0.9848077530122092416, 0.000000000000000000 ) ) ;
#965 = CARTESIAN_POINT ( 'NONE',  ( -14.57781535149097962, -0.1835447940938101097, 12.05620720652800948 ) ) ;
#966 = EDGE_CURVE ( 'NONE', #1372, #1333, #191, .T. ) ;
#967 = DIRECTION ( 'NONE',  ( 0.7071067811865475727, 0.000000000000000000, -0.7071067811865475727 ) ) ;
#968 = CARTESIAN_POINT ( 'NONE',  ( -14.99999999999999467, -1.639826125286755865, 15.42495688836514844 ) ) ;
#969 = CARTESIAN_POINT ( 'NONE',  ( -14.68306346418022379, -10.89727858935727056, 16.73010768912699575 ) ) ;
#970 = COLOUR_RGB ( '',1.000000000000000000, 1.000000000000000000, 1.000000000000000000 ) ;
#971 = CARTESIAN_POINT ( 'NONE',  ( -14.70866238582670427, -13.50386559811264675, 5.344648611528594273 ) ) ;
#972 = VECTOR ( 'NONE', #964, 1000.000000000000000 ) ;
#973 = DIRECTION ( 'NONE',  ( 0.000000000000000000, 1.000000000000000000, 0.000000000000000000 ) ) ;
#974 = B_SPLINE_SURFACE_WITH_KNOTS ( 'NONE', 1, 3, ( 
 ( #1117, #422, #655, #783, #1437, #1216, #114, #1327, #331, #338, #100, #1340, #1007, #325, #94, #544, #990, #762, #1123, #661, #199, #776, #1242, #1229, #1104, #556, #213, #1223, #88, #1444, #428, #667, #884, #226, #1457, #443, #905, #207, #1347, #316, #1110, #898, #891, #550, #1001, #1450, #435, #1235, #1132, #219, #674, #107, #1016, #1355, #790, #565, #1466, #451, #680, #1159, #490, #358, #132, #142, #1041, #914, #24, #713, #1382, #705, #270, #924, #798, #597, #367, #6, #720, #1140, #947, #1166, #1363, #476, #1050, #1397, #1284, #374, #30, #382, #1373, #1251, #348, #483, #832, #1057, #150, #1268, #1173, #236, #688, #940, #604, #1389, #124, #807, #822, #1277, #38, #570, #262, #1260, #1024, #578, #588, #460, #1032, #14, #468, #244, #932, #697, #815, #252, #1149, #953, #46, #1064, #157, #498, #611, #1164 ),
 ( #711, #1361, #1371, #930, #1258, #1021, #1157, #250, #576, #28, #1380, #474, #12, #22, #458, #568, #912, #805, #678, #1240, #595, #4, #1395, #1130, #356, #148, #1138, #242, #121, #346, #922, #1030, #694, #112, #796, #365, #466, #1147, #602, #813, #1249, #380, #1048, #130, #586, #945, #234, #1266, #481, #1055, #372, #686, #702, #1039, #140, #938, #1387, #820, #1275, #260, #36, #488, #224, #497, #830, #1062, #726, #1298, #293, #745, #1282, #45, #283, #1199, #837, #400, #739, #287, #854, #178, #1414, #980, #184, #634, #1082, #641, #733, #1186, #610, #512, #387, #72, #961, #268, #171, #626, #719, #952, #1091, #64, #1076, #58, #1305, #522, #530, #1429, #1070, #1172, #975, #1422, #156, #406, #1409, #968, #164, #1403, #1193, #860, #1313, #1290, #395, #275, #1180, #619, #52, #505, #844, #1219, #671, #202 ) ),
 .UNSPECIFIED., .F., .T., .F.,
 ( 2, 2 ),
 ( 4, 2, 2, 2, 2, 2, 2, 2, 2, 2, 2, 2, 2, 2, 2, 2, 2, 2, 2, 2, 2, 2, 2, 2, 2, 2, 2, 2, 2, 2, 2, 2, 2, 2, 2, 2, 2, 2, 2, 2, 2, 2, 2, 2, 2, 2, 2, 2, 2, 2, 2, 2, 2, 2, 2, 2, 2, 2, 2, 2, 2, 2, 2, 2, 4 ),
 ( 0.000000000000000000, 1.000000000000000000 ),
 ( 0.000000000000000000, 0.09817477042468103487, 0.1963495408493620697, 0.2945243112740431046, 0.3926990816987241395, 0.4908738521234051744, 0.5890486225480862092, 0.6872233929727672441, 0.7853981633974482790, 0.8835729338221293139, 0.9817477042468103487, 1.079922474671491273, 1.178097245096172418, 1.276272015520853564, 1.374446785945534488, 1.472621556370215412, 1.570796326794896558, 1.668971097219577704, 1.767145867644258628, 1.865320638068939552, 1.963495408493620697, 2.061670178918301843, 2.159844949342982545, 2.258019719767663691, 2.356194490192344837, 2.454369260617025983, 2.552544031041707129, 2.650718801466387831, 2.748893571891068976, 2.847068342315750122, 2.945243112740430824, 3.043417883165111970, 3.141592653589793116, 3.239767424014474262, 3.337942194439155408, 3.436116964863836110, 3.534291735288517255, 3.632466505713198401, 3.730641276137879103, 3.828816046562560249, 3.926990816987241395, 4.025165587411922985, 4.123340357836603687, 4.221515128261284389, 4.319689898685965090, 4.417864669110645792, 4.516039439535327382, 4.614214209960008972, 4.712388980384689674, 4.810563750809370376, 4.908738521234051966, 5.006913291658733556, 5.105088062083414258, 5.203262832508094959, 5.301437602932775661, 5.399612373357456363, 5.497787143782137953, 5.595961914206819543, 5.694136684631500245, 5.792311455056180947, 5.890486225480861648, 5.988660995905542350, 6.086835766330223940, 6.185010536754905530, 6.283185307179586232 ),
 .UNSPECIFIED. ) ;
#975 = CARTESIAN_POINT ( 'NONE',  ( -14.99999999999999822, -3.265812180075480686, 16.73909643693394500 ) ) ;
#976 = ORIENTED_EDGE ( 'NONE', *, *, #960, .T. ) ;
#977 = CARTESIAN_POINT ( 'NONE',  ( -14.68337027785166882, -10.92860004899283233, 3.289179713191566101 ) ) ;
#978 = CARTESIAN_POINT ( 'NONE',  ( -14.60925885790620704, -3.384726793725461480, 16.30188855603024578 ) ) ;
#979 = SURFACE_STYLE_FILL_AREA ( #1089 ) ;
#980 = CARTESIAN_POINT ( 'NONE',  ( -14.99999999999999467, -13.02985527348319295, 15.79203212381380794 ) ) ;
#981 = ADVANCED_FACE ( 'NONE', ( #780 ), #560, .F. ) ;
#982 = CARTESIAN_POINT ( 'NONE',  ( -14.58495407583095904, -0.9107942538691856660, 13.75193164606367446 ) ) ;
#983 = ORIENTED_EDGE ( 'NONE', *, *, #231, .T. ) ;
#984 = CARTESIAN_POINT ( 'NONE',  ( -14.71102608365116104, -13.74378968664118439, 5.660256757085168289 ) ) ;
#985 = PRODUCT_DEFINITION_SHAPE ( 'NONE', 'NONE',  #1370 ) ;
#986 = FACE_OUTER_BOUND ( 'NONE', #304, .T. ) ;
#987 = DIRECTION ( 'NONE',  ( 0.6963642403200190900, 0.1227878039689680595, -0.7071067811865482389 ) ) ;
#988 = CARTESIAN_POINT ( 'NONE',  ( -14.99999999999999467, 0.3265833669965437780, 8.198045858158707233 ) ) ;
#989 = VERTEX_POINT ( 'NONE', #425 ) ;
#990 = CARTESIAN_POINT ( 'NONE',  ( -14.59516560907996130, -1.950218905763576593, 4.870249316582196286 ) ) ;
#991 = CARTESIAN_POINT ( 'NONE',  ( -21.16666666666666785, -13.33333333333333925, 6.666666666666669627 ) ) ;
#992 = CARTESIAN_POINT ( 'NONE',  ( -14.99999999999999822, -1.081105957986930211, 5.125174890593023669 ) ) ;
#993 = CARTESIAN_POINT ( 'NONE',  ( -14.99999999999999467, -0.1811767196347705278, 6.724901191632577380 ) ) ;
#994 = ORIENTED_EDGE ( 'NONE', *, *, #890, .T. ) ;
#995 = FACE_OUTER_BOUND ( 'NONE', #212, .T. ) ;
#996 = DIRECTION ( 'NONE',  ( -0.7124982932086698639, -0.000000000000000000, 0.7016738431598631420 ) ) ;
#997 = CARTESIAN_POINT ( 'NONE',  ( -14.60642924143786914, -3.096441556299301290, 3.889802203826335791 ) ) ;
#998 = DIRECTION ( 'NONE',  ( -0.1736481776669237531, 0.9848077530122092416, 0.000000000000000000 ) ) ;
#999 = CARTESIAN_POINT ( 'NONE',  ( -14.99999999999999467, -13.91421445485026709, 5.168884187317115853 ) ) ;
#1000 = EDGE_LOOP ( 'NONE', ( #507, #389, #994, #1006, #225 ) ) ;
#1001 = CARTESIAN_POINT ( 'NONE',  ( -14.68949585045501038, -11.55202657885963369, 3.627620409828119286 ) ) ;
#1002 = DIRECTION ( 'NONE',  ( 0.000000000000000000, -1.000000000000000000, 0.000000000000000000 ) ) ;
#1003 = CARTESIAN_POINT ( 'NONE',  ( -14.59601912501557308, -2.037008297617177277, 4.786324917501047160 ) ) ;
#1004 = DIRECTION ( 'NONE',  ( 0.000000000000000000, 0.000000000000000000, -1.000000000000000000 ) ) ;
#1005 = CARTESIAN_POINT ( 'NONE',  ( -14.99999999999999467, 0.4681411755316560175, 8.964254838935030278 ) ) ;
#1006 = ORIENTED_EDGE ( 'NONE', *, *, #282, .F. ) ;
#1007 = CARTESIAN_POINT ( 'NONE',  ( -14.58621651873515290, -1.039297412428588974, 6.037296669497145274 ) ) ;
#1008 = PLANE ( 'NONE',  #1011 ) ;
#1009 = CARTESIAN_POINT ( 'NONE',  ( -14.61027139843992906, -3.487733068893545507, 3.632794103663767427 ) ) ;
#1010 = AXIS2_PLACEMENT_3D ( 'NONE', #1329, #967, #399 ) ;
#1011 = AXIS2_PLACEMENT_3D ( 'NONE', #115, #791, #1236 ) ;
#1012 = CARTESIAN_POINT ( 'NONE',  ( -14.99999999999999822, -12.47123682508617826, 3.657735923665644151 ) ) ;
#1013 = LINE ( 'NONE', #280, #615 ) ;
#1014 = CARTESIAN_POINT ( 'NONE',  ( -14.99999999999999645, 0.5327571678977807146, 10.00000000000000178 ) ) ;
#1015 = CYLINDRICAL_SURFACE ( 'NONE', #18, 7.500000000000000888 ) ;
#1016 = CARTESIAN_POINT ( 'NONE',  ( -14.71085067972314242, -13.72571934732362564, 5.629149835208820285 ) ) ;
#1017 = PLANE ( 'NONE',  #825 ) ;
#1018 = CARTESIAN_POINT ( 'NONE',  ( -14.57593999286330622, 0.006936633387163538417, 8.778821223213624236 ) ) ;
#1019 = CARTESIAN_POINT ( 'NONE',  ( -14.99999999999999822, -12.83433107866375700, 15.96655266362932046 ) ) ;
#1020 = FACE_OUTER_BOUND ( 'NONE', #1214, .T. ) ;
#1021 = CARTESIAN_POINT ( 'NONE',  ( -14.99999999999999467, 0.3265833669965437780, 8.198045858158707233 ) ) ;
#1022 = ORIENTED_EDGE ( 'NONE', *, *, #363, .T. ) ;
#1023 = EDGE_CURVE ( 'NONE', #549, #1333, #1120, .T. ) ;
#1024 = CARTESIAN_POINT ( 'NONE',  ( -14.60424559104420617, -2.874463763244657688, 15.95328199226641885 ) ) ;
#1025 = CARTESIAN_POINT ( 'NONE',  ( -14.61029661133527568, -3.490392782549113893, 3.627620409828119286 ) ) ;
#1026 = CARTESIAN_POINT ( 'NONE',  ( -14.58723451742427635, -1.142898104957202232, 5.885218237290917642 ) ) ;
#1027 = CARTESIAN_POINT ( 'NONE',  ( -14.65316571567606552, -7.854008193700807716, 17.49999999999999645 ) ) ;
#1028 = CARTESIAN_POINT ( 'NONE',  ( -14.99999999999999467, -15.56222841817448632, 9.480877897259418319 ) ) ;
#1029 = CARTESIAN_POINT ( 'NONE',  ( 10.58276198406900370, 5.051401652674659459, 10.00000000000000178 ) ) ;
#1030 = CARTESIAN_POINT ( 'NONE',  ( -14.99999999999999467, -6.994079282762937666, 2.081142405223042946 ) ) ;
#1031 = EDGE_LOOP ( 'NONE', ( #955, #889 ) ) ;
#1032 = CARTESIAN_POINT ( 'NONE',  ( -14.59351651296663732, -1.782358594120573736, 14.94767500708200814 ) ) ;
#1033 = CARTESIAN_POINT ( 'NONE',  ( -14.72232907881219255, -14.89409736524773997, 8.057733497177592241 ) ) ;
#1034 = CARTESIAN_POINT ( 'NONE',  ( -14.65859736400929059, -8.406890152937853244, 2.549468556853936807 ) ) ;
#1035 = CARTESIAN_POINT ( 'NONE',  ( -14.67271807687058960, -9.844269648981311960, 17.14394864617093006 ) ) ;
#1036 = CARTESIAN_POINT ( 'NONE',  ( -14.99999999999999822, -2.012564087925561740, 15.79203212381381149 ) ) ;
#1037 = CIRCLE ( 'NONE', #1155, 7.999999999999984901 ) ;
#1038 = DIRECTION ( 'NONE',  ( 0.000000000000000000, 1.000000000000000000, 0.000000000000000000 ) ) ;
#1039 = CARTESIAN_POINT ( 'NONE',  ( -14.99999999999999467, -14.36426754283160712, 5.809251549232052447 ) ) ;
#1040 = CARTESIAN_POINT ( 'NONE',  ( -14.72471941424834618, -15.13793952513725394, 10.48966355332221845 ) ) ;
#1041 = CARTESIAN_POINT ( 'NONE',  ( -14.72484434634271366, -15.15012464475410781, 9.754562988081804775 ) ) ;
#1042 = CARTESIAN_POINT ( 'NONE',  ( -14.70627594882364875, -13.26006076728815586, 5.052324992917974100 ) ) ;
#1043 = CARTESIAN_POINT ( 'NONE',  ( -14.65713962495603262, -8.258515496070177875, 2.535108571657751941 ) ) ;
#1044 = CARTESIAN_POINT ( 'NONE',  ( -14.67749667039931794, -10.33063316162143330, 16.97390466033043666 ) ) ;
#1045 = EDGE_CURVE ( 'NONE', #537, #543, #1454, .T. ) ;
#1046 = CARTESIAN_POINT ( 'NONE',  ( -14.99999999999999822, -13.91421445485027775, 14.83111581268287260 ) ) ;
#1047 = EDGE_CURVE ( 'NONE', #549, #218, #1107, .T. ) ;
#1048 = CARTESIAN_POINT ( 'NONE',  ( -14.99999999999999822, -11.08537931649392760, 2.882588975407516685 ) ) ;
#1049 = CARTESIAN_POINT ( 'NONE',  ( -14.72421003810415208, -15.08601916424509071, 10.97798729560613928 ) ) ;
#1050 = CARTESIAN_POINT ( 'NONE',  ( -14.69933875324551842, -12.55392860054201343, 15.64187480817466280 ) ) ;
#1051 = CARTESIAN_POINT ( 'NONE',  ( -14.57746338297809530, -0.1483219961610056092, 8.057733497177586912 ) ) ;
#1052 = CARTESIAN_POINT ( 'NONE',  ( -14.62783371511254416, -5.275477560697714452, 2.832298308809779286 ) ) ;
#1053 = CARTESIAN_POINT ( 'NONE',  ( -14.64500560486306924, -7.022298020991446954, 17.48419611958189535 ) ) ;
#1054 = CARTESIAN_POINT ( 'NONE',  ( -14.99999999999999822, -0.5424889905268357460, 13.96784730567585342 ) ) ;
#1055 = CARTESIAN_POINT ( 'NONE',  ( -14.99999999999999467, -13.40259323612201392, 4.575043111634879978 ) ) ;
#1056 = CARTESIAN_POINT ( 'NONE',  ( -14.69562514374542239, -12.17691318782668475, 15.94276402662013759 ) ) ;
#1057 = CARTESIAN_POINT ( 'NONE',  ( -14.66211233808033398, -8.764678477097696430, 17.40377198871391329 ) ) ;
#1058 = CARTESIAN_POINT ( 'NONE',  ( -14.69357449526244785, -11.96718891107679461, 3.900335405633704955 ) ) ;
#1059 = VERTEX_POINT ( 'NONE', #196 ) ;
#1060 = CARTESIAN_POINT ( 'NONE',  ( -14.66169644651074222, -8.722722570819591681, 2.593347071772819756 ) ) ;
#1061 = CARTESIAN_POINT ( 'NONE',  ( -14.67959610581128338, -10.54437100913288283, 16.88610950463690585 ) ) ;
#1062 = CARTESIAN_POINT ( 'NONE',  ( -14.99999999999999467, -15.57517652930652829, 10.25956138819169361 ) ) ;
#1063 = AXIS2_PLACEMENT_3D ( 'NONE', #3, #693, #1369 ) ;
#1064 = CARTESIAN_POINT ( 'NONE',  ( -14.57590972986080047, 0.009823241310650338703, 11.22245640656547572 ) ) ;
#1065 = CARTESIAN_POINT ( 'NONE',  ( -14.65234890309572080, -7.770865426431003975, 17.49999999999999645 ) ) ;
#1066 = VERTEX_POINT ( 'NONE', #438 ) ;
#1067 = CARTESIAN_POINT ( 'NONE',  ( -14.63471659840682015, -5.976069300767957948, 2.655409627325277633 ) ) ;
#1068 = CARTESIAN_POINT ( 'NONE',  ( -14.60613656051674525, -3.066961524404296036, 16.09423285906236600 ) ) ;
#1069 = LINE ( 'NONE', #447, #562 ) ;
#1070 = CARTESIAN_POINT ( 'NONE',  ( -14.99999999999999822, -3.957040044914859500, 17.11741102459250286 ) ) ;
#1071 = CARTESIAN_POINT ( 'NONE',  ( -14.61240287007374405, -3.704787350205124508, 16.49871127609832300 ) ) ;
#1072 = VERTEX_POINT ( 'NONE', #772 ) ;
#1073 = CARTESIAN_POINT ( 'NONE',  ( -14.71817866086196780, -14.47185411997817361, 6.907887090611822600 ) ) ;
#1074 = CARTESIAN_POINT ( 'NONE',  ( -14.58089023433594456, -0.4971317416367982411, 12.92737362012207214 ) ) ;
#1075 =( NAMED_UNIT ( * ) PLANE_ANGLE_UNIT ( ) SI_UNIT ( $, .RADIAN. ) );
#1076 = CARTESIAN_POINT ( 'NONE',  ( -14.99999999999999822, -6.208459897725217225, 17.82984326702160516 ) ) ;
#1077 = CARTESIAN_POINT ( 'NONE',  ( -14.69357449526244963, -11.96718891107681060, 16.09966459436628483 ) ) ;
#1078 = ORIENTED_EDGE ( 'NONE', *, *, #591, .T. ) ;
#1079 = CARTESIAN_POINT ( 'NONE',  ( -14.71203998130367019, -13.84678067578171934, 5.807269290170665954 ) ) ;
#1080 = CARTESIAN_POINT ( 'NONE',  ( -14.58319749876199012, -0.7312837700759947657, 13.42153533969273127 ) ) ;
#1081 = FACE_OUTER_BOUND ( 'NONE', #1000, .T. ) ;
#1082 = CARTESIAN_POINT ( 'NONE',  ( -14.99999999999999822, -12.21490065769557809, 16.45068727509326934 ) ) ;
#1083 = PRODUCT_DEFINITION_FORMATION_WITH_SPECIFIED_SOURCE ( 'ÈÎºÎ', '', #877, .NOT_KNOWN. ) ;
#1084 = CARTESIAN_POINT ( 'NONE',  ( -14.70462685271032655, -13.09220045564516077, 15.12975068341780904 ) ) ;
#1085 = STYLED_ITEM ( 'NONE', ( #1413 ), #618 ) ;
#1086 = CARTESIAN_POINT ( 'NONE',  ( 11.47954352889830609, -2.913884460256456421, 10.00000000000000178 ) ) ;
#1087 = VECTOR ( 'NONE', #1447, 999.9999999999998863 ) ;
#1088 = CARTESIAN_POINT ( 'NONE',  ( 14.50000000000000000, -20.00000000000000355, 20.00000000000000000 ) ) ;
#1089 = FILL_AREA_STYLE ('',( #1297 ) ) ;
#1090 = ADVANCED_FACE ( 'NONE', ( #103 ), #1331, .T. ) ;
#1091 = CARTESIAN_POINT ( 'NONE',  ( -14.99999999999999822, -6.994079282762975858, 17.91885759477695927 ) ) ;
#1092 = EDGE_CURVE ( 'NONE', #1418, #40, #887, .T. ) ;
#1093 = CARTESIAN_POINT ( 'NONE',  ( -14.59516560907996130, -1.950218905763589472, 15.12975068341781615 ) ) ;
#1094 = ORIENTED_EDGE ( 'NONE', *, *, #960, .F. ) ;
#1095 = CARTESIAN_POINT ( 'NONE',  ( -14.72230388133090173, -14.89203034458087238, 8.061827299853783657 ) ) ;
#1096 = DIRECTION ( 'NONE',  ( 0.9848077530122092416, 0.1736481776669236976, -0.000000000000000000 ) ) ;
#1097 = B_SPLINE_CURVE_WITH_KNOTS ( 'NONE', 1,
 ( #104, #241 ),
 .UNSPECIFIED., .F., .F.,
 ( 2, 2 ),
 ( 0.000000000000000000, 1.000000000000000000 ),
 .UNSPECIFIED. ) ;
#1098 = CARTESIAN_POINT ( 'NONE',  ( -14.49999999999999467, -20.00000000000000355, 20.00000000000000000 ) ) ;
#1099 = CARTESIAN_POINT ( 'NONE',  ( -14.99999999999999467, -10.84683216727557387, 2.771478632573347145 ) ) ;
#1100 = VERTEX_POINT ( 'NONE', #419 ) ;
#1101 = CARTESIAN_POINT ( 'NONE',  ( -14.69849071819448483, -12.46880034345580590, 4.289773439349415796 ) ) ;
#1102 = DIRECTION ( 'NONE',  ( -0.6963642403200190900, -0.1227878039689680595, -0.7071067811865482389 ) ) ;
#1103 = ORIENTED_EDGE ( 'NONE', *, *, #828, .T. ) ;
#1104 = CARTESIAN_POINT ( 'NONE',  ( -14.61894885518030129, -4.371098483389661560, 3.164828184315439774 ) ) ;
#1105 = CARTESIAN_POINT ( 'NONE',  ( -0.000000000000000000, 19.99999999999999645, 0.000000000000000000 ) ) ;
#1106 = CARTESIAN_POINT ( 'NONE',  ( -14.59035282078844276, -1.459460605802455291, 5.439652461003939621 ) ) ;
#1107 = LINE ( 'NONE', #313, #1087 ) ;
#1108 = CARTESIAN_POINT ( 'NONE',  ( -14.99999999999999822, -10.35982654968861105, 2.572818946688428365 ) ) ;
#1109 = EDGE_LOOP ( 'NONE', ( #1292, #54, #1339, #1443 ) ) ;
#1110 = CARTESIAN_POINT ( 'NONE',  ( -14.67631165931784487, -10.21001721071755775, 2.976978828015261591 ) ) ;
#1111 = EDGE_CURVE ( 'NONE', #1072, #549, #535, .T. ) ;
#1112 = CARTESIAN_POINT ( 'NONE',  ( -14.99999999999999645, 0.5327571678977807146, 10.00000000000000178 ) ) ;
#1113 = DIRECTION ( 'NONE',  ( -0.8191520442889914655, 0.5735764363510464925, -0.000000000000000000 ) ) ;
#1114 = CARTESIAN_POINT ( 'NONE',  ( 11.12749322263778851, 1.962077282801550915, 19.50000000000000711 ) ) ;
#1115 = CARTESIAN_POINT ( 'NONE',  ( -14.99999999999999822, -2.208088282744982589, 4.033447336370685754 ) ) ;
#1116 = EDGE_LOOP ( 'NONE', ( #122, #152, #834, #67 ) ) ;
#1117 = CARTESIAN_POINT ( 'NONE',  ( -14.57494811544757596, 0.1077052833453644581, 10.00000000000000178 ) ) ;
#1118 = CARTESIAN_POINT ( 'NONE',  ( 14.92505188455243292, -19.57494811544756885, 0.4999999999999933942 ) ) ;
#1119 = CARTESIAN_POINT ( 'NONE',  ( -14.57852605483061303, -0.2558850751701359227, 7.708936448346092263 ) ) ;
#1120 = LINE ( 'NONE', #881, #324 ) ;
#1121 = CARTESIAN_POINT ( 'NONE',  ( -14.99999999999999822, -3.492151934622287790, 3.127301758206278759 ) ) ;
#1122 = ORIENTED_EDGE ( 'NONE', *, *, #966, .T. ) ;
#1123 = CARTESIAN_POINT ( 'NONE',  ( -14.60045370854477120, -2.488490760866728824, 4.358125191825342526 ) ) ;
#1124 = DIRECTION ( 'NONE',  ( -0.000000000000000000, 0.000000000000000000, -1.000000000000000000 ) ) ;
#1125 = CARTESIAN_POINT ( 'NONE',  ( -14.58890483300244867, -1.312963270778924052, 5.634647702744128850 ) ) ;
#1126 = CLOSED_SHELL ( 'NONE', ( #941, #669, #123, #1150, #520, #450, #1310, #1330, #734, #340, #1398, #981, #1090, #392, #696, #886, #582, #1127, #146, #1453 ) ) ;
#1127 = ADVANCED_FACE ( 'NONE', ( #874 ), #1324, .T. ) ;
#1128 = VECTOR ( 'NONE', #1002, 1000.000000000000000 ) ;
#1129 = PLANE ( 'NONE',  #87 ) ;
#1130 = CARTESIAN_POINT ( 'NONE',  ( -14.99999999999999467, -3.957040044914814203, 2.882588975407519349 ) ) ;
#1131 = EDGE_LOOP ( 'NONE', ( #315, #501, #666, #1148 ) ) ;
#1132 = CARTESIAN_POINT ( 'NONE',  ( -14.70115825042021385, -12.73913391411376494, 4.523148965619594897 ) ) ;
#1133 = CARTESIAN_POINT ( 'NONE',  ( -15.00000000000000178, -13.96131340342144256, 14.87482510940993485 ) ) ;
#1134 = CARTESIAN_POINT ( 'NONE',  ( -14.57686164333031442, -0.08710048258643930674, 8.298508840791313901 ) ) ;
#1135 = CARTESIAN_POINT ( 'NONE',  ( -14.65753784402312832, -8.299051330344507704, 17.46092240702290965 ) ) ;
#1136 = CARTESIAN_POINT ( 'NONE',  ( -14.99999999999999467, -8.048340078645788154, 17.91885759477695927 ) ) ;
#1137 = CARTESIAN_POINT ( 'NONE',  ( -17.12344190638431130, -7.957362521307839387, 10.00000000000000178 ) ) ;
#1138 = CARTESIAN_POINT ( 'NONE',  ( -14.99999999999999822, -4.931050016159908900, 2.485270119220467588 ) ) ;
#1139 = CARTESIAN_POINT ( 'NONE',  ( -14.71717257520204925, -14.36990680325682490, 13.31321391566556223 ) ) ;
#1140 = CARTESIAN_POINT ( 'NONE',  ( -14.71085067972314597, -13.72571934732364340, 14.37085016479116462 ) ) ;
#1141 = CARTESIAN_POINT ( 'NONE',  ( -14.72007785777363154, -14.66494718894353610, 7.356628489093687051 ) ) ;
#1142 = CARTESIAN_POINT ( 'NONE',  ( -14.63930819541353578, -6.443075937592539049, 2.575018970311445887 ) ) ;
#1143 = CARTESIAN_POINT ( 'NONE',  ( -14.68794383912694812, -11.39414853728156984, 16.46194704489476379 ) ) ;
#1144 = CARTESIAN_POINT ( 'NONE',  ( -14.99999999999999467, -2.827518703713169934, 16.45068727509328355 ) ) ;
#1145 = UNCERTAINTY_MEASURE_WITH_UNIT (LENGTH_MEASURE( 1.000000000000000082E-05 ), #866, 'distance_accuracy_value', 'NONE');
#1146 = DIRECTION ( 'NONE',  ( 0.9848077530122093526, 0.1736481776669237254, -0.000000000000000000 ) ) ;
#1147 = CARTESIAN_POINT ( 'NONE',  ( -14.99999999999999467, -9.350961869727234088, 2.271432562588724835 ) ) ;
#1148 = ORIENTED_EDGE ( 'NONE', *, *, #609, .T. ) ;
#1149 = CARTESIAN_POINT ( 'NONE',  ( -14.57888732929440856, -0.2932644713073025988, 12.41200365599456923 ) ) ;
#1150 = ADVANCED_FACE ( 'NONE', ( #1212, #541 ), #651, .T. ) ;
#1151 = CARTESIAN_POINT ( 'NONE',  ( -14.60621796652784532, -3.075230450331950749, 3.900335405633702290 ) ) ;
#1152 = CARTESIAN_POINT ( 'NONE',  ( -14.62602519111893606, -5.091274115790210608, 2.890133881449616915 ) ) ;
#1153 = CARTESIAN_POINT ( 'NONE',  ( -14.66483729860597229, -9.042056624278009380, 17.34946260660457540 ) ) ;
#1154 = CARTESIAN_POINT ( 'NONE',  ( -14.99999999999999822, -14.36426754283161245, 14.19074845076794489 ) ) ;
#1155 = AXIS2_PLACEMENT_3D ( 'NONE', #750, #510, #1205 ) ;
#1156 = VECTOR ( 'NONE', #1196, 999.9999999999998863 ) ;
#1157 = CARTESIAN_POINT ( 'NONE',  ( -14.99999999999999822, 0.2624650973740906834, 7.945960204735110999 ) ) ;
#1158 = DIRECTION ( 'NONE',  ( -0.1736481776669236143, 0.9848077530122092416, 0.000000000000000000 ) ) ;
#1159 = CARTESIAN_POINT ( 'NONE',  ( -14.72232907881219255, -14.89409736524773997, 8.057733497177592241 ) ) ;
#1160 = CARTESIAN_POINT ( 'NONE',  ( -14.68084360660998655, -10.67132087801909179, 3.164828184315444215 ) ) ;
#1161 = CARTESIAN_POINT ( 'NONE',  ( -14.67974972984331572, -10.55997000699632871, 3.119484535730703278 ) ) ;
#1162 = CARTESIAN_POINT ( 'NONE',  ( -14.66762712486008091, -9.326253398269200190, 17.28730164426906768 ) ) ;
#1163 = CARTESIAN_POINT ( 'NONE',  ( -14.99999999999999822, -12.21490065769557809, 16.45068727509326934 ) ) ;
#1164 = CARTESIAN_POINT ( 'NONE',  ( -14.57494811544757596, 0.1077052833453644581, 10.00000000000000178 ) ) ;
#1165 = CARTESIAN_POINT ( 'NONE',  ( -14.70442397205797391, -13.07177247549766896, 15.14592465831500512 ) ) ;
#1166 = CARTESIAN_POINT ( 'NONE',  ( -14.70627594882365052, -13.26006076728815763, 14.94767500708202590 ) ) ;
#1167 = CARTESIAN_POINT ( 'NONE',  ( -14.66211233808033931, -8.764678477097691101, 2.596228011286088933 ) ) ;
#1168 = ORIENTED_EDGE ( 'NONE', *, *, #299, .F. ) ;
#1169 = CARTESIAN_POINT ( 'NONE',  ( -14.65706141379666150, -8.250564765508300979, 2.534350932492830832 ) ) ;
#1170 = CARTESIAN_POINT ( 'NONE',  ( -14.66230326389184491, -8.784483420410541754, 17.39747770304123264 ) ) ;
#1171 = CARTESIAN_POINT ( 'NONE',  ( -14.99999999999999822, -15.57517652930652119, 9.740438611808306391 ) ) ;
#1172 = CARTESIAN_POINT ( 'NONE',  ( -14.99999999999999467, -3.492151934622299780, 16.87269824179373146 ) ) ;
#1173 = CARTESIAN_POINT ( 'NONE',  ( -14.65234890309572080, -7.770865426431003975, 17.49999999999999645 ) ) ;
#1174 = CARTESIAN_POINT ( 'NONE',  ( -14.58159179804902728, -0.5685504078342782375, 6.903120025429959838 ) ) ;
#1175 = ORIENTED_EDGE ( 'NONE', *, *, #1377, .F. ) ;
#1176 = CARTESIAN_POINT ( 'NONE',  ( -14.63520771037974555, -6.026075540419458143, 2.645441447567288051 ) ) ;
#1177 = CARTESIAN_POINT ( 'NONE',  ( -14.62148576953005907, -4.629324715613807761, 16.94027877552607819 ) ) ;
#1178 = CARTESIAN_POINT ( 'NONE',  ( -14.99999999999999645, 19.49999999999999645, 19.50000000000000000 ) ) ;
#1179 = CARTESIAN_POINT ( 'NONE',  ( 0.000000000000000000, 0.000000000000000000, 0.000000000000000000 ) ) ;
#1180 = CARTESIAN_POINT ( 'NONE',  ( -14.99999999999999822, 0.1094470213719960228, 12.55080931918338827 ) ) ;
#1181 = CARTESIAN_POINT ( 'NONE',  ( -14.64744355869457060, -7.271553934977713851, 17.49999999999999645 ) ) ;
#1182 = ORIENTED_EDGE ( 'NONE', *, *, #937, .F. ) ;
#1183 = LINE ( 'NONE', #622, #590 ) ;
#1184 = CARTESIAN_POINT ( 'NONE',  ( -14.60038166261536219, -2.480189397855257827, 15.63064278332473478 ) ) ;
#1185 = CARTESIAN_POINT ( 'NONE',  ( 7.371851795552433195, 19.97105863705550632, 20.07135800112369139 ) ) ;
#1186 = CARTESIAN_POINT ( 'NONE',  ( -14.99999999999999467, -11.08537931649394359, 17.11741102459248154 ) ) ;
#1187 = CARTESIAN_POINT ( 'NONE',  ( -14.61672899761006406, -4.145140772051532529, 16.73010768912702773 ) ) ;
#1188 = EDGE_LOOP ( 'NONE', ( #415, #402, #1122, #1210 ) ) ;
#1189 = CARTESIAN_POINT ( 'NONE',  ( -14.68633751663879750, -11.23053477898856833, 3.445011386047211133 ) ) ;
#1190 = CARTESIAN_POINT ( 'NONE',  ( -14.60852237998341074, -3.309792877945062273, 16.25374574641994485 ) ) ;
#1191 = DIRECTION ( 'NONE',  ( 0.9848077530122091305, 0.1736481776669246135, 0.000000000000000000 ) ) ;
#1192 = CARTESIAN_POINT ( 'NONE',  ( -14.99999999999999467, 0.4294215395238824007, 11.29280616404247262 ) ) ;
#1193 = CARTESIAN_POINT ( 'NONE',  ( -14.99999999999999822, -0.9710101566220482594, 14.62238326438456504 ) ) ;
#1194 = CARTESIAN_POINT ( 'NONE',  ( -14.66692342766429213, -9.254395838251310735, 17.30800721733454495 ) ) ;
#1195 = ORIENTED_EDGE ( 'NONE', *, *, #802, .F. ) ;
#1196 = DIRECTION ( 'NONE',  ( -0.5773502691896257311, -0.5773502691896257311, 0.5773502691896257311 ) ) ;
#1197 = EDGE_CURVE ( 'NONE', #543, #761, #901, .T. ) ;
#1198 = CARTESIAN_POINT ( 'NONE',  ( -14.61079760161108787, -3.541288173483677859, 16.39881183468495962 ) ) ;
#1199 = CARTESIAN_POINT ( 'NONE',  ( -14.99999999999999467, -14.86124264177397691, 13.27509880836741907 ) ) ;
#1200 = CARTESIAN_POINT ( 'NONE',  ( -14.68738959171655090, -11.33763201120366304, 16.49871127609829813 ) ) ;
#1201 = VERTEX_POINT ( 'NONE', #334 ) ;
#1202 = CARTESIAN_POINT ( 'NONE',  ( -14.71867025479631508, -14.52173607877301365, 7.018628710563055151 ) ) ;
#1203 = VECTOR ( 'NONE', #452, 1000.000000000000000 ) ;
#1204 = CARTESIAN_POINT ( 'NONE',  ( -14.61484368101406162, -3.953233930711125055, 16.62926469972808619 ) ) ;
#1205 = DIRECTION ( 'NONE',  ( -0.1736481776669238086, 0.9848077530122092416, 0.000000000000000000 ) ) ;
#1206 = APPLICATION_PROTOCOL_DEFINITION ( 'draft international standard', 'automotive_design', 1998, #526 ) ;
#1207 = B_SPLINE_SURFACE_WITH_KNOTS ( 'NONE', 1, 3, ( 
 ( #1341, #326, #777, #598, #1390, #484, #1051, #375, #143, #1174, #383, #824, #1278, #948, #933, #1383, #799, #706, #579, #271, #1151, #1025, #477, #368, #7, #237, #1285, #263, #816, #1269, #31, #714, #491, #833, #1261, #721, #1167, #151, #349, #605, #133, #1160, #359, #1399, #1252, #1058, #1364, #125, #589, #1374, #1042, #39, #158, #15, #461, #915, #689, #1141, #254, #1033, #469, #925, #808, #245, #698, #861, #740, #1307, #845, #855, #1291, #1404, #276, #172, #523, #620, #627, #746, #1423, #294, #1084, #1300, #514, #838, #1077, #59, #1200, #969, #1417, #408, #401, #165, #1194, #47, #727, #1314, #1065, #1181, #1209, #500, #186, #1430, #179, #288, #635, #66, #1187, #1071, #612, #954, #642, #284, #53, #1093, #868, #73, #506, #531, #982, #735, #962, #1410, #396, #414, #1320, #303, #754, #432, #105, #1442 ),
 ( #1014, #426, #1353, #1005, #781, #988, #1233, #314, #1338, #993, #563, #1435, #211, #536, #760, #766, #542, #1220, #1115, #217, #653, #672, #1121, #1464, #308, #204, #322, #659, #420, #98, #665, #882, #440, #773, #888, #1332, #1227, #875, #1325, #1213, #1108, #1099, #192, #1455, #197, #336, #79, #92, #448, #85, #548, #999, #1448, #554, #896, #1344, #329, #903, #788, #647, #354, #1393, #1264, #1028, #1171, #371, #240, #456, #684, #819, #2, #1247, #155, #909, #1272, #379, #1154, #1378, #1046, #362, #128, #574, #1019, #1359, #1163, #692, #343, #811, #1281, #248, #794, #594, #701, #1255, #232, #1136, #119, #139, #10, #267, #27, #480, #944, #803, #1386, #464, #919, #936, #928, #1144, #1368, #583, #1036, #20, #472, #259, #710, #147, #1054, #829, #718, #601, #34, #487, #1304, #1192, #529, #394, #170, #177 ) ),
 .UNSPECIFIED., .F., .T., .F.,
 ( 2, 2 ),
 ( 4, 2, 2, 2, 2, 2, 2, 2, 2, 2, 2, 2, 2, 2, 2, 2, 2, 2, 2, 2, 2, 2, 2, 2, 2, 2, 2, 2, 2, 2, 2, 2, 2, 2, 2, 2, 2, 2, 2, 2, 2, 2, 2, 2, 2, 2, 2, 2, 2, 2, 2, 2, 2, 2, 2, 2, 2, 2, 2, 2, 2, 2, 2, 2, 4 ),
 ( 0.000000000000000000, 1.000000000000000000 ),
 ( 0.000000000000000000, 0.09817477042468103487, 0.1963495408493620697, 0.2945243112740431046, 0.3926990816987241395, 0.4908738521234051744, 0.5890486225480862092, 0.6872233929727672441, 0.7853981633974482790, 0.8835729338221293139, 0.9817477042468103487, 1.079922474671491273, 1.178097245096172418, 1.276272015520853564, 1.374446785945534488, 1.472621556370215412, 1.570796326794896558, 1.668971097219577704, 1.767145867644258628, 1.865320638068939552, 1.963495408493620697, 2.061670178918301843, 2.159844949342982545, 2.258019719767663691, 2.356194490192344837, 2.454369260617025983, 2.552544031041707129, 2.650718801466387831, 2.748893571891068976, 2.847068342315750122, 2.945243112740430824, 3.043417883165111970, 3.141592653589793116, 3.239767424014474262, 3.337942194439155408, 3.436116964863836110, 3.534291735288517255, 3.632466505713198401, 3.730641276137879103, 3.828816046562560249, 3.926990816987241395, 4.025165587411922985, 4.123340357836603687, 4.221515128261284389, 4.319689898685965090, 4.417864669110645792, 4.516039439535327382, 4.614214209960008972, 4.712388980384689674, 4.810563750809370376, 4.908738521234051966, 5.006913291658733556, 5.105088062083414258, 5.203262832508094959, 5.301437602932775661, 5.399612373357456363, 5.497787143782137953, 5.595961914206819543, 5.694136684631500245, 5.792311455056180947, 5.890486225480861648, 5.988660995905542350, 6.086835766330223940, 6.185010536754905530, 6.283185307179586232 ),
 .UNSPECIFIED. ) ;
#1208 = CARTESIAN_POINT ( 'NONE',  ( 10.63508934613168933, 1.875253193968090315, 0.000000000000000000 ) ) ;
#1209 = CARTESIAN_POINT ( 'NONE',  ( -14.64499089285943079, -7.021898837183973896, 17.48794248408067631 ) ) ;
#1210 = ORIENTED_EDGE ( 'NONE', *, *, #1023, .F. ) ;
#1211 = CARTESIAN_POINT ( 'NONE',  ( -14.70205000970216425, -12.83001673686890953, 4.613731025522762152 ) ) ;
#1212 = FACE_OUTER_BOUND ( 'NONE', #106, .T. ) ;
#1213 = CARTESIAN_POINT ( 'NONE',  ( -14.99999999999999467, -10.11136934524883202, 2.485270119220467588 ) ) ;
#1214 = EDGE_LOOP ( 'NONE', ( #277, #193, #93, #74 ) ) ;
#1215 = EDGE_CURVE ( 'NONE', #309, #648, #101, .T. ) ;
#1216 = CARTESIAN_POINT ( 'NONE',  ( -14.57686671507961762, -0.08758759834355114848, 8.296101576323543725 ) ) ;
#1217 = LINE ( 'NONE', #214, #302 ) ;
#1218 = CARTESIAN_POINT ( 'NONE',  ( -14.58639299506957165, -1.057079985058899663, 6.016026886531163242 ) ) ;
#1219 = CARTESIAN_POINT ( 'NONE',  ( -14.99999999999999467, 0.5198090567657389638, 10.51912210274056925 ) ) ;
#1220 = CARTESIAN_POINT ( 'NONE',  ( -14.99999999999999467, -2.012564087925540868, 4.207967876186208933 ) ) ;
#1221 = ORIENTED_EDGE ( 'NONE', *, *, #802, .T. ) ;
#1222 = PRESENTATION_LAYER_ASSIGNMENT (  '', '', ( #585 ) ) ;
#1223 = CARTESIAN_POINT ( 'NONE',  ( -14.63048700235068189, -5.545558215696629212, 2.751700878217624435 ) ) ;
#1224 = DIRECTION ( 'NONE',  ( 0.6688348434219176797, -0.4683231991813383011, 0.5773502691896273964 ) ) ;
#1225 = CARTESIAN_POINT ( 'NONE',  ( -14.60035470338802277, -2.477243560028760783, 4.367842779367990147 ) ) ;
#1226 = CARTESIAN_POINT ( 'NONE',  ( -14.99999999999999645, -15.57517652930652474, 10.00000000000000000 ) ) ;
#1227 = CARTESIAN_POINT ( 'NONE',  ( -14.99999999999999822, -8.833959463683529023, 2.170156732978397507 ) ) ;
#1228 = ORIENTED_EDGE ( 'NONE', *, *, #320, .T. ) ;
#1229 = CARTESIAN_POINT ( 'NONE',  ( -14.61672899761006583, -4.145140772051490785, 3.269892310873000696 ) ) ;
#1230 = CARTESIAN_POINT ( 'NONE',  ( -14.99999999999999645, 0.5327571678977807146, 10.00000000000000178 ) ) ;
#1231 = CARTESIAN_POINT ( 'NONE',  ( -14.58435162349691261, -0.8487579981924884276, 6.361952464848245725 ) ) ;
#1232 = CARTESIAN_POINT ( 'NONE',  ( -14.99999999999999645, -15.57524845543215442, 8.962363955515524339 ) ) ;
#1233 = CARTESIAN_POINT ( 'NONE',  ( -14.99999999999999822, 0.2624650973740906834, 7.945960204735110999 ) ) ;
#1234 = ORIENTED_EDGE ( 'NONE', *, *, #1346, .F. ) ;
#1235 = CARTESIAN_POINT ( 'NONE',  ( -14.69933875324552019, -12.55392860054200987, 4.358125191825338085 ) ) ;
#1236 = DIRECTION ( 'NONE',  ( 1.000000000000000000, 0.000000000000000000, 0.000000000000000000 ) ) ;
#1237 = EDGE_CURVE ( 'NONE', #40, #537, #784, .T. ) ;
#1238 = CARTESIAN_POINT ( 'NONE',  ( -14.62092228291095708, -4.571968333289706088, 3.083085692104026609 ) ) ;
#1239 = LINE ( 'NONE', #393, #494 ) ;
#1240 = CARTESIAN_POINT ( 'NONE',  ( -14.99999999999999467, -2.615566119404064249, 3.704119333377121404 ) ) ;
#1241 = CARTESIAN_POINT ( 'NONE',  ( -14.99999999999999645, 19.49999999999999645, 20.00000000000000000 ) ) ;
#1242 = CARTESIAN_POINT ( 'NONE',  ( -14.61240287007373873, -3.704787350205118734, 3.501288723901677891 ) ) ;
#1243 = CARTESIAN_POINT ( 'NONE',  ( -14.99999999999999645, 0.000000000000000000, 19.50000000000000000 ) ) ;
#1244 = CARTESIAN_POINT ( 'NONE',  ( -14.61668704751559211, -4.140752913007331060, 3.275379901473928879 ) ) ;
#1245 = CARTESIAN_POINT ( 'NONE',  ( -14.65954902326014597, -8.504045100438462512, 17.43799651631575998 ) ) ;
#1246 = VECTOR ( 'NONE', #335, 1000.000000000000000 ) ;
#1247 = CARTESIAN_POINT ( 'NONE',  ( -14.99999999999999467, -15.15186638278075826, 12.55080931918333853 ) ) ;
#1248 = DIRECTION ( 'NONE',  ( 0.7071067811865489050, -0.7071067811865461294, -0.000000000000000000 ) ) ;
#1249 = CARTESIAN_POINT ( 'NONE',  ( -14.99999999999999822, -10.35982654968861105, 2.572818946688428365 ) ) ;
#1250 = CARTESIAN_POINT ( 'NONE',  ( -14.71960526653275103, -14.61690344283051246, 12.75539182796356386 ) ) ;
#1251 = CARTESIAN_POINT ( 'NONE',  ( -14.67631165931784665, -10.21001721071754886, 17.02302117198475173 ) ) ;
#1252 = CARTESIAN_POINT ( 'NONE',  ( -14.68949585045501038, -11.55202657885963369, 3.627620409828119286 ) ) ;
#1253 = CARTESIAN_POINT ( 'NONE',  ( -14.67287961393905960, -9.860667217323191736, 2.860195366053516874 ) ) ;
#1254 = CARTESIAN_POINT ( 'NONE',  ( -14.64291794844716499, -6.810833493173471531, 17.46742801494271546 ) ) ;
#1255 = CARTESIAN_POINT ( 'NONE',  ( -14.99999999999999467, -8.833959463683545010, 17.82984326702160516 ) ) ;
#1256 = CARTESIAN_POINT ( 'NONE',  ( 10.63508934613168933, 1.875253193968090315, 20.00000000000000000 ) ) ;
#1257 = APPLICATION_CONTEXT ( 'automotive_design' ) ;
#1258 = CARTESIAN_POINT ( 'NONE',  ( -14.99999999999999822, 0.4294215395238820121, 8.707193835957539818 ) ) ;
#1259 = FACE_OUTER_BOUND ( 'NONE', #862, .T. ) ;
#1260 = CARTESIAN_POINT ( 'NONE',  ( -14.60621796652784532, -3.075230450331934762, 16.09966459436629904 ) ) ;
#1261 = CARTESIAN_POINT ( 'NONE',  ( -14.65480156893085883, -8.020520524224801662, 2.512057515919331241 ) ) ;
#1262 = CARTESIAN_POINT ( 'NONE',  ( -14.67762314168655635, -10.34355148406033464, 3.032012146345870462 ) ) ;
#1263 = CARTESIAN_POINT ( 'NONE',  ( -14.69258559880424286, -11.86664591934731128, 16.16449266544226049 ) ) ;
#1264 = CARTESIAN_POINT ( 'NONE',  ( -14.99999999999999822, -15.51056053694039427, 8.964254838935019620 ) ) ;
#1265 = DIRECTION ( 'NONE',  ( -0.9848077530122092416, -0.1736481776669237531, 0.000000000000000000 ) ) ;
#1266 = CARTESIAN_POINT ( 'NONE',  ( -14.99999999999999467, -12.83433107866375522, 4.033447336370685754 ) ) ;
#1267 = ORIENTED_EDGE ( 'NONE', *, *, #775, .F. ) ;
#1268 = CARTESIAN_POINT ( 'NONE',  ( -14.65480156893085883, -8.020520524224787451, 17.48794248408066920 ) ) ;
#1269 = CARTESIAN_POINT ( 'NONE',  ( -14.63768012370995741, -6.277740884311048930, 2.596228011286090265 ) ) ;
#1270 = CARTESIAN_POINT ( 'NONE',  ( -14.66579910801265818, -9.139949029246434264, 2.669612581580349087 ) ) ;
#1271 = CARTESIAN_POINT ( 'NONE',  ( -14.67887017887938583, -10.47045102811589778, 16.91691430789727946 ) ) ;
#1272 = CARTESIAN_POINT ( 'NONE',  ( -14.99999999999999822, -14.74841824280470881, 13.51002189037597745 ) ) ;
#1273 = AXIS2_PLACEMENT_3D ( 'NONE', #872, #405, #859 ) ;
#1274 = VECTOR ( 'NONE', #444, 1000.000000000000000 ) ;
#1275 = CARTESIAN_POINT ( 'NONE',  ( -14.99999999999999822, -15.15186638278075293, 7.449190680816657029 ) ) ;
#1276 = CARTESIAN_POINT ( 'NONE',  ( -14.69659809758152846, -12.27616273327090468, 15.86627040810700784 ) ) ;
#1277 = CARTESIAN_POINT ( 'NONE',  ( -14.61894885518030662, -4.371098483389663336, 16.83517181568456067 ) ) ;
#1278 = CARTESIAN_POINT ( 'NONE',  ( -14.58621651873515290, -1.039297412428588974, 6.037296669497145274 ) ) ;
#1279 = CARTESIAN_POINT ( 'NONE',  ( -14.64024343851261456, -6.538374258736601163, 2.562003483962757677 ) ) ;
#1280 = CARTESIAN_POINT ( 'NONE',  ( -14.67871275328449343, -10.45442352971168631, 16.92349547302267965 ) ) ;
#1281 = CARTESIAN_POINT ( 'NONE',  ( -14.99999999999999822, -10.84683216727559341, 17.22852136742664797 ) ) ;
#1282 = CARTESIAN_POINT ( 'NONE',  ( -14.99999999999999822, -15.30488445878283521, 12.05403979526488989 ) ) ;
#1283 = CARTESIAN_POINT ( 'NONE',  ( -14.69336322035932341, -11.94597780452226843, 16.11019779658297324 ) ) ;
#1284 = CARTESIAN_POINT ( 'NONE',  ( -14.69357449526244963, -11.96718891107681060, 16.09966459436628483 ) ) ;
#1285 = CARTESIAN_POINT ( 'NONE',  ( -14.62579288043255765, -5.067746909430273838, 2.894194085799250526 ) ) ;
#1286 = ORIENTED_EDGE ( 'NONE', *, *, #871, .F. ) ;
#1287 = CARTESIAN_POINT ( 'NONE',  ( -14.66703210577560945, -9.265686396763724630, 2.697682581077817332 ) ) ;
#1288 = CARTESIAN_POINT ( 'NONE',  ( -14.62572375414366732, -5.060551314559932123, 17.10021984096051995 ) ) ;
#1289 = B_SPLINE_CURVE_WITH_KNOTS ( 'NONE', 3,
 ( #1230, #879, #571, #1445, #339, #906, #311, #436, #1348, #227, #681, #220, #332, #1133, #317, #885, #763, #675 ),
 .UNSPECIFIED., .F., .F.,
 ( 4, 2, 2, 2, 2, 2, 2, 2, 4 ),
 ( 0.000000000000000000, 0.06250000000000004163, 0.1250000000000000833, 0.1875000000000001110, 0.2500000000000001665, 0.3125000000000001665, 0.3750000000000001110, 0.4375000000000000555, 0.5000000000000000000 ),
 .UNSPECIFIED. ) ;
#1290 = CARTESIAN_POINT ( 'NONE',  ( -14.99999999999999467, -0.2940011186040444313, 13.51002189037599344 ) ) ;
#1291 = CARTESIAN_POINT ( 'NONE',  ( -14.72232907881219433, -14.89409736524773997, 11.94226650282241309 ) ) ;
#1292 = ORIENTED_EDGE ( 'NONE', *, *, #853, .T. ) ;
#1293 = CARTESIAN_POINT ( 'NONE',  ( -14.72197711029488332, -14.85887456739875923, 7.943792793764316684 ) ) ;
#1294 = CARTESIAN_POINT ( 'NONE',  ( -14.58775248048754491, -1.195638685587482319, 14.19273070977081552 ) ) ;
#1295 = LINE ( 'NONE', #111, #183 ) ;
#1296 = EDGE_CURVE ( 'NONE', #218, #289, #1217, .T. ) ;
#1297 = FILL_AREA_STYLE_COLOUR ( '', #43 ) ;
#1298 = CARTESIAN_POINT ( 'NONE',  ( -14.99999999999999467, -15.51056053694040315, 11.03574516106497327 ) ) ;
#1299 = MECHANICAL_DESIGN_GEOMETRIC_PRESENTATION_REPRESENTATION (  '', ( #1085 ), #203 ) ;
#1300 = CARTESIAN_POINT ( 'NONE',  ( -14.70115825042021562, -12.73913391411376139, 15.47685103438041843 ) ) ;
#1301 = LINE ( 'NONE', #285, #185 ) ;
#1302 = CARTESIAN_POINT ( 'NONE',  ( -14.58237348858934190, -0.6475997978469055782, 13.25770124791093707 ) ) ;
#1303 = DIRECTION ( 'NONE',  ( 0.9848077530122091305, 0.1736481776669246135, 0.000000000000000000 ) ) ;
#1304 = CARTESIAN_POINT ( 'NONE',  ( -14.99999999999999822, 0.3265833669965398922, 11.80195414184130875 ) ) ;
#1305 = CARTESIAN_POINT ( 'NONE',  ( -14.99999999999999822, -5.435483010719567076, 17.66542326837711840 ) ) ;
#1306 = EDGE_CURVE ( 'NONE', #1201, #475, #1458, .T. ) ;
#1307 = CARTESIAN_POINT ( 'NONE',  ( -14.72424304676616380, -15.08891879174461614, 10.97938371809274472 ) ) ;
#1308 = ORIENTED_EDGE ( 'NONE', *, *, #1111, .T. ) ;
#1309 = CARTESIAN_POINT ( 'NONE',  ( -14.70467355884261806, -13.09693285494025439, 4.874901709663590488 ) ) ;
#1310 = ADVANCED_FACE ( 'NONE', ( #1356 ), #1017, .F. ) ;
#1311 = CARTESIAN_POINT ( 'NONE',  ( -14.61642218394606374, -4.113819313093903141, 16.71082028714348056 ) ) ;
#1312 = SURFACE_STYLE_FILL_AREA ( #624 ) ;
#1313 = CARTESIAN_POINT ( 'NONE',  ( -14.99999999999999822, -0.5424889905268357460, 13.96784730567585342 ) ) ;
#1314 = CARTESIAN_POINT ( 'NONE',  ( -14.65480156893085883, -8.020520524224787451, 17.48794248408066920 ) ) ;
#1315 = ORIENTED_EDGE ( 'NONE', *, *, #559, .F. ) ;
#1316 = CARTESIAN_POINT ( 'NONE',  ( -14.68417191449203152, -11.01014709388411994, 3.330207981361569480 ) ) ;
#1317 = CARTESIAN_POINT ( 'NONE',  ( -14.61001993960065981, -3.462155654852900888, 16.35079523162538706 ) ) ;
#1318 = SURFACE_STYLE_USAGE ( .BOTH. , #76 ) ;
#1319 = CARTESIAN_POINT ( 'NONE',  ( -14.99999999999999645, -11.57674126957304672, 3.069300354212234350 ) ) ;
#1320 = CARTESIAN_POINT ( 'NONE',  ( -14.57686671507961584, -0.08758759834355425711, 11.70389842367647226 ) ) ;
#1321 = ORIENTED_EDGE ( 'NONE', *, *, #1296, .T. ) ;
#1322 = CARTESIAN_POINT ( 'NONE',  ( -14.72316409213463650, -14.97910753343021106, 8.416081942208665012 ) ) ;
#1323 = CARTESIAN_POINT ( 'NONE',  ( -14.57494811544757596, 0.1077052833453655961, 10.00000000000000178 ) ) ;
#1324 = PLANE ( 'NONE',  #521 ) ;
#1325 = CARTESIAN_POINT ( 'NONE',  ( -14.99999999999999822, -9.606936350689137427, 2.334576731622875823 ) ) ;
#1326 = EDGE_LOOP ( 'NONE', ( #613, #427, #564, #1094 ) ) ;
#1327 = CARTESIAN_POINT ( 'NONE',  ( -14.57888732929441034, -0.2932644713072863341, 7.587996344005476956 ) ) ;
#1328 = DIRECTION ( 'NONE',  ( -0.5735764363510466035, -0.8191520442889914655, 0.000000000000000000 ) ) ;
#1329 = CARTESIAN_POINT ( 'NONE',  ( -14.99999999999999645, 0.000000000000000000, 19.50000000000000000 ) ) ;
#1330 = ADVANCED_FACE ( 'NONE', ( #662 ), #1008, .T. ) ;
#1331 = PLANE ( 'NONE',  #771 ) ;
#1332 = CARTESIAN_POINT ( 'NONE',  ( -14.99999999999999467, -8.572932880381067378, 2.132025335243972197 ) ) ;
#1333 = VERTEX_POINT ( 'NONE', #1118 ) ;
#1334 = LINE ( 'NONE', #878, #65 ) ;
#1335 = CARTESIAN_POINT ( 'NONE',  ( 14.52734861788039744, 14.96072582242583415, 6.105395583393868897 ) ) ;
#1336 = CARTESIAN_POINT ( 'NONE',  ( -14.59669181212396438, -2.105567473849718763, 4.717525864688955295 ) ) ;
#1337 = DIRECTION ( 'NONE',  ( 0.5773502691896257311, 0.5773502691896257311, 0.5773502691896257311 ) ) ;
#1338 = CARTESIAN_POINT ( 'NONE',  ( -14.99999999999999822, 0.02054761212194306311, 7.204508099593448733 ) ) ;
#1339 = ORIENTED_EDGE ( 'NONE', *, *, #1045, .F. ) ;
#1340 = CARTESIAN_POINT ( 'NONE',  ( -14.58495407583095194, -0.9107942538691620182, 6.248068353936365504 ) ) ;
#1341 = CARTESIAN_POINT ( 'NONE',  ( -14.57494811544757596, 0.1077052833453644581, 10.00000000000000178 ) ) ;
#1342 = DIRECTION ( 'NONE',  ( -0.5773502691896257311, 0.5773502691896257311, 0.5773502691896257311 ) ) ;
#1343 = DIRECTION ( 'NONE',  ( 0.000000000000000000, -1.000000000000000000, 0.000000000000000000 ) ) ;
#1344 = CARTESIAN_POINT ( 'NONE',  ( -14.99999999999999467, -14.74841824280470703, 6.489978109624018998 ) ) ;
#1345 = CARTESIAN_POINT ( 'NONE',  ( -14.49999999999999467, -20.00000000000000355, 0.000000000000000000 ) ) ;
#1346 = EDGE_CURVE ( 'NONE', #1100, #1418, #566, .T. ) ;
#1347 = CARTESIAN_POINT ( 'NONE',  ( -14.66930545943961128, -9.496861145712113483, 2.751700878217622215 ) ) ;
#1348 = CARTESIAN_POINT ( 'NONE',  ( -14.99999999999999289, -6.467566427686227470, 17.93153816160021208 ) ) ;
#1349 = CARTESIAN_POINT ( 'NONE',  ( -14.57507334929975329, 0.09551929359462486835, 9.510324144048739825 ) ) ;
#1350 = DIRECTION ( 'NONE',  ( 1.000000000000000000, 0.000000000000000000, 0.000000000000000000 ) ) ;
#1351 = PRODUCT_DEFINITION_CONTEXT ( 'detailed design', #526, 'design' ) ;
#1352 = DIRECTION ( 'NONE',  ( -0.1736481776669237531, 0.9848077530122092416, 0.000000000000000000 ) ) ;
#1353 = CARTESIAN_POINT ( 'NONE',  ( -14.99999999999999822, 0.5198090567657384087, 9.480877897259418319 ) ) ;
#1354 = ORIENTED_EDGE ( 'NONE', *, *, #16, .T. ) ;
#1355 = CARTESIAN_POINT ( 'NONE',  ( -14.71357594305513850, -14.00312194898015505, 6.037296669497143498 ) ) ;
#1356 = FACE_OUTER_BOUND ( 'NONE', #856, .T. ) ;
#1357 = CARTESIAN_POINT ( 'NONE',  ( -14.62514622337584491, -5.001762595855371529, 2.920532225940815962 ) ) ;
#1358 = CARTESIAN_POINT ( 'NONE',  ( -14.68548750256350033, -11.14402142594845024, 16.60044954369102044 ) ) ;
#1359 = CARTESIAN_POINT ( 'NONE',  ( -14.99999999999999467, -12.42685324200467711, 16.29588066662288881 ) ) ;
#1360 = CYLINDRICAL_SURFACE ( 'NONE', #730, 7.500000000000000888 ) ;
#1361 = CARTESIAN_POINT ( 'NONE',  ( -14.99999999999999467, 0.5327571678977809366, 9.740438611808297509 ) ) ;
#1362 = DIRECTION ( 'NONE',  ( 0.9848077530122091305, 0.1736481776669246135, 0.000000000000000000 ) ) ;
#1363 = CARTESIAN_POINT ( 'NONE',  ( -14.70462685271032655, -13.09220045564516077, 15.12975068341780904 ) ) ;
#1364 = CARTESIAN_POINT ( 'NONE',  ( -14.69554687074608701, -12.16795559816411121, 4.046718007733608680 ) ) ;
#1365 = CARTESIAN_POINT ( 'NONE',  ( -14.60319436421394634, -2.766256627034891391, 4.133729592759256555 ) ) ;
#1366 = CARTESIAN_POINT ( 'NONE',  ( -14.64330924845508264, -6.850500800897616038, 17.47101963150462822 ) ) ;
#1367 = VECTOR ( 'NONE', #787, 1000.000000000000000 ) ;
#1368 = CARTESIAN_POINT ( 'NONE',  ( -14.99999999999999822, -2.615566119404097556, 16.29588066662290657 ) ) ;
#1369 = DIRECTION ( 'NONE',  ( 0.000000000000000000, 0.000000000000000000, 1.000000000000000000 ) ) ;
#1370 = PRODUCT_DEFINITION ( 'Î´Öª', '', #1083, #1351 ) ;
#1371 = CARTESIAN_POINT ( 'NONE',  ( -14.99999999999999822, 0.5198090567657384087, 9.480877897259418319 ) ) ;
#1372 = VERTEX_POINT ( 'NONE', #1451 ) ;
#1373 = CARTESIAN_POINT ( 'NONE',  ( -14.68084360660998477, -10.67132087801910956, 16.83517181568454291 ) ) ;
#1374 = CARTESIAN_POINT ( 'NONE',  ( -14.70462685271033010, -13.09220045564517854, 4.870249316582204280 ) ) ;
#1375 = CARTESIAN_POINT ( 'NONE',  ( -14.67406870765029225, -9.981868046868529021, 2.899780159045884265 ) ) ;
#1376 = CARTESIAN_POINT ( 'NONE',  ( -14.65841177794482419, -8.388095265081057406, 17.45155221587787508 ) ) ;
#1377 = EDGE_CURVE ( 'NONE', #1436, #13, #1289, .T. ) ;
#1378 = CARTESIAN_POINT ( 'NONE',  ( -14.99999999999999467, -14.07140920478670765, 14.62238326438455083 ) ) ;
#1379 = CARTESIAN_POINT ( 'NONE',  ( -14.57662837766858388, -0.06331264314561019235, 11.58392208665810941 ) ) ;
#1380 = CARTESIAN_POINT ( 'NONE',  ( -14.99999999999999822, -0.2940011186040381586, 6.489978109624020775 ) ) ;
#1381 = CARTESIAN_POINT ( 'NONE',  ( -14.72435916836390568, -15.10129390241287695, 10.85605199955975664 ) ) ;
#1382 = CARTESIAN_POINT ( 'NONE',  ( -14.72388273192949271, -15.05224260271939585, 11.22245640656546506 ) ) ;
#1383 = CARTESIAN_POINT ( 'NONE',  ( -14.59351651296663910, -1.782358594120590389, 5.052324992917974100 ) ) ;
#1384 = CARTESIAN_POINT ( 'NONE',  ( -14.66443780630104499, -9.001386415701244204, 2.642516510437985300 ) ) ;
#1385 = CARTESIAN_POINT ( 'NONE',  ( -14.65783119218330555, -8.328930676524763044, 17.45787810042675048 ) ) ;
#1386 = CARTESIAN_POINT ( 'NONE',  ( -14.99999999999999822, -4.682592811720152071, 17.42718105331158540 ) ) ;
#1387 = CARTESIAN_POINT ( 'NONE',  ( -14.99999999999999822, -14.86124264177396626, 6.724901191632563169 ) ) ;
#1388 = CARTESIAN_POINT ( 'NONE',  ( -14.71289683283557359, -13.93406953842475460, 14.06255137785282550 ) ) ;
#1389 = CARTESIAN_POINT ( 'NONE',  ( -14.63286903412599749, -5.788023523157452388, 17.30800721733454495 ) ) ;
#1390 = CARTESIAN_POINT ( 'NONE',  ( -14.57590972986079869, 0.009823241310649296135, 8.777543593434529612 ) ) ;
#1391 = CARTESIAN_POINT ( 'NONE',  ( -14.63307393070683560, -5.808711412728054135, 2.690917813076183496 ) ) ;
#1392 = CARTESIAN_POINT ( 'NONE',  ( -14.64119509780238459, -6.635529211086868884, 17.45053144339943785 ) ) ;
#1393 = CARTESIAN_POINT ( 'NONE',  ( -14.99999999999999467, -15.47184090093263009, 8.707193835957534489 ) ) ;
#1394 = VECTOR ( 'NONE', #1350, 1000.000000000000000 ) ;
#1395 = CARTESIAN_POINT ( 'NONE',  ( -14.99999999999999822, -3.492151934622287790, 3.127301758206278759 ) ) ;
#1396 = CARTESIAN_POINT ( 'NONE',  ( -14.70310064966740704, -12.93685188764237814, 15.28247413522915288 ) ) ;
#1397 = CARTESIAN_POINT ( 'NONE',  ( -14.69554687074608879, -12.16795559816411654, 15.95328199226639398 ) ) ;
#1398 = ADVANCED_FACE ( 'NONE', ( #1439 ), #423, .F. ) ;
#1399 = CARTESIAN_POINT ( 'NONE',  ( -14.68738959171655090, -11.33763201120362751, 3.501288723901679223 ) ) ;
#1400 = ORIENTED_EDGE ( 'NONE', *, *, #1197, .F. ) ;
#1401 = CARTESIAN_POINT ( 'NONE',  ( -14.64225461776449855, -6.743368030702606042, 2.539077593013359113 ) ) ;
#1402 = CARTESIAN_POINT ( 'NONE',  ( -14.60130174359926869, -2.573619018323728636, 15.71022656096112158 ) ) ;
#1403 = CARTESIAN_POINT ( 'NONE',  ( -14.99999999999999467, -1.128204906558458953, 14.83111581268287082 ) ) ;
#1404 = CARTESIAN_POINT ( 'NONE',  ( -14.72090513249587929, -14.74915489010145819, 12.41200365599452127 ) ) ;
#1405 = ORIENTED_EDGE ( 'NONE', *, *, #353, .F. ) ;
#1406 = CARTESIAN_POINT ( 'NONE',  ( 14.50759612349390615, -20.08682408883346326, 0.000000000000000000 ) ) ;
#1407 = CARTESIAN_POINT ( 'NONE',  ( -14.58825189682285206, -1.246390252683170052, 14.26579090095420099 ) ) ;
#1408 = CARTESIAN_POINT ( 'NONE',  ( -14.49999999999999467, 19.99999999999999645, 0.000000000000000000 ) ) ;
#1409 = CARTESIAN_POINT ( 'NONE',  ( -14.99999999999999822, -2.012564087925561740, 15.79203212381381149 ) ) ;
#1410 = CARTESIAN_POINT ( 'NONE',  ( -14.57971460401665809, -0.3774721724652035926, 12.64337151090631117 ) ) ;
#1411 = CARTESIAN_POINT ( 'NONE',  ( -14.68255084216390927, -10.84522290784601495, 3.249076857992017953 ) ) ;
#1412 = CARTESIAN_POINT ( 'NONE',  ( -14.57748858045622420, -0.1503890168996050714, 11.93817270041558842 ) ) ;
#1413 = PRESENTATION_STYLE_ASSIGNMENT (( #1318 ) ) ;
#1414 = CARTESIAN_POINT ( 'NONE',  ( -14.99999999999999822, -13.40259323612200326, 15.42495688836512890 ) ) ;
#1415 = AXIS2_PLACEMENT_3D ( 'NONE', #55, #508, #416 ) ;
#1416 = EDGE_CURVE ( 'NONE', #384, #1066, #769, .T. ) ;
#1417 = CARTESIAN_POINT ( 'NONE',  ( -14.68084360660998477, -10.67132087801910956, 16.83517181568454291 ) ) ;
#1418 = VERTEX_POINT ( 'NONE', #108 ) ;
#1419 = CARTESIAN_POINT ( 'NONE',  ( -14.71154056497283058, -13.79602910885407852, 5.734209099227825845 ) ) ;
#1420 = CARTESIAN_POINT ( 'NONE',  ( -14.63010151642116696, -5.506157931262754879, 17.23407005198809827 ) ) ;
#1421 =( NAMED_UNIT ( * ) PLANE_ANGLE_UNIT ( ) SI_UNIT ( $, .RADIAN. ) );
#1422 = CARTESIAN_POINT ( 'NONE',  ( -14.99999999999999467, -2.827518703713169934, 16.45068727509328355 ) ) ;
#1423 = CARTESIAN_POINT ( 'NONE',  ( -14.70938786636825135, -13.57682062417230462, 14.56822425537264820 ) ) ;
#1424 = ORIENTED_EDGE ( 'NONE', *, *, #344, .F. ) ;
#1425 = CARTESIAN_POINT ( 'NONE',  ( -14.70074922702162823, -12.69802354746414430, 4.490709977577437506 ) ) ;
#1426 = CARTESIAN_POINT ( 'NONE',  ( -14.62911039936721735, -5.405381450360320805, 17.20588480806495113 ) ) ;
#1427 = LINE ( 'NONE', #1440, #163 ) ;
#1428 = SURFACE_SIDE_STYLE ('',( #979 ) ) ;
#1429 = CARTESIAN_POINT ( 'NONE',  ( -14.99999999999999467, -4.195587194133180375, 17.22852136742666218 ) ) ;
#1430 = CARTESIAN_POINT ( 'NONE',  ( -14.63286903412599749, -5.788023523157452388, 17.30800721733454495 ) ) ;
#1431 = ORIENTED_EDGE ( 'NONE', *, *, #299, .T. ) ;
#1432 = PLANE ( 'NONE',  #1415 ) ;
#1433 = LINE ( 'NONE', #424, #300 ) ;
#1434 = CARTESIAN_POINT ( 'NONE',  ( -14.99999999999999645, -0.4835928213902558337, 6.006081048677380352 ) ) ;
#1435 = CARTESIAN_POINT ( 'NONE',  ( -14.99999999999999467, -0.5424889905268125423, 6.032152694324192765 ) ) ;
#1436 = VERTEX_POINT ( 'NONE', #1112 ) ;
#1437 = CARTESIAN_POINT ( 'NONE',  ( -14.57590972986079869, 0.009823241310649296135, 8.777543593434529612 ) ) ;
#1438 = EDGE_CURVE ( 'NONE', #543, #963, #95, .T. ) ;
#1439 = FACE_OUTER_BOUND ( 'NONE', #23, .T. ) ;
#1440 = CARTESIAN_POINT ( 'NONE',  ( -14.49999999999999467, 19.99999999999999645, 0.000000000000000000 ) ) ;
#1441 = DIRECTION ( 'NONE',  ( 0.1736481776669237531, -0.9848077530122092416, 0.000000000000000000 ) ) ;
#1442 = CARTESIAN_POINT ( 'NONE',  ( -14.57494811544757596, 0.1077052833453644581, 10.00000000000000178 ) ) ;
#1443 = ORIENTED_EDGE ( 'NONE', *, *, #1237, .F. ) ;
#1444 = CARTESIAN_POINT ( 'NONE',  ( -14.63768012370995741, -6.277740884311048930, 2.596228011286090265 ) ) ;
#1445 = CARTESIAN_POINT ( 'NONE',  ( -14.99999999999999645, -0.4834599192402828094, 13.99397316486311027 ) ) ;
#1446 = CARTESIAN_POINT ( 'NONE',  ( -14.58689562895298053, -1.108349822878992974, 5.937448622306833457 ) ) ;
#1447 = DIRECTION ( 'NONE',  ( -0.5470102551532944890, -0.5470102551532968205, 0.6336872742246389967 ) ) ;
#1448 = CARTESIAN_POINT ( 'NONE',  ( -14.99999999999999822, -14.07140920478670054, 5.377616735615437626 ) ) ;
#1449 = EDGE_LOOP ( 'NONE', ( #1405, #774, #606, #60, #755 ) ) ;
#1450 = CARTESIAN_POINT ( 'NONE',  ( -14.69357449526244785, -11.96718891107679461, 3.900335405633704955 ) ) ;
#1451 = CARTESIAN_POINT ( 'NONE',  ( 14.50000000000000000, -20.00000000000000355, 0.007596123493887330103 ) ) ;
#1452 = CARTESIAN_POINT ( 'NONE',  ( -14.61264818228696072, -3.729681715100682915, 3.491325769010613644 ) ) ;
#1453 = ADVANCED_FACE ( 'NONE', ( #892 ), #1207, .T. ) ;
#1454 = LINE ( 'NONE', #91, #894 ) ;
#1455 = CARTESIAN_POINT ( 'NONE',  ( -14.99999999999999467, -11.55026742678644780, 3.127301758206274762 ) ) ;
#1456 = ORIENTED_EDGE ( 'NONE', *, *, #297, .T. ) ;
#1457 = CARTESIAN_POINT ( 'NONE',  ( -14.65480156893085883, -8.020520524224801662, 2.512057515919331241 ) ) ;
#1458 = LINE ( 'NONE', #557, #1461 ) ;
#1459 = AXIS2_PLACEMENT_3D ( 'NONE', #725, #1038, #21 ) ;
#1460 = CARTESIAN_POINT ( 'NONE',  ( -14.59388884413340826, -1.819597017271790573, 5.014209050909431475 ) ) ;
#1461 = VECTOR ( 'NONE', #545, 999.9999999999998863 ) ;
#1462 = CARTESIAN_POINT ( 'NONE',  ( 0.000000000000000000, 19.99999999999999645, 20.00000000000000000 ) ) ;
#1463 = FACE_BOUND ( 'NONE', #166, .T. ) ;
#1464 = CARTESIAN_POINT ( 'NONE',  ( -14.99999999999999467, -3.957040044914814203, 2.882588975407519349 ) ) ;
#1465 = ORIENTED_EDGE ( 'NONE', *, *, #231, .F. ) ;
#1466 = CARTESIAN_POINT ( 'NONE',  ( -14.71820066374126057, -14.47386895357446335, 6.903120025429952733 ) ) ;
ENDSEC;
END-ISO-10303-21;
