ISO-10303-21;
HEADER;
FILE_DESCRIPTION (( 'STEP AP214' ),
    '1' );
FILE_NAME ('松土型材支架.step',
    '2023-08-15T03:00:34',
    ( '' ),
    ( '' ),
    'SwSTEP 2.0',
    'SolidWorks 2022',
    '' );
FILE_SCHEMA (( 'AUTOMOTIVE_DESIGN' ));
ENDSEC;

DATA;
#1 = CIRCLE ( 'NONE', #2849, 0.2999999999999973244 ) ;
#2 = CARTESIAN_POINT ( 'NONE',  ( 0.000000000000000000, -9.699999999999148415, 3.699999999999788347 ) ) ;
#3 = ORIENTED_EDGE ( 'NONE', *, *, #1047, .T. ) ;
#4 = CARTESIAN_POINT ( 'NONE',  ( 0.000000000000000000, 3.999999999999953371, 9.699999999999965539 ) ) ;
#5 = DIRECTION ( 'NONE',  ( -1.000000000000000000, -0.000000000000000000, -0.000000000000000000 ) ) ;
#6 = AXIS2_PLACEMENT_3D ( 'NONE', #1299, #2439, #500 ) ;
#7 = ORIENTED_EDGE ( 'NONE', *, *, #1809, .T. ) ;
#8 = LINE ( 'NONE', #2289, #1372 ) ;
#9 = PRODUCT_DEFINITION_SHAPE ( 'NONE', 'NONE',  #2165 ) ;
#10 = LINE ( 'NONE', #330, #2868 ) ;
#11 = VECTOR ( 'NONE', #585, 1000.000000000000000 ) ;
#12 = CARTESIAN_POINT ( 'NONE',  ( 90.00000000000000000, -8.499999999998507860, -3.400000000000173550 ) ) ;
#13 = ORIENTED_EDGE ( 'NONE', *, *, #455, .T. ) ;
#14 = CIRCLE ( 'NONE', #3028, 2.500000000000016431 ) ;
#15 = CARTESIAN_POINT ( 'NONE',  ( 0.000000000000000000, 9.999999999999962697, 4.000000000000010658 ) ) ;
#16 = DIRECTION ( 'NONE',  ( 0.000000000000000000, -0.7071067811865479058, -0.7071067811865472397 ) ) ;
#17 = VECTOR ( 'NONE', #2266, 1000.000000000000000 ) ;
#18 = CARTESIAN_POINT ( 'NONE',  ( 90.00000000000000000, 5.200000000000029488, -7.899999999999983480 ) ) ;
#19 = ORIENTED_EDGE ( 'NONE', *, *, #3022, .T. ) ;
#21 = VERTEX_POINT ( 'NONE', #711 ) ;
#20 = EDGE_CURVE ( 'NONE', #442, #2763, #2477, .T. ) ;
#22 = DIRECTION ( 'NONE',  ( -1.000000000000000000, -0.000000000000000000, 0.000000000000000000 ) ) ;
#23 = ADVANCED_FACE ( 'NONE', ( #2423 ), #1868, .T. ) ;
#24 = VECTOR ( 'NONE', #3533, 1000.000000000000000 ) ;
#25 = CARTESIAN_POINT ( 'NONE',  ( 0.000000000000000000, -9.099999999998885869, 3.099999999999794031 ) ) ;
#26 = ORIENTED_EDGE ( 'NONE', *, *, #3582, .T. ) ;
#27 = LINE ( 'NONE', #325, #776 ) ;
#28 = DIRECTION ( 'NONE',  ( -1.000000000000000000, -0.000000000000000000, -0.000000000000000000 ) ) ;
#29 = EDGE_CURVE ( 'NONE', #1179, #829, #1060, .T. ) ;
#30 = VECTOR ( 'NONE', #3349, 1000.000000000000000 ) ;
#31 = ORIENTED_EDGE ( 'NONE', *, *, #775, .T. ) ;
#32 = CARTESIAN_POINT ( 'NONE',  ( 90.00000000000000000, -9.999999999999147349, 3.999999999999788614 ) ) ;
#33 = EDGE_CURVE ( 'NONE', #1649, #2888, #3342, .T. ) ;
#34 = LINE ( 'NONE', #272, #1509 ) ;
#35 = DIRECTION ( 'NONE',  ( 1.000000000000000000, 0.000000000000000000, -0.000000000000000000 ) ) ;
#36 = EDGE_LOOP ( 'NONE', ( #1477, #89, #1292, #2536 ) ) ;
#37 = CARTESIAN_POINT ( 'NONE',  ( 90.00000000000000000, 5.200000000000029488, -6.684924240491753267 ) ) ;
#38 = CYLINDRICAL_SURFACE ( 'NONE', #1690, 0.2999999999999877764 ) ;
#39 = CARTESIAN_POINT ( 'NONE',  ( 0.000000000000000000, 8.500000000000008882, -9.999999999999987566 ) ) ;
#40 = VERTEX_POINT ( 'NONE', #1162 ) ;
#41 = ORIENTED_EDGE ( 'NONE', *, *, #1164, .F. ) ;
#42 = DIRECTION ( 'NONE',  ( 0.000000000000000000, -0.000000000000000000, 1.000000000000000000 ) ) ;
#43 = CARTESIAN_POINT ( 'NONE',  ( 90.00000000000000000, 5.500000000000029310, -6.684924240491753267 ) ) ;
#44 = ORIENTED_EDGE ( 'NONE', *, *, #1390, .T. ) ;
#45 = FACE_OUTER_BOUND ( 'NONE', #3490, .T. ) ;
#46 = DIRECTION ( 'NONE',  ( 0.000000000000000000, 0.000000000000000000, -1.000000000000000000 ) ) ;
#47 = EDGE_CURVE ( 'NONE', #3309, #1360, #1381, .T. ) ;
#48 = ORIENTED_EDGE ( 'NONE', *, *, #2594, .F. ) ;
#49 = CARTESIAN_POINT ( 'NONE',  ( 90.00000000000000000, -7.899999999998505551, -5.200000000000113864 ) ) ;
#50 = DIRECTION ( 'NONE',  ( 0.000000000000000000, 0.000000000000000000, -1.000000000000000000 ) ) ;
#51 = DIRECTION ( 'NONE',  ( -1.000000000000000000, -0.000000000000000000, -0.000000000000000000 ) ) ;
#52 = ADVANCED_FACE ( 'NONE', ( #245 ), #3439, .T. ) ;
#53 = VERTEX_POINT ( 'NONE', #1415 ) ;
#54 = DIRECTION ( 'NONE',  ( -1.000000000000000000, -0.000000000000000000, -0.000000000000000000 ) ) ;
#55 = CARTESIAN_POINT ( 'NONE',  ( 90.00000000000000000, -3.699999999998355715, -9.700000000000201794 ) ) ;
#56 = CYLINDRICAL_SURFACE ( 'NONE', #1073, 1.499999999999999556 ) ;
#57 = ORIENTED_EDGE ( 'NONE', *, *, #3087, .T. ) ;
#58 = EDGE_LOOP ( 'NONE', ( #1366, #763, #1402, #1876 ) ) ;
#59 = CARTESIAN_POINT ( 'NONE',  ( 0.000000000000000000, -3.099999999999972555, -8.499999999999987566 ) ) ;
#60 = VERTEX_POINT ( 'NONE', #3071 ) ;
#61 = CIRCLE ( 'NONE', #2435, 0.2999999999999947153 ) ;
#62 = CARTESIAN_POINT ( 'NONE',  ( 90.00000000000000000, 3.399999999999953282, 9.400000000000012790 ) ) ;
#63 = LINE ( 'NONE', #2890, #3537 ) ;
#64 = CIRCLE ( 'NONE', #773, 0.3000000000000085931 ) ;
#65 = VERTEX_POINT ( 'NONE', #2302 ) ;
#66 = DIRECTION ( 'NONE',  ( -1.000000000000000000, -0.000000000000000000, -0.000000000000000000 ) ) ;
#67 = EDGE_CURVE ( 'NONE', #2625, #2512, #135, .T. ) ;
#68 = CARTESIAN_POINT ( 'NONE',  ( 90.00000000000000000, -5.412132034355937371, -6.472792206135787652 ) ) ;
#69 = CARTESIAN_POINT ( 'NONE',  ( 90.00000000000000000, 3.399999999999949729, 9.699999999999965539 ) ) ;
#70 = EDGE_CURVE ( 'NONE', #2712, #1077, #1505, .T. ) ;
#71 = CIRCLE ( 'NONE', #902, 2.500000000000016431 ) ;
#72 = ORIENTED_EDGE ( 'NONE', *, *, #2096, .F. ) ;
#73 = AXIS2_PLACEMENT_3D ( 'NONE', #450, #764, #1032 ) ;
#74 = EDGE_CURVE ( 'NONE', #994, #867, #544, .T. ) ;
#75 = LINE ( 'NONE', #3106, #2143 ) ;
#76 = CARTESIAN_POINT ( 'NONE',  ( 0.000000000000000000, 10.00000000000002487, -8.499999999999987566 ) ) ;
#77 = CIRCLE ( 'NONE', #3591, 0.2999999999999530820 ) ;
#78 = CARTESIAN_POINT ( 'NONE',  ( 90.00000000000000000, -9.699999999999148415, 3.999999999999788614 ) ) ;
#79 = ORIENTED_EDGE ( 'NONE', *, *, #2498, .T. ) ;
#80 = ORIENTED_EDGE ( 'NONE', *, *, #1986, .F. ) ;
#81 = ADVANCED_FACE ( 'NONE', ( #2260 ), #1686, .T. ) ;
#82 = AXIS2_PLACEMENT_3D ( 'NONE', #1349, #792, #1295 ) ;
#83 = CARTESIAN_POINT ( 'NONE',  ( 90.00000000000000000, -5.204170427930421283E-14, 2.500000000000068390 ) ) ;
#84 = DIRECTION ( 'NONE',  ( 0.000000000000000000, 0.000000000000000000, 1.000000000000000000 ) ) ;
#85 = ORIENTED_EDGE ( 'NONE', *, *, #2894, .F. ) ;
#86 = DIRECTION ( 'NONE',  ( -1.000000000000000000, -0.000000000000000000, -0.000000000000000000 ) ) ;
#87 = AXIS2_PLACEMENT_3D ( 'NONE', #1282, #2416, #671 ) ;
#88 = VECTOR ( 'NONE', #3581, 1000.000000000000000 ) ;
#89 = ORIENTED_EDGE ( 'NONE', *, *, #2175, .F. ) ;
#90 = DIRECTION ( 'NONE',  ( 0.000000000000000000, 0.000000000000000000, 1.000000000000000000 ) ) ;
#91 = CARTESIAN_POINT ( 'NONE',  ( 0.000000000000000000, -5.199999999999279865, 8.200000000000304823 ) ) ;
#92 = DIRECTION ( 'NONE',  ( 0.000000000000000000, 0.000000000000000000, -1.000000000000000000 ) ) ;
#93 = EDGE_LOOP ( 'NONE', ( #3152, #3031, #3297, #31 ) ) ;
#94 = CARTESIAN_POINT ( 'NONE',  ( 0.000000000000000000, -7.899999999998505551, -5.500000000000122569 ) ) ;
#95 = DIRECTION ( 'NONE',  ( 0.000000000000000000, 0.000000000000000000, 1.000000000000000000 ) ) ;
#96 = EDGE_CURVE ( 'NONE', #21, #274, #1680, .T. ) ;
#97 = DIRECTION ( 'NONE',  ( 0.000000000000000000, 0.000000000000000000, 1.000000000000000000 ) ) ;
#98 = VERTEX_POINT ( 'NONE', #582 ) ;
#99 = ORIENTED_EDGE ( 'NONE', *, *, #1235, .F. ) ;
#100 = DIRECTION ( 'NONE',  ( 1.000000000000000000, 0.000000000000000000, -0.000000000000000000 ) ) ;
#101 = CARTESIAN_POINT ( 'NONE',  ( 90.00000000000000000, -2.010912703474023733, 5.899999999999954170 ) ) ;
#102 = EDGE_CURVE ( 'NONE', #3112, #2470, #1024, .T. ) ;
#103 = ORIENTED_EDGE ( 'NONE', *, *, #2641, .T. ) ;
#104 = CARTESIAN_POINT ( 'NONE',  ( 90.00000000000000000, -6.684924240490506264, -5.200000000000113864 ) ) ;
#105 = ORIENTED_EDGE ( 'NONE', *, *, #2145, .F. ) ;
#106 = ORIENTED_EDGE ( 'NONE', *, *, #1592, .T. ) ;
#107 = CARTESIAN_POINT ( 'NONE',  ( 0.000000000000000000, -3.399999999999282263, 8.200000000000297717 ) ) ;
#108 = CARTESIAN_POINT ( 'NONE',  ( 90.00000000000000000, -3.999999999999290790, 9.999999999999822364 ) ) ;
#109 = DIRECTION ( 'NONE',  ( 0.000000000000000000, 0.000000000000000000, 1.000000000000000000 ) ) ;
#110 = DIRECTION ( 'NONE',  ( 1.000000000000000000, 0.000000000000000000, 0.000000000000000000 ) ) ;
#111 = CARTESIAN_POINT ( 'NONE',  ( 90.00000000000000000, -6.472792206134539761, -5.412132034356080368 ) ) ;
#112 = CARTESIAN_POINT ( 'NONE',  ( 90.00000000000000000, 4.485786437626941847, -3.425126265847088014 ) ) ;
#113 = VERTEX_POINT ( 'NONE', #3090 ) ;
#114 = CARTESIAN_POINT ( 'NONE',  ( 0.000000000000000000, 5.500000000000027534, -7.899999999999983480 ) ) ;
#115 = EDGE_CURVE ( 'NONE', #40, #1524, #27, .T. ) ;
#116 = PRESENTATION_STYLE_ASSIGNMENT (( #2667 ) ) ;
#117 = FACE_OUTER_BOUND ( 'NONE', #3418, .T. ) ;
#118 = EDGE_LOOP ( 'NONE', ( #2334, #1923, #3103, #3080 ) ) ;
#119 = EDGE_CURVE ( 'NONE', #1188, #2577, #2789, .T. ) ;
#120 = ORIENTED_EDGE ( 'NONE', *, *, #2541, .T. ) ;
#121 = FACE_OUTER_BOUND ( 'NONE', #1003, .T. ) ;
#122 = CIRCLE ( 'NONE', #1550, 2.000000000000003553 ) ;
#123 = EDGE_CURVE ( 'NONE', #488, #1458, #77, .T. ) ;
#124 = DIRECTION ( 'NONE',  ( 0.000000000000000000, 0.000000000000000000, -1.000000000000000000 ) ) ;
#125 = DIRECTION ( 'NONE',  ( 0.000000000000000000, -1.000000000000000000, 0.000000000000000000 ) ) ;
#126 = MECHANICAL_DESIGN_GEOMETRIC_PRESENTATION_REPRESENTATION (  '', ( #532 ), #659 ) ;
#127 = VERTEX_POINT ( 'NONE', #2243 ) ;
#128 = PLANE ( 'NONE',  #248 ) ;
#129 = CIRCLE ( 'NONE', #3280, 0.2999999999999947153 ) ;
#130 = EDGE_LOOP ( 'NONE', ( #619, #2530, #1307, #79 ) ) ;
#131 = CARTESIAN_POINT ( 'NONE',  ( 90.00000000000000000, 3.399999999999960387, 8.199999999999960210 ) ) ;
#132 = CIRCLE ( 'NONE', #1075, 0.2999999999999981570 ) ;
#133 = PLANE ( 'NONE',  #436 ) ;
#134 = AXIS2_PLACEMENT_3D ( 'NONE', #568, #1692, #1124 ) ;
#135 = CIRCLE ( 'NONE', #1132, 0.2999999999999947153 ) ;
#136 = DIRECTION ( 'NONE',  ( 1.000000000000000000, 0.000000000000000000, 0.000000000000000000 ) ) ;
#137 = CIRCLE ( 'NONE', #3104, 0.2999999999999947153 ) ;
#138 = ORIENTED_EDGE ( 'NONE', *, *, #204, .T. ) ;
#139 = ADVANCED_FACE ( 'NONE', ( #2225 ), #1705, .F. ) ;
#140 = CIRCLE ( 'NONE', #195, 0.3000000000000059841 ) ;
#141 = ADVANCED_FACE ( 'NONE', ( #2811 ), #1938, .F. ) ;
#142 = ORIENTED_EDGE ( 'NONE', *, *, #3427, .T. ) ;
#143 = CYLINDRICAL_SURFACE ( 'NONE', #2797, 0.2999999999999877764 ) ;
#144 = CIRCLE ( 'NONE', #1628, 0.2999999999999981570 ) ;
#145 = LINE ( 'NONE', #3545, #2692 ) ;
#146 = PLANE ( 'NONE',  #1421 ) ;
#147 = AXIS2_PLACEMENT_3D ( 'NONE', #1655, #2779, #2802 ) ;
#148 = ORIENTED_EDGE ( 'NONE', *, *, #815, .T. ) ;
#149 = CARTESIAN_POINT ( 'NONE',  ( 90.00000000000000000, 3.999999999999953371, 9.699999999999965539 ) ) ;
#150 = ORIENTED_EDGE ( 'NONE', *, *, #778, .T. ) ;
#151 = DIRECTION ( 'NONE',  ( 1.000000000000000000, 0.000000000000000000, 0.000000000000000000 ) ) ;
#152 = ORIENTED_EDGE ( 'NONE', *, *, #1291, .T. ) ;
#153 = DIRECTION ( 'NONE',  ( 0.000000000000000000, 0.000000000000000000, 1.000000000000000000 ) ) ;
#154 = SHAPE_DEFINITION_REPRESENTATION ( #9, #3030 ) ;
#155 = FACE_OUTER_BOUND ( 'NONE', #2428, .T. ) ;
#156 = LINE ( 'NONE', #2999, #3693 ) ;
#157 = CARTESIAN_POINT ( 'NONE',  ( 0.000000000000000000, 3.099999999999958789, 9.099999999999976552 ) ) ;
#158 = LINE ( 'NONE', #3573, #1437 ) ;
#159 = CYLINDRICAL_SURFACE ( 'NONE', #3353, 1.500000000000001332 ) ;
#160 = CARTESIAN_POINT ( 'NONE',  ( 0.000000000000000000, -3.399999999999970601, -9.399999999999970157 ) ) ;
#161 = EDGE_CURVE ( 'NONE', #2185, #239, #2279, .T. ) ;
#162 = EDGE_LOOP ( 'NONE', ( #2832, #3381, #2463, #470 ) ) ;
#163 = VERTEX_POINT ( 'NONE', #3665 ) ;
#164 = LINE ( 'NONE', #2209, #486 ) ;
#165 = LINE ( 'NONE', #703, #497 ) ;
#166 = EDGE_CURVE ( 'NONE', #2540, #2277, #1721, .T. ) ;
#167 = VERTEX_POINT ( 'NONE', #563 ) ;
#168 = CARTESIAN_POINT ( 'NONE',  ( 90.00000000000000000, -8.499999999998504308, -10.00000000000019540 ) ) ;
#169 = CARTESIAN_POINT ( 'NONE',  ( 90.00000000000000000, 2.010912703474030838, -3.900000000000021672 ) ) ;
#170 = DIRECTION ( 'NONE',  ( -0.000000000000000000, 0.7071067811865472397, 0.7071067811865479058 ) ) ;
#171 = EDGE_LOOP ( 'NONE', ( #3389, #3505, #2767, #3039 ) ) ;
#172 = DIRECTION ( 'NONE',  ( 0.000000000000000000, 0.000000000000000000, -1.000000000000000000 ) ) ;
#173 = FACE_OUTER_BOUND ( 'NONE', #3511, .T. ) ;
#174 = VERTEX_POINT ( 'NONE', #2534 ) ;
#175 = VECTOR ( 'NONE', #947, 1000.000000000000000 ) ;
#176 = CARTESIAN_POINT ( 'NONE',  ( 0.000000000000000000, 8.199999999999972644, 3.400000000000007017 ) ) ;
#177 = EDGE_CURVE ( 'NONE', #1983, #2181, #2391, .T. ) ;
#178 = VERTEX_POINT ( 'NONE', #3536 ) ;
#179 = FACE_OUTER_BOUND ( 'NONE', #1691, .T. ) ;
#180 = CYLINDRICAL_SURFACE ( 'NONE', #2994, 2.500000000000016431 ) ;
#181 = EDGE_LOOP ( 'NONE', ( #1593, #949, #2320, #2915 ) ) ;
#182 = ADVANCED_FACE ( 'NONE', ( #2889 ), #1197, .F. ) ;
#183 = AXIS2_PLACEMENT_3D ( 'NONE', #2869, #841, #523 ) ;
#184 = DIRECTION ( 'NONE',  ( 0.000000000000000000, 1.000000000000000000, 0.000000000000000000 ) ) ;
#185 = VECTOR ( 'NONE', #617, 1000.000000000000000 ) ;
#186 = EDGE_CURVE ( 'NONE', #163, #2983, #2652, .T. ) ;
#187 = DIRECTION ( 'NONE',  ( -1.000000000000000000, -0.000000000000000000, -0.000000000000000000 ) ) ;
#188 = ORIENTED_EDGE ( 'NONE', *, *, #1433, .F. ) ;
#189 = AXIS2_PLACEMENT_3D ( 'NONE', #3609, #1303, #1326 ) ;
#190 = CYLINDRICAL_SURFACE ( 'NONE', #3635, 2.000000000000000000 ) ;
#191 = CIRCLE ( 'NONE', #1913, 2.000000000000003553 ) ;
#192 = VECTOR ( 'NONE', #1400, 1000.000000000000000 ) ;
#193 = ORIENTED_EDGE ( 'NONE', *, *, #939, .F. ) ;
#194 = CARTESIAN_POINT ( 'NONE',  ( 0.000000000000000000, 3.099999999999939693, 9.099999999999976552 ) ) ;
#195 = AXIS2_PLACEMENT_3D ( 'NONE', #3488, #404, #124 ) ;
#196 = VECTOR ( 'NONE', #1785, 1000.000000000000000 ) ;
#197 = ORIENTED_EDGE ( 'NONE', *, *, #2527, .F. ) ;
#198 = DIRECTION ( 'NONE',  ( -0.000000000000000000, 0.7071067811865479058, -0.7071067811865472397 ) ) ;
#199 = ORIENTED_EDGE ( 'NONE', *, *, #3248, .F. ) ;
#200 = LINE ( 'NONE', #3650, #2631 ) ;
#201 = CARTESIAN_POINT ( 'NONE',  ( 90.00000000000000000, -5.204170427930421283E-14, 5.204170427930421283E-14 ) ) ;
#202 = ORIENTED_EDGE ( 'NONE', *, *, #1709, .T. ) ;
#203 = CARTESIAN_POINT ( 'NONE',  ( 90.00000000000000000, 8.500000000000001776, -3.099999999999984546 ) ) ;
#204 = EDGE_CURVE ( 'NONE', #445, #1050, #3038, .T. ) ;
#205 = DIRECTION ( 'NONE',  ( 0.000000000000000000, 0.000000000000000000, -1.000000000000000000 ) ) ;
#206 = ORIENTED_EDGE ( 'NONE', *, *, #2111, .T. ) ;
#207 = CARTESIAN_POINT ( 'NONE',  ( 0.000000000000000000, -7.899999999998882139, 5.199999999999795008 ) ) ;
#208 = EDGE_LOOP ( 'NONE', ( #3294, #1312, #3293, #3694 ) ) ;
#209 = LINE ( 'NONE', #786, #1968 ) ;
#210 = EDGE_LOOP ( 'NONE', ( #2421, #572, #2795, #2091 ) ) ;
#211 = ORIENTED_EDGE ( 'NONE', *, *, #2190, .T. ) ;
#212 = CARTESIAN_POINT ( 'NONE',  ( 90.00000000000000000, -5.899999999998668088, -2.010912703474289298 ) ) ;
#213 = VERTEX_POINT ( 'NONE', #942 ) ;
#214 = LINE ( 'NONE', #1051, #724 ) ;
#215 = DIRECTION ( 'NONE',  ( 0.000000000000000000, -0.7071067811865479058, -0.7071067811865472397 ) ) ;
#216 = ORIENTED_EDGE ( 'NONE', *, *, #1043, .F. ) ;
#217 = CARTESIAN_POINT ( 'NONE',  ( 90.00000000000000000, 6.472792206135768112, 5.412132034355969346 ) ) ;
#218 = CARTESIAN_POINT ( 'NONE',  ( 90.00000000000000000, -3.399999999998347011, -9.699999999999979750 ) ) ;
#219 = EDGE_LOOP ( 'NONE', ( #2294, #2017, #2547, #2418 ) ) ;
#220 = EDGE_CURVE ( 'NONE', #588, #2854, #2907, .T. ) ;
#221 = FACE_OUTER_BOUND ( 'NONE', #2465, .T. ) ;
#222 = DIRECTION ( 'NONE',  ( 0.000000000000000000, 0.000000000000000000, 1.000000000000000000 ) ) ;
#223 = ORIENTED_EDGE ( 'NONE', *, *, #3586, .T. ) ;
#224 = ORIENTED_EDGE ( 'NONE', *, *, #2544, .F. ) ;
#225 = DIRECTION ( 'NONE',  ( -0.000000000000000000, -0.000000000000000000, 1.000000000000000000 ) ) ;
#226 = EDGE_CURVE ( 'NONE', #527, #824, #1305, .T. ) ;
#227 = VERTEX_POINT ( 'NONE', #1780 ) ;
#228 = LINE ( 'NONE', #2207, #2856 ) ;
#229 = EDGE_CURVE ( 'NONE', #1458, #2943, #2077, .T. ) ;
#230 = ORIENTED_EDGE ( 'NONE', *, *, #1696, .F. ) ;
#231 = CARTESIAN_POINT ( 'NONE',  ( 90.00000000000000000, -8.499999999998504308, -10.00000000000019540 ) ) ;
#232 = LINE ( 'NONE', #3327, #2170 ) ;
#233 = AXIS2_PLACEMENT_3D ( 'NONE', #1506, #2637, #109 ) ;
#234 = ORIENTED_EDGE ( 'NONE', *, *, #1685, .T. ) ;
#235 = ORIENTED_EDGE ( 'NONE', *, *, #3547, .T. ) ;
#236 = AXIS2_PLACEMENT_3D ( 'NONE', #3639, #2476, #730 ) ;
#237 = CARTESIAN_POINT ( 'NONE',  ( 90.00000000000000000, -4.485786437625685963, -3.425126265847227458 ) ) ;
#238 = PLANE ( 'NONE',  #3225 ) ;
#239 = VERTEX_POINT ( 'NONE', #2953 ) ;
#240 = VERTEX_POINT ( 'NONE', #2339 ) ;
#241 = LINE ( 'NONE', #2514, #1269 ) ;
#242 = AXIS2_PLACEMENT_3D ( 'NONE', #2922, #1453, #2948 ) ;
#243 = LINE ( 'NONE', #3664, #1254 ) ;
#244 = ADVANCED_FACE ( 'NONE', ( #1221 ), #400, .F. ) ;
#245 = FACE_OUTER_BOUND ( 'NONE', #2471, .T. ) ;
#246 = VECTOR ( 'NONE', #1240, 1000.000000000000000 ) ;
#247 = DIRECTION ( 'NONE',  ( -0.000000000000000000, -0.000000000000000000, 1.000000000000000000 ) ) ;
#248 = AXIS2_PLACEMENT_3D ( 'NONE', #1858, #2990, #2659 ) ;
#249 = EDGE_CURVE ( 'NONE', #60, #2277, #1538, .T. ) ;
#250 = ORIENTED_EDGE ( 'NONE', *, *, #119, .F. ) ;
#251 = CARTESIAN_POINT ( 'NONE',  ( 90.00000000000000000, 5.199999999999963762, 8.199999999999963762 ) ) ;
#252 = VECTOR ( 'NONE', #569, 1000.000000000000000 ) ;
#253 = FACE_OUTER_BOUND ( 'NONE', #1468, .T. ) ;
#254 = DIRECTION ( 'NONE',  ( 0.000000000000000000, 0.000000000000000000, -1.000000000000000000 ) ) ;
#255 = VECTOR ( 'NONE', #2636, 1000.000000000000000 ) ;
#256 = VERTEX_POINT ( 'NONE', #2668 ) ;
#257 = AXIS2_PLACEMENT_3D ( 'NONE', #2010, #2858, #2543 ) ;
#258 = CARTESIAN_POINT ( 'NONE',  ( 90.00000000000000000, -2.010912703473975327, -5.900000000000023448 ) ) ;
#259 = VECTOR ( 'NONE', #3313, 1000.000000000000000 ) ;
#260 = DIRECTION ( 'NONE',  ( 0.000000000000000000, 0.000000000000000000, 1.000000000000000000 ) ) ;
#261 = ORIENTED_EDGE ( 'NONE', *, *, #3622, .F. ) ;
#262 = ORIENTED_EDGE ( 'NONE', *, *, #2706, .T. ) ;
#263 = FACE_OUTER_BOUND ( 'NONE', #2415, .T. ) ;
#264 = DIRECTION ( 'NONE',  ( -0.000000000000000000, 0.000000000000000000, 1.000000000000000000 ) ) ;
#265 = ORIENTED_EDGE ( 'NONE', *, *, #2706, .F. ) ;
#266 = DIRECTION ( 'NONE',  ( 1.000000000000000000, 0.000000000000000000, 0.000000000000000000 ) ) ;
#267 = DIRECTION ( 'NONE',  ( -1.000000000000000000, -0.000000000000000000, -0.000000000000000000 ) ) ;
#268 = EDGE_LOOP ( 'NONE', ( #1528, #1340, #290, #396 ) ) ;
#269 = CARTESIAN_POINT ( 'NONE',  ( 90.00000000000000000, 6.472792206135808080, -5.412132034355956023 ) ) ;
#270 = ORIENTED_EDGE ( 'NONE', *, *, #2985, .T. ) ;
#271 = ADVANCED_FACE ( 'NONE', ( #117 ), #358, .F. ) ;
#272 = CARTESIAN_POINT ( 'NONE',  ( 90.00000000000000000, 8.200000000000001066, -3.399999999999993250 ) ) ;
#273 = DIRECTION ( 'NONE',  ( 1.000000000000000000, 0.000000000000000000, -0.000000000000000000 ) ) ;
#274 = VERTEX_POINT ( 'NONE', #2964 ) ;
#275 = ADVANCED_FACE ( 'NONE', ( #3482 ), #924, .F. ) ;
#276 = CARTESIAN_POINT ( 'NONE',  ( 90.00000000000000000, 3.100000000000028066, -9.099999999999990763 ) ) ;
#277 = DIRECTION ( 'NONE',  ( -1.000000000000000000, -0.000000000000000000, 0.000000000000000000 ) ) ;
#278 = DIRECTION ( 'NONE',  ( 0.000000000000000000, 0.000000000000000000, 1.000000000000000000 ) ) ;
#279 = ORIENTED_EDGE ( 'NONE', *, *, #575, .F. ) ;
#280 = ORIENTED_EDGE ( 'NONE', *, *, #2498, .F. ) ;
#281 = CARTESIAN_POINT ( 'NONE',  ( 0.000000000000000000, -9.099999999998503952, -3.100000000000165290 ) ) ;
#282 = FACE_OUTER_BOUND ( 'NONE', #58, .T. ) ;
#283 = ORIENTED_EDGE ( 'NONE', *, *, #1059, .F. ) ;
#284 = DIRECTION ( 'NONE',  ( 0.000000000000000000, 0.000000000000000000, 1.000000000000000000 ) ) ;
#285 = CARTESIAN_POINT ( 'NONE',  ( 90.00000000000000000, -3.399999999999339106, 9.399999999999835154 ) ) ;
#286 = ORIENTED_EDGE ( 'NONE', *, *, #1043, .T. ) ;
#287 = DIRECTION ( 'NONE',  ( -1.000000000000000000, -0.000000000000000000, -0.000000000000000000 ) ) ;
#288 = CARTESIAN_POINT ( 'NONE',  ( 90.00000000000000000, 2.010912703474030838, -3.900000000000021672 ) ) ;
#289 = CYLINDRICAL_SURFACE ( 'NONE', #3422, 0.2999999999999530820 ) ;
#290 = ORIENTED_EDGE ( 'NONE', *, *, #1218, .F. ) ;
#291 = ADVANCED_FACE ( 'NONE', ( #3503 ), #958, .F. ) ;
#292 = ADVANCED_FACE ( 'NONE', ( #45 ), #1180, .F. ) ;
#293 = DIRECTION ( 'NONE',  ( 0.000000000000000000, 0.000000000000000000, 1.000000000000000000 ) ) ;
#294 = CARTESIAN_POINT ( 'NONE',  ( 0.000000000000000000, -3.899999999998857714, 2.010912703473775931 ) ) ;
#295 = ADVANCED_FACE ( 'NONE', ( #900 ), #2062, .F. ) ;
#296 = CARTESIAN_POINT ( 'NONE',  ( 90.00000000000000000, -6.684924240490266456, -5.500000000000119904 ) ) ;
#297 = AXIS2_PLACEMENT_3D ( 'NONE', #665, #125, #2068 ) ;
#298 = EDGE_LOOP ( 'NONE', ( #2002, #1795, #2430, #3611 ) ) ;
#299 = CARTESIAN_POINT ( 'NONE',  ( 0.000000000000000000, -3.899999999998857714, -2.010912703474289298 ) ) ;
#300 = CIRCLE ( 'NONE', #419, 0.2999999999999530820 ) ;
#301 = DIRECTION ( 'NONE',  ( -1.000000000000000000, -0.000000000000000000, -0.000000000000000000 ) ) ;
#302 = EDGE_CURVE ( 'NONE', #2079, #1430, #2440, .T. ) ;
#303 = ORIENTED_EDGE ( 'NONE', *, *, #1548, .T. ) ;
#304 = DIRECTION ( 'NONE',  ( 0.000000000000000000, 0.000000000000000000, 1.000000000000000000 ) ) ;
#305 = CARTESIAN_POINT ( 'NONE',  ( 90.00000000000000000, -4.485786437625685963, -3.425126265847227458 ) ) ;
#306 = VECTOR ( 'NONE', #3556, 1000.000000000000000 ) ;
#307 = APPLICATION_CONTEXT ( 'automotive_design' ) ;
#308 = ORIENTED_EDGE ( 'NONE', *, *, #772, .T. ) ;
#309 = CARTESIAN_POINT ( 'NONE',  ( 90.00000000000000000, 5.499999999999968026, 6.684924240491753267 ) ) ;
#310 = DIRECTION ( 'NONE',  ( 0.000000000000000000, 0.000000000000000000, -1.000000000000000000 ) ) ;
#311 = DIRECTION ( 'NONE',  ( -1.000000000000000000, -0.000000000000000000, -0.000000000000000000 ) ) ;
#312 = ORIENTED_EDGE ( 'NONE', *, *, #2754, .T. ) ;
#313 = VECTOR ( 'NONE', #2352, 1000.000000000000000 ) ;
#314 = DIRECTION ( 'NONE',  ( 0.000000000000000000, 0.000000000000000000, -1.000000000000000000 ) ) ;
#315 = DIRECTION ( 'NONE',  ( -0.000000000000000000, 1.000000000000000000, -0.000000000000000000 ) ) ;
#316 = AXIS2_PLACEMENT_3D ( 'NONE', #1167, #2598, #1445 ) ;
#317 = FACE_OUTER_BOUND ( 'NONE', #171, .T. ) ;
#318 = VECTOR ( 'NONE', #378, 1000.000000000000000 ) ;
#319 = VERTEX_POINT ( 'NONE', #2715 ) ;
#320 = FACE_OUTER_BOUND ( 'NONE', #2487, .T. ) ;
#321 = EDGE_CURVE ( 'NONE', #581, #527, #1285, .T. ) ;
#322 = CIRCLE ( 'NONE', #1514, 0.2999999999999981570 ) ;
#323 = LINE ( 'NONE', #1975, #2497 ) ;
#324 = ORIENTED_EDGE ( 'NONE', *, *, #589, .F. ) ;
#325 = CARTESIAN_POINT ( 'NONE',  ( 0.000000000000000000, 2.010912703474030838, -3.900000000000021672 ) ) ;
#326 = FACE_OUTER_BOUND ( 'NONE', #1736, .T. ) ;
#327 = AXIS2_PLACEMENT_3D ( 'NONE', #1831, #407, #2676 ) ;
#328 = ORIENTED_EDGE ( 'NONE', *, *, #1932, .F. ) ;
#329 = LINE ( 'NONE', #3096, #3534 ) ;
#330 = CARTESIAN_POINT ( 'NONE',  ( 90.00000000000000000, -5.499999999999968914, -7.899999999999983480 ) ) ;
#331 = LINE ( 'NONE', #1186, #857 ) ;
#332 = ORIENTED_EDGE ( 'NONE', *, *, #1615, .F. ) ;
#333 = LINE ( 'NONE', #1423, #1191 ) ;
#334 = CARTESIAN_POINT ( 'NONE',  ( 90.00000000000000000, 3.900000000000037215, 2.010912703474011742 ) ) ;
#335 = DIRECTION ( 'NONE',  ( -1.000000000000000000, -0.000000000000000000, 0.000000000000000000 ) ) ;
#336 = ORIENTED_EDGE ( 'NONE', *, *, #321, .T. ) ;
#337 = ORIENTED_EDGE ( 'NONE', *, *, #695, .T. ) ;
#338 = CARTESIAN_POINT ( 'NONE',  ( 0.000000000000000000, 9.400000000000000355, -3.399999999999979483 ) ) ;
#339 = ORIENTED_EDGE ( 'NONE', *, *, #1341, .F. ) ;
#340 = EDGE_CURVE ( 'NONE', #2707, #527, #2420, .T. ) ;
#341 = CARTESIAN_POINT ( 'NONE',  ( 0.000000000000000000, 7.900000000000005684, -5.499999999999984013 ) ) ;
#342 = LINE ( 'NONE', #925, #845 ) ;
#343 = EDGE_CURVE ( 'NONE', #882, #2720, #2749, .T. ) ;
#344 = ORIENTED_EDGE ( 'NONE', *, *, #2917, .F. ) ;
#345 = DIRECTION ( 'NONE',  ( 0.000000000000000000, 1.000000000000000000, 0.000000000000000000 ) ) ;
#346 = DIRECTION ( 'NONE',  ( 0.000000000000000000, 0.000000000000000000, -1.000000000000000000 ) ) ;
#347 = FACE_OUTER_BOUND ( 'NONE', #353, .T. ) ;
#348 = ORIENTED_EDGE ( 'NONE', *, *, #1531, .T. ) ;
#349 = EDGE_CURVE ( 'NONE', #860, #2236, #1850, .T. ) ;
#350 = DIRECTION ( 'NONE',  ( -1.000000000000000000, -0.000000000000000000, -0.000000000000000000 ) ) ;
#351 = CARTESIAN_POINT ( 'NONE',  ( 90.00000000000000000, 7.900000000000005684, -5.199999999999989519 ) ) ;
#352 = CARTESIAN_POINT ( 'NONE',  ( 90.00000000000000000, -3.399999999999970601, -9.399999999999970157 ) ) ;
#353 = EDGE_LOOP ( 'NONE', ( #1720, #1035, #1042, #3085 ) ) ;
#354 = DIRECTION ( 'NONE',  ( 0.000000000000000000, 0.000000000000000000, 1.000000000000000000 ) ) ;
#355 =( NAMED_UNIT ( * ) SI_UNIT ( $, .STERADIAN. ) SOLID_ANGLE_UNIT ( ) );
#356 = ORIENTED_EDGE ( 'NONE', *, *, #797, .T. ) ;
#357 = VECTOR ( 'NONE', #872, 1000.000000000000000 ) ;
#358 = PLANE ( 'NONE',  #1797 ) ;
#359 = AXIS2_PLACEMENT_3D ( 'NONE', #2389, #979, #956 ) ;
#360 = ORIENTED_EDGE ( 'NONE', *, *, #1341, .T. ) ;
#361 = AXIS2_PLACEMENT_3D ( 'NONE', #3420, #3134, #1436 ) ;
#362 = DIRECTION ( 'NONE',  ( -1.000000000000000000, -0.000000000000000000, -0.000000000000000000 ) ) ;
#363 = LINE ( 'NONE', #1504, #255 ) ;
#364 = CYLINDRICAL_SURFACE ( 'NONE', #233, 0.2999999999999947153 ) ;
#365 = EDGE_CURVE ( 'NONE', #766, #2313, #3286, .T. ) ;
#366 = ORIENTED_EDGE ( 'NONE', *, *, #1119, .F. ) ;
#367 = ORIENTED_EDGE ( 'NONE', *, *, #2145, .T. ) ;
#368 = AXIS2_PLACEMENT_3D ( 'NONE', #2042, #1767, #2850 ) ;
#369 = CARTESIAN_POINT ( 'NONE',  ( 90.00000000000000000, -9.699999999998507150, -4.000000000000163425 ) ) ;
#370 = FACE_OUTER_BOUND ( 'NONE', #2961, .T. ) ;
#371 = EDGE_CURVE ( 'NONE', #2966, #1524, #1041, .T. ) ;
#372 = PRODUCT ( '松土型材支架', '松土型材支架', '', ( #1268 ) ) ;
#373 = CIRCLE ( 'NONE', #1857, 2.000000000000003553 ) ;
#374 = DIRECTION ( 'NONE',  ( -1.000000000000000000, -0.000000000000000000, -0.000000000000000000 ) ) ;
#375 = ORIENTED_EDGE ( 'NONE', *, *, #2107, .T. ) ;
#376 = EDGE_LOOP ( 'NONE', ( #2782, #2632, #1135, #3434 ) ) ;
#377 = VECTOR ( 'NONE', #700, 1000.000000000000000 ) ;
#378 = DIRECTION ( 'NONE',  ( -1.000000000000000000, -0.000000000000000000, -0.000000000000000000 ) ) ;
#379 = CARTESIAN_POINT ( 'NONE',  ( 0.000000000000000000, -3.999999999998350209, -9.700000000000201794 ) ) ;
#380 = VERTEX_POINT ( 'NONE', #3569 ) ;
#381 = CIRCLE ( 'NONE', #1751, 1.500000000000001332 ) ;
#382 = DIRECTION ( 'NONE',  ( 1.000000000000000000, 0.000000000000000000, -0.000000000000000000 ) ) ;
#383 = AXIS2_PLACEMENT_3D ( 'NONE', #873, #16, #3166 ) ;
#384 = VECTOR ( 'NONE', #2777, 1000.000000000000000 ) ;
#385 = ORIENTED_EDGE ( 'NONE', *, *, #1814, .F. ) ;
#386 = ORIENTED_EDGE ( 'NONE', *, *, #1956, .F. ) ;
#387 = CARTESIAN_POINT ( 'NONE',  ( 0.000000000000000000, -3.425126265847070695, -4.485786437626919643 ) ) ;
#388 = DIRECTION ( 'NONE',  ( 0.000000000000000000, 0.000000000000000000, 1.000000000000000000 ) ) ;
#389 = CARTESIAN_POINT ( 'NONE',  ( 90.00000000000000000, -2.010912703473975327, -3.900000000000019007 ) ) ;
#390 = EDGE_CURVE ( 'NONE', #3378, #588, #3281, .T. ) ;
#391 = CARTESIAN_POINT ( 'NONE',  ( 90.00000000000000000, -9.399999999998511768, -3.400000000000173550 ) ) ;
#392 = DIRECTION ( 'NONE',  ( -1.000000000000000000, -0.000000000000000000, 0.000000000000000000 ) ) ;
#393 = EDGE_CURVE ( 'NONE', #2512, #60, #746, .T. ) ;
#394 = DIRECTION ( 'NONE',  ( -1.000000000000000000, -0.000000000000000000, -0.000000000000000000 ) ) ;
#395 = ORIENTED_EDGE ( 'NONE', *, *, #3318, .T. ) ;
#396 = ORIENTED_EDGE ( 'NONE', *, *, #2235, .T. ) ;
#397 = CARTESIAN_POINT ( 'NONE',  ( 90.00000000000000000, -8.499999999999294786, 8.499999999999987566 ) ) ;
#398 = DIRECTION ( 'NONE',  ( 0.000000000000000000, 0.000000000000000000, -1.000000000000000000 ) ) ;
#399 = EDGE_CURVE ( 'NONE', #3476, #2775, #1609, .T. ) ;
#400 = PLANE ( 'NONE',  #2268 ) ;
#401 = ORIENTED_EDGE ( 'NONE', *, *, #2001, .T. ) ;
#402 = VERTEX_POINT ( 'NONE', #779 ) ;
#403 = CARTESIAN_POINT ( 'NONE',  ( 90.00000000000000000, 3.400000000000026112, -8.199999999999977973 ) ) ;
#404 = DIRECTION ( 'NONE',  ( -1.000000000000000000, -0.000000000000000000, -0.000000000000000000 ) ) ;
#405 = CARTESIAN_POINT ( 'NONE',  ( 90.00000000000000000, 5.900000000000034994, -2.010912703473997976 ) ) ;
#406 = LINE ( 'NONE', #2403, #313 ) ;
#407 = DIRECTION ( 'NONE',  ( -1.000000000000000000, -0.000000000000000000, -0.000000000000000000 ) ) ;
#408 = EDGE_CURVE ( 'NONE', #2317, #1934, #963, .T. ) ;
#409 = ORIENTED_EDGE ( 'NONE', *, *, #1384, .F. ) ;
#410 = LINE ( 'NONE', #168, #2286 ) ;
#411 = EDGE_CURVE ( 'NONE', #3320, #1165, #14, .T. ) ;
#412 = DIRECTION ( 'NONE',  ( -1.000000000000000000, -0.000000000000000000, -0.000000000000000000 ) ) ;
#413 = AXIS2_PLACEMENT_3D ( 'NONE', #3449, #1990, #2838 ) ;
#414 = VERTEX_POINT ( 'NONE', #1026 ) ;
#415 = LINE ( 'NONE', #1784, #903 ) ;
#416 = CIRCLE ( 'NONE', #1490, 0.2999999999999947153 ) ;
#417 = CARTESIAN_POINT ( 'NONE',  ( 90.00000000000000000, -9.999999999999138467, 8.499999999999987566 ) ) ;
#418 = DIRECTION ( 'NONE',  ( 0.000000000000000000, 0.000000000000000000, -1.000000000000000000 ) ) ;
#419 = AXIS2_PLACEMENT_3D ( 'NONE', #1719, #301, #522 ) ;
#420 = FACE_OUTER_BOUND ( 'NONE', #3311, .T. ) ;
#421 = AXIS2_PLACEMENT_3D ( 'NONE', #1347, #2521, #489 ) ;
#422 = ORIENTED_EDGE ( 'NONE', *, *, #1620, .F. ) ;
#423 = DIRECTION ( 'NONE',  ( -1.000000000000000000, -0.000000000000000000, -0.000000000000000000 ) ) ;
#424 = VECTOR ( 'NONE', #2703, 1000.000000000000000 ) ;
#425 = APPLICATION_CONTEXT ( 'automotive_design' ) ;
#426 = EDGE_LOOP ( 'NONE', ( #19, #3677, #931, #3257 ) ) ;
#427 = DIRECTION ( 'NONE',  ( 0.000000000000000000, 0.000000000000000000, -1.000000000000000000 ) ) ;
#428 = AXIS2_PLACEMENT_3D ( 'NONE', #3512, #692, #2414 ) ;
#429 = CARTESIAN_POINT ( 'NONE',  ( 90.00000000000000000, 4.000000000000029310, -9.699999999999979750 ) ) ;
#430 = VECTOR ( 'NONE', #2579, 1000.000000000000000 ) ;
#431 = EDGE_CURVE ( 'NONE', #3162, #2079, #2167, .T. ) ;
#432 = LINE ( 'NONE', #1030, #3393 ) ;
#433 = ORIENTED_EDGE ( 'NONE', *, *, #1836, .T. ) ;
#434 = DIRECTION ( 'NONE',  ( 0.000000000000000000, -0.000000000000000000, 1.000000000000000000 ) ) ;
#435 = EDGE_CURVE ( 'NONE', #3323, #1406, #1427, .T. ) ;
#436 = AXIS2_PLACEMENT_3D ( 'NONE', #1267, #2407, #3555 ) ;
#437 = CARTESIAN_POINT ( 'NONE',  ( 90.00000000000000000, 8.199999999999972644, 3.400000000000007017 ) ) ;
#438 = CARTESIAN_POINT ( 'NONE',  ( 90.00000000000000000, 5.412132034355938259, 6.472792206135773441 ) ) ;
#439 = VECTOR ( 'NONE', #1732, 1000.000000000000000 ) ;
#440 = FACE_OUTER_BOUND ( 'NONE', #3129, .T. ) ;
#441 = FACE_OUTER_BOUND ( 'NONE', #219, .T. ) ;
#442 = VERTEX_POINT ( 'NONE', #1319 ) ;
#443 = DIRECTION ( 'NONE',  ( 0.000000000000000000, -0.000000000000000000, -1.000000000000000000 ) ) ;
#444 = CARTESIAN_POINT ( 'NONE',  ( 90.00000000000000000, 9.100000000000004974, -3.099999999999984546 ) ) ;
#445 = VERTEX_POINT ( 'NONE', #3604 ) ;
#446 = CARTESIAN_POINT ( 'NONE',  ( 90.00000000000000000, 10.00000000000002487, -8.499999999999987566 ) ) ;
#447 = ADVANCED_FACE ( 'NONE', ( #2184 ), #3315, .F. ) ;
#448 = EDGE_CURVE ( 'NONE', #1949, #1306, #477, .T. ) ;
#449 = DIRECTION ( 'NONE',  ( 0.000000000000000000, 0.000000000000000000, -1.000000000000000000 ) ) ;
#450 = CARTESIAN_POINT ( 'NONE',  ( 90.00000000000000000, -3.399999999999282263, 8.500000000000209610 ) ) ;
#451 = DIRECTION ( 'NONE',  ( -1.000000000000000000, -0.000000000000000000, -0.000000000000000000 ) ) ;
#452 = ADVANCED_FACE ( 'NONE', ( #2978 ), #3618, .F. ) ;
#453 = EDGE_LOOP ( 'NONE', ( #2916, #837, #2114, #2178 ) ) ;
#454 = DIRECTION ( 'NONE',  ( 0.000000000000000000, -0.000000000000000000, -1.000000000000000000 ) ) ;
#455 = EDGE_CURVE ( 'NONE', #3346, #1157, #1199, .T. ) ;
#456 = ORIENTED_EDGE ( 'NONE', *, *, #3279, .T. ) ;
#457 = DIRECTION ( 'NONE',  ( 1.000000000000000000, 0.000000000000000000, -0.000000000000000000 ) ) ;
#458 = FACE_OUTER_BOUND ( 'NONE', #1375, .T. ) ;
#459 = ADVANCED_FACE ( 'NONE', ( #155 ), #2563, .F. ) ;
#460 = ORIENTED_EDGE ( 'NONE', *, *, #2859, .T. ) ;
#461 = CARTESIAN_POINT ( 'NONE',  ( 90.00000000000000000, -3.999999999999290790, 9.999999999999822364 ) ) ;
#462 = CARTESIAN_POINT ( 'NONE',  ( 90.00000000000000000, -5.199999999999971756, -6.684924240491753267 ) ) ;
#463 = ORIENTED_EDGE ( 'NONE', *, *, #2011, .T. ) ;
#464 = CARTESIAN_POINT ( 'NONE',  ( 90.00000000000000000, 9.099999999999978328, 3.100000000000012523 ) ) ;
#465 = CARTESIAN_POINT ( 'NONE',  ( 90.00000000000000000, 4.000000000000029310, -9.699999999999979750 ) ) ;
#466 = DIRECTION ( 'NONE',  ( -1.000000000000000000, -0.000000000000000000, -0.000000000000000000 ) ) ;
#467 = ORIENTED_EDGE ( 'NONE', *, *, #1814, .T. ) ;
#468 = AXIS2_PLACEMENT_3D ( 'NONE', #1405, #2539, #3124 ) ;
#469 = LINE ( 'NONE', #176, #3230 ) ;
#470 = ORIENTED_EDGE ( 'NONE', *, *, #3148, .T. ) ;
#471 = EDGE_CURVE ( 'NONE', #3405, #53, #1432, .T. ) ;
#472 = DIRECTION ( 'NONE',  ( 1.000000000000000000, 0.000000000000000000, 0.000000000000000000 ) ) ;
#473 = LINE ( 'NONE', #1039, #30 ) ;
#474 = VECTOR ( 'NONE', #1159, 1000.000000000000000 ) ;
#475 = AXIS2_PLACEMENT_3D ( 'NONE', #4, #3153, #601 ) ;
#476 = DIRECTION ( 'NONE',  ( 0.000000000000000000, 0.000000000000000000, -1.000000000000000000 ) ) ;
#477 = LINE ( 'NONE', #1339, #306 ) ;
#478 = EDGE_LOOP ( 'NONE', ( #1037, #1000, #1758, #817 ) ) ;
#479 = VECTOR ( 'NONE', #2936, 1000.000000000000000 ) ;
#480 = PLANE ( 'NONE',  #3157 ) ;
#481 = EDGE_LOOP ( 'NONE', ( #1989, #1770, #1335, #44 ) ) ;
#482 = CIRCLE ( 'NONE', #2278, 0.3000000000000059841 ) ;
#483 = AXIS2_PLACEMENT_3D ( 'NONE', #462, #2473, #2459 ) ;
#484 = VERTEX_POINT ( 'NONE', #801 ) ;
#485 = LINE ( 'NONE', #2478, #1078 ) ;
#486 = VECTOR ( 'NONE', #512, 1000.000000000000000 ) ;
#487 = AXIS2_PLACEMENT_3D ( 'NONE', #1355, #2425, #3375 ) ;
#488 = VERTEX_POINT ( 'NONE', #2489 ) ;
#489 = DIRECTION ( 'NONE',  ( 0.000000000000000000, 0.000000000000000000, 1.000000000000000000 ) ) ;
#490 = ORIENTED_EDGE ( 'NONE', *, *, #1788, .T. ) ;
#491 = ORIENTED_EDGE ( 'NONE', *, *, #2751, .F. ) ;
#492 = DIRECTION ( 'NONE',  ( 0.000000000000000000, 0.000000000000000000, -1.000000000000000000 ) ) ;
#493 = PLANE ( 'NONE',  #1922 ) ;
#494 = VECTOR ( 'NONE', #574, 1000.000000000000000 ) ;
#495 = ORIENTED_EDGE ( 'NONE', *, *, #399, .F. ) ;
#496 = EDGE_CURVE ( 'NONE', #3579, #918, #968, .T. ) ;
#497 = VECTOR ( 'NONE', #1245, 1000.000000000000000 ) ;
#498 = LINE ( 'NONE', #2237, #556 ) ;
#499 = ADVANCED_FACE ( 'NONE', ( #2545 ), #1656, .F. ) ;
#500 = DIRECTION ( 'NONE',  ( 0.000000000000000000, 0.000000000000000000, -1.000000000000000000 ) ) ;
#501 = VERTEX_POINT ( 'NONE', #296 ) ;
#502 =( NAMED_UNIT ( * ) SI_UNIT ( $, .STERADIAN. ) SOLID_ANGLE_UNIT ( ) );
#503 = CARTESIAN_POINT ( 'NONE',  ( 90.00000000000000000, -8.199999999998881961, 5.199999999999795008 ) ) ;
#504 = ADVANCED_FACE ( 'NONE', ( #3128 ), #1948, .F. ) ;
#505 = ORIENTED_EDGE ( 'NONE', *, *, #2747, .T. ) ;
#506 = ORIENTED_EDGE ( 'NONE', *, *, #70, .T. ) ;
#507 = DIRECTION ( 'NONE',  ( 1.000000000000000000, 0.000000000000000000, -0.000000000000000000 ) ) ;
#508 = ORIENTED_EDGE ( 'NONE', *, *, #3374, .T. ) ;
#509 = VERTEX_POINT ( 'NONE', #1156 ) ;
#510 = DIRECTION ( 'NONE',  ( -1.000000000000000000, -0.000000000000000000, -0.000000000000000000 ) ) ;
#511 = ORIENTED_EDGE ( 'NONE', *, *, #33, .T. ) ;
#512 = DIRECTION ( 'NONE',  ( 0.000000000000000000, 1.000000000000000000, 0.000000000000000000 ) ) ;
#513 = CARTESIAN_POINT ( 'NONE',  ( 0.000000000000000000, 3.399999999999953282, 9.400000000000012790 ) ) ;
#514 = ORIENTED_EDGE ( 'NONE', *, *, #1664, .F. ) ;
#515 = CARTESIAN_POINT ( 'NONE',  ( 90.00000000000000000, 3.399999999999960387, 8.199999999999963762 ) ) ;
#516 = ADVANCED_FACE ( 'NONE', ( #1373 ), #238, .F. ) ;
#517 = CARTESIAN_POINT ( 'NONE',  ( 90.00000000000000000, -5.200000000000025935, 6.684924240491656455 ) ) ;
#518 = ORIENTED_EDGE ( 'NONE', *, *, #365, .F. ) ;
#519 = ORIENTED_EDGE ( 'NONE', *, *, #349, .T. ) ;
#520 =( LENGTH_UNIT ( ) NAMED_UNIT ( * ) SI_UNIT ( .MILLI., .METRE. ) );
#521 = EDGE_CURVE ( 'NONE', #1157, #3253, #1700, .T. ) ;
#522 = DIRECTION ( 'NONE',  ( 0.000000000000000000, 0.000000000000000000, -1.000000000000000000 ) ) ;
#523 = DIRECTION ( 'NONE',  ( 0.000000000000000000, 0.000000000000000000, -1.000000000000000000 ) ) ;
#524 = PLANE ( 'NONE',  #189 ) ;
#525 = VERTEX_POINT ( 'NONE', #2297 ) ;
#526 = LINE ( 'NONE', #3006, #2499 ) ;
#527 = VERTEX_POINT ( 'NONE', #3660 ) ;
#528 = PLANE ( 'NONE',  #3236 ) ;
#529 = DIRECTION ( 'NONE',  ( 0.000000000000000000, 0.000000000000000000, 1.000000000000000000 ) ) ;
#530 = CIRCLE ( 'NONE', #1957, 0.2999999999999999334 ) ;
#531 = EDGE_LOOP ( 'NONE', ( #3453, #3066, #491, #2810 ) ) ;
#532 = STYLED_ITEM ( 'NONE', ( #116 ), #3030 ) ;
#533 = FACE_OUTER_BOUND ( 'NONE', #879, .T. ) ;
#534 = CARTESIAN_POINT ( 'NONE',  ( 90.00000000000000000, 4.000000000000029310, -9.999999999999987566 ) ) ;
#535 = EDGE_LOOP ( 'NONE', ( #463, #3554, #2036, #2447 ) ) ;
#536 = ORIENTED_EDGE ( 'NONE', *, *, #2078, .F. ) ;
#537 = CARTESIAN_POINT ( 'NONE',  ( 90.00000000000000000, 5.499999999999965361, 7.899999999999969269 ) ) ;
#538 = LINE ( 'NONE', #862, #1849 ) ;
#539 = EDGE_CURVE ( 'NONE', #1501, #2128, #3335, .T. ) ;
#540 = CARTESIAN_POINT ( 'NONE',  ( 90.00000000000000000, 8.500000000000001776, -3.099999999999984546 ) ) ;
#541 = VECTOR ( 'NONE', #3627, 1000.000000000000000 ) ;
#542 = CARTESIAN_POINT ( 'NONE',  ( 90.00000000000000000, 3.900000000000037215, 2.010912703474011742 ) ) ;
#543 = CIRCLE ( 'NONE', #1622, 0.2999999999999877764 ) ;
#544 = CIRCLE ( 'NONE', #2158, 0.3000000000000033751 ) ;
#545 = ADVANCED_FACE ( 'NONE', ( #874 ), #2780, .F. ) ;
#546 = ORIENTED_EDGE ( 'NONE', *, *, #707, .T. ) ;
#547 = CYLINDRICAL_SURFACE ( 'NONE', #134, 0.3000000000000016542 ) ;
#548 = VECTOR ( 'NONE', #2366, 1000.000000000000000 ) ;
#549 = ORIENTED_EDGE ( 'NONE', *, *, #3494, .T. ) ;
#550 = CARTESIAN_POINT ( 'NONE',  ( 90.00000000000000000, -5.899999999998668088, -2.010912703474289298 ) ) ;
#551 = EDGE_CURVE ( 'NONE', #2467, #2168, #71, .T. ) ;
#552 = DIRECTION ( 'NONE',  ( -1.000000000000000000, -0.000000000000000000, -0.000000000000000000 ) ) ;
#553 = VECTOR ( 'NONE', #1718, 1000.000000000000000 ) ;
#554 = ORIENTED_EDGE ( 'NONE', *, *, #102, .T. ) ;
#555 = DIRECTION ( 'NONE',  ( -1.000000000000000000, -0.000000000000000000, -0.000000000000000000 ) ) ;
#556 = VECTOR ( 'NONE', #1674, 1000.000000000000000 ) ;
#557 = DIRECTION ( 'NONE',  ( 0.000000000000000000, 0.000000000000000000, 1.000000000000000000 ) ) ;
#558 = DIRECTION ( 'NONE',  ( -1.000000000000000000, -0.000000000000000000, -0.000000000000000000 ) ) ;
#559 = VERTEX_POINT ( 'NONE', #1992 ) ;
#560 = ORIENTED_EDGE ( 'NONE', *, *, #3016, .F. ) ;
#561 = LINE ( 'NONE', #3086, #679 ) ;
#562 = CYLINDRICAL_SURFACE ( 'NONE', #2264, 0.3000000000000085931 ) ;
#563 = CARTESIAN_POINT ( 'NONE',  ( 0.000000000000000000, -5.412132034355992438, 6.472792206135689952 ) ) ;
#564 = CARTESIAN_POINT ( 'NONE',  ( 90.00000000000000000, -2.010912703473975327, -3.900000000000019007 ) ) ;
#565 = EDGE_CURVE ( 'NONE', #3506, #2020, #129, .T. ) ;
#566 = ADVANCED_FACE ( 'NONE', ( #3676 ), #1114, .F. ) ;
#567 = ORIENTED_EDGE ( 'NONE', *, *, #1238, .F. ) ;
#568 = CARTESIAN_POINT ( 'NONE',  ( 90.00000000000000000, -9.699999999998889066, 3.399999999999784972 ) ) ;
#569 = DIRECTION ( 'NONE',  ( 0.000000000000000000, 0.7071067811865479058, -0.7071067811865472397 ) ) ;
#570 = CARTESIAN_POINT ( 'NONE',  ( 90.00000000000000000, 8.199999999999972644, 3.400000000000007017 ) ) ;
#571 = EDGE_CURVE ( 'NONE', #2007, #178, #576, .T. ) ;
#572 = ORIENTED_EDGE ( 'NONE', *, *, #166, .F. ) ;
#573 = CARTESIAN_POINT ( 'NONE',  ( 90.00000000000000000, 3.700000000000021050, -9.699999999999979750 ) ) ;
#574 = DIRECTION ( 'NONE',  ( -1.000000000000000000, -0.000000000000000000, -0.000000000000000000 ) ) ;
#575 = EDGE_CURVE ( 'NONE', #653, #948, #1716, .T. ) ;
#576 = LINE ( 'NONE', #2766, #3032 ) ;
#577 = VERTEX_POINT ( 'NONE', #3371 ) ;
#578 = ORIENTED_EDGE ( 'NONE', *, *, #448, .T. ) ;
#579 = CARTESIAN_POINT ( 'NONE',  ( 90.00000000000000000, -8.199999999998510702, -5.200000000000169820 ) ) ;
#580 = DIRECTION ( 'NONE',  ( -1.000000000000000000, -0.000000000000000000, -0.000000000000000000 ) ) ;
#581 = VERTEX_POINT ( 'NONE', #1076 ) ;
#582 = CARTESIAN_POINT ( 'NONE',  ( 90.00000000000000000, -9.699999999998500044, -3.700000000000161382 ) ) ;
#583 = CARTESIAN_POINT ( 'NONE',  ( 90.00000000000000000, -3.099999999999386358, 9.099999999999837996 ) ) ;
#584 = ORIENTED_EDGE ( 'NONE', *, *, #943, .T. ) ;
#585 = DIRECTION ( 'NONE',  ( -1.000000000000000000, -0.000000000000000000, -0.000000000000000000 ) ) ;
#586 = CARTESIAN_POINT ( 'NONE',  ( 90.00000000000000000, -5.199999999999279865, 8.200000000000304823 ) ) ;
#587 = DIRECTION ( 'NONE',  ( -1.000000000000000000, -0.000000000000000000, -0.000000000000000000 ) ) ;
#588 = VERTEX_POINT ( 'NONE', #2219 ) ;
#589 = EDGE_CURVE ( 'NONE', #1825, #789, #3094, .T. ) ;
#590 = LINE ( 'NONE', #2542, #2024 ) ;
#591 = DIRECTION ( 'NONE',  ( -1.000000000000000000, -0.000000000000000000, -0.000000000000000000 ) ) ;
#592 = ADVANCED_FACE ( 'NONE', ( #317 ), #674, .T. ) ;
#593 = DIRECTION ( 'NONE',  ( 0.000000000000000000, 0.000000000000000000, 1.000000000000000000 ) ) ;
#594 = VECTOR ( 'NONE', #648, 1000.000000000000000 ) ;
#595 = VERTEX_POINT ( 'NONE', #637 ) ;
#596 = EDGE_LOOP ( 'NONE', ( #2357, #1766, #2069, #3372, #1811, #1018, #783, #3044, #3619, #3175, #332, #1435, #1994, #976, #3486, #2249, #2564, #846, #1516, #2950, #605, #1201, #1454, #2827, #2732, #1393, #224, #3133, #3390, #1196, #2032, #1056, #2460, #1031, #3009, #1176, #3367, #1683, #1523, #668, #2427, #1379, #3329, #654, #3116, #536, #1497, #1776, #2206, #1247, #2254, #1540, #2531, #1884, #2228, #802, #2862, #1236, #1889, #1757, #936, #2879, #2364, #1232, #1104, #1216, #1678, #1160, #3238, #1613, #518, #2014, #199, #2925, #2640, #3017, #2134, #3557, #2048, #1919, #3083, #41, #422, #2554, #1657, #2605, #1193, #909, #3414, #80, #1702, #2806, #1128, #3655, #774, #2664, #2409, #1369, #634, #2234, #1610, #2522, #328, #2259 ) ) ;
#597 = DIRECTION ( 'NONE',  ( 1.000000000000000000, 0.000000000000000000, 0.000000000000000000 ) ) ;
#598 = CIRCLE ( 'NONE', #898, 0.2999999999999981570 ) ;
#599 = CARTESIAN_POINT ( 'NONE',  ( 0.000000000000000000, 3.399999999999956835, 9.099999999999976552 ) ) ;
#600 = VERTEX_POINT ( 'NONE', #2883 ) ;
#601 = DIRECTION ( 'NONE',  ( 0.000000000000000000, 0.000000000000000000, -1.000000000000000000 ) ) ;
#602 = DIRECTION ( 'NONE',  ( 0.000000000000000000, 0.000000000000000000, 1.000000000000000000 ) ) ;
#603 = AXIS2_PLACEMENT_3D ( 'NONE', #753, #3324, #1904 ) ;
#604 = AXIS2_PLACEMENT_3D ( 'NONE', #945, #2135, #3268 ) ;
#605 = ORIENTED_EDGE ( 'NONE', *, *, #2214, .F. ) ;
#606 = DIRECTION ( 'NONE',  ( 0.000000000000000000, 0.000000000000000000, 1.000000000000000000 ) ) ;
#607 = LINE ( 'NONE', #3139, #3350 ) ;
#608 = CIRCLE ( 'NONE', #3406, 0.2999999999999981570 ) ;
#609 = CARTESIAN_POINT ( 'NONE',  ( 90.00000000000000000, -9.999999999999138467, 8.499999999999987566 ) ) ;
#610 = EDGE_LOOP ( 'NONE', ( #2582, #85, #3521, #1462 ) ) ;
#611 = CIRCLE ( 'NONE', #1376, 0.3000000000000016542 ) ;
#612 = DIRECTION ( 'NONE',  ( 0.000000000000000000, 0.000000000000000000, -1.000000000000000000 ) ) ;
#613 = ORIENTED_EDGE ( 'NONE', *, *, #2820, .T. ) ;
#614 = LINE ( 'NONE', #3127, #2348 ) ;
#615 = VECTOR ( 'NONE', #1542, 1000.000000000000000 ) ;
#616 = EDGE_CURVE ( 'NONE', #2793, #1101, #2331, .T. ) ;
#617 = DIRECTION ( 'NONE',  ( 0.000000000000000000, 0.000000000000000000, 1.000000000000000000 ) ) ;
#618 =( GEOMETRIC_REPRESENTATION_CONTEXT ( 3 ) GLOBAL_UNCERTAINTY_ASSIGNED_CONTEXT ( ( #1356 ) ) GLOBAL_UNIT_ASSIGNED_CONTEXT ( ( #520, #1117, #502 ) ) REPRESENTATION_CONTEXT ( 'NONE', 'WORKASPACE' ) );
#619 = ORIENTED_EDGE ( 'NONE', *, *, #2670, .T. ) ;
#620 = ORIENTED_EDGE ( 'NONE', *, *, #431, .F. ) ;
#621 = CARTESIAN_POINT ( 'NONE',  ( 90.00000000000000000, 6.684924240491772807, -5.199999999999989519 ) ) ;
#622 = EDGE_CURVE ( 'NONE', #65, #1942, #1213, .T. ) ;
#623 = CIRCLE ( 'NONE', #3180, 1.999999999999999556 ) ;
#624 = DIRECTION ( 'NONE',  ( -0.000000000000000000, 1.000000000000000000, -0.000000000000000000 ) ) ;
#625 = VERTEX_POINT ( 'NONE', #1792 ) ;
#626 = CARTESIAN_POINT ( 'NONE',  ( 0.000000000000000000, -3.399999999999282263, 8.500000000000209610 ) ) ;
#627 = LINE ( 'NONE', #583, #3345 ) ;
#628 = ADVANCED_FACE ( 'NONE', ( #3496 ), #2646, .T. ) ;
#629 = ORIENTED_EDGE ( 'NONE', *, *, #2822, .T. ) ;
#630 = CARTESIAN_POINT ( 'NONE',  ( 90.00000000000000000, -9.399999999998886580, 3.399999999999784972 ) ) ;
#631 = CARTESIAN_POINT ( 'NONE',  ( 90.00000000000000000, -6.684924240490608405, 5.199999999999795008 ) ) ;
#632 = DIRECTION ( 'NONE',  ( -0.000000000000000000, -1.000000000000000000, -0.000000000000000000 ) ) ;
#633 = ORIENTED_EDGE ( 'NONE', *, *, #2164, .T. ) ;
#634 = ORIENTED_EDGE ( 'NONE', *, *, #3318, .F. ) ;
#635 = CARTESIAN_POINT ( 'NONE',  ( 0.000000000000000000, 3.425126265847082685, 4.485786437626919643 ) ) ;
#636 = CARTESIAN_POINT ( 'NONE',  ( 0.000000000000000000, -8.199999999998505373, -3.400000000000173550 ) ) ;
#637 = CARTESIAN_POINT ( 'NONE',  ( 0.000000000000000000, 8.499999999999932498, 10.00000000000001243 ) ) ;
#638 = ORIENTED_EDGE ( 'NONE', *, *, #2661, .T. ) ;
#639 = EDGE_LOOP ( 'NONE', ( #962, #2495, #620, #964 ) ) ;
#640 = CARTESIAN_POINT ( 'NONE',  ( 0.000000000000000000, -5.204170427930421283E-14, 2.500000000000068390 ) ) ;
#641 = ADVANCED_FACE ( 'NONE', ( #3514 ), #1774, .T. ) ;
#642 = ORIENTED_EDGE ( 'NONE', *, *, #2437, .T. ) ;
#643 = CARTESIAN_POINT ( 'NONE',  ( 90.00000000000000000, 3.399999999999960387, 8.499999999999959144 ) ) ;
#644 = ADVANCED_FACE ( 'NONE', ( #2054 ), #2332, .F. ) ;
#645 = ORIENTED_EDGE ( 'NONE', *, *, #1395, .F. ) ;
#646 = CARTESIAN_POINT ( 'NONE',  ( 90.00000000000000000, 3.425126265847124429, -4.485786437626919643 ) ) ;
#647 = CARTESIAN_POINT ( 'NONE',  ( 0.000000000000000000, -8.499999999998504308, -10.00000000000019540 ) ) ;
#648 = DIRECTION ( 'NONE',  ( -1.000000000000000000, -0.000000000000000000, -0.000000000000000000 ) ) ;
#649 = ORIENTED_EDGE ( 'NONE', *, *, #3368, .F. ) ;
#650 = CARTESIAN_POINT ( 'NONE',  ( 90.00000000000000000, -5.204170427930421283E-14, 5.204170427930421283E-14 ) ) ;
#651 = LINE ( 'NONE', #2562, #2515 ) ;
#652 = DIRECTION ( 'NONE',  ( -0.000000000000000000, 0.000000000000000000, 1.000000000000000000 ) ) ;
#653 = VERTEX_POINT ( 'NONE', #112 ) ;
#654 = ORIENTED_EDGE ( 'NONE', *, *, #1556, .F. ) ;
#655 = CARTESIAN_POINT ( 'NONE',  ( 90.00000000000000000, -9.099999999998503952, -3.100000000000165290 ) ) ;
#656 = VERTEX_POINT ( 'NONE', #39 ) ;
#657 = AXIS2_PLACEMENT_3D ( 'NONE', #3317, #170, #1342 ) ;
#658 = DIRECTION ( 'NONE',  ( 0.000000000000000000, -1.000000000000000000, 0.000000000000000000 ) ) ;
#659 =( GEOMETRIC_REPRESENTATION_CONTEXT ( 3 ) GLOBAL_UNCERTAINTY_ASSIGNED_CONTEXT ( ( #926 ) ) GLOBAL_UNIT_ASSIGNED_CONTEXT ( ( #2650, #1178, #355 ) ) REPRESENTATION_CONTEXT ( 'NONE', 'WORKASPACE' ) );
#660 = EDGE_CURVE ( 'NONE', #1581, #3287, #1739, .T. ) ;
#661 = EDGE_LOOP ( 'NONE', ( #2193, #1302, #230, #1603 ) ) ;
#662 = VECTOR ( 'NONE', #2408, 1000.000000000000000 ) ;
#663 = DIRECTION ( 'NONE',  ( -0.000000000000000000, 1.000000000000000000, -0.000000000000000000 ) ) ;
#664 = DIRECTION ( 'NONE',  ( 1.000000000000000000, 0.000000000000000000, -0.000000000000000000 ) ) ;
#665 = CARTESIAN_POINT ( 'NONE',  ( 90.00000000000000000, 9.999999999999955591, 8.500000000000014211 ) ) ;
#666 = AXIS2_PLACEMENT_3D ( 'NONE', #2385, #335, #891 ) ;
#667 = ADVANCED_FACE ( 'NONE', ( #1513 ), #56, .T. ) ;
#668 = ORIENTED_EDGE ( 'NONE', *, *, #3392, .F. ) ;
#669 = AXIS2_PLACEMENT_3D ( 'NONE', #3559, #1804, #2398 ) ;
#670 = CARTESIAN_POINT ( 'NONE',  ( 90.00000000000000000, -8.199999999998881961, 3.399999999999799183 ) ) ;
#671 = DIRECTION ( 'NONE',  ( 0.000000000000000000, 0.000000000000000000, -1.000000000000000000 ) ) ;
#672 = CIRCLE ( 'NONE', #2685, 2.000000000000016431 ) ;
#673 = AXIS2_PLACEMENT_3D ( 'NONE', #643, #136, #1006 ) ;
#674 = CYLINDRICAL_SURFACE ( 'NONE', #2393, 0.3000000000000085931 ) ;
#675 = VERTEX_POINT ( 'NONE', #1246 ) ;
#676 = ORIENTED_EDGE ( 'NONE', *, *, #1313, .T. ) ;
#677 = VECTOR ( 'NONE', #2194, 1000.000000000000000 ) ;
#678 = FACE_OUTER_BOUND ( 'NONE', #1964, .T. ) ;
#679 = VECTOR ( 'NONE', #1681, 1000.000000000000000 ) ;
#680 = DIRECTION ( 'NONE',  ( -1.000000000000000000, -0.000000000000000000, -0.000000000000000000 ) ) ;
#681 = ORIENTED_EDGE ( 'NONE', *, *, #1439, .F. ) ;
#682 = AXIS2_PLACEMENT_3D ( 'NONE', #2330, #3471, #3188 ) ;
#683 = AXIS2_PLACEMENT_3D ( 'NONE', #12, #273, #1149 ) ;
#684 = ORIENTED_EDGE ( 'NONE', *, *, #2894, .T. ) ;
#685 = ORIENTED_EDGE ( 'NONE', *, *, #3084, .F. ) ;
#686 = DIRECTION ( 'NONE',  ( 0.000000000000000000, 0.000000000000000000, 1.000000000000000000 ) ) ;
#687 = EDGE_CURVE ( 'NONE', #3343, #2520, #952, .T. ) ;
#688 = FACE_OUTER_BOUND ( 'NONE', #2406, .T. ) ;
#689 = DIRECTION ( 'NONE',  ( 1.000000000000000000, 0.000000000000000000, 0.000000000000000000 ) ) ;
#690 = EDGE_CURVE ( 'NONE', #1934, #937, #3226, .T. ) ;
#691 = EDGE_CURVE ( 'NONE', #2007, #174, #3585, .T. ) ;
#692 = DIRECTION ( 'NONE',  ( -0.000000000000000000, 1.000000000000000000, 0.000000000000000000 ) ) ;
#693 = PLANE ( 'NONE',  #1982 ) ;
#694 = EDGE_LOOP ( 'NONE', ( #3067, #3498, #2619, #1233 ) ) ;
#695 = EDGE_CURVE ( 'NONE', #1430, #785, #975, .T. ) ;
#696 = FACE_OUTER_BOUND ( 'NONE', #93, .T. ) ;
#697 = CARTESIAN_POINT ( 'NONE',  ( 90.00000000000000000, 5.199999999999966427, 7.899999999999969269 ) ) ;
#698 = ORIENTED_EDGE ( 'NONE', *, *, #1464, .T. ) ;
#699 = DIRECTION ( 'NONE',  ( 0.000000000000000000, 1.000000000000000000, 0.000000000000000000 ) ) ;
#700 = DIRECTION ( 'NONE',  ( -1.000000000000000000, -0.000000000000000000, -0.000000000000000000 ) ) ;
#701 = FACE_OUTER_BOUND ( 'NONE', #1771, .T. ) ;
#702 = CARTESIAN_POINT ( 'NONE',  ( 90.00000000000000000, 3.699999999999902922, 9.699999999999965539 ) ) ;
#703 = CARTESIAN_POINT ( 'NONE',  ( 90.00000000000000000, -8.499999999999284128, 9.999999999999822364 ) ) ;
#704 = ADVANCED_FACE ( 'NONE', ( #2860 ), #3451, .F. ) ;
#705 = VERTEX_POINT ( 'NONE', #3169 ) ;
#706 = DIRECTION ( 'NONE',  ( -0.000000000000000000, -0.000000000000000000, -1.000000000000000000 ) ) ;
#707 = EDGE_CURVE ( 'NONE', #749, #3073, #2604, .T. ) ;
#708 = CARTESIAN_POINT ( 'NONE',  ( 90.00000000000000000, -5.204170427930421283E-14, 5.204170427930421283E-14 ) ) ;
#709 = CIRCLE ( 'NONE', #2781, 0.3000000000000033751 ) ;
#710 = LINE ( 'NONE', #3029, #3332 ) ;
#711 = CARTESIAN_POINT ( 'NONE',  ( 90.00000000000000000, 3.425126265847082685, 4.485786437626919643 ) ) ;
#712 = CARTESIAN_POINT ( 'NONE',  ( 90.00000000000000000, 9.999999999999955591, 8.500000000000014211 ) ) ;
#713 = VECTOR ( 'NONE', #747, 1000.000000000000000 ) ;
#714 = DIRECTION ( 'NONE',  ( -1.000000000000000000, -0.000000000000000000, -0.000000000000000000 ) ) ;
#715 = DIRECTION ( 'NONE',  ( -1.000000000000000000, -0.000000000000000000, -0.000000000000000000 ) ) ;
#716 = DIRECTION ( 'NONE',  ( 0.000000000000000000, 0.000000000000000000, -1.000000000000000000 ) ) ;
#717 = AXIS2_PLACEMENT_3D ( 'NONE', #1875, #2192, #454 ) ;
#718 = ORIENTED_EDGE ( 'NONE', *, *, #1947, .F. ) ;
#719 = DIRECTION ( 'NONE',  ( -1.000000000000000000, -0.000000000000000000, -0.000000000000000000 ) ) ;
#720 = VECTOR ( 'NONE', #2424, 999.9999999999998863 ) ;
#721 = ORIENTED_EDGE ( 'NONE', *, *, #1986, .T. ) ;
#722 = LINE ( 'NONE', #1847, #2110 ) ;
#723 = ADVANCED_FACE ( 'NONE', ( #1491 ), #1308, .T. ) ;
#724 = VECTOR ( 'NONE', #3059, 1000.000000000000000 ) ;
#725 = EDGE_CURVE ( 'NONE', #21, #3316, #228, .T. ) ;
#726 = CARTESIAN_POINT ( 'NONE',  ( 0.000000000000000000, 7.899999999999971045, 5.500000000000011546 ) ) ;
#727 = CIRCLE ( 'NONE', #1380, 2.000000000000004441 ) ;
#728 = ADVANCED_FACE ( 'NONE', ( #3364 ), #3668, .F. ) ;
#729 = VECTOR ( 'NONE', #1951, 1000.000000000000000 ) ;
#730 = DIRECTION ( 'NONE',  ( 0.000000000000000000, 0.000000000000000000, 1.000000000000000000 ) ) ;
#731 = ORIENTED_EDGE ( 'NONE', *, *, #2052, .T. ) ;
#732 = CARTESIAN_POINT ( 'NONE',  ( 0.000000000000000000, 8.499999999999982236, 3.100000000000008971 ) ) ;
#733 = VECTOR ( 'NONE', #1352, 1000.000000000000000 ) ;
#734 = EDGE_CURVE ( 'NONE', #3463, #3632, #3596, .T. ) ;
#735 = DIRECTION ( 'NONE',  ( 0.000000000000000000, 0.000000000000000000, 1.000000000000000000 ) ) ;
#736 = DIRECTION ( 'NONE',  ( 0.000000000000000000, 0.000000000000000000, -1.000000000000000000 ) ) ;
#737 = VECTOR ( 'NONE', #2109, 1000.000000000000000 ) ;
#738 = ORIENTED_EDGE ( 'NONE', *, *, #1005, .F. ) ;
#739 = FACE_OUTER_BOUND ( 'NONE', #268, .T. ) ;
#740 = ORIENTED_EDGE ( 'NONE', *, *, #2754, .F. ) ;
#741 = DIRECTION ( 'NONE',  ( -0.000000000000000000, -0.000000000000000000, -1.000000000000000000 ) ) ;
#742 = CARTESIAN_POINT ( 'NONE',  ( 90.00000000000000000, 3.400000000000026112, -9.699999999999979750 ) ) ;
#743 = ORIENTED_EDGE ( 'NONE', *, *, #2392, .F. ) ;
#744 = VERTEX_POINT ( 'NONE', #1105 ) ;
#745 = CARTESIAN_POINT ( 'NONE',  ( 90.00000000000000000, -2.010912703473975327, -5.900000000000023448 ) ) ;
#746 = LINE ( 'NONE', #444, #1623 ) ;
#747 = DIRECTION ( 'NONE',  ( -1.000000000000000000, -0.000000000000000000, -0.000000000000000000 ) ) ;
#748 = ADVANCED_FACE ( 'NONE', ( #2501 ), #2448, .F. ) ;
#749 = VERTEX_POINT ( 'NONE', #1049 ) ;
#750 = CARTESIAN_POINT ( 'NONE',  ( 90.00000000000000000, -3.099999999999972555, -8.499999999999987566 ) ) ;
#751 = ORIENTED_EDGE ( 'NONE', *, *, #1433, .T. ) ;
#752 = ORIENTED_EDGE ( 'NONE', *, *, #1977, .T. ) ;
#753 = CARTESIAN_POINT ( 'NONE',  ( 90.00000000000000000, 7.899999999999971045, 5.200000000000017053 ) ) ;
#754 = ORIENTED_EDGE ( 'NONE', *, *, #1297, .F. ) ;
#755 = LINE ( 'NONE', #3040, #1444 ) ;
#756 = LINE ( 'NONE', #1908, #3298 ) ;
#757 = ORIENTED_EDGE ( 'NONE', *, *, #3000, .T. ) ;
#758 = CARTESIAN_POINT ( 'NONE',  ( 90.00000000000000000, -8.499999999998500755, -3.100000000000168399 ) ) ;
#759 = CARTESIAN_POINT ( 'NONE',  ( 90.00000000000000000, 7.900000000000005684, -5.499999999999984013 ) ) ;
#760 = ORIENTED_EDGE ( 'NONE', *, *, #2142, .F. ) ;
#761 = FACE_OUTER_BOUND ( 'NONE', #162, .T. ) ;
#762 = ORIENTED_EDGE ( 'NONE', *, *, #2574, .T. ) ;
#763 = ORIENTED_EDGE ( 'NONE', *, *, #2723, .F. ) ;
#764 = DIRECTION ( 'NONE',  ( -1.000000000000000000, -0.000000000000000000, -0.000000000000000000 ) ) ;
#765 = EDGE_CURVE ( 'NONE', #2196, #1659, #2560, .T. ) ;
#766 = VERTEX_POINT ( 'NONE', #2758 ) ;
#767 = CIRCLE ( 'NONE', #3524, 1.999999999999997113 ) ;
#768 = LINE ( 'NONE', #2721, #2627 ) ;
#769 = ORIENTED_EDGE ( 'NONE', *, *, #2434, .T. ) ;
#770 = LINE ( 'NONE', #811, #1082 ) ;
#771 = DIRECTION ( 'NONE',  ( -1.000000000000000000, -0.000000000000000000, 0.000000000000000000 ) ) ;
#772 = EDGE_CURVE ( 'NONE', #414, #2007, #526, .T. ) ;
#773 = AXIS2_PLACEMENT_3D ( 'NONE', #3359, #2242, #1704 ) ;
#774 = ORIENTED_EDGE ( 'NONE', *, *, #3022, .F. ) ;
#775 = EDGE_CURVE ( 'NONE', #1098, #53, #1036, .T. ) ;
#776 = VECTOR ( 'NONE', #1121, 1000.000000000000000 ) ;
#777 = DIRECTION ( 'NONE',  ( -1.000000000000000000, -0.000000000000000000, -0.000000000000000000 ) ) ;
#778 = EDGE_CURVE ( 'NONE', #1109, #3623, #1667, .T. ) ;
#779 = CARTESIAN_POINT ( 'NONE',  ( 0.000000000000000000, -3.699999999999290523, 9.699999999999826983 ) ) ;
#780 = ORIENTED_EDGE ( 'NONE', *, *, #2908, .F. ) ;
#781 = CIRCLE ( 'NONE', #669, 0.2999999999999973244 ) ;
#782 = LINE ( 'NONE', #503, #1300 ) ;
#783 = ORIENTED_EDGE ( 'NONE', *, *, #1047, .F. ) ;
#784 = AXIS2_PLACEMENT_3D ( 'NONE', #865, #2593, #46 ) ;
#785 = VERTEX_POINT ( 'NONE', #251 ) ;
#786 = CARTESIAN_POINT ( 'NONE',  ( 90.00000000000000000, 3.099999999999958789, 8.499999999999959144 ) ) ;
#787 = AXIS2_PLACEMENT_3D ( 'NONE', #550, #3444, #3464 ) ;
#788 = AXIS2_PLACEMENT_3D ( 'NONE', #3584, #1248, #153 ) ;
#789 = VERTEX_POINT ( 'NONE', #1088 ) ;
#790 = CARTESIAN_POINT ( 'NONE',  ( 0.000000000000000000, 5.412132034355994215, -6.472792206135786763 ) ) ;
#791 = VERTEX_POINT ( 'NONE', #2774 ) ;
#792 = DIRECTION ( 'NONE',  ( -1.000000000000000000, -0.000000000000000000, -0.000000000000000000 ) ) ;
#793 = ADVANCED_FACE ( 'NONE', ( #739 ), #3647, .F. ) ;
#794 = DIRECTION ( 'NONE',  ( -0.000000000000000000, -1.000000000000000000, -0.000000000000000000 ) ) ;
#795 = VECTOR ( 'NONE', #2746, 1000.000000000000000 ) ;
#796 = VERTEX_POINT ( 'NONE', #1387 ) ;
#797 = EDGE_CURVE ( 'NONE', #1587, #227, #1636, .T. ) ;
#798 = AXIS2_PLACEMENT_3D ( 'NONE', #3042, #2248, #3021 ) ;
#799 = ORIENTED_EDGE ( 'NONE', *, *, #1171, .T. ) ;
#800 = FACE_OUTER_BOUND ( 'NONE', #3631, .T. ) ;
#801 = CARTESIAN_POINT ( 'NONE',  ( 0.000000000000000000, -6.472792206134646342, 5.412132034355757071 ) ) ;
#802 = ORIENTED_EDGE ( 'NONE', *, *, #3264, .F. ) ;
#803 = ORIENTED_EDGE ( 'NONE', *, *, #2124, .T. ) ;
#804 = LINE ( 'NONE', #2808, #3656 ) ;
#805 = LINE ( 'NONE', #2281, #1492 ) ;
#806 = VERTEX_POINT ( 'NONE', #1595 ) ;
#807 = DIRECTION ( 'NONE',  ( 1.000000000000000000, 0.000000000000000000, 0.000000000000000000 ) ) ;
#808 = CARTESIAN_POINT ( 'NONE',  ( 0.000000000000000000, 5.500000000000029310, -6.684924240491753267 ) ) ;
#809 = ORIENTED_EDGE ( 'NONE', *, *, #1407, .T. ) ;
#810 = DIRECTION ( 'NONE',  ( -1.000000000000000000, -0.000000000000000000, -0.000000000000000000 ) ) ;
#811 = CARTESIAN_POINT ( 'NONE',  ( 90.00000000000000000, -9.999999999998500755, -8.500000000000209610 ) ) ;
#812 = LINE ( 'NONE', #2505, #384 ) ;
#813 = ORIENTED_EDGE ( 'NONE', *, *, #1510, .T. ) ;
#814 = FACE_OUTER_BOUND ( 'NONE', #3491, .T. ) ;
#815 = EDGE_CURVE ( 'NONE', #442, #824, #768, .T. ) ;
#816 = CARTESIAN_POINT ( 'NONE',  ( 90.00000000000000000, -7.899999999998882139, 5.199999999999795008 ) ) ;
#817 = ORIENTED_EDGE ( 'NONE', *, *, #551, .F. ) ;
#818 = ORIENTED_EDGE ( 'NONE', *, *, #2914, .F. ) ;
#819 = DIRECTION ( 'NONE',  ( -1.000000000000000000, -0.000000000000000000, 0.000000000000000000 ) ) ;
#820 = EDGE_CURVE ( 'NONE', #824, #1293, #469, .T. ) ;
#821 = DIRECTION ( 'NONE',  ( 0.000000000000000000, 0.000000000000000000, -1.000000000000000000 ) ) ;
#822 = DIRECTION ( 'NONE',  ( 0.000000000000000000, 0.000000000000000000, -1.000000000000000000 ) ) ;
#823 = CARTESIAN_POINT ( 'NONE',  ( 0.000000000000000000, 9.699999999999981526, 3.400000000000021227 ) ) ;
#824 = VERTEX_POINT ( 'NONE', #3018 ) ;
#825 = LINE ( 'NONE', #3684, #11 ) ;
#826 = DIRECTION ( 'NONE',  ( 0.000000000000000000, 0.000000000000000000, -1.000000000000000000 ) ) ;
#827 = CARTESIAN_POINT ( 'NONE',  ( 90.00000000000000000, -8.499999999998880895, 3.399999999999799183 ) ) ;
#828 = VECTOR ( 'NONE', #54, 1000.000000000000000 ) ;
#829 = VERTEX_POINT ( 'NONE', #2481 ) ;
#830 = DIRECTION ( 'NONE',  ( 1.000000000000000000, 0.000000000000000000, 0.000000000000000000 ) ) ;
#831 = LINE ( 'NONE', #1394, #733 ) ;
#832 = AXIS2_PLACEMENT_3D ( 'NONE', #1978, #1954, #3117 ) ;
#833 = VECTOR ( 'NONE', #3001, 1000.000000000000000 ) ;
#834 = DIRECTION ( 'NONE',  ( 0.000000000000000000, 0.000000000000000000, 1.000000000000000000 ) ) ;
#835 = ORIENTED_EDGE ( 'NONE', *, *, #539, .T. ) ;
#837 = ORIENTED_EDGE ( 'NONE', *, *, #1229, .F. ) ;
#836 = EDGE_CURVE ( 'NONE', #274, #163, #2177, .T. ) ;
#838 = DIRECTION ( 'NONE',  ( 0.000000000000000000, 0.000000000000000000, 1.000000000000000000 ) ) ;
#839 = DIRECTION ( 'NONE',  ( -1.000000000000000000, -0.000000000000000000, -0.000000000000000000 ) ) ;
#840 = ORIENTED_EDGE ( 'NONE', *, *, #1338, .T. ) ;
#841 = DIRECTION ( 'NONE',  ( 1.000000000000000000, 0.000000000000000000, 0.000000000000000000 ) ) ;
#842 = VECTOR ( 'NONE', #2152, 1000.000000000000000 ) ;
#843 = CARTESIAN_POINT ( 'NONE',  ( 90.00000000000000000, 8.499999999999932498, 10.00000000000001243 ) ) ;
#844 = ADVANCED_FACE ( 'NONE', ( #3310 ), #3057, .F. ) ;
#845 = VECTOR ( 'NONE', #1198, 1000.000000000000000 ) ;
#846 = ORIENTED_EDGE ( 'NONE', *, *, #1168, .F. ) ;
#847 = CARTESIAN_POINT ( 'NONE',  ( 90.00000000000000000, -8.499999999999284128, 9.999999999999822364 ) ) ;
#848 = EDGE_CURVE ( 'NONE', #2888, #2807, #1418, .T. ) ;
#849 = AXIS2_PLACEMENT_3D ( 'NONE', #2503, #1652, #3295 ) ;
#850 = CARTESIAN_POINT ( 'NONE',  ( 90.00000000000000000, -5.412132034355992438, 6.472792206135689952 ) ) ;
#851 = CARTESIAN_POINT ( 'NONE',  ( 0.000000000000000000, 4.000000000000029310, -9.699999999999979750 ) ) ;
#852 = AXIS2_PLACEMENT_3D ( 'NONE', #621, #1759, #354 ) ;
#853 = ORIENTED_EDGE ( 'NONE', *, *, #2053, .T. ) ;
#854 = LINE ( 'NONE', #2009, #828 ) ;
#855 = AXIS2_PLACEMENT_3D ( 'NONE', #3552, #951, #2644 ) ;
#856 = FACE_OUTER_BOUND ( 'NONE', #130, .T. ) ;
#857 = VECTOR ( 'NONE', #1126, 1000.000000000000000 ) ;
#858 = CARTESIAN_POINT ( 'NONE',  ( 0.000000000000000000, -5.204170427930421283E-14, 5.204170427930421283E-14 ) ) ;
#859 = ORIENTED_EDGE ( 'NONE', *, *, #47, .T. ) ;
#860 = VERTEX_POINT ( 'NONE', #3122 ) ;
#861 = DIRECTION ( 'NONE',  ( -1.000000000000000000, -0.000000000000000000, -0.000000000000000000 ) ) ;
#862 = CARTESIAN_POINT ( 'NONE',  ( 90.00000000000000000, 3.425126265847124429, -4.485786437626919643 ) ) ;
#863 = VERTEX_POINT ( 'NONE', #847 ) ;
#864 = DIRECTION ( 'NONE',  ( 1.000000000000000000, 0.000000000000000000, -0.000000000000000000 ) ) ;
#865 = CARTESIAN_POINT ( 'NONE',  ( 0.000000000000000000, -8.499999999999294786, 8.499999999999987566 ) ) ;
#866 = EDGE_CURVE ( 'NONE', #484, #1661, #2246, .T. ) ;
#867 = VERTEX_POINT ( 'NONE', #2817 ) ;
#868 = DIRECTION ( 'NONE',  ( -0.000000000000000000, -1.000000000000000000, -0.000000000000000000 ) ) ;
#869 = DIRECTION ( 'NONE',  ( -1.000000000000000000, -0.000000000000000000, -0.000000000000000000 ) ) ;
#870 = FACE_OUTER_BOUND ( 'NONE', #2993, .T. ) ;
#871 = ORIENTED_EDGE ( 'NONE', *, *, #765, .T. ) ;
#872 = DIRECTION ( 'NONE',  ( -1.000000000000000000, -0.000000000000000000, -0.000000000000000000 ) ) ;
#873 = CARTESIAN_POINT ( 'NONE',  ( 90.00000000000000000, 6.472792206135808080, -5.412132034355956023 ) ) ;
#874 = FACE_OUTER_BOUND ( 'NONE', #3435, .T. ) ;
#875 = ORIENTED_EDGE ( 'NONE', *, *, #1537, .T. ) ;
#876 = ORIENTED_EDGE ( 'NONE', *, *, #1573, .F. ) ;
#877 = DIRECTION ( 'NONE',  ( -1.000000000000000000, -0.000000000000000000, -0.000000000000000000 ) ) ;
#878 = DIRECTION ( 'NONE',  ( 0.000000000000000000, 0.000000000000000000, 1.000000000000000000 ) ) ;
#879 = EDGE_LOOP ( 'NONE', ( #1534, #1521, #1647, #633 ) ) ;
#880 = DIRECTION ( 'NONE',  ( 1.000000000000000000, 0.000000000000000000, -0.000000000000000000 ) ) ;
#881 = DIRECTION ( 'NONE',  ( -1.000000000000000000, -0.000000000000000000, 0.000000000000000000 ) ) ;
#882 = VERTEX_POINT ( 'NONE', #630 ) ;
#883 = DIRECTION ( 'NONE',  ( -1.000000000000000000, -0.000000000000000000, -0.000000000000000000 ) ) ;
#884 = EDGE_CURVE ( 'NONE', #994, #2807, #825, .T. ) ;
#885 = DIRECTION ( 'NONE',  ( 0.000000000000000000, 0.000000000000000000, 1.000000000000000000 ) ) ;
#886 = FACE_OUTER_BOUND ( 'NONE', #2934, .T. ) ;
#887 = VERTEX_POINT ( 'NONE', #1403 ) ;
#888 = EDGE_CURVE ( 'NONE', #2502, #2983, #1482, .T. ) ;
#889 = DIRECTION ( 'NONE',  ( -1.000000000000000000, -0.000000000000000000, 0.000000000000000000 ) ) ;
#890 = CARTESIAN_POINT ( 'NONE',  ( 90.00000000000000000, -7.899999999998882139, 5.499999999999789502 ) ) ;
#891 = DIRECTION ( 'NONE',  ( 0.000000000000000000, 0.000000000000000000, 1.000000000000000000 ) ) ;
#892 = AXIS2_PLACEMENT_3D ( 'NONE', #379, #1520, #398 ) ;
#893 = ORIENTED_EDGE ( 'NONE', *, *, #2641, .F. ) ;
#894 = ORIENTED_EDGE ( 'NONE', *, *, #1553, .T. ) ;
#895 = EDGE_CURVE ( 'NONE', #3661, #2874, #329, .T. ) ;
#896 = ORIENTED_EDGE ( 'NONE', *, *, #1713, .F. ) ;
#897 = CARTESIAN_POINT ( 'NONE',  ( 90.00000000000000000, 3.399999999999956835, 9.099999999999976552 ) ) ;
#898 = AXIS2_PLACEMENT_3D ( 'NONE', #3394, #1660, #821 ) ;
#899 = ORIENTED_EDGE ( 'NONE', *, *, #2914, .T. ) ;
#900 = FACE_OUTER_BOUND ( 'NONE', #3438, .T. ) ;
#901 = DIRECTION ( 'NONE',  ( 0.000000000000000000, 0.000000000000000000, 1.000000000000000000 ) ) ;
#902 = AXIS2_PLACEMENT_3D ( 'NONE', #858, #2804, #3145 ) ;
#903 = VECTOR ( 'NONE', #1854, 999.9999999999998863 ) ;
#904 = ORIENTED_EDGE ( 'NONE', *, *, #1161, .T. ) ;
#905 = DIRECTION ( 'NONE',  ( -1.000000000000000000, -0.000000000000000000, -0.000000000000000000 ) ) ;
#906 = DIRECTION ( 'NONE',  ( -1.000000000000000000, -0.000000000000000000, -0.000000000000000000 ) ) ;
#907 = CIRCLE ( 'NONE', #3472, 0.3000000000000502265 ) ;
#908 = LINE ( 'NONE', #3102, #1274 ) ;
#909 = ORIENTED_EDGE ( 'NONE', *, *, #249, .F. ) ;
#910 = VECTOR ( 'NONE', #1749, 1000.000000000000000 ) ;
#911 = ADVANCED_FACE ( 'NONE', ( #1959 ), #2578, .F. ) ;
#912 = DIRECTION ( 'NONE',  ( 0.000000000000000000, 0.000000000000000000, 1.000000000000000000 ) ) ;
#913 = CARTESIAN_POINT ( 'NONE',  ( 90.00000000000000000, -3.099999999999972555, -8.499999999999987566 ) ) ;
#914 = AXIS2_PLACEMENT_3D ( 'NONE', #1768, #2895, #346 ) ;
#915 = ADVANCED_FACE ( 'NONE', ( #3137 ), #547, .F. ) ;
#916 = DIRECTION ( 'NONE',  ( -1.000000000000000000, -0.000000000000000000, -0.000000000000000000 ) ) ;
#917 = VECTOR ( 'NONE', #2975, 1000.000000000000000 ) ;
#918 = VERTEX_POINT ( 'NONE', #1984 ) ;
#919 = ORIENTED_EDGE ( 'NONE', *, *, #119, .T. ) ;
#920 = CYLINDRICAL_SURFACE ( 'NONE', #2043, 0.2999999999999947153 ) ;
#921 = CIRCLE ( 'NONE', #2813, 2.000000000000003553 ) ;
#922 = LINE ( 'NONE', #940, #1364 ) ;
#923 = VERTEX_POINT ( 'NONE', #2556 ) ;
#924 = CYLINDRICAL_SURFACE ( 'NONE', #3223, 0.3000000000000059841 ) ;
#925 = CARTESIAN_POINT ( 'NONE',  ( 90.00000000000000000, 3.100000000000028066, -9.099999999999990763 ) ) ;
#926 = UNCERTAINTY_MEASURE_WITH_UNIT (LENGTH_MEASURE( 1.000000000000000082E-05 ), #2650, 'distance_accuracy_value', 'NONE');
#927 = ORIENTED_EDGE ( 'NONE', *, *, #616, .T. ) ;
#928 = DIRECTION ( 'NONE',  ( -1.000000000000000000, -0.000000000000000000, -0.000000000000000000 ) ) ;
#929 = DIRECTION ( 'NONE',  ( 0.000000000000000000, 0.000000000000000000, -1.000000000000000000 ) ) ;
#930 = LINE ( 'NONE', #1527, #594 ) ;
#931 = ORIENTED_EDGE ( 'NONE', *, *, #455, .F. ) ;
#932 = ORIENTED_EDGE ( 'NONE', *, *, #3671, .T. ) ;
#933 = DIRECTION ( 'NONE',  ( 0.000000000000000000, 0.000000000000000000, 1.000000000000000000 ) ) ;
#934 = CARTESIAN_POINT ( 'NONE',  ( 90.00000000000000000, 6.472792206135768112, 5.412132034355969346 ) ) ;
#935 = CARTESIAN_POINT ( 'NONE',  ( 90.00000000000000000, 5.900000000000034994, -2.010912703473997976 ) ) ;
#936 = ORIENTED_EDGE ( 'NONE', *, *, #3603, .F. ) ;
#937 = VERTEX_POINT ( 'NONE', #1184 ) ;
#938 = LINE ( 'NONE', #2057, #2511 ) ;
#939 = EDGE_CURVE ( 'NONE', #2694, #1654, #1708, .T. ) ;
#940 = CARTESIAN_POINT ( 'NONE',  ( 90.00000000000000000, 8.200000000000001066, -5.199999999999989519 ) ) ;
#941 = ORIENTED_EDGE ( 'NONE', *, *, #2205, .F. ) ;
#942 = CARTESIAN_POINT ( 'NONE',  ( 90.00000000000000000, -6.684924240490615510, 5.499999999999789502 ) ) ;
#943 = EDGE_CURVE ( 'NONE', #2025, #653, #2321, .T. ) ;
#944 = VERTEX_POINT ( 'NONE', #3462 ) ;
#945 = CARTESIAN_POINT ( 'NONE',  ( 90.00000000000000000, 3.400000000000026112, -8.499999999999987566 ) ) ;
#946 = DIRECTION ( 'NONE',  ( -1.000000000000000000, -0.000000000000000000, -0.000000000000000000 ) ) ;
#947 = DIRECTION ( 'NONE',  ( -1.000000000000000000, -0.000000000000000000, -0.000000000000000000 ) ) ;
#948 = VERTEX_POINT ( 'NONE', #2875 ) ;
#949 = ORIENTED_EDGE ( 'NONE', *, *, #2434, .F. ) ;
#950 = CARTESIAN_POINT ( 'NONE',  ( 90.00000000000000000, -9.699999999998889066, 3.399999999999784972 ) ) ;
#951 = DIRECTION ( 'NONE',  ( 1.000000000000000000, 0.000000000000000000, -0.000000000000000000 ) ) ;
#952 = LINE ( 'NONE', #1756, #2151 ) ;
#953 = VERTEX_POINT ( 'NONE', #2833 ) ;
#954 = ORIENTED_EDGE ( 'NONE', *, *, #571, .F. ) ;
#955 = LINE ( 'NONE', #114, #2405 ) ;
#956 = DIRECTION ( 'NONE',  ( 0.000000000000000000, 0.000000000000000000, -1.000000000000000000 ) ) ;
#957 = EDGE_CURVE ( 'NONE', #2240, #60, #2394, .T. ) ;
#958 = CYLINDRICAL_SURFACE ( 'NONE', #1317, 0.2999999999999981570 ) ;
#959 = EDGE_CURVE ( 'NONE', #3626, #3605, #3401, .T. ) ;
#960 = CIRCLE ( 'NONE', #2973, 2.000000000000016431 ) ;
#961 = EDGE_CURVE ( 'NONE', #2625, #2240, #1147, .T. ) ;
#962 = ORIENTED_EDGE ( 'NONE', *, *, #29, .T. ) ;
#963 = CIRCLE ( 'NONE', #483, 0.3000000000000016542 ) ;
#964 = ORIENTED_EDGE ( 'NONE', *, *, #3549, .T. ) ;
#965 = LINE ( 'NONE', #403, #479 ) ;
#966 = CARTESIAN_POINT ( 'NONE',  ( 0.000000000000000000, -5.500000000000114575, 7.900000000000219735 ) ) ;
#967 = CYLINDRICAL_SURFACE ( 'NONE', #1665, 0.2999999999999981570 ) ;
#968 = CIRCLE ( 'NONE', #1310, 0.2999999999999973244 ) ;
#969 = EDGE_CURVE ( 'NONE', #3053, #1661, #8, .T. ) ;
#970 = CIRCLE ( 'NONE', #1200, 0.2999999999999877764 ) ;
#971 = DIRECTION ( 'NONE',  ( 0.000000000000000000, 0.000000000000000000, 1.000000000000000000 ) ) ;
#972 = DIRECTION ( 'NONE',  ( -1.000000000000000000, -0.000000000000000000, -0.000000000000000000 ) ) ;
#973 = AXIS2_PLACEMENT_3D ( 'NONE', #3396, #2039, #3440 ) ;
#974 = AXIS2_PLACEMENT_3D ( 'NONE', #3395, #3379, #807 ) ;
#975 = LINE ( 'NONE', #2112, #3530 ) ;
#976 = ORIENTED_EDGE ( 'NONE', *, *, #2011, .F. ) ;
#977 = CIRCLE ( 'NONE', #2743, 2.500000000000016431 ) ;
#978 = CYLINDRICAL_SURFACE ( 'NONE', #1633, 1.499999999999843459 ) ;
#979 = DIRECTION ( 'NONE',  ( 1.000000000000000000, 0.000000000000000000, 0.000000000000000000 ) ) ;
#980 = AXIS2_PLACEMENT_3D ( 'NONE', #2926, #1456, #42 ) ;
#981 = DIRECTION ( 'NONE',  ( -1.000000000000000000, -0.000000000000000000, -0.000000000000000000 ) ) ;
#982 = VECTOR ( 'NONE', #777, 1000.000000000000000 ) ;
#983 = AXIS2_PLACEMENT_3D ( 'NONE', #1944, #3077, #529 ) ;
#984 = EDGE_LOOP ( 'NONE', ( #3227, #2595, #740, #1014 ) ) ;
#985 = DIRECTION ( 'NONE',  ( 1.000000000000000000, 0.000000000000000000, 0.000000000000000000 ) ) ;
#986 = DIRECTION ( 'NONE',  ( -0.000000000000000000, 1.000000000000000000, -0.000000000000000000 ) ) ;
#987 = DIRECTION ( 'NONE',  ( -1.000000000000000000, -0.000000000000000000, -0.000000000000000000 ) ) ;
#988 = EDGE_CURVE ( 'NONE', #113, #2707, #3425, .T. ) ;
#989 = DIRECTION ( 'NONE',  ( 0.000000000000000000, 0.000000000000000000, -1.000000000000000000 ) ) ;
#990 = DIRECTION ( 'NONE',  ( 0.000000000000000000, 0.000000000000000000, 1.000000000000000000 ) ) ;
#991 = ORIENTED_EDGE ( 'NONE', *, *, #74, .F. ) ;
#992 = LINE ( 'NONE', #1022, #917 ) ;
#993 = DIRECTION ( 'NONE',  ( 1.000000000000000000, 0.000000000000000000, 0.000000000000000000 ) ) ;
#994 = VERTEX_POINT ( 'NONE', #1443 ) ;
#995 = CARTESIAN_POINT ( 'NONE',  ( 0.000000000000000000, -9.999999999998504308, -4.000000000000163425 ) ) ;
#996 = DIRECTION ( 'NONE',  ( -1.000000000000000000, -0.000000000000000000, -0.000000000000000000 ) ) ;
#997 = PLANE ( 'NONE',  #297 ) ;
#998 = EDGE_CURVE ( 'NONE', #3170, #3220, #3382, .T. ) ;
#999 = DIRECTION ( 'NONE',  ( -1.000000000000000000, -0.000000000000000000, -0.000000000000000000 ) ) ;
#1000 = ORIENTED_EDGE ( 'NONE', *, *, #1503, .T. ) ;
#1001 = DIRECTION ( 'NONE',  ( 0.000000000000000000, -1.000000000000000000, 0.000000000000000000 ) ) ;
#1002 = EDGE_CURVE ( 'NONE', #581, #442, #3588, .T. ) ;
#1003 = EDGE_LOOP ( 'NONE', ( #395, #760, #991, #3510 ) ) ;
#1004 = DIRECTION ( 'NONE',  ( 0.000000000000000000, -1.000000000000000000, 0.000000000000000000 ) ) ;
#1005 = EDGE_CURVE ( 'NONE', #3287, #994, #965, .T. ) ;
#1006 = DIRECTION ( 'NONE',  ( 0.000000000000000000, 0.000000000000000000, -1.000000000000000000 ) ) ;
#1007 = AXIS2_PLACEMENT_3D ( 'NONE', #2154, #736, #1872 ) ;
#1008 = CYLINDRICAL_SURFACE ( 'NONE', #2386, 0.2999999999999894973 ) ;
#1009 = DIRECTION ( 'NONE',  ( -1.000000000000000000, -0.000000000000000000, -0.000000000000000000 ) ) ;
#1010 = CARTESIAN_POINT ( 'NONE',  ( 90.00000000000000000, 6.684924240491775471, -5.499999999999984013 ) ) ;
#1011 = AXIS2_PLACEMENT_3D ( 'NONE', #2786, #1434, #878 ) ;
#1012 = DIRECTION ( 'NONE',  ( -1.000000000000000000, -0.000000000000000000, 0.000000000000000000 ) ) ;
#1013 = PLANE ( 'NONE',  #1007 ) ;
#1014 = ORIENTED_EDGE ( 'NONE', *, *, #2390, .T. ) ;
#1015 = ORIENTED_EDGE ( 'NONE', *, *, #3392, .T. ) ;
#1016 = CARTESIAN_POINT ( 'NONE',  ( 90.00000000000000000, -8.199999999998510702, -5.200000000000169820 ) ) ;
#1017 = CYLINDRICAL_SURFACE ( 'NONE', #1391, 0.2999999999999947153 ) ;
#1018 = ORIENTED_EDGE ( 'NONE', *, *, #3610, .F. ) ;
#1019 = VECTOR ( 'NONE', #1747, 999.9999999999998863 ) ;
#1020 = AXIS2_PLACEMENT_3D ( 'NONE', #465, #1631, #1852 ) ;
#1021 = ORIENTED_EDGE ( 'NONE', *, *, #3064, .T. ) ;
#1022 = CARTESIAN_POINT ( 'NONE',  ( 0.000000000000000000, -8.199999999998505373, -3.400000000000173550 ) ) ;
#1023 = VECTOR ( 'NONE', #2812, 1000.000000000000000 ) ;
#1024 = CIRCLE ( 'NONE', #183, 0.2999999999999981570 ) ;
#1025 = EDGE_CURVE ( 'NONE', #1265, #484, #2410, .T. ) ;
#1026 = CARTESIAN_POINT ( 'NONE',  ( 90.00000000000000000, -3.399999999999970601, -8.199999999999983302 ) ) ;
#1027 = CIRCLE ( 'NONE', #1861, 0.2999999999999964362 ) ;
#1028 = EDGE_CURVE ( 'NONE', #3130, #2025, #132, .T. ) ;
#1029 = AXIS2_PLACEMENT_3D ( 'NONE', #3560, #996, #3269 ) ;
#1030 = CARTESIAN_POINT ( 'NONE',  ( 0.000000000000000000, 10.00000000000002487, -8.499999999999987566 ) ) ;
#1031 = ORIENTED_EDGE ( 'NONE', *, *, #1208, .F. ) ;
#1032 = DIRECTION ( 'NONE',  ( 0.000000000000000000, 0.000000000000000000, 1.000000000000000000 ) ) ;
#1033 = VECTOR ( 'NONE', #1040, 999.9999999999998863 ) ;
#1034 = CIRCLE ( 'NONE', #983, 0.2999999999999045097 ) ;
#1035 = ORIENTED_EDGE ( 'NONE', *, *, #393, .F. ) ;
#1036 = LINE ( 'NONE', #3249, #2977 ) ;
#1037 = ORIENTED_EDGE ( 'NONE', *, *, #2788, .F. ) ;
#1038 = DIRECTION ( 'NONE',  ( -1.000000000000000000, -0.000000000000000000, -0.000000000000000000 ) ) ;
#1039 = CARTESIAN_POINT ( 'NONE',  ( 90.00000000000000000, -5.500000000000114575, 7.900000000000219735 ) ) ;
#1040 = DIRECTION ( 'NONE',  ( -0.000000000000000000, -0.7071067811865472397, 0.7071067811865479058 ) ) ;
#1041 = LINE ( 'NONE', #169, #2801 ) ;
#1042 = ORIENTED_EDGE ( 'NONE', *, *, #67, .F. ) ;
#1043 = EDGE_CURVE ( 'NONE', #3012, #3360, #1578, .T. ) ;
#1044 = CARTESIAN_POINT ( 'NONE',  ( 90.00000000000000000, 5.900000000000021672, 2.010912703474011742 ) ) ;
#1045 = ORIENTED_EDGE ( 'NONE', *, *, #988, .T. ) ;
#1046 = LINE ( 'NONE', #2718, #842 ) ;
#1047 = EDGE_CURVE ( 'NONE', #178, #791, #781, .T. ) ;
#1048 = ORIENTED_EDGE ( 'NONE', *, *, #2417, .T. ) ;
#1049 = CARTESIAN_POINT ( 'NONE',  ( 90.00000000000000000, -3.399999999999970601, -9.399999999999970157 ) ) ;
#1050 = VERTEX_POINT ( 'NONE', #1839 ) ;
#1051 = CARTESIAN_POINT ( 'NONE',  ( 90.00000000000000000, -8.499999999999284128, 9.999999999999822364 ) ) ;
#1052 = CARTESIAN_POINT ( 'NONE',  ( 0.000000000000000000, 10.00000000000002487, -3.999999999999982681 ) ) ;
#1053 = VERTEX_POINT ( 'NONE', #712 ) ;
#1054 = DIRECTION ( 'NONE',  ( 0.000000000000000000, 0.000000000000000000, -1.000000000000000000 ) ) ;
#1055 = CARTESIAN_POINT ( 'NONE',  ( 90.00000000000000000, 2.010912703473982432, 5.899999999999995914 ) ) ;
#1056 = ORIENTED_EDGE ( 'NONE', *, *, #797, .F. ) ;
#1057 = DIRECTION ( 'NONE',  ( -1.000000000000000000, -0.000000000000000000, -0.000000000000000000 ) ) ;
#1058 = VERTEX_POINT ( 'NONE', #2672 ) ;
#1059 = EDGE_CURVE ( 'NONE', #213, #227, #1502, .T. ) ;
#1060 = LINE ( 'NONE', #157, #3101 ) ;
#1061 = LINE ( 'NONE', #3321, #720 ) ;
#1062 = ORIENTED_EDGE ( 'NONE', *, *, #1612, .T. ) ;
#1063 = EDGE_CURVE ( 'NONE', #3476, #766, #1826, .T. ) ;
#1064 = ORIENTED_EDGE ( 'NONE', *, *, #1297, .T. ) ;
#1065 = CIRCLE ( 'NONE', #413, 0.2999999999999981570 ) ;
#1066 = CARTESIAN_POINT ( 'NONE',  ( 0.000000000000000000, -7.899999999998882139, 5.499999999999789502 ) ) ;
#1067 = ORIENTED_EDGE ( 'NONE', *, *, #1883, .F. ) ;
#1068 = CARTESIAN_POINT ( 'NONE',  ( 0.000000000000000000, 3.399999999999960387, 8.199999999999963762 ) ) ;
#1069 = DIRECTION ( 'NONE',  ( -1.000000000000000000, -0.000000000000000000, -0.000000000000000000 ) ) ;
#1070 = VECTOR ( 'NONE', #624, 1000.000000000000000 ) ;
#1071 = VERTEX_POINT ( 'NONE', #387 ) ;
#1072 = ORIENTED_EDGE ( 'NONE', *, *, #166, .T. ) ;
#1073 = AXIS2_PLACEMENT_3D ( 'NONE', #3531, #2371, #97 ) ;
#1074 = DIRECTION ( 'NONE',  ( -1.000000000000000000, -0.000000000000000000, -0.000000000000000000 ) ) ;
#1075 = AXIS2_PLACEMENT_3D ( 'NONE', #3239, #3507, #686 ) ;
#1076 = CARTESIAN_POINT ( 'NONE',  ( 90.00000000000000000, 7.899999999999971045, 5.500000000000011546 ) ) ;
#1077 = VERTEX_POINT ( 'NONE', #2634 ) ;
#1078 = VECTOR ( 'NONE', #2847, 1000.000000000000000 ) ;
#1079 = FILL_AREA_STYLE_COLOUR ( '', #1862 ) ;
#1080 = LINE ( 'NONE', #2699, #713 ) ;
#1081 = ORIENTED_EDGE ( 'NONE', *, *, #2747, .F. ) ;
#1082 = VECTOR ( 'NONE', #741, 1000.000000000000000 ) ;
#1083 = DIRECTION ( 'NONE',  ( 0.000000000000000000, 0.000000000000000000, -1.000000000000000000 ) ) ;
#1084 = CARTESIAN_POINT ( 'NONE',  ( 0.000000000000000000, -3.999999999998350209, -10.00000000000019540 ) ) ;
#1085 = AXIS2_PLACEMENT_3D ( 'NONE', #3670, #3402, #2325 ) ;
#1086 = CIRCLE ( 'NONE', #2989, 0.3000000000000033751 ) ;
#1087 = ORIENTED_EDGE ( 'NONE', *, *, #734, .F. ) ;
#1088 = CARTESIAN_POINT ( 'NONE',  ( 90.00000000000000000, -5.500000000000071942, 6.684924240491961100 ) ) ;
#1089 = EDGE_CURVE ( 'NONE', #2033, #445, #3199, .T. ) ;
#1090 = CARTESIAN_POINT ( 'NONE',  ( 90.00000000000000000, -3.099999999999378364, 8.499999999999847233 ) ) ;
#1091 = PLANE ( 'NONE',  #1329 ) ;
#1092 = AXIS2_PLACEMENT_3D ( 'NONE', #1601, #2727, #3229 ) ;
#1093 = ORIENTED_EDGE ( 'NONE', *, *, #1832, .F. ) ;
#1094 = EDGE_CURVE ( 'NONE', #656, #2577, #1910, .T. ) ;
#1095 = CARTESIAN_POINT ( 'NONE',  ( 0.000000000000000000, -3.399999999999970601, -8.499999999999987566 ) ) ;
#1096 = DIRECTION ( 'NONE',  ( 0.000000000000000000, 0.000000000000000000, 1.000000000000000000 ) ) ;
#1097 = ORIENTED_EDGE ( 'NONE', *, *, #2891, .T. ) ;
#1098 = VERTEX_POINT ( 'NONE', #3254 ) ;
#1099 = CARTESIAN_POINT ( 'NONE',  ( 90.00000000000000000, 5.199999999999966427, 7.899999999999969269 ) ) ;
#1100 = PLANE ( 'NONE',  #2089 ) ;
#1101 = VERTEX_POINT ( 'NONE', #995 ) ;
#1102 = DIRECTION ( 'NONE',  ( -1.000000000000000000, -0.000000000000000000, -0.000000000000000000 ) ) ;
#1103 = CARTESIAN_POINT ( 'NONE',  ( 90.00000000000000000, -8.199999999998505373, -3.400000000000173550 ) ) ;
#1104 = ORIENTED_EDGE ( 'NONE', *, *, #70, .F. ) ;
#1105 = CARTESIAN_POINT ( 'NONE',  ( 90.00000000000000000, 4.485786437626915202, 3.425126265847095119 ) ) ;
#1106 = VERTEX_POINT ( 'NONE', #646 ) ;
#1107 = LINE ( 'NONE', #288, #17 ) ;
#1108 = CARTESIAN_POINT ( 'NONE',  ( 90.00000000000000000, -5.412132034355992438, 6.472792206135689952 ) ) ;
#1109 = VERTEX_POINT ( 'NONE', #1541 ) ;
#1110 = ADVANCED_FACE ( 'NONE', ( #121 ), #2984, .T. ) ;
#1111 = EDGE_CURVE ( 'NONE', #1895, #167, #415, .T. ) ;
#1112 = DIRECTION ( 'NONE',  ( 0.000000000000000000, 0.000000000000000000, 1.000000000000000000 ) ) ;
#1113 = ADVANCED_FACE ( 'NONE', ( #2910 ), #2380, .F. ) ;
#1114 = CYLINDRICAL_SURFACE ( 'NONE', #1616, 2.000000000000003553 ) ;
#1115 = ORIENTED_EDGE ( 'NONE', *, *, #1929, .T. ) ;
#1116 = ORIENTED_EDGE ( 'NONE', *, *, #3262, .T. ) ;
#1117 =( NAMED_UNIT ( * ) PLANE_ANGLE_UNIT ( ) SI_UNIT ( $, .RADIAN. ) );
#1118 = LINE ( 'NONE', #2016, #474 ) ;
#1119 = EDGE_CURVE ( 'NONE', #744, #3442, #1525, .T. ) ;
#1120 = ORIENTED_EDGE ( 'NONE', *, *, #1760, .T. ) ;
#1121 = DIRECTION ( 'NONE',  ( -0.000000000000000000, 1.000000000000000000, -0.000000000000000000 ) ) ;
#1122 = DIRECTION ( 'NONE',  ( 0.000000000000000000, 0.000000000000000000, 1.000000000000000000 ) ) ;
#1123 = ORIENTED_EDGE ( 'NONE', *, *, #565, .F. ) ;
#1124 = DIRECTION ( 'NONE',  ( 0.000000000000000000, 0.000000000000000000, 1.000000000000000000 ) ) ;
#1125 = CARTESIAN_POINT ( 'NONE',  ( 90.00000000000000000, 3.700000000000021050, -9.699999999999979750 ) ) ;
#1126 = DIRECTION ( 'NONE',  ( -1.000000000000000000, -0.000000000000000000, -0.000000000000000000 ) ) ;
#1127 = CIRCLE ( 'NONE', #1250, 0.3000000000000085931 ) ;
#1128 = ORIENTED_EDGE ( 'NONE', *, *, #1094, .F. ) ;
#1129 = CARTESIAN_POINT ( 'NONE',  ( 90.00000000000000000, -3.099999999999386358, 9.099999999999837996 ) ) ;
#1130 = CIRCLE ( 'NONE', #359, 1.499999999999999556 ) ;
#1131 = CYLINDRICAL_SURFACE ( 'NONE', #2227, 0.2999999999999947153 ) ;
#1132 = AXIS2_PLACEMENT_3D ( 'NONE', #2018, #880, #304 ) ;
#1133 = CARTESIAN_POINT ( 'NONE',  ( 90.00000000000000000, -3.099999999999386358, 9.099999999999837996 ) ) ;
#1134 = ORIENTED_EDGE ( 'NONE', *, *, #707, .F. ) ;
#1135 = ORIENTED_EDGE ( 'NONE', *, *, #1537, .F. ) ;
#1136 = EDGE_CURVE ( 'NONE', #1053, #1343, #2979, .T. ) ;
#1137 = AXIS2_PLACEMENT_3D ( 'NONE', #935, #2031, #1472 ) ;
#1138 = DIRECTION ( 'NONE',  ( -1.000000000000000000, -0.000000000000000000, -0.000000000000000000 ) ) ;
#1139 = ORIENTED_EDGE ( 'NONE', *, *, #1709, .F. ) ;
#1140 = DIRECTION ( 'NONE',  ( 0.000000000000000000, 0.000000000000000000, 1.000000000000000000 ) ) ;
#1141 = VECTOR ( 'NONE', #2100, 1000.000000000000000 ) ;
#1142 = CARTESIAN_POINT ( 'NONE',  ( 90.00000000000000000, -5.200000000000022382, 7.900000000000219735 ) ) ;
#1143 = ADVANCED_FACE ( 'NONE', ( #3215 ), #143, .T. ) ;
#1144 = VECTOR ( 'NONE', #999, 1000.000000000000000 ) ;
#1145 = VECTOR ( 'NONE', #2996, 1000.000000000000000 ) ;
#1146 = ORIENTED_EDGE ( 'NONE', *, *, #1238, .T. ) ;
#1147 = LINE ( 'NONE', #2613, #1675 ) ;
#1148 = CARTESIAN_POINT ( 'NONE',  ( 90.00000000000000000, -7.899999999998882139, 5.499999999999789502 ) ) ;
#1149 = DIRECTION ( 'NONE',  ( 0.000000000000000000, 0.000000000000000000, 1.000000000000000000 ) ) ;
#1150 = AXIS2_PLACEMENT_3D ( 'NONE', #1284, #2374, #2436 ) ;
#1151 = ORIENTED_EDGE ( 'NONE', *, *, #1782, .F. ) ;
#1152 = DIRECTION ( 'NONE',  ( 0.000000000000000000, 0.000000000000000000, -1.000000000000000000 ) ) ;
#1153 = CIRCLE ( 'NONE', #2748, 0.2999999999999947153 ) ;
#1154 = FACE_OUTER_BOUND ( 'NONE', #3352, .T. ) ;
#1155 = AXIS2_PLACEMENT_3D ( 'NONE', #1350, #2742, #3060 ) ;
#1156 = CARTESIAN_POINT ( 'NONE',  ( 0.000000000000000000, -5.500000000000114575, 7.900000000000219735 ) ) ;
#1157 = VERTEX_POINT ( 'NONE', #1202 ) ;
#1158 = DIRECTION ( 'NONE',  ( -0.000000000000000000, -0.000000000000000000, -1.000000000000000000 ) ) ;
#1159 = DIRECTION ( 'NONE',  ( -1.000000000000000000, -0.000000000000000000, -0.000000000000000000 ) ) ;
#1160 = ORIENTED_EDGE ( 'NONE', *, *, #687, .F. ) ;
#1161 = EDGE_CURVE ( 'NONE', #1469, #1581, #2344, .T. ) ;
#1162 = CARTESIAN_POINT ( 'NONE',  ( 0.000000000000000000, -2.010912703473975327, -3.900000000000019007 ) ) ;
#1163 = DIRECTION ( 'NONE',  ( 1.000000000000000000, 0.000000000000000000, 0.000000000000000000 ) ) ;
#1164 = EDGE_CURVE ( 'NONE', #2358, #948, #1061, .T. ) ;
#1165 = VERTEX_POINT ( 'NONE', #2756 ) ;
#1166 = DIRECTION ( 'NONE',  ( -1.000000000000000000, -0.000000000000000000, -0.000000000000000000 ) ) ;
#1167 = CARTESIAN_POINT ( 'NONE',  ( 90.00000000000000000, 6.684924240491734615, 5.200000000000002842 ) ) ;
#1168 = EDGE_CURVE ( 'NONE', #577, #2793, #970, .T. ) ;
#1169 = DIRECTION ( 'NONE',  ( 0.000000000000000000, 0.000000000000000000, 1.000000000000000000 ) ) ;
#1170 = ORIENTED_EDGE ( 'NONE', *, *, #2328, .F. ) ;
#1171 = EDGE_CURVE ( 'NONE', #2898, #3095, #3403, .T. ) ;
#1172 = ORIENTED_EDGE ( 'NONE', *, *, #411, .F. ) ;
#1173 = DIRECTION ( 'NONE',  ( 0.000000000000000000, 1.000000000000000000, 0.000000000000000000 ) ) ;
#1174 = DIRECTION ( 'NONE',  ( 0.000000000000000000, 0.000000000000000000, 1.000000000000000000 ) ) ;
#1175 = DIRECTION ( 'NONE',  ( 0.000000000000000000, 0.7071067811865474617, 0.7071067811865474617 ) ) ;
#1176 = ORIENTED_EDGE ( 'NONE', *, *, #1685, .F. ) ;
#1177 = CARTESIAN_POINT ( 'NONE',  ( 90.00000000000000000, -7.899999999998505551, -5.500000000000122569 ) ) ;
#1178 =( NAMED_UNIT ( * ) PLANE_ANGLE_UNIT ( ) SI_UNIT ( $, .RADIAN. ) );
#1179 = VERTEX_POINT ( 'NONE', #194 ) ;
#1180 = CYLINDRICAL_SURFACE ( 'NONE', #1807, 0.3000000000000016542 ) ;
#1181 = DIRECTION ( 'NONE',  ( 0.000000000000000000, 0.000000000000000000, -1.000000000000000000 ) ) ;
#1182 = ADVANCED_FACE ( 'NONE', ( #1632 ), #524, .F. ) ;
#1183 = ORIENTED_EDGE ( 'NONE', *, *, #2951, .T. ) ;
#1184 = CARTESIAN_POINT ( 'NONE',  ( 90.00000000000000000, -3.425126265847070695, -4.485786437626919643 ) ) ;
#1185 = DIRECTION ( 'NONE',  ( -1.000000000000000000, -0.000000000000000000, -0.000000000000000000 ) ) ;
#1186 = CARTESIAN_POINT ( 'NONE',  ( 90.00000000000000000, 9.999999999999962697, 4.000000000000010658 ) ) ;
#1187 = ADVANCED_FACE ( 'NONE', ( #1648 ), #3340, .T. ) ;
#1188 = VERTEX_POINT ( 'NONE', #1361 ) ;
#1189 = FACE_OUTER_BOUND ( 'NONE', #208, .T. ) ;
#1190 = CARTESIAN_POINT ( 'NONE',  ( 90.00000000000000000, -6.472792206134539761, -5.412132034356080368 ) ) ;
#1191 = VECTOR ( 'NONE', #3689, 1000.000000000000000 ) ;
#1192 = DIRECTION ( 'NONE',  ( -1.000000000000000000, -0.000000000000000000, -0.000000000000000000 ) ) ;
#1193 = ORIENTED_EDGE ( 'NONE', *, *, #1531, .F. ) ;
#1194 = FACE_OUTER_BOUND ( 'NONE', #3146, .T. ) ;
#1195 = PLANE ( 'NONE',  #3088 ) ;
#1196 = ORIENTED_EDGE ( 'NONE', *, *, #866, .F. ) ;
#1197 = CYLINDRICAL_SURFACE ( 'NONE', #3105, 0.3000000000000059841 ) ;
#1198 = DIRECTION ( 'NONE',  ( -0.000000000000000000, -0.000000000000000000, -1.000000000000000000 ) ) ;
#1199 = CIRCLE ( 'NONE', #2270, 0.3000000000000085931 ) ;
#1200 = AXIS2_PLACEMENT_3D ( 'NONE', #2734, #2464, #2203 ) ;
#1201 = ORIENTED_EDGE ( 'NONE', *, *, #2351, .F. ) ;
#1202 = CARTESIAN_POINT ( 'NONE',  ( 90.00000000000000000, 4.000000000000029310, -9.999999999999987566 ) ) ;
#1203 = CARTESIAN_POINT ( 'NONE',  ( 90.00000000000000000, -3.899999999998855937, 2.010912703473775931 ) ) ;
#1204 = CIRCLE ( 'NONE', #1264, 0.3000000000000085931 ) ;
#1205 = AXIS2_PLACEMENT_3D ( 'NONE', #3177, #1478, #2609 ) ;
#1206 = CARTESIAN_POINT ( 'NONE',  ( 90.00000000000000000, -3.099999999999378364, 8.499999999999847233 ) ) ;
#1207 = VERTEX_POINT ( 'NONE', #750 ) ;
#1208 = EDGE_CURVE ( 'NONE', #53, #1546, #158, .T. ) ;
#1209 = CARTESIAN_POINT ( 'NONE',  ( 0.000000000000000000, 2.010912703474030838, -3.900000000000021672 ) ) ;
#1210 = CARTESIAN_POINT ( 'NONE',  ( 90.00000000000000000, 9.400000000000000355, -3.399999999999979483 ) ) ;
#1211 = CIRCLE ( 'NONE', #3110, 0.2999999999999999334 ) ;
#1212 = EDGE_CURVE ( 'NONE', #3130, #2854, #2444, .T. ) ;
#1213 = LINE ( 'NONE', #2623, #185 ) ;
#1214 = CIRCLE ( 'NONE', #87, 0.3000000000000016542 ) ;
#1215 = ORIENTED_EDGE ( 'NONE', *, *, #3120, .F. ) ;
#1216 = ORIENTED_EDGE ( 'NONE', *, *, #3087, .F. ) ;
#1217 = CARTESIAN_POINT ( 'NONE',  ( 0.000000000000000000, 5.900000000000021672, 2.010912703474011742 ) ) ;
#1218 = EDGE_CURVE ( 'NONE', #1659, #525, #1900, .T. ) ;
#1219 = CIRCLE ( 'NONE', #1155, 0.2999999999999981570 ) ;
#1220 = VERTEX_POINT ( 'NONE', #1084 ) ;
#1221 = FACE_OUTER_BOUND ( 'NONE', #3055, .T. ) ;
#1222 = ORIENTED_EDGE ( 'NONE', *, *, #2214, .T. ) ;
#1223 = DIRECTION ( 'NONE',  ( 0.000000000000000000, 0.000000000000000000, 1.000000000000000000 ) ) ;
#1224 = CARTESIAN_POINT ( 'NONE',  ( 90.00000000000000000, 5.200000000000029488, -6.684924240491753267 ) ) ;
#1225 = LINE ( 'NONE', #2367, #175 ) ;
#1226 = ORIENTED_EDGE ( 'NONE', *, *, #1273, .T. ) ;
#1227 = CARTESIAN_POINT ( 'NONE',  ( 90.00000000000000000, -9.399999999998511768, -3.400000000000173550 ) ) ;
#1228 = LINE ( 'NONE', #131, #88 ) ;
#1229 = EDGE_CURVE ( 'NONE', #2317, #2898, #2496, .T. ) ;
#1230 = EDGE_CURVE ( 'NONE', #2079, #829, #209, .T. ) ;
#1231 = DIRECTION ( 'NONE',  ( 0.000000000000000000, 0.000000000000000000, 1.000000000000000000 ) ) ;
#1232 = ORIENTED_EDGE ( 'NONE', *, *, #3563, .F. ) ;
#1233 = ORIENTED_EDGE ( 'NONE', *, *, #2765, .T. ) ;
#1234 = DIRECTION ( 'NONE',  ( 0.000000000000000000, 0.000000000000000000, 1.000000000000000000 ) ) ;
#1235 = EDGE_CURVE ( 'NONE', #1053, #2520, #3033, .T. ) ;
#1236 = ORIENTED_EDGE ( 'NONE', *, *, #3494, .F. ) ;
#1237 = DIRECTION ( 'NONE',  ( -1.000000000000000000, -0.000000000000000000, -0.000000000000000000 ) ) ;
#1238 = EDGE_CURVE ( 'NONE', #414, #953, #1046, .T. ) ;
#1239 = ORIENTED_EDGE ( 'NONE', *, *, #399, .T. ) ;
#1240 = DIRECTION ( 'NONE',  ( -1.000000000000000000, -0.000000000000000000, -0.000000000000000000 ) ) ;
#1241 = CARTESIAN_POINT ( 'NONE',  ( 90.00000000000000000, 6.472792206135810744, -5.412132034355953358 ) ) ;
#1242 = FACE_OUTER_BOUND ( 'NONE', #2648, .T. ) ;
#1243 = ORIENTED_EDGE ( 'NONE', *, *, #2390, .F. ) ;
#1244 = DIRECTION ( 'NONE',  ( 1.000000000000000000, 0.000000000000000000, 0.000000000000000000 ) ) ;
#1245 = DIRECTION ( 'NONE',  ( -0.000000000000000000, -1.000000000000000000, -0.000000000000000000 ) ) ;
#1246 = CARTESIAN_POINT ( 'NONE',  ( 0.000000000000000000, 3.399999999999960387, 8.199999999999960210 ) ) ;
#1247 = ORIENTED_EDGE ( 'NONE', *, *, #1911, .F. ) ;
#1248 = DIRECTION ( 'NONE',  ( -1.000000000000000000, -0.000000000000000000, -0.000000000000000000 ) ) ;
#1249 = DIRECTION ( 'NONE',  ( -1.000000000000000000, -0.000000000000000000, -0.000000000000000000 ) ) ;
#1250 = AXIS2_PLACEMENT_3D ( 'NONE', #1260, #2412, #92 ) ;
#1251 = DIRECTION ( 'NONE',  ( 0.000000000000000000, 0.000000000000000000, 1.000000000000000000 ) ) ;
#1252 = VERTEX_POINT ( 'NONE', #732 ) ;
#1253 = EDGE_CURVE ( 'NONE', #1343, #256, #3015, .T. ) ;
#1254 = VECTOR ( 'NONE', #2829, 1000.000000000000000 ) ;
#1255 = ORIENTED_EDGE ( 'NONE', *, *, #1161, .F. ) ;
#1256 = AXIS2_PLACEMENT_3D ( 'NONE', #2147, #1625, #3333 ) ;
#1257 = CARTESIAN_POINT ( 'NONE',  ( 90.00000000000000000, 5.500000000000027534, -7.899999999999983480 ) ) ;
#1258 = EDGE_CURVE ( 'NONE', #2874, #1741, #482, .T. ) ;
#1259 = CYLINDRICAL_SURFACE ( 'NONE', #3594, 2.000000000000003553 ) ;
#1260 = CARTESIAN_POINT ( 'NONE',  ( 0.000000000000000000, -3.399999999998347011, -9.699999999999979750 ) ) ;
#1261 = AXIS2_PLACEMENT_3D ( 'NONE', #1257, #699, #434 ) ;
#1262 = LINE ( 'NONE', #702, #1144 ) ;
#1263 = CARTESIAN_POINT ( 'NONE',  ( 0.000000000000000000, -9.699999999998500044, -3.700000000000161382 ) ) ;
#1264 = AXIS2_PLACEMENT_3D ( 'NONE', #1722, #1163, #1181 ) ;
#1265 = VERTEX_POINT ( 'NONE', #2174 ) ;
#1266 = CIRCLE ( 'NONE', #3648, 0.2999999999999981570 ) ;
#1267 = CARTESIAN_POINT ( 'NONE',  ( 90.00000000000000000, 7.900000000000005684, -5.499999999999984013 ) ) ;
#1268 = PRODUCT_CONTEXT ( 'NONE', #425, 'mechanical' ) ;
#1269 = VECTOR ( 'NONE', #2034, 1000.000000000000000 ) ;
#1270 = DIRECTION ( 'NONE',  ( 0.000000000000000000, 0.000000000000000000, -1.000000000000000000 ) ) ;
#1271 = EDGE_LOOP ( 'NONE', ( #3467, #3678, #1644, #1474 ) ) ;
#1272 = VECTOR ( 'NONE', #2311, 1000.000000000000000 ) ;
#1273 = EDGE_CURVE ( 'NONE', #2720, #3613, #2157, .T. ) ;
#1274 = VECTOR ( 'NONE', #51, 1000.000000000000000 ) ;
#1275 = VERTEX_POINT ( 'NONE', #808 ) ;
#1276 = CARTESIAN_POINT ( 'NONE',  ( 0.000000000000000000, 8.500000000000023093, -8.499999999999987566 ) ) ;
#1277 = CARTESIAN_POINT ( 'NONE',  ( 0.000000000000000000, 9.700000000000002842, -3.399999999999979483 ) ) ;
#1278 = DIRECTION ( 'NONE',  ( 0.000000000000000000, -0.7071067811865479058, -0.7071067811865472397 ) ) ;
#1279 = ADVANCED_FACE ( 'NONE', ( #1939 ), #1344, .F. ) ;
#1280 = DIRECTION ( 'NONE',  ( -1.000000000000000000, -0.000000000000000000, 0.000000000000000000 ) ) ;
#1281 = ORIENTED_EDGE ( 'NONE', *, *, #2285, .T. ) ;
#1282 = CARTESIAN_POINT ( 'NONE',  ( 0.000000000000000000, -9.699999999998889066, 3.399999999999784972 ) ) ;
#1283 = EDGE_CURVE ( 'NONE', #2327, #1306, #485, .T. ) ;
#1284 = CARTESIAN_POINT ( 'NONE',  ( 90.00000000000000000, -5.412132034355938259, -6.472792206135786763 ) ) ;
#1285 = LINE ( 'NONE', #2198, #2739 ) ;
#1286 = FACE_OUTER_BOUND ( 'NONE', #1838, .T. ) ;
#1287 = VERTEX_POINT ( 'NONE', #2261 ) ;
#1288 = DIRECTION ( 'NONE',  ( -1.000000000000000000, -0.000000000000000000, -0.000000000000000000 ) ) ;
#1289 = PLANE ( 'NONE',  #487 ) ;
#1290 = DIRECTION ( 'NONE',  ( 0.000000000000000000, 0.000000000000000000, 1.000000000000000000 ) ) ;
#1291 = EDGE_CURVE ( 'NONE', #2974, #1354, #2566, .T. ) ;
#1292 = ORIENTED_EDGE ( 'NONE', *, *, #3142, .F. ) ;
#1293 = VERTEX_POINT ( 'NONE', #1438 ) ;
#1294 = EDGE_CURVE ( 'NONE', #525, #2570, #1460, .T. ) ;
#1295 = DIRECTION ( 'NONE',  ( 0.000000000000000000, 0.000000000000000000, 1.000000000000000000 ) ) ;
#1296 = FACE_OUTER_BOUND ( 'NONE', #2486, .T. ) ;
#1297 = EDGE_CURVE ( 'NONE', #625, #1392, #543, .T. ) ;
#1298 = DIRECTION ( 'NONE',  ( -0.000000000000000000, -0.000000000000000000, 1.000000000000000000 ) ) ;
#1299 = CARTESIAN_POINT ( 'NONE',  ( 90.00000000000000000, 9.099999999999978328, 3.400000000000021227 ) ) ;
#1300 = VECTOR ( 'NONE', #1057, 1000.000000000000000 ) ;
#1301 = DIRECTION ( 'NONE',  ( -1.000000000000000000, -0.000000000000000000, -0.000000000000000000 ) ) ;
#1302 = ORIENTED_EDGE ( 'NONE', *, *, #2788, .T. ) ;
#1303 = DIRECTION ( 'NONE',  ( -0.000000000000000000, 0.7071067811865472397, 0.7071067811865479058 ) ) ;
#1304 = AXIS2_PLACEMENT_3D ( 'NONE', #1682, #1953, #2549 ) ;
#1305 = CIRCLE ( 'NONE', #3397, 0.2999999999999981570 ) ;
#1306 = VERTEX_POINT ( 'NONE', #1706 ) ;
#1307 = ORIENTED_EDGE ( 'NONE', *, *, #3652, .F. ) ;
#1308 = CYLINDRICAL_SURFACE ( 'NONE', #421, 0.2999999999999981570 ) ;
#1309 = DIRECTION ( 'NONE',  ( 0.000000000000000000, 0.000000000000000000, 1.000000000000000000 ) ) ;
#1310 = AXIS2_PLACEMENT_3D ( 'NONE', #816, #2012, #260 ) ;
#1311 = DIRECTION ( 'NONE',  ( -1.000000000000000000, -0.000000000000000000, -0.000000000000000000 ) ) ;
#1312 = ORIENTED_EDGE ( 'NONE', *, *, #3582, .F. ) ;
#1313 = EDGE_CURVE ( 'NONE', #3220, #3632, #3285, .T. ) ;
#1314 = VECTOR ( 'NONE', #3054, 1000.000000000000000 ) ;
#1315 = CARTESIAN_POINT ( 'NONE',  ( 0.000000000000000000, 9.999999999999955591, 8.500000000000014211 ) ) ;
#1316 = CIRCLE ( 'NONE', #1564, 0.3000000000000849210 ) ;
#1317 = AXIS2_PLACEMENT_3D ( 'NONE', #697, #412, #1551 ) ;
#1318 = ADVANCED_FACE ( 'NONE', ( #1382 ), #3118, .T. ) ;
#1319 = CARTESIAN_POINT ( 'NONE',  ( 90.00000000000000000, 8.199999999999969091, 5.200000000000017053 ) ) ;
#1320 = AXIS2_PLACEMENT_3D ( 'NONE', #3383, #906, #2291 ) ;
#1321 = ORIENTED_EDGE ( 'NONE', *, *, #161, .F. ) ;
#1322 = EDGE_CURVE ( 'NONE', #2935, #1557, #1204, .T. ) ;
#1323 = AXIS2_PLACEMENT_3D ( 'NONE', #1217, #2359, #2388 ) ;
#1324 = DIRECTION ( 'NONE',  ( -1.000000000000000000, -0.000000000000000000, -0.000000000000000000 ) ) ;
#1325 = ORIENTED_EDGE ( 'NONE', *, *, #3248, .T. ) ;
#1326 = DIRECTION ( 'NONE',  ( 0.000000000000000000, -0.7071067811865479058, 0.7071067811865472397 ) ) ;
#1327 = AXIS2_PLACEMENT_3D ( 'NONE', #2197, #1074, #3432 ) ;
#1328 = PRODUCT_DEFINITION_FORMATION_WITH_SPECIFIED_SOURCE ( '任何', '', #372, .NOT_KNOWN. ) ;
#1329 = AXIS2_PLACEMENT_3D ( 'NONE', #2452, #2195, #3599 ) ;
#1330 = ORIENTED_EDGE ( 'NONE', *, *, #1503, .F. ) ;
#1331 = CARTESIAN_POINT ( 'NONE',  ( 90.00000000000000000, -2.010912703474023733, 3.899999999999951950 ) ) ;
#1332 = EDGE_LOOP ( 'NONE', ( #1819, #1473, #1971, #508 ) ) ;
#1333 = CARTESIAN_POINT ( 'NONE',  ( 0.000000000000000000, -6.684924240490266456, -5.500000000000119904 ) ) ;
#1334 = DIRECTION ( 'NONE',  ( 0.000000000000000000, 0.000000000000000000, -1.000000000000000000 ) ) ;
#1335 = ORIENTED_EDGE ( 'NONE', *, *, #1809, .F. ) ;
#1336 = CARTESIAN_POINT ( 'NONE',  ( 0.000000000000000000, 3.400000000000026112, -9.099999999999990763 ) ) ;
#1337 = EDGE_CURVE ( 'NONE', #2455, #3661, #3666, .T. ) ;
#1338 = EDGE_CURVE ( 'NONE', #2313, #2861, #2931, .T. ) ;
#1339 = CARTESIAN_POINT ( 'NONE',  ( 90.00000000000000000, 3.100000000000028066, -9.099999999999990763 ) ) ;
#1340 = ORIENTED_EDGE ( 'NONE', *, *, #1294, .F. ) ;
#1341 = EDGE_CURVE ( 'NONE', #3053, #127, #373, .T. ) ;
#1342 = DIRECTION ( 'NONE',  ( 0.000000000000000000, -0.7071067811865479058, 0.7071067811865472397 ) ) ;
#1343 = VERTEX_POINT ( 'NONE', #843 ) ;
#1344 = PLANE ( 'NONE',  #2102 ) ;
#1345 = ADVANCED_FACE ( 'NONE', ( #3154 ), #1955, .F. ) ;
#1346 = ORIENTED_EDGE ( 'NONE', *, *, #2169, .T. ) ;
#1347 = CARTESIAN_POINT ( 'NONE',  ( 90.00000000000000000, 8.499999999999975131, 3.400000000000007017 ) ) ;
#1348 = ORIENTED_EDGE ( 'NONE', *, *, #848, .T. ) ;
#1349 = CARTESIAN_POINT ( 'NONE',  ( 90.00000000000000000, 8.499999999999960920, 8.500000000000014211 ) ) ;
#1350 = CARTESIAN_POINT ( 'NONE',  ( 90.00000000000000000, -3.399999999999292477, 9.699999999999826983 ) ) ;
#1351 = ORIENTED_EDGE ( 'NONE', *, *, #622, .T. ) ;
#1352 = DIRECTION ( 'NONE',  ( -1.000000000000000000, -0.000000000000000000, -0.000000000000000000 ) ) ;
#1353 = DIRECTION ( 'NONE',  ( -1.000000000000000000, -0.000000000000000000, -0.000000000000000000 ) ) ;
#1354 = VERTEX_POINT ( 'NONE', #2870 ) ;
#1355 = CARTESIAN_POINT ( 'NONE',  ( 90.00000000000000000, -6.472792206134539761, -5.412132034356080368 ) ) ;
#1356 = UNCERTAINTY_MEASURE_WITH_UNIT (LENGTH_MEASURE( 1.000000000000000082E-05 ), #520, 'distance_accuracy_value', 'NONE');
#1357 = DIRECTION ( 'NONE',  ( 0.000000000000000000, 0.000000000000000000, 1.000000000000000000 ) ) ;
#1358 = EDGE_LOOP ( 'NONE', ( #356, #283, #48, #3641 ) ) ;
#1359 = EDGE_CURVE ( 'NONE', #2491, #705, #3135, .T. ) ;
#1360 = VERTEX_POINT ( 'NONE', #542 ) ;
#1361 = CARTESIAN_POINT ( 'NONE',  ( 90.00000000000000000, 10.00000000000002487, -8.499999999999987566 ) ) ;
#1362 = VECTOR ( 'NONE', #2401, 1000.000000000000000 ) ;
#1363 = ORIENTED_EDGE ( 'NONE', *, *, #2617, .F. ) ;
#1364 = VECTOR ( 'NONE', #2360, 1000.000000000000000 ) ;
#1365 = DIRECTION ( 'NONE',  ( -1.000000000000000000, -0.000000000000000000, -0.000000000000000000 ) ) ;
#1366 = ORIENTED_EDGE ( 'NONE', *, *, #2998, .T. ) ;
#1367 = CARTESIAN_POINT ( 'NONE',  ( 0.000000000000000000, 5.500000000000027534, -7.899999999999983480 ) ) ;
#1368 = FACE_OUTER_BOUND ( 'NONE', #2750, .T. ) ;
#1369 = ORIENTED_EDGE ( 'NONE', *, *, #1283, .F. ) ;
#1370 = AXIS2_PLACEMENT_3D ( 'NONE', #3189, #374, #2901 ) ;
#1371 = CARTESIAN_POINT ( 'NONE',  ( 0.000000000000000000, 2.010912703473982877, 3.899999999999978595 ) ) ;
#1372 = VECTOR ( 'NONE', #2003, 1000.000000000000000 ) ;
#1373 = FACE_OUTER_BOUND ( 'NONE', #1417, .T. ) ;
#1374 = ORIENTED_EDGE ( 'NONE', *, *, #1094, .T. ) ;
#1375 = EDGE_LOOP ( 'NONE', ( #809, #3271, #1672, #3558 ) ) ;
#1376 = AXIS2_PLACEMENT_3D ( 'NONE', #950, #1830, #1812 ) ;
#1377 = CARTESIAN_POINT ( 'NONE',  ( 90.00000000000000000, -3.399999999999282263, 8.200000000000297717 ) ) ;
#1378 = LINE ( 'NONE', #1996, #3460 ) ;
#1379 = ORIENTED_EDGE ( 'NONE', *, *, #2550, .F. ) ;
#1380 = AXIS2_PLACEMENT_3D ( 'NONE', #2741, #1638, #1943 ) ;
#1381 = LINE ( 'NONE', #1998, #2395 ) ;
#1382 = FACE_OUTER_BOUND ( 'NONE', #2651, .T. ) ;
#1383 = ADVANCED_FACE ( 'NONE', ( #326 ), #2319, .F. ) ;
#1384 = EDGE_CURVE ( 'NONE', #3019, #3323, #627, .T. ) ;
#1385 = CIRCLE ( 'NONE', #2113, 0.2999999999999964362 ) ;
#1386 = ORIENTED_EDGE ( 'NONE', *, *, #660, .T. ) ;
#1387 = CARTESIAN_POINT ( 'NONE',  ( 0.000000000000000000, 3.700000000000021050, -9.699999999999979750 ) ) ;
#1388 = DIRECTION ( 'NONE',  ( -1.000000000000000000, -0.000000000000000000, -0.000000000000000000 ) ) ;
#1389 = DIRECTION ( 'NONE',  ( -1.000000000000000000, -0.000000000000000000, -0.000000000000000000 ) ) ;
#1390 = EDGE_CURVE ( 'NONE', #3186, #40, #1687, .T. ) ;
#1391 = AXIS2_PLACEMENT_3D ( 'NONE', #742, #719, #1530 ) ;
#1392 = VERTEX_POINT ( 'NONE', #1401 ) ;
#1393 = ORIENTED_EDGE ( 'NONE', *, *, #895, .F. ) ;
#1394 = CARTESIAN_POINT ( 'NONE',  ( 90.00000000000000000, 6.472792206135810744, -5.412132034355953358 ) ) ;
#1395 = EDGE_CURVE ( 'NONE', #923, #3346, #137, .T. ) ;
#1396 = CARTESIAN_POINT ( 'NONE',  ( 90.00000000000000000, -2.010912703474023733, 3.899999999999951950 ) ) ;
#1397 = ORIENTED_EDGE ( 'NONE', *, *, #3000, .F. ) ;
#1398 = LINE ( 'NONE', #2864, #553 ) ;
#1399 = DIRECTION ( 'NONE',  ( 1.000000000000000000, 0.000000000000000000, 0.000000000000000000 ) ) ;
#1400 = DIRECTION ( 'NONE',  ( -1.000000000000000000, -0.000000000000000000, -0.000000000000000000 ) ) ;
#1401 = CARTESIAN_POINT ( 'NONE',  ( 90.00000000000000000, 9.999999999999962697, 4.000000000000010658 ) ) ;
#1402 = ORIENTED_EDGE ( 'NONE', *, *, #1952, .F. ) ;
#1403 = CARTESIAN_POINT ( 'NONE',  ( 90.00000000000000000, 9.700000000000002842, -3.699999999999973976 ) ) ;
#1404 = DIRECTION ( 'NONE',  ( 0.000000000000000000, 0.000000000000000000, -1.000000000000000000 ) ) ;
#1405 = CARTESIAN_POINT ( 'NONE',  ( 90.00000000000000000, -5.500000000000114575, 7.900000000000219735 ) ) ;
#1406 = VERTEX_POINT ( 'NONE', #285 ) ;
#1407 = EDGE_CURVE ( 'NONE', #2983, #1895, #672, .T. ) ;
#1408 = CARTESIAN_POINT ( 'NONE',  ( 90.00000000000000000, 5.499999999999968026, 7.899999999999969269 ) ) ;
#1409 = PLANE ( 'NONE',  #257 ) ;
#1410 = DIRECTION ( 'NONE',  ( 0.000000000000000000, 0.000000000000000000, -1.000000000000000000 ) ) ;
#1411 = ORIENTED_EDGE ( 'NONE', *, *, #3084, .T. ) ;
#1412 = DIRECTION ( 'NONE',  ( 0.000000000000000000, -0.000000000000000000, 1.000000000000000000 ) ) ;
#1413 = CARTESIAN_POINT ( 'NONE',  ( 90.00000000000000000, 9.099999999999978328, 3.400000000000021227 ) ) ;
#1414 = ORIENTED_EDGE ( 'NONE', *, *, #2392, .T. ) ;
#1415 = CARTESIAN_POINT ( 'NONE',  ( 0.000000000000000000, -8.199999999998878408, 3.399999999999799183 ) ) ;
#1416 = CARTESIAN_POINT ( 'NONE',  ( 0.000000000000000000, -2.010912703474023733, 5.899999999999954170 ) ) ;
#1417 = EDGE_LOOP ( 'NONE', ( #1993, #2379, #3583, #684 ) ) ;
#1418 = LINE ( 'NONE', #2537, #1802 ) ;
#1419 = DIRECTION ( 'NONE',  ( -1.000000000000000000, -0.000000000000000000, 0.000000000000000000 ) ) ;
#1420 = PLANE ( 'NONE',  #1988 ) ;
#1421 = AXIS2_PLACEMENT_3D ( 'NONE', #3509, #689, #2988 ) ;
#1422 = ORIENTED_EDGE ( 'NONE', *, *, #1696, .T. ) ;
#1423 = CARTESIAN_POINT ( 'NONE',  ( 90.00000000000000000, -3.099999999999972555, -9.099999999999990763 ) ) ;
#1424 = AXIS2_PLACEMENT_3D ( 'NONE', #2201, #2186, #3336 ) ;
#1425 = DIRECTION ( 'NONE',  ( 0.000000000000000000, 1.000000000000000000, 0.000000000000000000 ) ) ;
#1426 = EDGE_CURVE ( 'NONE', #501, #2196, #3421, .T. ) ;
#1427 = CIRCLE ( 'NONE', #3528, 0.2999999999999981570 ) ;
#1428 = DIRECTION ( 'NONE',  ( 0.000000000000000000, -0.000000000000000000, -1.000000000000000000 ) ) ;
#1429 = ORIENTED_EDGE ( 'NONE', *, *, #1005, .T. ) ;
#1430 = VERTEX_POINT ( 'NONE', #1764 ) ;
#1431 = LINE ( 'NONE', #3415, #1447 ) ;
#1432 = CIRCLE ( 'NONE', #2443, 0.3000000000000042633 ) ;
#1433 = EDGE_CURVE ( 'NONE', #867, #1949, #342, .T. ) ;
#1434 = DIRECTION ( 'NONE',  ( -1.000000000000000000, -0.000000000000000000, 0.000000000000000000 ) ) ;
#1435 = ORIENTED_EDGE ( 'NONE', *, *, #3092, .F. ) ;
#1436 = DIRECTION ( 'NONE',  ( 0.000000000000000000, 0.000000000000000000, 1.000000000000000000 ) ) ;
#1437 = VECTOR ( 'NONE', #3362, 1000.000000000000000 ) ;
#1438 = CARTESIAN_POINT ( 'NONE',  ( 0.000000000000000000, 8.199999999999972644, 3.400000000000007017 ) ) ;
#1439 = EDGE_CURVE ( 'NONE', #3626, #3613, #63, .T. ) ;
#1440 = AXIS2_PLACEMENT_3D ( 'NONE', #1142, #3459, #901 ) ;
#1441 = VECTOR ( 'NONE', #2846, 1000.000000000000000 ) ;
#1442 = ORIENTED_EDGE ( 'NONE', *, *, #2377, .T. ) ;
#1443 = CARTESIAN_POINT ( 'NONE',  ( 90.00000000000000000, 3.400000000000026112, -8.199999999999977973 ) ) ;
#1444 = VECTOR ( 'NONE', #3348, 1000.000000000000000 ) ;
#1445 = DIRECTION ( 'NONE',  ( 0.000000000000000000, 0.000000000000000000, -1.000000000000000000 ) ) ;
#1446 = LINE ( 'NONE', #2558, #2581 ) ;
#1447 = VECTOR ( 'NONE', #861, 1000.000000000000000 ) ;
#1448 = ORIENTED_EDGE ( 'NONE', *, *, #3696, .F. ) ;
#1449 = CARTESIAN_POINT ( 'NONE',  ( 0.000000000000000000, 4.000000000000029310, -9.999999999999987566 ) ) ;
#1450 = AXIS2_PLACEMENT_3D ( 'NONE', #745, #2132, #1820 ) ;
#1451 = CARTESIAN_POINT ( 'NONE',  ( 0.000000000000000000, -8.499999999999284128, 9.999999999999822364 ) ) ;
#1452 = CIRCLE ( 'NONE', #798, 0.2999999999999877764 ) ;
#1453 = DIRECTION ( 'NONE',  ( -1.000000000000000000, -0.000000000000000000, -0.000000000000000000 ) ) ;
#1454 = ORIENTED_EDGE ( 'NONE', *, *, #539, .F. ) ;
#1455 = VERTEX_POINT ( 'NONE', #3196 ) ;
#1456 = DIRECTION ( 'NONE',  ( -0.000000000000000000, 1.000000000000000000, 0.000000000000000000 ) ) ;
#1457 = DIRECTION ( 'NONE',  ( -1.000000000000000000, -0.000000000000000000, -0.000000000000000000 ) ) ;
#1458 = VERTEX_POINT ( 'NONE', #1479 ) ;
#1459 = CARTESIAN_POINT ( 'NONE',  ( 90.00000000000000000, 10.00000000000002487, -8.499999999999987566 ) ) ;
#1460 = LINE ( 'NONE', #1103, #1023 ) ;
#1461 = EDGE_CURVE ( 'NONE', #1661, #1455, #191, .T. ) ;
#1462 = ORIENTED_EDGE ( 'NONE', *, *, #725, .T. ) ;
#1463 = DIRECTION ( 'NONE',  ( -1.000000000000000000, -0.000000000000000000, -0.000000000000000000 ) ) ;
#1464 = EDGE_CURVE ( 'NONE', #1098, #3579, #2642, .T. ) ;
#1465 = ORIENTED_EDGE ( 'NONE', *, *, #998, .T. ) ;
#1466 = CARTESIAN_POINT ( 'NONE',  ( 90.00000000000000000, -8.499999999999294786, 8.499999999999987566 ) ) ;
#1467 = DIRECTION ( 'NONE',  ( -1.000000000000000000, -0.000000000000000000, -0.000000000000000000 ) ) ;
#1468 = EDGE_LOOP ( 'NONE', ( #1899, #261, #1752, #899 ) ) ;
#1469 = VERTEX_POINT ( 'NONE', #2709 ) ;
#1470 = DIRECTION ( 'NONE',  ( 0.000000000000000000, 0.000000000000000000, 1.000000000000000000 ) ) ;
#1471 = CARTESIAN_POINT ( 'NONE',  ( 90.00000000000000000, 7.899999999999971045, 5.500000000000011546 ) ) ;
#1472 = DIRECTION ( 'NONE',  ( 0.000000000000000000, 0.000000000000000000, 1.000000000000000000 ) ) ;
#1473 = ORIENTED_EDGE ( 'NONE', *, *, #2355, .F. ) ;
#1474 = ORIENTED_EDGE ( 'NONE', *, *, #1212, .T. ) ;
#1475 = CARTESIAN_POINT ( 'NONE',  ( 90.00000000000000000, -3.999999999998350209, -10.00000000000019540 ) ) ;
#1476 = SURFACE_SIDE_STYLE ('',( #2035 ) ) ;
#1477 = ORIENTED_EDGE ( 'NONE', *, *, #2941, .T. ) ;
#1478 = DIRECTION ( 'NONE',  ( 0.000000000000000000, 0.000000000000000000, -1.000000000000000000 ) ) ;
#1479 = CARTESIAN_POINT ( 'NONE',  ( 90.00000000000000000, 3.399999999999953282, 9.400000000000012790 ) ) ;
#1480 = ADVANCED_FACE ( 'NONE', ( #440 ), #2108, .F. ) ;
#1481 = ORIENTED_EDGE ( 'NONE', *, *, #2001, .F. ) ;
#1482 = LINE ( 'NONE', #2265, #2504 ) ;
#1483 = CARTESIAN_POINT ( 'NONE',  ( 90.00000000000000000, 8.500000000000023093, -8.499999999999987566 ) ) ;
#1484 = CARTESIAN_POINT ( 'NONE',  ( 0.000000000000000000, -8.499999999999284128, 9.999999999999822364 ) ) ;
#1485 = EDGE_CURVE ( 'NONE', #789, #3522, #406, .T. ) ;
#1486 = VERTEX_POINT ( 'NONE', #3564 ) ;
#1487 = ORIENTED_EDGE ( 'NONE', *, *, #2872, .F. ) ;
#1488 = LINE ( 'NONE', #1408, #3272 ) ;
#1489 = CARTESIAN_POINT ( 'NONE',  ( 90.00000000000000000, 7.900000000000005684, -5.199999999999989519 ) ) ;
#1490 = AXIS2_PLACEMENT_3D ( 'NONE', #2881, #889, #912 ) ;
#1491 = FACE_OUTER_BOUND ( 'NONE', #2368, .T. ) ;
#1492 = VECTOR ( 'NONE', #3132, 1000.000000000000000 ) ;
#1493 = ORIENTED_EDGE ( 'NONE', *, *, #2175, .T. ) ;
#1494 = ORIENTED_EDGE ( 'NONE', *, *, #3064, .F. ) ;
#1495 = CYLINDRICAL_SURFACE ( 'NONE', #2635, 0.3000000000000172529 ) ;
#1496 = CLOSED_SHELL ( 'NONE', ( #1765, #3093, #2711, #566, #1182, #3303, #1113, #504, #1730, #1110, #3221, #2792, #2769, #23, #3625, #2064, #1576, #2745, #3423, #2960, #447, #1318, #2172, #2611, #2413, #2257, #2568, #704, #2700, #3504, #3658, #182, #139, #728, #2130, #723, #2666, #3553, #3193, #1143, #3163, #1668, #295, #3473, #2976, #2252, #2980, #3197, #2438, #291, #1480, #1345, #3495, #452, #516, #2938, #2865, #3541, #3041, #1383, #2232, #1187, #459, #52, #1873, #81, #1279, #2396, #2887, #641, #915, #2482, #2457, #3036, #2361, #141, #1779, #748, #3419, #1937, #545, #844, #2105, #275, #3210, #911, #793, #628, #271, #592, #2684, #1560, #1845, #667, #1599, #2187, #499, #3500, #244, #3212, #3213, #2324, #2601, #292, #2304, #2429, #644, #2837 ) ) ;
#1497 = ORIENTED_EDGE ( 'NONE', *, *, #204, .F. ) ;
#1498 = CARTESIAN_POINT ( 'NONE',  ( 90.00000000000000000, -5.199999999999971756, -6.684924240491753267 ) ) ;
#1499 = VECTOR ( 'NONE', #1175, 1000.000000000000114 ) ;
#1500 = VECTOR ( 'NONE', #1590, 1000.000000000000000 ) ;
#1501 = VERTEX_POINT ( 'NONE', #94 ) ;
#1502 = LINE ( 'NONE', #2121, #3469 ) ;
#1503 = EDGE_CURVE ( 'NONE', #1165, #3320, #1806, .T. ) ;
#1504 = CARTESIAN_POINT ( 'NONE',  ( 90.00000000000000000, 10.00000000000002487, -3.999999999999982681 ) ) ;
#1505 = CIRCLE ( 'NONE', #475, 0.3000000000000502265 ) ;
#1506 = CARTESIAN_POINT ( 'NONE',  ( 90.00000000000000000, 9.699999999999981526, 3.400000000000021227 ) ) ;
#1507 = PRODUCT_RELATED_PRODUCT_CATEGORY ( 'part', '', ( #372 ) ) ;
#1508 = EDGE_LOOP ( 'NONE', ( #3141, #1243, #1123, #3595 ) ) ;
#1509 = VECTOR ( 'NONE', #310, 1000.000000000000000 ) ;
#1510 = EDGE_CURVE ( 'NONE', #1557, #577, #3273, .T. ) ;
#1511 = DIRECTION ( 'NONE',  ( 0.000000000000000000, 0.000000000000000000, 1.000000000000000000 ) ) ;
#1512 = CARTESIAN_POINT ( 'NONE',  ( 0.000000000000000000, 2.010912703474030838, -5.900000000000023448 ) ) ;
#1513 = FACE_OUTER_BOUND ( 'NONE', #2202, .T. ) ;
#1514 = AXIS2_PLACEMENT_3D ( 'NONE', #2488, #3386, #1112 ) ;
#1515 = EDGE_LOOP ( 'NONE', ( #2722, #366, #3667, #103 ) ) ;
#1516 = ORIENTED_EDGE ( 'NONE', *, *, #1981, .F. ) ;
#1517 = EDGE_CURVE ( 'NONE', #3095, #1071, #2693, .T. ) ;
#1518 = DIRECTION ( 'NONE',  ( -1.000000000000000000, -0.000000000000000000, -0.000000000000000000 ) ) ;
#1519 = VECTOR ( 'NONE', #3140, 1000.000000000000114 ) ;
#1520 = DIRECTION ( 'NONE',  ( 1.000000000000000000, 0.000000000000000000, 0.000000000000000000 ) ) ;
#1521 = ORIENTED_EDGE ( 'NONE', *, *, #1390, .F. ) ;
#1522 = DIRECTION ( 'NONE',  ( -1.000000000000000000, -0.000000000000000000, -0.000000000000000000 ) ) ;
#1523 = ORIENTED_EDGE ( 'NONE', *, *, #1313, .F. ) ;
#1524 = VERTEX_POINT ( 'NONE', #1209 ) ;
#1525 = LINE ( 'NONE', #1559, #424 ) ;
#1526 = LINE ( 'NONE', #966, #2220 ) ;
#1527 = CARTESIAN_POINT ( 'NONE',  ( 90.00000000000000000, 5.412132034355935595, 6.472792206135776105 ) ) ;
#1528 = ORIENTED_EDGE ( 'NONE', *, *, #2351, .T. ) ;
#1529 = DIRECTION ( 'NONE',  ( 0.000000000000000000, 0.000000000000000000, -1.000000000000000000 ) ) ;
#1530 = DIRECTION ( 'NONE',  ( 0.000000000000000000, 0.000000000000000000, 1.000000000000000000 ) ) ;
#1531 = EDGE_CURVE ( 'NONE', #2277, #3360, #3590, .T. ) ;
#1532 = CARTESIAN_POINT ( 'NONE',  ( 90.00000000000000000, 2.010912703474030838, -3.900000000000021672 ) ) ;
#1533 = EDGE_LOOP ( 'NONE', ( #138, #2590, #344, #1935 ) ) ;
#1534 = ORIENTED_EDGE ( 'NONE', *, *, #1624, .T. ) ;
#1535 = DIRECTION ( 'NONE',  ( 0.000000000000000000, 0.000000000000000000, 1.000000000000000000 ) ) ;
#1536 = APPLICATION_PROTOCOL_DEFINITION ( 'draft international standard', 'automotive_design', 1998, #425 ) ;
#1537 = EDGE_CURVE ( 'NONE', #3463, #882, #611, .T. ) ;
#1538 = LINE ( 'NONE', #1763, #2450 ) ;
#1539 = ORIENTED_EDGE ( 'NONE', *, *, #1829, .F. ) ;
#1540 = ORIENTED_EDGE ( 'NONE', *, *, #1111, .F. ) ;
#1541 = CARTESIAN_POINT ( 'NONE',  ( 0.000000000000000000, 3.425126265847124429, -4.485786437626919643 ) ) ;
#1542 = DIRECTION ( 'NONE',  ( 0.000000000000000000, -1.000000000000000000, 0.000000000000000000 ) ) ;
#1543 = CARTESIAN_POINT ( 'NONE',  ( 0.000000000000000000, 8.499999999999932498, 10.00000000000001599 ) ) ;
#1544 = CARTESIAN_POINT ( 'NONE',  ( 90.00000000000000000, 5.500000000000027534, -7.899999999999983480 ) ) ;
#1545 = CARTESIAN_POINT ( 'NONE',  ( 90.00000000000000000, 9.700000000000008171, -3.999999999999982681 ) ) ;
#1546 = VERTEX_POINT ( 'NONE', #2383 ) ;
#1547 = CARTESIAN_POINT ( 'NONE',  ( 90.00000000000000000, -7.899999999998882139, 5.499999999999792166 ) ) ;
#1548 = EDGE_CURVE ( 'NONE', #98, #2245, #608, .T. ) ;
#1549 = LINE ( 'NONE', #3501, #1070 ) ;
#1550 = AXIS2_PLACEMENT_3D ( 'NONE', #3143, #2620, #314 ) ;
#1551 = DIRECTION ( 'NONE',  ( 0.000000000000000000, 0.000000000000000000, 1.000000000000000000 ) ) ;
#1552 = EDGE_LOOP ( 'NONE', ( #1346, #3480, #3424, #1669 ) ) ;
#1553 = EDGE_CURVE ( 'NONE', #509, #2033, #1316, .T. ) ;
#1554 = AXIS2_PLACEMENT_3D ( 'NONE', #2441, #3052, #2422 ) ;
#1555 = PRODUCT_DEFINITION_CONTEXT ( 'detailed design', #307, 'design' ) ;
#1556 = EDGE_CURVE ( 'NONE', #2470, #402, #2038, .T. ) ;
#1557 = VERTEX_POINT ( 'NONE', #391 ) ;
#1558 = AXIS2_PLACEMENT_3D ( 'NONE', #3344, #810, #3074 ) ;
#1559 = CARTESIAN_POINT ( 'NONE',  ( 90.00000000000000000, 4.485786437626915202, 3.425126265847095119 ) ) ;
#1560 = ADVANCED_FACE ( 'NONE', ( #420 ), #2127, .T. ) ;
#1561 = CARTESIAN_POINT ( 'NONE',  ( 90.00000000000000000, -5.899999999998859046, 2.010912703473775931 ) ) ;
#1562 = DIRECTION ( 'NONE',  ( -1.000000000000000000, 0.000000000000000000, -0.000000000000000000 ) ) ;
#1563 = AXIS2_PLACEMENT_3D ( 'NONE', #1276, #985, #2955 ) ;
#1564 = AXIS2_PLACEMENT_3D ( 'NONE', #2070, #1789, #716 ) ;
#1565 = DIRECTION ( 'NONE',  ( -1.000000000000000000, -0.000000000000000000, 0.000000000000000000 ) ) ;
#1566 = DIRECTION ( 'NONE',  ( 0.000000000000000000, 0.000000000000000000, -1.000000000000000000 ) ) ;
#1567 = CIRCLE ( 'NONE', #2040, 0.3000000000000085931 ) ;
#1568 = ORIENTED_EDGE ( 'NONE', *, *, #836, .T. ) ;
#1569 = STYLED_ITEM ( 'NONE', ( #3391 ), #2141 ) ;
#1570 = CARTESIAN_POINT ( 'NONE',  ( 0.000000000000000000, 6.472792206135810744, -5.412132034355953358 ) ) ;
#1571 = AXIS2_PLACEMENT_3D ( 'NONE', #437, #3574, #1412 ) ;
#1572 = DIRECTION ( 'NONE',  ( 1.000000000000000000, 0.000000000000000000, -0.000000000000000000 ) ) ;
#1573 = EDGE_CURVE ( 'NONE', #256, #488, #907, .T. ) ;
#1574 = VECTOR ( 'NONE', #591, 1000.000000000000000 ) ;
#1575 = CARTESIAN_POINT ( 'NONE',  ( 90.00000000000000000, -9.699999999999148415, 3.699999999999788347 ) ) ;
#1576 = ADVANCED_FACE ( 'NONE', ( #3203 ), #128, .F. ) ;
#1577 = ORIENTED_EDGE ( 'NONE', *, *, #1337, .T. ) ;
#1578 = LINE ( 'NONE', #2066, #246 ) ;
#1579 = SURFACE_STYLE_FILL_AREA ( #2548 ) ;
#1580 = DIRECTION ( 'NONE',  ( -1.000000000000000000, -0.000000000000000000, 0.000000000000000000 ) ) ;
#1581 = VERTEX_POINT ( 'NONE', #1544 ) ;
#1582 = FACE_OUTER_BOUND ( 'NONE', #535, .T. ) ;
#1583 = DIRECTION ( 'NONE',  ( 0.000000000000000000, -0.000000000000000000, -1.000000000000000000 ) ) ;
#1584 = EDGE_LOOP ( 'NONE', ( #1422, #2098 ) ) ;
#1585 = CARTESIAN_POINT ( 'NONE',  ( 0.000000000000000000, -6.684924240490608405, 5.199999999999795008 ) ) ;
#1586 = CARTESIAN_POINT ( 'NONE',  ( 0.000000000000000000, -3.099999999999972555, -9.099999999999990763 ) ) ;
#1587 = VERTEX_POINT ( 'NONE', #3550 ) ;
#1588 = DIRECTION ( 'NONE',  ( 0.000000000000000000, 0.000000000000000000, 1.000000000000000000 ) ) ;
#1589 = EDGE_LOOP ( 'NONE', ( #676, #1087, #2903, #1465 ) ) ;
#1590 = DIRECTION ( 'NONE',  ( -1.000000000000000000, -0.000000000000000000, -0.000000000000000000 ) ) ;
#1591 = CARTESIAN_POINT ( 'NONE',  ( 90.00000000000000000, -3.399999999999970601, -8.499999999999987566 ) ) ;
#1592 = EDGE_CURVE ( 'NONE', #488, #1077, #1262, .T. ) ;
#1593 = ORIENTED_EDGE ( 'NONE', *, *, #3567, .T. ) ;
#1594 = ORIENTED_EDGE ( 'NONE', *, *, #2061, .T. ) ;
#1595 = CARTESIAN_POINT ( 'NONE',  ( 90.00000000000000000, -3.399999999999282263, 8.200000000000297717 ) ) ;
#1596 = VERTEX_POINT ( 'NONE', #1843 ) ;
#1597 = CARTESIAN_POINT ( 'NONE',  ( 0.000000000000000000, -3.399999999999970601, -8.199999999999977973 ) ) ;
#1598 = DIRECTION ( 'NONE',  ( 0.000000000000000000, 0.000000000000000000, 1.000000000000000000 ) ) ;
#1599 = ADVANCED_FACE ( 'NONE', ( #1582 ), #3492, .F. ) ;
#1600 = EDGE_CURVE ( 'NONE', #863, #2974, #214, .T. ) ;
#1601 = CARTESIAN_POINT ( 'NONE',  ( 90.00000000000000000, 8.500000000000001776, -3.399999999999993250 ) ) ;
#1602 = CARTESIAN_POINT ( 'NONE',  ( 90.00000000000000000, -9.399999999998886580, 3.399999999999784972 ) ) ;
#1603 = ORIENTED_EDGE ( 'NONE', *, *, #2212, .F. ) ;
#1604 = AXIS2_PLACEMENT_3D ( 'NONE', #1841, #418, #1562 ) ;
#1605 = CARTESIAN_POINT ( 'NONE',  ( 90.00000000000000000, 5.412132034355938259, 6.472792206135773441 ) ) ;
#1606 = ORIENTED_EDGE ( 'NONE', *, *, #815, .F. ) ;
#1607 = DIRECTION ( 'NONE',  ( -1.000000000000000000, -0.000000000000000000, -0.000000000000000000 ) ) ;
#1608 =( GEOMETRIC_REPRESENTATION_CONTEXT ( 3 ) GLOBAL_UNCERTAINTY_ASSIGNED_CONTEXT ( ( #2148 ) ) GLOBAL_UNIT_ASSIGNED_CONTEXT ( ( #2117, #2059, #2928 ) ) REPRESENTATION_CONTEXT ( 'NONE', 'WORKASPACE' ) );
#1609 = CIRCLE ( 'NONE', #6, 0.3000000000000085931 ) ;
#1610 = ORIENTED_EDGE ( 'NONE', *, *, #33, .F. ) ;
#1611 = DIRECTION ( 'NONE',  ( -0.000000000000000000, -0.000000000000000000, -1.000000000000000000 ) ) ;
#1612 = EDGE_CURVE ( 'NONE', #3019, #1050, #2760, .T. ) ;
#1613 = ORIENTED_EDGE ( 'NONE', *, *, #1338, .F. ) ;
#1614 = DIRECTION ( 'NONE',  ( 0.000000000000000000, 0.000000000000000000, 1.000000000000000000 ) ) ;
#1615 = EDGE_CURVE ( 'NONE', #3073, #860, #2106, .T. ) ;
#1616 = AXIS2_PLACEMENT_3D ( 'NONE', #2253, #3109, #834 ) ;
#1617 = DIRECTION ( 'NONE',  ( 0.000000000000000000, 0.7071067811865472397, -0.7071067811865479058 ) ) ;
#1618 = VECTOR ( 'NONE', #2596, 1000.000000000000000 ) ;
#1619 = AXIS2_PLACEMENT_3D ( 'NONE', #3572, #1009, #822 ) ;
#1620 = EDGE_CURVE ( 'NONE', #2854, #2358, #1266, .T. ) ;
#1621 = CARTESIAN_POINT ( 'NONE',  ( 90.00000000000000000, -6.472792206134539761, -5.412132034356080368 ) ) ;
#1622 = AXIS2_PLACEMENT_3D ( 'NONE', #2244, #2019, #602 ) ;
#1623 = VECTOR ( 'NONE', #3587, 1000.000000000000000 ) ;
#1624 = EDGE_CURVE ( 'NONE', #1071, #40, #727, .T. ) ;
#1625 = DIRECTION ( 'NONE',  ( 1.000000000000000000, 0.000000000000000000, 0.000000000000000000 ) ) ;
#1626 = CIRCLE ( 'NONE', #316, 0.3000000000000059841 ) ;
#1627 = ORIENTED_EDGE ( 'NONE', *, *, #1426, .T. ) ;
#1628 = AXIS2_PLACEMENT_3D ( 'NONE', #2843, #22, #1796 ) ;
#1629 = FACE_OUTER_BOUND ( 'NONE', #2362, .T. ) ;
#1630 = ORIENTED_EDGE ( 'NONE', *, *, #1359, .F. ) ;
#1631 = DIRECTION ( 'NONE',  ( -1.000000000000000000, -0.000000000000000000, -0.000000000000000000 ) ) ;
#1632 = FACE_OUTER_BOUND ( 'NONE', #1824, .T. ) ;
#1633 = AXIS2_PLACEMENT_3D ( 'NONE', #397, #2962, #1535 ) ;
#1634 = VECTOR ( 'NONE', #794, 1000.000000000000000 ) ;
#1635 = ORIENTED_EDGE ( 'NONE', *, *, #1733, .T. ) ;
#1636 = LINE ( 'NONE', #1066, #541 ) ;
#1637 = ORIENTED_EDGE ( 'NONE', *, *, #1886, .T. ) ;
#1638 = DIRECTION ( 'NONE',  ( -1.000000000000000000, -0.000000000000000000, 0.000000000000000000 ) ) ;
#1639 = CARTESIAN_POINT ( 'NONE',  ( 0.000000000000000000, -6.472792206134539761, -5.412132034356080368 ) ) ;
#1640 = ORIENTED_EDGE ( 'NONE', *, *, #67, .T. ) ;
#1641 = DIRECTION ( 'NONE',  ( -1.000000000000000000, -0.000000000000000000, -0.000000000000000000 ) ) ;
#1642 = EDGE_CURVE ( 'NONE', #953, #178, #3365, .T. ) ;
#1643 = CARTESIAN_POINT ( 'NONE',  ( 90.00000000000000000, -3.999999999999289013, 9.699999999999826983 ) ) ;
#1644 = ORIENTED_EDGE ( 'NONE', *, *, #1028, .F. ) ;
#1645 = LINE ( 'NONE', #2222, #3179 ) ;
#1646 = CYLINDRICAL_SURFACE ( 'NONE', #1554, 0.3000000000000016542 ) ;
#1647 = ORIENTED_EDGE ( 'NONE', *, *, #2375, .F. ) ;
#1648 = FACE_OUTER_BOUND ( 'NONE', #1533, .T. ) ;
#1649 = VERTEX_POINT ( 'NONE', #1367 ) ;
#1650 = DIRECTION ( 'NONE',  ( -1.000000000000000000, -0.000000000000000000, -0.000000000000000000 ) ) ;
#1651 = ORIENTED_EDGE ( 'NONE', *, *, #3120, .T. ) ;
#1652 = DIRECTION ( 'NONE',  ( 1.000000000000000000, 0.000000000000000000, -0.000000000000000000 ) ) ;
#1653 = CARTESIAN_POINT ( 'NONE',  ( 0.000000000000000000, 5.200000000000029488, -8.199999999999979750 ) ) ;
#1654 = VERTEX_POINT ( 'NONE', #1907 ) ;
#1655 = CARTESIAN_POINT ( 'NONE',  ( 90.00000000000000000, -9.099999999998885869, 3.099999999999790479 ) ) ;
#1656 = CYLINDRICAL_SURFACE ( 'NONE', #1853, 0.3000000000000085931 ) ;
#1657 = ORIENTED_EDGE ( 'NONE', *, *, #3279, .F. ) ;
#1659 = VERTEX_POINT ( 'NONE', #1016 ) ;
#1658 = EDGE_CURVE ( 'NONE', #675, #240, #3326, .T. ) ;
#1660 = DIRECTION ( 'NONE',  ( 1.000000000000000000, 0.000000000000000000, 0.000000000000000000 ) ) ;
#1661 = VERTEX_POINT ( 'NONE', #2484 ) ;
#1662 = DIRECTION ( 'NONE',  ( 0.000000000000000000, 0.000000000000000000, 1.000000000000000000 ) ) ;
#1663 = CARTESIAN_POINT ( 'NONE',  ( 90.00000000000000000, -8.499999999999284128, 9.999999999999822364 ) ) ;
#1664 = EDGE_CURVE ( 'NONE', #1106, #600, #200, .T. ) ;
#1665 = AXIS2_PLACEMENT_3D ( 'NONE', #2382, #987, #3256 ) ;
#1666 = EDGE_LOOP ( 'NONE', ( #1348, #2372, #738, #2343 ) ) ;
#1667 = LINE ( 'NONE', #790, #3466 ) ;
#1668 = ADVANCED_FACE ( 'NONE', ( #179 ), #3629, .T. ) ;
#1669 = ORIENTED_EDGE ( 'NONE', *, *, #3308, .T. ) ;
#1670 = DIRECTION ( 'NONE',  ( 0.000000000000000000, 0.000000000000000000, -1.000000000000000000 ) ) ;
#1671 = CARTESIAN_POINT ( 'NONE',  ( 90.00000000000000000, -9.099999999998503952, -3.100000000000165290 ) ) ;
#1672 = ORIENTED_EDGE ( 'NONE', *, *, #3671, .F. ) ;
#1673 = AXIS2_PLACEMENT_3D ( 'NONE', #1532, #652, #2663 ) ;
#1674 = DIRECTION ( 'NONE',  ( 0.000000000000000000, 0.000000000000000000, -1.000000000000000000 ) ) ;
#1675 = VECTOR ( 'NONE', #287, 1000.000000000000000 ) ;
#1676 = DIRECTION ( 'NONE',  ( 0.000000000000000000, 0.000000000000000000, 1.000000000000000000 ) ) ;
#1677 = ORIENTED_EDGE ( 'NONE', *, *, #988, .F. ) ;
#1678 = ORIENTED_EDGE ( 'NONE', *, *, #3586, .F. ) ;
#1679 = VECTOR ( 'NONE', #2573, 1000.000000000000000 ) ;
#1680 = CIRCLE ( 'NONE', #2630, 2.000000000000017319 ) ;
#1681 = DIRECTION ( 'NONE',  ( -1.000000000000000000, -0.000000000000000000, -0.000000000000000000 ) ) ;
#1682 = CARTESIAN_POINT ( 'NONE',  ( 0.000000000000000000, 8.499999999999960920, 8.500000000000014211 ) ) ;
#1683 = ORIENTED_EDGE ( 'NONE', *, *, #2701, .F. ) ;
#1684 = AXIS2_PLACEMENT_3D ( 'NONE', #1877, #2179, #1614 ) ;
#1685 = EDGE_CURVE ( 'NONE', #3613, #3405, #164, .T. ) ;
#1686 = CYLINDRICAL_SURFACE ( 'NONE', #361, 0.2999999999999947153 ) ;
#1687 = LINE ( 'NONE', #564, #2449 ) ;
#1688 = AXIS2_PLACEMENT_3D ( 'NONE', #3131, #3436, #597 ) ;
#1689 = EDGE_CURVE ( 'NONE', #3378, #3130, #755, .T. ) ;
#1690 = AXIS2_PLACEMENT_3D ( 'NONE', #1755, #2603, #2129 ) ;
#1691 = EDGE_LOOP ( 'NONE', ( #223, #3637, #2076, #3452 ) ) ;
#1692 = DIRECTION ( 'NONE',  ( -1.000000000000000000, -0.000000000000000000, -0.000000000000000000 ) ) ;
#1693 = DIRECTION ( 'NONE',  ( -1.000000000000000000, -0.000000000000000000, -0.000000000000000000 ) ) ;
#1694 = DIRECTION ( 'NONE',  ( 0.000000000000000000, 0.000000000000000000, 1.000000000000000000 ) ) ;
#1695 = AXIS2_PLACEMENT_3D ( 'NONE', #1545, #2433, #990 ) ;
#1696 = EDGE_CURVE ( 'NONE', #2168, #2467, #977, .T. ) ;
#1697 = EDGE_LOOP ( 'NONE', ( #3, #1928, #1903, #2902 ) ) ;
#1698 = DIRECTION ( 'NONE',  ( 0.000000000000000000, 0.000000000000000000, 1.000000000000000000 ) ) ;
#1699 = DIRECTION ( 'NONE',  ( -1.000000000000000000, -0.000000000000000000, -0.000000000000000000 ) ) ;
#1700 = LINE ( 'NONE', #534, #3339 ) ;
#1701 = ORIENTED_EDGE ( 'NONE', *, *, #3520, .T. ) ;
#1702 = ORIENTED_EDGE ( 'NONE', *, *, #3602, .F. ) ;
#1703 = DIRECTION ( 'NONE',  ( -1.000000000000000000, -0.000000000000000000, -0.000000000000000000 ) ) ;
#1704 = DIRECTION ( 'NONE',  ( 0.000000000000000000, 0.000000000000000000, -1.000000000000000000 ) ) ;
#1705 = PLANE ( 'NONE',  #974 ) ;
#1706 = CARTESIAN_POINT ( 'NONE',  ( 0.000000000000000000, 3.100000000000028066, -9.099999999999990763 ) ) ;
#1707 = ORIENTED_EDGE ( 'NONE', *, *, #687, .T. ) ;
#1708 = LINE ( 'NONE', #309, #2273 ) ;
#1709 = EDGE_CURVE ( 'NONE', #625, #2861, #2451, .T. ) ;
#1710 = FACE_OUTER_BOUND ( 'NONE', #661, .T. ) ;
#1711 = CARTESIAN_POINT ( 'NONE',  ( 90.00000000000000000, -3.425126265847115548, 4.485786437626832601 ) ) ;
#1712 = ORIENTED_EDGE ( 'NONE', *, *, #1485, .T. ) ;
#1713 = EDGE_CURVE ( 'NONE', #2245, #3447, #770, .T. ) ;
#1714 = PLANE ( 'NONE',  #1727 ) ;
#1715 = FACE_OUTER_BOUND ( 'NONE', #453, .T. ) ;
#1716 = LINE ( 'NONE', #2840, #1965 ) ;
#1717 = EDGE_LOOP ( 'NONE', ( #2586, #105, #495, #2686 ) ) ;
#1718 = DIRECTION ( 'NONE',  ( -1.000000000000000000, -0.000000000000000000, -0.000000000000000000 ) ) ;
#1719 = CARTESIAN_POINT ( 'NONE',  ( 0.000000000000000000, 3.399999999999949729, 9.699999999999965539 ) ) ;
#1720 = ORIENTED_EDGE ( 'NONE', *, *, #957, .T. ) ;
#1721 = LINE ( 'NONE', #540, #192 ) ;
#1722 = CARTESIAN_POINT ( 'NONE',  ( 90.00000000000000000, -9.099999999998503952, -3.400000000000173550 ) ) ;
#1723 = ORIENTED_EDGE ( 'NONE', *, *, #660, .F. ) ;
#1724 = CARTESIAN_POINT ( 'NONE',  ( 90.00000000000000000, 6.684924240491734615, 5.500000000000008882 ) ) ;
#1725 = CARTESIAN_POINT ( 'NONE',  ( 90.00000000000000000, 9.700000000000002842, -3.399999999999979483 ) ) ;
#1726 = DIRECTION ( 'NONE',  ( -1.000000000000000000, -0.000000000000000000, -0.000000000000000000 ) ) ;
#1727 = AXIS2_PLACEMENT_3D ( 'NONE', #276, #1173, #2329 ) ;
#1728 = VERTEX_POINT ( 'NONE', #3020 ) ;
#1729 = ORIENTED_EDGE ( 'NONE', *, *, #3322, .T. ) ;
#1730 = ADVANCED_FACE ( 'NONE', ( #3076 ), #528, .F. ) ;
#1731 = CARTESIAN_POINT ( 'NONE',  ( 90.00000000000000000, -9.699999999999148415, 3.999999999999788614 ) ) ;
#1732 = DIRECTION ( 'NONE',  ( -0.000000000000000000, 1.000000000000000000, -0.000000000000000000 ) ) ;
#1733 = EDGE_CURVE ( 'NONE', #2861, #3343, #3043, .T. ) ;
#1734 = AXIS2_PLACEMENT_3D ( 'NONE', #1055, #2133, #3265 ) ;
#1735 = DIRECTION ( 'NONE',  ( 0.000000000000000000, 1.000000000000000000, 0.000000000000000000 ) ) ;
#1736 = EDGE_LOOP ( 'NONE', ( #894, #3576, #780, #2565 ) ) ;
#1737 = ORIENTED_EDGE ( 'NONE', *, *, #1426, .F. ) ;
#1738 = CYLINDRICAL_SURFACE ( 'NONE', #852, 0.2999999999999981570 ) ;
#1739 = CIRCLE ( 'NONE', #1370, 0.2999999999999964362 ) ;
#1740 = DIRECTION ( 'NONE',  ( 1.000000000000000000, 0.000000000000000000, -0.000000000000000000 ) ) ;
#1741 = VERTEX_POINT ( 'NONE', #1333 ) ;
#1742 = DIRECTION ( 'NONE',  ( 0.000000000000000000, 0.000000000000000000, 1.000000000000000000 ) ) ;
#1743 = VECTOR ( 'NONE', #2466, 1000.000000000000000 ) ;
#1744 = DIRECTION ( 'NONE',  ( -1.000000000000000000, -0.000000000000000000, -0.000000000000000000 ) ) ;
#1745 = AXIS2_PLACEMENT_3D ( 'NONE', #1999, #1744, #2790 ) ;
#1746 = ORIENTED_EDGE ( 'NONE', *, *, #1689, .T. ) ;
#1747 = DIRECTION ( 'NONE',  ( 0.000000000000000000, -0.7071067811865472397, 0.7071067811865479058 ) ) ;
#1748 = CIRCLE ( 'NONE', #3410, 1.499999999999843459 ) ;
#1749 = DIRECTION ( 'NONE',  ( -1.000000000000000000, -0.000000000000000000, -0.000000000000000000 ) ) ;
#1750 = CARTESIAN_POINT ( 'NONE',  ( 90.00000000000000000, 3.099999999999958789, 9.099999999999976552 ) ) ;
#1751 = AXIS2_PLACEMENT_3D ( 'NONE', #1483, #2346, #929 ) ;
#1752 = ORIENTED_EDGE ( 'NONE', *, *, #2820, .F. ) ;
#1753 = CARTESIAN_POINT ( 'NONE',  ( 90.00000000000000000, -5.204170427930421283E-14, 2.500000000000068390 ) ) ;
#1754 = VECTOR ( 'NONE', #2882, 1000.000000000000000 ) ;
#1755 = CARTESIAN_POINT ( 'NONE',  ( 90.00000000000000000, -9.699999999998500044, -3.400000000000173550 ) ) ;
#1756 = CARTESIAN_POINT ( 'NONE',  ( 0.000000000000000000, 9.999999999999955591, 8.500000000000014211 ) ) ;
#1757 = ORIENTED_EDGE ( 'NONE', *, *, #1658, .F. ) ;
#1758 = ORIENTED_EDGE ( 'NONE', *, *, #2212, .T. ) ;
#1759 = DIRECTION ( 'NONE',  ( -1.000000000000000000, -0.000000000000000000, -0.000000000000000000 ) ) ;
#1760 = EDGE_CURVE ( 'NONE', #2909, #887, #1810, .T. ) ;
#1761 = FACE_OUTER_BOUND ( 'NONE', #181, .T. ) ;
#1762 = ORIENTED_EDGE ( 'NONE', *, *, #431, .T. ) ;
#1763 = CARTESIAN_POINT ( 'NONE',  ( 0.000000000000000000, 9.100000000000004974, -3.099999999999984546 ) ) ;
#1764 = CARTESIAN_POINT ( 'NONE',  ( 90.00000000000000000, 3.399999999999960387, 8.199999999999960210 ) ) ;
#1765 = ADVANCED_FACE ( 'NONE', ( #1710 ), #2851, .F. ) ;
#1766 = ORIENTED_EDGE ( 'NONE', *, *, #115, .F. ) ;
#1767 = DIRECTION ( 'NONE',  ( 1.000000000000000000, 0.000000000000000000, -0.000000000000000000 ) ) ;
#1768 = CARTESIAN_POINT ( 'NONE',  ( 90.00000000000000000, -8.499999999998880895, 3.399999999999799183 ) ) ;
#1769 = CARTESIAN_POINT ( 'NONE',  ( 90.00000000000000000, 6.472792206135768112, 5.412132034355969346 ) ) ;
#1770 = ORIENTED_EDGE ( 'NONE', *, *, #371, .F. ) ;
#1771 = EDGE_LOOP ( 'NONE', ( #3688, #649, #1737, #142 ) ) ;
#1772 = CARTESIAN_POINT ( 'NONE',  ( 0.000000000000000000, 3.400000000000026112, -8.499999999999987566 ) ) ;
#1773 = CARTESIAN_POINT ( 'NONE',  ( 90.00000000000000000, 8.499999999999982236, 3.100000000000008971 ) ) ;
#1774 = CYLINDRICAL_SURFACE ( 'NONE', #2733, 0.2999999999999999334 ) ;
#1775 = ORIENTED_EDGE ( 'NONE', *, *, #1615, .T. ) ;
#1776 = ORIENTED_EDGE ( 'NONE', *, *, #1089, .F. ) ;
#1777 = CARTESIAN_POINT ( 'NONE',  ( 0.000000000000000000, -8.499999999998507860, -3.400000000000173550 ) ) ;
#1778 = EDGE_LOOP ( 'NONE', ( #1707, #99, #1170, #270 ) ) ;
#1779 = ADVANCED_FACE ( 'NONE', ( #3685 ), #2834, .F. ) ;
#1780 = CARTESIAN_POINT ( 'NONE',  ( 0.000000000000000000, -6.684924240490615510, 5.499999999999789502 ) ) ;
#1781 = EDGE_CURVE ( 'NONE', #3012, #1486, #34, .T. ) ;
#1782 = EDGE_CURVE ( 'NONE', #127, #1983, #3426, .T. ) ;
#1783 = ORIENTED_EDGE ( 'NONE', *, *, #2328, .T. ) ;
#1784 = CARTESIAN_POINT ( 'NONE',  ( 0.000000000000000000, -5.412132034355992438, 6.472792206135689952 ) ) ;
#1785 = DIRECTION ( 'NONE',  ( 0.000000000000000000, 1.000000000000000000, 0.000000000000000000 ) ) ;
#1786 = DIRECTION ( 'NONE',  ( -1.000000000000000000, -0.000000000000000000, -0.000000000000000000 ) ) ;
#1787 = ORIENTED_EDGE ( 'NONE', *, *, #2078, .T. ) ;
#1788 = EDGE_CURVE ( 'NONE', #887, #2625, #3477, .T. ) ;
#1789 = DIRECTION ( 'NONE',  ( -1.000000000000000000, -0.000000000000000000, -0.000000000000000000 ) ) ;
#1790 = FACE_OUTER_BOUND ( 'NONE', #3539, .T. ) ;
#1791 = VECTOR ( 'NONE', #1918, 1000.000000000000000 ) ;
#1792 = CARTESIAN_POINT ( 'NONE',  ( 90.00000000000000000, 9.699999999999981526, 3.700000000000015721 ) ) ;
#1793 = CIRCLE ( 'NONE', #1011, 2.000000000000017319 ) ;
#1794 = ORIENTED_EDGE ( 'NONE', *, *, #565, .T. ) ;
#1795 = ORIENTED_EDGE ( 'NONE', *, *, #1337, .F. ) ;
#1796 = DIRECTION ( 'NONE',  ( 0.000000000000000000, 0.000000000000000000, 1.000000000000000000 ) ) ;
#1797 = AXIS2_PLACEMENT_3D ( 'NONE', #1800, #3195, #2037 ) ;
#1798 = DIRECTION ( 'NONE',  ( 1.000000000000000000, 0.000000000000000000, 0.000000000000000000 ) ) ;
#1799 = ORIENTED_EDGE ( 'NONE', *, *, #959, .T. ) ;
#1800 = CARTESIAN_POINT ( 'NONE',  ( 90.00000000000000000, -9.099999999998503952, -3.100000000000165290 ) ) ;
#1801 = AXIS2_PLACEMENT_3D ( 'NONE', #2312, #3205, #1816 ) ;
#1802 = VECTOR ( 'NONE', #868, 1000.000000000000000 ) ;
#1803 = ORIENTED_EDGE ( 'NONE', *, *, #1782, .T. ) ;
#1804 = DIRECTION ( 'NONE',  ( -1.000000000000000000, -0.000000000000000000, 0.000000000000000000 ) ) ;
#1805 = CARTESIAN_POINT ( 'NONE',  ( 90.00000000000000000, -3.399999999999970601, -8.499999999999987566 ) ) ;
#1806 = CIRCLE ( 'NONE', #2218, 2.500000000000016431 ) ;
#1807 = AXIS2_PLACEMENT_3D ( 'NONE', #1498, #2318, #3458 ) ;
#1808 = LINE ( 'NONE', #2123, #1362 ) ;
#1809 = EDGE_CURVE ( 'NONE', #3186, #2966, #1107, .T. ) ;
#1810 = CIRCLE ( 'NONE', #1915, 0.3000000000000085931 ) ;
#1811 = ORIENTED_EDGE ( 'NONE', *, *, #1171, .F. ) ;
#1812 = DIRECTION ( 'NONE',  ( 0.000000000000000000, 0.000000000000000000, -1.000000000000000000 ) ) ;
#1813 = CYLINDRICAL_SURFACE ( 'NONE', #1695, 0.3000000000000085931 ) ;
#1814 = EDGE_CURVE ( 'NONE', #2587, #113, #1626, .T. ) ;
#1815 = CIRCLE ( 'NONE', #1029, 0.3000000000000085931 ) ;
#1816 = DIRECTION ( 'NONE',  ( 0.000000000000000000, 0.000000000000000000, 1.000000000000000000 ) ) ;
#1817 = VECTOR ( 'NONE', #972, 1000.000000000000000 ) ;
#1818 = ORIENTED_EDGE ( 'NONE', *, *, #343, .T. ) ;
#1819 = ORIENTED_EDGE ( 'NONE', *, *, #3446, .T. ) ;
#1820 = DIRECTION ( 'NONE',  ( 0.000000000000000000, 0.000000000000000000, 1.000000000000000000 ) ) ;
#1821 = AXIS2_PLACEMENT_3D ( 'NONE', #2267, #587, #2616 ) ;
#1822 = LINE ( 'NONE', #3174, #3276 ) ;
#1823 = DIRECTION ( 'NONE',  ( 0.000000000000000000, 0.000000000000000000, 1.000000000000000000 ) ) ;
#1824 = EDGE_LOOP ( 'NONE', ( #150, #2771, #514, #235 ) ) ;
#1825 = VERTEX_POINT ( 'NONE', #850 ) ;
#1826 = LINE ( 'NONE', #2967, #2210 ) ;
#1827 = CARTESIAN_POINT ( 'NONE',  ( 90.00000000000000000, 3.100000000000028066, -9.099999999999990763 ) ) ;
#1828 = CARTESIAN_POINT ( 'NONE',  ( 0.000000000000000000, -5.412132034355937371, -6.472792206135787652 ) ) ;
#1829 = EDGE_CURVE ( 'NONE', #3346, #796, #2044, .T. ) ;
#1830 = DIRECTION ( 'NONE',  ( -1.000000000000000000, -0.000000000000000000, -0.000000000000000000 ) ) ;
#1831 = CARTESIAN_POINT ( 'NONE',  ( 90.00000000000000000, 3.400000000000026112, -9.099999999999990763 ) ) ;
#1832 = EDGE_CURVE ( 'NONE', #213, #1265, #1027, .T. ) ;
#1833 = EDGE_LOOP ( 'NONE', ( #2333, #2506, #560, #505 ) ) ;
#1834 = LINE ( 'NONE', #461, #24 ) ;
#1835 = FILL_AREA_STYLE_COLOUR ( '', #2146 ) ;
#1836 = EDGE_CURVE ( 'NONE', #1825, #167, #2557, .T. ) ;
#1837 = DIRECTION ( 'NONE',  ( 0.000000000000000000, 0.000000000000000000, 1.000000000000000000 ) ) ;
#1838 = EDGE_LOOP ( 'NONE', ( #506, #3078, #876, #2787 ) ) ;
#1839 = CARTESIAN_POINT ( 'NONE',  ( 0.000000000000000000, -3.099999999999378364, 8.499999999999847233 ) ) ;
#1840 = CARTESIAN_POINT ( 'NONE',  ( 90.00000000000000000, -3.899999999998857714, -2.010912703474289298 ) ) ;
#1841 = CARTESIAN_POINT ( 'NONE',  ( 90.00000000000000000, -7.899999999998505551, -5.500000000000122569 ) ) ;
#1842 = ORIENTED_EDGE ( 'NONE', *, *, #2280, .T. ) ;
#1843 = CARTESIAN_POINT ( 'NONE',  ( 0.000000000000000000, -9.999999999998500755, -8.500000000000209610 ) ) ;
#1844 = CARTESIAN_POINT ( 'NONE',  ( 90.00000000000000000, 8.500000000000008882, -9.999999999999987566 ) ) ;
#1845 = ADVANCED_FACE ( 'NONE', ( #3159 ), #2004, .F. ) ;
#1846 = ORIENTED_EDGE ( 'NONE', *, *, #589, .T. ) ;
#1847 = CARTESIAN_POINT ( 'NONE',  ( 90.00000000000000000, 9.999999999999955591, 8.500000000000014211 ) ) ;
#1848 = EDGE_CURVE ( 'NONE', #1265, #3053, #3123, .T. ) ;
#1849 = VECTOR ( 'NONE', #1138, 1000.000000000000000 ) ;
#1850 = LINE ( 'NONE', #1586, #1145 ) ;
#1851 = DIRECTION ( 'NONE',  ( 0.000000000000000000, 0.000000000000000000, -1.000000000000000000 ) ) ;
#1852 = DIRECTION ( 'NONE',  ( 0.000000000000000000, 0.000000000000000000, 1.000000000000000000 ) ) ;
#1853 = AXIS2_PLACEMENT_3D ( 'NONE', #218, #3692, #278 ) ;
#1854 = DIRECTION ( 'NONE',  ( -0.000000000000000000, -0.7071067811865472397, 0.7071067811865479058 ) ) ;
#1855 = CARTESIAN_POINT ( 'NONE',  ( 90.00000000000000000, -3.099999999999981437, -9.099999999999990763 ) ) ;
#1856 = VECTOR ( 'NONE', #345, 1000.000000000000000 ) ;
#1857 = AXIS2_PLACEMENT_3D ( 'NONE', #2831, #881, #3091 ) ;
#1858 = CARTESIAN_POINT ( 'NONE',  ( 90.00000000000000000, 10.00000000000002487, -8.499999999999987566 ) ) ;
#1859 = ORIENTED_EDGE ( 'NONE', *, *, #969, .T. ) ;
#1860 = CARTESIAN_POINT ( 'NONE',  ( 90.00000000000000000, 8.199999999999972644, 3.400000000000007017 ) ) ;
#1861 = AXIS2_PLACEMENT_3D ( 'NONE', #631, #1419, #2538 ) ;
#1862 = COLOUR_RGB ( '',0.8980392156862745390, 0.9176470588235293713, 0.9294117647058823817 ) ;
#1863 = CARTESIAN_POINT ( 'NONE',  ( 90.00000000000000000, -5.499999999999971578, -7.899999999999983480 ) ) ;
#1864 = CIRCLE ( 'NONE', #1450, 2.000000000000004441 ) ;
#1865 = DIRECTION ( 'NONE',  ( -1.000000000000000000, -0.000000000000000000, -0.000000000000000000 ) ) ;
#1866 = EDGE_CURVE ( 'NONE', #1983, #2455, #2509, .T. ) ;
#1867 = LINE ( 'NONE', #2770, #1791 ) ;
#1868 = CYLINDRICAL_SURFACE ( 'NONE', #1020, 0.3000000000000085931 ) ;
#1869 = DIRECTION ( 'NONE',  ( -1.000000000000000000, -0.000000000000000000, -0.000000000000000000 ) ) ;
#1870 = EDGE_CURVE ( 'NONE', #174, #791, #10, .T. ) ;
#1871 = LINE ( 'NONE', #2241, #3292 ) ;
#1872 = DIRECTION ( 'NONE',  ( -1.000000000000000000, 0.000000000000000000, -0.000000000000000000 ) ) ;
#1873 = ADVANCED_FACE ( 'NONE', ( #253 ), #2524, .F. ) ;
#1874 = ORIENTED_EDGE ( 'NONE', *, *, #2375, .T. ) ;
#1875 = CARTESIAN_POINT ( 'NONE',  ( 90.00000000000000000, -8.199999999998505373, -3.400000000000173550 ) ) ;
#1876 = ORIENTED_EDGE ( 'NONE', *, *, #521, .T. ) ;
#1877 = CARTESIAN_POINT ( 'NONE',  ( 0.000000000000000000, 9.699999999999974420, 4.000000000000010658 ) ) ;
#1878 = CARTESIAN_POINT ( 'NONE',  ( 0.000000000000000000, -5.499999999999971578, -6.684924240491753267 ) ) ;
#1879 = ORIENTED_EDGE ( 'NONE', *, *, #3328, .T. ) ;
#1880 = DIRECTION ( 'NONE',  ( -1.000000000000000000, -0.000000000000000000, 0.000000000000000000 ) ) ;
#1881 = DIRECTION ( 'NONE',  ( 0.000000000000000000, 0.000000000000000000, -1.000000000000000000 ) ) ;
#1882 = FACE_OUTER_BOUND ( 'NONE', #2762, .T. ) ;
#1883 = EDGE_CURVE ( 'NONE', #1728, #559, #607, .T. ) ;
#1884 = ORIENTED_EDGE ( 'NONE', *, *, #888, .F. ) ;
#1885 = DIRECTION ( 'NONE',  ( 0.000000000000000000, 0.000000000000000000, -1.000000000000000000 ) ) ;
#1886 = EDGE_CURVE ( 'NONE', #2559, #2033, #2818, .T. ) ;
#1887 = ORIENTED_EDGE ( 'NONE', *, *, #3277, .T. ) ;
#1888 = DIRECTION ( 'NONE',  ( 0.000000000000000000, 0.000000000000000000, 1.000000000000000000 ) ) ;
#1889 = ORIENTED_EDGE ( 'NONE', *, *, #2169, .F. ) ;
#1890 = CARTESIAN_POINT ( 'NONE',  ( 90.00000000000000000, 3.400000000000026112, -8.199999999999977973 ) ) ;
#1891 = DIRECTION ( 'NONE',  ( 0.000000000000000000, 0.000000000000000000, 1.000000000000000000 ) ) ;
#1892 = EDGE_CURVE ( 'NONE', #863, #3058, #1748, .T. ) ;
#1893 = DIRECTION ( 'NONE',  ( 1.000000000000000000, 0.000000000000000000, 0.000000000000000000 ) ) ;
#1894 = CARTESIAN_POINT ( 'NONE',  ( 90.00000000000000000, -3.399999999999386180, 9.099999999999837996 ) ) ;
#1895 = VERTEX_POINT ( 'NONE', #1961 ) ;
#1896 = VECTOR ( 'NONE', #632, 1000.000000000000000 ) ;
#1897 = FACE_OUTER_BOUND ( 'NONE', #1945, .T. ) ;
#1898 = ORIENTED_EDGE ( 'NONE', *, *, #2859, .F. ) ;
#1899 = ORIENTED_EDGE ( 'NONE', *, *, #1556, .T. ) ;
#1900 = LINE ( 'NONE', #2772, #3100 ) ;
#1901 = AXIS2_PLACEMENT_3D ( 'NONE', #2516, #839, #2866 ) ;
#1902 = AXIS2_PLACEMENT_3D ( 'NONE', #2682, #1270, #3026 ) ;
#1903 = ORIENTED_EDGE ( 'NONE', *, *, #691, .F. ) ;
#1904 = DIRECTION ( 'NONE',  ( 0.000000000000000000, 0.000000000000000000, 1.000000000000000000 ) ) ;
#1905 = ORIENTED_EDGE ( 'NONE', *, *, #2591, .T. ) ;
#1906 = EDGE_CURVE ( 'NONE', #380, #2707, #140, .T. ) ;
#1907 = CARTESIAN_POINT ( 'NONE',  ( 0.000000000000000000, 5.499999999999968026, 6.684924240491753267 ) ) ;
#1908 = CARTESIAN_POINT ( 'NONE',  ( 90.00000000000000000, 8.499999999999932498, 10.00000000000001243 ) ) ;
#1909 = ORIENTED_EDGE ( 'NONE', *, *, #1218, .T. ) ;
#1910 = CIRCLE ( 'NONE', #1563, 1.500000000000001332 ) ;
#1911 = EDGE_CURVE ( 'NONE', #3522, #509, #1526, .T. ) ;
#1912 = CYLINDRICAL_SURFACE ( 'NONE', #3244, 0.3000000000000051514 ) ;
#1913 = AXIS2_PLACEMENT_3D ( 'NONE', #3483, #1565, #1511 ) ;
#1914 = DIRECTION ( 'NONE',  ( -1.000000000000000000, -0.000000000000000000, -0.000000000000000000 ) ) ;
#1915 = AXIS2_PLACEMENT_3D ( 'NONE', #2468, #3614, #492 ) ;
#1916 = EDGE_LOOP ( 'NONE', ( #2639, #1081, #197, #1577 ) ) ;
#1917 = VECTOR ( 'NONE', #877, 1000.000000000000000 ) ;
#1918 = DIRECTION ( 'NONE',  ( 0.000000000000000000, 0.000000000000000000, -1.000000000000000000 ) ) ;
#1919 = ORIENTED_EDGE ( 'NONE', *, *, #622, .F. ) ;
#1920 = CARTESIAN_POINT ( 'NONE',  ( 90.00000000000000000, 8.499999999999932498, 10.00000000000001599 ) ) ;
#1921 = AXIS2_PLACEMENT_3D ( 'NONE', #1095, #1893, #2251 ) ;
#1922 = AXIS2_PLACEMENT_3D ( 'NONE', #1108, #215, #1617 ) ;
#1923 = ORIENTED_EDGE ( 'NONE', *, *, #1836, .F. ) ;
#1924 = DIRECTION ( 'NONE',  ( -1.000000000000000000, -0.000000000000000000, -0.000000000000000000 ) ) ;
#1925 = ORIENTED_EDGE ( 'NONE', *, *, #2494, .T. ) ;
#1926 = CARTESIAN_POINT ( 'NONE',  ( 90.00000000000000000, 9.699999999999981526, 3.700000000000015721 ) ) ;
#1927 = CARTESIAN_POINT ( 'NONE',  ( 0.000000000000000000, -7.899999999998505551, -5.500000000000122569 ) ) ;
#1928 = ORIENTED_EDGE ( 'NONE', *, *, #1870, .F. ) ;
#1929 = EDGE_CURVE ( 'NONE', #2512, #2540, #2968, .T. ) ;
#1930 = ORIENTED_EDGE ( 'NONE', *, *, #3045, .T. ) ;
#1931 = DIRECTION ( 'NONE',  ( 0.000000000000000000, 0.000000000000000000, 1.000000000000000000 ) ) ;
#1932 = EDGE_CURVE ( 'NONE', #3623, #1275, #3176, .T. ) ;
#1933 = DIRECTION ( 'NONE',  ( 0.000000000000000000, -0.000000000000000000, 1.000000000000000000 ) ) ;
#1934 = VERTEX_POINT ( 'NONE', #68 ) ;
#1935 = ORIENTED_EDGE ( 'NONE', *, *, #2096, .T. ) ;
#1936 = DIRECTION ( 'NONE',  ( 0.000000000000000000, 0.000000000000000000, 1.000000000000000000 ) ) ;
#1937 = ADVANCED_FACE ( 'NONE', ( #688 ), #1259, .F. ) ;
#1938 = CYLINDRICAL_SURFACE ( 'NONE', #832, 0.2999999999999973244 ) ;
#1939 = FACE_OUTER_BOUND ( 'NONE', #984, .T. ) ;
#1940 = ORIENTED_EDGE ( 'NONE', *, *, #1848, .T. ) ;
#1941 = DIRECTION ( 'NONE',  ( 0.000000000000000000, 0.000000000000000000, -1.000000000000000000 ) ) ;
#1942 = VERTEX_POINT ( 'NONE', #2688 ) ;
#1943 = DIRECTION ( 'NONE',  ( 0.000000000000000000, 0.000000000000000000, 1.000000000000000000 ) ) ;
#1944 = CARTESIAN_POINT ( 'NONE',  ( 90.00000000000000000, -3.399999999999282263, 8.500000000000209610 ) ) ;
#1945 = EDGE_LOOP ( 'NONE', ( #1775, #685, #386, #546 ) ) ;
#1946 = CARTESIAN_POINT ( 'NONE',  ( 0.000000000000000000, -5.173554257951737496E-14, -2.499999999999964473 ) ) ;
#1947 = EDGE_CURVE ( 'NONE', #3058, #1354, #2673, .T. ) ;
#1948 = CYLINDRICAL_SURFACE ( 'NONE', #2680, 0.2999999999999964362 ) ;
#1949 = VERTEX_POINT ( 'NONE', #1827 ) ;
#1950 = ORIENTED_EDGE ( 'NONE', *, *, #220, .T. ) ;
#1951 = DIRECTION ( 'NONE',  ( -0.000000000000000000, -1.000000000000000000, -0.000000000000000000 ) ) ;
#1952 = EDGE_CURVE ( 'NONE', #1157, #319, #145, .T. ) ;
#1953 = DIRECTION ( 'NONE',  ( 1.000000000000000000, 0.000000000000000000, -0.000000000000000000 ) ) ;
#1954 = DIRECTION ( 'NONE',  ( -1.000000000000000000, -0.000000000000000000, -0.000000000000000000 ) ) ;
#1955 = CYLINDRICAL_SURFACE ( 'NONE', #1745, 0.2999999999999981570 ) ;
#1956 = EDGE_CURVE ( 'NONE', #749, #3136, #3172, .T. ) ;
#1957 = AXIS2_PLACEMENT_3D ( 'NONE', #1731, #830, #1966 ) ;
#1958 = ORIENTED_EDGE ( 'NONE', *, *, #3243, .F. ) ;
#1959 = FACE_OUTER_BOUND ( 'NONE', #3640, .T. ) ;
#1960 = ORIENTED_EDGE ( 'NONE', *, *, #1025, .F. ) ;
#1961 = CARTESIAN_POINT ( 'NONE',  ( 0.000000000000000000, -3.425126265847115548, 4.485786437626832601 ) ) ;
#1962 = DIRECTION ( 'NONE',  ( -0.000000000000000000, 1.000000000000000000, -0.000000000000000000 ) ) ;
#1963 = VECTOR ( 'NONE', #1237, 1000.000000000000000 ) ;
#1964 = EDGE_LOOP ( 'NONE', ( #3202, #2997, #3542, #757 ) ) ;
#1965 = VECTOR ( 'NONE', #1353, 1000.000000000000000 ) ;
#1966 = DIRECTION ( 'NONE',  ( 0.000000000000000000, 0.000000000000000000, -1.000000000000000000 ) ) ;
#1967 = DIRECTION ( 'NONE',  ( -1.000000000000000000, -0.000000000000000000, -0.000000000000000000 ) ) ;
#1968 = VECTOR ( 'NONE', #1288, 1000.000000000000000 ) ;
#1969 = DIRECTION ( 'NONE',  ( -1.000000000000000000, -0.000000000000000000, -0.000000000000000000 ) ) ;
#1970 = ORIENTED_EDGE ( 'NONE', *, *, #1485, .F. ) ;
#1971 = ORIENTED_EDGE ( 'NONE', *, *, #496, .F. ) ;
#1972 = AXIS2_PLACEMENT_3D ( 'NONE', #369, #2138, #971 ) ;
#1973 = AXIS2_PLACEMENT_3D ( 'NONE', #2551, #266, #2517 ) ;
#1974 = LINE ( 'NONE', #281, #729 ) ;
#1975 = CARTESIAN_POINT ( 'NONE',  ( 0.000000000000000000, 6.472792206135768112, 5.412132034355969346 ) ) ;
#1976 = VECTOR ( 'NONE', #869, 1000.000000000000000 ) ;
#1977 = EDGE_CURVE ( 'NONE', #127, #1455, #3255, .T. ) ;
#1978 = CARTESIAN_POINT ( 'NONE',  ( 90.00000000000000000, -7.899999999998882139, 5.199999999999795008 ) ) ;
#1979 = CARTESIAN_POINT ( 'NONE',  ( 90.00000000000000000, -8.499999999998500755, -3.100000000000168399 ) ) ;
#1980 = CIRCLE ( 'NONE', #914, 0.3000000000000042633 ) ;
#1981 = EDGE_CURVE ( 'NONE', #1058, #577, #1567, .T. ) ;
#1982 = AXIS2_PLACEMENT_3D ( 'NONE', #2161, #1001, #1583 ) ;
#1983 = VERTEX_POINT ( 'NONE', #1840 ) ;
#1984 = CARTESIAN_POINT ( 'NONE',  ( 90.00000000000000000, -7.899999999998882139, 5.499999999999792166 ) ) ;
#1985 = DIRECTION ( 'NONE',  ( 0.000000000000000000, 0.000000000000000000, 1.000000000000000000 ) ) ;
#1986 = EDGE_CURVE ( 'NONE', #2624, #2240, #3290, .T. ) ;
#1987 = DIRECTION ( 'NONE',  ( 0.000000000000000000, 0.000000000000000000, 1.000000000000000000 ) ) ;
#1988 = AXIS2_PLACEMENT_3D ( 'NONE', #1750, #3686, #2023 ) ;
#1989 = ORIENTED_EDGE ( 'NONE', *, *, #115, .T. ) ;
#1990 = DIRECTION ( 'NONE',  ( 1.000000000000000000, 0.000000000000000000, -0.000000000000000000 ) ) ;
#1991 = DIRECTION ( 'NONE',  ( -1.000000000000000000, -0.000000000000000000, -0.000000000000000000 ) ) ;
#1992 = CARTESIAN_POINT ( 'NONE',  ( 0.000000000000000000, -8.499999999998504308, -10.00000000000019362 ) ) ;
#1993 = ORIENTED_EDGE ( 'NONE', *, *, #888, .T. ) ;
#1994 = ORIENTED_EDGE ( 'NONE', *, *, #3674, .F. ) ;
#1995 = PLANE ( 'NONE',  #1688 ) ;
#1996 = CARTESIAN_POINT ( 'NONE',  ( 90.00000000000000000, 3.099999999999939693, 9.099999999999976552 ) ) ;
#1997 = ORIENTED_EDGE ( 'NONE', *, *, #2235, .F. ) ;
#1998 = CARTESIAN_POINT ( 'NONE',  ( 90.00000000000000000, 3.900000000000037215, -2.010912703473997976 ) ) ;
#1999 = CARTESIAN_POINT ( 'NONE',  ( 90.00000000000000000, 5.199999999999973532, 6.684924240491739056 ) ) ;
#2000 = EDGE_CURVE ( 'NONE', #239, #749, #1815, .T. ) ;
#2001 = EDGE_CURVE ( 'NONE', #3605, #1098, #1980, .T. ) ;
#2002 = ORIENTED_EDGE ( 'NONE', *, *, #2544, .T. ) ;
#2003 = DIRECTION ( 'NONE',  ( -1.000000000000000000, -0.000000000000000000, -0.000000000000000000 ) ) ;
#2004 = PLANE ( 'NONE',  #1085 ) ;
#2005 = CARTESIAN_POINT ( 'NONE',  ( 90.00000000000000000, -4.485786437625769452, 3.425126265846883289 ) ) ;
#2006 = EDGE_CURVE ( 'NONE', #319, #1188, #381, .T. ) ;
#2007 = VERTEX_POINT ( 'NONE', #2067 ) ;
#2008 = ORIENTED_EDGE ( 'NONE', *, *, #820, .T. ) ;
#2009 = CARTESIAN_POINT ( 'NONE',  ( 90.00000000000000000, -9.999999999998500755, -8.500000000000209610 ) ) ;
#2010 = CARTESIAN_POINT ( 'NONE',  ( 90.00000000000000000, 9.099999999999978328, 3.100000000000012523 ) ) ;
#2011 = EDGE_CURVE ( 'NONE', #559, #1220, #3200, .T. ) ;
#2012 = DIRECTION ( 'NONE',  ( -1.000000000000000000, -0.000000000000000000, 0.000000000000000000 ) ) ;
#2013 = ORIENTED_EDGE ( 'NONE', *, *, #3430, .F. ) ;
#2014 = ORIENTED_EDGE ( 'NONE', *, *, #2670, .F. ) ;
#2015 = CARTESIAN_POINT ( 'NONE',  ( 90.00000000000000000, -9.999999999998504308, -4.000000000000163425 ) ) ;
#2016 = CARTESIAN_POINT ( 'NONE',  ( 90.00000000000000000, -3.699999999999290523, 9.699999999999826983 ) ) ;
#2017 = ORIENTED_EDGE ( 'NONE', *, *, #3644, .F. ) ;
#2018 = CARTESIAN_POINT ( 'NONE',  ( 90.00000000000000000, 9.100000000000004974, -3.399999999999979483 ) ) ;
#2019 = DIRECTION ( 'NONE',  ( 1.000000000000000000, 0.000000000000000000, -0.000000000000000000 ) ) ;
#2020 = VERTEX_POINT ( 'NONE', #108 ) ;
#2021 = DIRECTION ( 'NONE',  ( 0.000000000000000000, 0.000000000000000000, -1.000000000000000000 ) ) ;
#2022 = DIRECTION ( 'NONE',  ( -1.000000000000000000, -0.000000000000000000, -0.000000000000000000 ) ) ;
#2023 = DIRECTION ( 'NONE',  ( 0.000000000000000000, -0.000000000000000000, 1.000000000000000000 ) ) ;
#2024 = VECTOR ( 'NONE', #555, 1000.000000000000000 ) ;
#2025 = VERTEX_POINT ( 'NONE', #1241 ) ;
#2026 = EDGE_CURVE ( 'NONE', #2909, #2867, #363, .T. ) ;
#2027 = CARTESIAN_POINT ( 'NONE',  ( 90.00000000000000000, 3.900000000000038547, -2.010912703473998420 ) ) ;
#2028 = AXIS2_PLACEMENT_3D ( 'NONE', #599, #1740, #1936 ) ;
#2029 = DIRECTION ( 'NONE',  ( 0.000000000000000000, 0.000000000000000000, -1.000000000000000000 ) ) ;
#2030 = AXIS2_PLACEMENT_3D ( 'NONE', #3035, #510, #1941 ) ;
#2031 = DIRECTION ( 'NONE',  ( -1.000000000000000000, -0.000000000000000000, -0.000000000000000000 ) ) ;
#2032 = ORIENTED_EDGE ( 'NONE', *, *, #2377, .F. ) ;
#2033 = VERTEX_POINT ( 'NONE', #91 ) ;
#2034 = DIRECTION ( 'NONE',  ( -1.000000000000000000, -0.000000000000000000, -0.000000000000000000 ) ) ;
#2035 = SURFACE_STYLE_FILL_AREA ( #2963 ) ;
#2036 = ORIENTED_EDGE ( 'NONE', *, *, #2285, .F. ) ;
#2037 = DIRECTION ( 'NONE',  ( -1.000000000000000000, 0.000000000000000000, -0.000000000000000000 ) ) ;
#2038 = CIRCLE ( 'NONE', #2982, 0.2999999999999981570 ) ;
#2039 = DIRECTION ( 'NONE',  ( 1.000000000000000000, 0.000000000000000000, 0.000000000000000000 ) ) ;
#2040 = AXIS2_PLACEMENT_3D ( 'NONE', #2939, #2136, #2912 ) ;
#2041 = EDGE_LOOP ( 'NONE', ( #3337, #1677, #385, #769 ) ) ;
#2042 = CARTESIAN_POINT ( 'NONE',  ( 0.000000000000000000, 9.100000000000004974, -3.399999999999979483 ) ) ;
#2043 = AXIS2_PLACEMENT_3D ( 'NONE', #3499, #3208, #2315 ) ;
#2044 = LINE ( 'NONE', #1125, #430 ) ;
#2045 = FACE_OUTER_BOUND ( 'NONE', #2263, .T. ) ;
#2046 = CIRCLE ( 'NONE', #1092, 0.3000000000000051514 ) ;
#2047 = ORIENTED_EDGE ( 'NONE', *, *, #1713, .T. ) ;
#2048 = ORIENTED_EDGE ( 'NONE', *, *, #2276, .F. ) ;
#2049 = DIRECTION ( 'NONE',  ( 1.000000000000000000, 0.000000000000000000, 0.000000000000000000 ) ) ;
#2050 = CIRCLE ( 'NONE', #1327, 1.999999999999809264 ) ;
#2051 = CARTESIAN_POINT ( 'NONE',  ( 90.00000000000000000, -5.500000000000114575, 7.900000000000219735 ) ) ;
#2052 = EDGE_CURVE ( 'NONE', #600, #1469, #1211, .T. ) ;
#2053 = EDGE_CURVE ( 'NONE', #1207, #414, #1086, .T. ) ;
#2054 = FACE_OUTER_BOUND ( 'NONE', #481, .T. ) ;
#2055 = ORIENTED_EDGE ( 'NONE', *, *, #74, .T. ) ;
#2056 = ORIENTED_EDGE ( 'NONE', *, *, #1664, .T. ) ;
#2057 = CARTESIAN_POINT ( 'NONE',  ( 0.000000000000000000, -9.999999999998500755, -8.500000000000209610 ) ) ;
#2058 = EDGE_CURVE ( 'NONE', #2775, #625, #2871, .T. ) ;
#2059 =( NAMED_UNIT ( * ) PLANE_ANGLE_UNIT ( ) SI_UNIT ( $, .RADIAN. ) );
#2060 = ORIENTED_EDGE ( 'NONE', *, *, #321, .F. ) ;
#2061 = EDGE_CURVE ( 'NONE', #923, #3235, #1645, .T. ) ;
#2062 = PLANE ( 'NONE',  #1205 ) ;
#2063 = CARTESIAN_POINT ( 'NONE',  ( 90.00000000000000000, -7.899999999998505551, -5.500000000000122569 ) ) ;
#2064 = ADVANCED_FACE ( 'NONE', ( #221 ), #159, .T. ) ;
#2065 = VERTEX_POINT ( 'NONE', #537 ) ;
#2066 = CARTESIAN_POINT ( 'NONE',  ( 90.00000000000000000, 8.199999999999997513, -3.399999999999993250 ) ) ;
#2067 = CARTESIAN_POINT ( 'NONE',  ( 90.00000000000000000, -5.199999999999971756, -8.199999999999977973 ) ) ;
#2068 = DIRECTION ( 'NONE',  ( 0.000000000000000000, -0.000000000000000000, -1.000000000000000000 ) ) ;
#2069 = ORIENTED_EDGE ( 'NONE', *, *, #1624, .F. ) ;
#2070 = CARTESIAN_POINT ( 'NONE',  ( 0.000000000000000000, -5.200000000000022382, 7.900000000000219735 ) ) ;
#2071 = LINE ( 'NONE', #294, #1272 ) ;
#2072 = CARTESIAN_POINT ( 'NONE',  ( 90.00000000000000000, -9.099999999998503952, -3.400000000000173550 ) ) ;
#2073 = VERTEX_POINT ( 'NONE', #2256 ) ;
#2074 = ORIENTED_EDGE ( 'NONE', *, *, #3370, .F. ) ;
#2075 = LINE ( 'NONE', #655, #3046 ) ;
#2076 = ORIENTED_EDGE ( 'NONE', *, *, #1136, .F. ) ;
#2077 = LINE ( 'NONE', #62, #2853 ) ;
#2078 = EDGE_CURVE ( 'NONE', #1050, #3112, #1871, .T. ) ;
#2079 = VERTEX_POINT ( 'NONE', #2532 ) ;
#2080 = DIRECTION ( 'NONE',  ( -1.000000000000000000, -0.000000000000000000, -0.000000000000000000 ) ) ;
#2081 = DIRECTION ( 'NONE',  ( -1.000000000000000000, -0.000000000000000000, -0.000000000000000000 ) ) ;
#2082 = CARTESIAN_POINT ( 'NONE',  ( 90.00000000000000000, 3.099999999999939693, 9.099999999999976552 ) ) ;
#2083 = ORIENTED_EDGE ( 'NONE', *, *, #3398, .F. ) ;
#2084 = ORIENTED_EDGE ( 'NONE', *, *, #2814, .T. ) ;
#2085 = CARTESIAN_POINT ( 'NONE',  ( 0.000000000000000000, -5.412132034355938259, -6.472792206135786763 ) ) ;
#2086 = CYLINDRICAL_SURFACE ( 'NONE', #327, 0.2999999999999964362 ) ;
#2087 = CIRCLE ( 'NONE', #2490, 0.2999999999999964362 ) ;
#2088 = DIRECTION ( 'NONE',  ( -0.000000000000000000, -0.000000000000000000, 1.000000000000000000 ) ) ;
#2089 = AXIS2_PLACEMENT_3D ( 'NONE', #2809, #264, #1399 ) ;
#2090 = ORIENTED_EDGE ( 'NONE', *, *, #3322, .F. ) ;
#2091 = ORIENTED_EDGE ( 'NONE', *, *, #393, .T. ) ;
#2092 = CARTESIAN_POINT ( 'NONE',  ( 0.000000000000000000, 9.399999999999986144, 3.400000000000021227 ) ) ;
#2093 = AXIS2_PLACEMENT_3D ( 'NONE', #626, #382, #1823 ) ;
#2094 = CARTESIAN_POINT ( 'NONE',  ( 0.000000000000000000, 7.899999999999971045, 5.200000000000017053 ) ) ;
#2095 = VECTOR ( 'NONE', #1192, 1000.000000000000000 ) ;
#2096 = EDGE_CURVE ( 'NONE', #806, #445, #3663, .T. ) ;
#2097 = AXIS2_PLACEMENT_3D ( 'NONE', #49, #1463, #606 ) ;
#2098 = ORIENTED_EDGE ( 'NONE', *, *, #551, .T. ) ;
#2099 = ORIENTED_EDGE ( 'NONE', *, *, #866, .T. ) ;
#2100 = DIRECTION ( 'NONE',  ( -1.000000000000000000, -0.000000000000000000, -0.000000000000000000 ) ) ;
#2101 = CARTESIAN_POINT ( 'NONE',  ( 90.00000000000000000, 9.100000000000004974, -3.099999999999984546 ) ) ;
#2102 = AXIS2_PLACEMENT_3D ( 'NONE', #1663, #1885, #2189 ) ;
#2103 = VECTOR ( 'NONE', #1881, 1000.000000000000000 ) ;
#2104 = DIRECTION ( 'NONE',  ( 1.000000000000000000, 0.000000000000000000, -0.000000000000000000 ) ) ;
#2105 = ADVANCED_FACE ( 'NONE', ( #2986 ), #1289, .F. ) ;
#2106 = CIRCLE ( 'NONE', #849, 0.2999999999999894973 ) ;
#2107 = EDGE_CURVE ( 'NONE', #785, #2065, #2223, .T. ) ;
#2108 = PLANE ( 'NONE',  #428 ) ;
#2109 = DIRECTION ( 'NONE',  ( -1.000000000000000000, -0.000000000000000000, -0.000000000000000000 ) ) ;
#2110 = VECTOR ( 'NONE', #1298, 1000.000000000000000 ) ;
#2111 = EDGE_CURVE ( 'NONE', #705, #1058, #1974, .T. ) ;
#2112 = CARTESIAN_POINT ( 'NONE',  ( 90.00000000000000000, 3.399999999999960387, 8.199999999999963762 ) ) ;
#2113 = AXIS2_PLACEMENT_3D ( 'NONE', #1336, #3617, #1054 ) ;
#2114 = ORIENTED_EDGE ( 'NONE', *, *, #2280, .F. ) ;
#2115 = DIRECTION ( 'NONE',  ( 1.000000000000000000, 0.000000000000000000, 0.000000000000000000 ) ) ;
#2116 = CIRCLE ( 'NONE', #2353, 0.2999999999999981570 ) ;
#2117 =( LENGTH_UNIT ( ) NAMED_UNIT ( * ) SI_UNIT ( .MILLI., .METRE. ) );
#2118 = DIRECTION ( 'NONE',  ( 0.000000000000000000, -1.000000000000000000, 0.000000000000000000 ) ) ;
#2119 = ORIENTED_EDGE ( 'NONE', *, *, #47, .F. ) ;
#2120 = EDGE_LOOP ( 'NONE', ( #2845, #3662, #1255, #26 ) ) ;
#2121 = CARTESIAN_POINT ( 'NONE',  ( 90.00000000000000000, -6.684924240490615510, 5.499999999999789502 ) ) ;
#2122 = CARTESIAN_POINT ( 'NONE',  ( 90.00000000000000000, -3.399999999999970601, -9.099999999999990763 ) ) ;
#2123 = CARTESIAN_POINT ( 'NONE',  ( 90.00000000000000000, 5.200000000000029488, -8.199999999999979750 ) ) ;
#2124 = EDGE_CURVE ( 'NONE', #2245, #1101, #561, .T. ) ;
#2125 = ORIENTED_EDGE ( 'NONE', *, *, #123, .F. ) ;
#2126 = EDGE_CURVE ( 'NONE', #2949, #1895, #804, .T. ) ;
#2127 = CYLINDRICAL_SURFACE ( 'NONE', #1972, 0.2999999999999981570 ) ;
#2128 = VERTEX_POINT ( 'NONE', #2153 ) ;
#2129 = DIRECTION ( 'NONE',  ( 0.000000000000000000, 0.000000000000000000, 1.000000000000000000 ) ) ;
#2130 = ADVANCED_FACE ( 'NONE', ( #263 ), #2784, .F. ) ;
#2131 = ORIENTED_EDGE ( 'NONE', *, *, #2527, .T. ) ;
#2132 = DIRECTION ( 'NONE',  ( -1.000000000000000000, -0.000000000000000000, 0.000000000000000000 ) ) ;
#2133 = DIRECTION ( 'NONE',  ( -1.000000000000000000, -0.000000000000000000, -0.000000000000000000 ) ) ;
#2134 = ORIENTED_EDGE ( 'NONE', *, *, #1906, .F. ) ;
#2135 = DIRECTION ( 'NONE',  ( -1.000000000000000000, -0.000000000000000000, -0.000000000000000000 ) ) ;
#2136 = DIRECTION ( 'NONE',  ( 1.000000000000000000, 0.000000000000000000, 0.000000000000000000 ) ) ;
#2137 = DIRECTION ( 'NONE',  ( 0.000000000000000000, -1.000000000000000000, 0.000000000000000000 ) ) ;
#2138 = DIRECTION ( 'NONE',  ( -1.000000000000000000, -0.000000000000000000, -0.000000000000000000 ) ) ;
#2139 = ORIENTED_EDGE ( 'NONE', *, *, #943, .F. ) ;
#2140 = CARTESIAN_POINT ( 'NONE',  ( 0.000000000000000000, 6.684924240491734615, 5.500000000000008882 ) ) ;
#2141 = MANIFOLD_SOLID_BREP ( '凸台-拉伸1', #1496 ) ;
#2142 = EDGE_CURVE ( 'NONE', #867, #2327, #241, .T. ) ;
#2143 = VECTOR ( 'NONE', #3431, 1000.000000000000000 ) ;
#2144 = CARTESIAN_POINT ( 'NONE',  ( 90.00000000000000000, -8.499999999998504308, -8.500000000000195399 ) ) ;
#2145 = EDGE_CURVE ( 'NONE', #2775, #2313, #1398, .T. ) ;
#2146 = COLOUR_RGB ( '',1.000000000000000000, 1.000000000000000000, 1.000000000000000000 ) ;
#2147 = CARTESIAN_POINT ( 'NONE',  ( 0.000000000000000000, 9.099999999999978328, 3.400000000000021227 ) ) ;
#2148 = UNCERTAINTY_MEASURE_WITH_UNIT (LENGTH_MEASURE( 1.000000000000000082E-05 ), #2117, 'distance_accuracy_value', 'NONE');
#2149 = CARTESIAN_POINT ( 'NONE',  ( 90.00000000000000000, -3.399999999999970601, -9.099999999999990763 ) ) ;
#2150 = ORIENTED_EDGE ( 'NONE', *, *, #2574, .F. ) ;
#2151 = VECTOR ( 'NONE', #2088, 1000.000000000000000 ) ;
#2152 = DIRECTION ( 'NONE',  ( -1.000000000000000000, -0.000000000000000000, -0.000000000000000000 ) ) ;
#2153 = CARTESIAN_POINT ( 'NONE',  ( 0.000000000000000000, -8.199999999998510702, -5.200000000000169820 ) ) ;
#2154 = CARTESIAN_POINT ( 'NONE',  ( 90.00000000000000000, -3.399999999999970601, -8.199999999999977973 ) ) ;
#2155 = VECTOR ( 'NONE', #1869, 1000.000000000000000 ) ;
#2156 = ORIENTED_EDGE ( 'NONE', *, *, #3347, .T. ) ;
#2157 = CIRCLE ( 'NONE', #3233, 0.3000000000000051514 ) ;
#2158 = AXIS2_PLACEMENT_3D ( 'NONE', #3681, #864, #1140 ) ;
#2159 = ORIENTED_EDGE ( 'NONE', *, *, #2061, .F. ) ;
#2160 = DIRECTION ( 'NONE',  ( 0.000000000000000000, 0.000000000000000000, 1.000000000000000000 ) ) ;
#2161 = CARTESIAN_POINT ( 'NONE',  ( 90.00000000000000000, 3.900000000000037215, -2.010912703473997976 ) ) ;
#2162 = ORIENTED_EDGE ( 'NONE', *, *, #2591, .F. ) ;
#2163 = PLANE ( 'NONE',  #2166 ) ;
#2164 = EDGE_CURVE ( 'NONE', #937, #1071, #2336, .T. ) ;
#2165 = PRODUCT_DEFINITION ( '未知', '', #1328, #1555 ) ;
#2166 = AXIS2_PLACEMENT_3D ( 'NONE', #3568, #1004, #443 ) ;
#2167 = LINE ( 'NONE', #3301, #2103 ) ;
#2168 = VERTEX_POINT ( 'NONE', #640 ) ;
#2169 = EDGE_CURVE ( 'NONE', #240, #2073, #144, .T. ) ;
#2170 = VECTOR ( 'NONE', #2798, 1000.000000000000000 ) ;
#2171 = DIRECTION ( 'NONE',  ( -1.000000000000000000, -0.000000000000000000, 0.000000000000000000 ) ) ;
#2172 = ADVANCED_FACE ( 'NONE', ( #320 ), #2886, .F. ) ;
#2173 = ORIENTED_EDGE ( 'NONE', *, *, #2053, .F. ) ;
#2174 = CARTESIAN_POINT ( 'NONE',  ( 90.00000000000000000, -6.472792206134646342, 5.412132034355757071 ) ) ;
#2175 = EDGE_CURVE ( 'NONE', #3309, #65, #2626, .T. ) ;
#2176 = ORIENTED_EDGE ( 'NONE', *, *, #3168, .T. ) ;
#2177 = LINE ( 'NONE', #1331, #1743 ) ;
#2178 = ORIENTED_EDGE ( 'NONE', *, *, #1870, .T. ) ;
#2179 = DIRECTION ( 'NONE',  ( 1.000000000000000000, 0.000000000000000000, -0.000000000000000000 ) ) ;
#2180 = DIRECTION ( 'NONE',  ( 0.000000000000000000, 0.000000000000000000, 1.000000000000000000 ) ) ;
#2181 = VERTEX_POINT ( 'NONE', #299 ) ;
#2182 = LINE ( 'NONE', #1621, #795 ) ;
#2183 = APPLICATION_PROTOCOL_DEFINITION ( 'draft international standard', 'automotive_design', 1998, #307 ) ;
#2184 = FACE_OUTER_BOUND ( 'NONE', #210, .T. ) ;
#2185 = VERTEX_POINT ( 'NONE', #1475 ) ;
#2186 = DIRECTION ( 'NONE',  ( -1.000000000000000000, -0.000000000000000000, -0.000000000000000000 ) ) ;
#2187 = ADVANCED_FACE ( 'NONE', ( #1194 ), #920, .T. ) ;
#2188 = ORIENTED_EDGE ( 'NONE', *, *, #496, .T. ) ;
#2189 = DIRECTION ( 'NONE',  ( -1.000000000000000000, 0.000000000000000000, -0.000000000000000000 ) ) ;
#2190 = EDGE_CURVE ( 'NONE', #1101, #1596, #938, .T. ) ;
#2191 = ORIENTED_EDGE ( 'NONE', *, *, #1384, .T. ) ;
#2192 = DIRECTION ( 'NONE',  ( 0.000000000000000000, -1.000000000000000000, 0.000000000000000000 ) ) ;
#2193 = ORIENTED_EDGE ( 'NONE', *, *, #411, .T. ) ;
#2194 = DIRECTION ( 'NONE',  ( 0.000000000000000000, -1.000000000000000000, 0.000000000000000000 ) ) ;
#2195 = DIRECTION ( 'NONE',  ( -0.000000000000000000, 1.000000000000000000, 0.000000000000000000 ) ) ;
#2196 = VERTEX_POINT ( 'NONE', #1177 ) ;
#2197 = CARTESIAN_POINT ( 'NONE',  ( 0.000000000000000000, -5.899999999998668088, -2.010912703474289298 ) ) ;
#2198 = CARTESIAN_POINT ( 'NONE',  ( 90.00000000000000000, 7.899999999999971045, 5.500000000000011546 ) ) ;
#2199 = ORIENTED_EDGE ( 'NONE', *, *, #1136, .T. ) ;
#2200 = CIRCLE ( 'NONE', #3216, 0.2999999999999981570 ) ;
#2201 = CARTESIAN_POINT ( 'NONE',  ( 90.00000000000000000, 3.999999999999953371, 9.699999999999965539 ) ) ;
#2202 = EDGE_LOOP ( 'NONE', ( #3198, #1067, #2349, #2730 ) ) ;
#2203 = DIRECTION ( 'NONE',  ( 0.000000000000000000, 0.000000000000000000, 1.000000000000000000 ) ) ;
#2204 = CIRCLE ( 'NONE', #236, 0.3000000000000051514 ) ;
#2205 = EDGE_CURVE ( 'NONE', #2935, #1058, #2075, .T. ) ;
#2206 = ORIENTED_EDGE ( 'NONE', *, *, #1553, .F. ) ;
#2207 = CARTESIAN_POINT ( 'NONE',  ( 90.00000000000000000, 3.425126265847082685, 4.485786437626919643 ) ) ;
#2208 = ORIENTED_EDGE ( 'NONE', *, *, #2432, .T. ) ;
#2209 = CARTESIAN_POINT ( 'NONE',  ( 0.000000000000000000, -9.099999999998885869, 3.099999999999790479 ) ) ;
#2210 = VECTOR ( 'NONE', #928, 1000.000000000000000 ) ;
#2211 = CARTESIAN_POINT ( 'NONE',  ( 90.00000000000000000, 10.00000000000002487, -3.999999999999982681 ) ) ;
#2212 = EDGE_CURVE ( 'NONE', #3320, #2168, #3454, .T. ) ;
#2213 = ORIENTED_EDGE ( 'NONE', *, *, #1866, .T. ) ;
#2214 = EDGE_CURVE ( 'NONE', #2570, #705, #2345, .T. ) ;
#2215 = VECTOR ( 'NONE', #1166, 1000.000000000000000 ) ;
#2216 = PLANE ( 'NONE',  #3416 ) ;
#2217 = EDGE_CURVE ( 'NONE', #600, #3623, #1431, .T. ) ;
#2218 = AXIS2_PLACEMENT_3D ( 'NONE', #650, #110, #989 ) ;
#2219 = CARTESIAN_POINT ( 'NONE',  ( 0.000000000000000000, 7.900000000000005684, -5.499999999999984013 ) ) ;
#2220 = VECTOR ( 'NONE', #3508, 1000.000000000000000 ) ;
#2221 = ORIENTED_EDGE ( 'NONE', *, *, #1952, .T. ) ;
#2222 = CARTESIAN_POINT ( 'NONE',  ( 90.00000000000000000, 3.400000000000026112, -9.399999999999986144 ) ) ;
#2223 = CIRCLE ( 'NONE', #2454, 0.2999999999999981570 ) ;
#2224 = DIRECTION ( 'NONE',  ( -1.000000000000000000, -0.000000000000000000, -0.000000000000000000 ) ) ;
#2225 = FACE_OUTER_BOUND ( 'NONE', #2923, .T. ) ;
#2226 = DIRECTION ( 'NONE',  ( 0.000000000000000000, 0.000000000000000000, 1.000000000000000000 ) ) ;
#2227 = AXIS2_PLACEMENT_3D ( 'NONE', #1489, #3144, #1174 ) ;
#2228 = ORIENTED_EDGE ( 'NONE', *, *, #3606, .F. ) ;
#2229 = DIRECTION ( 'NONE',  ( -1.000000000000000000, -0.000000000000000000, -0.000000000000000000 ) ) ;
#2230 = ORIENTED_EDGE ( 'NONE', *, *, #691, .T. ) ;
#2231 = DIRECTION ( 'NONE',  ( -1.000000000000000000, -0.000000000000000000, -0.000000000000000000 ) ) ;
#2232 = ADVANCED_FACE ( 'NONE', ( #2567 ), #1995, .F. ) ;
#2233 = CARTESIAN_POINT ( 'NONE',  ( 90.00000000000000000, -5.200000000000022382, 7.900000000000219735 ) ) ;
#2234 = ORIENTED_EDGE ( 'NONE', *, *, #848, .F. ) ;
#2235 = EDGE_CURVE ( 'NONE', #1659, #2128, #2299, .T. ) ;
#2236 = VERTEX_POINT ( 'NONE', #59 ) ;
#2237 = CARTESIAN_POINT ( 'NONE',  ( 90.00000000000000000, -9.999999999999147349, 8.499999999999987566 ) ) ;
#2238 = CARTESIAN_POINT ( 'NONE',  ( 0.000000000000000000, -8.499999999998880895, 3.399999999999799183 ) ) ;
#2239 = ORIENTED_EDGE ( 'NONE', *, *, #408, .T. ) ;
#2240 = VERTEX_POINT ( 'NONE', #338 ) ;
#2241 = CARTESIAN_POINT ( 'NONE',  ( 0.000000000000000000, -3.099999999999386358, 9.099999999999837996 ) ) ;
#2242 = DIRECTION ( 'NONE',  ( 1.000000000000000000, 0.000000000000000000, 0.000000000000000000 ) ) ;
#2243 = CARTESIAN_POINT ( 'NONE',  ( 90.00000000000000000, -3.899999999998855937, 2.010912703473775931 ) ) ;
#2244 = CARTESIAN_POINT ( 'NONE',  ( 90.00000000000000000, 9.699999999999974420, 4.000000000000010658 ) ) ;
#2245 = VERTEX_POINT ( 'NONE', #2015 ) ;
#2246 = LINE ( 'NONE', #3443, #1618 ) ;
#2247 = DIRECTION ( 'NONE',  ( 1.000000000000000000, 0.000000000000000000, 0.000000000000000000 ) ) ;
#2248 = DIRECTION ( 'NONE',  ( -1.000000000000000000, -0.000000000000000000, 0.000000000000000000 ) ) ;
#2249 = ORIENTED_EDGE ( 'NONE', *, *, #2190, .F. ) ;
#2250 = CARTESIAN_POINT ( 'NONE',  ( 0.000000000000000000, 3.400000000000026112, -9.399999999999986144 ) ) ;
#2251 = DIRECTION ( 'NONE',  ( 0.000000000000000000, 0.000000000000000000, -1.000000000000000000 ) ) ;
#2252 = ADVANCED_FACE ( 'NONE', ( #3150 ), #1495, .T. ) ;
#2253 = CARTESIAN_POINT ( 'NONE',  ( 90.00000000000000000, 2.010912703474030838, -5.900000000000023448 ) ) ;
#2254 = ORIENTED_EDGE ( 'NONE', *, *, #2822, .F. ) ;
#2255 = EDGE_LOOP ( 'NONE', ( #152, #718, #3621, #3181 ) ) ;
#2256 = CARTESIAN_POINT ( 'NONE',  ( 0.000000000000000000, 5.499999999999965361, 7.899999999999969269 ) ) ;
#2257 = ADVANCED_FACE ( 'NONE', ( #2607 ), #1738, .F. ) ;
#2258 = FACE_OUTER_BOUND ( 'NONE', #1717, .T. ) ;
#2259 = ORIENTED_EDGE ( 'NONE', *, *, #778, .F. ) ;
#2260 = FACE_OUTER_BOUND ( 'NONE', #1508, .T. ) ;
#2261 = CARTESIAN_POINT ( 'NONE',  ( 0.000000000000000000, 8.200000000000001066, -5.199999999999989519 ) ) ;
#2262 = VECTOR ( 'NONE', #1301, 1000.000000000000000 ) ;
#2263 = EDGE_LOOP ( 'NONE', ( #3570, #2816, #1481, #2269 ) ) ;
#2264 = AXIS2_PLACEMENT_3D ( 'NONE', #1413, #580, #3680 ) ;
#2265 = CARTESIAN_POINT ( 'NONE',  ( 0.000000000000000000, -2.010912703474023733, 3.899999999999951950 ) ) ;
#2266 = DIRECTION ( 'NONE',  ( -0.000000000000000000, 1.000000000000000000, -0.000000000000000000 ) ) ;
#2267 = CARTESIAN_POINT ( 'NONE',  ( 90.00000000000000000, -6.684924240490506264, -5.200000000000113864 ) ) ;
#2268 = AXIS2_PLACEMENT_3D ( 'NONE', #3211, #2118, #3252 ) ;
#2269 = ORIENTED_EDGE ( 'NONE', *, *, #3468, .T. ) ;
#2270 = AXIS2_PLACEMENT_3D ( 'NONE', #429, #1572, #2698 ) ;
#2271 = LINE ( 'NONE', #3408, #357 ) ;
#2272 = PLANE ( 'NONE',  #383 ) ;
#2273 = VECTOR ( 'NONE', #905, 1000.000000000000000 ) ;
#2274 = DIRECTION ( 'NONE',  ( -1.000000000000000000, -0.000000000000000000, -0.000000000000000000 ) ) ;
#2275 = EDGE_LOOP ( 'NONE', ( #211, #2074, #896, #803 ) ) ;
#2277 = VERTEX_POINT ( 'NONE', #2665 ) ;
#2276 = EDGE_CURVE ( 'NONE', #1942, #3442, #2937, .T. ) ;
#2278 = AXIS2_PLACEMENT_3D ( 'NONE', #3002, #466, #172 ) ;
#2279 = CIRCLE ( 'NONE', #1973, 0.2999999999999947153 ) ;
#2280 = EDGE_CURVE ( 'NONE', #174, #2317, #2714, .T. ) ;
#2281 = CARTESIAN_POINT ( 'NONE',  ( 90.00000000000000000, -3.999999999998350209, -10.00000000000019540 ) ) ;
#2282 = ORIENTED_EDGE ( 'NONE', *, *, #302, .F. ) ;
#2283 = DIRECTION ( 'NONE',  ( -1.000000000000000000, -0.000000000000000000, -0.000000000000000000 ) ) ;
#2284 = DIRECTION ( 'NONE',  ( 0.000000000000000000, 0.000000000000000000, -1.000000000000000000 ) ) ;
#2285 = EDGE_CURVE ( 'NONE', #1728, #2185, #410, .T. ) ;
#2286 = VECTOR ( 'NONE', #184, 1000.000000000000000 ) ;
#2287 = AXIS2_PLACEMENT_3D ( 'NONE', #258, #1967, #1931 ) ;
#2288 = EDGE_LOOP ( 'NONE', ( #2799, #3577, #3413, #919 ) ) ;
#2289 = CARTESIAN_POINT ( 'NONE',  ( 90.00000000000000000, -4.485786437625769452, 3.425126265846883289 ) ) ;
#2290 = EDGE_CURVE ( 'NONE', #1275, #1649, #955, .T. ) ;
#2291 = DIRECTION ( 'NONE',  ( 0.000000000000000000, 0.000000000000000000, 1.000000000000000000 ) ) ;
#2292 = PLANE ( 'NONE',  #468 ) ;
#2293 = VECTOR ( 'NONE', #3566, 1000.000000000000000 ) ;
#2294 = ORIENTED_EDGE ( 'NONE', *, *, #3602, .T. ) ;
#2295 = CYLINDRICAL_SURFACE ( 'NONE', #2970, 0.2999999999999999334 ) ;
#2296 = LINE ( 'NONE', #913, #494 ) ;
#2297 = CARTESIAN_POINT ( 'NONE',  ( 90.00000000000000000, -8.199999999998505373, -3.400000000000173550 ) ) ;
#2298 = EDGE_LOOP ( 'NONE', ( #840, #1139, #2612, #367 ) ) ;
#2299 = LINE ( 'NONE', #579, #1917 ) ;
#2300 = LINE ( 'NONE', #43, #3219 ) ;
#2301 = ORIENTED_EDGE ( 'NONE', *, *, #2006, .T. ) ;
#2302 = CARTESIAN_POINT ( 'NONE',  ( 0.000000000000000000, 3.900000000000038547, -2.010912703473998420 ) ) ;
#2303 = DIRECTION ( 'NONE',  ( 0.000000000000000000, 0.000000000000000000, 1.000000000000000000 ) ) ;
#2304 = ADVANCED_FACE ( 'NONE', ( #678 ), #2697, .F. ) ;
#2305 = ORIENTED_EDGE ( 'NONE', *, *, #226, .T. ) ;
#2306 = CARTESIAN_POINT ( 'NONE',  ( 90.00000000000000000, 7.899999999999971045, 5.200000000000017053 ) ) ;
#2307 = CARTESIAN_POINT ( 'NONE',  ( 90.00000000000000000, -6.472792206134645454, 5.412132034355757959 ) ) ;
#2308 = CARTESIAN_POINT ( 'NONE',  ( 0.000000000000000000, -3.999999999999289013, 9.699999999999826983 ) ) ;
#2309 = EDGE_LOOP ( 'NONE', ( #2084, #2056, #731, #904, #1386, #1429, #2055, #751, #2924, #2378, #13, #2221, #2301, #3075, #1120, #490, #1640, #1115, #1414, #2446, #2783, #1746, #2608, #584, #2954, #859, #1925, #3334, #467, #638, #3695, #3305, #1021, #2373, #1239, #3014, #1064, #1783, #2199, #2526, #3250, #2500, #262, #1762, #3616, #337, #375, #3027, #2736, #2669, #3207, #1568, #932, #3649, #1846, #460, #2322, #2387, #3171, #2191, #3628, #613, #1794, #312, #3191, #642, #2156, #875, #2836, #1799, #401, #698, #2188, #2759, #3156, #1940, #360, #1803, #2213, #2131, #3282, #1627, #871, #1909, #1183, #2848, #3532, #3005, #303, #2047, #2717, #1281, #2904, #2885, #3260, #1729, #853, #308, #2230, #1842, #2239, #3475, #1874, #7 ) ) ;
#2310 = CARTESIAN_POINT ( 'NONE',  ( 0.000000000000000000, 5.412132034355938259, 6.472792206135773441 ) ) ;
#2311 = DIRECTION ( 'NONE',  ( 0.000000000000000000, 0.000000000000000000, -1.000000000000000000 ) ) ;
#2312 = CARTESIAN_POINT ( 'NONE',  ( 0.000000000000000000, -9.699999999998507150, -4.000000000000163425 ) ) ;
#2313 = VERTEX_POINT ( 'NONE', #2092 ) ;
#2314 = ORIENTED_EDGE ( 'NONE', *, *, #2142, .T. ) ;
#2315 = DIRECTION ( 'NONE',  ( 0.000000000000000000, 0.000000000000000000, 1.000000000000000000 ) ) ;
#2316 = DIRECTION ( 'NONE',  ( 0.000000000000000000, 0.000000000000000000, -1.000000000000000000 ) ) ;
#2317 = VERTEX_POINT ( 'NONE', #3263 ) ;
#2318 = DIRECTION ( 'NONE',  ( -1.000000000000000000, -0.000000000000000000, -0.000000000000000000 ) ) ;
#2319 = CYLINDRICAL_SURFACE ( 'NONE', #1440, 0.3000000000000849210 ) ;
#2320 = ORIENTED_EDGE ( 'NONE', *, *, #2944, .F. ) ;
#2321 = LINE ( 'NONE', #269, #1019 ) ;
#2322 = ORIENTED_EDGE ( 'NONE', *, *, #2908, .T. ) ;
#2323 = VECTOR ( 'NONE', #3385, 1000.000000000000000 ) ;
#2324 = ADVANCED_FACE ( 'NONE', ( #2419 ), #3517, .F. ) ;
#2325 = DIRECTION ( 'NONE',  ( 0.000000000000000000, -0.000000000000000000, 1.000000000000000000 ) ) ;
#2326 = FACE_OUTER_BOUND ( 'NONE', #639, .T. ) ;
#2327 = VERTEX_POINT ( 'NONE', #3251 ) ;
#2328 = EDGE_CURVE ( 'NONE', #1392, #1053, #722, .T. ) ;
#2329 = DIRECTION ( 'NONE',  ( 0.000000000000000000, -0.000000000000000000, 1.000000000000000000 ) ) ;
#2330 = CARTESIAN_POINT ( 'NONE',  ( 90.00000000000000000, -5.499999999999971578, -7.899999999999983480 ) ) ;
#2331 = CIRCLE ( 'NONE', #1801, 0.2999999999999981570 ) ;
#2332 = PLANE ( 'NONE',  #1673 ) ;
#2333 = ORIENTED_EDGE ( 'NONE', *, *, #1258, .T. ) ;
#2334 = ORIENTED_EDGE ( 'NONE', *, *, #1111, .T. ) ;
#2335 = EDGE_CURVE ( 'NONE', #3447, #1728, #3548, .T. ) ;
#2336 = LINE ( 'NONE', #2588, #3653 ) ;
#2337 = AXIS2_PLACEMENT_3D ( 'NONE', #3543, #2687, #1223 ) ;
#2338 = ORIENTED_EDGE ( 'NONE', *, *, #959, .F. ) ;
#2339 = CARTESIAN_POINT ( 'NONE',  ( 0.000000000000000000, 5.199999999999963762, 8.199999999999963762 ) ) ;
#2340 = AXIS2_PLACEMENT_3D ( 'NONE', #231, #2160, #457 ) ;
#2341 = DIRECTION ( 'NONE',  ( -1.000000000000000000, -0.000000000000000000, -0.000000000000000000 ) ) ;
#2342 = VECTOR ( 'NONE', #1038, 1000.000000000000000 ) ;
#2343 = ORIENTED_EDGE ( 'NONE', *, *, #3097, .T. ) ;
#2344 = LINE ( 'NONE', #3487, #2927 ) ;
#2345 = CIRCLE ( 'NONE', #2696, 0.3000000000000051514 ) ;
#2346 = DIRECTION ( 'NONE',  ( 1.000000000000000000, 0.000000000000000000, 0.000000000000000000 ) ) ;
#2347 = DIRECTION ( 'NONE',  ( 1.000000000000000000, 0.000000000000000000, -0.000000000000000000 ) ) ;
#2348 = VECTOR ( 'NONE', #315, 1000.000000000000000 ) ;
#2349 = ORIENTED_EDGE ( 'NONE', *, *, #2335, .F. ) ;
#2350 = ORIENTED_EDGE ( 'NONE', *, *, #340, .T. ) ;
#2351 = EDGE_CURVE ( 'NONE', #2128, #2570, #992, .T. ) ;
#2352 = DIRECTION ( 'NONE',  ( -1.000000000000000000, -0.000000000000000000, -0.000000000000000000 ) ) ;
#2353 = AXIS2_PLACEMENT_3D ( 'NONE', #3275, #392, #95 ) ;
#2354 = LINE ( 'NONE', #1451, #1754 ) ;
#2355 = EDGE_CURVE ( 'NONE', #918, #1587, #2995, .T. ) ;
#2356 = CARTESIAN_POINT ( 'NONE',  ( 90.00000000000000000, -5.412132034355938259, -6.472792206135786763 ) ) ;
#2357 = ORIENTED_EDGE ( 'NONE', *, *, #3262, .F. ) ;
#2358 = VERTEX_POINT ( 'NONE', #1570 ) ;
#2359 = DIRECTION ( 'NONE',  ( -1.000000000000000000, -0.000000000000000000, -0.000000000000000000 ) ) ;
#2360 = DIRECTION ( 'NONE',  ( -1.000000000000000000, -0.000000000000000000, -0.000000000000000000 ) ) ;
#2361 = ADVANCED_FACE ( 'NONE', ( #696 ), #2163, .F. ) ;
#2362 = EDGE_LOOP ( 'NONE', ( #2099, #3497, #2691, #3608 ) ) ;
#2363 = DIRECTION ( 'NONE',  ( 0.000000000000000000, -1.000000000000000000, 0.000000000000000000 ) ) ;
#2364 = ORIENTED_EDGE ( 'NONE', *, *, #3520, .F. ) ;
#2365 = DIRECTION ( 'NONE',  ( -0.000000000000000000, -0.000000000000000000, -1.000000000000000000 ) ) ;
#2366 = DIRECTION ( 'NONE',  ( -1.000000000000000000, -0.000000000000000000, -0.000000000000000000 ) ) ;
#2367 = CARTESIAN_POINT ( 'NONE',  ( 90.00000000000000000, -3.099999999999981437, -9.099999999999990763 ) ) ;
#2368 = EDGE_LOOP ( 'NONE', ( #1325, #280, #1494, #1930 ) ) ;
#2369 = CARTESIAN_POINT ( 'NONE',  ( 0.000000000000000000, 8.500000000000001776, -3.399999999999993250 ) ) ;
#2370 = CARTESIAN_POINT ( 'NONE',  ( 90.00000000000000000, 9.399999999999986144, 3.400000000000021227 ) ) ;
#2371 = DIRECTION ( 'NONE',  ( -1.000000000000000000, -0.000000000000000000, -0.000000000000000000 ) ) ;
#2372 = ORIENTED_EDGE ( 'NONE', *, *, #884, .F. ) ;
#2373 = ORIENTED_EDGE ( 'NONE', *, *, #3652, .T. ) ;
#2374 = DIRECTION ( 'NONE',  ( 0.000000000000000000, -0.7071067811865475727, 0.7071067811865475727 ) ) ;
#2375 = EDGE_CURVE ( 'NONE', #937, #3186, #1864, .T. ) ;
#2376 = DIRECTION ( 'NONE',  ( 0.000000000000000000, 0.000000000000000000, -1.000000000000000000 ) ) ;
#2377 = EDGE_CURVE ( 'NONE', #227, #484, #2638, .T. ) ;
#2378 = ORIENTED_EDGE ( 'NONE', *, *, #1395, .T. ) ;
#2379 = ORIENTED_EDGE ( 'NONE', *, *, #186, .F. ) ;
#2380 = PLANE ( 'NONE',  #1261 ) ;
#2381 = DIRECTION ( 'NONE',  ( 1.000000000000000000, 0.000000000000000000, 0.000000000000000000 ) ) ;
#2382 = CARTESIAN_POINT ( 'NONE',  ( 90.00000000000000000, 3.399999999999960387, 8.499999999999959144 ) ) ;
#2383 = CARTESIAN_POINT ( 'NONE',  ( 0.000000000000000000, -8.199999999998881961, 5.199999999999795008 ) ) ;
#2384 = CARTESIAN_POINT ( 'NONE',  ( 0.000000000000000000, -3.999999999999290790, 9.999999999999822364 ) ) ;
#2385 = CARTESIAN_POINT ( 'NONE',  ( 90.00000000000000000, -5.199999999999971756, -7.899999999999983480 ) ) ;
#2386 = AXIS2_PLACEMENT_3D ( 'NONE', #2149, #1324, #3284 ) ;
#2387 = ORIENTED_EDGE ( 'NONE', *, *, #3258, .T. ) ;
#2388 = DIRECTION ( 'NONE',  ( 0.000000000000000000, 0.000000000000000000, -1.000000000000000000 ) ) ;
#2389 = CARTESIAN_POINT ( 'NONE',  ( 0.000000000000000000, -8.499999999998504308, -8.500000000000195399 ) ) ;
#2390 = EDGE_CURVE ( 'NONE', #2020, #2702, #1834, .T. ) ;
#2391 = LINE ( 'NONE', #2930, #1963 ) ;
#2392 = EDGE_CURVE ( 'NONE', #2540, #3012, #2046, .T. ) ;
#2393 = AXIS2_PLACEMENT_3D ( 'NONE', #2072, #394, #1231 ) ;
#2394 = CIRCLE ( 'NONE', #368, 0.2999999999999947153 ) ;
#2395 = VECTOR ( 'NONE', #1662, 1000.000000000000000 ) ;
#2396 = ADVANCED_FACE ( 'NONE', ( #2952 ), #978, .T. ) ;
#2397 = ORIENTED_EDGE ( 'NONE', *, *, #3696, .T. ) ;
#2398 = DIRECTION ( 'NONE',  ( 0.000000000000000000, 0.000000000000000000, 1.000000000000000000 ) ) ;
#2399 = DIRECTION ( 'NONE',  ( 0.000000000000000000, 0.000000000000000000, 1.000000000000000000 ) ) ;
#2400 = AXIS2_PLACEMENT_3D ( 'NONE', #2369, #1244, #2675 ) ;
#2401 = DIRECTION ( 'NONE',  ( -1.000000000000000000, -0.000000000000000000, -0.000000000000000000 ) ) ;
#2402 = AXIS2_PLACEMENT_3D ( 'NONE', #1725, #1185, #50 ) ;
#2403 = CARTESIAN_POINT ( 'NONE',  ( 90.00000000000000000, -5.500000000000071942, 6.684924240491961100 ) ) ;
#2404 = CARTESIAN_POINT ( 'NONE',  ( 0.000000000000000000, 3.400000000000026112, -8.199999999999977973 ) ) ;
#2405 = VECTOR ( 'NONE', #706, 1000.000000000000000 ) ;
#2406 = EDGE_LOOP ( 'NONE', ( #2884, #3357, #339, #1859 ) ) ;
#2407 = DIRECTION ( 'NONE',  ( 0.000000000000000000, 0.000000000000000000, -1.000000000000000000 ) ) ;
#2408 = DIRECTION ( 'NONE',  ( -0.000000000000000000, 1.000000000000000000, -0.000000000000000000 ) ) ;
#2409 = ORIENTED_EDGE ( 'NONE', *, *, #2541, .F. ) ;
#2410 = LINE ( 'NONE', #3523, #1141 ) ;
#2411 = DIRECTION ( 'NONE',  ( 0.000000000000000000, 0.000000000000000000, -1.000000000000000000 ) ) ;
#2412 = DIRECTION ( 'NONE',  ( -1.000000000000000000, -0.000000000000000000, -0.000000000000000000 ) ) ;
#2413 = ADVANCED_FACE ( 'NONE', ( #2679 ), #133, .F. ) ;
#2414 = DIRECTION ( 'NONE',  ( 0.000000000000000000, -0.000000000000000000, 1.000000000000000000 ) ) ;
#2415 = EDGE_LOOP ( 'NONE', ( #2008, #3592, #3687, #148 ) ) ;
#2416 = DIRECTION ( 'NONE',  ( -1.000000000000000000, -0.000000000000000000, -0.000000000000000000 ) ) ;
#2417 = EDGE_CURVE ( 'NONE', #2236, #953, #3114, .T. ) ;
#2418 = ORIENTED_EDGE ( 'NONE', *, *, #2026, .T. ) ;
#2419 = FACE_OUTER_BOUND ( 'NONE', #1697, .T. ) ;
#2420 = LINE ( 'NONE', #726, #662 ) ;
#2421 = ORIENTED_EDGE ( 'NONE', *, *, #249, .T. ) ;
#2422 = DIRECTION ( 'NONE',  ( 0.000000000000000000, 0.000000000000000000, 1.000000000000000000 ) ) ;
#2423 = FACE_OUTER_BOUND ( 'NONE', #426, .T. ) ;
#2424 = DIRECTION ( 'NONE',  ( 0.000000000000000000, -0.7071067811865472397, 0.7071067811865479058 ) ) ;
#2425 = DIRECTION ( 'NONE',  ( 0.000000000000000000, 0.7071067811865479058, -0.7071067811865471286 ) ) ;
#2426 = CYLINDRICAL_SURFACE ( 'NONE', #3330, 0.3000000000000033751 ) ;
#2427 = ORIENTED_EDGE ( 'NONE', *, *, #1291, .F. ) ;
#2428 = EDGE_LOOP ( 'NONE', ( #1787, #2483, #409, #1062 ) ) ;
#2429 = ADVANCED_FACE ( 'NONE', ( #533 ), #3331, .F. ) ;
#2430 = ORIENTED_EDGE ( 'NONE', *, *, #1866, .F. ) ;
#2431 = CARTESIAN_POINT ( 'NONE',  ( 0.000000000000000000, -5.204170427930421283E-14, 5.204170427930421283E-14 ) ) ;
#2432 = EDGE_CURVE ( 'NONE', #2025, #2358, #831, .T. ) ;
#2433 = DIRECTION ( 'NONE',  ( -1.000000000000000000, -0.000000000000000000, -0.000000000000000000 ) ) ;
#2434 = EDGE_CURVE ( 'NONE', #2587, #380, #3314, .T. ) ;
#2435 = AXIS2_PLACEMENT_3D ( 'NONE', #2561, #3126, #1470 ) ;
#2436 = DIRECTION ( 'NONE',  ( 0.000000000000000000, -0.7071067811865474617, -0.7071067811865474617 ) ) ;
#2437 = EDGE_CURVE ( 'NONE', #3058, #3170, #498, .T. ) ;
#2438 = ADVANCED_FACE ( 'NONE', ( #3024 ), #2216, .F. ) ;
#2439 = DIRECTION ( 'NONE',  ( 1.000000000000000000, 0.000000000000000000, 0.000000000000000000 ) ) ;
#2440 = CIRCLE ( 'NONE', #673, 0.2999999999999981570 ) ;
#2441 = CARTESIAN_POINT ( 'NONE',  ( 90.00000000000000000, 9.700000000000002842, -3.399999999999979483 ) ) ;
#2442 = ORIENTED_EDGE ( 'NONE', *, *, #1911, .T. ) ;
#2443 = AXIS2_PLACEMENT_3D ( 'NONE', #2238, #2826, #1410 ) ;
#2444 = LINE ( 'NONE', #1010, #2155 ) ;
#2445 = VECTOR ( 'NONE', #1607, 1000.000000000000000 ) ;
#2446 = ORIENTED_EDGE ( 'NONE', *, *, #1781, .T. ) ;
#2447 = ORIENTED_EDGE ( 'NONE', *, *, #1883, .T. ) ;
#2448 = CYLINDRICAL_SURFACE ( 'NONE', #1558, 0.2999999999999964362 ) ;
#2449 = VECTOR ( 'NONE', #267, 1000.000000000000000 ) ;
#2450 = VECTOR ( 'NONE', #658, 1000.000000000000000 ) ;
#2451 = LINE ( 'NONE', #1926, #2342 ) ;
#2452 = CARTESIAN_POINT ( 'NONE',  ( 90.00000000000000000, -9.999999999999147349, 8.499999999999987566 ) ) ;
#2453 = AXIS2_PLACEMENT_3D ( 'NONE', #1277, #3241, #2411 ) ;
#2454 = AXIS2_PLACEMENT_3D ( 'NONE', #1099, #819, #838 ) ;
#2455 = VERTEX_POINT ( 'NONE', #237 ) ;
#2456 = CARTESIAN_POINT ( 'NONE',  ( 90.00000000000000000, -5.412132034355992438, 6.472792206135689952 ) ) ;
#2457 = ADVANCED_FACE ( 'NONE', ( #814 ), #2508, .F. ) ;
#2458 = CIRCLE ( 'NONE', #855, 0.3000000000000172529 ) ;
#2459 = DIRECTION ( 'NONE',  ( 0.000000000000000000, 0.000000000000000000, 1.000000000000000000 ) ) ;
#2460 = ORIENTED_EDGE ( 'NONE', *, *, #3446, .F. ) ;
#2461 = CIRCLE ( 'NONE', #683, 0.3000000000000051514 ) ;
#2462 = CARTESIAN_POINT ( 'NONE',  ( 90.00000000000000000, -5.500000000000114575, 7.900000000000219735 ) ) ;
#2463 = ORIENTED_EDGE ( 'NONE', *, *, #3138, .F. ) ;
#2464 = DIRECTION ( 'NONE',  ( -1.000000000000000000, -0.000000000000000000, 0.000000000000000000 ) ) ;
#2465 = EDGE_LOOP ( 'NONE', ( #1374, #250, #3056, #3429 ) ) ;
#2466 = DIRECTION ( 'NONE',  ( -0.000000000000000000, -1.000000000000000000, -0.000000000000000000 ) ) ;
#2467 = VERTEX_POINT ( 'NONE', #1946 ) ;
#2468 = CARTESIAN_POINT ( 'NONE',  ( 90.00000000000000000, 9.700000000000008171, -3.999999999999982681 ) ) ;
#2469 = CARTESIAN_POINT ( 'NONE',  ( 0.000000000000000000, 6.684924240491775471, -5.499999999999984013 ) ) ;
#2470 = VERTEX_POINT ( 'NONE', #3079 ) ;
#2471 = EDGE_LOOP ( 'NONE', ( #554, #818, #2906, #1887 ) ) ;
#2472 = CARTESIAN_POINT ( 'NONE',  ( 90.00000000000000000, 9.100000000000004974, -3.099999999999984546 ) ) ;
#2473 = DIRECTION ( 'NONE',  ( -1.000000000000000000, -0.000000000000000000, 0.000000000000000000 ) ) ;
#2474 = VERTEX_POINT ( 'NONE', #2528 ) ;
#2475 = EDGE_CURVE ( 'NONE', #1581, #1649, #3634, .T. ) ;
#2476 = DIRECTION ( 'NONE',  ( 1.000000000000000000, 0.000000000000000000, -0.000000000000000000 ) ) ;
#2477 = LINE ( 'NONE', #3267, #833 ) ;
#2478 = CARTESIAN_POINT ( 'NONE',  ( 0.000000000000000000, 3.100000000000028066, -9.099999999999990763 ) ) ;
#2479 = EDGE_CURVE ( 'NONE', #1654, #2474, #322, .T. ) ;
#2480 = EDGE_LOOP ( 'NONE', ( #629, #1970, #324, #433 ) ) ;
#2481 = CARTESIAN_POINT ( 'NONE',  ( 0.000000000000000000, 3.099999999999958789, 8.499999999999959144 ) ) ;
#2482 = ADVANCED_FACE ( 'NONE', ( #800 ), #1912, .T. ) ;
#2483 = ORIENTED_EDGE ( 'NONE', *, *, #3277, .F. ) ;
#2484 = CARTESIAN_POINT ( 'NONE',  ( 0.000000000000000000, -4.485786437625769452, 3.425126265846883289 ) ) ;
#2485 = CARTESIAN_POINT ( 'NONE',  ( 0.000000000000000000, -5.200000000000025935, 6.684924240491656455 ) ) ;
#2486 = EDGE_LOOP ( 'NONE', ( #1351, #893, #2119, #1493 ) ) ;
#2487 = EDGE_LOOP ( 'NONE', ( #2658, #1448, #3302, #286 ) ) ;
#2488 = CARTESIAN_POINT ( 'NONE',  ( 0.000000000000000000, 5.199999999999973532, 6.684924240491739056 ) ) ;
#2489 = CARTESIAN_POINT ( 'NONE',  ( 90.00000000000000000, 3.699999999999902922, 9.699999999999965539 ) ) ;
#2490 = AXIS2_PLACEMENT_3D ( 'NONE', #3470, #2049, #1152 ) ;
#2491 = VERTEX_POINT ( 'NONE', #758 ) ;
#2492 = AXIS2_PLACEMENT_3D ( 'NONE', #851, #2347, #1987 ) ;
#2493 = CARTESIAN_POINT ( 'NONE',  ( 0.000000000000000000, -8.499999999998879119, 3.099999999999790479 ) ) ;
#2494 = EDGE_CURVE ( 'NONE', #1360, #744, #623, .T. ) ;
#2495 = ORIENTED_EDGE ( 'NONE', *, *, #1230, .F. ) ;
#2496 = LINE ( 'NONE', #3072, #1500 ) ;
#2497 = VECTOR ( 'NONE', #3069, 1000.000000000000114 ) ;
#2498 = EDGE_CURVE ( 'NONE', #2606, #1252, #3063, .T. ) ;
#2499 = VECTOR ( 'NONE', #2794, 1000.000000000000000 ) ;
#2500 = ORIENTED_EDGE ( 'NONE', *, *, #123, .T. ) ;
#2501 = FACE_OUTER_BOUND ( 'NONE', #3274, .T. ) ;
#2502 = VERTEX_POINT ( 'NONE', #1371 ) ;
#2503 = CARTESIAN_POINT ( 'NONE',  ( 0.000000000000000000, -3.399999999999970601, -9.099999999999990763 ) ) ;
#2504 = VECTOR ( 'NONE', #3158, 1000.000000000000000 ) ;
#2505 = CARTESIAN_POINT ( 'NONE',  ( 90.00000000000000000, -3.399999999999339106, 9.399999999999835154 ) ) ;
#2506 = ORIENTED_EDGE ( 'NONE', *, *, #3427, .F. ) ;
#2507 = VECTOR ( 'NONE', #2610, 1000.000000000000000 ) ;
#2508 = PLANE ( 'NONE',  #147 ) ;
#2509 = CIRCLE ( 'NONE', #787, 1.999999999999809264 ) ;
#2510 = DIRECTION ( 'NONE',  ( 0.000000000000000000, 0.000000000000000000, -1.000000000000000000 ) ) ;
#2511 = VECTOR ( 'NONE', #1158, 1000.000000000000000 ) ;
#2512 = VERTEX_POINT ( 'NONE', #2472 ) ;
#2513 = EDGE_LOOP ( 'NONE', ( #456, #3515, #1363, #2397 ) ) ;
#2514 = CARTESIAN_POINT ( 'NONE',  ( 90.00000000000000000, 3.100000000000022737, -8.499999999999987566 ) ) ;
#2515 = VECTOR ( 'NONE', #2029, 1000.000000000000000 ) ;
#2516 = CARTESIAN_POINT ( 'NONE',  ( 90.00000000000000000, -5.200000000000025935, 6.684924240491656455 ) ) ;
#2517 = DIRECTION ( 'NONE',  ( 0.000000000000000000, 0.000000000000000000, -1.000000000000000000 ) ) ;
#2518 = CARTESIAN_POINT ( 'NONE',  ( 90.00000000000000000, 8.500000000000001776, -3.399999999999993250 ) ) ;
#2519 = CIRCLE ( 'NONE', #3485, 0.3000000000000458966 ) ;
#2520 = VERTEX_POINT ( 'NONE', #1315 ) ;
#2521 = DIRECTION ( 'NONE',  ( -1.000000000000000000, -0.000000000000000000, -0.000000000000000000 ) ) ;
#2522 = ORIENTED_EDGE ( 'NONE', *, *, #2290, .F. ) ;
#2523 = EDGE_CURVE ( 'NONE', #2949, #1825, #3601, .T. ) ;
#2524 = CYLINDRICAL_SURFACE ( 'NONE', #1320, 0.2999999999999981570 ) ;
#2525 = DIRECTION ( 'NONE',  ( -1.000000000000000000, -0.000000000000000000, -0.000000000000000000 ) ) ;
#2526 = ORIENTED_EDGE ( 'NONE', *, *, #1253, .T. ) ;
#2527 = EDGE_CURVE ( 'NONE', #2455, #2546, #2182, .T. ) ;
#2528 = CARTESIAN_POINT ( 'NONE',  ( 0.000000000000000000, 5.412132034355935595, 6.472792206135776105 ) ) ;
#2529 = DIRECTION ( 'NONE',  ( -0.000000000000000000, 1.000000000000000000, 0.000000000000000000 ) ) ;
#2530 = ORIENTED_EDGE ( 'NONE', *, *, #1063, .F. ) ;
#2531 = ORIENTED_EDGE ( 'NONE', *, *, #1407, .F. ) ;
#2532 = CARTESIAN_POINT ( 'NONE',  ( 90.00000000000000000, 3.099999999999958789, 8.499999999999959144 ) ) ;
#2533 = CARTESIAN_POINT ( 'NONE',  ( 90.00000000000000000, -9.099999999998885869, 3.099999999999794031 ) ) ;
#2534 = CARTESIAN_POINT ( 'NONE',  ( 90.00000000000000000, -5.499999999999968914, -7.899999999999983480 ) ) ;
#2535 = CARTESIAN_POINT ( 'NONE',  ( 90.00000000000000000, 3.400000000000026112, -9.699999999999979750 ) ) ;
#2536 = ORIENTED_EDGE ( 'NONE', *, *, #575, .T. ) ;
#2537 = CARTESIAN_POINT ( 'NONE',  ( 0.000000000000000000, 3.400000000000026112, -8.199999999999977973 ) ) ;
#2538 = DIRECTION ( 'NONE',  ( 0.000000000000000000, 0.000000000000000000, 1.000000000000000000 ) ) ;
#2539 = DIRECTION ( 'NONE',  ( 0.000000000000000000, -1.000000000000000000, 0.000000000000000000 ) ) ;
#2540 = VERTEX_POINT ( 'NONE', #203 ) ;
#2541 = EDGE_CURVE ( 'NONE', #1306, #3235, #1385, .T. ) ;
#2542 = CARTESIAN_POINT ( 'NONE',  ( 90.00000000000000000, -3.099999999999386358, 9.099999999999837996 ) ) ;
#2543 = DIRECTION ( 'NONE',  ( 1.000000000000000000, 0.000000000000000000, 0.000000000000000000 ) ) ;
#2544 = EDGE_CURVE ( 'NONE', #2181, #3661, #2050, .T. ) ;
#2545 = FACE_OUTER_BOUND ( 'NONE', #3565, .T. ) ;
#2546 = VERTEX_POINT ( 'NONE', #1190 ) ;
#2547 = ORIENTED_EDGE ( 'NONE', *, *, #1760, .F. ) ;
#2548 = FILL_AREA_STYLE ('',( #1079 ) ) ;
#2549 = DIRECTION ( 'NONE',  ( 0.000000000000000000, 0.000000000000000000, 1.000000000000000000 ) ) ;
#2550 = EDGE_CURVE ( 'NONE', #2702, #2974, #2354, .T. ) ;
#2551 = CARTESIAN_POINT ( 'NONE',  ( 90.00000000000000000, -3.999999999998350209, -9.700000000000201794 ) ) ;
#2552 = DIRECTION ( 'NONE',  ( -1.000000000000000000, -0.000000000000000000, -0.000000000000000000 ) ) ;
#2553 = VECTOR ( 'NONE', #2137, 1000.000000000000000 ) ;
#2554 = ORIENTED_EDGE ( 'NONE', *, *, #220, .F. ) ;
#2555 = CIRCLE ( 'NONE', #2028, 0.3000000000000172529 ) ;
#2556 = CARTESIAN_POINT ( 'NONE',  ( 90.00000000000000000, 3.400000000000026112, -9.399999999999986144 ) ) ;
#2557 = LINE ( 'NONE', #2876, #1976 ) ;
#2558 = CARTESIAN_POINT ( 'NONE',  ( 0.000000000000000000, 8.500000000000008882, -9.999999999999987566 ) ) ;
#2559 = VERTEX_POINT ( 'NONE', #3493 ) ;
#2560 = CIRCLE ( 'NONE', #2030, 0.3000000000000042633 ) ;
#2561 = CARTESIAN_POINT ( 'NONE',  ( 0.000000000000000000, 3.400000000000026112, -9.699999999999979750 ) ) ;
#2562 = CARTESIAN_POINT ( 'NONE',  ( 0.000000000000000000, 8.200000000000001066, -3.399999999999993250 ) ) ;
#2563 = PLANE ( 'NONE',  #2921 ) ;
#2564 = ORIENTED_EDGE ( 'NONE', *, *, #616, .F. ) ;
#2565 = ORIENTED_EDGE ( 'NONE', *, *, #3398, .T. ) ;
#2566 = CIRCLE ( 'NONE', #784, 1.499999999999843459 ) ;
#2567 = FACE_OUTER_BOUND ( 'NONE', #2929, .T. ) ;
#2568 = ADVANCED_FACE ( 'NONE', ( #1790 ), #2272, .F. ) ;
#2569 = CYLINDRICAL_SURFACE ( 'NONE', #1901, 0.3000000000000458966 ) ;
#2570 = VERTEX_POINT ( 'NONE', #636 ) ;
#2571 = VECTOR ( 'NONE', #3312, 1000.000000000000000 ) ;
#2572 = DIRECTION ( 'NONE',  ( -1.000000000000000000, -0.000000000000000000, 0.000000000000000000 ) ) ;
#2573 = DIRECTION ( 'NONE',  ( -1.000000000000000000, -0.000000000000000000, -0.000000000000000000 ) ) ;
#2574 = EDGE_CURVE ( 'NONE', #1207, #2236, #2296, .T. ) ;
#2575 = MECHANICAL_DESIGN_GEOMETRIC_PRESENTATION_REPRESENTATION (  '', ( #1569 ), #618 ) ;
#2576 = AXIS2_PLACEMENT_3D ( 'NONE', #1585, #1880, #3010 ) ;
#2577 = VERTEX_POINT ( 'NONE', #76 ) ;
#2578 = CYLINDRICAL_SURFACE ( 'NONE', #2097, 0.3000000000000042633 ) ;
#2579 = DIRECTION ( 'NONE',  ( -1.000000000000000000, -0.000000000000000000, -0.000000000000000000 ) ) ;
#2580 = CARTESIAN_POINT ( 'NONE',  ( 90.00000000000000000, 8.499999999999975131, 3.400000000000007017 ) ) ;
#2581 = VECTOR ( 'NONE', #1962, 1000.000000000000000 ) ;
#2582 = ORIENTED_EDGE ( 'NONE', *, *, #3606, .T. ) ;
#2583 = LINE ( 'NONE', #2857, #2323 ) ;
#2584 = LINE ( 'NONE', #890, #3484 ) ;
#2585 = DIRECTION ( 'NONE',  ( 0.000000000000000000, 0.000000000000000000, -1.000000000000000000 ) ) ;
#2586 = ORIENTED_EDGE ( 'NONE', *, *, #365, .T. ) ;
#2587 = VERTEX_POINT ( 'NONE', #934 ) ;
#2588 = CARTESIAN_POINT ( 'NONE',  ( 90.00000000000000000, -3.425126265847070695, -4.485786437626919643 ) ) ;
#2589 = CARTESIAN_POINT ( 'NONE',  ( 0.000000000000000000, -5.500000000000071942, 6.684924240491961100 ) ) ;
#2590 = ORIENTED_EDGE ( 'NONE', *, *, #1612, .F. ) ;
#2591 = EDGE_CURVE ( 'NONE', #239, #3147, #3409, .T. ) ;
#2592 = CARTESIAN_POINT ( 'NONE',  ( 90.00000000000000000, 3.399999999999949729, 9.699999999999965539 ) ) ;
#2593 = DIRECTION ( 'NONE',  ( 1.000000000000000000, 0.000000000000000000, 0.000000000000000000 ) ) ;
#2594 = EDGE_CURVE ( 'NONE', #918, #213, #2584, .T. ) ;
#2595 = ORIENTED_EDGE ( 'NONE', *, *, #1600, .F. ) ;
#2596 = DIRECTION ( 'NONE',  ( 0.000000000000000000, 0.7071067811865479058, -0.7071067811865472397 ) ) ;
#2597 = VERTEX_POINT ( 'NONE', #2051 ) ;
#2598 = DIRECTION ( 'NONE',  ( -1.000000000000000000, -0.000000000000000000, -0.000000000000000000 ) ) ;
#2599 = LINE ( 'NONE', #1769, #1519 ) ;
#2600 = ORIENTED_EDGE ( 'NONE', *, *, #3644, .T. ) ;
#2601 = ADVANCED_FACE ( 'NONE', ( #1715 ), #3690, .F. ) ;
#2602 = CARTESIAN_POINT ( 'NONE',  ( 0.000000000000000000, 8.199999999999997513, -3.399999999999993250 ) ) ;
#2603 = DIRECTION ( 'NONE',  ( -1.000000000000000000, -0.000000000000000000, -0.000000000000000000 ) ) ;
#2604 = LINE ( 'NONE', #352, #2095 ) ;
#2605 = ORIENTED_EDGE ( 'NONE', *, *, #2662, .F. ) ;
#2606 = VERTEX_POINT ( 'NONE', #1773 ) ;
#2607 = FACE_OUTER_BOUND ( 'NONE', #1271, .T. ) ;
#2608 = ORIENTED_EDGE ( 'NONE', *, *, #1028, .T. ) ;
#2609 = DIRECTION ( 'NONE',  ( -1.000000000000000000, 0.000000000000000000, -0.000000000000000000 ) ) ;
#2610 = DIRECTION ( 'NONE',  ( -0.000000000000000000, -1.000000000000000000, -0.000000000000000000 ) ) ;
#2611 = ADVANCED_FACE ( 'NONE', ( #2900 ), #1131, .F. ) ;
#2612 = ORIENTED_EDGE ( 'NONE', *, *, #2058, .F. ) ;
#2613 = CARTESIAN_POINT ( 'NONE',  ( 90.00000000000000000, 9.400000000000000355, -3.399999999999979483 ) ) ;
#2614 = VECTOR ( 'NONE', #1786, 1000.000000000000000 ) ;
#2615 = CARTESIAN_POINT ( 'NONE',  ( 0.000000000000000000, 5.200000000000029488, -6.684924240491753267 ) ) ;
#2616 = DIRECTION ( 'NONE',  ( 0.000000000000000000, 0.000000000000000000, -1.000000000000000000 ) ) ;
#2617 = EDGE_CURVE ( 'NONE', #1486, #3378, #1153, .T. ) ;
#2618 = PRESENTATION_LAYER_ASSIGNMENT (  '', '', ( #532 ) ) ;
#2619 = ORIENTED_EDGE ( 'NONE', *, *, #695, .F. ) ;
#2620 = DIRECTION ( 'NONE',  ( -1.000000000000000000, -0.000000000000000000, -0.000000000000000000 ) ) ;
#2621 = LINE ( 'NONE', #334, #1574 ) ;
#2622 = AXIS2_PLACEMENT_3D ( 'NONE', #3411, #2529, #1933 ) ;
#2623 = CARTESIAN_POINT ( 'NONE',  ( 0.000000000000000000, 3.900000000000037215, -2.010912703473997976 ) ) ;
#2624 = VERTEX_POINT ( 'NONE', #2839 ) ;
#2625 = VERTEX_POINT ( 'NONE', #1210 ) ;
#2626 = LINE ( 'NONE', #3192, #318 ) ;
#2627 = VECTOR ( 'NONE', #2229, 1000.000000000000000 ) ;
#2628 = ORIENTED_EDGE ( 'NONE', *, *, #1229, .T. ) ;
#2629 = CARTESIAN_POINT ( 'NONE',  ( 90.00000000000000000, 6.684924240491734615, 5.200000000000002842 ) ) ;
#2630 = AXIS2_PLACEMENT_3D ( 'NONE', #3361, #2572, #1742 ) ;
#2631 = VECTOR ( 'NONE', #2724, 1000.000000000000000 ) ;
#2632 = ORIENTED_EDGE ( 'NONE', *, *, #343, .F. ) ;
#2633 = ORIENTED_EDGE ( 'NONE', *, *, #2661, .F. ) ;
#2634 = CARTESIAN_POINT ( 'NONE',  ( 0.000000000000000000, 3.699999999999902922, 9.699999999999965539 ) ) ;
#2635 = AXIS2_PLACEMENT_3D ( 'NONE', #897, #3173, #2905 ) ;
#2636 = DIRECTION ( 'NONE',  ( -1.000000000000000000, -0.000000000000000000, -0.000000000000000000 ) ) ;
#2637 = DIRECTION ( 'NONE',  ( -1.000000000000000000, -0.000000000000000000, -0.000000000000000000 ) ) ;
#2638 = CIRCLE ( 'NONE', #2576, 0.2999999999999964362 ) ;
#2639 = ORIENTED_EDGE ( 'NONE', *, *, #895, .T. ) ;
#2640 = ORIENTED_EDGE ( 'NONE', *, *, #226, .F. ) ;
#2641 = EDGE_CURVE ( 'NONE', #1360, #1942, #2621, .T. ) ;
#2642 = LINE ( 'NONE', #670, #3645 ) ;
#2643 = AXIS2_PLACEMENT_3D ( 'NONE', #3630, #1069, #1598 ) ;
#2644 = DIRECTION ( 'NONE',  ( 0.000000000000000000, 0.000000000000000000, 1.000000000000000000 ) ) ;
#2645 = EDGE_CURVE ( 'NONE', #1455, #2181, #2071, .T. ) ;
#2646 = CYLINDRICAL_SURFACE ( 'NONE', #242, 0.3000000000000051514 ) ;
#2647 = ORIENTED_EDGE ( 'NONE', *, *, #3549, .F. ) ;
#2648 = EDGE_LOOP ( 'NONE', ( #3373, #2841, #2282, #3325 ) ) ;
#2649 = DIRECTION ( 'NONE',  ( -1.000000000000000000, -0.000000000000000000, -0.000000000000000000 ) ) ;
#2650 =( LENGTH_UNIT ( ) NAMED_UNIT ( * ) SI_UNIT ( .MILLI., .METRE. ) );
#2651 = EDGE_LOOP ( 'NONE', ( #348, #216, #743, #1072 ) ) ;
#2652 = LINE ( 'NONE', #3232, #3538 ) ;
#2653 = EDGE_LOOP ( 'NONE', ( #1222, #1630, #3070, #3306 ) ) ;
#2654 = ORIENTED_EDGE ( 'NONE', *, *, #2475, .T. ) ;
#2655 = CARTESIAN_POINT ( 'NONE',  ( 90.00000000000000000, 9.699999999999974420, 4.000000000000010658 ) ) ;
#2656 = DIRECTION ( 'NONE',  ( 0.000000000000000000, 0.000000000000000000, -1.000000000000000000 ) ) ;
#2657 = FACE_OUTER_BOUND ( 'NONE', #2298, .T. ) ;
#2658 = ORIENTED_EDGE ( 'NONE', *, *, #2662, .T. ) ;
#2659 = DIRECTION ( 'NONE',  ( 0.000000000000000000, -0.000000000000000000, -1.000000000000000000 ) ) ;
#2660 = LINE ( 'NONE', #2920, #737 ) ;
#2661 = EDGE_CURVE ( 'NONE', #113, #581, #3204, .T. ) ;
#2662 = EDGE_CURVE ( 'NONE', #3360, #1287, #651, .T. ) ;
#2663 = DIRECTION ( 'NONE',  ( 1.000000000000000000, 0.000000000000000000, 0.000000000000000000 ) ) ;
#2664 = ORIENTED_EDGE ( 'NONE', *, *, #3328, .F. ) ;
#2665 = CARTESIAN_POINT ( 'NONE',  ( 0.000000000000000000, 8.500000000000001776, -3.099999999999984546 ) ) ;
#2666 = ADVANCED_FACE ( 'NONE', ( #856 ), #1409, .F. ) ;
#2667 = SURFACE_STYLE_USAGE ( .BOTH. , #1476 ) ;
#2668 = CARTESIAN_POINT ( 'NONE',  ( 90.00000000000000000, 3.999999999999949818, 10.00000000000001599 ) ) ;
#2669 = ORIENTED_EDGE ( 'NONE', *, *, #3138, .T. ) ;
#2670 = EDGE_CURVE ( 'NONE', #1252, #766, #614, .T. ) ;
#2671 = ORIENTED_EDGE ( 'NONE', *, *, #1642, .T. ) ;
#2672 = CARTESIAN_POINT ( 'NONE',  ( 0.000000000000000000, -9.099999999998503952, -3.100000000000165290 ) ) ;
#2673 = LINE ( 'NONE', #417, #548 ) ;
#2674 = FACE_OUTER_BOUND ( 'NONE', #1778, .T. ) ;
#2675 = DIRECTION ( 'NONE',  ( 0.000000000000000000, 0.000000000000000000, -1.000000000000000000 ) ) ;
#2676 = DIRECTION ( 'NONE',  ( 0.000000000000000000, 0.000000000000000000, 1.000000000000000000 ) ) ;
#2677 = AXIS2_PLACEMENT_3D ( 'NONE', #827, #552, #1694 ) ;
#2678 = ORIENTED_EDGE ( 'NONE', *, *, #961, .F. ) ;
#2679 = FACE_OUTER_BOUND ( 'NONE', #2726, .T. ) ;
#2680 = AXIS2_PLACEMENT_3D ( 'NONE', #18, #558, #1676 ) ;
#2681 = DIRECTION ( 'NONE',  ( -1.000000000000000000, -0.000000000000000000, -0.000000000000000000 ) ) ;
#2682 = CARTESIAN_POINT ( 'NONE',  ( 90.00000000000000000, 9.100000000000004974, -3.099999999999984546 ) ) ;
#2683 = ORIENTED_EDGE ( 'NONE', *, *, #371, .T. ) ;
#2684 = ADVANCED_FACE ( 'NONE', ( #1154 ), #38, .F. ) ;
#2685 = AXIS2_PLACEMENT_3D ( 'NONE', #1416, #2552, #2284 ) ;
#2686 = ORIENTED_EDGE ( 'NONE', *, *, #1063, .T. ) ;
#2687 = DIRECTION ( 'NONE',  ( 1.000000000000000000, 0.000000000000000000, -0.000000000000000000 ) ) ;
#2688 = CARTESIAN_POINT ( 'NONE',  ( 0.000000000000000000, 3.900000000000037215, 2.010912703474011742 ) ) ;
#2689 = VECTOR ( 'NONE', #3222, 1000.000000000000114 ) ;
#2690 = PLANE ( 'NONE',  #1604 ) ;
#2691 = ORIENTED_EDGE ( 'NONE', *, *, #1848, .F. ) ;
#2692 = VECTOR ( 'NONE', #986, 1000.000000000000000 ) ;
#2693 = LINE ( 'NONE', #2085, #2689 ) ;
#2694 = VERTEX_POINT ( 'NONE', #3224 ) ;
#2695 = LINE ( 'NONE', #1927, #1634 ) ;
#2696 = AXIS2_PLACEMENT_3D ( 'NONE', #1777, #100, #1234 ) ;
#2697 = PLANE ( 'NONE',  #1150 ) ;
#2698 = DIRECTION ( 'NONE',  ( 0.000000000000000000, 0.000000000000000000, 1.000000000000000000 ) ) ;
#2699 = CARTESIAN_POINT ( 'NONE',  ( 90.00000000000000000, -8.499999999998879119, 3.099999999999790479 ) ) ;
#2700 = ADVANCED_FACE ( 'NONE', ( #1296 ), #693, .F. ) ;
#2701 = EDGE_CURVE ( 'NONE', #3632, #2720, #1214, .T. ) ;
#2702 = VERTEX_POINT ( 'NONE', #2384 ) ;
#2703 = DIRECTION ( 'NONE',  ( -1.000000000000000000, -0.000000000000000000, -0.000000000000000000 ) ) ;
#2704 = CARTESIAN_POINT ( 'NONE',  ( 90.00000000000000000, 9.699999999999981526, 3.400000000000021227 ) ) ;
#2705 = DIRECTION ( 'NONE',  ( 0.000000000000000000, 0.000000000000000000, 1.000000000000000000 ) ) ;
#2706 = EDGE_CURVE ( 'NONE', #1458, #3162, #2458, .T. ) ;
#2707 = VERTEX_POINT ( 'NONE', #2140 ) ;
#2708 = ORIENTED_EDGE ( 'NONE', *, *, #1283, .T. ) ;
#2709 = CARTESIAN_POINT ( 'NONE',  ( 90.00000000000000000, 5.500000000000029310, -6.684924240491753267 ) ) ;
#2710 = CARTESIAN_POINT ( 'NONE',  ( 0.000000000000000000, 3.999999999999949818, 10.00000000000001599 ) ) ;
#2711 = ADVANCED_FACE ( 'NONE', ( #2959, #3529 ), #3247, .F. ) ;
#2712 = VERTEX_POINT ( 'NONE', #2710 ) ;
#2713 = ORIENTED_EDGE ( 'NONE', *, *, #229, .F. ) ;
#2714 = LINE ( 'NONE', #1863, #3412 ) ;
#2715 = CARTESIAN_POINT ( 'NONE',  ( 90.00000000000000000, 8.500000000000008882, -9.999999999999987566 ) ) ;
#2716 = PLANE ( 'NONE',  #657 ) ;
#2717 = ORIENTED_EDGE ( 'NONE', *, *, #2335, .T. ) ;
#2718 = CARTESIAN_POINT ( 'NONE',  ( 90.00000000000000000, -3.399999999999970601, -8.199999999999983302 ) ) ;
#2719 = FACE_OUTER_BOUND ( 'NONE', #2744, .T. ) ;
#2720 = VERTEX_POINT ( 'NONE', #3261 ) ;
#2721 = CARTESIAN_POINT ( 'NONE',  ( 90.00000000000000000, 8.199999999999969091, 5.200000000000017053 ) ) ;
#2722 = ORIENTED_EDGE ( 'NONE', *, *, #2276, .T. ) ;
#2723 = EDGE_CURVE ( 'NONE', #319, #656, #2991, .T. ) ;
#2724 = DIRECTION ( 'NONE',  ( -0.000000000000000000, 0.7071067811865479058, -0.7071067811865472397 ) ) ;
#2725 = CARTESIAN_POINT ( 'NONE',  ( 0.000000000000000000, 5.900000000000034994, -2.010912703473997976 ) ) ;
#2726 = EDGE_LOOP ( 'NONE', ( #1950, #3502, #3206, #2821 ) ) ;
#2727 = DIRECTION ( 'NONE',  ( 1.000000000000000000, 0.000000000000000000, 0.000000000000000000 ) ) ;
#2728 = AXIS2_PLACEMENT_3D ( 'NONE', #3479, #84, #1798 ) ;
#2729 = DIRECTION ( 'NONE',  ( 1.000000000000000000, 0.000000000000000000, 0.000000000000000000 ) ) ;
#2730 = ORIENTED_EDGE ( 'NONE', *, *, #3370, .T. ) ;
#2731 = FACE_OUTER_BOUND ( 'NONE', #1515, .T. ) ;
#2732 = ORIENTED_EDGE ( 'NONE', *, *, #1258, .F. ) ;
#2733 = AXIS2_PLACEMENT_3D ( 'NONE', #78, #916, #593 ) ;
#2734 = CARTESIAN_POINT ( 'NONE',  ( 0.000000000000000000, -9.699999999998500044, -3.400000000000173550 ) ) ;
#2735 = VECTOR ( 'NONE', #663, 1000.000000000000000 ) ;
#2736 = ORIENTED_EDGE ( 'NONE', *, *, #2751, .T. ) ;
#2737 = CARTESIAN_POINT ( 'NONE',  ( 90.00000000000000000, -9.699999999999148415, 3.699999999999788347 ) ) ;
#2738 = VECTOR ( 'NONE', #3245, 1000.000000000000000 ) ;
#2739 = VECTOR ( 'NONE', #1865, 1000.000000000000000 ) ;
#2740 = ORIENTED_EDGE ( 'NONE', *, *, #2000, .F. ) ;
#2741 = CARTESIAN_POINT ( 'NONE',  ( 0.000000000000000000, -2.010912703473975327, -5.900000000000023448 ) ) ;
#2742 = DIRECTION ( 'NONE',  ( -1.000000000000000000, -0.000000000000000000, 0.000000000000000000 ) ) ;
#2743 = AXIS2_PLACEMENT_3D ( 'NONE', #2431, #472, #3580 ) ;
#2744 = EDGE_LOOP ( 'NONE', ( #2708, #3400, #188, #2314 ) ) ;
#2745 = ADVANCED_FACE ( 'NONE', ( #441 ), #1813, .T. ) ;
#2746 = DIRECTION ( 'NONE',  ( -0.000000000000000000, -0.7071067811865472397, -0.7071067811865479058 ) ) ;
#2747 = EDGE_CURVE ( 'NONE', #2546, #2874, #2947, .T. ) ;
#2748 = AXIS2_PLACEMENT_3D ( 'NONE', #351, #277, #3450 ) ;
#2749 = LINE ( 'NONE', #1602, #3407 ) ;
#2750 = EDGE_LOOP ( 'NONE', ( #1015, #3051, #3125, #2842 ) ) ;
#2751 = EDGE_CURVE ( 'NONE', #2694, #944, #2116, .T. ) ;
#2752 = AXIS2_PLACEMENT_3D ( 'NONE', #3404, #1726, #2835 ) ;
#2753 = CARTESIAN_POINT ( 'NONE',  ( 0.000000000000000000, 4.485786437626915202, 3.425126265847095119 ) ) ;
#2754 = EDGE_CURVE ( 'NONE', #2020, #863, #165, .T. ) ;
#2755 = ORIENTED_EDGE ( 'NONE', *, *, #2825, .F. ) ;
#2756 = CARTESIAN_POINT ( 'NONE',  ( 90.00000000000000000, -5.173554257951737496E-14, -2.499999999999964473 ) ) ;
#2757 = ORIENTED_EDGE ( 'NONE', *, *, #1253, .F. ) ;
#2758 = CARTESIAN_POINT ( 'NONE',  ( 0.000000000000000000, 9.099999999999978328, 3.100000000000012523 ) ) ;
#2759 = ORIENTED_EDGE ( 'NONE', *, *, #2594, .T. ) ;
#2760 = LINE ( 'NONE', #1090, #2800 ) ;
#2761 = FACE_OUTER_BOUND ( 'NONE', #478, .T. ) ;
#2762 = EDGE_LOOP ( 'NONE', ( #721, #2678, #3338, #2600 ) ) ;
#2763 = VERTEX_POINT ( 'NONE', #1860 ) ;
#2764 = DIRECTION ( 'NONE',  ( 1.000000000000000000, 0.000000000000000000, -0.000000000000000000 ) ) ;
#2765 = EDGE_CURVE ( 'NONE', #1430, #675, #1228, .T. ) ;
#2766 = CARTESIAN_POINT ( 'NONE',  ( 90.00000000000000000, -5.199999999999971756, -8.199999999999977973 ) ) ;
#2767 = ORIENTED_EDGE ( 'NONE', *, *, #1322, .F. ) ;
#2768 = DIRECTION ( 'NONE',  ( -0.000000000000000000, -0.000000000000000000, 1.000000000000000000 ) ) ;
#2769 = ADVANCED_FACE ( 'NONE', ( #370 ), #1017, .F. ) ;
#2770 = CARTESIAN_POINT ( 'NONE',  ( 0.000000000000000000, -9.999999999999147349, 8.499999999999987566 ) ) ;
#2771 = ORIENTED_EDGE ( 'NONE', *, *, #2217, .F. ) ;
#2772 = CARTESIAN_POINT ( 'NONE',  ( 90.00000000000000000, -8.199999999998505373, -3.400000000000173550 ) ) ;
#2773 = EDGE_LOOP ( 'NONE', ( #1635, #3669, #754, #202 ) ) ;
#2774 = CARTESIAN_POINT ( 'NONE',  ( 0.000000000000000000, -5.499999999999968914, -7.899999999999983480 ) ) ;
#2775 = VERTEX_POINT ( 'NONE', #2370 ) ;
#2776 = DIRECTION ( 'NONE',  ( -1.000000000000000000, -0.000000000000000000, 0.000000000000000000 ) ) ;
#2777 = DIRECTION ( 'NONE',  ( -1.000000000000000000, -0.000000000000000000, -0.000000000000000000 ) ) ;
#2778 = EDGE_LOOP ( 'NONE', ( #1048, #567, #2173, #762 ) ) ;
#2779 = DIRECTION ( 'NONE',  ( 0.000000000000000000, 0.000000000000000000, 1.000000000000000000 ) ) ;
#2780 = PLANE ( 'NONE',  #2622 ) ;
#2781 = AXIS2_PLACEMENT_3D ( 'NONE', #1772, #2899, #293 ) ;
#2782 = ORIENTED_EDGE ( 'NONE', *, *, #2701, .T. ) ;
#2783 = ORIENTED_EDGE ( 'NONE', *, *, #2617, .T. ) ;
#2784 = PLANE ( 'NONE',  #1571 ) ;
#2785 = CIRCLE ( 'NONE', #1304, 1.499999999999997780 ) ;
#2786 = CARTESIAN_POINT ( 'NONE',  ( 0.000000000000000000, 2.010912703473982432, 5.899999999999995914 ) ) ;
#2787 = ORIENTED_EDGE ( 'NONE', *, *, #2872, .T. ) ;
#2788 = EDGE_CURVE ( 'NONE', #1165, #2467, #2660, .T. ) ;
#2789 = LINE ( 'NONE', #1459, #1441 ) ;
#2790 = DIRECTION ( 'NONE',  ( 0.000000000000000000, 0.000000000000000000, 1.000000000000000000 ) ) ;
#2791 = AXIS2_PLACEMENT_3D ( 'NONE', #3433, #3355, #2510 ) ;
#2792 = ADVANCED_FACE ( 'NONE', ( #3513 ), #2086, .T. ) ;
#2793 = VERTEX_POINT ( 'NONE', #1263 ) ;
#2794 = DIRECTION ( 'NONE',  ( 0.000000000000000000, -1.000000000000000000, 0.000000000000000000 ) ) ;
#2795 = ORIENTED_EDGE ( 'NONE', *, *, #1929, .F. ) ;
#2796 = DIRECTION ( 'NONE',  ( 1.000000000000000000, 0.000000000000000000, -0.000000000000000000 ) ) ;
#2797 = AXIS2_PLACEMENT_3D ( 'NONE', #2655, #362, #90 ) ;
#2798 = DIRECTION ( 'NONE',  ( -1.000000000000000000, -0.000000000000000000, -0.000000000000000000 ) ) ;
#2799 = ORIENTED_EDGE ( 'NONE', *, *, #3441, .T. ) ;
#2800 = VECTOR ( 'NONE', #2231, 1000.000000000000000 ) ;
#2801 = VECTOR ( 'NONE', #187, 1000.000000000000000 ) ;
#2802 = DIRECTION ( 'NONE',  ( 1.000000000000000000, 0.000000000000000000, -0.000000000000000000 ) ) ;
#2803 = VECTOR ( 'NONE', #1404, 1000.000000000000000 ) ;
#2804 = DIRECTION ( 'NONE',  ( 1.000000000000000000, 0.000000000000000000, 0.000000000000000000 ) ) ;
#2805 = PRESENTATION_LAYER_ASSIGNMENT (  '', '', ( #1569 ) ) ;
#2806 = ORIENTED_EDGE ( 'NONE', *, *, #3441, .F. ) ;
#2807 = VERTEX_POINT ( 'NONE', #2404 ) ;
#2808 = CARTESIAN_POINT ( 'NONE',  ( 90.00000000000000000, -3.425126265847115548, 4.485786437626832601 ) ) ;
#2809 = CARTESIAN_POINT ( 'NONE',  ( 90.00000000000000000, 8.500000000000008882, -9.999999999999987566 ) ) ;
#2810 = ORIENTED_EDGE ( 'NONE', *, *, #939, .T. ) ;
#2811 = FACE_OUTER_BOUND ( 'NONE', #1332, .T. ) ;
#2812 = DIRECTION ( 'NONE',  ( -1.000000000000000000, -0.000000000000000000, -0.000000000000000000 ) ) ;
#2813 = AXIS2_PLACEMENT_3D ( 'NONE', #2972, #423, #1566 ) ;
#2814 = EDGE_CURVE ( 'NONE', #2966, #1106, #921, .T. ) ;
#2815 = EDGE_CURVE ( 'NONE', #1741, #1501, #2695, .T. ) ;
#2816 = ORIENTED_EDGE ( 'NONE', *, *, #775, .F. ) ;
#2817 = CARTESIAN_POINT ( 'NONE',  ( 90.00000000000000000, 3.100000000000022737, -8.499999999999987566 ) ) ;
#2818 = LINE ( 'NONE', #586, #910 ) ;
#2819 = CARTESIAN_POINT ( 'NONE',  ( 90.00000000000000000, 8.199999999999997513, -3.399999999999993250 ) ) ;
#2820 = EDGE_CURVE ( 'NONE', #1406, #3506, #1219, .T. ) ;
#2821 = ORIENTED_EDGE ( 'NONE', *, *, #390, .T. ) ;
#2822 = EDGE_CURVE ( 'NONE', #167, #3522, #2519, .T. ) ;
#2823 = CARTESIAN_POINT ( 'NONE',  ( 90.00000000000000000, 5.200000000000029488, -8.199999999999979750 ) ) ;
#2824 = CARTESIAN_POINT ( 'NONE',  ( 90.00000000000000000, 8.499999999999982236, 3.100000000000008971 ) ) ;
#2825 = EDGE_CURVE ( 'NONE', #1557, #98, #1452, .T. ) ;
#2826 = DIRECTION ( 'NONE',  ( 1.000000000000000000, 0.000000000000000000, 0.000000000000000000 ) ) ;
#2827 = ORIENTED_EDGE ( 'NONE', *, *, #2815, .F. ) ;
#2828 = DIRECTION ( 'NONE',  ( 0.000000000000000000, 0.000000000000000000, 1.000000000000000000 ) ) ;
#2829 = DIRECTION ( 'NONE',  ( 0.000000000000000000, 0.000000000000000000, 1.000000000000000000 ) ) ;
#2830 = CARTESIAN_POINT ( 'NONE',  ( 90.00000000000000000, -3.399999999999386180, 9.099999999999837996 ) ) ;
#2831 = CARTESIAN_POINT ( 'NONE',  ( 90.00000000000000000, -5.899999999998859046, 2.010912703473775931 ) ) ;
#2832 = ORIENTED_EDGE ( 'NONE', *, *, #3264, .T. ) ;
#2833 = CARTESIAN_POINT ( 'NONE',  ( 0.000000000000000000, -3.399999999999970601, -8.199999999999983302 ) ) ;
#2834 = PLANE ( 'NONE',  #3540 ) ;
#2835 = DIRECTION ( 'NONE',  ( 0.000000000000000000, 0.000000000000000000, 1.000000000000000000 ) ) ;
#2836 = ORIENTED_EDGE ( 'NONE', *, *, #3430, .T. ) ;
#2837 = ADVANCED_FACE ( 'NONE', ( #2761 ), #180, .F. ) ;
#2838 = DIRECTION ( 'NONE',  ( 0.000000000000000000, 0.000000000000000000, 1.000000000000000000 ) ) ;
#2839 = CARTESIAN_POINT ( 'NONE',  ( 0.000000000000000000, 9.700000000000002842, -3.699999999999973976 ) ) ;
#2840 = CARTESIAN_POINT ( 'NONE',  ( 90.00000000000000000, 4.485786437626941847, -3.425126265847088014 ) ) ;
#2841 = ORIENTED_EDGE ( 'NONE', *, *, #2765, .F. ) ;
#2842 = ORIENTED_EDGE ( 'NONE', *, *, #1947, .T. ) ;
#2843 = CARTESIAN_POINT ( 'NONE',  ( 0.000000000000000000, 5.199999999999966427, 7.899999999999969269 ) ) ;
#2844 = CARTESIAN_POINT ( 'NONE',  ( 90.00000000000000000, -8.199999999998881961, 5.199999999999795008 ) ) ;
#2845 = ORIENTED_EDGE ( 'NONE', *, *, #2290, .T. ) ;
#2846 = DIRECTION ( 'NONE',  ( -1.000000000000000000, -0.000000000000000000, -0.000000000000000000 ) ) ;
#2847 = DIRECTION ( 'NONE',  ( -0.000000000000000000, -0.000000000000000000, -1.000000000000000000 ) ) ;
#2848 = ORIENTED_EDGE ( 'NONE', *, *, #3049, .T. ) ;
#2849 = AXIS2_PLACEMENT_3D ( 'NONE', #207, #2171, #1357 ) ;
#2850 = DIRECTION ( 'NONE',  ( 0.000000000000000000, 0.000000000000000000, 1.000000000000000000 ) ) ;
#2851 = CYLINDRICAL_SURFACE ( 'NONE', #2933, 2.500000000000016431 ) ;
#2852 = LINE ( 'NONE', #570, #3155 ) ;
#2853 = VECTOR ( 'NONE', #86, 1000.000000000000000 ) ;
#2854 = VERTEX_POINT ( 'NONE', #2469 ) ;
#2855 = ORIENTED_EDGE ( 'NONE', *, *, #2124, .F. ) ;
#2856 = VECTOR ( 'NONE', #3612, 1000.000000000000000 ) ;
#2857 = CARTESIAN_POINT ( 'NONE',  ( 90.00000000000000000, -3.399999999999282263, 8.200000000000297717 ) ) ;
#2858 = DIRECTION ( 'NONE',  ( -0.000000000000000000, 0.000000000000000000, 1.000000000000000000 ) ) ;
#2859 = EDGE_CURVE ( 'NONE', #789, #2597, #473, .T. ) ;
#2860 = FACE_OUTER_BOUND ( 'NONE', #36, .T. ) ;
#2861 = VERTEX_POINT ( 'NONE', #3651 ) ;
#2862 = ORIENTED_EDGE ( 'NONE', *, *, #2479, .F. ) ;
#2863 = AXIS2_PLACEMENT_3D ( 'NONE', #2518, #28, #3178 ) ;
#2864 = CARTESIAN_POINT ( 'NONE',  ( 90.00000000000000000, 9.399999999999986144, 3.400000000000021227 ) ) ;
#2865 = ADVANCED_FACE ( 'NONE', ( #3615 ), #493, .F. ) ;
#2866 = DIRECTION ( 'NONE',  ( 0.000000000000000000, 0.000000000000000000, 1.000000000000000000 ) ) ;
#2867 = VERTEX_POINT ( 'NONE', #1052 ) ;
#2868 = VECTOR ( 'NONE', #1693, 1000.000000000000000 ) ;
#2869 = CARTESIAN_POINT ( 'NONE',  ( 0.000000000000000000, -3.399999999999386180, 9.099999999999837996 ) ) ;
#2870 = CARTESIAN_POINT ( 'NONE',  ( 0.000000000000000000, -9.999999999999138467, 8.499999999999987566 ) ) ;
#2871 = CIRCLE ( 'NONE', #3240, 0.2999999999999947153 ) ;
#2872 = EDGE_CURVE ( 'NONE', #256, #2712, #3366, .T. ) ;
#2873 = VECTOR ( 'NONE', #1991, 1000.000000000000000 ) ;
#2874 = VERTEX_POINT ( 'NONE', #1639 ) ;
#2875 = CARTESIAN_POINT ( 'NONE',  ( 0.000000000000000000, 4.485786437626941847, -3.425126265847088014 ) ) ;
#2876 = CARTESIAN_POINT ( 'NONE',  ( 90.00000000000000000, -5.412132034355992438, 6.472792206135689952 ) ) ;
#2877 = CARTESIAN_POINT ( 'NONE',  ( 90.00000000000000000, 2.010912703474030838, -3.900000000000021672 ) ) ;
#2878 = AXIS2_PLACEMENT_3D ( 'NONE', #2233, #3008, #254 ) ;
#2879 = ORIENTED_EDGE ( 'NONE', *, *, #29, .F. ) ;
#2880 = ORIENTED_EDGE ( 'NONE', *, *, #3049, .F. ) ;
#2881 = CARTESIAN_POINT ( 'NONE',  ( 0.000000000000000000, 7.900000000000005684, -5.199999999999989519 ) ) ;
#2882 = DIRECTION ( 'NONE',  ( -0.000000000000000000, -1.000000000000000000, -0.000000000000000000 ) ) ;
#2883 = CARTESIAN_POINT ( 'NONE',  ( 90.00000000000000000, 5.412132034355994215, -6.472792206135786763 ) ) ;
#2884 = ORIENTED_EDGE ( 'NONE', *, *, #1461, .T. ) ;
#2885 = ORIENTED_EDGE ( 'NONE', *, *, #2000, .T. ) ;
#2886 = PLANE ( 'NONE',  #980 ) ;
#2887 = ADVANCED_FACE ( 'NONE', ( #1368 ), #1091, .F. ) ;
#2888 = VERTEX_POINT ( 'NONE', #1653 ) ;
#2889 = FACE_OUTER_BOUND ( 'NONE', #2041, .T. ) ;
#2890 = CARTESIAN_POINT ( 'NONE',  ( 90.00000000000000000, -9.099999999998885869, 3.099999999999794031 ) ) ;
#2891 = EDGE_CURVE ( 'NONE', #1343, #595, #756, .T. ) ;
#2892 = ORIENTED_EDGE ( 'NONE', *, *, #3563, .T. ) ;
#2893 = DIRECTION ( 'NONE',  ( -0.000000000000000000, -0.7071067811865472397, -0.7071067811865479058 ) ) ;
#2894 = EDGE_CURVE ( 'NONE', #274, #2502, #232, .T. ) ;
#2895 = DIRECTION ( 'NONE',  ( 1.000000000000000000, 0.000000000000000000, 0.000000000000000000 ) ) ;
#2896 = CYLINDRICAL_SURFACE ( 'NONE', #2752, 0.2999999999999947153 ) ;
#2897 = ORIENTED_EDGE ( 'NONE', *, *, #3547, .F. ) ;
#2898 = VERTEX_POINT ( 'NONE', #1878 ) ;
#2899 = DIRECTION ( 'NONE',  ( 1.000000000000000000, 0.000000000000000000, -0.000000000000000000 ) ) ;
#2900 = FACE_OUTER_BOUND ( 'NONE', #2513, .T. ) ;
#2901 = DIRECTION ( 'NONE',  ( 0.000000000000000000, 0.000000000000000000, -1.000000000000000000 ) ) ;
#2902 = ORIENTED_EDGE ( 'NONE', *, *, #571, .T. ) ;
#2903 = ORIENTED_EDGE ( 'NONE', *, *, #3347, .F. ) ;
#2904 = ORIENTED_EDGE ( 'NONE', *, *, #161, .T. ) ;
#2905 = DIRECTION ( 'NONE',  ( 0.000000000000000000, 0.000000000000000000, 1.000000000000000000 ) ) ;
#2906 = ORIENTED_EDGE ( 'NONE', *, *, #435, .F. ) ;
#2907 = LINE ( 'NONE', #341, #2919 ) ;
#2908 = EDGE_CURVE ( 'NONE', #2597, #2559, #3551, .T. ) ;
#2909 = VERTEX_POINT ( 'NONE', #2211 ) ;
#2910 = FACE_OUTER_BOUND ( 'NONE', #2120, .T. ) ;
#2911 = CIRCLE ( 'NONE', #3082, 0.2999999999999947153 ) ;
#2912 = DIRECTION ( 'NONE',  ( 0.000000000000000000, 0.000000000000000000, -1.000000000000000000 ) ) ;
#2913 = CARTESIAN_POINT ( 'NONE',  ( 90.00000000000000000, 6.684924240491775471, -5.499999999999984013 ) ) ;
#2914 = EDGE_CURVE ( 'NONE', #1406, #2470, #812, .T. ) ;
#2915 = ORIENTED_EDGE ( 'NONE', *, *, #1119, .T. ) ;
#2916 = ORIENTED_EDGE ( 'NONE', *, *, #3610, .T. ) ;
#2917 = EDGE_CURVE ( 'NONE', #806, #3019, #1034, .T. ) ;
#2918 = DIRECTION ( 'NONE',  ( 1.000000000000000000, 0.000000000000000000, -0.000000000000000000 ) ) ;
#2919 = VECTOR ( 'NONE', #2363, 1000.000000000000000 ) ;
#2920 = CARTESIAN_POINT ( 'NONE',  ( 90.00000000000000000, -5.173554257951737496E-14, -2.499999999999964473 ) ) ;
#2921 = AXIS2_PLACEMENT_3D ( 'NONE', #1133, #3387, #1428 ) ;
#2922 = CARTESIAN_POINT ( 'NONE',  ( 90.00000000000000000, -8.499999999998507860, -3.400000000000173550 ) ) ;
#2923 = EDGE_LOOP ( 'NONE', ( #2350, #2060, #2633, #1045 ) ) ;
#2924 = ORIENTED_EDGE ( 'NONE', *, *, #3243, .T. ) ;
#2925 = ORIENTED_EDGE ( 'NONE', *, *, #820, .F. ) ;
#2926 = CARTESIAN_POINT ( 'NONE',  ( 90.00000000000000000, 8.200000000000001066, -3.399999999999993250 ) ) ;
#2927 = VECTOR ( 'NONE', #2365, 1000.000000000000000 ) ;
#2928 =( NAMED_UNIT ( * ) SI_UNIT ( $, .STERADIAN. ) SOLID_ANGLE_UNIT ( ) );
#2929 = EDGE_LOOP ( 'NONE', ( #3673, #72, #3448, #1637 ) ) ;
#2930 = CARTESIAN_POINT ( 'NONE',  ( 90.00000000000000000, -3.899999999998857714, -2.010912703474289298 ) ) ;
#2931 = CIRCLE ( 'NONE', #3037, 0.2999999999999947153 ) ;
#2932 = AXIS2_PLACEMENT_3D ( 'NONE', #2830, #2283, #284 ) ;
#2933 = AXIS2_PLACEMENT_3D ( 'NONE', #3099, #2022, #885 ) ;
#2934 = EDGE_LOOP ( 'NONE', ( #2892, #2713, #2125, #106 ) ) ;
#2935 = VERTEX_POINT ( 'NONE', #1671 ) ;
#2936 = DIRECTION ( 'NONE',  ( -0.000000000000000000, -1.000000000000000000, -0.000000000000000000 ) ) ;
#2937 = CIRCLE ( 'NONE', #1323, 1.999999999999999556 ) ;
#2938 = ADVANCED_FACE ( 'NONE', ( #458 ), #3672, .F. ) ;
#2939 = CARTESIAN_POINT ( 'NONE',  ( 0.000000000000000000, -9.099999999998503952, -3.400000000000173550 ) ) ;
#2940 = LINE ( 'NONE', #3526, #2614 ) ;
#2941 = EDGE_CURVE ( 'NONE', #948, #65, #3246, .T. ) ;
#2942 = AXIS2_PLACEMENT_3D ( 'NONE', #1512, #151, #3296 ) ;
#2943 = VERTEX_POINT ( 'NONE', #513 ) ;
#2944 = EDGE_CURVE ( 'NONE', #744, #2587, #2599, .T. ) ;
#2945 = CARTESIAN_POINT ( 'NONE',  ( 0.000000000000000000, -3.399999999999292477, 9.699999999999826983 ) ) ;
#2946 = CIRCLE ( 'NONE', #1821, 0.3000000000000059841 ) ;
#2947 = LINE ( 'NONE', #111, #2293 ) ;
#2948 = DIRECTION ( 'NONE',  ( 0.000000000000000000, 0.000000000000000000, 1.000000000000000000 ) ) ;
#2949 = VERTEX_POINT ( 'NONE', #1711 ) ;
#2950 = ORIENTED_EDGE ( 'NONE', *, *, #2111, .F. ) ;
#2951 = EDGE_CURVE ( 'NONE', #525, #2491, #2461, .T. ) ;
#2952 = FACE_OUTER_BOUND ( 'NONE', #2255, .T. ) ;
#2953 = CARTESIAN_POINT ( 'NONE',  ( 90.00000000000000000, -3.699999999998355715, -9.700000000000201794 ) ) ;
#2954 = ORIENTED_EDGE ( 'NONE', *, *, #3142, .T. ) ;
#2955 = DIRECTION ( 'NONE',  ( 0.000000000000000000, 0.000000000000000000, -1.000000000000000000 ) ) ;
#2956 = DIRECTION ( 'NONE',  ( -1.000000000000000000, -0.000000000000000000, -0.000000000000000000 ) ) ;
#2957 = CARTESIAN_POINT ( 'NONE',  ( 0.000000000000000000, -3.099999999999386358, 9.099999999999837996 ) ) ;
#2958 = CARTESIAN_POINT ( 'NONE',  ( 90.00000000000000000, -9.699999999998507150, -4.000000000000163425 ) ) ;
#2959 = FACE_OUTER_BOUND ( 'NONE', #596, .T. ) ;
#2960 = ADVANCED_FACE ( 'NONE', ( #347 ), #2896, .T. ) ;
#2961 = EDGE_LOOP ( 'NONE', ( #1879, #1539, #645, #1594 ) ) ;
#2962 = DIRECTION ( 'NONE',  ( -1.000000000000000000, -0.000000000000000000, -0.000000000000000000 ) ) ;
#2963 = FILL_AREA_STYLE ('',( #1835 ) ) ;
#2964 = CARTESIAN_POINT ( 'NONE',  ( 90.00000000000000000, 2.010912703473982877, 3.899999999999978595 ) ) ;
#2965 = EDGE_LOOP ( 'NONE', ( #120, #2159, #1958, #578 ) ) ;
#2966 = VERTEX_POINT ( 'NONE', #2877 ) ;
#2967 = CARTESIAN_POINT ( 'NONE',  ( 90.00000000000000000, 9.099999999999978328, 3.100000000000012523 ) ) ;
#2968 = LINE ( 'NONE', #2101, #615 ) ;
#2969 = LINE ( 'NONE', #438, #3578 ) ;
#2970 = AXIS2_PLACEMENT_3D ( 'NONE', #37, #350, #1698 ) ;
#2971 = DIRECTION ( 'NONE',  ( 0.000000000000000000, 0.000000000000000000, 1.000000000000000000 ) ) ;
#2972 = CARTESIAN_POINT ( 'NONE',  ( 90.00000000000000000, 2.010912703474030838, -5.900000000000023448 ) ) ;
#2973 = AXIS2_PLACEMENT_3D ( 'NONE', #101, #2681, #2316 ) ;
#2974 = VERTEX_POINT ( 'NONE', #1484 ) ;
#2975 = DIRECTION ( 'NONE',  ( -0.000000000000000000, -0.000000000000000000, 1.000000000000000000 ) ) ;
#2976 = ADVANCED_FACE ( 'NONE', ( #886 ), #289, .F. ) ;
#2977 = VECTOR ( 'NONE', #1650, 1000.000000000000000 ) ;
#2978 = FACE_OUTER_BOUND ( 'NONE', #610, .T. ) ;
#2979 = CIRCLE ( 'NONE', #2337, 1.499999999999997780 ) ;
#2980 = ADVANCED_FACE ( 'NONE', ( #2326 ), #1420, .F. ) ;
#2981 = CARTESIAN_POINT ( 'NONE',  ( 90.00000000000000000, 7.900000000000005684, -5.499999999999984013 ) ) ;
#2982 = AXIS2_PLACEMENT_3D ( 'NONE', #2945, #1280, #3527 ) ;
#2983 = VERTEX_POINT ( 'NONE', #3465 ) ;
#2984 = CYLINDRICAL_SURFACE ( 'NONE', #604, 0.3000000000000033751 ) ;
#2985 = EDGE_CURVE ( 'NONE', #1392, #3343, #331, .T. ) ;
#2986 = FACE_OUTER_BOUND ( 'NONE', #1916, .T. ) ;
#2987 = AXIS2_PLACEMENT_3D ( 'NONE', #2122, #664, #388 ) ;
#2988 = DIRECTION ( 'NONE',  ( 0.000000000000000000, 0.000000000000000000, -1.000000000000000000 ) ) ;
#2989 = AXIS2_PLACEMENT_3D ( 'NONE', #1805, #2381, #3525 ) ;
#2990 = DIRECTION ( 'NONE',  ( 0.000000000000000000, -1.000000000000000000, 0.000000000000000000 ) ) ;
#2991 = LINE ( 'NONE', #1844, #1817 ) ;
#2992 = VECTOR ( 'NONE', #3354, 1000.000000000000000 ) ;
#2993 = EDGE_LOOP ( 'NONE', ( #2442, #2083, #1898, #1712 ) ) ;
#2994 = AXIS2_PLACEMENT_3D ( 'NONE', #201, #1311, #2180 ) ;
#2995 = LINE ( 'NONE', #1547, #3048 ) ;
#2996 = DIRECTION ( 'NONE',  ( 0.000000000000000000, 0.000000000000000000, 1.000000000000000000 ) ) ;
#2997 = ORIENTED_EDGE ( 'NONE', *, *, #2164, .F. ) ;
#2998 = EDGE_CURVE ( 'NONE', #3253, #656, #1446, .T. ) ;
#2999 = CARTESIAN_POINT ( 'NONE',  ( 90.00000000000000000, -6.684924240490266456, -5.500000000000119904 ) ) ;
#3000 = EDGE_CURVE ( 'NONE', #1934, #3095, #908, .T. ) ;
#3001 = DIRECTION ( 'NONE',  ( -0.000000000000000000, -0.000000000000000000, -1.000000000000000000 ) ) ;
#3002 = CARTESIAN_POINT ( 'NONE',  ( 0.000000000000000000, -6.684924240490506264, -5.200000000000113864 ) ) ;
#3003 = CARTESIAN_POINT ( 'NONE',  ( 0.000000000000000000, -9.999999999999147349, 3.999999999999788614 ) ) ;
#3004 = ORIENTED_EDGE ( 'NONE', *, *, #1359, .T. ) ;
#3005 = ORIENTED_EDGE ( 'NONE', *, *, #2825, .T. ) ;
#3006 = CARTESIAN_POINT ( 'NONE',  ( 90.00000000000000000, -3.399999999999970601, -8.199999999999977973 ) ) ;
#3007 = CARTESIAN_POINT ( 'NONE',  ( 0.000000000000000000, 6.684924240491772807, -5.199999999999989519 ) ) ;
#3008 = DIRECTION ( 'NONE',  ( -1.000000000000000000, -0.000000000000000000, -0.000000000000000000 ) ) ;
#3009 = ORIENTED_EDGE ( 'NONE', *, *, #471, .F. ) ;
#3010 = DIRECTION ( 'NONE',  ( 0.000000000000000000, 0.000000000000000000, 1.000000000000000000 ) ) ;
#3011 = DIRECTION ( 'NONE',  ( 0.000000000000000000, 0.000000000000000000, -1.000000000000000000 ) ) ;
#3012 = VERTEX_POINT ( 'NONE', #2819 ) ;
#3013 = LINE ( 'NONE', #2462, #2262 ) ;
#3014 = ORIENTED_EDGE ( 'NONE', *, *, #2058, .T. ) ;
#3015 = LINE ( 'NONE', #1920, #1314 ) ;
#3016 = EDGE_CURVE ( 'NONE', #2546, #501, #2946, .T. ) ;
#3017 = ORIENTED_EDGE ( 'NONE', *, *, #340, .F. ) ;
#3018 = CARTESIAN_POINT ( 'NONE',  ( 0.000000000000000000, 8.199999999999969091, 5.200000000000017053 ) ) ;
#3019 = VERTEX_POINT ( 'NONE', #1206 ) ;
#3020 = CARTESIAN_POINT ( 'NONE',  ( 90.00000000000000000, -8.499999999998504308, -10.00000000000019362 ) ) ;
#3021 = DIRECTION ( 'NONE',  ( 0.000000000000000000, 0.000000000000000000, 1.000000000000000000 ) ) ;
#3022 = EDGE_CURVE ( 'NONE', #796, #3253, #3457, .T. ) ;
#3023 = VECTOR ( 'NONE', #715, 1000.000000000000000 ) ;
#3024 = FACE_OUTER_BOUND ( 'NONE', #694, .T. ) ;
#3025 = CIRCLE ( 'NONE', #892, 0.2999999999999947153 ) ;
#3026 = DIRECTION ( 'NONE',  ( -1.000000000000000000, 0.000000000000000000, -0.000000000000000000 ) ) ;
#3027 = ORIENTED_EDGE ( 'NONE', *, *, #3319, .T. ) ;
#3028 = AXIS2_PLACEMENT_3D ( 'NONE', #708, #2729, #205 ) ;
#3029 = CARTESIAN_POINT ( 'NONE',  ( 0.000000000000000000, 5.499999999999968026, 7.899999999999969269 ) ) ;
#3030 = ADVANCED_BREP_SHAPE_REPRESENTATION ( '松土型材支架', ( #2141, #2728 ), #1608 ) ;
#3031 = ORIENTED_EDGE ( 'NONE', *, *, #3374, .F. ) ;
#3032 = VECTOR ( 'NONE', #1969, 1000.000000000000000 ) ;
#3033 = LINE ( 'NONE', #3288, #2445 ) ;
#3034 = EDGE_LOOP ( 'NONE', ( #1172, #1330 ) ) ;
#3035 = CARTESIAN_POINT ( 'NONE',  ( 90.00000000000000000, -7.899999999998505551, -5.200000000000113864 ) ) ;
#3036 = ADVANCED_FACE ( 'NONE', ( #2045 ), #3160, .T. ) ;
#3037 = AXIS2_PLACEMENT_3D ( 'NONE', #823, #3380, #2303 ) ;
#3038 = CIRCLE ( 'NONE', #2093, 0.2999999999999045097 ) ;
#3039 = ORIENTED_EDGE ( 'NONE', *, *, #2205, .T. ) ;
#3040 = CARTESIAN_POINT ( 'NONE',  ( 90.00000000000000000, 7.900000000000005684, -5.499999999999984013 ) ) ;
#3041 = ADVANCED_FACE ( 'NONE', ( #870 ), #2292, .F. ) ;
#3042 = CARTESIAN_POINT ( 'NONE',  ( 90.00000000000000000, -9.699999999998500044, -3.400000000000173550 ) ) ;
#3043 = CIRCLE ( 'NONE', #1684, 0.2999999999999877764 ) ;
#3044 = ORIENTED_EDGE ( 'NONE', *, *, #1642, .F. ) ;
#3045 = EDGE_CURVE ( 'NONE', #2763, #1293, #2852, .T. ) ;
#3046 = VECTOR ( 'NONE', #1518, 1000.000000000000000 ) ;
#3047 = CARTESIAN_POINT ( 'NONE',  ( 90.00000000000000000, 5.900000000000021672, 2.010912703474011742 ) ) ;
#3048 = VECTOR ( 'NONE', #3300, 1000.000000000000000 ) ;
#3049 = EDGE_CURVE ( 'NONE', #2491, #2935, #3184, .T. ) ;
#3050 = DIRECTION ( 'NONE',  ( -1.000000000000000000, -0.000000000000000000, -0.000000000000000000 ) ) ;
#3051 = ORIENTED_EDGE ( 'NONE', *, *, #998, .F. ) ;
#3052 = DIRECTION ( 'NONE',  ( -1.000000000000000000, -0.000000000000000000, -0.000000000000000000 ) ) ;
#3053 = VERTEX_POINT ( 'NONE', #2005 ) ;
#3054 = DIRECTION ( 'NONE',  ( 0.000000000000000000, -1.000000000000000000, 0.000000000000000000 ) ) ;
#3055 = EDGE_LOOP ( 'NONE', ( #519, #2150, #2090, #1411 ) ) ;
#3056 = ORIENTED_EDGE ( 'NONE', *, *, #2006, .F. ) ;
#3057 = CYLINDRICAL_SURFACE ( 'NONE', #3164, 1.999999999999809264 ) ;
#3058 = VERTEX_POINT ( 'NONE', #609 ) ;
#3059 = DIRECTION ( 'NONE',  ( -1.000000000000000000, -0.000000000000000000, -0.000000000000000000 ) ) ;
#3060 = DIRECTION ( 'NONE',  ( 0.000000000000000000, 0.000000000000000000, 1.000000000000000000 ) ) ;
#3061 = EDGE_LOOP ( 'NONE', ( #2305, #1606, #3098, #336 ) ) ;
#3062 = ORIENTED_EDGE ( 'NONE', *, *, #3468, .F. ) ;
#3063 = LINE ( 'NONE', #2824, #3659 ) ;
#3064 = EDGE_CURVE ( 'NONE', #2763, #2606, #2200, .T. ) ;
#3065 = DIRECTION ( 'NONE',  ( 1.000000000000000000, 0.000000000000000000, -0.000000000000000000 ) ) ;
#3066 = ORIENTED_EDGE ( 'NONE', *, *, #3148, .F. ) ;
#3067 = ORIENTED_EDGE ( 'NONE', *, *, #1658, .T. ) ;
#3068 = EDGE_CURVE ( 'NONE', #402, #2702, #2911, .T. ) ;
#3069 = DIRECTION ( 'NONE',  ( -0.000000000000000000, 0.7071067811865474617, 0.7071067811865474617 ) ) ;
#3070 = ORIENTED_EDGE ( 'NONE', *, *, #2951, .F. ) ;
#3071 = CARTESIAN_POINT ( 'NONE',  ( 0.000000000000000000, 9.100000000000004974, -3.099999999999984546 ) ) ;
#3072 = CARTESIAN_POINT ( 'NONE',  ( 90.00000000000000000, -5.499999999999971578, -6.684924240491753267 ) ) ;
#3073 = VERTEX_POINT ( 'NONE', #160 ) ;
#3074 = DIRECTION ( 'NONE',  ( 0.000000000000000000, 0.000000000000000000, 1.000000000000000000 ) ) ;
#3075 = ORIENTED_EDGE ( 'NONE', *, *, #3377, .T. ) ;
#3076 = FACE_OUTER_BOUND ( 'NONE', #1666, .T. ) ;
#3077 = DIRECTION ( 'NONE',  ( 1.000000000000000000, 0.000000000000000000, -0.000000000000000000 ) ) ;
#3078 = ORIENTED_EDGE ( 'NONE', *, *, #1592, .F. ) ;
#3079 = CARTESIAN_POINT ( 'NONE',  ( 0.000000000000000000, -3.399999999999339106, 9.399999999999835154 ) ) ;
#3080 = ORIENTED_EDGE ( 'NONE', *, *, #2126, .T. ) ;
#3081 = DIRECTION ( 'NONE',  ( -1.000000000000000000, 0.000000000000000000, -0.000000000000000000 ) ) ;
#3082 = AXIS2_PLACEMENT_3D ( 'NONE', #2308, #2104, #2705 ) ;
#3083 = ORIENTED_EDGE ( 'NONE', *, *, #2941, .F. ) ;
#3085 = ORIENTED_EDGE ( 'NONE', *, *, #961, .T. ) ;
#3084 = EDGE_CURVE ( 'NONE', #3136, #860, #1225, .T. ) ;
#3086 = CARTESIAN_POINT ( 'NONE',  ( 90.00000000000000000, -9.999999999998504308, -4.000000000000163425 ) ) ;
#3087 = EDGE_CURVE ( 'NONE', #595, #2712, #3218, .T. ) ;
#3088 = AXIS2_PLACEMENT_3D ( 'NONE', #3455, #3231, #3518 ) ;
#3089 = CARTESIAN_POINT ( 'NONE',  ( 90.00000000000000000, -8.499999999998879119, 3.099999999999790479 ) ) ;
#3090 = CARTESIAN_POINT ( 'NONE',  ( 90.00000000000000000, 6.684924240491734615, 5.500000000000008882 ) ) ;
#3091 = DIRECTION ( 'NONE',  ( 0.000000000000000000, 0.000000000000000000, 1.000000000000000000 ) ) ;
#3092 = EDGE_CURVE ( 'NONE', #3147, #3073, #1127, .T. ) ;
#3093 = ADVANCED_FACE ( 'NONE', ( #3561, #3242 ), #146, .T. ) ;
#3094 = CIRCLE ( 'NONE', #3399, 0.3000000000000458966 ) ;
#3095 = VERTEX_POINT ( 'NONE', #1828 ) ;
#3096 = CARTESIAN_POINT ( 'NONE',  ( 0.000000000000000000, -6.472792206134539761, -5.412132034356080368 ) ) ;
#3097 = EDGE_CURVE ( 'NONE', #3287, #2888, #1808, .T. ) ;
#3098 = ORIENTED_EDGE ( 'NONE', *, *, #1002, .F. ) ;
#3099 = CARTESIAN_POINT ( 'NONE',  ( 90.00000000000000000, -5.204170427930421283E-14, 5.204170427930421283E-14 ) ) ;
#3100 = VECTOR ( 'NONE', #225, 1000.000000000000000 ) ;
#3101 = VECTOR ( 'NONE', #449, 1000.000000000000000 ) ;
#3102 = CARTESIAN_POINT ( 'NONE',  ( 90.00000000000000000, -5.412132034355937371, -6.472792206135787652 ) ) ;
#3103 = ORIENTED_EDGE ( 'NONE', *, *, #2523, .F. ) ;
#3104 = AXIS2_PLACEMENT_3D ( 'NONE', #2535, #3682, #1122 ) ;
#3105 = AXIS2_PLACEMENT_3D ( 'NONE', #2629, #1522, #1837 ) ;
#3106 = CARTESIAN_POINT ( 'NONE',  ( 90.00000000000000000, 5.199999999999963762, 8.199999999999963762 ) ) ;
#3107 = DIRECTION ( 'NONE',  ( -1.000000000000000000, -0.000000000000000000, -0.000000000000000000 ) ) ;
#3108 = AXIS2_PLACEMENT_3D ( 'NONE', #2615, #946, #2656 ) ;
#3109 = DIRECTION ( 'NONE',  ( -1.000000000000000000, -0.000000000000000000, -0.000000000000000000 ) ) ;
#3110 = AXIS2_PLACEMENT_3D ( 'NONE', #1224, #2081, #3217 ) ;
#3111 = ORIENTED_EDGE ( 'NONE', *, *, #177, .F. ) ;
#3112 = VERTEX_POINT ( 'NONE', #2957 ) ;
#3113 = DIRECTION ( 'NONE',  ( -1.000000000000000000, -0.000000000000000000, -0.000000000000000000 ) ) ;
#3114 = CIRCLE ( 'NONE', #1921, 0.3000000000000033751 ) ;
#3115 = DIRECTION ( 'NONE',  ( 0.000000000000000000, 0.000000000000000000, 1.000000000000000000 ) ) ;
#3116 = ORIENTED_EDGE ( 'NONE', *, *, #102, .F. ) ;
#3117 = DIRECTION ( 'NONE',  ( 0.000000000000000000, 0.000000000000000000, 1.000000000000000000 ) ) ;
#3118 = CYLINDRICAL_SURFACE ( 'NONE', #2863, 0.3000000000000051514 ) ;
#3119 = AXIS2_PLACEMENT_3D ( 'NONE', #2725, #771, #1891 ) ;
#3120 = EDGE_CURVE ( 'NONE', #98, #2793, #3270, .T. ) ;
#3121 = ORIENTED_EDGE ( 'NONE', *, *, #229, .T. ) ;
#3122 = CARTESIAN_POINT ( 'NONE',  ( 0.000000000000000000, -3.099999999999981437, -9.099999999999990763 ) ) ;
#3123 = LINE ( 'NONE', #2307, #252 ) ;
#3124 = DIRECTION ( 'NONE',  ( 0.000000000000000000, -0.000000000000000000, -1.000000000000000000 ) ) ;
#3125 = ORIENTED_EDGE ( 'NONE', *, *, #2437, .F. ) ;
#3126 = DIRECTION ( 'NONE',  ( -1.000000000000000000, -0.000000000000000000, 0.000000000000000000 ) ) ;
#3127 = CARTESIAN_POINT ( 'NONE',  ( 0.000000000000000000, 9.099999999999978328, 3.100000000000012523 ) ) ;
#3128 = FACE_OUTER_BOUND ( 'NONE', #3516, .T. ) ;
#3129 = EDGE_LOOP ( 'NONE', ( #549, #193, #3190, #2176 ) ) ;
#3130 = VERTEX_POINT ( 'NONE', #2913 ) ;
#3131 = CARTESIAN_POINT ( 'NONE',  ( 90.00000000000000000, -3.399999999999282263, 8.200000000000297717 ) ) ;
#3132 = DIRECTION ( 'NONE',  ( -1.000000000000000000, -0.000000000000000000, -0.000000000000000000 ) ) ;
#3133 = ORIENTED_EDGE ( 'NONE', *, *, #2645, .F. ) ;
#3134 = DIRECTION ( 'NONE',  ( -1.000000000000000000, -0.000000000000000000, -0.000000000000000000 ) ) ;
#3135 = LINE ( 'NONE', #1979, #3167 ) ;
#3136 = VERTEX_POINT ( 'NONE', #1855 ) ;
#3137 = FACE_OUTER_BOUND ( 'NONE', #376, .T. ) ;
#3138 = EDGE_CURVE ( 'NONE', #944, #21, #2969, .T. ) ;
#3139 = CARTESIAN_POINT ( 'NONE',  ( 90.00000000000000000, -8.499999999998504308, -10.00000000000019362 ) ) ;
#3140 = DIRECTION ( 'NONE',  ( -0.000000000000000000, 0.7071067811865474617, 0.7071067811865474617 ) ) ;
#3141 = ORIENTED_EDGE ( 'NONE', *, *, #3068, .T. ) ;
#3142 = EDGE_CURVE ( 'NONE', #653, #3309, #767, .T. ) ;
#3143 = CARTESIAN_POINT ( 'NONE',  ( 0.000000000000000000, 2.010912703474030838, -5.900000000000023448 ) ) ;
#3144 = DIRECTION ( 'NONE',  ( -1.000000000000000000, -0.000000000000000000, -0.000000000000000000 ) ) ;
#3145 = DIRECTION ( 'NONE',  ( 0.000000000000000000, 0.000000000000000000, -1.000000000000000000 ) ) ;
#3146 = EDGE_LOOP ( 'NONE', ( #3683, #2162, #1321, #3228 ) ) ;
#3147 = VERTEX_POINT ( 'NONE', #3489 ) ;
#3148 = EDGE_CURVE ( 'NONE', #944, #2474, #930, .T. ) ;
#3149 = ORIENTED_EDGE ( 'NONE', *, *, #765, .F. ) ;
#3150 = FACE_OUTER_BOUND ( 'NONE', #3194, .T. ) ;
#3151 = CARTESIAN_POINT ( 'NONE',  ( 90.00000000000000000, -3.699999999999290523, 9.699999999999826983 ) ) ;
#3152 = ORIENTED_EDGE ( 'NONE', *, *, #1208, .T. ) ;
#3153 = DIRECTION ( 'NONE',  ( 1.000000000000000000, 0.000000000000000000, 0.000000000000000000 ) ) ;
#3154 = FACE_OUTER_BOUND ( 'NONE', #531, .T. ) ;
#3155 = VECTOR ( 'NONE', #311, 1000.000000000000000 ) ;
#3156 = ORIENTED_EDGE ( 'NONE', *, *, #1832, .T. ) ;
#3157 = AXIS2_PLACEMENT_3D ( 'NONE', #1605, #3607, #3571 ) ;
#3158 = DIRECTION ( 'NONE',  ( -0.000000000000000000, -1.000000000000000000, -0.000000000000000000 ) ) ;
#3159 = FACE_OUTER_BOUND ( 'NONE', #2275, .T. ) ;
#3160 = CYLINDRICAL_SURFACE ( 'NONE', #2677, 0.3000000000000042633 ) ;
#3161 = VECTOR ( 'NONE', #1365, 1000.000000000000000 ) ;
#3162 = VERTEX_POINT ( 'NONE', #2082 ) ;
#3163 = ADVANCED_FACE ( 'NONE', ( #2674 ), #997, .F. ) ;
#3164 = AXIS2_PLACEMENT_3D ( 'NONE', #212, #1924, #1888 ) ;
#3165 = DIRECTION ( 'NONE',  ( 0.000000000000000000, -0.7071067811865479058, -0.7071067811865472397 ) ) ;
#3166 = DIRECTION ( 'NONE',  ( 0.000000000000000000, 0.7071067811865472397, -0.7071067811865479058 ) ) ;
#3167 = VECTOR ( 'NONE', #5, 1000.000000000000000 ) ;
#3168 = EDGE_CURVE ( 'NONE', #2065, #2073, #2940, .T. ) ;
#3169 = CARTESIAN_POINT ( 'NONE',  ( 0.000000000000000000, -8.499999999998500755, -3.100000000000168399 ) ) ;
#3170 = VERTEX_POINT ( 'NONE', #3546 ) ;
#3171 = ORIENTED_EDGE ( 'NONE', *, *, #2917, .T. ) ;
#3172 = CIRCLE ( 'NONE', #2987, 0.2999999999999894973 ) ;
#3173 = DIRECTION ( 'NONE',  ( -1.000000000000000000, -0.000000000000000000, -0.000000000000000000 ) ) ;
#3174 = CARTESIAN_POINT ( 'NONE',  ( 90.00000000000000000, 9.700000000000002842, -3.699999999999973976 ) ) ;
#3175 = ORIENTED_EDGE ( 'NONE', *, *, #349, .F. ) ;
#3176 = CIRCLE ( 'NONE', #3108, 0.2999999999999999334 ) ;
#3177 = CARTESIAN_POINT ( 'NONE',  ( 90.00000000000000000, 8.499999999999932498, 10.00000000000001599 ) ) ;
#3178 = DIRECTION ( 'NONE',  ( 0.000000000000000000, 0.000000000000000000, 1.000000000000000000 ) ) ;
#3179 = VECTOR ( 'NONE', #3113, 1000.000000000000000 ) ;
#3180 = AXIS2_PLACEMENT_3D ( 'NONE', #3047, #1699, #476 ) ;
#3181 = ORIENTED_EDGE ( 'NONE', *, *, #1600, .T. ) ;
#3182 = CARTESIAN_POINT ( 'NONE',  ( 90.00000000000000000, -9.099999999998885869, 3.099999999999790479 ) ) ;
#3183 = CARTESIAN_POINT ( 'NONE',  ( 90.00000000000000000, -3.899999999998857714, 2.010912703473775931 ) ) ;
#3184 = LINE ( 'NONE', #3428, #1896 ) ;
#3185 = ORIENTED_EDGE ( 'NONE', *, *, #3092, .T. ) ;
#3186 = VERTEX_POINT ( 'NONE', #389 ) ;
#3187 = LINE ( 'NONE', #2310, #3633 ) ;
#3188 = DIRECTION ( 'NONE',  ( 0.000000000000000000, -0.000000000000000000, -1.000000000000000000 ) ) ;
#3189 = CARTESIAN_POINT ( 'NONE',  ( 90.00000000000000000, 5.200000000000029488, -7.899999999999983480 ) ) ;
#3190 = ORIENTED_EDGE ( 'NONE', *, *, #3319, .F. ) ;
#3191 = ORIENTED_EDGE ( 'NONE', *, *, #1892, .T. ) ;
#3192 = CARTESIAN_POINT ( 'NONE',  ( 90.00000000000000000, 3.900000000000038547, -2.010912703473998420 ) ) ;
#3193 = ADVANCED_FACE ( 'NONE', ( #2657 ), #364, .F. ) ;
#3194 = EDGE_LOOP ( 'NONE', ( #1701, #2647, #265, #3121 ) ) ;
#3195 = DIRECTION ( 'NONE',  ( 0.000000000000000000, 0.000000000000000000, -1.000000000000000000 ) ) ;
#3196 = CARTESIAN_POINT ( 'NONE',  ( 0.000000000000000000, -3.899999999998855937, 2.010912703473775931 ) ) ;
#3197 = ADVANCED_FACE ( 'NONE', ( #1242 ), #967, .T. ) ;
#3198 = ORIENTED_EDGE ( 'NONE', *, *, #3691, .T. ) ;
#3199 = LINE ( 'NONE', #107, #2735 ) ;
#3200 = LINE ( 'NONE', #647, #196 ) ;
#3201 = CARTESIAN_POINT ( 'NONE',  ( 90.00000000000000000, -9.699999999998500044, -3.700000000000161382 ) ) ;
#3202 = ORIENTED_EDGE ( 'NONE', *, *, #1517, .T. ) ;
#3203 = FACE_OUTER_BOUND ( 'NONE', #2288, .T. ) ;
#3204 = LINE ( 'NONE', #1471, #439 ) ;
#3205 = DIRECTION ( 'NONE',  ( 1.000000000000000000, 0.000000000000000000, -0.000000000000000000 ) ) ;
#3206 = ORIENTED_EDGE ( 'NONE', *, *, #1689, .F. ) ;
#3207 = ORIENTED_EDGE ( 'NONE', *, *, #96, .T. ) ;
#3208 = DIRECTION ( 'NONE',  ( -1.000000000000000000, -0.000000000000000000, -0.000000000000000000 ) ) ;
#3209 = ORIENTED_EDGE ( 'NONE', *, *, #2814, .F. ) ;
#3210 = ADVANCED_FACE ( 'NONE', ( #701 ), #2690, .F. ) ;
#3211 = CARTESIAN_POINT ( 'NONE',  ( 90.00000000000000000, -3.099999999999972555, -9.099999999999990763 ) ) ;
#3212 = ADVANCED_FACE ( 'NONE', ( #3291 ), #2426, .T. ) ;
#3213 = ADVANCED_FACE ( 'NONE', ( #173 ), #1013, .F. ) ;
#3214 = ORIENTED_EDGE ( 'NONE', *, *, #3097, .F. ) ;
#3215 = FACE_OUTER_BOUND ( 'NONE', #2773, .T. ) ;
#3216 = AXIS2_PLACEMENT_3D ( 'NONE', #2580, #35, #1169 ) ;
#3217 = DIRECTION ( 'NONE',  ( 0.000000000000000000, 0.000000000000000000, -1.000000000000000000 ) ) ;
#3218 = LINE ( 'NONE', #1543, #2553 ) ;
#3219 = VECTOR ( 'NONE', #2224, 1000.000000000000000 ) ;
#3220 = VERTEX_POINT ( 'NONE', #3003 ) ;
#3221 = ADVANCED_FACE ( 'NONE', ( #2719 ), #1714, .F. ) ;
#3222 = DIRECTION ( 'NONE',  ( 0.000000000000000000, 0.7071067811865474617, 0.7071067811865474617 ) ) ;
#3223 = AXIS2_PLACEMENT_3D ( 'NONE', #104, #3519, #1251 ) ;
#3224 = CARTESIAN_POINT ( 'NONE',  ( 90.00000000000000000, 5.499999999999968026, 6.684924240491753267 ) ) ;
#3225 = AXIS2_PLACEMENT_3D ( 'NONE', #1396, #3636, #3081 ) ;
#3226 = LINE ( 'NONE', #2356, #1499 ) ;
#3227 = ORIENTED_EDGE ( 'NONE', *, *, #2550, .T. ) ;
#3228 = ORIENTED_EDGE ( 'NONE', *, *, #3562, .T. ) ;
#3229 = DIRECTION ( 'NONE',  ( 0.000000000000000000, 0.000000000000000000, -1.000000000000000000 ) ) ;
#3230 = VECTOR ( 'NONE', #1611, 1000.000000000000000 ) ;
#3231 = DIRECTION ( 'NONE',  ( 0.000000000000000000, -0.7071067811865475727, 0.7071067811865475727 ) ) ;
#3232 = CARTESIAN_POINT ( 'NONE',  ( 90.00000000000000000, -2.010912703474023733, 3.899999999999951950 ) ) ;
#3233 = AXIS2_PLACEMENT_3D ( 'NONE', #3307, #507, #2226 ) ;
#3234 = VECTOR ( 'NONE', #1914, 1000.000000000000000 ) ;
#3235 = VERTEX_POINT ( 'NONE', #2250 ) ;
#3236 = AXIS2_PLACEMENT_3D ( 'NONE', #1890, #1670, #3598 ) ;
#3237 = ORIENTED_EDGE ( 'NONE', *, *, #1548, .F. ) ;
#3238 = ORIENTED_EDGE ( 'NONE', *, *, #1733, .F. ) ;
#3239 = CARTESIAN_POINT ( 'NONE',  ( 90.00000000000000000, 6.684924240491772807, -5.199999999999989519 ) ) ;
#3240 = AXIS2_PLACEMENT_3D ( 'NONE', #2704, #1012, #2828 ) ;
#3241 = DIRECTION ( 'NONE',  ( -1.000000000000000000, -0.000000000000000000, -0.000000000000000000 ) ) ;
#3242 = FACE_BOUND ( 'NONE', #3034, .T. ) ;
#3243 = EDGE_CURVE ( 'NONE', #1949, #923, #2087, .T. ) ;
#3244 = AXIS2_PLACEMENT_3D ( 'NONE', #3657, #3107, #557 ) ;
#3245 = DIRECTION ( 'NONE',  ( -1.000000000000000000, -0.000000000000000000, -0.000000000000000000 ) ) ;
#3246 = CIRCLE ( 'NONE', #3119, 1.999999999999997113 ) ;
#3247 = PLANE ( 'NONE',  #2942 ) ;
#3248 = EDGE_CURVE ( 'NONE', #1293, #1252, #1065, .T. ) ;
#3249 = CARTESIAN_POINT ( 'NONE',  ( 90.00000000000000000, -8.199999999998878408, 3.399999999999799183 ) ) ;
#3250 = ORIENTED_EDGE ( 'NONE', *, *, #1573, .T. ) ;
#3251 = CARTESIAN_POINT ( 'NONE',  ( 0.000000000000000000, 3.100000000000022737, -8.499999999999987566 ) ) ;
#3252 = DIRECTION ( 'NONE',  ( 0.000000000000000000, -0.000000000000000000, -1.000000000000000000 ) ) ;
#3253 = VERTEX_POINT ( 'NONE', #1449 ) ;
#3254 = CARTESIAN_POINT ( 'NONE',  ( 90.00000000000000000, -8.199999999998878408, 3.399999999999799183 ) ) ;
#3255 = LINE ( 'NONE', #1203, #377 ) ;
#3256 = DIRECTION ( 'NONE',  ( 0.000000000000000000, 0.000000000000000000, 1.000000000000000000 ) ) ;
#3257 = ORIENTED_EDGE ( 'NONE', *, *, #1829, .T. ) ;
#3258 = EDGE_CURVE ( 'NONE', #2559, #806, #2583, .T. ) ;
#3259 = DIRECTION ( 'NONE',  ( 1.000000000000000000, 0.000000000000000000, 0.000000000000000000 ) ) ;
#3260 = ORIENTED_EDGE ( 'NONE', *, *, #1956, .T. ) ;
#3261 = CARTESIAN_POINT ( 'NONE',  ( 0.000000000000000000, -9.399999999998886580, 3.399999999999784972 ) ) ;
#3262 = EDGE_CURVE ( 'NONE', #1524, #1109, #122, .T. ) ;
#3263 = CARTESIAN_POINT ( 'NONE',  ( 90.00000000000000000, -5.499999999999971578, -6.684924240491753267 ) ) ;
#3264 = EDGE_CURVE ( 'NONE', #2474, #3316, #3187, .T. ) ;
#3265 = DIRECTION ( 'NONE',  ( 0.000000000000000000, 0.000000000000000000, 1.000000000000000000 ) ) ;
#3266 = CYLINDRICAL_SURFACE ( 'NONE', #1424, 0.3000000000000502265 ) ;
#3267 = CARTESIAN_POINT ( 'NONE',  ( 90.00000000000000000, 8.199999999999972644, 3.400000000000007017 ) ) ;
#3268 = DIRECTION ( 'NONE',  ( 0.000000000000000000, 0.000000000000000000, 1.000000000000000000 ) ) ;
#3269 = DIRECTION ( 'NONE',  ( 0.000000000000000000, 0.000000000000000000, -1.000000000000000000 ) ) ;
#3270 = LINE ( 'NONE', #3201, #3023 ) ;
#3271 = ORIENTED_EDGE ( 'NONE', *, *, #2126, .F. ) ;
#3272 = VECTOR ( 'NONE', #612, 1000.000000000000000 ) ;
#3273 = LINE ( 'NONE', #1227, #2738 ) ;
#3274 = EDGE_LOOP ( 'NONE', ( #1442, #1960, #1093, #3456 ) ) ;
#3275 = CARTESIAN_POINT ( 'NONE',  ( 90.00000000000000000, 5.199999999999973532, 6.684924240491739056 ) ) ;
#3276 = VECTOR ( 'NONE', #1249, 1000.000000000000000 ) ;
#3277 = EDGE_CURVE ( 'NONE', #3323, #3112, #590, .T. ) ;
#3278 = DIRECTION ( 'NONE',  ( 0.000000000000000000, 0.000000000000000000, 1.000000000000000000 ) ) ;
#3279 = EDGE_CURVE ( 'NONE', #1287, #588, #416, .T. ) ;
#3280 = AXIS2_PLACEMENT_3D ( 'NONE', #1643, #3065, #1096 ) ;
#3281 = LINE ( 'NONE', #759, #3234 ) ;
#3282 = ORIENTED_EDGE ( 'NONE', *, *, #3016, .T. ) ;
#3283 = AXIS2_PLACEMENT_3D ( 'NONE', #3643, #3624, #3593 ) ;
#3284 = DIRECTION ( 'NONE',  ( 0.000000000000000000, 0.000000000000000000, 1.000000000000000000 ) ) ;
#3285 = CIRCLE ( 'NONE', #973, 0.2999999999999999334 ) ;
#3286 = CIRCLE ( 'NONE', #1256, 0.3000000000000085931 ) ;
#3287 = VERTEX_POINT ( 'NONE', #2823 ) ;
#3288 = CARTESIAN_POINT ( 'NONE',  ( 90.00000000000000000, 9.999999999999955591, 8.500000000000014211 ) ) ;
#3289 = CARTESIAN_POINT ( 'NONE',  ( 90.00000000000000000, 8.500000000000023093, -8.499999999999987566 ) ) ;
#3290 = CIRCLE ( 'NONE', #2453, 0.3000000000000016542 ) ;
#3291 = FACE_OUTER_BOUND ( 'NONE', #2778, .T. ) ;
#3292 = VECTOR ( 'NONE', #2768, 1000.000000000000000 ) ;
#3293 = ORIENTED_EDGE ( 'NONE', *, *, #2052, .F. ) ;
#3294 = ORIENTED_EDGE ( 'NONE', *, *, #1932, .T. ) ;
#3295 = DIRECTION ( 'NONE',  ( 0.000000000000000000, 0.000000000000000000, 1.000000000000000000 ) ) ;
#3296 = DIRECTION ( 'NONE',  ( 0.000000000000000000, 0.000000000000000000, -1.000000000000000000 ) ) ;
#3297 = ORIENTED_EDGE ( 'NONE', *, *, #1464, .F. ) ;
#3298 = VECTOR ( 'NONE', #2525, 1000.000000000000000 ) ;
#3299 = ORIENTED_EDGE ( 'NONE', *, *, #1439, .T. ) ;
#3300 = DIRECTION ( 'NONE',  ( -1.000000000000000000, -0.000000000000000000, -0.000000000000000000 ) ) ;
#3301 = CARTESIAN_POINT ( 'NONE',  ( 90.00000000000000000, 3.099999999999958789, 9.099999999999976552 ) ) ;
#3302 = ORIENTED_EDGE ( 'NONE', *, *, #1781, .F. ) ;
#3303 = ADVANCED_FACE ( 'NONE', ( #1189 ), #2295, .F. ) ;
#3304 = CARTESIAN_POINT ( 'NONE',  ( 90.00000000000000000, -9.999999999998500755, -8.500000000000209610 ) ) ;
#3305 = ORIENTED_EDGE ( 'NONE', *, *, #20, .T. ) ;
#3306 = ORIENTED_EDGE ( 'NONE', *, *, #1294, .T. ) ;
#3307 = CARTESIAN_POINT ( 'NONE',  ( 0.000000000000000000, -9.099999999998885869, 3.399999999999799183 ) ) ;
#3308 = EDGE_CURVE ( 'NONE', #785, #240, #75, .T. ) ;
#3309 = VERTEX_POINT ( 'NONE', #2027 ) ;
#3310 = FACE_OUTER_BOUND ( 'NONE', #298, .T. ) ;
#3311 = EDGE_LOOP ( 'NONE', ( #927, #2855, #3237, #1651 ) ) ;
#3312 = DIRECTION ( 'NONE',  ( 0.000000000000000000, 1.000000000000000000, 0.000000000000000000 ) ) ;
#3313 = DIRECTION ( 'NONE',  ( -1.000000000000000000, -0.000000000000000000, -0.000000000000000000 ) ) ;
#3314 = LINE ( 'NONE', #217, #982 ) ;
#3315 = PLANE ( 'NONE',  #1902 ) ;
#3316 = VERTEX_POINT ( 'NONE', #635 ) ;
#3317 = CARTESIAN_POINT ( 'NONE',  ( 90.00000000000000000, -6.472792206134645454, 5.412132034355757959 ) ) ;
#3318 = EDGE_CURVE ( 'NONE', #2807, #2327, #709, .T. ) ;
#3319 = EDGE_CURVE ( 'NONE', #2065, #2694, #1488, .T. ) ;
#3320 = VERTEX_POINT ( 'NONE', #1753 ) ;
#3321 = CARTESIAN_POINT ( 'NONE',  ( 0.000000000000000000, 6.472792206135808080, -5.412132034355956023 ) ) ;
#3322 = EDGE_CURVE ( 'NONE', #3136, #1207, #333, .T. ) ;
#3323 = VERTEX_POINT ( 'NONE', #1129 ) ;
#3324 = DIRECTION ( 'NONE',  ( -1.000000000000000000, -0.000000000000000000, -0.000000000000000000 ) ) ;
#3325 = ORIENTED_EDGE ( 'NONE', *, *, #1230, .T. ) ;
#3326 = LINE ( 'NONE', #1068, #2571 ) ;
#3327 = CARTESIAN_POINT ( 'NONE',  ( 90.00000000000000000, 2.010912703473982877, 3.899999999999978595 ) ) ;
#3328 = EDGE_CURVE ( 'NONE', #3235, #796, #61, .T. ) ;
#3329 = ORIENTED_EDGE ( 'NONE', *, *, #3068, .F. ) ;
#3330 = AXIS2_PLACEMENT_3D ( 'NONE', #1591, #451, #3575 ) ;
#3331 = CYLINDRICAL_SURFACE ( 'NONE', #2287, 2.000000000000004441 ) ;
#3332 = VECTOR ( 'NONE', #1851, 1000.000000000000000 ) ;
#3333 = DIRECTION ( 'NONE',  ( 0.000000000000000000, 0.000000000000000000, -1.000000000000000000 ) ) ;
#3334 = ORIENTED_EDGE ( 'NONE', *, *, #2944, .T. ) ;
#3335 = CIRCLE ( 'NONE', #2791, 0.3000000000000042633 ) ;
#3336 = DIRECTION ( 'NONE',  ( 0.000000000000000000, 0.000000000000000000, 1.000000000000000000 ) ) ;
#3337 = ORIENTED_EDGE ( 'NONE', *, *, #1906, .T. ) ;
#3338 = ORIENTED_EDGE ( 'NONE', *, *, #1788, .F. ) ;
#3339 = VECTOR ( 'NONE', #2274, 1000.000000000000000 ) ;
#3340 = CYLINDRICAL_SURFACE ( 'NONE', #73, 0.2999999999999045097 ) ;
#3341 = VECTOR ( 'NONE', #66, 1000.000000000000000 ) ;
#3342 = CIRCLE ( 'NONE', #1619, 0.2999999999999964362 ) ;
#3343 = VERTEX_POINT ( 'NONE', #15 ) ;
#3344 = CARTESIAN_POINT ( 'NONE',  ( 90.00000000000000000, -6.684924240490608405, 5.199999999999795008 ) ) ;
#3345 = VECTOR ( 'NONE', #247, 1000.000000000000000 ) ;
#3346 = VERTEX_POINT ( 'NONE', #573 ) ;
#3347 = EDGE_CURVE ( 'NONE', #3170, #3463, #530, .T. ) ;
#3348 = DIRECTION ( 'NONE',  ( 0.000000000000000000, -1.000000000000000000, 0.000000000000000000 ) ) ;
#3349 = DIRECTION ( 'NONE',  ( -0.000000000000000000, -0.000000000000000000, 1.000000000000000000 ) ) ;
#3350 = VECTOR ( 'NONE', #1388, 1000.000000000000000 ) ;
#3351 = ORIENTED_EDGE ( 'NONE', *, *, #772, .F. ) ;
#3352 = EDGE_LOOP ( 'NONE', ( #3597, #1215, #2755, #813 ) ) ;
#3353 = AXIS2_PLACEMENT_3D ( 'NONE', #3289, #1703, #735 ) ;
#3354 = DIRECTION ( 'NONE',  ( -1.000000000000000000, -0.000000000000000000, -0.000000000000000000 ) ) ;
#3355 = DIRECTION ( 'NONE',  ( -1.000000000000000000, -0.000000000000000000, -0.000000000000000000 ) ) ;
#3356 = EDGE_LOOP ( 'NONE', ( #1116, #2897, #3209, #2683 ) ) ;
#3357 = ORIENTED_EDGE ( 'NONE', *, *, #1977, .F. ) ;
#3358 = SURFACE_SIDE_STYLE ('',( #1579 ) ) ;
#3359 = CARTESIAN_POINT ( 'NONE',  ( 0.000000000000000000, 9.700000000000008171, -3.999999999999982681 ) ) ;
#3360 = VERTEX_POINT ( 'NONE', #2602 ) ;
#3361 = CARTESIAN_POINT ( 'NONE',  ( 90.00000000000000000, 2.010912703473982432, 5.899999999999995914 ) ) ;
#3362 = DIRECTION ( 'NONE',  ( 0.000000000000000000, 0.000000000000000000, 1.000000000000000000 ) ) ;
#3363 = ORIENTED_EDGE ( 'NONE', *, *, #3368, .T. ) ;
#3364 = FACE_OUTER_BOUND ( 'NONE', #3061, .T. ) ;
#3365 = LINE ( 'NONE', #1597, #677 ) ;
#3366 = LINE ( 'NONE', #3384, #259 ) ;
#3367 = ORIENTED_EDGE ( 'NONE', *, *, #1273, .F. ) ;
#3368 = EDGE_CURVE ( 'NONE', #2196, #1501, #2271, .T. ) ;
#3369 = DIRECTION ( 'NONE',  ( 0.000000000000000000, 0.000000000000000000, 1.000000000000000000 ) ) ;
#3370 = EDGE_CURVE ( 'NONE', #3447, #1596, #854, .T. ) ;
#3371 = CARTESIAN_POINT ( 'NONE',  ( 0.000000000000000000, -9.399999999998511768, -3.400000000000173550 ) ) ;
#3372 = ORIENTED_EDGE ( 'NONE', *, *, #1517, .F. ) ;
#3373 = ORIENTED_EDGE ( 'NONE', *, *, #3603, .T. ) ;
#3374 = EDGE_CURVE ( 'NONE', #3579, #1546, #782, .T. ) ;
#3375 = DIRECTION ( 'NONE',  ( 0.000000000000000000, 0.7071067811865471286, 0.7071067811865479058 ) ) ;
#3376 = DIRECTION ( 'NONE',  ( -1.000000000000000000, -0.000000000000000000, -0.000000000000000000 ) ) ;
#3377 = EDGE_CURVE ( 'NONE', #1188, #2909, #3620, .T. ) ;
#3378 = VERTEX_POINT ( 'NONE', #2981 ) ;
#3379 = DIRECTION ( 'NONE',  ( -0.000000000000000000, 0.000000000000000000, 1.000000000000000000 ) ) ;
#3380 = DIRECTION ( 'NONE',  ( -1.000000000000000000, -0.000000000000000000, 0.000000000000000000 ) ) ;
#3381 = ORIENTED_EDGE ( 'NONE', *, *, #725, .F. ) ;
#3382 = LINE ( 'NONE', #32, #2215 ) ;
#3383 = CARTESIAN_POINT ( 'NONE',  ( 90.00000000000000000, -3.399999999999292477, 9.699999999999826983 ) ) ;
#3384 = CARTESIAN_POINT ( 'NONE',  ( 90.00000000000000000, 3.999999999999949818, 10.00000000000001599 ) ) ;
#3385 = DIRECTION ( 'NONE',  ( -0.000000000000000000, 1.000000000000000000, -0.000000000000000000 ) ) ;
#3386 = DIRECTION ( 'NONE',  ( -1.000000000000000000, -0.000000000000000000, 0.000000000000000000 ) ) ;
#3387 = DIRECTION ( 'NONE',  ( 0.000000000000000000, -1.000000000000000000, 0.000000000000000000 ) ) ;
#3388 = VECTOR ( 'NONE', #1588, 1000.000000000000000 ) ;
#3389 = ORIENTED_EDGE ( 'NONE', *, *, #1981, .T. ) ;
#3390 = ORIENTED_EDGE ( 'NONE', *, *, #1461, .F. ) ;
#3391 = PRESENTATION_STYLE_ASSIGNMENT (( #3679 ) ) ;
#3392 = EDGE_CURVE ( 'NONE', #1354, #3220, #1867, .T. ) ;
#3393 = VECTOR ( 'NONE', #222, 1000.000000000000000 ) ;
#3394 = CARTESIAN_POINT ( 'NONE',  ( 0.000000000000000000, 3.399999999999960387, 8.499999999999959144 ) ) ;
#3395 = CARTESIAN_POINT ( 'NONE',  ( 90.00000000000000000, 7.899999999999971045, 5.500000000000011546 ) ) ;
#3396 = CARTESIAN_POINT ( 'NONE',  ( 0.000000000000000000, -9.699999999999148415, 3.999999999999788614 ) ) ;
#3397 = AXIS2_PLACEMENT_3D ( 'NONE', #2094, #981, #2376 ) ;
#3398 = EDGE_CURVE ( 'NONE', #2597, #509, #3013, .T. ) ;
#3399 = AXIS2_PLACEMENT_3D ( 'NONE', #517, #3474, #2585 ) ;
#3400 = ORIENTED_EDGE ( 'NONE', *, *, #448, .F. ) ;
#3401 = LINE ( 'NONE', #3182, #1856 ) ;
#3402 = DIRECTION ( 'NONE',  ( 0.000000000000000000, 1.000000000000000000, 0.000000000000000000 ) ) ;
#3403 = CIRCLE ( 'NONE', #3283, 0.3000000000000016542 ) ;
#3404 = CARTESIAN_POINT ( 'NONE',  ( 90.00000000000000000, 9.100000000000004974, -3.399999999999979483 ) ) ;
#3405 = VERTEX_POINT ( 'NONE', #2493 ) ;
#3406 = AXIS2_PLACEMENT_3D ( 'NONE', #2958, #2918, #933 ) ;
#3407 = VECTOR ( 'NONE', #3050, 1000.000000000000000 ) ;
#3408 = CARTESIAN_POINT ( 'NONE',  ( 90.00000000000000000, -7.899999999998505551, -5.500000000000122569 ) ) ;
#3409 = LINE ( 'NONE', #55, #2873 ) ;
#3410 = AXIS2_PLACEMENT_3D ( 'NONE', #1466, #2247, #826 ) ;
#3411 = CARTESIAN_POINT ( 'NONE',  ( 90.00000000000000000, -3.899999999998857714, 2.010912703473775931 ) ) ;
#3412 = VECTOR ( 'NONE', #3278, 1000.000000000000000 ) ;
#3413 = ORIENTED_EDGE ( 'NONE', *, *, #3377, .F. ) ;
#3414 = ORIENTED_EDGE ( 'NONE', *, *, #957, .F. ) ;
#3415 = CARTESIAN_POINT ( 'NONE',  ( 90.00000000000000000, 5.412132034355994215, -6.472792206135786763 ) ) ;
#3416 = AXIS2_PLACEMENT_3D ( 'NONE', #515, #3369, #2764 ) ;
#3417 = CARTESIAN_POINT ( 'NONE',  ( 0.000000000000000000, 5.412132034355994215, -6.472792206135786763 ) ) ;
#3418 = EDGE_LOOP ( 'NONE', ( #206, #941, #2880, #3004 ) ) ;
#3419 = ADVANCED_FACE ( 'NONE', ( #1629 ), #2716, .F. ) ;
#3420 = CARTESIAN_POINT ( 'NONE',  ( 90.00000000000000000, -3.999999999999289013, 9.699999999999826983 ) ) ;
#3421 = LINE ( 'NONE', #2063, #2507 ) ;
#3422 = AXIS2_PLACEMENT_3D ( 'NONE', #69, #1467, #3445 ) ;
#3423 = ADVANCED_FACE ( 'NONE', ( #1882 ), #1646, .F. ) ;
#3424 = ORIENTED_EDGE ( 'NONE', *, *, #2107, .F. ) ;
#3425 = LINE ( 'NONE', #1724, #3341 ) ;
#3426 = LINE ( 'NONE', #3183, #2803 ) ;
#3427 = EDGE_CURVE ( 'NONE', #501, #1741, #156, .T. ) ;
#3428 = CARTESIAN_POINT ( 'NONE',  ( 90.00000000000000000, -9.099999999998503952, -3.100000000000165290 ) ) ;
#3429 = ORIENTED_EDGE ( 'NONE', *, *, #2723, .T. ) ;
#3430 = EDGE_CURVE ( 'NONE', #882, #3626, #2204, .T. ) ;
#3431 = DIRECTION ( 'NONE',  ( -1.000000000000000000, -0.000000000000000000, -0.000000000000000000 ) ) ;
#3432 = DIRECTION ( 'NONE',  ( 0.000000000000000000, 0.000000000000000000, -1.000000000000000000 ) ) ;
#3433 = CARTESIAN_POINT ( 'NONE',  ( 0.000000000000000000, -7.899999999998505551, -5.200000000000113864 ) ) ;
#3434 = ORIENTED_EDGE ( 'NONE', *, *, #734, .T. ) ;
#3435 = EDGE_LOOP ( 'NONE', ( #3461, #3111, #1151, #752 ) ) ;
#3436 = DIRECTION ( 'NONE',  ( -0.000000000000000000, 0.000000000000000000, 1.000000000000000000 ) ) ;
#3437 = FACE_OUTER_BOUND ( 'NONE', #2480, .T. ) ;
#3438 = EDGE_LOOP ( 'NONE', ( #57, #1487, #2757, #1097 ) ) ;
#3439 = CYLINDRICAL_SURFACE ( 'NONE', #2932, 0.2999999999999981570 ) ;
#3440 = DIRECTION ( 'NONE',  ( 0.000000000000000000, 0.000000000000000000, -1.000000000000000000 ) ) ;
#3441 = EDGE_CURVE ( 'NONE', #2577, #2867, #432, .T. ) ;
#3442 = VERTEX_POINT ( 'NONE', #2753 ) ;
#3443 = CARTESIAN_POINT ( 'NONE',  ( 0.000000000000000000, -6.472792206134645454, 5.412132034355757959 ) ) ;
#3444 = DIRECTION ( 'NONE',  ( -1.000000000000000000, -0.000000000000000000, -0.000000000000000000 ) ) ;
#3445 = DIRECTION ( 'NONE',  ( 0.000000000000000000, 0.000000000000000000, 1.000000000000000000 ) ) ;
#3446 = EDGE_CURVE ( 'NONE', #1546, #1587, #1, .T. ) ;
#3447 = VERTEX_POINT ( 'NONE', #3304 ) ;
#3448 = ORIENTED_EDGE ( 'NONE', *, *, #3258, .F. ) ;
#3449 = CARTESIAN_POINT ( 'NONE',  ( 0.000000000000000000, 8.499999999999975131, 3.400000000000007017 ) ) ;
#3450 = DIRECTION ( 'NONE',  ( 0.000000000000000000, 0.000000000000000000, 1.000000000000000000 ) ) ;
#3451 = CYLINDRICAL_SURFACE ( 'NONE', #1137, 1.999999999999997113 ) ;
#3452 = ORIENTED_EDGE ( 'NONE', *, *, #1235, .T. ) ;
#3453 = ORIENTED_EDGE ( 'NONE', *, *, #2479, .T. ) ;
#3454 = LINE ( 'NONE', #83, #3544 ) ;
#3455 = CARTESIAN_POINT ( 'NONE',  ( 90.00000000000000000, 6.472792206135768112, 5.412132034355969346 ) ) ;
#3456 = ORIENTED_EDGE ( 'NONE', *, *, #1059, .T. ) ;
#3457 = CIRCLE ( 'NONE', #2492, 0.3000000000000085931 ) ;
#3458 = DIRECTION ( 'NONE',  ( 0.000000000000000000, 0.000000000000000000, 1.000000000000000000 ) ) ;
#3459 = DIRECTION ( 'NONE',  ( -1.000000000000000000, -0.000000000000000000, -0.000000000000000000 ) ) ;
#3460 = VECTOR ( 'NONE', #3376, 1000.000000000000000 ) ;
#3461 = ORIENTED_EDGE ( 'NONE', *, *, #2645, .T. ) ;
#3462 = CARTESIAN_POINT ( 'NONE',  ( 90.00000000000000000, 5.412132034355935595, 6.472792206135776105 ) ) ;
#3463 = VERTEX_POINT ( 'NONE', #1575 ) ;
#3464 = DIRECTION ( 'NONE',  ( 0.000000000000000000, 0.000000000000000000, -1.000000000000000000 ) ) ;
#3465 = CARTESIAN_POINT ( 'NONE',  ( 0.000000000000000000, -2.010912703474023733, 3.899999999999951950 ) ) ;
#3466 = VECTOR ( 'NONE', #198, 1000.000000000000000 ) ;
#3467 = ORIENTED_EDGE ( 'NONE', *, *, #1620, .T. ) ;
#3468 = EDGE_CURVE ( 'NONE', #3605, #3405, #1080, .T. ) ;
#3469 = VECTOR ( 'NONE', #2080, 1000.000000000000000 ) ;
#3470 = CARTESIAN_POINT ( 'NONE',  ( 90.00000000000000000, 3.400000000000026112, -9.099999999999990763 ) ) ;
#3471 = DIRECTION ( 'NONE',  ( 0.000000000000000000, -1.000000000000000000, 0.000000000000000000 ) ) ;
#3472 = AXIS2_PLACEMENT_3D ( 'NONE', #149, #3259, #1529 ) ;
#3473 = ADVANCED_FACE ( 'NONE', ( #1286 ), #3266, .T. ) ;
#3474 = DIRECTION ( 'NONE',  ( -1.000000000000000000, -0.000000000000000000, -0.000000000000000000 ) ) ;
#3475 = ORIENTED_EDGE ( 'NONE', *, *, #690, .T. ) ;
#3476 = VERTEX_POINT ( 'NONE', #464 ) ;
#3477 = CIRCLE ( 'NONE', #2402, 0.3000000000000016542 ) ;
#3478 = DIRECTION ( 'NONE',  ( -1.000000000000000000, -0.000000000000000000, -0.000000000000000000 ) ) ;
#3479 = CARTESIAN_POINT ( 'NONE',  ( 0.000000000000000000, 0.000000000000000000, 0.000000000000000000 ) ) ;
#3480 = ORIENTED_EDGE ( 'NONE', *, *, #3168, .F. ) ;
#3481 = VECTOR ( 'NONE', #714, 1000.000000000000000 ) ;
#3482 = FACE_OUTER_BOUND ( 'NONE', #1833, .T. ) ;
#3483 = CARTESIAN_POINT ( 'NONE',  ( 0.000000000000000000, -5.899999999998859046, 2.010912703473775931 ) ) ;
#3484 = VECTOR ( 'NONE', #1425, 1000.000000000000000 ) ;
#3485 = AXIS2_PLACEMENT_3D ( 'NONE', #2485, #1389, #1334 ) ;
#3486 = ORIENTED_EDGE ( 'NONE', *, *, #3691, .F. ) ;
#3487 = CARTESIAN_POINT ( 'NONE',  ( 90.00000000000000000, 5.500000000000027534, -7.899999999999983480 ) ) ;
#3488 = CARTESIAN_POINT ( 'NONE',  ( 0.000000000000000000, 6.684924240491734615, 5.200000000000002842 ) ) ;
#3489 = CARTESIAN_POINT ( 'NONE',  ( 0.000000000000000000, -3.699999999998355715, -9.700000000000201794 ) ) ;
#3490 = EDGE_LOOP ( 'NONE', ( #799, #1397, #3654, #2628 ) ) ;
#3491 = EDGE_LOOP ( 'NONE', ( #234, #3062, #2338, #3299 ) ) ;
#3492 = PLANE ( 'NONE',  #2340 ) ;
#3493 = CARTESIAN_POINT ( 'NONE',  ( 90.00000000000000000, -5.199999999999279865, 8.200000000000304823 ) ) ;
#3494 = EDGE_CURVE ( 'NONE', #2073, #1654, #710, .T. ) ;
#3495 = ADVANCED_FACE ( 'NONE', ( #761 ), #480, .F. ) ;
#3496 = FACE_OUTER_BOUND ( 'NONE', #2653, .T. ) ;
#3497 = ORIENTED_EDGE ( 'NONE', *, *, #969, .F. ) ;
#3498 = ORIENTED_EDGE ( 'NONE', *, *, #3308, .F. ) ;
#3499 = CARTESIAN_POINT ( 'NONE',  ( 90.00000000000000000, -3.999999999998350209, -9.700000000000201794 ) ) ;
#3500 = ADVANCED_FACE ( 'NONE', ( #1897 ), #1008, .T. ) ;
#3501 = CARTESIAN_POINT ( 'NONE',  ( 90.00000000000000000, 9.099999999999978328, 3.100000000000012523 ) ) ;
#3502 = ORIENTED_EDGE ( 'NONE', *, *, #1212, .F. ) ;
#3503 = FACE_OUTER_BOUND ( 'NONE', #1552, .T. ) ;
#3504 = ADVANCED_FACE ( 'NONE', ( #2731 ), #190, .F. ) ;
#3505 = ORIENTED_EDGE ( 'NONE', *, *, #1510, .F. ) ;
#3506 = VERTEX_POINT ( 'NONE', #3151 ) ;
#3507 = DIRECTION ( 'NONE',  ( -1.000000000000000000, -0.000000000000000000, 0.000000000000000000 ) ) ;
#3508 = DIRECTION ( 'NONE',  ( -0.000000000000000000, -0.000000000000000000, 1.000000000000000000 ) ) ;
#3509 = CARTESIAN_POINT ( 'NONE',  ( 90.00000000000000000, 2.010912703474030838, -5.900000000000023448 ) ) ;
#3510 = ORIENTED_EDGE ( 'NONE', *, *, #884, .T. ) ;
#3511 = EDGE_LOOP ( 'NONE', ( #2671, #954, #3351, #1146 ) ) ;
#3512 = CARTESIAN_POINT ( 'NONE',  ( 90.00000000000000000, 5.499999999999968026, 7.899999999999969269 ) ) ;
#3513 = FACE_OUTER_BOUND ( 'NONE', #2965, .T. ) ;
#3514 = FACE_OUTER_BOUND ( 'NONE', #1589, .T. ) ;
#3515 = ORIENTED_EDGE ( 'NONE', *, *, #390, .F. ) ;
#3516 = EDGE_LOOP ( 'NONE', ( #511, #3214, #1723, #2654 ) ) ;
#3517 = CYLINDRICAL_SURFACE ( 'NONE', #788, 0.2999999999999973244 ) ;
#3518 = DIRECTION ( 'NONE',  ( 0.000000000000000000, -0.7071067811865474617, -0.7071067811865474617 ) ) ;
#3519 = DIRECTION ( 'NONE',  ( -1.000000000000000000, -0.000000000000000000, -0.000000000000000000 ) ) ;
#3520 = EDGE_CURVE ( 'NONE', #2943, #1179, #2555, .T. ) ;
#3521 = ORIENTED_EDGE ( 'NONE', *, *, #96, .F. ) ;
#3522 = VERTEX_POINT ( 'NONE', #2589 ) ;
#3523 = CARTESIAN_POINT ( 'NONE',  ( 90.00000000000000000, -6.472792206134646342, 5.412132034355757071 ) ) ;
#3524 = AXIS2_PLACEMENT_3D ( 'NONE', #405, #1580, #1290 ) ;
#3525 = DIRECTION ( 'NONE',  ( 0.000000000000000000, 0.000000000000000000, -1.000000000000000000 ) ) ;
#3526 = CARTESIAN_POINT ( 'NONE',  ( 90.00000000000000000, 5.499999999999965361, 7.899999999999969269 ) ) ;
#3527 = DIRECTION ( 'NONE',  ( 0.000000000000000000, 0.000000000000000000, 1.000000000000000000 ) ) ;
#3528 = AXIS2_PLACEMENT_3D ( 'NONE', #1894, #993, #3011 ) ;
#3529 = FACE_BOUND ( 'NONE', #1584, .T. ) ;
#3530 = VECTOR ( 'NONE', #1735, 1000.000000000000000 ) ;
#3531 = CARTESIAN_POINT ( 'NONE',  ( 90.00000000000000000, -8.499999999998504308, -8.500000000000195399 ) ) ;
#3532 = ORIENTED_EDGE ( 'NONE', *, *, #1322, .T. ) ;
#3533 = DIRECTION ( 'NONE',  ( -1.000000000000000000, -0.000000000000000000, -0.000000000000000000 ) ) ;
#3534 = VECTOR ( 'NONE', #2893, 1000.000000000000000 ) ;
#3535 = CARTESIAN_POINT ( 'NONE',  ( 0.000000000000000000, -4.485786437625685963, -3.425126265847227458 ) ) ;
#3536 = CARTESIAN_POINT ( 'NONE',  ( 0.000000000000000000, -5.199999999999971756, -8.199999999999977973 ) ) ;
#3537 = VECTOR ( 'NONE', #2341, 1000.000000000000000 ) ;
#3538 = VECTOR ( 'NONE', #680, 1000.000000000000000 ) ;
#3539 = EDGE_LOOP ( 'NONE', ( #3646, #279, #2139, #2208 ) ) ;
#3540 = AXIS2_PLACEMENT_3D ( 'NONE', #1148, #1985, #2796 ) ;
#3541 = ADVANCED_FACE ( 'NONE', ( #3437 ), #2569, .F. ) ;
#3542 = ORIENTED_EDGE ( 'NONE', *, *, #690, .F. ) ;
#3543 = CARTESIAN_POINT ( 'NONE',  ( 90.00000000000000000, 8.499999999999960920, 8.500000000000014211 ) ) ;
#3544 = VECTOR ( 'NONE', #2649, 1000.000000000000000 ) ;
#3545 = CARTESIAN_POINT ( 'NONE',  ( 90.00000000000000000, 8.500000000000008882, -9.999999999999987566 ) ) ;
#3546 = CARTESIAN_POINT ( 'NONE',  ( 90.00000000000000000, -9.999999999999147349, 3.999999999999788614 ) ) ;
#3547 = EDGE_CURVE ( 'NONE', #1106, #1109, #538, .T. ) ;
#3548 = CIRCLE ( 'NONE', #3600, 1.499999999999999556 ) ;
#3549 = EDGE_CURVE ( 'NONE', #3162, #1179, #1378, .T. ) ;
#3550 = CARTESIAN_POINT ( 'NONE',  ( 0.000000000000000000, -7.899999999998882139, 5.499999999999792166 ) ) ;
#3551 = CIRCLE ( 'NONE', #2878, 0.3000000000000849210 ) ;
#3552 = CARTESIAN_POINT ( 'NONE',  ( 90.00000000000000000, 3.399999999999956835, 9.099999999999976552 ) ) ;
#3553 = ADVANCED_FACE ( 'NONE', ( #2258 ), #562, .T. ) ;
#3554 = ORIENTED_EDGE ( 'NONE', *, *, #3562, .F. ) ;
#3555 = DIRECTION ( 'NONE',  ( -1.000000000000000000, 0.000000000000000000, -0.000000000000000000 ) ) ;
#3556 = DIRECTION ( 'NONE',  ( -1.000000000000000000, -0.000000000000000000, -0.000000000000000000 ) ) ;
#3557 = ORIENTED_EDGE ( 'NONE', *, *, #3567, .F. ) ;
#3558 = ORIENTED_EDGE ( 'NONE', *, *, #186, .T. ) ;
#3559 = CARTESIAN_POINT ( 'NONE',  ( 0.000000000000000000, -5.199999999999971756, -7.899999999999983480 ) ) ;
#3560 = CARTESIAN_POINT ( 'NONE',  ( 90.00000000000000000, -3.399999999998347011, -9.699999999999979750 ) ) ;
#3561 = FACE_OUTER_BOUND ( 'NONE', #2309, .T. ) ;
#3562 = EDGE_CURVE ( 'NONE', #2185, #1220, #805, .T. ) ;
#3563 = EDGE_CURVE ( 'NONE', #1077, #2943, #300, .T. ) ;
#3564 = CARTESIAN_POINT ( 'NONE',  ( 90.00000000000000000, 8.200000000000001066, -5.199999999999989519 ) ) ;
#3565 = EDGE_LOOP ( 'NONE', ( #3185, #1134, #2740, #1905 ) ) ;
#3566 = DIRECTION ( 'NONE',  ( -1.000000000000000000, -0.000000000000000000, -0.000000000000000000 ) ) ;
#3567 = EDGE_CURVE ( 'NONE', #3442, #380, #323, .T. ) ;
#3568 = CARTESIAN_POINT ( 'NONE',  ( 90.00000000000000000, -8.199999999998881961, 3.399999999999799183 ) ) ;
#3569 = CARTESIAN_POINT ( 'NONE',  ( 0.000000000000000000, 6.472792206135768112, 5.412132034355969346 ) ) ;
#3570 = ORIENTED_EDGE ( 'NONE', *, *, #471, .T. ) ;
#3571 = DIRECTION ( 'NONE',  ( 0.000000000000000000, 0.7071067811865479058, 0.7071067811865472397 ) ) ;
#3572 = CARTESIAN_POINT ( 'NONE',  ( 0.000000000000000000, 5.200000000000029488, -7.899999999999983480 ) ) ;
#3573 = CARTESIAN_POINT ( 'NONE',  ( 0.000000000000000000, -8.199999999998881961, 3.399999999999799183 ) ) ;
#3574 = DIRECTION ( 'NONE',  ( 0.000000000000000000, 1.000000000000000000, 0.000000000000000000 ) ) ;
#3575 = DIRECTION ( 'NONE',  ( 0.000000000000000000, 0.000000000000000000, 1.000000000000000000 ) ) ;
#3576 = ORIENTED_EDGE ( 'NONE', *, *, #1886, .F. ) ;
#3577 = ORIENTED_EDGE ( 'NONE', *, *, #2026, .F. ) ;
#3578 = VECTOR ( 'NONE', #1278, 1000.000000000000000 ) ;
#3579 = VERTEX_POINT ( 'NONE', #2844 ) ;
#3580 = DIRECTION ( 'NONE',  ( 0.000000000000000000, 0.000000000000000000, -1.000000000000000000 ) ) ;
#3581 = DIRECTION ( 'NONE',  ( -1.000000000000000000, -0.000000000000000000, -0.000000000000000000 ) ) ;
#3582 = EDGE_CURVE ( 'NONE', #1469, #1275, #2300, .T. ) ;
#3583 = ORIENTED_EDGE ( 'NONE', *, *, #836, .F. ) ;
#3584 = CARTESIAN_POINT ( 'NONE',  ( 90.00000000000000000, -5.199999999999971756, -7.899999999999983480 ) ) ;
#3585 = CIRCLE ( 'NONE', #666, 0.2999999999999973244 ) ;
#3586 = EDGE_CURVE ( 'NONE', #2520, #595, #2785, .T. ) ;
#3587 = DIRECTION ( 'NONE',  ( -1.000000000000000000, -0.000000000000000000, -0.000000000000000000 ) ) ;
#3588 = CIRCLE ( 'NONE', #3642, 0.2999999999999981570 ) ;
#3589 = DIRECTION ( 'NONE',  ( -1.000000000000000000, -0.000000000000000000, -0.000000000000000000 ) ) ;
#3590 = CIRCLE ( 'NONE', #2400, 0.3000000000000051514 ) ;
#3591 = AXIS2_PLACEMENT_3D ( 'NONE', #2592, #1102, #1083 ) ;
#3592 = ORIENTED_EDGE ( 'NONE', *, *, #3045, .F. ) ;
#3593 = DIRECTION ( 'NONE',  ( 0.000000000000000000, 0.000000000000000000, 1.000000000000000000 ) ) ;
#3594 = AXIS2_PLACEMENT_3D ( 'NONE', #1561, #2956, #2399 ) ;
#3595 = ORIENTED_EDGE ( 'NONE', *, *, #3622, .T. ) ;
#3596 = LINE ( 'NONE', #2737, #3161 ) ;
#3597 = ORIENTED_EDGE ( 'NONE', *, *, #1168, .T. ) ;
#3598 = DIRECTION ( 'NONE',  ( -1.000000000000000000, 0.000000000000000000, -0.000000000000000000 ) ) ;
#3599 = DIRECTION ( 'NONE',  ( 0.000000000000000000, -0.000000000000000000, 1.000000000000000000 ) ) ;
#3600 = AXIS2_PLACEMENT_3D ( 'NONE', #2144, #2115, #427 ) ;
#3601 = LINE ( 'NONE', #2456, #1033 ) ;
#3602 = EDGE_CURVE ( 'NONE', #2867, #2624, #64, .T. ) ;
#3603 = EDGE_CURVE ( 'NONE', #829, #675, #598, .T. ) ;
#3604 = CARTESIAN_POINT ( 'NONE',  ( 0.000000000000000000, -3.399999999999282263, 8.200000000000297717 ) ) ;
#3605 = VERTEX_POINT ( 'NONE', #3089 ) ;
#3606 = EDGE_CURVE ( 'NONE', #3316, #2502, #1793, .T. ) ;
#3607 = DIRECTION ( 'NONE',  ( 0.000000000000000000, 0.7071067811865472397, -0.7071067811865479058 ) ) ;
#3608 = ORIENTED_EDGE ( 'NONE', *, *, #1025, .T. ) ;
#3609 = CARTESIAN_POINT ( 'NONE',  ( 90.00000000000000000, 5.412132034355994215, -6.472792206135786763 ) ) ;
#3610 = EDGE_CURVE ( 'NONE', #791, #2898, #243, .T. ) ;
#3611 = ORIENTED_EDGE ( 'NONE', *, *, #177, .T. ) ;
#3612 = DIRECTION ( 'NONE',  ( -1.000000000000000000, -0.000000000000000000, -0.000000000000000000 ) ) ;
#3613 = VERTEX_POINT ( 'NONE', #25 ) ;
#3614 = DIRECTION ( 'NONE',  ( 1.000000000000000000, 0.000000000000000000, 0.000000000000000000 ) ) ;
#3615 = FACE_OUTER_BOUND ( 'NONE', #118, .T. ) ;
#3616 = ORIENTED_EDGE ( 'NONE', *, *, #302, .T. ) ;
#3617 = DIRECTION ( 'NONE',  ( 1.000000000000000000, 0.000000000000000000, 0.000000000000000000 ) ) ;
#3618 = CYLINDRICAL_SURFACE ( 'NONE', #1734, 2.000000000000017319 ) ;
#3619 = ORIENTED_EDGE ( 'NONE', *, *, #2417, .F. ) ;
#3620 = LINE ( 'NONE', #446, #3388 ) ;
#3621 = ORIENTED_EDGE ( 'NONE', *, *, #1892, .F. ) ;
#3622 = EDGE_CURVE ( 'NONE', #3506, #402, #1118, .T. ) ;
#3623 = VERTEX_POINT ( 'NONE', #3417 ) ;
#3624 = DIRECTION ( 'NONE',  ( -1.000000000000000000, -0.000000000000000000, 0.000000000000000000 ) ) ;
#3625 = ADVANCED_FACE ( 'NONE', ( #282 ), #1100, .F. ) ;
#3626 = VERTEX_POINT ( 'NONE', #2533 ) ;
#3627 = DIRECTION ( 'NONE',  ( 0.000000000000000000, 1.000000000000000000, 0.000000000000000000 ) ) ;
#3628 = ORIENTED_EDGE ( 'NONE', *, *, #435, .T. ) ;
#3629 = CYLINDRICAL_SURFACE ( 'NONE', #82, 1.499999999999997780 ) ;
#3630 = CARTESIAN_POINT ( 'NONE',  ( 90.00000000000000000, -2.010912703474023733, 5.899999999999954170 ) ) ;
#3631 = EDGE_LOOP ( 'NONE', ( #1226, #681, #2013, #1818 ) ) ;
#3632 = VERTEX_POINT ( 'NONE', #2 ) ;
#3633 = VECTOR ( 'NONE', #3165, 1000.000000000000000 ) ;
#3634 = LINE ( 'NONE', #3675, #2992 ) ;
#3635 = AXIS2_PLACEMENT_3D ( 'NONE', #1044, #1457, #3115 ) ;
#3636 = DIRECTION ( 'NONE',  ( 0.000000000000000000, 0.000000000000000000, -1.000000000000000000 ) ) ;
#3637 = ORIENTED_EDGE ( 'NONE', *, *, #2891, .F. ) ;
#3638 = DIRECTION ( 'NONE',  ( -1.000000000000000000, -0.000000000000000000, -0.000000000000000000 ) ) ;
#3639 = CARTESIAN_POINT ( 'NONE',  ( 90.00000000000000000, -9.099999999998885869, 3.399999999999799183 ) ) ;
#3640 = EDGE_LOOP ( 'NONE', ( #835, #1997, #3149, #3363 ) ) ;
#3641 = ORIENTED_EDGE ( 'NONE', *, *, #2355, .T. ) ;
#3642 = AXIS2_PLACEMENT_3D ( 'NONE', #2306, #883, #2021 ) ;
#3643 = CARTESIAN_POINT ( 'NONE',  ( 0.000000000000000000, -5.199999999999971756, -6.684924240491753267 ) ) ;
#3644 = EDGE_CURVE ( 'NONE', #887, #2624, #1822, .T. ) ;
#3645 = VECTOR ( 'NONE', #2971, 1000.000000000000000 ) ;
#3646 = ORIENTED_EDGE ( 'NONE', *, *, #1164, .T. ) ;
#3647 = PLANE ( 'NONE',  #717 ) ;
#3648 = AXIS2_PLACEMENT_3D ( 'NONE', #3007, #2776, #1309 ) ;
#3649 = ORIENTED_EDGE ( 'NONE', *, *, #2523, .T. ) ;
#3650 = CARTESIAN_POINT ( 'NONE',  ( 90.00000000000000000, 5.412132034355994215, -6.472792206135786763 ) ) ;
#3651 = CARTESIAN_POINT ( 'NONE',  ( 0.000000000000000000, 9.699999999999981526, 3.700000000000015721 ) ) ;
#3652 = EDGE_CURVE ( 'NONE', #2606, #3476, #1549, .T. ) ;
#3653 = VECTOR ( 'NONE', #3478, 1000.000000000000000 ) ;
#3654 = ORIENTED_EDGE ( 'NONE', *, *, #408, .F. ) ;
#3655 = ORIENTED_EDGE ( 'NONE', *, *, #2998, .F. ) ;
#3656 = VECTOR ( 'NONE', #3638, 1000.000000000000000 ) ;
#3657 = CARTESIAN_POINT ( 'NONE',  ( 90.00000000000000000, -9.099999999998885869, 3.399999999999799183 ) ) ;
#3658 = ADVANCED_FACE ( 'NONE', ( #1761 ), #1195, .F. ) ;
#3659 = VECTOR ( 'NONE', #1641, 1000.000000000000000 ) ;
#3660 = CARTESIAN_POINT ( 'NONE',  ( 0.000000000000000000, 7.899999999999971045, 5.500000000000011546 ) ) ;
#3661 = VERTEX_POINT ( 'NONE', #3535 ) ;
#3662 = ORIENTED_EDGE ( 'NONE', *, *, #2475, .F. ) ;
#3663 = LINE ( 'NONE', #1377, #3481 ) ;
#3664 = CARTESIAN_POINT ( 'NONE',  ( 0.000000000000000000, -5.499999999999971578, -7.899999999999983480 ) ) ;
#3665 = CARTESIAN_POINT ( 'NONE',  ( 90.00000000000000000, -2.010912703474023733, 3.899999999999951950 ) ) ;
#3666 = LINE ( 'NONE', #305, #1679 ) ;
#3667 = ORIENTED_EDGE ( 'NONE', *, *, #2494, .F. ) ;
#3668 = CYLINDRICAL_SURFACE ( 'NONE', #603, 0.2999999999999981570 ) ;
#3669 = ORIENTED_EDGE ( 'NONE', *, *, #2985, .F. ) ;
#3670 = CARTESIAN_POINT ( 'NONE',  ( 90.00000000000000000, -9.999999999998500755, -8.500000000000209610 ) ) ;
#3671 = EDGE_CURVE ( 'NONE', #163, #2949, #960, .T. ) ;
#3672 = CYLINDRICAL_SURFACE ( 'NONE', #2643, 2.000000000000015543 ) ;
#3673 = ORIENTED_EDGE ( 'NONE', *, *, #1089, .T. ) ;
#3674 = EDGE_CURVE ( 'NONE', #1220, #3147, #3025, .T. ) ;
#3675 = CARTESIAN_POINT ( 'NONE',  ( 90.00000000000000000, 5.500000000000027534, -7.899999999999983480 ) ) ;
#3676 = FACE_OUTER_BOUND ( 'NONE', #3356, .T. ) ;
#3677 = ORIENTED_EDGE ( 'NONE', *, *, #521, .F. ) ;
#3678 = ORIENTED_EDGE ( 'NONE', *, *, #2432, .F. ) ;
#3679 = SURFACE_STYLE_USAGE ( .BOTH. , #3358 ) ;
#3680 = DIRECTION ( 'NONE',  ( 0.000000000000000000, 0.000000000000000000, 1.000000000000000000 ) ) ;
#3681 = CARTESIAN_POINT ( 'NONE',  ( 90.00000000000000000, 3.400000000000026112, -8.499999999999987566 ) ) ;
#3682 = DIRECTION ( 'NONE',  ( -1.000000000000000000, -0.000000000000000000, 0.000000000000000000 ) ) ;
#3683 = ORIENTED_EDGE ( 'NONE', *, *, #3674, .T. ) ;
#3684 = CARTESIAN_POINT ( 'NONE',  ( 90.00000000000000000, 3.400000000000026112, -8.199999999999977973 ) ) ;
#3685 = FACE_OUTER_BOUND ( 'NONE', #1358, .T. ) ;
#3686 = DIRECTION ( 'NONE',  ( -0.000000000000000000, 1.000000000000000000, 0.000000000000000000 ) ) ;
#3687 = ORIENTED_EDGE ( 'NONE', *, *, #20, .F. ) ;
#3688 = ORIENTED_EDGE ( 'NONE', *, *, #2815, .T. ) ;
#3689 = DIRECTION ( 'NONE',  ( 0.000000000000000000, 0.000000000000000000, 1.000000000000000000 ) ) ;
#3690 = PLANE ( 'NONE',  #682 ) ;
#3691 = EDGE_CURVE ( 'NONE', #1596, #559, #1130, .T. ) ;
#3692 = DIRECTION ( 'NONE',  ( -1.000000000000000000, -0.000000000000000000, -0.000000000000000000 ) ) ;
#3693 = VECTOR ( 'NONE', #3589, 1000.000000000000000 ) ;
#3694 = ORIENTED_EDGE ( 'NONE', *, *, #2217, .T. ) ;
#3695 = ORIENTED_EDGE ( 'NONE', *, *, #1002, .T. ) ;
#3696 = EDGE_CURVE ( 'NONE', #1486, #1287, #922, .T. ) ;
ENDSEC;
END-ISO-10303-21;
