ISO-10303-21;
HEADER;
FILE_DESCRIPTION (( 'STEP AP214' ),
    '1' );
FILE_NAME ('活塞杆.step',
    '2023-08-15T02:58:31',
    ( '' ),
    ( '' ),
    'SwSTEP 2.0',
    'SolidWorks 2022',
    '' );
FILE_SCHEMA (( 'AUTOMOTIVE_DESIGN' ));
ENDSEC;

DATA;
#1 = CARTESIAN_POINT ( 'NONE',  ( -23.36462318425881435, 3.316362706956768935, 6.583132229654893308 ) ) ;
#2 = CARTESIAN_POINT ( 'NONE',  ( -7.048909320596377093, 7.313103409735260740, 6.333333333333333925 ) ) ;
#3 = AXIS2_PLACEMENT_3D ( 'NONE', #1019, #440, #659 ) ;
#4 = VECTOR ( 'NONE', #589, 1000.000000000000000 ) ;
#5 = FACE_OUTER_BOUND ( 'NONE', #199, .T. ) ;
#6 = FACE_OUTER_BOUND ( 'NONE', #1370, .T. ) ;
#7 = ORIENTED_EDGE ( 'NONE', *, *, #474, .F. ) ;
#8 = ORIENTED_EDGE ( 'NONE', *, *, #191, .F. ) ;
#9 = EDGE_CURVE ( 'NONE', #441, #1115, #576, .T. ) ;
#10 = EDGE_LOOP ( 'NONE', ( #575, #789, #23, #1287 ) ) ;
#11 = DIRECTION ( 'NONE',  ( 0.000000000000000000, 0.7071067811865475727, 0.7071067811865474617 ) ) ;
#12 =( LENGTH_UNIT ( ) NAMED_UNIT ( * ) SI_UNIT ( .MILLI., .METRE. ) );
#13 = LINE ( 'NONE', #903, #1416 ) ;
#14 = ORIENTED_EDGE ( 'NONE', *, *, #738, .T. ) ;
#15 = CARTESIAN_POINT ( 'NONE',  ( -24.00000000000000711, 0.000000000000000000, 0.000000000000000000 ) ) ;
#16 = ORIENTED_EDGE ( 'NONE', *, *, #1108, .F. ) ;
#17 = PRESENTATION_LAYER_ASSIGNMENT (  '', '', ( #1296 ) ) ;
#18 = LINE ( 'NONE', #825, #926 ) ;
#19 = ADVANCED_FACE ( 'NONE', ( #1034 ), #664, .T. ) ;
#20 = AXIS2_PLACEMENT_3D ( 'NONE', #844, #1288, #160 ) ;
#21 = FILL_AREA_STYLE_COLOUR ( '', #290 ) ;
#22 = EDGE_CURVE ( 'NONE', #339, #750, #634, .T. ) ;
#23 = ORIENTED_EDGE ( 'NONE', *, *, #864, .F. ) ;
#24 = CARTESIAN_POINT ( 'NONE',  ( -7.000000000000000000, -1.347111479062088207E-15, -2.706596236432549049E-15 ) ) ;
#25 = EDGE_LOOP ( 'NONE', ( #427, #1113, #835, #834 ) ) ;
#26 = VERTEX_POINT ( 'NONE', #1239 ) ;
#27 = CARTESIAN_POINT ( 'NONE',  ( -7.000000000000000888, 8.227241335952165002, -4.749999999999997335 ) ) ;
#28 = PLANE ( 'NONE',  #369 ) ;
#29 = FACE_OUTER_BOUND ( 'NONE', #10, .T. ) ;
#30 = AXIS2_PLACEMENT_3D ( 'NONE', #614, #1070, #396 ) ;
#31 = CONICAL_SURFACE ( 'NONE', #216, 20.48990967781846706, 1.221730476396030163 ) ;
#32 = ADVANCED_FACE ( 'NONE', ( #452 ), #1107, .T. ) ;
#33 = MECHANICAL_DESIGN_GEOMETRIC_PRESENTATION_REPRESENTATION (  '', ( #1306 ), #1121 ) ;
#34 = DIRECTION ( 'NONE',  ( 0.000000000000000000, 0.000000000000000000, -1.000000000000000000 ) ) ;
#35 = ORIENTED_EDGE ( 'NONE', *, *, #553, .T. ) ;
#36 = ORIENTED_EDGE ( 'NONE', *, *, #374, .F. ) ;
#37 = DIRECTION ( 'NONE',  ( 0.000000000000000000, 0.000000000000000000, 1.000000000000000000 ) ) ;
#38 = DIRECTION ( 'NONE',  ( 1.000000000000000000, 0.000000000000000000, 0.000000000000000000 ) ) ;
#39 = B_SPLINE_CURVE_WITH_KNOTS ( 'NONE', 3,
 ( #593, #249, #1155, #45, #609, #807 ),
 .UNSPECIFIED., .F., .F.,
 ( 4, 2, 4 ),
 ( 0.02297939289072379113, 0.02574152437925528517, 0.02850365586778677920 ),
 .UNSPECIFIED. ) ;
#40 = CARTESIAN_POINT ( 'NONE',  ( -0.6400000000000155564, 0.000000000000000000, 0.000000000000000000 ) ) ;
#41 = EDGE_CURVE ( 'NONE', #1375, #273, #551, .T. ) ;
#42 = CARTESIAN_POINT ( 'NONE',  ( -6.999999999999999112, 0.000000000000000000, 0.000000000000000000 ) ) ;
#43 = ORIENTED_EDGE ( 'NONE', *, *, #746, .F. ) ;
#44 = DIRECTION ( 'NONE',  ( 0.000000000000000000, 1.776356839400250465E-15, -1.000000000000000000 ) ) ;
#45 = CARTESIAN_POINT ( 'NONE',  ( -7.049047106788162154, 1.830246057854778341, 9.500000000000005329 ) ) ;
#46 = CIRCLE ( 'NONE', #989, 9.499999999999998224 ) ;
#47 = CARTESIAN_POINT ( 'NONE',  ( -14.63144878122585091, -5.941896520409899018, -8.708333333333332149 ) ) ;
#48 = PLANE ( 'NONE',  #906 ) ;
#49 = CARTESIAN_POINT ( 'NONE',  ( -134.0000000000000000, 0.000000000000000000, 0.000000000000000000 ) ) ;
#50 = DIRECTION ( 'NONE',  ( 8.466232908067659164E-17, -1.000000000000000000, 0.000000000000000000 ) ) ;
#51 = CIRCLE ( 'NONE', #1348, 7.000000000000000000 ) ;
#52 = COLOUR_RGB ( '',1.000000000000000000, 1.000000000000000000, 1.000000000000000000 ) ;
#53 = B_SPLINE_CURVE_WITH_KNOTS ( 'NONE', 3,
 ( #1372, #1157, #1367, #611, #363, #138 ),
 .UNSPECIFIED., .F., .F.,
 ( 4, 2, 4 ),
 ( 0.01520997071659981395, 0.01798176731283484403, 0.02075356390906987064 ),
 .UNSPECIFIED. ) ;
#54 = DIRECTION ( 'NONE',  ( -0.000000000000000000, 0.000000000000000000, -1.000000000000000000 ) ) ;
#55 = VERTEX_POINT ( 'NONE', #1125 ) ;
#56 = CARTESIAN_POINT ( 'NONE',  ( -14.76653138750229033, -10.05551718838598418, 1.583333333333330151 ) ) ;
#57 = CARTESIAN_POINT ( 'NONE',  ( -14.99999999999999822, -8.227241335952170331, 4.749999999999995559 ) ) ;
#58 = ADVANCED_FACE ( 'NONE', ( #468 ), #1158, .T. ) ;
#59 = CARTESIAN_POINT ( 'NONE',  ( -7.534910716352538174, 5.484827557301442447, 9.500000000000003553 ) ) ;
#60 = ORIENTED_EDGE ( 'NONE', *, *, #1091, .T. ) ;
#61 = PRODUCT ( '活塞杆', '活塞杆', '', ( #1184 ) ) ;
#62 = LINE ( 'NONE', #410, #442 ) ;
#63 = ADVANCED_FACE ( 'NONE', ( #163 ), #244, .T. ) ;
#64 = LINE ( 'NONE', #1301, #860 ) ;
#65 = MECHANICAL_DESIGN_GEOMETRIC_PRESENTATION_REPRESENTATION (  '', ( #1296 ), #1086 ) ;
#66 = ORIENTED_EDGE ( 'NONE', *, *, #1259, .T. ) ;
#67 = PRODUCT_DEFINITION_CONTEXT ( 'detailed design', #649, 'design' ) ;
#68 = CARTESIAN_POINT ( 'NONE',  ( -7.000000000000000000, -8.684310299060623350, 3.958333333333330373 ) ) ;
#69 = SHAPE_DEFINITION_REPRESENTATION ( #996, #304 ) ;
#70 = DIRECTION ( 'NONE',  ( 0.000000000000000000, 0.000000000000000000, -1.000000000000000000 ) ) ;
#71 = EDGE_CURVE ( 'NONE', #1341, #987, #527, .T. ) ;
#72 = VERTEX_POINT ( 'NONE', #879 ) ;
#73 = MECHANICAL_DESIGN_GEOMETRIC_PRESENTATION_REPRESENTATION (  '', ( #1349 ), #643 ) ;
#74 = AXIS2_PLACEMENT_3D ( 'NONE', #1368, #687, #465 ) ;
#75 = CARTESIAN_POINT ( 'NONE',  ( -14.46508928364746183, -5.484827557301445111, -9.500000000000001776 ) ) ;
#76 = APPLICATION_PROTOCOL_DEFINITION ( 'draft international standard', 'automotive_design', 1998, #298 ) ;
#77 = DIRECTION ( 'NONE',  ( -1.826024711554534160E-16, 1.000000000000000000, 0.000000000000000000 ) ) ;
#78 = DIRECTION ( 'NONE',  ( 0.000000000000000000, 3.162767576288755907E-16, -1.000000000000000000 ) ) ;
#79 = EDGE_CURVE ( 'NONE', #1457, #598, #424, .T. ) ;
#80 = VECTOR ( 'NONE', #1381, 1000.000000000000000 ) ;
#81 =( LENGTH_UNIT ( ) NAMED_UNIT ( * ) SI_UNIT ( .MILLI., .METRE. ) );
#82 = CARTESIAN_POINT ( 'NONE',  ( -7.368551218774140210, -5.941896520409902571, 8.708333333333328596 ) ) ;
#83 = CARTESIAN_POINT ( 'NONE',  ( -15.00000000000000000, 1.167658998753286896E-15, -9.499999999999998224 ) ) ;
#84 = DIRECTION ( 'NONE',  ( 1.000000000000000000, 0.000000000000000000, 0.000000000000000000 ) ) ;
#85 = VERTEX_POINT ( 'NONE', #345 ) ;
#86 = DIRECTION ( 'NONE',  ( 1.000000000000000000, 0.000000000000000000, -0.000000000000000000 ) ) ;
#87 = DIRECTION ( 'NONE',  ( -1.826024711554534160E-16, 1.000000000000000000, 0.000000000000000000 ) ) ;
#88 = DIRECTION ( 'NONE',  ( 0.000000000000000000, 1.776356839400250465E-15, -1.000000000000000000 ) ) ;
#89 = CARTESIAN_POINT ( 'NONE',  ( -7.233601381070864811, -3.657743686190618071, -9.500000000000001776 ) ) ;
#90 = CARTESIAN_POINT ( 'NONE',  ( -7.534910716352538174, 5.484827557301448664, -9.499999999999998224 ) ) ;
#91 = ORIENTED_EDGE ( 'NONE', *, *, #157, .T. ) ;
#92 = AXIS2_PLACEMENT_3D ( 'NONE', #1402, #1311, #305 ) ;
#93 = EDGE_LOOP ( 'NONE', ( #680, #8, #582, #1439, #498, #1420 ) ) ;
#94 = AXIS2_PLACEMENT_3D ( 'NONE', #207, #1114, #549 ) ;
#95 = CARTESIAN_POINT ( 'NONE',  ( -7.000000000000000000, -1.347111479062088207E-15, -2.706596236432549049E-15 ) ) ;
#96 = CARTESIAN_POINT ( 'NONE',  ( -15.00000000000000000, -1.836970198721029194E-15, 0.000000000000000000 ) ) ;
#97 = CARTESIAN_POINT ( 'NONE',  ( -7.368551218774143763, 5.941896520409896354, 8.708333333333335702 ) ) ;
#98 = ADVANCED_FACE ( 'NONE', ( #210 ), #1102, .T. ) ;
#99 = FACE_OUTER_BOUND ( 'NONE', #1012, .T. ) ;
#100 = EDGE_LOOP ( 'NONE', ( #698, #1441, #704, #1261, #1162, #357 ) ) ;
#101 = PLANE ( 'NONE',  #1424 ) ;
#102 = EDGE_LOOP ( 'NONE', ( #1309, #891, #350, #580 ) ) ;
#103 = FILL_AREA_STYLE_COLOUR ( '', #516 ) ;
#104 = CARTESIAN_POINT ( 'NONE',  ( -31.00000000000000000, 6.190376000719721539E-16, -9.899494936611667129 ) ) ;
#105 = CARTESIAN_POINT ( 'NONE',  ( -31.00000000000000000, -1.218486099992921470E-16, 9.899494936611665352 ) ) ;
#106 = CIRCLE ( 'NONE', #200, 7.000000000000000000 ) ;
#107 = LINE ( 'NONE', #347, #1028 ) ;
#108 = ORIENTED_EDGE ( 'NONE', *, *, #939, .F. ) ;
#109 = CARTESIAN_POINT ( 'NONE',  ( -14.46508928364747426, -5.484827557301456658, 9.500000000000000000 ) ) ;
#110 = ORIENTED_EDGE ( 'NONE', *, *, #1212, .T. ) ;
#111 =( NAMED_UNIT ( * ) PLANE_ANGLE_UNIT ( ) SI_UNIT ( $, .RADIAN. ) );
#112 = DIRECTION ( 'NONE',  ( 1.000000000000000000, -0.000000000000000000, -0.000000000000000000 ) ) ;
#113 = PLANE ( 'NONE',  #599 ) ;
#114 = EDGE_CURVE ( 'NONE', #570, #598, #46, .T. ) ;
#115 = CARTESIAN_POINT ( 'NONE',  ( -23.02529732921941275, -5.431294214719054381, -4.468200721892611860 ) ) ;
#116 = VERTEX_POINT ( 'NONE', #665 ) ;
#117 = ORIENTED_EDGE ( 'NONE', *, *, #223, .T. ) ;
#118 = CARTESIAN_POINT ( 'NONE',  ( -23.12098822972579271, -3.996478004324587996, 5.903016932287078689 ) ) ;
#119 = PRESENTATION_STYLE_ASSIGNMENT (( #1265 ) ) ;
#120 = CARTESIAN_POINT ( 'NONE',  ( -23.85263150848623326, 7.473114796985153241, -2.426380139626516552 ) ) ;
#121 = EDGE_LOOP ( 'NONE', ( #1131, #547, #60, #1151 ) ) ;
#122 = EDGE_CURVE ( 'NONE', #688, #512, #106, .T. ) ;
#123 = CARTESIAN_POINT ( 'NONE',  ( -31.00000000000000000, -1.218486099992921470E-16, 9.899494936611665352 ) ) ;
#124 = EDGE_LOOP ( 'NONE', ( #35, #108, #850, #524, #557 ) ) ;
#125 = ORIENTED_EDGE ( 'NONE', *, *, #644, .F. ) ;
#126 = CARTESIAN_POINT ( 'NONE',  ( -7.233468612497708783, 6.398965483518354702, -7.916666666666666963 ) ) ;
#127 = DIRECTION ( 'NONE',  ( 0.000000000000000000, -0.7071067811865476838, 0.7071067811865474617 ) ) ;
#128 = CONICAL_SURFACE ( 'NONE', #322, 8.000000000000000000, 0.7853981633974447263 ) ;
#129 = AXIS2_PLACEMENT_3D ( 'NONE', #96, #1338, #332 ) ;
#130 = SURFACE_SIDE_STYLE ('',( #595 ) ) ;
#131 = DIRECTION ( 'NONE',  ( 1.000000000000000000, 0.000000000000000000, 0.000000000000000000 ) ) ;
#132 = LINE ( 'NONE', #822, #908 ) ;
#133 = ORIENTED_EDGE ( 'NONE', *, *, #1195, .T. ) ;
#134 = ORIENTED_EDGE ( 'NONE', *, *, #122, .T. ) ;
#135 = CARTESIAN_POINT ( 'NONE',  ( -7.000000000000000000, 1.657517718412228475E-15, -9.499999999999998224 ) ) ;
#136 = CARTESIAN_POINT ( 'NONE',  ( -23.09811878275159103, -5.892126876617506781, 4.007368059994157683 ) ) ;
#137 = EDGE_CURVE ( 'NONE', #1041, #340, #610, .T. ) ;
#138 = CARTESIAN_POINT ( 'NONE',  ( -14.46508928364746183, 5.484827557301442447, 9.500000000000003553 ) ) ;
#139 = AXIS2_PLACEMENT_3D ( 'NONE', #914, #154, #469 ) ;
#140 = DIRECTION ( 'NONE',  ( -1.000000000000000000, -0.000000000000000000, 0.000000000000000000 ) ) ;
#141 = ORIENTED_EDGE ( 'NONE', *, *, #22, .T. ) ;
#142 = VERTEX_POINT ( 'NONE', #535 ) ;
#143 = ORIENTED_EDGE ( 'NONE', *, *, #777, .T. ) ;
#144 = CARTESIAN_POINT ( 'NONE',  ( -23.45592076301180740, -3.082407437703880149, 6.817087498907785204 ) ) ;
#145 = CYLINDRICAL_SURFACE ( 'NONE', #395, 7.000000000000000000 ) ;
#146 = EDGE_CURVE ( 'NONE', #1115, #273, #277, .T. ) ;
#147 = FACE_OUTER_BOUND ( 'NONE', #121, .T. ) ;
#148 = AXIS2_PLACEMENT_3D ( 'NONE', #876, #529, #761 ) ;
#149 = DIRECTION ( 'NONE',  ( 1.000000000000000000, 0.000000000000000000, 0.000000000000000000 ) ) ;
#150 = CONICAL_SURFACE ( 'NONE', #719, 8.000000000000000000, 0.7853981633974447263 ) ;
#151 = DIRECTION ( 'NONE',  ( -1.000000000000000000, -0.000000000000000000, 0.000000000000000000 ) ) ;
#152 = EDGE_LOOP ( 'NONE', ( #1303, #1182 ) ) ;
#153 = ORIENTED_EDGE ( 'NONE', *, *, #1408, .F. ) ;
#154 = DIRECTION ( 'NONE',  ( -1.000000000000000000, -1.224646799147352961E-16, 0.000000000000000000 ) ) ;
#155 = DIRECTION ( 'NONE',  ( 0.000000000000000000, 0.7071067811865474617, 0.7071067811865476838 ) ) ;
#156 = VECTOR ( 'NONE', #1110, 1000.000000000000000 ) ;
#157 = EDGE_CURVE ( 'NONE', #795, #26, #437, .T. ) ;
#158 = DIRECTION ( 'NONE',  ( 0.000000000000000000, 0.000000000000000000, -1.000000000000000000 ) ) ;
#159 = ORIENTED_EDGE ( 'NONE', *, *, #613, .F. ) ;
#160 = DIRECTION ( 'NONE',  ( 0.000000000000000000, 0.000000000000000000, -1.000000000000000000 ) ) ;
#161 = AXIS2_PLACEMENT_3D ( 'NONE', #899, #436, #87 ) ;
#162 = DIRECTION ( 'NONE',  ( 1.000000000000000000, -0.000000000000000000, -0.000000000000000000 ) ) ;
#163 = FACE_OUTER_BOUND ( 'NONE', #279, .T. ) ;
#164 = CIRCLE ( 'NONE', #947, 8.000000000000000000 ) ;
#165 = EDGE_CURVE ( 'NONE', #716, #1379, #341, .T. ) ;
#166 = CARTESIAN_POINT ( 'NONE',  ( -14.99999999999999822, -8.227241335952165002, -4.750000000000003553 ) ) ;
#167 = EDGE_LOOP ( 'NONE', ( #1401, #1404 ) ) ;
#168 = DIRECTION ( 'NONE',  ( 0.000000000000000000, 0.000000000000000000, 1.000000000000000000 ) ) ;
#169 = FILL_AREA_STYLE_COLOUR ( '', #1321 ) ;
#170 = CARTESIAN_POINT ( 'NONE',  ( -7.534910716352535509, -10.96965511460289200, -2.205988534424650260E-15 ) ) ;
#171 = CIRCLE ( 'NONE', #457, 8.000000000000000000 ) ;
#172 = PRESENTATION_LAYER_ASSIGNMENT (  '', '', ( #1349 ) ) ;
#173 = CONICAL_SURFACE ( 'NONE', #1002, 9.499999999999998224, 1.221730476396030163 ) ;
#174 = CONICAL_SURFACE ( 'NONE', #523, 20.48990967781846706, 1.221730476396030163 ) ;
#175 = ORIENTED_EDGE ( 'NONE', *, *, #1342, .F. ) ;
#176 = EDGE_CURVE ( 'NONE', #1262, #1063, #1039, .T. ) ;
#177 = DIRECTION ( 'NONE',  ( 0.000000000000000000, 0.000000000000000000, -1.000000000000000000 ) ) ;
#178 = CARTESIAN_POINT ( 'NONE',  ( 0.000000000000000000, 0.000000000000000000, 0.000000000000000000 ) ) ;
#179 = PLANE ( 'NONE',  #814 ) ;
#180 = VERTEX_POINT ( 'NONE', #1430 ) ;
#181 = CARTESIAN_POINT ( 'NONE',  ( -24.00000000000000711, 0.000000000000000000, 0.000000000000000000 ) ) ;
#182 = DIRECTION ( 'NONE',  ( 1.000000000000000000, 0.000000000000000000, 0.000000000000000000 ) ) ;
#183 = CARTESIAN_POINT ( 'NONE',  ( -24.00000000000000711, -7.688360255831662826, -2.211134680780001638 ) ) ;
#184 = ADVANCED_FACE ( 'NONE', ( #1118 ), #1451, .T. ) ;
#185 = VECTOR ( 'NONE', #1307, 1000.000000000000000 ) ;
#186 = VERTEX_POINT ( 'NONE', #453 ) ;
#187 = CIRCLE ( 'NONE', #1299, 8.000000000000000000 ) ;
#188 = DIRECTION ( 'NONE',  ( 0.000000000000000000, 0.000000000000000000, -1.000000000000000000 ) ) ;
#189 =( NAMED_UNIT ( * ) PLANE_ANGLE_UNIT ( ) SI_UNIT ( $, .RADIAN. ) );
#190 = FACE_OUTER_BOUND ( 'NONE', #335, .T. ) ;
#191 = EDGE_CURVE ( 'NONE', #55, #716, #765, .T. ) ;
#192 = DIRECTION ( 'NONE',  ( -1.000000000000000000, -0.000000000000000000, -0.000000000000000000 ) ) ;
#193 = ORIENTED_EDGE ( 'NONE', *, *, #999, .F. ) ;
#194 = AXIS2_PLACEMENT_3D ( 'NONE', #1104, #84, #537 ) ;
#195 = FACE_OUTER_BOUND ( 'NONE', #367, .T. ) ;
#196 = DIRECTION ( 'NONE',  ( 0.000000000000000000, 0.000000000000000000, 1.000000000000000000 ) ) ;
#197 = CARTESIAN_POINT ( 'NONE',  ( -23.19101683477032694, 3.765155997203450067, -6.134338939408217506 ) ) ;
#198 = FACE_OUTER_BOUND ( 'NONE', #932, .T. ) ;
#199 = EDGE_LOOP ( 'NONE', ( #910, #477, #815, #1318, #493, #1426 ) ) ;
#200 = AXIS2_PLACEMENT_3D ( 'NONE', #781, #792, #1132 ) ;
#201 = CARTESIAN_POINT ( 'NONE',  ( -14.76639861892913608, -3.657743686190617627, -9.500000000000000000 ) ) ;
#202 = DIRECTION ( 'NONE',  ( 0.000000000000000000, 0.7071067811865475727, 0.7071067811865474617 ) ) ;
#203 = CARTESIAN_POINT ( 'NONE',  ( -7.369489467817598616, -4.575845267205992606, -9.500000000000001776 ) ) ;
#204 = CARTESIAN_POINT ( 'NONE',  ( -134.0000000000000000, -7.688360255831662826, -2.211134680780001194 ) ) ;
#205 = ORIENTED_EDGE ( 'NONE', *, *, #960, .F. ) ;
#206 = ADVANCED_FACE ( 'NONE', ( #1209 ), #768, .T. ) ;
#207 = CARTESIAN_POINT ( 'NONE',  ( -23.00000000000000000, 0.000000000000000000, 0.000000000000000000 ) ) ;
#208 = VERTEX_POINT ( 'NONE', #1126 ) ;
#209 = ORIENTED_EDGE ( 'NONE', *, *, #1128, .T. ) ;
#210 = FACE_OUTER_BOUND ( 'NONE', #124, .T. ) ;
#211 = CARTESIAN_POINT ( 'NONE',  ( -7.534910716352523963, -5.484827557301453105, -9.500000000000001776 ) ) ;
#212 = CARTESIAN_POINT ( 'NONE',  ( -23.00000000000000000, 0.000000000000000000, 0.000000000000000000 ) ) ;
#213 = EDGE_LOOP ( 'NONE', ( #703, #472 ) ) ;
#214 = CIRCLE ( 'NONE', #695, 9.499999999999998224 ) ;
#215 = PRESENTATION_STYLE_ASSIGNMENT (( #1221 ) ) ;
#216 = AXIS2_PLACEMENT_3D ( 'NONE', #871, #501, #1406 ) ;
#217 = ORIENTED_EDGE ( 'NONE', *, *, #230, .F. ) ;
#218 = EDGE_CURVE ( 'NONE', #1341, #1138, #1359, .T. ) ;
#219 = CIRCLE ( 'NONE', #414, 9.499999999999998224 ) ;
#220 = DIRECTION ( 'NONE',  ( -0.7071067811865513475, 8.659560562354886020E-17, -0.7071067811865436870 ) ) ;
#221 = DIRECTION ( 'NONE',  ( -1.000000000000000000, -0.000000000000000000, -0.000000000000000000 ) ) ;
#222 = CARTESIAN_POINT ( 'NONE',  ( -14.63144878122586157, 5.941896520409903459, -8.708333333333333925 ) ) ;
#223 = EDGE_CURVE ( 'NONE', #662, #208, #674, .T. ) ;
#224 = CARTESIAN_POINT ( 'NONE',  ( -7.534910716352538174, 10.96965511460288845, 2.284788142832531432E-15 ) ) ;
#225 = EDGE_LOOP ( 'NONE', ( #1228, #863, #982 ) ) ;
#226 = CARTESIAN_POINT ( 'NONE',  ( -134.0000000000000000, 0.000000000000000000, -8.000000000000000000 ) ) ;
#227 = ORIENTED_EDGE ( 'NONE', *, *, #326, .F. ) ;
#228 = CARTESIAN_POINT ( 'NONE',  ( 0.000000000000000000, 7.788753642577156054E-16, -6.359999999999991438 ) ) ;
#229 = DIRECTION ( 'NONE',  ( 0.000000000000000000, 0.7071067811865474617, -0.7071067811865475727 ) ) ;
#230 = EDGE_CURVE ( 'NONE', #532, #180, #1346, .T. ) ;
#231 = DIRECTION ( 'NONE',  ( 0.000000000000000000, -0.5000000000000000000, 0.8660254037844385966 ) ) ;
#232 = LINE ( 'NONE', #597, #933 ) ;
#233 = ORIENTED_EDGE ( 'NONE', *, *, #79, .T. ) ;
#234 = CARTESIAN_POINT ( 'NONE',  ( -6.999999999999998224, 0.9154795386396549217, -9.500000000000000000 ) ) ;
#235 = CARTESIAN_POINT ( 'NONE',  ( -7.369489467817336603, -4.575845267204551980, 9.500000000000001776 ) ) ;
#236 = CARTESIAN_POINT ( 'NONE',  ( -23.00000000000000000, 4.949747468305833564, -4.949747468305835341 ) ) ;
#237 = EDGE_CURVE ( 'NONE', #1057, #1332, #1356, .T. ) ;
#238 = CARTESIAN_POINT ( 'NONE',  ( -15.00000000000000000, -4.841599396195348046E-15, 9.499999999999998224 ) ) ;
#239 = ORIENTED_EDGE ( 'NONE', *, *, #218, .T. ) ;
#240 = CARTESIAN_POINT ( 'NONE',  ( -134.0000000000000000, -2.211134680780003858, -7.688360255831661050 ) ) ;
#241 = CARTESIAN_POINT ( 'NONE',  ( -23.00000000000000000, -5.424949907829211604, 4.474545028782448419 ) ) ;
#242 = VECTOR ( 'NONE', #1249, 1000.000000000000000 ) ;
#243 = CARTESIAN_POINT ( 'NONE',  ( -15.00000000000000000, -10.96965511460289200, -1.826366052042385788E-15 ) ) ;
#244 = PLANE ( 'NONE',  #685 ) ;
#245 = DIRECTION ( 'NONE',  ( -1.000000000000000000, -1.224646799147352961E-16, 0.000000000000000000 ) ) ;
#246 = ORIENTED_EDGE ( 'NONE', *, *, #256, .F. ) ;
#247 = ORIENTED_EDGE ( 'NONE', *, *, #748, .T. ) ;
#248 = CARTESIAN_POINT ( 'NONE',  ( -23.19101683477033404, -3.765155997203447846, 6.134338939408215730 ) ) ;
#249 = CARTESIAN_POINT ( 'NONE',  ( -7.369065502127121192, 4.573515594883546420, 9.500000000000001776 ) ) ;
#250 = B_SPLINE_CURVE_WITH_KNOTS ( 'NONE', 3,
 ( #534, #878, #661, #201, #990, #75 ),
 .UNSPECIFIED., .F., .F.,
 ( 4, 2, 4 ),
 ( 0.02850365586523017150, 0.03126007708518029754, 0.03401649830513042011 ),
 .UNSPECIFIED. ) ;
#251 = AXIS2_PLACEMENT_3D ( 'NONE', #1223, #1435, #885 ) ;
#252 = DIRECTION ( 'NONE',  ( 1.000000000000000000, 0.000000000000000000, 0.000000000000000000 ) ) ;
#253 = CARTESIAN_POINT ( 'NONE',  ( -31.00000000000000000, 0.000000000000000000, 0.000000000000000000 ) ) ;
#254 = ORIENTED_EDGE ( 'NONE', *, *, #1333, .T. ) ;
#255 = EDGE_LOOP ( 'NONE', ( #466, #1270, #125, #670, #390 ) ) ;
#256 = EDGE_CURVE ( 'NONE', #307, #987, #918, .T. ) ;
#257 = CARTESIAN_POINT ( 'NONE',  ( -23.02529732921941630, -4.468200721892614524, 5.431294214719050828 ) ) ;
#258 = CIRCLE ( 'NONE', #1449, 6.359999999999991438 ) ;
#259 = CARTESIAN_POINT ( 'NONE',  ( -23.00000000000000000, 0.000000000000000000, 0.000000000000000000 ) ) ;
#260 = AXIS2_PLACEMENT_3D ( 'NONE', #398, #615, #177 ) ;
#261 = DIRECTION ( 'NONE',  ( -1.000000000000000000, -0.000000000000000000, 0.000000000000000000 ) ) ;
#262 = ORIENTED_EDGE ( 'NONE', *, *, #218, .F. ) ;
#263 = ORIENTED_EDGE ( 'NONE', *, *, #694, .T. ) ;
#264 = DIRECTION ( 'NONE',  ( 1.000000000000000000, -0.000000000000000000, -0.000000000000000000 ) ) ;
#265 = DIRECTION ( 'NONE',  ( 0.000000000000000000, 5.329070518200751394E-15, -1.000000000000000000 ) ) ;
#266 = DIRECTION ( 'NONE',  ( -1.000000000000000000, 0.000000000000000000, 0.000000000000000000 ) ) ;
#267 = AXIS2_PLACEMENT_3D ( 'NONE', #1027, #677, #1217 ) ;
#268 = CARTESIAN_POINT ( 'NONE',  ( -23.00000000000000000, 0.000000000000000000, 0.000000000000000000 ) ) ;
#269 = AXIS2_PLACEMENT_3D ( 'NONE', #105, #800, #1018 ) ;
#270 = AXIS2_PLACEMENT_3D ( 'NONE', #349, #245, #804 ) ;
#271 = B_SPLINE_CURVE_WITH_KNOTS ( 'NONE', 3,
 ( #480, #936, #378, #1273, #301, #747 ),
 .UNSPECIFIED., .F., .F.,
 ( 4, 2, 4 ),
 ( 0.005485058497409121825, 0.008227472276059841216, 0.01096988605471056234 ),
 .UNSPECIFIED. ) ;
#272 = DIRECTION ( 'NONE',  ( 1.000000000000000000, 0.000000000000000000, -0.000000000000000000 ) ) ;
#273 = VERTEX_POINT ( 'NONE', #690 ) ;
#274 = DIRECTION ( 'NONE',  ( 0.000000000000000000, 0.000000000000000000, 1.000000000000000000 ) ) ;
#275 =( NAMED_UNIT ( * ) SI_UNIT ( $, .STERADIAN. ) SOLID_ANGLE_UNIT ( ) );
#276 = EDGE_CURVE ( 'NONE', #583, #917, #1146, .T. ) ;
#277 = CIRCLE ( 'NONE', #380, 7.000000000000000000 ) ;
#278 = DIRECTION ( 'NONE',  ( 0.000000000000000000, 0.000000000000000000, -1.000000000000000000 ) ) ;
#279 = EDGE_LOOP ( 'NONE', ( #949, #282 ) ) ;
#280 = DIRECTION ( 'NONE',  ( -1.000000000000000000, -0.000000000000000000, 0.000000000000000000 ) ) ;
#281 = AXIS2_PLACEMENT_3D ( 'NONE', #95, #673, #1117 ) ;
#282 = ORIENTED_EDGE ( 'NONE', *, *, #604, .F. ) ;
#283 = LINE ( 'NONE', #289, #785 ) ;
#284 = EDGE_CURVE ( 'NONE', #1123, #340, #992, .T. ) ;
#285 = B_SPLINE_CURVE_WITH_KNOTS ( 'NONE', 3,
 ( #1066, #47, #496, #954, #420, #737 ),
 .UNSPECIFIED., .F., .F.,
 ( 4, 2, 4 ),
 ( 2.309401076763871681E-07, 0.002742644718758397663, 0.005485058497409118355 ),
 .UNSPECIFIED. ) ;
#286 = ORIENTED_EDGE ( 'NONE', *, *, #1455, .T. ) ;
#287 = EDGE_CURVE ( 'NONE', #1124, #1332, #1429, .T. ) ;
#288 = DIRECTION ( 'NONE',  ( 1.000000000000000000, -0.000000000000000000, -0.000000000000000000 ) ) ;
#289 = CARTESIAN_POINT ( 'NONE',  ( -15.00000000000000000, 5.484827557301442447, 9.500000000000003553 ) ) ;
#290 = COLOUR_RGB ( '',1.000000000000000000, 1.000000000000000000, 1.000000000000000000 ) ;
#291 = CIRCLE ( 'NONE', #762, 7.000000000000000000 ) ;
#292 = AXIS2_PLACEMENT_3D ( 'NONE', #15, #919, #486 ) ;
#293 =( GEOMETRIC_REPRESENTATION_CONTEXT ( 3 ) GLOBAL_UNCERTAINTY_ASSIGNED_CONTEXT ( ( #988 ) ) GLOBAL_UNIT_ASSIGNED_CONTEXT ( ( #302, #639, #852 ) ) REPRESENTATION_CONTEXT ( 'NONE', 'WORKASPACE' ) );
#294 = VERTEX_POINT ( 'NONE', #601 ) ;
#295 = ADVANCED_FACE ( 'NONE', ( #1388 ), #362, .T. ) ;
#296 = DIRECTION ( 'NONE',  ( -1.000000000000000000, 0.000000000000000000, 0.000000000000000000 ) ) ;
#297 = PLANE ( 'NONE',  #1417 ) ;
#298 = APPLICATION_CONTEXT ( 'automotive_design' ) ;
#299 = CARTESIAN_POINT ( 'NONE',  ( -14.76653138750229211, 6.398965483518350261, 7.916666666666668739 ) ) ;
#300 = ORIENTED_EDGE ( 'NONE', *, *, #594, .T. ) ;
#301 = CARTESIAN_POINT ( 'NONE',  ( -7.368551218774141098, -5.941896520409902571, -8.708333333333332149 ) ) ;
#302 =( LENGTH_UNIT ( ) NAMED_UNIT ( * ) SI_UNIT ( .MILLI., .METRE. ) );
#303 = EDGE_CURVE ( 'NONE', #920, #1256, #1136, .T. ) ;
#304 = ADVANCED_BREP_SHAPE_REPRESENTATION ( '活塞杆', ( #1292, #482 ), #1029 ) ;
#305 = DIRECTION ( 'NONE',  ( 0.000000000000000000, 0.000000000000000000, 1.000000000000000000 ) ) ;
#306 = CARTESIAN_POINT ( 'NONE',  ( 0.000000000000000000, 0.000000000000000000, 0.000000000000000000 ) ) ;
#307 = VERTEX_POINT ( 'NONE', #830 ) ;
#308 = CIRCLE ( 'NONE', #1200, 9.500000000000000000 ) ;
#309 = CARTESIAN_POINT ( 'NONE',  ( -14.76653138750228855, -10.05551718838598241, -1.583333333333334147 ) ) ;
#310 = CARTESIAN_POINT ( 'NONE',  ( -15.00000000000000000, -10.96965511460289200, -1.826366052042385788E-15 ) ) ;
#311 = DIRECTION ( 'NONE',  ( 0.000000000000000000, 0.000000000000000000, -1.000000000000000000 ) ) ;
#312 = DIRECTION ( 'NONE',  ( 0.000000000000000000, 1.000000000000000000, 3.162767576288755907E-16 ) ) ;
#313 = ORIENTED_EDGE ( 'NONE', *, *, #1218, .T. ) ;
#314 =( GEOMETRIC_REPRESENTATION_CONTEXT ( 3 ) GLOBAL_UNCERTAINTY_ASSIGNED_CONTEXT ( ( #1081 ) ) GLOBAL_UNIT_ASSIGNED_CONTEXT ( ( #12, #1365, #371 ) ) REPRESENTATION_CONTEXT ( 'NONE', 'WORKASPACE' ) );
#315 = CARTESIAN_POINT ( 'NONE',  ( -15.00000000000000178, 8.227241335952165002, -4.749999999999998224 ) ) ;
#316 = DIRECTION ( 'NONE',  ( 1.000000000000000000, 1.224646799147352961E-16, -0.000000000000000000 ) ) ;
#317 = DIRECTION ( 'NONE',  ( 0.000000000000000000, 0.000000000000000000, -1.000000000000000000 ) ) ;
#318 = CARTESIAN_POINT ( 'NONE',  ( -14.63144878122585801, -5.941896520409904348, 8.708333333333328596 ) ) ;
#319 = EDGE_CURVE ( 'NONE', #26, #397, #187, .T. ) ;
#320 = B_SPLINE_CURVE_WITH_KNOTS ( 'NONE', 3,
 ( #847, #984, #299, #1096, #758, #1202 ),
 .UNSPECIFIED., .F., .F.,
 ( 4, 2, 4 ),
 ( 2.309401076763871681E-07, 0.002742644718758402433, 0.005485058497409127896 ),
 .UNSPECIFIED. ) ;
#321 = ORIENTED_EDGE ( 'NONE', *, *, #342, .F. ) ;
#322 = AXIS2_PLACEMENT_3D ( 'NONE', #181, #865, #1183 ) ;
#323 = EDGE_LOOP ( 'NONE', ( #330, #373, #313 ) ) ;
#324 = CARTESIAN_POINT ( 'NONE',  ( -23.00000000000000355, 5.188831216194974338, 4.710663720416693678 ) ) ;
#325 = FACE_OUTER_BOUND ( 'NONE', #1362, .T. ) ;
#326 = EDGE_CURVE ( 'NONE', #987, #397, #417, .T. ) ;
#327 = ORIENTED_EDGE ( 'NONE', *, *, #604, .T. ) ;
#328 = CARTESIAN_POINT ( 'NONE',  ( -14.99999999999999822, -8.227241335952165002, -4.750000000000003553 ) ) ;
#329 = CARTESIAN_POINT ( 'NONE',  ( -24.00000000000000711, 7.688360255831661938, 2.211134680780005635 ) ) ;
#330 = ORIENTED_EDGE ( 'NONE', *, *, #499, .F. ) ;
#331 = ORIENTED_EDGE ( 'NONE', *, *, #874, .F. ) ;
#332 = DIRECTION ( 'NONE',  ( -1.826024711554534160E-16, 1.000000000000000000, 0.000000000000000000 ) ) ;
#333 = CARTESIAN_POINT ( 'NONE',  ( -7.048857340396441629, -1.827884120639823751, -9.500000000000001776 ) ) ;
#334 = CARTESIAN_POINT ( 'NONE',  ( -23.36462318425882145, 6.583132229654897749, -3.316362706956772932 ) ) ;
#335 = EDGE_LOOP ( 'NONE', ( #246, #1387, #262, #1198 ) ) ;
#336 = CONICAL_SURFACE ( 'NONE', #3, 9.499999999999998224, 1.221730476396030163 ) ;
#337 = CARTESIAN_POINT ( 'NONE',  ( -7.048909320596372652, -9.141379262169076370, -3.166666666666668739 ) ) ;
#338 = AXIS2_PLACEMENT_3D ( 'NONE', #1315, #412, #70 ) ;
#339 = VERTEX_POINT ( 'NONE', #1247 ) ;
#340 = VERTEX_POINT ( 'NONE', #1364 ) ;
#341 = B_SPLINE_CURVE_WITH_KNOTS ( 'NONE', 3,
 ( #1025, #82, #567, #1314, #873, #1322 ),
 .UNSPECIFIED., .F., .F.,
 ( 4, 2, 4 ),
 ( 2.309401076806928484E-07, 0.002742644718758402867, 0.005485058497409124427 ),
 .UNSPECIFIED. ) ;
#342 = EDGE_CURVE ( 'NONE', #339, #920, #1438, .T. ) ;
#343 = VECTOR ( 'NONE', #1046, 999.9999999999998863 ) ;
#344 = SURFACE_STYLE_USAGE ( .BOTH. , #1450 ) ;
#345 = CARTESIAN_POINT ( 'NONE',  ( -7.534910716352523963, -5.484827557301453105, -9.500000000000001776 ) ) ;
#346 =( NAMED_UNIT ( * ) SI_UNIT ( $, .STERADIAN. ) SOLID_ANGLE_UNIT ( ) );
#347 = CARTESIAN_POINT ( 'NONE',  ( -31.00000000000000000, -9.899494936611663576, -1.066426425723759280E-15 ) ) ;
#348 = ORIENTED_EDGE ( 'NONE', *, *, #627, .F. ) ;
#349 = CARTESIAN_POINT ( 'NONE',  ( -11.00000000000000000, -1.347111479062088207E-15, 0.000000000000000000 ) ) ;
#350 = ORIENTED_EDGE ( 'NONE', *, *, #1091, .F. ) ;
#351 = AXIS2_PLACEMENT_3D ( 'NONE', #1231, #221, #196 ) ;
#352 = ORIENTED_EDGE ( 'NONE', *, *, #1290, .F. ) ;
#353 = CARTESIAN_POINT ( 'NONE',  ( -23.71637673478875996, 2.644705726995356443, 7.254789209616311574 ) ) ;
#354 = PRESENTATION_STYLE_ASSIGNMENT (( #1224 ) ) ;
#355 = EDGE_CURVE ( 'NONE', #421, #273, #18, .T. ) ;
#356 = CARTESIAN_POINT ( 'NONE',  ( -23.00000000000000000, 5.424949907829212492, -4.474545028782454636 ) ) ;
#357 = ORIENTED_EDGE ( 'NONE', *, *, #122, .F. ) ;
#358 = CARTESIAN_POINT ( 'NONE',  ( -14.76639861892966366, -3.657743686186806897, 9.500000000000001776 ) ) ;
#359 = ORIENTED_EDGE ( 'NONE', *, *, #951, .F. ) ;
#360 = CARTESIAN_POINT ( 'NONE',  ( -7.049047106787786454, 1.830246057849863162, -9.499999999999998224 ) ) ;
#361 = SURFACE_STYLE_FILL_AREA ( #923 ) ;
#362 = CONICAL_SURFACE ( 'NONE', #139, 20.48990967781846706, 1.221730476396030163 ) ;
#363 = CARTESIAN_POINT ( 'NONE',  ( -14.63093449787288236, 4.573515594883547308, 9.500000000000003553 ) ) ;
#364 = EDGE_CURVE ( 'NONE', #508, #920, #1264, .T. ) ;
#365 = CARTESIAN_POINT ( 'NONE',  ( -24.00000000000000711, -7.688360255831662826, -2.211134680780001638 ) ) ;
#366 = EDGE_LOOP ( 'NONE', ( #805, #227, #956, #209, #1386 ) ) ;
#367 = EDGE_LOOP ( 'NONE', ( #970, #348, #790, #786, #941, #444, #1222 ) ) ;
#368 = PRESENTATION_LAYER_ASSIGNMENT (  '', '', ( #977 ) ) ;
#369 = AXIS2_PLACEMENT_3D ( 'NONE', #481, #155, #127 ) ;
#370 = CARTESIAN_POINT ( 'NONE',  ( -7.000000000000001776, 7.770172372843714648, -5.541666666666664298 ) ) ;
#371 =( NAMED_UNIT ( * ) SI_UNIT ( $, .STERADIAN. ) SOLID_ANGLE_UNIT ( ) );
#372 = STYLED_ITEM ( 'NONE', ( #510 ), #304 ) ;
#373 = ORIENTED_EDGE ( 'NONE', *, *, #723, .F. ) ;
#374 = EDGE_CURVE ( 'NONE', #750, #85, #271, .T. ) ;
#375 = DIRECTION ( 'NONE',  ( 0.000000000000000000, 0.000000000000000000, -1.000000000000000000 ) ) ;
#376 = ORIENTED_EDGE ( 'NONE', *, *, #1212, .F. ) ;
#377 = ORIENTED_EDGE ( 'NONE', *, *, #114, .F. ) ;
#378 = CARTESIAN_POINT ( 'NONE',  ( -7.048909320596374428, -7.313103409735261629, -6.333333333333333925 ) ) ;
#379 = CARTESIAN_POINT ( 'NONE',  ( -6.999999999999999112, 8.572527594031473190E-16, 7.000000000000000000 ) ) ;
#380 = AXIS2_PLACEMENT_3D ( 'NONE', #542, #445, #423 ) ;
#381 = DIRECTION ( 'NONE',  ( -1.000000000000000000, 0.000000000000000000, 0.000000000000000000 ) ) ;
#382 = CARTESIAN_POINT ( 'NONE',  ( -15.00000000000000000, 8.572527594031473190E-16, 7.000000000000000000 ) ) ;
#383 = EDGE_LOOP ( 'NONE', ( #43, #133, #416, #739, #1023, #591 ) ) ;
#384 = ORIENTED_EDGE ( 'NONE', *, *, #1374, .F. ) ;
#385 = EDGE_CURVE ( 'NONE', #1379, #1063, #308, .T. ) ;
#386 = CARTESIAN_POINT ( 'NONE',  ( -7.368551218774141987, 5.941896520409902571, -8.708333333333332149 ) ) ;
#387 = DIRECTION ( 'NONE',  ( 0.000000000000000000, 0.8660254037844388186, -0.4999999999999996114 ) ) ;
#388 = LINE ( 'NONE', #1282, #907 ) ;
#389 = CARTESIAN_POINT ( 'NONE',  ( -6.999999999999999112, -8.227241335952163226, -4.750000000000001776 ) ) ;
#390 = ORIENTED_EDGE ( 'NONE', *, *, #999, .T. ) ;
#391 = CARTESIAN_POINT ( 'NONE',  ( -6.999999999999999112, -8.227241335952168555, 4.749999999999995559 ) ) ;
#392 = SURFACE_SIDE_STYLE ('',( #361 ) ) ;
#393 = EDGE_CURVE ( 'NONE', #867, #1375, #712, .T. ) ;
#394 = PRESENTATION_STYLE_ASSIGNMENT (( #1045 ) ) ;
#395 = AXIS2_PLACEMENT_3D ( 'NONE', #602, #38, #489 ) ;
#396 = DIRECTION ( 'NONE',  ( 0.000000000000000000, 0.000000000000000000, 1.000000000000000000 ) ) ;
#397 = VERTEX_POINT ( 'NONE', #751 ) ;
#398 = CARTESIAN_POINT ( 'NONE',  ( -6.999999999999999112, 0.000000000000000000, 0.000000000000000000 ) ) ;
#399 = DIRECTION ( 'NONE',  ( 0.000000000000000000, 0.7071067811865474617, -0.7071067811865476838 ) ) ;
#400 = ADVANCED_FACE ( 'NONE', ( #514 ), #1180, .T. ) ;
#401 = CARTESIAN_POINT ( 'NONE',  ( -15.00000000000000000, -1.836970198721029194E-15, 0.000000000000000000 ) ) ;
#402 = AXIS2_PLACEMENT_3D ( 'NONE', #959, #418, #274 ) ;
#403 = AXIS2_PLACEMENT_3D ( 'NONE', #1329, #316, #657 ) ;
#404 = DIRECTION ( 'NONE',  ( 0.000000000000000000, 0.000000000000000000, 1.000000000000000000 ) ) ;
#405 = EDGE_LOOP ( 'NONE', ( #561, #824, #352, #331, #117, #624 ) ) ;
#406 = DIRECTION ( 'NONE',  ( 0.3420201433256692125, 0.9396926207859083169, 0.000000000000000000 ) ) ;
#407 = LINE ( 'NONE', #1295, #1434 ) ;
#408 = EDGE_CURVE ( 'NONE', #1379, #1219, #531, .T. ) ;
#409 = VERTEX_POINT ( 'NONE', #520 ) ;
#410 = CARTESIAN_POINT ( 'NONE',  ( -15.00000000000000178, 9.499999999999996447, 0.000000000000000000 ) ) ;
#411 = FACE_OUTER_BOUND ( 'NONE', #1446, .T. ) ;
#412 = DIRECTION ( 'NONE',  ( -1.000000000000000000, -0.000000000000000000, 0.000000000000000000 ) ) ;
#413 = CIRCLE ( 'NONE', #194, 8.000000000000000000 ) ;
#414 = AXIS2_PLACEMENT_3D ( 'NONE', #1353, #715, #849 ) ;
#415 = EDGE_CURVE ( 'NONE', #142, #1226, #562, .T. ) ;
#416 = ORIENTED_EDGE ( 'NONE', *, *, #924, .F. ) ;
#417 = B_SPLINE_CURVE_WITH_KNOTS ( 'NONE', 3,
 ( #1279, #922, #929, #1, #462, #353, #1042, #799 ),
 .UNSPECIFIED., .F., .F.,
 ( 4, 2, 2, 4 ),
 ( 0.004004991407404279863, 0.005994845082752595089, 0.006989771920426752702, 0.007984698758100910315 ),
 .UNSPECIFIED. ) ;
#418 = DIRECTION ( 'NONE',  ( -1.000000000000000000, 0.000000000000000000, 0.000000000000000000 ) ) ;
#419 =( LENGTH_UNIT ( ) NAMED_UNIT ( * ) SI_UNIT ( .MILLI., .METRE. ) );
#420 = CARTESIAN_POINT ( 'NONE',  ( -14.99999999999999822, -7.770172372843713759, -5.541666666666669627 ) ) ;
#421 = VERTEX_POINT ( 'NONE', #1418 ) ;
#422 =( NAMED_UNIT ( * ) PLANE_ANGLE_UNIT ( ) SI_UNIT ( $, .RADIAN. ) );
#423 = DIRECTION ( 'NONE',  ( 0.000000000000000000, 0.000000000000000000, -1.000000000000000000 ) ) ;
#424 = CIRCLE ( 'NONE', #1044, 9.499999999999998224 ) ;
#425 = CARTESIAN_POINT ( 'NONE',  ( -23.00000000000000711, 4.710663720416691902, -5.188831216194977003 ) ) ;
#426 = CARTESIAN_POINT ( 'NONE',  ( -24.00000000000000711, 0.000000000000000000, 0.000000000000000000 ) ) ;
#427 = ORIENTED_EDGE ( 'NONE', *, *, #137, .F. ) ;
#428 = CARTESIAN_POINT ( 'NONE',  ( -7.000000000000000000, 8.227241335952166779, 4.749999999999998224 ) ) ;
#429 = CARTESIAN_POINT ( 'NONE',  ( -15.00000000000000000, -1.836970198721029194E-15, -3.196454956091490036E-15 ) ) ;
#430 = EDGE_CURVE ( 'NONE', #441, #421, #258, .T. ) ;
#431 = CARTESIAN_POINT ( 'NONE',  ( -15.00000000000000000, -1.836970198721029194E-15, -3.196454956091490036E-15 ) ) ;
#432 = ORIENTED_EDGE ( 'NONE', *, *, #284, .F. ) ;
#433 = AXIS2_PLACEMENT_3D ( 'NONE', #686, #1134, #1396 ) ;
#434 = MECHANICAL_DESIGN_GEOMETRIC_PRESENTATION_REPRESENTATION (  '', ( #372 ), #293 ) ;
#435 = ORIENTED_EDGE ( 'NONE', *, *, #9, .F. ) ;
#436 = DIRECTION ( 'NONE',  ( 1.000000000000000000, 1.224646799147352961E-16, -0.000000000000000000 ) ) ;
#437 = LINE ( 'NONE', #683, #1196 ) ;
#438 = FACE_OUTER_BOUND ( 'NONE', #213, .T. ) ;
#439 = ADVANCED_FACE ( 'NONE', ( #733 ), #1064, .T. ) ;
#440 = DIRECTION ( 'NONE',  ( 1.000000000000000000, 1.224646799147352961E-16, -0.000000000000000000 ) ) ;
#441 = VERTEX_POINT ( 'NONE', #1394 ) ;
#442 = VECTOR ( 'NONE', #406, 999.9999999999998863 ) ;
#443 = FILL_AREA_STYLE ('',( #983 ) ) ;
#444 = ORIENTED_EDGE ( 'NONE', *, *, #1203, .F. ) ;
#445 = DIRECTION ( 'NONE',  ( -1.000000000000000000, 0.000000000000000000, 0.000000000000000000 ) ) ;
#446 = CARTESIAN_POINT ( 'NONE',  ( -24.00000000000000711, 7.688360255831661938, 2.211134680780005635 ) ) ;
#447 = DIRECTION ( 'NONE',  ( -1.826024711554534160E-16, 1.000000000000000000, 0.000000000000000000 ) ) ;
#448 = ORIENTED_EDGE ( 'NONE', *, *, #701, .F. ) ;
#449 = ADVANCED_FACE ( 'NONE', ( #838 ), #500, .T. ) ;
#450 = CARTESIAN_POINT ( 'NONE',  ( -14.46508928364746005, -10.96965511460289200, -2.176434177215136198E-15 ) ) ;
#451 = ORIENTED_EDGE ( 'NONE', *, *, #319, .T. ) ;
#452 = FACE_OUTER_BOUND ( 'NONE', #323, .T. ) ;
#453 = CARTESIAN_POINT ( 'NONE',  ( -14.46508928364746183, 5.484827557301442447, 9.500000000000003553 ) ) ;
#454 = CARTESIAN_POINT ( 'NONE',  ( -7.000000000000000000, -4.351740676536406664E-15, 9.499999999999998224 ) ) ;
#455 = CARTESIAN_POINT ( 'NONE',  ( -14.46508928364747426, -5.484827557301456658, 9.500000000000000000 ) ) ;
#456 = ADVANCED_FACE ( 'NONE', ( #1175 ), #128, .T. ) ;
#457 = AXIS2_PLACEMENT_3D ( 'NONE', #1181, #843, #278 ) ;
#458 = DIRECTION ( 'NONE',  ( 0.000000000000000000, 0.000000000000000000, 1.000000000000000000 ) ) ;
#459 = CIRCLE ( 'NONE', #669, 9.499999999999998224 ) ;
#460 = ORIENTED_EDGE ( 'NONE', *, *, #829, .F. ) ;
#461 = AXIS2_PLACEMENT_3D ( 'NONE', #253, #827, #34 ) ;
#462 = CARTESIAN_POINT ( 'NONE',  ( -23.47252146258392003, 3.089298335172208532, 6.810196601439457709 ) ) ;
#463 = CARTESIAN_POINT ( 'NONE',  ( -7.534910716352523963, -5.484827557301456658, 9.500000000000000000 ) ) ;
#464 = CARTESIAN_POINT ( 'NONE',  ( -23.71637673478875641, 7.254789209616310686, -2.644705726995358663 ) ) ;
#465 = DIRECTION ( 'NONE',  ( -1.826024711554534160E-16, 1.000000000000000000, 0.000000000000000000 ) ) ;
#466 = ORIENTED_EDGE ( 'NONE', *, *, #230, .T. ) ;
#467 = B_SPLINE_CURVE_WITH_KNOTS ( 'NONE', 3,
 ( #1093, #1206, #1327, #337, #1447, #1334 ),
 .UNSPECIFIED., .F., .F.,
 ( 4, 2, 4 ),
 ( 2.309401076762464019E-07, 0.002742644718758398964, 0.005485058497409121825 ),
 .UNSPECIFIED. ) ;
#468 = FACE_OUTER_BOUND ( 'NONE', #470, .T. ) ;
#469 = DIRECTION ( 'NONE',  ( 8.466232908067659164E-17, -1.000000000000000000, 0.000000000000000000 ) ) ;
#470 = EDGE_LOOP ( 'NONE', ( #110, #66, #1363, #974, #637, #1033 ) ) ;
#471 = DIRECTION ( 'NONE',  ( 1.000000000000000000, 0.000000000000000000, 0.000000000000000000 ) ) ;
#472 = ORIENTED_EDGE ( 'NONE', *, *, #584, .F. ) ;
#473 = DIRECTION ( 'NONE',  ( -1.000000000000000000, -0.000000000000000000, -0.000000000000000000 ) ) ;
#474 = EDGE_CURVE ( 'NONE', #795, #538, #1215, .T. ) ;
#475 = B_SPLINE_CURVE_WITH_KNOTS ( 'NONE', 3,
 ( #635, #968, #1090, #197, #979, #752, #425, #961 ),
 .UNSPECIFIED., .F., .F.,
 ( 4, 2, 2, 4 ),
 ( 4.524161447366847894E-07, 0.002002721911774508166, 0.003003856659589394882, 0.004004991407404281598 ),
 .UNSPECIFIED. ) ;
#476 = DIRECTION ( 'NONE',  ( -1.000000000000000000, -0.000000000000000000, 0.000000000000000000 ) ) ;
#477 = ORIENTED_EDGE ( 'NONE', *, *, #223, .F. ) ;
#478 = EDGE_LOOP ( 'NONE', ( #555, #1448, #1271 ) ) ;
#479 = AXIS2_PLACEMENT_3D ( 'NONE', #882, #783, #447 ) ;
#480 = CARTESIAN_POINT ( 'NONE',  ( -6.999999999999999112, -8.227241335952163226, -4.750000000000001776 ) ) ;
#481 = CARTESIAN_POINT ( 'NONE',  ( -31.00000000000000000, 9.899494936611668905, 2.624207222652022234E-18 ) ) ;
#482 = AXIS2_PLACEMENT_3D ( 'NONE', #178, #1193, #182 ) ;
#483 =( NAMED_UNIT ( * ) SI_UNIT ( $, .STERADIAN. ) SOLID_ANGLE_UNIT ( ) );
#484 = EDGE_CURVE ( 'NONE', #538, #795, #164, .T. ) ;
#485 = EDGE_CURVE ( 'NONE', #116, #1457, #1380, .T. ) ;
#486 = DIRECTION ( 'NONE',  ( 0.000000000000000000, 0.000000000000000000, 1.000000000000000000 ) ) ;
#487 = ORIENTED_EDGE ( 'NONE', *, *, #146, .F. ) ;
#488 = CARTESIAN_POINT ( 'NONE',  ( -22.99999999999999645, -4.710663720416690126, 5.188831216194971674 ) ) ;
#489 = DIRECTION ( 'NONE',  ( 0.000000000000000000, 0.000000000000000000, -1.000000000000000000 ) ) ;
#490 =( NAMED_UNIT ( * ) PLANE_ANGLE_UNIT ( ) SI_UNIT ( $, .RADIAN. ) );
#491 = ADVANCED_FACE ( 'NONE', ( #509 ), #943, .T. ) ;
#492 = CARTESIAN_POINT ( 'NONE',  ( -15.00000000000000000, 10.96965511460288845, 1.899056657709554538E-15 ) ) ;
#493 = ORIENTED_EDGE ( 'NONE', *, *, #1179, .T. ) ;
#494 = DIRECTION ( 'NONE',  ( 8.466232908067659164E-17, -1.000000000000000000, 0.000000000000000000 ) ) ;
#495 = FACE_OUTER_BOUND ( 'NONE', #405, .T. ) ;
#496 = CARTESIAN_POINT ( 'NONE',  ( -14.76653138750229388, -6.398965483518352038, -7.916666666666670515 ) ) ;
#497 = PLANE ( 'NONE',  #859 ) ;
#498 = ORIENTED_EDGE ( 'NONE', *, *, #1085, .T. ) ;
#499 = EDGE_CURVE ( 'NONE', #590, #662, #62, .T. ) ;
#500 = PLANE ( 'NONE',  #402 ) ;
#501 = DIRECTION ( 'NONE',  ( -1.000000000000000000, -1.224646799147352961E-16, 0.000000000000000000 ) ) ;
#502 = ORIENTED_EDGE ( 'NONE', *, *, #415, .F. ) ;
#503 = EDGE_CURVE ( 'NONE', #72, #85, #851, .T. ) ;
#504 = CARTESIAN_POINT ( 'NONE',  ( -14.95109067940362380, 9.141379262169074593, 3.166666666666666075 ) ) ;
#505 = CIRCLE ( 'NONE', #1257, 7.000000000000000000 ) ;
#506 = CIRCLE ( 'NONE', #1001, 9.500000000000000000 ) ;
#507 = PLANE ( 'NONE',  #718 ) ;
#508 = VERTEX_POINT ( 'NONE', #556 ) ;
#509 = FACE_OUTER_BOUND ( 'NONE', #102, .T. ) ;
#510 = PRESENTATION_STYLE_ASSIGNMENT (( #858 ) ) ;
#511 = CARTESIAN_POINT ( 'NONE',  ( -15.00000000000000000, 8.227241335952168555, 4.749999999999998224 ) ) ;
#512 = VERTEX_POINT ( 'NONE', #1237 ) ;
#513 = UNCERTAINTY_MEASURE_WITH_UNIT (LENGTH_MEASURE( 1.000000000000000082E-05 ), #1232, 'distance_accuracy_value', 'NONE');
#514 = FACE_OUTER_BOUND ( 'NONE', #1298, .T. ) ;
#515 = DIRECTION ( 'NONE',  ( 0.000000000000000000, 0.000000000000000000, -1.000000000000000000 ) ) ;
#516 = COLOUR_RGB ( '',1.000000000000000000, 1.000000000000000000, 1.000000000000000000 ) ;
#517 = CARTESIAN_POINT ( 'NONE',  ( -23.00000000000000000, 0.000000000000000000, 0.000000000000000000 ) ) ;
#518 = ADVANCED_FACE ( 'NONE', ( #195, #638 ), #101, .T. ) ;
#519 = EDGE_LOOP ( 'NONE', ( #745, #1354, #432, #803, #327 ) ) ;
#520 = CARTESIAN_POINT ( 'NONE',  ( -31.00000000000000000, -7.688360255831662826, -2.211134680780000750 ) ) ;
#521 = DIRECTION ( 'NONE',  ( 1.000000000000000000, -0.000000000000000000, -0.000000000000000000 ) ) ;
#522 = CONICAL_SURFACE ( 'NONE', #30, 6.359999999999991438, 0.7853981633974428389 ) ;
#523 = AXIS2_PLACEMENT_3D ( 'NONE', #1026, #993, #1133 ) ;
#524 = ORIENTED_EDGE ( 'NONE', *, *, #1108, .T. ) ;
#525 = EDGE_CURVE ( 'NONE', #1219, #750, #467, .T. ) ;
#526 = FACE_OUTER_BOUND ( 'NONE', #1415, .T. ) ;
#527 = B_SPLINE_CURVE_WITH_KNOTS ( 'NONE', 3,
 ( #329, #1024, #1009, #1216, #650, #991, #324, #552 ),
 .UNSPECIFIED., .F., .F.,
 ( 4, 2, 2, 4 ),
 ( 4.524161447355065665E-07, 0.002002721911774507733, 0.003003856659589393581, 0.004004991407404279863 ),
 .UNSPECIFIED. ) ;
#528 = CARTESIAN_POINT ( 'NONE',  ( -24.00000000000000711, -2.211134680780000750, 7.688360255831662826 ) ) ;
#529 = DIRECTION ( 'NONE',  ( 1.000000000000000000, 0.000000000000000000, 0.000000000000000000 ) ) ;
#530 = AXIS2_PLACEMENT_3D ( 'NONE', #49, #288, #188 ) ;
#531 = B_SPLINE_CURVE_WITH_KNOTS ( 'NONE', 3,
 ( #391, #68, #1300, #632, #1199, #1192 ),
 .UNSPECIFIED., .F., .F.,
 ( 4, 2, 4 ),
 ( 0.005485058497409124427, 0.008227472276059844686, 0.01096988605471056581 ),
 .UNSPECIFIED. ) ;
#532 = VERTEX_POINT ( 'NONE', #539 ) ;
#533 = EDGE_CURVE ( 'NONE', #776, #116, #566, .T. ) ;
#534 = CARTESIAN_POINT ( 'NONE',  ( -15.00000000000000000, 1.167658998753286896E-15, -9.499999999999998224 ) ) ;
#535 = CARTESIAN_POINT ( 'NONE',  ( -31.00000000000000000, 7.688360255831662826, 2.211134680780004746 ) ) ;
#536 = DIRECTION ( 'NONE',  ( 1.000000000000000000, 0.000000000000000000, 0.000000000000000000 ) ) ;
#537 = DIRECTION ( 'NONE',  ( 0.000000000000000000, 0.000000000000000000, -1.000000000000000000 ) ) ;
#538 = VERTEX_POINT ( 'NONE', #656 ) ;
#539 = CARTESIAN_POINT ( 'NONE',  ( -31.00000000000000000, -2.211134680780004302, -7.688360255831661050 ) ) ;
#540 = EDGE_CURVE ( 'NONE', #1355, #72, #250, .T. ) ;
#541 =( NAMED_UNIT ( * ) SI_UNIT ( $, .STERADIAN. ) SOLID_ANGLE_UNIT ( ) );
#542 = CARTESIAN_POINT ( 'NONE',  ( -0.6400000000000155564, 0.000000000000000000, 0.000000000000000000 ) ) ;
#543 = EDGE_CURVE ( 'NONE', #208, #1262, #836, .T. ) ;
#544 = LINE ( 'NONE', #767, #837 ) ;
#545 = AXIS2_PLACEMENT_3D ( 'NONE', #40, #381, #708 ) ;
#546 = PRESENTATION_LAYER_ASSIGNMENT (  '', '', ( #742 ) ) ;
#547 = ORIENTED_EDGE ( 'NONE', *, *, #41, .T. ) ;
#548 = AXIS2_PLACEMENT_3D ( 'NONE', #1040, #1159, #1137 ) ;
#549 = DIRECTION ( 'NONE',  ( 0.000000000000000000, 0.000000000000000000, -1.000000000000000000 ) ) ;
#550 = VERTEX_POINT ( 'NONE', #315 ) ;
#551 = LINE ( 'NONE', #1337, #969 ) ;
#552 = CARTESIAN_POINT ( 'NONE',  ( -23.00000000000000000, 4.949747468305833564, 4.949747468305833564 ) ) ;
#553 = EDGE_CURVE ( 'NONE', #917, #1138, #1319, .T. ) ;
#554 = DIRECTION ( 'NONE',  ( 1.000000000000000000, -0.000000000000000000, -0.000000000000000000 ) ) ;
#555 = ORIENTED_EDGE ( 'NONE', *, *, #596, .T. ) ;
#556 = CARTESIAN_POINT ( 'NONE',  ( -14.46508928364746183, 5.484827557301448664, -9.499999999999998224 ) ) ;
#557 = ORIENTED_EDGE ( 'NONE', *, *, #276, .T. ) ;
#558 = DIRECTION ( 'NONE',  ( 0.000000000000000000, -0.8660254037844385966, -0.5000000000000002220 ) ) ;
#559 = CARTESIAN_POINT ( 'NONE',  ( -15.00000000000000178, 8.227241335952165002, -4.749999999999998224 ) ) ;
#560 = ADVANCED_FACE ( 'NONE', ( #526 ), #1313, .T. ) ;
#561 = ORIENTED_EDGE ( 'NONE', *, *, #303, .F. ) ;
#562 = CIRCLE ( 'NONE', #20, 8.000000000000000000 ) ;
#563 = AXIS2_PLACEMENT_3D ( 'NONE', #1170, #473, #592 ) ;
#564 = CARTESIAN_POINT ( 'NONE',  ( -24.00000000000000711, 0.000000000000000000, 0.000000000000000000 ) ) ;
#565 = ORIENTED_EDGE ( 'NONE', *, *, #385, .T. ) ;
#566 = B_SPLINE_CURVE_WITH_KNOTS ( 'NONE', 3,
 ( #328, #648, #764, #309, #1101, #450 ),
 .UNSPECIFIED., .F., .F.,
 ( 4, 2, 4 ),
 ( 0.005485058497409118355, 0.008227472276059842951, 0.01096988605471056755 ),
 .UNSPECIFIED. ) ;
#567 = CARTESIAN_POINT ( 'NONE',  ( -7.233468612497709671, -6.398965483518356478, 7.916666666666662522 ) ) ;
#568 = CARTESIAN_POINT ( 'NONE',  ( -24.00000000000000711, -7.688360255831663714, 2.211134680779998085 ) ) ;
#569 = CARTESIAN_POINT ( 'NONE',  ( -14.76653138750230099, 10.05551718838598418, -1.583333333333332815 ) ) ;
#570 = VERTEX_POINT ( 'NONE', #1006 ) ;
#571 = CONICAL_SURFACE ( 'NONE', #433, 20.48990967781846706, 1.221730476396030163 ) ;
#572 = CARTESIAN_POINT ( 'NONE',  ( -23.12098822972578560, -5.903016932287078689, -3.996478004324584443 ) ) ;
#573 = MECHANICAL_DESIGN_GEOMETRIC_PRESENTATION_REPRESENTATION (  '', ( #742 ), #314 ) ;
#574 = ORIENTED_EDGE ( 'NONE', *, *, #114, .T. ) ;
#575 = ORIENTED_EDGE ( 'NONE', *, *, #287, .F. ) ;
#576 = LINE ( 'NONE', #228, #1067 ) ;
#577 = CARTESIAN_POINT ( 'NONE',  ( -23.70496222497478200, -2.642064933306537799, 7.257430003305127109 ) ) ;
#578 = CARTESIAN_POINT ( 'NONE',  ( -24.00000000000000711, -7.688360255831663714, 2.211134680779998085 ) ) ;
#579 = CARTESIAN_POINT ( 'NONE',  ( -14.76653138750229211, -6.398965483518355590, 7.916666666666662522 ) ) ;
#580 = ORIENTED_EDGE ( 'NONE', *, *, #355, .F. ) ;
#581 = DIRECTION ( 'NONE',  ( 0.000000000000000000, -8.881784197001252323E-16, -1.000000000000000000 ) ) ;
#582 = ORIENTED_EDGE ( 'NONE', *, *, #888, .F. ) ;
#583 = VERTEX_POINT ( 'NONE', #1440 ) ;
#584 = EDGE_CURVE ( 'NONE', #142, #1226, #890, .T. ) ;
#585 = CARTESIAN_POINT ( 'NONE',  ( -24.00000000000000711, 0.000000000000000000, 0.000000000000000000 ) ) ;
#586 = CARTESIAN_POINT ( 'NONE',  ( -23.00000000000000000, -4.474545028782455525, -5.424949907829211604 ) ) ;
#587 = B_SPLINE_CURVE_WITH_KNOTS ( 'NONE', 3,
 ( #766, #1357, #1431, #998, #222, #1330 ),
 .UNSPECIFIED., .F., .F.,
 ( 4, 2, 4 ),
 ( 0.005485058497409120958, 0.008227472276059841216, 0.01096988605471056234 ),
 .UNSPECIFIED. ) ;
#588 = CARTESIAN_POINT ( 'NONE',  ( -31.00000000000000000, -7.688360255831662826, 2.211134680779998529 ) ) ;
#589 = DIRECTION ( 'NONE',  ( 0.000000000000000000, -0.7071067811865476838, 0.7071067811865474617 ) ) ;
#590 = VERTEX_POINT ( 'NONE', #702 ) ;
#591 = ORIENTED_EDGE ( 'NONE', *, *, #848, .F. ) ;
#592 = DIRECTION ( 'NONE',  ( 0.000000000000000000, 0.000000000000000000, 1.000000000000000000 ) ) ;
#593 = CARTESIAN_POINT ( 'NONE',  ( -7.534910716352538174, 5.484827557301442447, 9.500000000000003553 ) ) ;
#594 = EDGE_CURVE ( 'NONE', #421, #441, #1234, .T. ) ;
#595 = SURFACE_STYLE_FILL_AREA ( #1072 ) ;
#596 = EDGE_CURVE ( 'NONE', #750, #1230, #980, .T. ) ;
#597 = CARTESIAN_POINT ( 'NONE',  ( -23.00000000000000000, 0.000000000000000000, -7.000000000000000000 ) ) ;
#598 = VERTEX_POINT ( 'NONE', #238 ) ;
#599 = AXIS2_PLACEMENT_3D ( 'NONE', #1225, #1437, #231 ) ;
#600 = AXIS2_PLACEMENT_3D ( 'NONE', #861, #1407, #50 ) ;
#601 = CARTESIAN_POINT ( 'NONE',  ( -31.00000000000000000, -2.211134680780000750, 7.688360255831662826 ) ) ;
#602 = CARTESIAN_POINT ( 'NONE',  ( -23.00000000000000000, 0.000000000000000000, 0.000000000000000000 ) ) ;
#603 = DIRECTION ( 'NONE',  ( 0.000000000000000000, 0.000000000000000000, -1.000000000000000000 ) ) ;
#604 = EDGE_CURVE ( 'NONE', #294, #1057, #709, .T. ) ;
#605 = FACE_OUTER_BOUND ( 'NONE', #884, .T. ) ;
#606 = EDGE_LOOP ( 'NONE', ( #14, #877, #755, #233, #377, #1080, #763 ) ) ;
#607 = ORIENTED_EDGE ( 'NONE', *, *, #1374, .T. ) ;
#608 = DIRECTION ( 'NONE',  ( -1.000000000000000000, -0.000000000000000000, -0.000000000000000000 ) ) ;
#609 = CARTESIAN_POINT ( 'NONE',  ( -7.000000000000000000, 0.9154795386433756121, 9.500000000000001776 ) ) ;
#610 = CIRCLE ( 'NONE', #251, 7.000000000000000000 ) ;
#611 = CARTESIAN_POINT ( 'NONE',  ( -14.76627142714870722, 3.658520339184104575, 9.500000000000003553 ) ) ;
#612 = ADVANCED_FACE ( 'NONE', ( #6 ), #1350, .T. ) ;
#613 = EDGE_CURVE ( 'NONE', #538, #1099, #797, .T. ) ;
#614 = CARTESIAN_POINT ( 'NONE',  ( 0.000000000000000000, 0.000000000000000000, 0.000000000000000000 ) ) ;
#615 = DIRECTION ( 'NONE',  ( 1.000000000000000000, 0.000000000000000000, -0.000000000000000000 ) ) ;
#616 = DIRECTION ( 'NONE',  ( 1.000000000000000000, 1.224646799147352961E-16, -0.000000000000000000 ) ) ;
#617 = DIRECTION ( 'NONE',  ( 0.000000000000000000, 0.000000000000000000, -1.000000000000000000 ) ) ;
#618 = ORIENTED_EDGE ( 'NONE', *, *, #503, .T. ) ;
#619 = CARTESIAN_POINT ( 'NONE',  ( -134.0000000000000000, 0.000000000000000000, 0.000000000000000000 ) ) ;
#620 = FILL_AREA_STYLE ('',( #169 ) ) ;
#621 = B_SPLINE_CURVE_WITH_KNOTS ( 'NONE', 3,
 ( #887, #1444, #1340, #1235, #1351, #224 ),
 .UNSPECIFIED., .F., .F.,
 ( 4, 2, 4 ),
 ( 0.005485058497409120090, 0.008227472276059841216, 0.01096988605471056408 ),
 .UNSPECIFIED. ) ;
#622 = DIRECTION ( 'NONE',  ( 1.000000000000000000, 0.000000000000000000, 0.000000000000000000 ) ) ;
#623 = CONICAL_SURFACE ( 'NONE', #1166, 9.499999999999998224, 1.221730476396030163 ) ;
#624 = ORIENTED_EDGE ( 'NONE', *, *, #981, .F. ) ;
#625 = DIRECTION ( 'NONE',  ( 1.000000000000000000, 0.000000000000000000, 0.000000000000000000 ) ) ;
#626 = DIRECTION ( 'NONE',  ( 0.000000000000000000, -3.162767576288756400E-16, 1.000000000000000000 ) ) ;
#627 = EDGE_CURVE ( 'NONE', #1256, #339, #840, .T. ) ;
#628 = PRODUCT_DEFINITION ( '未知', '', #1004, #67 ) ;
#629 = FACE_OUTER_BOUND ( 'NONE', #1246, .T. ) ;
#630 = ORIENTED_EDGE ( 'NONE', *, *, #430, .T. ) ;
#631 = UNCERTAINTY_MEASURE_WITH_UNIT (LENGTH_MEASURE( 1.000000000000000082E-05 ), #419, 'distance_accuracy_value', 'NONE');
#632 = CARTESIAN_POINT ( 'NONE',  ( -7.233468612497706118, -10.05551718838598241, 1.583333333333331483 ) ) ;
#633 = APPLICATION_PROTOCOL_DEFINITION ( 'draft international standard', 'automotive_design', 1998, #649 ) ;
#634 = CIRCLE ( 'NONE', #281, 9.500000000000000000 ) ;
#635 = CARTESIAN_POINT ( 'NONE',  ( -24.00000000000000711, 2.211134680780004746, -7.688360255831661938 ) ) ;
#636 = EDGE_CURVE ( 'NONE', #681, #512, #232, .T. ) ;
#637 = ORIENTED_EDGE ( 'NONE', *, *, #924, .T. ) ;
#638 = FACE_BOUND ( 'NONE', #167, .T. ) ;
#639 =( NAMED_UNIT ( * ) PLANE_ANGLE_UNIT ( ) SI_UNIT ( $, .RADIAN. ) );
#640 = CARTESIAN_POINT ( 'NONE',  ( -7.000000000000000000, -9.500000000000001776, 1.155557966632341512E-30 ) ) ;
#641 = CIRCLE ( 'NONE', #267, 7.000000000000000000 ) ;
#642 = DIRECTION ( 'NONE',  ( 0.000000000000000000, 0.000000000000000000, 1.000000000000000000 ) ) ;
#643 =( GEOMETRIC_REPRESENTATION_CONTEXT ( 3 ) GLOBAL_UNCERTAINTY_ASSIGNED_CONTEXT ( ( #513 ) ) GLOBAL_UNIT_ASSIGNED_CONTEXT ( ( #1232, #1119, #346 ) ) REPRESENTATION_CONTEXT ( 'NONE', 'WORKASPACE' ) );
#644 = EDGE_CURVE ( 'NONE', #1124, #689, #1053, .T. ) ;
#645 = COLOUR_RGB ( '',1.000000000000000000, 1.000000000000000000, 1.000000000000000000 ) ;
#646 = PRESENTATION_LAYER_ASSIGNMENT (  '', '', ( #372 ) ) ;
#647 = ORIENTED_EDGE ( 'NONE', *, *, #1290, .T. ) ;
#648 = CARTESIAN_POINT ( 'NONE',  ( -14.99999999999999645, -8.684310299060621574, -3.958333333333336146 ) ) ;
#649 = APPLICATION_CONTEXT ( 'automotive_design' ) ;
#650 = CARTESIAN_POINT ( 'NONE',  ( -23.12098822972579271, 5.903016932287077800, 3.996478004324587996 ) ) ;
#651 = CARTESIAN_POINT ( 'NONE',  ( -31.00000000000000000, 2.211134680780002526, 7.688360255831662826 ) ) ;
#652 = FACE_BOUND ( 'NONE', #798, .T. ) ;
#653 = ADVANCED_FACE ( 'NONE', ( #934 ), #722, .T. ) ;
#654 = ORIENTED_EDGE ( 'NONE', *, *, #503, .F. ) ;
#655 = B_SPLINE_CURVE_WITH_KNOTS ( 'NONE', 3,
 ( #511, #749, #504, #1419, #1084, #972 ),
 .UNSPECIFIED., .F., .F.,
 ( 4, 2, 4 ),
 ( 0.005485058497409127896, 0.008227472276059848155, 0.01096988605471056755 ),
 .UNSPECIFIED. ) ;
#656 = CARTESIAN_POINT ( 'NONE',  ( -134.0000000000000000, 0.000000000000000000, -8.000000000000000000 ) ) ;
#657 = DIRECTION ( 'NONE',  ( -9.130123557772670799E-17, 1.000000000000000000, 0.000000000000000000 ) ) ;
#658 = FILL_AREA_STYLE_COLOUR ( '', #52 ) ;
#659 = DIRECTION ( 'NONE',  ( -1.826024711554534160E-16, 1.000000000000000000, 0.000000000000000000 ) ) ;
#660 = ORIENTED_EDGE ( 'NONE', *, *, #842, .T. ) ;
#661 = CARTESIAN_POINT ( 'NONE',  ( -14.95114265960355660, -1.827884120639825527, -9.500000000000003553 ) ) ;
#662 = VERTEX_POINT ( 'NONE', #927 ) ;
#663 = EDGE_CURVE ( 'NONE', #55, #598, #904, .T. ) ;
#664 = PLANE ( 'NONE',  #1156 ) ;
#665 = CARTESIAN_POINT ( 'NONE',  ( -14.46508928364746005, -10.96965511460289200, -2.176434177215136198E-15 ) ) ;
#666 = PLANE ( 'NONE',  #269 ) ;
#667 = CARTESIAN_POINT ( 'NONE',  ( -15.00000000000000178, 8.684310299060619798, -3.958333333333332593 ) ) ;
#668 = AXIS2_PLACEMENT_3D ( 'NONE', #1277, #833, #1211 ) ;
#669 = AXIS2_PLACEMENT_3D ( 'NONE', #831, #1043, #707 ) ;
#670 = ORIENTED_EDGE ( 'NONE', *, *, #967, .T. ) ;
#671 = AXIS2_PLACEMENT_3D ( 'NONE', #564, #1456, #458 ) ;
#672 = ORIENTED_EDGE ( 'NONE', *, *, #760, .T. ) ;
#673 = DIRECTION ( 'NONE',  ( -1.000000000000000000, -0.000000000000000000, 0.000000000000000000 ) ) ;
#674 = LINE ( 'NONE', #1017, #966 ) ;
#675 = LINE ( 'NONE', #1127, #1305 ) ;
#676 = ADVANCED_FACE ( 'NONE', ( #1260 ), #1055, .T. ) ;
#677 = DIRECTION ( 'NONE',  ( 1.000000000000000000, -0.000000000000000000, -0.000000000000000000 ) ) ;
#678 = B_SPLINE_CURVE_WITH_KNOTS ( 'NONE', 3,
 ( #1432, #948, #955, #1317, #1168, #1297 ),
 .UNSPECIFIED., .F., .F.,
 ( 4, 2, 4 ),
 ( 0.02297939288822861345, 0.02574152437672939248, 0.02850365586523017150 ),
 .UNSPECIFIED. ) ;
#679 = FACE_OUTER_BOUND ( 'NONE', #25, .T. ) ;
#680 = ORIENTED_EDGE ( 'NONE', *, *, #165, .F. ) ;
#681 = VERTEX_POINT ( 'NONE', #1250 ) ;
#682 = PRESENTATION_STYLE_ASSIGNMENT (( #344 ) ) ;
#683 = CARTESIAN_POINT ( 'NONE',  ( -134.0000000000000000, 9.797174393178825657E-16, 8.000000000000000000 ) ) ;
#684 = CARTESIAN_POINT ( 'NONE',  ( -7.233601381070335457, -3.657743686186810450, 9.500000000000000000 ) ) ;
#685 = AXIS2_PLACEMENT_3D ( 'NONE', #986, #131, #1061 ) ;
#686 = CARTESIAN_POINT ( 'NONE',  ( -11.00000000000000000, -1.347111479062088207E-15, 0.000000000000000000 ) ) ;
#687 = DIRECTION ( 'NONE',  ( 1.000000000000000000, 1.224646799147352961E-16, -0.000000000000000000 ) ) ;
#688 = VERTEX_POINT ( 'NONE', #382 ) ;
#689 = VERTEX_POINT ( 'NONE', #1150 ) ;
#690 = CARTESIAN_POINT ( 'NONE',  ( -0.6400000000000155564, 0.000000000000000000, 7.000000000000000000 ) ) ;
#691 = FACE_OUTER_BOUND ( 'NONE', #823, .T. ) ;
#692 = CARTESIAN_POINT ( 'NONE',  ( -14.95109067940362380, 9.141379262169071040, -3.166666666666666075 ) ) ;
#693 = ORIENTED_EDGE ( 'NONE', *, *, #146, .T. ) ;
#694 = EDGE_CURVE ( 'NONE', #867, #1115, #132, .T. ) ;
#695 = AXIS2_PLACEMENT_3D ( 'NONE', #994, #261, #754 ) ;
#696 = CARTESIAN_POINT ( 'NONE',  ( -23.00000000000000711, -5.188831216194976115, -4.710663720416691014 ) ) ;
#697 = CONICAL_SURFACE ( 'NONE', #92, 8.000000000000000000, 0.7853981633974447263 ) ;
#698 = ORIENTED_EDGE ( 'NONE', *, *, #1259, .F. ) ;
#699 = DIRECTION ( 'NONE',  ( 0.000000000000000000, 0.000000000000000000, 1.000000000000000000 ) ) ;
#700 = CARTESIAN_POINT ( 'NONE',  ( -6.999999999999999112, -8.227241335952168555, 4.749999999999995559 ) ) ;
#701 = EDGE_CURVE ( 'NONE', #294, #1057, #1097, .T. ) ;
#702 = CARTESIAN_POINT ( 'NONE',  ( -15.00000000000000000, 9.499999999999996447, -7.703719777548943412E-31 ) ) ;
#703 = ORIENTED_EDGE ( 'NONE', *, *, #415, .T. ) ;
#704 = ORIENTED_EDGE ( 'NONE', *, *, #864, .T. ) ;
#705 = ORIENTED_EDGE ( 'NONE', *, *, #533, .T. ) ;
#706 = CARTESIAN_POINT ( 'NONE',  ( -15.00000000000000000, 5.484827557301448664, -9.499999999999998224 ) ) ;
#707 = DIRECTION ( 'NONE',  ( 0.000000000000000000, 0.000000000000000000, -1.000000000000000000 ) ) ;
#708 = DIRECTION ( 'NONE',  ( 0.000000000000000000, 0.000000000000000000, -1.000000000000000000 ) ) ;
#709 = LINE ( 'NONE', #123, #343 ) ;
#710 = ORIENTED_EDGE ( 'NONE', *, *, #760, .F. ) ;
#711 = CARTESIAN_POINT ( 'NONE',  ( -24.00000000000000711, -2.211134680780000750, 7.688360255831662826 ) ) ;
#712 = CIRCLE ( 'NONE', #260, 7.000000000000000000 ) ;
#713 = ADVANCED_FACE ( 'NONE', ( #679 ), #862, .T. ) ;
#714 = DIRECTION ( 'NONE',  ( 1.000000000000000000, 0.000000000000000000, 0.000000000000000000 ) ) ;
#715 = DIRECTION ( 'NONE',  ( -1.000000000000000000, -0.000000000000000000, 0.000000000000000000 ) ) ;
#716 = VERTEX_POINT ( 'NONE', #909 ) ;
#717 = ORIENTED_EDGE ( 'NONE', *, *, #342, .T. ) ;
#718 = AXIS2_PLACEMENT_3D ( 'NONE', #1285, #78, #312 ) ;
#719 = AXIS2_PLACEMENT_3D ( 'NONE', #1164, #832, #1390 ) ;
#720 = CARTESIAN_POINT ( 'NONE',  ( -23.00000000000000000, -4.949747468305832676, 4.949747468305830900 ) ) ;
#721 = CARTESIAN_POINT ( 'NONE',  ( -24.00000000000000711, -2.211134680780005191, -7.688360255831661938 ) ) ;
#722 = CONICAL_SURFACE ( 'NONE', #74, 9.499999999999998224, 1.221730476396030163 ) ;
#723 = EDGE_CURVE ( 'NONE', #570, #590, #219, .T. ) ;
#724 = DIRECTION ( 'NONE',  ( -1.826024711554534160E-16, 1.000000000000000000, 0.000000000000000000 ) ) ;
#725 = CARTESIAN_POINT ( 'NONE',  ( -24.00000000000000711, 2.211134680780004746, -7.688360255831661938 ) ) ;
#726 = ORIENTED_EDGE ( 'NONE', *, *, #663, .F. ) ;
#727 = ORIENTED_EDGE ( 'NONE', *, *, #303, .T. ) ;
#728 = CARTESIAN_POINT ( 'NONE',  ( -11.00000000000000000, -1.347111479062088207E-15, 0.000000000000000000 ) ) ;
#729 = VECTOR ( 'NONE', #1035, 1000.000000000000000 ) ;
#730 = B_SPLINE_CURVE_WITH_KNOTS ( 'NONE', 3,
 ( #454, #901, #1347, #684, #235, #463 ),
 .UNSPECIFIED., .F., .F.,
 ( 4, 2, 4 ),
 ( 0.02850365586778677920, 0.03126007708774442007, 0.03401649830770205746 ),
 .UNSPECIFIED. ) ;
#731 = DIRECTION ( 'NONE',  ( -1.000000000000000000, -0.000000000000000000, -0.000000000000000000 ) ) ;
#732 = ORIENTED_EDGE ( 'NONE', *, *, #540, .F. ) ;
#733 = FACE_OUTER_BOUND ( 'NONE', #1087, .T. ) ;
#734 = CARTESIAN_POINT ( 'NONE',  ( -31.00000000000000000, -9.899494936611663576, -1.066426425723759280E-15 ) ) ;
#735 = AXIS2_PLACEMENT_3D ( 'NONE', #1139, #264, #37 ) ;
#736 = ORIENTED_EDGE ( 'NONE', *, *, #1302, .F. ) ;
#737 = CARTESIAN_POINT ( 'NONE',  ( -14.99999999999999822, -8.227241335952165002, -4.750000000000003553 ) ) ;
#738 = EDGE_CURVE ( 'NONE', #550, #1355, #1054, .T. ) ;
#739 = ORIENTED_EDGE ( 'NONE', *, *, #1030, .F. ) ;
#740 = DIRECTION ( 'NONE',  ( 0.000000000000000000, 0.000000000000000000, -1.000000000000000000 ) ) ;
#741 = CIRCLE ( 'NONE', #1207, 8.000000000000000000 ) ;
#742 = STYLED_ITEM ( 'NONE', ( #119 ), #1414 ) ;
#743 = FACE_OUTER_BOUND ( 'NONE', #1328, .T. ) ;
#744 = PRESENTATION_LAYER_ASSIGNMENT (  '', '', ( #1306 ) ) ;
#745 = ORIENTED_EDGE ( 'NONE', *, *, #237, .T. ) ;
#746 = EDGE_CURVE ( 'NONE', #816, #1099, #1165, .T. ) ;
#747 = CARTESIAN_POINT ( 'NONE',  ( -7.534910716352523963, -5.484827557301453105, -9.500000000000001776 ) ) ;
#748 = EDGE_CURVE ( 'NONE', #508, #1355, #678, .T. ) ;
#749 = CARTESIAN_POINT ( 'NONE',  ( -15.00000000000000000, 8.684310299060623350, 3.958333333333332149 ) ) ;
#750 = VERTEX_POINT ( 'NONE', #389 ) ;
#751 = CARTESIAN_POINT ( 'NONE',  ( -24.00000000000000711, 2.211134680780002526, 7.688360255831662826 ) ) ;
#752 = CARTESIAN_POINT ( 'NONE',  ( -23.02529732921941275, 4.468200721892616301, -5.431294214719053493 ) ) ;
#753 = ADVANCED_FACE ( 'NONE', ( #652, #985 ), #48, .F. ) ;
#754 = DIRECTION ( 'NONE',  ( 0.000000000000000000, 0.000000000000000000, -1.000000000000000000 ) ) ;
#755 = ORIENTED_EDGE ( 'NONE', *, *, #829, .T. ) ;
#756 = CARTESIAN_POINT ( 'NONE',  ( -7.000000000000000000, 10.96965511460288845, 1.899056657709554538E-15 ) ) ;
#757 = CARTESIAN_POINT ( 'NONE',  ( -15.00000000000000000, -5.484827557301447776, 9.500000000000000000 ) ) ;
#758 = CARTESIAN_POINT ( 'NONE',  ( -15.00000000000000178, 7.770172372843715536, 5.541666666666665186 ) ) ;
#759 = B_SPLINE_CURVE_WITH_KNOTS ( 'NONE', 3,
 ( #1325, #894, #774, #579, #318, #455 ),
 .UNSPECIFIED., .F., .F.,
 ( 4, 2, 4 ),
 ( 0.005485058497409117488, 0.008227472276059839482, 0.01096988605471056234 ),
 .UNSPECIFIED. ) ;
#760 = EDGE_CURVE ( 'NONE', #409, #532, #171, .T. ) ;
#761 = DIRECTION ( 'NONE',  ( 0.000000000000000000, 0.000000000000000000, -1.000000000000000000 ) ) ;
#762 = AXIS2_PLACEMENT_3D ( 'NONE', #517, #521, #1308 ) ;
#763 = ORIENTED_EDGE ( 'NONE', *, *, #1384, .T. ) ;
#764 = CARTESIAN_POINT ( 'NONE',  ( -14.95109067940362202, -9.141379262169079922, -3.166666666666669183 ) ) ;
#765 = LINE ( 'NONE', #757, #156 ) ;
#766 = CARTESIAN_POINT ( 'NONE',  ( -15.00000000000000178, 8.227241335952165002, -4.749999999999998224 ) ) ;
#767 = CARTESIAN_POINT ( 'NONE',  ( -10.99999999999999822, -20.48990967781846706, 0.000000000000000000 ) ) ;
#768 = CONICAL_SURFACE ( 'NONE', #129, 9.499999999999998224, 1.221730476396030163 ) ;
#769 = ORIENTED_EDGE ( 'NONE', *, *, #1316, .F. ) ;
#770 = ORIENTED_EDGE ( 'NONE', *, *, #1342, .T. ) ;
#771 = CARTESIAN_POINT ( 'NONE',  ( -15.00000000000000000, -1.836970198721029194E-15, 0.000000000000000000 ) ) ;
#772 = CLOSED_SHELL ( 'NONE', ( #1021, #491, #676, #653, #58, #713, #1068, #439, #456, #1229, #1100, #612, #753, #1414, #449, #1075, #32, #1242, #206, #872, #973, #912, #1428, #19, #184, #810, #1358, #1010, #1421, #1172, #1268, #295, #400, #801, #821, #560, #518, #1366, #1281, #1324, #63, #1445, #1220, #854, #98 ) ) ;
#773 = FACE_OUTER_BOUND ( 'NONE', #1286, .T. ) ;
#774 = CARTESIAN_POINT ( 'NONE',  ( -14.95109067940362380, -7.313103409735266069, 6.333333333333330373 ) ) ;
#775 = B_SPLINE_CURVE_WITH_KNOTS ( 'NONE', 3,
 ( #1452, #1248, #2, #793, #97, #1241 ),
 .UNSPECIFIED., .F., .F.,
 ( 4, 2, 4 ),
 ( 0.005485058497409116621, 0.008227472276059841216, 0.01096988605471056581 ),
 .UNSPECIFIED. ) ;
#776 = VERTEX_POINT ( 'NONE', #166 ) ;
#777 = EDGE_CURVE ( 'NONE', #1375, #867, #51, .T. ) ;
#778 = CARTESIAN_POINT ( 'NONE',  ( -7.048909320596375316, 9.141379262169071040, 3.166666666666666519 ) ) ;
#779 = ORIENTED_EDGE ( 'NONE', *, *, #543, .T. ) ;
#780 = DIRECTION ( 'NONE',  ( 0.000000000000000000, -0.4999999999999998335, -0.8660254037844387076 ) ) ;
#781 = CARTESIAN_POINT ( 'NONE',  ( -15.00000000000000000, 0.000000000000000000, 0.000000000000000000 ) ) ;
#782 = DIRECTION ( 'NONE',  ( 1.000000000000000000, 0.000000000000000000, 0.000000000000000000 ) ) ;
#783 = DIRECTION ( 'NONE',  ( 1.000000000000000000, 1.224646799147352961E-16, -0.000000000000000000 ) ) ;
#784 = AXIS2_PLACEMENT_3D ( 'NONE', #426, #1403, #404 ) ;
#785 = VECTOR ( 'NONE', #1413, 1000.000000000000000 ) ;
#786 = ORIENTED_EDGE ( 'NONE', *, *, #176, .T. ) ;
#787 = VECTOR ( 'NONE', #1385, 1000.000000000000000 ) ;
#788 = CARTESIAN_POINT ( 'NONE',  ( -7.000000000000001776, 8.684310299060621574, 3.958333333333332593 ) ) ;
#789 = ORIENTED_EDGE ( 'NONE', *, *, #644, .T. ) ;
#790 = ORIENTED_EDGE ( 'NONE', *, *, #1455, .F. ) ;
#791 = DIRECTION ( 'NONE',  ( 0.000000000000000000, -0.8660254037844387076, 0.4999999999999998335 ) ) ;
#792 = DIRECTION ( 'NONE',  ( 1.000000000000000000, 0.000000000000000000, -0.000000000000000000 ) ) ;
#793 = CARTESIAN_POINT ( 'NONE',  ( -7.233468612497707895, 6.398965483518352038, 7.916666666666666963 ) ) ;
#794 = DIRECTION ( 'NONE',  ( 0.000000000000000000, 0.7071067811865474617, -0.7071067811865476838 ) ) ;
#795 = VERTEX_POINT ( 'NONE', #1425 ) ;
#796 = AXIS2_PLACEMENT_3D ( 'NONE', #310, #558, #892 ) ;
#797 = LINE ( 'NONE', #226, #787 ) ;
#798 = EDGE_LOOP ( 'NONE', ( #1074, #134 ) ) ;
#799 = CARTESIAN_POINT ( 'NONE',  ( -24.00000000000000711, 2.211134680780002526, 7.688360255831662826 ) ) ;
#800 = DIRECTION ( 'NONE',  ( 0.000000000000000000, -0.7071067811865477948, 0.7071067811865473507 ) ) ;
#801 = ADVANCED_FACE ( 'NONE', ( #605 ), #497, .T. ) ;
#802 = CARTESIAN_POINT ( 'NONE',  ( -23.47252146258391647, 6.810196601439458597, -3.089298335172209864 ) ) ;
#803 = ORIENTED_EDGE ( 'NONE', *, *, #1135, .T. ) ;
#804 = DIRECTION ( 'NONE',  ( 8.466232908067659164E-17, -1.000000000000000000, 0.000000000000000000 ) ) ;
#805 = ORIENTED_EDGE ( 'NONE', *, *, #1302, .T. ) ;
#806 = CARTESIAN_POINT ( 'NONE',  ( -7.534910716352538174, 5.484827557301448664, -9.499999999999998224 ) ) ;
#807 = CARTESIAN_POINT ( 'NONE',  ( -7.000000000000000000, -4.351740676536406664E-15, 9.499999999999998224 ) ) ;
#808 = DIRECTION ( 'NONE',  ( 1.000000000000000000, -0.000000000000000000, -0.000000000000000000 ) ) ;
#809 = EDGE_CURVE ( 'NONE', #512, #688, #1304, .T. ) ;
#810 = ADVANCED_FACE ( 'NONE', ( #1062 ), #507, .T. ) ;
#811 = AXIS2_PLACEMENT_3D ( 'NONE', #1178, #162, #603 ) ;
#812 = CARTESIAN_POINT ( 'NONE',  ( -14.95114265960395628, -1.827884120634426068, 9.500000000000000000 ) ) ;
#813 = EDGE_LOOP ( 'NONE', ( #769, #654, #732, #1174, #995, #321 ) ) ;
#814 = AXIS2_PLACEMENT_3D ( 'NONE', #866, #622, #311 ) ;
#815 = ORIENTED_EDGE ( 'NONE', *, *, #1218, .F. ) ;
#816 = VERTEX_POINT ( 'NONE', #725 ) ;
#817 = CARTESIAN_POINT ( 'NONE',  ( -134.0000000000000000, -7.688360255831662826, 2.211134680779998973 ) ) ;
#818 = B_SPLINE_CURVE_WITH_KNOTS ( 'NONE', 3,
 ( #211, #203, #89, #333, #1103, #1443 ),
 .UNSPECIFIED., .F., .F.,
 ( 4, 2, 4 ),
 ( 0.009677838031987916895, 0.01244390437855990086, 0.01520997072513188483 ),
 .UNSPECIFIED. ) ;
#819 = CARTESIAN_POINT ( 'NONE',  ( -7.000000000000000000, -4.351740676536406664E-15, 9.499999999999998224 ) ) ;
#820 = ORIENTED_EDGE ( 'NONE', *, *, #1153, .T. ) ;
#821 = ADVANCED_FACE ( 'NONE', ( #963 ), #522, .T. ) ;
#822 = CARTESIAN_POINT ( 'NONE',  ( -23.00000000000000000, 0.000000000000000000, -7.000000000000000000 ) ) ;
#823 = EDGE_LOOP ( 'NONE', ( #1236, #779, #286 ) ) ;
#824 = ORIENTED_EDGE ( 'NONE', *, *, #364, .F. ) ;
#825 = CARTESIAN_POINT ( 'NONE',  ( 0.000000000000000000, 0.000000000000000000, 6.359999999999991438 ) ) ;
#826 = CARTESIAN_POINT ( 'NONE',  ( -23.71637673478874930, -2.644705726995356443, -7.254789209616309797 ) ) ;
#827 = DIRECTION ( 'NONE',  ( 1.000000000000000000, 0.000000000000000000, 0.000000000000000000 ) ) ;
#828 = ORIENTED_EDGE ( 'NONE', *, *, #1179, .F. ) ;
#829 = EDGE_CURVE ( 'NONE', #776, #1457, #214, .T. ) ;
#830 = CARTESIAN_POINT ( 'NONE',  ( -23.00000000000000000, 4.949747468305833564, -4.949747468305835341 ) ) ;
#831 = CARTESIAN_POINT ( 'NONE',  ( -15.00000000000000000, -1.836970198721029194E-15, -3.196454956091490036E-15 ) ) ;
#832 = DIRECTION ( 'NONE',  ( -1.000000000000000000, -0.000000000000000000, -0.000000000000000000 ) ) ;
#833 = DIRECTION ( 'NONE',  ( 1.000000000000000000, 0.000000000000000000, -0.000000000000000000 ) ) ;
#834 = ORIENTED_EDGE ( 'NONE', *, *, #284, .T. ) ;
#835 = ORIENTED_EDGE ( 'NONE', *, *, #842, .F. ) ;
#836 = B_SPLINE_CURVE_WITH_KNOTS ( 'NONE', 3,
 ( #897, #1343, #870, #778, #788, #428 ),
 .UNSPECIFIED., .F., .F.,
 ( 4, 2, 4 ),
 ( 2.309401076759301409E-07, 0.002742644718758396362, 0.005485058497409116621 ),
 .UNSPECIFIED. ) ;
#837 = VECTOR ( 'NONE', #1037, 999.9999999999998863 ) ;
#838 = FACE_OUTER_BOUND ( 'NONE', #152, .T. ) ;
#839 = CARTESIAN_POINT ( 'NONE',  ( -15.00000000000000000, -1.836970198721029194E-15, -3.196454956091490036E-15 ) ) ;
#840 = CIRCLE ( 'NONE', #1167, 9.500000000000000000 ) ;
#841 =( LENGTH_UNIT ( ) NAMED_UNIT ( * ) SI_UNIT ( .MILLI., .METRE. ) );
#842 = EDGE_CURVE ( 'NONE', #1123, #26, #1120, .T. ) ;
#843 = DIRECTION ( 'NONE',  ( 1.000000000000000000, 0.000000000000000000, 0.000000000000000000 ) ) ;
#844 = CARTESIAN_POINT ( 'NONE',  ( -31.00000000000000000, 0.000000000000000000, 0.000000000000000000 ) ) ;
#845 = CARTESIAN_POINT ( 'NONE',  ( -7.000000000000000000, -1.347111479062088207E-15, -2.706596236432549049E-15 ) ) ;
#846 = ORIENTED_EDGE ( 'NONE', *, *, #319, .F. ) ;
#847 = CARTESIAN_POINT ( 'NONE',  ( -14.46508928364746183, 5.484827557301442447, 9.500000000000003553 ) ) ;
#848 = EDGE_CURVE ( 'NONE', #1099, #180, #741, .T. ) ;
#849 = DIRECTION ( 'NONE',  ( 0.000000000000000000, 0.000000000000000000, -1.000000000000000000 ) ) ;
#850 = ORIENTED_EDGE ( 'NONE', *, *, #1195, .F. ) ;
#851 = LINE ( 'NONE', #857, #185 ) ;
#852 =( NAMED_UNIT ( * ) SI_UNIT ( $, .STERADIAN. ) SOLID_ANGLE_UNIT ( ) );
#853 = CARTESIAN_POINT ( 'NONE',  ( -7.000000000000000888, 8.227241335952165002, -4.749999999999997335 ) ) ;
#854 = ADVANCED_FACE ( 'NONE', ( #198 ), #1098, .T. ) ;
#855 = EDGE_LOOP ( 'NONE', ( #359, #896, #1191 ) ) ;
#856 = EDGE_CURVE ( 'NONE', #583, #917, #413, .T. ) ;
#857 = CARTESIAN_POINT ( 'NONE',  ( -15.00000000000000000, -5.484827557301444223, -9.500000000000001776 ) ) ;
#858 = SURFACE_STYLE_USAGE ( .BOTH. , #1176 ) ;
#859 = AXIS2_PLACEMENT_3D ( 'NONE', #306, #1073, #158 ) ;
#860 = VECTOR ( 'NONE', #536, 1000.000000000000000 ) ;
#861 = CARTESIAN_POINT ( 'NONE',  ( -11.00000000000000000, -1.347111479062088207E-15, 0.000000000000000000 ) ) ;
#862 = CONICAL_SURFACE ( 'NONE', #671, 8.000000000000000000, 0.7853981633974447263 ) ;
#863 = ORIENTED_EDGE ( 'NONE', *, *, #499, .T. ) ;
#864 = EDGE_CURVE ( 'NONE', #340, #689, #641, .T. ) ;
#865 = DIRECTION ( 'NONE',  ( -1.000000000000000000, -0.000000000000000000, -0.000000000000000000 ) ) ;
#866 = CARTESIAN_POINT ( 'NONE',  ( -31.00000000000000000, -1.734723475976807094E-15, 0.000000000000000000 ) ) ;
#867 = VERTEX_POINT ( 'NONE', #1331 ) ;
#868 = UNCERTAINTY_MEASURE_WITH_UNIT (LENGTH_MEASURE( 1.000000000000000082E-05 ), #921, 'distance_accuracy_value', 'NONE');
#869 = AXIS2_PLACEMENT_3D ( 'NONE', #104, #229, #202 ) ;
#870 = CARTESIAN_POINT ( 'NONE',  ( -7.233468612497708783, 10.05551718838598418, 1.583333333333334592 ) ) ;
#871 = CARTESIAN_POINT ( 'NONE',  ( -11.00000000000000000, -1.347111479062088207E-15, 0.000000000000000000 ) ) ;
#872 = ADVANCED_FACE ( 'NONE', ( #325 ), #1094, .T. ) ;
#873 = CARTESIAN_POINT ( 'NONE',  ( -7.000000000000000000, -7.770172372843716424, 5.541666666666662522 ) ) ;
#874 = EDGE_CURVE ( 'NONE', #662, #550, #1201, .T. ) ;
#875 = CARTESIAN_POINT ( 'NONE',  ( -24.00000000000000711, 7.688360255831661050, -2.211134680780006079 ) ) ;
#876 = CARTESIAN_POINT ( 'NONE',  ( -31.00000000000000000, -1.734723475976807094E-15, 0.000000000000000000 ) ) ;
#877 = ORIENTED_EDGE ( 'NONE', *, *, #1408, .T. ) ;
#878 = CARTESIAN_POINT ( 'NONE',  ( -15.00000000000000000, -0.9135869299640627661, -9.499999999999998224 ) ) ;
#879 = CARTESIAN_POINT ( 'NONE',  ( -14.46508928364746183, -5.484827557301445111, -9.500000000000001776 ) ) ;
#880 = SURFACE_SIDE_STYLE ('',( #1436 ) ) ;
#881 = AXIS2_PLACEMENT_3D ( 'NONE', #431, #151, #1398 ) ;
#882 = CARTESIAN_POINT ( 'NONE',  ( -15.00000000000000000, -1.836970198721029194E-15, 0.000000000000000000 ) ) ;
#883 = ORIENTED_EDGE ( 'NONE', *, *, #856, .F. ) ;
#884 = EDGE_LOOP ( 'NONE', ( #300, #630 ) ) ;
#885 = DIRECTION ( 'NONE',  ( 0.000000000000000000, 0.000000000000000000, 1.000000000000000000 ) ) ;
#886 = CARTESIAN_POINT ( 'NONE',  ( -31.00000000000000000, -1.734723475976807094E-15, 0.000000000000000000 ) ) ;
#887 = CARTESIAN_POINT ( 'NONE',  ( -7.000000000000000888, 8.227241335952165002, -4.749999999999997335 ) ) ;
#888 = EDGE_CURVE ( 'NONE', #1457, #55, #759, .T. ) ;
#889 = EDGE_LOOP ( 'NONE', ( #1105, #964, #1335 ) ) ;
#890 = LINE ( 'NONE', #1361, #4 ) ;
#891 = ORIENTED_EDGE ( 'NONE', *, *, #9, .T. ) ;
#892 = DIRECTION ( 'NONE',  ( 0.000000000000000000, 0.5000000000000002220, -0.8660254037844385966 ) ) ;
#893 = FILL_AREA_STYLE ('',( #658 ) ) ;
#894 = CARTESIAN_POINT ( 'NONE',  ( -14.99999999999999645, -7.770172372843718200, 5.541666666666660745 ) ) ;
#895 = VECTOR ( 'NONE', #11, 1000.000000000000000 ) ;
#896 = ORIENTED_EDGE ( 'NONE', *, *, #1203, .T. ) ;
#897 = CARTESIAN_POINT ( 'NONE',  ( -7.534910716352538174, 10.96965511460288845, 2.284788142832531432E-15 ) ) ;
#898 = ORIENTED_EDGE ( 'NONE', *, *, #355, .T. ) ;
#899 = CARTESIAN_POINT ( 'NONE',  ( -15.00000000000000000, -1.836970198721029194E-15, 0.000000000000000000 ) ) ;
#900 = DIRECTION ( 'NONE',  ( 1.000000000000000000, 0.000000000000000000, 0.000000000000000000 ) ) ;
#901 = CARTESIAN_POINT ( 'NONE',  ( -7.000000000000000000, -0.9135869299601123705, 9.500000000000001776 ) ) ;
#902 = B_SPLINE_CURVE_WITH_KNOTS ( 'NONE', 3,
 ( #1147, #586, #1289, #945, #1060, #826, #1140, #721 ),
 .UNSPECIFIED., .F., .F.,
 ( 4, 2, 2, 4 ),
 ( 0.004004991407404318027, 0.005994845082752632386, 0.006989771920426790866, 0.007984698758100950214 ),
 .UNSPECIFIED. ) ;
#903 = CARTESIAN_POINT ( 'NONE',  ( -24.00000000000000711, 0.000000000000000000, 8.000000000000000000 ) ) ;
#904 = B_SPLINE_CURVE_WITH_KNOTS ( 'NONE', 3,
 ( #109, #940, #358, #812, #1378, #1056 ),
 .UNSPECIFIED., .F., .F.,
 ( 4, 2, 4 ),
 ( 0.009677838023430630071, 0.01244390437001522201, 0.01520997071659981395 ),
 .UNSPECIFIED. ) ;
#905 = ORIENTED_EDGE ( 'NONE', *, *, #540, .T. ) ;
#906 = AXIS2_PLACEMENT_3D ( 'NONE', #492, #272, #54 ) ;
#907 = VECTOR ( 'NONE', #266, 1000.000000000000000 ) ;
#908 = VECTOR ( 'NONE', #1269, 1000.000000000000000 ) ;
#909 = CARTESIAN_POINT ( 'NONE',  ( -7.534910716352523963, -5.484827557301456658, 9.500000000000000000 ) ) ;
#910 = ORIENTED_EDGE ( 'NONE', *, *, #543, .F. ) ;
#911 = ORIENTED_EDGE ( 'NONE', *, *, #287, .T. ) ;
#912 = ADVANCED_FACE ( 'NONE', ( #5 ), #113, .T. ) ;
#913 = FILL_AREA_STYLE ('',( #103 ) ) ;
#914 = CARTESIAN_POINT ( 'NONE',  ( -11.00000000000000000, -1.347111479062088207E-15, 0.000000000000000000 ) ) ;
#915 = PLANE ( 'NONE',  #1284 ) ;
#916 = DIRECTION ( 'NONE',  ( -0.7071067811865500152, 0.000000000000000000, 0.7071067811865451302 ) ) ;
#917 = VERTEX_POINT ( 'NONE', #1453 ) ;
#918 = CIRCLE ( 'NONE', #735, 7.000000000000000000 ) ;
#919 = DIRECTION ( 'NONE',  ( -1.000000000000000000, -0.000000000000000000, -0.000000000000000000 ) ) ;
#920 = VERTEX_POINT ( 'NONE', #90 ) ;
#921 =( LENGTH_UNIT ( ) NAMED_UNIT ( * ) SI_UNIT ( .MILLI., .METRE. ) );
#922 = CARTESIAN_POINT ( 'NONE',  ( -23.00000000000001066, 4.474545028782453748, 5.424949907829214268 ) ) ;
#923 = FILL_AREA_STYLE ('',( #1274 ) ) ;
#924 = EDGE_CURVE ( 'NONE', #681, #307, #1233, .T. ) ;
#925 = DIRECTION ( 'NONE',  ( 0.000000000000000000, 0.000000000000000000, -1.000000000000000000 ) ) ;
#926 = VECTOR ( 'NONE', #1371, 1000.000000000000000 ) ;
#927 = CARTESIAN_POINT ( 'NONE',  ( -14.46508928364746360, 10.96965511460288845, 2.505907029059962058E-15 ) ) ;
#928 = ORIENTED_EDGE ( 'NONE', *, *, #848, .T. ) ;
#929 = CARTESIAN_POINT ( 'NONE',  ( -23.09811878275158747, 4.007368059994160348, 5.892126876617505005 ) ) ;
#930 = CARTESIAN_POINT ( 'NONE',  ( -23.85263150848623326, -7.473114796985156794, 2.426380139626508115 ) ) ;
#931 = CARTESIAN_POINT ( 'NONE',  ( -23.00000000000000000, 0.000000000000000000, 0.000000000000000000 ) ) ;
#932 = EDGE_LOOP ( 'NONE', ( #942, #1392 ) ) ;
#933 = VECTOR ( 'NONE', #471, 1000.000000000000000 ) ;
#934 = FACE_OUTER_BOUND ( 'NONE', #225, .T. ) ;
#935 = ORIENTED_EDGE ( 'NONE', *, *, #326, .T. ) ;
#936 = CARTESIAN_POINT ( 'NONE',  ( -7.000000000000000000, -7.770172372843714648, -5.541666666666669627 ) ) ;
#937 = DIRECTION ( 'NONE',  ( 0.000000000000000000, 0.4999999999999996114, 0.8660254037844388186 ) ) ;
#938 = FACE_OUTER_BOUND ( 'NONE', #1048, .T. ) ;
#939 = EDGE_CURVE ( 'NONE', #307, #1138, #962, .T. ) ;
#940 = CARTESIAN_POINT ( 'NONE',  ( -14.63051053218265807, -4.575845267204547540, 9.499999999999998224 ) ) ;
#941 = ORIENTED_EDGE ( 'NONE', *, *, #385, .F. ) ;
#942 = ORIENTED_EDGE ( 'NONE', *, *, #856, .T. ) ;
#943 = CONICAL_SURFACE ( 'NONE', #1194, 6.359999999999991438, 0.7853981633974428389 ) ;
#944 = CARTESIAN_POINT ( 'NONE',  ( -7.048909320596375316, 7.313103409735258076, -6.333333333333330373 ) ) ;
#945 = CARTESIAN_POINT ( 'NONE',  ( -23.36462318425881080, -3.316362706956769824, -6.583132229654895085 ) ) ;
#946 = CARTESIAN_POINT ( 'NONE',  ( -24.00000000000000711, 0.000000000000000000, -8.000000000000000000 ) ) ;
#947 = AXIS2_PLACEMENT_3D ( 'NONE', #619, #296, #1188 ) ;
#948 = CARTESIAN_POINT ( 'NONE',  ( -14.63093449787071521, 4.573515594895463110, -9.499999999999998224 ) ) ;
#949 = ORIENTED_EDGE ( 'NONE', *, *, #701, .T. ) ;
#950 = EDGE_LOOP ( 'NONE', ( #717, #727, #1015 ) ) ;
#951 = EDGE_CURVE ( 'NONE', #1230, #1219, #544, .T. ) ;
#952 = CARTESIAN_POINT ( 'NONE',  ( 0.000000000000000000, 0.000000000000000000, 0.000000000000000000 ) ) ;
#953 = CARTESIAN_POINT ( 'NONE',  ( -23.36462318425881435, -6.583132229654899525, 3.316362706956764939 ) ) ;
#954 = CARTESIAN_POINT ( 'NONE',  ( -14.95109067940362202, -7.313103409735256299, -6.333333333333336590 ) ) ;
#955 = CARTESIAN_POINT ( 'NONE',  ( -14.76627142714912289, 3.658520339181231318, -9.500000000000000000 ) ) ;
#956 = ORIENTED_EDGE ( 'NONE', *, *, #71, .F. ) ;
#957 =( GEOMETRIC_REPRESENTATION_CONTEXT ( 3 ) GLOBAL_UNCERTAINTY_ASSIGNED_CONTEXT ( ( #1410 ) ) GLOBAL_UNIT_ASSIGNED_CONTEXT ( ( #841, #490, #483 ) ) REPRESENTATION_CONTEXT ( 'NONE', 'WORKASPACE' ) );
#958 = CIRCLE ( 'NONE', #1095, 9.499999999999998224 ) ;
#959 = CARTESIAN_POINT ( 'NONE',  ( -134.0000000000000000, 0.000000000000000000, 0.000000000000000000 ) ) ;
#960 = EDGE_CURVE ( 'NONE', #1041, #26, #13, .T. ) ;
#961 = CARTESIAN_POINT ( 'NONE',  ( -23.00000000000000000, 4.949747468305833564, -4.949747468305835341 ) ) ;
#962 = B_SPLINE_CURVE_WITH_KNOTS ( 'NONE', 3,
 ( #236, #356, #1003, #334, #802, #464, #120, #1122 ),
 .UNSPECIFIED., .F., .F.,
 ( 4, 2, 2, 4 ),
 ( 0.004004991407404281598, 0.005994845082752596824, 0.006989771920426754437, 0.007984698758100912050 ),
 .UNSPECIFIED. ) ;
#963 = FACE_OUTER_BOUND ( 'NONE', #1433, .T. ) ;
#964 = ORIENTED_EDGE ( 'NONE', *, *, #663, .T. ) ;
#965 = CARTESIAN_POINT ( 'NONE',  ( 0.000000000000000000, 0.000000000000000000, 0.000000000000000000 ) ) ;
#966 = VECTOR ( 'NONE', #900, 1000.000000000000000 ) ;
#967 = EDGE_CURVE ( 'NONE', #1124, #409, #1360, .T. ) ;
#968 = CARTESIAN_POINT ( 'NONE',  ( -23.70496222497478556, 2.642064933306540908, -7.257430003305127997 ) ) ;
#969 = VECTOR ( 'NONE', #1016, 1000.000000000000000 ) ;
#970 = ORIENTED_EDGE ( 'NONE', *, *, #22, .F. ) ;
#971 = CARTESIAN_POINT ( 'NONE',  ( -14.95109067940361847, -9.141379262169081699, 3.166666666666662522 ) ) ;
#972 = CARTESIAN_POINT ( 'NONE',  ( -14.46508928364746360, 10.96965511460288845, 2.505907029059962058E-15 ) ) ;
#973 = ADVANCED_FACE ( 'NONE', ( #99 ), #336, .T. ) ;
#974 = ORIENTED_EDGE ( 'NONE', *, *, #636, .F. ) ;
#975 = DIRECTION ( 'NONE',  ( -1.000000000000000000, -1.224646799147352961E-16, 0.000000000000000000 ) ) ;
#976 = DIRECTION ( 'NONE',  ( -1.000000000000000000, -0.000000000000000000, 0.000000000000000000 ) ) ;
#977 = STYLED_ITEM ( 'NONE', ( #394 ), #1021 ) ;
#978 = CIRCLE ( 'NONE', #338, 9.500000000000000000 ) ;
#979 = CARTESIAN_POINT ( 'NONE',  ( -23.12098822972579271, 3.996478004324588884, -5.903016932287079577 ) ) ;
#980 = CIRCLE ( 'NONE', #1376, 9.500000000000000000 ) ;
#981 = EDGE_CURVE ( 'NONE', #1256, #208, #621, .T. ) ;
#982 = ORIENTED_EDGE ( 'NONE', *, *, #874, .T. ) ;
#983 = FILL_AREA_STYLE_COLOUR ( '', #645 ) ;
#984 = CARTESIAN_POINT ( 'NONE',  ( -14.63144878122585446, 5.941896520409895466, 8.708333333333332149 ) ) ;
#985 = FACE_OUTER_BOUND ( 'NONE', #606, .T. ) ;
#986 = CARTESIAN_POINT ( 'NONE',  ( -31.00000000000000000, -1.734723475976807094E-15, 0.000000000000000000 ) ) ;
#987 = VERTEX_POINT ( 'NONE', #1129 ) ;
#988 = UNCERTAINTY_MEASURE_WITH_UNIT (LENGTH_MEASURE( 1.000000000000000082E-05 ), #302, 'distance_accuracy_value', 'NONE');
#989 = AXIS2_PLACEMENT_3D ( 'NONE', #771, #1442, #1240 ) ;
#990 = CARTESIAN_POINT ( 'NONE',  ( -14.63051053218240050, -4.575845267205989053, -9.500000000000001776 ) ) ;
#991 = CARTESIAN_POINT ( 'NONE',  ( -23.02529732921941985, 5.431294214719053493, 4.468200721892614524 ) ) ;
#992 = B_SPLINE_CURVE_WITH_KNOTS ( 'NONE', 3,
 ( #711, #577, #144, #248, #118, #257, #488, #720 ),
 .UNSPECIFIED., .F., .F.,
 ( 4, 2, 2, 4 ),
 ( 4.524161447725702402E-07, 0.002002721911774549800, 0.003003856659589436949, 0.004004991407404324098 ),
 .UNSPECIFIED. ) ;
#993 = DIRECTION ( 'NONE',  ( -1.000000000000000000, -1.224646799147352961E-16, 0.000000000000000000 ) ) ;
#994 = CARTESIAN_POINT ( 'NONE',  ( -15.00000000000000000, -1.836970198721029194E-15, -3.196454956091490036E-15 ) ) ;
#995 = ORIENTED_EDGE ( 'NONE', *, *, #364, .T. ) ;
#996 = PRODUCT_DEFINITION_SHAPE ( 'NONE', 'NONE',  #628 ) ;
#997 = DIRECTION ( 'NONE',  ( -1.000000000000000000, -0.000000000000000000, 0.000000000000000000 ) ) ;
#998 = CARTESIAN_POINT ( 'NONE',  ( -14.76653138750229033, 6.398965483518352926, -7.916666666666665186 ) ) ;
#999 = EDGE_CURVE ( 'NONE', #409, #532, #107, .T. ) ;
#1000 = VECTOR ( 'NONE', #252, 1000.000000000000000 ) ;
#1001 = AXIS2_PLACEMENT_3D ( 'NONE', #845, #976, #515 ) ;
#1002 = AXIS2_PLACEMENT_3D ( 'NONE', #1266, #616, #724 ) ;
#1003 = CARTESIAN_POINT ( 'NONE',  ( -23.09811878275158392, 5.892126876617505005, -4.007368059994161236 ) ) ;
#1004 = PRODUCT_DEFINITION_FORMATION_WITH_SPECIFIED_SOURCE ( '任何', '', #61, .NOT_KNOWN. ) ;
#1005 = ORIENTED_EDGE ( 'NONE', *, *, #1051, .F. ) ;
#1006 = CARTESIAN_POINT ( 'NONE',  ( -15.00000000000000000, 8.227241335952168555, 4.749999999999998224 ) ) ;
#1007 = ORIENTED_EDGE ( 'NONE', *, *, #1051, .T. ) ;
#1008 = CARTESIAN_POINT ( 'NONE',  ( -15.00000000000000000, -5.484827557301447776, 9.500000000000000000 ) ) ;
#1009 = CARTESIAN_POINT ( 'NONE',  ( -23.45592076301179674, 6.817087498907781651, 3.082407437703884145 ) ) ;
#1010 = ADVANCED_FACE ( 'NONE', ( #1243 ), #571, .T. ) ;
#1011 = DIRECTION ( 'NONE',  ( 0.000000000000000000, 0.000000000000000000, 1.000000000000000000 ) ) ;
#1012 = EDGE_LOOP ( 'NONE', ( #905, #1352, #153 ) ) ;
#1013 = DIRECTION ( 'NONE',  ( -0.000000000000000000, 0.000000000000000000, -1.000000000000000000 ) ) ;
#1014 = ORIENTED_EDGE ( 'NONE', *, *, #157, .F. ) ;
#1015 = ORIENTED_EDGE ( 'NONE', *, *, #627, .T. ) ;
#1016 = DIRECTION ( 'NONE',  ( 1.000000000000000000, 0.000000000000000000, 0.000000000000000000 ) ) ;
#1017 = CARTESIAN_POINT ( 'NONE',  ( -15.00000000000000000, 10.96965511460288845, 2.392056202907796474E-15 ) ) ;
#1018 = DIRECTION ( 'NONE',  ( 0.000000000000000000, -0.7071067811865473507, -0.7071067811865477948 ) ) ;
#1019 = CARTESIAN_POINT ( 'NONE',  ( -15.00000000000000000, -1.836970198721029194E-15, 0.000000000000000000 ) ) ;
#1020 = VECTOR ( 'NONE', #1154, 1000.000000000000000 ) ;
#1021 = ADVANCED_FACE ( 'NONE', ( #147 ), #1148, .T. ) ;
#1022 = CARTESIAN_POINT ( 'NONE',  ( -23.45592076301180029, -6.817087498907786092, -3.082407437703879705 ) ) ;
#1023 = ORIENTED_EDGE ( 'NONE', *, *, #1393, .T. ) ;
#1024 = CARTESIAN_POINT ( 'NONE',  ( -23.70496222497478200, 7.257430003305124444, 2.642064933306541796 ) ) ;
#1025 = CARTESIAN_POINT ( 'NONE',  ( -7.534910716352523963, -5.484827557301456658, 9.500000000000000000 ) ) ;
#1026 = CARTESIAN_POINT ( 'NONE',  ( -11.00000000000000000, -1.347111479062088207E-15, 0.000000000000000000 ) ) ;
#1027 = CARTESIAN_POINT ( 'NONE',  ( -23.00000000000000000, 0.000000000000000000, 0.000000000000000000 ) ) ;
#1028 = VECTOR ( 'NONE', #794, 1000.000000000000000 ) ;
#1029 =( GEOMETRIC_REPRESENTATION_CONTEXT ( 3 ) GLOBAL_UNCERTAINTY_ASSIGNED_CONTEXT ( ( #631 ) ) GLOBAL_UNIT_ASSIGNED_CONTEXT ( ( #419, #189, #275 ) ) REPRESENTATION_CONTEXT ( 'NONE', 'WORKASPACE' ) );
#1030 = EDGE_CURVE ( 'NONE', #689, #681, #505, .T. ) ;
#1031 = CARTESIAN_POINT ( 'NONE',  ( -23.00000000000000000, -4.949747468305835341, -4.949747468305830900 ) ) ;
#1032 = ORIENTED_EDGE ( 'NONE', *, *, #1316, .T. ) ;
#1033 = ORIENTED_EDGE ( 'NONE', *, *, #256, .T. ) ;
#1034 = FACE_OUTER_BOUND ( 'NONE', #93, .T. ) ;
#1035 = DIRECTION ( 'NONE',  ( 1.000000000000000000, -0.000000000000000000, -0.000000000000000000 ) ) ;
#1036 = FACE_OUTER_BOUND ( 'NONE', #366, .T. ) ;
#1037 = DIRECTION ( 'NONE',  ( -0.3420201433256692125, -0.9396926207859083169, 0.000000000000000000 ) ) ;
#1038 = ORIENTED_EDGE ( 'NONE', *, *, #484, .F. ) ;
#1039 = CIRCLE ( 'NONE', #403, 9.499999999999998224 ) ;
#1040 = CARTESIAN_POINT ( 'NONE',  ( 0.000000000000000000, 0.000000000000000000, 0.000000000000000000 ) ) ;
#1041 = VERTEX_POINT ( 'NONE', #1276 ) ;
#1042 = CARTESIAN_POINT ( 'NONE',  ( -23.85263150848623326, 2.426380139626511667, 7.473114796985152353 ) ) ;
#1043 = DIRECTION ( 'NONE',  ( -1.000000000000000000, -0.000000000000000000, 0.000000000000000000 ) ) ;
#1044 = AXIS2_PLACEMENT_3D ( 'NONE', #429, #997, #88 ) ;
#1045 = SURFACE_STYLE_USAGE ( .BOTH. , #130 ) ;
#1046 = DIRECTION ( 'NONE',  ( 0.000000000000000000, -0.7071067811865473507, -0.7071067811865477948 ) ) ;
#1047 = ORIENTED_EDGE ( 'NONE', *, *, #594, .F. ) ;
#1048 = EDGE_LOOP ( 'NONE', ( #7, #91, #451, #736, #502, #1213, #239, #1145, #883, #16, #1092, #159 ) ) ;
#1049 = CARTESIAN_POINT ( 'NONE',  ( -7.369065502129287459, 4.573515594895463110, -9.499999999999998224 ) ) ;
#1050 = DIRECTION ( 'NONE',  ( -1.000000000000000000, -0.000000000000000000, 0.000000000000000000 ) ) ;
#1051 = EDGE_CURVE ( 'NONE', #598, #186, #53, .T. ) ;
#1052 = CYLINDRICAL_SURFACE ( 'NONE', #811, 8.000000000000000000 ) ;
#1053 = B_SPLINE_CURVE_WITH_KNOTS ( 'NONE', 3,
 ( #365, #1130, #1022, #1144, #572, #115, #696, #1031 ),
 .UNSPECIFIED., .F., .F.,
 ( 4, 2, 2, 4 ),
 ( 4.524161447728647959E-07, 0.002002721911774547631, 0.003003856659589432612, 0.004004991407404318027 ),
 .UNSPECIFIED. ) ;
#1054 = CIRCLE ( 'NONE', #881, 9.499999999999998224 ) ;
#1055 = CONICAL_SURFACE ( 'NONE', #270, 20.48990967781846706, 1.221730476396030163 ) ;
#1056 = CARTESIAN_POINT ( 'NONE',  ( -15.00000000000000000, -4.841599396195348046E-15, 9.499999999999998224 ) ) ;
#1057 = VERTEX_POINT ( 'NONE', #588 ) ;
#1058 = ORIENTED_EDGE ( 'NONE', *, *, #237, .F. ) ;
#1059 = CARTESIAN_POINT ( 'NONE',  ( -7.534910716352538174, 5.484827557301448664, -9.499999999999998224 ) ) ;
#1060 = CARTESIAN_POINT ( 'NONE',  ( -23.47252146258390937, -3.089298335172208088, -6.810196601439457709 ) ) ;
#1061 = DIRECTION ( 'NONE',  ( 0.000000000000000000, 0.000000000000000000, -1.000000000000000000 ) ) ;
#1062 = FACE_OUTER_BOUND ( 'NONE', #813, .T. ) ;
#1063 = VERTEX_POINT ( 'NONE', #819 ) ;
#1064 = CYLINDRICAL_SURFACE ( 'NONE', #530, 8.000000000000000000 ) ;
#1065 = CARTESIAN_POINT ( 'NONE',  ( -23.00000000000000000, -4.949747468305832676, 4.949747468305830900 ) ) ;
#1066 = CARTESIAN_POINT ( 'NONE',  ( -14.46508928364746183, -5.484827557301445111, -9.500000000000001776 ) ) ;
#1067 = VECTOR ( 'NONE', #220, 1000.000000000000000 ) ;
#1068 = ADVANCED_FACE ( 'NONE', ( #938 ), #1052, .T. ) ;
#1069 = B_SPLINE_CURVE_WITH_KNOTS ( 'NONE', 3,
 ( #1065, #241, #136, #953, #1280, #1395, #930, #578 ),
 .UNSPECIFIED., .F., .F.,
 ( 4, 2, 2, 4 ),
 ( 0.004004991407404324098, 0.005994845082752640192, 0.006989771920426797805, 0.007984698758100957153 ),
 .UNSPECIFIED. ) ;
#1070 = DIRECTION ( 'NONE',  ( -1.000000000000000000, 0.000000000000000000, 0.000000000000000000 ) ) ;
#1071 = CARTESIAN_POINT ( 'NONE',  ( -7.000000000000000000, -1.347111479062088207E-15, -2.706596236432549049E-15 ) ) ;
#1072 = FILL_AREA_STYLE ('',( #21 ) ) ;
#1073 = DIRECTION ( 'NONE',  ( 1.000000000000000000, 0.000000000000000000, 0.000000000000000000 ) ) ;
#1074 = ORIENTED_EDGE ( 'NONE', *, *, #809, .T. ) ;
#1075 = ADVANCED_FACE ( 'NONE', ( #1383 ), #173, .T. ) ;
#1076 = COLOUR_RGB ( '',1.000000000000000000, 1.000000000000000000, 1.000000000000000000 ) ;
#1077 = CARTESIAN_POINT ( 'NONE',  ( -14.63144878122585446, -10.51258615149443898, 0.7916666666666642982 ) ) ;
#1078 = SURFACE_STYLE_FILL_AREA ( #620 ) ;
#1079 = DIRECTION ( 'NONE',  ( 1.000000000000000000, 1.224646799147352961E-16, -0.000000000000000000 ) ) ;
#1080 = ORIENTED_EDGE ( 'NONE', *, *, #723, .T. ) ;
#1081 = UNCERTAINTY_MEASURE_WITH_UNIT (LENGTH_MEASURE( 1.000000000000000082E-05 ), #12, 'distance_accuracy_value', 'NONE');
#1082 = CARTESIAN_POINT ( 'NONE',  ( -14.46508928364746005, -10.96965511460289200, -2.176434177215136198E-15 ) ) ;
#1083 = DIRECTION ( 'NONE',  ( 0.000000000000000000, -1.000000000000000000, -3.162767576288756400E-16 ) ) ;
#1084 = CARTESIAN_POINT ( 'NONE',  ( -14.63144878122585979, 10.51258615149443543, 0.7916666666666691832 ) ) ;
#1085 = EDGE_CURVE ( 'NONE', #116, #1219, #1254, .T. ) ;
#1086 =( GEOMETRIC_REPRESENTATION_CONTEXT ( 3 ) GLOBAL_UNCERTAINTY_ASSIGNED_CONTEXT ( ( #868 ) ) GLOBAL_UNIT_ASSIGNED_CONTEXT ( ( #921, #111, #541 ) ) REPRESENTATION_CONTEXT ( 'NONE', 'WORKASPACE' ) );
#1087 = EDGE_LOOP ( 'NONE', ( #1014, #1038, #1278, #928, #217, #710, #1161, #911, #1058, #448, #1186, #660 ) ) ;
#1088 = CARTESIAN_POINT ( 'NONE',  ( -15.00000000000000000, -8.684310299060623350, 3.958333333333328596 ) ) ;
#1089 = PLANE ( 'NONE',  #1143 ) ;
#1090 = CARTESIAN_POINT ( 'NONE',  ( -23.45592076301180384, 3.082407437703883701, -6.817087498907786092 ) ) ;
#1091 = EDGE_CURVE ( 'NONE', #273, #1115, #1187, .T. ) ;
#1092 = ORIENTED_EDGE ( 'NONE', *, *, #746, .T. ) ;
#1093 = CARTESIAN_POINT ( 'NONE',  ( -7.534910716352535509, -10.96965511460289200, -2.205988534424650260E-15 ) ) ;
#1094 = CONICAL_SURFACE ( 'NONE', #479, 9.499999999999998224, 1.221730476396030163 ) ;
#1095 = AXIS2_PLACEMENT_3D ( 'NONE', #839, #1050, #265 ) ;
#1096 = CARTESIAN_POINT ( 'NONE',  ( -14.95109067940362380, 7.313103409735256299, 6.333333333333333037 ) ) ;
#1097 = CIRCLE ( 'NONE', #461, 8.000000000000000000 ) ;
#1098 = PLANE ( 'NONE',  #148 ) ;
#1099 = VERTEX_POINT ( 'NONE', #946 ) ;
#1100 = ADVANCED_FACE ( 'NONE', ( #29 ), #150, .T. ) ;
#1101 = CARTESIAN_POINT ( 'NONE',  ( -14.63144878122585268, -10.51258615149443543, -0.7916666666666676289 ) ) ;
#1102 = PLANE ( 'NONE',  #869 ) ;
#1103 = CARTESIAN_POINT ( 'NONE',  ( -6.999999999999999112, -0.9135869299640627661, -9.500000000000001776 ) ) ;
#1104 = CARTESIAN_POINT ( 'NONE',  ( -31.00000000000000000, 0.000000000000000000, 0.000000000000000000 ) ) ;
#1105 = ORIENTED_EDGE ( 'NONE', *, *, #888, .T. ) ;
#1106 = UNCERTAINTY_MEASURE_WITH_UNIT (LENGTH_MEASURE( 1.000000000000000082E-05 ), #81, 'distance_accuracy_value', 'NONE');
#1107 = CONICAL_SURFACE ( 'NONE', #161, 9.499999999999998224, 1.221730476396030163 ) ;
#1108 = EDGE_CURVE ( 'NONE', #816, #583, #388, .T. ) ;
#1109 = CARTESIAN_POINT ( 'NONE',  ( -134.0000000000000000, 7.688360255831661050, -2.211134680780006079 ) ) ;
#1110 = DIRECTION ( 'NONE',  ( 1.000000000000000000, 0.000000000000000000, 0.000000000000000000 ) ) ;
#1111 = CARTESIAN_POINT ( 'NONE',  ( -7.000000000000000000, 8.227241335952166779, 4.749999999999998224 ) ) ;
#1112 = CARTESIAN_POINT ( 'NONE',  ( -14.63144878122585624, 10.51258615149443365, -0.7916666666666648533 ) ) ;
#1113 = ORIENTED_EDGE ( 'NONE', *, *, #960, .T. ) ;
#1114 = DIRECTION ( 'NONE',  ( 1.000000000000000000, 0.000000000000000000, 0.000000000000000000 ) ) ;
#1115 = VERTEX_POINT ( 'NONE', #1171 ) ;
#1116 = EDGE_CURVE ( 'NONE', #72, #776, #285, .T. ) ;
#1117 = DIRECTION ( 'NONE',  ( 0.000000000000000000, 0.000000000000000000, -1.000000000000000000 ) ) ;
#1118 = FACE_OUTER_BOUND ( 'NONE', #1369, .T. ) ;
#1119 =( NAMED_UNIT ( * ) PLANE_ANGLE_UNIT ( ) SI_UNIT ( $, .RADIAN. ) );
#1120 = CIRCLE ( 'NONE', #784, 8.000000000000000000 ) ;
#1121 =( GEOMETRIC_REPRESENTATION_CONTEXT ( 3 ) GLOBAL_UNCERTAINTY_ASSIGNED_CONTEXT ( ( #1106 ) ) GLOBAL_UNIT_ASSIGNED_CONTEXT ( ( #81, #422, #1214 ) ) REPRESENTATION_CONTEXT ( 'NONE', 'WORKASPACE' ) );
#1122 = CARTESIAN_POINT ( 'NONE',  ( -24.00000000000000711, 7.688360255831661050, -2.211134680780006079 ) ) ;
#1123 = VERTEX_POINT ( 'NONE', #528 ) ;
#1124 = VERTEX_POINT ( 'NONE', #183 ) ;
#1125 = CARTESIAN_POINT ( 'NONE',  ( -14.46508928364747426, -5.484827557301456658, 9.500000000000000000 ) ) ;
#1126 = CARTESIAN_POINT ( 'NONE',  ( -7.534910716352538174, 10.96965511460288845, 2.284788142832531432E-15 ) ) ;
#1127 = CARTESIAN_POINT ( 'NONE',  ( -134.0000000000000000, 2.211134680780001194, 7.688360255831662826 ) ) ;
#1128 = EDGE_CURVE ( 'NONE', #1341, #142, #407, .T. ) ;
#1129 = CARTESIAN_POINT ( 'NONE',  ( -23.00000000000000000, 4.949747468305833564, 4.949747468305833564 ) ) ;
#1130 = CARTESIAN_POINT ( 'NONE',  ( -23.70496222497478911, -7.257430003305128885, -2.642064933306537799 ) ) ;
#1131 = ORIENTED_EDGE ( 'NONE', *, *, #393, .T. ) ;
#1132 = DIRECTION ( 'NONE',  ( 0.000000000000000000, 0.000000000000000000, -1.000000000000000000 ) ) ;
#1133 = DIRECTION ( 'NONE',  ( 8.466232908067659164E-17, -1.000000000000000000, 0.000000000000000000 ) ) ;
#1134 = DIRECTION ( 'NONE',  ( -1.000000000000000000, -1.224646799147352961E-16, 0.000000000000000000 ) ) ;
#1135 = EDGE_CURVE ( 'NONE', #1123, #294, #1197, .T. ) ;
#1136 = B_SPLINE_CURVE_WITH_KNOTS ( 'NONE', 3,
 ( #1059, #386, #126, #944, #370, #27 ),
 .UNSPECIFIED., .F., .F.,
 ( 4, 2, 4 ),
 ( 2.309401076763871681E-07, 0.002742644718758398530, 0.005485058497409120090 ),
 .UNSPECIFIED. ) ;
#1137 = DIRECTION ( 'NONE',  ( 0.000000000000000000, 0.000000000000000000, -1.000000000000000000 ) ) ;
#1138 = VERTEX_POINT ( 'NONE', #875 ) ;
#1139 = CARTESIAN_POINT ( 'NONE',  ( -23.00000000000000000, 0.000000000000000000, 0.000000000000000000 ) ) ;
#1140 = CARTESIAN_POINT ( 'NONE',  ( -23.85263150848622971, -2.426380139626514332, -7.473114796985150576 ) ) ;
#1141 = CARTESIAN_POINT ( 'NONE',  ( -14.46508928364746360, 10.96965511460288845, 2.505907029059962058E-15 ) ) ;
#1142 = AXIS2_PLACEMENT_3D ( 'NONE', #1391, #731, #1173 ) ;
#1143 = AXIS2_PLACEMENT_3D ( 'NONE', #1189, #626, #1083 ) ;
#1144 = CARTESIAN_POINT ( 'NONE',  ( -23.19101683477033404, -6.134338939408216618, -3.765155997203447846 ) ) ;
#1145 = ORIENTED_EDGE ( 'NONE', *, *, #553, .F. ) ;
#1146 = LINE ( 'NONE', #1163, #895 ) ;
#1147 = CARTESIAN_POINT ( 'NONE',  ( -23.00000000000000000, -4.949747468305835341, -4.949747468305830900 ) ) ;
#1148 = CYLINDRICAL_SURFACE ( 'NONE', #1320, 7.000000000000000000 ) ;
#1149 = AXIS2_PLACEMENT_3D ( 'NONE', #1399, #1294, #168 ) ;
#1150 = CARTESIAN_POINT ( 'NONE',  ( -23.00000000000000000, -4.949747468305835341, -4.949747468305830900 ) ) ;
#1151 = ORIENTED_EDGE ( 'NONE', *, *, #694, .F. ) ;
#1152 = ORIENTED_EDGE ( 'NONE', *, *, #1085, .F. ) ;
#1153 = EDGE_CURVE ( 'NONE', #186, #570, #320, .T. ) ;
#1154 = DIRECTION ( 'NONE',  ( 1.000000000000000000, 0.000000000000000000, 0.000000000000000000 ) ) ;
#1155 = CARTESIAN_POINT ( 'NONE',  ( -7.233728572851295446, 3.658520339184104131, 9.500000000000005329 ) ) ;
#1156 = AXIS2_PLACEMENT_3D ( 'NONE', #1008, #791, #780 ) ;
#1157 = CARTESIAN_POINT ( 'NONE',  ( -14.99999999999999822, 0.9154795386433731696, 9.500000000000001776 ) ) ;
#1158 = CYLINDRICAL_SURFACE ( 'NONE', #1275, 7.000000000000000000 ) ;
#1159 = DIRECTION ( 'NONE',  ( 1.000000000000000000, 0.000000000000000000, 0.000000000000000000 ) ) ;
#1160 = ORIENTED_EDGE ( 'NONE', *, *, #176, .F. ) ;
#1161 = ORIENTED_EDGE ( 'NONE', *, *, #967, .F. ) ;
#1162 = ORIENTED_EDGE ( 'NONE', *, *, #636, .T. ) ;
#1163 = CARTESIAN_POINT ( 'NONE',  ( -31.00000000000000000, 6.190376000719721539E-16, -9.899494936611667129 ) ) ;
#1164 = CARTESIAN_POINT ( 'NONE',  ( -24.00000000000000711, 0.000000000000000000, 0.000000000000000000 ) ) ;
#1165 = CIRCLE ( 'NONE', #1142, 8.000000000000000000 ) ;
#1166 = AXIS2_PLACEMENT_3D ( 'NONE', #401, #1079, #77 ) ;
#1167 = AXIS2_PLACEMENT_3D ( 'NONE', #1245, #476, #581 ) ;
#1168 = CARTESIAN_POINT ( 'NONE',  ( -15.00000000000000000, 0.9154795386396540335, -9.499999999999998224 ) ) ;
#1169 = EDGE_LOOP ( 'NONE', ( #607, #1160, #254 ) ) ;
#1170 = CARTESIAN_POINT ( 'NONE',  ( -24.00000000000000711, 0.000000000000000000, 0.000000000000000000 ) ) ;
#1171 = CARTESIAN_POINT ( 'NONE',  ( -0.6400000000000155564, 8.572527594031473190E-16, -7.000000000000000000 ) ) ;
#1172 = ADVANCED_FACE ( 'NONE', ( #1423 ), #1208, .T. ) ;
#1173 = DIRECTION ( 'NONE',  ( 0.000000000000000000, 0.000000000000000000, 1.000000000000000000 ) ) ;
#1174 = ORIENTED_EDGE ( 'NONE', *, *, #748, .F. ) ;
#1175 = FACE_OUTER_BOUND ( 'NONE', #383, .T. ) ;
#1176 = SURFACE_SIDE_STYLE ('',( #1078 ) ) ;
#1177 = ORIENTED_EDGE ( 'NONE', *, *, #191, .T. ) ;
#1178 = CARTESIAN_POINT ( 'NONE',  ( -134.0000000000000000, 0.000000000000000000, 0.000000000000000000 ) ) ;
#1179 = EDGE_CURVE ( 'NONE', #186, #1244, #283, .T. ) ;
#1180 = CONICAL_SURFACE ( 'NONE', #1336, 20.48990967781846706, 1.221730476396030163 ) ;
#1181 = CARTESIAN_POINT ( 'NONE',  ( -31.00000000000000000, 0.000000000000000000, 0.000000000000000000 ) ) ;
#1182 = ORIENTED_EDGE ( 'NONE', *, *, #474, .T. ) ;
#1183 = DIRECTION ( 'NONE',  ( 0.000000000000000000, 0.000000000000000000, 1.000000000000000000 ) ) ;
#1184 = PRODUCT_CONTEXT ( 'NONE', #298, 'mechanical' ) ;
#1185 = CARTESIAN_POINT ( 'NONE',  ( -134.0000000000000000, -2.211134680780001638, 7.688360255831662826 ) ) ;
#1186 = ORIENTED_EDGE ( 'NONE', *, *, #1135, .F. ) ;
#1187 = CIRCLE ( 'NONE', #545, 7.000000000000000000 ) ;
#1188 = DIRECTION ( 'NONE',  ( 0.000000000000000000, 0.000000000000000000, 1.000000000000000000 ) ) ;
#1189 = CARTESIAN_POINT ( 'NONE',  ( -15.00000000000000000, 5.484827557301442447, 9.500000000000003553 ) ) ;
#1190 = DIRECTION ( 'NONE',  ( -1.000000000000000000, 0.000000000000000000, 0.000000000000000000 ) ) ;
#1191 = ORIENTED_EDGE ( 'NONE', *, *, #408, .T. ) ;
#1192 = CARTESIAN_POINT ( 'NONE',  ( -7.534910716352535509, -10.96965511460289200, -2.205988534424650260E-15 ) ) ;
#1193 = DIRECTION ( 'NONE',  ( 0.000000000000000000, 0.000000000000000000, 1.000000000000000000 ) ) ;
#1194 = AXIS2_PLACEMENT_3D ( 'NONE', #965, #1310, #1405 ) ;
#1195 = EDGE_CURVE ( 'NONE', #816, #307, #475, .T. ) ;
#1196 = VECTOR ( 'NONE', #112, 1000.000000000000000 ) ;
#1197 = LINE ( 'NONE', #1185, #1373 ) ;
#1198 = ORIENTED_EDGE ( 'NONE', *, *, #71, .T. ) ;
#1199 = CARTESIAN_POINT ( 'NONE',  ( -7.368551218774141098, -10.51258615149443898, 0.7916666666666646313 ) ) ;
#1200 = AXIS2_PLACEMENT_3D ( 'NONE', #1071, #280, #44 ) ;
#1201 = B_SPLINE_CURVE_WITH_KNOTS ( 'NONE', 3,
 ( #1141, #1112, #569, #692, #667, #559 ),
 .UNSPECIFIED., .F., .F.,
 ( 4, 2, 4 ),
 ( 2.309401076752364739E-07, 0.002742644718758398097, 0.005485058497409120958 ),
 .UNSPECIFIED. ) ;
#1202 = CARTESIAN_POINT ( 'NONE',  ( -15.00000000000000000, 8.227241335952168555, 4.749999999999998224 ) ) ;
#1203 = EDGE_CURVE ( 'NONE', #1230, #1379, #978, .T. ) ;
#1204 = CARTESIAN_POINT ( 'NONE',  ( -24.00000000000000711, 0.000000000000000000, 0.000000000000000000 ) ) ;
#1205 = ORIENTED_EDGE ( 'NONE', *, *, #374, .T. ) ;
#1206 = CARTESIAN_POINT ( 'NONE',  ( -7.368551218774141098, -10.51258615149443898, -0.7916666666666688501 ) ) ;
#1207 = AXIS2_PLACEMENT_3D ( 'NONE', #1204, #192, #642 ) ;
#1208 = CONICAL_SURFACE ( 'NONE', #600, 20.48990967781846706, 1.221730476396030163 ) ;
#1209 = FACE_OUTER_BOUND ( 'NONE', #889, .T. ) ;
#1210 = DIRECTION ( 'NONE',  ( -1.000000000000000000, 0.000000000000000000, 0.000000000000000000 ) ) ;
#1211 = DIRECTION ( 'NONE',  ( 0.000000000000000000, 0.000000000000000000, -1.000000000000000000 ) ) ;
#1212 = EDGE_CURVE ( 'NONE', #987, #1041, #291, .T. ) ;
#1213 = ORIENTED_EDGE ( 'NONE', *, *, #1128, .F. ) ;
#1214 =( NAMED_UNIT ( * ) SI_UNIT ( $, .STERADIAN. ) SOLID_ANGLE_UNIT ( ) );
#1215 = CIRCLE ( 'NONE', #1149, 8.000000000000000000 ) ;
#1216 = CARTESIAN_POINT ( 'NONE',  ( -23.19101683477034470, 6.134338939408215730, 3.765155997203451843 ) ) ;
#1217 = DIRECTION ( 'NONE',  ( 0.000000000000000000, 0.000000000000000000, 1.000000000000000000 ) ) ;
#1218 = EDGE_CURVE ( 'NONE', #570, #662, #655, .T. ) ;
#1219 = VERTEX_POINT ( 'NONE', #170 ) ;
#1220 = ADVANCED_FACE ( 'NONE', ( #743 ), #179, .T. ) ;
#1221 = SURFACE_STYLE_USAGE ( .BOTH. , #1422 ) ;
#1222 = ORIENTED_EDGE ( 'NONE', *, *, #596, .F. ) ;
#1223 = CARTESIAN_POINT ( 'NONE',  ( -23.00000000000000000, 0.000000000000000000, 0.000000000000000000 ) ) ;
#1224 = SURFACE_STYLE_USAGE ( .BOTH. , #880 ) ;
#1225 = CARTESIAN_POINT ( 'NONE',  ( -15.00000000000000000, 10.96965511460288845, 2.392056202907796474E-15 ) ) ;
#1226 = VERTEX_POINT ( 'NONE', #651 ) ;
#1227 = DIRECTION ( 'NONE',  ( 1.000000000000000000, -0.000000000000000000, -0.000000000000000000 ) ) ;
#1228 = ORIENTED_EDGE ( 'NONE', *, *, #1384, .F. ) ;
#1229 = ADVANCED_FACE ( 'NONE', ( #190 ), #697, .T. ) ;
#1230 = VERTEX_POINT ( 'NONE', #640 ) ;
#1231 = CARTESIAN_POINT ( 'NONE',  ( -24.00000000000000711, 0.000000000000000000, 0.000000000000000000 ) ) ;
#1232 =( LENGTH_UNIT ( ) NAMED_UNIT ( * ) SI_UNIT ( .MILLI., .METRE. ) );
#1233 = CIRCLE ( 'NONE', #1283, 7.000000000000000000 ) ;
#1234 = CIRCLE ( 'NONE', #548, 6.359999999999991438 ) ;
#1235 = CARTESIAN_POINT ( 'NONE',  ( -7.233468612497707895, 10.05551718838598063, -1.583333333333330817 ) ) ;
#1236 = ORIENTED_EDGE ( 'NONE', *, *, #981, .T. ) ;
#1237 = CARTESIAN_POINT ( 'NONE',  ( -15.00000000000000000, 0.000000000000000000, -7.000000000000000000 ) ) ;
#1238 = EDGE_LOOP ( 'NONE', ( #647, #247, #1409 ) ) ;
#1239 = CARTESIAN_POINT ( 'NONE',  ( -24.00000000000000711, 9.797174393178825657E-16, 8.000000000000000000 ) ) ;
#1240 = DIRECTION ( 'NONE',  ( -1.826024711554534160E-16, 1.000000000000000000, 0.000000000000000000 ) ) ;
#1241 = CARTESIAN_POINT ( 'NONE',  ( -7.534910716352538174, 5.484827557301442447, 9.500000000000003553 ) ) ;
#1242 = ADVANCED_FACE ( 'NONE', ( #629 ), #623, .T. ) ;
#1243 = FACE_OUTER_BOUND ( 'NONE', #950, .T. ) ;
#1244 = VERTEX_POINT ( 'NONE', #59 ) ;
#1245 = CARTESIAN_POINT ( 'NONE',  ( -7.000000000000000000, -1.347111479062088207E-15, -2.706596236432549049E-15 ) ) ;
#1246 = EDGE_LOOP ( 'NONE', ( #1007, #820, #574 ) ) ;
#1247 = CARTESIAN_POINT ( 'NONE',  ( -7.000000000000000000, 1.657517718412228475E-15, -9.499999999999998224 ) ) ;
#1248 = CARTESIAN_POINT ( 'NONE',  ( -7.000000000000000000, 7.770172372843714648, 5.541666666666667851 ) ) ;
#1249 = DIRECTION ( 'NONE',  ( -1.000000000000000000, 0.000000000000000000, 0.000000000000000000 ) ) ;
#1250 = CARTESIAN_POINT ( 'NONE',  ( -23.00000000000000000, 0.000000000000000000, -7.000000000000000000 ) ) ;
#1251 = ORIENTED_EDGE ( 'NONE', *, *, #41, .F. ) ;
#1252 = CARTESIAN_POINT ( 'NONE',  ( -7.233728572850879779, 3.658520339181234871, -9.499999999999996447 ) ) ;
#1253 = CARTESIAN_POINT ( 'NONE',  ( -15.00000000000000000, 5.484827557301448664, -9.499999999999998224 ) ) ;
#1254 = LINE ( 'NONE', #243, #1000 ) ;
#1255 = DIRECTION ( 'NONE',  ( 0.000000000000000000, 0.000000000000000000, -1.000000000000000000 ) ) ;
#1256 = VERTEX_POINT ( 'NONE', #853 ) ;
#1257 = AXIS2_PLACEMENT_3D ( 'NONE', #259, #808, #1291 ) ;
#1258 = AXIS2_PLACEMENT_3D ( 'NONE', #1253, #387, #937 ) ;
#1259 = EDGE_CURVE ( 'NONE', #1041, #688, #64, .T. ) ;
#1260 = FACE_OUTER_BOUND ( 'NONE', #478, .T. ) ;
#1261 = ORIENTED_EDGE ( 'NONE', *, *, #1030, .T. ) ;
#1262 = VERTEX_POINT ( 'NONE', #1111 ) ;
#1263 = ORIENTED_EDGE ( 'NONE', *, *, #533, .F. ) ;
#1264 = LINE ( 'NONE', #706, #1020 ) ;
#1265 = SURFACE_STYLE_USAGE ( .BOTH. , #392 ) ;
#1266 = CARTESIAN_POINT ( 'NONE',  ( -15.00000000000000000, -1.836970198721029194E-15, 0.000000000000000000 ) ) ;
#1267 = ORIENTED_EDGE ( 'NONE', *, *, #485, .T. ) ;
#1268 = ADVANCED_FACE ( 'NONE', ( #773 ), #174, .T. ) ;
#1269 = DIRECTION ( 'NONE',  ( 1.000000000000000000, 0.000000000000000000, 0.000000000000000000 ) ) ;
#1270 = ORIENTED_EDGE ( 'NONE', *, *, #1393, .F. ) ;
#1271 = ORIENTED_EDGE ( 'NONE', *, *, #525, .T. ) ;
#1272 = PRODUCT_RELATED_PRODUCT_CATEGORY ( 'part', '', ( #61 ) ) ;
#1273 = CARTESIAN_POINT ( 'NONE',  ( -7.233468612497706118, -6.398965483518353814, -7.916666666666666963 ) ) ;
#1274 = FILL_AREA_STYLE_COLOUR ( '', #1076 ) ;
#1275 = AXIS2_PLACEMENT_3D ( 'NONE', #268, #149, #1255 ) ;
#1276 = CARTESIAN_POINT ( 'NONE',  ( -23.00000000000000000, 0.000000000000000000, 7.000000000000000888 ) ) ;
#1277 = CARTESIAN_POINT ( 'NONE',  ( -15.00000000000000000, 0.000000000000000000, 0.000000000000000000 ) ) ;
#1278 = ORIENTED_EDGE ( 'NONE', *, *, #613, .T. ) ;
#1279 = CARTESIAN_POINT ( 'NONE',  ( -23.00000000000000000, 4.949747468305833564, 4.949747468305833564 ) ) ;
#1280 = CARTESIAN_POINT ( 'NONE',  ( -23.47252146258391647, -6.810196601439459485, 3.089298335172201426 ) ) ;
#1281 = ADVANCED_FACE ( 'NONE', ( #438 ), #915, .T. ) ;
#1282 = CARTESIAN_POINT ( 'NONE',  ( -134.0000000000000000, 2.211134680780004746, -7.688360255831661938 ) ) ;
#1283 = AXIS2_PLACEMENT_3D ( 'NONE', #212, #554, #1011 ) ;
#1284 = AXIS2_PLACEMENT_3D ( 'NONE', #886, #782, #317 ) ;
#1285 = CARTESIAN_POINT ( 'NONE',  ( -15.00000000000000000, -5.484827557301444223, -9.500000000000001776 ) ) ;
#1286 = EDGE_LOOP ( 'NONE', ( #1344, #565, #770 ) ) ;
#1287 = ORIENTED_EDGE ( 'NONE', *, *, #1377, .T. ) ;
#1288 = DIRECTION ( 'NONE',  ( 1.000000000000000000, 0.000000000000000000, 0.000000000000000000 ) ) ;
#1289 = CARTESIAN_POINT ( 'NONE',  ( -23.09811878275158747, -4.007368059994161236, -5.892126876617504116 ) ) ;
#1290 = EDGE_CURVE ( 'NONE', #550, #508, #587, .T. ) ;
#1291 = DIRECTION ( 'NONE',  ( 0.000000000000000000, 1.776356839400250465E-15, 1.000000000000000000 ) ) ;
#1292 = MANIFOLD_SOLID_BREP ( '切除-拉伸2', #772 ) ;
#1293 = DIRECTION ( 'NONE',  ( 1.000000000000000000, 0.000000000000000000, -0.000000000000000000 ) ) ;
#1294 = DIRECTION ( 'NONE',  ( -1.000000000000000000, 0.000000000000000000, 0.000000000000000000 ) ) ;
#1295 = CARTESIAN_POINT ( 'NONE',  ( -134.0000000000000000, 7.688360255831661050, 2.211134680780003858 ) ) ;
#1296 = STYLED_ITEM ( 'NONE', ( #682 ), #58 ) ;
#1297 = CARTESIAN_POINT ( 'NONE',  ( -15.00000000000000000, 1.167658998753286896E-15, -9.499999999999998224 ) ) ;
#1298 = EDGE_LOOP ( 'NONE', ( #1205, #1032, #141 ) ) ;
#1299 = AXIS2_PLACEMENT_3D ( 'NONE', #585, #608, #699 ) ;
#1300 = CARTESIAN_POINT ( 'NONE',  ( -7.048909320596374428, -9.141379262169076370, 3.166666666666663854 ) ) ;
#1301 = CARTESIAN_POINT ( 'NONE',  ( -23.00000000000000000, 8.572527594031473190E-16, 7.000000000000000000 ) ) ;
#1302 = EDGE_CURVE ( 'NONE', #1226, #397, #675, .T. ) ;
#1303 = ORIENTED_EDGE ( 'NONE', *, *, #484, .T. ) ;
#1304 = CIRCLE ( 'NONE', #668, 7.000000000000000000 ) ;
#1305 = VECTOR ( 'NONE', #1339, 1000.000000000000000 ) ;
#1306 = STYLED_ITEM ( 'NONE', ( #215 ), #560 ) ;
#1307 = DIRECTION ( 'NONE',  ( 1.000000000000000000, 0.000000000000000000, 0.000000000000000000 ) ) ;
#1308 = DIRECTION ( 'NONE',  ( 0.000000000000000000, 0.000000000000000000, 1.000000000000000000 ) ) ;
#1309 = ORIENTED_EDGE ( 'NONE', *, *, #430, .F. ) ;
#1310 = DIRECTION ( 'NONE',  ( -1.000000000000000000, 0.000000000000000000, 0.000000000000000000 ) ) ;
#1311 = DIRECTION ( 'NONE',  ( -1.000000000000000000, -0.000000000000000000, -0.000000000000000000 ) ) ;
#1312 = ORIENTED_EDGE ( 'NONE', *, *, #1116, .F. ) ;
#1313 = CYLINDRICAL_SURFACE ( 'NONE', #94, 7.000000000000000000 ) ;
#1314 = CARTESIAN_POINT ( 'NONE',  ( -7.048909320596374428, -7.313103409735261629, 6.333333333333328596 ) ) ;
#1315 = CARTESIAN_POINT ( 'NONE',  ( -7.000000000000000000, -1.347111479062088207E-15, -2.706596236432549049E-15 ) ) ;
#1316 = EDGE_CURVE ( 'NONE', #85, #339, #818, .T. ) ;
#1317 = CARTESIAN_POINT ( 'NONE',  ( -14.95095289321221443, 1.830246057849860719, -9.499999999999998224 ) ) ;
#1318 = ORIENTED_EDGE ( 'NONE', *, *, #1153, .F. ) ;
#1319 = LINE ( 'NONE', #1109, #1454 ) ;
#1320 = AXIS2_PLACEMENT_3D ( 'NONE', #931, #714, #925 ) ;
#1321 = COLOUR_RGB ( '',1.000000000000000000, 1.000000000000000000, 1.000000000000000000 ) ;
#1322 = CARTESIAN_POINT ( 'NONE',  ( -6.999999999999999112, -8.227241335952168555, 4.749999999999995559 ) ) ;
#1323 = FACE_OUTER_BOUND ( 'NONE', #519, .T. ) ;
#1324 = ADVANCED_FACE ( 'NONE', ( #1323 ), #666, .T. ) ;
#1325 = CARTESIAN_POINT ( 'NONE',  ( -14.99999999999999822, -8.227241335952170331, 4.749999999999995559 ) ) ;
#1326 = ORIENTED_EDGE ( 'NONE', *, *, #525, .F. ) ;
#1327 = CARTESIAN_POINT ( 'NONE',  ( -7.233468612497706118, -10.05551718838598596, -1.583333333333335702 ) ) ;
#1328 = EDGE_LOOP ( 'NONE', ( #672, #193 ) ) ;
#1329 = CARTESIAN_POINT ( 'NONE',  ( -7.000000000000000000, -8.572527594031471218E-16, 0.000000000000000000 ) ) ;
#1330 = CARTESIAN_POINT ( 'NONE',  ( -14.46508928364746183, 5.484827557301448664, -9.499999999999998224 ) ) ;
#1331 = CARTESIAN_POINT ( 'NONE',  ( -6.999999999999999112, 0.000000000000000000, -7.000000000000000000 ) ) ;
#1332 = VERTEX_POINT ( 'NONE', #568 ) ;
#1333 = EDGE_CURVE ( 'NONE', #1262, #1244, #775, .T. ) ;
#1334 = CARTESIAN_POINT ( 'NONE',  ( -6.999999999999999112, -8.227241335952163226, -4.750000000000001776 ) ) ;
#1335 = ORIENTED_EDGE ( 'NONE', *, *, #79, .F. ) ;
#1336 = AXIS2_PLACEMENT_3D ( 'NONE', #728, #975, #494 ) ;
#1337 = CARTESIAN_POINT ( 'NONE',  ( -23.00000000000000000, 8.572527594031473190E-16, 7.000000000000000000 ) ) ;
#1338 = DIRECTION ( 'NONE',  ( 1.000000000000000000, 1.224646799147352961E-16, -0.000000000000000000 ) ) ;
#1339 = DIRECTION ( 'NONE',  ( 1.000000000000000000, -0.000000000000000000, -0.000000000000000000 ) ) ;
#1340 = CARTESIAN_POINT ( 'NONE',  ( -7.048909320596377093, 9.141379262169074593, -3.166666666666663854 ) ) ;
#1341 = VERTEX_POINT ( 'NONE', #446 ) ;
#1342 = EDGE_CURVE ( 'NONE', #1063, #716, #730, .T. ) ;
#1343 = CARTESIAN_POINT ( 'NONE',  ( -7.368551218774141987, 10.51258615149443365, 0.7916666666666681840 ) ) ;
#1344 = ORIENTED_EDGE ( 'NONE', *, *, #165, .T. ) ;
#1345 = SURFACE_STYLE_FILL_AREA ( #913 ) ;
#1346 = LINE ( 'NONE', #240, #729 ) ;
#1347 = CARTESIAN_POINT ( 'NONE',  ( -7.048857340396042837, -1.827884120634427845, 9.500000000000001776 ) ) ;
#1348 = AXIS2_PLACEMENT_3D ( 'NONE', #42, #1293, #617 ) ;
#1349 = STYLED_ITEM ( 'NONE', ( #354 ), #1292 ) ;
#1350 = CONICAL_SURFACE ( 'NONE', #292, 8.000000000000000000, 0.7853981633974447263 ) ;
#1351 = CARTESIAN_POINT ( 'NONE',  ( -7.368551218774143763, 10.51258615149443543, -0.7916666666666632990 ) ) ;
#1352 = ORIENTED_EDGE ( 'NONE', *, *, #1116, .T. ) ;
#1353 = CARTESIAN_POINT ( 'NONE',  ( -15.00000000000000000, -1.836970198721029194E-15, -3.196454956091490036E-15 ) ) ;
#1354 = ORIENTED_EDGE ( 'NONE', *, *, #1377, .F. ) ;
#1355 = VERTEX_POINT ( 'NONE', #83 ) ;
#1356 = LINE ( 'NONE', #817, #80 ) ;
#1357 = CARTESIAN_POINT ( 'NONE',  ( -14.99999999999999822, 7.770172372843715536, -5.541666666666666075 ) ) ;
#1358 = ADVANCED_FACE ( 'NONE', ( #495 ), #1389, .T. ) ;
#1359 = CIRCLE ( 'NONE', #351, 8.000000000000000000 ) ;
#1360 = LINE ( 'NONE', #204, #242 ) ;
#1361 = CARTESIAN_POINT ( 'NONE',  ( -31.00000000000000000, 9.899494936611668905, 2.624207222652022234E-18 ) ) ;
#1362 = EDGE_LOOP ( 'NONE', ( #705, #1267, #460 ) ) ;
#1363 = ORIENTED_EDGE ( 'NONE', *, *, #809, .F. ) ;
#1364 = CARTESIAN_POINT ( 'NONE',  ( -23.00000000000000000, -4.949747468305832676, 4.949747468305830900 ) ) ;
#1365 =( NAMED_UNIT ( * ) PLANE_ANGLE_UNIT ( ) SI_UNIT ( $, .RADIAN. ) );
#1366 = ADVANCED_FACE ( 'NONE', ( #1036 ), #28, .T. ) ;
#1367 = CARTESIAN_POINT ( 'NONE',  ( -14.95095289321183785, 1.830246057854779229, 9.500000000000005329 ) ) ;
#1368 = CARTESIAN_POINT ( 'NONE',  ( -15.00000000000000000, -1.836970198721029194E-15, 0.000000000000000000 ) ) ;
#1369 = EDGE_LOOP ( 'NONE', ( #1326, #1152, #1263, #1312, #618, #36 ) ) ;
#1370 = EDGE_LOOP ( 'NONE', ( #205, #376, #935, #846 ) ) ;
#1371 = DIRECTION ( 'NONE',  ( -0.7071067811865513475, 0.000000000000000000, 0.7071067811865436870 ) ) ;
#1372 = CARTESIAN_POINT ( 'NONE',  ( -15.00000000000000000, -4.841599396195348046E-15, 9.499999999999998224 ) ) ;
#1373 = VECTOR ( 'NONE', #1210, 1000.000000000000000 ) ;
#1374 = EDGE_CURVE ( 'NONE', #1244, #1063, #39, .T. ) ;
#1375 = VERTEX_POINT ( 'NONE', #379 ) ;
#1376 = AXIS2_PLACEMENT_3D ( 'NONE', #24, #140, #375 ) ;
#1377 = EDGE_CURVE ( 'NONE', #340, #1332, #1069, .T. ) ;
#1378 = CARTESIAN_POINT ( 'NONE',  ( -14.99999999999999822, -0.9135869299601139248, 9.500000000000001776 ) ) ;
#1379 = VERTEX_POINT ( 'NONE', #700 ) ;
#1380 = B_SPLINE_CURVE_WITH_KNOTS ( 'NONE', 3,
 ( #1082, #1077, #56, #971, #1088, #1411 ),
 .UNSPECIFIED., .F., .F.,
 ( 4, 2, 4 ),
 ( 2.309401076757335234E-07, 0.002742644718758396362, 0.005485058497409117488 ),
 .UNSPECIFIED. ) ;
#1381 = DIRECTION ( 'NONE',  ( 1.000000000000000000, -0.000000000000000000, -0.000000000000000000 ) ) ;
#1382 = FACE_OUTER_BOUND ( 'NONE', #100, .T. ) ;
#1383 = FACE_OUTER_BOUND ( 'NONE', #1238, .T. ) ;
#1384 = EDGE_CURVE ( 'NONE', #590, #550, #958, .T. ) ;
#1385 = DIRECTION ( 'NONE',  ( 1.000000000000000000, -0.000000000000000000, -0.000000000000000000 ) ) ;
#1386 = ORIENTED_EDGE ( 'NONE', *, *, #584, .T. ) ;
#1387 = ORIENTED_EDGE ( 'NONE', *, *, #939, .T. ) ;
#1388 = FACE_OUTER_BOUND ( 'NONE', #855, .T. ) ;
#1389 = PLANE ( 'NONE',  #1258 ) ;
#1390 = DIRECTION ( 'NONE',  ( 0.000000000000000000, 0.000000000000000000, 1.000000000000000000 ) ) ;
#1391 = CARTESIAN_POINT ( 'NONE',  ( -24.00000000000000711, 0.000000000000000000, 0.000000000000000000 ) ) ;
#1392 = ORIENTED_EDGE ( 'NONE', *, *, #276, .F. ) ;
#1393 = EDGE_CURVE ( 'NONE', #689, #180, #902, .T. ) ;
#1394 = CARTESIAN_POINT ( 'NONE',  ( 0.000000000000000000, 8.180640618304314129E-16, -6.359999999999991438 ) ) ;
#1395 = CARTESIAN_POINT ( 'NONE',  ( -23.71637673478875996, -7.254789209616312462, 2.644705726995350226 ) ) ;
#1396 = DIRECTION ( 'NONE',  ( 8.466232908067659164E-17, -1.000000000000000000, 0.000000000000000000 ) ) ;
#1397 = MECHANICAL_DESIGN_GEOMETRIC_PRESENTATION_REPRESENTATION (  '', ( #977 ), #957 ) ;
#1398 = DIRECTION ( 'NONE',  ( 0.000000000000000000, -8.881784197001252323E-16, -1.000000000000000000 ) ) ;
#1399 = CARTESIAN_POINT ( 'NONE',  ( -134.0000000000000000, 0.000000000000000000, 0.000000000000000000 ) ) ;
#1400 = DIRECTION ( 'NONE',  ( 0.000000000000000000, -0.7071067811865476838, -0.7071067811865474617 ) ) ;
#1401 = ORIENTED_EDGE ( 'NONE', *, *, #393, .F. ) ;
#1402 = CARTESIAN_POINT ( 'NONE',  ( -24.00000000000000711, 0.000000000000000000, 0.000000000000000000 ) ) ;
#1403 = DIRECTION ( 'NONE',  ( -1.000000000000000000, -0.000000000000000000, -0.000000000000000000 ) ) ;
#1404 = ORIENTED_EDGE ( 'NONE', *, *, #777, .F. ) ;
#1405 = DIRECTION ( 'NONE',  ( 0.000000000000000000, 0.000000000000000000, 1.000000000000000000 ) ) ;
#1406 = DIRECTION ( 'NONE',  ( 8.466232908067659164E-17, -1.000000000000000000, 0.000000000000000000 ) ) ;
#1407 = DIRECTION ( 'NONE',  ( -1.000000000000000000, -1.224646799147352961E-16, 0.000000000000000000 ) ) ;
#1408 = EDGE_CURVE ( 'NONE', #1355, #776, #459, .T. ) ;
#1409 = ORIENTED_EDGE ( 'NONE', *, *, #738, .F. ) ;
#1410 = UNCERTAINTY_MEASURE_WITH_UNIT (LENGTH_MEASURE( 1.000000000000000082E-05 ), #841, 'distance_accuracy_value', 'NONE');
#1411 = CARTESIAN_POINT ( 'NONE',  ( -14.99999999999999822, -8.227241335952170331, 4.749999999999995559 ) ) ;
#1412 = FACE_OUTER_BOUND ( 'NONE', #255, .T. ) ;
#1413 = DIRECTION ( 'NONE',  ( 1.000000000000000000, 0.000000000000000000, 0.000000000000000000 ) ) ;
#1414 = ADVANCED_FACE ( 'NONE', ( #1382 ), #145, .T. ) ;
#1415 = EDGE_LOOP ( 'NONE', ( #1251, #143, #263, #693 ) ) ;
#1416 = VECTOR ( 'NONE', #916, 1000.000000000000114 ) ;
#1417 = AXIS2_PLACEMENT_3D ( 'NONE', #734, #1400, #399 ) ;
#1418 = CARTESIAN_POINT ( 'NONE',  ( 0.000000000000000000, 0.000000000000000000, 6.359999999999991438 ) ) ;
#1419 = CARTESIAN_POINT ( 'NONE',  ( -14.76653138750229211, 10.05551718838598063, 1.583333333333334370 ) ) ;
#1420 = ORIENTED_EDGE ( 'NONE', *, *, #408, .F. ) ;
#1421 = ADVANCED_FACE ( 'NONE', ( #691 ), #31, .T. ) ;
#1422 = SURFACE_SIDE_STYLE ('',( #1427 ) ) ;
#1423 = FACE_OUTER_BOUND ( 'NONE', #1169, .T. ) ;
#1424 = AXIS2_PLACEMENT_3D ( 'NONE', #756, #86, #1013 ) ;
#1425 = CARTESIAN_POINT ( 'NONE',  ( -134.0000000000000000, 9.797174393178825657E-16, 8.000000000000000000 ) ) ;
#1426 = ORIENTED_EDGE ( 'NONE', *, *, #1333, .F. ) ;
#1427 = SURFACE_STYLE_FILL_AREA ( #443 ) ;
#1428 = ADVANCED_FACE ( 'NONE', ( #411 ), #1089, .T. ) ;
#1429 = CIRCLE ( 'NONE', #563, 8.000000000000000000 ) ;
#1430 = CARTESIAN_POINT ( 'NONE',  ( -24.00000000000000711, -2.211134680780005191, -7.688360255831661938 ) ) ;
#1431 = CARTESIAN_POINT ( 'NONE',  ( -14.95109067940362202, 7.313103409735260740, -6.333333333333332149 ) ) ;
#1432 = CARTESIAN_POINT ( 'NONE',  ( -14.46508928364746183, 5.484827557301448664, -9.499999999999998224 ) ) ;
#1433 = EDGE_LOOP ( 'NONE', ( #435, #1047, #898, #487 ) ) ;
#1434 = VECTOR ( 'NONE', #1190, 1000.000000000000000 ) ;
#1435 = DIRECTION ( 'NONE',  ( 1.000000000000000000, -0.000000000000000000, -0.000000000000000000 ) ) ;
#1436 = SURFACE_STYLE_FILL_AREA ( #893 ) ;
#1437 = DIRECTION ( 'NONE',  ( -0.000000000000000000, 0.8660254037844387076, 0.5000000000000001110 ) ) ;
#1438 = B_SPLINE_CURVE_WITH_KNOTS ( 'NONE', 3,
 ( #135, #234, #360, #1252, #1049, #806 ),
 .UNSPECIFIED., .F., .F.,
 ( 4, 2, 4 ),
 ( 0.01520997072513188483, 0.01798176732133100614, 0.02075356391753012397 ),
 .UNSPECIFIED. ) ;
#1439 = ORIENTED_EDGE ( 'NONE', *, *, #485, .F. ) ;
#1440 = CARTESIAN_POINT ( 'NONE',  ( -31.00000000000000000, 2.211134680780005191, -7.688360255831661938 ) ) ;
#1441 = ORIENTED_EDGE ( 'NONE', *, *, #137, .T. ) ;
#1442 = DIRECTION ( 'NONE',  ( 1.000000000000000000, 1.224646799147352961E-16, -0.000000000000000000 ) ) ;
#1443 = CARTESIAN_POINT ( 'NONE',  ( -7.000000000000000000, 1.657517718412228475E-15, -9.499999999999998224 ) ) ;
#1444 = CARTESIAN_POINT ( 'NONE',  ( -7.000000000000000000, 8.684310299060619798, -3.958333333333330373 ) ) ;
#1445 = ADVANCED_FACE ( 'NONE', ( #1412 ), #297, .T. ) ;
#1446 = EDGE_LOOP ( 'NONE', ( #384, #828, #1005, #726, #1177, #175 ) ) ;
#1447 = CARTESIAN_POINT ( 'NONE',  ( -6.999999999999998224, -8.684310299060623350, -3.958333333333336146 ) ) ;
#1448 = ORIENTED_EDGE ( 'NONE', *, *, #951, .T. ) ;
#1449 = AXIS2_PLACEMENT_3D ( 'NONE', #952, #625, #740 ) ;
#1450 = SURFACE_SIDE_STYLE ('',( #1345 ) ) ;
#1451 = PLANE ( 'NONE',  #796 ) ;
#1452 = CARTESIAN_POINT ( 'NONE',  ( -7.000000000000000000, 8.227241335952166779, 4.749999999999998224 ) ) ;
#1453 = CARTESIAN_POINT ( 'NONE',  ( -31.00000000000000000, 7.688360255831661050, -2.211134680780006967 ) ) ;
#1454 = VECTOR ( 'NONE', #1227, 1000.000000000000000 ) ;
#1455 = EDGE_CURVE ( 'NONE', #1262, #1256, #506, .T. ) ;
#1456 = DIRECTION ( 'NONE',  ( -1.000000000000000000, -0.000000000000000000, -0.000000000000000000 ) ) ;
#1457 = VERTEX_POINT ( 'NONE', #57 ) ;
ENDSEC;
END-ISO-10303-21;
