ISO-10303-21;
HEADER;
FILE_DESCRIPTION (( 'STEP AP214' ),
    '1' );
FILE_NAME ('清土轮支架支撑型材2.step',
    '2023-08-15T03:03:44',
    ( '' ),
    ( '' ),
    'SwSTEP 2.0',
    'SolidWorks 2022',
    '' );
FILE_SCHEMA (( 'AUTOMOTIVE_DESIGN' ));
ENDSEC;

DATA;
#1 = FILL_AREA_STYLE ('',( #3683 ) ) ;
#2 = EDGE_LOOP ( 'NONE', ( #2972, #380, #4182, #2522 ) ) ;
#3 = VERTEX_POINT ( 'NONE', #850 ) ;
#4 =( GEOMETRIC_REPRESENTATION_CONTEXT ( 3 ) GLOBAL_UNCERTAINTY_ASSIGNED_CONTEXT ( ( #3191 ) ) GLOBAL_UNIT_ASSIGNED_CONTEXT ( ( #2560, #495, #1341 ) ) REPRESENTATION_CONTEXT ( 'NONE', 'WORKASPACE' ) );
#5 = SURFACE_STYLE_USAGE ( .BOTH. , #4155 ) ;
#6 = CIRCLE ( 'NONE', #354, 0.3000000000000129230 ) ;
#7 = VECTOR ( 'NONE', #3342, 1000.000000000000000 ) ;
#8 = CARTESIAN_POINT ( 'NONE',  ( -7.899999999999921307, 60.00000000000000000, -5.200000000000017053 ) ) ;
#9 = CARTESIAN_POINT ( 'NONE',  ( -3.999999999999739764, 60.00000000000000000, 9.999999999999099387 ) ) ;
#10 = FACE_OUTER_BOUND ( 'NONE', #2367, .T. ) ;
#11 = CARTESIAN_POINT ( 'NONE',  ( 9.100000000000038725, 60.00000000000000000, -3.100000000000075140 ) ) ;
#12 = CIRCLE ( 'NONE', #4895, 0.2999999999999929945 ) ;
#13 = AXIS2_PLACEMENT_3D ( 'NONE', #3231, #4004, #4438 ) ;
#14 = CARTESIAN_POINT ( 'NONE',  ( 8.500000000000049738, 60.00000000000000000, -10.00000000000007105 ) ) ;
#15 = DIRECTION ( 'NONE',  ( -0.000000000000000000, -1.000000000000000000, 0.000000000000000000 ) ) ;
#16 = VERTEX_POINT ( 'NONE', #173 ) ;
#17 = STYLED_ITEM ( 'NONE', ( #643 ), #1245 ) ;
#18 = VECTOR ( 'NONE', #402, 1000.000000000000000 ) ;
#19 = VECTOR ( 'NONE', #1254, 1000.000000000000000 ) ;
#20 = CARTESIAN_POINT ( 'NONE',  ( 8.500000000000049738, 60.00000000000000000, -3.400000000000076739 ) ) ;
#21 = ORIENTED_EDGE ( 'NONE', *, *, #5215, .F. ) ;
#22 = MECHANICAL_DESIGN_GEOMETRIC_PRESENTATION_REPRESENTATION (  '', ( #4563 ), #888 ) ;
#23 = AXIS2_PLACEMENT_3D ( 'NONE', #20, #2927, #891 ) ;
#24 = EDGE_CURVE ( 'NONE', #4122, #77, #391, .T. ) ;
#25 = DIRECTION ( 'NONE',  ( 0.000000000000000000, 0.000000000000000000, 1.000000000000000000 ) ) ;
#26 = VERTEX_POINT ( 'NONE', #4921 ) ;
#27 = PRESENTATION_STYLE_ASSIGNMENT (( #3630 ) ) ;
#28 =( NAMED_UNIT ( * ) PLANE_ANGLE_UNIT ( ) SI_UNIT ( $, .RADIAN. ) );
#29 = MECHANICAL_DESIGN_GEOMETRIC_PRESENTATION_REPRESENTATION (  '', ( #1924 ), #2507 ) ;
#30 = ORIENTED_EDGE ( 'NONE', *, *, #2556, .T. ) ;
#31 = PRODUCT_CONTEXT ( 'NONE', #3443, 'mechanical' ) ;
#32 = EDGE_CURVE ( 'NONE', #3634, #2818, #1807, .T. ) ;
#33 = ORIENTED_EDGE ( 'NONE', *, *, #3053, .F. ) ;
#34 = CIRCLE ( 'NONE', #4225, 0.3000000000000120348 ) ;
#35 = FILL_AREA_STYLE ('',( #466 ) ) ;
#36 = SURFACE_STYLE_USAGE ( .BOTH. , #2149 ) ;
#37 = EDGE_CURVE ( 'NONE', #5190, #5114, #4948, .T. ) ;
#38 =( LENGTH_UNIT ( ) NAMED_UNIT ( * ) SI_UNIT ( .MILLI., .METRE. ) );
#39 =( GEOMETRIC_REPRESENTATION_CONTEXT ( 3 ) GLOBAL_UNCERTAINTY_ASSIGNED_CONTEXT ( ( #4648 ) ) GLOBAL_UNIT_ASSIGNED_CONTEXT ( ( #3806, #1790, #2478 ) ) REPRESENTATION_CONTEXT ( 'NONE', 'WORKASPACE' ) );
#40 =( NAMED_UNIT ( * ) SI_UNIT ( $, .STERADIAN. ) SOLID_ANGLE_UNIT ( ) );
#41 = CARTESIAN_POINT ( 'NONE',  ( -9.699999999999779021, 60.00000000000000000, 3.999999999999240163 ) ) ;
#42 = CIRCLE ( 'NONE', #3735, 1.999999999999807487 ) ;
#43 = CARTESIAN_POINT ( 'NONE',  ( 8.500000000000271783, 60.00000000000000000, 9.999999999998454570 ) ) ;
#44 = DIRECTION ( 'NONE',  ( -0.000000000000000000, -1.000000000000000000, -0.000000000000000000 ) ) ;
#45 = DIRECTION ( 'NONE',  ( 0.000000000000000000, 0.000000000000000000, -1.000000000000000000 ) ) ;
#46 = ORIENTED_EDGE ( 'NONE', *, *, #2582, .T. ) ;
#47 = MECHANICAL_DESIGN_GEOMETRIC_PRESENTATION_REPRESENTATION (  '', ( #4245 ), #144 ) ;
#48 = CARTESIAN_POINT ( 'NONE',  ( -9.699999999999917577, 60.00000000000000000, -3.400000000000000355 ) ) ;
#49 = ORIENTED_EDGE ( 'NONE', *, *, #523, .F. ) ;
#50 = FILL_AREA_STYLE ('',( #2169 ) ) ;
#51 = CARTESIAN_POINT ( 'NONE',  ( 7.900000000000032330, 60.00000000000000000, -5.200000000000079226 ) ) ;
#52 = ORIENTED_EDGE ( 'NONE', *, *, #1495, .F. ) ;
#53 = DIRECTION ( 'NONE',  ( 0.000000000000000000, 0.000000000000000000, -1.000000000000000000 ) ) ;
#54 = COLOUR_RGB ( '',0.8980392156862745390, 0.9176470588235293713, 0.9294117647058823817 ) ;
#55 = ORIENTED_EDGE ( 'NONE', *, *, #4979, .T. ) ;
#56 = VECTOR ( 'NONE', #1532, 1000.000000000000000 ) ;
#57 = SURFACE_STYLE_FILL_AREA ( #4149 ) ;
#58 = DIRECTION ( 'NONE',  ( -0.000000000000000000, -1.000000000000000000, 0.000000000000000000 ) ) ;
#59 = VERTEX_POINT ( 'NONE', #3719 ) ;
#60 = EDGE_LOOP ( 'NONE', ( #4372, #1775, #377, #2062 ) ) ;
#61 = MECHANICAL_DESIGN_GEOMETRIC_PRESENTATION_REPRESENTATION (  '', ( #936 ), #673 ) ;
#62 = CARTESIAN_POINT ( 'NONE',  ( -3.399999999999944844, 60.00000000000000000, -8.200000000000020606 ) ) ;
#63 = DIRECTION ( 'NONE',  ( 0.000000000000000000, 0.000000000000000000, -1.000000000000000000 ) ) ;
#64 = EDGE_CURVE ( 'NONE', #816, #1195, #413, .T. ) ;
#65 = CARTESIAN_POINT ( 'NONE',  ( -6.472792206135627779, 0.000000000000000000, 5.412132034355941812 ) ) ;
#66 = DIRECTION ( 'NONE',  ( -0.000000000000000000, -1.000000000000000000, -0.000000000000000000 ) ) ;
#67 = EDGE_CURVE ( 'NONE', #26, #80, #2916, .T. ) ;
#68 = MECHANICAL_DESIGN_GEOMETRIC_PRESENTATION_REPRESENTATION (  '', ( #5049 ), #4170 ) ;
#69 = CARTESIAN_POINT ( 'NONE',  ( -8.199999999999915801, 60.00000000000000000, -3.400000000000007017 ) ) ;
#70 = FACE_OUTER_BOUND ( 'NONE', #4557, .T. ) ;
#71 = DIRECTION ( 'NONE',  ( 0.000000000000000000, 0.000000000000000000, -1.000000000000000000 ) ) ;
#72 = CARTESIAN_POINT ( 'NONE',  ( -3.899999999999889777, 60.00000000000000000, 2.010912703473977103 ) ) ;
#73 =( GEOMETRIC_REPRESENTATION_CONTEXT ( 3 ) GLOBAL_UNCERTAINTY_ASSIGNED_CONTEXT ( ( #4358 ) ) GLOBAL_UNIT_ASSIGNED_CONTEXT ( ( #2558, #3794, #5118 ) ) REPRESENTATION_CONTEXT ( 'NONE', 'WORKASPACE' ) );
#74 = ORIENTED_EDGE ( 'NONE', *, *, #1392, .T. ) ;
#75 = CARTESIAN_POINT ( 'NONE',  ( -6.684924240491676883, 0.000000000000000000, -5.200000000000024158 ) ) ;
#76 = ADVANCED_FACE ( 'NONE', ( #2205 ), #2447, .F. ) ;
#77 = VERTEX_POINT ( 'NONE', #3259 ) ;
#78 = SURFACE_STYLE_USAGE ( .BOTH. , #1588 ) ;
#79 =( NAMED_UNIT ( * ) PLANE_ANGLE_UNIT ( ) SI_UNIT ( $, .RADIAN. ) );
#80 = VERTEX_POINT ( 'NONE', #879 ) ;
#81 = PRESENTATION_LAYER_ASSIGNMENT (  '', '', ( #2225 ) ) ;
#82 = VECTOR ( 'NONE', #1617, 1000.000000000000000 ) ;
#83 = VERTEX_POINT ( 'NONE', #2501 ) ;
#84 = CARTESIAN_POINT ( 'NONE',  ( -3.399999999999944844, 60.00000000000000000, -8.500000000000021316 ) ) ;
#85 =( NAMED_UNIT ( * ) SI_UNIT ( $, .STERADIAN. ) SOLID_ANGLE_UNIT ( ) );
#86 = ORIENTED_EDGE ( 'NONE', *, *, #32, .T. ) ;
#87 = ORIENTED_EDGE ( 'NONE', *, *, #4747, .T. ) ;
#88 =( LENGTH_UNIT ( ) NAMED_UNIT ( * ) SI_UNIT ( .MILLI., .METRE. ) );
#89 = SURFACE_SIDE_STYLE ('',( #1759 ) ) ;
#90 = DIRECTION ( 'NONE',  ( 1.000000000000000000, 0.000000000000000000, -0.000000000000000000 ) ) ;
#91 = EDGE_CURVE ( 'NONE', #4119, #3655, #4893, .T. ) ;
#92 = CYLINDRICAL_SURFACE ( 'NONE', #393, 0.2999999999999990452 ) ;
#93 = DIRECTION ( 'NONE',  ( -1.000000000000000000, 0.000000000000000000, 0.000000000000000000 ) ) ;
#94 = VECTOR ( 'NONE', #3411, 1000.000000000000000 ) ;
#95 = PLANE ( 'NONE',  #4760 ) ;
#96 = CARTESIAN_POINT ( 'NONE',  ( 6.938893903907228378E-15, 60.00000000000000000, -6.938893903907228378E-15 ) ) ;
#97 = DIRECTION ( 'NONE',  ( 0.000000000000000000, 1.000000000000000000, -0.000000000000000000 ) ) ;
#98 = EDGE_CURVE ( 'NONE', #1694, #166, #4079, .T. ) ;
#99 = LINE ( 'NONE', #4631, #3357 ) ;
#100 = DIRECTION ( 'NONE',  ( -0.000000000000000000, -0.000000000000000000, 1.000000000000000000 ) ) ;
#101 = ORIENTED_EDGE ( 'NONE', *, *, #3639, .T. ) ;
#102 = CARTESIAN_POINT ( 'NONE',  ( 10.00000000000004974, 60.00000000000000000, -4.000000000000079936 ) ) ;
#103 = FACE_OUTER_BOUND ( 'NONE', #832, .T. ) ;
#104 = ORIENTED_EDGE ( 'NONE', *, *, #1150, .T. ) ;
#105 = UNCERTAINTY_MEASURE_WITH_UNIT (LENGTH_MEASURE( 1.000000000000000082E-05 ), #2647, 'distance_accuracy_value', 'NONE');
#106 = EDGE_CURVE ( 'NONE', #2818, #1757, #4135, .T. ) ;
#107 = SURFACE_STYLE_USAGE ( .BOTH. , #4615 ) ;
#108 = SURFACE_SIDE_STYLE ('',( #1661 ) ) ;
#109 = ORIENTED_EDGE ( 'NONE', *, *, #91, .F. ) ;
#110 = DIRECTION ( 'NONE',  ( -1.000000000000000000, -0.000000000000000000, -0.000000000000000000 ) ) ;
#111 = AXIS2_PLACEMENT_3D ( 'NONE', #2017, #3588, #5220 ) ;
#112 =( GEOMETRIC_REPRESENTATION_CONTEXT ( 3 ) GLOBAL_UNCERTAINTY_ASSIGNED_CONTEXT ( ( #3167 ) ) GLOBAL_UNIT_ASSIGNED_CONTEXT ( ( #1423, #3149, #3963 ) ) REPRESENTATION_CONTEXT ( 'NONE', 'WORKASPACE' ) );
#113 = ORIENTED_EDGE ( 'NONE', *, *, #5197, .T. ) ;
#114 =( GEOMETRIC_REPRESENTATION_CONTEXT ( 3 ) GLOBAL_UNCERTAINTY_ASSIGNED_CONTEXT ( ( #3085 ) ) GLOBAL_UNIT_ASSIGNED_CONTEXT ( ( #2483, #2987, #4202 ) ) REPRESENTATION_CONTEXT ( 'NONE', 'WORKASPACE' ) );
#115 = PRESENTATION_LAYER_ASSIGNMENT (  '', '', ( #2068 ) ) ;
#116 = DIRECTION ( 'NONE',  ( 0.000000000000000000, 0.000000000000000000, -1.000000000000000000 ) ) ;
#117 = VERTEX_POINT ( 'NONE', #1704 ) ;
#118 = ORIENTED_EDGE ( 'NONE', *, *, #3769, .F. ) ;
#119 =( GEOMETRIC_REPRESENTATION_CONTEXT ( 3 ) GLOBAL_UNCERTAINTY_ASSIGNED_CONTEXT ( ( #1396 ) ) GLOBAL_UNIT_ASSIGNED_CONTEXT ( ( #3049, #3417, #1699 ) ) REPRESENTATION_CONTEXT ( 'NONE', 'WORKASPACE' ) );
#120 = DIRECTION ( 'NONE',  ( -0.000000000000000000, -1.000000000000000000, -0.000000000000000000 ) ) ;
#121 = CARTESIAN_POINT ( 'NONE',  ( 9.700000000000027711, 60.00000000000000000, 3.399999999998300382 ) ) ;
#122 = MECHANICAL_DESIGN_GEOMETRIC_PRESENTATION_REPRESENTATION (  '', ( #1329 ), #298 ) ;
#123 = DIRECTION ( 'NONE',  ( -0.000000000000000000, -1.000000000000000000, -0.000000000000000000 ) ) ;
#124 = AXIS2_PLACEMENT_3D ( 'NONE', #141, #4958, #3410 ) ;
#125 = SURFACE_STYLE_FILL_AREA ( #2913 ) ;
#126 = FACE_OUTER_BOUND ( 'NONE', #597, .T. ) ;
#127 = CARTESIAN_POINT ( 'NONE',  ( -3.399999999999722800, 60.00000000000000000, 9.699999999998841105 ) ) ;
#128 = SURFACE_STYLE_FILL_AREA ( #853 ) ;
#129 = MECHANICAL_DESIGN_GEOMETRIC_PRESENTATION_REPRESENTATION (  '', ( #1081 ), #3559 ) ;
#130 = CARTESIAN_POINT ( 'NONE',  ( 4.000000000000211386, 60.00000000000000000, 9.999999999998451017 ) ) ;
#131 = LINE ( 'NONE', #4952, #3814 ) ;
#132 = VECTOR ( 'NONE', #3951, 1000.000000000000000 ) ;
#133 = ORIENTED_EDGE ( 'NONE', *, *, #4856, .T. ) ;
#134 = LINE ( 'NONE', #859, #470 ) ;
#135 = PRESENTATION_STYLE_ASSIGNMENT (( #4985 ) ) ;
#136 = PRESENTATION_STYLE_ASSIGNMENT (( #1687 ) ) ;
#137 = EDGE_CURVE ( 'NONE', #4355, #1833, #3337, .T. ) ;
#138 = AXIS2_PLACEMENT_3D ( 'NONE', #2979, #474, #2099 ) ;
#139 = VERTEX_POINT ( 'NONE', #2612 ) ;
#140 = COLOUR_RGB ( '',0.8980392156862745390, 0.9176470588235293713, 0.9294117647058823817 ) ;
#141 = CARTESIAN_POINT ( 'NONE',  ( -3.399999999999750333, 60.00000000000000000, 9.099999999998837907 ) ) ;
#142 = CARTESIAN_POINT ( 'NONE',  ( -4.485786437626850365, 60.00000000000000000, -3.425126265847132867 ) ) ;
#143 = EDGE_LOOP ( 'NONE', ( #278, #4499, #4497, #4266 ) ) ;
#144 =( GEOMETRIC_REPRESENTATION_CONTEXT ( 3 ) GLOBAL_UNCERTAINTY_ASSIGNED_CONTEXT ( ( #3218 ) ) GLOBAL_UNIT_ASSIGNED_CONTEXT ( ( #4485, #1625, #1223 ) ) REPRESENTATION_CONTEXT ( 'NONE', 'WORKASPACE' ) );
#145 = EDGE_CURVE ( 'NONE', #1492, #1370, #5116, .T. ) ;
#146 = EDGE_LOOP ( 'NONE', ( #3606, #3841, #1237, #2138 ) ) ;
#147 = CIRCLE ( 'NONE', #2005, 2.000000000000005329 ) ;
#148 = CARTESIAN_POINT ( 'NONE',  ( 9.400000000000042988, 60.00000000000000000, -3.400000000000076739 ) ) ;
#149 = PLANE ( 'NONE',  #4552 ) ;
#150 = EDGE_LOOP ( 'NONE', ( #5266, #4520, #3305, #2571 ) ) ;
#151 = ORIENTED_EDGE ( 'NONE', *, *, #4112, .T. ) ;
#152 = FACE_OUTER_BOUND ( 'NONE', #3436, .T. ) ;
#153 = CARTESIAN_POINT ( 'NONE',  ( -5.412132034355706445, 60.00000000000000000, 6.472792206134601045 ) ) ;
#154 = CARTESIAN_POINT ( 'NONE',  ( 3.400000000000222400, 60.00000000000000000, 8.199999999998459188 ) ) ;
#155 = CARTESIAN_POINT ( 'NONE',  ( 7.900000000000032330, 60.00000000000000000, -5.500000000000074607 ) ) ;
#156 =( NAMED_UNIT ( * ) PLANE_ANGLE_UNIT ( ) SI_UNIT ( $, .RADIAN. ) );
#157 = SURFACE_STYLE_FILL_AREA ( #3907 ) ;
#158 = SURFACE_STYLE_FILL_AREA ( #3533 ) ;
#159 = FILL_AREA_STYLE_COLOUR ( '', #4833 ) ;
#160 = EDGE_LOOP ( 'NONE', ( #2340, #4406, #3549, #708 ) ) ;
#161 = DIRECTION ( 'NONE',  ( -1.000000000000000000, 0.000000000000000000, -0.000000000000000000 ) ) ;
#162 = CARTESIAN_POINT ( 'NONE',  ( -2.010912703473713314, 60.00000000000000000, 3.899999999998806199 ) ) ;
#163 = DIRECTION ( 'NONE',  ( -0.000000000000000000, -1.000000000000000000, -0.000000000000000000 ) ) ;
#164 = VERTEX_POINT ( 'NONE', #5195 ) ;
#165 = EDGE_CURVE ( 'NONE', #517, #5190, #5214, .T. ) ;
#166 = VERTEX_POINT ( 'NONE', #2344 ) ;
#167 = COLOUR_RGB ( '',0.8980392156862745390, 0.9176470588235293713, 0.9294117647058823817 ) ;
#168 = ORIENTED_EDGE ( 'NONE', *, *, #2486, .T. ) ;
#169 = ORIENTED_EDGE ( 'NONE', *, *, #4888, .F. ) ;
#170 = EDGE_CURVE ( 'NONE', #2751, #1936, #4795, .T. ) ;
#171 = VECTOR ( 'NONE', #1516, 1000.000000000000000 ) ;
#172 = LINE ( 'NONE', #242, #4681 ) ;
#173 = CARTESIAN_POINT ( 'NONE',  ( 10.00000000000024514, 0.000000000000000000, 3.999999999998303579 ) ) ;
#174 = UNCERTAINTY_MEASURE_WITH_UNIT (LENGTH_MEASURE( 1.000000000000000082E-05 ), #1854, 'distance_accuracy_value', 'NONE');
#175 = MECHANICAL_DESIGN_GEOMETRIC_PRESENTATION_REPRESENTATION (  '', ( #1967 ), #4365 ) ;
#176 = DIRECTION ( 'NONE',  ( 1.000000000000000000, 0.000000000000000000, 0.000000000000000000 ) ) ;
#177 = EDGE_CURVE ( 'NONE', #3201, #751, #4272, .T. ) ;
#178 =( NAMED_UNIT ( * ) PLANE_ANGLE_UNIT ( ) SI_UNIT ( $, .RADIAN. ) );
#179 = VECTOR ( 'NONE', #93, 1000.000000000000000 ) ;
#180 = LINE ( 'NONE', #4605, #4371 ) ;
#181 = MECHANICAL_DESIGN_GEOMETRIC_PRESENTATION_REPRESENTATION (  '', ( #1722 ), #3184 ) ;
#182 = PRESENTATION_STYLE_ASSIGNMENT (( #3908 ) ) ;
#183 = CARTESIAN_POINT ( 'NONE',  ( 9.400000000000019895, 60.00000000000000000, 3.399999999999923972 ) ) ;
#184 = CARTESIAN_POINT ( 'NONE',  ( 5.412132034356129218, 60.00000000000000000, 6.472792206134489135 ) ) ;
#185 = CYLINDRICAL_SURFACE ( 'NONE', #2336, 0.3000000000000051514 ) ;
#186 = CARTESIAN_POINT ( 'NONE',  ( 3.400000000000027889, 60.00000000000000000, -9.100000000000052935 ) ) ;
#187 = AXIS2_PLACEMENT_3D ( 'NONE', #4421, #2401, #3593 ) ;
#188 = CARTESIAN_POINT ( 'NONE',  ( 5.412132034356018195, 60.00000000000000000, -6.472792206135856041 ) ) ;
#189 = PLANE ( 'NONE',  #3805 ) ;
#190 = SURFACE_STYLE_FILL_AREA ( #2656 ) ;
#191 = MECHANICAL_DESIGN_GEOMETRIC_PRESENTATION_REPRESENTATION (  '', ( #1976 ), #4461 ) ;
#192 = FILL_AREA_STYLE_COLOUR ( '', #649 ) ;
#193 = ADVANCED_FACE ( 'NONE', ( #3900 ), #3484, .T. ) ;
#194 = SURFACE_STYLE_FILL_AREA ( #2630 ) ;
#195 = CARTESIAN_POINT ( 'NONE',  ( -3.399999999999972378, 0.000000000000000000, -9.100000000000024514 ) ) ;
#196 = EDGE_LOOP ( 'NONE', ( #1286, #5080 ) ) ;
#197 = SURFACE_STYLE_USAGE ( .BOTH. , #3860 ) ;
#198 = COLOUR_RGB ( '',0.8980392156862745390, 0.9176470588235293713, 0.9294117647058823817 ) ;
#199 = COLOUR_RGB ( '',0.8980392156862745390, 0.9176470588235293713, 0.9294117647058823817 ) ;
#200 = ORIENTED_EDGE ( 'NONE', *, *, #1150, .F. ) ;
#201 = EDGE_CURVE ( 'NONE', #4244, #2982, #203, .T. ) ;
#202 = CIRCLE ( 'NONE', #3272, 0.2999999999999981570 ) ;
#203 = CIRCLE ( 'NONE', #4470, 0.3000000000000016542 ) ;
#204 = LINE ( 'NONE', #5188, #3092 ) ;
#205 = UNCERTAINTY_MEASURE_WITH_UNIT (LENGTH_MEASURE( 1.000000000000000082E-05 ), #3227, 'distance_accuracy_value', 'NONE');
#206 = SURFACE_STYLE_FILL_AREA ( #2724 ) ;
#207 = ORIENTED_EDGE ( 'NONE', *, *, #1085, .F. ) ;
#208 = ORIENTED_EDGE ( 'NONE', *, *, #2808, .T. ) ;
#209 = SURFACE_SIDE_STYLE ('',( #2580 ) ) ;
#210 = DIRECTION ( 'NONE',  ( 0.000000000000000000, 0.000000000000000000, 1.000000000000000000 ) ) ;
#211 = PRESENTATION_LAYER_ASSIGNMENT (  '', '', ( #4655 ) ) ;
#212 = COLOUR_RGB ( '',0.8980392156862745390, 0.9176470588235293713, 0.9294117647058823817 ) ;
#213 = CARTESIAN_POINT ( 'NONE',  ( -3.399999999999972378, 60.00000000000000000, -9.400000000000046541 ) ) ;
#214 = EDGE_CURVE ( 'NONE', #5212, #2409, #5142, .T. ) ;
#215 = DIRECTION ( 'NONE',  ( 0.000000000000000000, 0.000000000000000000, -1.000000000000000000 ) ) ;
#216 =( NAMED_UNIT ( * ) SI_UNIT ( $, .STERADIAN. ) SOLID_ANGLE_UNIT ( ) );
#217 = CARTESIAN_POINT ( 'NONE',  ( 5.412132034356015531, 60.00000000000000000, -6.472792206135858706 ) ) ;
#218 = CARTESIAN_POINT ( 'NONE',  ( 8.500000000000271783, 60.00000000000000000, 9.999999999998454570 ) ) ;
#219 = CARTESIAN_POINT ( 'NONE',  ( -5.499999999999963585, 60.00000000000000000, -7.900000000000018119 ) ) ;
#220 = AXIS2_PLACEMENT_3D ( 'NONE', #252, #2247, #3120 ) ;
#221 = ADVANCED_FACE ( 'NONE', ( #3081 ), #1393, .F. ) ;
#222 = COLOUR_RGB ( '',0.8980392156862745390, 0.9176470588235293713, 0.9294117647058823817 ) ;
#223 = FACE_OUTER_BOUND ( 'NONE', #983, .T. ) ;
#224 = DIRECTION ( 'NONE',  ( -0.000000000000000000, -1.000000000000000000, -0.000000000000000000 ) ) ;
#225 = DIRECTION ( 'NONE',  ( -0.000000000000000000, -1.000000000000000000, -0.000000000000000000 ) ) ;
#226 = SURFACE_STYLE_USAGE ( .BOTH. , #3090 ) ;
#227 = AXIS2_PLACEMENT_3D ( 'NONE', #5039, #4105, #4976 ) ;
#228 = LINE ( 'NONE', #694, #2096 ) ;
#229 =( NAMED_UNIT ( * ) SI_UNIT ( $, .STERADIAN. ) SOLID_ANGLE_UNIT ( ) );
#230 =( NAMED_UNIT ( * ) SI_UNIT ( $, .STERADIAN. ) SOLID_ANGLE_UNIT ( ) );
#231 = DIRECTION ( 'NONE',  ( -0.000000000000000000, -1.000000000000000000, -0.000000000000000000 ) ) ;
#232 = ORIENTED_EDGE ( 'NONE', *, *, #3223, .T. ) ;
#233 = FACE_OUTER_BOUND ( 'NONE', #4012, .T. ) ;
#234 = VECTOR ( 'NONE', #701, 1000.000000000000000 ) ;
#235 = MECHANICAL_DESIGN_GEOMETRIC_PRESENTATION_REPRESENTATION (  '', ( #2794 ), #658 ) ;
#236 = EDGE_LOOP ( 'NONE', ( #1066, #2365, #4531, #1883 ) ) ;
#237 = CYLINDRICAL_SURFACE ( 'NONE', #1038, 0.3000000000000120348 ) ;
#238 = LINE ( 'NONE', #4265, #3024 ) ;
#239 = ORIENTED_EDGE ( 'NONE', *, *, #1618, .T. ) ;
#240 = VECTOR ( 'NONE', #1877, 1000.000000000000000 ) ;
#241 = FILL_AREA_STYLE ('',( #4792 ) ) ;
#242 = CARTESIAN_POINT ( 'NONE',  ( 5.500000000000185629, 60.00000000000000000, 7.899999999998456701 ) ) ;
#243 = CARTESIAN_POINT ( 'NONE',  ( 3.400000000000222400, 0.000000000000000000, 9.699999999998452083 ) ) ;
#244 = VECTOR ( 'NONE', #2291, 1000.000000000000000 ) ;
#245 = DIRECTION ( 'NONE',  ( -0.000000000000000000, -1.000000000000000000, -0.000000000000000000 ) ) ;
#246 = EDGE_CURVE ( 'NONE', #1942, #536, #4282, .T. ) ;
#247 = CIRCLE ( 'NONE', #3154, 2.000000000000004441 ) ;
#248 = SURFACE_SIDE_STYLE ('',( #1000 ) ) ;
#249 = CARTESIAN_POINT ( 'NONE',  ( -7.900000000000170886, 60.00000000000000000, 5.500000000000067502 ) ) ;
#250 = EDGE_CURVE ( 'NONE', #3480, #5288, #3277, .T. ) ;
#251 = UNCERTAINTY_MEASURE_WITH_UNIT (LENGTH_MEASURE( 1.000000000000000082E-05 ), #4350, 'distance_accuracy_value', 'NONE');
#252 = CARTESIAN_POINT ( 'NONE',  ( 8.500000000000049738, 60.00000000000000000, -8.500000000000069278 ) ) ;
#253 = CARTESIAN_POINT ( 'NONE',  ( -3.425126265846824225, 60.00000000000000000, 4.485786437625724155 ) ) ;
#254 = DIRECTION ( 'NONE',  ( -0.000000000000000000, -1.000000000000000000, 0.000000000000000000 ) ) ;
#255 = ORIENTED_EDGE ( 'NONE', *, *, #1157, .T. ) ;
#256 = ORIENTED_EDGE ( 'NONE', *, *, #4324, .T. ) ;
#257 = CIRCLE ( 'NONE', #1191, 0.3000000000000016542 ) ;
#258 = AXIS2_PLACEMENT_3D ( 'NONE', #1763, #2528, #2151 ) ;
#259 = CARTESIAN_POINT ( 'NONE',  ( -3.099999999999738520, 60.00000000000000000, 9.099999999998837907 ) ) ;
#260 = CYLINDRICAL_SURFACE ( 'NONE', #3442, 2.000000000000003553 ) ;
#261 = VERTEX_POINT ( 'NONE', #651 ) ;
#262 = DIRECTION ( 'NONE',  ( 0.7071067811865475727, -0.000000000000000000, 0.7071067811865475727 ) ) ;
#263 = DIRECTION ( 'NONE',  ( -0.000000000000000000, -1.000000000000000000, -0.000000000000000000 ) ) ;
#264 = VERTEX_POINT ( 'NONE', #3828 ) ;
#265 = AXIS2_PLACEMENT_3D ( 'NONE', #121, #3396, #63 ) ;
#266 = DIRECTION ( 'NONE',  ( 0.000000000000000000, 0.000000000000000000, 1.000000000000000000 ) ) ;
#267 = AXIS2_PLACEMENT_3D ( 'NONE', #790, #5245, #1218 ) ;
#268 = CIRCLE ( 'NONE', #3427, 1.999999999999807487 ) ;
#269 = DIRECTION ( 'NONE',  ( -0.000000000000000000, -1.000000000000000000, -0.000000000000000000 ) ) ;
#270 = EDGE_CURVE ( 'NONE', #59, #2405, #2712, .T. ) ;
#271 = CARTESIAN_POINT ( 'NONE',  ( -5.412132034355705557, 60.00000000000000000, 6.472792206134601933 ) ) ;
#272 = CARTESIAN_POINT ( 'NONE',  ( 8.500000000000049738, 60.00000000000000000, 3.099999999999922373 ) ) ;
#273 = CARTESIAN_POINT ( 'NONE',  ( -7.900000000000170886, 60.00000000000000000, 5.199999999999975309 ) ) ;
#274 = EDGE_CURVE ( 'NONE', #3896, #2004, #2156, .T. ) ;
#275 = UNCERTAINTY_MEASURE_WITH_UNIT (LENGTH_MEASURE( 1.000000000000000082E-05 ), #1411, 'distance_accuracy_value', 'NONE');
#276 = FILL_AREA_STYLE_COLOUR ( '', #1490 ) ;
#277 = DIRECTION ( 'NONE',  ( 0.000000000000000000, 0.000000000000000000, 1.000000000000000000 ) ) ;
#278 = ORIENTED_EDGE ( 'NONE', *, *, #5167, .T. ) ;
#279 = LINE ( 'NONE', #1859, #2541 ) ;
#280 = VECTOR ( 'NONE', #4090, 1000.000000000000000 ) ;
#281 = ORIENTED_EDGE ( 'NONE', *, *, #2335, .T. ) ;
#282 = COLOUR_RGB ( '',0.8980392156862745390, 0.9176470588235293713, 0.9294117647058823817 ) ;
#283 = PLANE ( 'NONE',  #4041 ) ;
#284 = DIRECTION ( 'NONE',  ( 0.000000000000000000, 0.000000000000000000, -1.000000000000000000 ) ) ;
#285 = ORIENTED_EDGE ( 'NONE', *, *, #1418, .T. ) ;
#286 = SURFACE_STYLE_USAGE ( .BOTH. , #4268 ) ;
#287 = DIRECTION ( 'NONE',  ( 0.000000000000000000, 0.000000000000000000, -1.000000000000000000 ) ) ;
#288 = AXIS2_PLACEMENT_3D ( 'NONE', #3674, #4035, #1554 ) ;
#289 =( NAMED_UNIT ( * ) PLANE_ANGLE_UNIT ( ) SI_UNIT ( $, .RADIAN. ) );
#290 = EDGE_LOOP ( 'NONE', ( #4236, #3710, #1803, #4096 ) ) ;
#291 = MECHANICAL_DESIGN_GEOMETRIC_PRESENTATION_REPRESENTATION (  '', ( #17 ), #1569 ) ;
#292 =( GEOMETRIC_REPRESENTATION_CONTEXT ( 3 ) GLOBAL_UNCERTAINTY_ASSIGNED_CONTEXT ( ( #1119 ) ) GLOBAL_UNIT_ASSIGNED_CONTEXT ( ( #2287, #3528, #1922 ) ) REPRESENTATION_CONTEXT ( 'NONE', 'WORKASPACE' ) );
#293 = VECTOR ( 'NONE', #3312, 1000.000000000000000 ) ;
#294 = FILL_AREA_STYLE_COLOUR ( '', #4487 ) ;
#295 = UNCERTAINTY_MEASURE_WITH_UNIT (LENGTH_MEASURE( 1.000000000000000082E-05 ), #909, 'distance_accuracy_value', 'NONE');
#296 = MECHANICAL_DESIGN_GEOMETRIC_PRESENTATION_REPRESENTATION (  '', ( #4755 ), #5178 ) ;
#297 = DIRECTION ( 'NONE',  ( 0.000000000000000000, 0.000000000000000000, -1.000000000000000000 ) ) ;
#298 =( GEOMETRIC_REPRESENTATION_CONTEXT ( 3 ) GLOBAL_UNCERTAINTY_ASSIGNED_CONTEXT ( ( #1776 ) ) GLOBAL_UNIT_ASSIGNED_CONTEXT ( ( #4364, #1905, #229 ) ) REPRESENTATION_CONTEXT ( 'NONE', 'WORKASPACE' ) );
#299 = UNCERTAINTY_MEASURE_WITH_UNIT (LENGTH_MEASURE( 1.000000000000000082E-05 ), #2778, 'distance_accuracy_value', 'NONE');
#300 = PRESENTATION_STYLE_ASSIGNMENT (( #2425 ) ) ;
#301 = DIRECTION ( 'NONE',  ( -0.000000000000000000, -1.000000000000000000, -0.000000000000000000 ) ) ;
#302 = FILL_AREA_STYLE ('',( #192 ) ) ;
#303 = LINE ( 'NONE', #2252, #1809 ) ;
#304 =( LENGTH_UNIT ( ) NAMED_UNIT ( * ) SI_UNIT ( .MILLI., .METRE. ) );
#305 = ORIENTED_EDGE ( 'NONE', *, *, #4338, .F. ) ;
#306 = EDGE_CURVE ( 'NONE', #5184, #4853, #444, .T. ) ;
#307 = ORIENTED_EDGE ( 'NONE', *, *, #1703, .T. ) ;
#308 = FILL_AREA_STYLE_COLOUR ( '', #4445 ) ;
#309 = CARTESIAN_POINT ( 'NONE',  ( -3.399999999999944844, 60.00000000000000000, -8.200000000000020606 ) ) ;
#310 = ORIENTED_EDGE ( 'NONE', *, *, #2592, .F. ) ;
#311 = AXIS2_PLACEMENT_3D ( 'NONE', #2869, #2025, #3572 ) ;
#312 = CARTESIAN_POINT ( 'NONE',  ( -7.900000000000170886, 60.00000000000000000, 5.500000000000067502 ) ) ;
#313 = AXIS2_PLACEMENT_3D ( 'NONE', #62, #434, #3714 ) ;
#314 = ORIENTED_EDGE ( 'NONE', *, *, #3101, .T. ) ;
#315 = PLANE ( 'NONE',  #4584 ) ;
#316 = ADVANCED_FACE ( 'NONE', ( #3013 ), #185, .T. ) ;
#317 = VECTOR ( 'NONE', #3005, 1000.000000000000000 ) ;
#318 = LINE ( 'NONE', #1970, #3335 ) ;
#319 = CYLINDRICAL_SURFACE ( 'NONE', #3821, 0.2999999999999947153 ) ;
#320 = DIRECTION ( 'NONE',  ( -0.000000000000000000, -1.000000000000000000, -0.000000000000000000 ) ) ;
#321 = FILL_AREA_STYLE_COLOUR ( '', #706 ) ;
#322 = DIRECTION ( 'NONE',  ( 0.000000000000000000, 0.000000000000000000, 1.000000000000000000 ) ) ;
#323 = ORIENTED_EDGE ( 'NONE', *, *, #3652, .T. ) ;
#324 =( NAMED_UNIT ( * ) SI_UNIT ( $, .STERADIAN. ) SOLID_ANGLE_UNIT ( ) );
#325 = CIRCLE ( 'NONE', #2730, 0.2999999999999981570 ) ;
#326 = EDGE_LOOP ( 'NONE', ( #1507, #2807, #1330, #4587 ) ) ;
#327 = ADVANCED_FACE ( 'NONE', ( #1789 ), #5148, .T. ) ;
#328 = SURFACE_STYLE_FILL_AREA ( #728 ) ;
#329 = DIRECTION ( 'NONE',  ( -0.000000000000000000, -1.000000000000000000, -0.000000000000000000 ) ) ;
#330 = ORIENTED_EDGE ( 'NONE', *, *, #1544, .T. ) ;
#331 = DIRECTION ( 'NONE',  ( 0.000000000000000000, 0.000000000000000000, -1.000000000000000000 ) ) ;
#332 = ORIENTED_EDGE ( 'NONE', *, *, #3316, .F. ) ;
#333 = EDGE_CURVE ( 'NONE', #2382, #2409, #3793, .T. ) ;
#334 = PRESENTATION_LAYER_ASSIGNMENT (  '', '', ( #2383 ) ) ;
#335 = ORIENTED_EDGE ( 'NONE', *, *, #4542, .T. ) ;
#336 = CARTESIAN_POINT ( 'NONE',  ( -3.399999999999750333, 0.000000000000000000, 8.199999999998833999 ) ) ;
#337 = COLOUR_RGB ( '',0.8980392156862745390, 0.9176470588235293713, 0.9294117647058823817 ) ;
#338 = CARTESIAN_POINT ( 'NONE',  ( 3.100000000000033396, 0.000000000000000000, -9.100000000000052935 ) ) ;
#339 = ADVANCED_FACE ( 'NONE', ( #3564 ), #4031, .F. ) ;
#340 = DIRECTION ( 'NONE',  ( -0.000000000000000000, -1.000000000000000000, -0.000000000000000000 ) ) ;
#341 = FILL_AREA_STYLE_COLOUR ( '', #5117 ) ;
#342 = VECTOR ( 'NONE', #2754, 1000.000000000000000 ) ;
#343 = CARTESIAN_POINT ( 'NONE',  ( 5.500000000000046185, 0.000000000000000000, -7.900000000000052758 ) ) ;
#344 = MECHANICAL_DESIGN_GEOMETRIC_PRESENTATION_REPRESENTATION (  '', ( #2663 ), #2468 ) ;
#345 = PRESENTATION_STYLE_ASSIGNMENT (( #4394 ) ) ;
#346 = FACE_BOUND ( 'NONE', #2170, .T. ) ;
#347 = FILL_AREA_STYLE_COLOUR ( '', #2871 ) ;
#348 = ORIENTED_EDGE ( 'NONE', *, *, #2929, .F. ) ;
#349 = VERTEX_POINT ( 'NONE', #4845 ) ;
#350 = FILL_AREA_STYLE_COLOUR ( '', #459 ) ;
#351 = CARTESIAN_POINT ( 'NONE',  ( -8.500000000000159872, 0.000000000000000000, 3.399999999999236966 ) ) ;
#352 = EDGE_LOOP ( 'NONE', ( #3701, #5216, #2686, #4345 ) ) ;
#353 = DIRECTION ( 'NONE',  ( 0.000000000000000000, 0.000000000000000000, 1.000000000000000000 ) ) ;
#354 = AXIS2_PLACEMENT_3D ( 'NONE', #4466, #2377, #3571 ) ;
#355 = CYLINDRICAL_SURFACE ( 'NONE', #4015, 0.3000000000000849210 ) ;
#356 = ORIENTED_EDGE ( 'NONE', *, *, #755, .T. ) ;
#357 = ORIENTED_EDGE ( 'NONE', *, *, #5316, .F. ) ;
#358 = DIRECTION ( 'NONE',  ( 0.000000000000000000, 0.000000000000000000, -1.000000000000000000 ) ) ;
#359 = EDGE_CURVE ( 'NONE', #1614, #5001, #4744, .T. ) ;
#360 = ADVANCED_BREP_SHAPE_REPRESENTATION ( '清土轮支架支撑型材2', ( #1445, #1658 ), #2606 ) ;
#361 = SURFACE_SIDE_STYLE ('',( #3610 ) ) ;
#362 = CARTESIAN_POINT ( 'NONE',  ( -9.399999999999963052, 60.00000000000000000, -3.400000000000000355 ) ) ;
#363 = EDGE_CURVE ( 'NONE', #5265, #1533, #4820, .T. ) ;
#364 = AXIS2_PLACEMENT_3D ( 'NONE', #1222, #4890, #2859 ) ;
#365 = CIRCLE ( 'NONE', #4564, 0.3000000000000051514 ) ;
#366 = DIRECTION ( 'NONE',  ( 0.000000000000000000, 1.000000000000000000, -0.000000000000000000 ) ) ;
#367 = DIRECTION ( 'NONE',  ( 0.000000000000000000, -0.000000000000000000, 1.000000000000000000 ) ) ;
#368 = EDGE_LOOP ( 'NONE', ( #1586, #1804, #4315, #1333 ) ) ;
#369 = DIRECTION ( 'NONE',  ( -0.000000000000000000, -1.000000000000000000, -0.000000000000000000 ) ) ;
#370 =( GEOMETRIC_REPRESENTATION_CONTEXT ( 3 ) GLOBAL_UNCERTAINTY_ASSIGNED_CONTEXT ( ( #3542 ) ) GLOBAL_UNIT_ASSIGNED_CONTEXT ( ( #977, #2985, #1656 ) ) REPRESENTATION_CONTEXT ( 'NONE', 'WORKASPACE' ) );
#371 = EDGE_CURVE ( 'NONE', #2870, #4787, #2787, .T. ) ;
#372 = ORIENTED_EDGE ( 'NONE', *, *, #2777, .F. ) ;
#373 = PRESENTATION_LAYER_ASSIGNMENT (  '', '', ( #5246 ) ) ;
#374 = FILL_AREA_STYLE_COLOUR ( '', #222 ) ;
#375 = PLANE ( 'NONE',  #1552 ) ;
#376 = LINE ( 'NONE', #2007, #5087 ) ;
#377 = ORIENTED_EDGE ( 'NONE', *, *, #2550, .F. ) ;
#378 = DIRECTION ( 'NONE',  ( 0.000000000000000000, 0.000000000000000000, -1.000000000000000000 ) ) ;
#379 = CARTESIAN_POINT ( 'NONE',  ( -3.099999999999738520, 60.00000000000000000, 9.099999999998837907 ) ) ;
#380 = ORIENTED_EDGE ( 'NONE', *, *, #3055, .F. ) ;
#381 = AXIS2_PLACEMENT_3D ( 'NONE', #748, #4064, #2796 ) ;
#382 = ORIENTED_EDGE ( 'NONE', *, *, #2517, .T. ) ;
#383 = LINE ( 'NONE', #715, #4767 ) ;
#384 = AXIS2_PLACEMENT_3D ( 'NONE', #4608, #2537, #2161 ) ;
#385 = VECTOR ( 'NONE', #1696, 999.9999999999998863 ) ;
#386 = ADVANCED_FACE ( 'NONE', ( #1971 ), #4460, .F. ) ;
#387 =( NAMED_UNIT ( * ) SI_UNIT ( $, .STERADIAN. ) SOLID_ANGLE_UNIT ( ) );
#388 = AXIS2_PLACEMENT_3D ( 'NONE', #2041, #1122, #4847 ) ;
#389 = DIRECTION ( 'NONE',  ( 1.000000000000000000, -0.000000000000000000, 0.000000000000000000 ) ) ;
#390 = DIRECTION ( 'NONE',  ( -0.000000000000000000, -1.000000000000000000, 0.000000000000000000 ) ) ;
#391 = LINE ( 'NONE', #4686, #2060 ) ;
#392 = LINE ( 'NONE', #2021, #4218 ) ;
#393 = AXIS2_PLACEMENT_3D ( 'NONE', #2317, #1898, #5065 ) ;
#394 = FILL_AREA_STYLE_COLOUR ( '', #632 ) ;
#395 = EDGE_CURVE ( 'NONE', #3995, #4139, #3968, .T. ) ;
#396 = LINE ( 'NONE', #2817, #3389 ) ;
#397 = ORIENTED_EDGE ( 'NONE', *, *, #3216, .F. ) ;
#398 = UNCERTAINTY_MEASURE_WITH_UNIT (LENGTH_MEASURE( 1.000000000000000082E-05 ), #4160, 'distance_accuracy_value', 'NONE');
#399 = VERTEX_POINT ( 'NONE', #4474 ) ;
#400 = SURFACE_STYLE_FILL_AREA ( #1659 ) ;
#401 = CARTESIAN_POINT ( 'NONE',  ( 5.900000000000085620, 60.00000000000000000, -2.010912703474081020 ) ) ;
#402 = DIRECTION ( 'NONE',  ( -0.000000000000000000, -1.000000000000000000, -0.000000000000000000 ) ) ;
#403 = VERTEX_POINT ( 'NONE', #2457 ) ;
#404 = DIRECTION ( 'NONE',  ( 0.000000000000000000, 0.000000000000000000, 1.000000000000000000 ) ) ;
#405 = CARTESIAN_POINT ( 'NONE',  ( -5.199999999999968203, 60.00000000000000000, -7.900000000000018119 ) ) ;
#406 = VERTEX_POINT ( 'NONE', #3994 ) ;
#407 = UNCERTAINTY_MEASURE_WITH_UNIT (LENGTH_MEASURE( 1.000000000000000082E-05 ), #788, 'distance_accuracy_value', 'NONE');
#408 = ORIENTED_EDGE ( 'NONE', *, *, #1102, .T. ) ;
#409 = PLANE ( 'NONE',  #313 ) ;
#410 = CYLINDRICAL_SURFACE ( 'NONE', #2310, 0.3000000000000224709 ) ;
#411 = DIRECTION ( 'NONE',  ( -0.000000000000000000, -1.000000000000000000, -0.000000000000000000 ) ) ;
#412 = SURFACE_STYLE_USAGE ( .BOTH. , #1599 ) ;
#413 = LINE ( 'NONE', #579, #1481 ) ;
#414 =( NAMED_UNIT ( * ) SI_UNIT ( $, .STERADIAN. ) SOLID_ANGLE_UNIT ( ) );
#415 = AXIS2_PLACEMENT_3D ( 'NONE', #2228, #683, #2307 ) ;
#416 = EDGE_CURVE ( 'NONE', #2853, #4609, #2843, .T. ) ;
#417 = DIRECTION ( 'NONE',  ( 0.000000000000000000, 0.000000000000000000, -1.000000000000000000 ) ) ;
#418 = LINE ( 'NONE', #772, #5237 ) ;
#419 = AXIS2_PLACEMENT_3D ( 'NONE', #5210, #5163, #4708 ) ;
#420 = EDGE_CURVE ( 'NONE', #5288, #1241, #4880, .T. ) ;
#421 = EDGE_CURVE ( 'NONE', #1213, #5170, #2342, .T. ) ;
#422 = ORIENTED_EDGE ( 'NONE', *, *, #5069, .T. ) ;
#423 = AXIS2_PLACEMENT_3D ( 'NONE', #3080, #686, #4712 ) ;
#424 = SURFACE_STYLE_FILL_AREA ( #4068 ) ;
#425 = DIRECTION ( 'NONE',  ( 0.7071067811865482389, 0.000000000000000000, -0.7071067811865469066 ) ) ;
#426 = SURFACE_STYLE_FILL_AREA ( #3177 ) ;
#427 = ORIENTED_EDGE ( 'NONE', *, *, #1644, .T. ) ;
#428 = DIRECTION ( 'NONE',  ( -0.000000000000000000, -1.000000000000000000, -0.000000000000000000 ) ) ;
#429 = EDGE_CURVE ( 'NONE', #2487, #1885, #1959, .T. ) ;
#430 = ORIENTED_EDGE ( 'NONE', *, *, #3647, .T. ) ;
#431 = ORIENTED_EDGE ( 'NONE', *, *, #4550, .F. ) ;
#432 = VERTEX_POINT ( 'NONE', #837 ) ;
#433 = STYLED_ITEM ( 'NONE', ( #1144 ), #1990 ) ;
#434 = DIRECTION ( 'NONE',  ( 0.000000000000000000, 0.000000000000000000, -1.000000000000000000 ) ) ;
#435 = CYLINDRICAL_SURFACE ( 'NONE', #265, 0.3000000000000085931 ) ;
#436 = STYLED_ITEM ( 'NONE', ( #1424 ), #2318 ) ;
#437 = DIRECTION ( 'NONE',  ( -0.000000000000000000, -0.000000000000000000, -1.000000000000000000 ) ) ;
#438 = AXIS2_PLACEMENT_3D ( 'NONE', #3747, #2020, #4539 ) ;
#439 = FACE_OUTER_BOUND ( 'NONE', #1977, .T. ) ;
#440 = VECTOR ( 'NONE', #3694, 1000.000000000000000 ) ;
#441 = CYLINDRICAL_SURFACE ( 'NONE', #609, 0.2999999999999964362 ) ;
#442 = DIRECTION ( 'NONE',  ( -0.000000000000000000, -1.000000000000000000, -0.000000000000000000 ) ) ;
#443 = SURFACE_SIDE_STYLE ('',( #2532 ) ) ;
#444 = CIRCLE ( 'NONE', #3703, 0.2999999999999964362 ) ;
#445 = CARTESIAN_POINT ( 'NONE',  ( -5.899999999999891109, 60.00000000000000000, 2.010912703473977103 ) ) ;
#446 = DIRECTION ( 'NONE',  ( -0.000000000000000000, -1.000000000000000000, -0.000000000000000000 ) ) ;
#447 = EDGE_LOOP ( 'NONE', ( #4887, #843, #729, #3724 ) ) ;
#448 = CARTESIAN_POINT ( 'NONE',  ( -9.099999999999788258, 0.000000000000000000, 3.099999999999339284 ) ) ;
#449 = AXIS2_PLACEMENT_3D ( 'NONE', #3756, #925, #3700 ) ;
#450 = UNCERTAINTY_MEASURE_WITH_UNIT (LENGTH_MEASURE( 1.000000000000000082E-05 ), #1878, 'distance_accuracy_value', 'NONE');
#451 =( LENGTH_UNIT ( ) NAMED_UNIT ( * ) SI_UNIT ( .MILLI., .METRE. ) );
#452 = VERTEX_POINT ( 'NONE', #4018 ) ;
#453 = STYLED_ITEM ( 'NONE', ( #4671 ), #650 ) ;
#454 = LINE ( 'NONE', #1289, #634 ) ;
#455 = SURFACE_STYLE_FILL_AREA ( #3319 ) ;
#456 = ORIENTED_EDGE ( 'NONE', *, *, #4127, .F. ) ;
#457 = ADVANCED_FACE ( 'NONE', ( #4860 ), #1136, .F. ) ;
#458 = STYLED_ITEM ( 'NONE', ( #300 ), #5152 ) ;
#459 = COLOUR_RGB ( '',0.8980392156862745390, 0.9176470588235293713, 0.9294117647058823817 ) ;
#460 = ORIENTED_EDGE ( 'NONE', *, *, #214, .T. ) ;
#461 = CARTESIAN_POINT ( 'NONE',  ( 5.500000000000185629, 60.00000000000000000, 7.899999999998456701 ) ) ;
#462 = ORIENTED_EDGE ( 'NONE', *, *, #2896, .T. ) ;
#463 = EDGE_LOOP ( 'NONE', ( #3684, #2963, #169, #2828 ) ) ;
#464 =( GEOMETRIC_REPRESENTATION_CONTEXT ( 3 ) GLOBAL_UNCERTAINTY_ASSIGNED_CONTEXT ( ( #3812 ) ) GLOBAL_UNIT_ASSIGNED_CONTEXT ( ( #970, #583, #647 ) ) REPRESENTATION_CONTEXT ( 'NONE', 'WORKASPACE' ) );
#465 = EDGE_CURVE ( 'NONE', #83, #5057, #3795, .T. ) ;
#466 = FILL_AREA_STYLE_COLOUR ( '', #3054 ) ;
#467 = EDGE_CURVE ( 'NONE', #3173, #1327, #988, .T. ) ;
#468 = DIRECTION ( 'NONE',  ( 0.7071067811865469066, -0.000000000000000000, -0.7071067811865482389 ) ) ;
#469 = MECHANICAL_DESIGN_GEOMETRIC_PRESENTATION_REPRESENTATION (  '', ( #4486 ), #1338 ) ;
#470 = VECTOR ( 'NONE', #1686, 999.9999999999998863 ) ;
#471 =( NAMED_UNIT ( * ) PLANE_ANGLE_UNIT ( ) SI_UNIT ( $, .RADIAN. ) );
#472 = DIRECTION ( 'NONE',  ( -0.000000000000000000, -1.000000000000000000, -0.000000000000000000 ) ) ;
#473 = SURFACE_STYLE_FILL_AREA ( #2071 ) ;
#474 = DIRECTION ( 'NONE',  ( -0.000000000000000000, -1.000000000000000000, 0.000000000000000000 ) ) ;
#475 =( NAMED_UNIT ( * ) PLANE_ANGLE_UNIT ( ) SI_UNIT ( $, .RADIAN. ) );
#476 = LINE ( 'NONE', #885, #2705 ) ;
#477 = EDGE_LOOP ( 'NONE', ( #2491, #3449, #5280, #285 ) ) ;
#478 = FACE_OUTER_BOUND ( 'NONE', #5058, .T. ) ;
#479 = AXIS2_PLACEMENT_3D ( 'NONE', #1248, #522, #2152 ) ;
#480 = ORIENTED_EDGE ( 'NONE', *, *, #3383, .F. ) ;
#481 = CARTESIAN_POINT ( 'NONE',  ( 8.500000000000049738, 60.00000000000000000, 3.399999999999923972 ) ) ;
#482 = ORIENTED_EDGE ( 'NONE', *, *, #3496, .F. ) ;
#483 = VECTOR ( 'NONE', #3334, 1000.000000000000000 ) ;
#484 = EDGE_LOOP ( 'NONE', ( #3966, #2453, #4806, #5108 ) ) ;
#485 = EDGE_CURVE ( 'NONE', #1695, #934, #4045, .T. ) ;
#486 = STYLED_ITEM ( 'NONE', ( #3989 ), #1584 ) ;
#487 = FILL_AREA_STYLE ('',( #5056 ) ) ;
#488 = ORIENTED_EDGE ( 'NONE', *, *, #2550, .T. ) ;
#489 = ORIENTED_EDGE ( 'NONE', *, *, #3278, .F. ) ;
#490 = PRESENTATION_STYLE_ASSIGNMENT (( #5 ) ) ;
#491 = EDGE_CURVE ( 'NONE', #3504, #2052, #376, .T. ) ;
#492 = LINE ( 'NONE', #3004, #591 ) ;
#493 = DIRECTION ( 'NONE',  ( 0.000000000000000000, -0.000000000000000000, 1.000000000000000000 ) ) ;
#494 = PRESENTATION_LAYER_ASSIGNMENT (  '', '', ( #5049 ) ) ;
#495 =( NAMED_UNIT ( * ) PLANE_ANGLE_UNIT ( ) SI_UNIT ( $, .RADIAN. ) );
#496 = CARTESIAN_POINT ( 'NONE',  ( -8.199999999999915801, 60.00000000000000000, -5.200000000000009948 ) ) ;
#497 = CARTESIAN_POINT ( 'NONE',  ( -3.999999999999739764, 0.000000000000000000, 9.699999999999098677 ) ) ;
#498 = DIRECTION ( 'NONE',  ( 0.7071067811865482389, 0.000000000000000000, 0.7071067811865469066 ) ) ;
#499 = FILL_AREA_STYLE_COLOUR ( '', #562 ) ;
#500 = ORIENTED_EDGE ( 'NONE', *, *, #2896, .F. ) ;
#501 = SURFACE_SIDE_STYLE ('',( #5016 ) ) ;
#502 = UNCERTAINTY_MEASURE_WITH_UNIT (LENGTH_MEASURE( 1.000000000000000082E-05 ), #603, 'distance_accuracy_value', 'NONE');
#503 = DIRECTION ( 'NONE',  ( 0.000000000000000000, 1.000000000000000000, 0.000000000000000000 ) ) ;
#504 = CYLINDRICAL_SURFACE ( 'NONE', #220, 1.500000000000001332 ) ;
#505 = ORIENTED_EDGE ( 'NONE', *, *, #1875, .T. ) ;
#506 = STYLED_ITEM ( 'NONE', ( #4330 ), #4261 ) ;
#507 = FILL_AREA_STYLE_COLOUR ( '', #4053 ) ;
#508 = SURFACE_SIDE_STYLE ('',( #981 ) ) ;
#509 = FACE_OUTER_BOUND ( 'NONE', #4496, .T. ) ;
#510 = ORIENTED_EDGE ( 'NONE', *, *, #3905, .F. ) ;
#511 = VECTOR ( 'NONE', #3879, 1000.000000000000000 ) ;
#512 = CIRCLE ( 'NONE', #1892, 0.3000000000000155320 ) ;
#513 = ORIENTED_EDGE ( 'NONE', *, *, #4191, .T. ) ;
#514 = DIRECTION ( 'NONE',  ( 0.000000000000000000, 0.000000000000000000, -1.000000000000000000 ) ) ;
#515 = DIRECTION ( 'NONE',  ( 0.000000000000000000, 0.000000000000000000, -1.000000000000000000 ) ) ;
#516 = VERTEX_POINT ( 'NONE', #3247 ) ;
#517 = VERTEX_POINT ( 'NONE', #1209 ) ;
#518 = STYLED_ITEM ( 'NONE', ( #4388 ), #4025 ) ;
#519 = DIRECTION ( 'NONE',  ( -1.000000000000000000, 0.000000000000000000, -0.000000000000000000 ) ) ;
#520 = CARTESIAN_POINT ( 'NONE',  ( -6.472792206135627779, 60.00000000000000000, 5.412132034355941812 ) ) ;
#521 = DIRECTION ( 'NONE',  ( 0.000000000000000000, 0.000000000000000000, -1.000000000000000000 ) ) ;
#522 = DIRECTION ( 'NONE',  ( 1.000000000000000000, 0.000000000000000000, 0.000000000000000000 ) ) ;
#523 = EDGE_CURVE ( 'NONE', #4468, #751, #809, .T. ) ;
#524 = SURFACE_STYLE_USAGE ( .BOTH. , #3748 ) ;
#525 = PLANE ( 'NONE',  #1132 ) ;
#526 = FILL_AREA_STYLE ('',( #3375 ) ) ;
#527 =( LENGTH_UNIT ( ) NAMED_UNIT ( * ) SI_UNIT ( .MILLI., .METRE. ) );
#528 = DIRECTION ( 'NONE',  ( 0.000000000000000000, 1.000000000000000000, 0.000000000000000000 ) ) ;
#529 = CARTESIAN_POINT ( 'NONE',  ( 3.400000000000027889, 60.00000000000000000, -9.700000000000049027 ) ) ;
#530 = ORIENTED_EDGE ( 'NONE', *, *, #3944, .T. ) ;
#531 = FILL_AREA_STYLE ('',( #2983 ) ) ;
#532 = SURFACE_STYLE_FILL_AREA ( #3382 ) ;
#533 = ORIENTED_EDGE ( 'NONE', *, *, #2292, .F. ) ;
#534 =( LENGTH_UNIT ( ) NAMED_UNIT ( * ) SI_UNIT ( .MILLI., .METRE. ) );
#535 = CARTESIAN_POINT ( 'NONE',  ( 10.00000000000024514, 0.000000000000000000, 8.499999999998452793 ) ) ;
#536 = VERTEX_POINT ( 'NONE', #2082 ) ;
#537 =( GEOMETRIC_REPRESENTATION_CONTEXT ( 3 ) GLOBAL_UNCERTAINTY_ASSIGNED_CONTEXT ( ( #4380 ) ) GLOBAL_UNIT_ASSIGNED_CONTEXT ( ( #1004, #1415, #1819 ) ) REPRESENTATION_CONTEXT ( 'NONE', 'WORKASPACE' ) );
#538 = DIRECTION ( 'NONE',  ( -0.000000000000000000, -1.000000000000000000, 0.000000000000000000 ) ) ;
#539 = ADVANCED_FACE ( 'NONE', ( #1261 ), #2601, .F. ) ;
#540 = ORIENTED_EDGE ( 'NONE', *, *, #555, .F. ) ;
#541 = CIRCLE ( 'NONE', #3633, 0.3000000000000476175 ) ;
#542 = PRESENTATION_STYLE_ASSIGNMENT (( #3788 ) ) ;
#543 =( NAMED_UNIT ( * ) PLANE_ANGLE_UNIT ( ) SI_UNIT ( $, .RADIAN. ) );
#544 = VERTEX_POINT ( 'NONE', #535 ) ;
#545 = VERTEX_POINT ( 'NONE', #4959 ) ;
#546 = DIRECTION ( 'NONE',  ( -0.000000000000000000, -1.000000000000000000, -0.000000000000000000 ) ) ;
#547 =( LENGTH_UNIT ( ) NAMED_UNIT ( * ) SI_UNIT ( .MILLI., .METRE. ) );
#548 = CIRCLE ( 'NONE', #1232, 0.2999999999999530820 ) ;
#549 = DIRECTION ( 'NONE',  ( 0.000000000000000000, 0.000000000000000000, -1.000000000000000000 ) ) ;
#550 = FACE_OUTER_BOUND ( 'NONE', #4842, .T. ) ;
#551 = PRESENTATION_STYLE_ASSIGNMENT (( #3797 ) ) ;
#552 = UNCERTAINTY_MEASURE_WITH_UNIT (LENGTH_MEASURE( 1.000000000000000082E-05 ), #3750, 'distance_accuracy_value', 'NONE');
#553 = SURFACE_SIDE_STYLE ('',( #4134 ) ) ;
#554 = DIRECTION ( 'NONE',  ( -0.000000000000000000, -1.000000000000000000, -0.000000000000000000 ) ) ;
#555 = EDGE_CURVE ( 'NONE', #349, #4074, #640, .T. ) ;
#556 = CARTESIAN_POINT ( 'NONE',  ( 10.00000000000024514, 0.000000000000000000, 8.499999999998452793 ) ) ;
#557 = SURFACE_STYLE_FILL_AREA ( #2212 ) ;
#558 =( GEOMETRIC_REPRESENTATION_CONTEXT ( 3 ) GLOBAL_UNCERTAINTY_ASSIGNED_CONTEXT ( ( #3263 ) ) GLOBAL_UNIT_ASSIGNED_CONTEXT ( ( #38, #1676, #4945 ) ) REPRESENTATION_CONTEXT ( 'NONE', 'WORKASPACE' ) );
#559 = DIRECTION ( 'NONE',  ( 0.000000000000000000, 0.000000000000000000, -1.000000000000000000 ) ) ;
#560 = CARTESIAN_POINT ( 'NONE',  ( -5.499999999999745093, 60.00000000000000000, 7.899999999998831512 ) ) ;
#561 = CARTESIAN_POINT ( 'NONE',  ( 6.938893903907228378E-15, 60.00000000000000000, -6.938893903907228378E-15 ) ) ;
#562 = COLOUR_RGB ( '',0.8980392156862745390, 0.9176470588235293713, 0.9294117647058823817 ) ;
#563 = ORIENTED_EDGE ( 'NONE', *, *, #3990, .T. ) ;
#564 = VECTOR ( 'NONE', #2063, 1000.000000000000000 ) ;
#565 = EDGE_CURVE ( 'NONE', #3151, #5212, #1988, .T. ) ;
#566 = CARTESIAN_POINT ( 'NONE',  ( 5.412132034356015531, 60.00000000000000000, -6.472792206135858706 ) ) ;
#567 = CARTESIAN_POINT ( 'NONE',  ( 2.010912703474046381, 60.00000000000000000, -3.900000000000083844 ) ) ;
#568 = ORIENTED_EDGE ( 'NONE', *, *, #1518, .T. ) ;
#569 = CARTESIAN_POINT ( 'NONE',  ( 3.900000000000081180, 0.000000000000000000, 2.010912703473929142 ) ) ;
#570 = CIRCLE ( 'NONE', #4927, 0.3000000000000155320 ) ;
#571 = EDGE_LOOP ( 'NONE', ( #307, #682, #2304, #776 ) ) ;
#572 =( GEOMETRIC_REPRESENTATION_CONTEXT ( 3 ) GLOBAL_UNCERTAINTY_ASSIGNED_CONTEXT ( ( #854 ) ) GLOBAL_UNIT_ASSIGNED_CONTEXT ( ( #3824, #848, #4690 ) ) REPRESENTATION_CONTEXT ( 'NONE', 'WORKASPACE' ) );
#573 = DIRECTION ( 'NONE',  ( 0.000000000000000000, 1.000000000000000000, -0.000000000000000000 ) ) ;
#574 = CARTESIAN_POINT ( 'NONE',  ( 2.010912703474046381, 60.00000000000000000, -3.900000000000083844 ) ) ;
#575 = VERTEX_POINT ( 'NONE', #896 ) ;
#576 = EDGE_LOOP ( 'NONE', ( #712, #500, #4938, #3681 ) ) ;
#577 = FILL_AREA_STYLE_COLOUR ( '', #5109 ) ;
#578 = CARTESIAN_POINT ( 'NONE',  ( -8.200000000000255085, 60.00000000000000000, 5.199999999999232791 ) ) ;
#579 = CARTESIAN_POINT ( 'NONE',  ( 5.412132034356018195, 0.000000000000000000, -6.472792206135856041 ) ) ;
#580 = DIRECTION ( 'NONE',  ( -0.000000000000000000, -1.000000000000000000, -0.000000000000000000 ) ) ;
#581 = DIRECTION ( 'NONE',  ( -1.000000000000000000, 0.000000000000000000, 0.000000000000000000 ) ) ;
#582 = SURFACE_SIDE_STYLE ('',( #2584 ) ) ;
#583 =( NAMED_UNIT ( * ) PLANE_ANGLE_UNIT ( ) SI_UNIT ( $, .RADIAN. ) );
#584 = EDGE_CURVE ( 'NONE', #4787, #2361, #2774, .T. ) ;
#585 = DIRECTION ( 'NONE',  ( -0.000000000000000000, -1.000000000000000000, -0.000000000000000000 ) ) ;
#586 = FILL_AREA_STYLE ('',( #1848 ) ) ;
#587 = CARTESIAN_POINT ( 'NONE',  ( 8.200000000000025935, 0.000000000000000000, 3.399999999999923972 ) ) ;
#588 = CARTESIAN_POINT ( 'NONE',  ( -3.899999999999915534, 60.00000000000000000, -2.010912703474032615 ) ) ;
#589 = CIRCLE ( 'NONE', #3239, 0.3000000000000120348 ) ;
#590 = EDGE_CURVE ( 'NONE', #1035, #5236, #4524, .T. ) ;
#591 = VECTOR ( 'NONE', #1701, 1000.000000000000000 ) ;
#592 = SURFACE_SIDE_STYLE ('',( #3912 ) ) ;
#593 = CARTESIAN_POINT ( 'NONE',  ( 7.900000000000032330, 0.000000000000000000, 5.499999999999921840 ) ) ;
#594 = UNCERTAINTY_MEASURE_WITH_UNIT (LENGTH_MEASURE( 1.000000000000000082E-05 ), #2931, 'distance_accuracy_value', 'NONE');
#595 =( NAMED_UNIT ( * ) PLANE_ANGLE_UNIT ( ) SI_UNIT ( $, .RADIAN. ) );
#596 = DIRECTION ( 'NONE',  ( 0.000000000000000000, 1.000000000000000000, 0.000000000000000000 ) ) ;
#597 = EDGE_LOOP ( 'NONE', ( #2461, #4640, #844, #168 ) ) ;
#598 = EDGE_CURVE ( 'NONE', #2870, #2900, #1226, .T. ) ;
#599 = VERTEX_POINT ( 'NONE', #142 ) ;
#600 = FACE_OUTER_BOUND ( 'NONE', #4876, .T. ) ;
#601 = ORIENTED_EDGE ( 'NONE', *, *, #4392, .T. ) ;
#602 = ORIENTED_EDGE ( 'NONE', *, *, #1196, .F. ) ;
#603 =( LENGTH_UNIT ( ) NAMED_UNIT ( * ) SI_UNIT ( .MILLI., .METRE. ) );
#604 = VECTOR ( 'NONE', #3659, 1000.000000000000000 ) ;
#605 = ADVANCED_FACE ( 'NONE', ( #509 ), #1690, .T. ) ;
#606 = CARTESIAN_POINT ( 'NONE',  ( 3.425126265847279861, 60.00000000000000000, 4.485786437625630896 ) ) ;
#607 = DIRECTION ( 'NONE',  ( -0.000000000000000000, -1.000000000000000000, 0.000000000000000000 ) ) ;
#608 = COLOUR_RGB ( '',0.8980392156862745390, 0.9176470588235293713, 0.9294117647058823817 ) ;
#609 = AXIS2_PLACEMENT_3D ( 'NONE', #4007, #4462, #2423 ) ;
#610 = DIRECTION ( 'NONE',  ( -0.000000000000000000, -1.000000000000000000, -0.000000000000000000 ) ) ;
#611 = FACE_OUTER_BOUND ( 'NONE', #3102, .T. ) ;
#612 = LINE ( 'NONE', #4746, #4919 ) ;
#613 = PRESENTATION_LAYER_ASSIGNMENT (  '', '', ( #2921 ) ) ;
#614 = UNCERTAINTY_MEASURE_WITH_UNIT (LENGTH_MEASURE( 1.000000000000000082E-05 ), #4818, 'distance_accuracy_value', 'NONE');
#615 = CARTESIAN_POINT ( 'NONE',  ( -4.485786437626850365, 60.00000000000000000, -3.425126265847132867 ) ) ;
#616 = SURFACE_STYLE_USAGE ( .BOTH. , #1075 ) ;
#617 = CARTESIAN_POINT ( 'NONE',  ( -3.099999999999727862, 0.000000000000000000, 9.099999999998837907 ) ) ;
#618 = CARTESIAN_POINT ( 'NONE',  ( 8.500000000000049738, 60.00000000000000000, -8.500000000000069278 ) ) ;
#619 = CARTESIAN_POINT ( 'NONE',  ( -5.412132034355907173, 60.00000000000000000, -6.472792206135815185 ) ) ;
#620 = LINE ( 'NONE', #2214, #1429 ) ;
#621 =( GEOMETRIC_REPRESENTATION_CONTEXT ( 3 ) GLOBAL_UNCERTAINTY_ASSIGNED_CONTEXT ( ( #4891 ) ) GLOBAL_UNIT_ASSIGNED_CONTEXT ( ( #2600, #4555, #1353 ) ) REPRESENTATION_CONTEXT ( 'NONE', 'WORKASPACE' ) );
#622 = FILL_AREA_STYLE_COLOUR ( '', #3256 ) ;
#623 = DIRECTION ( 'NONE',  ( -0.7071067811865469066, 0.000000000000000000, 0.7071067811865482389 ) ) ;
#624 = CARTESIAN_POINT ( 'NONE',  ( 9.700000000000249756, 0.000000000000000000, 3.999999999998303579 ) ) ;
#625 = SURFACE_SIDE_STYLE ('',( #5132 ) ) ;
#626 = SURFACE_STYLE_USAGE ( .BOTH. , #5133 ) ;
#627 = VERTEX_POINT ( 'NONE', #2254 ) ;
#628 = FACE_OUTER_BOUND ( 'NONE', #2578, .T. ) ;
#629 = VECTOR ( 'NONE', #2044, 1000.000000000000000 ) ;
#630 = AXIS2_PLACEMENT_3D ( 'NONE', #4966, #1802, #2996 ) ;
#631 = ORIENTED_EDGE ( 'NONE', *, *, #1574, .F. ) ;
#632 = COLOUR_RGB ( '',0.8980392156862745390, 0.9176470588235293713, 0.9294117647058823817 ) ;
#633 =( GEOMETRIC_REPRESENTATION_CONTEXT ( 3 ) GLOBAL_UNCERTAINTY_ASSIGNED_CONTEXT ( ( #3187 ) ) GLOBAL_UNIT_ASSIGNED_CONTEXT ( ( #2349, #3981, #387 ) ) REPRESENTATION_CONTEXT ( 'NONE', 'WORKASPACE' ) );
#634 = VECTOR ( 'NONE', #4554, 1000.000000000000000 ) ;
#635 = EDGE_CURVE ( 'NONE', #3420, #4468, #2222, .T. ) ;
#636 =( LENGTH_UNIT ( ) NAMED_UNIT ( * ) SI_UNIT ( .MILLI., .METRE. ) );
#637 = ORIENTED_EDGE ( 'NONE', *, *, #1196, .T. ) ;
#638 = VECTOR ( 'NONE', #2274, 1000.000000000000000 ) ;
#639 = CARTESIAN_POINT ( 'NONE',  ( -9.699999999999779021, 0.000000000000000000, 3.399999999999244071 ) ) ;
#640 = CIRCLE ( 'NONE', #1570, 0.3000000000000016542 ) ;
#641 = AXIS2_PLACEMENT_3D ( 'NONE', #4082, #746, #417 ) ;
#642 = DIRECTION ( 'NONE',  ( 0.000000000000000000, 0.000000000000000000, -1.000000000000000000 ) ) ;
#643 = PRESENTATION_STYLE_ASSIGNMENT (( #5169 ) ) ;
#644 = EDGE_CURVE ( 'NONE', #3266, #452, #5107, .T. ) ;
#645 =( GEOMETRIC_REPRESENTATION_CONTEXT ( 3 ) GLOBAL_UNCERTAINTY_ASSIGNED_CONTEXT ( ( #2964 ) ) GLOBAL_UNIT_ASSIGNED_CONTEXT ( ( #4280, #3431, #1381 ) ) REPRESENTATION_CONTEXT ( 'NONE', 'WORKASPACE' ) );
#646 =( LENGTH_UNIT ( ) NAMED_UNIT ( * ) SI_UNIT ( .MILLI., .METRE. ) );
#647 =( NAMED_UNIT ( * ) SI_UNIT ( $, .STERADIAN. ) SOLID_ANGLE_UNIT ( ) );
#648 = AXIS2_PLACEMENT_3D ( 'NONE', #2790, #4894, #4390 ) ;
#649 = COLOUR_RGB ( '',0.8980392156862745390, 0.9176470588235293713, 0.9294117647058823817 ) ;
#650 = ADVANCED_FACE ( 'NONE', ( #1882 ), #4369, .T. ) ;
#651 = CARTESIAN_POINT ( 'NONE',  ( 4.000000000000045297, 0.000000000000000000, -10.00000000000007105 ) ) ;
#652 = CARTESIAN_POINT ( 'NONE',  ( 8.500000000000243361, 60.00000000000000000, 8.499999999998452793 ) ) ;
#653 = FACE_OUTER_BOUND ( 'NONE', #2110, .T. ) ;
#654 = DIRECTION ( 'NONE',  ( -0.000000000000000000, -1.000000000000000000, -0.000000000000000000 ) ) ;
#655 = SURFACE_SIDE_STYLE ('',( #3938 ) ) ;
#656 = ORIENTED_EDGE ( 'NONE', *, *, #785, .T. ) ;
#657 = AXIS2_PLACEMENT_3D ( 'NONE', #195, #2195, #3501 ) ;
#658 =( GEOMETRIC_REPRESENTATION_CONTEXT ( 3 ) GLOBAL_UNCERTAINTY_ASSIGNED_CONTEXT ( ( #2666 ) ) GLOBAL_UNIT_ASSIGNED_CONTEXT ( ( #5059, #2233, #4210 ) ) REPRESENTATION_CONTEXT ( 'NONE', 'WORKASPACE' ) );
#659 = ORIENTED_EDGE ( 'NONE', *, *, #1754, .F. ) ;
#660 = FACE_OUTER_BOUND ( 'NONE', #1210, .T. ) ;
#661 = CARTESIAN_POINT ( 'NONE',  ( -5.199999999999746159, 0.000000000000000000, 6.684924240490559555 ) ) ;
#662 = EDGE_LOOP ( 'NONE', ( #2200, #3046, #3183, #991 ) ) ;
#663 = CIRCLE ( 'NONE', #738, 1.499999999999997780 ) ;
#664 = PLANE ( 'NONE',  #3318 ) ;
#665 = PRESENTATION_STYLE_ASSIGNMENT (( #3923 ) ) ;
#666 = EDGE_CURVE ( 'NONE', #5113, #1370, #1591, .T. ) ;
#667 = ORIENTED_EDGE ( 'NONE', *, *, #3811, .F. ) ;
#668 = LINE ( 'NONE', #5145, #5271 ) ;
#669 = EDGE_CURVE ( 'NONE', #3526, #1662, #1857, .T. ) ;
#670 = VECTOR ( 'NONE', #468, 999.9999999999998863 ) ;
#671 = DIRECTION ( 'NONE',  ( -0.000000000000000000, -1.000000000000000000, -0.000000000000000000 ) ) ;
#672 = LINE ( 'NONE', #3931, #3062 ) ;
#673 =( GEOMETRIC_REPRESENTATION_CONTEXT ( 3 ) GLOBAL_UNCERTAINTY_ASSIGNED_CONTEXT ( ( #2321 ) ) GLOBAL_UNIT_ASSIGNED_CONTEXT ( ( #1225, #4949, #414 ) ) REPRESENTATION_CONTEXT ( 'NONE', 'WORKASPACE' ) );
#674 = ADVANCED_FACE ( 'NONE', ( #1824 ), #1060, .F. ) ;
#675 = SURFACE_SIDE_STYLE ('',( #4336 ) ) ;
#676 =( GEOMETRIC_REPRESENTATION_CONTEXT ( 3 ) GLOBAL_UNCERTAINTY_ASSIGNED_CONTEXT ( ( #4759 ) ) GLOBAL_UNIT_ASSIGNED_CONTEXT ( ( #3732, #3322, #2434 ) ) REPRESENTATION_CONTEXT ( 'NONE', 'WORKASPACE' ) );
#677 =( LENGTH_UNIT ( ) NAMED_UNIT ( * ) SI_UNIT ( .MILLI., .METRE. ) );
#678 = DIRECTION ( 'NONE',  ( 0.000000000000000000, 0.000000000000000000, -1.000000000000000000 ) ) ;
#679 = SURFACE_STYLE_USAGE ( .BOTH. , #625 ) ;
#680 = ORIENTED_EDGE ( 'NONE', *, *, #852, .T. ) ;
#681 = CARTESIAN_POINT ( 'NONE',  ( -5.199999999999968203, 0.000000000000000000, -8.200000000000017053 ) ) ;
#682 = ORIENTED_EDGE ( 'NONE', *, *, #2582, .F. ) ;
#683 = DIRECTION ( 'NONE',  ( -0.000000000000000000, -1.000000000000000000, -0.000000000000000000 ) ) ;
#684 = ORIENTED_EDGE ( 'NONE', *, *, #5131, .T. ) ;
#685 = DIRECTION ( 'NONE',  ( 0.000000000000000000, 0.000000000000000000, -1.000000000000000000 ) ) ;
#686 = DIRECTION ( 'NONE',  ( 0.000000000000000000, 1.000000000000000000, 0.000000000000000000 ) ) ;
#687 = ORIENTED_EDGE ( 'NONE', *, *, #3737, .T. ) ;
#688 =( GEOMETRIC_REPRESENTATION_CONTEXT ( 3 ) GLOBAL_UNCERTAINTY_ASSIGNED_CONTEXT ( ( #4340 ) ) GLOBAL_UNIT_ASSIGNED_CONTEXT ( ( #3307, #2495, #4599 ) ) REPRESENTATION_CONTEXT ( 'NONE', 'WORKASPACE' ) );
#689 =( NAMED_UNIT ( * ) PLANE_ANGLE_UNIT ( ) SI_UNIT ( $, .RADIAN. ) );
#690 = FACE_OUTER_BOUND ( 'NONE', #4580, .T. ) ;
#691 = UNCERTAINTY_MEASURE_WITH_UNIT (LENGTH_MEASURE( 1.000000000000000082E-05 ), #1045, 'distance_accuracy_value', 'NONE');
#692 = ADVANCED_FACE ( 'NONE', ( #1953 ), #802, .T. ) ;
#693 = DIRECTION ( 'NONE',  ( 0.000000000000000000, 0.000000000000000000, 1.000000000000000000 ) ) ;
#694 = CARTESIAN_POINT ( 'NONE',  ( 3.100000000000227462, 60.00000000000000000, 9.099999999998455991 ) ) ;
#695 = CARTESIAN_POINT ( 'NONE',  ( 9.100000000000038725, 0.000000000000000000, -3.100000000000075140 ) ) ;
#696 = CARTESIAN_POINT ( 'NONE',  ( 8.200000000000025935, 60.00000000000000000, 5.199999999999923794 ) ) ;
#697 = PRODUCT_DEFINITION_CONTEXT ( 'detailed design', #3707, 'design' ) ;
#698 = DIRECTION ( 'NONE',  ( -0.000000000000000000, -1.000000000000000000, -0.000000000000000000 ) ) ;
#699 = EDGE_CURVE ( 'NONE', #3816, #2895, #3978, .T. ) ;
#700 = PRESENTATION_STYLE_ASSIGNMENT (( #679 ) ) ;
#701 = DIRECTION ( 'NONE',  ( -0.000000000000000000, -1.000000000000000000, -0.000000000000000000 ) ) ;
#702 = ORIENTED_EDGE ( 'NONE', *, *, #3608, .T. ) ;
#703 = CARTESIAN_POINT ( 'NONE',  ( 3.700000000000223999, 60.00000000000000000, 9.699999999998452083 ) ) ;
#704 = AXIS2_PLACEMENT_3D ( 'NONE', #1888, #1135, #3176 ) ;
#705 = VERTEX_POINT ( 'NONE', #4422 ) ;
#706 = COLOUR_RGB ( '',0.8980392156862745390, 0.9176470588235293713, 0.9294117647058823817 ) ;
#707 = DIRECTION ( 'NONE',  ( -0.000000000000000000, -0.000000000000000000, -1.000000000000000000 ) ) ;
#708 = ORIENTED_EDGE ( 'NONE', *, *, #1279, .T. ) ;
#709 = CIRCLE ( 'NONE', #1558, 0.3000000000000129230 ) ;
#710 = CARTESIAN_POINT ( 'NONE',  ( 6.472792206135851600, 60.00000000000000000, 5.412132034355887633 ) ) ;
#711 = AXIS2_PLACEMENT_3D ( 'NONE', #624, #1422, #5153 ) ;
#712 = ORIENTED_EDGE ( 'NONE', *, *, #2022, .T. ) ;
#713 =( GEOMETRIC_REPRESENTATION_CONTEXT ( 3 ) GLOBAL_UNCERTAINTY_ASSIGNED_CONTEXT ( ( #1521 ) ) GLOBAL_UNIT_ASSIGNED_CONTEXT ( ( #5089, #1388, #3902 ) ) REPRESENTATION_CONTEXT ( 'NONE', 'WORKASPACE' ) );
#714 = AXIS2_PLACEMENT_3D ( 'NONE', #2220, #4783, #2250 ) ;
#715 = CARTESIAN_POINT ( 'NONE',  ( -9.999999999999968026, 60.00000000000000000, -8.499999999999980460 ) ) ;
#716 = VECTOR ( 'NONE', #224, 1000.000000000000000 ) ;
#717 = SURFACE_SIDE_STYLE ('',( #3611 ) ) ;
#718 = COLOUR_RGB ( '',0.8980392156862745390, 0.9176470588235293713, 0.9294117647058823817 ) ;
#719 =( NAMED_UNIT ( * ) SI_UNIT ( $, .STERADIAN. ) SOLID_ANGLE_UNIT ( ) );
#720 = EDGE_CURVE ( 'NONE', #1404, #3837, #396, .T. ) ;
#721 =( NAMED_UNIT ( * ) PLANE_ANGLE_UNIT ( ) SI_UNIT ( $, .RADIAN. ) );
#722 = CARTESIAN_POINT ( 'NONE',  ( -3.399999999999722800, 0.000000000000000000, 9.399999999998840394 ) ) ;
#723 = AXIS2_PLACEMENT_3D ( 'NONE', #127, #1768, #4491 ) ;
#724 = LINE ( 'NONE', #5275, #4114 ) ;
#725 = ORIENTED_EDGE ( 'NONE', *, *, #833, .F. ) ;
#726 = ADVANCED_FACE ( 'NONE', ( #4011 ), #1974, .F. ) ;
#727 = EDGE_LOOP ( 'NONE', ( #1430, #3228, #4205, #2454 ) ) ;
#728 = FILL_AREA_STYLE ('',( #2006 ) ) ;
#729 = ORIENTED_EDGE ( 'NONE', *, *, #24, .T. ) ;
#730 = MECHANICAL_DESIGN_GEOMETRIC_PRESENTATION_REPRESENTATION (  '', ( #3217 ), #4325 ) ;
#731 = CARTESIAN_POINT ( 'NONE',  ( -8.200000000000247979, 60.00000000000000000, 3.399999999999236966 ) ) ;
#732 = EDGE_CURVE ( 'NONE', #1099, #3384, #3677, .T. ) ;
#733 = ORIENTED_EDGE ( 'NONE', *, *, #1098, .F. ) ;
#734 = CIRCLE ( 'NONE', #138, 0.3000000000000007661 ) ;
#735 = AXIS2_PLACEMENT_3D ( 'NONE', #4243, #3947, #4768 ) ;
#736 = VERTEX_POINT ( 'NONE', #5305 ) ;
#737 = CARTESIAN_POINT ( 'NONE',  ( 9.700000000000249756, 60.00000000000000000, 3.699999999998308642 ) ) ;
#738 = AXIS2_PLACEMENT_3D ( 'NONE', #5177, #3957, #3145 ) ;
#739 = SURFACE_STYLE_FILL_AREA ( #2418 ) ;
#740 = LINE ( 'NONE', #1175, #3904 ) ;
#741 = PRESENTATION_LAYER_ASSIGNMENT (  '', '', ( #4600 ) ) ;
#742 = SURFACE_STYLE_FILL_AREA ( #4417 ) ;
#743 = DIRECTION ( 'NONE',  ( 0.000000000000000000, 0.000000000000000000, -1.000000000000000000 ) ) ;
#744 = COLOUR_RGB ( '',0.8980392156862745390, 0.9176470588235293713, 0.9294117647058823817 ) ;
#745 = DIRECTION ( 'NONE',  ( -0.000000000000000000, -0.000000000000000000, 1.000000000000000000 ) ) ;
#746 = DIRECTION ( 'NONE',  ( -0.000000000000000000, -1.000000000000000000, -0.000000000000000000 ) ) ;
#747 = LINE ( 'NONE', #4395, #2237 ) ;
#748 = CARTESIAN_POINT ( 'NONE',  ( -9.699999999999917577, 0.000000000000000000, -3.400000000000000355 ) ) ;
#749 = ORIENTED_EDGE ( 'NONE', *, *, #2445, .T. ) ;
#750 = CARTESIAN_POINT ( 'NONE',  ( 9.100000000000038725, 60.00000000000000000, 3.099999999999922373 ) ) ;
#751 = VERTEX_POINT ( 'NONE', #1129 ) ;
#752 = CARTESIAN_POINT ( 'NONE',  ( -6.684924240491898928, 60.00000000000000000, 5.500000000000023093 ) ) ;
#753 = SURFACE_STYLE_FILL_AREA ( #3598 ) ;
#754 = ORIENTED_EDGE ( 'NONE', *, *, #421, .T. ) ;
#755 = EDGE_CURVE ( 'NONE', #4649, #1614, #1630, .T. ) ;
#756 = CIRCLE ( 'NONE', #2999, 0.2999999999999981570 ) ;
#757 = LINE ( 'NONE', #813, #2466 ) ;
#758 = ORIENTED_EDGE ( 'NONE', *, *, #1098, .T. ) ;
#759 = ORIENTED_EDGE ( 'NONE', *, *, #3490, .T. ) ;
#760 = SURFACE_STYLE_USAGE ( .BOTH. , #4175 ) ;
#761 = EDGE_CURVE ( 'NONE', #3974, #2751, #2074, .T. ) ;
#762 = SURFACE_STYLE_USAGE ( .BOTH. , #4435 ) ;
#763 = COLOUR_RGB ( '',0.8980392156862745390, 0.9176470588235293713, 0.9294117647058823817 ) ;
#764 = FACE_OUTER_BOUND ( 'NONE', #2844, .T. ) ;
#765 = DIRECTION ( 'NONE',  ( -0.000000000000000000, -1.000000000000000000, -0.000000000000000000 ) ) ;
#766 = SURFACE_SIDE_STYLE ('',( #4386 ) ) ;
#767 = MECHANICAL_DESIGN_GEOMETRIC_PRESENTATION_REPRESENTATION (  '', ( #1712 ), #4448 ) ;
#768 = SURFACE_SIDE_STYLE ('',( #2834 ) ) ;
#769 = SURFACE_STYLE_USAGE ( .BOTH. , #4009 ) ;
#770 = PRESENTATION_LAYER_ASSIGNMENT (  '', '', ( #518 ) ) ;
#771 = SURFACE_STYLE_FILL_AREA ( #4873 ) ;
#772 = CARTESIAN_POINT ( 'NONE',  ( -6.684924240491704417, 60.00000000000000000, -5.500000000000018652 ) ) ;
#773 = ORIENTED_EDGE ( 'NONE', *, *, #2251, .T. ) ;
#774 = CARTESIAN_POINT ( 'NONE',  ( -3.099999999999946354, 60.00000000000000000, -8.500000000000028422 ) ) ;
#775 = UNCERTAINTY_MEASURE_WITH_UNIT (LENGTH_MEASURE( 1.000000000000000082E-05 ), #4962, 'distance_accuracy_value', 'NONE');
#776 = ORIENTED_EDGE ( 'NONE', *, *, #2969, .T. ) ;
#777 = STYLED_ITEM ( 'NONE', ( #5139 ), #2051 ) ;
#778 = CARTESIAN_POINT ( 'NONE',  ( -6.472792206135713045, 60.00000000000000000, -5.412132034355987997 ) ) ;
#779 = EDGE_LOOP ( 'NONE', ( #4480, #1641, #4796, #5254 ) ) ;
#780 = CARTESIAN_POINT ( 'NONE',  ( 3.400000000000222400, 60.00000000000000000, 8.499999999998459899 ) ) ;
#781 =( NAMED_UNIT ( * ) PLANE_ANGLE_UNIT ( ) SI_UNIT ( $, .RADIAN. ) );
#782 = COLOUR_RGB ( '',0.8980392156862745390, 0.9176470588235293713, 0.9294117647058823817 ) ;
#783 = LINE ( 'NONE', #2364, #4276 ) ;
#784 = VERTEX_POINT ( 'NONE', #2894 ) ;
#785 = EDGE_CURVE ( 'NONE', #2928, #3584, #1710, .T. ) ;
#786 = ORIENTED_EDGE ( 'NONE', *, *, #1009, .T. ) ;
#787 = VECTOR ( 'NONE', #5304, 1000.000000000000000 ) ;
#788 =( LENGTH_UNIT ( ) NAMED_UNIT ( * ) SI_UNIT ( .MILLI., .METRE. ) );
#789 = EDGE_CURVE ( 'NONE', #952, #4620, #476, .T. ) ;
#790 = CARTESIAN_POINT ( 'NONE',  ( 9.700000000000027711, 60.00000000000000000, -4.000000000000079936 ) ) ;
#791 = AXIS2_PLACEMENT_3D ( 'NONE', #273, #1907, #1105 ) ;
#792 = AXIS2_PLACEMENT_3D ( 'NONE', #1547, #3188, #693 ) ;
#793 = PRODUCT_DEFINITION_SHAPE ( 'NONE', 'NONE',  #3368 ) ;
#794 = DIRECTION ( 'NONE',  ( 0.000000000000000000, 1.000000000000000000, 0.000000000000000000 ) ) ;
#795 = DIRECTION ( 'NONE',  ( 0.000000000000000000, 1.000000000000000000, -0.000000000000000000 ) ) ;
#796 = VECTOR ( 'NONE', #1506, 1000.000000000000000 ) ;
#797 = SURFACE_STYLE_USAGE ( .BOTH. , #4418 ) ;
#798 = STYLED_ITEM ( 'NONE', ( #1737 ), #4849 ) ;
#799 = EDGE_CURVE ( 'NONE', #5265, #1541, #131, .T. ) ;
#800 =( NAMED_UNIT ( * ) PLANE_ANGLE_UNIT ( ) SI_UNIT ( $, .RADIAN. ) );
#801 = PRESENTATION_STYLE_ASSIGNMENT (( #5228 ) ) ;
#802 = CYLINDRICAL_SURFACE ( 'NONE', #4765, 0.3000000000000120348 ) ;
#803 = ORIENTED_EDGE ( 'NONE', *, *, #3743, .T. ) ;
#804 = SURFACE_STYLE_FILL_AREA ( #3242 ) ;
#805 = CIRCLE ( 'NONE', #2343, 2.500000000000012879 ) ;
#806 = ORIENTED_EDGE ( 'NONE', *, *, #3316, .T. ) ;
#807 = VECTOR ( 'NONE', #5128, 1000.000000000000000 ) ;
#808 = SURFACE_STYLE_FILL_AREA ( #1207 ) ;
#809 = LINE ( 'NONE', #4069, #3877 ) ;
#810 = ORIENTED_EDGE ( 'NONE', *, *, #785, .F. ) ;
#811 = SURFACE_STYLE_FILL_AREA ( #5313 ) ;
#812 = CARTESIAN_POINT ( 'NONE',  ( -9.099999999999788258, 0.000000000000000000, 3.399999999999334221 ) ) ;
#813 = CARTESIAN_POINT ( 'NONE',  ( 3.100000000000033396, 60.00000000000000000, -8.500000000000049738 ) ) ;
#814 = ORIENTED_EDGE ( 'NONE', *, *, #306, .F. ) ;
#815 = AXIS2_PLACEMENT_3D ( 'NONE', #2830, #1621, #1172 ) ;
#816 = VERTEX_POINT ( 'NONE', #4925 ) ;
#817 = DIRECTION ( 'NONE',  ( 0.000000000000000000, 1.000000000000000000, 0.000000000000000000 ) ) ;
#818 = EDGE_CURVE ( 'NONE', #627, #3275, #2088, .T. ) ;
#819 = VECTOR ( 'NONE', #4195, 1000.000000000000000 ) ;
#820 = MECHANICAL_DESIGN_GEOMETRIC_PRESENTATION_REPRESENTATION (  '', ( #1935 ), #39 ) ;
#821 = CIRCLE ( 'NONE', #3221, 0.3000000000000224709 ) ;
#822 = ADVANCED_FACE ( 'NONE', ( #2957 ), #4495, .F. ) ;
#823 =( NAMED_UNIT ( * ) SI_UNIT ( $, .STERADIAN. ) SOLID_ANGLE_UNIT ( ) );
#824 = EDGE_CURVE ( 'NONE', #3896, #164, #5041, .T. ) ;
#825 = CARTESIAN_POINT ( 'NONE',  ( -3.899999999999889777, 0.000000000000000000, 2.010912703473977103 ) ) ;
#826 = SURFACE_STYLE_USAGE ( .BOTH. , #1251 ) ;
#827 = FILL_AREA_STYLE ('',( #4606 ) ) ;
#828 = MECHANICAL_DESIGN_GEOMETRIC_PRESENTATION_REPRESENTATION (  '', ( #4329 ), #558 ) ;
#829 =( LENGTH_UNIT ( ) NAMED_UNIT ( * ) SI_UNIT ( .MILLI., .METRE. ) );
#830 = MECHANICAL_DESIGN_GEOMETRIC_PRESENTATION_REPRESENTATION (  '', ( #4600 ), #5120 ) ;
#831 = PRESENTATION_STYLE_ASSIGNMENT (( #3404 ) ) ;
#832 = EDGE_LOOP ( 'NONE', ( #702, #3379, #3125, #637 ) ) ;
#833 = EDGE_CURVE ( 'NONE', #2802, #2751, #3980, .T. ) ;
#834 = ORIENTED_EDGE ( 'NONE', *, *, #2363, .T. ) ;
#835 = DIRECTION ( 'NONE',  ( 1.000000000000000000, 0.000000000000000000, -0.000000000000000000 ) ) ;
#836 = LINE ( 'NONE', #2386, #280 ) ;
#837 = CARTESIAN_POINT ( 'NONE',  ( 4.485786437626974710, 60.00000000000000000, -3.425126265847167950 ) ) ;
#838 = ORIENTED_EDGE ( 'NONE', *, *, #2829, .T. ) ;
#839 = LINE ( 'NONE', #4071, #1181 ) ;
#840 = ORIENTED_EDGE ( 'NONE', *, *, #2808, .F. ) ;
#841 = CARTESIAN_POINT ( 'NONE',  ( 0.000000000000000000, 0.000000000000000000, 0.000000000000000000 ) ) ;
#842 = UNCERTAINTY_MEASURE_WITH_UNIT (LENGTH_MEASURE( 1.000000000000000082E-05 ), #2322, 'distance_accuracy_value', 'NONE');
#843 = ORIENTED_EDGE ( 'NONE', *, *, #4000, .T. ) ;
#844 = ORIENTED_EDGE ( 'NONE', *, *, #3839, .F. ) ;
#845 = LINE ( 'NONE', #1360, #385 ) ;
#846 =( GEOMETRIC_REPRESENTATION_CONTEXT ( 3 ) GLOBAL_UNCERTAINTY_ASSIGNED_CONTEXT ( ( #398 ) ) GLOBAL_UNIT_ASSIGNED_CONTEXT ( ( #4160, #178, #910 ) ) REPRESENTATION_CONTEXT ( 'NONE', 'WORKASPACE' ) );
#847 = CARTESIAN_POINT ( 'NONE',  ( -7.899999999999921307, 0.000000000000000000, -5.200000000000017053 ) ) ;
#848 =( NAMED_UNIT ( * ) PLANE_ANGLE_UNIT ( ) SI_UNIT ( $, .RADIAN. ) );
#849 = LINE ( 'NONE', #1177, #4884 ) ;
#850 = CARTESIAN_POINT ( 'NONE',  ( -8.199999999999912248, 60.00000000000000000, -3.400000000000007017 ) ) ;
#851 = VECTOR ( 'NONE', #671, 1000.000000000000000 ) ;
#852 = EDGE_CURVE ( 'NONE', #3526, #2928, #1246, .T. ) ;
#853 = FILL_AREA_STYLE ('',( #1314 ) ) ;
#854 = UNCERTAINTY_MEASURE_WITH_UNIT (LENGTH_MEASURE( 1.000000000000000082E-05 ), #3824, 'distance_accuracy_value', 'NONE');
#855 = FILL_AREA_STYLE ('',( #884 ) ) ;
#856 = FILL_AREA_STYLE_COLOUR ( '', #1503 ) ;
#857 = EDGE_LOOP ( 'NONE', ( #4682, #2903, #3178, #1756 ) ) ;
#858 = PRESENTATION_LAYER_ASSIGNMENT (  '', '', ( #3937 ) ) ;
#859 = CARTESIAN_POINT ( 'NONE',  ( 6.472792206135849824, 0.000000000000000000, 5.412132034355889409 ) ) ;
#860 = VECTOR ( 'NONE', #585, 1000.000000000000000 ) ;
#861 =( NAMED_UNIT ( * ) SI_UNIT ( $, .STERADIAN. ) SOLID_ANGLE_UNIT ( ) );
#862 = ORIENTED_EDGE ( 'NONE', *, *, #2767, .T. ) ;
#863 = AXIS2_PLACEMENT_3D ( 'NONE', #69, #968, #2978 ) ;
#864 = ADVANCED_FACE ( 'NONE', ( #1281 ), #2503, .F. ) ;
#865 = PRESENTATION_STYLE_ASSIGNMENT (( #78 ) ) ;
#866 =( NAMED_UNIT ( * ) PLANE_ANGLE_UNIT ( ) SI_UNIT ( $, .RADIAN. ) );
#867 = AXIS2_PLACEMENT_3D ( 'NONE', #2153, #911, #3006 ) ;
#868 = ORIENTED_EDGE ( 'NONE', *, *, #1450, .T. ) ;
#869 =( GEOMETRIC_REPRESENTATION_CONTEXT ( 3 ) GLOBAL_UNCERTAINTY_ASSIGNED_CONTEXT ( ( #3470 ) ) GLOBAL_UNIT_ASSIGNED_CONTEXT ( ( #3076, #3104, #2693 ) ) REPRESENTATION_CONTEXT ( 'NONE', 'WORKASPACE' ) );
#870 = EDGE_CURVE ( 'NONE', #5144, #4241, #914, .T. ) ;
#871 = VERTEX_POINT ( 'NONE', #1342 ) ;
#872 = ORIENTED_EDGE ( 'NONE', *, *, #3647, .F. ) ;
#873 = PRESENTATION_LAYER_ASSIGNMENT (  '', '', ( #1055 ) ) ;
#874 = CYLINDRICAL_SURFACE ( 'NONE', #3979, 0.2999999999999947153 ) ;
#875 = CIRCLE ( 'NONE', #4032, 0.3000000000000476175 ) ;
#876 = FACE_OUTER_BOUND ( 'NONE', #1914, .T. ) ;
#877 = PRESENTATION_LAYER_ASSIGNMENT (  '', '', ( #2243 ) ) ;
#878 =( NAMED_UNIT ( * ) SI_UNIT ( $, .STERADIAN. ) SOLID_ANGLE_UNIT ( ) );
#879 = CARTESIAN_POINT ( 'NONE',  ( 5.200000000000051692, 0.000000000000000000, -8.200000000000047251 ) ) ;
#880 = CARTESIAN_POINT ( 'NONE',  ( 8.200000000000025935, 60.00000000000000000, -5.200000000000079226 ) ) ;
#881 = COLOUR_RGB ( '',0.8980392156862745390, 0.9176470588235293713, 0.9294117647058823817 ) ;
#882 = CARTESIAN_POINT ( 'NONE',  ( 4.000000000000211386, 60.00000000000000000, 9.999999999998451017 ) ) ;
#883 = SURFACE_SIDE_STYLE ('',( #4221 ) ) ;
#884 = FILL_AREA_STYLE_COLOUR ( '', #3952 ) ;
#885 = CARTESIAN_POINT ( 'NONE',  ( 9.700000000000027711, 60.00000000000000000, -3.700000000000057465 ) ) ;
#886 = ORIENTED_EDGE ( 'NONE', *, *, #1736, .F. ) ;
#887 = DIRECTION ( 'NONE',  ( -0.000000000000000000, -1.000000000000000000, -0.000000000000000000 ) ) ;
#888 =( GEOMETRIC_REPRESENTATION_CONTEXT ( 3 ) GLOBAL_UNCERTAINTY_ASSIGNED_CONTEXT ( ( #4412 ) ) GLOBAL_UNIT_ASSIGNED_CONTEXT ( ( #4586, #1375, #4556 ) ) REPRESENTATION_CONTEXT ( 'NONE', 'WORKASPACE' ) );
#889 = AXIS2_PLACEMENT_3D ( 'NONE', #5155, #3095, #1084 ) ;
#890 = EDGE_CURVE ( 'NONE', #164, #705, #734, .T. ) ;
#891 = DIRECTION ( 'NONE',  ( 0.000000000000000000, 0.000000000000000000, -1.000000000000000000 ) ) ;
#892 = ORIENTED_EDGE ( 'NONE', *, *, #4256, .T. ) ;
#893 = LINE ( 'NONE', #3122, #1578 ) ;
#894 = VECTOR ( 'NONE', #2994, 1000.000000000000000 ) ;
#895 = CARTESIAN_POINT ( 'NONE',  ( 6.472792206135849824, 60.00000000000000000, 5.412132034355889409 ) ) ;
#896 = CARTESIAN_POINT ( 'NONE',  ( 4.485786437626974710, 60.00000000000000000, 3.425126265847016960 ) ) ;
#897 = VERTEX_POINT ( 'NONE', #4219 ) ;
#898 = FILL_AREA_STYLE_COLOUR ( '', #1682 ) ;
#899 = ADVANCED_FACE ( 'NONE', ( #2955 ), #4978, .T. ) ;
#900 = CIRCLE ( 'NONE', #1076, 2.500000000000012879 ) ;
#901 = EDGE_LOOP ( 'NONE', ( #2393, #2998, #2260, #4677 ) ) ;
#902 = UNCERTAINTY_MEASURE_WITH_UNIT (LENGTH_MEASURE( 1.000000000000000082E-05 ), #4581, 'distance_accuracy_value', 'NONE');
#903 = CARTESIAN_POINT ( 'NONE',  ( 3.400000000000055866, 60.00000000000000000, -8.200000000000047251 ) ) ;
#904 = VERTEX_POINT ( 'NONE', #2072 ) ;
#905 = ORIENTED_EDGE ( 'NONE', *, *, #3189, .F. ) ;
#906 = STYLED_ITEM ( 'NONE', ( #2890 ), #5248 ) ;
#907 = FILL_AREA_STYLE ('',( #3686 ) ) ;
#908 = FACE_OUTER_BOUND ( 'NONE', #3281, .T. ) ;
#909 =( LENGTH_UNIT ( ) NAMED_UNIT ( * ) SI_UNIT ( .MILLI., .METRE. ) );
#910 =( NAMED_UNIT ( * ) SI_UNIT ( $, .STERADIAN. ) SOLID_ANGLE_UNIT ( ) );
#911 = DIRECTION ( 'NONE',  ( 0.000000000000000000, -0.000000000000000000, 1.000000000000000000 ) ) ;
#912 = DIRECTION ( 'NONE',  ( 0.000000000000000000, 0.000000000000000000, -1.000000000000000000 ) ) ;
#913 = DIRECTION ( 'NONE',  ( 0.000000000000000000, 1.000000000000000000, -0.000000000000000000 ) ) ;
#914 = LINE ( 'NONE', #496, #4414 ) ;
#915 = AXIS2_PLACEMENT_3D ( 'NONE', #5201, #4284, #5100 ) ;
#916 = FILL_AREA_STYLE ('',( #3011 ) ) ;
#917 = ORIENTED_EDGE ( 'NONE', *, *, #4828, .F. ) ;
#918 = PRESENTATION_STYLE_ASSIGNMENT (( #2926 ) ) ;
#919 = AXIS2_PLACEMENT_3D ( 'NONE', #3057, #3139, #4775 ) ;
#920 = CARTESIAN_POINT ( 'NONE',  ( 6.684924240491815439, 0.000000000000000000, -5.500000000000079048 ) ) ;
#921 = EDGE_LOOP ( 'NONE', ( #4181, #803, #4113, #4200 ) ) ;
#922 = UNCERTAINTY_MEASURE_WITH_UNIT (LENGTH_MEASURE( 1.000000000000000082E-05 ), #2135, 'distance_accuracy_value', 'NONE');
#923 =( NAMED_UNIT ( * ) SI_UNIT ( $, .STERADIAN. ) SOLID_ANGLE_UNIT ( ) );
#924 = SURFACE_STYLE_USAGE ( .BOTH. , #508 ) ;
#925 = DIRECTION ( 'NONE',  ( 0.000000000000000000, 1.000000000000000000, 0.000000000000000000 ) ) ;
#926 = ORIENTED_EDGE ( 'NONE', *, *, #584, .T. ) ;
#927 = FILL_AREA_STYLE ('',( #1748 ) ) ;
#928 =( NAMED_UNIT ( * ) SI_UNIT ( $, .STERADIAN. ) SOLID_ANGLE_UNIT ( ) );
#929 =( GEOMETRIC_REPRESENTATION_CONTEXT ( 3 ) GLOBAL_UNCERTAINTY_ASSIGNED_CONTEXT ( ( #775 ) ) GLOBAL_UNIT_ASSIGNED_CONTEXT ( ( #4962, #2991, #928 ) ) REPRESENTATION_CONTEXT ( 'NONE', 'WORKASPACE' ) );
#930 = VERTEX_POINT ( 'NONE', #882 ) ;
#931 = SURFACE_SIDE_STYLE ('',( #3738 ) ) ;
#932 = EDGE_CURVE ( 'NONE', #1942, #3420, #3301, .T. ) ;
#933 = SURFACE_STYLE_USAGE ( .BOTH. , #958 ) ;
#934 = VERTEX_POINT ( 'NONE', #4577 ) ;
#935 = EDGE_LOOP ( 'NONE', ( #256, #1376, #1137, #3416 ) ) ;
#936 = STYLED_ITEM ( 'NONE', ( #4871 ), #1963 ) ;
#937 = DIRECTION ( 'NONE',  ( 0.000000000000000000, 0.000000000000000000, -1.000000000000000000 ) ) ;
#938 = ADVANCED_FACE ( 'NONE', ( #4513 ), #2473, .F. ) ;
#939 = DIRECTION ( 'NONE',  ( -0.000000000000000000, -1.000000000000000000, 0.000000000000000000 ) ) ;
#940 = VECTOR ( 'NONE', #2876, 1000.000000000000000 ) ;
#941 = UNCERTAINTY_MEASURE_WITH_UNIT (LENGTH_MEASURE( 1.000000000000000082E-05 ), #1203, 'distance_accuracy_value', 'NONE');
#942 = FILL_AREA_STYLE_COLOUR ( '', #4665 ) ;
#943 = EDGE_CURVE ( 'NONE', #575, #4957, #1052, .T. ) ;
#944 = CARTESIAN_POINT ( 'NONE',  ( 8.500000000000049738, 60.00000000000000000, -3.100000000000064482 ) ) ;
#945 = DIRECTION ( 'NONE',  ( 0.000000000000000000, 0.000000000000000000, -1.000000000000000000 ) ) ;
#946 = ORIENTED_EDGE ( 'NONE', *, *, #371, .T. ) ;
#947 = SURFACE_STYLE_USAGE ( .BOTH. , #1283 ) ;
#948 =( NAMED_UNIT ( * ) SI_UNIT ( $, .STERADIAN. ) SOLID_ANGLE_UNIT ( ) );
#949 = DIRECTION ( 'NONE',  ( -0.000000000000000000, -1.000000000000000000, -0.000000000000000000 ) ) ;
#950 = ORIENTED_EDGE ( 'NONE', *, *, #3286, .F. ) ;
#951 = SURFACE_SIDE_STYLE ('',( #4522 ) ) ;
#952 = VERTEX_POINT ( 'NONE', #2240 ) ;
#953 = SURFACE_SIDE_STYLE ('',( #4559 ) ) ;
#954 = CIRCLE ( 'NONE', #4719, 0.2999999999999981570 ) ;
#955 = COLOUR_RGB ( '',0.8980392156862745390, 0.9176470588235293713, 0.9294117647058823817 ) ;
#956 = VERTEX_POINT ( 'NONE', #3562 ) ;
#957 = DIRECTION ( 'NONE',  ( 0.000000000000000000, 1.000000000000000000, 0.000000000000000000 ) ) ;
#958 = SURFACE_SIDE_STYLE ('',( #4207 ) ) ;
#959 = ORIENTED_EDGE ( 'NONE', *, *, #3711, .F. ) ;
#960 = ORIENTED_EDGE ( 'NONE', *, *, #4515, .T. ) ;
#961 = PRESENTATION_STYLE_ASSIGNMENT (( #2202 ) ) ;
#962 = PRESENTATION_STYLE_ASSIGNMENT (( #1302 ) ) ;
#963 = EDGE_CURVE ( 'NONE', #2665, #2061, #1847, .T. ) ;
#964 = LINE ( 'NONE', #2527, #4178 ) ;
#965 = STYLED_ITEM ( 'NONE', ( #1612 ), #2159 ) ;
#966 =( LENGTH_UNIT ( ) NAMED_UNIT ( * ) SI_UNIT ( .MILLI., .METRE. ) );
#967 = ADVANCED_FACE ( 'NONE', ( #223 ), #5095, .F. ) ;
#968 = DIRECTION ( 'NONE',  ( -1.000000000000000000, 0.000000000000000000, 0.000000000000000000 ) ) ;
#969 = AXIS2_PLACEMENT_3D ( 'NONE', #1260, #2136, #4990 ) ;
#970 =( LENGTH_UNIT ( ) NAMED_UNIT ( * ) SI_UNIT ( .MILLI., .METRE. ) );
#971 = CARTESIAN_POINT ( 'NONE',  ( -5.199999999999940670, 0.000000000000000000, -6.684924240491780800 ) ) ;
#972 = VERTEX_POINT ( 'NONE', #3038 ) ;
#973 = STYLED_ITEM ( 'NONE', ( #3403 ), #2523 ) ;
#974 = LINE ( 'NONE', #2591, #3646 ) ;
#975 = COLOUR_RGB ( '',1.000000000000000000, 1.000000000000000000, 1.000000000000000000 ) ;
#976 = DIRECTION ( 'NONE',  ( 0.7071067811865474617, -0.000000000000000000, 0.7071067811865474617 ) ) ;
#977 =( LENGTH_UNIT ( ) NAMED_UNIT ( * ) SI_UNIT ( .MILLI., .METRE. ) );
#978 = ORIENTED_EDGE ( 'NONE', *, *, #2619, .F. ) ;
#979 = UNCERTAINTY_MEASURE_WITH_UNIT (LENGTH_MEASURE( 1.000000000000000082E-05 ), #1559, 'distance_accuracy_value', 'NONE');
#980 = DIRECTION ( 'NONE',  ( 0.000000000000000000, 1.000000000000000000, 0.000000000000000000 ) ) ;
#981 = SURFACE_STYLE_FILL_AREA ( #50 ) ;
#982 = DIRECTION ( 'NONE',  ( 0.000000000000000000, -0.000000000000000000, 1.000000000000000000 ) ) ;
#983 = EDGE_LOOP ( 'NONE', ( #862, #4208, #5140, #4165 ) ) ;
#984 =( NAMED_UNIT ( * ) SI_UNIT ( $, .STERADIAN. ) SOLID_ANGLE_UNIT ( ) );
#985 =( GEOMETRIC_REPRESENTATION_CONTEXT ( 3 ) GLOBAL_UNCERTAINTY_ASSIGNED_CONTEXT ( ( #1351 ) ) GLOBAL_UNIT_ASSIGNED_CONTEXT ( ( #2275, #595, #2742 ) ) REPRESENTATION_CONTEXT ( 'NONE', 'WORKASPACE' ) );
#986 = DIRECTION ( 'NONE',  ( 0.000000000000000000, 0.000000000000000000, -1.000000000000000000 ) ) ;
#987 = ORIENTED_EDGE ( 'NONE', *, *, #2117, .T. ) ;
#988 = CIRCLE ( 'NONE', #2067, 0.2999999999999947153 ) ;
#989 = LINE ( 'NONE', #574, #3616 ) ;
#990 = EDGE_LOOP ( 'NONE', ( #2403, #1619, #3573, #4907 ) ) ;
#991 = ORIENTED_EDGE ( 'NONE', *, *, #943, .T. ) ;
#992 = AXIS2_PLACEMENT_3D ( 'NONE', #3497, #3832, #623 ) ;
#993 = DIRECTION ( 'NONE',  ( -0.000000000000000000, -1.000000000000000000, -0.000000000000000000 ) ) ;
#994 = CARTESIAN_POINT ( 'NONE',  ( -3.425126265847040941, 60.00000000000000000, -4.485786437626964052 ) ) ;
#995 = EDGE_CURVE ( 'NONE', #3595, #4741, #1624, .T. ) ;
#996 = CARTESIAN_POINT ( 'NONE',  ( -3.899999999999889777, 0.000000000000000000, 2.010912703473977103 ) ) ;
#997 = DIRECTION ( 'NONE',  ( 0.000000000000000000, 1.000000000000000000, 0.000000000000000000 ) ) ;
#998 = UNCERTAINTY_MEASURE_WITH_UNIT (LENGTH_MEASURE( 1.000000000000000082E-05 ), #5125, 'distance_accuracy_value', 'NONE');
#999 = CARTESIAN_POINT ( 'NONE',  ( 10.00000000000004974, 0.000000000000000000, -8.500000000000056843 ) ) ;
#1000 = SURFACE_STYLE_FILL_AREA ( #1846 ) ;
#1001 =( NAMED_UNIT ( * ) SI_UNIT ( $, .STERADIAN. ) SOLID_ANGLE_UNIT ( ) );
#1002 = ADVANCED_FACE ( 'NONE', ( #4752 ), #4694, .F. ) ;
#1003 = CARTESIAN_POINT ( 'NONE',  ( 2.010912703474046825, 60.00000000000000000, -3.900000000000081180 ) ) ;
#1004 =( LENGTH_UNIT ( ) NAMED_UNIT ( * ) SI_UNIT ( .MILLI., .METRE. ) );
#1005 = LINE ( 'NONE', #3884, #3986 ) ;
#1006 = DIRECTION ( 'NONE',  ( 0.000000000000000000, 1.000000000000000000, 0.000000000000000000 ) ) ;
#1007 = AXIS2_PLACEMENT_3D ( 'NONE', #5010, #4543, #5068 ) ;
#1008 = SURFACE_STYLE_USAGE ( .BOTH. , #5105 ) ;
#1009 = EDGE_CURVE ( 'NONE', #952, #3504, #3430, .T. ) ;
#1010 = SURFACE_STYLE_USAGE ( .BOTH. , #1108 ) ;
#1011 = VERTEX_POINT ( 'NONE', #3665 ) ;
#1012 = CIRCLE ( 'NONE', #915, 1.500000000000001332 ) ;
#1013 = ORIENTED_EDGE ( 'NONE', *, *, #3249, .F. ) ;
#1014 =( LENGTH_UNIT ( ) NAMED_UNIT ( * ) SI_UNIT ( .MILLI., .METRE. ) );
#1015 = PRESENTATION_STYLE_ASSIGNMENT (( #933 ) ) ;
#1016 = VERTEX_POINT ( 'NONE', #2417 ) ;
#1017 = ORIENTED_EDGE ( 'NONE', *, *, #4602, .F. ) ;
#1018 = SURFACE_STYLE_USAGE ( .BOTH. , #4321 ) ;
#1019 = DIRECTION ( 'NONE',  ( 0.000000000000000000, 0.000000000000000000, -1.000000000000000000 ) ) ;
#1020 = DIRECTION ( 'NONE',  ( -0.000000000000000000, -1.000000000000000000, -0.000000000000000000 ) ) ;
#1021 = PRESENTATION_STYLE_ASSIGNMENT (( #826 ) ) ;
#1022 = CARTESIAN_POINT ( 'NONE',  ( 3.425126265847143525, 0.000000000000000000, -4.485786437626981815 ) ) ;
#1023 = CYLINDRICAL_SURFACE ( 'NONE', #4157, 0.2999999999999947153 ) ;
#1024 = AXIS2_PLACEMENT_3D ( 'NONE', #3414, #2603, #4234 ) ;
#1025 = CARTESIAN_POINT ( 'NONE',  ( -5.899999999999891109, 0.000000000000000000, 2.010912703473977103 ) ) ;
#1026 = PRESENTATION_STYLE_ASSIGNMENT (( #616 ) ) ;
#1027 =( LENGTH_UNIT ( ) NAMED_UNIT ( * ) SI_UNIT ( .MILLI., .METRE. ) );
#1028 = SURFACE_SIDE_STYLE ('',( #5123 ) ) ;
#1029 = FILL_AREA_STYLE_COLOUR ( '', #4204 ) ;
#1030 = CARTESIAN_POINT ( 'NONE',  ( -7.899999999999921307, 60.00000000000000000, -5.500000000000018652 ) ) ;
#1031 = VECTOR ( 'NONE', #369, 1000.000000000000000 ) ;
#1032 = EDGE_CURVE ( 'NONE', #1282, #3387, #4186, .T. ) ;
#1033 = CARTESIAN_POINT ( 'NONE',  ( 5.500000000000175859, 60.00000000000000000, 6.684924240490220271 ) ) ;
#1034 = CARTESIAN_POINT ( 'NONE',  ( 8.500000000000243361, 0.000000000000000000, 8.499999999998452793 ) ) ;
#1035 = VERTEX_POINT ( 'NONE', #5219 ) ;
#1036 = EDGE_CURVE ( 'NONE', #2113, #2757, #4002, .T. ) ;
#1037 = EDGE_LOOP ( 'NONE', ( #3696, #2609, #4043, #4434 ) ) ;
#1038 = AXIS2_PLACEMENT_3D ( 'NONE', #1091, #3103, #1534 ) ;
#1039 =( NAMED_UNIT ( * ) SI_UNIT ( $, .STERADIAN. ) SOLID_ANGLE_UNIT ( ) );
#1040 = DIRECTION ( 'NONE',  ( -0.000000000000000000, -1.000000000000000000, -0.000000000000000000 ) ) ;
#1041 = ORIENTED_EDGE ( 'NONE', *, *, #2654, .F. ) ;
#1042 = ORIENTED_EDGE ( 'NONE', *, *, #3717, .F. ) ;
#1043 = AXIS2_PLACEMENT_3D ( 'NONE', #3434, #1006, #4698 ) ;
#1044 = CARTESIAN_POINT ( 'NONE',  ( -3.399999999999944844, 0.000000000000000000, -8.500000000000021316 ) ) ;
#1045 =( LENGTH_UNIT ( ) NAMED_UNIT ( * ) SI_UNIT ( .MILLI., .METRE. ) );
#1046 = MECHANICAL_DESIGN_GEOMETRIC_PRESENTATION_REPRESENTATION (  '', ( #4190 ), #3437 ) ;
#1047 =( NAMED_UNIT ( * ) PLANE_ANGLE_UNIT ( ) SI_UNIT ( $, .RADIAN. ) );
#1048 = UNCERTAINTY_MEASURE_WITH_UNIT (LENGTH_MEASURE( 1.000000000000000082E-05 ), #4703, 'distance_accuracy_value', 'NONE');
#1049 = CYLINDRICAL_SURFACE ( 'NONE', #1197, 0.3000000000000129230 ) ;
#1050 =( NAMED_UNIT ( * ) SI_UNIT ( $, .STERADIAN. ) SOLID_ANGLE_UNIT ( ) );
#1051 = VECTOR ( 'NONE', #425, 999.9999999999998863 ) ;
#1052 = LINE ( 'NONE', #2649, #860 ) ;
#1053 = CARTESIAN_POINT ( 'NONE',  ( 7.900000000000032330, 0.000000000000000000, 5.199999999999923794 ) ) ;
#1054 = DIRECTION ( 'NONE',  ( -0.000000000000000000, -1.000000000000000000, -0.000000000000000000 ) ) ;
#1055 = STYLED_ITEM ( 'NONE', ( #700 ), #2265 ) ;
#1056 = FILL_AREA_STYLE ('',( #2739 ) ) ;
#1057 = CARTESIAN_POINT ( 'NONE',  ( -5.899999999999947065, 0.000000000000000000, -2.010912703474032615 ) ) ;
#1058 = AXIS2_PLACEMENT_3D ( 'NONE', #3789, #2939, #116 ) ;
#1059 = SURFACE_STYLE_FILL_AREA ( #3857 ) ;
#1060 = PLANE ( 'NONE',  #2011 ) ;
#1061 = ORIENTED_EDGE ( 'NONE', *, *, #4800, .T. ) ;
#1062 = DIRECTION ( 'NONE',  ( -0.000000000000000000, -1.000000000000000000, -0.000000000000000000 ) ) ;
#1063 = EDGE_CURVE ( 'NONE', #897, #2515, #318, .T. ) ;
#1064 = ORIENTED_EDGE ( 'NONE', *, *, #2421, .F. ) ;
#1065 = CARTESIAN_POINT ( 'NONE',  ( 9.700000000000027711, 0.000000000000000000, 3.399999999998300382 ) ) ;
#1066 = ORIENTED_EDGE ( 'NONE', *, *, #1386, .T. ) ;
#1067 = ADVANCED_FACE ( 'NONE', ( #764 ), #410, .T. ) ;
#1068 = FILL_AREA_STYLE ('',( #3106 ) ) ;
#1069 = PRESENTATION_LAYER_ASSIGNMENT (  '', '', ( #4751 ) ) ;
#1070 = DIRECTION ( 'NONE',  ( -0.000000000000000000, -0.000000000000000000, 1.000000000000000000 ) ) ;
#1071 = DIRECTION ( 'NONE',  ( 0.000000000000000000, 0.000000000000000000, -1.000000000000000000 ) ) ;
#1072 = VERTEX_POINT ( 'NONE', #1674 ) ;
#1073 = PRESENTATION_STYLE_ASSIGNMENT (( #2704 ) ) ;
#1074 = FILL_AREA_STYLE_COLOUR ( '', #763 ) ;
#1075 = SURFACE_SIDE_STYLE ('',( #157 ) ) ;
#1076 = AXIS2_PLACEMENT_3D ( 'NONE', #3729, #980, #5050 ) ;
#1077 = FILL_AREA_STYLE_COLOUR ( '', #4965 ) ;
#1078 = SURFACE_SIDE_STYLE ('',( #2679 ) ) ;
#1079 = CARTESIAN_POINT ( 'NONE',  ( -9.399999999999963052, 0.000000000000000000, -3.400000000000000355 ) ) ;
#1080 = SURFACE_SIDE_STYLE ('',( #3887 ) ) ;
#1081 = STYLED_ITEM ( 'NONE', ( #1453 ), #674 ) ;
#1082 = UNCERTAINTY_MEASURE_WITH_UNIT (LENGTH_MEASURE( 1.000000000000000082E-05 ), #1949, 'distance_accuracy_value', 'NONE');
#1083 = AXIS2_PLACEMENT_3D ( 'NONE', #3927, #245, #3457 ) ;
#1084 = DIRECTION ( 'NONE',  ( 0.000000000000000000, 0.000000000000000000, -1.000000000000000000 ) ) ;
#1085 = EDGE_CURVE ( 'NONE', #3480, #80, #1271, .T. ) ;
#1086 = ORIENTED_EDGE ( 'NONE', *, *, #4150, .F. ) ;
#1087 = SURFACE_STYLE_FILL_AREA ( #2662 ) ;
#1088 = PRESENTATION_LAYER_ASSIGNMENT (  '', '', ( #3058 ) ) ;
#1089 = AXIS2_PLACEMENT_3D ( 'NONE', #3029, #2610, #4242 ) ;
#1090 = EDGE_LOOP ( 'NONE', ( #2936, #3097, #3481, #3678 ) ) ;
#1091 = CARTESIAN_POINT ( 'NONE',  ( -3.399999999999750333, 60.00000000000000000, 8.499999999998834710 ) ) ;
#1092 = FILL_AREA_STYLE_COLOUR ( '', #3861 ) ;
#1093 = ORIENTED_EDGE ( 'NONE', *, *, #4856, .F. ) ;
#1094 = STYLED_ITEM ( 'NONE', ( #1702 ), #3064 ) ;
#1095 = CARTESIAN_POINT ( 'NONE',  ( 10.00000000000024514, 60.00000000000000000, 3.999999999998303579 ) ) ;
#1096 = FILL_AREA_STYLE ('',( #4713 ) ) ;
#1097 = STYLED_ITEM ( 'NONE', ( #2977 ), #3093 ) ;
#1098 = EDGE_CURVE ( 'NONE', #166, #3384, #4571, .T. ) ;
#1099 = VERTEX_POINT ( 'NONE', #520 ) ;
#1100 = LINE ( 'NONE', #2238, #244 ) ;
#1101 = UNCERTAINTY_MEASURE_WITH_UNIT (LENGTH_MEASURE( 1.000000000000000082E-05 ), #3463, 'distance_accuracy_value', 'NONE');
#1102 = EDGE_CURVE ( 'NONE', #4241, #1964, #954, .T. ) ;
#1103 = PRESENTATION_STYLE_ASSIGNMENT (( #3847 ) ) ;
#1104 = LINE ( 'NONE', #2680, #2526 ) ;
#1105 = DIRECTION ( 'NONE',  ( 0.000000000000000000, 0.000000000000000000, 1.000000000000000000 ) ) ;
#1106 = CARTESIAN_POINT ( 'NONE',  ( 9.700000000000027711, 0.000000000000000000, -3.400000000000076739 ) ) ;
#1107 = PRESENTATION_STYLE_ASSIGNMENT (( #2684 ) ) ;
#1108 = SURFACE_SIDE_STYLE ('',( #3836 ) ) ;
#1109 = ORIENTED_EDGE ( 'NONE', *, *, #491, .T. ) ;
#1110 = PLANE ( 'NONE',  #2378 ) ;
#1111 = ORIENTED_EDGE ( 'NONE', *, *, #4658, .T. ) ;
#1112 = SURFACE_STYLE_USAGE ( .BOTH. , #4789 ) ;
#1113 = PRESENTATION_STYLE_ASSIGNMENT (( #1486 ) ) ;
#1114 = ORIENTED_EDGE ( 'NONE', *, *, #2058, .F. ) ;
#1115 = ORIENTED_EDGE ( 'NONE', *, *, #5243, .T. ) ;
#1116 = AXIS2_PLACEMENT_3D ( 'NONE', #405, #1940, #2804 ) ;
#1117 = ADVANCED_FACE ( 'NONE', ( #3309 ), #2886, .F. ) ;
#1118 = PRESENTATION_LAYER_ASSIGNMENT (  '', '', ( #1890 ) ) ;
#1119 = UNCERTAINTY_MEASURE_WITH_UNIT (LENGTH_MEASURE( 1.000000000000000082E-05 ), #2287, 'distance_accuracy_value', 'NONE');
#1120 = DIRECTION ( 'NONE',  ( -0.000000000000000000, -1.000000000000000000, -0.000000000000000000 ) ) ;
#1121 = AXIS2_PLACEMENT_3D ( 'NONE', #2862, #795, #2813 ) ;
#1122 = DIRECTION ( 'NONE',  ( -0.000000000000000000, -1.000000000000000000, 0.000000000000000000 ) ) ;
#1123 = EDGE_CURVE ( 'NONE', #784, #1426, #3760, .T. ) ;
#1124 = SURFACE_STYLE_FILL_AREA ( #1473 ) ;
#1125 = CIRCLE ( 'NONE', #4101, 0.2999999999999947153 ) ;
#1126 = PRESENTATION_STYLE_ASSIGNMENT (( #4312 ) ) ;
#1127 =( NAMED_UNIT ( * ) PLANE_ANGLE_UNIT ( ) SI_UNIT ( $, .RADIAN. ) );
#1128 = DIRECTION ( 'NONE',  ( -0.000000000000000000, -1.000000000000000000, -0.000000000000000000 ) ) ;
#1129 = CARTESIAN_POINT ( 'NONE',  ( -9.999999999999772626, 0.000000000000000000, 8.499999999999237943 ) ) ;
#1130 = VERTEX_POINT ( 'NONE', #1700 ) ;
#1131 = SURFACE_SIDE_STYLE ('',( #1087 ) ) ;
#1132 = AXIS2_PLACEMENT_3D ( 'NONE', #3338, #4977, #2989 ) ;
#1133 = VERTEX_POINT ( 'NONE', #2496 ) ;
#1134 = PRESENTATION_LAYER_ASSIGNMENT (  '', '', ( #4812 ) ) ;
#1135 = DIRECTION ( 'NONE',  ( -1.000000000000000000, 0.000000000000000000, 0.000000000000000000 ) ) ;
#1136 = PLANE ( 'NONE',  #4473 ) ;
#1137 = ORIENTED_EDGE ( 'NONE', *, *, #3035, .F. ) ;
#1138 = VECTOR ( 'NONE', #2729, 1000.000000000000000 ) ;
#1139 =( GEOMETRIC_REPRESENTATION_CONTEXT ( 3 ) GLOBAL_UNCERTAINTY_ASSIGNED_CONTEXT ( ( #998 ) ) GLOBAL_UNIT_ASSIGNED_CONTEXT ( ( #5125, #5071, #4281 ) ) REPRESENTATION_CONTEXT ( 'NONE', 'WORKASPACE' ) );
#1140 = DIRECTION ( 'NONE',  ( -0.000000000000000000, -1.000000000000000000, -0.000000000000000000 ) ) ;
#1141 = PRESENTATION_LAYER_ASSIGNMENT (  '', '', ( #2155 ) ) ;
#1142 = STYLED_ITEM ( 'NONE', ( #1851 ), #316 ) ;
#1143 = ORIENTED_EDGE ( 'NONE', *, *, #2029, .F. ) ;
#1144 = PRESENTATION_STYLE_ASSIGNMENT (( #760 ) ) ;
#1145 = EDGE_CURVE ( 'NONE', #2278, #3764, #4100, .T. ) ;
#1146 = VECTOR ( 'NONE', #5227, 1000.000000000000000 ) ;
#1147 = UNCERTAINTY_MEASURE_WITH_UNIT (LENGTH_MEASURE( 1.000000000000000082E-05 ), #2833, 'distance_accuracy_value', 'NONE');
#1148 = MECHANICAL_DESIGN_GEOMETRIC_PRESENTATION_REPRESENTATION (  '', ( #3969 ), #645 ) ;
#1149 = SURFACE_STYLE_FILL_AREA ( #1522 ) ;
#1150 = EDGE_CURVE ( 'NONE', #1757, #1035, #1194, .T. ) ;
#1151 = DIRECTION ( 'NONE',  ( -0.000000000000000000, -0.000000000000000000, -1.000000000000000000 ) ) ;
#1152 = CARTESIAN_POINT ( 'NONE',  ( -9.999999999999964473, 60.00000000000000000, -8.499999999999980460 ) ) ;
#1153 = CIRCLE ( 'NONE', #3381, 0.2999999999999981570 ) ;
#1154 = CARTESIAN_POINT ( 'NONE',  ( -5.499999999999741540, 60.00000000000000000, 7.899999999998831512 ) ) ;
#1155 =( NAMED_UNIT ( * ) SI_UNIT ( $, .STERADIAN. ) SOLID_ANGLE_UNIT ( ) );
#1156 = DIRECTION ( 'NONE',  ( -0.000000000000000000, -1.000000000000000000, 0.000000000000000000 ) ) ;
#1157 = EDGE_CURVE ( 'NONE', #3252, #1964, #964, .T. ) ;
#1158 = CARTESIAN_POINT ( 'NONE',  ( 8.500000000000049738, 0.000000000000000000, -3.400000000000076739 ) ) ;
#1159 = PRESENTATION_LAYER_ASSIGNMENT (  '', '', ( #4229 ) ) ;
#1160 = CARTESIAN_POINT ( 'NONE',  ( 8.200000000000036593, 0.000000000000000000, 3.399999999999923972 ) ) ;
#1161 = DIRECTION ( 'NONE',  ( 0.000000000000000000, 0.000000000000000000, -1.000000000000000000 ) ) ;
#1162 = ORIENTED_EDGE ( 'NONE', *, *, #363, .T. ) ;
#1163 = VERTEX_POINT ( 'NONE', #4534 ) ;
#1164 = ADVANCED_FACE ( 'NONE', ( #876 ), #4130, .F. ) ;
#1165 = SURFACE_STYLE_USAGE ( .BOTH. , #2800 ) ;
#1166 = SURFACE_STYLE_USAGE ( .BOTH. , #5283 ) ;
#1167 = DIRECTION ( 'NONE',  ( -0.000000000000000000, -0.000000000000000000, -1.000000000000000000 ) ) ;
#1168 = COLOUR_RGB ( '',0.8980392156862745390, 0.9176470588235293713, 0.9294117647058823817 ) ;
#1169 = LINE ( 'NONE', #710, #82 ) ;
#1170 = ORIENTED_EDGE ( 'NONE', *, *, #1214, .F. ) ;
#1171 = ORIENTED_EDGE ( 'NONE', *, *, #3278, .T. ) ;
#1172 = DIRECTION ( 'NONE',  ( 0.000000000000000000, 0.000000000000000000, 1.000000000000000000 ) ) ;
#1173 = COLOUR_RGB ( '',0.8980392156862745390, 0.9176470588235293713, 0.9294117647058823817 ) ;
#1174 = PRESENTATION_STYLE_ASSIGNMENT (( #1498 ) ) ;
#1175 = CARTESIAN_POINT ( 'NONE',  ( -9.099999999999788258, 60.00000000000000000, 3.099999999999339284 ) ) ;
#1176 = AXIS2_PLACEMENT_3D ( 'NONE', #3033, #2120, #3796 ) ;
#1177 = CARTESIAN_POINT ( 'NONE',  ( 10.00000000000004974, 0.000000000000000000, -8.500000000000056843 ) ) ;
#1178 =( GEOMETRIC_REPRESENTATION_CONTEXT ( 3 ) GLOBAL_UNCERTAINTY_ASSIGNED_CONTEXT ( ( #3200 ) ) GLOBAL_UNIT_ASSIGNED_CONTEXT ( ( #2721, #2256, #324 ) ) REPRESENTATION_CONTEXT ( 'NONE', 'WORKASPACE' ) );
#1179 = DIRECTION ( 'NONE',  ( 0.000000000000000000, 1.000000000000000000, 0.000000000000000000 ) ) ;
#1180 = EDGE_LOOP ( 'NONE', ( #5002, #4784, #3833, #2462 ) ) ;
#1181 = VECTOR ( 'NONE', #2459, 1000.000000000000000 ) ;
#1182 = ADVANCED_FACE ( 'NONE', ( #3082 ), #4688, .F. ) ;
#1183 = ORIENTED_EDGE ( 'NONE', *, *, #890, .F. ) ;
#1184 = FACE_OUTER_BOUND ( 'NONE', #2819, .T. ) ;
#1185 = FILL_AREA_STYLE_COLOUR ( '', #2479 ) ;
#1186 = CARTESIAN_POINT ( 'NONE',  ( -5.499999999999963585, 60.00000000000000000, -7.900000000000018119 ) ) ;
#1187 = VERTEX_POINT ( 'NONE', #2181 ) ;
#1188 = CARTESIAN_POINT ( 'NONE',  ( -3.399999999999972378, 60.00000000000000000, -9.400000000000046541 ) ) ;
#1189 = CARTESIAN_POINT ( 'NONE',  ( -6.472792206135713045, 60.00000000000000000, -5.412132034355987997 ) ) ;
#1190 = EDGE_CURVE ( 'NONE', #2574, #4433, #3822, .T. ) ;
#1191 = AXIS2_PLACEMENT_3D ( 'NONE', #5278, #3220, #1608 ) ;
#1192 = CARTESIAN_POINT ( 'NONE',  ( 7.245055603694067826E-15, 60.00000000000000000, 2.500000000000006217 ) ) ;
#1193 = VERTEX_POINT ( 'NONE', #3425 ) ;
#1194 = CIRCLE ( 'NONE', #2566, 1.499999999999997780 ) ;
#1195 = VERTEX_POINT ( 'NONE', #1022 ) ;
#1196 = EDGE_CURVE ( 'NONE', #59, #3317, #2206, .T. ) ;
#1197 = AXIS2_PLACEMENT_3D ( 'NONE', #3513, #5146, #1467 ) ;
#1198 =( NAMED_UNIT ( * ) PLANE_ANGLE_UNIT ( ) SI_UNIT ( $, .RADIAN. ) );
#1199 = CIRCLE ( 'NONE', #1043, 0.3000000000000085931 ) ;
#1200 = FILL_AREA_STYLE ('',( #4512 ) ) ;
#1201 = FACE_OUTER_BOUND ( 'NONE', #3623, .T. ) ;
#1202 = STYLED_ITEM ( 'NONE', ( #1500 ), #4029 ) ;
#1203 =( LENGTH_UNIT ( ) NAMED_UNIT ( * ) SI_UNIT ( .MILLI., .METRE. ) );
#1204 =( LENGTH_UNIT ( ) NAMED_UNIT ( * ) SI_UNIT ( .MILLI., .METRE. ) );
#1205 = ORIENTED_EDGE ( 'NONE', *, *, #4332, .T. ) ;
#1206 =( NAMED_UNIT ( * ) SI_UNIT ( $, .STERADIAN. ) SOLID_ANGLE_UNIT ( ) );
#1207 = FILL_AREA_STYLE ('',( #350 ) ) ;
#1208 = EDGE_CURVE ( 'NONE', #3387, #5110, #2613, .T. ) ;
#1209 = CARTESIAN_POINT ( 'NONE',  ( -8.499999999999937828, 60.00000000000000000, 9.999999999999088729 ) ) ;
#1210 = EDGE_LOOP ( 'NONE', ( #4791, #207, #4858, #335 ) ) ;
#1211 =( NAMED_UNIT ( * ) SI_UNIT ( $, .STERADIAN. ) SOLID_ANGLE_UNIT ( ) );
#1212 = LINE ( 'NONE', #3997, #604 ) ;
#1213 = VERTEX_POINT ( 'NONE', #3108 ) ;
#1214 = EDGE_CURVE ( 'NONE', #2982, #1298, #2585, .T. ) ;
#1215 = ORIENTED_EDGE ( 'NONE', *, *, #1875, .F. ) ;
#1216 = AXIS2_PLACEMENT_3D ( 'NONE', #3772, #528, #1369 ) ;
#1217 = CARTESIAN_POINT ( 'NONE',  ( -3.899999999999889777, 60.00000000000000000, 2.010912703473977103 ) ) ;
#1218 = DIRECTION ( 'NONE',  ( 0.000000000000000000, 0.000000000000000000, -1.000000000000000000 ) ) ;
#1219 = VECTOR ( 'NONE', #1999, 1000.000000000000000 ) ;
#1220 = AXIS2_PLACEMENT_3D ( 'NONE', #3494, #2590, #1876 ) ;
#1221 = COLOUR_RGB ( '',0.8980392156862745390, 0.9176470588235293713, 0.9294117647058823817 ) ;
#1222 = CARTESIAN_POINT ( 'NONE',  ( 9.100000000000038725, 0.000000000000000000, -3.400000000000076739 ) ) ;
#1223 =( NAMED_UNIT ( * ) SI_UNIT ( $, .STERADIAN. ) SOLID_ANGLE_UNIT ( ) );
#1224 = DIRECTION ( 'NONE',  ( -1.000000000000000000, -0.000000000000000000, -0.000000000000000000 ) ) ;
#1225 =( LENGTH_UNIT ( ) NAMED_UNIT ( * ) SI_UNIT ( .MILLI., .METRE. ) );
#1226 = CIRCLE ( 'NONE', #2688, 0.3000000000000120348 ) ;
#1227 = DIRECTION ( 'NONE',  ( 0.000000000000000000, 0.000000000000000000, -1.000000000000000000 ) ) ;
#1228 = CIRCLE ( 'NONE', #5003, 1.500000000000001332 ) ;
#1229 = DIRECTION ( 'NONE',  ( 0.000000000000000000, 0.000000000000000000, 1.000000000000000000 ) ) ;
#1230 = DIRECTION ( 'NONE',  ( 0.000000000000000000, 0.000000000000000000, -1.000000000000000000 ) ) ;
#1231 = EDGE_LOOP ( 'NONE', ( #3391, #397, #4396, #3299 ) ) ;
#1232 = AXIS2_PLACEMENT_3D ( 'NONE', #48, #949, #2567 ) ;
#1233 = PRESENTATION_LAYER_ASSIGNMENT (  '', '', ( #5004 ) ) ;
#1234 = EDGE_CURVE ( 'NONE', #4518, #117, #2773, .T. ) ;
#1235 =( NAMED_UNIT ( * ) SI_UNIT ( $, .STERADIAN. ) SOLID_ANGLE_UNIT ( ) );
#1236 = CARTESIAN_POINT ( 'NONE',  ( 5.500000000000046185, 60.00000000000000000, -7.900000000000052758 ) ) ;
#1237 = ORIENTED_EDGE ( 'NONE', *, *, #491, .F. ) ;
#1238 = MECHANICAL_DESIGN_GEOMETRIC_PRESENTATION_REPRESENTATION (  '', ( #4014 ), #4 ) ;
#1239 = STYLED_ITEM ( 'NONE', ( #1585 ), #726 ) ;
#1240 = MECHANICAL_DESIGN_GEOMETRIC_PRESENTATION_REPRESENTATION (  '', ( #2180 ), #2280 ) ;
#1241 = VERTEX_POINT ( 'NONE', #1841 ) ;
#1242 = ORIENTED_EDGE ( 'NONE', *, *, #420, .T. ) ;
#1243 = CARTESIAN_POINT ( 'NONE',  ( -3.399999999999722800, 60.00000000000000000, 9.399999999998840394 ) ) ;
#1244 =( NAMED_UNIT ( * ) SI_UNIT ( $, .STERADIAN. ) SOLID_ANGLE_UNIT ( ) );
#1245 = ADVANCED_FACE ( 'NONE', ( #2700 ), #4326, .F. ) ;
#1246 = CIRCLE ( 'NONE', #3734, 0.3000000000000016542 ) ;
#1247 = AXIS2_PLACEMENT_3D ( 'NONE', #2623, #1054, #3467 ) ;
#1248 = CARTESIAN_POINT ( 'NONE',  ( -9.999999999999968026, 60.00000000000000000, -8.499999999999980460 ) ) ;
#1249 = EDGE_CURVE ( 'NONE', #3, #1187, #3913, .T. ) ;
#1250 = CARTESIAN_POINT ( 'NONE',  ( 3.400000000000222400, 0.000000000000000000, 9.099999999998455991 ) ) ;
#1251 = SURFACE_SIDE_STYLE ('',( #4490 ) ) ;
#1252 = FACE_OUTER_BOUND ( 'NONE', #1862, .T. ) ;
#1253 = DIRECTION ( 'NONE',  ( 0.000000000000000000, 0.000000000000000000, 1.000000000000000000 ) ) ;
#1254 = DIRECTION ( 'NONE',  ( -0.000000000000000000, -1.000000000000000000, -0.000000000000000000 ) ) ;
#1255 = DIRECTION ( 'NONE',  ( 0.000000000000000000, 0.000000000000000000, -1.000000000000000000 ) ) ;
#1256 = EDGE_LOOP ( 'NONE', ( #3523, #602, #480, #4632 ) ) ;
#1257 = EDGE_CURVE ( 'NONE', #3619, #1643, #3624, .T. ) ;
#1258 = ORIENTED_EDGE ( 'NONE', *, *, #359, .T. ) ;
#1259 = SURFACE_SIDE_STYLE ('',( #400 ) ) ;
#1260 = CARTESIAN_POINT ( 'NONE',  ( 5.200000000000051692, 60.00000000000000000, -6.684924240491822545 ) ) ;
#1261 = FACE_OUTER_BOUND ( 'NONE', #3757, .T. ) ;
#1262 = VERTEX_POINT ( 'NONE', #3166 ) ;
#1263 = CARTESIAN_POINT ( 'NONE',  ( -3.099999999999949907, 60.00000000000000000, -9.100000000000024514 ) ) ;
#1264 = MECHANICAL_DESIGN_GEOMETRIC_PRESENTATION_REPRESENTATION (  '', ( #3582 ), #2633 ) ;
#1265 = EDGE_LOOP ( 'NONE', ( #3326, #2897, #1669, #239 ) ) ;
#1266 = UNCERTAINTY_MEASURE_WITH_UNIT (LENGTH_MEASURE( 1.000000000000000082E-05 ), #3000, 'distance_accuracy_value', 'NONE');
#1267 = ORIENTED_EDGE ( 'NONE', *, *, #3454, .T. ) ;
#1268 = ORIENTED_EDGE ( 'NONE', *, *, #429, .T. ) ;
#1269 = LINE ( 'NONE', #1243, #564 ) ;
#1270 = STYLED_ITEM ( 'NONE', ( #3946 ), #1939 ) ;
#1271 = LINE ( 'NONE', #4601, #2752 ) ;
#1272 = EDGE_CURVE ( 'NONE', #4853, #164, #5180, .T. ) ;
#1273 = CARTESIAN_POINT ( 'NONE',  ( -3.099999999999727862, 60.00000000000000000, 8.499999999998827604 ) ) ;
#1274 = CARTESIAN_POINT ( 'NONE',  ( 2.010912703474046825, 60.00000000000000000, -3.900000000000081180 ) ) ;
#1275 = DIRECTION ( 'NONE',  ( -0.000000000000000000, -1.000000000000000000, -0.000000000000000000 ) ) ;
#1276 = CARTESIAN_POINT ( 'NONE',  ( 3.400000000000055866, 60.00000000000000000, -8.500000000000049738 ) ) ;
#1277 = DIRECTION ( 'NONE',  ( -0.000000000000000000, -1.000000000000000000, -0.000000000000000000 ) ) ;
#1278 = LINE ( 'NONE', #2100, #293 ) ;
#1279 = EDGE_CURVE ( 'NONE', #784, #5184, #4286, .T. ) ;
#1280 = LINE ( 'NONE', #130, #2581 ) ;
#1281 = FACE_OUTER_BOUND ( 'NONE', #921, .T. ) ;
#1282 = VERTEX_POINT ( 'NONE', #253 ) ;
#1283 = SURFACE_SIDE_STYLE ('',( #4610 ) ) ;
#1284 = AXIS2_PLACEMENT_3D ( 'NONE', #4359, #269, #1469 ) ;
#1285 = FILL_AREA_STYLE_COLOUR ( '', #3800 ) ;
#1286 = ORIENTED_EDGE ( 'NONE', *, *, #5028, .F. ) ;
#1287 = VECTOR ( 'NONE', #2888, 1000.000000000000000 ) ;
#1288 = UNCERTAINTY_MEASURE_WITH_UNIT (LENGTH_MEASURE( 1.000000000000000082E-05 ), #1431, 'distance_accuracy_value', 'NONE');
#1289 = CARTESIAN_POINT ( 'NONE',  ( -3.899999999999915534, 60.00000000000000000, -2.010912703474032615 ) ) ;
#1290 = EDGE_CURVE ( 'NONE', #16, #452, #4645, .T. ) ;
#1291 = DIRECTION ( 'NONE',  ( -0.000000000000000000, -1.000000000000000000, -0.000000000000000000 ) ) ;
#1292 = VERTEX_POINT ( 'NONE', #4781 ) ;
#1293 = SURFACE_STYLE_FILL_AREA ( #4500 ) ;
#1294 = DIRECTION ( 'NONE',  ( 0.000000000000000000, 0.000000000000000000, -1.000000000000000000 ) ) ;
#1295 = ORIENTED_EDGE ( 'NONE', *, *, #270, .T. ) ;
#1296 = VECTOR ( 'NONE', #4638, 999.9999999999998863 ) ;
#1297 = CARTESIAN_POINT ( 'NONE',  ( -3.399999999999944844, 0.000000000000000000, -8.200000000000020606 ) ) ;
#1298 = VERTEX_POINT ( 'NONE', #3148 ) ;
#1299 = ORIENTED_EDGE ( 'NONE', *, *, #5192, .T. ) ;
#1300 =( GEOMETRIC_REPRESENTATION_CONTEXT ( 3 ) GLOBAL_UNCERTAINTY_ASSIGNED_CONTEXT ( ( #2861 ) ) GLOBAL_UNIT_ASSIGNED_CONTEXT ( ( #3500, #2302, #4727 ) ) REPRESENTATION_CONTEXT ( 'NONE', 'WORKASPACE' ) );
#1301 = CARTESIAN_POINT ( 'NONE',  ( -8.199999999999915801, 60.00000000000000000, -3.400000000000007017 ) ) ;
#1302 = SURFACE_STYLE_USAGE ( .BOTH. , #2465 ) ;
#1303 = MECHANICAL_DESIGN_GEOMETRIC_PRESENTATION_REPRESENTATION (  '', ( #4817 ), #4298 ) ;
#1304 = DIRECTION ( 'NONE',  ( -0.000000000000000000, -1.000000000000000000, 0.000000000000000000 ) ) ;
#1305 = CARTESIAN_POINT ( 'NONE',  ( 4.000000000000045297, 60.00000000000000000, -9.700000000000056133 ) ) ;
#1306 = VECTOR ( 'NONE', #1840, 1000.000000000000000 ) ;
#1307 = CARTESIAN_POINT ( 'NONE',  ( 7.900000000000032330, 60.00000000000000000, 5.499999999999921840 ) ) ;
#1308 = CARTESIAN_POINT ( 'NONE',  ( 6.472792206135849824, 60.00000000000000000, -5.412132034356045729 ) ) ;
#1309 = SURFACE_STYLE_FILL_AREA ( #4974 ) ;
#1310 = SURFACE_STYLE_USAGE ( .BOTH. , #443 ) ;
#1311 = VECTOR ( 'NONE', #745, 1000.000000000000000 ) ;
#1312 = VECTOR ( 'NONE', #4224, 999.9999999999998863 ) ;
#1313 = DIRECTION ( 'NONE',  ( 0.000000000000000000, 0.000000000000000000, -1.000000000000000000 ) ) ;
#1314 = FILL_AREA_STYLE_COLOUR ( '', #1221 ) ;
#1315 = EDGE_LOOP ( 'NONE', ( #3999, #5136, #4732, #113 ) ) ;
#1316 = LINE ( 'NONE', #448, #1510 ) ;
#1317 = AXIS2_PLACEMENT_3D ( 'NONE', #4273, #3871, #215 ) ;
#1318 = MECHANICAL_DESIGN_GEOMETRIC_PRESENTATION_REPRESENTATION (  '', ( #4655 ), #4389 ) ;
#1319 = CIRCLE ( 'NONE', #4998, 2.000000000000015543 ) ;
#1320 =( NAMED_UNIT ( * ) PLANE_ANGLE_UNIT ( ) SI_UNIT ( $, .RADIAN. ) );
#1321 = CARTESIAN_POINT ( 'NONE',  ( -8.499999999999799272, 0.000000000000000000, 3.099999999999332623 ) ) ;
#1322 = EDGE_CURVE ( 'NONE', #77, #1354, #4301, .T. ) ;
#1323 = ORIENTED_EDGE ( 'NONE', *, *, #2760, .T. ) ;
#1324 = CARTESIAN_POINT ( 'NONE',  ( -9.999999999999772626, 60.00000000000000000, 8.499999999999237943 ) ) ;
#1325 = COLOUR_RGB ( '',0.8980392156862745390, 0.9176470588235293713, 0.9294117647058823817 ) ;
#1326 = SURFACE_STYLE_FILL_AREA ( #3412 ) ;
#1327 = VERTEX_POINT ( 'NONE', #1449 ) ;
#1328 = SURFACE_SIDE_STYLE ('',( #1750 ) ) ;
#1329 = STYLED_ITEM ( 'NONE', ( #1855 ), #5101 ) ;
#1330 = ORIENTED_EDGE ( 'NONE', *, *, #3352, .F. ) ;
#1331 = CARTESIAN_POINT ( 'NONE',  ( 4.485786437626974710, 0.000000000000000000, 3.425126265847016960 ) ) ;
#1332 = FACE_OUTER_BOUND ( 'NONE', #1379, .T. ) ;
#1333 = ORIENTED_EDGE ( 'NONE', *, *, #4095, .T. ) ;
#1334 = ORIENTED_EDGE ( 'NONE', *, *, #5197, .F. ) ;
#1335 =( NAMED_UNIT ( * ) PLANE_ANGLE_UNIT ( ) SI_UNIT ( $, .RADIAN. ) );
#1336 = FILL_AREA_STYLE_COLOUR ( '', #337 ) ;
#1337 = SURFACE_STYLE_USAGE ( .BOTH. , #1764 ) ;
#1338 =( GEOMETRIC_REPRESENTATION_CONTEXT ( 3 ) GLOBAL_UNCERTAINTY_ASSIGNED_CONTEXT ( ( #4692 ) ) GLOBAL_UNIT_ASSIGNED_CONTEXT ( ( #304, #3265, #3170 ) ) REPRESENTATION_CONTEXT ( 'NONE', 'WORKASPACE' ) );
#1339 = PRESENTATION_LAYER_ASSIGNMENT (  '', '', ( #3217 ) ) ;
#1340 = DIRECTION ( 'NONE',  ( -0.000000000000000000, -0.000000000000000000, 1.000000000000000000 ) ) ;
#1341 =( NAMED_UNIT ( * ) SI_UNIT ( $, .STERADIAN. ) SOLID_ANGLE_UNIT ( ) );
#1342 = CARTESIAN_POINT ( 'NONE',  ( 6.472792206135849824, 0.000000000000000000, -5.412132034356045729 ) ) ;
#1343 = MECHANICAL_DESIGN_GEOMETRIC_PRESENTATION_REPRESENTATION (  '', ( #1094 ), #3303 ) ;
#1344 = LINE ( 'NONE', #2160, #4547 ) ;
#1345 = DIRECTION ( 'NONE',  ( -0.000000000000000000, -1.000000000000000000, -0.000000000000000000 ) ) ;
#1346 = VERTEX_POINT ( 'NONE', #3541 ) ;
#1347 = SURFACE_STYLE_FILL_AREA ( #3067 ) ;
#1348 = MECHANICAL_DESIGN_GEOMETRIC_PRESENTATION_REPRESENTATION (  '', ( #3153 ), #5200 ) ;
#1349 = DIRECTION ( 'NONE',  ( 0.7071067811865482389, 0.000000000000000000, 0.7071067811865469066 ) ) ;
#1350 = EDGE_LOOP ( 'NONE', ( #1962, #2568, #332, #3600 ) ) ;
#1351 = UNCERTAINTY_MEASURE_WITH_UNIT (LENGTH_MEASURE( 1.000000000000000082E-05 ), #2275, 'distance_accuracy_value', 'NONE');
#1352 =( NAMED_UNIT ( * ) PLANE_ANGLE_UNIT ( ) SI_UNIT ( $, .RADIAN. ) );
#1353 =( NAMED_UNIT ( * ) SI_UNIT ( $, .STERADIAN. ) SOLID_ANGLE_UNIT ( ) );
#1354 = VERTEX_POINT ( 'NONE', #3094 ) ;
#1355 = FILL_AREA_STYLE ('',( #2109 ) ) ;
#1356 = EDGE_CURVE ( 'NONE', #517, #4481, #3569, .T. ) ;
#1357 = ORIENTED_EDGE ( 'NONE', *, *, #1190, .T. ) ;
#1358 = ORIENTED_EDGE ( 'NONE', *, *, #177, .F. ) ;
#1359 = EDGE_CURVE ( 'NONE', #4957, #1541, #2849, .T. ) ;
#1360 = CARTESIAN_POINT ( 'NONE',  ( 6.472792206135849824, 60.00000000000000000, 5.412132034355889409 ) ) ;
#1361 = ADVANCED_FACE ( 'NONE', ( #2682 ), #4339, .F. ) ;
#1362 = COLOUR_RGB ( '',0.8980392156862745390, 0.9176470588235293713, 0.9294117647058823817 ) ;
#1363 = SURFACE_STYLE_FILL_AREA ( #5036 ) ;
#1364 = AXIS2_PLACEMENT_3D ( 'NONE', #2305, #4804, #5135 ) ;
#1365 = PRESENTATION_STYLE_ASSIGNMENT (( #5038 ) ) ;
#1366 = CARTESIAN_POINT ( 'NONE',  ( 9.100000000000038725, 60.00000000000000000, 3.399999999999923972 ) ) ;
#1367 =( LENGTH_UNIT ( ) NAMED_UNIT ( * ) SI_UNIT ( .MILLI., .METRE. ) );
#1368 = LINE ( 'NONE', #3771, #19 ) ;
#1369 = DIRECTION ( 'NONE',  ( 0.000000000000000000, 0.000000000000000000, 1.000000000000000000 ) ) ;
#1370 = VERTEX_POINT ( 'NONE', #2299 ) ;
#1371 = FACE_OUTER_BOUND ( 'NONE', #3842, .T. ) ;
#1372 =( GEOMETRIC_REPRESENTATION_CONTEXT ( 3 ) GLOBAL_UNCERTAINTY_ASSIGNED_CONTEXT ( ( #3754 ) ) GLOBAL_UNIT_ASSIGNED_CONTEXT ( ( #547, #3424, #1244 ) ) REPRESENTATION_CONTEXT ( 'NONE', 'WORKASPACE' ) );
#1373 =( NAMED_UNIT ( * ) SI_UNIT ( $, .STERADIAN. ) SOLID_ANGLE_UNIT ( ) );
#1374 = FACE_OUTER_BOUND ( 'NONE', #236, .T. ) ;
#1375 =( NAMED_UNIT ( * ) PLANE_ANGLE_UNIT ( ) SI_UNIT ( $, .RADIAN. ) );
#1376 = ORIENTED_EDGE ( 'NONE', *, *, #2087, .F. ) ;
#1377 = PRESENTATION_LAYER_ASSIGNMENT (  '', '', ( #1967 ) ) ;
#1378 = CIRCLE ( 'NONE', #4799, 0.2999999999999981570 ) ;
#1379 = EDGE_LOOP ( 'NONE', ( #5024, #1596, #3314, #4530 ) ) ;
#1380 = EDGE_CURVE ( 'NONE', #3809, #2278, #4742, .T. ) ;
#1381 =( NAMED_UNIT ( * ) SI_UNIT ( $, .STERADIAN. ) SOLID_ANGLE_UNIT ( ) );
#1382 = LINE ( 'NONE', #903, #1563 ) ;
#1383 = ORIENTED_EDGE ( 'NONE', *, *, #64, .F. ) ;
#1384 = VECTOR ( 'NONE', #320, 1000.000000000000000 ) ;
#1385 =( NAMED_UNIT ( * ) PLANE_ANGLE_UNIT ( ) SI_UNIT ( $, .RADIAN. ) );
#1386 = EDGE_CURVE ( 'NONE', #5084, #816, #4900, .T. ) ;
#1387 = EDGE_CURVE ( 'NONE', #3078, #2574, #12, .T. ) ;
#1388 =( NAMED_UNIT ( * ) PLANE_ANGLE_UNIT ( ) SI_UNIT ( $, .RADIAN. ) );
#1389 = AXIS2_PLACEMENT_3D ( 'NONE', #1065, #4294, #4763 ) ;
#1390 = DIRECTION ( 'NONE',  ( -0.000000000000000000, -1.000000000000000000, -0.000000000000000000 ) ) ;
#1391 = STYLED_ITEM ( 'NONE', ( #3835 ), #2224 ) ;
#1392 = EDGE_CURVE ( 'NONE', #4987, #1593, #202, .T. ) ;
#1393 = PLANE ( 'NONE',  #3456 ) ;
#1394 = AXIS2_PLACEMENT_3D ( 'NONE', #4872, #5301, #5251 ) ;
#1395 = CARTESIAN_POINT ( 'NONE',  ( -9.099999999999926814, 60.00000000000000000, -3.100000000000005418 ) ) ;
#1396 = UNCERTAINTY_MEASURE_WITH_UNIT (LENGTH_MEASURE( 1.000000000000000082E-05 ), #3049, 'distance_accuracy_value', 'NONE');
#1397 = DIRECTION ( 'NONE',  ( 0.000000000000000000, 0.000000000000000000, 1.000000000000000000 ) ) ;
#1398 = CYLINDRICAL_SURFACE ( 'NONE', #187, 0.3000000000000085931 ) ;
#1399 = ORIENTED_EDGE ( 'NONE', *, *, #3944, .F. ) ;
#1400 = MECHANICAL_DESIGN_GEOMETRIC_PRESENTATION_REPRESENTATION (  '', ( #3961 ), #3126 ) ;
#1401 = ORIENTED_EDGE ( 'NONE', *, *, #1544, .F. ) ;
#1402 = STYLED_ITEM ( 'NONE', ( #3808 ), #5044 ) ;
#1403 = DIRECTION ( 'NONE',  ( 0.000000000000000000, 0.000000000000000000, -1.000000000000000000 ) ) ;
#1404 = VERTEX_POINT ( 'NONE', #1950 ) ;
#1405 = EDGE_LOOP ( 'NONE', ( #430, #3253, #3819, #4427 ) ) ;
#1406 = MECHANICAL_DESIGN_GEOMETRIC_PRESENTATION_REPRESENTATION (  '', ( #4088 ), #1497 ) ;
#1407 = ORIENTED_EDGE ( 'NONE', *, *, #3270, .F. ) ;
#1408 = CARTESIAN_POINT ( 'NONE',  ( -9.699999999999917577, 60.00000000000000000, -3.400000000000000355 ) ) ;
#1409 = DIRECTION ( 'NONE',  ( -0.000000000000000000, -1.000000000000000000, -0.000000000000000000 ) ) ;
#1410 = ADVANCED_FACE ( 'NONE', ( #1972 ), #1581, .T. ) ;
#1411 =( LENGTH_UNIT ( ) NAMED_UNIT ( * ) SI_UNIT ( .MILLI., .METRE. ) );
#1412 = CARTESIAN_POINT ( 'NONE',  ( 3.900000000000083844, 60.00000000000000000, -2.010912703474081020 ) ) ;
#1413 = DIRECTION ( 'NONE',  ( 0.000000000000000000, 0.000000000000000000, 1.000000000000000000 ) ) ;
#1414 =( GEOMETRIC_REPRESENTATION_CONTEXT ( 3 ) GLOBAL_UNCERTAINTY_ASSIGNED_CONTEXT ( ( #3560 ) ) GLOBAL_UNIT_ASSIGNED_CONTEXT ( ( #1204, #3649, #4037 ) ) REPRESENTATION_CONTEXT ( 'NONE', 'WORKASPACE' ) );
#1415 =( NAMED_UNIT ( * ) PLANE_ANGLE_UNIT ( ) SI_UNIT ( $, .RADIAN. ) );
#1416 = MECHANICAL_DESIGN_GEOMETRIC_PRESENTATION_REPRESENTATION (  '', ( #2184 ), #2090 ) ;
#1417 = DIRECTION ( 'NONE',  ( -0.000000000000000000, -1.000000000000000000, -0.000000000000000000 ) ) ;
#1418 = EDGE_CURVE ( 'NONE', #1960, #4546, #4419, .T. ) ;
#1419 = CARTESIAN_POINT ( 'NONE',  ( 6.684924240491815439, 60.00000000000000000, 5.199999999999923794 ) ) ;
#1420 = STYLED_ITEM ( 'NONE', ( #3009 ), #899 ) ;
#1421 = AXIS2_PLACEMENT_3D ( 'NONE', #1920, #2727, #3133 ) ;
#1422 = DIRECTION ( 'NONE',  ( 0.000000000000000000, 1.000000000000000000, 0.000000000000000000 ) ) ;
#1423 =( LENGTH_UNIT ( ) NAMED_UNIT ( * ) SI_UNIT ( .MILLI., .METRE. ) );
#1424 = PRESENTATION_STYLE_ASSIGNMENT (( #5106 ) ) ;
#1425 = DIRECTION ( 'NONE',  ( 0.000000000000000000, 0.000000000000000000, -1.000000000000000000 ) ) ;
#1426 = VERTEX_POINT ( 'NONE', #3615 ) ;
#1427 = DIRECTION ( 'NONE',  ( 0.000000000000000000, 0.000000000000000000, -1.000000000000000000 ) ) ;
#1428 = EDGE_CURVE ( 'NONE', #5212, #4518, #3194, .T. ) ;
#1429 = VECTOR ( 'NONE', #1417, 1000.000000000000000 ) ;
#1430 = ORIENTED_EDGE ( 'NONE', *, *, #1272, .T. ) ;
#1431 =( LENGTH_UNIT ( ) NAMED_UNIT ( * ) SI_UNIT ( .MILLI., .METRE. ) );
#1432 = PLANE ( 'NONE',  #704 ) ;
#1433 = ORIENTED_EDGE ( 'NONE', *, *, #2728, .T. ) ;
#1434 = ORIENTED_EDGE ( 'NONE', *, *, #1513, .T. ) ;
#1435 = FILL_AREA_STYLE_COLOUR ( '', #1362 ) ;
#1436 = CARTESIAN_POINT ( 'NONE',  ( -3.999999999999961808, 60.00000000000000000, -10.00000000000001599 ) ) ;
#1437 = DIRECTION ( 'NONE',  ( 0.000000000000000000, 0.000000000000000000, -1.000000000000000000 ) ) ;
#1438 = DIRECTION ( 'NONE',  ( -0.000000000000000000, -1.000000000000000000, -0.000000000000000000 ) ) ;
#1439 = SURFACE_STYLE_FILL_AREA ( #2207 ) ;
#1440 = SURFACE_SIDE_STYLE ('',( #4661 ) ) ;
#1441 = ADVANCED_FACE ( 'NONE', ( #4826 ), #3644, .T. ) ;
#1442 = LINE ( 'NONE', #183, #716 ) ;
#1443 = DIRECTION ( 'NONE',  ( -0.000000000000000000, -1.000000000000000000, -0.000000000000000000 ) ) ;
#1444 = DIRECTION ( 'NONE',  ( -0.7071067811865469066, 0.000000000000000000, -0.7071067811865482389 ) ) ;
#1445 = MANIFOLD_SOLID_BREP ( '凸台-拉伸1', #1731 ) ;
#1446 = CARTESIAN_POINT ( 'NONE',  ( -5.499999999999953815, 60.00000000000000000, -6.684924240491780800 ) ) ;
#1447 = DIRECTION ( 'NONE',  ( 0.000000000000000000, 0.000000000000000000, -1.000000000000000000 ) ) ;
#1448 = SURFACE_STYLE_USAGE ( .BOTH. , #1080 ) ;
#1449 = CARTESIAN_POINT ( 'NONE',  ( -9.399999999999783640, 60.00000000000000000, 3.399999999999288924 ) ) ;
#1450 = EDGE_CURVE ( 'NONE', #2409, #1011, #839, .T. ) ;
#1451 = FACE_OUTER_BOUND ( 'NONE', #4886, .T. ) ;
#1452 = FACE_OUTER_BOUND ( 'NONE', #1315, .T. ) ;
#1453 = PRESENTATION_STYLE_ASSIGNMENT (( #626 ) ) ;
#1454 = EDGE_LOOP ( 'NONE', ( #3157, #431, #2552, #892 ) ) ;
#1455 = SURFACE_STYLE_USAGE ( .BOTH. , #2770 ) ;
#1456 = EDGE_LOOP ( 'NONE', ( #2880, #2940, #2108, #3393 ) ) ;
#1457 = COLOUR_RGB ( '',0.8980392156862745390, 0.9176470588235293713, 0.9294117647058823817 ) ;
#1458 = DIRECTION ( 'NONE',  ( -0.000000000000000000, -1.000000000000000000, -0.000000000000000000 ) ) ;
#1459 = ORIENTED_EDGE ( 'NONE', *, *, #2451, .F. ) ;
#1460 = FACE_OUTER_BOUND ( 'NONE', #4154, .T. ) ;
#1461 = SURFACE_SIDE_STYLE ('',( #2264 ) ) ;
#1462 = COLOUR_RGB ( '',0.8980392156862745390, 0.9176470588235293713, 0.9294117647058823817 ) ;
#1463 =( GEOMETRIC_REPRESENTATION_CONTEXT ( 3 ) GLOBAL_UNCERTAINTY_ASSIGNED_CONTEXT ( ( #174 ) ) GLOBAL_UNIT_ASSIGNED_CONTEXT ( ( #1854, #4779, #5223 ) ) REPRESENTATION_CONTEXT ( 'NONE', 'WORKASPACE' ) );
#1464 = DIRECTION ( 'NONE',  ( -1.000000000000000000, 0.000000000000000000, 0.000000000000000000 ) ) ;
#1465 = ORIENTED_EDGE ( 'NONE', *, *, #37, .T. ) ;
#1466 = DIRECTION ( 'NONE',  ( -0.000000000000000000, -1.000000000000000000, 0.000000000000000000 ) ) ;
#1467 = DIRECTION ( 'NONE',  ( 0.000000000000000000, 0.000000000000000000, -1.000000000000000000 ) ) ;
#1468 = CIRCLE ( 'NONE', #4458, 0.2999999999999929945 ) ;
#1469 = DIRECTION ( 'NONE',  ( 0.000000000000000000, 0.000000000000000000, 1.000000000000000000 ) ) ;
#1470 = SURFACE_STYLE_USAGE ( .BOTH. , #1078 ) ;
#1471 = DIRECTION ( 'NONE',  ( -0.000000000000000000, -1.000000000000000000, -0.000000000000000000 ) ) ;
#1472 = CIRCLE ( 'NONE', #4733, 0.2999999999999990452 ) ;
#1473 = FILL_AREA_STYLE ('',( #622 ) ) ;
#1474 = FILL_AREA_STYLE_COLOUR ( '', #5257 ) ;
#1475 = DIRECTION ( 'NONE',  ( -1.000000000000000000, 0.000000000000000000, 0.000000000000000000 ) ) ;
#1476 = CIRCLE ( 'NONE', #3869, 2.000000000000003553 ) ;
#1477 = DIRECTION ( 'NONE',  ( 0.000000000000000000, 1.000000000000000000, -0.000000000000000000 ) ) ;
#1478 = FILL_AREA_STYLE ('',( #2660 ) ) ;
#1479 = ORIENTED_EDGE ( 'NONE', *, *, #1861, .T. ) ;
#1480 = LINE ( 'NONE', #703, #4084 ) ;
#1481 = VECTOR ( 'NONE', #1678, 1000.000000000000114 ) ;
#1482 = EDGE_CURVE ( 'NONE', #1370, #3893, #4077, .T. ) ;
#1483 = VERTEX_POINT ( 'NONE', #3702 ) ;
#1484 = AXIS2_PLACEMENT_3D ( 'NONE', #3160, #1540, #642 ) ;
#1485 =( GEOMETRIC_REPRESENTATION_CONTEXT ( 3 ) GLOBAL_UNCERTAINTY_ASSIGNED_CONTEXT ( ( #4669 ) ) GLOBAL_UNIT_ASSIGNED_CONTEXT ( ( #4905, #2359, #4930 ) ) REPRESENTATION_CONTEXT ( 'NONE', 'WORKASPACE' ) );
#1486 = SURFACE_STYLE_USAGE ( .BOTH. , #3551 ) ;
#1487 = EDGE_LOOP ( 'NONE', ( #2925, #5158, #2797, #834 ) ) ;
#1488 = ADVANCED_FACE ( 'NONE', ( #4934 ), #5285, .F. ) ;
#1489 = AXIS2_PLACEMENT_3D ( 'NONE', #2303, #3440, #1911 ) ;
#1490 = COLOUR_RGB ( '',0.8980392156862745390, 0.9176470588235293713, 0.9294117647058823817 ) ;
#1491 = SURFACE_STYLE_USAGE ( .BOTH. , #5143 ) ;
#1492 = VERTEX_POINT ( 'NONE', #1188 ) ;
#1493 = VECTOR ( 'NONE', #2480, 1000.000000000000000 ) ;
#1494 = CARTESIAN_POINT ( 'NONE',  ( 8.200000000000025935, 60.00000000000000000, -3.400000000000076739 ) ) ;
#1495 = EDGE_CURVE ( 'NONE', #1262, #3317, #1946, .T. ) ;
#1496 = CIRCLE ( 'NONE', #1577, 0.3000000000000120348 ) ;
#1497 =( GEOMETRIC_REPRESENTATION_CONTEXT ( 3 ) GLOBAL_UNCERTAINTY_ASSIGNED_CONTEXT ( ( #1288 ) ) GLOBAL_UNIT_ASSIGNED_CONTEXT ( ( #1431, #3894, #5310 ) ) REPRESENTATION_CONTEXT ( 'NONE', 'WORKASPACE' ) );
#1498 = SURFACE_STYLE_USAGE ( .BOTH. , #3532 ) ;
#1499 = DIRECTION ( 'NONE',  ( 0.000000000000000000, 0.000000000000000000, -1.000000000000000000 ) ) ;
#1500 = PRESENTATION_STYLE_ASSIGNMENT (( #3192 ) ) ;
#1501 = FACE_OUTER_BOUND ( 'NONE', #477, .T. ) ;
#1502 = DIRECTION ( 'NONE',  ( 0.000000000000000000, 1.000000000000000000, 0.000000000000000000 ) ) ;
#1503 = COLOUR_RGB ( '',0.8980392156862745390, 0.9176470588235293713, 0.9294117647058823817 ) ;
#1504 = UNCERTAINTY_MEASURE_WITH_UNIT (LENGTH_MEASURE( 1.000000000000000082E-05 ), #2123, 'distance_accuracy_value', 'NONE');
#1505 = PRESENTATION_LAYER_ASSIGNMENT (  '', '', ( #4059 ) ) ;
#1506 = DIRECTION ( 'NONE',  ( -0.000000000000000000, -0.000000000000000000, 1.000000000000000000 ) ) ;
#1507 = ORIENTED_EDGE ( 'NONE', *, *, #2825, .T. ) ;
#1508 = SURFACE_STYLE_USAGE ( .BOTH. , #1131 ) ;
#1509 =( GEOMETRIC_REPRESENTATION_CONTEXT ( 3 ) GLOBAL_UNCERTAINTY_ASSIGNED_CONTEXT ( ( #1899 ) ) GLOBAL_UNIT_ASSIGNED_CONTEXT ( ( #1367, #4162, #1769 ) ) REPRESENTATION_CONTEXT ( 'NONE', 'WORKASPACE' ) );
#1510 = VECTOR ( 'NONE', #2131, 1000.000000000000000 ) ;
#1511 = ORIENTED_EDGE ( 'NONE', *, *, #165, .T. ) ;
#1512 = LINE ( 'NONE', #1937, #5307 ) ;
#1513 = EDGE_CURVE ( 'NONE', #3321, #5113, #3300, .T. ) ;
#1514 = SURFACE_STYLE_USAGE ( .BOTH. , #3506 ) ;
#1515 = COLOUR_RGB ( '',0.8980392156862745390, 0.9176470588235293713, 0.9294117647058823817 ) ;
#1516 = DIRECTION ( 'NONE',  ( -1.000000000000000000, 0.000000000000000000, 0.000000000000000000 ) ) ;
#1517 = COLOUR_RGB ( '',0.8980392156862745390, 0.9176470588235293713, 0.9294117647058823817 ) ;
#1518 = EDGE_CURVE ( 'NONE', #3295, #4119, #325, .T. ) ;
#1519 = STYLED_ITEM ( 'NONE', ( #2548 ), #1780 ) ;
#1520 = ORIENTED_EDGE ( 'NONE', *, *, #1356, .F. ) ;
#1521 = UNCERTAINTY_MEASURE_WITH_UNIT (LENGTH_MEASURE( 1.000000000000000082E-05 ), #5089, 'distance_accuracy_value', 'NONE');
#1522 = FILL_AREA_STYLE ('',( #4076 ) ) ;
#1523 = EDGE_CURVE ( 'NONE', #3605, #904, #4260, .T. ) ;
#1524 = DIRECTION ( 'NONE',  ( 0.000000000000000000, 1.000000000000000000, 0.000000000000000000 ) ) ;
#1525 = CARTESIAN_POINT ( 'NONE',  ( 3.400000000000222400, 60.00000000000000000, 8.199999999998459188 ) ) ;
#1526 = SURFACE_STYLE_FILL_AREA ( #5224 ) ;
#1527 = CARTESIAN_POINT ( 'NONE',  ( -9.099999999999788258, 60.00000000000000000, 3.099999999999339284 ) ) ;
#1528 = FILL_AREA_STYLE ('',( #3617 ) ) ;
#1529 = LINE ( 'NONE', #4194, #3190 ) ;
#1530 = CARTESIAN_POINT ( 'NONE',  ( 5.500000000000185629, 60.00000000000000000, 7.899999999998456701 ) ) ;
#1531 = ORIENTED_EDGE ( 'NONE', *, *, #1523, .T. ) ;
#1532 = DIRECTION ( 'NONE',  ( -0.000000000000000000, -0.000000000000000000, 1.000000000000000000 ) ) ;
#1533 = VERTEX_POINT ( 'NONE', #2516 ) ;
#1534 = DIRECTION ( 'NONE',  ( 0.000000000000000000, 0.000000000000000000, -1.000000000000000000 ) ) ;
#1535 = CARTESIAN_POINT ( 'NONE',  ( 10.00000000000004974, 60.00000000000000000, -8.500000000000056843 ) ) ;
#1536 =( NAMED_UNIT ( * ) PLANE_ANGLE_UNIT ( ) SI_UNIT ( $, .RADIAN. ) );
#1537 = CARTESIAN_POINT ( 'NONE',  ( 2.010912703474046825, 0.000000000000000000, -3.900000000000081180 ) ) ;
#1538 = PRESENTATION_LAYER_ASSIGNMENT (  '', '', ( #2906 ) ) ;
#1539 = ADVANCED_FACE ( 'NONE', ( #1826 ), #1779, .T. ) ;
#1540 = DIRECTION ( 'NONE',  ( -0.000000000000000000, -1.000000000000000000, -0.000000000000000000 ) ) ;
#1541 = VERTEX_POINT ( 'NONE', #569 ) ;
#1542 = VECTOR ( 'NONE', #4432, 1000.000000000000000 ) ;
#1543 = SURFACE_STYLE_USAGE ( .BOTH. , #4797 ) ;
#1544 = EDGE_CURVE ( 'NONE', #5209, #5057, #3838, .T. ) ;
#1545 = MECHANICAL_DESIGN_GEOMETRIC_PRESENTATION_REPRESENTATION (  '', ( #1202 ), #1463 ) ;
#1546 = DIRECTION ( 'NONE',  ( 0.000000000000000000, 0.000000000000000000, -1.000000000000000000 ) ) ;
#1547 = CARTESIAN_POINT ( 'NONE',  ( 5.200000000000162714, 60.00000000000000000, 7.899999999998456701 ) ) ;
#1548 = PRESENTATION_LAYER_ASSIGNMENT (  '', '', ( #4283 ) ) ;
#1549 = DIRECTION ( 'NONE',  ( 0.000000000000000000, 0.000000000000000000, -1.000000000000000000 ) ) ;
#1550 = EDGE_CURVE ( 'NONE', #2549, #1187, #1603, .T. ) ;
#1551 = CARTESIAN_POINT ( 'NONE',  ( 3.100000000000033396, 60.00000000000000000, -9.100000000000052935 ) ) ;
#1552 = AXIS2_PLACEMENT_3D ( 'NONE', #3224, #1958, #3680 ) ;
#1553 = FILL_AREA_STYLE_COLOUR ( '', #5182 ) ;
#1554 = DIRECTION ( 'NONE',  ( 0.000000000000000000, 0.000000000000000000, -1.000000000000000000 ) ) ;
#1555 = ORIENTED_EDGE ( 'NONE', *, *, #2451, .T. ) ;
#1556 = MECHANICAL_DESIGN_GEOMETRIC_PRESENTATION_REPRESENTATION (  '', ( #436 ), #4636 ) ;
#1557 = ORIENTED_EDGE ( 'NONE', *, *, #1844, .F. ) ;
#1558 = AXIS2_PLACEMENT_3D ( 'NONE', #971, #1738, #3722 ) ;
#1559 =( LENGTH_UNIT ( ) NAMED_UNIT ( * ) SI_UNIT ( .MILLI., .METRE. ) );
#1560 =( NAMED_UNIT ( * ) SI_UNIT ( $, .STERADIAN. ) SOLID_ANGLE_UNIT ( ) );
#1561 = PRESENTATION_STYLE_ASSIGNMENT (( #5211 ) ) ;
#1562 = VERTEX_POINT ( 'NONE', #1955 ) ;
#1563 = VECTOR ( 'NONE', #3026, 1000.000000000000000 ) ;
#1564 = DIRECTION ( 'NONE',  ( -0.000000000000000000, -1.000000000000000000, -0.000000000000000000 ) ) ;
#1565 = ORIENTED_EDGE ( 'NONE', *, *, #720, .F. ) ;
#1566 = COLOUR_RGB ( '',0.8980392156862745390, 0.9176470588235293713, 0.9294117647058823817 ) ;
#1567 = STYLED_ITEM ( 'NONE', ( #2313 ), #221 ) ;
#1568 = ORIENTED_EDGE ( 'NONE', *, *, #4955, .F. ) ;
#1569 =( GEOMETRIC_REPRESENTATION_CONTEXT ( 3 ) GLOBAL_UNCERTAINTY_ASSIGNED_CONTEXT ( ( #2431 ) ) GLOBAL_UNIT_ASSIGNED_CONTEXT ( ( #1870, #289, #3557 ) ) REPRESENTATION_CONTEXT ( 'NONE', 'WORKASPACE' ) );
#1570 = AXIS2_PLACEMENT_3D ( 'NONE', #2514, #2933, #3320 ) ;
#1571 = VECTOR ( 'NONE', #1605, 1000.000000000000000 ) ;
#1572 = CARTESIAN_POINT ( 'NONE',  ( -8.499999999999937828, 60.00000000000000000, 8.499999999999245048 ) ) ;
#1573 = SURFACE_STYLE_USAGE ( .BOTH. , #4437 ) ;
#1574 = EDGE_CURVE ( 'NONE', #2837, #2487, #2354, .T. ) ;
#1575 = DIRECTION ( 'NONE',  ( 0.000000000000000000, 0.000000000000000000, 1.000000000000000000 ) ) ;
#1576 = CARTESIAN_POINT ( 'NONE',  ( 8.500000000000049738, 0.000000000000000000, -10.00000000000007105 ) ) ;
#1577 = AXIS2_PLACEMENT_3D ( 'NONE', #3214, #3643, #1227 ) ;
#1578 = VECTOR ( 'NONE', #3915, 1000.000000000000000 ) ;
#1579 = DIRECTION ( 'NONE',  ( 0.000000000000000000, 0.000000000000000000, -1.000000000000000000 ) ) ;
#1580 = CARTESIAN_POINT ( 'NONE',  ( 8.200000000000025935, 0.000000000000000000, 5.199999999999923794 ) ) ;
#1581 = CYLINDRICAL_SURFACE ( 'NONE', #1394, 0.2999999999999045097 ) ;
#1582 = SURFACE_SIDE_STYLE ('',( #4827 ) ) ;
#1583 = VECTOR ( 'NONE', #3008, 1000.000000000000000 ) ;
#1584 = ADVANCED_FACE ( 'NONE', ( #233 ), #2331, .F. ) ;
#1585 = PRESENTATION_STYLE_ASSIGNMENT (( #5253 ) ) ;
#1586 = ORIENTED_EDGE ( 'NONE', *, *, #833, .T. ) ;
#1587 = ORIENTED_EDGE ( 'NONE', *, *, #4658, .F. ) ;
#1588 = SURFACE_SIDE_STYLE ('',( #808 ) ) ;
#1589 = LINE ( 'NONE', #1660, #4027 ) ;
#1590 = EDGE_LOOP ( 'NONE', ( #1555, #2026, #1797, #4525 ) ) ;
#1591 = CIRCLE ( 'NONE', #657, 0.3000000000000224709 ) ;
#1592 = VECTOR ( 'NONE', #2038, 1000.000000000000000 ) ;
#1593 = VERTEX_POINT ( 'NONE', #681 ) ;
#1594 = DIRECTION ( 'NONE',  ( 0.000000000000000000, 0.000000000000000000, 1.000000000000000000 ) ) ;
#1595 = COLOUR_RGB ( '',0.8980392156862745390, 0.9176470588235293713, 0.9294117647058823817 ) ;
#1596 = ORIENTED_EDGE ( 'NONE', *, *, #3583, .F. ) ;
#1597 = PLANE ( 'NONE',  #5014 ) ;
#1598 =( NAMED_UNIT ( * ) PLANE_ANGLE_UNIT ( ) SI_UNIT ( $, .RADIAN. ) );
#1599 = SURFACE_SIDE_STYLE ('',( #742 ) ) ;
#1600 = FACE_BOUND ( 'NONE', #196, .T. ) ;
#1601 = CARTESIAN_POINT ( 'NONE',  ( -3.999999999999739764, 60.00000000000000000, 9.999999999999099387 ) ) ;
#1602 = EDGE_CURVE ( 'NONE', #1016, #2553, #3172, .T. ) ;
#1603 = CIRCLE ( 'NONE', #4604, 0.2999999999999981570 ) ;
#1604 = PRESENTATION_STYLE_ASSIGNMENT (( #5272 ) ) ;
#1605 = DIRECTION ( 'NONE',  ( 1.000000000000000000, -0.000000000000000000, -0.000000000000000000 ) ) ;
#1606 = DIRECTION ( 'NONE',  ( -0.000000000000000000, -1.000000000000000000, -0.000000000000000000 ) ) ;
#1607 = ORIENTED_EDGE ( 'NONE', *, *, #2369, .T. ) ;
#1608 = DIRECTION ( 'NONE',  ( 0.000000000000000000, 0.000000000000000000, 1.000000000000000000 ) ) ;
#1609 = PRESENTATION_LAYER_ASSIGNMENT (  '', '', ( #936 ) ) ;
#1610 = EDGE_CURVE ( 'NONE', #1695, #599, #279, .T. ) ;
#1611 = ORIENTED_EDGE ( 'NONE', *, *, #1906, .F. ) ;
#1612 = PRESENTATION_STYLE_ASSIGNMENT (( #1166 ) ) ;
#1613 = DIRECTION ( 'NONE',  ( -0.000000000000000000, -0.000000000000000000, -1.000000000000000000 ) ) ;
#1614 = VERTEX_POINT ( 'NONE', #3152 ) ;
#1615 = CARTESIAN_POINT ( 'NONE',  ( 3.425126265847279861, 60.00000000000000000, 4.485786437625630896 ) ) ;
#1616 = MECHANICAL_DESIGN_GEOMETRIC_PRESENTATION_REPRESENTATION (  '', ( #3510 ), #4263 ) ;
#1617 = DIRECTION ( 'NONE',  ( -0.000000000000000000, -1.000000000000000000, -0.000000000000000000 ) ) ;
#1618 = EDGE_CURVE ( 'NONE', #4074, #2982, #1480, .T. ) ;
#1619 = ORIENTED_EDGE ( 'NONE', *, *, #1513, .F. ) ;
#1620 = EDGE_LOOP ( 'NONE', ( #208, #810, #2690, #1800 ) ) ;
#1621 = DIRECTION ( 'NONE',  ( -0.000000000000000000, -1.000000000000000000, -0.000000000000000000 ) ) ;
#1622 = MECHANICAL_DESIGN_GEOMETRIC_PRESENTATION_REPRESENTATION (  '', ( #2124 ), #3007 ) ;
#1623 = DIRECTION ( 'NONE',  ( -0.000000000000000000, -1.000000000000000000, -0.000000000000000000 ) ) ;
#1624 = CIRCLE ( 'NONE', #1284, 0.2999999999999990452 ) ;
#1625 =( NAMED_UNIT ( * ) PLANE_ANGLE_UNIT ( ) SI_UNIT ( $, .RADIAN. ) );
#1626 = VECTOR ( 'NONE', #976, 1000.000000000000114 ) ;
#1627 = UNCERTAINTY_MEASURE_WITH_UNIT (LENGTH_MEASURE( 1.000000000000000082E-05 ), #534, 'distance_accuracy_value', 'NONE');
#1628 = CARTESIAN_POINT ( 'NONE',  ( -9.099999999999926814, 60.00000000000000000, -3.099999999999988098 ) ) ;
#1629 =( NAMED_UNIT ( * ) PLANE_ANGLE_UNIT ( ) SI_UNIT ( $, .RADIAN. ) );
#1630 = LINE ( 'NONE', #1530, #4058 ) ;
#1631 = ORIENTED_EDGE ( 'NONE', *, *, #4590, .T. ) ;
#1632 = ORIENTED_EDGE ( 'NONE', *, *, #3216, .T. ) ;
#1633 = CIRCLE ( 'NONE', #2140, 0.2999999999999912736 ) ;
#1634 = CARTESIAN_POINT ( 'NONE',  ( -8.499999999999911182, 60.00000000000000000, -3.100000000000005418 ) ) ;
#1635 =( LENGTH_UNIT ( ) NAMED_UNIT ( * ) SI_UNIT ( .MILLI., .METRE. ) );
#1636 = ORIENTED_EDGE ( 'NONE', *, *, #5160, .T. ) ;
#1637 = DIRECTION ( 'NONE',  ( 0.000000000000000000, 0.000000000000000000, -1.000000000000000000 ) ) ;
#1638 = SURFACE_STYLE_USAGE ( .BOTH. , #3682 ) ;
#1639 = EDGE_CURVE ( 'NONE', #3266, #2702, #2642, .T. ) ;
#1640 = PRESENTATION_LAYER_ASSIGNMENT (  '', '', ( #436 ) ) ;
#1641 = ORIENTED_EDGE ( 'NONE', *, *, #5308, .F. ) ;
#1642 = ORIENTED_EDGE ( 'NONE', *, *, #555, .T. ) ;
#1643 = VERTEX_POINT ( 'NONE', #3545 ) ;
#1644 = EDGE_CURVE ( 'NONE', #1327, #1942, #756, .T. ) ;
#1645 = AXIS2_PLACEMENT_3D ( 'NONE', #4740, #2641, #1071 ) ;
#1646 = CIRCLE ( 'NONE', #2338, 0.3000000000000085931 ) ;
#1647 = SURFACE_STYLE_FILL_AREA ( #2500 ) ;
#1648 = FILL_AREA_STYLE_COLOUR ( '', #1799 ) ;
#1649 = CARTESIAN_POINT ( 'NONE',  ( 3.400000000000055866, 0.000000000000000000, -8.200000000000047251 ) ) ;
#1650 = PRESENTATION_LAYER_ASSIGNMENT (  '', '', ( #4563 ) ) ;
#1651 = PRESENTATION_STYLE_ASSIGNMENT (( #1310 ) ) ;
#1652 = PRESENTATION_STYLE_ASSIGNMENT (( #3402 ) ) ;
#1653 = FILL_AREA_STYLE ('',( #856 ) ) ;
#1654 = ORIENTED_EDGE ( 'NONE', *, *, #3421, .T. ) ;
#1655 = AXIS2_PLACEMENT_3D ( 'NONE', #2763, #2374, #743 ) ;
#1656 =( NAMED_UNIT ( * ) SI_UNIT ( $, .STERADIAN. ) SOLID_ANGLE_UNIT ( ) );
#1657 = EDGE_LOOP ( 'NONE', ( #30, #3077, #2433, #4051 ) ) ;
#1658 = AXIS2_PLACEMENT_3D ( 'NONE', #841, #1594, #4936 ) ;
#1659 = FILL_AREA_STYLE ('',( #374 ) ) ;
#1660 = CARTESIAN_POINT ( 'NONE',  ( 10.00000000000024514, 60.00000000000000000, 8.499999999998452793 ) ) ;
#1661 = SURFACE_STYLE_FILL_AREA ( #3783 ) ;
#1662 = VERTEX_POINT ( 'NONE', #2687 ) ;
#1663 = DIRECTION ( 'NONE',  ( -0.000000000000000000, -1.000000000000000000, -0.000000000000000000 ) ) ;
#1664 = ORIENTED_EDGE ( 'NONE', *, *, #467, .T. ) ;
#1665 = ADVANCED_FACE ( 'NONE', ( #628 ), #1110, .F. ) ;
#1666 = PRESENTATION_LAYER_ASSIGNMENT (  '', '', ( #2179 ) ) ;
#1667 = STYLED_ITEM ( 'NONE', ( #4507 ), #3341 ) ;
#1668 = ORIENTED_EDGE ( 'NONE', *, *, #995, .T. ) ;
#1669 = ORIENTED_EDGE ( 'NONE', *, *, #2385, .F. ) ;
#1670 = CARTESIAN_POINT ( 'NONE',  ( -2.010912703473963337, 60.00000000000000000, -3.900000000000083844 ) ) ;
#1671 = AXIS2_PLACEMENT_3D ( 'NONE', #41, #2891, #1313 ) ;
#1672 = VECTOR ( 'NONE', #2670, 1000.000000000000000 ) ;
#1673 = EDGE_CURVE ( 'NONE', #2553, #4704, #257, .T. ) ;
#1674 = CARTESIAN_POINT ( 'NONE',  ( -5.499999999999953815, 0.000000000000000000, -6.684924240491780800 ) ) ;
#1675 = VECTOR ( 'NONE', #297, 1000.000000000000000 ) ;
#1676 =( NAMED_UNIT ( * ) PLANE_ANGLE_UNIT ( ) SI_UNIT ( $, .RADIAN. ) );
#1677 =( LENGTH_UNIT ( ) NAMED_UNIT ( * ) SI_UNIT ( .MILLI., .METRE. ) );
#1678 = DIRECTION ( 'NONE',  ( -0.7071067811865474617, 0.000000000000000000, 0.7071067811865474617 ) ) ;
#1679 = EDGE_CURVE ( 'NONE', #2139, #5236, #4854, .T. ) ;
#1680 = FILL_AREA_STYLE_COLOUR ( '', #4679 ) ;
#1681 = DIRECTION ( 'NONE',  ( -0.000000000000000000, -1.000000000000000000, -0.000000000000000000 ) ) ;
#1682 = COLOUR_RGB ( '',0.8980392156862745390, 0.9176470588235293713, 0.9294117647058823817 ) ;
#1683 = SURFACE_STYLE_USAGE ( .BOTH. , #1772 ) ;
#1684 = DIRECTION ( 'NONE',  ( -0.000000000000000000, -1.000000000000000000, -0.000000000000000000 ) ) ;
#1685 = VERTEX_POINT ( 'NONE', #774 ) ;
#1686 = DIRECTION ( 'NONE',  ( -0.7071067811865479058, 0.000000000000000000, -0.7071067811865472397 ) ) ;
#1687 = SURFACE_STYLE_USAGE ( .BOTH. , #4519 ) ;
#1688 = CARTESIAN_POINT ( 'NONE',  ( -8.499999999999937828, 0.000000000000000000, 9.999999999999088729 ) ) ;
#1689 = CYLINDRICAL_SURFACE ( 'NONE', #969, 0.2999999999999990452 ) ;
#1690 = CYLINDRICAL_SURFACE ( 'NONE', #1489, 1.499999999999997780 ) ;
#1691 = ORIENTED_EDGE ( 'NONE', *, *, #3962, .T. ) ;
#1692 = ADVANCED_FACE ( 'NONE', ( #2404 ), #2460, .F. ) ;
#1693 = ORIENTED_EDGE ( 'NONE', *, *, #1482, .F. ) ;
#1694 = VERTEX_POINT ( 'NONE', #2084 ) ;
#1695 = VERTEX_POINT ( 'NONE', #1189 ) ;
#1696 = DIRECTION ( 'NONE',  ( -0.7071067811865479058, 0.000000000000000000, -0.7071067811865472397 ) ) ;
#1697 = EDGE_CURVE ( 'NONE', #2061, #3529, #589, .T. ) ;
#1698 = MECHANICAL_DESIGN_GEOMETRIC_PRESENTATION_REPRESENTATION (  '', ( #2735 ), #4864 ) ;
#1699 =( NAMED_UNIT ( * ) SI_UNIT ( $, .STERADIAN. ) SOLID_ANGLE_UNIT ( ) );
#1700 = CARTESIAN_POINT ( 'NONE',  ( 3.100000000000227462, 60.00000000000000000, 9.099999999998455991 ) ) ;
#1701 = DIRECTION ( 'NONE',  ( -0.000000000000000000, -1.000000000000000000, -0.000000000000000000 ) ) ;
#1702 = PRESENTATION_STYLE_ASSIGNMENT (( #2950 ) ) ;
#1703 = EDGE_CURVE ( 'NONE', #956, #403, #3587, .T. ) ;
#1704 = CARTESIAN_POINT ( 'NONE',  ( 8.500000000000049738, 60.00000000000000000, -3.100000000000064482 ) ) ;
#1705 = SURFACE_STYLE_USAGE ( .BOTH. , #3260 ) ;
#1706 = STYLED_ITEM ( 'NONE', ( #4128 ), #4271 ) ;
#1707 = PRESENTATION_LAYER_ASSIGNMENT (  '', '', ( #4014 ) ) ;
#1708 = SURFACE_SIDE_STYLE ('',( #128 ) ) ;
#1709 =( NAMED_UNIT ( * ) SI_UNIT ( $, .STERADIAN. ) SOLID_ANGLE_UNIT ( ) );
#1710 = LINE ( 'NONE', #3292, #5011 ) ;
#1711 = ORIENTED_EDGE ( 'NONE', *, *, #371, .F. ) ;
#1712 = STYLED_ITEM ( 'NONE', ( #135 ), #3929 ) ;
#1713 = EDGE_CURVE ( 'NONE', #1833, #1825, #4867, .T. ) ;
#1714 =( GEOMETRIC_REPRESENTATION_CONTEXT ( 3 ) GLOBAL_UNCERTAINTY_ASSIGNED_CONTEXT ( ( #3875 ) ) GLOBAL_UNIT_ASSIGNED_CONTEXT ( ( #4030, #1598, #1945 ) ) REPRESENTATION_CONTEXT ( 'NONE', 'WORKASPACE' ) );
#1715 = ORIENTED_EDGE ( 'NONE', *, *, #1679, .T. ) ;
#1716 = DIRECTION ( 'NONE',  ( 0.000000000000000000, 0.000000000000000000, -1.000000000000000000 ) ) ;
#1717 = DIRECTION ( 'NONE',  ( 0.000000000000000000, 0.000000000000000000, -1.000000000000000000 ) ) ;
#1718 = SURFACE_STYLE_USAGE ( .BOTH. , #2107 ) ;
#1719 = VERTEX_POINT ( 'NONE', #1615 ) ;
#1720 = DIRECTION ( 'NONE',  ( 0.000000000000000000, 0.000000000000000000, -1.000000000000000000 ) ) ;
#1721 = ORIENTED_EDGE ( 'NONE', *, *, #1518, .F. ) ;
#1722 = STYLED_ITEM ( 'NONE', ( #4450 ), #2150 ) ;
#1723 = CARTESIAN_POINT ( 'NONE',  ( -5.499999999999963585, 0.000000000000000000, -7.900000000000018119 ) ) ;
#1724 = CARTESIAN_POINT ( 'NONE',  ( -3.399999999999722800, 60.00000000000000000, 9.699999999998841105 ) ) ;
#1725 = ORIENTED_EDGE ( 'NONE', *, *, #932, .T. ) ;
#1726 = ORIENTED_EDGE ( 'NONE', *, *, #3279, .F. ) ;
#1727 = SURFACE_STYLE_USAGE ( .BOTH. , #2116 ) ;
#1728 = CIRCLE ( 'NONE', #3612, 0.2999999999999990452 ) ;
#1729 = DIRECTION ( 'NONE',  ( -0.000000000000000000, -1.000000000000000000, 0.000000000000000000 ) ) ;
#1730 = FILL_AREA_STYLE ('',( #4625 ) ) ;
#1731 = CLOSED_SHELL ( 'NONE', ( #864, #1969, #2355, #2080, #5101, #76, #4772, #3031, #3003, #5017, #4271, #316, #4431, #4695, #674, #5088, #1117, #1913, #2296, #1539, #4029, #692, #4382, #1801, #5248, #2204, #1939, #4731, #539, #386, #5044, #822, #4597, #3983, #3341, #4025, #1182, #1067, #1692, #650, #457, #605, #3064, #1943, #1164, #327, #5124, #4618, #4159, #1488, #4449, #3093, #5281, #4916, #3244, #2523, #5191, #4946, #4401, #3880, #1990, #1410, #1245, #1780, #1584, #1441, #3446, #4849, #3308, #2318, #2692, #4488, #938, #4297, #4220, #1361, #4424, #2265, #221, #1745, #2159, #726, #1002, #4261, #2710, #1815, #5218, #3704, #1963, #3415, #5152, #899, #4231, #2051, #2150, #3460, #4291, #193, #1665, #3186, #2664, #4057, #3071, #3929, #2224, #339, #967, #3548 ) ) ;
#1732 = FILL_AREA_STYLE_COLOUR ( '', #1517 ) ;
#1733 = DIRECTION ( 'NONE',  ( 0.7071067811865469066, -0.000000000000000000, -0.7071067811865482389 ) ) ;
#1734 = DIRECTION ( 'NONE',  ( -0.000000000000000000, -1.000000000000000000, -0.000000000000000000 ) ) ;
#1735 = PRESENTATION_LAYER_ASSIGNMENT (  '', '', ( #4383 ) ) ;
#1736 = EDGE_CURVE ( 'NONE', #432, #972, #4908, .T. ) ;
#1737 = PRESENTATION_STYLE_ASSIGNMENT (( #2504 ) ) ;
#1738 = DIRECTION ( 'NONE',  ( -0.000000000000000000, -1.000000000000000000, -0.000000000000000000 ) ) ;
#1739 = CARTESIAN_POINT ( 'NONE',  ( -2.010912703473713314, 0.000000000000000000, 5.899999999998809308 ) ) ;
#1740 = ORIENTED_EDGE ( 'NONE', *, *, #4819, .F. ) ;
#1741 = FACE_OUTER_BOUND ( 'NONE', #447, .T. ) ;
#1742 = COLOUR_RGB ( '',0.8980392156862745390, 0.9176470588235293713, 0.9294117647058823817 ) ;
#1743 = DIRECTION ( 'NONE',  ( -0.7071067811865474617, 0.000000000000000000, 0.7071067811865474617 ) ) ;
#1744 = EDGE_LOOP ( 'NONE', ( #314, #4296, #3774, #1268 ) ) ;
#1745 = ADVANCED_FACE ( 'NONE', ( #2824 ), #2388, .F. ) ;
#1746 = AXIS2_PLACEMENT_3D ( 'NONE', #2634, #3392, #2519 ) ;
#1747 = EDGE_LOOP ( 'NONE', ( #4913, #3779, #3327, #2050 ) ) ;
#1748 = FILL_AREA_STYLE_COLOUR ( '', #1805 ) ;
#1749 =( LENGTH_UNIT ( ) NAMED_UNIT ( * ) SI_UNIT ( .MILLI., .METRE. ) );
#1750 = SURFACE_STYLE_FILL_AREA ( #1355 ) ;
#1751 = VECTOR ( 'NONE', #1734, 1000.000000000000000 ) ;
#1752 = AXIS2_PLACEMENT_3D ( 'NONE', #2598, #3834, #2079 ) ;
#1753 = ORIENTED_EDGE ( 'NONE', *, *, #4883, .F. ) ;
#1754 = EDGE_CURVE ( 'NONE', #3634, #2970, #2171, .T. ) ;
#1755 = LINE ( 'NONE', #3817, #4398 ) ;
#1756 = ORIENTED_EDGE ( 'NONE', *, *, #5308, .T. ) ;
#1757 = VERTEX_POINT ( 'NONE', #4995 ) ;
#1758 = DIRECTION ( 'NONE',  ( 0.000000000000000000, 0.000000000000000000, 1.000000000000000000 ) ) ;
#1759 = SURFACE_STYLE_FILL_AREA ( #4941 ) ;
#1760 = COLOUR_RGB ( '',0.8980392156862745390, 0.9176470588235293713, 0.9294117647058823817 ) ;
#1761 = CIRCLE ( 'NONE', #5193, 1.499999999999845235 ) ;
#1762 = SURFACE_STYLE_FILL_AREA ( #4158 ) ;
#1763 = CARTESIAN_POINT ( 'NONE',  ( 2.010912703474046381, 60.00000000000000000, -5.900000000000085620 ) ) ;
#1764 = SURFACE_SIDE_STYLE ('',( #4189 ) ) ;
#1765 = AXIS2_PLACEMENT_3D ( 'NONE', #96, #1277, #2561 ) ;
#1766 = AXIS2_PLACEMENT_3D ( 'NONE', #2907, #120, #1758 ) ;
#1767 = PLANE ( 'NONE',  #2826 ) ;
#1768 = DIRECTION ( 'NONE',  ( -0.000000000000000000, -1.000000000000000000, -0.000000000000000000 ) ) ;
#1769 =( NAMED_UNIT ( * ) SI_UNIT ( $, .STERADIAN. ) SOLID_ANGLE_UNIT ( ) );
#1770 = CIRCLE ( 'NONE', #4776, 0.2999999999999947153 ) ;
#1771 = PLANE ( 'NONE',  #3626 ) ;
#1772 = SURFACE_SIDE_STYLE ('',( #2505 ) ) ;
#1773 = VERTEX_POINT ( 'NONE', #4177 ) ;
#1774 = EDGE_CURVE ( 'NONE', #1492, #1292, #2885, .T. ) ;
#1775 = ORIENTED_EDGE ( 'NONE', *, *, #4623, .F. ) ;
#1776 = UNCERTAINTY_MEASURE_WITH_UNIT (LENGTH_MEASURE( 1.000000000000000082E-05 ), #4364, 'distance_accuracy_value', 'NONE');
#1777 = CARTESIAN_POINT ( 'NONE',  ( -8.499999999999937828, 0.000000000000000000, 9.999999999999099387 ) ) ;
#1778 = ORIENTED_EDGE ( 'NONE', *, *, #2734, .F. ) ;
#1779 = CYLINDRICAL_SURFACE ( 'NONE', #1024, 0.2999999999999947153 ) ;
#1780 = ADVANCED_FACE ( 'NONE', ( #4589 ), #2968, .T. ) ;
#1781 = ORIENTED_EDGE ( 'NONE', *, *, #4357, .T. ) ;
#1782 = FACE_OUTER_BOUND ( 'NONE', #4343, .T. ) ;
#1783 = ORIENTED_EDGE ( 'NONE', *, *, #4324, .F. ) ;
#1784 = ORIENTED_EDGE ( 'NONE', *, *, #699, .T. ) ;
#1785 = SURFACE_STYLE_FILL_AREA ( #4353 ) ;
#1786 = LINE ( 'NONE', #2674, #3657 ) ;
#1787 = DIRECTION ( 'NONE',  ( -0.000000000000000000, -1.000000000000000000, -0.000000000000000000 ) ) ;
#1788 = PRESENTATION_STYLE_ASSIGNMENT (( #3465 ) ) ;
#1789 = FACE_OUTER_BOUND ( 'NONE', #3651, .T. ) ;
#1790 =( NAMED_UNIT ( * ) PLANE_ANGLE_UNIT ( ) SI_UNIT ( $, .RADIAN. ) );
#1791 = PRESENTATION_LAYER_ASSIGNMENT (  '', '', ( #4088 ) ) ;
#1792 = PRESENTATION_STYLE_ASSIGNMENT (( #4226 ) ) ;
#1793 = ORIENTED_EDGE ( 'NONE', *, *, #2415, .F. ) ;
#1794 = CIRCLE ( 'NONE', #5061, 0.2999999999999990452 ) ;
#1795 = CYLINDRICAL_SURFACE ( 'NONE', #124, 0.3000000000000120348 ) ;
#1796 = FILL_AREA_STYLE_COLOUR ( '', #3645 ) ;
#1797 = ORIENTED_EDGE ( 'NONE', *, *, #32, .F. ) ;
#1798 = CARTESIAN_POINT ( 'NONE',  ( -8.499999999999799272, 60.00000000000000000, 3.099999999999332623 ) ) ;
#1799 = COLOUR_RGB ( '',0.8980392156862745390, 0.9176470588235293713, 0.9294117647058823817 ) ;
#1800 = ORIENTED_EDGE ( 'NONE', *, *, #669, .T. ) ;
#1801 = ADVANCED_FACE ( 'NONE', ( #4641 ), #1023, .F. ) ;
#1802 = DIRECTION ( 'NONE',  ( 0.000000000000000000, 1.000000000000000000, -0.000000000000000000 ) ) ;
#1803 = ORIENTED_EDGE ( 'NONE', *, *, #1145, .F. ) ;
#1804 = ORIENTED_EDGE ( 'NONE', *, *, #761, .F. ) ;
#1805 = COLOUR_RGB ( '',0.8980392156862745390, 0.9176470588235293713, 0.9294117647058823817 ) ;
#1806 = CARTESIAN_POINT ( 'NONE',  ( -4.485786437626850365, 0.000000000000000000, -3.425126265847132867 ) ) ;
#1807 = LINE ( 'NONE', #3451, #1816 ) ;
#1808 = EDGE_CURVE ( 'NONE', #4518, #1011, #4302, .T. ) ;
#1809 = VECTOR ( 'NONE', #231, 1000.000000000000000 ) ;
#1810 = LINE ( 'NONE', #4537, #670 ) ;
#1811 = CYLINDRICAL_SURFACE ( 'NONE', #1083, 0.3000000000000120348 ) ;
#1812 = FILL_AREA_STYLE_COLOUR ( '', #2756 ) ;
#1813 =( GEOMETRIC_REPRESENTATION_CONTEXT ( 3 ) GLOBAL_UNCERTAINTY_ASSIGNED_CONTEXT ( ( #3287 ) ) GLOBAL_UNIT_ASSIGNED_CONTEXT ( ( #2276, #1881, #5156 ) ) REPRESENTATION_CONTEXT ( 'NONE', 'WORKASPACE' ) );
#1814 =( NAMED_UNIT ( * ) SI_UNIT ( $, .STERADIAN. ) SOLID_ANGLE_UNIT ( ) );
#1815 = ADVANCED_FACE ( 'NONE', ( #611 ), #1842, .F. ) ;
#1816 = VECTOR ( 'NONE', #1224, 1000.000000000000000 ) ;
#1817 = CARTESIAN_POINT ( 'NONE',  ( -9.699999999999917577, 60.00000000000000000, -4.000000000000003553 ) ) ;
#1818 = PLANE ( 'NONE',  #1058 ) ;
#1819 =( NAMED_UNIT ( * ) SI_UNIT ( $, .STERADIAN. ) SOLID_ANGLE_UNIT ( ) );
#1820 = PRESENTATION_LAYER_ASSIGNMENT (  '', '', ( #4817 ) ) ;
#1821 = DIRECTION ( 'NONE',  ( -0.000000000000000000, -0.000000000000000000, -1.000000000000000000 ) ) ;
#1822 = UNCERTAINTY_MEASURE_WITH_UNIT (LENGTH_MEASURE( 1.000000000000000082E-05 ), #3614, 'distance_accuracy_value', 'NONE');
#1823 = CARTESIAN_POINT ( 'NONE',  ( -5.499999999999963585, 60.00000000000000000, -7.900000000000018119 ) ) ;
#1824 = FACE_OUTER_BOUND ( 'NONE', #146, .T. ) ;
#1825 = VERTEX_POINT ( 'NONE', #2975 ) ;
#1826 = FACE_OUTER_BOUND ( 'NONE', #5256, .T. ) ;
#1827 = VECTOR ( 'NONE', #1397, 1000.000000000000000 ) ;
#1828 = ORIENTED_EDGE ( 'NONE', *, *, #3352, .T. ) ;
#1829 =( GEOMETRIC_REPRESENTATION_CONTEXT ( 3 ) GLOBAL_UNCERTAINTY_ASSIGNED_CONTEXT ( ( #5154 ) ) GLOBAL_UNIT_ASSIGNED_CONTEXT ( ( #3376, #2980, #1001 ) ) REPRESENTATION_CONTEXT ( 'NONE', 'WORKASPACE' ) );
#1830 = SURFACE_STYLE_USAGE ( .BOTH. , #2775 ) ;
#1831 = CARTESIAN_POINT ( 'NONE',  ( -7.900000000000170886, 0.000000000000000000, 5.500000000000067502 ) ) ;
#1832 = EDGE_LOOP ( 'NONE', ( #101, #2143, #2134, #4087 ) ) ;
#1833 = VERTEX_POINT ( 'NONE', #4944 ) ;
#1834 =( NAMED_UNIT ( * ) PLANE_ANGLE_UNIT ( ) SI_UNIT ( $, .RADIAN. ) );
#1835 = COLOUR_RGB ( '',0.8980392156862745390, 0.9176470588235293713, 0.9294117647058823817 ) ;
#1836 = FILL_AREA_STYLE ('',( #577 ) ) ;
#1837 = STYLED_ITEM ( 'NONE', ( #5022 ), #4488 ) ;
#1838 = CARTESIAN_POINT ( 'NONE',  ( 5.200000000000218670, 0.000000000000000000, 8.199999999998468070 ) ) ;
#1839 = EDGE_CURVE ( 'NONE', #5001, #3295, #4603, .T. ) ;
#1840 = DIRECTION ( 'NONE',  ( 0.000000000000000000, 0.000000000000000000, -1.000000000000000000 ) ) ;
#1841 = CARTESIAN_POINT ( 'NONE',  ( 5.500000000000046185, 0.000000000000000000, -7.900000000000052758 ) ) ;
#1842 = CYLINDRICAL_SURFACE ( 'NONE', #4426, 0.3000000000000120348 ) ;
#1843 = CARTESIAN_POINT ( 'NONE',  ( -9.099999999999788258, 60.00000000000000000, 3.099999999999339284 ) ) ;
#1844 = EDGE_CURVE ( 'NONE', #972, #871, #1810, .T. ) ;
#1845 = LINE ( 'NONE', #615, #851 ) ;
#1846 = FILL_AREA_STYLE ('',( #4660 ) ) ;
#1847 = LINE ( 'NONE', #617, #511 ) ;
#1848 = FILL_AREA_STYLE_COLOUR ( '', #3469 ) ;
#1849 = VECTOR ( 'NONE', #163, 1000.000000000000000 ) ;
#1850 = CARTESIAN_POINT ( 'NONE',  ( 8.500000000000271783, 0.000000000000000000, 9.999999999998454570 ) ) ;
#1851 = PRESENTATION_STYLE_ASSIGNMENT (( #226 ) ) ;
#1852 = MECHANICAL_DESIGN_GEOMETRIC_PRESENTATION_REPRESENTATION (  '', ( #1667 ), #4844 ) ;
#1853 = CARTESIAN_POINT ( 'NONE',  ( 9.700000000000027711, 0.000000000000000000, -4.000000000000079936 ) ) ;
#1854 =( LENGTH_UNIT ( ) NAMED_UNIT ( * ) SI_UNIT ( .MILLI., .METRE. ) );
#1855 = PRESENTATION_STYLE_ASSIGNMENT (( #2216 ) ) ;
#1856 = CARTESIAN_POINT ( 'NONE',  ( -5.199999999999746159, 60.00000000000000000, 7.899999999998831512 ) ) ;
#1857 = LINE ( 'NONE', #4728, #1849 ) ;
#1858 = ORIENTED_EDGE ( 'NONE', *, *, #2231, .F. ) ;
#1859 = CARTESIAN_POINT ( 'NONE',  ( -6.472792206135710380, 60.00000000000000000, -5.412132034355990662 ) ) ;
#1860 = VECTOR ( 'NONE', #2295, 1000.000000000000000 ) ;
#1861 = EDGE_CURVE ( 'NONE', #751, #4481, #2443, .T. ) ;
#1862 = EDGE_LOOP ( 'NONE', ( #1531, #4267, #3919, #3916 ) ) ;
#1863 = DIRECTION ( 'NONE',  ( 1.000000000000000000, 0.000000000000000000, 0.000000000000000000 ) ) ;
#1864 = LINE ( 'NONE', #5189, #3105 ) ;
#1865 = ORIENTED_EDGE ( 'NONE', *, *, #465, .F. ) ;
#1866 =( NAMED_UNIT ( * ) PLANE_ANGLE_UNIT ( ) SI_UNIT ( $, .RADIAN. ) );
#1867 = VECTOR ( 'NONE', #2095, 1000.000000000000000 ) ;
#1868 = LINE ( 'NONE', #4351, #3685 ) ;
#1869 = AXIS2_PLACEMENT_3D ( 'NONE', #2901, #1663, #2823 ) ;
#1870 =( LENGTH_UNIT ( ) NAMED_UNIT ( * ) SI_UNIT ( .MILLI., .METRE. ) );
#1871 = SURFACE_SIDE_STYLE ('',( #2267 ) ) ;
#1872 = CARTESIAN_POINT ( 'NONE',  ( 2.010912703474046381, 0.000000000000000000, -5.900000000000085620 ) ) ;
#1873 = DIRECTION ( 'NONE',  ( -1.000000000000000000, 0.000000000000000000, -0.000000000000000000 ) ) ;
#1874 =( NAMED_UNIT ( * ) SI_UNIT ( $, .STERADIAN. ) SOLID_ANGLE_UNIT ( ) );
#1875 = EDGE_CURVE ( 'NONE', #1346, #4787, #5007, .T. ) ;
#1876 = DIRECTION ( 'NONE',  ( 0.000000000000000000, 0.000000000000000000, -1.000000000000000000 ) ) ;
#1877 = DIRECTION ( 'NONE',  ( -0.000000000000000000, -1.000000000000000000, -0.000000000000000000 ) ) ;
#1878 =( LENGTH_UNIT ( ) NAMED_UNIT ( * ) SI_UNIT ( .MILLI., .METRE. ) );
#1879 = COLOUR_RGB ( '',0.8980392156862745390, 0.9176470588235293713, 0.9294117647058823817 ) ;
#1880 = EDGE_CURVE ( 'NONE', #736, #5113, #4573, .T. ) ;
#1881 =( NAMED_UNIT ( * ) PLANE_ANGLE_UNIT ( ) SI_UNIT ( $, .RADIAN. ) );
#1882 = FACE_OUTER_BOUND ( 'NONE', #2518, .T. ) ;
#1883 = ORIENTED_EDGE ( 'NONE', *, *, #3801, .T. ) ;
#1884 = DIRECTION ( 'NONE',  ( -0.000000000000000000, -1.000000000000000000, -0.000000000000000000 ) ) ;
#1885 = VERTEX_POINT ( 'NONE', #996 ) ;
#1886 =( GEOMETRIC_REPRESENTATION_CONTEXT ( 3 ) GLOBAL_UNCERTAINTY_ASSIGNED_CONTEXT ( ( #4393 ) ) GLOBAL_UNIT_ASSIGNED_CONTEXT ( ( #2064, #4156, #4569 ) ) REPRESENTATION_CONTEXT ( 'NONE', 'WORKASPACE' ) );
#1887 = EDGE_CURVE ( 'NONE', #575, #5265, #247, .T. ) ;
#1888 = CARTESIAN_POINT ( 'NONE',  ( -8.200000000000247979, 60.00000000000000000, 3.399999999999236966 ) ) ;
#1889 = VERTEX_POINT ( 'NONE', #2183 ) ;
#1890 = STYLED_ITEM ( 'NONE', ( #3609 ), #1067 ) ;
#1891 = FACE_OUTER_BOUND ( 'NONE', #4735, .T. ) ;
#1892 = AXIS2_PLACEMENT_3D ( 'NONE', #3407, #503, #5046 ) ;
#1893 = CYLINDRICAL_SURFACE ( 'NONE', #4366, 0.2999999999999981570 ) ;
#1894 =( NAMED_UNIT ( * ) SI_UNIT ( $, .STERADIAN. ) SOLID_ANGLE_UNIT ( ) );
#1895 = AXIS2_PLACEMENT_3D ( 'NONE', #1904, #3146, #2716 ) ;
#1896 = ORIENTED_EDGE ( 'NONE', *, *, #2883, .F. ) ;
#1897 = DIRECTION ( 'NONE',  ( 0.000000000000000000, 0.000000000000000000, -1.000000000000000000 ) ) ;
#1898 = DIRECTION ( 'NONE',  ( -0.000000000000000000, -1.000000000000000000, -0.000000000000000000 ) ) ;
#1899 = UNCERTAINTY_MEASURE_WITH_UNIT (LENGTH_MEASURE( 1.000000000000000082E-05 ), #1367, 'distance_accuracy_value', 'NONE');
#1900 = SURFACE_STYLE_FILL_AREA ( #2709 ) ;
#1901 = DIRECTION ( 'NONE',  ( -0.000000000000000000, -1.000000000000000000, 0.000000000000000000 ) ) ;
#1902 = DIRECTION ( 'NONE',  ( -0.000000000000000000, -1.000000000000000000, -0.000000000000000000 ) ) ;
#1903 =( GEOMETRIC_REPRESENTATION_CONTEXT ( 3 ) GLOBAL_UNCERTAINTY_ASSIGNED_CONTEXT ( ( #1627 ) ) GLOBAL_UNIT_ASSIGNED_CONTEXT ( ( #534, #79, #2545 ) ) REPRESENTATION_CONTEXT ( 'NONE', 'WORKASPACE' ) );
#1904 = CARTESIAN_POINT ( 'NONE',  ( -3.399999999999944844, 60.00000000000000000, -8.500000000000021316 ) ) ;
#1905 =( NAMED_UNIT ( * ) PLANE_ANGLE_UNIT ( ) SI_UNIT ( $, .RADIAN. ) );
#1906 = EDGE_CURVE ( 'NONE', #4370, #4147, #3825, .T. ) ;
#1907 = DIRECTION ( 'NONE',  ( -0.000000000000000000, -1.000000000000000000, -0.000000000000000000 ) ) ;
#1908 = CIRCLE ( 'NONE', #1216, 0.2999999999999947153 ) ;
#1909 = CARTESIAN_POINT ( 'NONE',  ( -9.099999999999926814, 0.000000000000000000, -3.400000000000007017 ) ) ;
#1910 = FACE_OUTER_BOUND ( 'NONE', #1620, .T. ) ;
#1911 = DIRECTION ( 'NONE',  ( 0.000000000000000000, 0.000000000000000000, -1.000000000000000000 ) ) ;
#1912 = ORIENTED_EDGE ( 'NONE', *, *, #3127, .F. ) ;
#1913 = ADVANCED_FACE ( 'NONE', ( #550 ), #3745, .T. ) ;
#1914 = EDGE_LOOP ( 'NONE', ( #1784, #905, #2227, #2129 ) ) ;
#1915 = VECTOR ( 'NONE', #301, 1000.000000000000000 ) ;
#1916 = SURFACE_STYLE_FILL_AREA ( #3479 ) ;
#1917 = MECHANICAL_DESIGN_GEOMETRIC_PRESENTATION_REPRESENTATION (  '', ( #2068 ), #5172 ) ;
#1918 = LINE ( 'NONE', #1831, #3346 ) ;
#1919 = EDGE_LOOP ( 'NONE', ( #3293, #1401, #482, #513 ) ) ;
#1920 = CARTESIAN_POINT ( 'NONE',  ( 5.200000000000162714, 0.000000000000000000, 7.899999999998456701 ) ) ;
#1921 = COLOUR_RGB ( '',0.8980392156862745390, 0.9176470588235293713, 0.9294117647058823817 ) ;
#1922 =( NAMED_UNIT ( * ) SI_UNIT ( $, .STERADIAN. ) SOLID_ANGLE_UNIT ( ) );
#1923 = ORIENTED_EDGE ( 'NONE', *, *, #3223, .F. ) ;
#1924 = STYLED_ITEM ( 'NONE', ( #136 ), #5088 ) ;
#1925 = STYLED_ITEM ( 'NONE', ( #1026 ), #5281 ) ;
#1926 = DIRECTION ( 'NONE',  ( -0.000000000000000000, -1.000000000000000000, -0.000000000000000000 ) ) ;
#1927 = DIRECTION ( 'NONE',  ( 0.7071067811865482389, 0.000000000000000000, -0.7071067811865469066 ) ) ;
#1928 = DIRECTION ( 'NONE',  ( 0.000000000000000000, 0.000000000000000000, 1.000000000000000000 ) ) ;
#1929 = AXIS2_PLACEMENT_3D ( 'NONE', #3858, #4342, #1425 ) ;
#1930 = COLOUR_RGB ( '',0.8980392156862745390, 0.9176470588235293713, 0.9294117647058823817 ) ;
#1931 = FACE_OUTER_BOUND ( 'NONE', #2175, .T. ) ;
#1932 = ORIENTED_EDGE ( 'NONE', *, *, #2825, .F. ) ;
#1933 = DIRECTION ( 'NONE',  ( 0.7071067811865482389, 0.000000000000000000, 0.7071067811865469066 ) ) ;
#1934 = EDGE_CURVE ( 'NONE', #3052, #1035, #492, .T. ) ;
#1935 = STYLED_ITEM ( 'NONE', ( #2163 ), #3548 ) ;
#1936 = VERTEX_POINT ( 'NONE', #4131 ) ;
#1937 = CARTESIAN_POINT ( 'NONE',  ( -7.899999999999921307, 0.000000000000000000, -5.500000000000018652 ) ) ;
#1938 = ORIENTED_EDGE ( 'NONE', *, *, #1602, .T. ) ;
#1939 = ADVANCED_FACE ( 'NONE', ( #2949 ), #664, .F. ) ;
#1940 = DIRECTION ( 'NONE',  ( -0.000000000000000000, -1.000000000000000000, -0.000000000000000000 ) ) ;
#1941 = CARTESIAN_POINT ( 'NONE',  ( -5.499999999999741540, 0.000000000000000000, 7.899999999998831512 ) ) ;
#1942 = VERTEX_POINT ( 'NONE', #2232 ) ;
#1943 = ADVANCED_FACE ( 'NONE', ( #1891 ), #2637, .T. ) ;
#1944 = CARTESIAN_POINT ( 'NONE',  ( -8.499999999999937828, 60.00000000000000000, 9.999999999999099387 ) ) ;
#1945 =( NAMED_UNIT ( * ) SI_UNIT ( $, .STERADIAN. ) SOLID_ANGLE_UNIT ( ) );
#1946 = CIRCLE ( 'NONE', #1869, 1.999999999999996669 ) ;
#1947 = FILL_AREA_STYLE ('',( #341 ) ) ;
#1948 = FILL_AREA_STYLE_COLOUR ( '', #4626 ) ;
#1949 =( LENGTH_UNIT ( ) NAMED_UNIT ( * ) SI_UNIT ( .MILLI., .METRE. ) );
#1950 = CARTESIAN_POINT ( 'NONE',  ( 3.100000000000033396, 60.00000000000000000, -9.100000000000052935 ) ) ;
#1951 = LINE ( 'NONE', #5252, #1146 ) ;
#1952 = COLOUR_RGB ( '',0.8980392156862745390, 0.9176470588235293713, 0.9294117647058823817 ) ;
#1953 = FACE_OUTER_BOUND ( 'NONE', #1832, .T. ) ;
#1954 = ORIENTED_EDGE ( 'NONE', *, *, #5055, .F. ) ;
#1955 = CARTESIAN_POINT ( 'NONE',  ( 3.900000000000083844, 0.000000000000000000, -2.010912703474081020 ) ) ;
#1956 = ORIENTED_EDGE ( 'NONE', *, *, #1359, .F. ) ;
#1957 = CYLINDRICAL_SURFACE ( 'NONE', #2785, 0.2999999999999808376 ) ;
#1958 = DIRECTION ( 'NONE',  ( -1.000000000000000000, 0.000000000000000000, 0.000000000000000000 ) ) ;
#1959 = LINE ( 'NONE', #4810, #2257 ) ;
#1960 = VERTEX_POINT ( 'NONE', #2311 ) ;
#1961 = CARTESIAN_POINT ( 'NONE',  ( 6.684924240491815439, 0.000000000000000000, -5.200000000000079226 ) ) ;
#1962 = ORIENTED_EDGE ( 'NONE', *, *, #3514, .T. ) ;
#1963 = ADVANCED_FACE ( 'NONE', ( #3158 ), #2917, .F. ) ;
#1964 = VERTEX_POINT ( 'NONE', #4540 ) ;
#1965 = VECTOR ( 'NONE', #5238, 1000.000000000000000 ) ;
#1966 =( LENGTH_UNIT ( ) NAMED_UNIT ( * ) SI_UNIT ( .MILLI., .METRE. ) );
#1967 = STYLED_ITEM ( 'NONE', ( #1103 ), #967 ) ;
#1968 =( GEOMETRIC_REPRESENTATION_CONTEXT ( 3 ) GLOBAL_UNCERTAINTY_ASSIGNED_CONTEXT ( ( #2879 ) ) GLOBAL_UNIT_ASSIGNED_CONTEXT ( ( #2215, #4722, #719 ) ) REPRESENTATION_CONTEXT ( 'NONE', 'WORKASPACE' ) );
#1969 = ADVANCED_FACE ( 'NONE', ( #10, #1600 ), #525, .T. ) ;
#1970 = CARTESIAN_POINT ( 'NONE',  ( 5.412132034356129218, 60.00000000000000000, 6.472792206134489135 ) ) ;
#1971 = FACE_OUTER_BOUND ( 'NONE', #1256, .T. ) ;
#1972 = FACE_OUTER_BOUND ( 'NONE', #1919, .T. ) ;
#1973 = PRESENTATION_STYLE_ASSIGNMENT (( #2000 ) ) ;
#1974 = CYLINDRICAL_SURFACE ( 'NONE', #311, 1.999999999999807931 ) ;
#1975 = ORIENTED_EDGE ( 'NONE', *, *, #3137, .F. ) ;
#1976 = STYLED_ITEM ( 'NONE', ( #801 ), #2355 ) ;
#1977 = EDGE_LOOP ( 'NONE', ( #3695, #2413, #489, #5029 ) ) ;
#1978 = PRESENTATION_STYLE_ASSIGNMENT (( #1165 ) ) ;
#1979 = CARTESIAN_POINT ( 'NONE',  ( 5.200000000000051692, 0.000000000000000000, -7.900000000000052758 ) ) ;
#1980 = DIRECTION ( 'NONE',  ( 0.000000000000000000, 0.000000000000000000, -1.000000000000000000 ) ) ;
#1981 = ORIENTED_EDGE ( 'NONE', *, *, #1450, .F. ) ;
#1982 = VECTOR ( 'NONE', #1070, 1000.000000000000000 ) ;
#1983 = DIRECTION ( 'NONE',  ( 0.000000000000000000, 1.000000000000000000, 0.000000000000000000 ) ) ;
#1984 = FILL_AREA_STYLE_COLOUR ( '', #4527 ) ;
#1985 = EDGE_LOOP ( 'NONE', ( #684, #4378, #2330, #1357 ) ) ;
#1986 = PRESENTATION_LAYER_ASSIGNMENT (  '', '', ( #1837 ) ) ;
#1987 = EDGE_LOOP ( 'NONE', ( #4086, #2668, #4504, #2334 ) ) ;
#1988 = CIRCLE ( 'NONE', #3037, 0.2999999999999947153 ) ;
#1989 =( NAMED_UNIT ( * ) SI_UNIT ( $, .STERADIAN. ) SOLID_ANGLE_UNIT ( ) );
#1990 = ADVANCED_FACE ( 'NONE', ( #4588 ), #1432, .F. ) ;
#1991 = SURFACE_STYLE_USAGE ( .BOTH. , #361 ) ;
#1992 = CARTESIAN_POINT ( 'NONE',  ( 3.700000000000223999, 0.000000000000000000, 9.699999999998452083 ) ) ;
#1993 = EDGE_CURVE ( 'NONE', #1685, #3321, #1864, .T. ) ;
#1994 = PRESENTATION_LAYER_ASSIGNMENT (  '', '', ( #2261 ) ) ;
#1995 = PRESENTATION_LAYER_ASSIGNMENT (  '', '', ( #4471 ) ) ;
#1996 = CARTESIAN_POINT ( 'NONE',  ( 9.400000000000042988, 0.000000000000000000, -3.400000000000076739 ) ) ;
#1997 = PRESENTATION_STYLE_ASSIGNMENT (( #3537 ) ) ;
#1998 = CARTESIAN_POINT ( 'NONE',  ( -5.412132034355907173, 0.000000000000000000, -6.472792206135815185 ) ) ;
#1999 = DIRECTION ( 'NONE',  ( -0.000000000000000000, -1.000000000000000000, -0.000000000000000000 ) ) ;
#2000 = SURFACE_STYLE_USAGE ( .BOTH. , #2766 ) ;
#2001 =( NAMED_UNIT ( * ) SI_UNIT ( $, .STERADIAN. ) SOLID_ANGLE_UNIT ( ) );
#2002 = EDGE_LOOP ( 'NONE', ( #4967, #118, #2848, #4964 ) ) ;
#2003 =( NAMED_UNIT ( * ) PLANE_ANGLE_UNIT ( ) SI_UNIT ( $, .RADIAN. ) );
#2004 = VERTEX_POINT ( 'NONE', #2339 ) ;
#2005 = AXIS2_PLACEMENT_3D ( 'NONE', #1872, #1466, #4328 ) ;
#2006 = FILL_AREA_STYLE_COLOUR ( '', #4198 ) ;
#2007 = CARTESIAN_POINT ( 'NONE',  ( 10.00000000000004974, 60.00000000000000000, -8.500000000000056843 ) ) ;
#2008 = ORIENTED_EDGE ( 'NONE', *, *, #1249, .F. ) ;
#2009 =( LENGTH_UNIT ( ) NAMED_UNIT ( * ) SI_UNIT ( .MILLI., .METRE. ) );
#2010 = DIRECTION ( 'NONE',  ( -0.000000000000000000, -1.000000000000000000, -0.000000000000000000 ) ) ;
#2011 = AXIS2_PLACEMENT_3D ( 'NONE', #2379, #2352, #322 ) ;
#2012 = AXIS2_PLACEMENT_3D ( 'NONE', #2508, #5072, #559 ) ;
#2013 = ORIENTED_EDGE ( 'NONE', *, *, #3811, .T. ) ;
#2014 = ORIENTED_EDGE ( 'NONE', *, *, #3333, .F. ) ;
#2015 = FILL_AREA_STYLE_COLOUR ( '', #1930 ) ;
#2016 =( GEOMETRIC_REPRESENTATION_CONTEXT ( 3 ) GLOBAL_UNCERTAINTY_ASSIGNED_CONTEXT ( ( #2489 ) ) GLOBAL_UNIT_ASSIGNED_CONTEXT ( ( #1966, #3163, #4054 ) ) REPRESENTATION_CONTEXT ( 'NONE', 'WORKASPACE' ) );
#2017 = CARTESIAN_POINT ( 'NONE',  ( 5.900000000000085620, 60.00000000000000000, 2.010912703473928698 ) ) ;
#2018 = DIRECTION ( 'NONE',  ( 1.000000000000000000, -0.000000000000000000, -0.000000000000000000 ) ) ;
#2019 = LINE ( 'NONE', #3669, #3687 ) ;
#2020 = DIRECTION ( 'NONE',  ( -0.000000000000000000, -1.000000000000000000, -0.000000000000000000 ) ) ;
#2021 = CARTESIAN_POINT ( 'NONE',  ( 9.100000000000038725, 0.000000000000000000, -3.100000000000075140 ) ) ;
#2022 = EDGE_CURVE ( 'NONE', #516, #1213, #1918, .T. ) ;
#2023 = CARTESIAN_POINT ( 'NONE',  ( 2.010912703474046381, 60.00000000000000000, -5.900000000000085620 ) ) ;
#2024 = CARTESIAN_POINT ( 'NONE',  ( -6.684924240491593395, 0.000000000000000000, 5.199999999999975309 ) ) ;
#2025 = DIRECTION ( 'NONE',  ( -0.000000000000000000, -1.000000000000000000, -0.000000000000000000 ) ) ;
#2026 = ORIENTED_EDGE ( 'NONE', *, *, #106, .F. ) ;
#2027 = AXIS2_PLACEMENT_3D ( 'NONE', #3131, #4766, #685 ) ;
#2028 = ORIENTED_EDGE ( 'NONE', *, *, #1290, .T. ) ;
#2029 = EDGE_CURVE ( 'NONE', #3363, #1262, #238, .T. ) ;
#2030 = DIRECTION ( 'NONE',  ( 0.000000000000000000, 0.000000000000000000, 1.000000000000000000 ) ) ;
#2031 = DIRECTION ( 'NONE',  ( -0.000000000000000000, -1.000000000000000000, 0.000000000000000000 ) ) ;
#2032 = DIRECTION ( 'NONE',  ( -0.000000000000000000, -1.000000000000000000, -0.000000000000000000 ) ) ;
#2033 = VERTEX_POINT ( 'NONE', #309 ) ;
#2034 = COLOUR_RGB ( '',0.8980392156862745390, 0.9176470588235293713, 0.9294117647058823817 ) ;
#2035 = CARTESIAN_POINT ( 'NONE',  ( 6.684924240491815439, 60.00000000000000000, 5.499999999999921840 ) ) ;
#2036 = EDGE_CURVE ( 'NONE', #452, #139, #3691, .T. ) ;
#2037 = EDGE_LOOP ( 'NONE', ( #759, #4143, #4094, #330 ) ) ;
#2038 = DIRECTION ( 'NONE',  ( 1.000000000000000000, -0.000000000000000000, -0.000000000000000000 ) ) ;
#2039 = PRESENTATION_LAYER_ASSIGNMENT (  '', '', ( #4183 ) ) ;
#2040 = PRESENTATION_LAYER_ASSIGNMENT (  '', '', ( #2663 ) ) ;
#2041 = CARTESIAN_POINT ( 'NONE',  ( -5.899999999999947065, 60.00000000000000000, -2.010912703474032615 ) ) ;
#2042 = VECTOR ( 'NONE', #1743, 1000.000000000000114 ) ;
#2043 = PRESENTATION_STYLE_ASSIGNMENT (( #412 ) ) ;
#2044 = DIRECTION ( 'NONE',  ( -0.000000000000000000, -1.000000000000000000, -0.000000000000000000 ) ) ;
#2045 = DIRECTION ( 'NONE',  ( 0.000000000000000000, 0.000000000000000000, -1.000000000000000000 ) ) ;
#2046 = FACE_OUTER_BOUND ( 'NONE', #4621, .T. ) ;
#2047 = CARTESIAN_POINT ( 'NONE',  ( -9.699999999999779021, 60.00000000000000000, 3.999999999999240163 ) ) ;
#2048 =( GEOMETRIC_REPRESENTATION_CONTEXT ( 3 ) GLOBAL_UNCERTAINTY_ASSIGNED_CONTEXT ( ( #842 ) ) GLOBAL_UNIT_ASSIGNED_CONTEXT ( ( #2322, #4311, #3958 ) ) REPRESENTATION_CONTEXT ( 'NONE', 'WORKASPACE' ) );
#2049 = DIRECTION ( 'NONE',  ( 0.000000000000000000, 0.000000000000000000, 1.000000000000000000 ) ) ;
#2050 = ORIENTED_EDGE ( 'NONE', *, *, #3578, .T. ) ;
#2051 = ADVANCED_FACE ( 'NONE', ( #600 ), #3579, .T. ) ;
#2052 = VERTEX_POINT ( 'NONE', #1535 ) ;
#2053 = MECHANICAL_DESIGN_GEOMETRIC_PRESENTATION_REPRESENTATION (  '', ( #5159 ), #4807 ) ;
#2054 = SURFACE_SIDE_STYLE ('',( #753 ) ) ;
#2055 = FILL_AREA_STYLE_COLOUR ( '', #5175 ) ;
#2056 = ORIENTED_EDGE ( 'NONE', *, *, #4215, .T. ) ;
#2057 =( LENGTH_UNIT ( ) NAMED_UNIT ( * ) SI_UNIT ( .MILLI., .METRE. ) );
#2058 = EDGE_CURVE ( 'NONE', #1936, #4433, #1468, .T. ) ;
#2059 = ORIENTED_EDGE ( 'NONE', *, *, #5131, .F. ) ;
#2060 = VECTOR ( 'NONE', #1275, 1000.000000000000000 ) ;
#2061 = VERTEX_POINT ( 'NONE', #3921 ) ;
#2062 = ORIENTED_EDGE ( 'NONE', *, *, #4674, .T. ) ;
#2063 = DIRECTION ( 'NONE',  ( -0.000000000000000000, -1.000000000000000000, -0.000000000000000000 ) ) ;
#2064 =( LENGTH_UNIT ( ) NAMED_UNIT ( * ) SI_UNIT ( .MILLI., .METRE. ) );
#2065 = VECTOR ( 'NONE', #3851, 1000.000000000000000 ) ;
#2066 = CARTESIAN_POINT ( 'NONE',  ( -8.499999999999966249, 0.000000000000000000, -8.500000000000007105 ) ) ;
#2067 = AXIS2_PLACEMENT_3D ( 'NONE', #3628, #4451, #5260 ) ;
#2068 = STYLED_ITEM ( 'NONE', ( #1973 ), #4731 ) ;
#2069 = FACE_OUTER_BOUND ( 'NONE', #326, .T. ) ;
#2070 =( NAMED_UNIT ( * ) PLANE_ANGLE_UNIT ( ) SI_UNIT ( $, .RADIAN. ) );
#2071 = FILL_AREA_STYLE ('',( #942 ) ) ;
#2072 = CARTESIAN_POINT ( 'NONE',  ( 3.400000000000222400, 0.000000000000000000, 8.199999999998459188 ) ) ;
#2073 = CARTESIAN_POINT ( 'NONE',  ( 5.412132034356129218, 0.000000000000000000, 6.472792206134489135 ) ) ;
#2074 = LINE ( 'NONE', #3313, #2711 ) ;
#2075 = ORIENTED_EDGE ( 'NONE', *, *, #3035, .T. ) ;
#2076 = EDGE_CURVE ( 'NONE', #139, #1346, #1633, .T. ) ;
#2077 = LINE ( 'NONE', #3725, #4049 ) ;
#2078 = ORIENTED_EDGE ( 'NONE', *, *, #3905, .T. ) ;
#2079 = DIRECTION ( 'NONE',  ( 0.000000000000000000, 0.000000000000000000, 1.000000000000000000 ) ) ;
#2080 = ADVANCED_FACE ( 'NONE', ( #4709 ), #260, .F. ) ;
#2081 = CARTESIAN_POINT ( 'NONE',  ( -2.010912703473713314, 60.00000000000000000, 3.899999999998807088 ) ) ;
#2082 = CARTESIAN_POINT ( 'NONE',  ( -9.699999999999779021, 0.000000000000000000, 3.699999999999242117 ) ) ;
#2083 = ORIENTED_EDGE ( 'NONE', *, *, #732, .F. ) ;
#2084 = CARTESIAN_POINT ( 'NONE',  ( -4.485786437626777534, 60.00000000000000000, 3.425126265847075135 ) ) ;
#2085 = ORIENTED_EDGE ( 'NONE', *, *, #4185, .T. ) ;
#2086 = FILL_AREA_STYLE ('',( #2199 ) ) ;
#2087 = EDGE_CURVE ( 'NONE', #2033, #2720, #836, .T. ) ;
#2088 = CIRCLE ( 'NONE', #4142, 2.000000000000002665 ) ;
#2089 = DIRECTION ( 'NONE',  ( -0.000000000000000000, -1.000000000000000000, -0.000000000000000000 ) ) ;
#2090 =( GEOMETRIC_REPRESENTATION_CONTEXT ( 3 ) GLOBAL_UNCERTAINTY_ASSIGNED_CONTEXT ( ( #2938 ) ) GLOBAL_UNIT_ASSIGNED_CONTEXT ( ( #88, #1335, #4684 ) ) REPRESENTATION_CONTEXT ( 'NONE', 'WORKASPACE' ) );
#2091 = ORIENTED_EDGE ( 'NONE', *, *, #67, .F. ) ;
#2092 = ORIENTED_EDGE ( 'NONE', *, *, #2777, .T. ) ;
#2093 = PLANE ( 'NONE',  #3251 ) ;
#2094 = EDGE_CURVE ( 'NONE', #80, #1241, #1125, .T. ) ;
#2095 = DIRECTION ( 'NONE',  ( -1.000000000000000000, 0.000000000000000000, 0.000000000000000000 ) ) ;
#2096 = VECTOR ( 'NONE', #4335, 1000.000000000000000 ) ;
#2097 = CARTESIAN_POINT ( 'NONE',  ( 3.100000000000223910, 60.00000000000000000, 8.499999999998452793 ) ) ;
#2098 = DIRECTION ( 'NONE',  ( 0.000000000000000000, 0.000000000000000000, 1.000000000000000000 ) ) ;
#2099 = DIRECTION ( 'NONE',  ( 0.000000000000000000, 0.000000000000000000, -1.000000000000000000 ) ) ;
#2100 = CARTESIAN_POINT ( 'NONE',  ( 8.500000000000049738, 0.000000000000000000, -10.00000000000007105 ) ) ;
#2101 = PRESENTATION_LAYER_ASSIGNMENT (  '', '', ( #3575 ) ) ;
#2102 = CARTESIAN_POINT ( 'NONE',  ( 5.900000000000085620, 60.00000000000000000, -2.010912703474081020 ) ) ;
#2103 =( NAMED_UNIT ( * ) SI_UNIT ( $, .STERADIAN. ) SOLID_ANGLE_UNIT ( ) );
#2104 = ORIENTED_EDGE ( 'NONE', *, *, #1322, .T. ) ;
#2105 = ORIENTED_EDGE ( 'NONE', *, *, #2363, .F. ) ;
#2106 = SURFACE_STYLE_USAGE ( .BOTH. , #951 ) ;
#2107 = SURFACE_SIDE_STYLE ('',( #1326 ) ) ;
#2108 = ORIENTED_EDGE ( 'NONE', *, *, #1774, .F. ) ;
#2109 = FILL_AREA_STYLE_COLOUR ( '', #3498 ) ;
#2110 = EDGE_LOOP ( 'NONE', ( #4710, #4595, #540, #3074 ) ) ;
#2111 = CARTESIAN_POINT ( 'NONE',  ( -6.684924240491593395, 60.00000000000000000, 5.199999999999975309 ) ) ;
#2112 = CYLINDRICAL_SURFACE ( 'NONE', #4381, 0.3000000000000016542 ) ;
#2113 = VERTEX_POINT ( 'NONE', #4498 ) ;
#2114 = ORIENTED_EDGE ( 'NONE', *, *, #106, .T. ) ;
#2115 = AXIS2_PLACEMENT_3D ( 'NONE', #2846, #2010, #378 ) ;
#2116 = SURFACE_SIDE_STYLE ('',( #4970 ) ) ;
#2117 = EDGE_CURVE ( 'NONE', #2574, #1282, #3271, .T. ) ;
#2118 =( GEOMETRIC_REPRESENTATION_CONTEXT ( 3 ) GLOBAL_UNCERTAINTY_ASSIGNED_CONTEXT ( ( #295 ) ) GLOBAL_UNIT_ASSIGNED_CONTEXT ( ( #909, #4943, #2467 ) ) REPRESENTATION_CONTEXT ( 'NONE', 'WORKASPACE' ) );
#2119 = SURFACE_STYLE_USAGE ( .BOTH. , #3744 ) ;
#2120 = DIRECTION ( 'NONE',  ( 0.000000000000000000, 1.000000000000000000, 0.000000000000000000 ) ) ;
#2121 = PLANE ( 'NONE',  #2707 ) ;
#2122 = EDGE_CURVE ( 'NONE', #4475, #544, #1589, .T. ) ;
#2123 =( LENGTH_UNIT ( ) NAMED_UNIT ( * ) SI_UNIT ( .MILLI., .METRE. ) );
#2124 = STYLED_ITEM ( 'NONE', ( #4808 ), #4382 ) ;
#2125 = AXIS2_PLACEMENT_3D ( 'NONE', #3230, #2444, #2370 ) ;
#2126 = FACE_OUTER_BOUND ( 'NONE', #3926, .T. ) ;
#2127 = CARTESIAN_POINT ( 'NONE',  ( -8.499999999999911182, 0.000000000000000000, -3.100000000000005418 ) ) ;
#2128 =( LENGTH_UNIT ( ) NAMED_UNIT ( * ) SI_UNIT ( .MILLI., .METRE. ) );
#2129 = ORIENTED_EDGE ( 'NONE', *, *, #3270, .T. ) ;
#2130 = VECTOR ( 'NONE', #3205, 1000.000000000000000 ) ;
#2131 = DIRECTION ( 'NONE',  ( -1.000000000000000000, -0.000000000000000000, -0.000000000000000000 ) ) ;
#2132 = STYLED_ITEM ( 'NONE', ( #3032 ), #1182 ) ;
#2133 = DIRECTION ( 'NONE',  ( 1.000000000000000000, 0.000000000000000000, 0.000000000000000000 ) ) ;
#2134 = ORIENTED_EDGE ( 'NONE', *, *, #5243, .F. ) ;
#2135 =( LENGTH_UNIT ( ) NAMED_UNIT ( * ) SI_UNIT ( .MILLI., .METRE. ) );
#2136 = DIRECTION ( 'NONE',  ( -0.000000000000000000, -1.000000000000000000, -0.000000000000000000 ) ) ;
#2137 = FILL_AREA_STYLE_COLOUR ( '', #4823 ) ;
#2138 = ORIENTED_EDGE ( 'NONE', *, *, #4836, .T. ) ;
#2139 = VERTEX_POINT ( 'NONE', #3246 ) ;
#2140 = AXIS2_PLACEMENT_3D ( 'NONE', #5164, #5111, #284 ) ;
#2141 = SURFACE_STYLE_USAGE ( .BOTH. , #2937 ) ;
#2142 =( NAMED_UNIT ( * ) SI_UNIT ( $, .STERADIAN. ) SOLID_ANGLE_UNIT ( ) );
#2143 = ORIENTED_EDGE ( 'NONE', *, *, #4542, .F. ) ;
#2144 = ORIENTED_EDGE ( 'NONE', *, *, #333, .F. ) ;
#2145 = CIRCLE ( 'NONE', #4104, 1.500000000000001332 ) ;
#2146 =( NAMED_UNIT ( * ) PLANE_ANGLE_UNIT ( ) SI_UNIT ( $, .RADIAN. ) );
#2147 = FILL_AREA_STYLE ('',( #3792 ) ) ;
#2148 = VECTOR ( 'NONE', #3827, 1000.000000000000114 ) ;
#2149 = SURFACE_SIDE_STYLE ('',( #1762 ) ) ;
#2150 = ADVANCED_FACE ( 'NONE', ( #5235 ), #375, .F. ) ;
#2151 = DIRECTION ( 'NONE',  ( 0.000000000000000000, 0.000000000000000000, -1.000000000000000000 ) ) ;
#2152 = DIRECTION ( 'NONE',  ( 0.000000000000000000, 0.000000000000000000, -1.000000000000000000 ) ) ;
#2153 = CARTESIAN_POINT ( 'NONE',  ( -3.399999999999750333, 60.00000000000000000, 8.199999999998833999 ) ) ;
#2154 = DIRECTION ( 'NONE',  ( 0.000000000000000000, 0.000000000000000000, -1.000000000000000000 ) ) ;
#2155 = STYLED_ITEM ( 'NONE', ( #1126 ), #1361 ) ;
#2156 = CIRCLE ( 'NONE', #1220, 0.3000000000000007661 ) ;
#2157 = PRESENTATION_LAYER_ASSIGNMENT (  '', '', ( #4307 ) ) ;
#2158 = SURFACE_STYLE_USAGE ( .BOTH. , #3826 ) ;
#2159 = ADVANCED_FACE ( 'NONE', ( #2842 ), #4404, .F. ) ;
#2160 = CARTESIAN_POINT ( 'NONE',  ( -9.399999999999783640, 60.00000000000000000, 3.399999999999288924 ) ) ;
#2161 = DIRECTION ( 'NONE',  ( 0.000000000000000000, 0.000000000000000000, -1.000000000000000000 ) ) ;
#2162 = ORIENTED_EDGE ( 'NONE', *, *, #3553, .F. ) ;
#2163 = PRESENTATION_STYLE_ASSIGNMENT (( #947 ) ) ;
#2164 = STYLED_ITEM ( 'NONE', ( #2899 ), #605 ) ;
#2165 = CIRCLE ( 'NONE', #4825, 0.3000000000000120348 ) ;
#2166 = DIRECTION ( 'NONE',  ( 0.000000000000000000, 1.000000000000000000, -0.000000000000000000 ) ) ;
#2167 = ORIENTED_EDGE ( 'NONE', *, *, #1036, .T. ) ;
#2168 = PRESENTATION_LAYER_ASSIGNMENT (  '', '', ( #798 ) ) ;
#2169 = FILL_AREA_STYLE_COLOUR ( '', #3863 ) ;
#2170 = EDGE_LOOP ( 'NONE', ( #2104, #4683 ) ) ;
#2171 = LINE ( 'NONE', #3022, #4614 ) ;
#2172 = PRESENTATION_LAYER_ASSIGNMENT (  '', '', ( #1329 ) ) ;
#2173 = ORIENTED_EDGE ( 'NONE', *, *, #4484, .T. ) ;
#2174 = CARTESIAN_POINT ( 'NONE',  ( 10.00000000000024514, 60.00000000000000000, 3.999999999998303579 ) ) ;
#2175 = EDGE_LOOP ( 'NONE', ( #3580, #4953, #510, #1465 ) ) ;
#2176 = ORIENTED_EDGE ( 'NONE', *, *, #4979, .F. ) ;
#2177 =( GEOMETRIC_REPRESENTATION_CONTEXT ( 3 ) GLOBAL_UNCERTAINTY_ASSIGNED_CONTEXT ( ( #275 ) ) GLOBAL_UNIT_ASSIGNED_CONTEXT ( ( #1411, #3087, #1050 ) ) REPRESENTATION_CONTEXT ( 'NONE', 'WORKASPACE' ) );
#2178 = PLANE ( 'NONE',  #3565 ) ;
#2179 = STYLED_ITEM ( 'NONE', ( #4138 ), #822 ) ;
#2180 = STYLED_ITEM ( 'NONE', ( #5198 ), #3308 ) ;
#2181 = CARTESIAN_POINT ( 'NONE',  ( -8.199999999999912248, 0.000000000000000000, -3.400000000000007017 ) ) ;
#2182 = EDGE_CURVE ( 'NONE', #1694, #1099, #4172, .T. ) ;
#2183 = CARTESIAN_POINT ( 'NONE',  ( 3.400000000000055866, 60.00000000000000000, -8.200000000000036593 ) ) ;
#2184 = STYLED_ITEM ( 'NONE', ( #490 ), #3415 ) ;
#2185 = CIRCLE ( 'NONE', #5027, 0.2999999999999947153 ) ;
#2186 = SURFACE_STYLE_USAGE ( .BOTH. , #1028 ) ;
#2187 = DIRECTION ( 'NONE',  ( 0.000000000000000000, 0.000000000000000000, -1.000000000000000000 ) ) ;
#2188 = DIRECTION ( 'NONE',  ( -0.000000000000000000, -1.000000000000000000, -0.000000000000000000 ) ) ;
#2189 = PRESENTATION_LAYER_ASSIGNMENT (  '', '', ( #3153 ) ) ;
#2190 = EDGE_CURVE ( 'NONE', #3387, #3275, #4523, .T. ) ;
#2191 = ORIENTED_EDGE ( 'NONE', *, *, #5273, .T. ) ;
#2192 = UNCERTAINTY_MEASURE_WITH_UNIT (LENGTH_MEASURE( 1.000000000000000082E-05 ), #527, 'distance_accuracy_value', 'NONE');
#2193 = LINE ( 'NONE', #3438, #3132 ) ;
#2194 = PLANE ( 'NONE',  #3110 ) ;
#2195 = DIRECTION ( 'NONE',  ( 0.000000000000000000, 1.000000000000000000, 0.000000000000000000 ) ) ;
#2196 = ORIENTED_EDGE ( 'NONE', *, *, #4794, .T. ) ;
#2197 = EDGE_CURVE ( 'NONE', #5196, #1695, #1472, .T. ) ;
#2198 = ORIENTED_EDGE ( 'NONE', *, *, #2995, .T. ) ;
#2199 = FILL_AREA_STYLE_COLOUR ( '', #1921 ) ;
#2200 = ORIENTED_EDGE ( 'NONE', *, *, #1359, .T. ) ;
#2201 = ORIENTED_EDGE ( 'NONE', *, *, #2076, .F. ) ;
#2202 = SURFACE_STYLE_USAGE ( .BOTH. , #209 ) ;
#2203 =( LENGTH_UNIT ( ) NAMED_UNIT ( * ) SI_UNIT ( .MILLI., .METRE. ) );
#2204 = ADVANCED_FACE ( 'NONE', ( #1374 ), #1689, .F. ) ;
#2205 = FACE_OUTER_BOUND ( 'NONE', #4019, .T. ) ;
#2206 = LINE ( 'NONE', #994, #2497 ) ;
#2207 = FILL_AREA_STYLE ('',( #5119 ) ) ;
#2208 = UNCERTAINTY_MEASURE_WITH_UNIT (LENGTH_MEASURE( 1.000000000000000082E-05 ), #2520, 'distance_accuracy_value', 'NONE');
#2209 = LINE ( 'NONE', #219, #3385 ) ;
#2210 =( NAMED_UNIT ( * ) PLANE_ANGLE_UNIT ( ) SI_UNIT ( $, .RADIAN. ) );
#2211 = FACE_OUTER_BOUND ( 'NONE', #1454, .T. ) ;
#2212 = FILL_AREA_STYLE ('',( #1029 ) ) ;
#2213 = DIRECTION ( 'NONE',  ( 0.000000000000000000, 0.000000000000000000, -1.000000000000000000 ) ) ;
#2214 = CARTESIAN_POINT ( 'NONE',  ( -5.499999999999953815, 60.00000000000000000, -6.684924240491780800 ) ) ;
#2215 =( LENGTH_UNIT ( ) NAMED_UNIT ( * ) SI_UNIT ( .MILLI., .METRE. ) );
#2216 = SURFACE_STYLE_USAGE ( .BOTH. , #592 ) ;
#2217 = COLOUR_RGB ( '',0.8980392156862745390, 0.9176470588235293713, 0.9294117647058823817 ) ;
#2218 = DIRECTION ( 'NONE',  ( -0.000000000000000000, -1.000000000000000000, -0.000000000000000000 ) ) ;
#2219 = COLOUR_RGB ( '',0.8980392156862745390, 0.9176470588235293713, 0.9294117647058823817 ) ;
#2220 = CARTESIAN_POINT ( 'NONE',  ( -5.499999999999963585, 60.00000000000000000, -7.900000000000018119 ) ) ;
#2221 = FILL_AREA_STYLE_COLOUR ( '', #282 ) ;
#2222 = LINE ( 'NONE', #3045, #796 ) ;
#2223 = ORIENTED_EDGE ( 'NONE', *, *, #4701, .F. ) ;
#2224 = ADVANCED_FACE ( 'NONE', ( #2966 ), #2194, .F. ) ;
#2225 = STYLED_ITEM ( 'NONE', ( #182 ), #938 ) ;
#2226 = AXIS2_PLACEMENT_3D ( 'NONE', #1551, #4033, #4078 ) ;
#2227 = ORIENTED_EDGE ( 'NONE', *, *, #5069, .F. ) ;
#2228 = CARTESIAN_POINT ( 'NONE',  ( 5.200000000000162714, 60.00000000000000000, 6.684924240490455638 ) ) ;
#2229 = ORIENTED_EDGE ( 'NONE', *, *, #4667, .F. ) ;
#2230 = ORIENTED_EDGE ( 'NONE', *, *, #2929, .T. ) ;
#2231 = EDGE_CURVE ( 'NONE', #4481, #5114, #3782, .T. ) ;
#2232 = CARTESIAN_POINT ( 'NONE',  ( -9.699999999999779021, 60.00000000000000000, 3.699999999999242117 ) ) ;
#2233 =( NAMED_UNIT ( * ) PLANE_ANGLE_UNIT ( ) SI_UNIT ( $, .RADIAN. ) );
#2234 = PRESENTATION_LAYER_ASSIGNMENT (  '', '', ( #965 ) ) ;
#2235 = DIRECTION ( 'NONE',  ( -0.000000000000000000, -1.000000000000000000, -0.000000000000000000 ) ) ;
#2236 = CARTESIAN_POINT ( 'NONE',  ( 8.200000000000025935, 60.00000000000000000, -5.200000000000079226 ) ) ;
#2237 = VECTOR ( 'NONE', #3169, 1000.000000000000000 ) ;
#2238 = CARTESIAN_POINT ( 'NONE',  ( 8.200000000000036593, 60.00000000000000000, 3.399999999999923972 ) ) ;
#2239 = VECTOR ( 'NONE', #2650, 1000.000000000000000 ) ;
#2240 = CARTESIAN_POINT ( 'NONE',  ( 9.700000000000027711, 60.00000000000000000, -3.700000000000057465 ) ) ;
#2241 = DIRECTION ( 'NONE',  ( 0.000000000000000000, 1.000000000000000000, 0.000000000000000000 ) ) ;
#2242 = DIRECTION ( 'NONE',  ( -0.7071067811865482389, 0.000000000000000000, 0.7071067811865469066 ) ) ;
#2243 = STYLED_ITEM ( 'NONE', ( #1015 ), #2710 ) ;
#2244 = CARTESIAN_POINT ( 'NONE',  ( -5.499999999999745093, 0.000000000000000000, 7.899999999998831512 ) ) ;
#2245 = AXIS2_PLACEMENT_3D ( 'NONE', #3121, #1502, #1928 ) ;
#2246 = MECHANICAL_DESIGN_GEOMETRIC_PRESENTATION_REPRESENTATION (  '', ( #2945 ), #633 ) ;
#2247 = DIRECTION ( 'NONE',  ( -0.000000000000000000, -1.000000000000000000, -0.000000000000000000 ) ) ;
#2248 = MECHANICAL_DESIGN_GEOMETRIC_PRESENTATION_REPRESENTATION (  '', ( #5006 ), #5094 ) ;
#2249 = DIRECTION ( 'NONE',  ( 0.000000000000000000, 0.000000000000000000, -1.000000000000000000 ) ) ;
#2250 = DIRECTION ( 'NONE',  ( 0.000000000000000000, 0.000000000000000000, 1.000000000000000000 ) ) ;
#2251 = EDGE_CURVE ( 'NONE', #5288, #406, #5051, .T. ) ;
#2253 = COLOUR_RGB ( '',0.8980392156862745390, 0.9176470588235293713, 0.9294117647058823817 ) ;
#2252 = CARTESIAN_POINT ( 'NONE',  ( 5.500000000000175859, 60.00000000000000000, 6.684924240490220271 ) ) ;
#2254 = CARTESIAN_POINT ( 'NONE',  ( -3.425126265846824225, 0.000000000000000000, 4.485786437625724155 ) ) ;
#2255 = ORIENTED_EDGE ( 'NONE', *, *, #4127, .T. ) ;
#2256 =( NAMED_UNIT ( * ) PLANE_ANGLE_UNIT ( ) SI_UNIT ( $, .RADIAN. ) );
#2257 = VECTOR ( 'NONE', #4091, 1000.000000000000000 ) ;
#2258 = ORIENTED_EDGE ( 'NONE', *, *, #1906, .T. ) ;
#2259 = AXIS2_PLACEMENT_3D ( 'NONE', #2111, #4206, #514 ) ;
#2260 = ORIENTED_EDGE ( 'NONE', *, *, #1234, .F. ) ;
#2261 = STYLED_ITEM ( 'NONE', ( #4061 ), #5191 ) ;
#2262 = MECHANICAL_DESIGN_GEOMETRIC_PRESENTATION_REPRESENTATION (  '', ( #5246 ), #1485 ) ;
#2263 = DIRECTION ( 'NONE',  ( 0.000000000000000000, 0.000000000000000000, -1.000000000000000000 ) ) ;
#2264 = SURFACE_STYLE_FILL_AREA ( #1096 ) ;
#2265 = ADVANCED_FACE ( 'NONE', ( #1452 ), #2659, .F. ) ;
#2266 = PRODUCT_DEFINITION_FORMATION_WITH_SPECIFIED_SOURCE ( '任何', '', #2811, .NOT_KNOWN. ) ;
#2267 = SURFACE_STYLE_FILL_AREA ( #3903 ) ;
#2268 =( NAMED_UNIT ( * ) SI_UNIT ( $, .STERADIAN. ) SOLID_ANGLE_UNIT ( ) );
#2269 = EDGE_CURVE ( 'NONE', #545, #544, #2145, .T. ) ;
#2270 = FILL_AREA_STYLE_COLOUR ( '', #608 ) ;
#2271 = DIRECTION ( 'NONE',  ( 0.000000000000000000, 0.000000000000000000, -1.000000000000000000 ) ) ;
#2272 = FILL_AREA_STYLE ('',( #1948 ) ) ;
#2273 = CYLINDRICAL_SURFACE ( 'NONE', #1655, 0.3000000000000016542 ) ;
#2274 = DIRECTION ( 'NONE',  ( -0.000000000000000000, -1.000000000000000000, -0.000000000000000000 ) ) ;
#2275 =( LENGTH_UNIT ( ) NAMED_UNIT ( * ) SI_UNIT ( .MILLI., .METRE. ) );
#2276 =( LENGTH_UNIT ( ) NAMED_UNIT ( * ) SI_UNIT ( .MILLI., .METRE. ) );
#2277 =( LENGTH_UNIT ( ) NAMED_UNIT ( * ) SI_UNIT ( .MILLI., .METRE. ) );
#2278 = VERTEX_POINT ( 'NONE', #3889 ) ;
#2279 = CARTESIAN_POINT ( 'NONE',  ( -9.699999999999779021, 60.00000000000000000, 3.399999999999244071 ) ) ;
#2280 =( GEOMETRIC_REPRESENTATION_CONTEXT ( 3 ) GLOBAL_UNCERTAINTY_ASSIGNED_CONTEXT ( ( #407 ) ) GLOBAL_UNIT_ASSIGNED_CONTEXT ( ( #788, #2758, #1989 ) ) REPRESENTATION_CONTEXT ( 'NONE', 'WORKASPACE' ) );
#2281 = ORIENTED_EDGE ( 'NONE', *, *, #4081, .T. ) ;
#2282 = DIRECTION ( 'NONE',  ( 0.000000000000000000, 0.000000000000000000, -1.000000000000000000 ) ) ;
#2283 = EDGE_LOOP ( 'NONE', ( #3949, #959, #3304, #5309 ) ) ;
#2284 = PRESENTATION_STYLE_ASSIGNMENT (( #1018 ) ) ;
#2285 = AXIS2_PLACEMENT_3D ( 'NONE', #5026, #538, #1294 ) ;
#2286 = CARTESIAN_POINT ( 'NONE',  ( 2.010912703474351915, 60.00000000000000000, 5.899999999998621902 ) ) ;
#2287 =( LENGTH_UNIT ( ) NAMED_UNIT ( * ) SI_UNIT ( .MILLI., .METRE. ) );
#2288 = FILL_AREA_STYLE ('',( #3486 ) ) ;
#2289 = ORIENTED_EDGE ( 'NONE', *, *, #1523, .F. ) ;
#2290 = COLOUR_RGB ( '',0.8980392156862745390, 0.9176470588235293713, 0.9294117647058823817 ) ;
#2291 = DIRECTION ( 'NONE',  ( -0.000000000000000000, -1.000000000000000000, -0.000000000000000000 ) ) ;
#2292 = EDGE_CURVE ( 'NONE', #4649, #1193, #303, .T. ) ;
#2293 =( LENGTH_UNIT ( ) NAMED_UNIT ( * ) SI_UNIT ( .MILLI., .METRE. ) );
#2294 = DIRECTION ( 'NONE',  ( -1.000000000000000000, 0.000000000000000000, 0.000000000000000000 ) ) ;
#2295 = DIRECTION ( 'NONE',  ( 1.000000000000000000, 0.000000000000000000, 0.000000000000000000 ) ) ;
#2296 = ADVANCED_FACE ( 'NONE', ( #1910 ), #2719, .F. ) ;
#2297 = AXIS2_PLACEMENT_3D ( 'NONE', #4502, #4146, #986 ) ;
#2298 = FACE_OUTER_BOUND ( 'NONE', #1405, .T. ) ;
#2299 = CARTESIAN_POINT ( 'NONE',  ( -3.399999999999972378, 0.000000000000000000, -9.400000000000046541 ) ) ;
#2300 = UNCERTAINTY_MEASURE_WITH_UNIT (LENGTH_MEASURE( 1.000000000000000082E-05 ), #2691, 'distance_accuracy_value', 'NONE');
#2301 = CARTESIAN_POINT ( 'NONE',  ( 9.700000000000027711, 0.000000000000000000, -3.700000000000057465 ) ) ;
#2302 =( NAMED_UNIT ( * ) PLANE_ANGLE_UNIT ( ) SI_UNIT ( $, .RADIAN. ) );
#2303 = CARTESIAN_POINT ( 'NONE',  ( -8.499999999999966249, 60.00000000000000000, -8.500000000000007105 ) ) ;
#2304 = ORIENTED_EDGE ( 'NONE', *, *, #467, .F. ) ;
#2305 = CARTESIAN_POINT ( 'NONE',  ( 9.700000000000027711, 60.00000000000000000, 3.399999999998300382 ) ) ;
#2306 = ORIENTED_EDGE ( 'NONE', *, *, #2036, .F. ) ;
#2307 = DIRECTION ( 'NONE',  ( 0.000000000000000000, 0.000000000000000000, 1.000000000000000000 ) ) ;
#2308 = FILL_AREA_STYLE ('',( #1092 ) ) ;
#2309 = ORIENTED_EDGE ( 'NONE', *, *, #635, .T. ) ;
#2310 = AXIS2_PLACEMENT_3D ( 'NONE', #5295, #1120, #1546 ) ;
#2311 = CARTESIAN_POINT ( 'NONE',  ( -9.099999999999926814, 60.00000000000000000, -3.099999999999988098 ) ) ;
#2312 = VECTOR ( 'NONE', #5141, 1000.000000000000000 ) ;
#2313 = PRESENTATION_STYLE_ASSIGNMENT (( #2699 ) ) ;
#2314 = CIRCLE ( 'NONE', #5066, 0.2999999999999947153 ) ;
#2315 = ORIENTED_EDGE ( 'NONE', *, *, #4888, .T. ) ;
#2316 = CARTESIAN_POINT ( 'NONE',  ( 5.200000000000162714, 60.00000000000000000, 7.899999999998456701 ) ) ;
#2317 = CARTESIAN_POINT ( 'NONE',  ( -6.684924240491676883, 60.00000000000000000, -5.200000000000024158 ) ) ;
#2318 = ADVANCED_FACE ( 'NONE', ( #1931 ), #1398, .T. ) ;
#2319 = CARTESIAN_POINT ( 'NONE',  ( 7.900000000000032330, 0.000000000000000000, -5.200000000000079226 ) ) ;
#2320 = LINE ( 'NONE', #5150, #2439 ) ;
#2321 = UNCERTAINTY_MEASURE_WITH_UNIT (LENGTH_MEASURE( 1.000000000000000082E-05 ), #1225, 'distance_accuracy_value', 'NONE');
#2322 =( LENGTH_UNIT ( ) NAMED_UNIT ( * ) SI_UNIT ( .MILLI., .METRE. ) );
#2323 = CARTESIAN_POINT ( 'NONE',  ( -5.499999999999741540, 60.00000000000000000, 6.684924240490566660 ) ) ;
#2324 = EDGE_CURVE ( 'NONE', #2405, #2853, #6, .T. ) ;
#2325 = FILL_AREA_STYLE_COLOUR ( '', #1566 ) ;
#2326 = EDGE_CURVE ( 'NONE', #5170, #83, #747, .T. ) ;
#2327 = VECTOR ( 'NONE', #4607, 1000.000000000000000 ) ;
#2328 = PRESENTATION_STYLE_ASSIGNMENT (( #3070 ) ) ;
#2329 = FILL_AREA_STYLE ('',( #3123 ) ) ;
#2330 = ORIENTED_EDGE ( 'NONE', *, *, #2117, .F. ) ;
#2331 = CYLINDRICAL_SURFACE ( 'NONE', #5286, 0.2999999999999981570 ) ;
#2332 = MECHANICAL_DESIGN_GEOMETRIC_PRESENTATION_REPRESENTATION (  '', ( #3199 ), #3535 ) ;
#2333 = AXIS2_PLACEMENT_3D ( 'NONE', #2319, #765, #1575 ) ;
#2334 = ORIENTED_EDGE ( 'NONE', *, *, #1085, .T. ) ;
#2335 = EDGE_CURVE ( 'NONE', #5196, #4233, #418, .T. ) ;
#2336 = AXIS2_PLACEMENT_3D ( 'NONE', #5126, #3466, #4720 ) ;
#2337 = LINE ( 'NONE', #5138, #4274 ) ;
#2338 = AXIS2_PLACEMENT_3D ( 'NONE', #497, #2922, #4578 ) ;
#2339 = CARTESIAN_POINT ( 'NONE',  ( 6.472792206135851600, 60.00000000000000000, 5.412132034355887633 ) ) ;
#2340 = ORIENTED_EDGE ( 'NONE', *, *, #306, .T. ) ;
#2341 = CARTESIAN_POINT ( 'NONE',  ( 3.400000000000222400, 60.00000000000000000, 8.499999999998459899 ) ) ;
#2342 = CIRCLE ( 'NONE', #2948, 0.3000000000000849210 ) ;
#2343 = AXIS2_PLACEMENT_3D ( 'NONE', #561, #2596, #4227 ) ;
#2344 = CARTESIAN_POINT ( 'NONE',  ( -4.485786437626777534, 0.000000000000000000, 3.425126265847075135 ) ) ;
#2345 = ORIENTED_EDGE ( 'NONE', *, *, #416, .T. ) ;
#2346 = AXIS2_PLACEMENT_3D ( 'NONE', #3234, #3960, #1927 ) ;
#2347 = AXIS2_PLACEMENT_3D ( 'NONE', #1366, #913, #4922 ) ;
#2348 = DIRECTION ( 'NONE',  ( 0.7071067811865475727, 0.000000000000000000, -0.7071067811865475727 ) ) ;
#2349 =( LENGTH_UNIT ( ) NAMED_UNIT ( * ) SI_UNIT ( .MILLI., .METRE. ) );
#2350 = DIRECTION ( 'NONE',  ( 0.000000000000000000, 0.000000000000000000, 1.000000000000000000 ) ) ;
#2351 = CARTESIAN_POINT ( 'NONE',  ( -8.200000000000255085, 0.000000000000000000, 5.199999999999232791 ) ) ;
#2352 = DIRECTION ( 'NONE',  ( -1.000000000000000000, 0.000000000000000000, 0.000000000000000000 ) ) ;
#2353 = ORIENTED_EDGE ( 'NONE', *, *, #2798, .T. ) ;
#2354 = LINE ( 'NONE', #5185, #56 ) ;
#2355 = ADVANCED_FACE ( 'NONE', ( #4010, #346 ), #3264, .F. ) ;
#2356 = AXIS2_PLACEMENT_3D ( 'NONE', #3723, #1684, #45 ) ;
#2357 = VECTOR ( 'NONE', #1020, 1000.000000000000000 ) ;
#2358 = ORIENTED_EDGE ( 'NONE', *, *, #145, .F. ) ;
#2359 =( NAMED_UNIT ( * ) PLANE_ANGLE_UNIT ( ) SI_UNIT ( $, .RADIAN. ) );
#2360 = SURFACE_STYLE_USAGE ( .BOTH. , #2054 ) ;
#2361 = VERTEX_POINT ( 'NONE', #1160 ) ;
#2362 = CIRCLE ( 'NONE', #4591, 0.3000000000000016542 ) ;
#2363 = EDGE_CURVE ( 'NONE', #3151, #2382, #724, .T. ) ;
#2364 = CARTESIAN_POINT ( 'NONE',  ( -9.999999999999772626, 60.00000000000000000, 3.999999999999240163 ) ) ;
#2365 = ORIENTED_EDGE ( 'NONE', *, *, #4484, .F. ) ;
#2366 =( GEOMETRIC_REPRESENTATION_CONTEXT ( 3 ) GLOBAL_UNCERTAINTY_ASSIGNED_CONTEXT ( ( #4042 ) ) GLOBAL_UNIT_ASSIGNED_CONTEXT ( ( #646, #1047, #216 ) ) REPRESENTATION_CONTEXT ( 'NONE', 'WORKASPACE' ) );
#2367 = EDGE_LOOP ( 'NONE', ( #4838, #2085, #1668, #4349, #4123, #5134, #4429, #4292, #4073, #1636, #786, #1109, #4761, #2694, #4551, #680, #5284, #3992, #1115, #1433, #3971, #773, #3344, #2799, #2258, #2407, #2973, #1295, #4067, #2345, #2784, #2075, #2986, #5261, #3544, #5233, #1654, #86, #4933, #1171, #5052, #422, #2872, #1607, #960, #1828, #2281, #838, #3867, #3394, #2198, #3419, #1061, #2725, #2315, #4635, #4811, #5207, #3787, #1205, #1664, #427, #1725, #2309, #3890, #1511, #2078, #2191, #151, #2510, #4866, #3784, #3520, #3198, #4472, #987, #2827, #3455, #5032, #3354, #601, #356, #1258, #4097, #568, #3736, #488, #1642, #4764, #2747, #3635, #2013, #4968, #3650, #2380, #55, #4457, #4926, #3705, #5015, #4153, #806, #4070, #1162 ) ) ;
#2368 = DIRECTION ( 'NONE',  ( 0.000000000000000000, 0.000000000000000000, 1.000000000000000000 ) ) ;
#2369 = EDGE_CURVE ( 'NONE', #1960, #4409, #2768, .T. ) ;
#2370 = DIRECTION ( 'NONE',  ( 0.000000000000000000, 0.000000000000000000, -1.000000000000000000 ) ) ;
#2371 = VECTOR ( 'NONE', #4526, 1000.000000000000000 ) ;
#2372 = CARTESIAN_POINT ( 'NONE',  ( 8.500000000000049738, 60.00000000000000000, 3.099999999999922373 ) ) ;
#2373 = PRESENTATION_STYLE_ASSIGNMENT (( #5297 ) ) ;
#2374 = DIRECTION ( 'NONE',  ( -0.000000000000000000, -1.000000000000000000, -0.000000000000000000 ) ) ;
#2375 = FILL_AREA_STYLE_COLOUR ( '', #2410 ) ;
#2376 = DIRECTION ( 'NONE',  ( 0.000000000000000000, 0.000000000000000000, -1.000000000000000000 ) ) ;
#2377 = DIRECTION ( 'NONE',  ( -0.000000000000000000, -1.000000000000000000, -0.000000000000000000 ) ) ;
#2378 = AXIS2_PLACEMENT_3D ( 'NONE', #750, #2838, #2381 ) ;
#2379 = CARTESIAN_POINT ( 'NONE',  ( 10.00000000000004974, 60.00000000000000000, -8.500000000000056843 ) ) ;
#2380 = ORIENTED_EDGE ( 'NONE', *, *, #5225, .T. ) ;
#2381 = DIRECTION ( 'NONE',  ( 1.000000000000000000, 0.000000000000000000, -0.000000000000000000 ) ) ;
#2382 = VERTEX_POINT ( 'NONE', #2428 ) ;
#2383 = STYLED_ITEM ( 'NONE', ( #5005 ), #1164 ) ;
#2384 = PLANE ( 'NONE',  #4994 ) ;
#2385 = EDGE_CURVE ( 'NONE', #4074, #930, #4643, .T. ) ;
#2386 = CARTESIAN_POINT ( 'NONE',  ( -3.399999999999944844, 60.00000000000000000, -8.200000000000020606 ) ) ;
#2387 = SURFACE_SIDE_STYLE ('',( #811 ) ) ;
#2388 = CYLINDRICAL_SURFACE ( 'NONE', #2297, 2.000000000000002665 ) ;
#2389 = LINE ( 'NONE', #4023, #171 ) ;
#2390 = MECHANICAL_DESIGN_GEOMETRIC_PRESENTATION_REPRESENTATION (  '', ( #4183 ), #688 ) ;
#2391 = ORIENTED_EDGE ( 'NONE', *, *, #5225, .F. ) ;
#2392 = EDGE_CURVE ( 'NONE', #3384, #516, #875, .T. ) ;
#2393 = ORIENTED_EDGE ( 'NONE', *, *, #4701, .T. ) ;
#2394 = CIRCLE ( 'NONE', #3846, 0.2999999999999981570 ) ;
#2395 = COLOUR_RGB ( '',0.8980392156862745390, 0.9176470588235293713, 0.9294117647058823817 ) ;
#2396 =( NAMED_UNIT ( * ) SI_UNIT ( $, .STERADIAN. ) SOLID_ANGLE_UNIT ( ) );
#2397 = SURFACE_STYLE_USAGE ( .BOTH. , #4385 ) ;
#2398 = SURFACE_STYLE_USAGE ( .BOTH. , #766 ) ;
#2399 =( LENGTH_UNIT ( ) NAMED_UNIT ( * ) SI_UNIT ( .MILLI., .METRE. ) );
#2400 = MECHANICAL_DESIGN_GEOMETRIC_PRESENTATION_REPRESENTATION (  '', ( #433 ), #5073 ) ;
#2401 = DIRECTION ( 'NONE',  ( -0.000000000000000000, -1.000000000000000000, -0.000000000000000000 ) ) ;
#2402 = FILL_AREA_STYLE ('',( #347 ) ) ;
#2403 = ORIENTED_EDGE ( 'NONE', *, *, #1880, .T. ) ;
#2404 = FACE_OUTER_BOUND ( 'NONE', #1456, .T. ) ;
#2405 = VERTEX_POINT ( 'NONE', #2452 ) ;
#2406 = CIRCLE ( 'NONE', #630, 0.2999999999999947153 ) ;
#2407 = ORIENTED_EDGE ( 'NONE', *, *, #2734, .T. ) ;
#2408 = DIRECTION ( 'NONE',  ( -0.000000000000000000, -1.000000000000000000, -0.000000000000000000 ) ) ;
#2409 = VERTEX_POINT ( 'NONE', #4083 ) ;
#2410 = COLOUR_RGB ( '',0.8980392156862745390, 0.9176470588235293713, 0.9294117647058823817 ) ;
#2411 = STYLED_ITEM ( 'NONE', ( #4309 ), #327 ) ;
#2412 = PRESENTATION_LAYER_ASSIGNMENT (  '', '', ( #2422 ) ) ;
#2413 = ORIENTED_EDGE ( 'NONE', *, *, #1679, .F. ) ;
#2414 = COLOUR_RGB ( '',0.8980392156862745390, 0.9176470588235293713, 0.9294117647058823817 ) ;
#2415 = EDGE_CURVE ( 'NONE', #934, #3619, #1529, .T. ) ;
#2416 = MECHANICAL_DESIGN_GEOMETRIC_PRESENTATION_REPRESENTATION (  '', ( #3885 ), #119 ) ;
#2417 = CARTESIAN_POINT ( 'NONE',  ( -3.699999999999731060, 60.00000000000000000, 9.699999999998848210 ) ) ;
#2418 = FILL_AREA_STYLE ('',( #3211 ) ) ;
#2419 = DIRECTION ( 'NONE',  ( -0.000000000000000000, -1.000000000000000000, -0.000000000000000000 ) ) ;
#2420 = MECHANICAL_DESIGN_GEOMETRIC_PRESENTATION_REPRESENTATION (  '', ( #458 ), #4052 ) ;
#2421 = EDGE_CURVE ( 'NONE', #1133, #3018, #4164, .T. ) ;
#2422 = STYLED_ITEM ( 'NONE', ( #2718 ), #4597 ) ;
#2423 = DIRECTION ( 'NONE',  ( 0.000000000000000000, 0.000000000000000000, -1.000000000000000000 ) ) ;
#2424 = SURFACE_STYLE_FILL_AREA ( #241 ) ;
#2425 = SURFACE_STYLE_USAGE ( .BOTH. , #3985 ) ;
#2426 = SURFACE_SIDE_STYLE ('',( #3215 ) ) ;
#2427 =( NAMED_UNIT ( * ) SI_UNIT ( $, .STERADIAN. ) SOLID_ANGLE_UNIT ( ) );
#2428 = CARTESIAN_POINT ( 'NONE',  ( 7.900000000000032330, 0.000000000000000000, -5.500000000000074607 ) ) ;
#2429 = SURFACE_STYLE_USAGE ( .BOTH. , #3618 ) ;
#2430 = EDGE_LOOP ( 'NONE', ( #3731, #2162, #667, #2607 ) ) ;
#2431 = UNCERTAINTY_MEASURE_WITH_UNIT (LENGTH_MEASURE( 1.000000000000000082E-05 ), #1870, 'distance_accuracy_value', 'NONE');
#2432 = ORIENTED_EDGE ( 'NONE', *, *, #1703, .F. ) ;
#2433 = ORIENTED_EDGE ( 'NONE', *, *, #2324, .F. ) ;
#2434 =( NAMED_UNIT ( * ) SI_UNIT ( $, .STERADIAN. ) SOLID_ANGLE_UNIT ( ) );
#2435 = DIRECTION ( 'NONE',  ( 0.000000000000000000, 1.000000000000000000, 0.000000000000000000 ) ) ;
#2436 = AXIS2_PLACEMENT_3D ( 'NONE', #75, #2960, #2187 ) ;
#2437 = CARTESIAN_POINT ( 'NONE',  ( 2.010912703474351915, 0.000000000000000000, 5.899999999998621902 ) ) ;
#2438 = ORIENTED_EDGE ( 'NONE', *, *, #2415, .T. ) ;
#2439 = VECTOR ( 'NONE', #1471, 1000.000000000000000 ) ;
#2440 = ORIENTED_EDGE ( 'NONE', *, *, #421, .F. ) ;
#2441 = LINE ( 'NONE', #1301, #4413 ) ;
#2442 = AXIS2_PLACEMENT_3D ( 'NONE', #3489, #997, #2615 ) ;
#2443 = CIRCLE ( 'NONE', #1176, 1.499999999999845235 ) ;
#2444 = DIRECTION ( 'NONE',  ( -0.000000000000000000, -1.000000000000000000, 0.000000000000000000 ) ) ;
#2445 = EDGE_CURVE ( 'NONE', #5053, #1346, #4545, .T. ) ;
#2446 = DIRECTION ( 'NONE',  ( 0.000000000000000000, 1.000000000000000000, 0.000000000000000000 ) ) ;
#2447 = CYLINDRICAL_SURFACE ( 'NONE', #438, 0.2999999999999990452 ) ;
#2448 =( LENGTH_UNIT ( ) NAMED_UNIT ( * ) SI_UNIT ( .MILLI., .METRE. ) );
#2449 = CARTESIAN_POINT ( 'NONE',  ( 8.200000000000025935, 60.00000000000000000, -3.400000000000076739 ) ) ;
#2450 = CARTESIAN_POINT ( 'NONE',  ( 3.100000000000227462, 60.00000000000000000, 9.099999999998455991 ) ) ;
#2451 = EDGE_CURVE ( 'NONE', #2970, #1757, #99, .T. ) ;
#2452 = CARTESIAN_POINT ( 'NONE',  ( -5.412132034355907173, 60.00000000000000000, -6.472792206135815185 ) ) ;
#2453 = ORIENTED_EDGE ( 'NONE', *, *, #4095, .F. ) ;
#2454 = ORIENTED_EDGE ( 'NONE', *, *, #2920, .T. ) ;
#2455 = CARTESIAN_POINT ( 'NONE',  ( -5.499999999999741540, 60.00000000000000000, 7.899999999998831512 ) ) ;
#2456 = DIRECTION ( 'NONE',  ( -0.000000000000000000, -1.000000000000000000, -0.000000000000000000 ) ) ;
#2457 = CARTESIAN_POINT ( 'NONE',  ( -9.399999999999783640, 0.000000000000000000, 3.399999999999288924 ) ) ;
#2458 = ORIENTED_EDGE ( 'NONE', *, *, #4222, .F. ) ;
#2459 = DIRECTION ( 'NONE',  ( -0.000000000000000000, -0.000000000000000000, 1.000000000000000000 ) ) ;
#2460 = CYLINDRICAL_SURFACE ( 'NONE', #2115, 0.2999999999999808376 ) ;
#2461 = ORIENTED_EDGE ( 'NONE', *, *, #2619, .T. ) ;
#2462 = ORIENTED_EDGE ( 'NONE', *, *, #789, .T. ) ;
#2463 = ORIENTED_EDGE ( 'NONE', *, *, #3518, .F. ) ;
#2464 =( GEOMETRIC_REPRESENTATION_CONTEXT ( 3 ) GLOBAL_UNCERTAINTY_ASSIGNED_CONTEXT ( ( #3069 ) ) GLOBAL_UNIT_ASSIGNED_CONTEXT ( ( #2915, #156, #878 ) ) REPRESENTATION_CONTEXT ( 'NONE', 'WORKASPACE' ) );
#2465 = SURFACE_SIDE_STYLE ('',( #3330 ) ) ;
#2466 = VECTOR ( 'NONE', #2408, 1000.000000000000000 ) ;
#2467 =( NAMED_UNIT ( * ) SI_UNIT ( $, .STERADIAN. ) SOLID_ANGLE_UNIT ( ) );
#2468 =( GEOMETRIC_REPRESENTATION_CONTEXT ( 3 ) GLOBAL_UNCERTAINTY_ASSIGNED_CONTEXT ( ( #614 ) ) GLOBAL_UNIT_ASSIGNED_CONTEXT ( ( #4818, #1198, #2396 ) ) REPRESENTATION_CONTEXT ( 'NONE', 'WORKASPACE' ) );
#2469 = FILL_AREA_STYLE_COLOUR ( '', #1515 ) ;
#2470 = AXIS2_PLACEMENT_3D ( 'NONE', #8, #390, #1579 ) ;
#2471 = DIRECTION ( 'NONE',  ( 1.000000000000000000, 0.000000000000000000, 0.000000000000000000 ) ) ;
#2472 = EDGE_CURVE ( 'NONE', #4443, #3809, #2893, .T. ) ;
#2473 = PLANE ( 'NONE',  #2912 ) ;
#2474 = MECHANICAL_DESIGN_GEOMETRIC_PRESENTATION_REPRESENTATION (  '', ( #4283 ), #5232 ) ;
#2475 = DIRECTION ( 'NONE',  ( -0.000000000000000000, -1.000000000000000000, -0.000000000000000000 ) ) ;
#2476 = CARTESIAN_POINT ( 'NONE',  ( 6.684924240491815439, 60.00000000000000000, 5.499999999999921840 ) ) ;
#2477 = ORIENTED_EDGE ( 'NONE', *, *, #2805, .F. ) ;
#2478 =( NAMED_UNIT ( * ) SI_UNIT ( $, .STERADIAN. ) SOLID_ANGLE_UNIT ( ) );
#2479 = COLOUR_RGB ( '',0.8980392156862745390, 0.9176470588235293713, 0.9294117647058823817 ) ;
#2480 = DIRECTION ( 'NONE',  ( -0.000000000000000000, -1.000000000000000000, -0.000000000000000000 ) ) ;
#2481 = EDGE_CURVE ( 'NONE', #1533, #432, #1476, .T. ) ;
#2482 = EDGE_LOOP ( 'NONE', ( #408, #3629, #4240, #3741 ) ) ;
#2483 =( LENGTH_UNIT ( ) NAMED_UNIT ( * ) SI_UNIT ( .MILLI., .METRE. ) );
#2484 = ORIENTED_EDGE ( 'NONE', *, *, #5167, .F. ) ;
#2485 =( LENGTH_UNIT ( ) NAMED_UNIT ( * ) SI_UNIT ( .MILLI., .METRE. ) );
#2486 = EDGE_CURVE ( 'NONE', #930, #1298, #1280, .T. ) ;
#2487 = VERTEX_POINT ( 'NONE', #72 ) ;
#2488 = VECTOR ( 'NONE', #2755, 1000.000000000000000 ) ;
#2489 = UNCERTAINTY_MEASURE_WITH_UNIT (LENGTH_MEASURE( 1.000000000000000082E-05 ), #1966, 'distance_accuracy_value', 'NONE');
#2490 = EDGE_LOOP ( 'NONE', ( #3171, #4832, #2783, #281 ) ) ;
#2491 = ORIENTED_EDGE ( 'NONE', *, *, #5055, .T. ) ;
#2492 = AXIS2_PLACEMENT_3D ( 'NONE', #4063, #4874, #1230 ) ;
#2493 = CARTESIAN_POINT ( 'NONE',  ( -6.684924240491898928, 60.00000000000000000, 5.500000000000023093 ) ) ;
#2494 = VECTOR ( 'NONE', #2218, 1000.000000000000000 ) ;
#2495 =( NAMED_UNIT ( * ) PLANE_ANGLE_UNIT ( ) SI_UNIT ( $, .RADIAN. ) );
#2496 = CARTESIAN_POINT ( 'NONE',  ( 8.500000000000049738, 60.00000000000000000, -10.00000000000007105 ) ) ;
#2497 = VECTOR ( 'NONE', #1438, 1000.000000000000000 ) ;
#2498 = MECHANICAL_DESIGN_GEOMETRIC_PRESENTATION_REPRESENTATION (  '', ( #2164 ), #114 ) ;
#2499 = PRESENTATION_LAYER_ASSIGNMENT (  '', '', ( #3961 ) ) ;
#2500 = FILL_AREA_STYLE ('',( #3718 ) ) ;
#2501 = CARTESIAN_POINT ( 'NONE',  ( -8.200000000000247979, 0.000000000000000000, 3.399999999999236966 ) ) ;
#2502 = FILL_AREA_STYLE_COLOUR ( '', #2217 ) ;
#2503 = CYLINDRICAL_SURFACE ( 'NONE', #1765, 2.500000000000012879 ) ;
#2504 = SURFACE_STYLE_USAGE ( .BOTH. , #883 ) ;
#2505 = SURFACE_STYLE_FILL_AREA ( #855 ) ;
#2506 = SURFACE_SIDE_STYLE ('',( #4982 ) ) ;
#2507 =( GEOMETRIC_REPRESENTATION_CONTEXT ( 3 ) GLOBAL_UNCERTAINTY_ASSIGNED_CONTEXT ( ( #4725 ) ) GLOBAL_UNIT_ASSIGNED_CONTEXT ( ( #451, #5047, #861 ) ) REPRESENTATION_CONTEXT ( 'NONE', 'WORKASPACE' ) );
#2508 = CARTESIAN_POINT ( 'NONE',  ( 9.700000000000249756, 60.00000000000000000, 3.999999999998303579 ) ) ;
#2509 = CYLINDRICAL_SURFACE ( 'NONE', #23, 0.3000000000000120348 ) ;
#2510 = ORIENTED_EDGE ( 'NONE', *, *, #137, .T. ) ;
#2511 = VECTOR ( 'NONE', #4331, 1000.000000000000000 ) ;
#2512 = CARTESIAN_POINT ( 'NONE',  ( -5.199999999999746159, 60.00000000000000000, 7.899999999998831512 ) ) ;
#2513 = DIRECTION ( 'NONE',  ( -0.7071067811865472397, 0.000000000000000000, 0.7071067811865479058 ) ) ;
#2514 = CARTESIAN_POINT ( 'NONE',  ( 3.400000000000222400, 60.00000000000000000, 9.699999999998452083 ) ) ;
#2515 = VERTEX_POINT ( 'NONE', #2073 ) ;
#2516 = CARTESIAN_POINT ( 'NONE',  ( 3.900000000000083844, 60.00000000000000000, -2.010912703474081020 ) ) ;
#2517 = EDGE_CURVE ( 'NONE', #117, #1483, #4108, .T. ) ;
#2518 = EDGE_LOOP ( 'NONE', ( #1323, #659, #4410, #3820 ) ) ;
#2519 = DIRECTION ( 'NONE',  ( 0.000000000000000000, 0.000000000000000000, -1.000000000000000000 ) ) ;
#2520 =( LENGTH_UNIT ( ) NAMED_UNIT ( * ) SI_UNIT ( .MILLI., .METRE. ) );
#2521 = ORIENTED_EDGE ( 'NONE', *, *, #4940, .T. ) ;
#2522 = ORIENTED_EDGE ( 'NONE', *, *, #3830, .T. ) ;
#2523 = ADVANCED_FACE ( 'NONE', ( #2563 ), #2536, .F. ) ;
#2524 = SURFACE_STYLE_FILL_AREA ( #907 ) ;
#2525 = FACE_OUTER_BOUND ( 'NONE', #1037, .T. ) ;
#2526 = VECTOR ( 'NONE', #1821, 1000.000000000000000 ) ;
#2527 = CARTESIAN_POINT ( 'NONE',  ( -7.899999999999921307, 60.00000000000000000, -5.500000000000015099 ) ) ;
#2528 = DIRECTION ( 'NONE',  ( -0.000000000000000000, -1.000000000000000000, 0.000000000000000000 ) ) ;
#2529 = CIRCLE ( 'NONE', #3815, 2.000000000000015543 ) ;
#2530 = DIRECTION ( 'NONE',  ( 1.000000000000000000, 0.000000000000000000, -0.000000000000000000 ) ) ;
#2531 = FACE_OUTER_BOUND ( 'NONE', #484, .T. ) ;
#2532 = SURFACE_STYLE_FILL_AREA ( #827 ) ;
#2533 = DIRECTION ( 'NONE',  ( -0.000000000000000000, -1.000000000000000000, -0.000000000000000000 ) ) ;
#2534 =( NAMED_UNIT ( * ) SI_UNIT ( $, .STERADIAN. ) SOLID_ANGLE_UNIT ( ) );
#2535 = VECTOR ( 'NONE', #3530, 1000.000000000000000 ) ;
#2536 = CYLINDRICAL_SURFACE ( 'NONE', #2840, 2.000000000000015543 ) ;
#2537 = DIRECTION ( 'NONE',  ( -0.000000000000000000, -1.000000000000000000, 0.000000000000000000 ) ) ;
#2538 = ORIENTED_EDGE ( 'NONE', *, *, #4118, .T. ) ;
#2539 = DIRECTION ( 'NONE',  ( 0.000000000000000000, 0.000000000000000000, -1.000000000000000000 ) ) ;
#2540 = CARTESIAN_POINT ( 'NONE',  ( -7.900000000000170886, 60.00000000000000000, 5.199999999999975309 ) ) ;
#2541 = VECTOR ( 'NONE', #1933, 999.9999999999998863 ) ;
#2542 = FACE_OUTER_BOUND ( 'NONE', #3502, .T. ) ;
#2543 = ORIENTED_EDGE ( 'NONE', *, *, #1418, .F. ) ;
#2544 = DIRECTION ( 'NONE',  ( -0.000000000000000000, -1.000000000000000000, -0.000000000000000000 ) ) ;
#2545 =( NAMED_UNIT ( * ) SI_UNIT ( $, .STERADIAN. ) SOLID_ANGLE_UNIT ( ) );
#2546 = ORIENTED_EDGE ( 'NONE', *, *, #3776, .T. ) ;
#2547 = SURFACE_STYLE_FILL_AREA ( #927 ) ;
#2548 = PRESENTATION_STYLE_ASSIGNMENT (( #2604 ) ) ;
#2549 = VERTEX_POINT ( 'NONE', #2127 ) ;
#2550 = EDGE_CURVE ( 'NONE', #1130, #349, #1908, .T. ) ;
#2551 = CARTESIAN_POINT ( 'NONE',  ( -3.099999999999738520, 0.000000000000000000, 9.099999999998837907 ) ) ;
#2552 = ORIENTED_EDGE ( 'NONE', *, *, #2995, .F. ) ;
#2553 = VERTEX_POINT ( 'NONE', #4223 ) ;
#2554 = AXIS2_PLACEMENT_3D ( 'NONE', #3631, #1983, #404 ) ;
#2555 =( NAMED_UNIT ( * ) SI_UNIT ( $, .STERADIAN. ) SOLID_ANGLE_UNIT ( ) );
#2556 = EDGE_CURVE ( 'NONE', #5187, #1072, #709, .T. ) ;
#2557 = MECHANICAL_DESIGN_GEOMETRIC_PRESENTATION_REPRESENTATION (  '', ( #2383 ), #73 ) ;
#2558 =( LENGTH_UNIT ( ) NAMED_UNIT ( * ) SI_UNIT ( .MILLI., .METRE. ) );
#2559 = CARTESIAN_POINT ( 'NONE',  ( 3.100000000000227462, 0.000000000000000000, 9.099999999998455991 ) ) ;
#2560 =( LENGTH_UNIT ( ) NAMED_UNIT ( * ) SI_UNIT ( .MILLI., .METRE. ) );
#2561 = DIRECTION ( 'NONE',  ( 0.000000000000000000, 0.000000000000000000, -1.000000000000000000 ) ) ;
#2562 = FACE_OUTER_BOUND ( 'NONE', #3596, .T. ) ;
#2563 = FACE_OUTER_BOUND ( 'NONE', #1744, .T. ) ;
#2564 = ORIENTED_EDGE ( 'NONE', *, *, #4550, .T. ) ;
#2565 = PRESENTATION_LAYER_ASSIGNMENT (  '', '', ( #4878 ) ) ;
#2566 = AXIS2_PLACEMENT_3D ( 'NONE', #2066, #3398, #4624 ) ;
#2567 = DIRECTION ( 'NONE',  ( 0.000000000000000000, 0.000000000000000000, 1.000000000000000000 ) ) ;
#2568 = ORIENTED_EDGE ( 'NONE', *, *, #943, .F. ) ;
#2569 = STYLED_ITEM ( 'NONE', ( #2043 ), #4159 ) ;
#2570 = DIRECTION ( 'NONE',  ( 0.7071067811865479058, 0.000000000000000000, 0.7071067811865472397 ) ) ;
#2571 = ORIENTED_EDGE ( 'NONE', *, *, #3161, .T. ) ;
#2572 = CARTESIAN_POINT ( 'NONE',  ( 3.400000000000222400, 0.000000000000000000, 8.199999999998459188 ) ) ;
#2573 = SURFACE_STYLE_USAGE ( .BOTH. , #953 ) ;
#2574 = VERTEX_POINT ( 'NONE', #5012 ) ;
#2575 = CARTESIAN_POINT ( 'NONE',  ( 5.200000000000218670, 60.00000000000000000, 8.199999999998468070 ) ) ;
#2576 = FILL_AREA_STYLE_COLOUR ( '', #3113 ) ;
#2577 = ORIENTED_EDGE ( 'NONE', *, *, #1861, .F. ) ;
#2578 = EDGE_LOOP ( 'NONE', ( #505, #1711, #2176, #749 ) ) ;
#2579 = STYLED_ITEM ( 'NONE', ( #1107 ), #2296 ) ;
#2580 = SURFACE_STYLE_FILL_AREA ( #1836 ) ;
#2581 = VECTOR ( 'NONE', #446, 1000.000000000000000 ) ;
#2582 = EDGE_CURVE ( 'NONE', #1327, #403, #1344, .T. ) ;
#2583 = UNCERTAINTY_MEASURE_WITH_UNIT (LENGTH_MEASURE( 1.000000000000000082E-05 ), #3196, 'distance_accuracy_value', 'NONE');
#2584 = SURFACE_STYLE_FILL_AREA ( #4247 ) ;
#2585 = CIRCLE ( 'NONE', #1645, 0.2999999999999912736 ) ;
#2586 =( GEOMETRIC_REPRESENTATION_CONTEXT ( 3 ) GLOBAL_UNCERTAINTY_ASSIGNED_CONTEXT ( ( #691 ) ) GLOBAL_UNIT_ASSIGNED_CONTEXT ( ( #1045, #3134, #1894 ) ) REPRESENTATION_CONTEXT ( 'NONE', 'WORKASPACE' ) );
#2587 =( GEOMETRIC_REPRESENTATION_CONTEXT ( 3 ) GLOBAL_UNCERTAINTY_ASSIGNED_CONTEXT ( ( #3856 ) ) GLOBAL_UNIT_ASSIGNED_CONTEXT ( ( #3675, #1127, #4852 ) ) REPRESENTATION_CONTEXT ( 'NONE', 'WORKASPACE' ) );
#2588 = LINE ( 'NONE', #556, #3370 ) ;
#2589 = CARTESIAN_POINT ( 'NONE',  ( -2.010912703473713314, 0.000000000000000000, 3.899999999998807088 ) ) ;
#2590 = DIRECTION ( 'NONE',  ( -0.000000000000000000, -1.000000000000000000, 0.000000000000000000 ) ) ;
#2591 = CARTESIAN_POINT ( 'NONE',  ( 3.900000000000083844, 60.00000000000000000, -2.010912703474081020 ) ) ;
#2592 = EDGE_CURVE ( 'NONE', #3275, #3940, #3012, .T. ) ;
#2593 = STYLED_ITEM ( 'NONE', ( #3640 ), #386 ) ;
#2594 = UNCERTAINTY_MEASURE_WITH_UNIT (LENGTH_MEASURE( 1.000000000000000082E-05 ), #4411, 'distance_accuracy_value', 'NONE');
#2595 = FACE_OUTER_BOUND ( 'NONE', #2283, .T. ) ;
#2596 = DIRECTION ( 'NONE',  ( 0.000000000000000000, 1.000000000000000000, 0.000000000000000000 ) ) ;
#2597 = ORIENTED_EDGE ( 'NONE', *, *, #3189, .T. ) ;
#2598 = CARTESIAN_POINT ( 'NONE',  ( -8.499999999999911182, 60.00000000000000000, -3.400000000000007017 ) ) ;
#2599 = MECHANICAL_DESIGN_GEOMETRIC_PRESENTATION_REPRESENTATION (  '', ( #3552 ), #5099 ) ;
#2600 =( LENGTH_UNIT ( ) NAMED_UNIT ( * ) SI_UNIT ( .MILLI., .METRE. ) );
#2601 = PLANE ( 'NONE',  #4306 ) ;
#2602 = ORIENTED_EDGE ( 'NONE', *, *, #170, .T. ) ;
#2603 = DIRECTION ( 'NONE',  ( -0.000000000000000000, -1.000000000000000000, -0.000000000000000000 ) ) ;
#2604 = SURFACE_STYLE_USAGE ( .BOTH. , #1328 ) ;
#2605 = EDGE_CURVE ( 'NONE', #1825, #3529, #4516, .T. ) ;
#2606 =( GEOMETRIC_REPRESENTATION_CONTEXT ( 3 ) GLOBAL_UNCERTAINTY_ASSIGNED_CONTEXT ( ( #105 ) ) GLOBAL_UNIT_ASSIGNED_CONTEXT ( ( #2647, #3428, #1814 ) ) REPRESENTATION_CONTEXT ( 'NONE', 'WORKASPACE' ) );
#2607 = ORIENTED_EDGE ( 'NONE', *, *, #2122, .T. ) ;
#2608 = ORIENTED_EDGE ( 'NONE', *, *, #963, .F. ) ;
#2609 = ORIENTED_EDGE ( 'NONE', *, *, #2605, .F. ) ;
#2610 = DIRECTION ( 'NONE',  ( 0.000000000000000000, 1.000000000000000000, -0.000000000000000000 ) ) ;
#2611 = SURFACE_STYLE_FILL_AREA ( #1068 ) ;
#2612 = CARTESIAN_POINT ( 'NONE',  ( 9.400000000000019895, 0.000000000000000000, 3.399999999999923972 ) ) ;
#2613 = LINE ( 'NONE', #2672, #4651 ) ;
#2614 = FILL_AREA_STYLE_COLOUR ( '', #4003 ) ;
#2615 = DIRECTION ( 'NONE',  ( 0.000000000000000000, 0.000000000000000000, 1.000000000000000000 ) ) ;
#2616 =( GEOMETRIC_REPRESENTATION_CONTEXT ( 3 ) GLOBAL_UNCERTAINTY_ASSIGNED_CONTEXT ( ( #5173 ) ) GLOBAL_UNIT_ASSIGNED_CONTEXT ( ( #3339, #4629, #3429 ) ) REPRESENTATION_CONTEXT ( 'NONE', 'WORKASPACE' ) );
#2617 = PRESENTATION_LAYER_ASSIGNMENT (  '', '', ( #2794 ) ) ;
#2618 = SURFACE_STYLE_USAGE ( .BOTH. , #248 ) ;
#2619 = EDGE_CURVE ( 'NONE', #1298, #545, #4663, .T. ) ;
#2620 = PRESENTATION_LAYER_ASSIGNMENT (  '', '', ( #4245 ) ) ;
#2621 = CARTESIAN_POINT ( 'NONE',  ( -6.684924240491593395, 60.00000000000000000, 5.199999999999975309 ) ) ;
#2622 = SURFACE_SIDE_STYLE ('',( #557 ) ) ;
#2623 = CARTESIAN_POINT ( 'NONE',  ( 5.900000000000085620, 0.000000000000000000, -2.010912703474081020 ) ) ;
#2624 = DIRECTION ( 'NONE',  ( 0.000000000000000000, 0.000000000000000000, -1.000000000000000000 ) ) ;
#2625 = FACE_OUTER_BOUND ( 'NONE', #1090, .T. ) ;
#2626 = EDGE_CURVE ( 'NONE', #4147, #3727, #3432, .T. ) ;
#2627 = UNCERTAINTY_MEASURE_WITH_UNIT (LENGTH_MEASURE( 1.000000000000000082E-05 ), #2293, 'distance_accuracy_value', 'NONE');
#2628 = PRESENTATION_LAYER_ASSIGNMENT (  '', '', ( #1519 ) ) ;
#2629 = FACE_OUTER_BOUND ( 'NONE', #4937, .T. ) ;
#2630 = FILL_AREA_STYLE ('',( #2221 ) ) ;
#2631 = ORIENTED_EDGE ( 'NONE', *, *, #4215, .F. ) ;
#2632 = ORIENTED_EDGE ( 'NONE', *, *, #1380, .F. ) ;
#2633 =( GEOMETRIC_REPRESENTATION_CONTEXT ( 3 ) GLOBAL_UNCERTAINTY_ASSIGNED_CONTEXT ( ( #2722 ) ) GLOBAL_UNIT_ASSIGNED_CONTEXT ( ( #1749, #5025, #984 ) ) REPRESENTATION_CONTEXT ( 'NONE', 'WORKASPACE' ) );
#2634 = CARTESIAN_POINT ( 'NONE',  ( -5.899999999999947065, 60.00000000000000000, -2.010912703474032615 ) ) ;
#2635 = EDGE_LOOP ( 'NONE', ( #4596, #2744, #1611, #3709 ) ) ;
#2636 = ORIENTED_EDGE ( 'NONE', *, *, #3996, .F. ) ;
#2637 = CYLINDRICAL_SURFACE ( 'NONE', #2027, 0.3000000000000502265 ) ;
#2638 = CARTESIAN_POINT ( 'NONE',  ( -9.999999999999772626, 60.00000000000000000, 3.999999999999240163 ) ) ;
#2639 = CARTESIAN_POINT ( 'NONE',  ( 3.400000000000027889, 0.000000000000000000, -9.400000000000046541 ) ) ;
#2640 =( NAMED_UNIT ( * ) SI_UNIT ( $, .STERADIAN. ) SOLID_ANGLE_UNIT ( ) );
#2641 = DIRECTION ( 'NONE',  ( 0.000000000000000000, 1.000000000000000000, -0.000000000000000000 ) ) ;
#2642 = CIRCLE ( 'NONE', #1364, 0.3000000000000085931 ) ;
#2643 = ORIENTED_EDGE ( 'NONE', *, *, #995, .F. ) ;
#2644 = DIRECTION ( 'NONE',  ( -0.000000000000000000, -1.000000000000000000, -0.000000000000000000 ) ) ;
#2645 = UNCERTAINTY_MEASURE_WITH_UNIT (LENGTH_MEASURE( 1.000000000000000082E-05 ), #1027, 'distance_accuracy_value', 'NONE');
#2646 =( NAMED_UNIT ( * ) SI_UNIT ( $, .STERADIAN. ) SOLID_ANGLE_UNIT ( ) );
#2647 =( LENGTH_UNIT ( ) NAMED_UNIT ( * ) SI_UNIT ( .MILLI., .METRE. ) );
#2648 = EDGE_CURVE ( 'NONE', #1719, #897, #3493, .T. ) ;
#2649 = CARTESIAN_POINT ( 'NONE',  ( 4.485786437626974710, 60.00000000000000000, 3.425126265847016960 ) ) ;
#2650 = DIRECTION ( 'NONE',  ( 1.000000000000000000, -0.000000000000000000, -0.000000000000000000 ) ) ;
#2651 = FILL_AREA_STYLE ('',( #5098 ) ) ;
#2652 = DIRECTION ( 'NONE',  ( 0.000000000000000000, 1.000000000000000000, 0.000000000000000000 ) ) ;
#2653 =( GEOMETRIC_REPRESENTATION_CONTEXT ( 3 ) GLOBAL_UNCERTAINTY_ASSIGNED_CONTEXT ( ( #2627 ) ) GLOBAL_UNIT_ASSIGNED_CONTEXT ( ( #2293, #3906, #2646 ) ) REPRESENTATION_CONTEXT ( 'NONE', 'WORKASPACE' ) );
#2654 = EDGE_CURVE ( 'NONE', #2361, #5184, #4251, .T. ) ;
#2655 = DIRECTION ( 'NONE',  ( 0.000000000000000000, 0.000000000000000000, -1.000000000000000000 ) ) ;
#2656 = FILL_AREA_STYLE ('',( #2325 ) ) ;
#2657 =( GEOMETRIC_REPRESENTATION_CONTEXT ( 3 ) GLOBAL_UNCERTAINTY_ASSIGNED_CONTEXT ( ( #205 ) ) GLOBAL_UNIT_ASSIGNED_CONTEXT ( ( #3227, #4048, #948 ) ) REPRESENTATION_CONTEXT ( 'NONE', 'WORKASPACE' ) );
#2658 = LINE ( 'NONE', #3570, #1827 ) ;
#2659 = CYLINDRICAL_SURFACE ( 'NONE', #4541, 0.2999999999999929945 ) ;
#2660 = FILL_AREA_STYLE_COLOUR ( '', #5090 ) ;
#2661 = ORIENTED_EDGE ( 'NONE', *, *, #2076, .T. ) ;
#2662 = FILL_AREA_STYLE ('',( #3521 ) ) ;
#2663 = STYLED_ITEM ( 'NONE', ( #1174 ), #1002 ) ;
#2664 = ADVANCED_FACE ( 'NONE', ( #3882 ), #1818, .F. ) ;
#2665 = VERTEX_POINT ( 'NONE', #2551 ) ;
#2666 = UNCERTAINTY_MEASURE_WITH_UNIT (LENGTH_MEASURE( 1.000000000000000082E-05 ), #5059, 'distance_accuracy_value', 'NONE');
#2667 = VERTEX_POINT ( 'NONE', #2174 ) ;
#2668 = ORIENTED_EDGE ( 'NONE', *, *, #420, .F. ) ;
#2669 = EDGE_CURVE ( 'NONE', #406, #3155, #1728, .T. ) ;
#2670 = DIRECTION ( 'NONE',  ( -0.000000000000000000, -1.000000000000000000, -0.000000000000000000 ) ) ;
#2671 = FILL_AREA_STYLE ('',( #3555 ) ) ;
#2672 = CARTESIAN_POINT ( 'NONE',  ( -2.010912703473713314, 60.00000000000000000, 3.899999999998807088 ) ) ;
#2673 = PRESENTATION_LAYER_ASSIGNMENT (  '', '', ( #1391 ) ) ;
#2674 = CARTESIAN_POINT ( 'NONE',  ( -3.425126265846824225, 60.00000000000000000, 4.485786437625724155 ) ) ;
#2675 = SURFACE_STYLE_FILL_AREA ( #2706 ) ;
#2676 = VECTOR ( 'NONE', #225, 1000.000000000000000 ) ;
#2677 = CARTESIAN_POINT ( 'NONE',  ( -6.472792206135710380, 60.00000000000000000, -5.412132034355990662 ) ) ;
#2678 = STYLED_ITEM ( 'NONE', ( #1021 ), #76 ) ;
#2679 = SURFACE_STYLE_FILL_AREA ( #2651 ) ;
#2680 = CARTESIAN_POINT ( 'NONE',  ( 3.900000000000083844, 0.000000000000000000, -2.010912703474081020 ) ) ;
#2681 = PRESENTATION_LAYER_ASSIGNMENT (  '', '', ( #2411 ) ) ;
#2682 = FACE_OUTER_BOUND ( 'NONE', #368, .T. ) ;
#2683 = UNCERTAINTY_MEASURE_WITH_UNIT (LENGTH_MEASURE( 1.000000000000000082E-05 ), #2795, 'distance_accuracy_value', 'NONE');
#2684 = SURFACE_STYLE_USAGE ( .BOTH. , #3150 ) ;
#2685 =( NAMED_UNIT ( * ) SI_UNIT ( $, .STERADIAN. ) SOLID_ANGLE_UNIT ( ) );
#2686 = ORIENTED_EDGE ( 'NONE', *, *, #4628, .F. ) ;
#2687 = CARTESIAN_POINT ( 'NONE',  ( 3.700000000000029488, 0.000000000000000000, -9.700000000000049027 ) ) ;
#2688 = AXIS2_PLACEMENT_3D ( 'NONE', #481, #3353, #4173 ) ;
#2689 = CIRCLE ( 'NONE', #4653, 0.2999999999999808376 ) ;
#2690 = ORIENTED_EDGE ( 'NONE', *, *, #852, .F. ) ;
#2691 =( LENGTH_UNIT ( ) NAMED_UNIT ( * ) SI_UNIT ( .MILLI., .METRE. ) );
#2692 = ADVANCED_FACE ( 'NONE', ( #1782 ), #2112, .F. ) ;
#2693 =( NAMED_UNIT ( * ) SI_UNIT ( $, .STERADIAN. ) SOLID_ANGLE_UNIT ( ) );
#2694 = ORIENTED_EDGE ( 'NONE', *, *, #4222, .T. ) ;
#2695 = SURFACE_STYLE_FILL_AREA ( #3079 ) ;
#2696 = MECHANICAL_DESIGN_GEOMETRIC_PRESENTATION_REPRESENTATION (  '', ( #2261 ), #3284 ) ;
#2697 = AXIS2_PLACEMENT_3D ( 'NONE', #2455, #2874, #2030 ) ;
#2698 = CARTESIAN_POINT ( 'NONE',  ( 6.472792206135849824, 60.00000000000000000, -5.412132034356045729 ) ) ;
#2699 = SURFACE_STYLE_USAGE ( .BOTH. , #1461 ) ;
#2700 = FACE_OUTER_BOUND ( 'NONE', #2037, .T. ) ;
#2701 = EDGE_CURVE ( 'NONE', #536, #3201, #2406, .T. ) ;
#2702 = VERTEX_POINT ( 'NONE', #4180 ) ;
#2703 =( NAMED_UNIT ( * ) SI_UNIT ( $, .STERADIAN. ) SOLID_ANGLE_UNIT ( ) );
#2704 = SURFACE_STYLE_USAGE ( .BOTH. , #3512 ) ;
#2705 = VECTOR ( 'NONE', #3343, 1000.000000000000000 ) ;
#2706 = FILL_AREA_STYLE ('',( #1074 ) ) ;
#2707 = AXIS2_PLACEMENT_3D ( 'NONE', #1307, #493, #2530 ) ;
#2708 = LINE ( 'NONE', #4248, #2511 ) ;
#2709 = FILL_AREA_STYLE ('',( #1077 ) ) ;
#2710 = ADVANCED_FACE ( 'NONE', ( #1332 ), #149, .F. ) ;
#2711 = VECTOR ( 'NONE', #4517, 1000.000000000000000 ) ;
#2712 = LINE ( 'NONE', #619, #1312 ) ;
#2713 = CIRCLE ( 'NONE', #1089, 0.2999999999999947153 ) ;
#2714 = CARTESIAN_POINT ( 'NONE',  ( 3.400000000000027889, 60.00000000000000000, -9.400000000000046541 ) ) ;
#2715 = UNCERTAINTY_MEASURE_WITH_UNIT (LENGTH_MEASURE( 1.000000000000000082E-05 ), #4428, 'distance_accuracy_value', 'NONE');
#2716 = DIRECTION ( 'NONE',  ( 0.000000000000000000, 0.000000000000000000, -1.000000000000000000 ) ) ;
#2717 = CIRCLE ( 'NONE', #4066, 1.500000000000001332 ) ;
#2718 = PRESENTATION_STYLE_ASSIGNMENT (( #1008 ) ) ;
#2719 = CYLINDRICAL_SURFACE ( 'NONE', #4889, 0.3000000000000016542 ) ;
#2720 = VERTEX_POINT ( 'NONE', #1297 ) ;
#2721 =( LENGTH_UNIT ( ) NAMED_UNIT ( * ) SI_UNIT ( .MILLI., .METRE. ) );
#2722 = UNCERTAINTY_MEASURE_WITH_UNIT (LENGTH_MEASURE( 1.000000000000000082E-05 ), #1749, 'distance_accuracy_value', 'NONE');
#2723 = ORIENTED_EDGE ( 'NONE', *, *, #1550, .F. ) ;
#2724 = FILL_AREA_STYLE ('',( #3866 ) ) ;
#2725 = ORIENTED_EDGE ( 'NONE', *, *, #2182, .T. ) ;
#2726 = DIRECTION ( 'NONE',  ( 0.7071067811865474617, 0.000000000000000000, -0.7071067811865474617 ) ) ;
#2727 = DIRECTION ( 'NONE',  ( -0.000000000000000000, -1.000000000000000000, -0.000000000000000000 ) ) ;
#2728 = EDGE_CURVE ( 'NONE', #1889, #3480, #1382, .T. ) ;
#2729 = DIRECTION ( 'NONE',  ( -0.000000000000000000, -1.000000000000000000, -0.000000000000000000 ) ) ;
#2730 = AXIS2_PLACEMENT_3D ( 'NONE', #780, #4047, #4673 ) ;
#2731 = DIRECTION ( 'NONE',  ( 0.000000000000000000, 0.000000000000000000, 1.000000000000000000 ) ) ;
#2732 = ORIENTED_EDGE ( 'NONE', *, *, #3613, .F. ) ;
#2733 = UNCERTAINTY_MEASURE_WITH_UNIT (LENGTH_MEASURE( 1.000000000000000082E-05 ), #2889, 'distance_accuracy_value', 'NONE');
#2734 = EDGE_CURVE ( 'NONE', #4147, #3363, #989, .T. ) ;
#2735 = STYLED_ITEM ( 'NONE', ( #2284 ), #1943 ) ;
#2736 =( NAMED_UNIT ( * ) SI_UNIT ( $, .STERADIAN. ) SOLID_ANGLE_UNIT ( ) );
#2737 = DIRECTION ( 'NONE',  ( 0.000000000000000000, 1.000000000000000000, -0.000000000000000000 ) ) ;
#2738 = AXIS2_PLACEMENT_3D ( 'NONE', #812, #2435, #3658 ) ;
#2739 = FILL_AREA_STYLE_COLOUR ( '', #4129 ) ;
#2740 = DIRECTION ( 'NONE',  ( 1.000000000000000000, 0.000000000000000000, -0.000000000000000000 ) ) ;
#2741 = UNCERTAINTY_MEASURE_WITH_UNIT (LENGTH_MEASURE( 1.000000000000000082E-05 ), #1014, 'distance_accuracy_value', 'NONE');
#2742 =( NAMED_UNIT ( * ) SI_UNIT ( $, .STERADIAN. ) SOLID_ANGLE_UNIT ( ) );
#2743 = DIRECTION ( 'NONE',  ( -0.000000000000000000, -1.000000000000000000, -0.000000000000000000 ) ) ;
#2744 = ORIENTED_EDGE ( 'NONE', *, *, #2626, .F. ) ;
#2745 = SURFACE_STYLE_FILL_AREA ( #3891 ) ;
#2746 = CIRCLE ( 'NONE', #415, 0.3000000000000129230 ) ;
#2747 = ORIENTED_EDGE ( 'NONE', *, *, #3839, .T. ) ;
#2748 = PRESENTATION_LAYER_ASSIGNMENT (  '', '', ( #2124 ) ) ;
#2749 = PRESENTATION_STYLE_ASSIGNMENT (( #1112 ) ) ;
#2750 =( NAMED_UNIT ( * ) PLANE_ANGLE_UNIT ( ) SI_UNIT ( $, .RADIAN. ) );
#2751 = VERTEX_POINT ( 'NONE', #2244 ) ;
#2752 = VECTOR ( 'NONE', #123, 1000.000000000000000 ) ;
#2753 = MECHANICAL_DESIGN_GEOMETRIC_PRESENTATION_REPRESENTATION (  '', ( #5222 ), #2657 ) ;
#2754 = DIRECTION ( 'NONE',  ( -0.000000000000000000, -1.000000000000000000, -0.000000000000000000 ) ) ;
#2755 = DIRECTION ( 'NONE',  ( 1.000000000000000000, 0.000000000000000000, 0.000000000000000000 ) ) ;
#2756 = COLOUR_RGB ( '',0.8980392156862745390, 0.9176470588235293713, 0.9294117647058823817 ) ;
#2757 = VERTEX_POINT ( 'NONE', #3534 ) ;
#2758 =( NAMED_UNIT ( * ) PLANE_ANGLE_UNIT ( ) SI_UNIT ( $, .RADIAN. ) );
#2759 = PRESENTATION_LAYER_ASSIGNMENT (  '', '', ( #5159 ) ) ;
#2760 = EDGE_CURVE ( 'NONE', #3893, #2970, #3492, .T. ) ;
#2761 = CARTESIAN_POINT ( 'NONE',  ( -3.999999999999961808, 0.000000000000000000, -10.00000000000001599 ) ) ;
#2762 = SURFACE_STYLE_USAGE ( .BOTH. , #3590 ) ;
#2763 = CARTESIAN_POINT ( 'NONE',  ( 3.400000000000222400, 60.00000000000000000, 9.699999999998452083 ) ) ;
#2764 = CARTESIAN_POINT ( 'NONE',  ( -8.199999999999912248, 60.00000000000000000, -3.400000000000007017 ) ) ;
#2765 = PRESENTATION_LAYER_ASSIGNMENT (  '', '', ( #973 ) ) ;
#2766 = SURFACE_SIDE_STYLE ('',( #771 ) ) ;
#2767 = EDGE_CURVE ( 'NONE', #1541, #1562, #1104, .T. ) ;
#2768 = LINE ( 'NONE', #3238, #787 ) ;
#2769 = EDGE_LOOP ( 'NONE', ( #3813, #886, #2967, #1267 ) ) ;
#2770 = SURFACE_SIDE_STYLE ('',( #2745 ) ) ;
#2771 =( GEOMETRIC_REPRESENTATION_CONTEXT ( 3 ) GLOBAL_UNCERTAINTY_ASSIGNED_CONTEXT ( ( #3586 ) ) GLOBAL_UNIT_ASSIGNED_CONTEXT ( ( #3910, #3115, #3930 ) ) REPRESENTATION_CONTEXT ( 'NONE', 'WORKASPACE' ) );
#2772 = ORIENTED_EDGE ( 'NONE', *, *, #5290, .T. ) ;
#2773 = CIRCLE ( 'NONE', #1317, 0.3000000000000120348 ) ;
#2774 = CIRCLE ( 'NONE', #449, 0.3000000000000120348 ) ;
#2775 = SURFACE_SIDE_STYLE ('',( #3920 ) ) ;
#2776 = VECTOR ( 'NONE', #5205, 1000.000000000000000 ) ;
#2777 = EDGE_CURVE ( 'NONE', #3727, #1262, #1005, .T. ) ;
#2778 =( LENGTH_UNIT ( ) NAMED_UNIT ( * ) SI_UNIT ( .MILLI., .METRE. ) );
#2779 = CARTESIAN_POINT ( 'NONE',  ( -8.499999999999966249, 60.00000000000000000, -10.00000000000000178 ) ) ;
#2780 = DIRECTION ( 'NONE',  ( 0.000000000000000000, 0.000000000000000000, 1.000000000000000000 ) ) ;
#2781 = VECTOR ( 'NONE', #3939, 1000.000000000000000 ) ;
#2782 = AXIS2_PLACEMENT_3D ( 'NONE', #3881, #3849, #5070 ) ;
#2783 = ORIENTED_EDGE ( 'NONE', *, *, #2197, .F. ) ;
#2784 = ORIENTED_EDGE ( 'NONE', *, *, #3843, .T. ) ;
#2785 = AXIS2_PLACEMENT_3D ( 'NONE', #5234, #4879, #2841 ) ;
#2786 = MECHANICAL_DESIGN_GEOMETRIC_PRESENTATION_REPRESENTATION (  '', ( #906 ), #3210 ) ;
#2787 = LINE ( 'NONE', #2372, #4904 ) ;
#2788 = CARTESIAN_POINT ( 'NONE',  ( 9.700000000000249756, 60.00000000000000000, 3.999999999998303579 ) ) ;
#2789 = LINE ( 'NONE', #1525, #1384 ) ;
#2790 = CARTESIAN_POINT ( 'NONE',  ( 9.700000000000027711, 60.00000000000000000, -3.400000000000076739 ) ) ;
#2791 = EDGE_CURVE ( 'NONE', #1562, #972, #4148, .T. ) ;
#2792 =( NAMED_UNIT ( * ) SI_UNIT ( $, .STERADIAN. ) SOLID_ANGLE_UNIT ( ) );
#2793 = PRESENTATION_LAYER_ASSIGNMENT (  '', '', ( #4486 ) ) ;
#2794 = STYLED_ITEM ( 'NONE', ( #961 ), #3446 ) ;
#2795 =( LENGTH_UNIT ( ) NAMED_UNIT ( * ) SI_UNIT ( .MILLI., .METRE. ) );
#2796 = DIRECTION ( 'NONE',  ( 0.000000000000000000, 0.000000000000000000, 1.000000000000000000 ) ) ;
#2797 = ORIENTED_EDGE ( 'NONE', *, *, #565, .F. ) ;
#2798 = EDGE_CURVE ( 'NONE', #4209, #3018, #1012, .T. ) ;
#2799 = ORIENTED_EDGE ( 'NONE', *, *, #3970, .T. ) ;
#2800 = SURFACE_SIDE_STYLE ('',( #424 ) ) ;
#2801 =( NAMED_UNIT ( * ) SI_UNIT ( $, .STERADIAN. ) SOLID_ANGLE_UNIT ( ) );
#2802 = VERTEX_POINT ( 'NONE', #4754 ) ;
#2803 = VECTOR ( 'NONE', #2018, 1000.000000000000000 ) ;
#2804 = DIRECTION ( 'NONE',  ( 0.000000000000000000, 0.000000000000000000, 1.000000000000000000 ) ) ;
#2805 = EDGE_CURVE ( 'NONE', #4289, #3526, #570, .T. ) ;
#2806 = ORIENTED_EDGE ( 'NONE', *, *, #2832, .F. ) ;
#2807 = ORIENTED_EDGE ( 'NONE', *, *, #870, .F. ) ;
#2808 = EDGE_CURVE ( 'NONE', #1662, #3584, #2362, .T. ) ;
#2809 = DIRECTION ( 'NONE',  ( 0.000000000000000000, 0.000000000000000000, 1.000000000000000000 ) ) ;
#2810 = MECHANICAL_DESIGN_GEOMETRIC_PRESENTATION_REPRESENTATION (  '', ( #5081 ), #676 ) ;
#2811 = PRODUCT ( '清土轮支架支撑型材2', '清土轮支架支撑型材2', '', ( #31 ) ) ;
#2812 = FILL_AREA_STYLE_COLOUR ( '', #3546 ) ;
#2813 = DIRECTION ( 'NONE',  ( 0.000000000000000000, 0.000000000000000000, -1.000000000000000000 ) ) ;
#2814 =( NAMED_UNIT ( * ) PLANE_ANGLE_UNIT ( ) SI_UNIT ( $, .RADIAN. ) );
#2815 = FILL_AREA_STYLE ('',( #394 ) ) ;
#2816 = SURFACE_STYLE_FILL_AREA ( #3648 ) ;
#2817 = CARTESIAN_POINT ( 'NONE',  ( 3.100000000000033396, 60.00000000000000000, -9.100000000000052935 ) ) ;
#2818 = VERTEX_POINT ( 'NONE', #4666 ) ;
#2819 = EDGE_LOOP ( 'NONE', ( #2602, #1334, #2636, #4561 ) ) ;
#2820 = VECTOR ( 'NONE', #437, 1000.000000000000000 ) ;
#2821 =( NAMED_UNIT ( * ) SI_UNIT ( $, .STERADIAN. ) SOLID_ANGLE_UNIT ( ) );
#2822 = DIRECTION ( 'NONE',  ( 0.000000000000000000, 1.000000000000000000, -0.000000000000000000 ) ) ;
#2823 = DIRECTION ( 'NONE',  ( 0.000000000000000000, 0.000000000000000000, 1.000000000000000000 ) ) ;
#2824 = FACE_OUTER_BOUND ( 'NONE', #150, .T. ) ;
#2825 = EDGE_CURVE ( 'NONE', #1187, #4241, #4252, .T. ) ;
#2826 = AXIS2_PLACEMENT_3D ( 'NONE', #218, #5121, #1873 ) ;
#2827 = ORIENTED_EDGE ( 'NONE', *, *, #1032, .T. ) ;
#2828 = ORIENTED_EDGE ( 'NONE', *, *, #732, .T. ) ;
#2829 = EDGE_CURVE ( 'NONE', #3252, #5196, #4778, .T. ) ;
#2830 = CARTESIAN_POINT ( 'NONE',  ( 5.200000000000162714, 0.000000000000000000, 6.684924240490455638 ) ) ;
#2831 = CARTESIAN_POINT ( 'NONE',  ( 5.412132034356129218, 60.00000000000000000, 6.472792206134489135 ) ) ;
#2832 = EDGE_CURVE ( 'NONE', #4119, #1130, #228, .T. ) ;
#2833 =( LENGTH_UNIT ( ) NAMED_UNIT ( * ) SI_UNIT ( .MILLI., .METRE. ) );
#2834 = SURFACE_STYLE_FILL_AREA ( #1200 ) ;
#2835 = DIRECTION ( 'NONE',  ( 0.000000000000000000, 0.000000000000000000, -1.000000000000000000 ) ) ;
#2836 = FILL_AREA_STYLE_COLOUR ( '', #2414 ) ;
#2837 = VERTEX_POINT ( 'NONE', #588 ) ;
#2838 = DIRECTION ( 'NONE',  ( 0.000000000000000000, -0.000000000000000000, 1.000000000000000000 ) ) ;
#2839 = EDGE_LOOP ( 'NONE', ( #2056, #4689, #2806, #3274 ) ) ;
#2840 = AXIS2_PLACEMENT_3D ( 'NONE', #4924, #2475, #1255 ) ;
#2841 = DIRECTION ( 'NONE',  ( 0.000000000000000000, 0.000000000000000000, -1.000000000000000000 ) ) ;
#2842 = FACE_OUTER_BOUND ( 'NONE', #1231, .T. ) ;
#2843 = LINE ( 'NONE', #1186, #4121 ) ;
#2844 = EDGE_LOOP ( 'NONE', ( #4617, #2358, #1568, #1434 ) ) ;
#2845 =( GEOMETRIC_REPRESENTATION_CONTEXT ( 3 ) GLOBAL_UNCERTAINTY_ASSIGNED_CONTEXT ( ( #2733 ) ) GLOBAL_UNIT_ASSIGNED_CONTEXT ( ( #2889, #2070, #2640 ) ) REPRESENTATION_CONTEXT ( 'NONE', 'WORKASPACE' ) );
#2846 = CARTESIAN_POINT ( 'NONE',  ( -3.399999999999972378, 60.00000000000000000, -9.700000000000027711 ) ) ;
#2847 = LINE ( 'NONE', #3250, #2130 ) ;
#2848 = ORIENTED_EDGE ( 'NONE', *, *, #932, .F. ) ;
#2849 = CIRCLE ( 'NONE', #4469, 2.000000000000004441 ) ;
#2850 = PRESENTATION_LAYER_ASSIGNMENT (  '', '', ( #1142 ) ) ;
#2851 = CIRCLE ( 'NONE', #3540, 0.3000000000000190292 ) ;
#2852 = EDGE_CURVE ( 'NONE', #2853, #1072, #620, .T. ) ;
#2853 = VERTEX_POINT ( 'NONE', #1446 ) ;
#2854 = MECHANICAL_DESIGN_GEOMETRIC_PRESENTATION_REPRESENTATION (  '', ( #2593 ), #4750 ) ;
#2855 = CIRCLE ( 'NONE', #3206, 0.2999999999999981570 ) ;
#2856 = DIRECTION ( 'NONE',  ( 0.000000000000000000, 0.000000000000000000, 1.000000000000000000 ) ) ;
#2857 = EDGE_CURVE ( 'NONE', #4620, #3245, #821, .T. ) ;
#2858 = AXIS2_PLACEMENT_3D ( 'NONE', #1817, #5096, #3089 ) ;
#2859 = DIRECTION ( 'NONE',  ( 0.000000000000000000, 0.000000000000000000, 1.000000000000000000 ) ) ;
#2860 = PLANE ( 'NONE',  #4846 ) ;
#2861 = UNCERTAINTY_MEASURE_WITH_UNIT (LENGTH_MEASURE( 1.000000000000000082E-05 ), #3500, 'distance_accuracy_value', 'NONE');
#2862 = CARTESIAN_POINT ( 'NONE',  ( -3.399999999999750333, 60.00000000000000000, 9.099999999998837907 ) ) ;
#2863 = DIRECTION ( 'NONE',  ( -0.000000000000000000, -1.000000000000000000, -0.000000000000000000 ) ) ;
#2864 = LINE ( 'NONE', #343, #4570 ) ;
#2865 =( NAMED_UNIT ( * ) SI_UNIT ( $, .STERADIAN. ) SOLID_ANGLE_UNIT ( ) );
#2866 = LINE ( 'NONE', #2450, #2776 ) ;
#2867 = PRESENTATION_LAYER_ASSIGNMENT (  '', '', ( #906 ) ) ;
#2868 = DIRECTION ( 'NONE',  ( -0.000000000000000000, -1.000000000000000000, -0.000000000000000000 ) ) ;
#2869 = CARTESIAN_POINT ( 'NONE',  ( 2.010912703474351915, 60.00000000000000000, 5.899999999998621902 ) ) ;
#2870 = VERTEX_POINT ( 'NONE', #272 ) ;
#2871 = COLOUR_RGB ( '',0.8980392156862745390, 0.9176470588235293713, 0.9294117647058823817 ) ;
#2872 = ORIENTED_EDGE ( 'NONE', *, *, #4762, .T. ) ;
#2873 = PRESENTATION_LAYER_ASSIGNMENT (  '', '', ( #2180 ) ) ;
#2874 = DIRECTION ( 'NONE',  ( -1.000000000000000000, 0.000000000000000000, 0.000000000000000000 ) ) ;
#2875 = ORIENTED_EDGE ( 'NONE', *, *, #177, .T. ) ;
#2876 = DIRECTION ( 'NONE',  ( -0.000000000000000000, -1.000000000000000000, -0.000000000000000000 ) ) ;
#2877 = ORIENTED_EDGE ( 'NONE', *, *, #4940, .F. ) ;
#2878 = AXIS2_PLACEMENT_3D ( 'NONE', #5127, #2737, #3566 ) ;
#2879 = UNCERTAINTY_MEASURE_WITH_UNIT (LENGTH_MEASURE( 1.000000000000000082E-05 ), #2215, 'distance_accuracy_value', 'NONE');
#2880 = ORIENTED_EDGE ( 'NONE', *, *, #1482, .T. ) ;
#2881 = ORIENTED_EDGE ( 'NONE', *, *, #5186, .F. ) ;
#2882 = DIRECTION ( 'NONE',  ( 0.000000000000000000, 0.000000000000000000, -1.000000000000000000 ) ) ;
#2883 = EDGE_CURVE ( 'NONE', #4565, #4475, #2717, .T. ) ;
#2884 = VECTOR ( 'NONE', #3874, 1000.000000000000000 ) ;
#2885 = CIRCLE ( 'NONE', #2285, 0.2999999999999808376 ) ;
#2886 = PLANE ( 'NONE',  #5147 ) ;
#2887 = EDGE_CURVE ( 'NONE', #2928, #1404, #2185, .T. ) ;
#2888 = DIRECTION ( 'NONE',  ( -0.000000000000000000, -0.000000000000000000, 1.000000000000000000 ) ) ;
#2889 =( LENGTH_UNIT ( ) NAMED_UNIT ( * ) SI_UNIT ( .MILLI., .METRE. ) );
#2890 = PRESENTATION_STYLE_ASSIGNMENT (( #524 ) ) ;
#2891 = DIRECTION ( 'NONE',  ( 0.000000000000000000, 1.000000000000000000, -0.000000000000000000 ) ) ;
#2892 = UNCERTAINTY_MEASURE_WITH_UNIT (LENGTH_MEASURE( 1.000000000000000082E-05 ), #3165, 'distance_accuracy_value', 'NONE');
#2893 = LINE ( 'NONE', #2923, #2327 ) ;
#2894 = CARTESIAN_POINT ( 'NONE',  ( 8.200000000000025935, 60.00000000000000000, 5.199999999999923794 ) ) ;
#2895 = VERTEX_POINT ( 'NONE', #1079 ) ;
#2896 = EDGE_CURVE ( 'NONE', #3809, #1213, #3911, .T. ) ;
#2897 = ORIENTED_EDGE ( 'NONE', *, *, #2486, .F. ) ;
#2898 =( NAMED_UNIT ( * ) PLANE_ANGLE_UNIT ( ) SI_UNIT ( $, .RADIAN. ) );
#2899 = PRESENTATION_STYLE_ASSIGNMENT (( #3298 ) ) ;
#2900 = VERTEX_POINT ( 'NONE', #3515 ) ;
#2901 = CARTESIAN_POINT ( 'NONE',  ( -2.010912703473963337, 0.000000000000000000, -5.900000000000071410 ) ) ;
#2902 =( NAMED_UNIT ( * ) SI_UNIT ( $, .STERADIAN. ) SOLID_ANGLE_UNIT ( ) );
#2903 = ORIENTED_EDGE ( 'NONE', *, *, #789, .F. ) ;
#2904 = ORIENTED_EDGE ( 'NONE', *, *, #669, .F. ) ;
#2905 = ORIENTED_EDGE ( 'NONE', *, *, #170, .F. ) ;
#2906 = STYLED_ITEM ( 'NONE', ( #3365 ), #4297 ) ;
#2907 = CARTESIAN_POINT ( 'NONE',  ( -2.010912703473963337, 60.00000000000000000, -5.900000000000071410 ) ) ;
#2908 = DIRECTION ( 'NONE',  ( -1.000000000000000000, 0.000000000000000000, -0.000000000000000000 ) ) ;
#2909 = PRESENTATION_LAYER_ASSIGNMENT (  '', '', ( #5222 ) ) ;
#2910 = CARTESIAN_POINT ( 'NONE',  ( 7.900000000000032330, 60.00000000000000000, 5.199999999999923794 ) ) ;
#2911 = CARTESIAN_POINT ( 'NONE',  ( 5.900000000000085620, 60.00000000000000000, 2.010912703473928698 ) ) ;
#2912 = AXIS2_PLACEMENT_3D ( 'NONE', #4249, #2294, #4777 ) ;
#2913 = FILL_AREA_STYLE ('',( #2469 ) ) ;
#2914 = PRESENTATION_LAYER_ASSIGNMENT (  '', '', ( #4190 ) ) ;
#2915 =( LENGTH_UNIT ( ) NAMED_UNIT ( * ) SI_UNIT ( .MILLI., .METRE. ) );
#2916 = LINE ( 'NONE', #1649, #3359 ) ;
#2917 = PLANE ( 'NONE',  #3664 ) ;
#2918 = CARTESIAN_POINT ( 'NONE',  ( -9.999999999999968026, 0.000000000000000000, -3.999999999999996447 ) ) ;
#2919 = SURFACE_STYLE_FILL_AREA ( #526 ) ;
#2920 = EDGE_CURVE ( 'NONE', #1426, #4853, #2320, .T. ) ;
#2921 = STYLED_ITEM ( 'NONE', ( #1365 ), #4231 ) ;
#2922 = DIRECTION ( 'NONE',  ( 0.000000000000000000, 1.000000000000000000, 0.000000000000000000 ) ) ;
#2923 = CARTESIAN_POINT ( 'NONE',  ( -7.900000000000170886, 60.00000000000000000, 5.500000000000067502 ) ) ;
#2924 =( NAMED_UNIT ( * ) PLANE_ANGLE_UNIT ( ) SI_UNIT ( $, .RADIAN. ) );
#2925 = ORIENTED_EDGE ( 'NONE', *, *, #333, .T. ) ;
#2926 = SURFACE_STYLE_USAGE ( .BOTH. , #501 ) ;
#2927 = DIRECTION ( 'NONE',  ( -0.000000000000000000, -1.000000000000000000, -0.000000000000000000 ) ) ;
#2928 = VERTEX_POINT ( 'NONE', #2714 ) ;
#2929 = EDGE_CURVE ( 'NONE', #4289, #261, #672, .T. ) ;
#2930 = MECHANICAL_DESIGN_GEOMETRIC_PRESENTATION_REPRESENTATION (  '', ( #1391 ), #621 ) ;
#2931 =( LENGTH_UNIT ( ) NAMED_UNIT ( * ) SI_UNIT ( .MILLI., .METRE. ) );
#2932 = DIRECTION ( 'NONE',  ( -0.000000000000000000, -1.000000000000000000, -0.000000000000000000 ) ) ;
#2933 = DIRECTION ( 'NONE',  ( -0.000000000000000000, -1.000000000000000000, 0.000000000000000000 ) ) ;
#2934 = FILL_AREA_STYLE ('',( #898 ) ) ;
#2935 = VECTOR ( 'NONE', #5097, 1000.000000000000000 ) ;
#2936 = ORIENTED_EDGE ( 'NONE', *, *, #1844, .T. ) ;
#2937 = SURFACE_SIDE_STYLE ('',( #57 ) ) ;
#2938 = UNCERTAINTY_MEASURE_WITH_UNIT (LENGTH_MEASURE( 1.000000000000000082E-05 ), #88, 'distance_accuracy_value', 'NONE');
#2939 = DIRECTION ( 'NONE',  ( 1.000000000000000000, 0.000000000000000000, 0.000000000000000000 ) ) ;
#2940 = ORIENTED_EDGE ( 'NONE', *, *, #4362, .F. ) ;
#2941 = EDGE_LOOP ( 'NONE', ( #868, #4174, #4196, #460 ) ) ;
#2942 =( GEOMETRIC_REPRESENTATION_CONTEXT ( 3 ) GLOBAL_UNCERTAINTY_ASSIGNED_CONTEXT ( ( #2208 ) ) GLOBAL_UNIT_ASSIGNED_CONTEXT ( ( #2520, #543, #2142 ) ) REPRESENTATION_CONTEXT ( 'NONE', 'WORKASPACE' ) );
#2943 = LINE ( 'NONE', #4568, #1592 ) ;
#2944 = VECTOR ( 'NONE', #1475, 1000.000000000000000 ) ;
#2945 = STYLED_ITEM ( 'NONE', ( #4360 ), #339 ) ;
#2946 = VECTOR ( 'NONE', #2544, 1000.000000000000000 ) ;
#2947 = PRESENTATION_STYLE_ASSIGNMENT (( #2119 ) ) ;
#2948 = AXIS2_PLACEMENT_3D ( 'NONE', #4837, #329, #3273 ) ;
#2949 = FACE_OUTER_BOUND ( 'NONE', #4262, .T. ) ;
#2950 = SURFACE_STYLE_USAGE ( .BOTH. , #4538 ) ;
#2951 = CARTESIAN_POINT ( 'NONE',  ( -4.485786437626777534, 60.00000000000000000, 3.425126265847075135 ) ) ;
#2952 = SURFACE_SIDE_STYLE ('',( #1309 ) ) ;
#2953 =( NAMED_UNIT ( * ) PLANE_ANGLE_UNIT ( ) SI_UNIT ( $, .RADIAN. ) );
#2954 = AXIS2_PLACEMENT_3D ( 'NONE', #3762, #957, #4999 ) ;
#2955 = FACE_OUTER_BOUND ( 'NONE', #1265, .T. ) ;
#2956 = DIRECTION ( 'NONE',  ( 0.000000000000000000, 0.000000000000000000, -1.000000000000000000 ) ) ;
#2957 = FACE_OUTER_BOUND ( 'NONE', #1657, .T. ) ;
#2958 = ORIENTED_EDGE ( 'NONE', *, *, #3101, .F. ) ;
#2959 = CIRCLE ( 'NONE', #648, 0.2999999999999808376 ) ;
#2960 = DIRECTION ( 'NONE',  ( -0.000000000000000000, -1.000000000000000000, 0.000000000000000000 ) ) ;
#2961 = EDGE_CURVE ( 'NONE', #2818, #3052, #663, .T. ) ;
#2962 = LINE ( 'NONE', #4612, #1493 ) ;
#2963 = ORIENTED_EDGE ( 'NONE', *, *, #3310, .F. ) ;
#2964 = UNCERTAINTY_MEASURE_WITH_UNIT (LENGTH_MEASURE( 1.000000000000000082E-05 ), #4280, 'distance_accuracy_value', 'NONE');
#2965 = LINE ( 'NONE', #566, #2946 ) ;
#2966 = FACE_OUTER_BOUND ( 'NONE', #1350, .T. ) ;
#2967 = ORIENTED_EDGE ( 'NONE', *, *, #2481, .F. ) ;
#2968 = CYLINDRICAL_SURFACE ( 'NONE', #4503, 0.2999999999999947153 ) ;
#2969 = EDGE_CURVE ( 'NONE', #3173, #956, #740, .T. ) ;
#2970 = VERTEX_POINT ( 'NONE', #2761 ) ;
#2971 = VECTOR ( 'NONE', #5033, 1000.000000000000000 ) ;
#2972 = ORIENTED_EDGE ( 'NONE', *, *, #963, .T. ) ;
#2973 = ORIENTED_EDGE ( 'NONE', *, *, #3383, .T. ) ;
#2974 = SURFACE_STYLE_USAGE ( .BOTH. , #89 ) ;
#2975 = CARTESIAN_POINT ( 'NONE',  ( -3.399999999999750333, 60.00000000000000000, 8.199999999998823341 ) ) ;
#2976 = PRESENTATION_LAYER_ASSIGNMENT (  '', '', ( #1097 ) ) ;
#2977 = PRESENTATION_STYLE_ASSIGNMENT (( #1337 ) ) ;
#2978 = DIRECTION ( 'NONE',  ( 0.000000000000000000, 0.000000000000000000, 1.000000000000000000 ) ) ;
#2979 = CARTESIAN_POINT ( 'NONE',  ( 6.684924240491815439, 0.000000000000000000, 5.199999999999923794 ) ) ;
#2980 =( NAMED_UNIT ( * ) PLANE_ANGLE_UNIT ( ) SI_UNIT ( $, .RADIAN. ) );
#2981 = DIRECTION ( 'NONE',  ( -1.000000000000000000, -0.000000000000000000, -0.000000000000000000 ) ) ;
#2982 = VERTEX_POINT ( 'NONE', #1992 ) ;
#2983 = FILL_AREA_STYLE_COLOUR ( '', #140 ) ;
#2984 =( NAMED_UNIT ( * ) SI_UNIT ( $, .STERADIAN. ) SOLID_ANGLE_UNIT ( ) );
#2985 =( NAMED_UNIT ( * ) PLANE_ANGLE_UNIT ( ) SI_UNIT ( $, .RADIAN. ) );
#2986 = ORIENTED_EDGE ( 'NONE', *, *, #4988, .T. ) ;
#2987 =( NAMED_UNIT ( * ) PLANE_ANGLE_UNIT ( ) SI_UNIT ( $, .RADIAN. ) );
#2988 = ORIENTED_EDGE ( 'NONE', *, *, #1036, .F. ) ;
#2989 = DIRECTION ( 'NONE',  ( 0.000000000000000000, -0.000000000000000000, 1.000000000000000000 ) ) ;
#2990 = PRESENTATION_LAYER_ASSIGNMENT (  '', '', ( #5289 ) ) ;
#2991 =( NAMED_UNIT ( * ) PLANE_ANGLE_UNIT ( ) SI_UNIT ( $, .RADIAN. ) );
#2992 = ORIENTED_EDGE ( 'NONE', *, *, #98, .T. ) ;
#2993 = PRESENTATION_LAYER_ASSIGNMENT (  '', '', ( #1270 ) ) ;
#2994 = DIRECTION ( 'NONE',  ( -0.000000000000000000, -1.000000000000000000, -0.000000000000000000 ) ) ;
#2995 = EDGE_CURVE ( 'NONE', #599, #2837, #5199, .T. ) ;
#2996 = DIRECTION ( 'NONE',  ( 0.000000000000000000, 0.000000000000000000, -1.000000000000000000 ) ) ;
#2997 = VERTEX_POINT ( 'NONE', #362 ) ;
#2998 = ORIENTED_EDGE ( 'NONE', *, *, #2517, .F. ) ;
#2999 = AXIS2_PLACEMENT_3D ( 'NONE', #4397, #3574, #4785 ) ;
#3000 =( LENGTH_UNIT ( ) NAMED_UNIT ( * ) SI_UNIT ( .MILLI., .METRE. ) );
#3001 = FILL_AREA_STYLE_COLOUR ( '', #1457 ) ;
#3002 = CARTESIAN_POINT ( 'NONE',  ( 8.500000000000049738, 60.00000000000000000, -10.00000000000007105 ) ) ;
#3003 = ADVANCED_FACE ( 'NONE', ( #4416 ), #2860, .F. ) ;
#3004 = CARTESIAN_POINT ( 'NONE',  ( -9.999999999999964473, 60.00000000000000000, -8.499999999999980460 ) ) ;
#3005 = DIRECTION ( 'NONE',  ( -0.000000000000000000, -1.000000000000000000, -0.000000000000000000 ) ) ;
#3006 = DIRECTION ( 'NONE',  ( 1.000000000000000000, 0.000000000000000000, -0.000000000000000000 ) ) ;
#3007 =( GEOMETRIC_REPRESENTATION_CONTEXT ( 3 ) GLOBAL_UNCERTAINTY_ASSIGNED_CONTEXT ( ( #2300 ) ) GLOBAL_UNIT_ASSIGNED_CONTEXT ( ( #2691, #3577, #1039 ) ) REPRESENTATION_CONTEXT ( 'NONE', 'WORKASPACE' ) );
#3008 = DIRECTION ( 'NONE',  ( -0.000000000000000000, -1.000000000000000000, -0.000000000000000000 ) ) ;
#3009 = PRESENTATION_STYLE_ASSIGNMENT (( #2158 ) ) ;
#3010 = MECHANICAL_DESIGN_GEOMETRIC_PRESENTATION_REPRESENTATION (  '', ( #2225 ), #4279 ) ;
#3011 = FILL_AREA_STYLE_COLOUR ( '', #1742 ) ;
#3012 = LINE ( 'NONE', #2589, #440 ) ;
#3013 = FACE_OUTER_BOUND ( 'NONE', #779, .T. ) ;
#3014 = ORIENTED_EDGE ( 'NONE', *, *, #3286, .T. ) ;
#3015 = AXIS2_PLACEMENT_3D ( 'NONE', #3041, #2166, #4167 ) ;
#3016 = FILL_AREA_STYLE_COLOUR ( '', #1168 ) ;
#3017 = CYLINDRICAL_SURFACE ( 'NONE', #3519, 0.3000000000000007661 ) ;
#3018 = VERTEX_POINT ( 'NONE', #1576 ) ;
#3019 = MECHANICAL_DESIGN_GEOMETRIC_PRESENTATION_REPRESENTATION (  '', ( #2569 ), #3179 ) ;
#3020 = FILL_AREA_STYLE_COLOUR ( '', #3780 ) ;
#3021 = EDGE_LOOP ( 'NONE', ( #3014, #533, #4803, #5277 ) ) ;
#3022 = CARTESIAN_POINT ( 'NONE',  ( -3.999999999999961808, 60.00000000000000000, -10.00000000000001599 ) ) ;
#3023 = VERTEX_POINT ( 'NONE', #4868 ) ;
#3024 = VECTOR ( 'NONE', #1040, 1000.000000000000000 ) ;
#3025 = LINE ( 'NONE', #4264, #894 ) ;
#3026 = DIRECTION ( 'NONE',  ( 1.000000000000000000, 0.000000000000000000, 0.000000000000000000 ) ) ;
#3027 = ORIENTED_EDGE ( 'NONE', *, *, #2961, .F. ) ;
#3028 = ORIENTED_EDGE ( 'NONE', *, *, #3604, .F. ) ;
#3029 = CARTESIAN_POINT ( 'NONE',  ( -3.999999999999961808, 60.00000000000000000, -9.700000000000020606 ) ) ;
#3030 = LINE ( 'NONE', #5115, #3982 ) ;
#3031 = ADVANCED_FACE ( 'NONE', ( #4439 ), #319, .F. ) ;
#3032 = PRESENTATION_STYLE_ASSIGNMENT (( #1491 ) ) ;
#3033 = CARTESIAN_POINT ( 'NONE',  ( -8.499999999999937828, 0.000000000000000000, 8.499999999999245048 ) ) ;
#3034 = COLOUR_RGB ( '',0.8980392156862745390, 0.9176470588235293713, 0.9294117647058823817 ) ;
#3035 = EDGE_CURVE ( 'NONE', #4672, #2033, #4821, .T. ) ;
#3036 = PLANE ( 'NONE',  #867 ) ;
#3037 = AXIS2_PLACEMENT_3D ( 'NONE', #51, #1291, #25 ) ;
#3038 = CARTESIAN_POINT ( 'NONE',  ( 4.485786437626974710, 0.000000000000000000, -3.425126265847167950 ) ) ;
#3039 = AXIS2_PLACEMENT_3D ( 'NONE', #5296, #1623, #3257 ) ;
#3040 = MECHANICAL_DESIGN_GEOMETRIC_PRESENTATION_REPRESENTATION (  '', ( #1402 ), #370 ) ;
#3041 = CARTESIAN_POINT ( 'NONE',  ( 3.400000000000222400, 0.000000000000000000, 8.499999999998459899 ) ) ;
#3042 = CARTESIAN_POINT ( 'NONE',  ( -3.099999999999949907, 0.000000000000000000, -9.100000000000024514 ) ) ;
#3043 = CARTESIAN_POINT ( 'NONE',  ( 8.500000000000271783, 60.00000000000000000, 9.999999999998454570 ) ) ;
#3044 = VECTOR ( 'NONE', #3567, 1000.000000000000000 ) ;
#3045 = CARTESIAN_POINT ( 'NONE',  ( -9.999999999999772626, 60.00000000000000000, 8.499999999999237943 ) ) ;
#3046 = ORIENTED_EDGE ( 'NONE', *, *, #799, .F. ) ;
#3047 = CIRCLE ( 'NONE', #723, 0.3000000000000016542 ) ;
#3048 = ORIENTED_EDGE ( 'NONE', *, *, #3597, .F. ) ;
#3049 =( LENGTH_UNIT ( ) NAMED_UNIT ( * ) SI_UNIT ( .MILLI., .METRE. ) );
#3050 =( NAMED_UNIT ( * ) PLANE_ANGLE_UNIT ( ) SI_UNIT ( $, .RADIAN. ) );
#3051 = ORIENTED_EDGE ( 'NONE', *, *, #3390, .F. ) ;
#3052 = VERTEX_POINT ( 'NONE', #1152 ) ;
#3053 = EDGE_CURVE ( 'NONE', #2667, #3266, #1770, .T. ) ;
#3054 = COLOUR_RGB ( '',0.8980392156862745390, 0.9176470588235293713, 0.9294117647058823817 ) ;
#3055 = EDGE_CURVE ( 'NONE', #1833, #2061, #5037, .T. ) ;
#3056 = FILL_AREA_STYLE_COLOUR ( '', #54 ) ;
#3057 = CARTESIAN_POINT ( 'NONE',  ( 3.400000000000027889, 0.000000000000000000, -9.100000000000052935 ) ) ;
#3058 = STYLED_ITEM ( 'NONE', ( #831 ), #864 ) ;
#3059 = CIRCLE ( 'NONE', #1421, 0.3000000000000120348 ) ;
#3060 = CARTESIAN_POINT ( 'NONE',  ( 5.500000000000046185, 60.00000000000000000, -7.900000000000052758 ) ) ;
#3061 = DIRECTION ( 'NONE',  ( 0.000000000000000000, 0.000000000000000000, 1.000000000000000000 ) ) ;
#3062 = VECTOR ( 'NONE', #1902, 1000.000000000000000 ) ;
#3063 = PRESENTATION_STYLE_ASSIGNMENT (( #2186 ) ) ;
#3064 = ADVANCED_FACE ( 'NONE', ( #439 ), #4973, .F. ) ;
#3065 = DIRECTION ( 'NONE',  ( -0.000000000000000000, -1.000000000000000000, 0.000000000000000000 ) ) ;
#3066 = CARTESIAN_POINT ( 'NONE',  ( 4.000000000000045297, 60.00000000000000000, -9.700000000000056133 ) ) ;
#3067 = FILL_AREA_STYLE ('',( #4634 ) ) ;
#3068 = DIRECTION ( 'NONE',  ( -0.000000000000000000, -1.000000000000000000, 0.000000000000000000 ) ) ;
#3069 = UNCERTAINTY_MEASURE_WITH_UNIT (LENGTH_MEASURE( 1.000000000000000082E-05 ), #2915, 'distance_accuracy_value', 'NONE');
#3070 = SURFACE_STYLE_USAGE ( .BOTH. , #655 ) ;
#3071 = ADVANCED_FACE ( 'NONE', ( #4918 ), #2121, .F. ) ;
#3072 = ORIENTED_EDGE ( 'NONE', *, *, #2036, .T. ) ;
#3073 = CARTESIAN_POINT ( 'NONE',  ( -3.699999999999731060, 60.00000000000000000, 9.699999999998848210 ) ) ;
#3074 = ORIENTED_EDGE ( 'NONE', *, *, #4623, .T. ) ;
#3075 = COLOUR_RGB ( '',0.8980392156862745390, 0.9176470588235293713, 0.9294117647058823817 ) ;
#3076 =( LENGTH_UNIT ( ) NAMED_UNIT ( * ) SI_UNIT ( .MILLI., .METRE. ) );
#3077 = ORIENTED_EDGE ( 'NONE', *, *, #2852, .F. ) ;
#3078 = VERTEX_POINT ( 'NONE', #3399 ) ;
#3079 = FILL_AREA_STYLE ('',( #1435 ) ) ;
#3080 = CARTESIAN_POINT ( 'NONE',  ( 3.400000000000055866, 0.000000000000000000, -8.500000000000049738 ) ) ;
#3081 = FACE_OUTER_BOUND ( 'NONE', #1985, .T. ) ;
#3082 = FACE_OUTER_BOUND ( 'NONE', #990, .T. ) ;
#3083 = DIRECTION ( 'NONE',  ( -0.000000000000000000, -1.000000000000000000, -0.000000000000000000 ) ) ;
#3084 =( LENGTH_UNIT ( ) NAMED_UNIT ( * ) SI_UNIT ( .MILLI., .METRE. ) );
#3085 = UNCERTAINTY_MEASURE_WITH_UNIT (LENGTH_MEASURE( 1.000000000000000082E-05 ), #2483, 'distance_accuracy_value', 'NONE');
#3086 = CARTESIAN_POINT ( 'NONE',  ( -6.684924240491704417, 0.000000000000000000, -5.500000000000018652 ) ) ;
#3087 =( NAMED_UNIT ( * ) PLANE_ANGLE_UNIT ( ) SI_UNIT ( $, .RADIAN. ) );
#3088 = SURFACE_SIDE_STYLE ('',( #4278 ) ) ;
#3089 = DIRECTION ( 'NONE',  ( 0.000000000000000000, 0.000000000000000000, 1.000000000000000000 ) ) ;
#3090 = SURFACE_SIDE_STYLE ('',( #158 ) ) ;
#3091 = DIRECTION ( 'NONE',  ( -1.000000000000000000, 0.000000000000000000, 0.000000000000000000 ) ) ;
#3092 = VECTOR ( 'NONE', #3175, 1000.000000000000000 ) ;
#3093 = ADVANCED_FACE ( 'NONE', ( #3768 ), #92, .F. ) ;
#3094 = CARTESIAN_POINT ( 'NONE',  ( 7.245055603694067826E-15, 0.000000000000000000, 2.500000000000006217 ) ) ;
#3095 = DIRECTION ( 'NONE',  ( -0.000000000000000000, -1.000000000000000000, -0.000000000000000000 ) ) ;
#3096 = FILL_AREA_STYLE_COLOUR ( '', #3950 ) ;
#3097 = ORIENTED_EDGE ( 'NONE', *, *, #4794, .F. ) ;
#3098 = PRESENTATION_STYLE_ASSIGNMENT (( #1455 ) ) ;
#3099 = UNCERTAINTY_MEASURE_WITH_UNIT (LENGTH_MEASURE( 1.000000000000000082E-05 ), #829, 'distance_accuracy_value', 'NONE');
#3100 = MECHANICAL_DESIGN_GEOMETRIC_PRESENTATION_REPRESENTATION (  '', ( #4878 ), #1968 ) ;
#3101 = EDGE_CURVE ( 'NONE', #1885, #166, #2529, .T. ) ;
#3102 = EDGE_LOOP ( 'NONE', ( #4024, #3998, #3302, #5240 ) ) ;
#3103 = DIRECTION ( 'NONE',  ( -0.000000000000000000, -1.000000000000000000, -0.000000000000000000 ) ) ;
#3104 =( NAMED_UNIT ( * ) PLANE_ANGLE_UNIT ( ) SI_UNIT ( $, .RADIAN. ) );
#3105 = VECTOR ( 'NONE', #707, 1000.000000000000000 ) ;
#3106 = FILL_AREA_STYLE_COLOUR ( '', #2219 ) ;
#3107 = CARTESIAN_POINT ( 'NONE',  ( -8.499999999999937828, 60.00000000000000000, 9.999999999999099387 ) ) ;
#3108 = CARTESIAN_POINT ( 'NONE',  ( -7.900000000000170886, 0.000000000000000000, 5.500000000000067502 ) ) ;
#3109 = ORIENTED_EDGE ( 'NONE', *, *, #2829, .F. ) ;
#3110 = AXIS2_PLACEMENT_3D ( 'NONE', #895, #2513, #2570 ) ;
#3111 = DIRECTION ( 'NONE',  ( 0.000000000000000000, 0.000000000000000000, -1.000000000000000000 ) ) ;
#3112 = CARTESIAN_POINT ( 'NONE',  ( -9.999999999999772626, 0.000000000000000000, 3.999999999999240163 ) ) ;
#3113 = COLOUR_RGB ( '',0.8980392156862745390, 0.9176470588235293713, 0.9294117647058823817 ) ;
#3114 = DIRECTION ( 'NONE',  ( -0.7071067811865482389, 0.000000000000000000, -0.7071067811865469066 ) ) ;
#3115 =( NAMED_UNIT ( * ) PLANE_ANGLE_UNIT ( ) SI_UNIT ( $, .RADIAN. ) );
#3116 = DIRECTION ( 'NONE',  ( 0.000000000000000000, 0.000000000000000000, 1.000000000000000000 ) ) ;
#3117 =( GEOMETRIC_REPRESENTATION_CONTEXT ( 3 ) GLOBAL_UNCERTAINTY_ASSIGNED_CONTEXT ( ( #4956 ) ) GLOBAL_UNIT_ASSIGNED_CONTEXT ( ( #4851, #4896, #2865 ) ) REPRESENTATION_CONTEXT ( 'NONE', 'WORKASPACE' ) );
#3118 = DIRECTION ( 'NONE',  ( 0.000000000000000000, 1.000000000000000000, 0.000000000000000000 ) ) ;
#3119 = AXIS2_PLACEMENT_3D ( 'NONE', #4334, #3065, #3883 ) ;
#3120 = DIRECTION ( 'NONE',  ( 0.000000000000000000, 0.000000000000000000, -1.000000000000000000 ) ) ;
#3121 = CARTESIAN_POINT ( 'NONE',  ( 6.938893903907228378E-15, 0.000000000000000000, -6.938893903907228378E-15 ) ) ;
#3122 = CARTESIAN_POINT ( 'NONE',  ( 3.425126265847143525, 60.00000000000000000, -4.485786437626981815 ) ) ;
#3123 = FILL_AREA_STYLE_COLOUR ( '', #782 ) ;
#3124 = CARTESIAN_POINT ( 'NONE',  ( 9.700000000000249756, 60.00000000000000000, 3.699999999998308642 ) ) ;
#3125 = ORIENTED_EDGE ( 'NONE', *, *, #270, .F. ) ;
#3126 =( GEOMETRIC_REPRESENTATION_CONTEXT ( 3 ) GLOBAL_UNCERTAINTY_ASSIGNED_CONTEXT ( ( #2192 ) ) GLOBAL_UNIT_ASSIGNED_CONTEXT ( ( #527, #3749, #2534 ) ) REPRESENTATION_CONTEXT ( 'NONE', 'WORKASPACE' ) );
#3127 = EDGE_CURVE ( 'NONE', #5236, #3816, #3823, .T. ) ;
#3128 = ORIENTED_EDGE ( 'NONE', *, *, #3769, .T. ) ;
#3129 = ORIENTED_EDGE ( 'NONE', *, *, #1673, .F. ) ;
#3130 = EDGE_CURVE ( 'NONE', #1426, #3896, #612, .T. ) ;
#3131 = CARTESIAN_POINT ( 'NONE',  ( -9.699999999999917577, 60.00000000000000000, -4.000000000000003553 ) ) ;
#3132 = VECTOR ( 'NONE', #5076, 1000.000000000000000 ) ;
#3133 = DIRECTION ( 'NONE',  ( 0.000000000000000000, 0.000000000000000000, 1.000000000000000000 ) ) ;
#3134 =( NAMED_UNIT ( * ) PLANE_ANGLE_UNIT ( ) SI_UNIT ( $, .RADIAN. ) );
#3135 = FILL_AREA_STYLE_COLOUR ( '', #1462 ) ;
#3136 = EDGE_LOOP ( 'NONE', ( #1299, #21, #3661, #382 ) ) ;
#3137 = EDGE_CURVE ( 'NONE', #1195, #3727, #147, .T. ) ;
#3138 = CARTESIAN_POINT ( 'NONE',  ( 5.200000000000051692, 60.00000000000000000, -7.900000000000052758 ) ) ;
#3139 = DIRECTION ( 'NONE',  ( 0.000000000000000000, 1.000000000000000000, -0.000000000000000000 ) ) ;
#3140 = PRESENTATION_LAYER_ASSIGNMENT (  '', '', ( #1239 ) ) ;
#3141 = UNCERTAINTY_MEASURE_WITH_UNIT (LENGTH_MEASURE( 1.000000000000000082E-05 ), #2128, 'distance_accuracy_value', 'NONE');
#3142 = PRESENTATION_LAYER_ASSIGNMENT (  '', '', ( #4329 ) ) ;
#3143 =( NAMED_UNIT ( * ) PLANE_ANGLE_UNIT ( ) SI_UNIT ( $, .RADIAN. ) );
#3144 = PRESENTATION_LAYER_ASSIGNMENT (  '', '', ( #1935 ) ) ;
#3145 = DIRECTION ( 'NONE',  ( 0.000000000000000000, 0.000000000000000000, -1.000000000000000000 ) ) ;
#3146 = DIRECTION ( 'NONE',  ( -0.000000000000000000, -1.000000000000000000, -0.000000000000000000 ) ) ;
#3147 =( GEOMETRIC_REPRESENTATION_CONTEXT ( 3 ) GLOBAL_UNCERTAINTY_ASSIGNED_CONTEXT ( ( #2892 ) ) GLOBAL_UNIT_ASSIGNED_CONTEXT ( ( #3165, #3589, #823 ) ) REPRESENTATION_CONTEXT ( 'NONE', 'WORKASPACE' ) );
#3148 = CARTESIAN_POINT ( 'NONE',  ( 4.000000000000211386, 0.000000000000000000, 9.999999999998451017 ) ) ;
#3149 =( NAMED_UNIT ( * ) PLANE_ANGLE_UNIT ( ) SI_UNIT ( $, .RADIAN. ) );
#3150 = SURFACE_SIDE_STYLE ('',( #1059 ) ) ;
#3151 = VERTEX_POINT ( 'NONE', #155 ) ;
#3152 = CARTESIAN_POINT ( 'NONE',  ( 5.500000000000185629, 60.00000000000000000, 7.899999999998456701 ) ) ;
#3153 = STYLED_ITEM ( 'NONE', ( #1073 ), #3186 ) ;
#3154 = AXIS2_PLACEMENT_3D ( 'NONE', #2911, #939, #3371 ) ;
#3155 = VERTEX_POINT ( 'NONE', #217 ) ;
#3156 = DIRECTION ( 'NONE',  ( -0.000000000000000000, -1.000000000000000000, -0.000000000000000000 ) ) ;
#3157 = ORIENTED_EDGE ( 'NONE', *, *, #1257, .T. ) ;
#3158 = FACE_OUTER_BOUND ( 'NONE', #2839, .T. ) ;
#3159 = PRESENTATION_STYLE_ASSIGNMENT (( #5264 ) ) ;
#3160 = CARTESIAN_POINT ( 'NONE',  ( 9.100000000000038725, 60.00000000000000000, 3.399999999999923972 ) ) ;
#3161 = EDGE_CURVE ( 'NONE', #1282, #627, #1786, .T. ) ;
#3162 = ORIENTED_EDGE ( 'NONE', *, *, #2269, .F. ) ;
#3163 =( NAMED_UNIT ( * ) PLANE_ANGLE_UNIT ( ) SI_UNIT ( $, .RADIAN. ) );
#3164 = EDGE_CURVE ( 'NONE', #2900, #2361, #1100, .T. ) ;
#3165 =( LENGTH_UNIT ( ) NAMED_UNIT ( * ) SI_UNIT ( .MILLI., .METRE. ) );
#3166 = CARTESIAN_POINT ( 'NONE',  ( -2.010912703473963337, 0.000000000000000000, -3.900000000000083844 ) ) ;
#3167 = UNCERTAINTY_MEASURE_WITH_UNIT (LENGTH_MEASURE( 1.000000000000000082E-05 ), #1423, 'distance_accuracy_value', 'NONE');
#3168 = FACE_OUTER_BOUND ( 'NONE', #2635, .T. ) ;
#3169 = DIRECTION ( 'NONE',  ( -0.000000000000000000, -0.000000000000000000, -1.000000000000000000 ) ) ;
#3170 =( NAMED_UNIT ( * ) SI_UNIT ( $, .STERADIAN. ) SOLID_ANGLE_UNIT ( ) );
#3171 = ORIENTED_EDGE ( 'NONE', *, *, #3518, .T. ) ;
#3172 = LINE ( 'NONE', #3073, #4786 ) ;
#3173 = VERTEX_POINT ( 'NONE', #1843 ) ;
#3174 = MECHANICAL_DESIGN_GEOMETRIC_PRESENTATION_REPRESENTATION (  '', ( #3937 ), #4963 ) ;
#3175 = DIRECTION ( 'NONE',  ( -1.000000000000000000, -0.000000000000000000, -0.000000000000000000 ) ) ;
#3176 = DIRECTION ( 'NONE',  ( 0.000000000000000000, 0.000000000000000000, 1.000000000000000000 ) ) ;
#3177 = FILL_AREA_STYLE ('',( #2055 ) ) ;
#3178 = ORIENTED_EDGE ( 'NONE', *, *, #5160, .F. ) ;
#3179 =( GEOMETRIC_REPRESENTATION_CONTEXT ( 3 ) GLOBAL_UNCERTAINTY_ASSIGNED_CONTEXT ( ( #3509 ) ) GLOBAL_UNIT_ASSIGNED_CONTEXT ( ( #1677, #3372, #4161 ) ) REPRESENTATION_CONTEXT ( 'NONE', 'WORKASPACE' ) );
#3180 = CARTESIAN_POINT ( 'NONE',  ( 3.100000000000033396, 60.00000000000000000, -8.500000000000049738 ) ) ;
#3181 = PRESENTATION_STYLE_ASSIGNMENT (( #4739 ) ) ;
#3182 = COLOUR_RGB ( '',0.8980392156862745390, 0.9176470588235293713, 0.9294117647058823817 ) ;
#3183 = ORIENTED_EDGE ( 'NONE', *, *, #1887, .F. ) ;
#3184 =( GEOMETRIC_REPRESENTATION_CONTEXT ( 3 ) GLOBAL_UNCERTAINTY_ASSIGNED_CONTEXT ( ( #299 ) ) GLOBAL_UNIT_ASSIGNED_CONTEXT ( ( #2778, #4931, #1560 ) ) REPRESENTATION_CONTEXT ( 'NONE', 'WORKASPACE' ) );
#3185 = CARTESIAN_POINT ( 'NONE',  ( 10.00000000000004974, 0.000000000000000000, -4.000000000000079936 ) ) ;
#3186 = ADVANCED_FACE ( 'NONE', ( #3531 ), #1811, .T. ) ;
#3187 = UNCERTAINTY_MEASURE_WITH_UNIT (LENGTH_MEASURE( 1.000000000000000082E-05 ), #2349, 'distance_accuracy_value', 'NONE');
#3188 = DIRECTION ( 'NONE',  ( -0.000000000000000000, -1.000000000000000000, -0.000000000000000000 ) ) ;
#3189 = EDGE_CURVE ( 'NONE', #2997, #2895, #668, .T. ) ;
#3190 = VECTOR ( 'NONE', #498, 999.9999999999998863 ) ;
#3191 = UNCERTAINTY_MEASURE_WITH_UNIT (LENGTH_MEASURE( 1.000000000000000082E-05 ), #2560, 'distance_accuracy_value', 'NONE');
#3192 = SURFACE_STYLE_USAGE ( .BOTH. , #675 ) ;
#3193 = SURFACE_STYLE_FILL_AREA ( #3591 ) ;
#3194 = LINE ( 'NONE', #2449, #1311 ) ;
#3195 = DIRECTION ( 'NONE',  ( -0.000000000000000000, -1.000000000000000000, -0.000000000000000000 ) ) ;
#3196 =( LENGTH_UNIT ( ) NAMED_UNIT ( * ) SI_UNIT ( .MILLI., .METRE. ) );
#3197 = FILL_AREA_STYLE_COLOUR ( '', #1760 ) ;
#3198 = ORIENTED_EDGE ( 'NONE', *, *, #3996, .T. ) ;
#3199 = STYLED_ITEM ( 'NONE', ( #5226 ), #1410 ) ;
#3200 = UNCERTAINTY_MEASURE_WITH_UNIT (LENGTH_MEASURE( 1.000000000000000082E-05 ), #2721, 'distance_accuracy_value', 'NONE');
#3201 = VERTEX_POINT ( 'NONE', #3112 ) ;
#3202 = FACE_OUTER_BOUND ( 'NONE', #857, .T. ) ;
#3203 = MECHANICAL_DESIGN_GEOMETRIC_PRESENTATION_REPRESENTATION (  '', ( #4307 ), #2587 ) ;
#3204 = ORIENTED_EDGE ( 'NONE', *, *, #2760, .F. ) ;
#3205 = DIRECTION ( 'NONE',  ( 1.000000000000000000, -0.000000000000000000, -0.000000000000000000 ) ) ;
#3206 = AXIS2_PLACEMENT_3D ( 'NONE', #84, #573, #4619 ) ;
#3207 = ORIENTED_EDGE ( 'NONE', *, *, #201, .F. ) ;
#3208 = PRESENTATION_LAYER_ASSIGNMENT (  '', '', ( #458 ) ) ;
#3209 = FACE_OUTER_BOUND ( 'NONE', #4814, .T. ) ;
#3210 =( GEOMETRIC_REPRESENTATION_CONTEXT ( 3 ) GLOBAL_UNCERTAINTY_ASSIGNED_CONTEXT ( ( #3914 ) ) GLOBAL_UNIT_ASSIGNED_CONTEXT ( ( #2448, #2953, #4080 ) ) REPRESENTATION_CONTEXT ( 'NONE', 'WORKASPACE' ) );
#3211 = FILL_AREA_STYLE_COLOUR ( '', #881 ) ;
#3212 = CARTESIAN_POINT ( 'NONE',  ( -3.399999999999944844, 60.00000000000000000, -8.200000000000020606 ) ) ;
#3213 = DIRECTION ( 'NONE',  ( -0.000000000000000000, -1.000000000000000000, -0.000000000000000000 ) ) ;
#3214 = CARTESIAN_POINT ( 'NONE',  ( -3.399999999999750333, 0.000000000000000000, 9.099999999998837907 ) ) ;
#3215 = SURFACE_STYLE_FILL_AREA ( #3290 ) ;
#3216 = EDGE_CURVE ( 'NONE', #5110, #3940, #4657, .T. ) ;
#3217 = STYLED_ITEM ( 'NONE', ( #918 ), #3460 ) ;
#3218 = UNCERTAINTY_MEASURE_WITH_UNIT (LENGTH_MEASURE( 1.000000000000000082E-05 ), #4485, 'distance_accuracy_value', 'NONE');
#3219 = EDGE_LOOP ( 'NONE', ( #4065, #4320, #3109, #255 ) ) ;
#3220 = DIRECTION ( 'NONE',  ( -0.000000000000000000, -1.000000000000000000, -0.000000000000000000 ) ) ;
#3221 = AXIS2_PLACEMENT_3D ( 'NONE', #1853, #4310, #1499 ) ;
#3222 = ORIENTED_EDGE ( 'NONE', *, *, #1644, .F. ) ;
#3223 = EDGE_CURVE ( 'NONE', #3584, #2113, #3226, .T. ) ;
#3224 = CARTESIAN_POINT ( 'NONE',  ( 10.00000000000024514, 60.00000000000000000, 8.499999999998452793 ) ) ;
#3225 = SURFACE_SIDE_STYLE ('',( #426 ) ) ;
#3226 = CIRCLE ( 'NONE', #919, 0.2999999999999947153 ) ;
#3227 =( LENGTH_UNIT ( ) NAMED_UNIT ( * ) SI_UNIT ( .MILLI., .METRE. ) );
#3228 = ORIENTED_EDGE ( 'NONE', *, *, #824, .F. ) ;
#3229 = CARTESIAN_POINT ( 'NONE',  ( 3.400000000000222400, 60.00000000000000000, 8.199999999998459188 ) ) ;
#3230 = CARTESIAN_POINT ( 'NONE',  ( -2.010912703473713314, 60.00000000000000000, 5.899999999998809308 ) ) ;
#3231 = CARTESIAN_POINT ( 'NONE',  ( -9.099999999999926814, 60.00000000000000000, -3.400000000000007017 ) ) ;
#3232 = DIRECTION ( 'NONE',  ( -0.000000000000000000, -0.000000000000000000, -1.000000000000000000 ) ) ;
#3233 =( NAMED_UNIT ( * ) SI_UNIT ( $, .STERADIAN. ) SOLID_ANGLE_UNIT ( ) );
#3234 = CARTESIAN_POINT ( 'NONE',  ( -6.472792206135627779, 60.00000000000000000, 5.412132034355941812 ) ) ;
#3235 = COLOUR_RGB ( '',0.8980392156862745390, 0.9176470588235293713, 0.9294117647058823817 ) ;
#3236 = CARTESIAN_POINT ( 'NONE',  ( -5.199999999999746159, 60.00000000000000000, 6.684924240490559555 ) ) ;
#3237 = CYLINDRICAL_SURFACE ( 'NONE', #3708, 2.000000000000005329 ) ;
#3238 = CARTESIAN_POINT ( 'NONE',  ( -9.099999999999926814, 60.00000000000000000, -3.100000000000005418 ) ) ;
#3239 = AXIS2_PLACEMENT_3D ( 'NONE', #4839, #3248, #353 ) ;
#3240 = SURFACE_STYLE_FILL_AREA ( #2402 ) ;
#3241 = ORIENTED_EDGE ( 'NONE', *, *, #2094, .F. ) ;
#3242 = FILL_AREA_STYLE ('',( #4039 ) ) ;
#3243 = STYLED_ITEM ( 'NONE', ( #3844 ), #1913 ) ;
#3244 = ADVANCED_FACE ( 'NONE', ( #690 ), #1597, .F. ) ;
#3245 = VERTEX_POINT ( 'NONE', #3185 ) ;
#3246 = CARTESIAN_POINT ( 'NONE',  ( -9.999999999999968026, 60.00000000000000000, -3.999999999999996447 ) ) ;
#3247 = CARTESIAN_POINT ( 'NONE',  ( -6.684924240491898928, 0.000000000000000000, 5.500000000000023093 ) ) ;
#3248 = DIRECTION ( 'NONE',  ( 0.000000000000000000, 1.000000000000000000, 0.000000000000000000 ) ) ;
#3249 = EDGE_CURVE ( 'NONE', #4468, #517, #1761, .T. ) ;
#3250 = CARTESIAN_POINT ( 'NONE',  ( 8.500000000000271783, 60.00000000000000000, 9.999999999998454570 ) ) ;
#3251 = AXIS2_PLACEMENT_3D ( 'NONE', #4533, #3742, #2908 ) ;
#3252 = VERTEX_POINT ( 'NONE', #5242 ) ;
#3253 = ORIENTED_EDGE ( 'NONE', *, *, #3672, .F. ) ;
#3254 = CIRCLE ( 'NONE', #1116, 0.2999999999999981570 ) ;
#3255 = FILL_AREA_STYLE ('',( #294 ) ) ;
#3256 = COLOUR_RGB ( '',0.8980392156862745390, 0.9176470588235293713, 0.9294117647058823817 ) ;
#3257 = DIRECTION ( 'NONE',  ( 0.000000000000000000, 0.000000000000000000, -1.000000000000000000 ) ) ;
#3258 = CARTESIAN_POINT ( 'NONE',  ( -5.199999999999746159, 60.00000000000000000, 8.199999999998833999 ) ) ;
#3259 = CARTESIAN_POINT ( 'NONE',  ( 6.938893903907228378E-15, 0.000000000000000000, -2.500000000000019984 ) ) ;
#3260 = SURFACE_SIDE_STYLE ('',( #2424 ) ) ;
#3261 = LINE ( 'NONE', #2323, #3044 ) ;
#3262 = CARTESIAN_POINT ( 'NONE',  ( 9.100000000000038725, 60.00000000000000000, -3.400000000000076739 ) ) ;
#3263 = UNCERTAINTY_MEASURE_WITH_UNIT (LENGTH_MEASURE( 1.000000000000000082E-05 ), #38, 'distance_accuracy_value', 'NONE');
#3264 = PLANE ( 'NONE',  #3268 ) ;
#3265 =( NAMED_UNIT ( * ) PLANE_ANGLE_UNIT ( ) SI_UNIT ( $, .RADIAN. ) );
#3266 = VERTEX_POINT ( 'NONE', #737 ) ;
#3267 = EDGE_LOOP ( 'NONE', ( #3804, #4861, #1956, #3945, #1183, #3576, #814, #1041, #4373, #1215, #2201, #2306, #3476, #1740, #3162, #978, #1170, #3207, #1086, #2631, #1399, #2289, #2732, #2229, #950, #4327, #4758, #310, #4613, #2059, #1114, #2905, #725, #1726, #4592, #2608, #2484, #3129, #917, #1858, #2577, #1358, #3325, #4960, #2432, #3448, #1865, #4317, #2440, #3740, #5042, #733, #2958, #456, #3349, #1793, #2463, #305, #4929, #1932, #2723, #1954, #3478, #3358, #1912, #4935, #200, #1459, #3204, #1693, #4903, #5048, #872, #1783, #3761, #4169, #4865, #3670, #52, #372, #1975, #1383, #3751, #2881, #3241, #2091, #4505, #2988, #1923, #840, #4179, #5239, #4259, #4506, #5312, #1017, #4899, #3976, #2223, #1981, #2144, #1587, #1042, #1557 ) ) ;
#3268 = AXIS2_PLACEMENT_3D ( 'NONE', #4898, #1179, #367 ) ;
#3269 = SURFACE_STYLE_USAGE ( .BOTH. , #1259 ) ;
#3270 = EDGE_CURVE ( 'NONE', #264, #3816, #5292, .T. ) ;
#3272 = AXIS2_PLACEMENT_3D ( 'NONE', #4441, #4465, #1253 ) ;
#3271 = LINE ( 'NONE', #3653, #1051 ) ;
#3273 = DIRECTION ( 'NONE',  ( 0.000000000000000000, 0.000000000000000000, 1.000000000000000000 ) ) ;
#3274 = ORIENTED_EDGE ( 'NONE', *, *, #91, .T. ) ;
#3275 = VERTEX_POINT ( 'NONE', #4028 ) ;
#3276 = SHAPE_DEFINITION_REPRESENTATION ( #793, #360 ) ;
#3277 = CIRCLE ( 'NONE', #3119, 0.2999999999999947153 ) ;
#3278 = EDGE_CURVE ( 'NONE', #3052, #2139, #383, .T. ) ;
#3279 = EDGE_CURVE ( 'NONE', #3529, #2802, #4483, .T. ) ;
#3280 = ORIENTED_EDGE ( 'NONE', *, *, #165, .F. ) ;
#3281 = EDGE_LOOP ( 'NONE', ( #3072, #1093, #3660, #3791 ) ) ;
#3282 = AXIS2_PLACEMENT_3D ( 'NONE', #351, #2822, #1980 ) ;
#3283 = LINE ( 'NONE', #4939, #4771 ) ;
#3284 =( GEOMETRIC_REPRESENTATION_CONTEXT ( 3 ) GLOBAL_UNCERTAINTY_ASSIGNED_CONTEXT ( ( #1822 ) ) GLOBAL_UNIT_ASSIGNED_CONTEXT ( ( #3614, #2814, #4034 ) ) REPRESENTATION_CONTEXT ( 'NONE', 'WORKASPACE' ) );
#3285 = DIRECTION ( 'NONE',  ( -0.7071067811865482389, -0.000000000000000000, 0.7071067811865469066 ) ) ;
#3286 = EDGE_CURVE ( 'NONE', #2515, #1193, #3561, .T. ) ;
#3287 = UNCERTAINTY_MEASURE_WITH_UNIT (LENGTH_MEASURE( 1.000000000000000082E-05 ), #2276, 'distance_accuracy_value', 'NONE');
#3288 = FILL_AREA_STYLE ('',( #4103 ) ) ;
#3289 =( NAMED_UNIT ( * ) PLANE_ANGLE_UNIT ( ) SI_UNIT ( $, .RADIAN. ) );
#3290 = FILL_AREA_STYLE ('',( #2375 ) ) ;
#3291 = CARTESIAN_POINT ( 'NONE',  ( -9.099999999999926814, 60.00000000000000000, -3.400000000000007017 ) ) ;
#3292 = CARTESIAN_POINT ( 'NONE',  ( 3.400000000000027889, 60.00000000000000000, -9.400000000000046541 ) ) ;
#3293 = ORIENTED_EDGE ( 'NONE', *, *, #465, .T. ) ;
#3294 = PLANE ( 'NONE',  #3374 ) ;
#3295 = VERTEX_POINT ( 'NONE', #3229 ) ;
#3296 = PRESENTATION_LAYER_ASSIGNMENT (  '', '', ( #2184 ) ) ;
#3297 =( NAMED_UNIT ( * ) PLANE_ANGLE_UNIT ( ) SI_UNIT ( $, .RADIAN. ) );
#3298 = SURFACE_STYLE_USAGE ( .BOTH. , #108 ) ;
#3299 = ORIENTED_EDGE ( 'NONE', *, *, #2190, .T. ) ;
#3300 = LINE ( 'NONE', #1263, #2371 ) ;
#3301 = CIRCLE ( 'NONE', #1671, 0.2999999999999947153 ) ;
#3302 = ORIENTED_EDGE ( 'NONE', *, *, #359, .F. ) ;
#3303 =( GEOMETRIC_REPRESENTATION_CONTEXT ( 3 ) GLOBAL_UNCERTAINTY_ASSIGNED_CONTEXT ( ( #5303 ) ) GLOBAL_UNIT_ASSIGNED_CONTEXT ( ( #966, #4574, #4511 ) ) REPRESENTATION_CONTEXT ( 'NONE', 'WORKASPACE' ) );
#3304 = ORIENTED_EDGE ( 'NONE', *, *, #274, .F. ) ;
#3305 = ORIENTED_EDGE ( 'NONE', *, *, #1032, .F. ) ;
#3306 = CARTESIAN_POINT ( 'NONE',  ( -2.010912703473713314, 60.00000000000000000, 3.899999999998806199 ) ) ;
#3307 =( LENGTH_UNIT ( ) NAMED_UNIT ( * ) SI_UNIT ( .MILLI., .METRE. ) );
#3308 = ADVANCED_FACE ( 'NONE', ( #3209 ), #315, .F. ) ;
#3309 = FACE_OUTER_BOUND ( 'NONE', #4145, .T. ) ;
#3310 = EDGE_CURVE ( 'NONE', #4443, #516, #3766, .T. ) ;
#3311 = FILL_AREA_STYLE ('',( #1680 ) ) ;
#3312 = DIRECTION ( 'NONE',  ( -1.000000000000000000, 0.000000000000000000, 0.000000000000000000 ) ) ;
#3313 = CARTESIAN_POINT ( 'NONE',  ( -5.499999999999745093, 60.00000000000000000, 7.899999999998831512 ) ) ;
#3314 = ORIENTED_EDGE ( 'NONE', *, *, #755, .F. ) ;
#3315 = CARTESIAN_POINT ( 'NONE',  ( 3.700000000000029488, 60.00000000000000000, -9.700000000000049027 ) ) ;
#3316 = EDGE_CURVE ( 'NONE', #2004, #575, #845, .T. ) ;
#3317 = VERTEX_POINT ( 'NONE', #3395 ) ;
#3318 = AXIS2_PLACEMENT_3D ( 'NONE', #3482, #262, #2726 ) ;
#3319 = FILL_AREA_STYLE ('',( #3020 ) ) ;
#3320 = DIRECTION ( 'NONE',  ( 0.000000000000000000, 0.000000000000000000, -1.000000000000000000 ) ) ;
#3321 = VERTEX_POINT ( 'NONE', #4598 ) ;
#3322 =( NAMED_UNIT ( * ) PLANE_ANGLE_UNIT ( ) SI_UNIT ( $, .RADIAN. ) );
#3323 = DIRECTION ( 'NONE',  ( -0.000000000000000000, -1.000000000000000000, -0.000000000000000000 ) ) ;
#3324 = MECHANICAL_DESIGN_GEOMETRIC_PRESENTATION_REPRESENTATION (  '', ( #4188 ), #2118 ) ;
#3325 = ORIENTED_EDGE ( 'NONE', *, *, #2701, .F. ) ;
#3326 = ORIENTED_EDGE ( 'NONE', *, *, #1214, .T. ) ;
#3327 = ORIENTED_EDGE ( 'NONE', *, *, #2648, .F. ) ;
#3328 = PRESENTATION_LAYER_ASSIGNMENT (  '', '', ( #1706 ) ) ;
#3329 = CARTESIAN_POINT ( 'NONE',  ( -6.472792206135627779, 0.000000000000000000, 5.412132034355941812 ) ) ;
#3330 = SURFACE_STYLE_FILL_AREA ( #5034 ) ;
#3331 = VECTOR ( 'NONE', #331, 1000.000000000000000 ) ;
#3332 = FILL_AREA_STYLE_COLOUR ( '', #1879 ) ;
#3333 = EDGE_CURVE ( 'NONE', #3023, #4704, #1269, .T. ) ;
#3334 = DIRECTION ( 'NONE',  ( -1.000000000000000000, -0.000000000000000000, -0.000000000000000000 ) ) ;
#3335 = VECTOR ( 'NONE', #4056, 1000.000000000000000 ) ;
#3336 = COLOUR_RGB ( '',0.8980392156862745390, 0.9176470588235293713, 0.9294117647058823817 ) ;
#3337 = LINE ( 'NONE', #4576, #3453 ) ;
#3338 = CARTESIAN_POINT ( 'NONE',  ( 5.900000000000085620, 60.00000000000000000, -2.010912703474081020 ) ) ;
#3339 =( LENGTH_UNIT ( ) NAMED_UNIT ( * ) SI_UNIT ( .MILLI., .METRE. ) );
#3340 = CARTESIAN_POINT ( 'NONE',  ( 7.900000000000032330, 60.00000000000000000, -5.500000000000074607 ) ) ;
#3341 = ADVANCED_FACE ( 'NONE', ( #4126 ), #409, .F. ) ;
#3342 = DIRECTION ( 'NONE',  ( -0.000000000000000000, -1.000000000000000000, -0.000000000000000000 ) ) ;
#3343 = DIRECTION ( 'NONE',  ( -0.000000000000000000, -1.000000000000000000, -0.000000000000000000 ) ) ;
#3344 = ORIENTED_EDGE ( 'NONE', *, *, #2669, .T. ) ;
#3345 = DIRECTION ( 'NONE',  ( 0.000000000000000000, 0.000000000000000000, -1.000000000000000000 ) ) ;
#3346 = VECTOR ( 'NONE', #3895, 1000.000000000000000 ) ;
#3347 = SURFACE_STYLE_FILL_AREA ( #1 ) ;
#3348 = SURFACE_STYLE_FILL_AREA ( #5019 ) ;
#3349 = ORIENTED_EDGE ( 'NONE', *, *, #1257, .F. ) ;
#3350 = PRESENTATION_LAYER_ASSIGNMENT (  '', '', ( #1976 ) ) ;
#3351 = CARTESIAN_POINT ( 'NONE',  ( 10.00000000000024514, 60.00000000000000000, 8.499999999998452793 ) ) ;
#3352 = EDGE_CURVE ( 'NONE', #3, #5144, #2441, .T. ) ;
#3353 = DIRECTION ( 'NONE',  ( 0.000000000000000000, 1.000000000000000000, 0.000000000000000000 ) ) ;
#3354 = ORIENTED_EDGE ( 'NONE', *, *, #2648, .T. ) ;
#3355 = PRESENTATION_STYLE_ASSIGNMENT (( #197 ) ) ;
#3356 = CARTESIAN_POINT ( 'NONE',  ( -9.099999999999788258, 60.00000000000000000, 3.399999999999334221 ) ) ;
#3357 = VECTOR ( 'NONE', #2981, 1000.000000000000000 ) ;
#3358 = ORIENTED_EDGE ( 'NONE', *, *, #699, .F. ) ;
#3359 = VECTOR ( 'NONE', #5299, 1000.000000000000000 ) ;
#3360 = CYLINDRICAL_SURFACE ( 'NONE', #2259, 0.3000000000000476175 ) ;
#3361 = SURFACE_STYLE_FILL_AREA ( #3739 ) ;
#3362 = ORIENTED_EDGE ( 'NONE', *, *, #2269, .T. ) ;
#3363 = VERTEX_POINT ( 'NONE', #1670 ) ;
#3364 = MECHANICAL_DESIGN_GEOMETRIC_PRESENTATION_REPRESENTATION (  '', ( #4383 ), #3117 ) ;
#3365 = PRESENTATION_STYLE_ASSIGNMENT (( #1727 ) ) ;
#3366 = MECHANICAL_DESIGN_GEOMETRIC_PRESENTATION_REPRESENTATION (  '', ( #1567 ), #292 ) ;
#3367 = FILL_AREA_STYLE_COLOUR ( '', #2395 ) ;
#3368 = PRODUCT_DEFINITION ( '未知', '', #2266, #697 ) ;
#3369 = PRESENTATION_LAYER_ASSIGNMENT (  '', '', ( #2164 ) ) ;
#3370 = VECTOR ( 'NONE', #2956, 1000.000000000000000 ) ;
#3371 = DIRECTION ( 'NONE',  ( 0.000000000000000000, 0.000000000000000000, -1.000000000000000000 ) ) ;
#3372 =( NAMED_UNIT ( * ) PLANE_ANGLE_UNIT ( ) SI_UNIT ( $, .RADIAN. ) );
#3373 =( LENGTH_UNIT ( ) NAMED_UNIT ( * ) SI_UNIT ( .MILLI., .METRE. ) );
#3374 = AXIS2_PLACEMENT_3D ( 'NONE', #3752, #4986, #1349 ) ;
#3375 = FILL_AREA_STYLE_COLOUR ( '', #4238 ) ;
#3376 =( LENGTH_UNIT ( ) NAMED_UNIT ( * ) SI_UNIT ( .MILLI., .METRE. ) );
#3377 = CARTESIAN_POINT ( 'NONE',  ( 9.100000000000038725, 60.00000000000000000, 3.099999999999932587 ) ) ;
#3378 = SURFACE_STYLE_FILL_AREA ( #3773 ) ;
#3379 = ORIENTED_EDGE ( 'NONE', *, *, #5092, .F. ) ;
#3380 = CYLINDRICAL_SURFACE ( 'NONE', #2012, 0.2999999999999947153 ) ;
#3381 = AXIS2_PLACEMENT_3D ( 'NONE', #2512, #3386, #1716 ) ;
#3382 = FILL_AREA_STYLE ('',( #4928 ) ) ;
#3383 = EDGE_CURVE ( 'NONE', #3363, #59, #4676, .T. ) ;
#3384 = VERTEX_POINT ( 'NONE', #3329 ) ;
#3385 = VECTOR ( 'NONE', #554, 1000.000000000000000 ) ;
#3386 = DIRECTION ( 'NONE',  ( -0.000000000000000000, -1.000000000000000000, 0.000000000000000000 ) ) ;
#3387 = VERTEX_POINT ( 'NONE', #3306 ) ;
#3388 = DIRECTION ( 'NONE',  ( -1.000000000000000000, 0.000000000000000000, 0.000000000000000000 ) ) ;
#3389 = VECTOR ( 'NONE', #5276, 1000.000000000000000 ) ;
#3390 = EDGE_CURVE ( 'NONE', #4741, #3151, #2943, .T. ) ;
#3391 = ORIENTED_EDGE ( 'NONE', *, *, #2592, .T. ) ;
#3392 = DIRECTION ( 'NONE',  ( -0.000000000000000000, -1.000000000000000000, -0.000000000000000000 ) ) ;
#3393 = ORIENTED_EDGE ( 'NONE', *, *, #145, .T. ) ;
#3394 = ORIENTED_EDGE ( 'NONE', *, *, #1610, .T. ) ;
#3395 = CARTESIAN_POINT ( 'NONE',  ( -3.425126265847040941, 0.000000000000000000, -4.485786437626964052 ) ) ;
#3396 = DIRECTION ( 'NONE',  ( -0.000000000000000000, -1.000000000000000000, -0.000000000000000000 ) ) ;
#3397 = EDGE_CURVE ( 'NONE', #117, #1773, #3283, .T. ) ;
#3398 = DIRECTION ( 'NONE',  ( 0.000000000000000000, 1.000000000000000000, -0.000000000000000000 ) ) ;
#3399 = CARTESIAN_POINT ( 'NONE',  ( -5.499999999999741540, 60.00000000000000000, 6.684924240490566660 ) ) ;
#3400 = FILL_AREA_STYLE_COLOUR ( '', #3182 ) ;
#3401 = PLANE ( 'NONE',  #227 ) ;
#3402 = SURFACE_STYLE_USAGE ( .BOTH. , #1708 ) ;
#3403 = PRESENTATION_STYLE_ASSIGNMENT (( #1683 ) ) ;
#3404 = SURFACE_STYLE_USAGE ( .BOTH. , #3803 ) ;
#3405 = ORIENTED_EDGE ( 'NONE', *, *, #3553, .T. ) ;
#3406 = DIRECTION ( 'NONE',  ( 0.000000000000000000, 1.000000000000000000, -0.000000000000000000 ) ) ;
#3407 = CARTESIAN_POINT ( 'NONE',  ( 4.000000000000045297, 0.000000000000000000, -9.700000000000056133 ) ) ;
#3408 = MECHANICAL_DESIGN_GEOMETRIC_PRESENTATION_REPRESENTATION (  '', ( #486 ), #1178 ) ;
#3409 = ORIENTED_EDGE ( 'NONE', *, *, #1673, .T. ) ;
#3410 = DIRECTION ( 'NONE',  ( 0.000000000000000000, 0.000000000000000000, -1.000000000000000000 ) ) ;
#3411 = DIRECTION ( 'NONE',  ( 1.000000000000000000, 0.000000000000000000, 0.000000000000000000 ) ) ;
#3412 = FILL_AREA_STYLE ('',( #4232 ) ) ;
#3413 = ORIENTED_EDGE ( 'NONE', *, *, #1610, .F. ) ;
#3414 = CARTESIAN_POINT ( 'NONE',  ( 3.400000000000027889, 60.00000000000000000, -9.100000000000052935 ) ) ;
#3415 = ADVANCED_FACE ( 'NONE', ( #4532 ), #874, .T. ) ;
#3416 = ORIENTED_EDGE ( 'NONE', *, *, #3597, .T. ) ;
#3417 =( NAMED_UNIT ( * ) PLANE_ANGLE_UNIT ( ) SI_UNIT ( $, .RADIAN. ) );
#3418 = DIRECTION ( 'NONE',  ( 1.000000000000000000, -0.000000000000000000, 0.000000000000000000 ) ) ;
#3419 = ORIENTED_EDGE ( 'NONE', *, *, #1574, .T. ) ;
#3420 = VERTEX_POINT ( 'NONE', #2638 ) ;
#3421 = EDGE_CURVE ( 'NONE', #1292, #3634, #2713, .T. ) ;
#3422 = COLOUR_RGB ( '',0.8980392156862745390, 0.9176470588235293713, 0.9294117647058823817 ) ;
#3423 = CARTESIAN_POINT ( 'NONE',  ( 3.400000000000222400, 60.00000000000000000, 9.099999999998455991 ) ) ;
#3424 =( NAMED_UNIT ( * ) PLANE_ANGLE_UNIT ( ) SI_UNIT ( $, .RADIAN. ) );
#3425 = CARTESIAN_POINT ( 'NONE',  ( 5.500000000000175859, 0.000000000000000000, 6.684924240490220271 ) ) ;
#3426 = COLOUR_RGB ( '',0.8980392156862745390, 0.9176470588235293713, 0.9294117647058823817 ) ;
#3427 = AXIS2_PLACEMENT_3D ( 'NONE', #2437, #1140, #2780 ) ;
#3428 =( NAMED_UNIT ( * ) PLANE_ANGLE_UNIT ( ) SI_UNIT ( $, .RADIAN. ) );
#3429 =( NAMED_UNIT ( * ) SI_UNIT ( $, .STERADIAN. ) SOLID_ANGLE_UNIT ( ) );
#3430 = CIRCLE ( 'NONE', #267, 0.3000000000000224709 ) ;
#3431 =( NAMED_UNIT ( * ) PLANE_ANGLE_UNIT ( ) SI_UNIT ( $, .RADIAN. ) );
#3432 = LINE ( 'NONE', #1003, #2676 ) ;
#3433 = COLOUR_RGB ( '',0.8980392156862745390, 0.9176470588235293713, 0.9294117647058823817 ) ;
#3434 = CARTESIAN_POINT ( 'NONE',  ( -3.999999999999739764, 60.00000000000000000, 9.699999999999098677 ) ) ;
#3435 =( NAMED_UNIT ( * ) PLANE_ANGLE_UNIT ( ) SI_UNIT ( $, .RADIAN. ) );
#3436 = EDGE_LOOP ( 'NONE', ( #2875, #49, #4650, #3128 ) ) ;
#3437 =( GEOMETRIC_REPRESENTATION_CONTEXT ( 3 ) GLOBAL_UNCERTAINTY_ASSIGNED_CONTEXT ( ( #3452 ) ) GLOBAL_UNIT_ASSIGNED_CONTEXT ( ( #2399, #4870, #4102 ) ) REPRESENTATION_CONTEXT ( 'NONE', 'WORKASPACE' ) );
#3438 = CARTESIAN_POINT ( 'NONE',  ( 3.400000000000055866, 60.00000000000000000, -8.200000000000036593 ) ) ;
#3439 = PRESENTATION_STYLE_ASSIGNMENT (( #924 ) ) ;
#3440 = DIRECTION ( 'NONE',  ( -0.000000000000000000, -1.000000000000000000, -0.000000000000000000 ) ) ;
#3441 = ORIENTED_EDGE ( 'NONE', *, *, #5316, .T. ) ;
#3442 = AXIS2_PLACEMENT_3D ( 'NONE', #401, #3698, #4017 ) ;
#3443 = APPLICATION_CONTEXT ( 'automotive_design' ) ;
#3444 = ORIENTED_EDGE ( 'NONE', *, *, #246, .F. ) ;
#3445 = PRESENTATION_LAYER_ASSIGNMENT (  '', '', ( #433 ) ) ;
#3446 = ADVANCED_FACE ( 'NONE', ( #152 ), #2178, .F. ) ;
#3447 = FACE_OUTER_BOUND ( 'NONE', #901, .T. ) ;
#3448 = ORIENTED_EDGE ( 'NONE', *, *, #3490, .F. ) ;
#3449 = ORIENTED_EDGE ( 'NONE', *, *, #5290, .F. ) ;
#3450 = MECHANICAL_DESIGN_GEOMETRIC_PRESENTATION_REPRESENTATION (  '', ( #4812 ), #1903 ) ;
#3451 = CARTESIAN_POINT ( 'NONE',  ( -8.499999999999966249, 60.00000000000000000, -10.00000000000000178 ) ) ;
#3452 = UNCERTAINTY_MEASURE_WITH_UNIT (LENGTH_MEASURE( 1.000000000000000082E-05 ), #2399, 'distance_accuracy_value', 'NONE');
#3453 = VECTOR ( 'NONE', #912, 1000.000000000000000 ) ;
#3454 = EDGE_CURVE ( 'NONE', #1533, #1562, #974, .T. ) ;
#3455 = ORIENTED_EDGE ( 'NONE', *, *, #1208, .T. ) ;
#3456 = AXIS2_PLACEMENT_3D ( 'NONE', #271, #1444, #2242 ) ;
#3457 = DIRECTION ( 'NONE',  ( 0.000000000000000000, 0.000000000000000000, -1.000000000000000000 ) ) ;
#3458 = LINE ( 'NONE', #3798, #179 ) ;
#3459 = PRESENTATION_STYLE_ASSIGNMENT (( #2618 ) ) ;
#3460 = ADVANCED_FACE ( 'NONE', ( #478 ), #3380, .T. ) ;
#3461 = VECTOR ( 'NONE', #610, 1000.000000000000000 ) ;
#3462 = VECTOR ( 'NONE', #5040, 1000.000000000000000 ) ;
#3463 =( LENGTH_UNIT ( ) NAMED_UNIT ( * ) SI_UNIT ( .MILLI., .METRE. ) );
#3464 = CARTESIAN_POINT ( 'NONE',  ( 7.900000000000032330, 0.000000000000000000, 5.499999999999920064 ) ) ;
#3465 = SURFACE_STYLE_USAGE ( .BOTH. , #2622 ) ;
#3466 = DIRECTION ( 'NONE',  ( -0.000000000000000000, -1.000000000000000000, -0.000000000000000000 ) ) ;
#3467 = DIRECTION ( 'NONE',  ( 0.000000000000000000, 0.000000000000000000, 1.000000000000000000 ) ) ;
#3468 = PRESENTATION_LAYER_ASSIGNMENT (  '', '', ( #453 ) ) ;
#3469 = COLOUR_RGB ( '',0.8980392156862745390, 0.9176470588235293713, 0.9294117647058823817 ) ;
#3470 = UNCERTAINTY_MEASURE_WITH_UNIT (LENGTH_MEASURE( 1.000000000000000082E-05 ), #3076, 'distance_accuracy_value', 'NONE');
#3471 = CARTESIAN_POINT ( 'NONE',  ( -5.412132034355705557, 0.000000000000000000, 6.472792206134601933 ) ) ;
#3472 =( NAMED_UNIT ( * ) PLANE_ANGLE_UNIT ( ) SI_UNIT ( $, .RADIAN. ) );
#3473 = FILL_AREA_STYLE ('',( #276 ) ) ;
#3474 = SURFACE_SIDE_STYLE ('',( #194 ) ) ;
#3475 = FILL_AREA_STYLE ('',( #1796 ) ) ;
#3476 = ORIENTED_EDGE ( 'NONE', *, *, #1290, .F. ) ;
#3477 = AXIS2_PLACEMENT_3D ( 'NONE', #2677, #3491, #3114 ) ;
#3478 = ORIENTED_EDGE ( 'NONE', *, *, #4590, .F. ) ;
#3479 = FILL_AREA_STYLE ('',( #4293 ) ) ;
#3480 = VERTEX_POINT ( 'NONE', #3775 ) ;
#3481 = ORIENTED_EDGE ( 'NONE', *, *, #4185, .F. ) ;
#3482 = CARTESIAN_POINT ( 'NONE',  ( 5.412132034356018195, 60.00000000000000000, -6.472792206135856041 ) ) ;
#3483 = CARTESIAN_POINT ( 'NONE',  ( -5.199999999999968203, 60.00000000000000000, -8.200000000000017053 ) ) ;
#3484 = CYLINDRICAL_SURFACE ( 'NONE', #1484, 0.2999999999999912736 ) ;
#3485 =( GEOMETRIC_REPRESENTATION_CONTEXT ( 3 ) GLOBAL_UNCERTAINTY_ASSIGNED_CONTEXT ( ( #3141 ) ) GLOBAL_UNIT_ASSIGNED_CONTEXT ( ( #2128, #2924, #2103 ) ) REPRESENTATION_CONTEXT ( 'NONE', 'WORKASPACE' ) );
#3486 = FILL_AREA_STYLE_COLOUR ( '', #2253 ) ;
#3487 = ORIENTED_EDGE ( 'NONE', *, *, #416, .F. ) ;
#3488 = SURFACE_STYLE_USAGE ( .BOTH. , #1871 ) ;
#3489 = CARTESIAN_POINT ( 'NONE',  ( -9.699999999999917577, 0.000000000000000000, -4.000000000000003553 ) ) ;
#3490 = EDGE_CURVE ( 'NONE', #5057, #956, #1316, .T. ) ;
#3491 = DIRECTION ( 'NONE',  ( 0.7071067811865469066, 0.000000000000000000, -0.7071067811865482389 ) ) ;
#3492 = CIRCLE ( 'NONE', #2878, 0.2999999999999947153 ) ;
#3493 = LINE ( 'NONE', #184, #2148 ) ;
#3494 = CARTESIAN_POINT ( 'NONE',  ( 6.684924240491815439, 60.00000000000000000, 5.199999999999923794 ) ) ;
#3495 = DIRECTION ( 'NONE',  ( 0.000000000000000000, 1.000000000000000000, -0.000000000000000000 ) ) ;
#3496 = EDGE_CURVE ( 'NONE', #3764, #5209, #3728, .T. ) ;
#3497 = CARTESIAN_POINT ( 'NONE',  ( 6.472792206135849824, 60.00000000000000000, -5.412132034356045729 ) ) ;
#3498 = COLOUR_RGB ( '',0.8980392156862745390, 0.9176470588235293713, 0.9294117647058823817 ) ;
#3499 = LINE ( 'NONE', #4367, #3878 ) ;
#3500 =( LENGTH_UNIT ( ) NAMED_UNIT ( * ) SI_UNIT ( .MILLI., .METRE. ) );
#3501 = DIRECTION ( 'NONE',  ( 0.000000000000000000, 0.000000000000000000, 1.000000000000000000 ) ) ;
#3502 = EDGE_LOOP ( 'NONE', ( #2353, #1064, #1753, #1781 ) ) ;
#3503 = DIRECTION ( 'NONE',  ( -0.000000000000000000, -1.000000000000000000, -0.000000000000000000 ) ) ;
#3504 = VERTEX_POINT ( 'NONE', #102 ) ;
#3505 = LINE ( 'NONE', #4318, #4013 ) ;
#3506 = SURFACE_SIDE_STYLE ('',( #206 ) ) ;
#3507 = SURFACE_STYLE_FILL_AREA ( #1730 ) ;
#3508 = LINE ( 'NONE', #578, #2312 ) ;
#3509 = UNCERTAINTY_MEASURE_WITH_UNIT (LENGTH_MEASURE( 1.000000000000000082E-05 ), #1677, 'distance_accuracy_value', 'NONE');
#3510 = STYLED_ITEM ( 'NONE', ( #3733 ), #1745 ) ;
#3511 = PRESENTATION_LAYER_ASSIGNMENT (  '', '', ( #3243 ) ) ;
#3512 = SURFACE_SIDE_STYLE ('',( #1439 ) ) ;
#3513 = CARTESIAN_POINT ( 'NONE',  ( 5.200000000000162714, 60.00000000000000000, 6.684924240490455638 ) ) ;
#3514 = EDGE_CURVE ( 'NONE', #705, #4957, #134, .T. ) ;
#3515 = CARTESIAN_POINT ( 'NONE',  ( 8.200000000000036593, 60.00000000000000000, 3.399999999999923972 ) ) ;
#3516 = MECHANICAL_DESIGN_GEOMETRIC_PRESENTATION_REPRESENTATION (  '', ( #506 ), #2653 ) ;
#3517 = FILL_AREA_STYLE ('',( #159 ) ) ;
#3518 = EDGE_CURVE ( 'NONE', #4233, #934, #4492, .T. ) ;
#3519 = AXIS2_PLACEMENT_3D ( 'NONE', #1419, #5074, #4582 ) ;
#3520 = ORIENTED_EDGE ( 'NONE', *, *, #4456, .T. ) ;
#3521 = FILL_AREA_STYLE_COLOUR ( '', #744 ) ;
#3522 = CIRCLE ( 'NONE', #1121, 0.3000000000000120348 ) ;
#3523 = ORIENTED_EDGE ( 'NONE', *, *, #1495, .T. ) ;
#3524 = FILL_AREA_STYLE ('',( #308 ) ) ;
#3525 = SURFACE_STYLE_FILL_AREA ( #2308 ) ;
#3526 = VERTEX_POINT ( 'NONE', #3315 ) ;
#3527 = DIRECTION ( 'NONE',  ( -0.7071067811865482389, -0.000000000000000000, -0.7071067811865469066 ) ) ;
#3528 =( NAMED_UNIT ( * ) PLANE_ANGLE_UNIT ( ) SI_UNIT ( $, .RADIAN. ) );
#3529 = VERTEX_POINT ( 'NONE', #3829 ) ;
#3530 = DIRECTION ( 'NONE',  ( -0.000000000000000000, -1.000000000000000000, -0.000000000000000000 ) ) ;
#3531 = FACE_OUTER_BOUND ( 'NONE', #5161, .T. ) ;
#3532 = SURFACE_SIDE_STYLE ('',( #1900 ) ) ;
#3533 = FILL_AREA_STYLE ('',( #4664 ) ) ;
#3534 = CARTESIAN_POINT ( 'NONE',  ( 3.100000000000033396, 0.000000000000000000, -8.500000000000049738 ) ) ;
#3535 =( GEOMETRIC_REPRESENTATION_CONTEXT ( 3 ) GLOBAL_UNCERTAINTY_ASSIGNED_CONTEXT ( ( #3099 ) ) GLOBAL_UNIT_ASSIGNED_CONTEXT ( ( #829, #721, #2792 ) ) REPRESENTATION_CONTEXT ( 'NONE', 'WORKASPACE' ) );
#3536 = FACE_OUTER_BOUND ( 'NONE', #4706, .T. ) ;
#3537 = SURFACE_STYLE_USAGE ( .BOTH. , #2952 ) ;
#3538 = COLOUR_RGB ( '',0.8980392156862745390, 0.9176470588235293713, 0.9294117647058823817 ) ;
#3539 = PLANE ( 'NONE',  #992 ) ;
#3540 = AXIS2_PLACEMENT_3D ( 'NONE', #3291, #97, #4630 ) ;
#3541 = CARTESIAN_POINT ( 'NONE',  ( 9.100000000000038725, 0.000000000000000000, 3.099999999999932587 ) ) ;
#3542 = UNCERTAINTY_MEASURE_WITH_UNIT (LENGTH_MEASURE( 1.000000000000000082E-05 ), #977, 'distance_accuracy_value', 'NONE');
#3543 = CARTESIAN_POINT ( 'NONE',  ( 3.400000000000027889, 60.00000000000000000, -9.700000000000049027 ) ) ;
#3544 = ORIENTED_EDGE ( 'NONE', *, *, #4955, .T. ) ;
#3545 = CARTESIAN_POINT ( 'NONE',  ( -3.899999999999915534, 0.000000000000000000, -2.010912703474032615 ) ) ;
#3546 = COLOUR_RGB ( '',0.8980392156862745390, 0.9176470588235293713, 0.9294117647058823817 ) ;
#3547 = PRESENTATION_LAYER_ASSIGNMENT (  '', '', ( #4755 ) ) ;
#3548 = ADVANCED_FACE ( 'NONE', ( #1741 ), #4954, .F. ) ;
#3549 = ORIENTED_EDGE ( 'NONE', *, *, #1123, .F. ) ;
#3550 = DIRECTION ( 'NONE',  ( 1.000000000000000000, -0.000000000000000000, -0.000000000000000000 ) ) ;
#3551 = SURFACE_SIDE_STYLE ('',( #3525 ) ) ;
#3552 = STYLED_ITEM ( 'NONE', ( #1651 ), #5218 ) ;
#3553 = EDGE_CURVE ( 'NONE', #2667, #16, #4685, .T. ) ;
#3554 = LINE ( 'NONE', #4072, #1542 ) ;
#3555 = FILL_AREA_STYLE_COLOUR ( '', #3034 ) ;
#3556 = COLOUR_RGB ( '',0.8980392156862745390, 0.9176470588235293713, 0.9294117647058823817 ) ;
#3557 =( NAMED_UNIT ( * ) SI_UNIT ( $, .STERADIAN. ) SOLID_ANGLE_UNIT ( ) );
#3558 = ORIENTED_EDGE ( 'NONE', *, *, #4118, .F. ) ;
#3559 =( GEOMETRIC_REPRESENTATION_CONTEXT ( 3 ) GLOBAL_UNCERTAINTY_ASSIGNED_CONTEXT ( ( #1048 ) ) GLOBAL_UNIT_ASSIGNED_CONTEXT ( ( #4703, #4288, #2685 ) ) REPRESENTATION_CONTEXT ( 'NONE', 'WORKASPACE' ) );
#3560 = UNCERTAINTY_MEASURE_WITH_UNIT (LENGTH_MEASURE( 1.000000000000000082E-05 ), #1204, 'distance_accuracy_value', 'NONE');
#3561 = CIRCLE ( 'NONE', #815, 0.3000000000000129230 ) ;
#3562 = CARTESIAN_POINT ( 'NONE',  ( -9.099999999999788258, 0.000000000000000000, 3.099999999999339284 ) ) ;
#3563 = MECHANICAL_DESIGN_GEOMETRIC_PRESENTATION_REPRESENTATION (  '', ( #1420 ), #2616 ) ;
#3564 = FACE_OUTER_BOUND ( 'NONE', #662, .T. ) ;
#3565 = AXIS2_PLACEMENT_3D ( 'NONE', #4269, #4166, #3345 ) ;
#3566 = DIRECTION ( 'NONE',  ( 0.000000000000000000, 0.000000000000000000, -1.000000000000000000 ) ) ;
#3567 = DIRECTION ( 'NONE',  ( -0.000000000000000000, -1.000000000000000000, -0.000000000000000000 ) ) ;
#3568 = MECHANICAL_DESIGN_GEOMETRIC_PRESENTATION_REPRESENTATION (  '', ( #5267 ), #3147 ) ;
#3569 = LINE ( 'NONE', #4801, #2494 ) ;
#3570 = CARTESIAN_POINT ( 'NONE',  ( 8.200000000000025935, 60.00000000000000000, 3.399999999999923972 ) ) ;
#3571 = DIRECTION ( 'NONE',  ( 0.000000000000000000, 0.000000000000000000, 1.000000000000000000 ) ) ;
#3572 = DIRECTION ( 'NONE',  ( 0.000000000000000000, 0.000000000000000000, -1.000000000000000000 ) ) ;
#3573 = ORIENTED_EDGE ( 'NONE', *, *, #1993, .F. ) ;
#3574 = DIRECTION ( 'NONE',  ( -0.000000000000000000, -1.000000000000000000, 0.000000000000000000 ) ) ;
#3575 = STYLED_ITEM ( 'NONE', ( #3759 ), #1801 ) ;
#3576 = ORIENTED_EDGE ( 'NONE', *, *, #1272, .F. ) ;
#3577 =( NAMED_UNIT ( * ) PLANE_ANGLE_UNIT ( ) SI_UNIT ( $, .RADIAN. ) );
#3578 = EDGE_CURVE ( 'NONE', #1719, #399, #3870, .T. ) ;
#3579 = CYLINDRICAL_SURFACE ( 'NONE', #4633, 1.500000000000001332 ) ;
#3580 = ORIENTED_EDGE ( 'NONE', *, *, #4828, .T. ) ;
#3581 = CARTESIAN_POINT ( 'NONE',  ( -5.199999999999746159, 60.00000000000000000, 8.199999999998833999 ) ) ;
#3582 = STYLED_ITEM ( 'NONE', ( #3355 ), #1539 ) ;
#3583 = EDGE_CURVE ( 'NONE', #1614, #1163, #172, .T. ) ;
#3584 = VERTEX_POINT ( 'NONE', #2639 ) ;
#3585 = SURFACE_STYLE_FILL_AREA ( #3662 ) ;
#3586 = UNCERTAINTY_MEASURE_WITH_UNIT (LENGTH_MEASURE( 1.000000000000000082E-05 ), #3910, 'distance_accuracy_value', 'NONE');
#3587 = CIRCLE ( 'NONE', #2738, 0.2999999999999947153 ) ;
#3588 = DIRECTION ( 'NONE',  ( -0.000000000000000000, -1.000000000000000000, -0.000000000000000000 ) ) ;
#3589 =( NAMED_UNIT ( * ) PLANE_ANGLE_UNIT ( ) SI_UNIT ( $, .RADIAN. ) );
#3590 = SURFACE_SIDE_STYLE ('',( #1124 ) ) ;
#3591 = FILL_AREA_STYLE ('',( #1553 ) ) ;
#3592 = CARTESIAN_POINT ( 'NONE',  ( 7.900000000000032330, 0.000000000000000000, -5.500000000000074607 ) ) ;
#3593 = DIRECTION ( 'NONE',  ( 0.000000000000000000, 0.000000000000000000, -1.000000000000000000 ) ) ;
#3594 = FILL_AREA_STYLE ('',( #3197 ) ) ;
#3595 = VERTEX_POINT ( 'NONE', #2698 ) ;
#3596 = EDGE_LOOP ( 'NONE', ( #1111, #2105, #3051, #2521 ) ) ;
#3597 = EDGE_CURVE ( 'NONE', #4672, #1593, #4270, .T. ) ;
#3598 = FILL_AREA_STYLE ('',( #1185 ) ) ;
#3599 = DIRECTION ( 'NONE',  ( 1.000000000000000000, 0.000000000000000000, -0.000000000000000000 ) ) ;
#3600 = ORIENTED_EDGE ( 'NONE', *, *, #3711, .T. ) ;
#3601 = AXIS2_PLACEMENT_3D ( 'NONE', #1412, #3953, #3061 ) ;
#3602 = VECTOR ( 'NONE', #3213, 1000.000000000000000 ) ;
#3603 = CARTESIAN_POINT ( 'NONE',  ( -9.699999999999917577, 0.000000000000000000, -3.699999999999953104 ) ) ;
#3604 = EDGE_CURVE ( 'NONE', #5110, #1719, #42, .T. ) ;
#3605 = VERTEX_POINT ( 'NONE', #1838 ) ;
#3606 = ORIENTED_EDGE ( 'NONE', *, *, #4055, .T. ) ;
#3607 = AXIS2_PLACEMENT_3D ( 'NONE', #2081, #4201, #5023 ) ;
#3608 = EDGE_CURVE ( 'NONE', #3317, #5187, #3030, .T. ) ;
#3609 = PRESENTATION_STYLE_ASSIGNMENT (( #1573 ) ) ;
#3610 = SURFACE_STYLE_FILL_AREA ( #3667 ) ;
#3611 = SURFACE_STYLE_FILL_AREA ( #1947 ) ;
#3612 = AXIS2_PLACEMENT_3D ( 'NONE', #3763, #58, #4594 ) ;
#3613 = EDGE_CURVE ( 'NONE', #1163, #3605, #3059, .T. ) ;
#3614 =( LENGTH_UNIT ( ) NAMED_UNIT ( * ) SI_UNIT ( .MILLI., .METRE. ) );
#3615 = CARTESIAN_POINT ( 'NONE',  ( 7.900000000000032330, 60.00000000000000000, 5.499999999999920064 ) ) ;
#3616 = VECTOR ( 'NONE', #3388, 1000.000000000000000 ) ;
#3617 = FILL_AREA_STYLE_COLOUR ( '', #212 ) ;
#3618 = SURFACE_SIDE_STYLE ('',( #5229 ) ) ;
#3619 = VERTEX_POINT ( 'NONE', #1806 ) ;
#3620 = STYLED_ITEM ( 'NONE', ( #3181 ), #193 ) ;
#3621 = CIRCLE ( 'NONE', #4572, 0.3000000000000190292 ) ;
#3622 = UNCERTAINTY_MEASURE_WITH_UNIT (LENGTH_MEASURE( 1.000000000000000082E-05 ), #2485, 'distance_accuracy_value', 'NONE');
#3623 = EDGE_LOOP ( 'NONE', ( #758, #2083, #3862, #2992 ) ) ;
#3624 = CIRCLE ( 'NONE', #4211, 2.000000000000031086 ) ;
#3625 = VECTOR ( 'NONE', #3654, 1000.000000000000000 ) ;
#3626 = AXIS2_PLACEMENT_3D ( 'NONE', #3340, #71, #4980 ) ;
#3627 = DIRECTION ( 'NONE',  ( 0.000000000000000000, 0.000000000000000000, -1.000000000000000000 ) ) ;
#3628 = CARTESIAN_POINT ( 'NONE',  ( -9.099999999999788258, 60.00000000000000000, 3.399999999999334221 ) ) ;
#3629 = ORIENTED_EDGE ( 'NONE', *, *, #1157, .F. ) ;
#3630 = SURFACE_STYLE_USAGE ( .BOTH. , #4430 ) ;
#3631 = CARTESIAN_POINT ( 'NONE',  ( -3.399999999999750333, 60.00000000000000000, 8.499999999998834710 ) ) ;
#3632 = SURFACE_STYLE_FILL_AREA ( #4793 ) ;
#3633 = AXIS2_PLACEMENT_3D ( 'NONE', #2621, #1787, #1413 ) ;
#3634 = VERTEX_POINT ( 'NONE', #1436 ) ;
#3635 = ORIENTED_EDGE ( 'NONE', *, *, #2883, .T. ) ;
#3636 =( GEOMETRIC_REPRESENTATION_CONTEXT ( 3 ) GLOBAL_UNCERTAINTY_ASSIGNED_CONTEXT ( ( #4553 ) ) GLOBAL_UNIT_ASSIGNED_CONTEXT ( ( #677, #3435, #4337 ) ) REPRESENTATION_CONTEXT ( 'NONE', 'WORKASPACE' ) );
#3637 = COLOUR_RGB ( '',0.8980392156862745390, 0.9176470588235293713, 0.9294117647058823817 ) ;
#3638 = CARTESIAN_POINT ( 'NONE',  ( -9.699999999999917577, 60.00000000000000000, -3.699999999999953104 ) ) ;
#3639 = EDGE_CURVE ( 'NONE', #2757, #26, #4415, .T. ) ;
#3640 = PRESENTATION_STYLE_ASSIGNMENT (( #1991 ) ) ;
#3641 = PRESENTATION_STYLE_ASSIGNMENT (( #2398 ) ) ;
#3642 = DIRECTION ( 'NONE',  ( 0.000000000000000000, 0.000000000000000000, 1.000000000000000000 ) ) ;
#3643 = DIRECTION ( 'NONE',  ( 0.000000000000000000, 1.000000000000000000, -0.000000000000000000 ) ) ;
#3644 = CYLINDRICAL_SURFACE ( 'NONE', #3954, 0.2999999999999947153 ) ;
#3645 = COLOUR_RGB ( '',0.8980392156862745390, 0.9176470588235293713, 0.9294117647058823817 ) ;
#3646 = VECTOR ( 'NONE', #887, 1000.000000000000000 ) ;
#3647 = EDGE_CURVE ( 'NONE', #2720, #736, #1378, .T. ) ;
#3648 = FILL_AREA_STYLE ('',( #321 ) ) ;
#3649 =( NAMED_UNIT ( * ) PLANE_ANGLE_UNIT ( ) SI_UNIT ( $, .RADIAN. ) );
#3650 = ORIENTED_EDGE ( 'NONE', *, *, #1639, .T. ) ;
#3651 = EDGE_LOOP ( 'NONE', ( #1631, #2543, #5230, #2597 ) ) ;
#3652 = EDGE_CURVE ( 'NONE', #403, #536, #2394, .T. ) ;
#3653 = CARTESIAN_POINT ( 'NONE',  ( -5.412132034355705557, 60.00000000000000000, 6.472792206134601933 ) ) ;
#3654 = DIRECTION ( 'NONE',  ( -0.000000000000000000, -1.000000000000000000, -0.000000000000000000 ) ) ;
#3655 = VERTEX_POINT ( 'NONE', #3898 ) ;
#3656 =( NAMED_UNIT ( * ) SI_UNIT ( $, .STERADIAN. ) SOLID_ANGLE_UNIT ( ) );
#3657 = VECTOR ( 'NONE', #1390, 1000.000000000000000 ) ;
#3658 = DIRECTION ( 'NONE',  ( 0.000000000000000000, 0.000000000000000000, 1.000000000000000000 ) ) ;
#3659 = DIRECTION ( 'NONE',  ( -0.000000000000000000, -1.000000000000000000, -0.000000000000000000 ) ) ;
#3660 = ORIENTED_EDGE ( 'NONE', *, *, #1639, .F. ) ;
#3661 = ORIENTED_EDGE ( 'NONE', *, *, #3397, .F. ) ;
#3662 = FILL_AREA_STYLE ('',( #2015 ) ) ;
#3663 = VECTOR ( 'NONE', #1062, 1000.000000000000000 ) ;
#3664 = AXIS2_PLACEMENT_3D ( 'NONE', #5270, #3690, #2045 ) ;
#3665 = CARTESIAN_POINT ( 'NONE',  ( 8.200000000000025935, 0.000000000000000000, -3.400000000000076739 ) ) ;
#3666 = MECHANICAL_DESIGN_GEOMETRIC_PRESENTATION_REPRESENTATION (  '', ( #5289 ), #4699 ) ;
#3667 = FILL_AREA_STYLE ('',( #2812 ) ) ;
#3668 = DIRECTION ( 'NONE',  ( 0.000000000000000000, 0.000000000000000000, 1.000000000000000000 ) ) ;
#3669 = CARTESIAN_POINT ( 'NONE',  ( 3.100000000000033396, 60.00000000000000000, -9.100000000000052935 ) ) ;
#3670 = ORIENTED_EDGE ( 'NONE', *, *, #3608, .F. ) ;
#3671 = DIRECTION ( 'NONE',  ( 1.000000000000000000, -0.000000000000000000, -0.000000000000000000 ) ) ;
#3672 = EDGE_CURVE ( 'NONE', #1685, #736, #1868, .T. ) ;
#3673 =( GEOMETRIC_REPRESENTATION_CONTEXT ( 3 ) GLOBAL_UNCERTAINTY_ASSIGNED_CONTEXT ( ( #502 ) ) GLOBAL_UNIT_ASSIGNED_CONTEXT ( ( #603, #1834, #4374 ) ) REPRESENTATION_CONTEXT ( 'NONE', 'WORKASPACE' ) );
#3674 = CARTESIAN_POINT ( 'NONE',  ( 5.200000000000051692, 0.000000000000000000, -6.684924240491822545 ) ) ;
#3675 =( LENGTH_UNIT ( ) NAMED_UNIT ( * ) SI_UNIT ( .MILLI., .METRE. ) );
#3676 =( NAMED_UNIT ( * ) SI_UNIT ( $, .STERADIAN. ) SOLID_ANGLE_UNIT ( ) );
#3677 = LINE ( 'NONE', #5206, #234 ) ;
#3678 = ORIENTED_EDGE ( 'NONE', *, *, #1736, .T. ) ;
#3679 = EDGE_CURVE ( 'NONE', #2278, #5170, #3508, .T. ) ;
#3680 = DIRECTION ( 'NONE',  ( 0.000000000000000000, 0.000000000000000000, 1.000000000000000000 ) ) ;
#3681 = ORIENTED_EDGE ( 'NONE', *, *, #3310, .T. ) ;
#3682 = SURFACE_SIDE_STYLE ('',( #5314 ) ) ;
#3683 = FILL_AREA_STYLE_COLOUR ( '', #955 ) ;
#3684 = ORIENTED_EDGE ( 'NONE', *, *, #2392, .T. ) ;
#3685 = VECTOR ( 'NONE', #4738, 1000.000000000000000 ) ;
#3686 = FILL_AREA_STYLE_COLOUR ( '', #3901 ) ;
#3687 = VECTOR ( 'NONE', #5298, 1000.000000000000000 ) ;
#3688 = FILL_AREA_STYLE_COLOUR ( '', #1595 ) ;
#3689 = CARTESIAN_POINT ( 'NONE',  ( -8.499999999999966249, 60.00000000000000000, -10.00000000000000178 ) ) ;
#3690 = DIRECTION ( 'NONE',  ( 1.000000000000000000, -0.000000000000000000, 0.000000000000000000 ) ) ;
#3691 = CIRCLE ( 'NONE', #1389, 0.3000000000000085931 ) ;
#3692 = PLANE ( 'NONE',  #3477 ) ;
#3693 = DIRECTION ( 'NONE',  ( -0.000000000000000000, -1.000000000000000000, -0.000000000000000000 ) ) ;
#3694 = DIRECTION ( 'NONE',  ( 1.000000000000000000, 0.000000000000000000, 0.000000000000000000 ) ) ;
#3695 = ORIENTED_EDGE ( 'NONE', *, *, #590, .T. ) ;
#3696 = ORIENTED_EDGE ( 'NONE', *, *, #1697, .T. ) ;
#3697 = PRESENTATION_LAYER_ASSIGNMENT (  '', '', ( #4736 ) ) ;
#3699 = MECHANICAL_DESIGN_GEOMETRIC_PRESENTATION_REPRESENTATION (  '', ( #2155 ), #4116 ) ;
#3698 = DIRECTION ( 'NONE',  ( -0.000000000000000000, -1.000000000000000000, -0.000000000000000000 ) ) ;
#3700 = DIRECTION ( 'NONE',  ( 0.000000000000000000, 0.000000000000000000, 1.000000000000000000 ) ) ;
#3701 = ORIENTED_EDGE ( 'NONE', *, *, #2654, .T. ) ;
#3702 = CARTESIAN_POINT ( 'NONE',  ( 8.500000000000049738, 0.000000000000000000, -3.100000000000064482 ) ) ;
#3703 = AXIS2_PLACEMENT_3D ( 'NONE', #1053, #1901, #2213 ) ;
#3704 = ADVANCED_FACE ( 'NONE', ( #1460 ), #1893, .T. ) ;
#3705 = ORIENTED_EDGE ( 'NONE', *, *, #1123, .T. ) ;
#3706 = APPLICATION_PROTOCOL_DEFINITION ( 'draft international standard', 'automotive_design', 1998, #3707 ) ;
#3707 = APPLICATION_CONTEXT ( 'automotive_design' ) ;
#3708 = AXIS2_PLACEMENT_3D ( 'NONE', #2023, #3195, #5302 ) ;
#3709 = ORIENTED_EDGE ( 'NONE', *, *, #4560, .T. ) ;
#3710 = ORIENTED_EDGE ( 'NONE', *, *, #4191, .F. ) ;
#3711 = EDGE_CURVE ( 'NONE', #2004, #705, #1169, .T. ) ;
#3712 = MECHANICAL_DESIGN_GEOMETRIC_PRESENTATION_REPRESENTATION (  '', ( #453 ), #4124 ) ;
#3713 = PRESENTATION_LAYER_ASSIGNMENT (  '', '', ( #3969 ) ) ;
#3714 = DIRECTION ( 'NONE',  ( -1.000000000000000000, 0.000000000000000000, -0.000000000000000000 ) ) ;
#3715 = FACE_OUTER_BOUND ( 'NONE', #3136, .T. ) ;
#3716 = DIRECTION ( 'NONE',  ( -0.000000000000000000, -1.000000000000000000, -0.000000000000000000 ) ) ;
#3717 = EDGE_CURVE ( 'NONE', #871, #5077, #1794, .T. ) ;
#3718 = FILL_AREA_STYLE_COLOUR ( '', #1173 ) ;
#3719 = CARTESIAN_POINT ( 'NONE',  ( -3.425126265847040941, 60.00000000000000000, -4.485786437626964052 ) ) ;
#3720 = CARTESIAN_POINT ( 'NONE',  ( -8.499999999999799272, 60.00000000000000000, 3.099999999999332623 ) ) ;
#3721 = LINE ( 'NONE', #4923, #3462 ) ;
#3722 = DIRECTION ( 'NONE',  ( 0.000000000000000000, 0.000000000000000000, 1.000000000000000000 ) ) ;
#3723 = CARTESIAN_POINT ( 'NONE',  ( -5.199999999999940670, 60.00000000000000000, -6.684924240491780800 ) ) ;
#3724 = ORIENTED_EDGE ( 'NONE', *, *, #4510, .F. ) ;
#3725 = CARTESIAN_POINT ( 'NONE',  ( -9.099999999999926814, 0.000000000000000000, -3.100000000000005418 ) ) ;
#3726 = MECHANICAL_DESIGN_GEOMETRIC_PRESENTATION_REPRESENTATION (  '', ( #1239 ), #1414 ) ;
#3727 = VERTEX_POINT ( 'NONE', #1537 ) ;
#3728 = CIRCLE ( 'NONE', #5021, 0.2999999999999045097 ) ;
#3729 = CARTESIAN_POINT ( 'NONE',  ( 6.938893903907228378E-15, 0.000000000000000000, -6.938893903907228378E-15 ) ) ;
#3730 = CARTESIAN_POINT ( 'NONE',  ( -6.472792206135627779, 60.00000000000000000, 5.412132034355941812 ) ) ;
#3731 = ORIENTED_EDGE ( 'NONE', *, *, #4819, .T. ) ;
#3732 =( LENGTH_UNIT ( ) NAMED_UNIT ( * ) SI_UNIT ( .MILLI., .METRE. ) );
#3733 = PRESENTATION_STYLE_ASSIGNMENT (( #1638 ) ) ;
#3734 = AXIS2_PLACEMENT_3D ( 'NONE', #529, #4109, #2049 ) ;
#3735 = AXIS2_PLACEMENT_3D ( 'NONE', #2286, #2235, #210 ) ;
#3736 = ORIENTED_EDGE ( 'NONE', *, *, #2832, .T. ) ;
#3737 = EDGE_CURVE ( 'NONE', #3940, #399, #268, .T. ) ;
#3738 = SURFACE_STYLE_FILL_AREA ( #2086 ) ;
#3739 = FILL_AREA_STYLE ('',( #2576 ) ) ;
#3740 = ORIENTED_EDGE ( 'NONE', *, *, #2022, .F. ) ;
#3741 = ORIENTED_EDGE ( 'NONE', *, *, #870, .T. ) ;
#3742 = DIRECTION ( 'NONE',  ( 0.000000000000000000, 0.000000000000000000, -1.000000000000000000 ) ) ;
#3743 = EDGE_CURVE ( 'NONE', #3765, #1354, #4408, .T. ) ;
#3744 = SURFACE_SIDE_STYLE ('',( #4917 ) ) ;
#3745 = CYLINDRICAL_SURFACE ( 'NONE', #5045, 0.3000000000000155320 ) ;
#3746 = PRESENTATION_LAYER_ASSIGNMENT (  '', '', ( #3582 ) ) ;
#3747 = CARTESIAN_POINT ( 'NONE',  ( 6.684924240491815439, 60.00000000000000000, -5.200000000000079226 ) ) ;
#3748 = SURFACE_SIDE_STYLE ('',( #473 ) ) ;
#3749 =( NAMED_UNIT ( * ) PLANE_ANGLE_UNIT ( ) SI_UNIT ( $, .RADIAN. ) );
#3750 =( LENGTH_UNIT ( ) NAMED_UNIT ( * ) SI_UNIT ( .MILLI., .METRE. ) );
#3751 = ORIENTED_EDGE ( 'NONE', *, *, #1386, .F. ) ;
#3752 = CARTESIAN_POINT ( 'NONE',  ( -5.412132034355907173, 60.00000000000000000, -6.472792206135815185 ) ) ;
#3753 = ORIENTED_EDGE ( 'NONE', *, *, #4798, .T. ) ;
#3754 = UNCERTAINTY_MEASURE_WITH_UNIT (LENGTH_MEASURE( 1.000000000000000082E-05 ), #547, 'distance_accuracy_value', 'NONE');
#3755 = DIRECTION ( 'NONE',  ( -0.000000000000000000, -1.000000000000000000, 0.000000000000000000 ) ) ;
#3756 = CARTESIAN_POINT ( 'NONE',  ( 8.500000000000049738, 0.000000000000000000, 3.399999999999923972 ) ) ;
#3757 = EDGE_LOOP ( 'NONE', ( #2092, #1143, #1778, #5020 ) ) ;
#3758 = FILL_AREA_STYLE ('',( #4176 ) ) ;
#3759 = PRESENTATION_STYLE_ASSIGNMENT (( #2573 ) ) ;
#3760 = CIRCLE ( 'NONE', #4006, 0.2999999999999964362 ) ;
#3761 = ORIENTED_EDGE ( 'NONE', *, *, #1392, .F. ) ;
#3762 = CARTESIAN_POINT ( 'NONE',  ( -3.399999999999972378, 60.00000000000000000, -9.100000000000024514 ) ) ;
#3763 = CARTESIAN_POINT ( 'NONE',  ( 5.200000000000051692, 60.00000000000000000, -6.684924240491822545 ) ) ;
#3764 = VERTEX_POINT ( 'NONE', #731 ) ;
#3765 = VERTEX_POINT ( 'NONE', #1192 ) ;
#3766 = LINE ( 'NONE', #2493, #2971 ) ;
#3767 = CARTESIAN_POINT ( 'NONE',  ( -3.099999999999949907, 0.000000000000000000, -9.100000000000024514 ) ) ;
#3768 = FACE_OUTER_BOUND ( 'NONE', #2490, .T. ) ;
#3769 = EDGE_CURVE ( 'NONE', #3420, #3201, #783, .T. ) ;
#3770 = MECHANICAL_DESIGN_GEOMETRIC_PRESENTATION_REPRESENTATION (  '', ( #518 ), #2048 ) ;
#3771 = CARTESIAN_POINT ( 'NONE',  ( 10.00000000000004974, 60.00000000000000000, -4.000000000000079936 ) ) ;
#3772 = CARTESIAN_POINT ( 'NONE',  ( 3.400000000000222400, 60.00000000000000000, 9.099999999998455991 ) ) ;
#3773 = FILL_AREA_STYLE ('',( #499 ) ) ;
#3774 = ORIENTED_EDGE ( 'NONE', *, *, #4800, .F. ) ;
#3775 = CARTESIAN_POINT ( 'NONE',  ( 5.200000000000051692, 60.00000000000000000, -8.200000000000047251 ) ) ;
#3776 = EDGE_CURVE ( 'NONE', #1072, #4987, #3554, .T. ) ;
#3777 = MECHANICAL_DESIGN_GEOMETRIC_PRESENTATION_REPRESENTATION (  '', ( #777 ), #869 ) ;
#3778 = LINE ( 'NONE', #188, #2042 ) ;
#3779 = ORIENTED_EDGE ( 'NONE', *, *, #1063, .F. ) ;
#3780 = COLOUR_RGB ( '',0.8980392156862745390, 0.9176470588235293713, 0.9294117647058823817 ) ;
#3781 = CARTESIAN_POINT ( 'NONE',  ( -7.899999999999921307, 60.00000000000000000, -5.500000000000018652 ) ) ;
#3782 = LINE ( 'NONE', #1777, #94 ) ;
#3783 = FILL_AREA_STYLE ('',( #2137 ) ) ;
#3784 = ORIENTED_EDGE ( 'NONE', *, *, #3872, .T. ) ;
#3785 = SURFACE_STYLE_FILL_AREA ( #3758 ) ;
#3786 = VECTOR ( 'NONE', #4579, 1000.000000000000000 ) ;
#3787 = ORIENTED_EDGE ( 'NONE', *, *, #3496, .T. ) ;
#3788 = SURFACE_STYLE_USAGE ( .BOTH. , #931 ) ;
#3789 = CARTESIAN_POINT ( 'NONE',  ( 8.200000000000025935, 60.00000000000000000, 3.399999999999923972 ) ) ;
#3790 = EDGE_LOOP ( 'NONE', ( #2661, #4423, #2391, #133 ) ) ;
#3791 = ORIENTED_EDGE ( 'NONE', *, *, #644, .T. ) ;
#3792 = FILL_AREA_STYLE_COLOUR ( '', #167 ) ;
#3793 = CIRCLE ( 'NONE', #2333, 0.2999999999999947153 ) ;
#3794 =( NAMED_UNIT ( * ) PLANE_ANGLE_UNIT ( ) SI_UNIT ( $, .RADIAN. ) );
#3795 = CIRCLE ( 'NONE', #3282, 0.2999999999999045097 ) ;
#3796 = DIRECTION ( 'NONE',  ( 0.000000000000000000, 0.000000000000000000, 1.000000000000000000 ) ) ;
#3797 = SURFACE_STYLE_USAGE ( .BOTH. , #4132 ) ;
#3798 = CARTESIAN_POINT ( 'NONE',  ( 8.500000000000049738, 60.00000000000000000, -10.00000000000007105 ) ) ;
#3799 = CARTESIAN_POINT ( 'NONE',  ( 3.900000000000081180, 60.00000000000000000, 2.010912703473929142 ) ) ;
#3800 = COLOUR_RGB ( '',0.8980392156862745390, 0.9176470588235293713, 0.9294117647058823817 ) ;
#3801 = EDGE_CURVE ( 'NONE', #406, #5084, #1212, .T. ) ;
#3802 = DIRECTION ( 'NONE',  ( -0.000000000000000000, -1.000000000000000000, -0.000000000000000000 ) ) ;
#3803 = SURFACE_SIDE_STYLE ('',( #3378 ) ) ;
#3804 = ORIENTED_EDGE ( 'NONE', *, *, #2791, .F. ) ;
#3805 = AXIS2_PLACEMENT_3D ( 'NONE', #1395, #2655, #3934 ) ;
#3806 =( LENGTH_UNIT ( ) NAMED_UNIT ( * ) SI_UNIT ( .MILLI., .METRE. ) );
#3807 = SURFACE_SIDE_STYLE ('',( #3347 ) ) ;
#3808 = PRESENTATION_STYLE_ASSIGNMENT (( #4141 ) ) ;
#3809 = VERTEX_POINT ( 'NONE', #312 ) ;
#3810 = COLOUR_RGB ( '',1.000000000000000000, 1.000000000000000000, 1.000000000000000000 ) ;
#3811 = EDGE_CURVE ( 'NONE', #4475, #2667, #4840, .T. ) ;
#3812 = UNCERTAINTY_MEASURE_WITH_UNIT (LENGTH_MEASURE( 1.000000000000000082E-05 ), #970, 'distance_accuracy_value', 'NONE');
#3813 = ORIENTED_EDGE ( 'NONE', *, *, #2791, .T. ) ;
#3814 = VECTOR ( 'NONE', #1345, 1000.000000000000000 ) ;
#3815 = AXIS2_PLACEMENT_3D ( 'NONE', #1025, #2644, #266 ) ;
#3816 = VERTEX_POINT ( 'NONE', #3603 ) ;
#3817 = CARTESIAN_POINT ( 'NONE',  ( 9.100000000000038725, 60.00000000000000000, 3.099999999999922373 ) ) ;
#3818 = MECHANICAL_DESIGN_GEOMETRIC_PRESENTATION_REPRESENTATION (  '', ( #3058 ), #1509 ) ;
#3819 = ORIENTED_EDGE ( 'NONE', *, *, #4988, .F. ) ;
#3820 = ORIENTED_EDGE ( 'NONE', *, *, #4362, .T. ) ;
#3821 = AXIS2_PLACEMENT_3D ( 'NONE', #5221, #411, #1549 ) ;
#3822 = LINE ( 'NONE', #153, #3461 ) ;
#3823 = CIRCLE ( 'NONE', #2442, 0.3000000000000502265 ) ;
#3824 =( LENGTH_UNIT ( ) NAMED_UNIT ( * ) SI_UNIT ( .MILLI., .METRE. ) );
#3825 = CIRCLE ( 'NONE', #258, 2.000000000000005329 ) ;
#3826 = SURFACE_SIDE_STYLE ('',( #2919 ) ) ;
#3827 = DIRECTION ( 'NONE',  ( 0.7071067811865474617, -0.000000000000000000, 0.7071067811865474617 ) ) ;
#3828 = CARTESIAN_POINT ( 'NONE',  ( -9.699999999999917577, 60.00000000000000000, -3.699999999999953104 ) ) ;
#3829 = CARTESIAN_POINT ( 'NONE',  ( -3.399999999999750333, 0.000000000000000000, 8.199999999998823341 ) ) ;
#3830 = EDGE_CURVE ( 'NONE', #4355, #2665, #5194, .T. ) ;
#3831 = CARTESIAN_POINT ( 'NONE',  ( 2.010912703474351915, 0.000000000000000000, 3.899999999998807088 ) ) ;
#3832 = DIRECTION ( 'NONE',  ( -0.7071067811865482389, 0.000000000000000000, -0.7071067811865469066 ) ) ;
#3833 = ORIENTED_EDGE ( 'NONE', *, *, #1009, .F. ) ;
#3834 = DIRECTION ( 'NONE',  ( 0.000000000000000000, 1.000000000000000000, 0.000000000000000000 ) ) ;
#3835 = PRESENTATION_STYLE_ASSIGNMENT (( #107 ) ) ;
#3836 = SURFACE_STYLE_FILL_AREA ( #1478 ) ;
#3837 = VERTEX_POINT ( 'NONE', #3180 ) ;
#3838 = LINE ( 'NONE', #1798, #3663 ) ;
#3839 = EDGE_CURVE ( 'NONE', #930, #4565, #2847, .T. ) ;
#3840 = ORIENTED_EDGE ( 'NONE', *, *, #2122, .F. ) ;
#3841 = ORIENTED_EDGE ( 'NONE', *, *, #4357, .F. ) ;
#3842 = EDGE_LOOP ( 'NONE', ( #74, #3048, #4455, #3441 ) ) ;
#3843 = EDGE_CURVE ( 'NONE', #4609, #4672, #3254, .T. ) ;
#3844 = PRESENTATION_STYLE_ASSIGNMENT (( #5064 ) ) ;
#3845 = DIRECTION ( 'NONE',  ( -0.000000000000000000, -1.000000000000000000, -0.000000000000000000 ) ) ;
#3846 = AXIS2_PLACEMENT_3D ( 'NONE', #639, #4652, #2263 ) ;
#3847 = SURFACE_STYLE_USAGE ( .BOTH. , #1440 ) ;
#3848 = MECHANICAL_DESIGN_GEOMETRIC_PRESENTATION_REPRESENTATION (  '', ( #1890 ), #1714 ) ;
#3849 = DIRECTION ( 'NONE',  ( -0.000000000000000000, -1.000000000000000000, -0.000000000000000000 ) ) ;
#3850 = CARTESIAN_POINT ( 'NONE',  ( -3.399999999999750333, 60.00000000000000000, 8.199999999998823341 ) ) ;
#3851 = DIRECTION ( 'NONE',  ( -0.000000000000000000, -1.000000000000000000, -0.000000000000000000 ) ) ;
#3852 = VECTOR ( 'NONE', #1340, 1000.000000000000000 ) ;
#3853 = DIRECTION ( 'NONE',  ( 0.000000000000000000, 0.000000000000000000, 1.000000000000000000 ) ) ;
#3854 =( LENGTH_UNIT ( ) NAMED_UNIT ( * ) SI_UNIT ( .MILLI., .METRE. ) );
#3855 = LINE ( 'NONE', #3471, #4313 ) ;
#3856 = UNCERTAINTY_MEASURE_WITH_UNIT (LENGTH_MEASURE( 1.000000000000000082E-05 ), #3675, 'distance_accuracy_value', 'NONE');
#3857 = FILL_AREA_STYLE ('',( #3096 ) ) ;
#3858 = CARTESIAN_POINT ( 'NONE',  ( -3.999999999999961808, 60.00000000000000000, -9.700000000000020606 ) ) ;
#3859 = ORIENTED_EDGE ( 'NONE', *, *, #3578, .F. ) ;
#3860 = SURFACE_SIDE_STYLE ('',( #3785 ) ) ;
#3861 = COLOUR_RGB ( '',0.8980392156862745390, 0.9176470588235293713, 0.9294117647058823817 ) ;
#3862 = ORIENTED_EDGE ( 'NONE', *, *, #2182, .F. ) ;
#3863 = COLOUR_RGB ( '',0.8980392156862745390, 0.9176470588235293713, 0.9294117647058823817 ) ;
#3864 = CARTESIAN_POINT ( 'NONE',  ( 3.425126265847143525, 60.00000000000000000, -4.485786437626981815 ) ) ;
#3865 = EDGE_CURVE ( 'NONE', #3837, #2757, #757, .T. ) ;
#3866 = FILL_AREA_STYLE_COLOUR ( '', #4971 ) ;
#3867 = ORIENTED_EDGE ( 'NONE', *, *, #2197, .T. ) ;
#3868 = VERTEX_POINT ( 'NONE', #3581 ) ;
#3869 = AXIS2_PLACEMENT_3D ( 'NONE', #2102, #3802, #4137 ) ;
#3870 = LINE ( 'NONE', #606, #1672 ) ;
#3871 = DIRECTION ( 'NONE',  ( 0.000000000000000000, 1.000000000000000000, -0.000000000000000000 ) ) ;
#3872 = EDGE_CURVE ( 'NONE', #1825, #3868, #2389, .T. ) ;
#3873 = AXIS2_PLACEMENT_3D ( 'NONE', #1856, #654, #678 ) ;
#3874 = DIRECTION ( 'NONE',  ( -0.000000000000000000, -1.000000000000000000, -0.000000000000000000 ) ) ;
#3875 = UNCERTAINTY_MEASURE_WITH_UNIT (LENGTH_MEASURE( 1.000000000000000082E-05 ), #4030, 'distance_accuracy_value', 'NONE');
#3876 = PRESENTATION_LAYER_ASSIGNMENT (  '', '', ( #2132 ) ) ;
#3877 = VECTOR ( 'NONE', #2032, 1000.000000000000000 ) ;
#3878 = VECTOR ( 'NONE', #698, 1000.000000000000000 ) ;
#3879 = DIRECTION ( 'NONE',  ( 0.000000000000000000, 0.000000000000000000, -1.000000000000000000 ) ) ;
#3880 = ADVANCED_FACE ( 'NONE', ( #5213 ), #355, .F. ) ;
#3881 = CARTESIAN_POINT ( 'NONE',  ( -8.499999999999937828, 60.00000000000000000, 8.499999999999245048 ) ) ;
#3882 = FACE_OUTER_BOUND ( 'NONE', #352, .T. ) ;
#3883 = DIRECTION ( 'NONE',  ( 0.000000000000000000, 0.000000000000000000, -1.000000000000000000 ) ) ;
#3884 = CARTESIAN_POINT ( 'NONE',  ( 2.010912703474046381, 0.000000000000000000, -3.900000000000083844 ) ) ;
#3885 = STYLED_ITEM ( 'NONE', ( #542 ), #5017 ) ;
#3886 = LINE ( 'NONE', #1154, #4099 ) ;
#3887 = SURFACE_STYLE_FILL_AREA ( #3517 ) ;
#3888 = CIRCLE ( 'NONE', #1752, 0.2999999999999981570 ) ;
#3889 = CARTESIAN_POINT ( 'NONE',  ( -8.200000000000255085, 60.00000000000000000, 5.199999999999232791 ) ) ;
#3890 = ORIENTED_EDGE ( 'NONE', *, *, #3249, .T. ) ;
#3891 = FILL_AREA_STYLE ('',( #3967 ) ) ;
#3892 = MECHANICAL_DESIGN_GEOMETRIC_PRESENTATION_REPRESENTATION (  '', ( #1925 ), #464 ) ;
#3893 = VERTEX_POINT ( 'NONE', #4285 ) ;
#3894 =( NAMED_UNIT ( * ) PLANE_ANGLE_UNIT ( ) SI_UNIT ( $, .RADIAN. ) );
#3895 = DIRECTION ( 'NONE',  ( -1.000000000000000000, -0.000000000000000000, -0.000000000000000000 ) ) ;
#3896 = VERTEX_POINT ( 'NONE', #2035 ) ;
#3897 =( NAMED_UNIT ( * ) PLANE_ANGLE_UNIT ( ) SI_UNIT ( $, .RADIAN. ) );
#3898 = CARTESIAN_POINT ( 'NONE',  ( 3.100000000000223910, 0.000000000000000000, 8.499999999998452793 ) ) ;
#3899 = EDGE_CURVE ( 'NONE', #399, #2515, #4254, .T. ) ;
#3900 = FACE_OUTER_BOUND ( 'NONE', #3790, .T. ) ;
#3901 = COLOUR_RGB ( '',0.8980392156862745390, 0.9176470588235293713, 0.9294117647058823817 ) ;
#3902 =( NAMED_UNIT ( * ) SI_UNIT ( $, .STERADIAN. ) SOLID_ANGLE_UNIT ( ) );
#3903 = FILL_AREA_STYLE ('',( #3056 ) ) ;
#3904 = VECTOR ( 'NONE', #2419, 1000.000000000000000 ) ;
#3905 = EDGE_CURVE ( 'NONE', #5190, #1016, #1199, .T. ) ;
#3906 =( NAMED_UNIT ( * ) PLANE_ANGLE_UNIT ( ) SI_UNIT ( $, .RADIAN. ) );
#3907 = FILL_AREA_STYLE ('',( #5067 ) ) ;
#3908 = SURFACE_STYLE_USAGE ( .BOTH. , #3088 ) ;
#3909 = VECTOR ( 'NONE', #4001, 1000.000000000000000 ) ;
#3910 =( LENGTH_UNIT ( ) NAMED_UNIT ( * ) SI_UNIT ( .MILLI., .METRE. ) );
#3911 = LINE ( 'NONE', #249, #240 ) ;
#3912 = SURFACE_STYLE_FILL_AREA ( #1056 ) ;
#3913 = LINE ( 'NONE', #2764, #638 ) ;
#3914 = UNCERTAINTY_MEASURE_WITH_UNIT (LENGTH_MEASURE( 1.000000000000000082E-05 ), #2448, 'distance_accuracy_value', 'NONE');
#3915 = DIRECTION ( 'NONE',  ( -0.000000000000000000, -1.000000000000000000, -0.000000000000000000 ) ) ;
#3916 = ORIENTED_EDGE ( 'NONE', *, *, #5063, .T. ) ;
#3917 =( LENGTH_UNIT ( ) NAMED_UNIT ( * ) SI_UNIT ( .MILLI., .METRE. ) );
#3918 = AXIS2_PLACEMENT_3D ( 'NONE', #4881, #428, #4862 ) ;
#3919 = ORIENTED_EDGE ( 'NONE', *, *, #1839, .F. ) ;
#3920 = SURFACE_STYLE_FILL_AREA ( #3524 ) ;
#3921 = CARTESIAN_POINT ( 'NONE',  ( -3.099999999999727862, 0.000000000000000000, 8.499999999998827604 ) ) ;
#3922 =( NAMED_UNIT ( * ) SI_UNIT ( $, .STERADIAN. ) SOLID_ANGLE_UNIT ( ) );
#3923 = SURFACE_STYLE_USAGE ( .BOTH. , #4323 ) ;
#3924 = MECHANICAL_DESIGN_GEOMETRIC_PRESENTATION_REPRESENTATION (  '', ( #1270 ), #3673 ) ;
#3925 = MECHANICAL_DESIGN_GEOMETRIC_PRESENTATION_REPRESENTATION (  '', ( #4354 ), #5294 ) ;
#3926 = EDGE_LOOP ( 'NONE', ( #1479, #1520, #1013, #4983 ) ) ;
#3927 = CARTESIAN_POINT ( 'NONE',  ( 8.500000000000049738, 60.00000000000000000, 3.399999999999923972 ) ) ;
#3928 = UNCERTAINTY_MEASURE_WITH_UNIT (LENGTH_MEASURE( 1.000000000000000082E-05 ), #2277, 'distance_accuracy_value', 'NONE');
#3929 = ADVANCED_FACE ( 'NONE', ( #2595 ), #3017, .F. ) ;
#3930 =( NAMED_UNIT ( * ) SI_UNIT ( $, .STERADIAN. ) SOLID_ANGLE_UNIT ( ) );
#3931 = CARTESIAN_POINT ( 'NONE',  ( 4.000000000000045297, 60.00000000000000000, -10.00000000000007105 ) ) ;
#3932 = VECTOR ( 'NONE', #1458, 1000.000000000000000 ) ;
#3933 = DIRECTION ( 'NONE',  ( 0.000000000000000000, 0.000000000000000000, -1.000000000000000000 ) ) ;
#3934 = DIRECTION ( 'NONE',  ( -1.000000000000000000, 0.000000000000000000, -0.000000000000000000 ) ) ;
#3935 = VECTOR ( 'NONE', #2809, 1000.000000000000000 ) ;
#3936 = SURFACE_SIDE_STYLE ('',( #190 ) ) ;
#3937 = STYLED_ITEM ( 'NONE', ( #665 ), #3704 ) ;
#3938 = SURFACE_STYLE_FILL_AREA ( #3473 ) ;
#3939 = DIRECTION ( 'NONE',  ( -0.000000000000000000, -1.000000000000000000, -0.000000000000000000 ) ) ;
#3940 = VERTEX_POINT ( 'NONE', #3831 ) ;
#3941 = VECTOR ( 'NONE', #1733, 999.9999999999998863 ) ;
#3942 = ORIENTED_EDGE ( 'NONE', *, *, #4560, .F. ) ;
#3943 = FACE_OUTER_BOUND ( 'NONE', #576, .T. ) ;
#3944 = EDGE_CURVE ( 'NONE', #904, #3655, #4187, .T. ) ;
#3945 = ORIENTED_EDGE ( 'NONE', *, *, #3514, .F. ) ;
#3946 = PRESENTATION_STYLE_ASSIGNMENT (( #286 ) ) ;
#3947 = DIRECTION ( 'NONE',  ( -0.000000000000000000, -1.000000000000000000, -0.000000000000000000 ) ) ;
#3948 = DIRECTION ( 'NONE',  ( -0.000000000000000000, -1.000000000000000000, -0.000000000000000000 ) ) ;
#3949 = ORIENTED_EDGE ( 'NONE', *, *, #890, .T. ) ;
#3950 = COLOUR_RGB ( '',0.8980392156862745390, 0.9176470588235293713, 0.9294117647058823817 ) ;
#3951 = DIRECTION ( 'NONE',  ( -1.000000000000000000, 0.000000000000000000, 0.000000000000000000 ) ) ;
#3952 = COLOUR_RGB ( '',0.8980392156862745390, 0.9176470588235293713, 0.9294117647058823817 ) ;
#3953 = DIRECTION ( 'NONE',  ( -1.000000000000000000, 0.000000000000000000, 0.000000000000000000 ) ) ;
#3954 = AXIS2_PLACEMENT_3D ( 'NONE', #2047, #3693, #1637 ) ;
#3955 = VECTOR ( 'NONE', #2863, 1000.000000000000000 ) ;
#3956 = CARTESIAN_POINT ( 'NONE',  ( 3.900000000000083844, 60.00000000000000000, -2.010912703474081020 ) ) ;
#3957 = DIRECTION ( 'NONE',  ( 0.000000000000000000, 1.000000000000000000, -0.000000000000000000 ) ) ;
#3958 =( NAMED_UNIT ( * ) SI_UNIT ( $, .STERADIAN. ) SOLID_ANGLE_UNIT ( ) );
#3959 = PRESENTATION_LAYER_ASSIGNMENT (  '', '', ( #1567 ) ) ;
#3960 = DIRECTION ( 'NONE',  ( 0.7071067811865469066, -0.000000000000000000, 0.7071067811865482389 ) ) ;
#3961 = STYLED_ITEM ( 'NONE', ( #1652 ), #4772 ) ;
#3962 = EDGE_CURVE ( 'NONE', #261, #1662, #512, .T. ) ;
#3963 =( NAMED_UNIT ( * ) SI_UNIT ( $, .STERADIAN. ) SOLID_ANGLE_UNIT ( ) );
#3964 = DIRECTION ( 'NONE',  ( -0.000000000000000000, -1.000000000000000000, -0.000000000000000000 ) ) ;
#3965 = CARTESIAN_POINT ( 'NONE',  ( 3.400000000000055866, 60.00000000000000000, -8.500000000000049738 ) ) ;
#3966 = ORIENTED_EDGE ( 'NONE', *, *, #3279, .T. ) ;
#3967 = FILL_AREA_STYLE_COLOUR ( '', #3422 ) ;
#3968 = CIRCLE ( 'NONE', #364, 0.3000000000000051514 ) ;
#3969 = STYLED_ITEM ( 'NONE', ( #3063 ), #4916 ) ;
#3970 = EDGE_CURVE ( 'NONE', #3155, #4370, #3778, .T. ) ;
#3971 = ORIENTED_EDGE ( 'NONE', *, *, #250, .T. ) ;
#3972 = MECHANICAL_DESIGN_GEOMETRIC_PRESENTATION_REPRESENTATION (  '', ( #5004 ), #3636 ) ;
#3973 = CARTESIAN_POINT ( 'NONE',  ( -3.699999999999953104, 60.00000000000000000, -9.700000000000027711 ) ) ;
#3974 = VERTEX_POINT ( 'NONE', #560 ) ;
#3975 = DIRECTION ( 'NONE',  ( -0.000000000000000000, -1.000000000000000000, -0.000000000000000000 ) ) ;
#3976 = ORIENTED_EDGE ( 'NONE', *, *, #5192, .F. ) ;
#3977 = PRESENTATION_STYLE_ASSIGNMENT (( #1543 ) ) ;
#3978 = CIRCLE ( 'NONE', #381, 0.2999999999999530820 ) ;
#3979 = AXIS2_PLACEMENT_3D ( 'NONE', #3423, #546, #1019 ) ;
#3980 = CIRCLE ( 'NONE', #384, 0.2999999999999981570 ) ;
#3981 =( NAMED_UNIT ( * ) PLANE_ANGLE_UNIT ( ) SI_UNIT ( $, .RADIAN. ) );
#3982 = VECTOR ( 'NONE', #3527, 999.9999999999998863 ) ;
#3983 = ADVANCED_FACE ( 'NONE', ( #1371 ), #5018, .F. ) ;
#3984 = CARTESIAN_POINT ( 'NONE',  ( -5.199999999999968203, 60.00000000000000000, -7.900000000000018119 ) ) ;
#3985 = SURFACE_SIDE_STYLE ('',( #1526 ) ) ;
#3986 = VECTOR ( 'NONE', #3091, 1000.000000000000000 ) ;
#3987 = FACE_OUTER_BOUND ( 'NONE', #1180, .T. ) ;
#3988 = ORIENTED_EDGE ( 'NONE', *, *, #485, .T. ) ;
#3989 = PRESENTATION_STYLE_ASSIGNMENT (( #1508 ) ) ;
#3990 = EDGE_CURVE ( 'NONE', #3295, #904, #2789, .T. ) ;
#3991 = MECHANICAL_DESIGN_GEOMETRIC_PRESENTATION_REPRESENTATION (  '', ( #1519 ), #929 ) ;
#3992 = ORIENTED_EDGE ( 'NONE', *, *, #720, .T. ) ;
#3993 = CARTESIAN_POINT ( 'NONE',  ( -7.900000000000170886, 60.00000000000000000, 5.500000000000067502 ) ) ;
#3994 = CARTESIAN_POINT ( 'NONE',  ( 5.500000000000046185, 60.00000000000000000, -6.684924240491822545 ) ) ;
#3995 = VERTEX_POINT ( 'NONE', #695 ) ;
#3996 = EDGE_CURVE ( 'NONE', #3974, #3078, #3886, .T. ) ;
#3997 = CARTESIAN_POINT ( 'NONE',  ( 5.500000000000046185, 60.00000000000000000, -6.684924240491822545 ) ) ;
#3998 = ORIENTED_EDGE ( 'NONE', *, *, #5063, .F. ) ;
#3999 = ORIENTED_EDGE ( 'NONE', *, *, #2058, .T. ) ;
#4000 = EDGE_CURVE ( 'NONE', #3765, #4122, #4098, .T. ) ;
#4001 = DIRECTION ( 'NONE',  ( -0.000000000000000000, -1.000000000000000000, -0.000000000000000000 ) ) ;
#4002 = LINE ( 'NONE', #338, #3935 ) ;
#4003 = COLOUR_RGB ( '',0.8980392156862745390, 0.9176470588235293713, 0.9294117647058823817 ) ;
#4004 = DIRECTION ( 'NONE',  ( -0.000000000000000000, -1.000000000000000000, -0.000000000000000000 ) ) ;
#4005 = CARTESIAN_POINT ( 'NONE',  ( 8.200000000000025935, 60.00000000000000000, -3.400000000000076739 ) ) ;
#4006 = AXIS2_PLACEMENT_3D ( 'NONE', #2910, #1729, #937 ) ;
#4007 = CARTESIAN_POINT ( 'NONE',  ( 7.900000000000032330, 60.00000000000000000, 5.199999999999923794 ) ) ;
#4008 =( NAMED_UNIT ( * ) PLANE_ANGLE_UNIT ( ) SI_UNIT ( $, .RADIAN. ) );
#4009 = SURFACE_SIDE_STYLE ('',( #4391 ) ) ;
#4010 = FACE_OUTER_BOUND ( 'NONE', #3267, .T. ) ;
#4011 = FACE_OUTER_BOUND ( 'NONE', #4644, .T. ) ;
#4012 = EDGE_LOOP ( 'NONE', ( #323, #3444, #3222, #46 ) ) ;
#4013 = VECTOR ( 'NONE', #3156, 1000.000000000000000 ) ;
#4014 = STYLED_ITEM ( 'NONE', ( #1997 ), #1969 ) ;
#4015 = AXIS2_PLACEMENT_3D ( 'NONE', #2540, #2188, #2624 ) ;
#4016 = PRESENTATION_STYLE_ASSIGNMENT (( #3269 ) ) ;
#4017 = DIRECTION ( 'NONE',  ( 0.000000000000000000, 0.000000000000000000, -1.000000000000000000 ) ) ;
#4018 = CARTESIAN_POINT ( 'NONE',  ( 9.700000000000249756, 0.000000000000000000, 3.699999999998308642 ) ) ;
#4019 = EDGE_LOOP ( 'NONE', ( #4616, #2877, #2643, #2196 ) ) ;
#4020 = PRESENTATION_STYLE_ASSIGNMENT (( #4476 ) ) ;
#4021 = PRESENTATION_STYLE_ASSIGNMENT (( #4477 ) ) ;
#4022 = AXIS2_PLACEMENT_3D ( 'NONE', #3984, #4822, #1447 ) ;
#4023 = CARTESIAN_POINT ( 'NONE',  ( -3.399999999999750333, 60.00000000000000000, 8.199999999998833999 ) ) ;
#4024 = ORIENTED_EDGE ( 'NONE', *, *, #3613, .T. ) ;
#4025 = ADVANCED_FACE ( 'NONE', ( #2298 ), #5202, .T. ) ;
#4026 = ORIENTED_EDGE ( 'NONE', *, *, #1550, .T. ) ;
#4027 = VECTOR ( 'NONE', #2456, 1000.000000000000000 ) ;
#4028 = CARTESIAN_POINT ( 'NONE',  ( -2.010912703473713314, 0.000000000000000000, 3.899999999998806199 ) ) ;
#4029 = ADVANCED_FACE ( 'NONE', ( #3536 ), #5179, .F. ) ;
#4030 =( LENGTH_UNIT ( ) NAMED_UNIT ( * ) SI_UNIT ( .MILLI., .METRE. ) );
#4031 = CYLINDRICAL_SURFACE ( 'NONE', #111, 2.000000000000004441 ) ;
#4032 = AXIS2_PLACEMENT_3D ( 'NONE', #2024, #2868, #4494 ) ;
#4033 = DIRECTION ( 'NONE',  ( 1.000000000000000000, 0.000000000000000000, 0.000000000000000000 ) ) ;
#4034 =( NAMED_UNIT ( * ) SI_UNIT ( $, .STERADIAN. ) SOLID_ANGLE_UNIT ( ) );
#4035 = DIRECTION ( 'NONE',  ( -0.000000000000000000, -1.000000000000000000, 0.000000000000000000 ) ) ;
#4036 = SURFACE_SIDE_STYLE ('',( #2816 ) ) ;
#4037 =( NAMED_UNIT ( * ) SI_UNIT ( $, .STERADIAN. ) SOLID_ANGLE_UNIT ( ) );
#4038 = ORIENTED_EDGE ( 'NONE', *, *, #2251, .F. ) ;
#4039 = FILL_AREA_STYLE_COLOUR ( '', #2034 ) ;
#4040 = PRESENTATION_LAYER_ASSIGNMENT (  '', '', ( #3199 ) ) ;
#4041 = AXIS2_PLACEMENT_3D ( 'NONE', #3993, #4859, #835 ) ;
#4042 = UNCERTAINTY_MEASURE_WITH_UNIT (LENGTH_MEASURE( 1.000000000000000082E-05 ), #646, 'distance_accuracy_value', 'NONE');
#4043 = ORIENTED_EDGE ( 'NONE', *, *, #1713, .F. ) ;
#4044 = COLOUR_RGB ( '',0.8980392156862745390, 0.9176470588235293713, 0.9294117647058823817 ) ;
#4045 = LINE ( 'NONE', #778, #18 ) ;
#4046 = ORIENTED_EDGE ( 'NONE', *, *, #64, .T. ) ;
#4047 = DIRECTION ( 'NONE',  ( 0.000000000000000000, 1.000000000000000000, -0.000000000000000000 ) ) ;
#4048 =( NAMED_UNIT ( * ) PLANE_ANGLE_UNIT ( ) SI_UNIT ( $, .RADIAN. ) );
#4049 = VECTOR ( 'NONE', #2133, 1000.000000000000000 ) ;
#4050 = ORIENTED_EDGE ( 'NONE', *, *, #4515, .F. ) ;
#4051 = ORIENTED_EDGE ( 'NONE', *, *, #5092, .T. ) ;
#4052 =( GEOMETRIC_REPRESENTATION_CONTEXT ( 3 ) GLOBAL_UNCERTAINTY_ASSIGNED_CONTEXT ( ( #1082 ) ) GLOBAL_UNIT_ASSIGNED_CONTEXT ( ( #1949, #4008, #1155 ) ) REPRESENTATION_CONTEXT ( 'NONE', 'WORKASPACE' ) );
#4053 = COLOUR_RGB ( '',0.8980392156862745390, 0.9176470588235293713, 0.9294117647058823817 ) ;
#4054 =( NAMED_UNIT ( * ) SI_UNIT ( $, .STERADIAN. ) SOLID_ANGLE_UNIT ( ) );
#4055 = EDGE_CURVE ( 'NONE', #3245, #4209, #849, .T. ) ;
#4056 = DIRECTION ( 'NONE',  ( -0.000000000000000000, -1.000000000000000000, -0.000000000000000000 ) ) ;
#4057 = ADVANCED_FACE ( 'NONE', ( #4440 ), #441, .F. ) ;
#4058 = VECTOR ( 'NONE', #100, 1000.000000000000000 ) ;
#4059 = STYLED_ITEM ( 'NONE', ( #3977 ), #3244 ) ;
#4060 = CARTESIAN_POINT ( 'NONE',  ( 3.700000000000223999, 60.00000000000000000, 9.699999999998452083 ) ) ;
#4061 = PRESENTATION_STYLE_ASSIGNMENT (( #797 ) ) ;
#4062 = PRESENTATION_LAYER_ASSIGNMENT (  '', '', ( #1667 ) ) ;
#4063 = CARTESIAN_POINT ( 'NONE',  ( 4.000000000000211386, 60.00000000000000000, 9.699999999998459188 ) ) ;
#4064 = DIRECTION ( 'NONE',  ( -0.000000000000000000, -1.000000000000000000, -0.000000000000000000 ) ) ;
#4065 = ORIENTED_EDGE ( 'NONE', *, *, #4338, .T. ) ;
#4066 = AXIS2_PLACEMENT_3D ( 'NONE', #652, #2652, #3853 ) ;
#4067 = ORIENTED_EDGE ( 'NONE', *, *, #2324, .T. ) ;
#4068 = FILL_AREA_STYLE ('',( #4089 ) ) ;
#4069 = CARTESIAN_POINT ( 'NONE',  ( -9.999999999999772626, 60.00000000000000000, 8.499999999999237943 ) ) ;
#4070 = ORIENTED_EDGE ( 'NONE', *, *, #1887, .T. ) ;
#4071 = CARTESIAN_POINT ( 'NONE',  ( 8.200000000000025935, 0.000000000000000000, -3.400000000000076739 ) ) ;
#4072 = CARTESIAN_POINT ( 'NONE',  ( -5.499999999999963585, 0.000000000000000000, -7.900000000000018119 ) ) ;
#4073 = ORIENTED_EDGE ( 'NONE', *, *, #4737, .T. ) ;
#4074 = VERTEX_POINT ( 'NONE', #4060 ) ;
#4075 = DIRECTION ( 'NONE',  ( 1.000000000000000000, -0.000000000000000000, -0.000000000000000000 ) ) ;
#4076 = FILL_AREA_STYLE_COLOUR ( '', #5060 ) ;
#4077 = CIRCLE ( 'NONE', #4346, 0.2999999999999808376 ) ;
#4078 = DIRECTION ( 'NONE',  ( 0.000000000000000000, 0.000000000000000000, -1.000000000000000000 ) ) ;
#4079 = LINE ( 'NONE', #2951, #629 ) ;
#4080 =( NAMED_UNIT ( * ) SI_UNIT ( $, .STERADIAN. ) SOLID_ANGLE_UNIT ( ) );
#4081 = EDGE_CURVE ( 'NONE', #5144, #3252, #5149, .T. ) ;
#4082 = CARTESIAN_POINT ( 'NONE',  ( 9.700000000000027711, 60.00000000000000000, -4.000000000000079936 ) ) ;
#4083 = CARTESIAN_POINT ( 'NONE',  ( 8.200000000000025935, 0.000000000000000000, -5.200000000000079226 ) ) ;
#4084 = VECTOR ( 'NONE', #3503, 1000.000000000000000 ) ;
#4085 = SURFACE_STYLE_USAGE ( .BOTH. , #2506 ) ;
#4086 = ORIENTED_EDGE ( 'NONE', *, *, #2094, .T. ) ;
#4087 = ORIENTED_EDGE ( 'NONE', *, *, #3865, .T. ) ;
#4088 = STYLED_ITEM ( 'NONE', ( #2749 ), #4401 ) ;
#4089 = FILL_AREA_STYLE_COLOUR ( '', #3637 ) ;
#4090 = DIRECTION ( 'NONE',  ( -0.000000000000000000, -1.000000000000000000, -0.000000000000000000 ) ) ;
#4091 = DIRECTION ( 'NONE',  ( -0.000000000000000000, -1.000000000000000000, -0.000000000000000000 ) ) ;
#4092 = DIRECTION ( 'NONE',  ( -0.000000000000000000, -1.000000000000000000, 0.000000000000000000 ) ) ;
#4093 = FILL_AREA_STYLE_COLOUR ( '', #1952 ) ;
#4094 = ORIENTED_EDGE ( 'NONE', *, *, #4332, .F. ) ;
#4095 = EDGE_CURVE ( 'NONE', #3868, #2802, #4947, .T. ) ;
#4096 = ORIENTED_EDGE ( 'NONE', *, *, #3679, .T. ) ;
#4097 = ORIENTED_EDGE ( 'NONE', *, *, #1839, .T. ) ;
#4098 = CIRCLE ( 'NONE', #5315, 2.500000000000012879 ) ;
#4099 = VECTOR ( 'NONE', #3933, 1000.000000000000000 ) ;
#4100 = LINE ( 'NONE', #4213, #2820 ) ;
#4101 = AXIS2_PLACEMENT_3D ( 'NONE', #1979, #2031, #3627 ) ;
#4102 =( NAMED_UNIT ( * ) SI_UNIT ( $, .STERADIAN. ) SOLID_ANGLE_UNIT ( ) );
#4103 = FILL_AREA_STYLE_COLOUR ( '', #198 ) ;
#4104 = AXIS2_PLACEMENT_3D ( 'NONE', #1034, #596, #277 ) ;
#4105 = DIRECTION ( 'NONE',  ( 0.000000000000000000, 0.000000000000000000, 1.000000000000000000 ) ) ;
#4106 = LINE ( 'NONE', #43, #4212 ) ;
#4107 = UNCERTAINTY_MEASURE_WITH_UNIT (LENGTH_MEASURE( 1.000000000000000082E-05 ), #3084, 'distance_accuracy_value', 'NONE');
#4108 = LINE ( 'NONE', #944, #5079 ) ;
#4109 = DIRECTION ( 'NONE',  ( -0.000000000000000000, -1.000000000000000000, -0.000000000000000000 ) ) ;
#4110 = ORIENTED_EDGE ( 'NONE', *, *, #37, .F. ) ;
#4111 = VECTOR ( 'NONE', #2932, 1000.000000000000000 ) ;
#4112 = EDGE_CURVE ( 'NONE', #3023, #4355, #3522, .T. ) ;
#4113 = ORIENTED_EDGE ( 'NONE', *, *, #1322, .F. ) ;
#4114 = VECTOR ( 'NONE', #1606, 1000.000000000000000 ) ;
#4115 = CARTESIAN_POINT ( 'NONE',  ( -9.099999999999926814, 0.000000000000000000, -3.099999999999988098 ) ) ;
#4116 =( GEOMETRIC_REPRESENTATION_CONTEXT ( 3 ) GLOBAL_UNCERTAINTY_ASSIGNED_CONTEXT ( ( #450 ) ) GLOBAL_UNIT_ASSIGNED_CONTEXT ( ( #1878, #3472, #230 ) ) REPRESENTATION_CONTEXT ( 'NONE', 'WORKASPACE' ) );
#4117 = FILL_AREA_STYLE_COLOUR ( '', #2290 ) ;
#4118 = EDGE_CURVE ( 'NONE', #1404, #2113, #2019, .T. ) ;
#4119 = VERTEX_POINT ( 'NONE', #4920 ) ;
#4120 = PRESENTATION_LAYER_ASSIGNMENT (  '', '', ( #17 ) ) ;
#4121 = VECTOR ( 'NONE', #1167, 1000.000000000000000 ) ;
#4122 = VERTEX_POINT ( 'NONE', #5249 ) ;
#4123 = ORIENTED_EDGE ( 'NONE', *, *, #565, .T. ) ;
#4124 =( GEOMETRIC_REPRESENTATION_CONTEXT ( 3 ) GLOBAL_UNCERTAINTY_ASSIGNED_CONTEXT ( ( #3928 ) ) GLOBAL_UNIT_ASSIGNED_CONTEXT ( ( #2277, #5157, #4258 ) ) REPRESENTATION_CONTEXT ( 'NONE', 'WORKASPACE' ) );
#4125 = CIRCLE ( 'NONE', #2858, 0.3000000000000502265 ) ;
#4126 = FACE_OUTER_BOUND ( 'NONE', #935, .T. ) ;
#4127 = EDGE_CURVE ( 'NONE', #1643, #1885, #4489, .T. ) ;
#4128 = PRESENTATION_STYLE_ASSIGNMENT (( #2974 ) ) ;
#4129 = COLOUR_RGB ( '',0.8980392156862745390, 0.9176470588235293713, 0.9294117647058823817 ) ;
#4130 = CYLINDRICAL_SURFACE ( 'NONE', #4452, 0.2999999999999530820 ) ;
#4131 = CARTESIAN_POINT ( 'NONE',  ( -5.499999999999741540, 0.000000000000000000, 6.684924240490566660 ) ) ;
#4132 = SURFACE_SIDE_STYLE ('',( #1647 ) ) ;
#4133 = MECHANICAL_DESIGN_GEOMETRIC_PRESENTATION_REPRESENTATION (  '', ( #4229 ), #2177 ) ;
#4134 = SURFACE_STYLE_FILL_AREA ( #5093 ) ;
#4135 = LINE ( 'NONE', #3689, #4642 ) ;
#4136 = DIRECTION ( 'NONE',  ( 0.000000000000000000, 1.000000000000000000, 0.000000000000000000 ) ) ;
#4137 = DIRECTION ( 'NONE',  ( 0.000000000000000000, 0.000000000000000000, 1.000000000000000000 ) ) ;
#4138 = PRESENTATION_STYLE_ASSIGNMENT (( #4085 ) ) ;
#4139 = VERTEX_POINT ( 'NONE', #1996 ) ;
#4140 =( NAMED_UNIT ( * ) SI_UNIT ( $, .STERADIAN. ) SOLID_ANGLE_UNIT ( ) );
#4141 = SURFACE_STYLE_USAGE ( .BOTH. , #4168 ) ;
#4142 = AXIS2_PLACEMENT_3D ( 'NONE', #1739, #15, #945 ) ;
#4143 = ORIENTED_EDGE ( 'NONE', *, *, #2969, .F. ) ;
#4144 = CARTESIAN_POINT ( 'NONE',  ( -9.999999999999968026, 0.000000000000000000, -8.499999999999980460 ) ) ;
#4145 = EDGE_LOOP ( 'NONE', ( #87, #348, #2458, #5306 ) ) ;
#4146 = DIRECTION ( 'NONE',  ( -0.000000000000000000, -1.000000000000000000, -0.000000000000000000 ) ) ;
#4147 = VERTEX_POINT ( 'NONE', #1274 ) ;
#4148 = CIRCLE ( 'NONE', #1247, 2.000000000000003553 ) ;
#4149 = FILL_AREA_STYLE ('',( #5030 ) ) ;
#4150 = EDGE_CURVE ( 'NONE', #5165, #4244, #2314, .T. ) ;
#4151 = UNCERTAINTY_MEASURE_WITH_UNIT (LENGTH_MEASURE( 1.000000000000000082E-05 ), #2203, 'distance_accuracy_value', 'NONE');
#4152 = SURFACE_SIDE_STYLE ('',( #3361 ) ) ;
#4153 = ORIENTED_EDGE ( 'NONE', *, *, #274, .T. ) ;
#4154 = EDGE_LOOP ( 'NONE', ( #530, #109, #1721, #563 ) ) ;
#4155 = SURFACE_SIDE_STYLE ('',( #2524 ) ) ;
#4156 =( NAMED_UNIT ( * ) PLANE_ANGLE_UNIT ( ) SI_UNIT ( $, .RADIAN. ) );
#4157 = AXIS2_PLACEMENT_3D ( 'NONE', #3138, #1409, #1897 ) ;
#4158 = FILL_AREA_STYLE ('',( #3332 ) ) ;
#4159 = ADVANCED_FACE ( 'NONE', ( #2069 ), #5269, .F. ) ;
#4160 =( LENGTH_UNIT ( ) NAMED_UNIT ( * ) SI_UNIT ( .MILLI., .METRE. ) );
#4161 =( NAMED_UNIT ( * ) SI_UNIT ( $, .STERADIAN. ) SOLID_ANGLE_UNIT ( ) );
#4162 =( NAMED_UNIT ( * ) PLANE_ANGLE_UNIT ( ) SI_UNIT ( $, .RADIAN. ) );
#4163 = DIRECTION ( 'NONE',  ( 0.000000000000000000, 0.000000000000000000, 1.000000000000000000 ) ) ;
#4164 = LINE ( 'NONE', #14, #3786 ) ;
#4165 = ORIENTED_EDGE ( 'NONE', *, *, #799, .T. ) ;
#4166 = DIRECTION ( 'NONE',  ( 1.000000000000000000, -0.000000000000000000, 0.000000000000000000 ) ) ;
#4167 = DIRECTION ( 'NONE',  ( 0.000000000000000000, 0.000000000000000000, -1.000000000000000000 ) ) ;
#4168 = SURFACE_SIDE_STYLE ('',( #3348 ) ) ;
#4169 = ORIENTED_EDGE ( 'NONE', *, *, #3776, .F. ) ;
#4170 =( GEOMETRIC_REPRESENTATION_CONTEXT ( 3 ) GLOBAL_UNCERTAINTY_ASSIGNED_CONTEXT ( ( #3622 ) ) GLOBAL_UNIT_ASSIGNED_CONTEXT ( ( #2485, #781, #1211 ) ) REPRESENTATION_CONTEXT ( 'NONE', 'WORKASPACE' ) );
#4171 = FACE_OUTER_BOUND ( 'NONE', #143, .T. ) ;
#4172 = LINE ( 'NONE', #3730, #1296 ) ;
#4173 = DIRECTION ( 'NONE',  ( 0.000000000000000000, 0.000000000000000000, 1.000000000000000000 ) ) ;
#4174 = ORIENTED_EDGE ( 'NONE', *, *, #1808, .F. ) ;
#4175 = SURFACE_SIDE_STYLE ('',( #2547 ) ) ;
#4176 = FILL_AREA_STYLE_COLOUR ( '', #3075 ) ;
#4177 = CARTESIAN_POINT ( 'NONE',  ( 9.100000000000038725, 60.00000000000000000, -3.100000000000075140 ) ) ;
#4178 = VECTOR ( 'NONE', #3716, 1000.000000000000000 ) ;
#4179 = ORIENTED_EDGE ( 'NONE', *, *, #3962, .F. ) ;
#4180 = CARTESIAN_POINT ( 'NONE',  ( 9.400000000000019895, 60.00000000000000000, 3.399999999999923972 ) ) ;
#4181 = ORIENTED_EDGE ( 'NONE', *, *, #5028, .T. ) ;
#4182 = ORIENTED_EDGE ( 'NONE', *, *, #137, .F. ) ;
#4183 = STYLED_ITEM ( 'NONE', ( #962 ), #4291 ) ;
#4184 = SURFACE_STYLE_USAGE ( .BOTH. , #4969 ) ;
#4185 = EDGE_CURVE ( 'NONE', #432, #3595, #4659, .T. ) ;
#4186 = CIRCLE ( 'NONE', #2125, 2.000000000000002665 ) ;
#4187 = CIRCLE ( 'NONE', #3015, 0.2999999999999981570 ) ;
#4188 = STYLED_ITEM ( 'NONE', ( #2947 ), #1117 ) ;
#4189 = SURFACE_STYLE_FILL_AREA ( #5008 ) ;
#4190 = STYLED_ITEM ( 'NONE', ( #4892 ), #4057 ) ;
#4191 = EDGE_CURVE ( 'NONE', #3764, #83, #180, .T. ) ;
#4192 = PRESENTATION_STYLE_ASSIGNMENT (( #4627 ) ) ;
#4193 = CARTESIAN_POINT ( 'NONE',  ( 5.500000000000046185, 60.00000000000000000, -7.900000000000052758 ) ) ;
#4194 = CARTESIAN_POINT ( 'NONE',  ( -6.472792206135710380, 0.000000000000000000, -5.412132034355990662 ) ) ;
#4195 = DIRECTION ( 'NONE',  ( -0.000000000000000000, -1.000000000000000000, -0.000000000000000000 ) ) ;
#4196 = ORIENTED_EDGE ( 'NONE', *, *, #1428, .F. ) ;
#4197 = CARTESIAN_POINT ( 'NONE',  ( -8.500000000000159872, 60.00000000000000000, 3.399999999999236966 ) ) ;
#4198 = COLOUR_RGB ( '',0.8980392156862745390, 0.9176470588235293713, 0.9294117647058823817 ) ;
#4199 = CARTESIAN_POINT ( 'NONE',  ( 5.500000000000046185, 0.000000000000000000, -6.684924240491822545 ) ) ;
#4200 = ORIENTED_EDGE ( 'NONE', *, *, #24, .F. ) ;
#4201 = DIRECTION ( 'NONE',  ( 0.000000000000000000, 0.000000000000000000, -1.000000000000000000 ) ) ;
#4202 =( NAMED_UNIT ( * ) SI_UNIT ( $, .STERADIAN. ) SOLID_ANGLE_UNIT ( ) );
#4203 = DIRECTION ( 'NONE',  ( -0.000000000000000000, -1.000000000000000000, -0.000000000000000000 ) ) ;
#4204 = COLOUR_RGB ( '',0.8980392156862745390, 0.9176470588235293713, 0.9294117647058823817 ) ;
#4205 = ORIENTED_EDGE ( 'NONE', *, *, #3130, .F. ) ;
#4206 = DIRECTION ( 'NONE',  ( -0.000000000000000000, -1.000000000000000000, -0.000000000000000000 ) ) ;
#4207 = SURFACE_STYLE_FILL_AREA ( #487 ) ;
#4208 = ORIENTED_EDGE ( 'NONE', *, *, #3454, .F. ) ;
#4209 = VERTEX_POINT ( 'NONE', #999 ) ;
#4210 =( NAMED_UNIT ( * ) SI_UNIT ( $, .STERADIAN. ) SOLID_ANGLE_UNIT ( ) );
#4211 = AXIS2_PLACEMENT_3D ( 'NONE', #1057, #4724, #5129 ) ;
#4212 = VECTOR ( 'NONE', #4514, 1000.000000000000000 ) ;
#4213 = CARTESIAN_POINT ( 'NONE',  ( -8.200000000000247979, 60.00000000000000000, 3.399999999999236966 ) ) ;
#4214 = VECTOR ( 'NONE', #1151, 1000.000000000000000 ) ;
#4215 = EDGE_CURVE ( 'NONE', #3655, #5165, #5009, .T. ) ;
#4216 = CARTESIAN_POINT ( 'NONE',  ( 9.100000000000038725, 0.000000000000000000, 3.099999999999922373 ) ) ;
#4217 = CARTESIAN_POINT ( 'NONE',  ( 9.400000000000042988, 60.00000000000000000, -3.400000000000076739 ) ) ;
#4218 = VECTOR ( 'NONE', #3671, 1000.000000000000000 ) ;
#4219 = CARTESIAN_POINT ( 'NONE',  ( 5.412132034356129218, 60.00000000000000000, 6.472792206134489135 ) ) ;
#4220 = ADVANCED_FACE ( 'NONE', ( #2531 ), #3036, .F. ) ;
#4221 = SURFACE_STYLE_FILL_AREA ( #916 ) ;
#4222 = EDGE_CURVE ( 'NONE', #1133, #4289, #3458, .T. ) ;
#4223 = CARTESIAN_POINT ( 'NONE',  ( -3.699999999999731060, 0.000000000000000000, 9.699999999998848210 ) ) ;
#4224 = DIRECTION ( 'NONE',  ( -0.7071067811865482389, -0.000000000000000000, -0.7071067811865469066 ) ) ;
#4225 = AXIS2_PLACEMENT_3D ( 'NONE', #1276, #4136, #2098 ) ;
#4226 = SURFACE_STYLE_USAGE ( .BOTH. , #4611 ) ;
#4227 = DIRECTION ( 'NONE',  ( 0.000000000000000000, 0.000000000000000000, 1.000000000000000000 ) ) ;
#4228 = ORIENTED_EDGE ( 'NONE', *, *, #3970, .F. ) ;
#4229 = STYLED_ITEM ( 'NONE', ( #3459 ), #360 ) ;
#4230 = CARTESIAN_POINT ( 'NONE',  ( 8.200000000000025935, 60.00000000000000000, -3.400000000000076739 ) ) ;
#4231 = ADVANCED_FACE ( 'NONE', ( #126 ), #1767, .F. ) ;
#4232 = FILL_AREA_STYLE_COLOUR ( '', #4044 ) ;
#4233 = VERTEX_POINT ( 'NONE', #3086 ) ;
#4234 = DIRECTION ( 'NONE',  ( 0.000000000000000000, 0.000000000000000000, -1.000000000000000000 ) ) ;
#4235 = PRESENTATION_LAYER_ASSIGNMENT (  '', '', ( #1081 ) ) ;
#4236 = ORIENTED_EDGE ( 'NONE', *, *, #2326, .T. ) ;
#4237 = DIRECTION ( 'NONE',  ( -1.000000000000000000, 0.000000000000000000, 0.000000000000000000 ) ) ;
#4238 = COLOUR_RGB ( '',0.8980392156862745390, 0.9176470588235293713, 0.9294117647058823817 ) ;
#4239 = SURFACE_STYLE_USAGE ( .BOTH. , #4152 ) ;
#4240 = ORIENTED_EDGE ( 'NONE', *, *, #4081, .F. ) ;
#4241 = VERTEX_POINT ( 'NONE', #4749 ) ;
#4242 = DIRECTION ( 'NONE',  ( 0.000000000000000000, 0.000000000000000000, -1.000000000000000000 ) ) ;
#4243 = CARTESIAN_POINT ( 'NONE',  ( 6.938893903907228378E-15, 60.00000000000000000, -6.938893903907228378E-15 ) ) ;
#4244 = VERTEX_POINT ( 'NONE', #4275 ) ;
#4245 = STYLED_ITEM ( 'NONE', ( #2373 ), #3003 ) ;
#4246 = UNCERTAINTY_MEASURE_WITH_UNIT (LENGTH_MEASURE( 1.000000000000000082E-05 ), #5000, 'distance_accuracy_value', 'NONE');
#4247 = FILL_AREA_STYLE ('',( #3400 ) ) ;
#4248 = CARTESIAN_POINT ( 'NONE',  ( -8.499999999999911182, 60.00000000000000000, -3.100000000000005418 ) ) ;
#4249 = CARTESIAN_POINT ( 'NONE',  ( -3.099999999999727862, 60.00000000000000000, 9.099999999998837907 ) ) ;
#4250 = CYLINDRICAL_SURFACE ( 'NONE', #1746, 2.000000000000031086 ) ;
#4251 = LINE ( 'NONE', #587, #2935 ) ;
#4252 = LINE ( 'NONE', #4721, #1675 ) ;
#4253 = COLOUR_RGB ( '',0.8980392156862745390, 0.9176470588235293713, 0.9294117647058823817 ) ;
#4254 = LINE ( 'NONE', #5102, #1626 ) ;
#4255 = LINE ( 'NONE', #4756, #807 ) ;
#4256 = EDGE_CURVE ( 'NONE', #599, #3619, #1845, .T. ) ;
#4257 = CARTESIAN_POINT ( 'NONE',  ( 5.500000000000046185, 60.00000000000000000, -7.900000000000052758 ) ) ;
#4258 =( NAMED_UNIT ( * ) SI_UNIT ( $, .STERADIAN. ) SOLID_ANGLE_UNIT ( ) );
#4259 = ORIENTED_EDGE ( 'NONE', *, *, #2798, .F. ) ;
#4260 = LINE ( 'NONE', #2572, #4942 ) ;
#4261 = ADVANCED_FACE ( 'NONE', ( #4716 ), #1049, .F. ) ;
#4262 = EDGE_LOOP ( 'NONE', ( #4046, #3942, #4228, #2173 ) ) ;
#4263 =( GEOMETRIC_REPRESENTATION_CONTEXT ( 3 ) GLOBAL_UNCERTAINTY_ASSIGNED_CONTEXT ( ( #4855 ) ) GLOBAL_UNIT_ASSIGNED_CONTEXT ( ( #2057, #28, #2902 ) ) REPRESENTATION_CONTEXT ( 'NONE', 'WORKASPACE' ) );
#4264 = CARTESIAN_POINT ( 'NONE',  ( 6.684924240491815439, 60.00000000000000000, -5.500000000000079048 ) ) ;
#4265 = CARTESIAN_POINT ( 'NONE',  ( -2.010912703473963337, 60.00000000000000000, -3.900000000000083844 ) ) ;
#4266 = ORIENTED_EDGE ( 'NONE', *, *, #3333, .T. ) ;
#4267 = ORIENTED_EDGE ( 'NONE', *, *, #3990, .F. ) ;
#4268 = SURFACE_SIDE_STYLE ('',( #3507 ) ) ;
#4269 = CARTESIAN_POINT ( 'NONE',  ( -9.999999999999772626, 60.00000000000000000, 8.499999999999237943 ) ) ;
#4270 = LINE ( 'NONE', #3483, #2357 ) ;
#4271 = ADVANCED_FACE ( 'NONE', ( #3715 ), #2093, .F. ) ;
#4272 = LINE ( 'NONE', #4377, #1982 ) ;
#4273 = CARTESIAN_POINT ( 'NONE',  ( 8.500000000000049738, 60.00000000000000000, -3.400000000000076739 ) ) ;
#4274 = VECTOR ( 'NONE', #3550, 1000.000000000000000 ) ;
#4275 = CARTESIAN_POINT ( 'NONE',  ( 3.400000000000222400, 0.000000000000000000, 9.399999999998451372 ) ) ;
#4276 = VECTOR ( 'NONE', #3975, 1000.000000000000000 ) ;
#4277 = APPLICATION_PROTOCOL_DEFINITION ( 'draft international standard', 'automotive_design', 1998, #3443 ) ;
#4278 = SURFACE_STYLE_FILL_AREA ( #3311 ) ;
#4279 =( GEOMETRIC_REPRESENTATION_CONTEXT ( 3 ) GLOBAL_UNCERTAINTY_ASSIGNED_CONTEXT ( ( #2645 ) ) GLOBAL_UNIT_ASSIGNED_CONTEXT ( ( #1027, #2210, #5176 ) ) REPRESENTATION_CONTEXT ( 'NONE', 'WORKASPACE' ) );
#4280 =( LENGTH_UNIT ( ) NAMED_UNIT ( * ) SI_UNIT ( .MILLI., .METRE. ) );
#4281 =( NAMED_UNIT ( * ) SI_UNIT ( $, .STERADIAN. ) SOLID_ANGLE_UNIT ( ) );
#4282 = LINE ( 'NONE', #4753, #2065 ) ;
#4283 = STYLED_ITEM ( 'NONE', ( #4192 ), #4220 ) ;
#4284 = DIRECTION ( 'NONE',  ( 0.000000000000000000, 1.000000000000000000, 0.000000000000000000 ) ) ;
#4285 = CARTESIAN_POINT ( 'NONE',  ( -3.699999999999953104, 0.000000000000000000, -9.700000000000027711 ) ) ;
#4286 = LINE ( 'NONE', #696, #1915 ) ;
#4287 = DIRECTION ( 'NONE',  ( 0.000000000000000000, 0.000000000000000000, 1.000000000000000000 ) ) ;
#4288 =( NAMED_UNIT ( * ) PLANE_ANGLE_UNIT ( ) SI_UNIT ( $, .RADIAN. ) );
#4289 = VERTEX_POINT ( 'NONE', #4508 ) ;
#4290 =( GEOMETRIC_REPRESENTATION_CONTEXT ( 3 ) GLOBAL_UNCERTAINTY_ASSIGNED_CONTEXT ( ( #2715 ) ) GLOBAL_UNIT_ASSIGNED_CONTEXT ( ( #4428, #5311, #1235 ) ) REPRESENTATION_CONTEXT ( 'NONE', 'WORKASPACE' ) );
#4291 = ADVANCED_FACE ( 'NONE', ( #908 ), #435, .F. ) ;
#4292 = ORIENTED_EDGE ( 'NONE', *, *, #3397, .T. ) ;
#4293 = FILL_AREA_STYLE_COLOUR ( '', #3426 ) ;
#4294 = DIRECTION ( 'NONE',  ( -0.000000000000000000, -1.000000000000000000, -0.000000000000000000 ) ) ;
#4295 = ORIENTED_EDGE ( 'NONE', *, *, #429, .F. ) ;
#4296 = ORIENTED_EDGE ( 'NONE', *, *, #98, .F. ) ;
#4297 = ADVANCED_FACE ( 'NONE', ( #2525 ), #237, .T. ) ;
#4298 =( GEOMETRIC_REPRESENTATION_CONTEXT ( 3 ) GLOBAL_UNCERTAINTY_ASSIGNED_CONTEXT ( ( #4246 ) ) GLOBAL_UNIT_ASSIGNED_CONTEXT ( ( #5000, #3050, #85 ) ) REPRESENTATION_CONTEXT ( 'NONE', 'WORKASPACE' ) );
#4299 = DIRECTION ( 'NONE',  ( 0.000000000000000000, 1.000000000000000000, -0.000000000000000000 ) ) ;
#4300 = SURFACE_SIDE_STYLE ('',( #4714 ) ) ;
#4301 = CIRCLE ( 'NONE', #2245, 2.500000000000012879 ) ;
#4302 = LINE ( 'NONE', #1494, #2535 ) ;
#4303 = MECHANICAL_DESIGN_GEOMETRIC_PRESENTATION_REPRESENTATION (  '', ( #3620 ), #2586 ) ;
#4304 =( NAMED_UNIT ( * ) PLANE_ANGLE_UNIT ( ) SI_UNIT ( $, .RADIAN. ) );
#4305 = SURFACE_STYLE_USAGE ( .BOTH. , #4693 ) ;
#4306 = AXIS2_PLACEMENT_3D ( 'NONE', #567, #982, #4639 ) ;
#4307 = STYLED_ITEM ( 'NONE', ( #345 ), #4695 ) ;
#4308 =( NAMED_UNIT ( * ) PLANE_ANGLE_UNIT ( ) SI_UNIT ( $, .RADIAN. ) );
#4309 = PRESENTATION_STYLE_ASSIGNMENT (( #1470 ) ) ;
#4310 = DIRECTION ( 'NONE',  ( 0.000000000000000000, 1.000000000000000000, -0.000000000000000000 ) ) ;
#4311 =( NAMED_UNIT ( * ) PLANE_ANGLE_UNIT ( ) SI_UNIT ( $, .RADIAN. ) );
#4312 = SURFACE_STYLE_USAGE ( .BOTH. , #3936 ) ;
#4313 = VECTOR ( 'NONE', #5103, 999.9999999999998863 ) ;
#4314 = MECHANICAL_DESIGN_GEOMETRIC_PRESENTATION_REPRESENTATION (  '', ( #2422 ), #112 ) ;
#4315 = ORIENTED_EDGE ( 'NONE', *, *, #4456, .F. ) ;
#4316 = CARTESIAN_POINT ( 'NONE',  ( -8.499999999999911182, 0.000000000000000000, -3.400000000000007017 ) ) ;
#4317 = ORIENTED_EDGE ( 'NONE', *, *, #2326, .F. ) ;
#4318 = CARTESIAN_POINT ( 'NONE',  ( 10.00000000000004974, 60.00000000000000000, -8.500000000000056843 ) ) ;
#4319 = DIRECTION ( 'NONE',  ( 0.000000000000000000, 0.000000000000000000, -1.000000000000000000 ) ) ;
#4320 = ORIENTED_EDGE ( 'NONE', *, *, #2335, .F. ) ;
#4321 = SURFACE_SIDE_STYLE ('',( #2695 ) ) ;
#4322 = MECHANICAL_DESIGN_GEOMETRIC_PRESENTATION_REPRESENTATION (  '', ( #1097 ), #572 ) ;
#4323 = SURFACE_SIDE_STYLE ('',( #2611 ) ) ;
#4324 = EDGE_CURVE ( 'NONE', #1593, #2720, #2337, .T. ) ;
#4325 =( GEOMETRIC_REPRESENTATION_CONTEXT ( 3 ) GLOBAL_UNCERTAINTY_ASSIGNED_CONTEXT ( ( #902 ) ) GLOBAL_UNIT_ASSIGNED_CONTEXT ( ( #4581, #4548, #4140 ) ) REPRESENTATION_CONTEXT ( 'NONE', 'WORKASPACE' ) );
#4326 = PLANE ( 'NONE',  #4562 ) ;
#4327 = ORIENTED_EDGE ( 'NONE', *, *, #3899, .F. ) ;
#4328 = DIRECTION ( 'NONE',  ( 0.000000000000000000, 0.000000000000000000, -1.000000000000000000 ) ) ;
#4329 = STYLED_ITEM ( 'NONE', ( #551 ), #3071 ) ;
#4330 = PRESENTATION_STYLE_ASSIGNMENT (( #4305 ) ) ;
#4331 = DIRECTION ( 'NONE',  ( -0.000000000000000000, -1.000000000000000000, -0.000000000000000000 ) ) ;
#4332 = EDGE_CURVE ( 'NONE', #5209, #3173, #204, .T. ) ;
#4333 = MECHANICAL_DESIGN_GEOMETRIC_PRESENTATION_REPRESENTATION (  '', ( #4059 ), #2016 ) ;
#4334 = CARTESIAN_POINT ( 'NONE',  ( 5.200000000000051692, 60.00000000000000000, -7.900000000000052758 ) ) ;
#4335 = DIRECTION ( 'NONE',  ( -0.000000000000000000, -0.000000000000000000, 1.000000000000000000 ) ) ;
#4336 = SURFACE_STYLE_FILL_AREA ( #2272 ) ;
#4337 =( NAMED_UNIT ( * ) SI_UNIT ( $, .STERADIAN. ) SOLID_ANGLE_UNIT ( ) );
#4338 = EDGE_CURVE ( 'NONE', #1964, #4233, #1512, .T. ) ;
#4339 = CYLINDRICAL_SURFACE ( 'NONE', #3873, 0.2999999999999981570 ) ;
#4340 = UNCERTAINTY_MEASURE_WITH_UNIT (LENGTH_MEASURE( 1.000000000000000082E-05 ), #3307, 'distance_accuracy_value', 'NONE');
#4341 = DIRECTION ( 'NONE',  ( 0.000000000000000000, 0.000000000000000000, -1.000000000000000000 ) ) ;
#4342 = DIRECTION ( 'NONE',  ( -0.000000000000000000, -1.000000000000000000, -0.000000000000000000 ) ) ;
#4343 = EDGE_LOOP ( 'NONE', ( #3409, #2014, #4583, #1938 ) ) ;
#4344 = DIRECTION ( 'NONE',  ( 0.000000000000000000, 1.000000000000000000, 0.000000000000000000 ) ) ;
#4345 = ORIENTED_EDGE ( 'NONE', *, *, #3164, .T. ) ;
#4346 = AXIS2_PLACEMENT_3D ( 'NONE', #4961, #4092, #53 ) ;
#4347 = PLANE ( 'NONE',  #419 ) ;
#4348 = DIRECTION ( 'NONE',  ( -0.000000000000000000, -1.000000000000000000, -0.000000000000000000 ) ) ;
#4349 = ORIENTED_EDGE ( 'NONE', *, *, #3390, .T. ) ;
#4350 =( LENGTH_UNIT ( ) NAMED_UNIT ( * ) SI_UNIT ( .MILLI., .METRE. ) );
#4351 = CARTESIAN_POINT ( 'NONE',  ( -3.099999999999946354, 60.00000000000000000, -8.500000000000028422 ) ) ;
#4352 = SURFACE_STYLE_FILL_AREA ( #2671 ) ;
#4353 = FILL_AREA_STYLE ('',( #3135 ) ) ;
#4354 = STYLED_ITEM ( 'NONE', ( #3098 ), #1665 ) ;
#4355 = VERTEX_POINT ( 'NONE', #259 ) ;
#4356 = CARTESIAN_POINT ( 'NONE',  ( 2.010912703474351915, 60.00000000000000000, 3.899999999998807088 ) ) ;
#4357 = EDGE_CURVE ( 'NONE', #2052, #4209, #3505, .T. ) ;
#4358 = UNCERTAINTY_MEASURE_WITH_UNIT (LENGTH_MEASURE( 1.000000000000000082E-05 ), #2558, 'distance_accuracy_value', 'NONE');
#4359 = CARTESIAN_POINT ( 'NONE',  ( 6.684924240491815439, 60.00000000000000000, -5.200000000000079226 ) ) ;
#4360 = PRESENTATION_STYLE_ASSIGNMENT (( #2397 ) ) ;
#4361 = DIRECTION ( 'NONE',  ( 0.000000000000000000, 0.000000000000000000, 1.000000000000000000 ) ) ;
#4362 = EDGE_CURVE ( 'NONE', #1292, #3893, #4734, .T. ) ;
#4363 = PRESENTATION_LAYER_ASSIGNMENT (  '', '', ( #506 ) ) ;
#4364 =( LENGTH_UNIT ( ) NAMED_UNIT ( * ) SI_UNIT ( .MILLI., .METRE. ) );
#4365 =( GEOMETRIC_REPRESENTATION_CONTEXT ( 3 ) GLOBAL_UNCERTAINTY_ASSIGNED_CONTEXT ( ( #1101 ) ) GLOBAL_UNIT_ASSIGNED_CONTEXT ( ( #3463, #4308, #1874 ) ) REPRESENTATION_CONTEXT ( 'NONE', 'WORKASPACE' ) );
#4366 = AXIS2_PLACEMENT_3D ( 'NONE', #2341, #1564, #4813 ) ;
#4367 = CARTESIAN_POINT ( 'NONE',  ( 3.400000000000222400, 60.00000000000000000, 9.399999999998451372 ) ) ;
#4368 = DIRECTION ( 'NONE',  ( 0.000000000000000000, 0.000000000000000000, -1.000000000000000000 ) ) ;
#4369 = CYLINDRICAL_SURFACE ( 'NONE', #1929, 0.2999999999999947153 ) ;
#4370 = VERTEX_POINT ( 'NONE', #3864 ) ;
#4371 = VECTOR ( 'NONE', #3845, 1000.000000000000000 ) ;
#4372 = ORIENTED_EDGE ( 'NONE', *, *, #4150, .T. ) ;
#4373 = ORIENTED_EDGE ( 'NONE', *, *, #584, .F. ) ;
#4374 =( NAMED_UNIT ( * ) SI_UNIT ( $, .STERADIAN. ) SOLID_ANGLE_UNIT ( ) );
#4375 = PRESENTATION_LAYER_ASSIGNMENT (  '', '', ( #777 ) ) ;
#4376 = DIRECTION ( 'NONE',  ( -0.000000000000000000, -1.000000000000000000, -0.000000000000000000 ) ) ;
#4377 = CARTESIAN_POINT ( 'NONE',  ( -9.999999999999772626, 0.000000000000000000, 8.499999999999237943 ) ) ;
#4378 = ORIENTED_EDGE ( 'NONE', *, *, #3161, .F. ) ;
#4379 = VECTOR ( 'NONE', #4287, 1000.000000000000000 ) ;
#4380 = UNCERTAINTY_MEASURE_WITH_UNIT (LENGTH_MEASURE( 1.000000000000000082E-05 ), #1004, 'distance_accuracy_value', 'NONE');
#4381 = AXIS2_PLACEMENT_3D ( 'NONE', #1724, #2089, #515 ) ;
#4382 = ADVANCED_FACE ( 'NONE', ( #660 ), #4347, .F. ) ;
#4383 = STYLED_ITEM ( 'NONE', ( #1604 ), #1441 ) ;
#4384 = PRESENTATION_LAYER_ASSIGNMENT (  '', '', ( #3620 ) ) ;
#4385 = SURFACE_SIDE_STYLE ('',( #739 ) ) ;
#4386 = SURFACE_STYLE_FILL_AREA ( #5268 ) ;
#4387 = MECHANICAL_DESIGN_GEOMETRIC_PRESENTATION_REPRESENTATION (  '', ( #2132 ), #713 ) ;
#4388 = PRESENTATION_STYLE_ASSIGNMENT (( #2762 ) ) ;
#4389 =( GEOMETRIC_REPRESENTATION_CONTEXT ( 3 ) GLOBAL_UNCERTAINTY_ASSIGNED_CONTEXT ( ( #4748 ) ) GLOBAL_UNIT_ASSIGNED_CONTEXT ( ( #1635, #1536, #2801 ) ) REPRESENTATION_CONTEXT ( 'NONE', 'WORKASPACE' ) );
#4390 = DIRECTION ( 'NONE',  ( 0.000000000000000000, 0.000000000000000000, -1.000000000000000000 ) ) ;
#4391 = SURFACE_STYLE_FILL_AREA ( #2815 ) ;
#4392 = EDGE_CURVE ( 'NONE', #897, #4649, #2746, .T. ) ;
#4393 = UNCERTAINTY_MEASURE_WITH_UNIT (LENGTH_MEASURE( 1.000000000000000082E-05 ), #2064, 'distance_accuracy_value', 'NONE');
#4394 = SURFACE_STYLE_USAGE ( .BOTH. , #1582 ) ;
#4395 = CARTESIAN_POINT ( 'NONE',  ( -8.200000000000247979, 0.000000000000000000, 3.399999999999236966 ) ) ;
#4396 = ORIENTED_EDGE ( 'NONE', *, *, #1208, .F. ) ;
#4397 = CARTESIAN_POINT ( 'NONE',  ( -9.699999999999779021, 60.00000000000000000, 3.399999999999244071 ) ) ;
#4398 = VECTOR ( 'NONE', #4237, 1000.000000000000000 ) ;
#4399 = ORIENTED_EDGE ( 'NONE', *, *, #4256, .F. ) ;
#4400 = PRESENTATION_LAYER_ASSIGNMENT (  '', '', ( #1924 ) ) ;
#4401 = ADVANCED_FACE ( 'NONE', ( #3943 ), #283, .F. ) ;
#4402 = PRESENTATION_LAYER_ASSIGNMENT (  '', '', ( #5006 ) ) ;
#4403 =( NAMED_UNIT ( * ) SI_UNIT ( $, .STERADIAN. ) SOLID_ANGLE_UNIT ( ) );
#4404 = PLANE ( 'NONE',  #3607 ) ;
#4405 = DIRECTION ( 'NONE',  ( 0.000000000000000000, 0.000000000000000000, 1.000000000000000000 ) ) ;
#4406 = ORIENTED_EDGE ( 'NONE', *, *, #2920, .F. ) ;
#4407 = CIRCLE ( 'NONE', #2347, 0.2999999999999912736 ) ;
#4408 = LINE ( 'NONE', #4454, #342 ) ;
#4409 = VERTEX_POINT ( 'NONE', #1634 ) ;
#4410 = ORIENTED_EDGE ( 'NONE', *, *, #3421, .F. ) ;
#4411 =( LENGTH_UNIT ( ) NAMED_UNIT ( * ) SI_UNIT ( .MILLI., .METRE. ) );
#4412 = UNCERTAINTY_MEASURE_WITH_UNIT (LENGTH_MEASURE( 1.000000000000000082E-05 ), #4586, 'distance_accuracy_value', 'NONE');
#4413 = VECTOR ( 'NONE', #2882, 1000.000000000000000 ) ;
#4414 = VECTOR ( 'NONE', #2533, 1000.000000000000000 ) ;
#4415 = CIRCLE ( 'NONE', #423, 0.3000000000000120348 ) ;
#4416 = FACE_OUTER_BOUND ( 'NONE', #2941, .T. ) ;
#4417 = FILL_AREA_STYLE ('',( #1648 ) ) ;
#4418 = SURFACE_SIDE_STYLE ('',( #3193 ) ) ;
#4419 = LINE ( 'NONE', #1628, #1219 ) ;
#4420 = CARTESIAN_POINT ( 'NONE',  ( -5.199999999999968203, 60.00000000000000000, -8.200000000000017053 ) ) ;
#4421 = CARTESIAN_POINT ( 'NONE',  ( -3.999999999999739764, 60.00000000000000000, 9.699999999999098677 ) ) ;
#4422 = CARTESIAN_POINT ( 'NONE',  ( 6.472792206135851600, 0.000000000000000000, 5.412132034355887633 ) ) ;
#4423 = ORIENTED_EDGE ( 'NONE', *, *, #2445, .F. ) ;
#4424 = ADVANCED_FACE ( 'NONE', ( #1184 ), #5282, .F. ) ;
#4425 = UNCERTAINTY_MEASURE_WITH_UNIT (LENGTH_MEASURE( 1.000000000000000082E-05 ), #3917, 'distance_accuracy_value', 'NONE');
#4426 = AXIS2_PLACEMENT_3D ( 'NONE', #2316, #3083, #3111 ) ;
#4427 = ORIENTED_EDGE ( 'NONE', *, *, #2087, .T. ) ;
#4428 =( LENGTH_UNIT ( ) NAMED_UNIT ( * ) SI_UNIT ( .MILLI., .METRE. ) );
#4429 = ORIENTED_EDGE ( 'NONE', *, *, #1234, .T. ) ;
#4430 = SURFACE_SIDE_STYLE ('',( #1293 ) ) ;
#4431 = ADVANCED_FACE ( 'NONE', ( #3202 ), #1957, .F. ) ;
#4432 = DIRECTION ( 'NONE',  ( -0.000000000000000000, -0.000000000000000000, -1.000000000000000000 ) ) ;
#4433 = VERTEX_POINT ( 'NONE', #4835 ) ;
#4434 = ORIENTED_EDGE ( 'NONE', *, *, #3055, .T. ) ;
#4435 = SURFACE_SIDE_STYLE ('',( #4843 ) ) ;
#4436 = PRESENTATION_LAYER_ASSIGNMENT (  '', '', ( #3510 ) ) ;
#4437 = SURFACE_SIDE_STYLE ('',( #1149 ) ) ;
#4438 = DIRECTION ( 'NONE',  ( 0.000000000000000000, 0.000000000000000000, -1.000000000000000000 ) ) ;
#4439 = FACE_OUTER_BOUND ( 'NONE', #1487, .T. ) ;
#4440 = FACE_OUTER_BOUND ( 'NONE', #160, .T. ) ;
#4441 = CARTESIAN_POINT ( 'NONE',  ( -5.199999999999968203, 0.000000000000000000, -7.900000000000018119 ) ) ;
#4442 = CYLINDRICAL_SURFACE ( 'NONE', #641, 0.3000000000000224709 ) ;
#4443 = VERTEX_POINT ( 'NONE', #752 ) ;
#4444 = CARTESIAN_POINT ( 'NONE',  ( -9.999999999999968026, 60.00000000000000000, -3.999999999999996447 ) ) ;
#4445 = COLOUR_RGB ( '',0.8980392156862745390, 0.9176470588235293713, 0.9294117647058823817 ) ;
#4446 = AXIS2_PLACEMENT_3D ( 'NONE', #2831, #2348, #4459 ) ;
#4447 = ORIENTED_EDGE ( 'NONE', *, *, #5186, .T. ) ;
#4448 =( GEOMETRIC_REPRESENTATION_CONTEXT ( 3 ) GLOBAL_UNCERTAINTY_ASSIGNED_CONTEXT ( ( #4912 ) ) GLOBAL_UNIT_ASSIGNED_CONTEXT ( ( #3854, #1320, #2984 ) ) REPRESENTATION_CONTEXT ( 'NONE', 'WORKASPACE' ) );
#4449 = ADVANCED_FACE ( 'NONE', ( #5259 ), #2384, .F. ) ;
#4450 = PRESENTATION_STYLE_ASSIGNMENT (( #2360 ) ) ;
#4451 = DIRECTION ( 'NONE',  ( 0.000000000000000000, 1.000000000000000000, 0.000000000000000000 ) ) ;
#4452 = AXIS2_PLACEMENT_3D ( 'NONE', #1408, #580, #5062 ) ;
#4453 = PRESENTATION_LAYER_ASSIGNMENT (  '', '', ( #1202 ) ) ;
#4454 = CARTESIAN_POINT ( 'NONE',  ( 7.245055603694067826E-15, 60.00000000000000000, 2.500000000000006217 ) ) ;
#4455 = ORIENTED_EDGE ( 'NONE', *, *, #3843, .F. ) ;
#4456 = EDGE_CURVE ( 'NONE', #3868, #3974, #1153, .T. ) ;
#4457 = ORIENTED_EDGE ( 'NONE', *, *, #598, .T. ) ;
#4458 = AXIS2_PLACEMENT_3D ( 'NONE', #661, #4809, #2282 ) ;
#4459 = DIRECTION ( 'NONE',  ( -0.7071067811865474617, 0.000000000000000000, -0.7071067811865474617 ) ) ;
#4460 = CYLINDRICAL_SURFACE ( 'NONE', #3039, 1.999999999999996669 ) ;
#4461 =( GEOMETRIC_REPRESENTATION_CONTEXT ( 3 ) GLOBAL_UNCERTAINTY_ASSIGNED_CONTEXT ( ( #2583 ) ) GLOBAL_UNIT_ASSIGNED_CONTEXT ( ( #3196, #4829, #3676 ) ) REPRESENTATION_CONTEXT ( 'NONE', 'WORKASPACE' ) );
#4462 = DIRECTION ( 'NONE',  ( -0.000000000000000000, -1.000000000000000000, -0.000000000000000000 ) ) ;
#4463 = DIRECTION ( 'NONE',  ( 0.000000000000000000, 0.000000000000000000, 1.000000000000000000 ) ) ;
#4464 = PRESENTATION_LAYER_ASSIGNMENT (  '', '', ( #2678 ) ) ;
#4465 = DIRECTION ( 'NONE',  ( -0.000000000000000000, -1.000000000000000000, -0.000000000000000000 ) ) ;
#4466 = CARTESIAN_POINT ( 'NONE',  ( -5.199999999999940670, 60.00000000000000000, -6.684924240491780800 ) ) ;
#4467 = PRESENTATION_STYLE_ASSIGNMENT (( #2429 ) ) ;
#4468 = VERTEX_POINT ( 'NONE', #1324 ) ;
#4469 = AXIS2_PLACEMENT_3D ( 'NONE', #5204, #3068, #2249 ) ;
#4470 = AXIS2_PLACEMENT_3D ( 'NONE', #243, #607, #1437 ) ;
#4471 = STYLED_ITEM ( 'NONE', ( #865 ), #4449 ) ;
#4472 = ORIENTED_EDGE ( 'NONE', *, *, #1387, .T. ) ;
#4473 = AXIS2_PLACEMENT_3D ( 'NONE', #2779, #4405, #3599 ) ;
#4474 = CARTESIAN_POINT ( 'NONE',  ( 3.425126265847279861, 0.000000000000000000, 4.485786437625630896 ) ) ;
#4475 = VERTEX_POINT ( 'NONE', #3351 ) ;
#4476 = SURFACE_STYLE_USAGE ( .BOTH. , #2387 ) ;
#4477 = SURFACE_STYLE_USAGE ( .BOTH. , #4882 ) ;
#4478 = CARTESIAN_POINT ( 'NONE',  ( 10.00000000000024514, 60.00000000000000000, 8.499999999998452793 ) ) ;
#4479 = MECHANICAL_DESIGN_GEOMETRIC_PRESENTATION_REPRESENTATION (  '', ( #798 ), #1829 ) ;
#4480 = ORIENTED_EDGE ( 'NONE', *, *, #395, .T. ) ;
#4481 = VERTEX_POINT ( 'NONE', #1688 ) ;
#4482 =( GEOMETRIC_REPRESENTATION_CONTEXT ( 3 ) GLOBAL_UNCERTAINTY_ASSIGNED_CONTEXT ( ( #594 ) ) GLOBAL_UNIT_ASSIGNED_CONTEXT ( ( #2931, #2898, #923 ) ) REPRESENTATION_CONTEXT ( 'NONE', 'WORKASPACE' ) );
#4483 = LINE ( 'NONE', #336, #132 ) ;
#4484 = EDGE_CURVE ( 'NONE', #3155, #816, #2965, .T. ) ;
#4485 =( LENGTH_UNIT ( ) NAMED_UNIT ( * ) SI_UNIT ( .MILLI., .METRE. ) );
#4486 = STYLED_ITEM ( 'NONE', ( #4467 ), #692 ) ;
#4487 = COLOUR_RGB ( '',0.8980392156862745390, 0.9176470588235293713, 0.9294117647058823817 ) ;
#4488 = ADVANCED_FACE ( 'NONE', ( #4171 ), #1795, .T. ) ;
#4489 = LINE ( 'NONE', #825, #1287 ) ;
#4490 = SURFACE_STYLE_FILL_AREA ( #3288 ) ;
#4491 = DIRECTION ( 'NONE',  ( 0.000000000000000000, 0.000000000000000000, 1.000000000000000000 ) ) ;
#4492 = CIRCLE ( 'NONE', #2436, 0.2999999999999990452 ) ;
#4493 = CARTESIAN_POINT ( 'NONE',  ( 6.684924240491815439, 60.00000000000000000, -5.500000000000079048 ) ) ;
#4494 = DIRECTION ( 'NONE',  ( 0.000000000000000000, 0.000000000000000000, 1.000000000000000000 ) ) ;
#4495 = CYLINDRICAL_SURFACE ( 'NONE', #2356, 0.3000000000000129230 ) ;
#4496 = EDGE_LOOP ( 'NONE', ( #104, #5031, #3027, #2114 ) ) ;
#4497 = ORIENTED_EDGE ( 'NONE', *, *, #4112, .F. ) ;
#4498 = CARTESIAN_POINT ( 'NONE',  ( 3.100000000000033396, 0.000000000000000000, -9.100000000000052935 ) ) ;
#4499 = ORIENTED_EDGE ( 'NONE', *, *, #3830, .F. ) ;
#4500 = FILL_AREA_STYLE ('',( #4117 ) ) ;
#4501 = COLOUR_RGB ( '',0.8980392156862745390, 0.9176470588235293713, 0.9294117647058823817 ) ;
#4502 = CARTESIAN_POINT ( 'NONE',  ( -2.010912703473713314, 60.00000000000000000, 5.899999999998809308 ) ) ;
#4503 = AXIS2_PLACEMENT_3D ( 'NONE', #3356, #4203, #1720 ) ;
#4504 = ORIENTED_EDGE ( 'NONE', *, *, #250, .F. ) ;
#4505 = ORIENTED_EDGE ( 'NONE', *, *, #3639, .F. ) ;
#4506 = ORIENTED_EDGE ( 'NONE', *, *, #4055, .F. ) ;
#4507 = PRESENTATION_STYLE_ASSIGNMENT (( #4184 ) ) ;
#4508 = CARTESIAN_POINT ( 'NONE',  ( 4.000000000000045297, 60.00000000000000000, -10.00000000000007105 ) ) ;
#4509 = DIRECTION ( 'NONE',  ( 0.000000000000000000, -0.000000000000000000, 1.000000000000000000 ) ) ;
#4510 = EDGE_CURVE ( 'NONE', #1354, #77, #900, .T. ) ;
#4511 =( NAMED_UNIT ( * ) SI_UNIT ( $, .STERADIAN. ) SOLID_ANGLE_UNIT ( ) );
#4512 = FILL_AREA_STYLE_COLOUR ( '', #3336 ) ;
#4513 = FACE_OUTER_BOUND ( 'NONE', #2, .T. ) ;
#4514 = DIRECTION ( 'NONE',  ( -0.000000000000000000, -1.000000000000000000, -0.000000000000000000 ) ) ;
#4515 = EDGE_CURVE ( 'NONE', #4409, #3, #3888, .T. ) ;
#4516 = LINE ( 'NONE', #3850, #4984 ) ;
#4517 = DIRECTION ( 'NONE',  ( -0.000000000000000000, -1.000000000000000000, -0.000000000000000000 ) ) ;
#4518 = VERTEX_POINT ( 'NONE', #4230 ) ;
#4519 = SURFACE_SIDE_STYLE ('',( #532 ) ) ;
#4520 = ORIENTED_EDGE ( 'NONE', *, *, #2190, .F. ) ;
#4521 = MECHANICAL_DESIGN_GEOMETRIC_PRESENTATION_REPRESENTATION (  '', ( #2906 ), #1372 ) ;
#4522 = SURFACE_STYLE_FILL_AREA ( #4637 ) ;
#4523 = LINE ( 'NONE', #162, #4111 ) ;
#4524 = LINE ( 'NONE', #4144, #4997 ) ;
#4525 = ORIENTED_EDGE ( 'NONE', *, *, #1754, .T. ) ;
#4526 = DIRECTION ( 'NONE',  ( -0.000000000000000000, -1.000000000000000000, -0.000000000000000000 ) ) ;
#4527 = COLOUR_RGB ( '',0.8980392156862745390, 0.9176470588235293713, 0.9294117647058823817 ) ;
#4528 = ORIENTED_EDGE ( 'NONE', *, *, #3127, .T. ) ;
#4529 = VECTOR ( 'NONE', #3285, 999.9999999999998863 ) ;
#4530 = ORIENTED_EDGE ( 'NONE', *, *, #2292, .T. ) ;
#4531 = ORIENTED_EDGE ( 'NONE', *, *, #2669, .F. ) ;
#4532 = FACE_OUTER_BOUND ( 'NONE', #60, .T. ) ;
#4533 = CARTESIAN_POINT ( 'NONE',  ( 9.100000000000038725, 60.00000000000000000, -3.100000000000075140 ) ) ;
#4534 = CARTESIAN_POINT ( 'NONE',  ( 5.500000000000185629, 0.000000000000000000, 7.899999999998456701 ) ) ;
#4535 = PRODUCT_RELATED_PRODUCT_CATEGORY ( 'part', '', ( #2811 ) ) ;
#4536 = MECHANICAL_DESIGN_GEOMETRIC_PRESENTATION_REPRESENTATION (  '', ( #965 ), #4290 ) ;
#4537 = CARTESIAN_POINT ( 'NONE',  ( 6.472792206135849824, 0.000000000000000000, -5.412132034356045729 ) ) ;
#4538 = SURFACE_SIDE_STYLE ('',( #125 ) ) ;
#4539 = DIRECTION ( 'NONE',  ( 0.000000000000000000, 0.000000000000000000, -1.000000000000000000 ) ) ;
#4540 = CARTESIAN_POINT ( 'NONE',  ( -7.899999999999921307, 0.000000000000000000, -5.500000000000015099 ) ) ;
#4541 = AXIS2_PLACEMENT_3D ( 'NONE', #4702, #3964, #4757 ) ;
#4542 = EDGE_CURVE ( 'NONE', #1889, #26, #2193, .T. ) ;
#4543 = DIRECTION ( 'NONE',  ( -0.000000000000000000, -1.000000000000000000, -0.000000000000000000 ) ) ;
#4544 = CYLINDRICAL_SURFACE ( 'NONE', #2782, 1.499999999999845235 ) ;
#4545 = LINE ( 'NONE', #3377, #7 ) ;
#4546 = VERTEX_POINT ( 'NONE', #4115 ) ;
#4547 = VECTOR ( 'NONE', #44, 1000.000000000000000 ) ;
#4548 =( NAMED_UNIT ( * ) PLANE_ANGLE_UNIT ( ) SI_UNIT ( $, .RADIAN. ) );
#4549 = CARTESIAN_POINT ( 'NONE',  ( 9.100000000000038725, 60.00000000000000000, 3.099999999999932587 ) ) ;
#4550 = EDGE_CURVE ( 'NONE', #2837, #1643, #454, .T. ) ;
#4551 = ORIENTED_EDGE ( 'NONE', *, *, #2805, .T. ) ;
#4552 = AXIS2_PLACEMENT_3D ( 'NONE', #461, #3418, #1403 ) ;
#4553 = UNCERTAINTY_MEASURE_WITH_UNIT (LENGTH_MEASURE( 1.000000000000000082E-05 ), #677, 'distance_accuracy_value', 'NONE');
#4554 = DIRECTION ( 'NONE',  ( -0.000000000000000000, -1.000000000000000000, -0.000000000000000000 ) ) ;
#4555 =( NAMED_UNIT ( * ) PLANE_ANGLE_UNIT ( ) SI_UNIT ( $, .RADIAN. ) );
#4556 =( NAMED_UNIT ( * ) SI_UNIT ( $, .STERADIAN. ) SOLID_ANGLE_UNIT ( ) );
#4557 = EDGE_LOOP ( 'NONE', ( #4447, #5291, #4038, #1242 ) ) ;
#4558 = PRESENTATION_LAYER_ASSIGNMENT (  '', '', ( #2945 ) ) ;
#4559 = SURFACE_STYLE_FILL_AREA ( #2934 ) ;
#4560 = EDGE_CURVE ( 'NONE', #4370, #1195, #893, .T. ) ;
#4561 = ORIENTED_EDGE ( 'NONE', *, *, #761, .T. ) ;
#4562 = AXIS2_PLACEMENT_3D ( 'NONE', #1527, #5104, #2740 ) ;
#4563 = STYLED_ITEM ( 'NONE', ( #4932 ), #539 ) ;
#4564 = AXIS2_PLACEMENT_3D ( 'NONE', #3262, #4897, #1229 ) ;
#4565 = VERTEX_POINT ( 'NONE', #3043 ) ;
#4566 = ORIENTED_EDGE ( 'NONE', *, *, #2852, .T. ) ;
#4567 = CIRCLE ( 'NONE', #2954, 0.3000000000000224709 ) ;
#4568 = CARTESIAN_POINT ( 'NONE',  ( 7.900000000000032330, 60.00000000000000000, -5.500000000000074607 ) ) ;
#4569 =( NAMED_UNIT ( * ) SI_UNIT ( $, .STERADIAN. ) SOLID_ANGLE_UNIT ( ) );
#4570 = VECTOR ( 'NONE', #4463, 1000.000000000000000 ) ;
#4571 = LINE ( 'NONE', #65, #4529 ) ;
#4572 = AXIS2_PLACEMENT_3D ( 'NONE', #1909, #1477, #4726 ) ;
#4573 = LINE ( 'NONE', #3767, #4857 ) ;
#4574 =( NAMED_UNIT ( * ) PLANE_ANGLE_UNIT ( ) SI_UNIT ( $, .RADIAN. ) );
#4575 =( NAMED_UNIT ( * ) SI_UNIT ( $, .STERADIAN. ) SOLID_ANGLE_UNIT ( ) );
#4576 = CARTESIAN_POINT ( 'NONE',  ( -3.099999999999727862, 60.00000000000000000, 9.099999999998837907 ) ) ;
#4577 = CARTESIAN_POINT ( 'NONE',  ( -6.472792206135713045, 0.000000000000000000, -5.412132034355987997 ) ) ;
#4578 = DIRECTION ( 'NONE',  ( 0.000000000000000000, 0.000000000000000000, 1.000000000000000000 ) ) ;
#4579 = DIRECTION ( 'NONE',  ( -0.000000000000000000, -1.000000000000000000, -0.000000000000000000 ) ) ;
#4580 = EDGE_LOOP ( 'NONE', ( #2255, #4295, #631, #2564 ) ) ;
#4581 =( LENGTH_UNIT ( ) NAMED_UNIT ( * ) SI_UNIT ( .MILLI., .METRE. ) );
#4582 = DIRECTION ( 'NONE',  ( 0.000000000000000000, 0.000000000000000000, -1.000000000000000000 ) ) ;
#4583 = ORIENTED_EDGE ( 'NONE', *, *, #5273, .F. ) ;
#4584 = AXIS2_PLACEMENT_3D ( 'NONE', #1944, #358, #519 ) ;
#4585 = CARTESIAN_POINT ( 'NONE',  ( -6.684924240491676883, 60.00000000000000000, -5.200000000000024158 ) ) ;
#4586 =( LENGTH_UNIT ( ) NAMED_UNIT ( * ) SI_UNIT ( .MILLI., .METRE. ) );
#4587 = ORIENTED_EDGE ( 'NONE', *, *, #1249, .T. ) ;
#4588 = FACE_OUTER_BOUND ( 'NONE', #290, .T. ) ;
#4589 = FACE_OUTER_BOUND ( 'NONE', #571, .T. ) ;
#4590 = EDGE_CURVE ( 'NONE', #2895, #4546, #3621, .T. ) ;
#4591 = AXIS2_PLACEMENT_3D ( 'NONE', #4696, #1926, #3116 ) ;
#4592 = ORIENTED_EDGE ( 'NONE', *, *, #1697, .F. ) ;
#4593 = PRESENTATION_STYLE_ASSIGNMENT (( #2141 ) ) ;
#4594 = DIRECTION ( 'NONE',  ( 0.000000000000000000, 0.000000000000000000, -1.000000000000000000 ) ) ;
#4595 = ORIENTED_EDGE ( 'NONE', *, *, #1618, .F. ) ;
#4596 = ORIENTED_EDGE ( 'NONE', *, *, #3137, .T. ) ;
#4597 = ADVANCED_FACE ( 'NONE', ( #1451 ), #5130, .F. ) ;
#4598 = CARTESIAN_POINT ( 'NONE',  ( -3.099999999999949907, 60.00000000000000000, -9.100000000000024514 ) ) ;
#4599 =( NAMED_UNIT ( * ) SI_UNIT ( $, .STERADIAN. ) SOLID_ANGLE_UNIT ( ) );
#4600 = STYLED_ITEM ( 'NONE', ( #4743 ), #1815 ) ;
#4601 = CARTESIAN_POINT ( 'NONE',  ( 5.200000000000051692, 60.00000000000000000, -8.200000000000047251 ) ) ;
#4602 = EDGE_CURVE ( 'NONE', #4139, #4620, #2689, .T. ) ;
#4603 = LINE ( 'NONE', #154, #483 ) ;
#4604 = AXIS2_PLACEMENT_3D ( 'NONE', #4316, #4344, #5208 ) ;
#4605 = CARTESIAN_POINT ( 'NONE',  ( -8.200000000000247979, 60.00000000000000000, 3.399999999999236966 ) ) ;
#4606 = FILL_AREA_STYLE_COLOUR ( '', #718 ) ;
#4607 = DIRECTION ( 'NONE',  ( -1.000000000000000000, -0.000000000000000000, -0.000000000000000000 ) ) ;
#4608 = CARTESIAN_POINT ( 'NONE',  ( -5.199999999999746159, 0.000000000000000000, 7.899999999998831512 ) ) ;
#4609 = VERTEX_POINT ( 'NONE', #1823 ) ;
#4610 = SURFACE_STYLE_FILL_AREA ( #531 ) ;
#4611 = SURFACE_SIDE_STYLE ('',( #1347 ) ) ;
#4612 = CARTESIAN_POINT ( 'NONE',  ( 5.200000000000218670, 60.00000000000000000, 8.199999999998468070 ) ) ;
#4613 = ORIENTED_EDGE ( 'NONE', *, *, #818, .F. ) ;
#4614 = VECTOR ( 'NONE', #3323, 1000.000000000000000 ) ;
#4615 = SURFACE_SIDE_STYLE ('',( #455 ) ) ;
#4616 = ORIENTED_EDGE ( 'NONE', *, *, #3717, .T. ) ;
#4617 = ORIENTED_EDGE ( 'NONE', *, *, #666, .T. ) ;
#4618 = ADVANCED_FACE ( 'NONE', ( #2629 ), #5181, .T. ) ;
#4619 = DIRECTION ( 'NONE',  ( 0.000000000000000000, 0.000000000000000000, -1.000000000000000000 ) ) ;
#4620 = VERTEX_POINT ( 'NONE', #2301 ) ;
#4621 = EDGE_LOOP ( 'NONE', ( #2438, #4399, #3413, #3988 ) ) ;
#4622 = SURFACE_STYLE_FILL_AREA ( #35 ) ;
#4623 = EDGE_CURVE ( 'NONE', #349, #4244, #3499, .T. ) ;
#4624 = DIRECTION ( 'NONE',  ( 0.000000000000000000, 0.000000000000000000, -1.000000000000000000 ) ) ;
#4625 = FILL_AREA_STYLE_COLOUR ( '', #3235 ) ;
#4626 = COLOUR_RGB ( '',0.8980392156862745390, 0.9176470588235293713, 0.9294117647058823817 ) ;
#4627 = SURFACE_STYLE_USAGE ( .BOTH. , #553 ) ;
#4628 = EDGE_CURVE ( 'NONE', #2900, #784, #2658, .T. ) ;
#4629 =( NAMED_UNIT ( * ) PLANE_ANGLE_UNIT ( ) SI_UNIT ( $, .RADIAN. ) );
#4630 = DIRECTION ( 'NONE',  ( 0.000000000000000000, 0.000000000000000000, -1.000000000000000000 ) ) ;
#4631 = CARTESIAN_POINT ( 'NONE',  ( -8.499999999999966249, 0.000000000000000000, -10.00000000000000178 ) ) ;
#4632 = ORIENTED_EDGE ( 'NONE', *, *, #2029, .T. ) ;
#4633 = AXIS2_PLACEMENT_3D ( 'NONE', #4790, #4348, #4319 ) ;
#4634 = FILL_AREA_STYLE_COLOUR ( '', #3433 ) ;
#4635 = ORIENTED_EDGE ( 'NONE', *, *, #2472, .T. ) ;
#4636 =( GEOMETRIC_REPRESENTATION_CONTEXT ( 3 ) GLOBAL_UNCERTAINTY_ASSIGNED_CONTEXT ( ( #941 ) ) GLOBAL_UNIT_ASSIGNED_CONTEXT ( ( #1203, #1629, #2001 ) ) REPRESENTATION_CONTEXT ( 'NONE', 'WORKASPACE' ) );
#4637 = FILL_AREA_STYLE ('',( #507 ) ) ;
#4638 = DIRECTION ( 'NONE',  ( -0.7071067811865482389, -0.000000000000000000, 0.7071067811865469066 ) ) ;
#4639 = DIRECTION ( 'NONE',  ( 1.000000000000000000, 0.000000000000000000, -0.000000000000000000 ) ) ;
#4640 = ORIENTED_EDGE ( 'NONE', *, *, #4798, .F. ) ;
#4641 = FACE_OUTER_BOUND ( 'NONE', #1987, .T. ) ;
#4642 = VECTOR ( 'NONE', #472, 1000.000000000000000 ) ;
#4643 = CIRCLE ( 'NONE', #2492, 0.2999999999999912736 ) ;
#4644 = EDGE_LOOP ( 'NONE', ( #687, #3859, #3028, #1632 ) ) ;
#4645 = CIRCLE ( 'NONE', #711, 0.2999999999999947153 ) ;
#4646 = COLOUR_RGB ( '',0.8980392156862745390, 0.9176470588235293713, 0.9294117647058823817 ) ;
#4647 =( NAMED_UNIT ( * ) SI_UNIT ( $, .STERADIAN. ) SOLID_ANGLE_UNIT ( ) );
#4648 = UNCERTAINTY_MEASURE_WITH_UNIT (LENGTH_MEASURE( 1.000000000000000082E-05 ), #3806, 'distance_accuracy_value', 'NONE');
#4649 = VERTEX_POINT ( 'NONE', #1033 ) ;
#4650 = ORIENTED_EDGE ( 'NONE', *, *, #635, .F. ) ;
#4651 = VECTOR ( 'NONE', #176, 1000.000000000000000 ) ;
#4652 = DIRECTION ( 'NONE',  ( -0.000000000000000000, -1.000000000000000000, 0.000000000000000000 ) ) ;
#4653 = AXIS2_PLACEMENT_3D ( 'NONE', #1106, #254, #4341 ) ;
#4654 = CARTESIAN_POINT ( 'NONE',  ( -3.099999999999949907, 60.00000000000000000, -9.100000000000024514 ) ) ;
#4655 = STYLED_ITEM ( 'NONE', ( #1561 ), #457 ) ;
#4656 = DIRECTION ( 'NONE',  ( -0.000000000000000000, -0.000000000000000000, -1.000000000000000000 ) ) ;
#4657 = LINE ( 'NONE', #4356, #2884 ) ;
#4658 = EDGE_CURVE ( 'NONE', #5077, #2382, #5274, .T. ) ;
#4659 = LINE ( 'NONE', #1308, #3941 ) ;
#4660 = FILL_AREA_STYLE_COLOUR ( '', #3810 ) ;
#4661 = SURFACE_STYLE_FILL_AREA ( #4718 ) ;
#4662 = DIRECTION ( 'NONE',  ( 0.000000000000000000, 0.000000000000000000, 1.000000000000000000 ) ) ;
#4663 = LINE ( 'NONE', #1850, #2239 ) ;
#4664 = FILL_AREA_STYLE_COLOUR ( '', #5171 ) ;
#4665 = COLOUR_RGB ( '',0.8980392156862745390, 0.9176470588235293713, 0.9294117647058823817 ) ;
#4666 = CARTESIAN_POINT ( 'NONE',  ( -8.499999999999966249, 60.00000000000000000, -10.00000000000000178 ) ) ;
#4667 = EDGE_CURVE ( 'NONE', #1193, #1163, #1951, .T. ) ;
#4668 = CARTESIAN_POINT ( 'NONE',  ( -3.999999999999739764, 0.000000000000000000, 9.999999999999099387 ) ) ;
#4669 = UNCERTAINTY_MEASURE_WITH_UNIT (LENGTH_MEASURE( 1.000000000000000082E-05 ), #4905, 'distance_accuracy_value', 'NONE');
#4670 = SURFACE_STYLE_FILL_AREA ( #302 ) ;
#4671 = PRESENTATION_STYLE_ASSIGNMENT (( #1010 ) ) ;
#4672 = VERTEX_POINT ( 'NONE', #4420 ) ;
#4673 = DIRECTION ( 'NONE',  ( 0.000000000000000000, 0.000000000000000000, -1.000000000000000000 ) ) ;
#4674 = EDGE_CURVE ( 'NONE', #1130, #5165, #2866, .T. ) ;
#4675 = MECHANICAL_DESIGN_GEOMETRIC_PRESENTATION_REPRESENTATION (  '', ( #2179 ), #3485 ) ;
#4676 = CIRCLE ( 'NONE', #1766, 1.999999999999996669 ) ;
#4677 = ORIENTED_EDGE ( 'NONE', *, *, #1808, .T. ) ;
#4678 =( NAMED_UNIT ( * ) PLANE_ANGLE_UNIT ( ) SI_UNIT ( $, .RADIAN. ) );
#4679 = COLOUR_RGB ( '',0.8980392156862745390, 0.9176470588235293713, 0.9294117647058823817 ) ;
#4680 = PRESENTATION_STYLE_ASSIGNMENT (( #4239 ) ) ;
#4681 = VECTOR ( 'NONE', #263, 1000.000000000000000 ) ;
#4682 = ORIENTED_EDGE ( 'NONE', *, *, #4602, .T. ) ;
#4683 = ORIENTED_EDGE ( 'NONE', *, *, #4510, .T. ) ;
#4684 =( NAMED_UNIT ( * ) SI_UNIT ( $, .STERADIAN. ) SOLID_ANGLE_UNIT ( ) );
#4685 = LINE ( 'NONE', #1095, #5112 ) ;
#4686 = CARTESIAN_POINT ( 'NONE',  ( 6.938893903907228378E-15, 60.00000000000000000, -2.500000000000019984 ) ) ;
#4687 = PRESENTATION_LAYER_ASSIGNMENT (  '', '', ( #5267 ) ) ;
#4688 = PLANE ( 'NONE',  #5085 ) ;
#4689 = ORIENTED_EDGE ( 'NONE', *, *, #4674, .F. ) ;
#4690 =( NAMED_UNIT ( * ) SI_UNIT ( $, .STERADIAN. ) SOLID_ANGLE_UNIT ( ) );
#4691 = MECHANICAL_DESIGN_GEOMETRIC_PRESENTATION_REPRESENTATION (  '', ( #3575 ), #2366 ) ;
#4692 = UNCERTAINTY_MEASURE_WITH_UNIT (LENGTH_MEASURE( 1.000000000000000082E-05 ), #304, 'distance_accuracy_value', 'NONE');
#4693 = SURFACE_SIDE_STYLE ('',( #2675 ) ) ;
#4694 = PLANE ( 'NONE',  #4446 ) ;
#4695 = ADVANCED_FACE ( 'NONE', ( #3987 ), #4442, .T. ) ;
#4696 = CARTESIAN_POINT ( 'NONE',  ( 3.400000000000027889, 0.000000000000000000, -9.700000000000049027 ) ) ;
#4697 = UNCERTAINTY_MEASURE_WITH_UNIT (LENGTH_MEASURE( 1.000000000000000082E-05 ), #636, 'distance_accuracy_value', 'NONE');
#4698 = DIRECTION ( 'NONE',  ( 0.000000000000000000, 0.000000000000000000, 1.000000000000000000 ) ) ;
#4699 =( GEOMETRIC_REPRESENTATION_CONTEXT ( 3 ) GLOBAL_UNCERTAINTY_ASSIGNED_CONTEXT ( ( #5231 ) ) GLOBAL_UNIT_ASSIGNED_CONTEXT ( ( #2009, #866, #3656 ) ) REPRESENTATION_CONTEXT ( 'NONE', 'WORKASPACE' ) );
#4700 = CARTESIAN_POINT ( 'NONE',  ( -8.199999999999915801, 60.00000000000000000, -5.200000000000009948 ) ) ;
#4701 = EDGE_CURVE ( 'NONE', #1011, #1483, #2165, .T. ) ;
#4702 = CARTESIAN_POINT ( 'NONE',  ( -5.199999999999746159, 60.00000000000000000, 6.684924240490559555 ) ) ;
#4703 =( LENGTH_UNIT ( ) NAMED_UNIT ( * ) SI_UNIT ( .MILLI., .METRE. ) );
#4704 = VERTEX_POINT ( 'NONE', #722 ) ;
#4705 = DIRECTION ( 'NONE',  ( -0.000000000000000000, -1.000000000000000000, -0.000000000000000000 ) ) ;
#4706 = EDGE_LOOP ( 'NONE', ( #2167, #4992, #1565, #2538 ) ) ;
#4707 = PRESENTATION_LAYER_ASSIGNMENT (  '', '', ( #4354 ) ) ;
#4708 = DIRECTION ( 'NONE',  ( -1.000000000000000000, 0.000000000000000000, -0.000000000000000000 ) ) ;
#4709 = FACE_OUTER_BOUND ( 'NONE', #2769, .T. ) ;
#4710 = ORIENTED_EDGE ( 'NONE', *, *, #201, .T. ) ;
#4711 = ORIENTED_EDGE ( 'NONE', *, *, #3679, .F. ) ;
#4712 = DIRECTION ( 'NONE',  ( 0.000000000000000000, 0.000000000000000000, 1.000000000000000000 ) ) ;
#4713 = FILL_AREA_STYLE_COLOUR ( '', #3538 ) ;
#4714 = SURFACE_STYLE_FILL_AREA ( #2288 ) ;
#4715 = MECHANICAL_DESIGN_GEOMETRIC_PRESENTATION_REPRESENTATION (  '', ( #1706 ), #1886 ) ;
#4716 = FACE_OUTER_BOUND ( 'NONE', #3021, .T. ) ;
#4717 = PRESENTATION_LAYER_ASSIGNMENT (  '', '', ( #1712 ) ) ;
#4718 = FILL_AREA_STYLE ('',( #2270 ) ) ;
#4719 = AXIS2_PLACEMENT_3D ( 'NONE', #847, #1304, #549 ) ;
#4720 = DIRECTION ( 'NONE',  ( 0.000000000000000000, 0.000000000000000000, -1.000000000000000000 ) ) ;
#4721 = CARTESIAN_POINT ( 'NONE',  ( -8.199999999999915801, 0.000000000000000000, -3.400000000000007017 ) ) ;
#4722 =( NAMED_UNIT ( * ) PLANE_ANGLE_UNIT ( ) SI_UNIT ( $, .RADIAN. ) );
#4723 = CARTESIAN_POINT ( 'NONE',  ( 2.010912703474351915, 60.00000000000000000, 3.899999999998807088 ) ) ;
#4724 = DIRECTION ( 'NONE',  ( -0.000000000000000000, -1.000000000000000000, 0.000000000000000000 ) ) ;
#4725 = UNCERTAINTY_MEASURE_WITH_UNIT (LENGTH_MEASURE( 1.000000000000000082E-05 ), #451, 'distance_accuracy_value', 'NONE');
#4726 = DIRECTION ( 'NONE',  ( 0.000000000000000000, 0.000000000000000000, -1.000000000000000000 ) ) ;
#4727 =( NAMED_UNIT ( * ) SI_UNIT ( $, .STERADIAN. ) SOLID_ANGLE_UNIT ( ) );
#4728 = CARTESIAN_POINT ( 'NONE',  ( 3.700000000000029488, 60.00000000000000000, -9.700000000000049027 ) ) ;
#4729 = ORIENTED_EDGE ( 'NONE', *, *, #598, .F. ) ;
#4730 = PRESENTATION_LAYER_ASSIGNMENT (  '', '', ( #1722 ) ) ;
#4731 = ADVANCED_FACE ( 'NONE', ( #3168 ), #3237, .F. ) ;
#4732 = ORIENTED_EDGE ( 'NONE', *, *, #1387, .F. ) ;
#4733 = AXIS2_PLACEMENT_3D ( 'NONE', #4585, #3755, #1717 ) ;
#4734 = LINE ( 'NONE', #3973, #3932 ) ;
#4735 = EDGE_LOOP ( 'NONE', ( #4528, #1407, #4831, #1715 ) ) ;
#4736 = STYLED_ITEM ( 'NONE', ( #1788 ), #2664 ) ;
#4737 = EDGE_CURVE ( 'NONE', #1773, #4996, #365, .T. ) ;
#4738 = DIRECTION ( 'NONE',  ( -0.000000000000000000, -1.000000000000000000, -0.000000000000000000 ) ) ;
#4739 = SURFACE_STYLE_USAGE ( .BOTH. , #4769 ) ;
#4740 = CARTESIAN_POINT ( 'NONE',  ( 4.000000000000211386, 0.000000000000000000, 9.699999999998459188 ) ) ;
#4741 = VERTEX_POINT ( 'NONE', #4493 ) ;
#4742 = CIRCLE ( 'NONE', #791, 0.3000000000000849210 ) ;
#4743 = PRESENTATION_STYLE_ASSIGNMENT (( #3488 ) ) ;
#4744 = CIRCLE ( 'NONE', #792, 0.3000000000000120348 ) ;
#4745 = MECHANICAL_DESIGN_GEOMETRIC_PRESENTATION_REPRESENTATION (  '', ( #4471 ), #4482 ) ;
#4746 = CARTESIAN_POINT ( 'NONE',  ( 7.900000000000032330, 60.00000000000000000, 5.499999999999921840 ) ) ;
#4747 = EDGE_CURVE ( 'NONE', #3018, #261, #1278, .T. ) ;
#4748 = UNCERTAINTY_MEASURE_WITH_UNIT (LENGTH_MEASURE( 1.000000000000000082E-05 ), #1635, 'distance_accuracy_value', 'NONE');
#4749 = CARTESIAN_POINT ( 'NONE',  ( -8.199999999999915801, 0.000000000000000000, -5.200000000000009948 ) ) ;
#4750 =( GEOMETRIC_REPRESENTATION_CONTEXT ( 3 ) GLOBAL_UNCERTAINTY_ASSIGNED_CONTEXT ( ( #1147 ) ) GLOBAL_UNIT_ASSIGNED_CONTEXT ( ( #2833, #3143, #2736 ) ) REPRESENTATION_CONTEXT ( 'NONE', 'WORKASPACE' ) );
#4751 = STYLED_ITEM ( 'NONE', ( #2328 ), #4618 ) ;
#4752 = FACE_OUTER_BOUND ( 'NONE', #1747, .T. ) ;
#4753 = CARTESIAN_POINT ( 'NONE',  ( -9.699999999999779021, 60.00000000000000000, 3.699999999999242117 ) ) ;
#4754 = CARTESIAN_POINT ( 'NONE',  ( -5.199999999999746159, 0.000000000000000000, 8.199999999998833999 ) ) ;
#4755 = STYLED_ITEM ( 'NONE', ( #4593 ), #4946 ) ;
#4756 = CARTESIAN_POINT ( 'NONE',  ( -5.412132034355907173, 60.00000000000000000, -6.472792206135815185 ) ) ;
#4757 = DIRECTION ( 'NONE',  ( 0.000000000000000000, 0.000000000000000000, -1.000000000000000000 ) ) ;
#4758 = ORIENTED_EDGE ( 'NONE', *, *, #3737, .F. ) ;
#4759 = UNCERTAINTY_MEASURE_WITH_UNIT (LENGTH_MEASURE( 1.000000000000000082E-05 ), #3732, 'distance_accuracy_value', 'NONE');
#4760 = AXIS2_PLACEMENT_3D ( 'NONE', #4193, #2471, #2154 ) ;
#4761 = ORIENTED_EDGE ( 'NONE', *, *, #4883, .T. ) ;
#4762 = EDGE_CURVE ( 'NONE', #2997, #1960, #2851, .T. ) ;
#4763 = DIRECTION ( 'NONE',  ( 0.000000000000000000, 0.000000000000000000, 1.000000000000000000 ) ) ;
#4764 = ORIENTED_EDGE ( 'NONE', *, *, #2385, .T. ) ;
#4765 = AXIS2_PLACEMENT_3D ( 'NONE', #3965, #4830, #1161 ) ;
#4766 = DIRECTION ( 'NONE',  ( -0.000000000000000000, -1.000000000000000000, -0.000000000000000000 ) ) ;
#4767 = VECTOR ( 'NONE', #2368, 1000.000000000000000 ) ;
#4768 = DIRECTION ( 'NONE',  ( 0.000000000000000000, 0.000000000000000000, -1.000000000000000000 ) ) ;
#4769 = SURFACE_SIDE_STYLE ('',( #4352 ) ) ;
#4770 = PRESENTATION_LAYER_ASSIGNMENT (  '', '', ( #1420 ) ) ;
#4771 = VECTOR ( 'NONE', #4075, 1000.000000000000000 ) ;
#4772 = ADVANCED_FACE ( 'NONE', ( #2562 ), #1771, .F. ) ;
#4773 = EDGE_LOOP ( 'NONE', ( #754, #4711, #2632, #462 ) ) ;
#4774 =( LENGTH_UNIT ( ) NAMED_UNIT ( * ) SI_UNIT ( .MILLI., .METRE. ) );
#4775 = DIRECTION ( 'NONE',  ( 0.000000000000000000, 0.000000000000000000, -1.000000000000000000 ) ) ;
#4776 = AXIS2_PLACEMENT_3D ( 'NONE', #2788, #794, #3668 ) ;
#4777 = DIRECTION ( 'NONE',  ( 0.000000000000000000, 0.000000000000000000, 1.000000000000000000 ) ) ;
#4778 = LINE ( 'NONE', #1030, #1860 ) ;
#4779 =( NAMED_UNIT ( * ) PLANE_ANGLE_UNIT ( ) SI_UNIT ( $, .RADIAN. ) );
#4780 = PRESENTATION_STYLE_ASSIGNMENT (( #1448 ) ) ;
#4781 = CARTESIAN_POINT ( 'NONE',  ( -3.699999999999953104, 60.00000000000000000, -9.700000000000027711 ) ) ;
#4782 = UNCERTAINTY_MEASURE_WITH_UNIT (LENGTH_MEASURE( 1.000000000000000082E-05 ), #3373, 'distance_accuracy_value', 'NONE');
#4783 = DIRECTION ( 'NONE',  ( -1.000000000000000000, 0.000000000000000000, 0.000000000000000000 ) ) ;
#4784 = ORIENTED_EDGE ( 'NONE', *, *, #4836, .F. ) ;
#4785 = DIRECTION ( 'NONE',  ( 0.000000000000000000, 0.000000000000000000, -1.000000000000000000 ) ) ;
#4786 = VECTOR ( 'NONE', #4705, 1000.000000000000000 ) ;
#4787 = VERTEX_POINT ( 'NONE', #4951 ) ;
#4788 = PRESENTATION_LAYER_ASSIGNMENT (  '', '', ( #5081 ) ) ;
#4789 = SURFACE_SIDE_STYLE ('',( #1916 ) ) ;
#4790 = CARTESIAN_POINT ( 'NONE',  ( 8.500000000000243361, 60.00000000000000000, 8.499999999998452793 ) ) ;
#4791 = ORIENTED_EDGE ( 'NONE', *, *, #67, .T. ) ;
#4792 = FILL_AREA_STYLE_COLOUR ( '', #4253 ) ;
#4793 = FILL_AREA_STYLE ('',( #1984 ) ) ;
#4794 = EDGE_CURVE ( 'NONE', #3595, #871, #3721, .T. ) ;
#4795 = LINE ( 'NONE', #1941, #1306 ) ;
#4796 = ORIENTED_EDGE ( 'NONE', *, *, #4737, .F. ) ;
#4797 = SURFACE_SIDE_STYLE ('',( #3585 ) ) ;
#4798 = EDGE_CURVE ( 'NONE', #4565, #545, #4106, .T. ) ;
#4799 = AXIS2_PLACEMENT_3D ( 'NONE', #1044, #4299, #287 ) ;
#4800 = EDGE_CURVE ( 'NONE', #2487, #1694, #1319, .T. ) ;
#4801 = CARTESIAN_POINT ( 'NONE',  ( -8.499999999999937828, 60.00000000000000000, 9.999999999999088729 ) ) ;
#4802 = PRESENTATION_LAYER_ASSIGNMENT (  '', '', ( #2569 ) ) ;
#4803 = ORIENTED_EDGE ( 'NONE', *, *, #4392, .F. ) ;
#4804 = DIRECTION ( 'NONE',  ( -0.000000000000000000, -1.000000000000000000, -0.000000000000000000 ) ) ;
#4805 = MECHANICAL_DESIGN_GEOMETRIC_PRESENTATION_REPRESENTATION (  '', ( #2921 ), #2464 ) ;
#4806 = ORIENTED_EDGE ( 'NONE', *, *, #3872, .F. ) ;
#4807 =( GEOMETRIC_REPRESENTATION_CONTEXT ( 3 ) GLOBAL_UNCERTAINTY_ASSIGNED_CONTEXT ( ( #4697 ) ) GLOBAL_UNIT_ASSIGNED_CONTEXT ( ( #636, #2750, #2821 ) ) REPRESENTATION_CONTEXT ( 'NONE', 'WORKASPACE' ) );
#4808 = PRESENTATION_STYLE_ASSIGNMENT (( #1830 ) ) ;
#4809 = DIRECTION ( 'NONE',  ( -0.000000000000000000, -1.000000000000000000, 0.000000000000000000 ) ) ;
#4810 = CARTESIAN_POINT ( 'NONE',  ( -3.899999999999889777, 60.00000000000000000, 2.010912703473977103 ) ) ;
#4811 = ORIENTED_EDGE ( 'NONE', *, *, #1380, .T. ) ;
#4812 = STYLED_ITEM ( 'NONE', ( #3439 ), #2204 ) ;
#4813 = DIRECTION ( 'NONE',  ( 0.000000000000000000, 0.000000000000000000, -1.000000000000000000 ) ) ;
#4814 = EDGE_LOOP ( 'NONE', ( #4841, #4110, #3280, #4914 ) ) ;
#4815 =( GEOMETRIC_REPRESENTATION_CONTEXT ( 3 ) GLOBAL_UNCERTAINTY_ASSIGNED_CONTEXT ( ( #552 ) ) GLOBAL_UNIT_ASSIGNED_CONTEXT ( ( #3750, #475, #1709 ) ) REPRESENTATION_CONTEXT ( 'NONE', 'WORKASPACE' ) );
#4816 = DIRECTION ( 'NONE',  ( 0.000000000000000000, 0.000000000000000000, -1.000000000000000000 ) ) ;
#4817 = STYLED_ITEM ( 'NONE', ( #4680 ), #2692 ) ;
#4818 =( LENGTH_UNIT ( ) NAMED_UNIT ( * ) SI_UNIT ( .MILLI., .METRE. ) );
#4819 = EDGE_CURVE ( 'NONE', #544, #16, #2588, .T. ) ;
#4820 = LINE ( 'NONE', #3956, #4214 ) ;
#4821 = LINE ( 'NONE', #3212, #2803 ) ;
#4822 = DIRECTION ( 'NONE',  ( -0.000000000000000000, -1.000000000000000000, -0.000000000000000000 ) ) ;
#4823 = COLOUR_RGB ( '',0.8980392156862745390, 0.9176470588235293713, 0.9294117647058823817 ) ;
#4824 = PLANE ( 'NONE',  #2346 ) ;
#4825 = AXIS2_PLACEMENT_3D ( 'NONE', #1158, #366, #2376 ) ;
#4826 = FACE_OUTER_BOUND ( 'NONE', #2002, .T. ) ;
#4827 = SURFACE_STYLE_FILL_AREA ( #1528 ) ;
#4828 = EDGE_CURVE ( 'NONE', #5114, #2553, #1646, .T. ) ;
#4829 =( NAMED_UNIT ( * ) PLANE_ANGLE_UNIT ( ) SI_UNIT ( $, .RADIAN. ) );
#4830 = DIRECTION ( 'NONE',  ( -0.000000000000000000, -1.000000000000000000, -0.000000000000000000 ) ) ;
#4831 = ORIENTED_EDGE ( 'NONE', *, *, #4911, .F. ) ;
#4832 = ORIENTED_EDGE ( 'NONE', *, *, #485, .F. ) ;
#4833 = COLOUR_RGB ( '',0.8980392156862745390, 0.9176470588235293713, 0.9294117647058823817 ) ;
#4834 = MECHANICAL_DESIGN_GEOMETRIC_PRESENTATION_REPRESENTATION (  '', ( #1837 ), #5258 ) ;
#4835 = CARTESIAN_POINT ( 'NONE',  ( -5.412132034355706445, 0.000000000000000000, 6.472792206134601045 ) ) ;
#4836 = EDGE_CURVE ( 'NONE', #3504, #3245, #1368, .T. ) ;
#4837 = CARTESIAN_POINT ( 'NONE',  ( -7.900000000000170886, 0.000000000000000000, 5.199999999999975309 ) ) ;
#4838 = ORIENTED_EDGE ( 'NONE', *, *, #2481, .T. ) ;
#4839 = CARTESIAN_POINT ( 'NONE',  ( -3.399999999999750333, 0.000000000000000000, 8.499999999998834710 ) ) ;
#4840 = LINE ( 'NONE', #4478, #3331 ) ;
#4841 = ORIENTED_EDGE ( 'NONE', *, *, #2231, .T. ) ;
#4842 = EDGE_LOOP ( 'NONE', ( #1691, #2904, #2477, #2230 ) ) ;
#4843 = SURFACE_STYLE_FILL_AREA ( #3255 ) ;
#4844 =( GEOMETRIC_REPRESENTATION_CONTEXT ( 3 ) GLOBAL_UNCERTAINTY_ASSIGNED_CONTEXT ( ( #1266 ) ) GLOBAL_UNIT_ASSIGNED_CONTEXT ( ( #3000, #2146, #2555 ) ) REPRESENTATION_CONTEXT ( 'NONE', 'WORKASPACE' ) );
#4845 = CARTESIAN_POINT ( 'NONE',  ( 3.400000000000222400, 60.00000000000000000, 9.399999999998451372 ) ) ;
#4846 = AXIS2_PLACEMENT_3D ( 'NONE', #4005, #389, #5247 ) ;
#4847 = DIRECTION ( 'NONE',  ( 0.000000000000000000, 0.000000000000000000, -1.000000000000000000 ) ) ;
#4848 = SURFACE_STYLE_USAGE ( .BOTH. , #768 ) ;
#4849 = ADVANCED_FACE ( 'NONE', ( #2126 ), #4544, .T. ) ;
#4850 = PRESENTATION_LAYER_ASSIGNMENT (  '', '', ( #1094 ) ) ;
#4851 =( LENGTH_UNIT ( ) NAMED_UNIT ( * ) SI_UNIT ( .MILLI., .METRE. ) );
#4852 =( NAMED_UNIT ( * ) SI_UNIT ( $, .STERADIAN. ) SOLID_ANGLE_UNIT ( ) );
#4853 = VERTEX_POINT ( 'NONE', #3464 ) ;
#4854 = LINE ( 'NONE', #4444, #1031 ) ;
#4855 = UNCERTAINTY_MEASURE_WITH_UNIT (LENGTH_MEASURE( 1.000000000000000082E-05 ), #2057, 'distance_accuracy_value', 'NONE');
#4856 = EDGE_CURVE ( 'NONE', #2702, #139, #1442, .T. ) ;
#4857 = VECTOR ( 'NONE', #4656, 1000.000000000000000 ) ;
#4858 = ORIENTED_EDGE ( 'NONE', *, *, #2728, .F. ) ;
#4859 = DIRECTION ( 'NONE',  ( 0.000000000000000000, 0.000000000000000000, 1.000000000000000000 ) ) ;
#4860 = FACE_OUTER_BOUND ( 'NONE', #1590, .T. ) ;
#4861 = ORIENTED_EDGE ( 'NONE', *, *, #2767, .F. ) ;
#4862 = DIRECTION ( 'NONE',  ( 0.000000000000000000, 0.000000000000000000, -1.000000000000000000 ) ) ;
#4863 = FILL_AREA_STYLE ('',( #4093 ) ) ;
#4864 =( GEOMETRIC_REPRESENTATION_CONTEXT ( 3 ) GLOBAL_UNCERTAINTY_ASSIGNED_CONTEXT ( ( #251 ) ) GLOBAL_UNIT_ASSIGNED_CONTEXT ( ( #4350, #1866, #3922 ) ) REPRESENTATION_CONTEXT ( 'NONE', 'WORKASPACE' ) );
#4865 = ORIENTED_EDGE ( 'NONE', *, *, #2556, .F. ) ;
#4866 = ORIENTED_EDGE ( 'NONE', *, *, #1713, .T. ) ;
#4867 = CIRCLE ( 'NONE', #2554, 0.3000000000000120348 ) ;
#4868 = CARTESIAN_POINT ( 'NONE',  ( -3.399999999999722800, 60.00000000000000000, 9.399999999998840394 ) ) ;
#4869 = PRESENTATION_LAYER_ASSIGNMENT (  '', '', ( #4188 ) ) ;
#4870 =( NAMED_UNIT ( * ) PLANE_ANGLE_UNIT ( ) SI_UNIT ( $, .RADIAN. ) );
#4871 = PRESENTATION_STYLE_ASSIGNMENT (( #1705 ) ) ;
#4872 = CARTESIAN_POINT ( 'NONE',  ( -8.500000000000159872, 60.00000000000000000, 3.399999999999236966 ) ) ;
#4873 = FILL_AREA_STYLE ('',( #2836 ) ) ;
#4874 = DIRECTION ( 'NONE',  ( 0.000000000000000000, 1.000000000000000000, -0.000000000000000000 ) ) ;
#4875 = SURFACE_SIDE_STYLE ('',( #3240 ) ) ;
#4876 = EDGE_LOOP ( 'NONE', ( #3362, #3840, #1896, #3753 ) ) ;
#4877 = ORIENTED_EDGE ( 'NONE', *, *, #2887, .F. ) ;
#4878 = STYLED_ITEM ( 'NONE', ( #1792 ), #3983 ) ;
#4879 = DIRECTION ( 'NONE',  ( -0.000000000000000000, -1.000000000000000000, -0.000000000000000000 ) ) ;
#4880 = LINE ( 'NONE', #1236, #3625 ) ;
#4881 = CARTESIAN_POINT ( 'NONE',  ( -7.899999999999921307, 60.00000000000000000, -5.200000000000017053 ) ) ;
#4882 = SURFACE_SIDE_STYLE ('',( #804 ) ) ;
#4883 = EDGE_CURVE ( 'NONE', #2052, #1133, #1228, .T. ) ;
#4884 = VECTOR ( 'NONE', #3232, 1000.000000000000000 ) ;
#4885 = SURFACE_SIDE_STYLE ('',( #3632 ) ) ;
#4886 = EDGE_LOOP ( 'NONE', ( #2546, #357, #3487, #4566 ) ) ;
#4887 = ORIENTED_EDGE ( 'NONE', *, *, #3743, .F. ) ;
#4888 = EDGE_CURVE ( 'NONE', #1099, #4443, #541, .T. ) ;
#4889 = AXIS2_PLACEMENT_3D ( 'NONE', #3543, #2743, #4368 ) ;
#4890 = DIRECTION ( 'NONE',  ( 0.000000000000000000, 1.000000000000000000, 0.000000000000000000 ) ) ;
#4891 = UNCERTAINTY_MEASURE_WITH_UNIT (LENGTH_MEASURE( 1.000000000000000082E-05 ), #2600, 'distance_accuracy_value', 'NONE');
#4892 = PRESENTATION_STYLE_ASSIGNMENT (( #4848 ) ) ;
#4893 = LINE ( 'NONE', #2097, #3955 ) ;
#4894 = DIRECTION ( 'NONE',  ( -0.000000000000000000, -1.000000000000000000, 0.000000000000000000 ) ) ;
#4895 = AXIS2_PLACEMENT_3D ( 'NONE', #3236, #1156, #2835 ) ;
#4896 =( NAMED_UNIT ( * ) PLANE_ANGLE_UNIT ( ) SI_UNIT ( $, .RADIAN. ) );
#4897 = DIRECTION ( 'NONE',  ( 0.000000000000000000, 1.000000000000000000, 0.000000000000000000 ) ) ;
#4898 = CARTESIAN_POINT ( 'NONE',  ( 5.900000000000085620, 0.000000000000000000, -2.010912703474081020 ) ) ;
#4899 = ORIENTED_EDGE ( 'NONE', *, *, #395, .F. ) ;
#4900 = CIRCLE ( 'NONE', #288, 0.2999999999999990452 ) ;
#4901 = VECTOR ( 'NONE', #3948, 1000.000000000000000 ) ;
#4902 = MECHANICAL_DESIGN_GEOMETRIC_PRESENTATION_REPRESENTATION (  '', ( #4751 ), #985 ) ;
#4903 = ORIENTED_EDGE ( 'NONE', *, *, #666, .F. ) ;
#4904 = VECTOR ( 'NONE', #340, 1000.000000000000000 ) ;
#4905 =( LENGTH_UNIT ( ) NAMED_UNIT ( * ) SI_UNIT ( .MILLI., .METRE. ) );
#4906 = PRESENTATION_LAYER_ASSIGNMENT (  '', '', ( #3885 ) ) ;
#4907 = ORIENTED_EDGE ( 'NONE', *, *, #3672, .T. ) ;
#4908 = LINE ( 'NONE', #5263, #940 ) ;
#4909 = PRESENTATION_LAYER_ASSIGNMENT (  '', '', ( #3552 ) ) ;
#4910 = ORIENTED_EDGE ( 'NONE', *, *, #644, .F. ) ;
#4911 = EDGE_CURVE ( 'NONE', #2139, #264, #4125, .T. ) ;
#4912 = UNCERTAINTY_MEASURE_WITH_UNIT (LENGTH_MEASURE( 1.000000000000000082E-05 ), #3854, 'distance_accuracy_value', 'NONE');
#4913 = ORIENTED_EDGE ( 'NONE', *, *, #3899, .T. ) ;
#4914 = ORIENTED_EDGE ( 'NONE', *, *, #1356, .T. ) ;
#4915 = PRESENTATION_LAYER_ASSIGNMENT (  '', '', ( #1925 ) ) ;
#4916 = ADVANCED_FACE ( 'NONE', ( #2211 ), #4250, .F. ) ;
#4917 = SURFACE_STYLE_FILL_AREA ( #5035 ) ;
#4918 = FACE_OUTER_BOUND ( 'NONE', #727, .T. ) ;
#4919 = VECTOR ( 'NONE', #581, 1000.000000000000000 ) ;
#4920 = CARTESIAN_POINT ( 'NONE',  ( 3.100000000000223910, 60.00000000000000000, 8.499999999998452793 ) ) ;
#4921 = CARTESIAN_POINT ( 'NONE',  ( 3.400000000000055866, 0.000000000000000000, -8.200000000000036593 ) ) ;
#4922 = DIRECTION ( 'NONE',  ( 0.000000000000000000, 0.000000000000000000, -1.000000000000000000 ) ) ;
#4923 = CARTESIAN_POINT ( 'NONE',  ( 6.472792206135849824, 60.00000000000000000, -5.412132034356045729 ) ) ;
#4924 = CARTESIAN_POINT ( 'NONE',  ( -5.899999999999891109, 60.00000000000000000, 2.010912703473977103 ) ) ;
#4925 = CARTESIAN_POINT ( 'NONE',  ( 5.412132034356015531, 0.000000000000000000, -6.472792206135858706 ) ) ;
#4926 = ORIENTED_EDGE ( 'NONE', *, *, #4628, .T. ) ;
#4927 = AXIS2_PLACEMENT_3D ( 'NONE', #3066, #1524, #4361 ) ;
#4928 = FILL_AREA_STYLE_COLOUR ( '', #1835 ) ;
#4929 = ORIENTED_EDGE ( 'NONE', *, *, #1102, .F. ) ;
#4930 =( NAMED_UNIT ( * ) SI_UNIT ( $, .STERADIAN. ) SOLID_ANGLE_UNIT ( ) );
#4931 =( NAMED_UNIT ( * ) PLANE_ANGLE_UNIT ( ) SI_UNIT ( $, .RADIAN. ) );
#4932 = PRESENTATION_STYLE_ASSIGNMENT (( #1718 ) ) ;
#4933 = ORIENTED_EDGE ( 'NONE', *, *, #2961, .T. ) ;
#4934 = FACE_OUTER_BOUND ( 'NONE', #2482, .T. ) ;
#4935 = ORIENTED_EDGE ( 'NONE', *, *, #590, .F. ) ;
#4936 = DIRECTION ( 'NONE',  ( 1.000000000000000000, 0.000000000000000000, 0.000000000000000000 ) ) ;
#4937 = EDGE_LOOP ( 'NONE', ( #4026, #2008, #4050, #2772 ) ) ;
#4938 = ORIENTED_EDGE ( 'NONE', *, *, #2472, .F. ) ;
#4939 = CARTESIAN_POINT ( 'NONE',  ( 9.100000000000038725, 60.00000000000000000, -3.100000000000075140 ) ) ;
#4940 = EDGE_CURVE ( 'NONE', #4741, #5077, #3025, .T. ) ;
#4941 = FILL_AREA_STYLE ('',( #1336 ) ) ;
#4942 = VECTOR ( 'NONE', #110, 1000.000000000000000 ) ;
#4943 =( NAMED_UNIT ( * ) PLANE_ANGLE_UNIT ( ) SI_UNIT ( $, .RADIAN. ) );
#4944 = CARTESIAN_POINT ( 'NONE',  ( -3.099999999999727862, 60.00000000000000000, 8.499999999998827604 ) ) ;
#4945 =( NAMED_UNIT ( * ) SI_UNIT ( $, .STERADIAN. ) SOLID_ANGLE_UNIT ( ) );
#4946 = ADVANCED_FACE ( 'NONE', ( #5054 ), #3360, .F. ) ;
#4947 = LINE ( 'NONE', #3258, #3602 ) ;
#4948 = LINE ( 'NONE', #9, #5078 ) ;
#4949 =( NAMED_UNIT ( * ) PLANE_ANGLE_UNIT ( ) SI_UNIT ( $, .RADIAN. ) );
#4950 = LINE ( 'NONE', #11, #1751 ) ;
#4951 = CARTESIAN_POINT ( 'NONE',  ( 8.500000000000049738, 0.000000000000000000, 3.099999999999922373 ) ) ;
#4952 = CARTESIAN_POINT ( 'NONE',  ( 3.900000000000081180, 60.00000000000000000, 2.010912703473929142 ) ) ;
#4953 = ORIENTED_EDGE ( 'NONE', *, *, #1602, .F. ) ;
#4954 = CYLINDRICAL_SURFACE ( 'NONE', #735, 2.500000000000012879 ) ;
#4955 = EDGE_CURVE ( 'NONE', #3321, #1492, #4567, .T. ) ;
#4956 = UNCERTAINTY_MEASURE_WITH_UNIT (LENGTH_MEASURE( 1.000000000000000082E-05 ), #4851, 'distance_accuracy_value', 'NONE');
#4957 = VERTEX_POINT ( 'NONE', #1331 ) ;
#4958 = DIRECTION ( 'NONE',  ( -0.000000000000000000, -1.000000000000000000, -0.000000000000000000 ) ) ;
#4959 = CARTESIAN_POINT ( 'NONE',  ( 8.500000000000271783, 0.000000000000000000, 9.999999999998454570 ) ) ;
#4960 = ORIENTED_EDGE ( 'NONE', *, *, #3652, .F. ) ;
#4961 = CARTESIAN_POINT ( 'NONE',  ( -3.399999999999972378, 0.000000000000000000, -9.700000000000027711 ) ) ;
#4962 =( LENGTH_UNIT ( ) NAMED_UNIT ( * ) SI_UNIT ( .MILLI., .METRE. ) );
#4963 =( GEOMETRIC_REPRESENTATION_CONTEXT ( 3 ) GLOBAL_UNCERTAINTY_ASSIGNED_CONTEXT ( ( #4151 ) ) GLOBAL_UNIT_ASSIGNED_CONTEXT ( ( #2203, #1385, #5086 ) ) REPRESENTATION_CONTEXT ( 'NONE', 'WORKASPACE' ) );
#4964 = ORIENTED_EDGE ( 'NONE', *, *, #246, .T. ) ;
#4965 = COLOUR_RGB ( '',0.8980392156862745390, 0.9176470588235293713, 0.9294117647058823817 ) ;
#4966 = CARTESIAN_POINT ( 'NONE',  ( -9.699999999999779021, 0.000000000000000000, 3.999999999999240163 ) ) ;
#4967 = ORIENTED_EDGE ( 'NONE', *, *, #2701, .T. ) ;
#4968 = ORIENTED_EDGE ( 'NONE', *, *, #3053, .T. ) ;
#4969 = SURFACE_SIDE_STYLE ('',( #4622 ) ) ;
#4970 = SURFACE_STYLE_FILL_AREA ( #2147 ) ;
#4971 = COLOUR_RGB ( '',0.8980392156862745390, 0.9176470588235293713, 0.9294117647058823817 ) ;
#4972 = SURFACE_SIDE_STYLE ('',( #1363 ) ) ;
#4973 = PLANE ( 'NONE',  #479 ) ;
#4974 = FILL_AREA_STYLE ('',( #2502 ) ) ;
#4975 = MECHANICAL_DESIGN_GEOMETRIC_PRESENTATION_REPRESENTATION (  '', ( #1055 ), #1300 ) ;
#4976 = DIRECTION ( 'NONE',  ( 1.000000000000000000, 0.000000000000000000, -0.000000000000000000 ) ) ;
#4977 = DIRECTION ( 'NONE',  ( 0.000000000000000000, 1.000000000000000000, 0.000000000000000000 ) ) ;
#4978 = CYLINDRICAL_SURFACE ( 'NONE', #1007, 0.2999999999999912736 ) ;
#4979 = EDGE_CURVE ( 'NONE', #5053, #2870, #1755, .T. ) ;
#4980 = DIRECTION ( 'NONE',  ( -1.000000000000000000, 0.000000000000000000, -0.000000000000000000 ) ) ;
#4981 = DIRECTION ( 'NONE',  ( -0.000000000000000000, -1.000000000000000000, -0.000000000000000000 ) ) ;
#4982 = SURFACE_STYLE_FILL_AREA ( #1653 ) ;
#4983 = ORIENTED_EDGE ( 'NONE', *, *, #523, .T. ) ;
#4984 = VECTOR ( 'NONE', #1443, 1000.000000000000000 ) ;
#4985 = SURFACE_STYLE_USAGE ( .BOTH. , #3807 ) ;
#4986 = DIRECTION ( 'NONE',  ( -0.7071067811865469066, 0.000000000000000000, 0.7071067811865482389 ) ) ;
#4987 = VERTEX_POINT ( 'NONE', #1723 ) ;
#4988 = EDGE_CURVE ( 'NONE', #2033, #1685, #2855, .T. ) ;
#4989 = DIRECTION ( 'NONE',  ( 0.000000000000000000, 0.000000000000000000, -1.000000000000000000 ) ) ;
#4990 = DIRECTION ( 'NONE',  ( 0.000000000000000000, 0.000000000000000000, -1.000000000000000000 ) ) ;
#4991 = DIRECTION ( 'NONE',  ( 0.000000000000000000, 0.000000000000000000, 1.000000000000000000 ) ) ;
#4992 = ORIENTED_EDGE ( 'NONE', *, *, #3865, .F. ) ;
#4993 = MECHANICAL_DESIGN_GEOMETRIC_PRESENTATION_REPRESENTATION (  '', ( #1142 ), #537 ) ;
#4994 = AXIS2_PLACEMENT_3D ( 'NONE', #3781, #4989, #161 ) ;
#4995 = CARTESIAN_POINT ( 'NONE',  ( -8.499999999999966249, 0.000000000000000000, -10.00000000000000178 ) ) ;
#4996 = VERTEX_POINT ( 'NONE', #148 ) ;
#4997 = VECTOR ( 'NONE', #4991, 1000.000000000000000 ) ;
#4998 = AXIS2_PLACEMENT_3D ( 'NONE', #445, #1681, #4163 ) ;
#4999 = DIRECTION ( 'NONE',  ( 0.000000000000000000, 0.000000000000000000, 1.000000000000000000 ) ) ;
#5000 =( LENGTH_UNIT ( ) NAMED_UNIT ( * ) SI_UNIT ( .MILLI., .METRE. ) );
#5001 = VERTEX_POINT ( 'NONE', #2575 ) ;
#5002 = ORIENTED_EDGE ( 'NONE', *, *, #2857, .T. ) ;
#5003 = AXIS2_PLACEMENT_3D ( 'NONE', #618, #2241, #4662 ) ;
#5004 = STYLED_ITEM ( 'NONE', ( #4780 ), #5124 ) ;
#5005 = PRESENTATION_STYLE_ASSIGNMENT (( #36 ) ) ;
#5006 = STYLED_ITEM ( 'NONE', ( #4016 ), #4424 ) ;
#5007 = LINE ( 'NONE', #4216, #1867 ) ;
#5008 = FILL_AREA_STYLE ('',( #1732 ) ) ;
#5009 = LINE ( 'NONE', #2559, #3852 ) ;
#5010 = CARTESIAN_POINT ( 'NONE',  ( 4.000000000000211386, 60.00000000000000000, 9.699999999998459188 ) ) ;
#5011 = VECTOR ( 'NONE', #5013, 1000.000000000000000 ) ;
#5012 = CARTESIAN_POINT ( 'NONE',  ( -5.412132034355706445, 60.00000000000000000, 6.472792206134601045 ) ) ;
#5013 = DIRECTION ( 'NONE',  ( -0.000000000000000000, -1.000000000000000000, -0.000000000000000000 ) ) ;
#5014 = AXIS2_PLACEMENT_3D ( 'NONE', #1217, #5217, #4816 ) ;
#5015 = ORIENTED_EDGE ( 'NONE', *, *, #3130, .T. ) ;
#5016 = SURFACE_STYLE_FILL_AREA ( #5043 ) ;
#5017 = ADVANCED_FACE ( 'NONE', ( #3447 ), #2509, .T. ) ;
#5018 = CYLINDRICAL_SURFACE ( 'NONE', #4022, 0.2999999999999981570 ) ;
#5019 = FILL_AREA_STYLE ('',( #1285 ) ) ;
#5020 = ORIENTED_EDGE ( 'NONE', *, *, #2626, .T. ) ;
#5021 = AXIS2_PLACEMENT_3D ( 'NONE', #4197, #3406, #2539 ) ;
#5022 = PRESENTATION_STYLE_ASSIGNMENT (( #2106 ) ) ;
#5023 = DIRECTION ( 'NONE',  ( -1.000000000000000000, 0.000000000000000000, -0.000000000000000000 ) ) ;
#5024 = ORIENTED_EDGE ( 'NONE', *, *, #4667, .T. ) ;
#5025 =( NAMED_UNIT ( * ) PLANE_ANGLE_UNIT ( ) SI_UNIT ( $, .RADIAN. ) );
#5026 = CARTESIAN_POINT ( 'NONE',  ( -3.399999999999972378, 60.00000000000000000, -9.700000000000027711 ) ) ;
#5027 = AXIS2_PLACEMENT_3D ( 'NONE', #186, #3495, #2271 ) ;
#5028 = EDGE_CURVE ( 'NONE', #4122, #3765, #805, .T. ) ;
#5029 = ORIENTED_EDGE ( 'NONE', *, *, #1934, .T. ) ;
#5030 = FILL_AREA_STYLE_COLOUR ( '', #1325 ) ;
#5031 = ORIENTED_EDGE ( 'NONE', *, *, #1934, .F. ) ;
#5032 = ORIENTED_EDGE ( 'NONE', *, *, #3604, .T. ) ;
#5033 = DIRECTION ( 'NONE',  ( -0.000000000000000000, -1.000000000000000000, -0.000000000000000000 ) ) ;
#5034 = FILL_AREA_STYLE ('',( #3001 ) ) ;
#5035 = FILL_AREA_STYLE ('',( #3367 ) ) ;
#5036 = FILL_AREA_STYLE ('',( #2614 ) ) ;
#5037 = LINE ( 'NONE', #1273, #317 ) ;
#5038 = SURFACE_STYLE_USAGE ( .BOTH. , #582 ) ;
#5039 = CARTESIAN_POINT ( 'NONE',  ( 3.400000000000222400, 60.00000000000000000, 8.199999999998459188 ) ) ;
#5040 = DIRECTION ( 'NONE',  ( -0.000000000000000000, -1.000000000000000000, -0.000000000000000000 ) ) ;
#5041 = LINE ( 'NONE', #2476, #819 ) ;
#5042 = ORIENTED_EDGE ( 'NONE', *, *, #2392, .F. ) ;
#5043 = FILL_AREA_STYLE ('',( #3016 ) ) ;
#5044 = ADVANCED_FACE ( 'NONE', ( #103 ), #3294, .F. ) ;
#5045 = AXIS2_PLACEMENT_3D ( 'NONE', #1305, #66, #521 ) ;
#5046 = DIRECTION ( 'NONE',  ( 0.000000000000000000, 0.000000000000000000, 1.000000000000000000 ) ) ;
#5047 =( NAMED_UNIT ( * ) PLANE_ANGLE_UNIT ( ) SI_UNIT ( $, .RADIAN. ) );
#5048 = ORIENTED_EDGE ( 'NONE', *, *, #1880, .F. ) ;
#5049 = STYLED_ITEM ( 'NONE', ( #4021 ), #1692 ) ;
#5050 = DIRECTION ( 'NONE',  ( 0.000000000000000000, 0.000000000000000000, 1.000000000000000000 ) ) ;
#5051 = LINE ( 'NONE', #4257, #4379 ) ;
#5052 = ORIENTED_EDGE ( 'NONE', *, *, #4911, .T. ) ;
#5053 = VERTEX_POINT ( 'NONE', #4549 ) ;
#5054 = FACE_OUTER_BOUND ( 'NONE', #463, .T. ) ;
#5055 = EDGE_CURVE ( 'NONE', #4546, #2549, #2077, .T. ) ;
#5056 = FILL_AREA_STYLE_COLOUR ( '', #199 ) ;
#5057 = VERTEX_POINT ( 'NONE', #1321 ) ;
#5058 = EDGE_LOOP ( 'NONE', ( #2028, #4910, #33, #3405 ) ) ;
#5059 =( LENGTH_UNIT ( ) NAMED_UNIT ( * ) SI_UNIT ( .MILLI., .METRE. ) );
#5060 = COLOUR_RGB ( '',0.8980392156862745390, 0.9176470588235293713, 0.9294117647058823817 ) ;
#5061 = AXIS2_PLACEMENT_3D ( 'NONE', #1961, #4376, #5287 ) ;
#5062 = DIRECTION ( 'NONE',  ( 0.000000000000000000, 0.000000000000000000, -1.000000000000000000 ) ) ;
#5063 = EDGE_CURVE ( 'NONE', #5001, #3605, #2962, .T. ) ;
#5064 = SURFACE_STYLE_USAGE ( .BOTH. , #4972 ) ;
#5065 = DIRECTION ( 'NONE',  ( 0.000000000000000000, 0.000000000000000000, -1.000000000000000000 ) ) ;
#5066 = AXIS2_PLACEMENT_3D ( 'NONE', #1250, #2446, #3642 ) ;
#5067 = FILL_AREA_STYLE_COLOUR ( '', #3556 ) ;
#5068 = DIRECTION ( 'NONE',  ( 0.000000000000000000, 0.000000000000000000, -1.000000000000000000 ) ) ;
#5069 = EDGE_CURVE ( 'NONE', #264, #2997, #548, .T. ) ;
#5070 = DIRECTION ( 'NONE',  ( 0.000000000000000000, 0.000000000000000000, -1.000000000000000000 ) ) ;
#5071 =( NAMED_UNIT ( * ) PLANE_ANGLE_UNIT ( ) SI_UNIT ( $, .RADIAN. ) );
#5072 = DIRECTION ( 'NONE',  ( -0.000000000000000000, -1.000000000000000000, -0.000000000000000000 ) ) ;
#5073 =( GEOMETRIC_REPRESENTATION_CONTEXT ( 3 ) GLOBAL_UNCERTAINTY_ASSIGNED_CONTEXT ( ( #2594 ) ) GLOBAL_UNIT_ASSIGNED_CONTEXT ( ( #4411, #3897, #3233 ) ) REPRESENTATION_CONTEXT ( 'NONE', 'WORKASPACE' ) );
#5074 = DIRECTION ( 'NONE',  ( -0.000000000000000000, -1.000000000000000000, -0.000000000000000000 ) ) ;
#5075 = PRESENTATION_LAYER_ASSIGNMENT (  '', '', ( #2579 ) ) ;
#5076 = DIRECTION ( 'NONE',  ( -0.000000000000000000, -1.000000000000000000, -0.000000000000000000 ) ) ;
#5077 = VERTEX_POINT ( 'NONE', #920 ) ;
#5078 = VECTOR ( 'NONE', #442, 1000.000000000000000 ) ;
#5079 = VECTOR ( 'NONE', #4981, 1000.000000000000000 ) ;
#5080 = ORIENTED_EDGE ( 'NONE', *, *, #4000, .F. ) ;
#5081 = STYLED_ITEM ( 'NONE', ( #4020 ), #1445 ) ;
#5082 = MECHANICAL_DESIGN_GEOMETRIC_PRESENTATION_REPRESENTATION (  '', ( #2411 ), #2771 ) ;
#5083 = ORIENTED_EDGE ( 'NONE', *, *, #3164, .F. ) ;
#5084 = VERTEX_POINT ( 'NONE', #4199 ) ;
#5085 = AXIS2_PLACEMENT_3D ( 'NONE', #4654, #1464, #2731 ) ;
#5086 =( NAMED_UNIT ( * ) SI_UNIT ( $, .STERADIAN. ) SOLID_ANGLE_UNIT ( ) );
#5087 = VECTOR ( 'NONE', #1613, 1000.000000000000000 ) ;
#5088 = ADVANCED_FACE ( 'NONE', ( #2542 ), #504, .T. ) ;
#5089 =( LENGTH_UNIT ( ) NAMED_UNIT ( * ) SI_UNIT ( .MILLI., .METRE. ) );
#5090 = COLOUR_RGB ( '',0.8980392156862745390, 0.9176470588235293713, 0.9294117647058823817 ) ;
#5091 = DIRECTION ( 'NONE',  ( -0.000000000000000000, -1.000000000000000000, -0.000000000000000000 ) ) ;
#5092 = EDGE_CURVE ( 'NONE', #2405, #5187, #4255, .T. ) ;
#5093 = FILL_AREA_STYLE ('',( #1812 ) ) ;
#5094 =( GEOMETRIC_REPRESENTATION_CONTEXT ( 3 ) GLOBAL_UNCERTAINTY_ASSIGNED_CONTEXT ( ( #979 ) ) GLOBAL_UNIT_ASSIGNED_CONTEXT ( ( #1559, #3297, #4403 ) ) REPRESENTATION_CONTEXT ( 'NONE', 'WORKASPACE' ) );
#5095 = PLANE ( 'NONE',  #3601 ) ;
#5096 = DIRECTION ( 'NONE',  ( 0.000000000000000000, 1.000000000000000000, 0.000000000000000000 ) ) ;
#5097 = DIRECTION ( 'NONE',  ( 0.000000000000000000, 0.000000000000000000, 1.000000000000000000 ) ) ;
#5098 = FILL_AREA_STYLE_COLOUR ( '', #4646 ) ;
#5099 =( GEOMETRIC_REPRESENTATION_CONTEXT ( 3 ) GLOBAL_UNCERTAINTY_ASSIGNED_CONTEXT ( ( #4782 ) ) GLOBAL_UNIT_ASSIGNED_CONTEXT ( ( #3373, #3289, #40 ) ) REPRESENTATION_CONTEXT ( 'NONE', 'WORKASPACE' ) );
#5100 = DIRECTION ( 'NONE',  ( 0.000000000000000000, 0.000000000000000000, 1.000000000000000000 ) ) ;
#5101 = ADVANCED_FACE ( 'NONE', ( #2625 ), #3539, .F. ) ;
#5102 = CARTESIAN_POINT ( 'NONE',  ( 5.412132034356129218, 0.000000000000000000, 6.472792206134489135 ) ) ;
#5103 = DIRECTION ( 'NONE',  ( 0.7071067811865482389, 0.000000000000000000, -0.7071067811865469066 ) ) ;
#5104 = DIRECTION ( 'NONE',  ( 0.000000000000000000, 0.000000000000000000, 1.000000000000000000 ) ) ;
#5105 = SURFACE_SIDE_STYLE ('',( #4670 ) ) ;
#5106 = SURFACE_STYLE_USAGE ( .BOTH. , #3474 ) ;
#5107 = LINE ( 'NONE', #3124, #2781 ) ;
#5108 = ORIENTED_EDGE ( 'NONE', *, *, #2605, .T. ) ;
#5109 = COLOUR_RGB ( '',0.8980392156862745390, 0.9176470588235293713, 0.9294117647058823817 ) ;
#5110 = VERTEX_POINT ( 'NONE', #4723 ) ;
#5111 = DIRECTION ( 'NONE',  ( 0.000000000000000000, 1.000000000000000000, -0.000000000000000000 ) ) ;
#5112 = VECTOR ( 'NONE', #993, 1000.000000000000000 ) ;
#5113 = VERTEX_POINT ( 'NONE', #3042 ) ;
#5114 = VERTEX_POINT ( 'NONE', #4668 ) ;
#5115 = CARTESIAN_POINT ( 'NONE',  ( -5.412132034355907173, 0.000000000000000000, -6.472792206135815185 ) ) ;
#5116 = LINE ( 'NONE', #213, #1138 ) ;
#5117 = COLOUR_RGB ( '',0.8980392156862745390, 0.9176470588235293713, 0.9294117647058823817 ) ;
#5118 =( NAMED_UNIT ( * ) SI_UNIT ( $, .STERADIAN. ) SOLID_ANGLE_UNIT ( ) );
#5119 = FILL_AREA_STYLE_COLOUR ( '', #4501 ) ;
#5120 =( GEOMETRIC_REPRESENTATION_CONTEXT ( 3 ) GLOBAL_UNCERTAINTY_ASSIGNED_CONTEXT ( ( #5279 ) ) GLOBAL_UNIT_ASSIGNED_CONTEXT ( ( #4774, #689, #2703 ) ) REPRESENTATION_CONTEXT ( 'NONE', 'WORKASPACE' ) );
#5121 = DIRECTION ( 'NONE',  ( 0.000000000000000000, 0.000000000000000000, -1.000000000000000000 ) ) ;
#5122 = PRESENTATION_LAYER_ASSIGNMENT (  '', '', ( #486 ) ) ;
#5123 = SURFACE_STYLE_FILL_AREA ( #586 ) ;
#5124 = ADVANCED_FACE ( 'NONE', ( #1501 ), #189, .F. ) ;
#5125 =( LENGTH_UNIT ( ) NAMED_UNIT ( * ) SI_UNIT ( .MILLI., .METRE. ) );
#5126 = CARTESIAN_POINT ( 'NONE',  ( 9.100000000000038725, 60.00000000000000000, -3.400000000000076739 ) ) ;
#5127 = CARTESIAN_POINT ( 'NONE',  ( -3.999999999999961808, 0.000000000000000000, -9.700000000000020606 ) ) ;
#5128 = DIRECTION ( 'NONE',  ( -0.000000000000000000, -1.000000000000000000, -0.000000000000000000 ) ) ;
#5129 = DIRECTION ( 'NONE',  ( 0.000000000000000000, 0.000000000000000000, -1.000000000000000000 ) ) ;
#5130 = PLANE ( 'NONE',  #714 ) ;
#5131 = EDGE_CURVE ( 'NONE', #4433, #627, #3855, .T. ) ;
#5132 = SURFACE_STYLE_FILL_AREA ( #2329 ) ;
#5133 = SURFACE_SIDE_STYLE ('',( #5183 ) ) ;
#5134 = ORIENTED_EDGE ( 'NONE', *, *, #1428, .T. ) ;
#5135 = DIRECTION ( 'NONE',  ( 0.000000000000000000, 0.000000000000000000, 1.000000000000000000 ) ) ;
#5136 = ORIENTED_EDGE ( 'NONE', *, *, #1190, .F. ) ;
#5137 = PRESENTATION_LAYER_ASSIGNMENT (  '', '', ( #2735 ) ) ;
#5138 = CARTESIAN_POINT ( 'NONE',  ( -3.399999999999944844, 0.000000000000000000, -8.200000000000020606 ) ) ;
#5139 = PRESENTATION_STYLE_ASSIGNMENT (( #1514 ) ) ;
#5140 = ORIENTED_EDGE ( 'NONE', *, *, #363, .F. ) ;
#5141 = DIRECTION ( 'NONE',  ( -0.000000000000000000, -1.000000000000000000, -0.000000000000000000 ) ) ;
#5142 = LINE ( 'NONE', #2236, #4901 ) ;
#5143 = SURFACE_SIDE_STYLE ('',( #1785 ) ) ;
#5144 = VERTEX_POINT ( 'NONE', #4700 ) ;
#5145 = CARTESIAN_POINT ( 'NONE',  ( -9.399999999999963052, 60.00000000000000000, -3.400000000000000355 ) ) ;
#5146 = DIRECTION ( 'NONE',  ( -0.000000000000000000, -1.000000000000000000, -0.000000000000000000 ) ) ;
#5147 = AXIS2_PLACEMENT_3D ( 'NONE', #3002, #4509, #90 ) ;
#5148 = CYLINDRICAL_SURFACE ( 'NONE', #13, 0.3000000000000190292 ) ;
#5149 = CIRCLE ( 'NONE', #2470, 0.2999999999999981570 ) ;
#5150 = CARTESIAN_POINT ( 'NONE',  ( 7.900000000000032330, 60.00000000000000000, 5.499999999999920064 ) ) ;
#5151 = CARTESIAN_POINT ( 'NONE',  ( 6.938893903907228378E-15, 60.00000000000000000, -6.938893903907228378E-15 ) ) ;
#5152 = ADVANCED_FACE ( 'NONE', ( #653 ), #2273, .F. ) ;
#5153 = DIRECTION ( 'NONE',  ( 0.000000000000000000, 0.000000000000000000, 1.000000000000000000 ) ) ;
#5154 = UNCERTAINTY_MEASURE_WITH_UNIT (LENGTH_MEASURE( 1.000000000000000082E-05 ), #3376, 'distance_accuracy_value', 'NONE');
#5155 = CARTESIAN_POINT ( 'NONE',  ( -8.499999999999911182, 60.00000000000000000, -3.400000000000007017 ) ) ;
#5156 =( NAMED_UNIT ( * ) SI_UNIT ( $, .STERADIAN. ) SOLID_ANGLE_UNIT ( ) );
#5157 =( NAMED_UNIT ( * ) PLANE_ANGLE_UNIT ( ) SI_UNIT ( $, .RADIAN. ) );
#5158 = ORIENTED_EDGE ( 'NONE', *, *, #214, .F. ) ;
#5159 = STYLED_ITEM ( 'NONE', ( #1113 ), #2080 ) ;
#5160 = EDGE_CURVE ( 'NONE', #4996, #952, #2959, .T. ) ;
#5161 = EDGE_LOOP ( 'NONE', ( #926, #5083, #4729, #946 ) ) ;
#5162 = MECHANICAL_DESIGN_GEOMETRIC_PRESENTATION_REPRESENTATION (  '', ( #2579 ), #1813 ) ;
#5163 = DIRECTION ( 'NONE',  ( 0.000000000000000000, 0.000000000000000000, -1.000000000000000000 ) ) ;
#5164 = CARTESIAN_POINT ( 'NONE',  ( 9.100000000000038725, 0.000000000000000000, 3.399999999999923972 ) ) ;
#5165 = VERTEX_POINT ( 'NONE', #5203 ) ;
#5166 = MECHANICAL_DESIGN_GEOMETRIC_PRESENTATION_REPRESENTATION (  '', ( #973 ), #4815 ) ;
#5167 = EDGE_CURVE ( 'NONE', #4704, #2665, #1496, .T. ) ;
#5168 = MECHANICAL_DESIGN_GEOMETRIC_PRESENTATION_REPRESENTATION (  '', ( #2678 ), #2845 ) ;
#5169 = SURFACE_STYLE_USAGE ( .BOTH. , #4300 ) ;
#5170 = VERTEX_POINT ( 'NONE', #2351 ) ;
#5171 = COLOUR_RGB ( '',0.8980392156862745390, 0.9176470588235293713, 0.9294117647058823817 ) ;
#5172 =( GEOMETRIC_REPRESENTATION_CONTEXT ( 3 ) GLOBAL_UNCERTAINTY_ASSIGNED_CONTEXT ( ( #2683 ) ) GLOBAL_UNIT_ASSIGNED_CONTEXT ( ( #2795, #800, #2427 ) ) REPRESENTATION_CONTEXT ( 'NONE', 'WORKASPACE' ) );
#5173 = UNCERTAINTY_MEASURE_WITH_UNIT (LENGTH_MEASURE( 1.000000000000000082E-05 ), #3339, 'distance_accuracy_value', 'NONE');
#5174 = LINE ( 'NONE', #4217, #1583 ) ;
#5175 = COLOUR_RGB ( '',0.8980392156862745390, 0.9176470588235293713, 0.9294117647058823817 ) ;
#5176 =( NAMED_UNIT ( * ) SI_UNIT ( $, .STERADIAN. ) SOLID_ANGLE_UNIT ( ) );
#5177 = CARTESIAN_POINT ( 'NONE',  ( -8.499999999999966249, 60.00000000000000000, -8.500000000000007105 ) ) ;
#5178 =( GEOMETRIC_REPRESENTATION_CONTEXT ( 3 ) GLOBAL_UNCERTAINTY_ASSIGNED_CONTEXT ( ( #2741 ) ) GLOBAL_UNIT_ASSIGNED_CONTEXT ( ( #1014, #4678, #4647 ) ) REPRESENTATION_CONTEXT ( 'NONE', 'WORKASPACE' ) );
#5179 = PLANE ( 'NONE',  #2226 ) ;
#5180 = LINE ( 'NONE', #593, #2944 ) ;
#5181 = CYLINDRICAL_SURFACE ( 'NONE', #889, 0.2999999999999981570 ) ;
#5182 = COLOUR_RGB ( '',0.8980392156862745390, 0.9176470588235293713, 0.9294117647058823817 ) ;
#5183 = SURFACE_STYLE_FILL_AREA ( #3475 ) ;
#5184 = VERTEX_POINT ( 'NONE', #1580 ) ;
#5185 = CARTESIAN_POINT ( 'NONE',  ( -3.899999999999889777, 60.00000000000000000, 2.010912703473977103 ) ) ;
#5186 = EDGE_CURVE ( 'NONE', #1241, #5084, #2864, .T. ) ;
#5187 = VERTEX_POINT ( 'NONE', #1998 ) ;
#5188 = CARTESIAN_POINT ( 'NONE',  ( -9.099999999999788258, 60.00000000000000000, 3.099999999999339284 ) ) ;
#5189 = CARTESIAN_POINT ( 'NONE',  ( -3.099999999999949907, 60.00000000000000000, -9.100000000000024514 ) ) ;
#5190 = VERTEX_POINT ( 'NONE', #1601 ) ;
#5191 = ADVANCED_FACE ( 'NONE', ( #1201 ), #4824, .F. ) ;
#5192 = EDGE_CURVE ( 'NONE', #1483, #3995, #392, .T. ) ;
#5193 = AXIS2_PLACEMENT_3D ( 'NONE', #1572, #817, #2856 ) ;
#5194 = LINE ( 'NONE', #379, #1965 ) ;
#5195 = CARTESIAN_POINT ( 'NONE',  ( 6.684924240491815439, 0.000000000000000000, 5.499999999999921840 ) ) ;
#5196 = VERTEX_POINT ( 'NONE', #5300 ) ;
#5197 = EDGE_CURVE ( 'NONE', #3078, #1936, #3261, .T. ) ;
#5198 = PRESENTATION_STYLE_ASSIGNMENT (( #762 ) ) ;
#5199 = CIRCLE ( 'NONE', #388, 2.000000000000031086 ) ;
#5200 =( GEOMETRIC_REPRESENTATION_CONTEXT ( 3 ) GLOBAL_UNCERTAINTY_ASSIGNED_CONTEXT ( ( #4107 ) ) GLOBAL_UNIT_ASSIGNED_CONTEXT ( ( #3084, #4304, #2268 ) ) REPRESENTATION_CONTEXT ( 'NONE', 'WORKASPACE' ) );
#5201 = CARTESIAN_POINT ( 'NONE',  ( 8.500000000000049738, 0.000000000000000000, -8.500000000000069278 ) ) ;
#5202 = CYLINDRICAL_SURFACE ( 'NONE', #1895, 0.2999999999999981570 ) ;
#5203 = CARTESIAN_POINT ( 'NONE',  ( 3.100000000000227462, 0.000000000000000000, 9.099999999998455991 ) ) ;
#5204 = CARTESIAN_POINT ( 'NONE',  ( 5.900000000000085620, 0.000000000000000000, 2.010912703473928698 ) ) ;
#5205 = DIRECTION ( 'NONE',  ( -0.000000000000000000, -1.000000000000000000, -0.000000000000000000 ) ) ;
#5206 = CARTESIAN_POINT ( 'NONE',  ( -6.472792206135627779, 60.00000000000000000, 5.412132034355941812 ) ) ;
#5207 = ORIENTED_EDGE ( 'NONE', *, *, #1145, .T. ) ;
#5208 = DIRECTION ( 'NONE',  ( 0.000000000000000000, 0.000000000000000000, 1.000000000000000000 ) ) ;
#5209 = VERTEX_POINT ( 'NONE', #3720 ) ;
#5210 = CARTESIAN_POINT ( 'NONE',  ( 3.400000000000055866, 60.00000000000000000, -8.200000000000047251 ) ) ;
#5211 = SURFACE_STYLE_USAGE ( .BOTH. , #3225 ) ;
#5212 = VERTEX_POINT ( 'NONE', #880 ) ;
#5213 = FACE_OUTER_BOUND ( 'NONE', #4773, .T. ) ;
#5214 = LINE ( 'NONE', #3107, #2488 ) ;
#5215 = EDGE_CURVE ( 'NONE', #1773, #3995, #4950, .T. ) ;
#5216 = ORIENTED_EDGE ( 'NONE', *, *, #1279, .F. ) ;
#5217 = DIRECTION ( 'NONE',  ( 1.000000000000000000, -0.000000000000000000, 0.000000000000000000 ) ) ;
#5218 = ADVANCED_FACE ( 'NONE', ( #1252 ), #3401, .F. ) ;
#5219 = CARTESIAN_POINT ( 'NONE',  ( -9.999999999999964473, 0.000000000000000000, -8.499999999999980460 ) ) ;
#5220 = DIRECTION ( 'NONE',  ( 0.000000000000000000, 0.000000000000000000, -1.000000000000000000 ) ) ;
#5221 = CARTESIAN_POINT ( 'NONE',  ( 7.900000000000032330, 60.00000000000000000, -5.200000000000079226 ) ) ;
#5222 = STYLED_ITEM ( 'NONE', ( #3159 ), #3880 ) ;
#5223 =( NAMED_UNIT ( * ) SI_UNIT ( $, .STERADIAN. ) SOLID_ANGLE_UNIT ( ) );
#5224 = FILL_AREA_STYLE ('',( #1474 ) ) ;
#5225 = EDGE_CURVE ( 'NONE', #2702, #5053, #4407, .T. ) ;
#5226 = PRESENTATION_STYLE_ASSIGNMENT (( #769 ) ) ;
#5227 = DIRECTION ( 'NONE',  ( -0.000000000000000000, -0.000000000000000000, 1.000000000000000000 ) ) ;
#5228 = SURFACE_STYLE_USAGE ( .BOTH. , #4036 ) ;
#5229 = SURFACE_STYLE_FILL_AREA ( #3594 ) ;
#5230 = ORIENTED_EDGE ( 'NONE', *, *, #4762, .F. ) ;
#5231 = UNCERTAINTY_MEASURE_WITH_UNIT (LENGTH_MEASURE( 1.000000000000000082E-05 ), #2009, 'distance_accuracy_value', 'NONE');
#5232 =( GEOMETRIC_REPRESENTATION_CONTEXT ( 3 ) GLOBAL_UNCERTAINTY_ASSIGNED_CONTEXT ( ( #1504 ) ) GLOBAL_UNIT_ASSIGNED_CONTEXT ( ( #2123, #471, #4575 ) ) REPRESENTATION_CONTEXT ( 'NONE', 'WORKASPACE' ) );
#5233 = ORIENTED_EDGE ( 'NONE', *, *, #1774, .T. ) ;
#5234 = CARTESIAN_POINT ( 'NONE',  ( 9.700000000000027711, 60.00000000000000000, -3.400000000000076739 ) ) ;
#5235 = FACE_OUTER_BOUND ( 'NONE', #2430, .T. ) ;
#5236 = VERTEX_POINT ( 'NONE', #2918 ) ;
#5237 = VECTOR ( 'NONE', #1128, 1000.000000000000000 ) ;
#5238 = DIRECTION ( 'NONE',  ( -0.000000000000000000, -1.000000000000000000, -0.000000000000000000 ) ) ;
#5239 = ORIENTED_EDGE ( 'NONE', *, *, #4747, .F. ) ;
#5240 = ORIENTED_EDGE ( 'NONE', *, *, #3583, .T. ) ;
#5241 = MECHANICAL_DESIGN_GEOMETRIC_PRESENTATION_REPRESENTATION (  '', ( #4736 ), #1139 ) ;
#5242 = CARTESIAN_POINT ( 'NONE',  ( -7.899999999999921307, 60.00000000000000000, -5.500000000000015099 ) ) ;
#5243 = EDGE_CURVE ( 'NONE', #3837, #1889, #34, .T. ) ;
#5244 = MECHANICAL_DESIGN_GEOMETRIC_PRESENTATION_REPRESENTATION (  '', ( #2243 ), #2942 ) ;
#5245 = DIRECTION ( 'NONE',  ( 0.000000000000000000, 1.000000000000000000, -0.000000000000000000 ) ) ;
#5246 = STYLED_ITEM ( 'NONE', ( #1978 ), #4431 ) ;
#5247 = DIRECTION ( 'NONE',  ( 0.000000000000000000, 0.000000000000000000, -1.000000000000000000 ) ) ;
#5248 = ADVANCED_FACE ( 'NONE', ( #70 ), #95, .F. ) ;
#5249 = CARTESIAN_POINT ( 'NONE',  ( 6.938893903907228378E-15, 60.00000000000000000, -2.500000000000019984 ) ) ;
#5250 = PRESENTATION_LAYER_ASSIGNMENT (  '', '', ( #2593 ) ) ;
#5251 = DIRECTION ( 'NONE',  ( 0.000000000000000000, 0.000000000000000000, -1.000000000000000000 ) ) ;
#5252 = CARTESIAN_POINT ( 'NONE',  ( 5.500000000000185629, 0.000000000000000000, 7.899999999998456701 ) ) ;
#5253 = SURFACE_STYLE_USAGE ( .BOTH. , #4875 ) ;
#5254 = ORIENTED_EDGE ( 'NONE', *, *, #5215, .T. ) ;
#5255 = PRESENTATION_LAYER_ASSIGNMENT (  '', '', ( #1402 ) ) ;
#5256 = EDGE_LOOP ( 'NONE', ( #232, #3558, #4877, #656 ) ) ;
#5257 = COLOUR_RGB ( '',0.8980392156862745390, 0.9176470588235293713, 0.9294117647058823817 ) ;
#5258 =( GEOMETRIC_REPRESENTATION_CONTEXT ( 3 ) GLOBAL_UNCERTAINTY_ASSIGNED_CONTEXT ( ( #922 ) ) GLOBAL_UNIT_ASSIGNED_CONTEXT ( ( #2135, #1352, #1373 ) ) REPRESENTATION_CONTEXT ( 'NONE', 'WORKASPACE' ) );
#5259 = FACE_OUTER_BOUND ( 'NONE', #3219, .T. ) ;
#5260 = DIRECTION ( 'NONE',  ( 0.000000000000000000, 0.000000000000000000, 1.000000000000000000 ) ) ;
#5261 = ORIENTED_EDGE ( 'NONE', *, *, #1993, .T. ) ;
#5262 = FILL_AREA_STYLE_COLOUR ( '', #975 ) ;
#5263 = CARTESIAN_POINT ( 'NONE',  ( 4.485786437626974710, 60.00000000000000000, -3.425126265847167950 ) ) ;
#5264 = SURFACE_STYLE_USAGE ( .BOTH. , #4885 ) ;
#5265 = VERTEX_POINT ( 'NONE', #3799 ) ;
#5266 = ORIENTED_EDGE ( 'NONE', *, *, #818, .T. ) ;
#5267 = STYLED_ITEM ( 'NONE', ( #3641 ), #3031 ) ;
#5268 = FILL_AREA_STYLE ('',( #3688 ) ) ;
#5269 = PLANE ( 'NONE',  #863 ) ;
#5270 = CARTESIAN_POINT ( 'NONE',  ( 3.100000000000227462, 60.00000000000000000, 9.099999999998455991 ) ) ;
#5271 = VECTOR ( 'NONE', #5091, 1000.000000000000000 ) ;
#5272 = SURFACE_STYLE_USAGE ( .BOTH. , #2426 ) ;
#5273 = EDGE_CURVE ( 'NONE', #1016, #3023, #3047, .T. ) ;
#5274 = LINE ( 'NONE', #3592, #1571 ) ;
#5275 = CARTESIAN_POINT ( 'NONE',  ( 7.900000000000032330, 60.00000000000000000, -5.500000000000074607 ) ) ;
#5276 = DIRECTION ( 'NONE',  ( 0.000000000000000000, 0.000000000000000000, 1.000000000000000000 ) ) ;
#5277 = ORIENTED_EDGE ( 'NONE', *, *, #1063, .T. ) ;
#5278 = CARTESIAN_POINT ( 'NONE',  ( -3.399999999999722800, 0.000000000000000000, 9.699999999998841105 ) ) ;
#5279 = UNCERTAINTY_MEASURE_WITH_UNIT (LENGTH_MEASURE( 1.000000000000000082E-05 ), #4774, 'distance_accuracy_value', 'NONE');
#5280 = ORIENTED_EDGE ( 'NONE', *, *, #2369, .F. ) ;
#5281 = ADVANCED_FACE ( 'NONE', ( #2046 ), #3692, .F. ) ;
#5282 = PLANE ( 'NONE',  #2697 ) ;
#5283 = SURFACE_SIDE_STYLE ('',( #328 ) ) ;
#5284 = ORIENTED_EDGE ( 'NONE', *, *, #2887, .T. ) ;
#5285 = CYLINDRICAL_SURFACE ( 'NONE', #3918, 0.2999999999999981570 ) ;
#5286 = AXIS2_PLACEMENT_3D ( 'NONE', #2279, #1884, #1427 ) ;
#5287 = DIRECTION ( 'NONE',  ( 0.000000000000000000, 0.000000000000000000, 1.000000000000000000 ) ) ;
#5288 = VERTEX_POINT ( 'NONE', #3060 ) ;
#5289 = STYLED_ITEM ( 'NONE', ( #27 ), #1488 ) ;
#5290 = EDGE_CURVE ( 'NONE', #4409, #2549, #2708, .T. ) ;
#5291 = ORIENTED_EDGE ( 'NONE', *, *, #3801, .F. ) ;
#5292 = LINE ( 'NONE', #3638, #3909 ) ;
#5293 = MECHANICAL_DESIGN_GEOMETRIC_PRESENTATION_REPRESENTATION (  '', ( #3243 ), #846 ) ;
#5294 =( GEOMETRIC_REPRESENTATION_CONTEXT ( 3 ) GLOBAL_UNCERTAINTY_ASSIGNED_CONTEXT ( ( #4425 ) ) GLOBAL_UNIT_ASSIGNED_CONTEXT ( ( #3917, #2003, #1206 ) ) REPRESENTATION_CONTEXT ( 'NONE', 'WORKASPACE' ) );
#5295 = CARTESIAN_POINT ( 'NONE',  ( -3.399999999999972378, 60.00000000000000000, -9.100000000000024514 ) ) ;
#5296 = CARTESIAN_POINT ( 'NONE',  ( -2.010912703473963337, 60.00000000000000000, -5.900000000000071410 ) ) ;
#5297 = SURFACE_STYLE_USAGE ( .BOTH. , #717 ) ;
#5298 = DIRECTION ( 'NONE',  ( -0.000000000000000000, -1.000000000000000000, -0.000000000000000000 ) ) ;
#5299 = DIRECTION ( 'NONE',  ( 1.000000000000000000, 0.000000000000000000, 0.000000000000000000 ) ) ;
#5300 = CARTESIAN_POINT ( 'NONE',  ( -6.684924240491704417, 60.00000000000000000, -5.500000000000018652 ) ) ;
#5301 = DIRECTION ( 'NONE',  ( -0.000000000000000000, -1.000000000000000000, -0.000000000000000000 ) ) ;
#5302 = DIRECTION ( 'NONE',  ( 0.000000000000000000, 0.000000000000000000, -1.000000000000000000 ) ) ;
#5303 = UNCERTAINTY_MEASURE_WITH_UNIT (LENGTH_MEASURE( 1.000000000000000082E-05 ), #966, 'distance_accuracy_value', 'NONE');
#5304 = DIRECTION ( 'NONE',  ( 1.000000000000000000, 0.000000000000000000, 0.000000000000000000 ) ) ;
#5305 = CARTESIAN_POINT ( 'NONE',  ( -3.099999999999946354, 0.000000000000000000, -8.500000000000028422 ) ) ;
#5306 = ORIENTED_EDGE ( 'NONE', *, *, #2421, .T. ) ;
#5307 = VECTOR ( 'NONE', #1863, 1000.000000000000000 ) ;
#5308 = EDGE_CURVE ( 'NONE', #4996, #4139, #5174, .T. ) ;
#5309 = ORIENTED_EDGE ( 'NONE', *, *, #824, .T. ) ;
#5310 =( NAMED_UNIT ( * ) SI_UNIT ( $, .STERADIAN. ) SOLID_ANGLE_UNIT ( ) );
#5311 =( NAMED_UNIT ( * ) PLANE_ANGLE_UNIT ( ) SI_UNIT ( $, .RADIAN. ) );
#5312 = ORIENTED_EDGE ( 'NONE', *, *, #2857, .F. ) ;
#5313 = FILL_AREA_STYLE ('',( #5262 ) ) ;
#5314 = SURFACE_STYLE_FILL_AREA ( #4863 ) ;
#5315 = AXIS2_PLACEMENT_3D ( 'NONE', #5151, #3118, #2350 ) ;
#5316 = EDGE_CURVE ( 'NONE', #4609, #4987, #2209, .T. ) ;
ENDSEC;
END-ISO-10303-21;
