ISO-10303-21;
HEADER;
FILE_DESCRIPTION (( 'STEP AP214' ),
    '1' );
FILE_NAME ('起垄.step',
    '2023-08-15T03:04:23',
    ( '' ),
    ( '' ),
    'SwSTEP 2.0',
    'SolidWorks 2022',
    '' );
FILE_SCHEMA (( 'AUTOMOTIVE_DESIGN' ));
ENDSEC;

DATA;
#1 = EDGE_CURVE ( 'NONE', #1336, #90, #230, .T. ) ;
#2 = DIRECTION ( 'NONE',  ( 1.000000000000000000, -2.775557561562870643E-16, -7.738111383691558850E-33 ) ) ;
#3 = DIRECTION ( 'NONE',  ( -1.982541115402065110E-16, 1.000000000000000000, -3.568574007723717001E-15 ) ) ;
#4 = CARTESIAN_POINT ( 'NONE',  ( 0.000000000000000000, -1.500000000000000000, 45.21778977472712313 ) ) ;
#5 = CARTESIAN_POINT ( 'NONE',  ( -29.99752482591074809, -70.93683439033362959, 55.92890522769346262 ) ) ;
#6 = DIRECTION ( 'NONE',  ( -1.000000000000000000, -0.000000000000000000, 0.000000000000000000 ) ) ;
#7 = DIRECTION ( 'NONE',  ( 0.000000000000000000, 0.000000000000000000, -1.000000000000000000 ) ) ;
#8 = CARTESIAN_POINT ( 'NONE',  ( -42.18149788606748984, -1.998855557878273403, -42.53504187758061761 ) ) ;
#9 = VERTEX_POINT ( 'NONE', #65 ) ;
#10 = ORIENTED_EDGE ( 'NONE', *, *, #1845, .F. ) ;
#11 = LINE ( 'NONE', #696, #1412 ) ;
#12 = LINE ( 'NONE', #1162, #1618 ) ;
#13 = VECTOR ( 'NONE', #231, 1000.000000000000000 ) ;
#14 = ADVANCED_FACE ( 'NONE', ( #749 ), #729, .T. ) ;
#15 = CARTESIAN_POINT ( 'NONE',  ( -30.42728217441132088, -70.95844268433607738, 55.70782002402386723 ) ) ;
#16 = CYLINDRICAL_SURFACE ( 'NONE', #2179, 4.999999999999997335 ) ;
#17 = CARTESIAN_POINT ( 'NONE',  ( 0.000000000000000000, -2.236600000000005473, 83.49999999999998579 ) ) ;
#18 = CARTESIAN_POINT ( 'NONE',  ( -42.21224033677745524, -1.629329905879044249, -44.75589942687072664 ) ) ;
#19 = CARTESIAN_POINT ( 'NONE',  ( -42.08999265394552225, -1.835612951659802761, -44.04511836387450785 ) ) ;
#20 = ORIENTED_EDGE ( 'NONE', *, *, #1621, .F. ) ;
#21 = CARTESIAN_POINT ( 'NONE',  ( -41.75615724431871456, -2.078515324270648446, -44.17027280928544286 ) ) ;
#22 = ORIENTED_EDGE ( 'NONE', *, *, #1485, .F. ) ;
#23 = CARTESIAN_POINT ( 'NONE',  ( -0.5208548550220948314, -71.50000000000000000, -83.28425485502255299 ) ) ;
#24 = LINE ( 'NONE', #1695, #925 ) ;
#25 = DIRECTION ( 'NONE',  ( -8.881784197001232602E-16, 8.919484920742196071E-15, -1.000000000000000000 ) ) ;
#26 = VECTOR ( 'NONE', #1574, 1000.000000000000000 ) ;
#27 = LINE ( 'NONE', #1062, #676 ) ;
#28 = CARTESIAN_POINT ( 'NONE',  ( 1.108537864677217522E-16, -1.500000000000000000, 82.01339999999999009 ) ) ;
#29 = FACE_OUTER_BOUND ( 'NONE', #930, .T. ) ;
#30 = EDGE_CURVE ( 'NONE', #56, #398, #1401, .T. ) ;
#31 = DIRECTION ( 'NONE',  ( -0.000000000000000000, 1.000000000000000000, 3.568574007723718578E-15 ) ) ;
#32 = EDGE_CURVE ( 'NONE', #51, #577, #1100, .T. ) ;
#33 = AXIS2_PLACEMENT_3D ( 'NONE', #2006, #490, #1003 ) ;
#34 = EDGE_LOOP ( 'NONE', ( #1244, #1777, #2178, #218 ) ) ;
#35 = CARTESIAN_POINT ( 'NONE',  ( -41.97722449906751052, -1.921447207895289333, -44.06096122104179358 ) ) ;
#36 = ORIENTED_EDGE ( 'NONE', *, *, #2029, .T. ) ;
#37 = VECTOR ( 'NONE', #1569, 1000.000000000000000 ) ;
#38 = DIRECTION ( 'NONE',  ( -0.6877976717823458541, -0.2320963708927386571, 0.6877976717823380826 ) ) ;
#39 = AXIS2_PLACEMENT_3D ( 'NONE', #1817, #793, #1149 ) ;
#40 = DIRECTION ( 'NONE',  ( 1.000000000000000000, -2.943801717310612657E-16, -0.000000000000000000 ) ) ;
#41 = VECTOR ( 'NONE', #2021, 999.9999999999998863 ) ;
#42 = CARTESIAN_POINT ( 'NONE',  ( -40.63072530997557408, -1.629329905879025153, -43.17438440006895206 ) ) ;
#43 = EDGE_CURVE ( 'NONE', #526, #1281, #408, .T. ) ;
#44 = CARTESIAN_POINT ( 'NONE',  ( -1.581515026801834756, -2.236599999999974386, 84.34491502680185704 ) ) ;
#45 = EDGE_CURVE ( 'NONE', #1804, #1416, #1577, .T. ) ;
#46 = VERTEX_POINT ( 'NONE', #52 ) ;
#47 = FACE_OUTER_BOUND ( 'NONE', #131, .T. ) ;
#48 = VERTEX_POINT ( 'NONE', #1245 ) ;
#49 = DIRECTION ( 'NONE',  ( 1.089066670279417143E-16, 0.000000000000000000, -1.000000000000000000 ) ) ;
#50 = LINE ( 'NONE', #914, #26 ) ;
#51 = VERTEX_POINT ( 'NONE', #1756 ) ;
#52 = CARTESIAN_POINT ( 'NONE',  ( -29.38146137699311566, -71.50000000000008527, 56.54496867661109860 ) ) ;
#53 = CARTESIAN_POINT ( 'NONE',  ( -0.5208548550221044904, -2.236599999999977495, -83.28425485502194192 ) ) ;
#54 = VECTOR ( 'NONE', #1567, 999.9999999999998863 ) ;
#55 = LINE ( 'NONE', #1055, #991 ) ;
#56 = VERTEX_POINT ( 'NONE', #236 ) ;
#57 = FACE_OUTER_BOUND ( 'NONE', #1875, .T. ) ;
#58 = ORIENTED_EDGE ( 'NONE', *, *, #262, .F. ) ;
#59 = CARTESIAN_POINT ( 'NONE',  ( -1.692476300652070886, 0.000000000000000000, -85.00000000000001421 ) ) ;
#60 = ADVANCED_FACE ( 'NONE', ( #1222 ), #922, .F. ) ;
#61 = EDGE_CURVE ( 'NONE', #1020, #320, #91, .T. ) ;
#62 = CYLINDRICAL_SURFACE ( 'NONE', #592, 0.7366000000001377002 ) ;
#63 = ORIENTED_EDGE ( 'NONE', *, *, #64, .F. ) ;
#64 = EDGE_CURVE ( 'NONE', #1005, #683, #643, .T. ) ;
#65 = CARTESIAN_POINT ( 'NONE',  ( 100.0000000000000284, -2.236599999999994814, -85.00000000000001421 ) ) ;
#66 = CARTESIAN_POINT ( 'NONE',  ( 0.8826227658228805728, 7.420902358816334754, -43.09979148120316950 ) ) ;
#67 = CARTESIAN_POINT ( 'NONE',  ( -98.38870440040518872, -2.837778155457197471, -43.43254660258060795 ) ) ;
#68 = DIRECTION ( 'NONE',  ( -0.1641169177470427065, 0.9726927956032265232, 0.1641169177470443441 ) ) ;
#69 = LINE ( 'NONE', #777, #1477 ) ;
#70 = VECTOR ( 'NONE', #560, 1000.000000000000000 ) ;
#71 = ORIENTED_EDGE ( 'NONE', *, *, #1427, .T. ) ;
#72 = EDGE_CURVE ( 'NONE', #1902, #1680, #975, .T. ) ;
#73 = VECTOR ( 'NONE', #1715, 1000.000000000000000 ) ;
#74 = ORIENTED_EDGE ( 'NONE', *, *, #1825, .T. ) ;
#75 = AXIS2_PLACEMENT_3D ( 'NONE', #2003, #297, #1495 ) ;
#76 = VECTOR ( 'NONE', #1844, 1000.000000000000000 ) ;
#77 = AXIS2_PLACEMENT_3D ( 'NONE', #1345, #845, #1662 ) ;
#78 = CARTESIAN_POINT ( 'NONE',  ( -29.48167657207398662, -70.76276211216408285, 56.44475348153022054 ) ) ;
#79 = DIRECTION ( 'NONE',  ( 0.07171802778845216830, -0.9837370081665888222, 0.1646755089671307903 ) ) ;
#80 = DIRECTION ( 'NONE',  ( -0.1641169177470440665, 0.9726927956032263012, 0.1641169177470450935 ) ) ;
#81 = ORIENTED_EDGE ( 'NONE', *, *, #1311, .F. ) ;
#82 = ORIENTED_EDGE ( 'NONE', *, *, #411, .F. ) ;
#83 = CARTESIAN_POINT ( 'NONE',  ( -42.02760031972093913, -2.023180042157328273, -42.55642717952209608 ) ) ;
#84 = ADVANCED_FACE ( 'NONE', ( #1792 ), #966, .T. ) ;
#85 = LINE ( 'NONE', #1786, #750 ) ;
#86 = EDGE_CURVE ( 'NONE', #1186, #1985, #958, .T. ) ;
#87 = PLANE ( 'NONE',  #535 ) ;
#88 = PLANE ( 'NONE',  #1126 ) ;
#89 = ORIENTED_EDGE ( 'NONE', *, *, #1570, .F. ) ;
#90 = VERTEX_POINT ( 'NONE', #1624 ) ;
#91 = CIRCLE ( 'NONE', #945, 4.999999999999997335 ) ;
#92 = CARTESIAN_POINT ( 'NONE',  ( -98.36822399710760578, -3.083953532077764237, -41.95302700587818379 ) ) ;
#93 = AXIS2_PLACEMENT_3D ( 'NONE', #1904, #718, #1388 ) ;
#94 = VERTEX_POINT ( 'NONE', #1454 ) ;
#95 = CARTESIAN_POINT ( 'NONE',  ( -0.5208548550220037932, -2.236600000000061872, -83.28425485502202719 ) ) ;
#96 = EDGE_CURVE ( 'NONE', #1432, #120, #146, .T. ) ;
#97 = CARTESIAN_POINT ( 'NONE',  ( -30.14932350591285370, -70.94820093757577695, -55.80421946313239800 ) ) ;
#98 = FACE_OUTER_BOUND ( 'NONE', #470, .T. ) ;
#99 = EDGE_LOOP ( 'NONE', ( #451, #1261, #932, #1195 ) ) ;
#100 = CARTESIAN_POINT ( 'NONE',  ( 0.000000000000000000, -1.499999999999977573, -82.76340000000001851 ) ) ;
#101 = CARTESIAN_POINT ( 'NONE',  ( 1.425618699904787563E-14, -71.49999999999998579, 82.76340000000044483 ) ) ;
#102 = CIRCLE ( 'NONE', #1163, 0.7366000000000039183 ) ;
#103 = VECTOR ( 'NONE', #1117, 1000.000000000000000 ) ;
#104 = EDGE_LOOP ( 'NONE', ( #609, #912 ) ) ;
#105 = CARTESIAN_POINT ( 'NONE',  ( -30.50473932315929915, -71.20375095819244393, -54.22680044048892256 ) ) ;
#106 = CARTESIAN_POINT ( 'NONE',  ( -30.06667106572153614, -70.94252306051532742, -55.85975898788264260 ) ) ;
#107 = PLANE ( 'NONE',  #1765 ) ;
#108 = ADVANCED_FACE ( 'NONE', ( #1463 ), #2142, .T. ) ;
#109 = VERTEX_POINT ( 'NONE', #111 ) ;
#110 = EDGE_LOOP ( 'NONE', ( #2202, #81, #583, #1050 ) ) ;
#111 = CARTESIAN_POINT ( 'NONE',  ( -98.36822399710760578, -3.083953532077762905, 41.95302700587819800 ) ) ;
#112 = B_SPLINE_CURVE_WITH_KNOTS ( 'NONE', 3,
 ( #2015, #1491, #496, #645, #658, #1316 ),
 .UNSPECIFIED., .F., .F.,
 ( 4, 2, 4 ),
 ( 0.000000000000000000, 0.5000000000000000000, 1.000000000000000000 ),
 .UNSPECIFIED. ) ;
#113 = DIRECTION ( 'NONE',  ( 0.000000000000000000, 1.000000000000000000, 2.775557561562892929E-15 ) ) ;
#114 = VECTOR ( 'NONE', #1612, 1000.000000000000000 ) ;
#115 = ORIENTED_EDGE ( 'NONE', *, *, #1279, .F. ) ;
#116 = DIRECTION ( 'NONE',  ( 0.01365360219838660134, -0.1641169177470450935, 0.9863463978016129285 ) ) ;
#117 = CARTESIAN_POINT ( 'NONE',  ( -30.21095598537931082, -71.17452744680946353, -54.21079706497849315 ) ) ;
#118 = LINE ( 'NONE', #2176, #858 ) ;
#119 = EDGE_LOOP ( 'NONE', ( #702, #1164, #10, #1738 ) ) ;
#120 = VERTEX_POINT ( 'NONE', #1315 ) ;
#121 = EDGE_CURVE ( 'NONE', #891, #1070, #1138, .T. ) ;
#122 = CARTESIAN_POINT ( 'NONE',  ( -0.5208548550219890272, -71.50000000000000000, -83.28425485502228298 ) ) ;
#123 = ADVANCED_FACE ( 'NONE', ( #947 ), #2134, .T. ) ;
#124 = DIRECTION ( 'NONE',  ( -0.6877976717827862796, -0.2320963708922691715, 0.6877976717820559749 ) ) ;
#125 = ORIENTED_EDGE ( 'NONE', *, *, #625, .T. ) ;
#126 = FACE_BOUND ( 'NONE', #1744, .T. ) ;
#127 = LINE ( 'NONE', #1307, #1800 ) ;
#128 = DIRECTION ( 'NONE',  ( -1.982541115402065110E-16, 1.000000000000000000, -3.568574007723717001E-15 ) ) ;
#129 = DIRECTION ( 'NONE',  ( 0.000000000000000000, 1.000000000000000000, 2.775557561562892929E-15 ) ) ;
#130 = ORIENTED_EDGE ( 'NONE', *, *, #2109, .F. ) ;
#131 = EDGE_LOOP ( 'NONE', ( #1228, #463, #485, #682 ) ) ;
#132 = DIRECTION ( 'NONE',  ( -0.9997563442451452564, -0.01935152261586313080, 0.01061935563160592601 ) ) ;
#133 = EDGE_CURVE ( 'NONE', #1941, #1846, #1444, .T. ) ;
#134 = DIRECTION ( 'NONE',  ( 0.000000000000000000, -0.9864383484263599122, 0.1641322172940927193 ) ) ;
#135 = VECTOR ( 'NONE', #517, 1000.000000000000000 ) ;
#136 = EDGE_CURVE ( 'NONE', #1693, #1433, #290, .T. ) ;
#137 = EDGE_LOOP ( 'NONE', ( #2037, #1009, #964, #1535 ) ) ;
#138 = CARTESIAN_POINT ( 'NONE',  ( -99.99999999999997158, -1.500000000000000000, -85.00000000000001421 ) ) ;
#139 = DIRECTION ( 'NONE',  ( 0.000000000000000000, 1.000000000000000000, 6.123233995736766036E-17 ) ) ;
#140 = VECTOR ( 'NONE', #1687, 1000.000000000000000 ) ;
#141 = FACE_OUTER_BOUND ( 'NONE', #2171, .T. ) ;
#142 = DIRECTION ( 'NONE',  ( 0.000000000000000000, -0.000000000000000000, -1.000000000000000000 ) ) ;
#143 = DIRECTION ( 'NONE',  ( 0.000000000000000000, -0.000000000000000000, -1.000000000000000000 ) ) ;
#144 = ORIENTED_EDGE ( 'NONE', *, *, #554, .F. ) ;
#145 = ORIENTED_EDGE ( 'NONE', *, *, #1594, .F. ) ;
#146 = LINE ( 'NONE', #801, #1967 ) ;
#147 = CYLINDRICAL_SURFACE ( 'NONE', #717, 0.7365999999998793513 ) ;
#148 = ORIENTED_EDGE ( 'NONE', *, *, #1648, .F. ) ;
#149 = CARTESIAN_POINT ( 'NONE',  ( -0.7500000000000006661, -1.500000000000000000, -85.00000000000001421 ) ) ;
#150 = CARTESIAN_POINT ( 'NONE',  ( -1.365769881823821308, -71.50000000000000000, -84.56066017178009986 ) ) ;
#151 = CARTESIAN_POINT ( 'NONE',  ( 100.0000000000000142, -71.50000000000001421, 85.00000000000024158 ) ) ;
#152 = DIRECTION ( 'NONE',  ( 0.000000000000000000, 0.000000000000000000, 1.000000000000000000 ) ) ;
#153 = EDGE_CURVE ( 'NONE', #1667, #176, #1954, .T. ) ;
#154 = CARTESIAN_POINT ( 'NONE',  ( 65.00000000000002842, -56.49999999999997868, -83.50000000000019895 ) ) ;
#155 = ORIENTED_EDGE ( 'NONE', *, *, #222, .F. ) ;
#156 = ORIENTED_EDGE ( 'NONE', *, *, #1928, .T. ) ;
#157 = DIRECTION ( 'NONE',  ( 0.1641169177470412355, -0.9726927956032265232, -0.1641169177470458429 ) ) ;
#158 = ORIENTED_EDGE ( 'NONE', *, *, #942, .F. ) ;
#159 = FACE_OUTER_BOUND ( 'NONE', #561, .T. ) ;
#160 = EDGE_LOOP ( 'NONE', ( #188, #1839, #307, #36 ) ) ;
#161 = DIRECTION ( 'NONE',  ( 0.000000000000000000, 1.000000000000000000, 0.000000000000000000 ) ) ;
#162 = LINE ( 'NONE', #1183, #1527 ) ;
#163 = ADVANCED_FACE ( 'NONE', ( #1972, #438 ), #1997, .F. ) ;
#164 = CARTESIAN_POINT ( 'NONE',  ( -40.52826408425495686, -2.236600000000110278, -43.27684562578956928 ) ) ;
#165 = CARTESIAN_POINT ( 'NONE',  ( -0.7499999999999998890, -1.500000000000001332, 82.01339999999999009 ) ) ;
#166 = ORIENTED_EDGE ( 'NONE', *, *, #1763, .F. ) ;
#167 = EDGE_LOOP ( 'NONE', ( #830, #1823, #330, #1600 ) ) ;
#168 = PLANE ( 'NONE',  #1936 ) ;
#169 = ORIENTED_EDGE ( 'NONE', *, *, #262, .T. ) ;
#170 = DIRECTION ( 'NONE',  ( 1.000000000000000000, 0.000000000000000000, 0.000000000000000000 ) ) ;
#171 = LINE ( 'NONE', #1012, #431 ) ;
#172 = AXIS2_PLACEMENT_3D ( 'NONE', #1030, #180, #1524 ) ;
#173 = LINE ( 'NONE', #1871, #1552 ) ;
#174 = CARTESIAN_POINT ( 'NONE',  ( -41.56683952287523454, -2.094938601334077610, -42.61895182556315120 ) ) ;
#175 = VECTOR ( 'NONE', #80, 999.9999999999998863 ) ;
#176 = VERTEX_POINT ( 'NONE', #100 ) ;
#177 = DIRECTION ( 'NONE',  ( 0.000000000000000000, 0.000000000000000000, 1.000000000000000000 ) ) ;
#178 = EDGE_LOOP ( 'NONE', ( #2151, #2146, #748, #225 ) ) ;
#179 = FACE_OUTER_BOUND ( 'NONE', #1626, .T. ) ;
#180 = DIRECTION ( 'NONE',  ( -1.000000000000000000, -0.000000000000000000, -0.000000000000000000 ) ) ;
#181 = CARTESIAN_POINT ( 'NONE',  ( 8.572527594031474570E-15, -71.50000000000000000, -85.00000000000027001 ) ) ;
#182 = LINE ( 'NONE', #1153, #815 ) ;
#183 = CARTESIAN_POINT ( 'NONE',  ( -1.692476300652070886, -2.000000000000000000, -85.00000000000001421 ) ) ;
#184 = FACE_OUTER_BOUND ( 'NONE', #2181, .T. ) ;
#185 = DIRECTION ( 'NONE',  ( 1.387721437852652807E-16, -1.000000000000000000, -8.881417202256977962E-15 ) ) ;
#186 = B_SPLINE_CURVE_WITH_KNOTS ( 'NONE', 3,
 ( #1983, #275, #1312, #630 ),
 .UNSPECIFIED., .F., .F.,
 ( 4, 4 ),
 ( 0.000000000000000000, 1.000000000000000000 ),
 .UNSPECIFIED. ) ;
#187 = CARTESIAN_POINT ( 'NONE',  ( -41.58892425603482224, -2.236600000000121380, -44.33750579756934229 ) ) ;
#188 = ORIENTED_EDGE ( 'NONE', *, *, #361, .T. ) ;
#189 =( NAMED_UNIT ( * ) PLANE_ANGLE_UNIT ( ) SI_UNIT ( $, .RADIAN. ) );
#190 = ORIENTED_EDGE ( 'NONE', *, *, #855, .T. ) ;
#191 = CARTESIAN_POINT ( 'NONE',  ( 0.000000000000000000, -1.499999999999977573, -82.76340000000001851 ) ) ;
#192 = DIRECTION ( 'NONE',  ( 0.000000000000000000, 1.000000000000000000, 3.568574007723718578E-15 ) ) ;
#193 = LINE ( 'NONE', #181, #782 ) ;
#194 = CARTESIAN_POINT ( 'NONE',  ( -42.18170269010057893, -1.996393804112033044, 42.54983707354764988 ) ) ;
#195 = ADVANCED_FACE ( 'NONE', ( #1782 ), #783, .T. ) ;
#196 = EDGE_CURVE ( 'NONE', #853, #1804, #1342, .T. ) ;
#197 = DIRECTION ( 'NONE',  ( -1.000000000000000000, 0.000000000000000000, 0.000000000000000000 ) ) ;
#198 = DIRECTION ( 'NONE',  ( -0.000000000000000000, 0.000000000000000000, 1.000000000000000000 ) ) ;
#199 = DIRECTION ( 'NONE',  ( 6.922005307915560606E-31, 0.000000000000000000, 1.000000000000000000 ) ) ;
#200 = DIRECTION ( 'NONE',  ( 0.000000000000000000, 0.1663727839642353545, -0.9860629273814068840 ) ) ;
#201 = APPLICATION_CONTEXT ( 'automotive_design' ) ;
#202 = ORIENTED_EDGE ( 'NONE', *, *, #289, .F. ) ;
#203 = ORIENTED_EDGE ( 'NONE', *, *, #1677, .T. ) ;
#204 = DIRECTION ( 'NONE',  ( -0.01734448870941415755, 0.9862510612829055168, -0.1643411477072971028 ) ) ;
#205 = EDGE_CURVE ( 'NONE', #1116, #1323, #279, .T. ) ;
#206 = ADVANCED_FACE ( 'NONE', ( #1489 ), #1867, .F. ) ;
#207 = EDGE_CURVE ( 'NONE', #2070, #1209, #1724, .T. ) ;
#208 = CARTESIAN_POINT ( 'NONE',  ( -1.581515026801837198, 3.083238928221128428E-13, -84.34491502680185704 ) ) ;
#209 = CIRCLE ( 'NONE', #2095, 0.7366000000000039183 ) ;
#210 = ORIENTED_EDGE ( 'NONE', *, *, #775, .T. ) ;
#211 = DIRECTION ( 'NONE',  ( 9.827401457297368911E-31, 3.568574007723718578E-15, -1.000000000000000000 ) ) ;
#212 = EDGE_LOOP ( 'NONE', ( #1007, #302, #1502, #456 ) ) ;
#213 = VECTOR ( 'NONE', #1039, 1000.000000000000000 ) ;
#214 = CARTESIAN_POINT ( 'NONE',  ( -0.7500000000000002220, -1.500000000000000666, 84.99999999999998579 ) ) ;
#215 = VECTOR ( 'NONE', #508, 1000.000000000000000 ) ;
#216 = CARTESIAN_POINT ( 'NONE',  ( -42.02027828667541343, 0.000000000000000000, 45.21778977472712313 ) ) ;
#217 = LINE ( 'NONE', #4, #956 ) ;
#218 = ORIENTED_EDGE ( 'NONE', *, *, #1660, .F. ) ;
#219 = DIRECTION ( 'NONE',  ( 0.000000000000000000, 1.000000000000000000, 6.123233995736766036E-17 ) ) ;
#220 = CARTESIAN_POINT ( 'NONE',  ( -30.52521972645680393, -70.95757558157184519, 55.70632003719141068 ) ) ;
#221 = CARTESIAN_POINT ( 'NONE',  ( -94.15332021143403551, -60.93341043894055531, -53.15763342520607182 ) ) ;
#222 = EDGE_CURVE ( 'NONE', #1571, #9, #697, .T. ) ;
#223 = VERTEX_POINT ( 'NONE', #1894 ) ;
#224 = DIRECTION ( 'NONE',  ( 0.000000000000000000, -0.1619503939748719867, -0.9867989004307736733 ) ) ;
#225 = ORIENTED_EDGE ( 'NONE', *, *, #2124, .T. ) ;
#226 = EDGE_CURVE ( 'NONE', #1571, #986, #193, .T. ) ;
#227 = CARTESIAN_POINT ( 'NONE',  ( -94.13283980813645258, -61.17958581556112563, -51.67811382850366186 ) ) ;
#228 = CARTESIAN_POINT ( 'NONE',  ( -29.48167657207393688, -70.76276211216408285, -56.44475348153022054 ) ) ;
#229 = ORIENTED_EDGE ( 'NONE', *, *, #1065, .F. ) ;
#230 = LINE ( 'NONE', #243, #767 ) ;
#231 = DIRECTION ( 'NONE',  ( -1.089066670279417020E-16, -3.775431123635312139E-15, -1.000000000000000000 ) ) ;
#232 = LINE ( 'NONE', #1768, #1340 ) ;
#233 = ADVANCED_FACE ( 'NONE', ( #494 ), #1325, .F. ) ;
#234 = DIRECTION ( 'NONE',  ( -1.387721437852652807E-16, 1.000000000000000000, 8.881417202256977962E-15 ) ) ;
#235 = VERTEX_POINT ( 'NONE', #1525 ) ;
#236 = CARTESIAN_POINT ( 'NONE',  ( -0.5208548550219074258, -71.49999999999998579, 83.28425485502236825 ) ) ;
#237 = DIRECTION ( 'NONE',  ( 0.000000000000000000, 1.000000000000000000, 0.000000000000000000 ) ) ;
#238 = DIRECTION ( 'NONE',  ( -0.7071067811865512365, -2.804600147011029922E-15, -0.7071067811865439090 ) ) ;
#239 = DIRECTION ( 'NONE',  ( 0.000000000000000000, 0.1663727839646628459, 0.9860629273813349416 ) ) ;
#240 = VECTOR ( 'NONE', #562, 999.9999999999998863 ) ;
#241 = VERTEX_POINT ( 'NONE', #2192 ) ;
#242 = VECTOR ( 'NONE', #197, 1000.000000000000000 ) ;
#243 = CARTESIAN_POINT ( 'NONE',  ( -29.48167657207398662, -70.76276211216408285, 56.44475348153022054 ) ) ;
#244 = MECHANICAL_DESIGN_GEOMETRIC_PRESENTATION_REPRESENTATION (  '', ( #314 ), #2099 ) ;
#245 = VECTOR ( 'NONE', #1494, 1000.000000000000000 ) ;
#246 = LINE ( 'NONE', #2104, #394 ) ;
#247 = FACE_OUTER_BOUND ( 'NONE', #34, .T. ) ;
#248 = ORIENTED_EDGE ( 'NONE', *, *, #1963, .F. ) ;
#249 = EDGE_LOOP ( 'NONE', ( #1130, #144, #618, #1666, #1059, #2047, #252 ) ) ;
#250 = EDGE_CURVE ( 'NONE', #1911, #1197, #12, .T. ) ;
#251 = LINE ( 'NONE', #1975, #666 ) ;
#252 = ORIENTED_EDGE ( 'NONE', *, *, #721, .T. ) ;
#253 = DIRECTION ( 'NONE',  ( 1.000000000000000000, 0.000000000000000000, 0.000000000000000000 ) ) ;
#254 = CARTESIAN_POINT ( 'NONE',  ( -30.52542657853018682, -70.95508921026798532, -55.72126318511803333 ) ) ;
#255 = CARTESIAN_POINT ( 'NONE',  ( 0.000000000000000000, -1.500000000000000000, 0.000000000000000000 ) ) ;
#256 = ORIENTED_EDGE ( 'NONE', *, *, #437, .F. ) ;
#257 = CARTESIAN_POINT ( 'NONE',  ( -43.33076962083924144, -1.500000000000000000, 43.92502797798519509 ) ) ;
#258 = VECTOR ( 'NONE', #1127, 1000.000000000000000 ) ;
#259 = CARTESIAN_POINT ( 'NONE',  ( -0.3051097100440118837, -71.50000000000000000, 83.50000000000028422 ) ) ;
#260 = ORIENTED_EDGE ( 'NONE', *, *, #727, .F. ) ;
#261 = DIRECTION ( 'NONE',  ( 0.01365360219838659961, -0.1641169177470451213, -0.9863463978016129285 ) ) ;
#262 = EDGE_CURVE ( 'NONE', #1123, #1522, #1032, .T. ) ;
#263 = CARTESIAN_POINT ( 'NONE',  ( 0.000000000000000000, -1.499999999999977573, -82.76340000000001851 ) ) ;
#264 = CARTESIAN_POINT ( 'NONE',  ( -99.99999999999997158, -1.500000000000000000, -85.00000000000001421 ) ) ;
#265 = VERTEX_POINT ( 'NONE', #2012 ) ;
#266 = DIRECTION ( 'NONE',  ( 1.387721437852652807E-16, -1.000000000000000000, -8.881417202256977962E-15 ) ) ;
#267 = CIRCLE ( 'NONE', #1694, 0.7366000000001426962 ) ;
#268 = DIRECTION ( 'NONE',  ( 9.827401457297370663E-31, 3.568574007723718578E-15, -1.000000000000000000 ) ) ;
#269 = VECTOR ( 'NONE', #1292, 1000.000000000000000 ) ;
#270 = COLOUR_RGB ( '',0.6470588235294117974, 0.6196078431372549211, 0.5882352941176470784 ) ;
#271 = ORIENTED_EDGE ( 'NONE', *, *, #1870, .T. ) ;
#272 = CARTESIAN_POINT ( 'NONE',  ( -40.99860450346614016, -2.170962988076962752, 42.86816933196046620 ) ) ;
#273 = EDGE_CURVE ( 'NONE', #1186, #1187, #344, .T. ) ;
#274 = FACE_OUTER_BOUND ( 'NONE', #1865, .T. ) ;
#275 = CARTESIAN_POINT ( 'NONE',  ( -30.32937884792920258, -70.95930948407983863, 55.70931948666622446 ) ) ;
#276 = ADVANCED_FACE ( 'NONE', ( #656 ), #1365, .F. ) ;
#277 = ORIENTED_EDGE ( 'NONE', *, *, #2188, .T. ) ;
#278 = VERTEX_POINT ( 'NONE', #530 ) ;
#279 = LINE ( 'NONE', #1052, #396 ) ;
#280 = DIRECTION ( 'NONE',  ( 0.01365360219838639665, -0.1641169177470490070, -0.9863463978016124845 ) ) ;
#281 = ORIENTED_EDGE ( 'NONE', *, *, #1798, .T. ) ;
#282 = CARTESIAN_POINT ( 'NONE',  ( -40.51765748253713895, -2.236600000000072974, 43.26623902407182953 ) ) ;
#283 = AXIS2_PLACEMENT_3D ( 'NONE', #150, #1542, #534 ) ;
#284 = CARTESIAN_POINT ( 'NONE',  ( 100.0000000000000284, -2.236600000000005473, 85.00000000000024158 ) ) ;
#285 = FACE_OUTER_BOUND ( 'NONE', #938, .T. ) ;
#286 = EDGE_CURVE ( 'NONE', #1522, #802, #518, .T. ) ;
#287 = ORIENTED_EDGE ( 'NONE', *, *, #1065, .T. ) ;
#288 = ORIENTED_EDGE ( 'NONE', *, *, #1763, .T. ) ;
#289 = EDGE_CURVE ( 'NONE', #1914, #1667, #1726, .T. ) ;
#290 = LINE ( 'NONE', #1643, #1838 ) ;
#291 = ORIENTED_EDGE ( 'NONE', *, *, #1677, .F. ) ;
#292 = CARTESIAN_POINT ( 'NONE',  ( -29.99752482591075875, -70.93683439033364380, 55.92890522769347683 ) ) ;
#293 = ORIENTED_EDGE ( 'NONE', *, *, #1648, .T. ) ;
#294 = CARTESIAN_POINT ( 'NONE',  ( -41.67232601626878363, -2.157760649240730189, 44.25410403733542353 ) ) ;
#295 = DIRECTION ( 'NONE',  ( 0.01365360219838659267, -0.1641169177470450935, -0.9863463978016129285 ) ) ;
#296 = AXIS2_PLACEMENT_3D ( 'NONE', #2170, #1659, #1670 ) ;
#297 = DIRECTION ( 'NONE',  ( -1.387721437852652807E-16, 1.000000000000000000, 8.881417202256977962E-15 ) ) ;
#298 = CARTESIAN_POINT ( 'NONE',  ( -30.32937884792920258, -70.95930948407983863, -55.70931948666616051 ) ) ;
#299 = DIRECTION ( 'NONE',  ( -0.000000000000000000, 1.000000000000000000, -0.000000000000000000 ) ) ;
#300 = CIRCLE ( 'NONE', #1828, 2.236600000000005473 ) ;
#301 = ORIENTED_EDGE ( 'NONE', *, *, #1528, .T. ) ;
#302 = ORIENTED_EDGE ( 'NONE', *, *, #1453, .T. ) ;
#303 = CARTESIAN_POINT ( 'NONE',  ( 1.181708930066776980E-14, -71.50000000000001421, -82.76340000000044483 ) ) ;
#304 = ORIENTED_EDGE ( 'NONE', *, *, #727, .T. ) ;
#305 = FACE_OUTER_BOUND ( 'NONE', #627, .T. ) ;
#306 = VECTOR ( 'NONE', #238, 1000.000000000000000 ) ;
#307 = ORIENTED_EDGE ( 'NONE', *, *, #1859, .F. ) ;
#308 = ADVANCED_FACE ( 'NONE', ( #1377 ), #168, .T. ) ;
#309 = CARTESIAN_POINT ( 'NONE',  ( -42.20218309339812635, -1.750218427491510020, -44.02935667025005984 ) ) ;
#310 = DIRECTION ( 'NONE',  ( 1.000000000000000000, 0.000000000000000000, 0.000000000000000000 ) ) ;
#311 = AXIS2_PLACEMENT_3D ( 'NONE', #1133, #1113, #2174 ) ;
#312 = CARTESIAN_POINT ( 'NONE',  ( 0.000000000000000000, -1.499999999999977573, -82.01340000000001851 ) ) ;
#313 = CARTESIAN_POINT ( 'NONE',  ( 65.00000000000002842, -61.49999999999997868, -83.50000000000021316 ) ) ;
#314 = STYLED_ITEM ( 'NONE', ( #2093 ), #1023 ) ;
#315 = CARTESIAN_POINT ( 'NONE',  ( -29.38146137699316540, -71.50000000000008527, -56.54496867661102044 ) ) ;
#316 = CARTESIAN_POINT ( 'NONE',  ( -1.692476300652057120, -1.500000000000000000, -85.00000000000001421 ) ) ;
#317 = ORIENTED_EDGE ( 'NONE', *, *, #30, .T. ) ;
#318 = ORIENTED_EDGE ( 'NONE', *, *, #670, .F. ) ;
#319 = CARTESIAN_POINT ( 'NONE',  ( 65.00000000000002842, -61.50000000000058265, 85.00000000000029843 ) ) ;
#320 = VERTEX_POINT ( 'NONE', #319 ) ;
#321 = LINE ( 'NONE', #1999, #76 ) ;
#322 = EDGE_CURVE ( 'NONE', #1571, #838, #415, .T. ) ;
#323 = ORIENTED_EDGE ( 'NONE', *, *, #1279, .T. ) ;
#324 = CARTESIAN_POINT ( 'NONE',  ( -30.15702990336128408, -70.94728056395491933, 55.81738075702020296 ) ) ;
#325 = DIRECTION ( 'NONE',  ( 1.000000000000000000, -0.000000000000000000, -0.000000000000000000 ) ) ;
#326 = PLANE ( 'NONE',  #575 ) ;
#327 = AXIS2_PLACEMENT_3D ( 'NONE', #183, #1357, #2041 ) ;
#328 = DIRECTION ( 'NONE',  ( 1.000000000000000000, -0.000000000000000000, 0.000000000000000000 ) ) ;
#329 = FACE_OUTER_BOUND ( 'NONE', #1500, .T. ) ;
#330 = ORIENTED_EDGE ( 'NONE', *, *, #32, .T. ) ;
#331 = ORIENTED_EDGE ( 'NONE', *, *, #338, .F. ) ;
#332 = CARTESIAN_POINT ( 'NONE',  ( -99.99999999999997158, -1.500000000000000000, 84.99999999999998579 ) ) ;
#333 = ORIENTED_EDGE ( 'NONE', *, *, #2103, .T. ) ;
#334 = PLANE ( 'NONE',  #426 ) ;
#335 = LINE ( 'NONE', #833, #1355 ) ;
#336 = PLANE ( 'NONE',  #1095 ) ;
#337 = ADVANCED_FACE ( 'NONE', ( #705 ), #2062, .F. ) ;
#338 = EDGE_CURVE ( 'NONE', #265, #2191, #563, .T. ) ;
#339 = DIRECTION ( 'NONE',  ( 0.000000000000000000, 0.000000000000000000, -1.000000000000000000 ) ) ;
#340 = ORIENTED_EDGE ( 'NONE', *, *, #136, .T. ) ;
#341 = ORIENTED_EDGE ( 'NONE', *, *, #373, .T. ) ;
#342 = LINE ( 'NONE', #191, #1300 ) ;
#343 = CARTESIAN_POINT ( 'NONE',  ( -42.02027828667541343, 0.000000000000000000, -45.21778977472712313 ) ) ;
#344 = LINE ( 'NONE', #332, #677 ) ;
#345 = CARTESIAN_POINT ( 'NONE',  ( -29.13182838846005041, -70.98855909504693784, 54.65206811814896071 ) ) ;
#346 = DIRECTION ( 'NONE',  ( 9.827401457297370663E-31, 3.568574007723718578E-15, -1.000000000000000000 ) ) ;
#347 = LINE ( 'NONE', #1047, #545 ) ;
#348 = AXIS2_PLACEMENT_3D ( 'NONE', #2187, #664, #788 ) ;
#349 = LINE ( 'NONE', #887, #213 ) ;
#350 = AXIS2_PLACEMENT_3D ( 'NONE', #1890, #1216, #1721 ) ;
#351 = CARTESIAN_POINT ( 'NONE',  ( -40.74674262303415873, -2.203333907137609682, -43.05836708701035320 ) ) ;
#352 = VECTOR ( 'NONE', #1421, 1000.000000000000000 ) ;
#353 = EDGE_CURVE ( 'NONE', #1661, #469, #1429, .T. ) ;
#354 = VERTEX_POINT ( 'NONE', #1074 ) ;
#355 = CARTESIAN_POINT ( 'NONE',  ( 0.000000000000000000, 0.000000000000000000, 0.000000000000000000 ) ) ;
#356 = ORIENTED_EDGE ( 'NONE', *, *, #1861, .T. ) ;
#357 = CARTESIAN_POINT ( 'NONE',  ( 100.0000000000000284, -2.236600000000010802, -82.76340000000001851 ) ) ;
#358 = DIRECTION ( 'NONE',  ( 0.01365360219838619195, -0.1641169177470447882, 0.9863463978016130396 ) ) ;
#359 = AXIS2_PLACEMENT_3D ( 'NONE', #1646, #2194, #134 ) ;
#360 = DIRECTION ( 'NONE',  ( 0.000000000000000000, 0.000000000000000000, 1.000000000000000000 ) ) ;
#361 = EDGE_CURVE ( 'NONE', #1116, #1623, #2094, .T. ) ;
#362 =( GEOMETRIC_REPRESENTATION_CONTEXT ( 3 ) GLOBAL_UNCERTAINTY_ASSIGNED_CONTEXT ( ( #467 ) ) GLOBAL_UNIT_ASSIGNED_CONTEXT ( ( #369, #189, #2046 ) ) REPRESENTATION_CONTEXT ( 'NONE', 'WORKASPACE' ) );
#363 = CARTESIAN_POINT ( 'NONE',  ( -41.42991686763246406, -2.112377289373817302, 42.69531045404154668 ) ) ;
#364 = CARTESIAN_POINT ( 'NONE',  ( -29.38631385755350678, -71.03932703864876430, 54.50112105840410948 ) ) ;
#365 = CARTESIAN_POINT ( 'NONE',  ( -98.60580179098910492, 0.1400886944757486208, 42.93405794648849394 ) ) ;
#366 = FACE_OUTER_BOUND ( 'NONE', #2080, .T. ) ;
#367 = CARTESIAN_POINT ( 'NONE',  ( 100.0000000000000284, -1.500000000000006883, -82.76340000000001851 ) ) ;
#368 = ORIENTED_EDGE ( 'NONE', *, *, #1617, .T. ) ;
#369 =( LENGTH_UNIT ( ) NAMED_UNIT ( * ) SI_UNIT ( .MILLI., .METRE. ) );
#370 = EDGE_LOOP ( 'NONE', ( #1746, #1399, #541, #318 ) ) ;
#371 = EDGE_CURVE ( 'NONE', #1909, #1941, #552, .T. ) ;
#372 = CARTESIAN_POINT ( 'NONE',  ( -12.42752607563231848, -74.05169030465394542, -54.95090112925382897 ) ) ;
#373 = EDGE_CURVE ( 'NONE', #902, #1571, #50, .T. ) ;
#374 = DIRECTION ( 'NONE',  ( 0.000000000000000000, 1.000000000000000000, 2.775557561562892929E-15 ) ) ;
#375 = DIRECTION ( 'NONE',  ( -2.482378626307421648E-16, 1.000000000000000000, -3.658830838189344310E-15 ) ) ;
#376 = ORIENTED_EDGE ( 'NONE', *, *, #1145, .F. ) ;
#377 = CARTESIAN_POINT ( 'NONE',  ( 1.108537864677217522E-16, -2.236600000000005473, 82.76339999999999009 ) ) ;
#378 = EDGE_LOOP ( 'NONE', ( #1815, #852, #210, #973 ) ) ;
#379 = VECTOR ( 'NONE', #1478, 1000.000000000000114 ) ;
#380 = CARTESIAN_POINT ( 'NONE',  ( 0.000000000000000000, -2.236599999999981492, -82.76340000000001851 ) ) ;
#381 = DIRECTION ( 'NONE',  ( 0.000000000000000000, -0.9864383484263599122, -0.1641322172940927193 ) ) ;
#382 = VECTOR ( 'NONE', #1734, 999.9999999999998863 ) ;
#383 = CARTESIAN_POINT ( 'NONE',  ( -42.02760031957419784, -2.023180042182805671, 42.55642717952837017 ) ) ;
#384 = VERTEX_POINT ( 'NONE', #1563 ) ;
#385 = DIRECTION ( 'NONE',  ( 2.424358745234618518E-16, -1.000000000000000000, 3.723867690413130326E-15 ) ) ;
#386 = VECTOR ( 'NONE', #617, 1000.000000000000000 ) ;
#387 = EDGE_CURVE ( 'NONE', #94, #543, #1608, .T. ) ;
#388 = DIRECTION ( 'NONE',  ( 0.000000000000000000, -0.1619503939748719867, 0.9867989004307736733 ) ) ;
#389 = ADVANCED_FACE ( 'NONE', ( #726 ), #62, .F. ) ;
#390 = PLANE ( 'NONE',  #425 ) ;
#391 = ORIENTED_EDGE ( 'NONE', *, *, #222, .T. ) ;
#392 = CARTESIAN_POINT ( 'NONE',  ( 2.372608879659089207E-30, -2.236599999999973054, -85.00000000000001421 ) ) ;
#393 = ORIENTED_EDGE ( 'NONE', *, *, #45, .T. ) ;
#394 = VECTOR ( 'NONE', #1751, 1000.000000000000000 ) ;
#395 = CARTESIAN_POINT ( 'NONE',  ( -98.36822399710760578, -3.083953532077762461, 41.95302700587819800 ) ) ;
#396 = VECTOR ( 'NONE', #157, 1000.000000000000114 ) ;
#397 = DIRECTION ( 'NONE',  ( -2.081582156778933111E-16, 1.000000000000000000, -8.881417202256780747E-15 ) ) ;
#398 = VERTEX_POINT ( 'NONE', #576 ) ;
#399 = CARTESIAN_POINT ( 'NONE',  ( -29.35858888376370501, -71.49228170886649991, 56.56784116984050570 ) ) ;
#400 = ADVANCED_FACE ( 'NONE', ( #2072 ), #1243, .T. ) ;
#401 = CARTESIAN_POINT ( 'NONE',  ( -1.692476300652070886, 0.000000000000000000, 85.00000000000001421 ) ) ;
#402 = LINE ( 'NONE', #918, #306 ) ;
#403 = ORIENTED_EDGE ( 'NONE', *, *, #1582, .T. ) ;
#404 = FACE_OUTER_BOUND ( 'NONE', #2116, .T. ) ;
#405 = AXIS2_PLACEMENT_3D ( 'NONE', #1794, #268, #113 ) ;
#406 = ORIENTED_EDGE ( 'NONE', *, *, #1290, .T. ) ;
#407 = VECTOR ( 'NONE', #2088, 1000.000000000000000 ) ;
#408 = LINE ( 'NONE', #399, #2085 ) ;
#409 = CARTESIAN_POINT ( 'NONE',  ( -42.05510971004402165, -71.50000000000014211, -41.75000000000069633 ) ) ;
#410 = CARTESIAN_POINT ( 'NONE',  ( 100.0000000000000284, -71.49999999999998579, -85.00000000000027001 ) ) ;
#411 = EDGE_CURVE ( 'NONE', #48, #2143, #112, .T. ) ;
#412 = ADVANCED_FACE ( 'NONE', ( #484, #1151 ), #672, .F. ) ;
#413 = CARTESIAN_POINT ( 'NONE',  ( -94.13283980813645258, -61.17958581556111852, 51.67811382850366897 ) ) ;
#414 = ORIENTED_EDGE ( 'NONE', *, *, #653, .F. ) ;
#415 = CIRCLE ( 'NONE', #769, 2.236600000000144028 ) ;
#416 = ORIENTED_EDGE ( 'NONE', *, *, #625, .F. ) ;
#417 = FACE_OUTER_BOUND ( 'NONE', #1942, .T. ) ;
#418 = LINE ( 'NONE', #1093, #708 ) ;
#419 = AXIS2_PLACEMENT_3D ( 'NONE', #101, #1260, #1944 ) ;
#420 = FACE_OUTER_BOUND ( 'NONE', #2177, .T. ) ;
#421 =( LENGTH_UNIT ( ) NAMED_UNIT ( * ) SI_UNIT ( .MILLI., .METRE. ) );
#422 = ADVANCED_FACE ( 'NONE', ( #159 ), #147, .F. ) ;
#423 = CIRCLE ( 'NONE', #1652, 4.999999999999997335 ) ;
#424 = ORIENTED_EDGE ( 'NONE', *, *, #789, .T. ) ;
#425 = AXIS2_PLACEMENT_3D ( 'NONE', #909, #1937, #1757 ) ;
#426 = AXIS2_PLACEMENT_3D ( 'NONE', #1672, #872, #1529 ) ;
#427 = EDGE_CURVE ( 'NONE', #2167, #120, #321, .T. ) ;
#428 = ORIENTED_EDGE ( 'NONE', *, *, #64, .T. ) ;
#429 = AXIS2_PLACEMENT_3D ( 'NONE', #66, #568, #1919 ) ;
#430 = PLANE ( 'NONE',  #1410 ) ;
#431 = VECTOR ( 'NONE', #1332, 999.9999999999998863 ) ;
#432 = ORIENTED_EDGE ( 'NONE', *, *, #1995, .F. ) ;
#433 = CARTESIAN_POINT ( 'NONE',  ( -94.13283980813646679, -61.17958581556111142, 51.67811382850366897 ) ) ;
#434 = CARTESIAN_POINT ( 'NONE',  ( -30.52521972645688209, -70.95757558157185940, -55.70632003719133962 ) ) ;
#435 = CARTESIAN_POINT ( 'NONE',  ( 100.0000000000000142, -71.50000000000001421, 85.00000000000024158 ) ) ;
#436 = ORIENTED_EDGE ( 'NONE', *, *, #61, .T. ) ;
#437 = EDGE_CURVE ( 'NONE', #1209, #354, #1480, .T. ) ;
#438 = FACE_OUTER_BOUND ( 'NONE', #167, .T. ) ;
#439 = EDGE_CURVE ( 'NONE', #2191, #1571, #1770, .T. ) ;
#440 = ADVANCED_FACE ( 'NONE', ( #305 ), #994, .T. ) ;
#441 = LINE ( 'NONE', #92, #1031 ) ;
#442 = ORIENTED_EDGE ( 'NONE', *, *, #465, .F. ) ;
#443 = CARTESIAN_POINT ( 'NONE',  ( -42.02027828667541343, 0.000000000000000000, 45.21778977472712313 ) ) ;
#444 = CARTESIAN_POINT ( 'NONE',  ( -30.52521972645684656, -70.95757558157187361, -55.70632003719134673 ) ) ;
#445 = ORIENTED_EDGE ( 'NONE', *, *, #974, .T. ) ;
#446 = CARTESIAN_POINT ( 'NONE',  ( -1.692476300652070886, 0.000000000000000000, 85.00000000000001421 ) ) ;
#447 = VECTOR ( 'NONE', #606, 1000.000000000000000 ) ;
#448 = FACE_OUTER_BOUND ( 'NONE', #1076, .T. ) ;
#449 = EDGE_CURVE ( 'NONE', #1911, #1386, #816, .T. ) ;
#450 = EDGE_CURVE ( 'NONE', #1416, #1533, #2031, .T. ) ;
#451 = ORIENTED_EDGE ( 'NONE', *, *, #2188, .F. ) ;
#452 = DIRECTION ( 'NONE',  ( 0.7071067811865440200, -2.411653420884707729E-15, 0.7071067811865511255 ) ) ;
#453 = EDGE_CURVE ( 'NONE', #2143, #90, #2052, .T. ) ;
#454 = DIRECTION ( 'NONE',  ( 0.9870440578656974884, -0.1555019333232297574, -0.03953702776835014976 ) ) ;
#455 = LINE ( 'NONE', #316, #1268 ) ;
#456 = ORIENTED_EDGE ( 'NONE', *, *, #775, .F. ) ;
#457 = ORIENTED_EDGE ( 'NONE', *, *, #886, .T. ) ;
#458 = AXIS2_PLACEMENT_3D ( 'NONE', #1929, #1758, #2113 ) ;
#459 = DIRECTION ( 'NONE',  ( 1.000000000000000000, 0.000000000000000000, 0.000000000000000000 ) ) ;
#460 = ORIENTED_EDGE ( 'NONE', *, *, #1728, .T. ) ;
#461 = CIRCLE ( 'NONE', #744, 2.236600000000004140 ) ;
#462 = LINE ( 'NONE', #1304, #1974 ) ;
#463 = ORIENTED_EDGE ( 'NONE', *, *, #921, .F. ) ;
#464 = LINE ( 'NONE', #1131, #537 ) ;
#465 = EDGE_CURVE ( 'NONE', #278, #712, #521, .T. ) ;
#466 = CARTESIAN_POINT ( 'NONE',  ( -29.38631385755344638, -71.03932703864875009, -54.50112105840409527 ) ) ;
#467 = UNCERTAINTY_MEASURE_WITH_UNIT (LENGTH_MEASURE( 1.000000000000000082E-05 ), #369, 'distance_accuracy_value', 'NONE');
#468 = PLANE ( 'NONE',  #1586 ) ;
#469 = VERTEX_POINT ( 'NONE', #2002 ) ;
#470 = EDGE_LOOP ( 'NONE', ( #972, #739, #1656, #1925 ) ) ;
#471 = DIRECTION ( 'NONE',  ( -0.7071067811865439090, 2.411653420884707729E-15, -0.7071067811865512365 ) ) ;
#472 = EDGE_LOOP ( 'NONE', ( #1091, #1641, #1167, #74 ) ) ;
#473 = CARTESIAN_POINT ( 'NONE',  ( -41.87588371279880306, -2.047217080328985084, -42.57719912969967879 ) ) ;
#474 = ORIENTED_EDGE ( 'NONE', *, *, #2101, .F. ) ;
#475 = DIRECTION ( 'NONE',  ( 0.000000000000000000, -1.000000000000000000, 3.568574007723717001E-15 ) ) ;
#476 = VECTOR ( 'NONE', #1252, 1000.000000000000000 ) ;
#477 = LINE ( 'NONE', #1283, #1515 ) ;
#478 = PLANE ( 'NONE',  #635 ) ;
#479 = ORIENTED_EDGE ( 'NONE', *, *, #1099, .F. ) ;
#480 = ORIENTED_EDGE ( 'NONE', *, *, #1368, .T. ) ;
#481 = CARTESIAN_POINT ( 'NONE',  ( -41.58892425603492171, -2.236600000000185773, 44.33750579756928545 ) ) ;
#482 = ADVANCED_FACE ( 'NONE', ( #184 ), #1849, .T. ) ;
#483 = ORIENTED_EDGE ( 'NONE', *, *, #598, .T. ) ;
#484 = FACE_BOUND ( 'NONE', #828, .T. ) ;
#485 = ORIENTED_EDGE ( 'NONE', *, *, #1496, .T. ) ;
#486 = FACE_OUTER_BOUND ( 'NONE', #1447, .T. ) ;
#487 = LINE ( 'NONE', #1155, #1420 ) ;
#488 = CARTESIAN_POINT ( 'NONE',  ( 1.425618699904787563E-14, -71.49999999999998579, 82.76340000000044483 ) ) ;
#489 = DIRECTION ( 'NONE',  ( -0.7071067811865512365, -2.804600147011029922E-15, -0.7071067811865439090 ) ) ;
#490 = DIRECTION ( 'NONE',  ( 1.000000000000000000, -2.943801717310612657E-16, -0.000000000000000000 ) ) ;
#491 = VECTOR ( 'NONE', #939, 999.9999999999998863 ) ;
#492 = ORIENTED_EDGE ( 'NONE', *, *, #371, .T. ) ;
#493 = EDGE_CURVE ( 'NONE', #1338, #265, #1519, .T. ) ;
#494 = FACE_OUTER_BOUND ( 'NONE', #1422, .T. ) ;
#495 = EDGE_CURVE ( 'NONE', #1111, #1386, #648, .T. ) ;
#496 = CARTESIAN_POINT ( 'NONE',  ( -29.92246955298183053, -71.13150151210066952, 54.28185760387224690 ) ) ;
#497 = VECTOR ( 'NONE', #1460, 1000.000000000000000 ) ;
#498 = ORIENTED_EDGE ( 'NONE', *, *, #1814, .T. ) ;
#499 = CARTESIAN_POINT ( 'NONE',  ( -30.07601949249414375, -70.94206270016998417, 55.87183589658003058 ) ) ;
#500 = VECTOR ( 'NONE', #1253, 1000.000000000000114 ) ;
#501 = VECTOR ( 'NONE', #2180, 1000.000000000000000 ) ;
#502 = DIRECTION ( 'NONE',  ( 0.7071067811865512365, 2.590856249355741187E-15, -0.7071067811865439090 ) ) ;
#503 = LINE ( 'NONE', #367, #675 ) ;
#504 = CARTESIAN_POINT ( 'NONE',  ( 0.000000000000000000, -1.500000000000001332, 82.76339999999999009 ) ) ;
#505 = ORIENTED_EDGE ( 'NONE', *, *, #1496, .F. ) ;
#506 = SURFACE_SIDE_STYLE ('',( #1901 ) ) ;
#507 = ORIENTED_EDGE ( 'NONE', *, *, #850, .T. ) ;
#508 = DIRECTION ( 'NONE',  ( 1.000000000000000000, -2.775557561562870643E-16, -7.738111383691558850E-33 ) ) ;
#509 = ORIENTED_EDGE ( 'NONE', *, *, #698, .F. ) ;
#510 = EDGE_CURVE ( 'NONE', #954, #762, #1887, .T. ) ;
#511 = DIRECTION ( 'NONE',  ( -1.000000000000000000, 2.943801717310612657E-16, 0.000000000000000000 ) ) ;
#512 = DIRECTION ( 'NONE',  ( 1.000000000000000000, 0.000000000000000000, 0.000000000000000000 ) ) ;
#513 = LINE ( 'NONE', #1184, #140 ) ;
#514 = CARTESIAN_POINT ( 'NONE',  ( -41.00623459994980635, -2.170051727066274250, -42.88120031600767135 ) ) ;
#515 = VERTEX_POINT ( 'NONE', #691 ) ;
#516 = ORIENTED_EDGE ( 'NONE', *, *, #437, .T. ) ;
#517 = DIRECTION ( 'NONE',  ( 0.000000000000000000, 1.000000000000000000, 0.000000000000000000 ) ) ;
#518 = LINE ( 'NONE', #1180, #898 ) ;
#519 = CARTESIAN_POINT ( 'NONE',  ( -29.37868376106991519, -71.04023829965949233, 54.48809007435681906 ) ) ;
#520 = FACE_OUTER_BOUND ( 'NONE', #736, .T. ) ;
#521 = LINE ( 'NONE', #1192, #638 ) ;
#522 = ADVANCED_FACE ( 'NONE', ( #1701 ), #1858, .T. ) ;
#523 = DIRECTION ( 'NONE',  ( 0.1641169177470423735, -0.9726927956032267453, -0.1641169177470440110 ) ) ;
#524 = EDGE_CURVE ( 'NONE', #1816, #577, #347, .T. ) ;
#525 = CARTESIAN_POINT ( 'NONE',  ( -42.20218309339809792, -1.750218427491509576, -44.02935667025005984 ) ) ;
#526 = VERTEX_POINT ( 'NONE', #2185 ) ;
#527 = VERTEX_POINT ( 'NONE', #1205 ) ;
#528 = PLANE ( 'NONE',  #1380 ) ;
#529 = CYLINDRICAL_SURFACE ( 'NONE', #1378, 2.236600000000005473 ) ;
#530 = CARTESIAN_POINT ( 'NONE',  ( -41.58892425603478671, -2.236600000000134258, -44.33750579756931387 ) ) ;
#531 = CARTESIAN_POINT ( 'NONE',  ( -40.63832685602408645, -2.219841565021351215, 43.16678285402046100 ) ) ;
#532 = FACE_OUTER_BOUND ( 'NONE', #1736, .T. ) ;
#533 = LINE ( 'NONE', #42, #54 ) ;
#534 = DIRECTION ( 'NONE',  ( 0.000000000000000000, 3.572727930943832979E-15, -1.000000000000000000 ) ) ;
#535 = AXIS2_PLACEMENT_3D ( 'NONE', #377, #754, #1240 ) ;
#536 = EDGE_CURVE ( 'NONE', #90, #1281, #171, .T. ) ;
#537 = VECTOR ( 'NONE', #1948, 1000.000000000000114 ) ;
#538 = CARTESIAN_POINT ( 'NONE',  ( -40.52826408425506344, -2.236600000000138255, 43.27684562578940586 ) ) ;
#539 = AXIS2_PLACEMENT_3D ( 'NONE', #1054, #1907, #388 ) ;
#540 = ADVANCED_FACE ( 'NONE', ( #1000 ), #1319, .T. ) ;
#541 = ORIENTED_EDGE ( 'NONE', *, *, #411, .T. ) ;
#542 = DIRECTION ( 'NONE',  ( 1.000000000000000000, 0.000000000000000000, 0.000000000000000000 ) ) ;
#543 = VERTEX_POINT ( 'NONE', #1869 ) ;
#544 = DIRECTION ( 'NONE',  ( -1.000000000000000000, 2.943801717310612657E-16, 0.000000000000000000 ) ) ;
#545 = VECTOR ( 'NONE', #661, 1000.000000000000000 ) ;
#546 = CARTESIAN_POINT ( 'NONE',  ( -29.35858888376365883, -71.49228170886649991, -56.56784116984050570 ) ) ;
#547 = CARTESIAN_POINT ( 'NONE',  ( -98.38870440040517451, -2.837778155457191698, 43.43254660258062927 ) ) ;
#548 = VERTEX_POINT ( 'NONE', #2018 ) ;
#549 = ORIENTED_EDGE ( 'NONE', *, *, #453, .T. ) ;
#550 = DIRECTION ( 'NONE',  ( 0.000000000000000000, -1.000000000000000000, -6.123233995736766036E-17 ) ) ;
#551 = ADVANCED_FACE ( 'NONE', ( #366 ), #1717, .T. ) ;
#552 = LINE ( 'NONE', #216, #977 ) ;
#553 = CARTESIAN_POINT ( 'NONE',  ( -41.57512066975150589, -2.092100137544723903, 42.64708420262041955 ) ) ;
#554 = EDGE_CURVE ( 'NONE', #1623, #223, #162, .T. ) ;
#555 = ORIENTED_EDGE ( 'NONE', *, *, #207, .T. ) ;
#556 = FACE_OUTER_BOUND ( 'NONE', #1328, .T. ) ;
#557 = LINE ( 'NONE', #1741, #407 ) ;
#558 = CARTESIAN_POINT ( 'NONE',  ( 65.00000000000002842, -51.50000000000058265, 83.50000000000018474 ) ) ;
#559 = ORIENTED_EDGE ( 'NONE', *, *, #1011, .T. ) ;
#560 = DIRECTION ( 'NONE',  ( 8.758115402030106693E-47, -3.491481338843133355E-15, -1.000000000000000000 ) ) ;
#561 = EDGE_LOOP ( 'NONE', ( #145, #1302, #654, #1547 ) ) ;
#562 = DIRECTION ( 'NONE',  ( -0.9997563442451452564, -0.01935152261586313080, -0.01061935563160592601 ) ) ;
#563 = LINE ( 'NONE', #2082, #2008 ) ;
#564 = EDGE_LOOP ( 'NONE', ( #633, #1136, #641, #1622 ) ) ;
#565 = EDGE_CURVE ( 'NONE', #469, #802, #846, .T. ) ;
#566 = ORIENTED_EDGE ( 'NONE', *, *, #751, .T. ) ;
#567 = ADVANCED_BREP_SHAPE_REPRESENTATION ( '起垄', ( #1023, #1921 ), #362 ) ;
#568 = DIRECTION ( 'NONE',  ( 0.01365360219838660828, -0.1641169177470451490, 0.9863463978016130396 ) ) ;
#569 = DIRECTION ( 'NONE',  ( 0.07171802778845212667, -0.9837370081665888222, -0.1646755089671307626 ) ) ;
#570 = VECTOR ( 'NONE', #1572, 1000.000000000000000 ) ;
#571 = CARTESIAN_POINT ( 'NONE',  ( 100.0000000000000284, -2.236599999999997479, 84.99999999999998579 ) ) ;
#572 = ORIENTED_EDGE ( 'NONE', *, *, #1930, .F. ) ;
#573 = VECTOR ( 'NONE', #1811, 1000.000000000000000 ) ;
#574 = LINE ( 'NONE', #59, #2201 ) ;
#575 = AXIS2_PLACEMENT_3D ( 'NONE', #151, #1172, #1001 ) ;
#576 = CARTESIAN_POINT ( 'NONE',  ( -1.581515026801726620, -71.49999999999997158, 84.34491502680219810 ) ) ;
#577 = VERTEX_POINT ( 'NONE', #700 ) ;
#578 = CARTESIAN_POINT ( 'NONE',  ( -1.581515026801816104, -71.50000000000000000, 84.34491502680211283 ) ) ;
#579 = EDGE_CURVE ( 'NONE', #2153, #1693, #487, .T. ) ;
#580 = LINE ( 'NONE', #1247, #2022 ) ;
#581 = CARTESIAN_POINT ( 'NONE',  ( -30.51837968093268216, -70.93683439033361537, 56.44976008271549972 ) ) ;
#582 = CARTESIAN_POINT ( 'NONE',  ( -30.18689817081963866, -71.25382462337954337, 54.23953188278458271 ) ) ;
#583 = ORIENTED_EDGE ( 'NONE', *, *, #996, .T. ) ;
#584 = VECTOR ( 'NONE', #923, 1000.000000000000000 ) ;
#585 = DIRECTION ( 'NONE',  ( -1.982541115402065110E-16, -1.000000000000000000, 3.568574007723717001E-15 ) ) ;
#586 = CARTESIAN_POINT ( 'NONE',  ( -42.20218309339815477, -1.750218427491467388, 44.02935667025006694 ) ) ;
#587 = EDGE_CURVE ( 'NONE', #1933, #683, #335, .T. ) ;
#588 = CARTESIAN_POINT ( 'NONE',  ( -1.692476300652084875, -1.500000000000000000, 84.99999999999998579 ) ) ;
#589 = EDGE_CURVE ( 'NONE', #1816, #9, #1022, .T. ) ;
#590 = CARTESIAN_POINT ( 'NONE',  ( -30.21315022156876040, -71.17239362800118840, -54.22561928670373987 ) ) ;
#591 = VERTEX_POINT ( 'NONE', #2102 ) ;
#592 = AXIS2_PLACEMENT_3D ( 'NONE', #735, #1407, #1220 ) ;
#593 = ORIENTED_EDGE ( 'NONE', *, *, #1087, .F. ) ;
#594 = LINE ( 'NONE', #1635, #386 ) ;
#595 = VECTOR ( 'NONE', #1445, 1000.000000000000000 ) ;
#596 = ORIENTED_EDGE ( 'NONE', *, *, #921, .T. ) ;
#597 = DIRECTION ( 'NONE',  ( 0.000000000000000000, 0.1643658727656069907, -0.9863994423508157805 ) ) ;
#598 = EDGE_CURVE ( 'NONE', #1123, #1416, #2075, .T. ) ;
#599 = DIRECTION ( 'NONE',  ( -0.000000000000000000, -0.000000000000000000, 1.000000000000000000 ) ) ;
#600 = CARTESIAN_POINT ( 'NONE',  ( -29.38631385755344283, -71.03932703864877851, -54.50112105840409527 ) ) ;
#601 = AXIS2_PLACEMENT_3D ( 'NONE', #1880, #1866, #358 ) ;
#602 = EDGE_CURVE ( 'NONE', #1433, #591, #557, .T. ) ;
#603 = EDGE_CURVE ( 'NONE', #1277, #1005, #1918, .T. ) ;
#604 = EDGE_LOOP ( 'NONE', ( #2150, #1669, #842, #1273 ) ) ;
#605 = AXIS2_PLACEMENT_3D ( 'NONE', #18, #1206, #1497 ) ;
#606 = DIRECTION ( 'NONE',  ( -1.089066670279417143E-16, 0.000000000000000000, 1.000000000000000000 ) ) ;
#607 = AXIS2_PLACEMENT_3D ( 'NONE', #1431, #1083, #1442 ) ;
#608 = CARTESIAN_POINT ( 'NONE',  ( 65.00000000000002842, -56.49999999999997868, -83.50000000000019895 ) ) ;
#609 = ORIENTED_EDGE ( 'NONE', *, *, #1234, .F. ) ;
#610 = CARTESIAN_POINT ( 'NONE',  ( -98.36822399710760578, -3.083953532077765569, -41.95302700587818379 ) ) ;
#611 = CARTESIAN_POINT ( 'NONE',  ( -30.15702990336128408, -70.94728056395493354, -55.81738075702015323 ) ) ;
#612 = DIRECTION ( 'NONE',  ( 0.000000000000000000, -0.1663727839642353545, -0.9860629273814068840 ) ) ;
#613 = ORIENTED_EDGE ( 'NONE', *, *, #353, .F. ) ;
#614 = EDGE_CURVE ( 'NONE', #1057, #2070, #1935, .T. ) ;
#615 = CARTESIAN_POINT ( 'NONE',  ( 2.205258796811421937E-15, -2.236599999999977495, -82.76339999999983377 ) ) ;
#616 = ADVANCED_FACE ( 'NONE', ( #417 ), #1092, .T. ) ;
#617 = DIRECTION ( 'NONE',  ( -2.482378626307419183E-16, 1.000000000000000000, -3.658830838189345098E-15 ) ) ;
#618 = ORIENTED_EDGE ( 'NONE', *, *, #1438, .F. ) ;
#619 = CARTESIAN_POINT ( 'NONE',  ( -41.58892425603483645, -2.236600000000100952, 44.33750579756937071 ) ) ;
#620 = FACE_OUTER_BOUND ( 'NONE', #890, .T. ) ;
#621 = CARTESIAN_POINT ( 'NONE',  ( -1.581515026801830093, -2.236599999999975719, -84.34491502680185704 ) ) ;
#622 = ORIENTED_EDGE ( 'NONE', *, *, #761, .F. ) ;
#623 = ORIENTED_EDGE ( 'NONE', *, *, #427, .F. ) ;
#624 = CARTESIAN_POINT ( 'NONE',  ( 100.0000000000000284, -2.236600000000005473, 82.76339999999999009 ) ) ;
#625 = EDGE_CURVE ( 'NONE', #1661, #1796, #1280, .T. ) ;
#626 = DIRECTION ( 'NONE',  ( 0.7071067811864746311, -2.459143999544722053E-14, -0.7071067811866204034 ) ) ;
#627 = EDGE_LOOP ( 'NONE', ( #1558, #304, #479, #505 ) ) ;
#628 = CARTESIAN_POINT ( 'NONE',  ( -42.18170269010033024, -1.996393804112060799, 42.54983707354765698 ) ) ;
#629 = CARTESIAN_POINT ( 'NONE',  ( -29.91839746820652124, -71.13325483416549844, -54.26739388023200661 ) ) ;
#630 = CARTESIAN_POINT ( 'NONE',  ( -29.99752482591075875, -70.93683439033364380, 55.92890522769347683 ) ) ;
#631 = VERTEX_POINT ( 'NONE', #292 ) ;
#632 = ORIENTED_EDGE ( 'NONE', *, *, #1221, .F. ) ;
#633 = ORIENTED_EDGE ( 'NONE', *, *, #1466, .T. ) ;
#634 = CARTESIAN_POINT ( 'NONE',  ( -1.581515026801815882, -71.50000000000000000, -84.34491502680211283 ) ) ;
#635 = AXIS2_PLACEMENT_3D ( 'NONE', #264, #1134, #1969 ) ;
#636 = ORIENTED_EDGE ( 'NONE', *, *, #121, .F. ) ;
#637 = LINE ( 'NONE', #1306, #1766 ) ;
#638 = VECTOR ( 'NONE', #678, 999.9999999999998863 ) ;
#639 = DIRECTION ( 'NONE',  ( 0.6877976717824251240, 0.2320963708922691437, -0.6877976717824171304 ) ) ;
#640 = CARTESIAN_POINT ( 'NONE',  ( 65.00000000000002842, -51.49999999999998579, -83.50000000000018474 ) ) ;
#641 = ORIENTED_EDGE ( 'NONE', *, *, #510, .T. ) ;
#642 = ORIENTED_EDGE ( 'NONE', *, *, #1870, .F. ) ;
#643 = LINE ( 'NONE', #122, #1115 ) ;
#644 = ORIENTED_EDGE ( 'NONE', *, *, #1466, .F. ) ;
#645 = CARTESIAN_POINT ( 'NONE',  ( -29.38631385755350678, -71.03932703864876430, 54.50112105840410237 ) ) ;
#646 = ORIENTED_EDGE ( 'NONE', *, *, #2173, .T. ) ;
#647 = FACE_OUTER_BOUND ( 'NONE', #1159, .T. ) ;
#648 = LINE ( 'NONE', #1686, #1884 ) ;
#649 = CARTESIAN_POINT ( 'NONE',  ( -42.20218309339815477, -1.750218427491467388, 44.02935667025006694 ) ) ;
#650 = EDGE_CURVE ( 'NONE', #1924, #1435, #300, .T. ) ;
#651 = CARTESIAN_POINT ( 'NONE',  ( -29.37868376106985124, -71.04023829965947812, -54.48809007435680485 ) ) ;
#652 = CARTESIAN_POINT ( 'NONE',  ( -43.35283692479673334, -2.236600000000141364, -42.57359312880738855 ) ) ;
#653 = EDGE_CURVE ( 'NONE', #1693, #1684, #1483, .T. ) ;
#654 = ORIENTED_EDGE ( 'NONE', *, *, #1896, .T. ) ;
#655 = ORIENTED_EDGE ( 'NONE', *, *, #1742, .F. ) ;
#656 = FACE_OUTER_BOUND ( 'NONE', #1457, .T. ) ;
#657 = ORIENTED_EDGE ( 'NONE', *, *, #1594, .T. ) ;
#658 = CARTESIAN_POINT ( 'NONE',  ( -29.14104756896287896, -70.98809408238270180, 54.66406214108173600 ) ) ;
#659 = ORIENTED_EDGE ( 'NONE', *, *, #1011, .F. ) ;
#660 = DIRECTION ( 'NONE',  ( -1.000000000000000000, -0.000000000000000000, -0.000000000000000000 ) ) ;
#661 = DIRECTION ( 'NONE',  ( 0.000000000000000000, -3.491481338843133355E-15, 1.000000000000000000 ) ) ;
#662 = CARTESIAN_POINT ( 'NONE',  ( 1.108537864677217522E-16, -2.236600000000005473, 82.76339999999999009 ) ) ;
#663 = PRODUCT_DEFINITION_CONTEXT ( 'detailed design', #201, 'design' ) ;
#664 = DIRECTION ( 'NONE',  ( -0.7071067811865439090, 2.411653420884707729E-15, -0.7071067811865512365 ) ) ;
#665 = EDGE_CURVE ( 'NONE', #1804, #469, #2135, .T. ) ;
#666 = VECTOR ( 'NONE', #124, 1000.000000000000227 ) ;
#667 = ORIENTED_EDGE ( 'NONE', *, *, #361, .F. ) ;
#668 = APPLICATION_PROTOCOL_DEFINITION ( 'draft international standard', 'automotive_design', 1998, #844 ) ;
#669 = ORIENTED_EDGE ( 'NONE', *, *, #96, .F. ) ;
#670 = EDGE_CURVE ( 'NONE', #631, #2143, #2117, .T. ) ;
#671 = DIRECTION ( 'NONE',  ( 1.000000000000000000, 0.000000000000000000, 0.000000000000000000 ) ) ;
#672 = PLANE ( 'NONE',  #296 ) ;
#673 = STYLED_ITEM ( 'NONE', ( #1176 ), #567 ) ;
#674 = DIRECTION ( 'NONE',  ( 1.000000000000000000, 0.000000000000000000, -0.000000000000000000 ) ) ;
#675 = VECTOR ( 'NONE', #2004, 1000.000000000000000 ) ;
#676 = VECTOR ( 'NONE', #2063, 1000.000000000000114 ) ;
#677 = VECTOR ( 'NONE', #671, 1000.000000000000000 ) ;
#678 = DIRECTION ( 'NONE',  ( 0.1641169177470450380, -0.9726927956032261902, -0.1641169177470450380 ) ) ;
#679 = DIRECTION ( 'NONE',  ( 0.000000000000000000, 1.000000000000000000, 0.000000000000000000 ) ) ;
#680 = CARTESIAN_POINT ( 'NONE',  ( -41.87580397283444711, -2.049565444744509524, -42.56291866962733650 ) ) ;
#681 =( GEOMETRIC_REPRESENTATION_CONTEXT ( 3 ) GLOBAL_UNCERTAINTY_ASSIGNED_CONTEXT ( ( #756 ) ) GLOBAL_UNIT_ASSIGNED_CONTEXT ( ( #839, #1362, #2036 ) ) REPRESENTATION_CONTEXT ( 'NONE', 'WORKASPACE' ) );
#682 = ORIENTED_EDGE ( 'NONE', *, *, #1660, .T. ) ;
#683 = VERTEX_POINT ( 'NONE', #634 ) ;
#684 = FACE_OUTER_BOUND ( 'NONE', #119, .T. ) ;
#685 = DIRECTION ( 'NONE',  ( -0.7071067811865512365, 0.000000000000000000, -0.7071067811865439090 ) ) ;
#686 = DIRECTION ( 'NONE',  ( 0.000000000000000000, -0.1663727839638898809, 0.9860629273814651707 ) ) ;
#687 = EDGE_CURVE ( 'NONE', #398, #1796, #594, .T. ) ;
#688 = EDGE_CURVE ( 'NONE', #1323, #1933, #251, .T. ) ;
#689 = CARTESIAN_POINT ( 'NONE',  ( -30.52542657853017616, -70.95508921026798532, 55.72126318511811149 ) ) ;
#690 = CARTESIAN_POINT ( 'NONE',  ( 1.425618699904787563E-14, -71.49999999999998579, 82.76340000000044483 ) ) ;
#691 = CARTESIAN_POINT ( 'NONE',  ( -28.29792871198387516, -71.49228170886651412, -55.50718099806070427 ) ) ;
#692 = CARTESIAN_POINT ( 'NONE',  ( -0.5208548550219218587, -2.236599999999977939, 83.28425485502175718 ) ) ;
#693 = CARTESIAN_POINT ( 'NONE',  ( -41.87366208602333728, -2.051704969675356427, -42.54809667268486351 ) ) ;
#694 = ORIENTED_EDGE ( 'NONE', *, *, #196, .F. ) ;
#695 = VERTEX_POINT ( 'NONE', #1140 ) ;
#696 = CARTESIAN_POINT ( 'NONE',  ( -29.38146137699309435, -71.50000000000008527, 56.54496867661111281 ) ) ;
#697 = LINE ( 'NONE', #841, #215 ) ;
#698 = EDGE_CURVE ( 'NONE', #1533, #56, #1376, .T. ) ;
#699 = PLANE ( 'NONE',  #1979 ) ;
#700 = CARTESIAN_POINT ( 'NONE',  ( 100.0000000000000284, -71.49999999999998579, -83.50000000000027001 ) ) ;
#701 = DIRECTION ( 'NONE',  ( 0.000000000000000000, 6.982962677686266711E-15, -1.000000000000000000 ) ) ;
#702 = ORIENTED_EDGE ( 'NONE', *, *, #1940, .F. ) ;
#703 = EDGE_LOOP ( 'NONE', ( #156, #1564, #1291, #878 ) ) ;
#704 = FACE_OUTER_BOUND ( 'NONE', #1755, .T. ) ;
#705 = FACE_OUTER_BOUND ( 'NONE', #1226, .T. ) ;
#706 = CARTESIAN_POINT ( 'NONE',  ( 100.0000000000000284, -1.500000000000000000, 82.76339999999999009 ) ) ;
#707 = CIRCLE ( 'NONE', #743, 4.999999999999997335 ) ;
#708 = VECTOR ( 'NONE', #2077, 1000.000000000000000 ) ;
#709 = DIRECTION ( 'NONE',  ( -0.000000000000000000, -0.000000000000000000, 1.000000000000000000 ) ) ;
#710 = VECTOR ( 'NONE', #1778, 1000.000000000000000 ) ;
#711 = VECTOR ( 'NONE', #2123, 1000.000000000000000 ) ;
#712 = VERTEX_POINT ( 'NONE', #1956 ) ;
#713 = FILL_AREA_STYLE_COLOUR ( '', #1805 ) ;
#714 = ORIENTED_EDGE ( 'NONE', *, *, #1218, .F. ) ;
#715 = ADVANCED_FACE ( 'NONE', ( #1818 ), #430, .T. ) ;
#716 = CARTESIAN_POINT ( 'NONE',  ( 1.108537864677217522E-16, -1.500000000000001332, 82.76339999999999009 ) ) ;
#717 = AXIS2_PLACEMENT_3D ( 'NONE', #1166, #1344, #979 ) ;
#718 = DIRECTION ( 'NONE',  ( 9.827401457297368911E-31, 3.568574007723718578E-15, -1.000000000000000000 ) ) ;
#719 = LINE ( 'NONE', #873, #2076 ) ;
#720 = DIRECTION ( 'NONE',  ( -0.9997563442451452564, -0.01935152261586313080, -0.01061935563160592774 ) ) ;
#721 = EDGE_CURVE ( 'NONE', #795, #1684, #1964, .T. ) ;
#722 = ORIENTED_EDGE ( 'NONE', *, *, #1397, .F. ) ;
#723 = DIRECTION ( 'NONE',  ( -0.1598674669187754305, -0.9741071737965733002, 0.1598674669187789554 ) ) ;
#724 = ORIENTED_EDGE ( 'NONE', *, *, #1233, .T. ) ;
#725 = DIRECTION ( 'NONE',  ( -0.01365360219838657185, 0.1641169177470450935, -0.9863463978016129285 ) ) ;
#726 = FACE_OUTER_BOUND ( 'NONE', #1603, .T. ) ;
#727 = EDGE_CURVE ( 'NONE', #695, #48, #462, .T. ) ;
#728 = ORIENTED_EDGE ( 'NONE', *, *, #1992, .F. ) ;
#729 = PLANE ( 'NONE',  #1224 ) ;
#730 = DIRECTION ( 'NONE',  ( 9.827401457297370663E-31, 3.568574007723718578E-15, -1.000000000000000000 ) ) ;
#731 = CARTESIAN_POINT ( 'NONE',  ( 65.00000000000002842, -51.50000000000058975, 85.00000000000032685 ) ) ;
#732 = DIRECTION ( 'NONE',  ( 0.01365360219838691012, -0.1641169177470538365, -0.9863463978016114853 ) ) ;
#733 = ORIENTED_EDGE ( 'NONE', *, *, #250, .T. ) ;
#734 = LINE ( 'NONE', #1754, #711 ) ;
#735 = CARTESIAN_POINT ( 'NONE',  ( 1.181708930066776980E-14, -71.50000000000001421, -82.76340000000044483 ) ) ;
#736 = EDGE_LOOP ( 'NONE', ( #800, #2083, #799, #293 ) ) ;
#737 = EDGE_CURVE ( 'NONE', #1433, #1831, #441, .T. ) ;
#738 = EDGE_CURVE ( 'NONE', #940, #1152, #1470, .T. ) ;
#739 = ORIENTED_EDGE ( 'NONE', *, *, #196, .T. ) ;
#740 = DIRECTION ( 'NONE',  ( 0.7071067811865439090, -2.411653420884706940E-15, -0.7071067811865512365 ) ) ;
#741 = VECTOR ( 'NONE', #1601, 1000.000000000000000 ) ;
#742 = CARTESIAN_POINT ( 'NONE',  ( -30.50473932315926717, -71.20375095819245814, -54.22680044048892256 ) ) ;
#743 = AXIS2_PLACEMENT_3D ( 'NONE', #2149, #1822, #129 ) ;
#744 = AXIS2_PLACEMENT_3D ( 'NONE', #1021, #1685, #161 ) ;
#745 = LINE ( 'NONE', #1404, #570 ) ;
#746 = LINE ( 'NONE', #582, #1239 ) ;
#747 = VECTOR ( 'NONE', #139, 1000.000000000000000 ) ;
#748 = ORIENTED_EDGE ( 'NONE', *, *, #207, .F. ) ;
#749 = FACE_OUTER_BOUND ( 'NONE', #604, .T. ) ;
#750 = VECTOR ( 'NONE', #452, 999.9999999999998863 ) ;
#751 = EDGE_CURVE ( 'NONE', #527, #56, #1783, .T. ) ;
#752 = ADVANCED_FACE ( 'NONE', ( #448 ), #1625, .F. ) ;
#753 = DIRECTION ( 'NONE',  ( -0.6877976717823442998, -0.2320963708927381297, -0.6877976717823397479 ) ) ;
#754 = DIRECTION ( 'NONE',  ( 1.000000000000000000, 0.000000000000000000, 0.000000000000000000 ) ) ;
#755 = AXIS2_PLACEMENT_3D ( 'NONE', #690, #2087, #2074 ) ;
#756 = UNCERTAINTY_MEASURE_WITH_UNIT (LENGTH_MEASURE( 1.000000000000000082E-05 ), #839, 'distance_accuracy_value', 'NONE');
#757 = CARTESIAN_POINT ( 'NONE',  ( 8.353291238702765764E-29, 3.033287906565161565E-13, -83.50000000000001421 ) ) ;
#758 = EDGE_LOOP ( 'NONE', ( #613, #125, #1072, #2035 ) ) ;
#759 = ORIENTED_EDGE ( 'NONE', *, *, #1397, .T. ) ;
#760 = CARTESIAN_POINT ( 'NONE',  ( -41.57738952135323274, -2.091775853161753407, -42.64640868577582467 ) ) ;
#761 = EDGE_CURVE ( 'NONE', #46, #398, #794, .T. ) ;
#762 = VERTEX_POINT ( 'NONE', #220 ) ;
#763 = LINE ( 'NONE', #774, #1518 ) ;
#764 = ADVANCED_FACE ( 'NONE', ( #908 ), #16, .F. ) ;
#765 = LINE ( 'NONE', #588, #1295 ) ;
#766 = FACE_OUTER_BOUND ( 'NONE', #472, .T. ) ;
#767 = VECTOR ( 'NONE', #1251, 1000.000000000000000 ) ;
#768 = ORIENTED_EDGE ( 'NONE', *, *, #1825, .F. ) ;
#769 = AXIS2_PLACEMENT_3D ( 'NONE', #1710, #1006, #25 ) ;
#770 = DIRECTION ( 'NONE',  ( 0.000000000000000000, 6.123233995736766036E-17, -1.000000000000000000 ) ) ;
#771 = CARTESIAN_POINT ( 'NONE',  ( 100.0000000000000284, -2.236600000000005473, 83.49999999999998579 ) ) ;
#772 = AXIS2_PLACEMENT_3D ( 'NONE', #1465, #1288, #280 ) ;
#773 = ORIENTED_EDGE ( 'NONE', *, *, #493, .T. ) ;
#774 = CARTESIAN_POINT ( 'NONE',  ( 0.000000000000000000, 0.000000000000000000, -82.01340000000001851 ) ) ;
#775 = EDGE_CURVE ( 'NONE', #1152, #543, #719, .T. ) ;
#776 = CARTESIAN_POINT ( 'NONE',  ( 100.0000000000000284, -71.49999999999998579, -85.00000000000027001 ) ) ;
#777 = CARTESIAN_POINT ( 'NONE',  ( -12.44800647892990852, -73.80551492803336089, 56.43042072595627445 ) ) ;
#778 = AXIS2_PLACEMENT_3D ( 'NONE', #395, #204, #1364 ) ;
#779 = EDGE_CURVE ( 'NONE', #1684, #223, #533, .T. ) ;
#780 = ORIENTED_EDGE ( 'NONE', *, *, #322, .T. ) ;
#781 = VECTOR ( 'NONE', #1382, 999.9999999999998863 ) ;
#782 = VECTOR ( 'NONE', #1854, 1000.000000000000000 ) ;
#783 = PLANE ( 'NONE',  #1440 ) ;
#784 = DIRECTION ( 'NONE',  ( -1.000000000000000000, 2.943801717310612657E-16, 0.000000000000000000 ) ) ;
#785 = ORIENTED_EDGE ( 'NONE', *, *, #1544, .T. ) ;
#786 = PLANE ( 'NONE',  #1041 ) ;
#787 = CARTESIAN_POINT ( 'NONE',  ( -30.32967803050564015, -70.95616930561544677, -55.72822996788964645 ) ) ;
#788 = DIRECTION ( 'NONE',  ( -0.7071067811865512365, 0.000000000000000000, 0.7071067811865439090 ) ) ;
#789 = EDGE_CURVE ( 'NONE', #1824, #384, #1389, .T. ) ;
#790 = EDGE_LOOP ( 'NONE', ( #2028, #960, #203, #277 ) ) ;
#791 = ORIENTED_EDGE ( 'NONE', *, *, #2007, .T. ) ;
#792 = ADVANCED_FACE ( 'NONE', ( #1727 ), #1203, .T. ) ;
#793 = DIRECTION ( 'NONE',  ( 0.000000000000000000, -1.000000000000000000, 3.491481338843133355E-15 ) ) ;
#794 = LINE ( 'NONE', #1379, #1629 ) ;
#795 = VERTEX_POINT ( 'NONE', #53 ) ;
#796 = CARTESIAN_POINT ( 'NONE',  ( -40.73748678910173027, -2.203789639716544624, 43.04640971750720979 ) ) ;
#797 = CARTESIAN_POINT ( 'NONE',  ( -28.93686465413096087, -70.93683439033365801, -54.86824505591356171 ) ) ;
#798 = CARTESIAN_POINT ( 'NONE',  ( -28.93686465413102837, -70.93683439033367222, 54.86824505591354040 ) ) ;
#799 = ORIENTED_EDGE ( 'NONE', *, *, #1327, .T. ) ;
#800 = ORIENTED_EDGE ( 'NONE', *, *, #1980, .T. ) ;
#801 = CARTESIAN_POINT ( 'NONE',  ( 1.108537864677217522E-16, 0.000000000000000000, 0.000000000000000000 ) ) ;
#802 = VERTEX_POINT ( 'NONE', #1036 ) ;
#803 = ADVANCED_FACE ( 'NONE', ( #556 ), #1700, .F. ) ;
#804 = CARTESIAN_POINT ( 'NONE',  ( -0.5208548550220115647, -2.236599999999977495, 83.28425485502202719 ) ) ;
#805 = ORIENTED_EDGE ( 'NONE', *, *, #1676, .F. ) ;
#806 = DIRECTION ( 'NONE',  ( 0.000000000000000000, 3.568574007723717001E-15, 1.000000000000000000 ) ) ;
#807 = DIRECTION ( 'NONE',  ( 0.000000000000000000, 0.000000000000000000, 1.000000000000000000 ) ) ;
#808 = CARTESIAN_POINT ( 'NONE',  ( -42.02027828667541343, -2.000000000000000000, 45.21778977472712313 ) ) ;
#809 = ORIENTED_EDGE ( 'NONE', *, *, #721, .F. ) ;
#810 = ORIENTED_EDGE ( 'NONE', *, *, #1354, .T. ) ;
#811 = AXIS2_PLACEMENT_3D ( 'NONE', #1255, #234, #1248 ) ;
#812 = CARTESIAN_POINT ( 'NONE',  ( 100.0000000000000284, -1.500000000000006883, -82.76340000000001851 ) ) ;
#813 = VECTOR ( 'NONE', #970, 1000.000000000000000 ) ;
#814 = ORIENTED_EDGE ( 'NONE', *, *, #2011, .T. ) ;
#815 = VECTOR ( 'NONE', #170, 1000.000000000000000 ) ;
#816 = LINE ( 'NONE', #829, #1587 ) ;
#817 = AXIS2_PLACEMENT_3D ( 'NONE', #1886, #198, #884 ) ;
#818 = ADVANCED_FACE ( 'NONE', ( #520 ), #1223, .F. ) ;
#819 = ORIENTED_EDGE ( 'NONE', *, *, #2121, .F. ) ;
#820 = FACE_OUTER_BOUND ( 'NONE', #1852, .T. ) ;
#821 = VECTOR ( 'NONE', #1830, 1000.000000000000000 ) ;
#822 = FACE_OUTER_BOUND ( 'NONE', #1671, .T. ) ;
#823 = ADVANCED_FACE ( 'NONE', ( #1066 ), #1191, .T. ) ;
#824 = CARTESIAN_POINT ( 'NONE',  ( -30.00823749364571569, -70.93683439033364380, -55.93961789542840535 ) ) ;
#825 = CARTESIAN_POINT ( 'NONE',  ( -1.692476300652070886, -1.500000000000000000, 85.00000000000001421 ) ) ;
#826 = ORIENTED_EDGE ( 'NONE', *, *, #1168, .T. ) ;
#827 = DIRECTION ( 'NONE',  ( 0.000000000000000000, 0.000000000000000000, -1.000000000000000000 ) ) ;
#828 = EDGE_LOOP ( 'NONE', ( #559, #1175 ) ) ;
#829 = CARTESIAN_POINT ( 'NONE',  ( -42.02027828667541343, -2.000000000000000000, -45.21778977472712313 ) ) ;
#830 = ORIENTED_EDGE ( 'NONE', *, *, #1368, .F. ) ;
#831 = CARTESIAN_POINT ( 'NONE',  ( -30.50473932315943060, -71.20375095819245814, 54.22680044048900072 ) ) ;
#832 = ADVANCED_FACE ( 'NONE', ( #29 ), #2066, .T. ) ;
#833 = CARTESIAN_POINT ( 'NONE',  ( -1.365769881823821308, -71.50000000000000000, -84.56066017178009986 ) ) ;
#834 = CARTESIAN_POINT ( 'NONE',  ( -99.99999999999997158, -1.500000000000000000, 84.99999999999998579 ) ) ;
#835 = FACE_OUTER_BOUND ( 'NONE', #790, .T. ) ;
#836 = EDGE_CURVE ( 'NONE', #526, #1336, #27, .T. ) ;
#837 = LINE ( 'NONE', #798, #497 ) ;
#838 = VERTEX_POINT ( 'NONE', #1019 ) ;
#839 =( LENGTH_UNIT ( ) NAMED_UNIT ( * ) SI_UNIT ( .MILLI., .METRE. ) );
#840 = ORIENTED_EDGE ( 'NONE', *, *, #439, .F. ) ;
#841 = CARTESIAN_POINT ( 'NONE',  ( -6.207812042191447330E-16, -2.236599999999967281, -85.00000000000002842 ) ) ;
#842 = ORIENTED_EDGE ( 'NONE', *, *, #493, .F. ) ;
#843 = CARTESIAN_POINT ( 'NONE',  ( 0.000000000000000000, -2.236599999999981492, -82.76340000000001851 ) ) ;
#844 = APPLICATION_CONTEXT ( 'automotive_design' ) ;
#845 = DIRECTION ( 'NONE',  ( -0.7022747214527409465, 0.000000000000000000, 0.7119060440876135987 ) ) ;
#846 = LINE ( 'NONE', #17, #1714 ) ;
#847 = DIRECTION ( 'NONE',  ( -0.01365360219838657879, 0.1641169177470450935, 0.9863463978016129285 ) ) ;
#848 = B_SPLINE_SURFACE_WITH_KNOTS ( 'NONE', 1, 3, ( 
 ( #1628, #943, #651, #629, #117, #1779 ),
 ( #797, #1651, #466, #2163, #1950, #1821 ),
 ( #1275, #106, #97, #787, #2132, #434 ),
 ( #824, #1982, #611, #984, #1459, #254 ) ),
 .UNSPECIFIED., .F., .F., .F.,
 ( 2, 1, 1, 2 ),
 ( 4, 2, 4 ),
 ( -0.01000000000000000021, 0.000000000000000000, 1.000000000000000000, 1.010099999999999998 ),
 ( 0.000000000000000000, 0.5000000000000000000, 1.000000000000000000 ),
 .UNSPECIFIED. ) ;
#849 = LINE ( 'NONE', #165, #1094 ) ;
#850 = EDGE_CURVE ( 'NONE', #1680, #695, #1178, .T. ) ;
#851 = EDGE_CURVE ( 'NONE', #1338, #1057, #1735, .T. ) ;
#852 = ORIENTED_EDGE ( 'NONE', *, *, #1208, .F. ) ;
#853 = VERTEX_POINT ( 'NONE', #706 ) ;
#854 = DIRECTION ( 'NONE',  ( 9.827401457297370663E-31, 3.568574007723718578E-15, -1.000000000000000000 ) ) ;
#855 = EDGE_CURVE ( 'NONE', #1985, #235, #217, .T. ) ;
#856 = CARTESIAN_POINT ( 'NONE',  ( 100.0000000000000142, -71.50000000000001421, 85.00000000000024158 ) ) ;
#857 = ORIENTED_EDGE ( 'NONE', *, *, #371, .F. ) ;
#858 = VECTOR ( 'NONE', #1144, 1000.000000000000000 ) ;
#859 = CARTESIAN_POINT ( 'NONE',  ( -28.93686465413103193, -70.93683439033368643, 54.86824505591353329 ) ) ;
#860 = AXIS2_PLACEMENT_3D ( 'NONE', #2053, #1025, #1718 ) ;
#861 = VECTOR ( 'NONE', #310, 1000.000000000000000 ) ;
#862 = CARTESIAN_POINT ( 'NONE',  ( 0.000000000000000000, -71.50000000000001421, 83.50000000000024158 ) ) ;
#863 = CARTESIAN_POINT ( 'NONE',  ( 8.572527594031474570E-15, -71.50000000000000000, -85.00000000000027001 ) ) ;
#864 = FACE_OUTER_BOUND ( 'NONE', #758, .T. ) ;
#865 = ORIENTED_EDGE ( 'NONE', *, *, #1829, .F. ) ;
#866 = ORIENTED_EDGE ( 'NONE', *, *, #670, .T. ) ;
#867 = DIRECTION ( 'NONE',  ( 0.000000000000000000, -1.000000000000000000, 2.775557561562892929E-15 ) ) ;
#868 = EDGE_CURVE ( 'NONE', #1435, #1123, #1683, .T. ) ;
#869 = PLANE ( 'NONE',  #1200 ) ;
#870 = CARTESIAN_POINT ( 'NONE',  ( 65.00000000000002842, -56.50000000000058265, 85.00000000000031264 ) ) ;
#871 = PRODUCT_DEFINITION_SHAPE ( 'NONE', 'NONE',  #1874 ) ;
#872 = DIRECTION ( 'NONE',  ( 0.01365360219838660828, -0.1641169177470451490, -0.9863463978016130396 ) ) ;
#873 = CARTESIAN_POINT ( 'NONE',  ( 65.00000000000002842, -51.50000000000058975, 85.00000000000032685 ) ) ;
#874 = DIRECTION ( 'NONE',  ( -0.6877976717823460762, -0.2320963708927381297, 0.6877976717823379715 ) ) ;
#875 = DIRECTION ( 'NONE',  ( 0.000000000000000000, 6.204859075298919692E-15, -1.000000000000000000 ) ) ;
#876 = CARTESIAN_POINT ( 'NONE',  ( -1.692476300652070886, -1.500000000000000000, -85.00000000000001421 ) ) ;
#877 = ORIENTED_EDGE ( 'NONE', *, *, #1955, .F. ) ;
#878 = ORIENTED_EDGE ( 'NONE', *, *, #737, .T. ) ;
#879 = DIRECTION ( 'NONE',  ( 0.000000000000000000, 1.000000000000000000, 0.000000000000000000 ) ) ;
#880 = DIRECTION ( 'NONE',  ( 2.943801717310612657E-16, 1.000000000000000000, 0.000000000000000000 ) ) ;
#881 = DIRECTION ( 'NONE',  ( 0.000000000000000000, 1.000000000000000000, 2.775557561562892929E-15 ) ) ;
#882 = CARTESIAN_POINT ( 'NONE',  ( 0.000000000000000000, -1.499999999999977573, -82.01340000000001851 ) ) ;
#883 = CARTESIAN_POINT ( 'NONE',  ( 0.000000000000000000, 0.000000000000000000, 82.01339999999999009 ) ) ;
#884 = DIRECTION ( 'NONE',  ( 1.000000000000000000, 0.000000000000000000, 0.000000000000000000 ) ) ;
#885 = CARTESIAN_POINT ( 'NONE',  ( -30.02442064286704593, -71.30382865112287050, 53.78068906717754771 ) ) ;
#886 = EDGE_CURVE ( 'NONE', #1270, #2167, #1154, .T. ) ;
#887 = CARTESIAN_POINT ( 'NONE',  ( -99.99999999999997158, 0.000000000000000000, -85.00000000000001421 ) ) ;
#888 = AXIS2_PLACEMENT_3D ( 'NONE', #1061, #40, #1913 ) ;
#889 = FILL_AREA_STYLE ('',( #1719 ) ) ;
#890 = EDGE_LOOP ( 'NONE', ( #773, #946, #1998, #1889 ) ) ;
#891 = VERTEX_POINT ( 'NONE', #1469 ) ;
#892 = DIRECTION ( 'NONE',  ( 0.000000000000000000, -6.123233995736766036E-17, 1.000000000000000000 ) ) ;
#893 = CARTESIAN_POINT ( 'NONE',  ( 0.9031031691204604028, 7.174726982195767100, -41.62027188450074533 ) ) ;
#894 = EDGE_CURVE ( 'NONE', #1305, #1911, #1833, .T. ) ;
#895 = AXIS2_PLACEMENT_3D ( 'NONE', #1912, #38, #2038 ) ;
#896 = VECTOR ( 'NONE', #1334, 999.9999999999998863 ) ;
#897 = CARTESIAN_POINT ( 'NONE',  ( 100.0000000000000284, -2.236600000000008137, -83.50000000000001421 ) ) ;
#898 = VECTOR ( 'NONE', #3, 1000.000000000000000 ) ;
#899 = VECTOR ( 'NONE', #1122, 1000.000000000000000 ) ;
#900 = ORIENTED_EDGE ( 'NONE', *, *, #751, .F. ) ;
#901 = LINE ( 'NONE', #1588, #1437 ) ;
#902 = VERTEX_POINT ( 'NONE', #1856 ) ;
#903 = DIRECTION ( 'NONE',  ( 9.827401457297368911E-31, 3.568574007723718578E-15, -1.000000000000000000 ) ) ;
#904 = DIRECTION ( 'NONE',  ( 1.000000000000000000, 0.000000000000000000, 0.000000000000000000 ) ) ;
#905 = DIRECTION ( 'NONE',  ( -1.000000000000000000, 0.000000000000000000, 0.000000000000000000 ) ) ;
#906 = ORIENTED_EDGE ( 'NONE', *, *, #587, .F. ) ;
#907 = EDGE_LOOP ( 'NONE', ( #1565, #1819, #115, #572 ) ) ;
#908 = FACE_OUTER_BOUND ( 'NONE', #212, .T. ) ;
#909 = CARTESIAN_POINT ( 'NONE',  ( -0.7500000000000000000, -1.499999999999977573, -82.01340000000001851 ) ) ;
#910 = ORIENTED_EDGE ( 'NONE', *, *, #598, .F. ) ;
#911 = FACE_OUTER_BOUND ( 'NONE', #137, .T. ) ;
#912 = ORIENTED_EDGE ( 'NONE', *, *, #387, .F. ) ;
#913 = SURFACE_SIDE_STYLE ('',( #1242 ) ) ;
#914 = CARTESIAN_POINT ( 'NONE',  ( 9.020748322519323599E-17, -2.236599999999963728, -84.99999999999978684 ) ) ;
#915 = ORIENTED_EDGE ( 'NONE', *, *, #1760, .F. ) ;
#916 = ORIENTED_EDGE ( 'NONE', *, *, #565, .T. ) ;
#917 = CARTESIAN_POINT ( 'NONE',  ( -42.02027828667541343, -1.500000000000000000, -45.21778977472712313 ) ) ;
#918 = CARTESIAN_POINT ( 'NONE',  ( -42.29217675301691770, -2.236600000000145361, 41.51293295702756581 ) ) ;
#919 =( NAMED_UNIT ( * ) SI_UNIT ( $, .STERADIAN. ) SOLID_ANGLE_UNIT ( ) );
#920 = ORIENTED_EDGE ( 'NONE', *, *, #650, .T. ) ;
#921 = EDGE_CURVE ( 'NONE', #109, #1824, #1673, .T. ) ;
#922 = PLANE ( 'NONE',  #1402 ) ;
#923 = DIRECTION ( 'NONE',  ( 0.7071067811865512365, 2.590856249355741187E-15, -0.7071067811865439090 ) ) ;
#924 = CARTESIAN_POINT ( 'NONE',  ( -29.38146137699308724, -71.50000000000008527, -56.54496867661112702 ) ) ;
#925 = VECTOR ( 'NONE', #2, 1000.000000000000000 ) ;
#926 = VECTOR ( 'NONE', #237, 1000.000000000000000 ) ;
#927 = LINE ( 'NONE', #1559, #1795 ) ;
#928 = CARTESIAN_POINT ( 'NONE',  ( -28.93686465413092890, -70.93683439033362959, -54.86824505591365408 ) ) ;
#929 = CIRCLE ( 'NONE', #1616, 4.999999999999997335 ) ;
#930 = EDGE_LOOP ( 'NONE', ( #2055, #403, #2086, #1809 ) ) ;
#931 = EDGE_CURVE ( 'NONE', #762, #48, #127, .T. ) ;
#932 = ORIENTED_EDGE ( 'NONE', *, *, #653, .T. ) ;
#933 = EDGE_CURVE ( 'NONE', #1187, #1070, #982, .T. ) ;
#934 = LINE ( 'NONE', #67, #781 ) ;
#935 = PLANE ( 'NONE',  #1691 ) ;
#936 = DIRECTION ( 'NONE',  ( 0.7119060440876135987, -0.000000000000000000, -0.7022747214527409465 ) ) ;
#937 = ORIENTED_EDGE ( 'NONE', *, *, #738, .T. ) ;
#938 = EDGE_LOOP ( 'NONE', ( #1160, #166, #2169, #968 ) ) ;
#939 = DIRECTION ( 'NONE',  ( -0.7071067811865440200, 2.461744045254195541E-15, 0.7071067811865511255 ) ) ;
#940 = VERTEX_POINT ( 'NONE', #313 ) ;
#941 = CARTESIAN_POINT ( 'NONE',  ( -41.97812008517446714, -1.917853072784023949, 44.07978791322079104 ) ) ;
#942 = EDGE_CURVE ( 'NONE', #902, #795, #1981, .T. ) ;
#943 = CARTESIAN_POINT ( 'NONE',  ( -29.13182838845996514, -70.98855909504692363, -54.65206811814898202 ) ) ;
#944 = SURFACE_STYLE_USAGE ( .BOTH. , #913 ) ;
#945 = AXIS2_PLACEMENT_3D ( 'NONE', #1271, #989, #1658 ) ;
#946 = ORIENTED_EDGE ( 'NONE', *, *, #338, .T. ) ;
#947 = FACE_OUTER_BOUND ( 'NONE', #1016, .T. ) ;
#948 = DIRECTION ( 'NONE',  ( 1.000000000000000000, 0.000000000000000000, 0.000000000000000000 ) ) ;
#949 = ORIENTED_EDGE ( 'NONE', *, *, #1995, .T. ) ;
#950 = CARTESIAN_POINT ( 'NONE',  ( -1.692476300652070886, 0.000000000000000000, -85.00000000000001421 ) ) ;
#951 = ADVANCED_FACE ( 'NONE', ( #141 ), #326, .T. ) ;
#952 = LINE ( 'NONE', #2148, #1474 ) ;
#953 = CARTESIAN_POINT ( 'NONE',  ( 1.108537864677217522E-16, -1.500000000000001332, 82.01339999999999009 ) ) ;
#954 = VERTEX_POINT ( 'NONE', #649 ) ;
#955 = VECTOR ( 'NONE', #753, 1000.000000000000000 ) ;
#956 = VECTOR ( 'NONE', #905, 1000.000000000000000 ) ;
#957 = AXIS2_PLACEMENT_3D ( 'NONE', #1842, #1339, #685 ) ;
#958 = LINE ( 'NONE', #257, #258 ) ;
#959 = DIRECTION ( 'NONE',  ( -2.943801717310612657E-16, -1.000000000000000000, 0.000000000000000000 ) ) ;
#960 = ORIENTED_EDGE ( 'NONE', *, *, #1602, .T. ) ;
#961 = CARTESIAN_POINT ( 'NONE',  ( -99.99999999999997158, -1.500000000000000000, -45.21778977472712313 ) ) ;
#962 = CARTESIAN_POINT ( 'NONE',  ( -94.13283980813645258, -61.17958581556111852, 51.67811382850366897 ) ) ;
#963 = DIRECTION ( 'NONE',  ( 1.000000000000000000, 0.000000000000000000, 0.000000000000000000 ) ) ;
#964 = ORIENTED_EDGE ( 'NONE', *, *, #1859, .T. ) ;
#965 = ORIENTED_EDGE ( 'NONE', *, *, #579, .F. ) ;
#966 = PLANE ( 'NONE',  #1606 ) ;
#967 = CARTESIAN_POINT ( 'NONE',  ( -29.99752482591074454, -70.93683439033364380, 55.92890522769346262 ) ) ;
#968 = ORIENTED_EDGE ( 'NONE', *, *, #524, .F. ) ;
#969 = CARTESIAN_POINT ( 'NONE',  ( -42.08999265394548672, -1.835612951659784775, 44.04511836387452917 ) ) ;
#970 = DIRECTION ( 'NONE',  ( -6.922005307915560606E-31, 0.000000000000000000, 1.000000000000000000 ) ) ;
#971 = CARTESIAN_POINT ( 'NONE',  ( -0.7500000000000003331, 0.000000000000000000, -85.00000000000001421 ) ) ;
#972 = ORIENTED_EDGE ( 'NONE', *, *, #1145, .T. ) ;
#973 = ORIENTED_EDGE ( 'NONE', *, *, #1234, .T. ) ;
#974 = EDGE_CURVE ( 'NONE', #1522, #398, #995, .T. ) ;
#975 = LINE ( 'NONE', #481, #379 ) ;
#976 = ORIENTED_EDGE ( 'NONE', *, *, #226, .T. ) ;
#977 = VECTOR ( 'NONE', #904, 1000.000000000000000 ) ;
#978 = ADVANCED_FACE ( 'NONE', ( #822 ), #1156, .T. ) ;
#979 = DIRECTION ( 'NONE',  ( -0.7071067811865423547, 5.887603434622221448E-15, 0.7071067811865526798 ) ) ;
#980 = ORIENTED_EDGE ( 'NONE', *, *, #96, .T. ) ;
#981 = LINE ( 'NONE', #961, #269 ) ;
#982 = LINE ( 'NONE', #1650, #747 ) ;
#983 = DIRECTION ( 'NONE',  ( 2.081582156778933111E-16, -1.000000000000000000, 8.881417202256780747E-15 ) ) ;
#984 = CARTESIAN_POINT ( 'NONE',  ( -30.33379083612863170, -70.95439845032994697, -55.74283832876622569 ) ) ;
#985 = FACE_OUTER_BOUND ( 'NONE', #178, .T. ) ;
#986 = VERTEX_POINT ( 'NONE', #1536 ) ;
#987 = ORIENTED_EDGE ( 'NONE', *, *, #1208, .T. ) ;
#988 = VECTOR ( 'NONE', #1387, 1000.000000000000227 ) ;
#989 = DIRECTION ( 'NONE',  ( 9.827401457297368911E-31, 3.568574007723718578E-15, -1.000000000000000000 ) ) ;
#990 = ADVANCED_FACE ( 'NONE', ( #1044 ), #528, .F. ) ;
#991 = VECTOR ( 'NONE', #1922, 999.9999999999998863 ) ;
#992 = ORIENTED_EDGE ( 'NONE', *, *, #1409, .T. ) ;
#993 = AXIS2_PLACEMENT_3D ( 'NONE', #870, #1501, #881 ) ;
#994 = PLANE ( 'NONE',  #359 ) ;
#995 = CIRCLE ( 'NONE', #2064, 2.236599999999880239 ) ;
#996 = EDGE_CURVE ( 'NONE', #176, #2191, #342, .T. ) ;
#997 = ORIENTED_EDGE ( 'NONE', *, *, #2124, .F. ) ;
#998 = PLANE ( 'NONE',  #77 ) ;
#999 = CARTESIAN_POINT ( 'NONE',  ( -0.7499999999999998890, -1.500000000000001332, 82.01339999999999009 ) ) ;
#1000 = FACE_OUTER_BOUND ( 'NONE', #1692, .T. ) ;
#1001 = DIRECTION ( 'NONE',  ( 1.982541115402065110E-16, 1.000000000000000000, 0.000000000000000000 ) ) ;
#1002 = CARTESIAN_POINT ( 'NONE',  ( 100.0000000000000284, -1.500000000000000000, 84.99999999999998579 ) ) ;
#1003 = DIRECTION ( 'NONE',  ( 0.000000000000000000, 3.490233229855858277E-15, -1.000000000000000000 ) ) ;
#1004 = ORIENTED_EDGE ( 'NONE', *, *, #286, .T. ) ;
#1005 = VERTEX_POINT ( 'NONE', #23 ) ;
#1006 = DIRECTION ( 'NONE',  ( -1.387721437852652807E-16, 1.000000000000000000, 8.881417202256977962E-15 ) ) ;
#1007 = ORIENTED_EDGE ( 'NONE', *, *, #738, .F. ) ;
#1008 = DIRECTION ( 'NONE',  ( -1.000000000000000000, 2.943801717310612657E-16, 0.000000000000000000 ) ) ;
#1009 = ORIENTED_EDGE ( 'NONE', *, *, #1602, .F. ) ;
#1010 = CARTESIAN_POINT ( 'NONE',  ( -30.33379083612862459, -70.95439845032994697, 55.74283832876628964 ) ) ;
#1011 = EDGE_CURVE ( 'NONE', #1803, #1984, #929, .T. ) ;
#1012 = CARTESIAN_POINT ( 'NONE',  ( -40.45170546747119289, 0.5410665389589159879, 43.35340424257326220 ) ) ;
#1013 = LINE ( 'NONE', #2197, #2098 ) ;
#1014 = ADVANCED_FACE ( 'NONE', ( #179 ), #2089, .F. ) ;
#1015 = CYLINDRICAL_SURFACE ( 'NONE', #601, 2.236600000000000144 ) ;
#1016 = EDGE_LOOP ( 'NONE', ( #2078, #910, #169, #1137 ) ) ;
#1017 = ORIENTED_EDGE ( 'NONE', *, *, #1798, .F. ) ;
#1018 = CARTESIAN_POINT ( 'NONE',  ( 100.0000000000000284, -2.236600000000010802, -82.76340000000001851 ) ) ;
#1019 = CARTESIAN_POINT ( 'NONE',  ( -1.581515026801917134, -2.236599999999963728, -84.34491502680177177 ) ) ;
#1020 = VERTEX_POINT ( 'NONE', #1235 ) ;
#1021 = CARTESIAN_POINT ( 'NONE',  ( 100.0000000000000284, -2.236600000000010802, -82.76340000000001851 ) ) ;
#1022 = LINE ( 'NONE', #1390, #476 ) ;
#1023 = MANIFOLD_SOLID_BREP ( '镜向3', #1934 ) ;
#1024 = ADVANCED_FACE ( 'NONE', ( #404 ), #88, .T. ) ;
#1025 = DIRECTION ( 'NONE',  ( -2.081582156778933111E-16, 1.000000000000000000, -8.881417202256780747E-15 ) ) ;
#1026 = LINE ( 'NONE', #2044, #1737 ) ;
#1027 = ORIENTED_EDGE ( 'NONE', *, *, #868, .F. ) ;
#1028 = ORIENTED_EDGE ( 'NONE', *, *, #1861, .F. ) ;
#1029 = DIRECTION ( 'NONE',  ( 0.000000000000000000, 3.568574007723717001E-15, 1.000000000000000000 ) ) ;
#1030 = CARTESIAN_POINT ( 'NONE',  ( 1.108537864677217522E-16, -2.236600000000005473, 82.76339999999999009 ) ) ;
#1031 = VECTOR ( 'NONE', #1434, 1000.000000000000227 ) ;
#1032 = LINE ( 'NONE', #2027, #501 ) ;
#1033 = AXIS2_PLACEMENT_3D ( 'NONE', #1471, #1294, #142 ) ;
#1034 = VECTOR ( 'NONE', #660, 1000.000000000000000 ) ;
#1035 = CARTESIAN_POINT ( 'NONE',  ( -30.00823749364572279, -70.93683439033362959, 55.93961789542843377 ) ) ;
#1036 = CARTESIAN_POINT ( 'NONE',  ( 7.075349291704515042E-16, -2.236599999999962396, 84.99999999999971578 ) ) ;
#1037 = VECTOR ( 'NONE', #1538, 1000.000000000000000 ) ;
#1038 = CARTESIAN_POINT ( 'NONE',  ( -29.35858888376370501, -71.49228170886649991, 56.56784116984050570 ) ) ;
#1039 = DIRECTION ( 'NONE',  ( -1.000000000000000000, -0.000000000000000000, -0.000000000000000000 ) ) ;
#1040 = CARTESIAN_POINT ( 'NONE',  ( -41.97812008517447424, -1.917853072784054369, -44.07978791322076262 ) ) ;
#1041 = AXIS2_PLACEMENT_3D ( 'NONE', #610, #1958, #597 ) ;
#1042 = ORIENTED_EDGE ( 'NONE', *, *, #1775, .T. ) ;
#1043 = ORIENTED_EDGE ( 'NONE', *, *, #851, .F. ) ;
#1044 = FACE_OUTER_BOUND ( 'NONE', #1499, .T. ) ;
#1045 = CARTESIAN_POINT ( 'NONE',  ( -29.48167657207400438, -70.76276211216409706, 56.44475348153022054 ) ) ;
#1046 = CARTESIAN_POINT ( 'NONE',  ( -43.35283692479673334, -2.236600000000141364, -42.57359312880738855 ) ) ;
#1047 = CARTESIAN_POINT ( 'NONE',  ( 100.0000000000000284, -71.49999999999998579, -85.00000000000027001 ) ) ;
#1048 = DIRECTION ( 'NONE',  ( 0.000000000000000000, -3.491481338843133355E-15, 1.000000000000000000 ) ) ;
#1049 = ORIENTED_EDGE ( 'NONE', *, *, #286, .F. ) ;
#1050 = ORIENTED_EDGE ( 'NONE', *, *, #439, .T. ) ;
#1051 = CARTESIAN_POINT ( 'NONE',  ( 8.353291238702765764E-29, 3.085660126647808376E-13, -85.00000000000001421 ) ) ;
#1052 = CARTESIAN_POINT ( 'NONE',  ( -29.48167657207393688, -70.76276211216408285, -56.44475348153022054 ) ) ;
#1053 = ADVANCED_FACE ( 'NONE', ( #766 ), #1573, .T. ) ;
#1054 = CARTESIAN_POINT ( 'NONE',  ( -30.18689817081963866, -71.25382462337954337, -54.23953188278456850 ) ) ;
#1055 = CARTESIAN_POINT ( 'NONE',  ( -29.38146137699309435, -71.50000000000008527, 56.54496867661111281 ) ) ;
#1056 = AXIS2_PLACEMENT_3D ( 'NONE', #1230, #397, #1748 ) ;
#1057 = VERTEX_POINT ( 'NONE', #1790 ) ;
#1058 = DIRECTION ( 'NONE',  ( 0.000000000000000000, 1.000000000000000000, 2.775557561562892929E-15 ) ) ;
#1059 = ORIENTED_EDGE ( 'NONE', *, *, #603, .T. ) ;
#1060 = DIRECTION ( 'NONE',  ( 0.000000000000000000, 3.490233229855858277E-15, 1.000000000000000000 ) ) ;
#1061 = CARTESIAN_POINT ( 'NONE',  ( 100.0000000000000284, -2.236600000000010802, -82.76340000000001851 ) ) ;
#1062 = CARTESIAN_POINT ( 'NONE',  ( -29.35858888376370501, -71.49228170886649991, 56.56784116984050570 ) ) ;
#1063 = ORIENTED_EDGE ( 'NONE', *, *, #1775, .F. ) ;
#1064 = DIRECTION ( 'NONE',  ( 0.000000000000000000, -3.723867690413130326E-15, -1.000000000000000000 ) ) ;
#1065 = EDGE_CURVE ( 'NONE', #1386, #2016, #574, .T. ) ;
#1066 = FACE_OUTER_BOUND ( 'NONE', #1351, .T. ) ;
#1067 = EDGE_CURVE ( 'NONE', #384, #762, #69, .T. ) ;
#1068 = AXIS2_PLACEMENT_3D ( 'NONE', #1702, #185, #875 ) ;
#1069 = LINE ( 'NONE', #1908, #1615 ) ;
#1070 = VERTEX_POINT ( 'NONE', #1598 ) ;
#1071 = CARTESIAN_POINT ( 'NONE',  ( 65.00000000000002842, -56.50000000000058265, 85.00000000000031264 ) ) ;
#1072 = ORIENTED_EDGE ( 'NONE', *, *, #2193, .T. ) ;
#1073 = CARTESIAN_POINT ( 'NONE',  ( 0.000000000000000000, -1.499999999999977573, -82.01340000000001851 ) ) ;
#1074 = CARTESIAN_POINT ( 'NONE',  ( -0.7500000000000000000, 0.000000000000000000, -82.01340000000001851 ) ) ;
#1075 = ORIENTED_EDGE ( 'NONE', *, *, #855, .F. ) ;
#1076 = EDGE_LOOP ( 'NONE', ( #1613, #1732, #659, #865 ) ) ;
#1077 = CARTESIAN_POINT ( 'NONE',  ( -0.7500000000000000000, -1.499999999999977573, -82.01340000000001851 ) ) ;
#1078 = LINE ( 'NONE', #731, #1837 ) ;
#1079 = EDGE_CURVE ( 'NONE', #1807, #1693, #1580, .T. ) ;
#1080 = LINE ( 'NONE', #413, #1584 ) ;
#1081 = VECTOR ( 'NONE', #1898, 1000.000000000000000 ) ;
#1082 = ADVANCED_FACE ( 'NONE', ( #98 ), #1759, .F. ) ;
#1083 = DIRECTION ( 'NONE',  ( -1.000000000000000000, -0.000000000000000000, -0.000000000000000000 ) ) ;
#1084 = ORIENTED_EDGE ( 'NONE', *, *, #1920, .T. ) ;
#1085 = DIRECTION ( 'NONE',  ( 0.7071067811865439090, -2.411653420884706940E-15, -0.7071067811865512365 ) ) ;
#1086 = CARTESIAN_POINT ( 'NONE',  ( -29.99752482591070191, -70.93683439033362959, -55.92890522769346973 ) ) ;
#1087 = EDGE_CURVE ( 'NONE', #320, #1984, #734, .T. ) ;
#1088 = CARTESIAN_POINT ( 'NONE',  ( 1.387778780781445676E-14, -71.50000000000001421, 85.00000000000024158 ) ) ;
#1089 = CARTESIAN_POINT ( 'NONE',  ( -29.48167657207398662, -70.76276211216408285, 56.44475348153022054 ) ) ;
#1090 = ORIENTED_EDGE ( 'NONE', *, *, #1928, .F. ) ;
#1091 = ORIENTED_EDGE ( 'NONE', *, *, #43, .T. ) ;
#1092 = CYLINDRICAL_SURFACE ( 'NONE', #772, 2.236599999999966393 ) ;
#1093 = CARTESIAN_POINT ( 'NONE',  ( -0.7500000000000002220, -1.500000000000000666, 84.99999999999998579 ) ) ;
#1094 = VECTOR ( 'NONE', #1678, 1000.000000000000000 ) ;
#1095 = AXIS2_PLACEMENT_3D ( 'NONE', #1002, #328, #7 ) ;
#1096 = PLANE ( 'NONE',  #1161 ) ;
#1097 = AXIS2_PLACEMENT_3D ( 'NONE', #834, #1333, #1878 ) ;
#1098 = ORIENTED_EDGE ( 'NONE', *, *, #868, .T. ) ;
#1099 = EDGE_CURVE ( 'NONE', #1957, #48, #746, .T. ) ;
#1100 = LINE ( 'NONE', #1232, #2005 ) ;
#1101 = EDGE_CURVE ( 'NONE', #902, #51, #1249, .T. ) ;
#1102 = CARTESIAN_POINT ( 'NONE',  ( 0.000000000000000000, -2.236599999999981492, -82.76340000000001851 ) ) ;
#1103 = ORIENTED_EDGE ( 'NONE', *, *, #1, .T. ) ;
#1104 = DIRECTION ( 'NONE',  ( 2.482378626307417211E-16, -1.000000000000000000, -3.658830838189344310E-15 ) ) ;
#1105 = FACE_OUTER_BOUND ( 'NONE', #1314, .T. ) ;
#1106 = FACE_OUTER_BOUND ( 'NONE', #1107, .T. ) ;
#1107 = EDGE_LOOP ( 'NONE', ( #1452, #190, #1977, #1467, #1119, #997, #2133, #1043, #877, #1772, #915, #376, #714, #1657, #642, #2141 ) ) ;
#1108 = DIRECTION ( 'NONE',  ( 0.000000000000000000, 1.000000000000000000, 3.568574007723718578E-15 ) ) ;
#1109 = EDGE_CURVE ( 'NONE', #223, #1807, #1793, .T. ) ;
#1110 = DIRECTION ( 'NONE',  ( 0.000000000000000000, 1.000000000000000000, 2.775557561562892929E-15 ) ) ;
#1111 = VERTEX_POINT ( 'NONE', #1256 ) ;
#1112 = CARTESIAN_POINT ( 'NONE',  ( -42.02027828667541343, -1.500000000000000000, 45.21778977472712313 ) ) ;
#1113 = DIRECTION ( 'NONE',  ( -9.129611505416285335E-17, 1.000000000000000000, -3.572727930943832979E-15 ) ) ;
#1114 = DIRECTION ( 'NONE',  ( -0.1641169177474527396, 0.9726927956030883005, -0.1641169177474543217 ) ) ;
#1115 = VECTOR ( 'NONE', #1301, 999.9999999999998863 ) ;
#1116 = VERTEX_POINT ( 'NONE', #1951 ) ;
#1117 = DIRECTION ( 'NONE',  ( -1.000000000000000000, 2.943801717310612657E-16, 0.000000000000000000 ) ) ;
#1118 = CARTESIAN_POINT ( 'NONE',  ( -40.52826408425495686, -2.236600000000110278, -43.27684562578956928 ) ) ;
#1119 = ORIENTED_EDGE ( 'NONE', *, *, #894, .F. ) ;
#1120 = CARTESIAN_POINT ( 'NONE',  ( -41.00623459994972819, -2.170051727066233838, 42.88120031600774951 ) ) ;
#1121 = LINE ( 'NONE', #1607, #1976 ) ;
#1122 = DIRECTION ( 'NONE',  ( 0.000000000000000000, 0.000000000000000000, 1.000000000000000000 ) ) ;
#1123 = VERTEX_POINT ( 'NONE', #435 ) ;
#1124 = ORIENTED_EDGE ( 'NONE', *, *, #589, .F. ) ;
#1125 = VECTOR ( 'NONE', #489, 1000.000000000000000 ) ;
#1126 = AXIS2_PLACEMENT_3D ( 'NONE', #1089, #2106, #612 ) ;
#1127 = DIRECTION ( 'NONE',  ( -0.7119060440876135987, 0.000000000000000000, -0.7022747214527409465 ) ) ;
#1128 = ORIENTED_EDGE ( 'NONE', *, *, #2193, .F. ) ;
#1129 = CARTESIAN_POINT ( 'NONE',  ( 100.0000000000000284, -2.236600000000005473, 82.76339999999999009 ) ) ;
#1130 = ORIENTED_EDGE ( 'NONE', *, *, #779, .T. ) ;
#1131 = CARTESIAN_POINT ( 'NONE',  ( -29.90133295452614703, -72.03334824781639156, 53.90377675551845016 ) ) ;
#1132 = ADVANCED_FACE ( 'NONE', ( #1106 ), #1780, .T. ) ;
#1133 = CARTESIAN_POINT ( 'NONE',  ( -1.365769881823821308, -71.50000000000000000, 84.56066017178009986 ) ) ;
#1134 = DIRECTION ( 'NONE',  ( 0.000000000000000000, 0.000000000000000000, -1.000000000000000000 ) ) ;
#1135 = EDGE_CURVE ( 'NONE', #762, #631, #186, .T. ) ;
#1136 = ORIENTED_EDGE ( 'NONE', *, *, #1843, .T. ) ;
#1137 = ORIENTED_EDGE ( 'NONE', *, *, #1570, .T. ) ;
#1138 = LINE ( 'NONE', #2126, #447 ) ;
#1139 = ORIENTED_EDGE ( 'NONE', *, *, #1236, .T. ) ;
#1140 = CARTESIAN_POINT ( 'NONE',  ( -42.18170269010057893, -1.996393804112033044, 42.54983707354764988 ) ) ;
#1141 = ORIENTED_EDGE ( 'NONE', *, *, #1697, .F. ) ;
#1142 = CARTESIAN_POINT ( 'NONE',  ( -41.56683952287514927, -2.094938601334031425, 42.61895182556320094 ) ) ;
#1143 = PLANE ( 'NONE',  #1033 ) ;
#1144 = DIRECTION ( 'NONE',  ( 0.000000000000000000, 1.000000000000000000, 6.123233995736766036E-17 ) ) ;
#1145 = EDGE_CURVE ( 'NONE', #1417, #853, #1174, .T. ) ;
#1146 = ORIENTED_EDGE ( 'NONE', *, *, #688, .F. ) ;
#1147 = ORIENTED_EDGE ( 'NONE', *, *, #1311, .T. ) ;
#1148 = ADVANCED_FACE ( 'NONE', ( #285 ), #468, .T. ) ;
#1149 = DIRECTION ( 'NONE',  ( 0.000000000000000000, -3.491481338843133355E-15, -1.000000000000000000 ) ) ;
#1150 = ORIENTED_EDGE ( 'NONE', *, *, #86, .F. ) ;
#1151 = FACE_OUTER_BOUND ( 'NONE', #1722, .T. ) ;
#1152 = VERTEX_POINT ( 'NONE', #640 ) ;
#1153 = CARTESIAN_POINT ( 'NONE',  ( -99.99999999999997158, 0.000000000000000000, 84.99999999999998579 ) ) ;
#1154 = LINE ( 'NONE', #999, #861 ) ;
#1155 = CARTESIAN_POINT ( 'NONE',  ( -42.20218309339809792, -1.750218427491498474, -44.02935667025005273 ) ) ;
#1156 = PLANE ( 'NONE',  #1097 ) ;
#1157 = FACE_OUTER_BOUND ( 'NONE', #1581, .T. ) ;
#1158 = FACE_OUTER_BOUND ( 'NONE', #2000, .T. ) ;
#1159 = EDGE_LOOP ( 'NONE', ( #733, #2130, #1583, #2024 ) ) ;
#1160 = ORIENTED_EDGE ( 'NONE', *, *, #589, .T. ) ;
#1161 = AXIS2_PLACEMENT_3D ( 'NONE', #1227, #1428, #1771 ) ;
#1162 = CARTESIAN_POINT ( 'NONE',  ( 0.000000000000000000, -1.500000000000000000, -45.21778977472712313 ) ) ;
#1163 = AXIS2_PLACEMENT_3D ( 'NONE', #662, #1347, #152 ) ;
#1164 = ORIENTED_EDGE ( 'NONE', *, *, #1427, .F. ) ;
#1165 = AXIS2_PLACEMENT_3D ( 'NONE', #1189, #854, #1668 ) ;
#1166 = CARTESIAN_POINT ( 'NONE',  ( -1.615587567363194690E-16, -2.236599999999984600, 82.76339999999983377 ) ) ;
#1167 = ORIENTED_EDGE ( 'NONE', *, *, #1430, .F. ) ;
#1168 = EDGE_CURVE ( 'NONE', #795, #838, #1296, .T. ) ;
#1169 = LINE ( 'NONE', #883, #242 ) ;
#1170 = CARTESIAN_POINT ( 'NONE',  ( -43.33076962083924144, -1.500000000000000000, -43.92502797798519509 ) ) ;
#1171 = CARTESIAN_POINT ( 'NONE',  ( -42.20218309339806950, -1.750218427491502249, 44.02935667025007405 ) ) ;
#1172 = DIRECTION ( 'NONE',  ( 1.000000000000000000, -1.982541115402065110E-16, 6.922005307915560606E-31 ) ) ;
#1173 = CARTESIAN_POINT ( 'NONE',  ( 100.0000000000000284, -1.500000000000006883, -82.76340000000001851 ) ) ;
#1174 = LINE ( 'NONE', #504, #1769 ) ;
#1175 = ORIENTED_EDGE ( 'NONE', *, *, #1645, .T. ) ;
#1176 = PRESENTATION_STYLE_ASSIGNMENT (( #1372 ) ) ;
#1177 = ORIENTED_EDGE ( 'NONE', *, *, #836, .F. ) ;
#1178 = B_SPLINE_CURVE_WITH_KNOTS ( 'NONE', 3,
 ( #2073, #531, #1895, #1199, #1882, #363, #553, #1711, #383, #194 ),
 .UNSPECIFIED., .F., .F.,
 ( 4, 2, 2, 2, 4 ),
 ( 2.248128172315149717E-16, 0.0004642095650923142914, 0.0009284191301844038277, 0.001392628695276493201, 0.001856838260368582792 ),
 .UNSPECIFIED. ) ;
#1179 = B_SPLINE_SURFACE_WITH_KNOTS ( 'NONE', 1, 3, ( 
 ( #8, #693, #174, #2199, #1348, #2034 ),
 ( #1508, #680, #1194, #514, #351, #1185 ),
 ( #525, #19, #1040, #1851, #1703, #187 ) ),
 .UNSPECIFIED., .F., .F., .F.,
 ( 2, 1, 2 ),
 ( 4, 2, 4 ),
 ( -0.01000000000000000021, 0.000000000000000000, 1.000000000000000000 ),
 ( 0.000000000000000000, 0.5000000000000000000, 1.000000000000000000 ),
 .UNSPECIFIED. ) ;
#1180 = CARTESIAN_POINT ( 'NONE',  ( 0.000000000000000000, -1.499999999999994893, 84.99999999999998579 ) ) ;
#1181 = ADVANCED_FACE ( 'NONE', ( #985 ), #478, .T. ) ;
#1182 = DIRECTION ( 'NONE',  ( 1.387721437852652807E-16, -1.000000000000000000, -8.881417202256977962E-15 ) ) ;
#1183 = CARTESIAN_POINT ( 'NONE',  ( -30.02442064286704593, -71.30382865112287050, -53.78068906717754771 ) ) ;
#1184 = CARTESIAN_POINT ( 'NONE',  ( 100.0000000000000284, -1.500000000000000000, 84.99999999999998579 ) ) ;
#1185 = CARTESIAN_POINT ( 'NONE',  ( -40.52826408425496396, -2.236600000000109389, -43.27684562578956218 ) ) ;
#1186 = VERTEX_POINT ( 'NONE', #825 ) ;
#1187 = VERTEX_POINT ( 'NONE', #1812 ) ;
#1188 = CARTESIAN_POINT ( 'NONE',  ( 1.108554369719065569E-16, -1.500000000000000000, 82.76339999999999009 ) ) ;
#1189 = CARTESIAN_POINT ( 'NONE',  ( 65.00000000000002842, -56.50000000000058265, 85.00000000000031264 ) ) ;
#1190 = LINE ( 'NONE', #1868, #1946 ) ;
#1191 = PLANE ( 'NONE',  #817 ) ;
#1192 = CARTESIAN_POINT ( 'NONE',  ( -41.69138548175543235, -1.629329905879038254, -44.23504457184873928 ) ) ;
#1193 = FACE_OUTER_BOUND ( 'NONE', #907, .T. ) ;
#1194 = CARTESIAN_POINT ( 'NONE',  ( -41.57091160765047988, -2.093185279269226040, -42.63341554920332754 ) ) ;
#1195 = ORIENTED_EDGE ( 'NONE', *, *, #1920, .F. ) ;
#1196 = APPLICATION_PROTOCOL_DEFINITION ( 'draft international standard', 'automotive_design', 1998, #201 ) ;
#1197 = VERTEX_POINT ( 'NONE', #1653 ) ;
#1198 = FACE_OUTER_BOUND ( 'NONE', #1647, .T. ) ;
#1199 = CARTESIAN_POINT ( 'NONE',  ( -41.01111570091792657, -2.168874709024711134, 42.89489560453157679 ) ) ;
#1200 = AXIS2_PLACEMENT_3D ( 'NONE', #214, #1211, #49 ) ;
#1201 = VECTOR ( 'NONE', #116, 1000.000000000000227 ) ;
#1202 = CARTESIAN_POINT ( 'NONE',  ( -43.11576988182385151, 1.460235735804321405E-13, 42.81066017178027039 ) ) ;
#1203 = PLANE ( 'NONE',  #755 ) ;
#1204 = VECTOR ( 'NONE', #1638, 1000.000000000000227 ) ;
#1205 = CARTESIAN_POINT ( 'NONE',  ( -28.32080120521315791, -71.50000000000007105, 55.48430850483142507 ) ) ;
#1206 = DIRECTION ( 'NONE',  ( -0.1641169177470450102, 0.9726927956032260791, 0.1641169177470450102 ) ) ;
#1207 = AXIS2_PLACEMENT_3D ( 'NONE', #1834, #1367, #1346 ) ;
#1208 = EDGE_CURVE ( 'NONE', #1152, #940, #1516, .T. ) ;
#1209 = VERTEX_POINT ( 'NONE', #971 ) ;
#1210 = ORIENTED_EDGE ( 'NONE', *, *, #850, .F. ) ;
#1211 = DIRECTION ( 'NONE',  ( 1.000000000000000000, -6.668610059078770277E-33, 1.089066670279417143E-16 ) ) ;
#1212 = CARTESIAN_POINT ( 'NONE',  ( -0.7500000000000003331, -1.499999999999988676, -85.00000000000001421 ) ) ;
#1213 = EDGE_CURVE ( 'NONE', #2016, #1305, #455, .T. ) ;
#1214 = LINE ( 'NONE', #208, #37 ) ;
#1215 = ORIENTED_EDGE ( 'NONE', *, *, #205, .T. ) ;
#1216 = DIRECTION ( 'NONE',  ( 0.9973314913493622758, 0.07298723225782979829, -0.001661412109799874836 ) ) ;
#1217 = ORIENTED_EDGE ( 'NONE', *, *, #2029, .F. ) ;
#1218 = EDGE_CURVE ( 'NONE', #2167, #1417, #1620, .T. ) ;
#1219 = CARTESIAN_POINT ( 'NONE',  ( 1.029192532259490589, -0.9134215939925888206, 44.48855790948705646 ) ) ;
#1220 = DIRECTION ( 'NONE',  ( -0.7071067811865453523, 0.000000000000000000, -0.7071067811865495711 ) ) ;
#1221 = EDGE_CURVE ( 'NONE', #1057, #354, #118, .T. ) ;
#1222 = FACE_OUTER_BOUND ( 'NONE', #1408, .T. ) ;
#1223 = PLANE ( 'NONE',  #539 ) ;
#1224 = AXIS2_PLACEMENT_3D ( 'NONE', #1423, #770, #219 ) ;
#1225 = CARTESIAN_POINT ( 'NONE',  ( -41.97722450266919481, -1.921447205153806292, 44.06096122053581610 ) ) ;
#1226 = EDGE_LOOP ( 'NONE', ( #2157, #1147, #480, #1905 ) ) ;
#1227 = CARTESIAN_POINT ( 'NONE',  ( 100.0000000000000284, -71.49999999999998579, -85.00000000000027001 ) ) ;
#1228 = ORIENTED_EDGE ( 'NONE', *, *, #789, .F. ) ;
#1229 = PLANE ( 'NONE',  #895 ) ;
#1230 = CARTESIAN_POINT ( 'NONE',  ( -1.615587567363198881E-16, -2.236599999999982380, 82.76339999999983377 ) ) ;
#1231 = EDGE_LOOP ( 'NONE', ( #1299, #158, #341, #780 ) ) ;
#1232 = CARTESIAN_POINT ( 'NONE',  ( 9.922618282587459642E-15, -71.50000000000000000, -83.50000000000027001 ) ) ;
#1233 = EDGE_CURVE ( 'NONE', #2143, #1680, #837, .T. ) ;
#1234 = EDGE_CURVE ( 'NONE', #543, #94, #707, .T. ) ;
#1235 = CARTESIAN_POINT ( 'NONE',  ( 65.00000000000002842, -51.50000000000058975, 85.00000000000032685 ) ) ;
#1236 = EDGE_CURVE ( 'NONE', #1985, #1941, #1836, .T. ) ;
#1237 = VECTOR ( 'NONE', #1468, 1000.000000000000000 ) ;
#1238 = CARTESIAN_POINT ( 'NONE',  ( 100.0000000000000284, -1.500000000000001332, 82.76339999999999009 ) ) ;
#1239 = VECTOR ( 'NONE', #2114, 1000.000000000000227 ) ;
#1240 = DIRECTION ( 'NONE',  ( 0.000000000000000000, 0.000000000000000000, -1.000000000000000000 ) ) ;
#1241 = ORIENTED_EDGE ( 'NONE', *, *, #322, .F. ) ;
#1242 = SURFACE_STYLE_FILL_AREA ( #889 ) ;
#1243 = PLANE ( 'NONE',  #2118 ) ;
#1244 = ORIENTED_EDGE ( 'NONE', *, *, #1099, .T. ) ;
#1245 = CARTESIAN_POINT ( 'NONE',  ( -30.50473932315929915, -71.20375095819242972, 54.22680044048894388 ) ) ;
#1246 = ADVANCED_FACE ( 'NONE', ( #1158 ), #107, .T. ) ;
#1247 = CARTESIAN_POINT ( 'NONE',  ( -0.5208548550219967987, -71.50000000000004263, 83.28425485502228298 ) ) ;
#1248 = DIRECTION ( 'NONE',  ( 0.000000000000000000, -8.881417202256977962E-15, 1.000000000000000000 ) ) ;
#1249 = LINE ( 'NONE', #757, #352 ) ;
#1250 = ORIENTED_EDGE ( 'NONE', *, *, #687, .F. ) ;
#1251 = DIRECTION ( 'NONE',  ( 0.7071067811865439090, -2.411653420884706940E-15, -0.7071067811865512365 ) ) ;
#1252 = DIRECTION ( 'NONE',  ( -0.000000000000000000, 1.000000000000000000, 3.568574007723718578E-15 ) ) ;
#1253 = DIRECTION ( 'NONE',  ( 0.7071067811865742181, 9.006684287271580856E-15, 0.7071067811865207053 ) ) ;
#1254 = VECTOR ( 'NONE', #2108, 999.9999999999998863 ) ;
#1255 = CARTESIAN_POINT ( 'NONE',  ( 1.181708930066776822E-14, -71.50000000000000000, -82.76340000000044483 ) ) ;
#1256 = CARTESIAN_POINT ( 'NONE',  ( -99.99999999999997158, 0.000000000000000000, -45.21778977472712313 ) ) ;
#1257 = ADVANCED_FACE ( 'NONE', ( #1335 ), #1322, .T. ) ;
#1258 = ORIENTED_EDGE ( 'NONE', *, *, #450, .T. ) ;
#1259 = EDGE_LOOP ( 'NONE', ( #432, #2125, #2026, #507 ) ) ;
#1260 = DIRECTION ( 'NONE',  ( 2.081582156778933111E-16, -1.000000000000000000, 8.881417202256780747E-15 ) ) ;
#1261 = ORIENTED_EDGE ( 'NONE', *, *, #579, .T. ) ;
#1262 = PLANE ( 'NONE',  #1986 ) ;
#1263 = VECTOR ( 'NONE', #725, 1000.000000000000114 ) ;
#1264 = AXIS2_PLACEMENT_3D ( 'NONE', #2043, #523, #200 ) ;
#1265 = VECTOR ( 'NONE', #1287, 999.9999999999998863 ) ;
#1266 = LINE ( 'NONE', #1579, #1472 ) ;
#1267 = CARTESIAN_POINT ( 'NONE',  ( -30.50473932315926717, -71.20375095819245814, -54.22680044048892256 ) ) ;
#1268 = VECTOR ( 'NONE', #1640, 1000.000000000000000 ) ;
#1269 = ADVANCED_FACE ( 'NONE', ( #1665 ), #1498, .F. ) ;
#1270 = VERTEX_POINT ( 'NONE', #1450 ) ;
#1271 = CARTESIAN_POINT ( 'NONE',  ( 65.00000000000002842, -56.50000000000058265, 85.00000000000031264 ) ) ;
#1272 = DIRECTION ( 'NONE',  ( 9.827401457297368911E-31, 3.568574007723718578E-15, -1.000000000000000000 ) ) ;
#1273 = ORIENTED_EDGE ( 'NONE', *, *, #851, .T. ) ;
#1274 = CARTESIAN_POINT ( 'NONE',  ( 65.00000000000002842, -61.50000000000057554, 83.50000000000021316 ) ) ;
#1275 = CARTESIAN_POINT ( 'NONE',  ( -29.99752482591074099, -70.93683439033364380, -55.92890522769342709 ) ) ;
#1276 = DIRECTION ( 'NONE',  ( 0.9870440578656974884, -0.1555019333232298684, 0.03953702776835017058 ) ) ;
#1277 = VERTEX_POINT ( 'NONE', #2139 ) ;
#1278 = DIRECTION ( 'NONE',  ( -1.387721437852652807E-16, 1.000000000000000000, 8.881417202256977962E-15 ) ) ;
#1279 = EDGE_CURVE ( 'NONE', #1924, #241, #1026, .T. ) ;
#1280 = LINE ( 'NONE', #804, #491 ) ;
#1281 = VERTEX_POINT ( 'NONE', #1360 ) ;
#1282 = LINE ( 'NONE', #95, #1511 ) ;
#1283 = CARTESIAN_POINT ( 'NONE',  ( -30.20737857411721805, -71.00764924675898726, -55.71905147948699266 ) ) ;
#1284 = DIRECTION ( 'NONE',  ( 0.000000000000000000, 0.000000000000000000, -1.000000000000000000 ) ) ;
#1285 = ORIENTED_EDGE ( 'NONE', *, *, #205, .F. ) ;
#1286 = EDGE_LOOP ( 'NONE', ( #1509, #391, #1124, #1490 ) ) ;
#1287 = DIRECTION ( 'NONE',  ( 0.7119060440876135987, 0.000000000000000000, 0.7022747214527409465 ) ) ;
#1288 = DIRECTION ( 'NONE',  ( 0.1641169177470458429, -0.9726927956032258571, 0.1641169177470458429 ) ) ;
#1289 = ADVANCED_FACE ( 'NONE', ( #864 ), #1872, .F. ) ;
#1290 = EDGE_CURVE ( 'NONE', #1270, #891, #849, .T. ) ;
#1291 = ORIENTED_EDGE ( 'NONE', *, *, #602, .F. ) ;
#1292 = DIRECTION ( 'NONE',  ( 0.000000000000000000, 1.000000000000000000, -0.000000000000000000 ) ) ;
#1293 = ADVANCED_FACE ( 'NONE', ( #1532 ), #1179, .F. ) ;
#1294 = DIRECTION ( 'NONE',  ( 0.000000000000000000, -1.000000000000000000, 0.000000000000000000 ) ) ;
#1295 = VECTOR ( 'NONE', #1939, 1000.000000000000000 ) ;
#1296 = LINE ( 'NONE', #621, #41 ) ;
#1297 = AXIS2_PLACEMENT_3D ( 'NONE', #1202, #1649, #2030 ) ;
#1298 = EDGE_LOOP ( 'NONE', ( #655, #916, #71, #2045 ) ) ;
#1299 = ORIENTED_EDGE ( 'NONE', *, *, #1168, .F. ) ;
#1300 = VECTOR ( 'NONE', #879, 1000.000000000000000 ) ;
#1301 = DIRECTION ( 'NONE',  ( -0.7071067811865439090, 2.461744045254195935E-15, -0.7071067811865512365 ) ) ;
#1302 = ORIENTED_EDGE ( 'NONE', *, *, #698, .T. ) ;
#1303 = AXIS2_PLACEMENT_3D ( 'NONE', #843, #1008, #1503 ) ;
#1304 = CARTESIAN_POINT ( 'NONE',  ( -42.51031316584212760, -0.04877593082066710578, 42.22122659780602305 ) ) ;
#1305 = VERTEX_POINT ( 'NONE', #876 ) ;
#1306 = CARTESIAN_POINT ( 'NONE',  ( -42.18170269010049367, -1.996393804112071235, 42.54983707354765698 ) ) ;
#1307 = CARTESIAN_POINT ( 'NONE',  ( -30.52521972645687143, -70.95757558157185940, 55.70632003719136094 ) ) ;
#1308 = ADVANCED_FACE ( 'NONE', ( #329 ), #1015, .T. ) ;
#1309 = B_SPLINE_CURVE_WITH_KNOTS ( 'NONE', 3,
 ( #2067, #2111, #1225, #586 ),
 .UNSPECIFIED., .F., .F.,
 ( 4, 4 ),
 ( 2.378928330698262438E-17, 0.0008504644438532625150 ),
 .UNSPECIFIED. ) ;
#1310 = DIRECTION ( 'NONE',  ( 0.000000000000000000, 3.568574007723717001E-15, 1.000000000000000000 ) ) ;
#1311 = EDGE_CURVE ( 'NONE', #176, #902, #209, .T. ) ;
#1312 = CARTESIAN_POINT ( 'NONE',  ( -30.13579314147096966, -70.94820974271648595, 55.79063691213326592 ) ) ;
#1313 = ORIENTED_EDGE ( 'NONE', *, *, #1938, .T. ) ;
#1314 = EDGE_LOOP ( 'NONE', ( #492, #1644, #1973, #636, #1863, #669, #2189, #323, #1634, #331, #1791, #256, #2057, #229, #1720, #1915 ) ) ;
#1315 = CARTESIAN_POINT ( 'NONE',  ( 1.108537864677217522E-16, 0.000000000000000000, 82.01339999999999009 ) ) ;
#1316 = CARTESIAN_POINT ( 'NONE',  ( -28.93686465413103193, -70.93683439033368643, 54.86824505591353329 ) ) ;
#1317 = ORIENTED_EDGE ( 'NONE', *, *, #2161, .T. ) ;
#1318 = CARTESIAN_POINT ( 'NONE',  ( -30.52521972645687143, -70.95757558157185940, 55.70632003719141068 ) ) ;
#1319 = PLANE ( 'NONE',  #2110 ) ;
#1320 = DIRECTION ( 'NONE',  ( 0.000000000000000000, 6.204859075299650966E-15, 1.000000000000000000 ) ) ;
#1321 = CARTESIAN_POINT ( 'NONE',  ( 100.0000000000000284, 3.033287906565161565E-13, -83.50000000000001421 ) ) ;
#1322 = CYLINDRICAL_SURFACE ( 'NONE', #33, 2.236600000000005473 ) ;
#1323 = VERTEX_POINT ( 'NONE', #1747 ) ;
#1324 = EDGE_LOOP ( 'NONE', ( #987, #937 ) ) ;
#1325 = CYLINDRICAL_SURFACE ( 'NONE', #993, 4.999999999999997335 ) ;
#1326 = VECTOR ( 'NONE', #585, 1000.000000000000000 ) ;
#1327 = EDGE_CURVE ( 'NONE', #591, #548, #1733, .T. ) ;
#1328 = EDGE_LOOP ( 'NONE', ( #1965, #1510, #287, #1492 ) ) ;
#1329 = CARTESIAN_POINT ( 'NONE',  ( -0.7499999999999911182, -0.000000000000000000, 8.168000027095532124E-17 ) ) ;
#1330 = ORIENTED_EDGE ( 'NONE', *, *, #974, .F. ) ;
#1331 = LINE ( 'NONE', #138, #1034 ) ;
#1332 = DIRECTION ( 'NONE',  ( 0.1641169177470427343, -0.9726927956032266342, 0.1641169177470443719 ) ) ;
#1333 = DIRECTION ( 'NONE',  ( 0.000000000000000000, 0.000000000000000000, 1.000000000000000000 ) ) ;
#1334 = DIRECTION ( 'NONE',  ( -0.1641169177470440665, 0.9726927956032263012, 0.1641169177470450935 ) ) ;
#1335 = FACE_OUTER_BOUND ( 'NONE', #1990, .T. ) ;
#1336 = VERTEX_POINT ( 'NONE', #1045 ) ;
#1337 = CARTESIAN_POINT ( 'NONE',  ( -42.20218309339812635, -1.750218427491510020, -44.02935667025005984 ) ) ;
#1338 = VERTEX_POINT ( 'NONE', #1073 ) ;
#1339 = DIRECTION ( 'NONE',  ( -0.7071067811865439090, 2.411653420884707729E-15, 0.7071067811865512365 ) ) ;
#1340 = VECTOR ( 'NONE', #720, 999.9999999999998863 ) ;
#1341 = VERTEX_POINT ( 'NONE', #1537 ) ;
#1342 = CIRCLE ( 'NONE', #2023, 0.7366000000000039183 ) ;
#1343 = ADVANCED_FACE ( 'NONE', ( #1709, #1395 ), #1893, .T. ) ;
#1344 = DIRECTION ( 'NONE',  ( -2.081582156778933111E-16, 1.000000000000000000, -8.881417202256780747E-15 ) ) ;
#1345 = CARTESIAN_POINT ( 'NONE',  ( -1.692476300652070886, -2.000000000000000000, 85.00000000000001421 ) ) ;
#1346 = DIRECTION ( 'NONE',  ( 0.000000000000000000, 0.000000000000000000, 1.000000000000000000 ) ) ;
#1347 = DIRECTION ( 'NONE',  ( -1.000000000000000000, -0.000000000000000000, -0.000000000000000000 ) ) ;
#1348 = CARTESIAN_POINT ( 'NONE',  ( -40.73748678910181553, -2.203789639716578375, -43.04640971750710321 ) ) ;
#1349 = ORIENTED_EDGE ( 'NONE', *, *, #1708, .F. ) ;
#1350 = FILL_AREA_STYLE ('',( #713 ) ) ;
#1351 = EDGE_LOOP ( 'NONE', ( #1139, #857, #1475, #1075 ) ) ;
#1352 = FACE_OUTER_BOUND ( 'NONE', #2166, .T. ) ;
#1353 = CARTESIAN_POINT ( 'NONE',  ( -99.99999999999997158, -1.500000000000000000, 84.99999999999998579 ) ) ;
#1354 = EDGE_CURVE ( 'NONE', #591, #1807, #1512, .T. ) ;
#1355 = VECTOR ( 'NONE', #502, 1000.000000000000000 ) ;
#1356 = CARTESIAN_POINT ( 'NONE',  ( -30.42944543630164134, -70.95628183671134082, 55.72279025361432048 ) ) ;
#1357 = DIRECTION ( 'NONE',  ( 0.7022747214527409465, 0.000000000000000000, 0.7119060440876135987 ) ) ;
#1358 = DIRECTION ( 'NONE',  ( 0.000000000000000000, 0.000000000000000000, -1.000000000000000000 ) ) ;
#1359 = PLANE ( 'NONE',  #1264 ) ;
#1360 = CARTESIAN_POINT ( 'NONE',  ( -28.29792871198390358, -71.49228170886649991, 55.50718099806067585 ) ) ;
#1361 = ORIENTED_EDGE ( 'NONE', *, *, #2121, .T. ) ;
#1362 =( NAMED_UNIT ( * ) PLANE_ANGLE_UNIT ( ) SI_UNIT ( $, .RADIAN. ) );
#1363 = ORIENTED_EDGE ( 'NONE', *, *, #136, .F. ) ;
#1364 = DIRECTION ( 'NONE',  ( 0.000000000000000000, 0.1643658727656069907, 0.9863994423508157805 ) ) ;
#1365 = PLANE ( 'NONE',  #957 ) ;
#1366 = CARTESIAN_POINT ( 'NONE',  ( -29.92246955298182343, -71.13150151210065530, 54.28185760387222558 ) ) ;
#1367 = DIRECTION ( 'NONE',  ( -1.000000000000000000, 0.000000000000000000, 0.000000000000000000 ) ) ;
#1368 = EDGE_CURVE ( 'NONE', #902, #1914, #24, .T. ) ;
#1369 = LINE ( 'NONE', #1860, #1125 ) ;
#1370 = ADVANCED_FACE ( 'NONE', ( #684 ), #529, .T. ) ;
#1371 = EDGE_LOOP ( 'NONE', ( #555, #516, #632, #2092 ) ) ;
#1372 = SURFACE_STYLE_USAGE ( .BOTH. , #506 ) ;
#1373 = EDGE_LOOP ( 'NONE', ( #976, #1063, #1017, #1241 ) ) ;
#1374 = CARTESIAN_POINT ( 'NONE',  ( 65.00000000000002842, -56.50000000000057554, 83.50000000000019895 ) ) ;
#1375 = PLANE ( 'NONE',  #2156 ) ;
#1376 = CIRCLE ( 'NONE', #419, 0.7365999999998790182 ) ;
#1377 = FACE_OUTER_BOUND ( 'NONE', #1549, .T. ) ;
#1378 = AXIS2_PLACEMENT_3D ( 'NONE', #1562, #2071, #1060 ) ;
#1379 = CARTESIAN_POINT ( 'NONE',  ( -43.11576988182384440, -71.50000000000014211, 42.81066017178051908 ) ) ;
#1380 = AXIS2_PLACEMENT_3D ( 'NONE', #357, #1892, #1707 ) ;
#1381 = ADVANCED_FACE ( 'NONE', ( #1198 ), #1723, .T. ) ;
#1382 = DIRECTION ( 'NONE',  ( -0.9997563442451452564, -0.01935152261586313080, 0.01061935563160592774 ) ) ;
#1383 = AXIS2_PLACEMENT_3D ( 'NONE', #1530, #512, #1358 ) ;
#1384 = ADVANCED_FACE ( 'NONE', ( #704 ), #1375, .T. ) ;
#1385 = ORIENTED_EDGE ( 'NONE', *, *, #1438, .T. ) ;
#1386 = VERTEX_POINT ( 'NONE', #343 ) ;
#1387 = DIRECTION ( 'NONE',  ( 0.9870440578656974884, -0.1555019333232297574, -0.03953702776835014976 ) ) ;
#1388 = DIRECTION ( 'NONE',  ( 0.000000000000000000, 1.000000000000000000, 2.775557561562892929E-15 ) ) ;
#1389 = LINE ( 'NONE', #365, #1595 ) ;
#1390 = CARTESIAN_POINT ( 'NONE',  ( 100.0000000000000284, -1.499999999999994893, -85.00000000000001421 ) ) ;
#1391 = LINE ( 'NONE', #221, #1916 ) ;
#1392 = ORIENTED_EDGE ( 'NONE', *, *, #1712, .F. ) ;
#1393 = CYLINDRICAL_SURFACE ( 'NONE', #2127, 0.7365999999999703896 ) ;
#1394 = ORIENTED_EDGE ( 'NONE', *, *, #1938, .F. ) ;
#1395 = FACE_OUTER_BOUND ( 'NONE', #1286, .T. ) ;
#1396 = ADVANCED_FACE ( 'NONE', ( #1550 ), #869, .T. ) ;
#1397 = EDGE_CURVE ( 'NONE', #954, #1824, #2081, .T. ) ;
#1398 = DIRECTION ( 'NONE',  ( 0.000000000000000000, 0.000000000000000000, -1.000000000000000000 ) ) ;
#1399 = ORIENTED_EDGE ( 'NONE', *, *, #931, .T. ) ;
#1400 = ADVANCED_FACE ( 'NONE', ( #1352 ), #1229, .T. ) ;
#1401 = LINE ( 'NONE', #578, #1254 ) ;
#1402 = AXIS2_PLACEMENT_3D ( 'NONE', #1906, #385, #1064 ) ;
#1403 = DIRECTION ( 'NONE',  ( 9.827401457297370663E-31, 3.568574007723718578E-15, -1.000000000000000000 ) ) ;
#1404 = CARTESIAN_POINT ( 'NONE',  ( 65.00000000000002842, -61.50000000000058265, 85.00000000000029843 ) ) ;
#1405 = EDGE_LOOP ( 'NONE', ( #810, #2119, #340, #1877 ) ) ;
#1406 = CARTESIAN_POINT ( 'NONE',  ( -29.38146137699309435, -71.50000000000008527, 56.54496867661111281 ) ) ;
#1407 = DIRECTION ( 'NONE',  ( 1.387721437852652807E-16, -1.000000000000000000, -8.881417202256977962E-15 ) ) ;
#1408 = EDGE_LOOP ( 'NONE', ( #2115, #1392, #416, #1461 ) ) ;
#1409 = EDGE_CURVE ( 'NONE', #1417, #1432, #2048, .T. ) ;
#1410 = AXIS2_PLACEMENT_3D ( 'NONE', #1102, #784, #959 ) ;
#1411 = CARTESIAN_POINT ( 'NONE',  ( 100.0000000000000284, 2.835033795024952659E-13, 83.49999999999998579 ) ) ;
#1412 = VECTOR ( 'NONE', #740, 1000.000000000000000 ) ;
#1413 = CARTESIAN_POINT ( 'NONE',  ( -98.38870440040518872, -2.837778155457196139, -43.43254660258060795 ) ) ;
#1414 = CARTESIAN_POINT ( 'NONE',  ( 1.402647839146964253E-14, -71.50000000000001421, 83.50000000000024158 ) ) ;
#1415 = CARTESIAN_POINT ( 'NONE',  ( -42.51031316584214892, -0.04877593082068358565, -42.22122659780600173 ) ) ;
#1416 = VERTEX_POINT ( 'NONE', #1903 ) ;
#1417 = VERTEX_POINT ( 'NONE', #1188 ) ;
#1418 = LINE ( 'NONE', #1604, #2200 ) ;
#1419 = PLANE ( 'NONE',  #458 ) ;
#1420 = VECTOR ( 'NONE', #1506, 1000.000000000000227 ) ;
#1421 = DIRECTION ( 'NONE',  ( 1.224646799147353207E-16, -1.000000000000000000, -3.568574007723718578E-15 ) ) ;
#1422 = EDGE_LOOP ( 'NONE', ( #593, #2069, #1761, #1706 ) ) ;
#1423 = CARTESIAN_POINT ( 'NONE',  ( 0.000000000000000000, -1.499999999999977573, -82.01340000000001851 ) ) ;
#1424 = CARTESIAN_POINT ( 'NONE',  ( -41.14724748111380137, -2.150855586228266780, -42.81934803446274884 ) ) ;
#1425 = ORIENTED_EDGE ( 'NONE', *, *, #665, .F. ) ;
#1426 = DIRECTION ( 'NONE',  ( 1.000000000000000000, 0.000000000000000000, 0.000000000000000000 ) ) ;
#1427 = EDGE_CURVE ( 'NONE', #802, #1432, #2020, .T. ) ;
#1428 = DIRECTION ( 'NONE',  ( 1.387778780781445429E-16, -1.000000000000000000, -3.491481338843133355E-15 ) ) ;
#1429 = CIRCLE ( 'NONE', #1056, 0.7365999999998790182 ) ;
#1430 = EDGE_CURVE ( 'NONE', #46, #527, #11, .T. ) ;
#1431 = CARTESIAN_POINT ( 'NONE',  ( 0.000000000000000000, -2.236600000000005473, 82.76339999999999009 ) ) ;
#1432 = VERTEX_POINT ( 'NONE', #1597 ) ;
#1433 = VERTEX_POINT ( 'NONE', #2091 ) ;
#1434 = DIRECTION ( 'NONE',  ( -0.01365360219838657879, 0.1641169177470450935, -0.9863463978016129285 ) ) ;
#1435 = VERTEX_POINT ( 'NONE', #571 ) ;
#1436 = CARTESIAN_POINT ( 'NONE',  ( -41.57091160765038751, -2.093185279269179855, 42.63341554920337728 ) ) ;
#1437 = VECTOR ( 'NONE', #1923, 1000.000000000000000 ) ;
#1438 = EDGE_CURVE ( 'NONE', #515, #1623, #1266, .T. ) ;
#1439 = VECTOR ( 'NONE', #709, 1000.000000000000000 ) ;
#1440 = AXIS2_PLACEMENT_3D ( 'NONE', #615, #1278, #1962 ) ;
#1441 = CARTESIAN_POINT ( 'NONE',  ( -29.99752482591069835, -70.93683439033361537, -55.92890522769353367 ) ) ;
#1442 = DIRECTION ( 'NONE',  ( 0.000000000000000000, 3.532562060772735386E-15, 1.000000000000000000 ) ) ;
#1443 = ORIENTED_EDGE ( 'NONE', *, *, #761, .T. ) ;
#1444 = LINE ( 'NONE', #446, #1265 ) ;
#1445 = DIRECTION ( 'NONE',  ( -1.000000000000000000, 0.000000000000000000, -0.000000000000000000 ) ) ;
#1446 = B_SPLINE_CURVE_WITH_KNOTS ( 'NONE', 3,
 ( #1337, #35, #21, #2203 ),
 .UNSPECIFIED., .F., .F.,
 ( 4, 4 ),
 ( 2.011012373052189425E-17, 0.0008504644438532215321 ),
 .UNSPECIFIED. ) ;
#1447 = EDGE_LOOP ( 'NONE', ( #1642, #759, #424, #1451 ) ) ;
#1448 = CARTESIAN_POINT ( 'NONE',  ( -40.52826408425493554, -2.236600000000073418, 43.27684562578963323 ) ) ;
#1449 = LINE ( 'NONE', #776, #573 ) ;
#1450 = CARTESIAN_POINT ( 'NONE',  ( -0.7499999999999998890, -1.500000000000000000, 82.01339999999999009 ) ) ;
#1451 = ORIENTED_EDGE ( 'NONE', *, *, #1067, .T. ) ;
#1452 = ORIENTED_EDGE ( 'NONE', *, *, #86, .T. ) ;
#1453 = EDGE_CURVE ( 'NONE', #940, #94, #745, .T. ) ;
#1454 = CARTESIAN_POINT ( 'NONE',  ( 65.00000000000002842, -61.49999999999997868, -85.00000000000024158 ) ) ;
#1455 = ADVANCED_FACE ( 'NONE', ( #1910 ), #87, .F. ) ;
#1456 = CARTESIAN_POINT ( 'NONE',  ( -40.75891338253015306, -2.203059172595060566, -43.06707450220462619 ) ) ;
#1457 = EDGE_LOOP ( 'NONE', ( #728, #2009, #2097, #724, #22, #1952, #900 ) ) ;
#1458 = CARTESIAN_POINT ( 'NONE',  ( 0.000000000000000000, -1.499999999999977573, -82.76340000000001851 ) ) ;
#1459 = CARTESIAN_POINT ( 'NONE',  ( -30.42944543630165555, -70.95628183671134082, -55.72279025361424942 ) ) ;
#1460 = DIRECTION ( 'NONE',  ( -0.1641169177470458429, 0.9726927956032258571, -0.1641169177470458429 ) ) ;
#1461 = ORIENTED_EDGE ( 'NONE', *, *, #1485, .T. ) ;
#1462 = ORIENTED_EDGE ( 'NONE', *, *, #1430, .T. ) ;
#1463 = FACE_OUTER_BOUND ( 'NONE', #1373, .T. ) ;
#1464 = EDGE_CURVE ( 'NONE', #1111, #1909, #927, .T. ) ;
#1465 = CARTESIAN_POINT ( 'NONE',  ( -30.51837968093268216, -70.93683439033361537, 56.44976008271549972 ) ) ;
#1466 = EDGE_CURVE ( 'NONE', #631, #1902, #901, .T. ) ;
#1467 = ORIENTED_EDGE ( 'NONE', *, *, #250, .F. ) ;
#1468 = DIRECTION ( 'NONE',  ( 0.000000000000000000, 0.000000000000000000, 1.000000000000000000 ) ) ;
#1469 = CARTESIAN_POINT ( 'NONE',  ( -0.7499999999999998890, 0.000000000000000000, 82.01339999999999009 ) ) ;
#1470 = CIRCLE ( 'NONE', #1762, 4.999999999999997335 ) ;
#1471 = CARTESIAN_POINT ( 'NONE',  ( 0.000000000000000000, 0.000000000000000000, 0.000000000000000000 ) ) ;
#1472 = VECTOR ( 'NONE', #68, 1000.000000000000227 ) ;
#1473 = DIRECTION ( 'NONE',  ( 0.000000000000000000, -3.723867690413130326E-15, 1.000000000000000000 ) ) ;
#1474 = VECTOR ( 'NONE', #128, 1000.000000000000000 ) ;
#1475 = ORIENTED_EDGE ( 'NONE', *, *, #1728, .F. ) ;
#1476 = ORIENTED_EDGE ( 'NONE', *, *, #737, .F. ) ;
#1477 = VECTOR ( 'NONE', #1276, 1000.000000000000227 ) ;
#1478 = DIRECTION ( 'NONE',  ( 0.7071067811864746311, -2.459143999544722053E-14, -0.7071067811866204034 ) ) ;
#1479 = VECTOR ( 'NONE', #2042, 1000.000000000000114 ) ;
#1480 = LINE ( 'NONE', #1329, #821 ) ;
#1481 = ORIENTED_EDGE ( 'NONE', *, *, #536, .T. ) ;
#1482 = FACE_OUTER_BOUND ( 'NONE', #370, .T. ) ;
#1483 = B_SPLINE_CURVE_WITH_KNOTS ( 'NONE', 3,
 ( #2145, #83, #473, #760, #2128, #1424, #2154, #1456, #1808, #1118 ),
 .UNSPECIFIED., .F., .F.,
 ( 4, 2, 2, 2, 4 ),
 ( 4.961619986724161785E-17, 0.0004642095650921435838, 0.0009284191301842376195, 0.001392628695276331655, 0.001856838260368425583 ),
 .UNSPECIFIED. ) ;
#1484 = PLANE ( 'NONE',  #311 ) ;
#1485 = EDGE_CURVE ( 'NONE', #1661, #1680, #402, .T. ) ;
#1486 = DIRECTION ( 'NONE',  ( 9.827401457297368911E-31, 3.568574007723718578E-15, -1.000000000000000000 ) ) ;
#1487 = ORIENTED_EDGE ( 'NONE', *, *, #2173, .F. ) ;
#1488 = EDGE_LOOP ( 'NONE', ( #1590, #509, #89, #445 ) ) ;
#1489 = FACE_OUTER_BOUND ( 'NONE', #378, .T. ) ;
#1490 = ORIENTED_EDGE ( 'NONE', *, *, #1617, .F. ) ;
#1491 = CARTESIAN_POINT ( 'NONE',  ( -30.21315022156882790, -71.17239362800121683, 54.22561928670378251 ) ) ;
#1492 = ORIENTED_EDGE ( 'NONE', *, *, #1213, .T. ) ;
#1493 = DIRECTION ( 'NONE',  ( 0.000000000000000000, 0.000000000000000000, -1.000000000000000000 ) ) ;
#1494 = DIRECTION ( 'NONE',  ( 0.1641169177470438723, -0.9726927956032263012, 0.1641169177470450657 ) ) ;
#1495 = DIRECTION ( 'NONE',  ( -2.664535259100363470E-15, 8.831405151930173573E-15, -1.000000000000000000 ) ) ;
#1496 = EDGE_CURVE ( 'NONE', #109, #1957, #1080, .T. ) ;
#1497 = DIRECTION ( 'NONE',  ( 0.01365360219838640879, -0.1641169177470451490, 0.9863463978016130396 ) ) ;
#1498 = PLANE ( 'NONE',  #348 ) ;
#1499 = EDGE_LOOP ( 'NONE', ( #202, #288, #1361, #1141 ) ) ;
#1500 = EDGE_LOOP ( 'NONE', ( #1926, #414, #1610, #2010 ) ) ;
#1501 = DIRECTION ( 'NONE',  ( 9.827401457297370663E-31, 3.568574007723718578E-15, -1.000000000000000000 ) ) ;
#1502 = ORIENTED_EDGE ( 'NONE', *, *, #387, .T. ) ;
#1503 = DIRECTION ( 'NONE',  ( 2.943801717310612164E-16, 1.000000000000000000, 0.000000000000000000 ) ) ;
#1504 = CARTESIAN_POINT ( 'NONE',  ( 1.181708930066776822E-14, -71.50000000000000000, -82.76340000000044483 ) ) ;
#1505 = CARTESIAN_POINT ( 'NONE',  ( -98.36822399710760578, -3.083953532077762461, 41.95302700587819800 ) ) ;
#1506 = DIRECTION ( 'NONE',  ( 0.01365360219838660134, -0.1641169177470450935, 0.9863463978016129285 ) ) ;
#1507 = LINE ( 'NONE', #315, #1799 ) ;
#1508 = CARTESIAN_POINT ( 'NONE',  ( -42.18170269010046525, -1.996393804112067683, -42.54983707354764277 ) ) ;
#1509 = ORIENTED_EDGE ( 'NONE', *, *, #226, .F. ) ;
#1510 = ORIENTED_EDGE ( 'NONE', *, *, #449, .T. ) ;
#1511 = VECTOR ( 'NONE', #1104, 1000.000000000000000 ) ;
#1512 = LINE ( 'NONE', #372, #988 ) ;
#1513 = DIRECTION ( 'NONE',  ( -1.000000000000000000, 0.000000000000000000, 0.000000000000000000 ) ) ;
#1514 = DIRECTION ( 'NONE',  ( -1.982541115402065110E-16, -1.000000000000000000, 3.568574007723717001E-15 ) ) ;
#1515 = VECTOR ( 'NONE', #454, 1000.000000000000227 ) ;
#1516 = CIRCLE ( 'NONE', #1883, 4.999999999999997335 ) ;
#1517 = PLANE ( 'NONE',  #1297 ) ;
#1518 = VECTOR ( 'NONE', #1426, 1000.000000000000000 ) ;
#1519 = LINE ( 'NONE', #312, #2065 ) ;
#1520 = DIRECTION ( 'NONE',  ( 0.7071067811865440200, -2.411653420884707729E-15, 0.7071067811865511255 ) ) ;
#1521 = DIRECTION ( 'NONE',  ( 2.081582156778933111E-16, -1.000000000000000000, 8.881417202256780747E-15 ) ) ;
#1522 = VERTEX_POINT ( 'NONE', #1088 ) ;
#1523 = ORIENTED_EDGE ( 'NONE', *, *, #1621, .T. ) ;
#1524 = DIRECTION ( 'NONE',  ( 0.000000000000000000, 0.000000000000000000, 1.000000000000000000 ) ) ;
#1525 = CARTESIAN_POINT ( 'NONE',  ( -99.99999999999997158, -1.500000000000000000, 45.21778977472712313 ) ) ;
#1526 = ADVANCED_FACE ( 'NONE', ( #57 ), #1753, .F. ) ;
#1527 = VECTOR ( 'NONE', #874, 1000.000000000000114 ) ;
#1528 = EDGE_CURVE ( 'NONE', #320, #1020, #423, .T. ) ;
#1529 = DIRECTION ( 'NONE',  ( 0.000000000000000000, -0.9864383484263599122, 0.1641322172940927193 ) ) ;
#1530 = CARTESIAN_POINT ( 'NONE',  ( 100.0000000000000284, -2.236600000000005473, 82.76339999999999009 ) ) ;
#1531 = CYLINDRICAL_SURFACE ( 'NONE', #605, 0.7365999999999973680 ) ;
#1532 = FACE_OUTER_BOUND ( 'NONE', #99, .T. ) ;
#1533 = VERTEX_POINT ( 'NONE', #1414 ) ;
#1534 = CARTESIAN_POINT ( 'NONE',  ( -1.615587567363198881E-16, -2.236599999999982380, 82.76339999999983377 ) ) ;
#1535 = ORIENTED_EDGE ( 'NONE', *, *, #1109, .T. ) ;
#1536 = CARTESIAN_POINT ( 'NONE',  ( 1.057552689222937916E-14, -71.49999999999998579, -85.00000000000058265 ) ) ;
#1537 = CARTESIAN_POINT ( 'NONE',  ( -30.52521972645684656, -70.95757558157187361, -55.70632003719134673 ) ) ;
#1538 = DIRECTION ( 'NONE',  ( -1.000000000000000000, 0.000000000000000000, 0.000000000000000000 ) ) ;
#1539 = ADVANCED_FACE ( 'NONE', ( #2105 ), #1393, .F. ) ;
#1540 = AXIS2_PLACEMENT_3D ( 'NONE', #1018, #2049, #1681 ) ;
#1541 = LINE ( 'NONE', #1046, #73 ) ;
#1542 = DIRECTION ( 'NONE',  ( 9.129611505416285335E-17, -1.000000000000000000, -3.572727930943832979E-15 ) ) ;
#1543 = ADVANCED_FACE ( 'NONE', ( #47 ), #1419, .T. ) ;
#1544 = EDGE_CURVE ( 'NONE', #1846, #1186, #765, .T. ) ;
#1545 = CARTESIAN_POINT ( 'NONE',  ( -30.52521972645687853, -70.95757558157187361, -55.70632003719134673 ) ) ;
#1546 = B_SPLINE_SURFACE_WITH_KNOTS ( 'NONE', 1, 3, ( 
 ( #1885, #1699, #2184, #519, #345, #2172 ),
 ( #831, #2001, #1366, #364, #2040, #1847 ),
 ( #1318, #15, #2017, #2195, #1855, #5 ),
 ( #689, #1356, #1010, #324, #499, #1035 ) ),
 .UNSPECIFIED., .F., .F., .F.,
 ( 2, 1, 1, 2 ),
 ( 4, 2, 4 ),
 ( -0.01000000000000000021, 0.000000000000000000, 1.000000000000000000, 1.010099999999999998 ),
 ( 0.000000000000000000, 0.5000000000000000000, 1.000000000000000000 ),
 .UNSPECIFIED. ) ;
#1547 = ORIENTED_EDGE ( 'NONE', *, *, #353, .T. ) ;
#1548 = FACE_OUTER_BOUND ( 'NONE', #703, .T. ) ;
#1549 = EDGE_LOOP ( 'NONE', ( #1632, #460, #1679, #248 ) ) ;
#1550 = FACE_OUTER_BOUND ( 'NONE', #1750, .T. ) ;
#1551 = DIRECTION ( 'NONE',  ( 0.01365360219838660828, -0.1641169177470451490, 0.9863463978016130396 ) ) ;
#1552 = VECTOR ( 'NONE', #701, 1000.000000000000000 ) ;
#1553 = VECTOR ( 'NONE', #1696, 1000.000000000000000 ) ;
#1554 = DIRECTION ( 'NONE',  ( 0.7071067811865512365, 2.590856249355741187E-15, 0.7071067811865439090 ) ) ;
#1555 = AXIS2_PLACEMENT_3D ( 'NONE', #546, #1897, #686 ) ;
#1556 = DIRECTION ( 'NONE',  ( 0.7071067811865742181, 9.006684287271580856E-15, 0.7071067811865207053 ) ) ;
#1557 = ADVANCED_FACE ( 'NONE', ( #420 ), #1096, .T. ) ;
#1558 = ORIENTED_EDGE ( 'NONE', *, *, #1814, .F. ) ;
#1559 = CARTESIAN_POINT ( 'NONE',  ( -99.99999999999997158, 0.000000000000000000, 84.99999999999998579 ) ) ;
#1560 = ORIENTED_EDGE ( 'NONE', *, *, #32, .F. ) ;
#1561 = ADVANCED_FACE ( 'NONE', ( #247 ), #935, .T. ) ;
#1562 = CARTESIAN_POINT ( 'NONE',  ( 0.000000000000000000, -2.236600000000005473, 82.76339999999999009 ) ) ;
#1563 = CARTESIAN_POINT ( 'NONE',  ( -94.15332021143403551, -60.93341043894054110, 53.15763342520610024 ) ) ;
#1564 = ORIENTED_EDGE ( 'NONE', *, *, #1327, .F. ) ;
#1565 = ORIENTED_EDGE ( 'NONE', *, *, #1760, .T. ) ;
#1566 = B_SPLINE_SURFACE_WITH_KNOTS ( 'NONE', 1, 3, ( 
 ( #282, #796, #272, #1142, #1797, #2131 ),
 ( #1448, #2137, #1120, #1436, #1627, #628 ),
 ( #619, #294, #1978, #941, #969, #2147 ) ),
 .UNSPECIFIED., .F., .F., .F.,
 ( 2, 1, 2 ),
 ( 4, 2, 4 ),
 ( -0.01000000000000000021, 0.000000000000000000, 1.000000000000000000 ),
 ( 0.000000000000000000, 0.5000000000000000000, 1.000000000000000000 ),
 .UNSPECIFIED. ) ;
#1567 = DIRECTION ( 'NONE',  ( 0.1641169177470450380, -0.9726927956032261902, -0.1641169177470450380 ) ) ;
#1568 = CARTESIAN_POINT ( 'NONE',  ( 100.0000000000000142, -71.50000000000001421, 85.00000000000024158 ) ) ;
#1569 = DIRECTION ( 'NONE',  ( 2.482378626307417211E-16, -1.000000000000000000, -3.658830838189344310E-15 ) ) ;
#1570 = EDGE_CURVE ( 'NONE', #1522, #1533, #2079, .T. ) ;
#1571 = VERTEX_POINT ( 'NONE', #392 ) ;
#1572 = DIRECTION ( 'NONE',  ( 9.827401457297370663E-31, 3.568574007723718578E-15, -1.000000000000000000 ) ) ;
#1573 = PLANE ( 'NONE',  #1841 ) ;
#1574 = DIRECTION ( 'NONE',  ( -4.275831445896958607E-31, 6.982962677686266711E-15, -1.000000000000000000 ) ) ;
#1575 = ADVANCED_FACE ( 'NONE', ( #911 ), #848, .F. ) ;
#1576 = ORIENTED_EDGE ( 'NONE', *, *, #1, .F. ) ;
#1577 = LINE ( 'NONE', #1411, #1326 ) ;
#1578 = CARTESIAN_POINT ( 'NONE',  ( 100.0000000000000284, -2.236600000000002808, 83.49999999999998579 ) ) ;
#1579 = CARTESIAN_POINT ( 'NONE',  ( -40.45170546747116447, 0.5410665389589244256, -43.35340424257329062 ) ) ;
#1580 = LINE ( 'NONE', #1415, #175 ) ;
#1581 = EDGE_LOOP ( 'NONE', ( #1004, #1128, #1250, #1330 ) ) ;
#1582 = EDGE_CURVE ( 'NONE', #1277, #515, #1121, .T. ) ;
#1583 = ORIENTED_EDGE ( 'NONE', *, *, #495, .T. ) ;
#1584 = VECTOR ( 'NONE', #79, 1000.000000000000000 ) ;
#1585 = LINE ( 'NONE', #78, #955 ) ;
#1586 = AXIS2_PLACEMENT_3D ( 'NONE', #1994, #1630, #1284 ) ;
#1587 = VECTOR ( 'NONE', #2182, 1000.000000000000000 ) ;
#1588 = CARTESIAN_POINT ( 'NONE',  ( -29.99752482591074809, -70.93683439033362959, 55.92890522769346262 ) ) ;
#1589 = CARTESIAN_POINT ( 'NONE',  ( -29.92246955298175948, -71.13150151210064109, -54.28185760387216874 ) ) ;
#1590 = ORIENTED_EDGE ( 'NONE', *, *, #30, .F. ) ;
#1591 = ORIENTED_EDGE ( 'NONE', *, *, #273, .T. ) ;
#1592 = ADVANCED_FACE ( 'NONE', ( #1105 ), #1143, .F. ) ;
#1593 = DIRECTION ( 'NONE',  ( 0.000000000000000000, -1.066460153567067800E-14, 1.000000000000000000 ) ) ;
#1594 = EDGE_CURVE ( 'NONE', #1533, #469, #952, .T. ) ;
#1595 = VECTOR ( 'NONE', #1716, 1000.000000000000000 ) ;
#1596 = FACE_OUTER_BOUND ( 'NONE', #1371, .T. ) ;
#1597 = CARTESIAN_POINT ( 'NONE',  ( 1.108537864677217522E-16, -1.301042606982605321E-15, 82.76339999999999009 ) ) ;
#1598 = CARTESIAN_POINT ( 'NONE',  ( -0.7500000000000006661, 0.000000000000000000, 84.99999999999998579 ) ) ;
#1599 = ORIENTED_EDGE ( 'NONE', *, *, #836, .T. ) ;
#1600 = ORIENTED_EDGE ( 'NONE', *, *, #1689, .T. ) ;
#1601 = DIRECTION ( 'NONE',  ( -0.7071067811865512365, -2.804600147011029922E-15, 0.7071067811865439090 ) ) ;
#1602 = EDGE_CURVE ( 'NONE', #712, #1341, #1813, .T. ) ;
#1603 = EDGE_LOOP ( 'NONE', ( #1781, #1971, #791, #333 ) ) ;
#1604 = CARTESIAN_POINT ( 'NONE',  ( 0.000000000000000000, -1.301042606982605321E-15, 82.76339999999999009 ) ) ;
#1605 = ADVANCED_FACE ( 'NONE', ( #274 ), #1484, .F. ) ;
#1606 = AXIS2_PLACEMENT_3D ( 'NONE', #1987, #471, #2168 ) ;
#1607 = CARTESIAN_POINT ( 'NONE',  ( -29.90133295458150542, -72.03334824783250667, -53.90377675546309888 ) ) ;
#1608 = CIRCLE ( 'NONE', #93, 4.999999999999997335 ) ;
#1609 = DIRECTION ( 'NONE',  ( 0.000000000000000000, -1.000000000000000000, 0.000000000000000000 ) ) ;
#1610 = ORIENTED_EDGE ( 'NONE', *, *, #1079, .F. ) ;
#1611 = CARTESIAN_POINT ( 'NONE',  ( 8.353291238702765764E-29, 3.033287906565161565E-13, -83.50000000000001421 ) ) ;
#1612 = DIRECTION ( 'NONE',  ( 0.7071067811865512365, 2.590856249355741187E-15, 0.7071067811865439090 ) ) ;
#1613 = ORIENTED_EDGE ( 'NONE', *, *, #1528, .F. ) ;
#1614 = FACE_OUTER_BOUND ( 'NONE', #1259, .T. ) ;
#1615 = VECTOR ( 'NONE', #1556, 1000.000000000000114 ) ;
#1616 = AXIS2_PLACEMENT_3D ( 'NONE', #1374, #1029, #867 ) ;
#1617 = EDGE_CURVE ( 'NONE', #986, #1816, #1449, .T. ) ;
#1618 = VECTOR ( 'NONE', #1513, 1000.000000000000000 ) ;
#1619 = CARTESIAN_POINT ( 'NONE',  ( 65.00000000000002842, -56.50000000000057554, 83.50000000000019895 ) ) ;
#1620 = LINE ( 'NONE', #953, #899 ) ;
#1621 = EDGE_CURVE ( 'NONE', #1804, #1435, #1968, .T. ) ;
#1622 = ORIENTED_EDGE ( 'NONE', *, *, #1135, .T. ) ;
#1623 = VERTEX_POINT ( 'NONE', #2138 ) ;
#1624 = CARTESIAN_POINT ( 'NONE',  ( -28.42101640029416032, -70.76276211216408285, 55.38409330975041200 ) ) ;
#1625 = CYLINDRICAL_SURFACE ( 'NONE', #405, 4.999999999999997335 ) ;
#1626 = EDGE_LOOP ( 'NONE', ( #291, #148, #1090, #1028 ) ) ;
#1627 = CARTESIAN_POINT ( 'NONE',  ( -41.87580397283434053, -2.049565444744497089, 42.56291866962737913 ) ) ;
#1628 = CARTESIAN_POINT ( 'NONE',  ( -28.92625805241316428, -70.93683439033365801, -54.85763845419576512 ) ) ;
#1629 = VECTOR ( 'NONE', #1554, 1000.000000000000000 ) ;
#1630 = DIRECTION ( 'NONE',  ( 1.000000000000000000, 0.000000000000000000, 0.000000000000000000 ) ) ;
#1631 = ADVANCED_FACE ( 'NONE', ( #620 ), #1639, .T. ) ;
#1632 = ORIENTED_EDGE ( 'NONE', *, *, #1787, .T. ) ;
#1633 = ORIENTED_EDGE ( 'NONE', *, *, #1233, .F. ) ;
#1634 = ORIENTED_EDGE ( 'NONE', *, *, #2101, .T. ) ;
#1635 = CARTESIAN_POINT ( 'NONE',  ( -1.581515026801837198, 3.083007607363718156E-13, 84.34491502680185704 ) ) ;
#1636 = ORIENTED_EDGE ( 'NONE', *, *, #933, .T. ) ;
#1637 = CARTESIAN_POINT ( 'NONE',  ( -29.99752482591069835, -70.93683439033362959, -55.92890522769346262 ) ) ;
#1638 = DIRECTION ( 'NONE',  ( -0.01365360219838657706, 0.1641169177470450935, 0.9863463978016129285 ) ) ;
#1639 = PLANE ( 'NONE',  #2059 ) ;
#1640 = DIRECTION ( 'NONE',  ( 0.000000000000000000, -1.000000000000000000, 0.000000000000000000 ) ) ;
#1641 = ORIENTED_EDGE ( 'NONE', *, *, #1992, .T. ) ;
#1642 = ORIENTED_EDGE ( 'NONE', *, *, #510, .F. ) ;
#1643 = CARTESIAN_POINT ( 'NONE',  ( 1.049672935557070641, -1.159596970613161693, -43.00903831278461098 ) ) ;
#1644 = ORIENTED_EDGE ( 'NONE', *, *, #133, .T. ) ;
#1645 = EDGE_CURVE ( 'NONE', #1984, #1803, #2129, .T. ) ;
#1646 = CARTESIAN_POINT ( 'NONE',  ( 0.9031031691204601808, 7.174726982195770653, 41.62027188450076665 ) ) ;
#1647 = EDGE_LOOP ( 'NONE', ( #722, #949, #498, #596 ) ) ;
#1648 = EDGE_CURVE ( 'NONE', #548, #1341, #477, .T. ) ;
#1649 = DIRECTION ( 'NONE',  ( -0.7071067811865439090, 2.411653420884707729E-15, 0.7071067811865512365 ) ) ;
#1650 = CARTESIAN_POINT ( 'NONE',  ( -0.7500000000000002220, -1.500000000000000666, 84.99999999999998579 ) ) ;
#1651 = CARTESIAN_POINT ( 'NONE',  ( -29.14108425655166457, -70.98810329272482988, -54.66402545349288289 ) ) ;
#1652 = AXIS2_PLACEMENT_3D ( 'NONE', #1071, #211, #1058 ) ;
#1653 = CARTESIAN_POINT ( 'NONE',  ( -99.99999999999997158, -1.500000000000000000, -45.21778977472712313 ) ) ;
#1654 = VECTOR ( 'NONE', #847, 1000.000000000000114 ) ;
#1655 = CIRCLE ( 'NONE', #2198, 2.236599999999880239 ) ;
#1656 = ORIENTED_EDGE ( 'NONE', *, *, #665, .T. ) ;
#1657 = ORIENTED_EDGE ( 'NONE', *, *, #886, .F. ) ;
#1658 = DIRECTION ( 'NONE',  ( 0.000000000000000000, 1.000000000000000000, 2.775557561562892929E-15 ) ) ;
#1659 = DIRECTION ( 'NONE',  ( 0.000000000000000000, 3.568574007723717001E-15, 1.000000000000000000 ) ) ;
#1660 = EDGE_CURVE ( 'NONE', #1957, #384, #1801, .T. ) ;
#1661 = VERTEX_POINT ( 'NONE', #692 ) ;
#1662 = DIRECTION ( 'NONE',  ( 0.7119060440876135987, 0.000000000000000000, 0.7022747214527409465 ) ) ;
#1663 = DIRECTION ( 'NONE',  ( -0.7071067811865435759, 0.000000000000000000, 0.7071067811865515695 ) ) ;
#1664 = LINE ( 'NONE', #1321, #1945 ) ;
#1665 = FACE_OUTER_BOUND ( 'NONE', #249, .T. ) ;
#1666 = ORIENTED_EDGE ( 'NONE', *, *, #1582, .F. ) ;
#1667 = VERTEX_POINT ( 'NONE', #1173 ) ;
#1668 = DIRECTION ( 'NONE',  ( 0.000000000000000000, 1.000000000000000000, 2.775557561562892929E-15 ) ) ;
#1669 = ORIENTED_EDGE ( 'NONE', *, *, #2058, .T. ) ;
#1670 = DIRECTION ( 'NONE',  ( 0.000000000000000000, -1.000000000000000000, 3.568574007723717001E-15 ) ) ;
#1671 = EDGE_LOOP ( 'NONE', ( #130, #785, #1591, #1636 ) ) ;
#1672 = CARTESIAN_POINT ( 'NONE',  ( 0.8826227658228803508, 7.420902358816337419, 43.09979148120318371 ) ) ;
#1673 = LINE ( 'NONE', #1505, #1204 ) ;
#1674 = DIRECTION ( 'NONE',  ( -0.6877976717823458541, -0.2320963708927387126, -0.6877976717823380826 ) ) ;
#1675 = LINE ( 'NONE', #1545, #896 ) ;
#1676 = EDGE_CURVE ( 'NONE', #986, #51, #2019, .T. ) ;
#1677 = EDGE_CURVE ( 'NONE', #1341, #2153, #1675, .T. ) ;
#1678 = DIRECTION ( 'NONE',  ( 0.000000000000000000, 1.000000000000000000, 6.123233995736766036E-17 ) ) ;
#1679 = ORIENTED_EDGE ( 'NONE', *, *, #1464, .F. ) ;
#1680 = VERTEX_POINT ( 'NONE', #538 ) ;
#1681 = DIRECTION ( 'NONE',  ( 0.000000000000000000, 1.000000000000000000, 0.000000000000000000 ) ) ;
#1682 = AXIS2_PLACEMENT_3D ( 'NONE', #303, #266, #2152 ) ;
#1683 = LINE ( 'NONE', #856, #1698 ) ;
#1684 = VERTEX_POINT ( 'NONE', #164 ) ;
#1685 = DIRECTION ( 'NONE',  ( 1.000000000000000000, -2.943801717310612657E-16, -0.000000000000000000 ) ) ;
#1686 = CARTESIAN_POINT ( 'NONE',  ( -42.02027828667541343, 0.000000000000000000, -45.21778977472712313 ) ) ;
#1687 = DIRECTION ( 'NONE',  ( 0.000000000000000000, 0.000000000000000000, -1.000000000000000000 ) ) ;
#1688 = DIRECTION ( 'NONE',  ( 0.000000000000000000, -8.881417202256780747E-15, -1.000000000000000000 ) ) ;
#1689 = EDGE_CURVE ( 'NONE', #577, #1914, #1664, .T. ) ;
#1690 = ADVANCED_FACE ( 'NONE', ( #1193 ), #336, .T. ) ;
#1691 = AXIS2_PLACEMENT_3D ( 'NONE', #2122, #723, #224 ) ;
#1692 = EDGE_LOOP ( 'NONE', ( #1103, #1481, #2136, #1599 ) ) ;
#1693 = VERTEX_POINT ( 'NONE', #1850 ) ;
#1694 = AXIS2_PLACEMENT_3D ( 'NONE', #1504, #1182, #1493 ) ;
#1695 = CARTESIAN_POINT ( 'NONE',  ( 4.286198471343573291E-15, -2.236599999999977495, -83.50000000000001421 ) ) ;
#1696 = DIRECTION ( 'NONE',  ( 0.000000000000000000, 1.000000000000000000, 6.123233995736766036E-17 ) ) ;
#1697 = EDGE_CURVE ( 'NONE', #1667, #241, #503, .T. ) ;
#1698 = VECTOR ( 'NONE', #1514, 1000.000000000000000 ) ;
#1699 = CARTESIAN_POINT ( 'NONE',  ( -30.21095598537941740, -71.17452744680949195, 54.21079706497856421 ) ) ;
#1700 = PLANE ( 'NONE',  #327 ) ;
#1701 = FACE_OUTER_BOUND ( 'NONE', #1730, .T. ) ;
#1702 = CARTESIAN_POINT ( 'NONE',  ( 1.181708930066776822E-14, -71.50000000000000000, -82.76340000000044483 ) ) ;
#1703 = CARTESIAN_POINT ( 'NONE',  ( -41.67232601626878363, -2.157760649240744844, -44.25410403733538089 ) ) ;
#1704 = ORIENTED_EDGE ( 'NONE', *, *, #603, .F. ) ;
#1705 = DIRECTION ( 'NONE',  ( 0.000000000000000000, 8.919484920743248412E-15, 1.000000000000000000 ) ) ;
#1706 = ORIENTED_EDGE ( 'NONE', *, *, #1645, .F. ) ;
#1707 = DIRECTION ( 'NONE',  ( -2.943801717310612657E-16, -1.000000000000000000, 0.000000000000000000 ) ) ;
#1708 = EDGE_CURVE ( 'NONE', #1933, #1277, #1507, .T. ) ;
#1709 = FACE_BOUND ( 'NONE', #104, .T. ) ;
#1710 = CARTESIAN_POINT ( 'NONE',  ( 2.205258796811421937E-15, -2.236599999999977495, -82.76339999999983377 ) ) ;
#1711 = CARTESIAN_POINT ( 'NONE',  ( -41.87358174009683154, -2.047574902802162811, 42.57758568601033033 ) ) ;
#1712 = EDGE_CURVE ( 'NONE', #1796, #1902, #1369, .T. ) ;
#1713 = PRODUCT_RELATED_PRODUCT_CATEGORY ( 'part', '', ( #2033 ) ) ;
#1714 = VECTOR ( 'NONE', #199, 1000.000000000000000 ) ;
#1715 = DIRECTION ( 'NONE',  ( -0.7071067811865512365, -2.804600147011029922E-15, 0.7071067811865439090 ) ) ;
#1716 = DIRECTION ( 'NONE',  ( 0.07171802778845216830, -0.9837370081665888222, 0.1646755089671307626 ) ) ;
#1717 = PLANE ( 'NONE',  #283 ) ;
#1718 = DIRECTION ( 'NONE',  ( -0.7071067811865423547, 6.204859075299643866E-15, 0.7071067811865526798 ) ) ;
#1719 = FILL_AREA_STYLE_COLOUR ( '', #270 ) ;
#1720 = ORIENTED_EDGE ( 'NONE', *, *, #495, .F. ) ;
#1721 = DIRECTION ( 'NONE',  ( -0.07298733299100924887, 0.9973328678143820181, 0.000000000000000000 ) ) ;
#1722 = EDGE_LOOP ( 'NONE', ( #1425, #393, #1258, #657 ) ) ;
#1723 = PLANE ( 'NONE',  #778 ) ;
#1724 = LINE ( 'NONE', #1212, #1553 ) ;
#1725 = ADVANCED_FACE ( 'NONE', ( #1157 ), #1835, .T. ) ;
#1726 = CIRCLE ( 'NONE', #1540, 0.7366000000000039183 ) ;
#1727 = FACE_OUTER_BOUND ( 'NONE', #1488, .T. ) ;
#1728 = EDGE_CURVE ( 'NONE', #235, #1909, #1013, .T. ) ;
#1729 = LINE ( 'NONE', #1086, #500 ) ;
#1730 = EDGE_LOOP ( 'NONE', ( #20, #694, #2183, #920 ) ) ;
#1731 = DIRECTION ( 'NONE',  ( 0.1641169177470458429, -0.9726927956032258571, 0.1641169177470458429 ) ) ;
#1732 = ORIENTED_EDGE ( 'NONE', *, *, #1087, .T. ) ;
#1733 = LINE ( 'NONE', #227, #1263 ) ;
#1734 = DIRECTION ( 'NONE',  ( 0.7071067811865440200, -2.411653420884707729E-15, 0.7071067811865511255 ) ) ;
#1735 = LINE ( 'NONE', #882, #1037 ) ;
#1736 = EDGE_LOOP ( 'NONE', ( #1996, #2096, #1947, #1150 ) ) ;
#1737 = VECTOR ( 'NONE', #339, 1000.000000000000000 ) ;
#1738 = ORIENTED_EDGE ( 'NONE', *, *, #650, .F. ) ;
#1739 = AXIS2_PLACEMENT_3D ( 'NONE', #1619, #1310, #1993 ) ;
#1740 = AXIS2_PLACEMENT_3D ( 'NONE', #1611, #1826, #1108 ) ;
#1741 = CARTESIAN_POINT ( 'NONE',  ( -98.58532138769153619, -0.1060866821448206987, -41.45453834978605556 ) ) ;
#1742 = EDGE_CURVE ( 'NONE', #469, #1417, #102, .T. ) ;
#1743 = CARTESIAN_POINT ( 'NONE',  ( 100.0000000000000284, 0.000000000000000000, 82.76339999999999009 ) ) ;
#1744 = EDGE_LOOP ( 'NONE', ( #436, #301 ) ) ;
#1745 = CARTESIAN_POINT ( 'NONE',  ( 1.387778780781445676E-14, -71.50000000000001421, 85.00000000000024158 ) ) ;
#1746 = ORIENTED_EDGE ( 'NONE', *, *, #1135, .F. ) ;
#1747 = CARTESIAN_POINT ( 'NONE',  ( -29.35858888376371922, -71.49228170886652833, -56.56784116984050570 ) ) ;
#1748 = DIRECTION ( 'NONE',  ( 0.000000000000000000, 8.831405151933335327E-15, 1.000000000000000000 ) ) ;
#1749 = ORIENTED_EDGE ( 'NONE', *, *, #1676, .T. ) ;
#1750 = EDGE_LOOP ( 'NONE', ( #406, #1900, #2013, #271 ) ) ;
#1751 = DIRECTION ( 'NONE',  ( -1.000000000000000000, 0.000000000000000000, 0.000000000000000000 ) ) ;
#1752 = ADVANCED_FACE ( 'NONE', ( #2032 ), #1359, .T. ) ;
#1753 = PLANE ( 'NONE',  #811 ) ;
#1754 = CARTESIAN_POINT ( 'NONE',  ( 65.00000000000002842, -61.50000000000058265, 85.00000000000029843 ) ) ;
#1755 = EDGE_LOOP ( 'NONE', ( #1891, #1317, #1853, #457 ) ) ;
#1756 = CARTESIAN_POINT ( 'NONE',  ( 8.664376103967584307E-15, -71.50000000000000000, -83.50000000000027001 ) ) ;
#1757 = DIRECTION ( 'NONE',  ( -1.089066670279417143E-16, 0.000000000000000000, -1.000000000000000000 ) ) ;
#1758 = DIRECTION ( 'NONE',  ( -0.9973314913493622758, -0.07298723225782981217, -0.001661412109799872451 ) ) ;
#1759 = CYLINDRICAL_SURFACE ( 'NONE', #607, 0.7366000000000039183 ) ;
#1760 = EDGE_CURVE ( 'NONE', #853, #1667, #513, .T. ) ;
#1761 = ORIENTED_EDGE ( 'NONE', *, *, #1829, .T. ) ;
#1762 = AXIS2_PLACEMENT_3D ( 'NONE', #608, #1272, #1110 ) ;
#1763 = EDGE_CURVE ( 'NONE', #1914, #9, #173, .T. ) ;
#1764 = ORIENTED_EDGE ( 'NONE', *, *, #587, .T. ) ;
#1765 = AXIS2_PLACEMENT_3D ( 'NONE', #652, #2164, #1473 ) ;
#1766 = VECTOR ( 'NONE', #261, 1000.000000000000114 ) ;
#1767 = MECHANICAL_DESIGN_GEOMETRIC_PRESENTATION_REPRESENTATION (  '', ( #673 ), #681 ) ;
#1768 = CARTESIAN_POINT ( 'NONE',  ( -98.36822399710760578, -3.083953532077762461, 41.95302700587819800 ) ) ;
#1769 = VECTOR ( 'NONE', #963, 1000.000000000000000 ) ;
#1770 = CIRCLE ( 'NONE', #1303, 2.236600000000004140 ) ;
#1771 = DIRECTION ( 'NONE',  ( 0.000000000000000000, 3.491481338843133355E-15, -1.000000000000000000 ) ) ;
#1772 = ORIENTED_EDGE ( 'NONE', *, *, #153, .F. ) ;
#1773 = EDGE_CURVE ( 'NONE', #1209, #2016, #349, .T. ) ;
#1774 = DIRECTION ( 'NONE',  ( 1.000000000000000000, 1.387778780781445429E-16, 1.477979274286454707E-30 ) ) ;
#1775 = EDGE_CURVE ( 'NONE', #683, #986, #2159, .T. ) ;
#1776 = CARTESIAN_POINT ( 'NONE',  ( -42.05510971004402876, -2.236600000000144028, -41.75000000000045475 ) ) ;
#1777 = ORIENTED_EDGE ( 'NONE', *, *, #931, .F. ) ;
#1778 = DIRECTION ( 'NONE',  ( 0.6877976717823442998, 0.2320963708927381297, -0.6877976717823397479 ) ) ;
#1779 = CARTESIAN_POINT ( 'NONE',  ( -30.50453451912639480, -71.20621271195864210, -54.21200524452189029 ) ) ;
#1780 = PLANE ( 'NONE',  #1949 ) ;
#1781 = ORIENTED_EDGE ( 'NONE', *, *, #1101, .F. ) ;
#1782 = FACE_OUTER_BOUND ( 'NONE', #1231, .T. ) ;
#1783 = LINE ( 'NONE', #259, #114 ) ;
#1784 = ADVANCED_FACE ( 'NONE', ( #835 ), #1531, .F. ) ;
#1785 = ORIENTED_EDGE ( 'NONE', *, *, #45, .F. ) ;
#1786 = CARTESIAN_POINT ( 'NONE',  ( -29.35858888376365883, -71.49228170886649991, -56.56784116984050570 ) ) ;
#1787 = EDGE_CURVE ( 'NONE', #1197, #235, #1888, .T. ) ;
#1788 = DIRECTION ( 'NONE',  ( -1.000000000000000000, 0.000000000000000000, 0.000000000000000000 ) ) ;
#1789 = UNCERTAINTY_MEASURE_WITH_UNIT (LENGTH_MEASURE( 1.000000000000000082E-05 ), #421, 'distance_accuracy_value', 'NONE');
#1790 = CARTESIAN_POINT ( 'NONE',  ( -0.7500000000000000000, -1.499999999999977573, -82.01340000000001851 ) ) ;
#1791 = ORIENTED_EDGE ( 'NONE', *, *, #2058, .F. ) ;
#1792 = FACE_OUTER_BOUND ( 'NONE', #2107, .T. ) ;
#1793 = B_SPLINE_CURVE_WITH_KNOTS ( 'NONE', 3,
 ( #928, #1931, #600, #1589, #590, #1267 ),
 .UNSPECIFIED., .F., .F.,
 ( 4, 2, 4 ),
 ( 0.000000000000000000, 0.5000000000000000000, 1.000000000000000000 ),
 .UNSPECIFIED. ) ;
#1794 = CARTESIAN_POINT ( 'NONE',  ( 65.00000000000002842, -56.50000000000058265, 85.00000000000031264 ) ) ;
#1795 = VECTOR ( 'NONE', #599, 1000.000000000000000 ) ;
#1796 = VERTEX_POINT ( 'NONE', #44 ) ;
#1797 = CARTESIAN_POINT ( 'NONE',  ( -41.87366208602323070, -2.051704969675343992, 42.54809667268490614 ) ) ;
#1798 = EDGE_CURVE ( 'NONE', #838, #683, #1214, .T. ) ;
#1799 = VECTOR ( 'NONE', #1520, 999.9999999999998863 ) ;
#1800 = VECTOR ( 'NONE', #295, 1000.000000000000227 ) ;
#1801 = LINE ( 'NONE', #962, #1654 ) ;
#1802 = DIRECTION ( 'NONE',  ( 0.000000000000000000, 1.000000000000000000, 2.775557561562892929E-15 ) ) ;
#1803 = VERTEX_POINT ( 'NONE', #558 ) ;
#1804 = VERTEX_POINT ( 'NONE', #1578 ) ;
#1805 = COLOUR_RGB ( '',0.6470588235294117974, 0.6196078431372549211, 0.5882352941176470784 ) ;
#1806 = DIRECTION ( 'NONE',  ( 0.000000000000000000, -1.059768618231820537E-14, 1.000000000000000000 ) ) ;
#1807 = VERTEX_POINT ( 'NONE', #742 ) ;
#1808 = CARTESIAN_POINT ( 'NONE',  ( -40.63832685612883466, -2.219841565005444384, -43.16678285391568437 ) ) ;
#1809 = ORIENTED_EDGE ( 'NONE', *, *, #688, .T. ) ;
#1810 = LINE ( 'NONE', #1637, #710 ) ;
#1811 = DIRECTION ( 'NONE',  ( 1.000000000000000000, 1.387778780781445429E-16, 1.477979274286454707E-30 ) ) ;
#1812 = CARTESIAN_POINT ( 'NONE',  ( -0.7500000000000006661, -1.500000000000000000, 84.99999999999998579 ) ) ;
#1813 = B_SPLINE_CURVE_WITH_KNOTS ( 'NONE', 3,
 ( #1441, #1959, #298, #444 ),
 .UNSPECIFIED., .F., .F.,
 ( 4, 4 ),
 ( 0.000000000000000000, 1.000000000000000000 ),
 .UNSPECIFIED. ) ;
#1814 = EDGE_CURVE ( 'NONE', #695, #109, #232, .T. ) ;
#1815 = ORIENTED_EDGE ( 'NONE', *, *, #1453, .F. ) ;
#1816 = VERTEX_POINT ( 'NONE', #410 ) ;
#1817 = CARTESIAN_POINT ( 'NONE',  ( 1.387778780781445676E-14, -71.50000000000001421, 85.00000000000024158 ) ) ;
#1818 = FACE_OUTER_BOUND ( 'NONE', #110, .T. ) ;
#1819 = ORIENTED_EDGE ( 'NONE', *, *, #1697, .T. ) ;
#1820 = FACE_OUTER_BOUND ( 'NONE', #2140, .T. ) ;
#1821 = CARTESIAN_POINT ( 'NONE',  ( -30.50473932315937020, -71.20375095819242972, -54.22680044048891546 ) ) ;
#1822 = DIRECTION ( 'NONE',  ( 9.827401457297368911E-31, 3.568574007723718578E-15, -1.000000000000000000 ) ) ;
#1823 = ORIENTED_EDGE ( 'NONE', *, *, #1101, .T. ) ;
#1824 = VERTEX_POINT ( 'NONE', #547 ) ;
#1825 = EDGE_CURVE ( 'NONE', #46, #526, #55, .T. ) ;
#1826 = DIRECTION ( 'NONE',  ( 9.827401457297368911E-31, 3.568574007723718578E-15, -1.000000000000000000 ) ) ;
#1827 = EDGE_LOOP ( 'NONE', ( #965, #356, #1476, #1363 ) ) ;
#1828 = AXIS2_PLACEMENT_3D ( 'NONE', #1129, #948, #1593 ) ;
#1829 = EDGE_CURVE ( 'NONE', #1020, #1803, #1078, .T. ) ;
#1830 = DIRECTION ( 'NONE',  ( 1.089066670279417143E-16, 0.000000000000000000, 1.000000000000000000 ) ) ;
#1831 = VERTEX_POINT ( 'NONE', #1413 ) ;
#1832 = DIRECTION ( 'NONE',  ( 0.000000000000000000, 0.000000000000000000, 1.000000000000000000 ) ) ;
#1833 = LINE ( 'NONE', #1170, #1917 ) ;
#1834 = CARTESIAN_POINT ( 'NONE',  ( 1.108537864677217522E-16, -1.500000000000001332, 82.01339999999999009 ) ) ;
#1835 = CYLINDRICAL_SURFACE ( 'NONE', #860, 2.236599999999882904 ) ;
#1836 = LINE ( 'NONE', #808, #2054 ) ;
#1837 = VECTOR ( 'NONE', #1403, 1000.000000000000000 ) ;
#1838 = VECTOR ( 'NONE', #132, 999.9999999999998863 ) ;
#1839 = ORIENTED_EDGE ( 'NONE', *, *, #554, .T. ) ;
#1840 = ORIENTED_EDGE ( 'NONE', *, *, #1712, .T. ) ;
#1841 = AXIS2_PLACEMENT_3D ( 'NONE', #1406, #1114, #239 ) ;
#1842 = CARTESIAN_POINT ( 'NONE',  ( -42.05510971004402876, 1.423309575125508328E-13, 41.75000000000044764 ) ) ;
#1843 = EDGE_CURVE ( 'NONE', #1902, #954, #1309, .T. ) ;
#1844 = DIRECTION ( 'NONE',  ( 0.000000000000000000, 1.000000000000000000, 6.123233995736766036E-17 ) ) ;
#1845 = EDGE_CURVE ( 'NONE', #1435, #802, #246, .T. ) ;
#1846 = VERTEX_POINT ( 'NONE', #401 ) ;
#1847 = CARTESIAN_POINT ( 'NONE',  ( -28.93686465413103193, -70.93683439033367222, 54.86824505591353329 ) ) ;
#1848 = DIRECTION ( 'NONE',  ( -0.7119060440876135987, 0.000000000000000000, 0.7022747214527409465 ) ) ;
#1849 = PLANE ( 'NONE',  #1207 ) ;
#1850 = CARTESIAN_POINT ( 'NONE',  ( -42.18170269010051499, -1.996393804112068127, -42.54983707354763567 ) ) ;
#1851 = CARTESIAN_POINT ( 'NONE',  ( -41.76924424830931315, -2.078925625993321979, -44.18429872073591724 ) ) ;
#1852 = EDGE_LOOP ( 'NONE', ( #1177, #768, #1443, #1970, #1840, #644, #1394 ) ) ;
#1853 = ORIENTED_EDGE ( 'NONE', *, *, #1290, .F. ) ;
#1854 = DIRECTION ( 'NONE',  ( 1.224646799147353207E-16, -1.000000000000000000, -3.568574007723718578E-15 ) ) ;
#1855 = CARTESIAN_POINT ( 'NONE',  ( -30.06667106572153259, -70.94252306051529899, 55.85975898788269234 ) ) ;
#1856 = CARTESIAN_POINT ( 'NONE',  ( 0.000000000000000000, -2.236599999999978827, -83.50000000000001421 ) ) ;
#1857 = ADVANCED_FACE ( 'NONE', ( #1596 ), #390, .T. ) ;
#1858 = PLANE ( 'NONE',  #1383 ) ;
#1859 = EDGE_CURVE ( 'NONE', #712, #223, #1729, .T. ) ;
#1860 = CARTESIAN_POINT ( 'NONE',  ( -43.11576988182385151, -2.236600000000140476, 42.81066017178027749 ) ) ;
#1861 = EDGE_CURVE ( 'NONE', #2153, #1831, #934, .T. ) ;
#1862 = CARTESIAN_POINT ( 'NONE',  ( -1.615587567363198881E-16, -2.236599999999982380, 82.76339999999983377 ) ) ;
#1863 = ORIENTED_EDGE ( 'NONE', *, *, #2161, .F. ) ;
#1864 = PLANE ( 'NONE',  #350 ) ;
#1865 = EDGE_LOOP ( 'NONE', ( #1462, #566, #317, #622 ) ) ;
#1866 = DIRECTION ( 'NONE',  ( -0.1641169177470450102, 0.9726927956032260791, 0.1641169177470450102 ) ) ;
#1867 = CYLINDRICAL_SURFACE ( 'NONE', #1165, 4.999999999999997335 ) ;
#1868 = CARTESIAN_POINT ( 'NONE',  ( 100.0000000000000284, -6.938893903907228378E-15, -82.76340000000001851 ) ) ;
#1869 = CARTESIAN_POINT ( 'NONE',  ( 65.00000000000002842, -51.49999999999998579, -85.00000000000021316 ) ) ;
#1870 = EDGE_CURVE ( 'NONE', #1187, #1270, #418, .T. ) ;
#1871 = CARTESIAN_POINT ( 'NONE',  ( 100.0000000000000284, -2.236600000000005473, -83.50000000000001421 ) ) ;
#1872 = PLANE ( 'NONE',  #1873 ) ;
#1873 = AXIS2_PLACEMENT_3D ( 'NONE', #1862, #1521, #1688 ) ;
#1874 = PRODUCT_DEFINITION ( '未知', '', #2160, #663 ) ;
#1875 = EDGE_LOOP ( 'NONE', ( #1961, #428, #1042, #1749 ) ) ;
#1876 = DIRECTION ( 'NONE',  ( -2.081582156778933111E-16, 1.000000000000000000, -8.881417202256780747E-15 ) ) ;
#1877 = ORIENTED_EDGE ( 'NONE', *, *, #602, .T. ) ;
#1878 = DIRECTION ( 'NONE',  ( 1.000000000000000000, 0.000000000000000000, -0.000000000000000000 ) ) ;
#1879 = VECTOR ( 'NONE', #1048, 1000.000000000000000 ) ;
#1880 = CARTESIAN_POINT ( 'NONE',  ( -42.21224033677745524, -1.629329905879044249, -44.75589942687072664 ) ) ;
#1881 = DIRECTION ( 'NONE',  ( -1.000000000000000000, 0.000000000000000000, 0.000000000000000000 ) ) ;
#1882 = CARTESIAN_POINT ( 'NONE',  ( -41.14791464784326536, -2.150766427627580413, 42.81900475400426132 ) ) ;
#1883 = AXIS2_PLACEMENT_3D ( 'NONE', #154, #1486, #1802 ) ;
#1884 = VECTOR ( 'NONE', #325, 1000.000000000000000 ) ;
#1885 = CARTESIAN_POINT ( 'NONE',  ( -30.50453451912645519, -71.20621271195867052, 54.21200524452197556 ) ) ;
#1886 = CARTESIAN_POINT ( 'NONE',  ( -42.02027828667541343, -2.000000000000000000, 45.21778977472712313 ) ) ;
#1887 = LINE ( 'NONE', #1171, #245 ) ;
#1888 = LINE ( 'NONE', #2186, #1439 ) ;
#1889 = ORIENTED_EDGE ( 'NONE', *, *, #1955, .T. ) ;
#1890 = CARTESIAN_POINT ( 'NONE',  ( -94.13283980813645258, -61.17958581556112563, -51.67811382850365476 ) ) ;
#1891 = ORIENTED_EDGE ( 'NONE', *, *, #427, .T. ) ;
#1892 = DIRECTION ( 'NONE',  ( -1.000000000000000000, 2.943801717310612657E-16, 0.000000000000000000 ) ) ;
#1893 = PLANE ( 'NONE',  #1943 ) ;
#1894 = CARTESIAN_POINT ( 'NONE',  ( -28.93686465413092890, -70.93683439033362959, -54.86824505591365408 ) ) ;
#1895 = CARTESIAN_POINT ( 'NONE',  ( -40.75706033922311633, -2.203314773983001018, 43.06851583473285672 ) ) ;
#1896 = EDGE_CURVE ( 'NONE', #56, #1661, #580, .T. ) ;
#1897 = DIRECTION ( 'NONE',  ( -0.1641169177467107221, 0.9726927956033386558, 0.1641169177467123874 ) ) ;
#1898 = DIRECTION ( 'NONE',  ( -8.758115402030106693E-47, -3.491481338843133355E-15, -1.000000000000000000 ) ) ;
#1899 = CARTESIAN_POINT ( 'NONE',  ( -99.99999999999997158, 0.000000000000000000, 45.21778977472712313 ) ) ;
#1900 = ORIENTED_EDGE ( 'NONE', *, *, #121, .T. ) ;
#1901 = SURFACE_STYLE_FILL_AREA ( #1350 ) ;
#1902 = VERTEX_POINT ( 'NONE', #2090 ) ;
#1903 = CARTESIAN_POINT ( 'NONE',  ( 100.0000000000000142, -71.50000000000001421, 83.50000000000024158 ) ) ;
#1904 = CARTESIAN_POINT ( 'NONE',  ( 65.00000000000002842, -56.49999999999997868, -85.00000000000022737 ) ) ;
#1905 = ORIENTED_EDGE ( 'NONE', *, *, #289, .T. ) ;
#1906 = CARTESIAN_POINT ( 'NONE',  ( -43.35283692479673334, -2.236600000000141364, 42.57359312880738855 ) ) ;
#1907 = DIRECTION ( 'NONE',  ( 0.1598674669187752917, 0.9741071737965733002, 0.1598674669187789554 ) ) ;
#1908 = CARTESIAN_POINT ( 'NONE',  ( -41.58892425603482224, -2.236600000000123156, -44.33750579756934940 ) ) ;
#1909 = VERTEX_POINT ( 'NONE', #1899 ) ;
#1910 = FACE_OUTER_BOUND ( 'NONE', #1298, .T. ) ;
#1911 = VERTEX_POINT ( 'NONE', #917 ) ;
#1912 = CARTESIAN_POINT ( 'NONE',  ( -29.48167657207393688, -70.76276211216408285, -56.44475348153022054 ) ) ;
#1913 = DIRECTION ( 'NONE',  ( 0.000000000000000000, 3.532562060772735386E-15, -1.000000000000000000 ) ) ;
#1914 = VERTEX_POINT ( 'NONE', #897 ) ;
#1915 = ORIENTED_EDGE ( 'NONE', *, *, #1464, .T. ) ;
#1916 = VECTOR ( 'NONE', #569, 1000.000000000000000 ) ;
#1917 = VECTOR ( 'NONE', #1848, 1000.000000000000000 ) ;
#1918 = LINE ( 'NONE', #409, #584 ) ;
#1919 = DIRECTION ( 'NONE',  ( 0.000000000000000000, -0.9864383484263599122, -0.1641322172940927193 ) ) ;
#1920 = EDGE_CURVE ( 'NONE', #278, #1684, #1069, .T. ) ;
#1921 = AXIS2_PLACEMENT_3D ( 'NONE', #355, #177, #542 ) ;
#1922 = DIRECTION ( 'NONE',  ( 0.6877976717822441577, 0.2320963708933184710, 0.6877976717822441577 ) ) ;
#1923 = DIRECTION ( 'NONE',  ( -0.1641169177470458429, 0.9726927956032258571, -0.1641169177470458429 ) ) ;
#1924 = VERTEX_POINT ( 'NONE', #1743 ) ;
#1925 = ORIENTED_EDGE ( 'NONE', *, *, #1742, .T. ) ;
#1926 = ORIENTED_EDGE ( 'NONE', *, *, #779, .F. ) ;
#1927 = LINE ( 'NONE', #1238, #926 ) ;
#1928 = EDGE_CURVE ( 'NONE', #1831, #548, #1391, .T. ) ;
#1929 = CARTESIAN_POINT ( 'NONE',  ( -94.13283980813645258, -61.17958581556111852, 51.67811382850366897 ) ) ;
#1930 = EDGE_CURVE ( 'NONE', #853, #1924, #1927, .T. ) ;
#1931 = CARTESIAN_POINT ( 'NONE',  ( -29.14104756896280435, -70.98809408238270180, -54.66406214108173600 ) ) ;
#1932 = ORIENTED_EDGE ( 'NONE', *, *, #1218, .T. ) ;
#1933 = VERTEX_POINT ( 'NONE', #924 ) ;
#1934 = CLOSED_SHELL ( 'NONE', ( #752, #764, #1132, #1592, #978, #308, #60, #1605, #2084, #276, #551, #1246, #84, #1269, #1690, #1181, #1396, #1384, #482, #522, #1455, #1370, #1082, #951, #2039, #412, #123, #1631, #14, #1857, #715, #990, #1257, #337, #1148, #1343, #163, #1557, #195, #1526, #108, #389, #206, #233, #1752, #1400, #832, #1575, #1293, #1308, #1784, #2068, #818, #400, #1014, #2175, #792, #1289, #1725, #422, #1053, #540, #1024, #1953, #2100, #616, #1539, #1561, #1381, #440, #2112, #1543, #803, #2144, #823, #2155 ) ) ;
#1935 = LINE ( 'NONE', #1077, #13 ) ;
#1936 = AXIS2_PLACEMENT_3D ( 'NONE', #1353, #1881, #360 ) ;
#1937 = DIRECTION ( 'NONE',  ( 1.000000000000000000, 6.668610059078770277E-33, -1.089066670279417143E-16 ) ) ;
#1938 = EDGE_CURVE ( 'NONE', #1336, #631, #1585, .T. ) ;
#1939 = DIRECTION ( 'NONE',  ( 0.000000000000000000, -1.000000000000000000, 0.000000000000000000 ) ) ;
#1940 = EDGE_CURVE ( 'NONE', #1432, #1924, #1418, .T. ) ;
#1941 = VERTEX_POINT ( 'NONE', #443 ) ;
#1942 = EDGE_LOOP ( 'NONE', ( #1633, #82, #260, #1210 ) ) ;
#1943 = AXIS2_PLACEMENT_3D ( 'NONE', #1051, #903, #192 ) ;
#1944 = DIRECTION ( 'NONE',  ( 0.000000000000000000, 0.000000000000000000, 1.000000000000000000 ) ) ;
#1945 = VECTOR ( 'NONE', #31, 1000.000000000000000 ) ;
#1946 = VECTOR ( 'NONE', #511, 1000.000000000000000 ) ;
#1947 = ORIENTED_EDGE ( 'NONE', *, *, #1236, .F. ) ;
#1948 = DIRECTION ( 'NONE',  ( -0.6877976717822480435, -0.2320963708933184155, -0.6877976717822400499 ) ) ;
#1949 = AXIS2_PLACEMENT_3D ( 'NONE', #255, #1609, #143 ) ;
#1950 = CARTESIAN_POINT ( 'NONE',  ( -30.21309782883507467, -71.17238799371567382, -54.22561907447398966 ) ) ;
#1951 = CARTESIAN_POINT ( 'NONE',  ( -29.48167657207396886, -70.76276211216408285, -56.44475348153024896 ) ) ;
#1952 = ORIENTED_EDGE ( 'NONE', *, *, #1896, .F. ) ;
#1953 = ADVANCED_FACE ( 'NONE', ( #1614 ), #1566, .F. ) ;
#1954 = LINE ( 'NONE', #812, #103 ) ;
#1955 = EDGE_CURVE ( 'NONE', #176, #1338, #2158, .T. ) ;
#1956 = CARTESIAN_POINT ( 'NONE',  ( -29.99752482591069835, -70.93683439033361537, -55.92890522769353367 ) ) ;
#1957 = VERTEX_POINT ( 'NONE', #433 ) ;
#1958 = DIRECTION ( 'NONE',  ( 0.01734448870941415755, -0.9862510612829055168, -0.1643411477072971028 ) ) ;
#1959 = CARTESIAN_POINT ( 'NONE',  ( -30.13579314147096255, -70.94820974271650016, -55.79063691213322329 ) ) ;
#1960 =( NAMED_UNIT ( * ) PLANE_ANGLE_UNIT ( ) SI_UNIT ( $, .RADIAN. ) );
#1961 = ORIENTED_EDGE ( 'NONE', *, *, #2103, .F. ) ;
#1962 = DIRECTION ( 'NONE',  ( 0.000000000000000000, -8.881417202256977962E-15, 1.000000000000000000 ) ) ;
#1963 = EDGE_CURVE ( 'NONE', #1197, #1111, #981, .T. ) ;
#1964 = LINE ( 'NONE', #1776, #741 ) ;
#1965 = ORIENTED_EDGE ( 'NONE', *, *, #894, .T. ) ;
#1966 = LINE ( 'NONE', #105, #1201 ) ;
#1967 = VECTOR ( 'NONE', #827, 1000.000000000000000 ) ;
#1968 = LINE ( 'NONE', #284, #813 ) ;
#1969 = DIRECTION ( 'NONE',  ( -1.000000000000000000, 0.000000000000000000, -0.000000000000000000 ) ) ;
#1970 = ORIENTED_EDGE ( 'NONE', *, *, #687, .T. ) ;
#1971 = ORIENTED_EDGE ( 'NONE', *, *, #942, .T. ) ;
#1972 = FACE_BOUND ( 'NONE', #1324, .T. ) ;
#1973 = ORIENTED_EDGE ( 'NONE', *, *, #2109, .T. ) ;
#1974 = VECTOR ( 'NONE', #1989, 1000.000000000000000 ) ;
#1975 = CARTESIAN_POINT ( 'NONE',  ( -29.35858888376365883, -71.49228170886649991, -56.56784116984050570 ) ) ;
#1976 = VECTOR ( 'NONE', #639, 1000.000000000000000 ) ;
#1977 = ORIENTED_EDGE ( 'NONE', *, *, #1787, .F. ) ;
#1978 = CARTESIAN_POINT ( 'NONE',  ( -41.76924424830930604, -2.078925625993300219, 44.18429872073594566 ) ) ;
#1979 = AXIS2_PLACEMENT_3D ( 'NONE', #2050, #1832, #674 ) ;
#1980 = EDGE_CURVE ( 'NONE', #1341, #1807, #1966, .T. ) ;
#1981 = CIRCLE ( 'NONE', #75, 0.7366000000001426962 ) ;
#1982 = CARTESIAN_POINT ( 'NONE',  ( -30.07601949249415085, -70.94206270016999838, -55.87183589657998084 ) ) ;
#1983 = CARTESIAN_POINT ( 'NONE',  ( -30.52521972645680393, -70.95757558157184519, 55.70632003719141068 ) ) ;
#1984 = VERTEX_POINT ( 'NONE', #1274 ) ;
#1985 = VERTEX_POINT ( 'NONE', #1112 ) ;
#1986 = AXIS2_PLACEMENT_3D ( 'NONE', #1991, #806, #475 ) ;
#1987 = CARTESIAN_POINT ( 'NONE',  ( -43.11576988182385151, 1.460467056661732182E-13, -42.81066017178027039 ) ) ;
#1988 = ORIENTED_EDGE ( 'NONE', *, *, #1845, .T. ) ;
#1989 = DIRECTION ( 'NONE',  ( 0.1641169177470438723, -0.9726927956032263012, 0.1641169177470450657 ) ) ;
#1990 = EDGE_LOOP ( 'NONE', ( #474, #819, #155, #840 ) ) ;
#1991 = CARTESIAN_POINT ( 'NONE',  ( 0.000000000000000000, 3.085660126647806356E-13, 84.99999999999998579 ) ) ;
#1992 = EDGE_CURVE ( 'NONE', #1281, #527, #464, .T. ) ;
#1993 = DIRECTION ( 'NONE',  ( 0.000000000000000000, -1.000000000000000000, 2.775557561562892929E-15 ) ) ;
#1994 = CARTESIAN_POINT ( 'NONE',  ( 100.0000000000000284, -1.499999999999994893, -85.00000000000001421 ) ) ;
#1995 = EDGE_CURVE ( 'NONE', #954, #695, #637, .T. ) ;
#1996 = ORIENTED_EDGE ( 'NONE', *, *, #1544, .F. ) ;
#1997 = PLANE ( 'NONE',  #1740 ) ;
#1998 = ORIENTED_EDGE ( 'NONE', *, *, #996, .F. ) ;
#1999 = CARTESIAN_POINT ( 'NONE',  ( 1.108537864677217522E-16, -1.500000000000001332, 82.01339999999999009 ) ) ;
#2000 = EDGE_LOOP ( 'NONE', ( #646, #1084, #809, #826 ) ) ;
#2001 = CARTESIAN_POINT ( 'NONE',  ( -30.21309782883517769, -71.17238799371570224, 54.22561907447406071 ) ) ;
#2002 = CARTESIAN_POINT ( 'NONE',  ( 1.108537864677217522E-16, -2.236600000000002808, 83.49999999999998579 ) ) ;
#2003 = CARTESIAN_POINT ( 'NONE',  ( 2.205258796811421937E-15, -2.236599999999977495, -82.76339999999983377 ) ) ;
#2004 = DIRECTION ( 'NONE',  ( 2.943801717310612657E-16, 1.000000000000000000, 0.000000000000000000 ) ) ;
#2005 = VECTOR ( 'NONE', #1774, 1000.000000000000000 ) ;
#2006 = CARTESIAN_POINT ( 'NONE',  ( 100.0000000000000284, -2.236600000000010802, -82.76340000000001851 ) ) ;
#2007 = EDGE_CURVE ( 'NONE', #795, #1005, #1282, .T. ) ;
#2008 = VECTOR ( 'NONE', #1398, 1000.000000000000000 ) ;
#2009 = ORIENTED_EDGE ( 'NONE', *, *, #536, .F. ) ;
#2010 = ORIENTED_EDGE ( 'NONE', *, *, #1109, .F. ) ;
#2011 = EDGE_CURVE ( 'NONE', #1323, #515, #85, .T. ) ;
#2012 = CARTESIAN_POINT ( 'NONE',  ( 0.000000000000000000, 0.000000000000000000, -82.01340000000001851 ) ) ;
#2013 = ORIENTED_EDGE ( 'NONE', *, *, #933, .F. ) ;
#2014 = VECTOR ( 'NONE', #626, 1000.000000000000114 ) ;
#2015 = CARTESIAN_POINT ( 'NONE',  ( -30.50473932315929915, -71.20375095819242972, 54.22680044048894388 ) ) ;
#2016 = VERTEX_POINT ( 'NONE', #950 ) ;
#2017 = CARTESIAN_POINT ( 'NONE',  ( -30.32967803050563660, -70.95616930561544677, 55.72822996788971039 ) ) ;
#2018 = CARTESIAN_POINT ( 'NONE',  ( -94.15332021143404972, -60.93341043894055531, -53.15763342520607182 ) ) ;
#2019 = LINE ( 'NONE', #863, #1879 ) ;
#2020 = CIRCLE ( 'NONE', #172, 2.236600000000005473 ) ;
#2021 = DIRECTION ( 'NONE',  ( -0.7071067811865439090, 2.461744045254195935E-15, -0.7071067811865512365 ) ) ;
#2022 = VECTOR ( 'NONE', #375, 1000.000000000000000 ) ;
#2023 = AXIS2_PLACEMENT_3D ( 'NONE', #624, #459, #1806 ) ;
#2024 = ORIENTED_EDGE ( 'NONE', *, *, #449, .F. ) ;
#2025 = CARTESIAN_POINT ( 'NONE',  ( 0.000000000000000000, 0.000000000000000000, -82.76340000000001851 ) ) ;
#2026 = ORIENTED_EDGE ( 'NONE', *, *, #72, .T. ) ;
#2027 = CARTESIAN_POINT ( 'NONE',  ( 1.387778780781445676E-14, -71.50000000000001421, 85.00000000000024158 ) ) ;
#2028 = ORIENTED_EDGE ( 'NONE', *, *, #465, .T. ) ;
#2029 = EDGE_CURVE ( 'NONE', #712, #1116, #1810, .T. ) ;
#2030 = DIRECTION ( 'NONE',  ( -0.7071067811865512365, 0.000000000000000000, -0.7071067811865439090 ) ) ;
#2031 = LINE ( 'NONE', #862, #2165 ) ;
#2032 = FACE_OUTER_BOUND ( 'NONE', #160, .T. ) ;
#2033 = PRODUCT ( '起垄', '起垄', '', ( #2056 ) ) ;
#2034 = CARTESIAN_POINT ( 'NONE',  ( -40.51765748253716737, -2.236600000000109389, -43.26623902407176558 ) ) ;
#2035 = ORIENTED_EDGE ( 'NONE', *, *, #565, .F. ) ;
#2036 =( NAMED_UNIT ( * ) SI_UNIT ( $, .STERADIAN. ) SOLID_ANGLE_UNIT ( ) );
#2037 = ORIENTED_EDGE ( 'NONE', *, *, #1980, .F. ) ;
#2038 = DIRECTION ( 'NONE',  ( 0.7071067811865435759, 0.000000000000000000, 0.7071067811865515695 ) ) ;
#2039 = ADVANCED_FACE ( 'NONE', ( #126, #1820 ), #1262, .T. ) ;
#2040 = CARTESIAN_POINT ( 'NONE',  ( -29.14108425655174983, -70.98810329272484410, 54.66402545349286157 ) ) ;
#2041 = DIRECTION ( 'NONE',  ( 0.7119060440876135987, 0.000000000000000000, -0.7022747214527409465 ) ) ;
#2042 = DIRECTION ( 'NONE',  ( 0.6877976717823460762, 0.2320963708927381297, 0.6877976717823379715 ) ) ;
#2043 = CARTESIAN_POINT ( 'NONE',  ( -29.99752482591069835, -70.93683439033362959, -55.92890522769346262 ) ) ;
#2044 = CARTESIAN_POINT ( 'NONE',  ( 100.0000000000000284, 0.000000000000000000, 84.99999999999998579 ) ) ;
#2045 = ORIENTED_EDGE ( 'NONE', *, *, #1409, .F. ) ;
#2046 =( NAMED_UNIT ( * ) SI_UNIT ( $, .STERADIAN. ) SOLID_ANGLE_UNIT ( ) );
#2047 = ORIENTED_EDGE ( 'NONE', *, *, #2007, .F. ) ;
#2048 = LINE ( 'NONE', #716, #135 ) ;
#2049 = DIRECTION ( 'NONE',  ( 1.000000000000000000, -2.943801717310612657E-16, -0.000000000000000000 ) ) ;
#2050 = CARTESIAN_POINT ( 'NONE',  ( -42.02027828667541343, -2.000000000000000000, -45.21778977472712313 ) ) ;
#2051 = CARTESIAN_POINT ( 'NONE',  ( 65.00000000000002842, -56.50000000000058265, 85.00000000000031264 ) ) ;
#2052 = LINE ( 'NONE', #885, #1479 ) ;
#2053 = CARTESIAN_POINT ( 'NONE',  ( -1.615587567363194690E-16, -2.236599999999984600, 82.76339999999983377 ) ) ;
#2054 = VECTOR ( 'NONE', #299, 1000.000000000000000 ) ;
#2055 = ORIENTED_EDGE ( 'NONE', *, *, #1708, .T. ) ;
#2056 = PRODUCT_CONTEXT ( 'NONE', #844, 'mechanical' ) ;
#2057 = ORIENTED_EDGE ( 'NONE', *, *, #1773, .T. ) ;
#2058 = EDGE_CURVE ( 'NONE', #354, #265, #763, .T. ) ;
#2059 = AXIS2_PLACEMENT_3D ( 'NONE', #263, #1788, #807 ) ;
#2060 = PRESENTATION_LAYER_ASSIGNMENT (  '', '', ( #673 ) ) ;
#2061 = CARTESIAN_POINT ( 'NONE',  ( -0.7499999999999998890, -1.500000000000001332, 82.01339999999999009 ) ) ;
#2062 = CYLINDRICAL_SURFACE ( 'NONE', #888, 0.7366000000000039183 ) ;
#2063 = DIRECTION ( 'NONE',  ( -0.1641169177470412355, 0.9726927956032265232, -0.1641169177470458429 ) ) ;
#2064 = AXIS2_PLACEMENT_3D ( 'NONE', #488, #983, #1320 ) ;
#2065 = VECTOR ( 'NONE', #2196, 1000.000000000000000 ) ;
#2066 = PLANE ( 'NONE',  #1555 ) ;
#2067 = CARTESIAN_POINT ( 'NONE',  ( -41.58892425603482934, -2.236600000000134703, 44.33750579756927834 ) ) ;
#2068 = ADVANCED_FACE ( 'NONE', ( #2120 ), #786, .F. ) ;
#2069 = ORIENTED_EDGE ( 'NONE', *, *, #61, .F. ) ;
#2070 = VERTEX_POINT ( 'NONE', #149 ) ;
#2071 = DIRECTION ( 'NONE',  ( -1.000000000000000000, -0.000000000000000000, -0.000000000000000000 ) ) ;
#2072 = FACE_OUTER_BOUND ( 'NONE', #1405, .T. ) ;
#2073 = CARTESIAN_POINT ( 'NONE',  ( -40.52826408425506344, -2.236600000000138255, 43.27684562578940586 ) ) ;
#2074 = DIRECTION ( 'NONE',  ( 0.000000000000000000, -8.881417202256780747E-15, -1.000000000000000000 ) ) ;
#2075 = LINE ( 'NONE', #1568, #1081 ) ;
#2076 = VECTOR ( 'NONE', #346, 1000.000000000000000 ) ;
#2077 = DIRECTION ( 'NONE',  ( 1.089066670279417020E-16, -2.178133340558834040E-16, -1.000000000000000000 ) ) ;
#2078 = ORIENTED_EDGE ( 'NONE', *, *, #450, .F. ) ;
#2079 = LINE ( 'NONE', #1745, #70 ) ;
#2080 = EDGE_LOOP ( 'NONE', ( #1704, #1349, #1764, #63 ) ) ;
#2081 = LINE ( 'NONE', #1219, #240 ) ;
#2082 = CARTESIAN_POINT ( 'NONE',  ( 0.000000000000000000, 0.000000000000000000, 0.000000000000000000 ) ) ;
#2083 = ORIENTED_EDGE ( 'NONE', *, *, #1354, .F. ) ;
#2084 = ADVANCED_FACE ( 'NONE', ( #820 ), #1517, .T. ) ;
#2085 = VECTOR ( 'NONE', #1085, 1000.000000000000000 ) ;
#2086 = ORIENTED_EDGE ( 'NONE', *, *, #2011, .F. ) ;
#2087 = DIRECTION ( 'NONE',  ( 2.081582156778933111E-16, -1.000000000000000000, 8.881417202256780747E-15 ) ) ;
#2088 = DIRECTION ( 'NONE',  ( 0.07171802778845212667, -0.9837370081665888222, -0.1646755089671307626 ) ) ;
#2089 = PLANE ( 'NONE',  #429 ) ;
#2090 = CARTESIAN_POINT ( 'NONE',  ( -41.58892425603482934, -2.236600000000134703, 44.33750579756927834 ) ) ;
#2091 = CARTESIAN_POINT ( 'NONE',  ( -98.36822399710760578, -3.083953532077764237, -41.95302700587817668 ) ) ;
#2092 = ORIENTED_EDGE ( 'NONE', *, *, #614, .T. ) ;
#2093 = PRESENTATION_STYLE_ASSIGNMENT (( #944 ) ) ;
#2094 = LINE ( 'NONE', #228, #382 ) ;
#2095 = AXIS2_PLACEMENT_3D ( 'NONE', #380, #544, #880 ) ;
#2096 = ORIENTED_EDGE ( 'NONE', *, *, #133, .F. ) ;
#2097 = ORIENTED_EDGE ( 'NONE', *, *, #453, .F. ) ;
#2098 = VECTOR ( 'NONE', #679, 1000.000000000000000 ) ;
#2099 =( GEOMETRIC_REPRESENTATION_CONTEXT ( 3 ) GLOBAL_UNCERTAINTY_ASSIGNED_CONTEXT ( ( #1789 ) ) GLOBAL_UNIT_ASSIGNED_CONTEXT ( ( #421, #1960, #919 ) ) REPRESENTATION_CONTEXT ( 'NONE', 'WORKASPACE' ) );
#2100 = ADVANCED_FACE ( 'NONE', ( #1482 ), #1546, .F. ) ;
#2101 = EDGE_CURVE ( 'NONE', #241, #2191, #1190, .T. ) ;
#2102 = CARTESIAN_POINT ( 'NONE',  ( -94.13283980813646679, -61.17958581556112563, -51.67811382850365476 ) ) ;
#2103 = EDGE_CURVE ( 'NONE', #1005, #51, #267, .T. ) ;
#2104 = CARTESIAN_POINT ( 'NONE',  ( 0.000000000000000000, -2.236600000000005473, 85.00000000000000000 ) ) ;
#2105 = FACE_OUTER_BOUND ( 'NONE', #564, .T. ) ;
#2106 = DIRECTION ( 'NONE',  ( 0.1641169177470424012, -0.9726927956032267453, 0.1641169177470440110 ) ) ;
#2107 = EDGE_LOOP ( 'NONE', ( #1217, #442, #1487, #281, #906, #1146, #1285 ) ) ;
#2108 = DIRECTION ( 'NONE',  ( -0.7071067811865440200, 2.461744045254195541E-15, 0.7071067811865511255 ) ) ;
#2109 = EDGE_CURVE ( 'NONE', #1846, #1070, #182, .T. ) ;
#2110 = AXIS2_PLACEMENT_3D ( 'NONE', #1038, #1674, #1663 ) ;
#2111 = CARTESIAN_POINT ( 'NONE',  ( -41.75615724699621012, -2.078515321739587307, 44.17027280660796151 ) ) ;
#2112 = ADVANCED_FACE ( 'NONE', ( #486 ), #334, .F. ) ;
#2113 = DIRECTION ( 'NONE',  ( 0.07298733299100926275, -0.9973328678143820181, 0.000000000000000000 ) ) ;
#2114 = DIRECTION ( 'NONE',  ( 0.9870440578656974884, -0.1555019333232298684, 0.03953702776835017058 ) ) ;
#2115 = ORIENTED_EDGE ( 'NONE', *, *, #72, .F. ) ;
#2116 = EDGE_LOOP ( 'NONE', ( #866, #549, #1576, #1313 ) ) ;
#2117 = LINE ( 'NONE', #967, #2014 ) ;
#2118 = AXIS2_PLACEMENT_3D ( 'NONE', #893, #1551, #381 ) ;
#2119 = ORIENTED_EDGE ( 'NONE', *, *, #1079, .T. ) ;
#2120 = FACE_OUTER_BOUND ( 'NONE', #1827, .T. ) ;
#2121 = EDGE_CURVE ( 'NONE', #9, #241, #461, .T. ) ;
#2122 = CARTESIAN_POINT ( 'NONE',  ( -30.18689817081963866, -71.25382462337954337, 54.23953188278458271 ) ) ;
#2123 = DIRECTION ( 'NONE',  ( 9.827401457297370663E-31, 3.568574007723718578E-15, -1.000000000000000000 ) ) ;
#2124 = EDGE_CURVE ( 'NONE', #2070, #1305, #1331, .T. ) ;
#2125 = ORIENTED_EDGE ( 'NONE', *, *, #1843, .F. ) ;
#2126 = CARTESIAN_POINT ( 'NONE',  ( -0.7499999999999910072, -0.000000000000000000, -8.168000027095530892E-17 ) ) ;
#2127 = AXIS2_PLACEMENT_3D ( 'NONE', #581, #1731, #732 ) ;
#2128 = CARTESIAN_POINT ( 'NONE',  ( -41.42921346264481031, -2.112474699414763180, -42.69556859137204441 ) ) ;
#2129 = CIRCLE ( 'NONE', #1739, 4.999999999999997335 ) ;
#2130 = ORIENTED_EDGE ( 'NONE', *, *, #1963, .T. ) ;
#2131 = CARTESIAN_POINT ( 'NONE',  ( -42.18149788606735484, -1.998855557878266520, 42.53504187758063182 ) ) ;
#2132 = CARTESIAN_POINT ( 'NONE',  ( -30.42728217441133154, -70.95844268433607738, -55.70782002402379618 ) ) ;
#2133 = ORIENTED_EDGE ( 'NONE', *, *, #614, .F. ) ;
#2134 = PLANE ( 'NONE',  #39 ) ;
#2135 = LINE ( 'NONE', #771, #595 ) ;
#2136 = ORIENTED_EDGE ( 'NONE', *, *, #43, .F. ) ;
#2137 = CARTESIAN_POINT ( 'NONE',  ( -40.74674262303408057, -2.203333907137576375, 43.05836708701045268 ) ) ;
#2138 = CARTESIAN_POINT ( 'NONE',  ( -28.42101640029415321, -70.76276211216408285, -55.38409330975042622 ) ) ;
#2139 = CARTESIAN_POINT ( 'NONE',  ( -28.32080120521330358, -71.50000000000008527, -55.48430850483127585 ) ) ;
#2140 = EDGE_LOOP ( 'NONE', ( #1027, #1988, #1049, #58 ) ) ;
#2141 = ORIENTED_EDGE ( 'NONE', *, *, #273, .F. ) ;
#2142 = CYLINDRICAL_SURFACE ( 'NONE', #1682, 2.236600000000140920 ) ;
#2143 = VERTEX_POINT ( 'NONE', #859 ) ;
#2144 = ADVANCED_FACE ( 'NONE', ( #647 ), #699, .F. ) ;
#2145 = CARTESIAN_POINT ( 'NONE',  ( -42.18170269010051499, -1.996393804112068127, -42.54983707354763567 ) ) ;
#2146 = ORIENTED_EDGE ( 'NONE', *, *, #1773, .F. ) ;
#2147 = CARTESIAN_POINT ( 'NONE',  ( -42.20218309339806950, -1.750218427491479822, 44.02935667025006694 ) ) ;
#2148 = CARTESIAN_POINT ( 'NONE',  ( 0.000000000000000000, 3.033287906565159545E-13, 83.49999999999998579 ) ) ;
#2149 = CARTESIAN_POINT ( 'NONE',  ( 65.00000000000002842, -56.49999999999997868, -85.00000000000022737 ) ) ;
#2150 = ORIENTED_EDGE ( 'NONE', *, *, #1221, .T. ) ;
#2151 = ORIENTED_EDGE ( 'NONE', *, *, #1213, .F. ) ;
#2152 = DIRECTION ( 'NONE',  ( -0.7071067811865434649, 6.204859075298928369E-15, -0.7071067811865516806 ) ) ;
#2153 = VERTEX_POINT ( 'NONE', #309 ) ;
#2154 = CARTESIAN_POINT ( 'NONE',  ( -41.01315463177599696, -2.168602777524404779, -42.89367988039584390 ) ) ;
#2155 = ADVANCED_FACE ( 'NONE', ( #532 ), #998, .T. ) ;
#2156 = AXIS2_PLACEMENT_3D ( 'NONE', #2061, #892, #550 ) ;
#2157 = ORIENTED_EDGE ( 'NONE', *, *, #153, .T. ) ;
#2158 = LINE ( 'NONE', #1458, #1237 ) ;
#2159 = CIRCLE ( 'NONE', #1068, 2.236600000000144028 ) ;
#2160 = PRODUCT_DEFINITION_FORMATION_WITH_SPECIFIED_SOURCE ( '任何', '', #2033, .NOT_KNOWN. ) ;
#2161 = EDGE_CURVE ( 'NONE', #120, #891, #1169, .T. ) ;
#2162 = PRESENTATION_LAYER_ASSIGNMENT (  '', '', ( #314 ) ) ;
#2163 = CARTESIAN_POINT ( 'NONE',  ( -29.92246955298175948, -71.13150151210064109, -54.28185760387218295 ) ) ;
#2164 = DIRECTION ( 'NONE',  ( -2.424358745234618518E-16, 1.000000000000000000, 3.723867690413130326E-15 ) ) ;
#2165 = VECTOR ( 'NONE', #6, 1000.000000000000000 ) ;
#2166 = EDGE_LOOP ( 'NONE', ( #814, #1385, #667, #1215 ) ) ;
#2167 = VERTEX_POINT ( 'NONE', #28 ) ;
#2168 = DIRECTION ( 'NONE',  ( -0.7071067811865512365, 0.000000000000000000, 0.7071067811865439090 ) ) ;
#2169 = ORIENTED_EDGE ( 'NONE', *, *, #1689, .F. ) ;
#2170 = CARTESIAN_POINT ( 'NONE',  ( 0.000000000000000000, 3.033287906565159545E-13, 83.49999999999998579 ) ) ;
#2171 = EDGE_LOOP ( 'NONE', ( #1785, #1523, #1098, #483 ) ) ;
#2172 = CARTESIAN_POINT ( 'NONE',  ( -28.92625805241323178, -70.93683439033367222, 54.85763845419573670 ) ) ;
#2173 = EDGE_CURVE ( 'NONE', #838, #278, #1541, .T. ) ;
#2174 = DIRECTION ( 'NONE',  ( 0.000000000000000000, 3.572727930943832979E-15, 1.000000000000000000 ) ) ;
#2175 = ADVANCED_FACE ( 'NONE', ( #1548 ), #1864, .F. ) ;
#2176 = CARTESIAN_POINT ( 'NONE',  ( -0.7500000000000000000, -1.499999999999977573, -82.01340000000001851 ) ) ;
#2177 = EDGE_LOOP ( 'NONE', ( #1560, #805, #368, #2204 ) ) ;
#2178 = ORIENTED_EDGE ( 'NONE', *, *, #1067, .F. ) ;
#2179 = AXIS2_PLACEMENT_3D ( 'NONE', #2051, #730, #374 ) ;
#2180 = DIRECTION ( 'NONE',  ( -1.000000000000000000, 0.000000000000000000, 0.000000000000000000 ) ) ;
#2181 = EDGE_LOOP ( 'NONE', ( #992, #980, #623, #1932 ) ) ;
#2182 = DIRECTION ( 'NONE',  ( -0.000000000000000000, 1.000000000000000000, -0.000000000000000000 ) ) ;
#2183 = ORIENTED_EDGE ( 'NONE', *, *, #1930, .T. ) ;
#2184 = CARTESIAN_POINT ( 'NONE',  ( -29.91839746820658519, -71.13325483416551265, 54.26739388023204924 ) ) ;
#2185 = CARTESIAN_POINT ( 'NONE',  ( -29.35858888376371212, -71.49228170886649991, 56.56784116984050570 ) ) ;
#2186 = CARTESIAN_POINT ( 'NONE',  ( -99.99999999999997158, -1.500000000000000000, 84.99999999999998579 ) ) ;
#2187 = CARTESIAN_POINT ( 'NONE',  ( -42.05510971004402876, 1.423540895982919358E-13, -41.75000000000044764 ) ) ;
#2188 = EDGE_CURVE ( 'NONE', #2153, #278, #1446, .T. ) ;
#2189 = ORIENTED_EDGE ( 'NONE', *, *, #1940, .T. ) ;
#2190 = SHAPE_DEFINITION_REPRESENTATION ( #871, #567 ) ;
#2191 = VERTEX_POINT ( 'NONE', #2025 ) ;
#2192 = CARTESIAN_POINT ( 'NONE',  ( 100.0000000000000284, -6.938893903907228378E-15, -82.76340000000001851 ) ) ;
#2193 = EDGE_CURVE ( 'NONE', #1796, #802, #1655, .T. ) ;
#2194 = DIRECTION ( 'NONE',  ( 0.01365360219838660828, -0.1641169177470451490, -0.9863463978016130396 ) ) ;
#2195 = CARTESIAN_POINT ( 'NONE',  ( -30.14932350591285370, -70.94820093757577695, 55.80421946313244774 ) ) ;
#2196 = DIRECTION ( 'NONE',  ( 0.000000000000000000, 1.000000000000000000, 6.123233995736766036E-17 ) ) ;
#2197 = CARTESIAN_POINT ( 'NONE',  ( -99.99999999999997158, -1.500000000000000000, 45.21778977472712313 ) ) ;
#2198 = AXIS2_PLACEMENT_3D ( 'NONE', #1534, #1876, #1705 ) ;
#2199 = CARTESIAN_POINT ( 'NONE',  ( -40.99860450346621121, -2.170962988077003608, -42.86816933196038804 ) ) ;
#2200 = VECTOR ( 'NONE', #253, 1000.000000000000000 ) ;
#2201 = VECTOR ( 'NONE', #936, 999.9999999999998863 ) ;
#2202 = ORIENTED_EDGE ( 'NONE', *, *, #373, .F. ) ;
#2203 = CARTESIAN_POINT ( 'NONE',  ( -41.58892425603478671, -2.236600000000134258, -44.33750579756931387 ) ) ;
#2204 = ORIENTED_EDGE ( 'NONE', *, *, #524, .T. ) ;
ENDSEC;
END-ISO-10303-21;
