ISO-10303-21;
HEADER;
FILE_DESCRIPTION (( 'STEP AP214' ),
    '1' );
FILE_NAME ('ÆðÂ¢×ù.step',
    '2023-08-15T03:04:29',
    ( '' ),
    ( '' ),
    'SwSTEP 2.0',
    'SolidWorks 2022',
    '' );
FILE_SCHEMA (( 'AUTOMOTIVE_DESIGN' ));
ENDSEC;

DATA;
#1 = EDGE_CURVE ( 'NONE', #968, #859, #1189, .T. ) ;
#2 = ORIENTED_EDGE ( 'NONE', *, *, #412, .F. ) ;
#3 = FACE_OUTER_BOUND ( 'NONE', #138, .T. ) ;
#4 = AXIS2_PLACEMENT_3D ( 'NONE', #1217, #1645, #1378 ) ;
#5 = LINE ( 'NONE', #1549, #1408 ) ;
#6 = ORIENTED_EDGE ( 'NONE', *, *, #526, .T. ) ;
#7 = DIRECTION ( 'NONE',  ( 0.000000000000000000, 0.000000000000000000, -1.000000000000000000 ) ) ;
#8 = ADVANCED_FACE ( 'NONE', ( #1338, #1617 ), #1055, .F. ) ;
#9 = ORIENTED_EDGE ( 'NONE', *, *, #723, .F. ) ;
#10 = DIRECTION ( 'NONE',  ( -0.000000000000000000, -0.000000000000000000, 1.000000000000000000 ) ) ;
#11 = EDGE_CURVE ( 'NONE', #171, #856, #224, .T. ) ;
#12 = FACE_OUTER_BOUND ( 'NONE', #1627, .T. ) ;
#13 = DIRECTION ( 'NONE',  ( 1.000000000000000000, 0.000000000000000000, 0.000000000000000000 ) ) ;
#14 = ORIENTED_EDGE ( 'NONE', *, *, #921, .F. ) ;
#15 = VECTOR ( 'NONE', #41, 1000.000000000000000 ) ;
#16 = FACE_OUTER_BOUND ( 'NONE', #413, .T. ) ;
#17 = ORIENTED_EDGE ( 'NONE', *, *, #1036, .T. ) ;
#18 = FACE_OUTER_BOUND ( 'NONE', #1379, .T. ) ;
#19 = DIRECTION ( 'NONE',  ( -1.000000000000000000, -0.000000000000000000, -0.000000000000000000 ) ) ;
#20 = EDGE_CURVE ( 'NONE', #437, #1128, #1696, .T. ) ;
#21 = CARTESIAN_POINT ( 'NONE',  ( 25.00000000000000355, -3.999999999999986233, 83.75349900990072172 ) ) ;
#22 = LINE ( 'NONE', #1420, #270 ) ;
#23 = VERTEX_POINT ( 'NONE', #1402 ) ;
#24 = ORIENTED_EDGE ( 'NONE', *, *, #1219, .F. ) ;
#25 = VECTOR ( 'NONE', #1430, 1000.000000000000000 ) ;
#26 = VECTOR ( 'NONE', #1135, 1000.000000000000000 ) ;
#27 = CARTESIAN_POINT ( 'NONE',  ( -14.06116069943919022, -22.64178390677614416, -84.49009900990080268 ) ) ;
#28 = SURFACE_STYLE_FILL_AREA ( #1442 ) ;
#29 = EDGE_CURVE ( 'NONE', #1128, #1046, #1538, .T. ) ;
#30 = FACE_BOUND ( 'NONE', #334, .T. ) ;
#31 = FACE_OUTER_BOUND ( 'NONE', #580, .T. ) ;
#32 = ORIENTED_EDGE ( 'NONE', *, *, #1280, .T. ) ;
#33 = ORIENTED_EDGE ( 'NONE', *, *, #1112, .T. ) ;
#34 = AXIS2_PLACEMENT_3D ( 'NONE', #1603, #1021, #607 ) ;
#35 = VERTEX_POINT ( 'NONE', #21 ) ;
#36 = LINE ( 'NONE', #1253, #1732 ) ;
#37 = COLOUR_RGB ( '',0.6470588235294117974, 0.6196078431372549211, 0.5882352941176470784 ) ;
#38 = CARTESIAN_POINT ( 'NONE',  ( -25.00000000000000000, -4.736600000000004584, 84.49009900990073163 ) ) ;
#39 = AXIS2_PLACEMENT_3D ( 'NONE', #1234, #1784, #722 ) ;
#40 = CARTESIAN_POINT ( 'NONE',  ( -25.00000000000000000, -32.00000000000000000, 88.49009900990083111 ) ) ;
#41 = DIRECTION ( 'NONE',  ( -1.000000000000000000, 0.000000000000000000, 0.000000000000000000 ) ) ;
#42 = ORIENTED_EDGE ( 'NONE', *, *, #1791, .F. ) ;
#43 = CLOSED_SHELL ( 'NONE', ( #304, #68, #296, #1114, #1205, #520, #143, #1583, #1252, #343, #1556, #1052, #1529, #1293, #1193, #643, #1169, #996, #379, #1384, #1689, #904, #1537, #1443, #741, #1354, #834, #918, #555, #113, #8, #565, #1664, #700, #1651, #403, #97, #284, #1413, #585, #1734, #1374, #1744, #628, #1423, #94, #319, #1506, #1341, #133, #755, #582, #884, #1394, #1605, #1361, #1027, #979, #55, #1548, #1526, #499 ) ) ;
#44 = EDGE_CURVE ( 'NONE', #1073, #500, #422, .T. ) ;
#45 = ORIENTED_EDGE ( 'NONE', *, *, #451, .T. ) ;
#46 = VECTOR ( 'NONE', #950, 1000.000000000000000 ) ;
#47 = LINE ( 'NONE', #181, #1283 ) ;
#48 = VECTOR ( 'NONE', #1637, 1000.000000000000000 ) ;
#49 = LINE ( 'NONE', #1435, #1331 ) ;
#50 = CARTESIAN_POINT ( 'NONE',  ( 25.00000000000000000, -4.000000000000000000, -83.75349900990072172 ) ) ;
#51 = DIRECTION ( 'NONE',  ( -1.000000000000000000, 0.000000000000000000, -0.000000000000000000 ) ) ;
#52 = DIRECTION ( 'NONE',  ( 1.000000000000000000, 0.000000000000000000, 0.000000000000000000 ) ) ;
#53 = ORIENTED_EDGE ( 'NONE', *, *, #1231, .F. ) ;
#54 = ORIENTED_EDGE ( 'NONE', *, *, #928, .F. ) ;
#55 = ADVANCED_FACE ( 'NONE', ( #12 ), #584, .F. ) ;
#56 = CARTESIAN_POINT ( 'NONE',  ( -19.06116069943919200, -22.64178390677614416, -84.49009900990080268 ) ) ;
#57 =( LENGTH_UNIT ( ) NAMED_UNIT ( * ) SI_UNIT ( .MILLI., .METRE. ) );
#58 = ORIENTED_EDGE ( 'NONE', *, *, #1112, .F. ) ;
#59 = FACE_OUTER_BOUND ( 'NONE', #1032, .T. ) ;
#60 = AXIS2_PLACEMENT_3D ( 'NONE', #713, #140, #1273 ) ;
#61 = LINE ( 'NONE', #902, #1307 ) ;
#62 = DIRECTION ( 'NONE',  ( 0.000000000000000000, 0.000000000000000000, 1.000000000000000000 ) ) ;
#63 = CARTESIAN_POINT ( 'NONE',  ( 0.000000000000000000, -4.000000000000000000, 0.000000000000000000 ) ) ;
#64 = ORIENTED_EDGE ( 'NONE', *, *, #709, .T. ) ;
#65 = EDGE_LOOP ( 'NONE', ( #1676, #457, #420, #1388 ) ) ;
#66 = CIRCLE ( 'NONE', #687, 0.7366000000000039183 ) ;
#67 = AXIS2_PLACEMENT_3D ( 'NONE', #1085, #1495, #801 ) ;
#68 = ADVANCED_FACE ( 'NONE', ( #433 ), #1567, .F. ) ;
#69 = CARTESIAN_POINT ( 'NONE',  ( -25.00000000000000000, -32.00000000000000000, -88.49009900990083111 ) ) ;
#70 = PRESENTATION_STYLE_ASSIGNMENT (( #616 ) ) ;
#71 = VERTEX_POINT ( 'NONE', #575 ) ;
#72 = PLANE ( 'NONE',  #1654 ) ;
#73 = EDGE_CURVE ( 'NONE', #1306, #448, #126, .T. ) ;
#74 = CARTESIAN_POINT ( 'NONE',  ( -2.000000000000001776, 0.000000000000000000, -81.75349900990072172 ) ) ;
#75 = VECTOR ( 'NONE', #1461, 1000.000000000000000 ) ;
#76 = DIRECTION ( 'NONE',  ( 5.887603434621225314E-16, -1.000000000000000000, 0.000000000000000000 ) ) ;
#77 = LINE ( 'NONE', #178, #258 ) ;
#78 = ORIENTED_EDGE ( 'NONE', *, *, #870, .F. ) ;
#79 = ORIENTED_EDGE ( 'NONE', *, *, #1146, .F. ) ;
#80 = EDGE_LOOP ( 'NONE', ( #787, #1153, #1277, #849, #1485, #1025 ) ) ;
#81 = AXIS2_PLACEMENT_3D ( 'NONE', #1206, #508, #811 ) ;
#82 = FACE_OUTER_BOUND ( 'NONE', #1262, .T. ) ;
#83 = LINE ( 'NONE', #257, #186 ) ;
#84 = EDGE_CURVE ( 'NONE', #1615, #879, #294, .T. ) ;
#85 = DIRECTION ( 'NONE',  ( 0.000000000000000000, -3.491481338843133355E-15, 1.000000000000000000 ) ) ;
#86 = DIRECTION ( 'NONE',  ( 0.000000000000000000, 6.982962677686266711E-15, -1.000000000000000000 ) ) ;
#87 = ORIENTED_EDGE ( 'NONE', *, *, #880, .F. ) ;
#88 = ORIENTED_EDGE ( 'NONE', *, *, #1710, .T. ) ;
#89 = VERTEX_POINT ( 'NONE', #864 ) ;
#90 = LINE ( 'NONE', #807, #46 ) ;
#91 = CARTESIAN_POINT ( 'NONE',  ( -3.469446951953614189E-15, -5.095750210681870840E-15, -83.75349900990072172 ) ) ;
#92 = FACE_OUTER_BOUND ( 'NONE', #1107, .T. ) ;
#93 = DIRECTION ( 'NONE',  ( 1.000000000000000000, 0.000000000000000000, 0.000000000000000000 ) ) ;
#94 = ADVANCED_FACE ( 'NONE', ( #876 ), #1120, .T. ) ;
#95 = DIRECTION ( 'NONE',  ( 1.000000000000000000, 0.000000000000000000, 0.000000000000000000 ) ) ;
#96 = CARTESIAN_POINT ( 'NONE',  ( -28.50000000000016698, -28.49999999999983658, -88.49009900990081690 ) ) ;
#97 = ADVANCED_FACE ( 'NONE', ( #415 ), #981, .T. ) ;
#98 = VERTEX_POINT ( 'NONE', #330 ) ;
#99 = ORIENTED_EDGE ( 'NONE', *, *, #1061, .F. ) ;
#100 = CARTESIAN_POINT ( 'NONE',  ( -22.00000000000000000, -35.00000000000000000, -88.49009900990084532 ) ) ;
#101 = CARTESIAN_POINT ( 'NONE',  ( 12.33090487823038117, 90.00000000000000000, -88.49009900990084532 ) ) ;
#102 = DIRECTION ( 'NONE',  ( -0.000000000000000000, -0.000000000000000000, 1.000000000000000000 ) ) ;
#103 = ORIENTED_EDGE ( 'NONE', *, *, #512, .F. ) ;
#104 = EDGE_CURVE ( 'NONE', #23, #279, #168, .T. ) ;
#105 = EDGE_LOOP ( 'NONE', ( #754, #1804 ) ) ;
#106 = DIRECTION ( 'NONE',  ( -0.000000000000000000, -1.000000000000000000, -3.469446951953614189E-15 ) ) ;
#107 = FACE_OUTER_BOUND ( 'NONE', #315, .T. ) ;
#108 = DIRECTION ( 'NONE',  ( -1.000000000000000000, 0.000000000000000000, 0.000000000000000000 ) ) ;
#109 = STYLED_ITEM ( 'NONE', ( #70 ), #1226 ) ;
#110 = PLANE ( 'NONE',  #194 ) ;
#111 = MANIFOLD_SOLID_BREP ( 'µ¹½Ç2', #43 ) ;
#112 = ORIENTED_EDGE ( 'NONE', *, *, #1631, .T. ) ;
#113 = ADVANCED_FACE ( 'NONE', ( #1155, #196 ), #1594, .T. ) ;
#114 = VERTEX_POINT ( 'NONE', #885 ) ;
#115 = DIRECTION ( 'NONE',  ( -1.000000000000000000, 0.000000000000000000, 0.000000000000000000 ) ) ;
#116 = DIRECTION ( 'NONE',  ( 1.000000000000000000, 3.362174230373613937E-45, -9.629649721936179265E-31 ) ) ;
#117 = DIRECTION ( 'NONE',  ( 0.7071067811865475727, 0.7071067811865474617, -2.532407191425442249E-15 ) ) ;
#118 = DIRECTION ( 'NONE',  ( 1.000000000000000000, -0.000000000000000000, -0.000000000000000000 ) ) ;
#119 = VERTEX_POINT ( 'NONE', #599 ) ;
#120 = EDGE_LOOP ( 'NONE', ( #1207, #1629, #1621, #1682 ) ) ;
#121 = EDGE_CURVE ( 'NONE', #513, #98, #1300, .T. ) ;
#122 = LINE ( 'NONE', #1520, #455 ) ;
#123 = DIRECTION ( 'NONE',  ( 0.000000000000000000, 1.000000000000000000, 3.469446951953614189E-15 ) ) ;
#124 = VECTOR ( 'NONE', #953, 1000.000000000000000 ) ;
#125 = EDGE_CURVE ( 'NONE', #696, #114, #61, .T. ) ;
#126 = LINE ( 'NONE', #1555, #307 ) ;
#127 = CARTESIAN_POINT ( 'NONE',  ( -19.06116069943919200, -22.64178390677614416, 84.49009900990080268 ) ) ;
#128 = VERTEX_POINT ( 'NONE', #50 ) ;
#129 = ORIENTED_EDGE ( 'NONE', *, *, #232, .T. ) ;
#130 = AXIS2_PLACEMENT_3D ( 'NONE', #542, #397, #1643 ) ;
#131 = CARTESIAN_POINT ( 'NONE',  ( 61.00000000000022737, 60.99999999999963052, 88.49009900990094479 ) ) ;
#132 = CARTESIAN_POINT ( 'NONE',  ( -1.020017403874362572E-14, 97.00000000000000000, -88.49009900990073163 ) ) ;
#133 = ADVANCED_FACE ( 'NONE', ( #1058 ), #630, .T. ) ;
#134 = CIRCLE ( 'NONE', #1660, 5.000000000000000888 ) ;
#135 = DIRECTION ( 'NONE',  ( 1.000000000000000000, -0.000000000000000000, 0.000000000000000000 ) ) ;
#136 = DIRECTION ( 'NONE',  ( -0.7071067811865441310, -0.7071067811865507924, -2.532407191425453688E-15 ) ) ;
#137 = VECTOR ( 'NONE', #402, 1000.000000000000000 ) ;
#138 = EDGE_LOOP ( 'NONE', ( #1590, #1507, #1254, #1699, #694, #193 ) ) ;
#139 = EDGE_LOOP ( 'NONE', ( #213, #949, #1167, #491 ) ) ;
#140 = DIRECTION ( 'NONE',  ( 1.000000000000000000, 5.887603434621225314E-16, 0.000000000000000000 ) ) ;
#141 = CARTESIAN_POINT ( 'NONE',  ( -2.000000000000001776, 3.169153076521016256E-13, -84.49009900990071742 ) ) ;
#142 = UNCERTAINTY_MEASURE_WITH_UNIT (LENGTH_MEASURE( 1.000000000000000082E-05 ), #175, 'distance_accuracy_value', 'NONE');
#143 = ADVANCED_FACE ( 'NONE', ( #761 ), #750, .T. ) ;
#144 = DIRECTION ( 'NONE',  ( -0.000000000000000000, -0.000000000000000000, 1.000000000000000000 ) ) ;
#145 = EDGE_LOOP ( 'NONE', ( #656, #1054, #564, #1711 ) ) ;
#146 = VECTOR ( 'NONE', #1125, 1000.000000000000000 ) ;
#147 = PLANE ( 'NONE',  #427 ) ;
#148 = ORIENTED_EDGE ( 'NONE', *, *, #419, .F. ) ;
#149 = DIRECTION ( 'NONE',  ( 0.000000000000000000, -1.000000000000000000, -3.469446951953614189E-15 ) ) ;
#150 = AXIS2_PLACEMENT_3D ( 'NONE', #732, #195, #1584 ) ;
#151 = DIRECTION ( 'NONE',  ( 0.000000000000000000, 0.000000000000000000, 1.000000000000000000 ) ) ;
#152 = EDGE_LOOP ( 'NONE', ( #264, #1056, #1806, #595 ) ) ;
#153 = DIRECTION ( 'NONE',  ( -1.000000000000000000, -5.887603434621225314E-16, 0.000000000000000000 ) ) ;
#154 = EDGE_LOOP ( 'NONE', ( #24, #1756, #615, #1672 ) ) ;
#155 = EDGE_CURVE ( 'NONE', #1073, #929, #748, .T. ) ;
#156 = VECTOR ( 'NONE', #817, 1000.000000000000000 ) ;
#157 = PLANE ( 'NONE',  #1776 ) ;
#158 = CARTESIAN_POINT ( 'NONE',  ( -1.747501449100852230E-15, 0.000000000000000000, -81.75349900990072172 ) ) ;
#159 = DIRECTION ( 'NONE',  ( -1.398970545142585802E-16, -1.000000000000000000, 3.581364595565019495E-15 ) ) ;
#160 = ORIENTED_EDGE ( 'NONE', *, *, #73, .F. ) ;
#161 = VECTOR ( 'NONE', #1080, 1000.000000000000000 ) ;
#162 = CARTESIAN_POINT ( 'NONE',  ( 0.000000000000000000, 100.0000000000000000, -84.49009900990073163 ) ) ;
#163 = ORIENTED_EDGE ( 'NONE', *, *, #1260, .F. ) ;
#164 = EDGE_CURVE ( 'NONE', #1142, #1460, #1173, .T. ) ;
#165 = ORIENTED_EDGE ( 'NONE', *, *, #1792, .F. ) ;
#166 = DIRECTION ( 'NONE',  ( -0.000000000000000000, 1.000000000000000000, 3.581364595565019495E-15 ) ) ;
#167 = LINE ( 'NONE', #1259, #773 ) ;
#168 = LINE ( 'NONE', #1029, #661 ) ;
#169 = DIRECTION ( 'NONE',  ( 0.000000000000000000, -1.000000000000000000, 0.000000000000000000 ) ) ;
#170 = CARTESIAN_POINT ( 'NONE',  ( -2.000000000000001776, -4.736600000000004584, 84.49009900990073163 ) ) ;
#171 = VERTEX_POINT ( 'NONE', #38 ) ;
#172 = ORIENTED_EDGE ( 'NONE', *, *, #1481, .T. ) ;
#173 =( NAMED_UNIT ( * ) SI_UNIT ( $, .STERADIAN. ) SOLID_ANGLE_UNIT ( ) );
#174 = DIRECTION ( 'NONE',  ( -0.000000000000000000, 0.000000000000000000, -1.000000000000000000 ) ) ;
#175 =( LENGTH_UNIT ( ) NAMED_UNIT ( * ) SI_UNIT ( .MILLI., .METRE. ) );
#176 = EDGE_CURVE ( 'NONE', #785, #333, #1462, .T. ) ;
#177 = DIRECTION ( 'NONE',  ( -1.000000000000000000, 0.000000000000000000, 0.000000000000000000 ) ) ;
#178 = CARTESIAN_POINT ( 'NONE',  ( -2.000000000000001776, -4.000000000000008882, -83.75349900990072172 ) ) ;
#179 = ORIENTED_EDGE ( 'NONE', *, *, #1673, .T. ) ;
#180 = VERTEX_POINT ( 'NONE', #74 ) ;
#181 = CARTESIAN_POINT ( 'NONE',  ( 7.330904878230379396, 90.00000000000000000, -88.49009900990084532 ) ) ;
#182 = VECTOR ( 'NONE', #1482, 1000.000000000000000 ) ;
#183 = VERTEX_POINT ( 'NONE', #1718 ) ;
#184 = VECTOR ( 'NONE', #1406, 1000.000000000000000 ) ;
#185 = DIRECTION ( 'NONE',  ( 0.000000000000000000, 1.000000000000000000, 3.581364595565019495E-15 ) ) ;
#186 = VECTOR ( 'NONE', #1359, 1000.000000000000000 ) ;
#187 = CYLINDRICAL_SURFACE ( 'NONE', #1269, 5.000000000000000888 ) ;
#188 = EDGE_CURVE ( 'NONE', #720, #1572, #933, .T. ) ;
#189 = DIRECTION ( 'NONE',  ( -0.000000000000000000, 0.000000000000000000, 1.000000000000000000 ) ) ;
#190 = ORIENTED_EDGE ( 'NONE', *, *, #29, .T. ) ;
#191 = ORIENTED_EDGE ( 'NONE', *, *, #1140, .F. ) ;
#192 = AXIS2_PLACEMENT_3D ( 'NONE', #400, #1071, #517 ) ;
#193 = ORIENTED_EDGE ( 'NONE', *, *, #176, .T. ) ;
#194 = AXIS2_PLACEMENT_3D ( 'NONE', #937, #510, #547 ) ;
#195 = DIRECTION ( 'NONE',  ( -1.000000000000000000, 0.000000000000000000, 0.000000000000000000 ) ) ;
#196 = FACE_OUTER_BOUND ( 'NONE', #605, .T. ) ;
#197 = LINE ( 'NONE', #886, #802 ) ;
#198 = DIRECTION ( 'NONE',  ( 1.000000000000000000, 0.000000000000000000, 0.000000000000000000 ) ) ;
#199 = ORIENTED_EDGE ( 'NONE', *, *, #679, .F. ) ;
#200 = EDGE_CURVE ( 'NONE', #404, #255, #1069, .T. ) ;
#201 = VECTOR ( 'NONE', #1121, 1000.000000000000000 ) ;
#202 = ORIENTED_EDGE ( 'NONE', *, *, #11, .T. ) ;
#203 = EDGE_CURVE ( 'NONE', #306, #1721, #506, .T. ) ;
#204 = APPLICATION_PROTOCOL_DEFINITION ( 'draft international standard', 'automotive_design', 1998, #1382 ) ;
#205 = ORIENTED_EDGE ( 'NONE', *, *, #1123, .F. ) ;
#206 = CARTESIAN_POINT ( 'NONE',  ( -22.00000000000002487, -35.00000000000000000, 88.49009900990084532 ) ) ;
#207 = VECTOR ( 'NONE', #1536, 1000.000000000000000 ) ;
#208 = DIRECTION ( 'NONE',  ( -0.000000000000000000, -0.000000000000000000, 1.000000000000000000 ) ) ;
#209 = FACE_OUTER_BOUND ( 'NONE', #145, .T. ) ;
#210 = DIRECTION ( 'NONE',  ( 1.000000000000000000, 0.000000000000000000, 0.000000000000000000 ) ) ;
#211 = ORIENTED_EDGE ( 'NONE', *, *, #265, .F. ) ;
#212 = PRODUCT_DEFINITION_SHAPE ( 'NONE', 'NONE',  #262 ) ;
#213 = ORIENTED_EDGE ( 'NONE', *, *, #1747, .F. ) ;
#214 = CARTESIAN_POINT ( 'NONE',  ( -25.00000000000000000, 3.169153076521016256E-13, -84.49009900990071742 ) ) ;
#215 = EDGE_CURVE ( 'NONE', #1665, #774, #1224, .T. ) ;
#216 = ORIENTED_EDGE ( 'NONE', *, *, #1092, .T. ) ;
#217 = DIRECTION ( 'NONE',  ( -0.7071067811865441310, -0.7071067811865507924, -0.000000000000000000 ) ) ;
#218 = DIRECTION ( 'NONE',  ( 1.000000000000000000, 0.000000000000000000, 0.000000000000000000 ) ) ;
#219 = CARTESIAN_POINT ( 'NONE',  ( -25.00000000000000000, -35.00000000000000000, -88.49009900990084532 ) ) ;
#220 = AXIS2_PLACEMENT_3D ( 'NONE', #206, #350, #912 ) ;
#221 = DIRECTION ( 'NONE',  ( 0.000000000000000000, 3.662381193212018306E-15, -1.000000000000000000 ) ) ;
#222 = CARTESIAN_POINT ( 'NONE',  ( -25.00000000000000000, -4.736599999999979715, -88.49009900990063215 ) ) ;
#223 = EDGE_LOOP ( 'NONE', ( #79, #1433, #648, #426 ) ) ;
#224 = CIRCLE ( 'NONE', #1800, 0.7366000000000039183 ) ;
#225 = ORIENTED_EDGE ( 'NONE', *, *, #419, .T. ) ;
#226 = ORIENTED_EDGE ( 'NONE', *, *, #1018, .T. ) ;
#227 = DIRECTION ( 'NONE',  ( 0.000000000000000000, 0.000000000000000000, 1.000000000000000000 ) ) ;
#228 = AXIS2_PLACEMENT_3D ( 'NONE', #1626, #1368, #935 ) ;
#229 = EDGE_CURVE ( 'NONE', #1448, #1550, #83, .T. ) ;
#230 = DIRECTION ( 'NONE',  ( 0.000000000000000000, 6.123233995736766036E-17, 1.000000000000000000 ) ) ;
#231 = DIRECTION ( 'NONE',  ( 1.398970545142585802E-16, 1.000000000000000000, 0.000000000000000000 ) ) ;
#232 = EDGE_CURVE ( 'NONE', #889, #255, #1658, .T. ) ;
#233 = DIRECTION ( 'NONE',  ( 0.7071067811865459074, -0.7071067811865491270, -2.453269466693404932E-15 ) ) ;
#234 = ORIENTED_EDGE ( 'NONE', *, *, #719, .F. ) ;
#235 = CARTESIAN_POINT ( 'NONE',  ( 0.000000000000000000, -35.00000000000001421, -84.49009900990084532 ) ) ;
#236 = VERTEX_POINT ( 'NONE', #642 ) ;
#237 = EDGE_LOOP ( 'NONE', ( #371, #172, #1571, #354 ) ) ;
#238 = CARTESIAN_POINT ( 'NONE',  ( -2.000000000000001776, -3.999999999999986233, -88.49009900990073163 ) ) ;
#239 = DIRECTION ( 'NONE',  ( 0.000000000000000000, 3.491481338843133355E-15, -1.000000000000000000 ) ) ;
#240 = DIRECTION ( 'NONE',  ( 0.000000000000000000, 0.000000000000000000, -1.000000000000000000 ) ) ;
#241 = DIRECTION ( 'NONE',  ( -1.000000000000000000, 0.000000000000000000, 0.000000000000000000 ) ) ;
#242 = EDGE_CURVE ( 'NONE', #1432, #1407, #1243, .T. ) ;
#243 = CARTESIAN_POINT ( 'NONE',  ( 25.00000000000000000, 97.00000000000001421, 84.49009900990105848 ) ) ;
#244 = ORIENTED_EDGE ( 'NONE', *, *, #155, .F. ) ;
#245 = ORIENTED_EDGE ( 'NONE', *, *, #893, .F. ) ;
#246 = VECTOR ( 'NONE', #370, 1000.000000000000000 ) ;
#247 = VECTOR ( 'NONE', #1299, 1000.000000000000000 ) ;
#248 = DIRECTION ( 'NONE',  ( 0.000000000000000000, -1.000000000000000000, 2.775557561562890957E-15 ) ) ;
#249 = CARTESIAN_POINT ( 'NONE',  ( 25.00000000000000000, 0.7365999999999988113, -83.75349900990072172 ) ) ;
#250 = CARTESIAN_POINT ( 'NONE',  ( -2.000000000000005329, -35.00000000000000000, 88.49009900990084532 ) ) ;
#251 = LINE ( 'NONE', #398, #1152 ) ;
#252 = CARTESIAN_POINT ( 'NONE',  ( -5.000000000000007994, -35.00000000000000000, 88.49009900990084532 ) ) ;
#253 = EDGE_CURVE ( 'NONE', #1264, #1432, #282, .T. ) ;
#254 = ORIENTED_EDGE ( 'NONE', *, *, #1769, .T. ) ;
#255 = VERTEX_POINT ( 'NONE', #818 ) ;
#256 = DIRECTION ( 'NONE',  ( 0.000000000000000000, -3.491481338843133355E-15, -1.000000000000000000 ) ) ;
#257 = CARTESIAN_POINT ( 'NONE',  ( 7.330904878230379396, 90.00000000000000000, -88.49009900990084532 ) ) ;
#258 = VECTOR ( 'NONE', #1606, 1000.000000000000000 ) ;
#259 = CARTESIAN_POINT ( 'NONE',  ( -22.00000000000002487, -35.00000000000000000, 88.49009900990084532 ) ) ;
#260 = CARTESIAN_POINT ( 'NONE',  ( -4.999999999999976907, -35.00000000000000000, -88.49009900990084532 ) ) ;
#261 = VERTEX_POINT ( 'NONE', #515 ) ;
#262 = PRODUCT_DEFINITION ( 'Î´Öª', '', #1346, #461 ) ;
#263 = CYLINDRICAL_SURFACE ( 'NONE', #1005, 5.000000000000000888 ) ;
#264 = ORIENTED_EDGE ( 'NONE', *, *, #364, .F. ) ;
#265 = EDGE_CURVE ( 'NONE', #588, #1142, #430, .T. ) ;
#266 = CARTESIAN_POINT ( 'NONE',  ( -5.000000000000007994, -35.00000000000001421, 84.49009900990084532 ) ) ;
#267 = CARTESIAN_POINT ( 'NONE',  ( 21.99999999999996092, 100.0000000000000000, -88.49009900990073163 ) ) ;
#268 = FACE_OUTER_BOUND ( 'NONE', #1733, .T. ) ;
#269 = DIRECTION ( 'NONE',  ( -1.040834085586084257E-16, 1.000000000000000000, 0.000000000000000000 ) ) ;
#270 = VECTOR ( 'NONE', #159, 1000.000000000000000 ) ;
#271 = VERTEX_POINT ( 'NONE', #1343 ) ;
#272 = DIRECTION ( 'NONE',  ( 0.000000000000000000, 3.581364595565019495E-15, 1.000000000000000000 ) ) ;
#273 = VERTEX_POINT ( 'NONE', #1472 ) ;
#274 = EDGE_CURVE ( 'NONE', #1362, #114, #1220, .T. ) ;
#275 = PLANE ( 'NONE',  #1098 ) ;
#276 = CYLINDRICAL_SURFACE ( 'NONE', #1377, 4.736600000000007249 ) ;
#277 = DIRECTION ( 'NONE',  ( 0.000000000000000000, 3.581364595565019495E-15, 1.000000000000000000 ) ) ;
#278 = VECTOR ( 'NONE', #1754, 1000.000000000000000 ) ;
#279 = VERTEX_POINT ( 'NONE', #1376 ) ;
#280 = PRESENTATION_LAYER_ASSIGNMENT (  '', '', ( #1078 ) ) ;
#281 = EDGE_LOOP ( 'NONE', ( #806, #325, #216, #1709 ) ) ;
#282 = CIRCLE ( 'NONE', #458, 4.736600000000007249 ) ;
#283 = LINE ( 'NONE', #1410, #1786 ) ;
#284 = ADVANCED_FACE ( 'NONE', ( #1109 ), #952, .T. ) ;
#285 = EDGE_CURVE ( 'NONE', #484, #1073, #960, .T. ) ;
#286 = VECTOR ( 'NONE', #941, 1000.000000000000000 ) ;
#287 = DIRECTION ( 'NONE',  ( 0.000000000000000000, 1.000000000000000000, 2.775557561562890957E-15 ) ) ;
#288 = CARTESIAN_POINT ( 'NONE',  ( 25.00000000000000000, 0.7365999999999988113, -84.49009900990073163 ) ) ;
#289 = AXIS2_PLACEMENT_3D ( 'NONE', #532, #115, #541 ) ;
#290 = EDGE_LOOP ( 'NONE', ( #356, #873, #490, #494 ) ) ;
#291 = FACE_OUTER_BOUND ( 'NONE', #917, .T. ) ;
#292 = ORIENTED_EDGE ( 'NONE', *, *, #690, .T. ) ;
#293 = CARTESIAN_POINT ( 'NONE',  ( -25.00000000000000000, -4.736600000000007249, 83.75349900990072172 ) ) ;
#294 = LINE ( 'NONE', #132, #1363 ) ;
#295 = DIRECTION ( 'NONE',  ( -0.000000000000000000, 0.000000000000000000, 1.000000000000000000 ) ) ;
#296 = ADVANCED_FACE ( 'NONE', ( #1512 ), #386, .F. ) ;
#297 = ORIENTED_EDGE ( 'NONE', *, *, #893, .T. ) ;
#298 = DIRECTION ( 'NONE',  ( 5.887603434621225314E-16, -1.000000000000000000, 0.000000000000000000 ) ) ;
#299 = ORIENTED_EDGE ( 'NONE', *, *, #1773, .F. ) ;
#300 = DIRECTION ( 'NONE',  ( 0.000000000000000000, 3.532562060772735386E-15, 1.000000000000000000 ) ) ;
#301 = ORIENTED_EDGE ( 'NONE', *, *, #1504, .F. ) ;
#302 = PLANE ( 'NONE',  #1063 ) ;
#303 = ORIENTED_EDGE ( 'NONE', *, *, #531, .F. ) ;
#304 = ADVANCED_FACE ( 'NONE', ( #92 ), #1101, .F. ) ;
#305 = LINE ( 'NONE', #858, #1221 ) ;
#306 = VERTEX_POINT ( 'NONE', #1093 ) ;
#307 = VECTOR ( 'NONE', #1547, 1000.000000000000114 ) ;
#308 = EDGE_CURVE ( 'NONE', #1133, #273, #1214, .T. ) ;
#309 = AXIS2_PLACEMENT_3D ( 'NONE', #385, #1735, #1601 ) ;
#310 = CARTESIAN_POINT ( 'NONE',  ( 25.00000000000000000, 1.431146867680865853E-14, 83.75349900990072172 ) ) ;
#311 = CARTESIAN_POINT ( 'NONE',  ( -2.000000000000001776, -3.999999999999986233, -88.49009900990073163 ) ) ;
#312 = FACE_OUTER_BOUND ( 'NONE', #1563, .T. ) ;
#313 = CARTESIAN_POINT ( 'NONE',  ( -2.000000000000004885, -32.00000000000000000, 88.49009900990083111 ) ) ;
#314 = COLOUR_RGB ( '',0.6470588235294117974, 0.6196078431372549211, 0.5882352941176470784 ) ;
#315 = EDGE_LOOP ( 'NONE', ( #58, #764, #985, #1097 ) ) ;
#316 = EDGE_CURVE ( 'NONE', #35, #128, #1635, .T. ) ;
#317 = ORIENTED_EDGE ( 'NONE', *, *, #1123, .T. ) ;
#318 = DIRECTION ( 'NONE',  ( 1.000000000000000000, 7.883886353133496353E-33, 1.287536350664136898E-16 ) ) ;
#319 = ADVANCED_FACE ( 'NONE', ( #525 ), #1500, .T. ) ;
#320 = DIRECTION ( 'NONE',  ( 1.000000000000000000, 5.887603434621225314E-16, 0.000000000000000000 ) ) ;
#321 = CARTESIAN_POINT ( 'NONE',  ( 17.33090487823038117, 90.00000000000000000, -88.49009900990084532 ) ) ;
#322 = DIRECTION ( 'NONE',  ( 0.000000000000000000, 0.000000000000000000, -1.000000000000000000 ) ) ;
#323 = DIRECTION ( 'NONE',  ( 0.000000000000000000, 3.491481338843133355E-15, -1.000000000000000000 ) ) ;
#324 = VERTEX_POINT ( 'NONE', #421 ) ;
#325 = ORIENTED_EDGE ( 'NONE', *, *, #679, .T. ) ;
#326 = SHAPE_DEFINITION_REPRESENTATION ( #212, #1226 ) ;
#327 = ORIENTED_EDGE ( 'NONE', *, *, #1517, .F. ) ;
#328 = EDGE_CURVE ( 'NONE', #500, #1665, #1083, .T. ) ;
#329 = DIRECTION ( 'NONE',  ( -1.398970545142585802E-16, -1.000000000000000000, 3.581364595565019495E-15 ) ) ;
#330 = CARTESIAN_POINT ( 'NONE',  ( -9.061160699439188448, -22.64178390677614416, 88.49009900990071742 ) ) ;
#331 = CARTESIAN_POINT ( 'NONE',  ( 25.00000000000000000, 0.7366000000000182402, 83.75349900990072172 ) ) ;
#332 = CARTESIAN_POINT ( 'NONE',  ( 12.33090487823038117, 90.00000000000000000, 88.49009900990073163 ) ) ;
#333 = VERTEX_POINT ( 'NONE', #1686 ) ;
#334 = EDGE_LOOP ( 'NONE', ( #317, #473 ) ) ;
#335 = DIRECTION ( 'NONE',  ( 0.000000000000000000, 0.000000000000000000, 1.000000000000000000 ) ) ;
#336 = VERTEX_POINT ( 'NONE', #440 ) ;
#337 = SURFACE_STYLE_FILL_AREA ( #1171 ) ;
#338 = DIRECTION ( 'NONE',  ( 0.000000000000000000, 0.000000000000000000, 1.000000000000000000 ) ) ;
#339 = CARTESIAN_POINT ( 'NONE',  ( -9.061160699439188448, -22.64178390677614416, -88.49009900990085953 ) ) ;
#340 = EDGE_CURVE ( 'NONE', #1046, #746, #581, .T. ) ;
#341 = PLANE ( 'NONE',  #394 ) ;
#342 = PLANE ( 'NONE',  #1370 ) ;
#343 = ADVANCED_FACE ( 'NONE', ( #1679 ), #980, .T. ) ;
#344 = ORIENTED_EDGE ( 'NONE', *, *, #215, .T. ) ;
#345 = EDGE_LOOP ( 'NONE', ( #327, #78, #1566, #724 ) ) ;
#346 = PRESENTATION_LAYER_ASSIGNMENT (  '', '', ( #109 ) ) ;
#347 = DIRECTION ( 'NONE',  ( 0.000000000000000000, 0.000000000000000000, 1.000000000000000000 ) ) ;
#348 = PRODUCT_CONTEXT ( 'NONE', #1382, 'mechanical' ) ;
#349 = ORIENTED_EDGE ( 'NONE', *, *, #475, .T. ) ;
#350 = DIRECTION ( 'NONE',  ( 0.7071067811865509034, 0.7071067811865442421, -2.468850131082253905E-15 ) ) ;
#351 = DIRECTION ( 'NONE',  ( -0.000000000000000000, -0.000000000000000000, 1.000000000000000000 ) ) ;
#352 = PLANE ( 'NONE',  #1297 ) ;
#353 = FACE_OUTER_BOUND ( 'NONE', #1465, .T. ) ;
#354 = ORIENTED_EDGE ( 'NONE', *, *, #804, .T. ) ;
#355 = EDGE_CURVE ( 'NONE', #1264, #1510, #1546, .T. ) ;
#356 = ORIENTED_EDGE ( 'NONE', *, *, #467, .F. ) ;
#357 = ORIENTED_EDGE ( 'NONE', *, *, #1129, .F. ) ;
#358 = CARTESIAN_POINT ( 'NONE',  ( -25.00000000000000000, -4.736600000000009913, -84.49009900990073163 ) ) ;
#359 = FACE_OUTER_BOUND ( 'NONE', #453, .T. ) ;
#360 = DIRECTION ( 'NONE',  ( 1.000000000000000000, 0.000000000000000000, 0.000000000000000000 ) ) ;
#361 = CYLINDRICAL_SURFACE ( 'NONE', #1183, 4.736600000000007249 ) ;
#362 = VERTEX_POINT ( 'NONE', #158 ) ;
#363 = DIRECTION ( 'NONE',  ( 0.000000000000000000, -1.000000000000000000, -3.469446951953614189E-15 ) ) ;
#364 = EDGE_CURVE ( 'NONE', #448, #171, #1145, .T. ) ;
#365 = VERTEX_POINT ( 'NONE', #414 ) ;
#366 = CARTESIAN_POINT ( 'NONE',  ( -3.495002898201706827E-15, 0.7366000000000318959, -88.49009900990073163 ) ) ;
#367 = LINE ( 'NONE', #91, #1250 ) ;
#368 = CARTESIAN_POINT ( 'NONE',  ( 22.00000000000002487, 99.99999999999998579, 88.49009900990108690 ) ) ;
#369 = VECTOR ( 'NONE', #1062, 1000.000000000000000 ) ;
#370 = DIRECTION ( 'NONE',  ( -4.884479551956543571E-31, 0.000000000000000000, 1.000000000000000000 ) ) ;
#371 = ORIENTED_EDGE ( 'NONE', *, *, #1007, .T. ) ;
#372 = DIRECTION ( 'NONE',  ( -0.7071067811865474617, 0.7071067811865474617, 2.532407191425442249E-15 ) ) ;
#373 = AXIS2_PLACEMENT_3D ( 'NONE', #250, #932, #231 ) ;
#374 = ORIENTED_EDGE ( 'NONE', *, *, #451, .F. ) ;
#375 = ORIENTED_EDGE ( 'NONE', *, *, #668, .F. ) ;
#376 = CARTESIAN_POINT ( 'NONE',  ( 8.521286573247956140E-29, -3.070117042879736281E-13, 84.49009900990073163 ) ) ;
#377 = VECTOR ( 'NONE', #1431, 1000.000000000000000 ) ;
#378 = FACE_OUTER_BOUND ( 'NONE', #1527, .T. ) ;
#379 = ADVANCED_FACE ( 'NONE', ( #697, #3 ), #275, .F. ) ;
#380 = CARTESIAN_POINT ( 'NONE',  ( 8.521286573247956140E-29, 100.0000000000000000, 84.49009900990107269 ) ) ;
#381 = PLANE ( 'NONE',  #192 ) ;
#382 = CARTESIAN_POINT ( 'NONE',  ( -2.000000000000001776, -4.000000000000000000, 0.000000000000000000 ) ) ;
#383 = ORIENTED_EDGE ( 'NONE', *, *, #1492, .F. ) ;
#384 = ORIENTED_EDGE ( 'NONE', *, *, #814, .F. ) ;
#385 = CARTESIAN_POINT ( 'NONE',  ( 25.00000000000000000, 0.7366000000000182402, 83.75349900990072172 ) ) ;
#386 = CYLINDRICAL_SURFACE ( 'NONE', #1680, 5.000000000000000888 ) ;
#387 = EDGE_CURVE ( 'NONE', #1237, #180, #1553, .T. ) ;
#388 = AXIS2_PLACEMENT_3D ( 'NONE', #1012, #452, #1132 ) ;
#389 = DIRECTION ( 'NONE',  ( 1.000000000000000000, -0.000000000000000000, -0.000000000000000000 ) ) ;
#390 = DIRECTION ( 'NONE',  ( 0.000000000000000000, 0.000000000000000000, 1.000000000000000000 ) ) ;
#391 = PLANE ( 'NONE',  #4 ) ;
#392 = ORIENTED_EDGE ( 'NONE', *, *, #454, .F. ) ;
#393 = ORIENTED_EDGE ( 'NONE', *, *, #200, .F. ) ;
#394 = AXIS2_PLACEMENT_3D ( 'NONE', #1587, #903, #894 ) ;
#395 = AXIS2_PLACEMENT_3D ( 'NONE', #1767, #118, #518 ) ;
#396 = DIRECTION ( 'NONE',  ( -0.7071067811865474617, 0.7071067811865475727, -2.468850131082265738E-15 ) ) ;
#397 = DIRECTION ( 'NONE',  ( 0.000000000000000000, 3.581364595565019495E-15, -1.000000000000000000 ) ) ;
#398 = CARTESIAN_POINT ( 'NONE',  ( -25.00000000000000000, -4.000000000000003553, 83.75349900990072172 ) ) ;
#399 = EDGE_CURVE ( 'NONE', #35, #500, #1131, .T. ) ;
#400 = CARTESIAN_POINT ( 'NONE',  ( 0.000000000000000000, -4.336808689942017736E-16, 83.75349900990072172 ) ) ;
#401 = VECTOR ( 'NONE', #1091, 1000.000000000000000 ) ;
#402 = DIRECTION ( 'NONE',  ( -7.268105573311339819E-31, 6.982962677686266711E-15, -1.000000000000000000 ) ) ;
#403 = ADVANCED_FACE ( 'NONE', ( #431 ), #574, .F. ) ;
#404 = VERTEX_POINT ( 'NONE', #852 ) ;
#405 = ORIENTED_EDGE ( 'NONE', *, *, #441, .T. ) ;
#406 = CARTESIAN_POINT ( 'NONE',  ( -48.50000000000001421, 48.49999999999956657, -88.49009900990073163 ) ) ;
#407 = DIRECTION ( 'NONE',  ( -1.000000000000000000, -5.887603434621225314E-16, -0.000000000000000000 ) ) ;
#408 = CIRCLE ( 'NONE', #1344, 0.7366000000000039183 ) ;
#409 = LINE ( 'NONE', #972, #621 ) ;
#410 = DIRECTION ( 'NONE',  ( -0.000000000000000000, 0.000000000000000000, 1.000000000000000000 ) ) ;
#411 = ORIENTED_EDGE ( 'NONE', *, *, #823, .F. ) ;
#412 = EDGE_CURVE ( 'NONE', #365, #1381, #283, .T. ) ;
#413 = EDGE_LOOP ( 'NONE', ( #957, #244, #1581, #1399 ) ) ;
#414 = CARTESIAN_POINT ( 'NONE',  ( 0.000000000000000000, -4.000000000000000000, 81.75349900990072172 ) ) ;
#415 = FACE_OUTER_BOUND ( 'NONE', #152, .T. ) ;
#416 = CARTESIAN_POINT ( 'NONE',  ( 0.000000000000000000, 3.169153076521016256E-13, -84.49009900990071742 ) ) ;
#417 = FACE_OUTER_BOUND ( 'NONE', #1371, .T. ) ;
#418 = EDGE_LOOP ( 'NONE', ( #357, #1325, #1042, #32 ) ) ;
#419 = EDGE_CURVE ( 'NONE', #273, #774, #833, .T. ) ;
#420 = ORIENTED_EDGE ( 'NONE', *, *, #1573, .F. ) ;
#421 = CARTESIAN_POINT ( 'NONE',  ( -1.747501449100852230E-15, -4.000000000000005329, -83.75349900990072172 ) ) ;
#422 = LINE ( 'NONE', #705, #836 ) ;
#423 = FACE_OUTER_BOUND ( 'NONE', #897, .T. ) ;
#424 = PLANE ( 'NONE',  #920 ) ;
#425 = VECTOR ( 'NONE', #672, 1000.000000000000000 ) ;
#426 = ORIENTED_EDGE ( 'NONE', *, *, #512, .T. ) ;
#427 = AXIS2_PLACEMENT_3D ( 'NONE', #1270, #153, #298 ) ;
#428 = DIRECTION ( 'NONE',  ( -0.7071067811865491270, -0.7071067811865459074, -2.453269466693391916E-15 ) ) ;
#429 = EDGE_LOOP ( 'NONE', ( #1150, #509, #1139, #1177 ) ) ;
#430 = CIRCLE ( 'NONE', #659, 5.000000000000000888 ) ;
#431 = FACE_OUTER_BOUND ( 'NONE', #1339, .T. ) ;
#432 = EDGE_CURVE ( 'NONE', #333, #578, #560, .T. ) ;
#433 = FACE_OUTER_BOUND ( 'NONE', #154, .T. ) ;
#434 =( GEOMETRIC_REPRESENTATION_CONTEXT ( 3 ) GLOBAL_UNCERTAINTY_ASSIGNED_CONTEXT ( ( #846 ) ) GLOBAL_UNIT_ASSIGNED_CONTEXT ( ( #589, #1576, #173 ) ) REPRESENTATION_CONTEXT ( 'NONE', 'WORKASPACE' ) );
#435 = CARTESIAN_POINT ( 'NONE',  ( 25.00000000000000000, -5.095750210681870840E-15, -83.75349900990072172 ) ) ;
#436 = VECTOR ( 'NONE', #372, 1000.000000000000114 ) ;
#437 = VERTEX_POINT ( 'NONE', #1521 ) ;
#438 = CARTESIAN_POINT ( 'NONE',  ( 7.330904878230379396, 90.00000000000000000, 84.49009900990104427 ) ) ;
#439 = EDGE_LOOP ( 'NONE', ( #1497, #936, #1002, #199 ) ) ;
#440 = CARTESIAN_POINT ( 'NONE',  ( 24.99999999999998934, 96.99999999999997158, -88.49009900990073163 ) ) ;
#441 = EDGE_CURVE ( 'NONE', #1665, #1357, #1674, .T. ) ;
#442 = LINE ( 'NONE', #1697, #25 ) ;
#443 = ORIENTED_EDGE ( 'NONE', *, *, #723, .T. ) ;
#444 = VECTOR ( 'NONE', #1809, 1000.000000000000000 ) ;
#445 = CARTESIAN_POINT ( 'NONE',  ( 25.00000000000000000, 0.7365999999999988113, -83.75349900990072172 ) ) ;
#446 = ORIENTED_EDGE ( 'NONE', *, *, #593, .T. ) ;
#447 = LINE ( 'NONE', #1011, #1210 ) ;
#448 = VERTEX_POINT ( 'NONE', #987 ) ;
#449 = DIRECTION ( 'NONE',  ( -0.000000000000000000, 1.000000000000000000, 3.581364595565019495E-15 ) ) ;
#450 = CIRCLE ( 'NONE', #1501, 0.7366000000000039183 ) ;
#451 = EDGE_CURVE ( 'NONE', #273, #889, #1799, .T. ) ;
#452 = DIRECTION ( 'NONE',  ( -0.7071067811865475727, -0.7071067811865475727, 0.000000000000000000 ) ) ;
#453 = EDGE_LOOP ( 'NONE', ( #851, #1600, #993, #112 ) ) ;
#454 = EDGE_CURVE ( 'NONE', #324, #128, #1258, .T. ) ;
#455 = VECTOR ( 'NONE', #1781, 1000.000000000000000 ) ;
#456 = CARTESIAN_POINT ( 'NONE',  ( -2.000000000000000000, -4.336808689942017736E-16, 81.75349900990072172 ) ) ;
#457 = ORIENTED_EDGE ( 'NONE', *, *, #1076, .F. ) ;
#458 = AXIS2_PLACEMENT_3D ( 'NONE', #944, #108, #782 ) ;
#459 = DIRECTION ( 'NONE',  ( -1.000000000000000000, 0.000000000000000000, 0.000000000000000000 ) ) ;
#460 = DIRECTION ( 'NONE',  ( -0.000000000000000000, -0.000000000000000000, 1.000000000000000000 ) ) ;
#461 = PRODUCT_DEFINITION_CONTEXT ( 'detailed design', #882, 'design' ) ;
#462 = CARTESIAN_POINT ( 'NONE',  ( -3.469446951953614189E-15, -4.592425496802575156E-15, -88.49009900990073163 ) ) ;
#463 = CARTESIAN_POINT ( 'NONE',  ( -1.747501449100852230E-15, -5.095750210681870840E-15, -81.75349900990072172 ) ) ;
#464 = VECTOR ( 'NONE', #1216, 1000.000000000000114 ) ;
#465 = ORIENTED_EDGE ( 'NONE', *, *, #1076, .T. ) ;
#466 = EDGE_LOOP ( 'NONE', ( #1656, #1701 ) ) ;
#467 = EDGE_CURVE ( 'NONE', #271, #484, #948, .T. ) ;
#468 = CARTESIAN_POINT ( 'NONE',  ( 25.00000000000000000, 99.99999999999998579, 88.49009900990108690 ) ) ;
#469 = CARTESIAN_POINT ( 'NONE',  ( -2.000000000000001776, -4.736600000000007249, 83.75349900990072172 ) ) ;
#470 = PLANE ( 'NONE',  #1038 ) ;
#471 = DIRECTION ( 'NONE',  ( -1.000000000000000000, 0.000000000000000000, 0.000000000000000000 ) ) ;
#472 = ORIENTED_EDGE ( 'NONE', *, *, #1260, .T. ) ;
#473 = ORIENTED_EDGE ( 'NONE', *, *, #1747, .T. ) ;
#474 = VECTOR ( 'NONE', #151, 1000.000000000000000 ) ;
#475 = EDGE_CURVE ( 'NONE', #1144, #1115, #447, .T. ) ;
#476 = CARTESIAN_POINT ( 'NONE',  ( -2.000000000000001776, -4.000000000000008882, -83.75349900990072172 ) ) ;
#477 =( NAMED_UNIT ( * ) PLANE_ANGLE_UNIT ( ) SI_UNIT ( $, .RADIAN. ) );
#478 = CARTESIAN_POINT ( 'NONE',  ( -25.00000000000000000, -32.00000000000000000, -88.49009900990083111 ) ) ;
#479 = CARTESIAN_POINT ( 'NONE',  ( 9.950302455153385991E-30, 0.7365999999999865988, 88.49009900990073163 ) ) ;
#480 = VECTOR ( 'NONE', #1156, 1000.000000000000000 ) ;
#481 = VECTOR ( 'NONE', #338, 1000.000000000000000 ) ;
#482 = EDGE_LOOP ( 'NONE', ( #503, #1788 ) ) ;
#483 = ORIENTED_EDGE ( 'NONE', *, *, #800, .F. ) ;
#484 = VERTEX_POINT ( 'NONE', #310 ) ;
#485 = LINE ( 'NONE', #789, #1795 ) ;
#486 = DIRECTION ( 'NONE',  ( 0.000000000000000000, -1.000000000000000000, -3.469446951953614189E-15 ) ) ;
#487 = EDGE_CURVE ( 'NONE', #911, #1187, #1565, .T. ) ;
#488 = CARTESIAN_POINT ( 'NONE',  ( -14.06116069943919022, -22.64178390677614416, -88.49009900990085953 ) ) ;
#489 = CARTESIAN_POINT ( 'NONE',  ( 7.330904878230379396, 90.00000000000000000, 88.49009900990073163 ) ) ;
#490 = ORIENTED_EDGE ( 'NONE', *, *, #964, .T. ) ;
#491 = ORIENTED_EDGE ( 'NONE', *, *, #121, .F. ) ;
#492 = AXIS2_PLACEMENT_3D ( 'NONE', #456, #318, #881 ) ;
#493 = FACE_OUTER_BOUND ( 'NONE', #775, .T. ) ;
#494 = ORIENTED_EDGE ( 'NONE', *, *, #534, .F. ) ;
#495 = CARTESIAN_POINT ( 'NONE',  ( -1.999999999999989564, -4.000000000000000000, -2.575072701328260483E-16 ) ) ;
#496 = CARTESIAN_POINT ( 'NONE',  ( -2.000000000000001776, -4.000000000000008882, -83.75349900990072172 ) ) ;
#497 = FILL_AREA_STYLE_COLOUR ( '', #37 ) ;
#498 = LINE ( 'NONE', #1313, #1072 ) ;
#499 = ADVANCED_FACE ( 'NONE', ( #699 ), #1411, .F. ) ;
#500 = VERTEX_POINT ( 'NONE', #1681 ) ;
#501 = EDGE_LOOP ( 'NONE', ( #611, #1457, #1779, #1466, #1089, #563, #1035, #958, #839, #1198, #539, #938 ) ) ;
#502 = CARTESIAN_POINT ( 'NONE',  ( -25.00000000000000000, -4.736600000000012578, -83.75349900990072172 ) ) ;
#503 = ORIENTED_EDGE ( 'NONE', *, *, #604, .T. ) ;
#504 = CARTESIAN_POINT ( 'NONE',  ( -4.406877377903911561E-17, 97.00000000000001421, 84.49009900990105848 ) ) ;
#505 = LINE ( 'NONE', #760, #75 ) ;
#506 = LINE ( 'NONE', #924, #664 ) ;
#507 = LINE ( 'NONE', #1755, #1015 ) ;
#508 = DIRECTION ( 'NONE',  ( 1.000000000000000000, -0.000000000000000000, -0.000000000000000000 ) ) ;
#509 = ORIENTED_EDGE ( 'NONE', *, *, #1698, .T. ) ;
#510 = DIRECTION ( 'NONE',  ( 1.000000000000000000, 1.040834085586084257E-16, -0.000000000000000000 ) ) ;
#511 = DIRECTION ( 'NONE',  ( 0.000000000000000000, 0.000000000000000000, 1.000000000000000000 ) ) ;
#512 = EDGE_CURVE ( 'NONE', #180, #968, #1531, .T. ) ;
#513 = VERTEX_POINT ( 'NONE', #1286 ) ;
#514 = CARTESIAN_POINT ( 'NONE',  ( -25.00000000000000000, -4.000000000000000000, 88.49009900990073163 ) ) ;
#515 = CARTESIAN_POINT ( 'NONE',  ( -25.00000000000000000, -4.736600000000007249, 88.49009900990073163 ) ) ;
#516 = DIRECTION ( 'NONE',  ( 0.000000000000000000, 0.000000000000000000, 1.000000000000000000 ) ) ;
#517 = DIRECTION ( 'NONE',  ( -0.000000000000000000, 0.000000000000000000, 1.000000000000000000 ) ) ;
#518 = DIRECTION ( 'NONE',  ( 0.000000000000000000, 0.000000000000000000, 1.000000000000000000 ) ) ;
#519 = ORIENTED_EDGE ( 'NONE', *, *, #666, .F. ) ;
#520 = ADVANCED_FACE ( 'NONE', ( #1141 ), #424, .F. ) ;
#521 = ORIENTED_EDGE ( 'NONE', *, *, #1517, .T. ) ;
#522 = DIRECTION ( 'NONE',  ( -1.000000000000000000, 0.000000000000000000, 0.000000000000000000 ) ) ;
#523 = LINE ( 'NONE', #629, #401 ) ;
#524 = VECTOR ( 'NONE', #1486, 1000.000000000000000 ) ;
#525 = FACE_OUTER_BOUND ( 'NONE', #1715, .T. ) ;
#526 = EDGE_CURVE ( 'NONE', #856, #720, #838, .T. ) ;
#527 = CARTESIAN_POINT ( 'NONE',  ( 24.99999999999998934, 96.99999999999997158, -84.49009900990073163 ) ) ;
#528 = CARTESIAN_POINT ( 'NONE',  ( 0.000000000000000000, -35.00000000000001421, 84.49009900990084532 ) ) ;
#529 = ORIENTED_EDGE ( 'NONE', *, *, #73, .T. ) ;
#530 = ORIENTED_EDGE ( 'NONE', *, *, #1458, .F. ) ;
#531 = EDGE_CURVE ( 'NONE', #974, #1187, #5, .T. ) ;
#532 = CARTESIAN_POINT ( 'NONE',  ( -1.747501449100852230E-15, 0.7365999999999988113, -83.75349900990072172 ) ) ;
#533 = DIRECTION ( 'NONE',  ( 1.000000000000000000, 0.000000000000000000, 0.000000000000000000 ) ) ;
#534 = EDGE_CURVE ( 'NONE', #484, #35, #1267, .T. ) ;
#535 = CARTESIAN_POINT ( 'NONE',  ( -2.000000000000004885, -32.00000000000000000, 88.49009900990083111 ) ) ;
#536 = FACE_OUTER_BOUND ( 'NONE', #1749, .T. ) ;
#537 = LINE ( 'NONE', #1505, #48 ) ;
#538 = ORIENTED_EDGE ( 'NONE', *, *, #1758, .T. ) ;
#539 = ORIENTED_EDGE ( 'NONE', *, *, #1773, .T. ) ;
#540 = AXIS2_PLACEMENT_3D ( 'NONE', #561, #135, #1593 ) ;
#541 = DIRECTION ( 'NONE',  ( 0.000000000000000000, 0.000000000000000000, 1.000000000000000000 ) ) ;
#542 = CARTESIAN_POINT ( 'NONE',  ( -14.06116069943919022, -22.64178390677614416, -84.49009900990080268 ) ) ;
#543 = CARTESIAN_POINT ( 'NONE',  ( 15.00000000000016520, -14.99999999999983835, 88.49009900990077426 ) ) ;
#544 = DIRECTION ( 'NONE',  ( 1.000000000000000000, 0.000000000000000000, 0.000000000000000000 ) ) ;
#545 = EDGE_CURVE ( 'NONE', #271, #774, #733, .T. ) ;
#546 = AXIS2_PLACEMENT_3D ( 'NONE', #943, #1351, #1202 ) ;
#547 = DIRECTION ( 'NONE',  ( -1.040834085586084257E-16, 1.000000000000000000, 0.000000000000000000 ) ) ;
#548 = VERTEX_POINT ( 'NONE', #435 ) ;
#549 = EDGE_LOOP ( 'NONE', ( #1532, #1017 ) ) ;
#550 = DIRECTION ( 'NONE',  ( 0.000000000000000000, 0.000000000000000000, -1.000000000000000000 ) ) ;
#551 = CARTESIAN_POINT ( 'NONE',  ( -2.000000000000001776, -5.095750210681870840E-15, -81.75349900990072172 ) ) ;
#552 = AXIS2_PLACEMENT_3D ( 'NONE', #788, #1090, #248 ) ;
#553 = DIRECTION ( 'NONE',  ( 0.7071067811865441310, 0.7071067811865507924, 2.532407191425453688E-15 ) ) ;
#554 = CARTESIAN_POINT ( 'NONE',  ( 0.000000000000000000, 0.7366000000000318959, -88.49009900990073163 ) ) ;
#555 = ADVANCED_FACE ( 'NONE', ( #312 ), #990, .T. ) ;
#556 = ORIENTED_EDGE ( 'NONE', *, *, #1303, .T. ) ;
#557 = EDGE_CURVE ( 'NONE', #1178, #1460, #1496, .T. ) ;
#558 = DIRECTION ( 'NONE',  ( 0.000000000000000000, 3.532562060772735386E-15, -1.000000000000000000 ) ) ;
#559 = ORIENTED_EDGE ( 'NONE', *, *, #1102, .T. ) ;
#560 = LINE ( 'NONE', #267, #146 ) ;
#561 = CARTESIAN_POINT ( 'NONE',  ( 25.00000000000000000, -4.000000000000000000, 88.49009900990073163 ) ) ;
#562 = CARTESIAN_POINT ( 'NONE',  ( 0.000000000000000000, 0.000000000000000000, 0.000000000000000000 ) ) ;
#563 = ORIENTED_EDGE ( 'NONE', *, *, #454, .T. ) ;
#564 = ORIENTED_EDGE ( 'NONE', *, *, #1241, .F. ) ;
#565 = ADVANCED_FACE ( 'NONE', ( #1148 ), #1294, .T. ) ;
#566 = VECTOR ( 'NONE', #62, 1000.000000000000000 ) ;
#567 = DIRECTION ( 'NONE',  ( 0.000000000000000000, -3.782138030075902245E-16, 1.000000000000000000 ) ) ;
#568 = CARTESIAN_POINT ( 'NONE',  ( 25.00000000000000000, 0.7366000000000177961, 84.49009900990073163 ) ) ;
#569 = ORIENTED_EDGE ( 'NONE', *, *, #1698, .F. ) ;
#570 = AXIS2_PLACEMENT_3D ( 'NONE', #1048, #913, #1586 ) ;
#571 = CARTESIAN_POINT ( 'NONE',  ( -5.000000000000007994, -35.00000000000000000, 88.49009900990084532 ) ) ;
#572 = VERTEX_POINT ( 'NONE', #288 ) ;
#573 = EDGE_CURVE ( 'NONE', #1073, #183, #442, .T. ) ;
#574 = CYLINDRICAL_SURFACE ( 'NONE', #612, 0.7366000000000039183 ) ;
#575 = CARTESIAN_POINT ( 'NONE',  ( 3.000000000000002665, 99.99999999999998579, 88.49009900990108690 ) ) ;
#576 = VECTOR ( 'NONE', #471, 1000.000000000000000 ) ;
#577 = DIRECTION ( 'NONE',  ( 1.000000000000000000, 0.000000000000000000, 0.000000000000000000 ) ) ;
#578 = VERTEX_POINT ( 'NONE', #847 ) ;
#579 = LINE ( 'NONE', #571, #26 ) ;
#580 = EDGE_LOOP ( 'NONE', ( #1010, #234, #42, #245 ) ) ;
#581 = LINE ( 'NONE', #1807, #1539 ) ;
#582 = ADVANCED_FACE ( 'NONE', ( #1675 ), #1276, .F. ) ;
#583 = VECTOR ( 'NONE', #1044, 1000.000000000000000 ) ;
#584 = PLANE ( 'NONE',  #1446 ) ;
#585 = ADVANCED_FACE ( 'NONE', ( #30, #417 ), #302, .F. ) ;
#586 = CARTESIAN_POINT ( 'NONE',  ( 12.33090487823038117, 90.00000000000000000, 84.49009900990104427 ) ) ;
#587 = ORIENTED_EDGE ( 'NONE', *, *, #1018, .F. ) ;
#588 = VERTEX_POINT ( 'NONE', #707 ) ;
#589 =( LENGTH_UNIT ( ) NAMED_UNIT ( * ) SI_UNIT ( .MILLI., .METRE. ) );
#590 = FACE_BOUND ( 'NONE', #466, .T. ) ;
#591 = SURFACE_SIDE_STYLE ('',( #28 ) ) ;
#592 = DIRECTION ( 'NONE',  ( -0.000000000000000000, 0.000000000000000000, -1.000000000000000000 ) ) ;
#593 = EDGE_CURVE ( 'NONE', #1308, #1640, #22, .T. ) ;
#594 = FACE_OUTER_BOUND ( 'NONE', #418, .T. ) ;
#595 = ORIENTED_EDGE ( 'NONE', *, *, #1769, .F. ) ;
#596 = VERTEX_POINT ( 'NONE', #727 ) ;
#597 = VECTOR ( 'NONE', #553, 1000.000000000000114 ) ;
#598 = CARTESIAN_POINT ( 'NONE',  ( -2.000000000000001776, -8.673617379884035472E-15, -83.75349900990072172 ) ) ;
#599 = CARTESIAN_POINT ( 'NONE',  ( 8.521286573247956140E-29, 97.00000000000001421, 84.49009900990105848 ) ) ;
#600 = DIRECTION ( 'NONE',  ( 0.000000000000000000, -1.000000000000000000, -2.775557561562888984E-15 ) ) ;
#601 = PLANE ( 'NONE',  #1398 ) ;
#602 = VECTOR ( 'NONE', #86, 1000.000000000000000 ) ;
#603 = EDGE_LOOP ( 'NONE', ( #805, #1592, #1439, #1558 ) ) ;
#604 = EDGE_CURVE ( 'NONE', #1347, #1448, #1292, .T. ) ;
#605 = EDGE_LOOP ( 'NONE', ( #148, #45, #1610, #824, #1647, #344 ) ) ;
#606 = CARTESIAN_POINT ( 'NONE',  ( -2.000000000000001776, -4.736599999999990374, 88.49009900990073163 ) ) ;
#607 = DIRECTION ( 'NONE',  ( -5.887603434621225314E-16, 1.000000000000000000, 0.000000000000000000 ) ) ;
#608 = DIRECTION ( 'NONE',  ( 0.000000000000000000, 1.000000000000000000, 0.000000000000000000 ) ) ;
#609 = DIRECTION ( 'NONE',  ( 0.000000000000000000, 0.000000000000000000, -1.000000000000000000 ) ) ;
#610 = ORIENTED_EDGE ( 'NONE', *, *, #328, .F. ) ;
#611 = ORIENTED_EDGE ( 'NONE', *, *, #1016, .F. ) ;
#612 = AXIS2_PLACEMENT_3D ( 'NONE', #293, #19, #300 ) ;
#613 = PLANE ( 'NONE',  #1750 ) ;
#614 = EDGE_CURVE ( 'NONE', #1046, #1274, #450, .T. ) ;
#615 = ORIENTED_EDGE ( 'NONE', *, *, #1494, .T. ) ;
#616 = SURFACE_STYLE_USAGE ( .BOTH. , #900 ) ;
#617 = PLANE ( 'NONE',  #220 ) ;
#618 = CARTESIAN_POINT ( 'NONE',  ( -2.000000000000001776, -2.547875105340935420E-15, -88.49009900990073163 ) ) ;
#619 = FACE_OUTER_BOUND ( 'NONE', #290, .T. ) ;
#620 = DIRECTION ( 'NONE',  ( -1.000000000000000000, 0.000000000000000000, -0.000000000000000000 ) ) ;
#621 = VECTOR ( 'NONE', #1522, 1000.000000000000000 ) ;
#622 = CIRCLE ( 'NONE', #803, 5.000000000000001776 ) ;
#623 = ORIENTED_EDGE ( 'NONE', *, *, #1327, .F. ) ;
#624 = ORIENTED_EDGE ( 'NONE', *, *, #1504, .T. ) ;
#625 = CARTESIAN_POINT ( 'NONE',  ( -1.040834085586084257E-14, 100.0000000000000000, -88.49009900990073163 ) ) ;
#626 = ORIENTED_EDGE ( 'NONE', *, *, #20, .F. ) ;
#627 = VECTOR ( 'NONE', #239, 1000.000000000000000 ) ;
#628 = ADVANCED_FACE ( 'NONE', ( #209 ), #361, .T. ) ;
#629 = CARTESIAN_POINT ( 'NONE',  ( -2.000000000000004885, -32.00000000000001421, 84.49009900990083111 ) ) ;
#630 = PLANE ( 'NONE',  #1477 ) ;
#631 = FACE_OUTER_BOUND ( 'NONE', #439, .T. ) ;
#632 = CARTESIAN_POINT ( 'NONE',  ( -25.00000000000000000, -4.736600000000007249, 83.75349900990072172 ) ) ;
#633 = ORIENTED_EDGE ( 'NONE', *, *, #188, .T. ) ;
#634 = AXIS2_PLACEMENT_3D ( 'NONE', #1314, #52, #609 ) ;
#635 = DIRECTION ( 'NONE',  ( 9.629649721936179265E-31, -3.469446951953614189E-15, 1.000000000000000000 ) ) ;
#636 = AXIS2_PLACEMENT_3D ( 'NONE', #1045, #335, #1620 ) ;
#637 = PRODUCT ( 'ÆðÂ¢×ù', 'ÆðÂ¢×ù', '', ( #348 ) ) ;
#638 = DIRECTION ( 'NONE',  ( 0.000000000000000000, 0.000000000000000000, 1.000000000000000000 ) ) ;
#639 = EDGE_LOOP ( 'NONE', ( #559, #1478, #54, #33 ) ) ;
#640 = CARTESIAN_POINT ( 'NONE',  ( 25.00000000000000000, -3.070117042879736281E-13, 84.49009900990073163 ) ) ;
#641 = PLANE ( 'NONE',  #546 ) ;
#642 = CARTESIAN_POINT ( 'NONE',  ( -2.000000000000001776, 0.000000000000000000, 83.75349900990072172 ) ) ;
#643 = ADVANCED_FACE ( 'NONE', ( #631 ), #352, .T. ) ;
#644 = CARTESIAN_POINT ( 'NONE',  ( -25.00000000000000000, -4.000000000000000000, 83.75349900990072172 ) ) ;
#645 = EDGE_CURVE ( 'NONE', #1572, #171, #498, .T. ) ;
#646 = EDGE_LOOP ( 'NONE', ( #907, #103, #1268, #1356 ) ) ;
#647 = EDGE_LOOP ( 'NONE', ( #1158, #1684, #1440, #53 ) ) ;
#648 = ORIENTED_EDGE ( 'NONE', *, *, #387, .T. ) ;
#649 = LINE ( 'NONE', #1633, #1086 ) ;
#650 = CARTESIAN_POINT ( 'NONE',  ( 0.000000000000000000, 0.7366000000000039183, 84.49009900990073163 ) ) ;
#651 = DIRECTION ( 'NONE',  ( 1.000000000000000000, 0.000000000000000000, 0.000000000000000000 ) ) ;
#652 = CARTESIAN_POINT ( 'NONE',  ( -1.020017403874362572E-14, 97.00000000000000000, -88.49009900990073163 ) ) ;
#653 = CARTESIAN_POINT ( 'NONE',  ( 60.99999999999998579, 60.99999999999998579, -88.49009900990073163 ) ) ;
#654 = CARTESIAN_POINT ( 'NONE',  ( 25.00000000000000000, 0.7366000000000316739, -88.49009900990142796 ) ) ;
#655 = EDGE_CURVE ( 'NONE', #1510, #236, #925, .T. ) ;
#656 = ORIENTED_EDGE ( 'NONE', *, *, #1662, .F. ) ;
#657 = ORIENTED_EDGE ( 'NONE', *, *, #1049, .F. ) ;
#658 = CARTESIAN_POINT ( 'NONE',  ( 25.00000000000000000, -1.396592535537253342E-14, 88.49009900990073163 ) ) ;
#659 = AXIS2_PLACEMENT_3D ( 'NONE', #1775, #1790, #1650 ) ;
#660 = DIRECTION ( 'NONE',  ( 0.000000000000000000, -3.491481338843133355E-15, 1.000000000000000000 ) ) ;
#661 = VECTOR ( 'NONE', #740, 1000.000000000000114 ) ;
#662 = DIRECTION ( 'NONE',  ( 0.000000000000000000, -1.000000000000000000, 0.000000000000000000 ) ) ;
#663 = CARTESIAN_POINT ( 'NONE',  ( -2.000000000000001776, -32.00000000000001421, -84.49009900990083111 ) ) ;
#664 = VECTOR ( 'NONE', #1203, 1000.000000000000000 ) ;
#665 = ORIENTED_EDGE ( 'NONE', *, *, #355, .F. ) ;
#666 = EDGE_CURVE ( 'NONE', #1246, #1264, #1579, .T. ) ;
#667 = ORIENTED_EDGE ( 'NONE', *, *, #1783, .F. ) ;
#668 = EDGE_CURVE ( 'NONE', #1407, #23, #1727, .T. ) ;
#669 = VECTOR ( 'NONE', #772, 1000.000000000000000 ) ;
#670 = CARTESIAN_POINT ( 'NONE',  ( -25.00000000000000000, -4.736600000000007249, 83.75349900990072172 ) ) ;
#671 = CIRCLE ( 'NONE', #289, 4.736600000000007249 ) ;
#672 = DIRECTION ( 'NONE',  ( -1.000000000000000000, -5.887603434621225314E-16, -0.000000000000000000 ) ) ;
#673 = CARTESIAN_POINT ( 'NONE',  ( -14.06116069943919022, -22.64178390677614416, -88.49009900990085953 ) ) ;
#674 = EDGE_LOOP ( 'NONE', ( #784, #1797 ) ) ;
#675 = AXIS2_PLACEMENT_3D ( 'NONE', #69, #758, #786 ) ;
#676 = CARTESIAN_POINT ( 'NONE',  ( 12.33090487823038117, 90.00000000000000000, -88.49009900990084532 ) ) ;
#677 = ORIENTED_EDGE ( 'NONE', *, *, #20, .T. ) ;
#678 = FACE_OUTER_BOUND ( 'NONE', #1691, .T. ) ;
#679 = EDGE_CURVE ( 'NONE', #1024, #1748, #1040, .T. ) ;
#680 = DIRECTION ( 'NONE',  ( 0.000000000000000000, 3.491481338843133355E-15, -1.000000000000000000 ) ) ;
#681 = AXIS2_PLACEMENT_3D ( 'NONE', #999, #1569, #295 ) ;
#682 = DIRECTION ( 'NONE',  ( 0.000000000000000000, 0.000000000000000000, 1.000000000000000000 ) ) ;
#683 = LINE ( 'NONE', #1808, #481 ) ;
#684 = ORIENTED_EDGE ( 'NONE', *, *, #1673, .F. ) ;
#685 = FACE_BOUND ( 'NONE', #1476, .T. ) ;
#686 = ORIENTED_EDGE ( 'NONE', *, *, #316, .T. ) ;
#687 = AXIS2_PLACEMENT_3D ( 'NONE', #1659, #241, #682 ) ;
#688 = DIRECTION ( 'NONE',  ( -1.287536350664136898E-16, 3.218840876660342244E-17, 1.000000000000000000 ) ) ;
#689 = DIRECTION ( 'NONE',  ( -1.000000000000000000, -5.887603434621225314E-16, -0.000000000000000000 ) ) ;
#690 = EDGE_CURVE ( 'NONE', #929, #1665, #1030, .T. ) ;
#691 = DIRECTION ( 'NONE',  ( 1.000000000000000000, 0.000000000000000000, 0.000000000000000000 ) ) ;
#692 = VECTOR ( 'NONE', #825, 1000.000000000000114 ) ;
#693 = LINE ( 'NONE', #528, #524 ) ;
#694 = ORIENTED_EDGE ( 'NONE', *, *, #928, .T. ) ;
#695 = VECTOR ( 'NONE', #116, 1000.000000000000000 ) ;
#696 = VERTEX_POINT ( 'NONE', #1059 ) ;
#697 = FACE_BOUND ( 'NONE', #1200, .T. ) ;
#698 = DIRECTION ( 'NONE',  ( 0.000000000000000000, -1.000000000000000000, 0.000000000000000000 ) ) ;
#699 = FACE_OUTER_BOUND ( 'NONE', #647, .T. ) ;
#700 = ADVANCED_FACE ( 'NONE', ( #783 ), #341, .F. ) ;
#701 = ORIENTED_EDGE ( 'NONE', *, *, #954, .F. ) ;
#702 = FACE_OUTER_BOUND ( 'NONE', #429, .T. ) ;
#703 = ORIENTED_EDGE ( 'NONE', *, *, #1616, .T. ) ;
#704 = CARTESIAN_POINT ( 'NONE',  ( -2.000000000000001776, -2.547875105340935420E-15, -88.49009900990073163 ) ) ;
#705 = CARTESIAN_POINT ( 'NONE',  ( 0.000000000000000000, -4.336808689942017736E-16, 83.75349900990072172 ) ) ;
#706 = VECTOR ( 'NONE', #1666, 1000.000000000000000 ) ;
#707 = CARTESIAN_POINT ( 'NONE',  ( 7.330904878230379396, 90.00000000000000000, -88.49009900990084532 ) ) ;
#708 = ORIENTED_EDGE ( 'NONE', *, *, #1102, .F. ) ;
#709 = EDGE_CURVE ( 'NONE', #720, #236, #197, .T. ) ;
#710 = CARTESIAN_POINT ( 'NONE',  ( 17.33090487823038117, 90.00000000000000000, -84.49009900990073163 ) ) ;
#711 = ORIENTED_EDGE ( 'NONE', *, *, #399, .F. ) ;
#712 = VECTOR ( 'NONE', #85, 1000.000000000000000 ) ;
#713 = CARTESIAN_POINT ( 'NONE',  ( 25.00000000000000000, 0.7366000000000182402, 83.75349900990072172 ) ) ;
#714 = VECTOR ( 'NONE', #1530, 1000.000000000000000 ) ;
#715 = DIRECTION ( 'NONE',  ( 0.000000000000000000, 1.000000000000000000, 3.491481338843133355E-15 ) ) ;
#716 = EDGE_LOOP ( 'NONE', ( #1582, #1608, #667, #1670 ) ) ;
#717 = VECTOR ( 'NONE', #1319, 1000.000000000000000 ) ;
#718 = DIRECTION ( 'NONE',  ( 0.000000000000000000, 0.000000000000000000, 1.000000000000000000 ) ) ;
#719 = EDGE_CURVE ( 'NONE', #404, #71, #762, .T. ) ;
#720 = VERTEX_POINT ( 'NONE', #1707 ) ;
#721 = DIRECTION ( 'NONE',  ( -0.000000000000000000, 0.000000000000000000, -1.000000000000000000 ) ) ;
#722 = DIRECTION ( 'NONE',  ( 0.000000000000000000, 0.000000000000000000, 1.000000000000000000 ) ) ;
#723 = EDGE_CURVE ( 'NONE', #183, #1638, #743, .T. ) ;
#724 = ORIENTED_EDGE ( 'NONE', *, *, #557, .F. ) ;
#725 = DIRECTION ( 'NONE',  ( 0.000000000000000000, 3.491481338843133355E-15, -1.000000000000000000 ) ) ;
#726 = AXIS2_PLACEMENT_3D ( 'NONE', #1295, #210, #1175 ) ;
#727 = CARTESIAN_POINT ( 'NONE',  ( -19.06116069943919200, -22.64178390677614416, 88.49009900990071742 ) ) ;
#728 = VERTEX_POINT ( 'NONE', #40 ) ;
#729 = ORIENTED_EDGE ( 'NONE', *, *, #1792, .T. ) ;
#730 = AXIS2_PLACEMENT_3D ( 'NONE', #416, #1441, #185 ) ;
#731 = EDGE_CURVE ( 'NONE', #1187, #437, #1302, .T. ) ;
#732 = CARTESIAN_POINT ( 'NONE',  ( -3.469446951953614189E-15, 0.7365999999999988113, -83.75349900990072172 ) ) ;
#733 = LINE ( 'NONE', #568, #474 ) ;
#734 = CARTESIAN_POINT ( 'NONE',  ( -25.00000000000000000, -4.000000000000000000, 88.49009900990073163 ) ) ;
#735 = ORIENTED_EDGE ( 'NONE', *, *, #487, .F. ) ;
#736 = VECTOR ( 'NONE', #13, 1000.000000000000000 ) ;
#737 = CARTESIAN_POINT ( 'NONE',  ( -1.747501449100852230E-15, 0.7365999999999988113, -83.75349900990072172 ) ) ;
#738 = DIRECTION ( 'NONE',  ( 0.000000000000000000, 0.000000000000000000, 1.000000000000000000 ) ) ;
#739 = CARTESIAN_POINT ( 'NONE',  ( -25.00000000000000000, 0.000000000000000000, -83.75349900990072172 ) ) ;
#740 = DIRECTION ( 'NONE',  ( 0.7071067811865474617, -0.7071067811865474617, -2.532407191425442249E-15 ) ) ;
#741 = ADVANCED_FACE ( 'NONE', ( #619 ), #470, .F. ) ;
#742 = VECTOR ( 'NONE', #1345, 1000.000000000000000 ) ;
#743 = LINE ( 'NONE', #1437, #1471 ) ;
#744 = FACE_OUTER_BOUND ( 'NONE', #65, .T. ) ;
#745 = ORIENTED_EDGE ( 'NONE', *, *, #308, .F. ) ;
#746 = VERTEX_POINT ( 'NONE', #1736 ) ;
#747 = ORIENTED_EDGE ( 'NONE', *, *, #1159, .F. ) ;
#748 = CIRCLE ( 'NONE', #34, 0.7366000000000039183 ) ;
#749 = CARTESIAN_POINT ( 'NONE',  ( -25.00000000000000000, -4.000000000000008882, -83.75349900990072172 ) ) ;
#750 = PLANE ( 'NONE',  #1134 ) ;
#751 = CARTESIAN_POINT ( 'NONE',  ( -2.000000000000001776, -4.736600000000012578, -83.75349900990072172 ) ) ;
#752 = PLANE ( 'NONE',  #634 ) ;
#753 = CIRCLE ( 'NONE', #1602, 5.000000000000000888 ) ;
#754 = ORIENTED_EDGE ( 'NONE', *, *, #1392, .T. ) ;
#755 = ADVANCED_FACE ( 'NONE', ( #1445 ), #187, .F. ) ;
#756 = VECTOR ( 'NONE', #410, 1000.000000000000000 ) ;
#757 = ORIENTED_EDGE ( 'NONE', *, *, #164, .F. ) ;
#758 = DIRECTION ( 'NONE',  ( 0.7071067811865475727, 0.7071067811865475727, 2.468850131082265738E-15 ) ) ;
#759 = ORIENTED_EDGE ( 'NONE', *, *, #1427, .F. ) ;
#760 = CARTESIAN_POINT ( 'NONE',  ( -2.000000000000001776, -5.095750210681870840E-15, -81.75349900990072172 ) ) ;
#761 = FACE_OUTER_BOUND ( 'NONE', #223, .T. ) ;
#762 = LINE ( 'NONE', #1321, #712 ) ;
#763 = PLANE ( 'NONE',  #875 ) ;
#764 = ORIENTED_EDGE ( 'NONE', *, *, #1481, .F. ) ;
#765 = ORIENTED_EDGE ( 'NONE', *, *, #364, .T. ) ;
#766 = EDGE_CURVE ( 'NONE', #548, #128, #1094, .T. ) ;
#767 = VECTOR ( 'NONE', #123, 1000.000000000000000 ) ;
#768 = ORIENTED_EDGE ( 'NONE', *, *, #1616, .F. ) ;
#769 = CARTESIAN_POINT ( 'NONE',  ( 22.00000000000002487, 99.99999999999998579, 88.49009900990108690 ) ) ;
#770 = SURFACE_STYLE_USAGE ( .BOTH. , #591 ) ;
#771 = DIRECTION ( 'NONE',  ( 6.938893903907228378E-17, -1.000000000000000000, 0.000000000000000000 ) ) ;
#772 = DIRECTION ( 'NONE',  ( 0.000000000000000000, -1.000000000000000000, 6.123233995736766036E-17 ) ) ;
#773 = VECTOR ( 'NONE', #329, 1000.000000000000000 ) ;
#774 = VERTEX_POINT ( 'NONE', #1625 ) ;
#775 = EDGE_LOOP ( 'NONE', ( #703, #1284, #759, #1389 ) ) ;
#776 = PRODUCT_RELATED_PRODUCT_CATEGORY ( 'part', '', ( #637 ) ) ;
#777 = ORIENTED_EDGE ( 'NONE', *, *, #1140, .T. ) ;
#778 = PLANE ( 'NONE',  #1743 ) ;
#779 = VECTOR ( 'NONE', #1192, 1000.000000000000000 ) ;
#780 = CARTESIAN_POINT ( 'NONE',  ( 25.00000000000000000, 2.602085213965210642E-15, -84.49009900990073163 ) ) ;
#781 = EDGE_CURVE ( 'NONE', #1144, #1640, #962, .T. ) ;
#782 = DIRECTION ( 'NONE',  ( 0.000000000000000000, -1.062090546031485261E-14, -1.000000000000000000 ) ) ;
#783 = FACE_OUTER_BOUND ( 'NONE', #1197, .T. ) ;
#784 = ORIENTED_EDGE ( 'NONE', *, *, #1631, .F. ) ;
#785 = VERTEX_POINT ( 'NONE', #527 ) ;
#786 = DIRECTION ( 'NONE',  ( 0.000000000000000000, -3.491481338843133355E-15, 1.000000000000000000 ) ) ;
#787 = ORIENTED_EDGE ( 'NONE', *, *, #475, .F. ) ;
#788 = CARTESIAN_POINT ( 'NONE',  ( -14.06116069943919022, -22.64178390677614416, 84.49009900990080268 ) ) ;
#789 = CARTESIAN_POINT ( 'NONE',  ( -28.50000000000028422, -28.49999999999969091, 88.49009900990081690 ) ) ;
#790 = CARTESIAN_POINT ( 'NONE',  ( 25.00000000000000000, 1.431146867680865853E-14, 83.75349900990072172 ) ) ;
#791 = EDGE_CURVE ( 'NONE', #1572, #1308, #945, .T. ) ;
#792 = CARTESIAN_POINT ( 'NONE',  ( -1.747501449100852230E-15, -4.000000000000000000, -81.75349900990072172 ) ) ;
#793 = LINE ( 'NONE', #1103, #1685 ) ;
#794 = ORIENTED_EDGE ( 'NONE', *, *, #11, .F. ) ;
#795 = ORIENTED_EDGE ( 'NONE', *, *, #121, .T. ) ;
#796 = CARTESIAN_POINT ( 'NONE',  ( -2.000000000000001776, -4.736600000000012578, -83.75349900990072172 ) ) ;
#797 = LINE ( 'NONE', #1068, #867 ) ;
#798 = DIRECTION ( 'NONE',  ( 1.000000000000000000, 0.000000000000000000, 0.000000000000000000 ) ) ;
#799 = DIRECTION ( 'NONE',  ( -0.000000000000000000, -0.000000000000000000, 1.000000000000000000 ) ) ;
#800 = EDGE_CURVE ( 'NONE', #1730, #1046, #1111, .T. ) ;
#801 = DIRECTION ( 'NONE',  ( 0.000000000000000000, -1.000000000000000000, -2.775557561562888984E-15 ) ) ;
#802 = VECTOR ( 'NONE', #1165, 1000.000000000000000 ) ;
#803 = AXIS2_PLACEMENT_3D ( 'NONE', #1428, #174, #459 ) ;
#804 = EDGE_CURVE ( 'NONE', #1024, #1772, #66, .T. ) ;
#805 = ORIENTED_EDGE ( 'NONE', *, *, #1678, .F. ) ;
#806 = ORIENTED_EDGE ( 'NONE', *, *, #804, .F. ) ;
#807 = CARTESIAN_POINT ( 'NONE',  ( -25.00000000000000000, -3.999999999999986233, 88.49009900990073163 ) ) ;
#808 = CARTESIAN_POINT ( 'NONE',  ( 0.000000000000000000, -4.336808689942017736E-16, 83.75349900990072172 ) ) ;
#809 = CARTESIAN_POINT ( 'NONE',  ( -14.06116069943919022, -22.64178390677614416, -88.49009900990085953 ) ) ;
#810 = CARTESIAN_POINT ( 'NONE',  ( 25.00000000000000000, 0.7366000000000182402, 83.75349900990072172 ) ) ;
#811 = DIRECTION ( 'NONE',  ( 0.000000000000000000, 0.000000000000000000, -1.000000000000000000 ) ) ;
#812 = CARTESIAN_POINT ( 'NONE',  ( 24.99999999999998934, 100.0000000000000000, -88.49009900990073163 ) ) ;
#813 = EDGE_LOOP ( 'NONE', ( #922, #411, #1787, #375 ) ) ;
#814 = EDGE_CURVE ( 'NONE', #1115, #1306, #1493, .T. ) ;
#815 = ORIENTED_EDGE ( 'NONE', *, *, #1458, .T. ) ;
#816 = AXIS2_PLACEMENT_3D ( 'NONE', #332, #1570, #198 ) ;
#817 = DIRECTION ( 'NONE',  ( -0.000000000000000000, -0.000000000000000000, 1.000000000000000000 ) ) ;
#818 = CARTESIAN_POINT ( 'NONE',  ( 22.00000000000002487, 100.0000000000000000, 84.49009900990107269 ) ) ;
#819 = DIRECTION ( 'NONE',  ( 0.000000000000000000, 1.000000000000000000, 0.000000000000000000 ) ) ;
#820 = DIRECTION ( 'NONE',  ( 0.000000000000000000, 0.000000000000000000, -1.000000000000000000 ) ) ;
#821 = EDGE_LOOP ( 'NONE', ( #711, #1648, #1416, #610 ) ) ;
#822 = CARTESIAN_POINT ( 'NONE',  ( -25.00000000000000000, -32.00000000000000000, -88.49009900990083111 ) ) ;
#823 = EDGE_CURVE ( 'NONE', #279, #974, #409, .T. ) ;
#824 = ORIENTED_EDGE ( 'NONE', *, *, #1467, .T. ) ;
#825 = DIRECTION ( 'NONE',  ( 0.7071067811865441310, 0.7071067811865507924, -0.000000000000000000 ) ) ;
#826 = CARTESIAN_POINT ( 'NONE',  ( 0.000000000000000000, 99.99999999999998579, 88.49009900990108690 ) ) ;
#827 = VECTOR ( 'NONE', #149, 1000.000000000000000 ) ;
#828 = LINE ( 'NONE', #535, #124 ) ;
#829 = FACE_OUTER_BOUND ( 'NONE', #603, .T. ) ;
#830 = ORIENTED_EDGE ( 'NONE', *, *, #242, .T. ) ;
#831 = DIRECTION ( 'NONE',  ( 0.000000000000000000, -1.000000000000000000, 3.581364595565019495E-15 ) ) ;
#832 = AXIS2_PLACEMENT_3D ( 'NONE', #586, #1195, #600 ) ;
#833 = LINE ( 'NONE', #861, #827 ) ;
#834 = ADVANCED_FACE ( 'NONE', ( #268 ), #1215, .F. ) ;
#835 = VECTOR ( 'NONE', #351, 1000.000000000000000 ) ;
#836 = VECTOR ( 'NONE', #1285, 1000.000000000000000 ) ;
#837 = DIRECTION ( 'NONE',  ( 0.000000000000000000, -3.479262133551417154E-15, 1.000000000000000000 ) ) ;
#838 = LINE ( 'NONE', #865, #736 ) ;
#839 = ORIENTED_EDGE ( 'NONE', *, *, #1561, .T. ) ;
#840 =( GEOMETRIC_REPRESENTATION_CONTEXT ( 3 ) GLOBAL_UNCERTAINTY_ASSIGNED_CONTEXT ( ( #142 ) ) GLOBAL_UNIT_ASSIGNED_CONTEXT ( ( #175, #477, #1429 ) ) REPRESENTATION_CONTEXT ( 'NONE', 'WORKASPACE' ) );
#841 = ORIENTED_EDGE ( 'NONE', *, *, #1372, .F. ) ;
#842 = CARTESIAN_POINT ( 'NONE',  ( -3.469446951953614189E-15, -4.000000000000005329, -83.75349900990072172 ) ) ;
#843 = VECTOR ( 'NONE', #428, 1000.000000000000114 ) ;
#844 = AXIS2_PLACEMENT_3D ( 'NONE', #673, #102, #955 ) ;
#845 = EDGE_CURVE ( 'NONE', #1640, #1257, #828, .T. ) ;
#846 = UNCERTAINTY_MEASURE_WITH_UNIT (LENGTH_MEASURE( 1.000000000000000082E-05 ), #589, 'distance_accuracy_value', 'NONE');
#847 = CARTESIAN_POINT ( 'NONE',  ( 21.99999999999996092, 100.0000000000000000, -88.49009900990073163 ) ) ;
#848 = EDGE_CURVE ( 'NONE', #1347, #89, #1503, .T. ) ;
#849 = ORIENTED_EDGE ( 'NONE', *, *, #1573, .T. ) ;
#850 = PLANE ( 'NONE',  #1194 ) ;
#851 = ORIENTED_EDGE ( 'NONE', *, *, #229, .F. ) ;
#852 = CARTESIAN_POINT ( 'NONE',  ( 3.000000000000003109, 100.0000000000000000, 84.49009900990107269 ) ) ;
#853 = AXIS2_PLACEMENT_3D ( 'NONE', #1557, #592, #1541 ) ;
#854 = EDGE_CURVE ( 'NONE', #856, #1510, #251, .T. ) ;
#855 = DIRECTION ( 'NONE',  ( 5.887603434621225314E-16, -1.000000000000000000, 0.000000000000000000 ) ) ;
#856 = VERTEX_POINT ( 'NONE', #644 ) ;
#857 = EDGE_CURVE ( 'NONE', #255, #1133, #507, .T. ) ;
#858 = CARTESIAN_POINT ( 'NONE',  ( -1.747501449100852230E-15, -5.095750210681870840E-15, -81.75349900990072172 ) ) ;
#859 = VERTEX_POINT ( 'NONE', #792 ) ;
#860 = VECTOR ( 'NONE', #799, 1000.000000000000000 ) ;
#861 = CARTESIAN_POINT ( 'NONE',  ( 25.00000000000000000, -1.396592535537253342E-14, 88.49009900990073163 ) ) ;
#862 = VECTOR ( 'NONE', #1126, 1000.000000000000000 ) ;
#863 = EDGE_LOOP ( 'NONE', ( #991, #1209, #1722, #1397 ) ) ;
#864 = CARTESIAN_POINT ( 'NONE',  ( 17.33090487823038117, 90.00000000000000000, 88.49009900990073163 ) ) ;
#865 = CARTESIAN_POINT ( 'NONE',  ( -25.00000000000000000, -4.000000000000003553, 83.75349900990072172 ) ) ;
#866 = ORIENTED_EDGE ( 'NONE', *, *, #253, .T. ) ;
#867 = VECTOR ( 'NONE', #1623, 1000.000000000000000 ) ;
#868 = CARTESIAN_POINT ( 'NONE',  ( -14.06116069943919022, -22.64178390677614416, 88.49009900990071742 ) ) ;
#869 = ORIENTED_EDGE ( 'NONE', *, *, #814, .T. ) ;
#870 = EDGE_CURVE ( 'NONE', #1142, #588, #1568, .T. ) ;
#871 = FACE_OUTER_BOUND ( 'NONE', #716, .T. ) ;
#872 = CARTESIAN_POINT ( 'NONE',  ( 15.00000000000015632, -14.99999999999968558, -88.49009900990077426 ) ) ;
#873 = ORIENTED_EDGE ( 'NONE', *, *, #545, .T. ) ;
#874 = CARTESIAN_POINT ( 'NONE',  ( -3.469446951953614189E-15, -4.592425496802575156E-15, -88.49009900990073163 ) ) ;
#875 = AXIS2_PLACEMENT_3D ( 'NONE', #1031, #1041, #1456 ) ;
#876 = FACE_OUTER_BOUND ( 'NONE', #1008, .T. ) ;
#877 = DIRECTION ( 'NONE',  ( 0.000000000000000000, -0.000000000000000000, -1.000000000000000000 ) ) ;
#878 = CARTESIAN_POINT ( 'NONE',  ( 0.000000000000000000, 97.00000000000000000, 88.49009900990107269 ) ) ;
#879 = VERTEX_POINT ( 'NONE', #652 ) ;
#880 = EDGE_CURVE ( 'NONE', #929, #271, #1764, .T. ) ;
#881 = DIRECTION ( 'NONE',  ( 1.287536350664136898E-16, 0.000000000000000000, -1.000000000000000000 ) ) ;
#882 = APPLICATION_CONTEXT ( 'automotive_design' ) ;
#883 = PLANE ( 'NONE',  #675 ) ;
#884 = ADVANCED_FACE ( 'NONE', ( #359 ), #1774, .F. ) ;
#885 = CARTESIAN_POINT ( 'NONE',  ( -9.061160699439188448, -22.64178390677614416, -84.49009900990080268 ) ) ;
#886 = CARTESIAN_POINT ( 'NONE',  ( -2.000000000000001776, -4.000000000000003553, 83.75349900990072172 ) ) ;
#887 = CARTESIAN_POINT ( 'NONE',  ( -6.730727086790011526E-15, 97.00000000000000000, -84.49009900990073163 ) ) ;
#888 = ORIENTED_EDGE ( 'NONE', *, *, #854, .F. ) ;
#889 = VERTEX_POINT ( 'NONE', #769 ) ;
#890 = DIRECTION ( 'NONE',  ( -0.000000000000000000, -0.000000000000000000, 1.000000000000000000 ) ) ;
#891 = CARTESIAN_POINT ( 'NONE',  ( -22.00000000000002487, -35.00000000000001421, 84.49009900990084532 ) ) ;
#892 = CARTESIAN_POINT ( 'NONE',  ( 8.521286573247956140E-29, -3.209776296433461615E-13, 88.49009900990073163 ) ) ;
#893 = EDGE_CURVE ( 'NONE', #1357, #119, #1057, .T. ) ;
#894 = DIRECTION ( 'NONE',  ( 0.000000000000000000, 0.000000000000000000, -1.000000000000000000 ) ) ;
#895 = LINE ( 'NONE', #1305, #15 ) ;
#896 = EDGE_LOOP ( 'NONE', ( #1741, #1288, #64, #1335 ) ) ;
#897 = EDGE_LOOP ( 'NONE', ( #99, #1768, #686, #1771 ) ) ;
#898 = FACE_OUTER_BOUND ( 'NONE', #1296, .T. ) ;
#899 = ORIENTED_EDGE ( 'NONE', *, *, #200, .T. ) ;
#900 = SURFACE_SIDE_STYLE ('',( #337 ) ) ;
#901 = CARTESIAN_POINT ( 'NONE',  ( 25.00000000000000000, 0.7365999999999988113, -88.49009900990073163 ) ) ;
#902 = CARTESIAN_POINT ( 'NONE',  ( -9.061160699439188448, -22.64178390677614416, -88.49009900990085953 ) ) ;
#903 = DIRECTION ( 'NONE',  ( 1.000000000000000000, 0.000000000000000000, 0.000000000000000000 ) ) ;
#904 = ADVANCED_FACE ( 'NONE', ( #1329 ), #1470, .T. ) ;
#905 = DIRECTION ( 'NONE',  ( -1.000000000000000000, 0.000000000000000000, 0.000000000000000000 ) ) ;
#906 = VECTOR ( 'NONE', #1067, 1000.000000000000114 ) ;
#907 = ORIENTED_EDGE ( 'NONE', *, *, #1, .F. ) ;
#908 = ORIENTED_EDGE ( 'NONE', *, *, #340, .F. ) ;
#909 = CARTESIAN_POINT ( 'NONE',  ( -2.000000000000000000, -4.000000000000000000, 81.75349900990072172 ) ) ;
#910 = CARTESIAN_POINT ( 'NONE',  ( 2.999999999999964473, 100.0000000000000000, -84.49009900990073163 ) ) ;
#911 = VERTEX_POINT ( 'NONE', #1642 ) ;
#912 = DIRECTION ( 'NONE',  ( 0.000000000000000000, -3.491481338843133355E-15, -1.000000000000000000 ) ) ;
#913 = DIRECTION ( 'NONE',  ( -1.000000000000000000, -0.000000000000000000, 0.000000000000000000 ) ) ;
#914 = AXIS2_PLACEMENT_3D ( 'NONE', #1064, #638, #1619 ) ;
#915 = CARTESIAN_POINT ( 'NONE',  ( -4.999999999999976907, -35.00000000000000000, -88.49009900990084532 ) ) ;
#916 = CARTESIAN_POINT ( 'NONE',  ( -1.747501449100852230E-15, -5.095750210681870840E-15, -81.75349900990072172 ) ) ;
#917 = EDGE_LOOP ( 'NONE', ( #1373, #1421, #303, #1317, #1632, #965 ) ) ;
#918 = ADVANCED_FACE ( 'NONE', ( #378 ), #72, .T. ) ;
#919 = CARTESIAN_POINT ( 'NONE',  ( 8.521286573247956140E-29, -3.070117042879736281E-13, 84.49009900990073163 ) ) ;
#920 = AXIS2_PLACEMENT_3D ( 'NONE', #562, #169, #877 ) ;
#921 = EDGE_CURVE ( 'NONE', #1257, #1060, #523, .T. ) ;
#922 = ORIENTED_EDGE ( 'NONE', *, *, #1170, .F. ) ;
#923 = LINE ( 'NONE', #1752, #966 ) ;
#924 = CARTESIAN_POINT ( 'NONE',  ( 2.999999999999964473, 100.0000000000000000, -88.49009900990073163 ) ) ;
#925 = LINE ( 'NONE', #1022, #742 ) ;
#926 = ORIENTED_EDGE ( 'NONE', *, *, #467, .T. ) ;
#927 = DIRECTION ( 'NONE',  ( -1.000000000000000000, -0.000000000000000000, -0.000000000000000000 ) ) ;
#928 = EDGE_CURVE ( 'NONE', #572, #785, #1047, .T. ) ;
#929 = VERTEX_POINT ( 'NONE', #1342 ) ;
#930 = DIRECTION ( 'NONE',  ( 0.000000000000000000, -3.491481338843133355E-15, -1.000000000000000000 ) ) ;
#931 = DIRECTION ( 'NONE',  ( 0.000000000000000000, 0.000000000000000000, -1.000000000000000000 ) ) ;
#932 = DIRECTION ( 'NONE',  ( 1.000000000000000000, -1.398970545142585802E-16, 4.884479551956543571E-31 ) ) ;
#933 = CIRCLE ( 'NONE', #1077, 0.7366000000000039183 ) ;
#934 = DIRECTION ( 'NONE',  ( 0.000000000000000000, -3.491481338843133355E-15, -1.000000000000000000 ) ) ;
#935 = DIRECTION ( 'NONE',  ( 0.000000000000000000, -1.059768618231820537E-14, -1.000000000000000000 ) ) ;
#936 = ORIENTED_EDGE ( 'NONE', *, *, #84, .T. ) ;
#937 = CARTESIAN_POINT ( 'NONE',  ( 24.99999999999998934, 100.0000000000000000, -88.49009900990073163 ) ) ;
#938 = ORIENTED_EDGE ( 'NONE', *, *, #526, .F. ) ;
#939 = VECTOR ( 'NONE', #688, 1000.000000000000000 ) ;
#940 = ORIENTED_EDGE ( 'NONE', *, *, #155, .T. ) ;
#941 = DIRECTION ( 'NONE',  ( -0.000000000000000000, 1.000000000000000000, 3.469446951953614189E-15 ) ) ;
#942 = EDGE_CURVE ( 'NONE', #1348, #1362, #797, .T. ) ;
#943 = CARTESIAN_POINT ( 'NONE',  ( 0.000000000000000000, 0.000000000000000000, -88.49009900990073163 ) ) ;
#944 = CARTESIAN_POINT ( 'NONE',  ( -25.00000000000000000, -4.736600000000012578, -83.75349900990072172 ) ) ;
#945 = LINE ( 'NONE', #1513, #246 ) ;
#946 = DIRECTION ( 'NONE',  ( -1.000000000000000000, 0.000000000000000000, 0.000000000000000000 ) ) ;
#947 = ORIENTED_EDGE ( 'NONE', *, *, #573, .F. ) ;
#948 = CIRCLE ( 'NONE', #60, 0.7366000000000039183 ) ;
#949 = ORIENTED_EDGE ( 'NONE', *, *, #1159, .T. ) ;
#950 = DIRECTION ( 'NONE',  ( 0.000000000000000000, 1.000000000000000000, -3.581364595565019495E-15 ) ) ;
#951 = DIRECTION ( 'NONE',  ( 0.7071067811865441310, -0.7071067811865507924, 2.532407191425453688E-15 ) ) ;
#952 = PLANE ( 'NONE',  #373 ) ;
#953 = DIRECTION ( 'NONE',  ( 0.000000000000000000, -3.491481338843133355E-15, -1.000000000000000000 ) ) ;
#954 = EDGE_CURVE ( 'NONE', #180, #362, #505, .T. ) ;
#955 = DIRECTION ( 'NONE',  ( 1.000000000000000000, 0.000000000000000000, 0.000000000000000000 ) ) ;
#956 = VECTOR ( 'NONE', #608, 1000.000000000000000 ) ;
#957 = ORIENTED_EDGE ( 'NONE', *, *, #690, .F. ) ;
#958 = ORIENTED_EDGE ( 'NONE', *, *, #399, .T. ) ;
#959 = CARTESIAN_POINT ( 'NONE',  ( 25.00000000000000000, 0.000000000000000000, 88.49009900990073163 ) ) ;
#960 = LINE ( 'NONE', #790, #425 ) ;
#961 = VECTOR ( 'NONE', #1611, 1000.000000000000000 ) ;
#962 = LINE ( 'NONE', #543, #1700 ) ;
#963 = CARTESIAN_POINT ( 'NONE',  ( -3.469446951953614189E-15, 0.7365999999999988113, -83.75349900990072172 ) ) ;
#964 = EDGE_CURVE ( 'NONE', #774, #35, #1110, .T. ) ;
#965 = ORIENTED_EDGE ( 'NONE', *, *, #1241, .T. ) ;
#966 = VECTOR ( 'NONE', #217, 1000.000000000000114 ) ;
#967 = DIRECTION ( 'NONE',  ( -0.000000000000000000, -0.000000000000000000, 1.000000000000000000 ) ) ;
#968 = VERTEX_POINT ( 'NONE', #1358 ) ;
#969 = CIRCLE ( 'NONE', #552, 5.000000000000000888 ) ;
#970 = LINE ( 'NONE', #1649, #939 ) ;
#971 = CARTESIAN_POINT ( 'NONE',  ( 0.000000000000000000, 0.7366000000000034742, 83.75349900990072172 ) ) ;
#972 = CARTESIAN_POINT ( 'NONE',  ( -22.00000000000000000, -35.00000000000000000, -88.49009900990084532 ) ) ;
#973 = LINE ( 'NONE', #382, #756 ) ;
#974 = VERTEX_POINT ( 'NONE', #100 ) ;
#975 = EDGE_CURVE ( 'NONE', #728, #1115, #485, .T. ) ;
#976 = CIRCLE ( 'NONE', #1782, 5.000000000000000888 ) ;
#977 = CARTESIAN_POINT ( 'NONE',  ( 0.000000000000000000, 3.308812330074741591E-13, 88.49009900990071742 ) ) ;
#978 = ORIENTED_EDGE ( 'NONE', *, *, #1007, .F. ) ;
#979 = ADVANCED_FACE ( 'NONE', ( #59 ), #617, .F. ) ;
#980 = PLANE ( 'NONE',  #1694 ) ;
#981 = PLANE ( 'NONE',  #570 ) ;
#982 = CARTESIAN_POINT ( 'NONE',  ( 17.33090487823038117, 90.00000000000000000, 84.49009900990104427 ) ) ;
#983 = CARTESIAN_POINT ( 'NONE',  ( 0.000000000000000000, 3.169153076521016256E-13, 84.49009900990071742 ) ) ;
#984 = ORIENTED_EDGE ( 'NONE', *, *, #645, .F. ) ;
#985 = ORIENTED_EDGE ( 'NONE', *, *, #766, .T. ) ;
#986 = EDGE_CURVE ( 'NONE', #1274, #1237, #1742, .T. ) ;
#987 = CARTESIAN_POINT ( 'NONE',  ( -25.00000000000000000, -32.00000000000001421, 84.49009900990083111 ) ) ;
#988 = VECTOR ( 'NONE', #208, 1000.000000000000000 ) ;
#989 = CARTESIAN_POINT ( 'NONE',  ( 0.000000000000000000, 97.00000000000000000, 88.49009900990107269 ) ) ;
#990 = PLANE ( 'NONE',  #681 ) ;
#991 = ORIENTED_EDGE ( 'NONE', *, *, #531, .T. ) ;
#992 = FACE_BOUND ( 'NONE', #105, .T. ) ;
#993 = ORIENTED_EDGE ( 'NONE', *, *, #848, .T. ) ;
#994 = DIRECTION ( 'NONE',  ( 0.000000000000000000, 0.000000000000000000, -1.000000000000000000 ) ) ;
#995 = CIRCLE ( 'NONE', #816, 5.000000000000000888 ) ;
#996 = ADVANCED_FACE ( 'NONE', ( #1213, #82 ), #641, .T. ) ;
#997 = VECTOR ( 'NONE', #1387, 1000.000000000000000 ) ;
#998 = DIRECTION ( 'NONE',  ( 1.000000000000000000, 0.000000000000000000, 0.000000000000000000 ) ) ;
#999 = CARTESIAN_POINT ( 'NONE',  ( 0.000000000000000000, 99.99999999999998579, 88.49009900990108690 ) ) ;
#1000 = ORIENTED_EDGE ( 'NONE', *, *, #44, .F. ) ;
#1001 = LINE ( 'NONE', #1551, #843 ) ;
#1002 = ORIENTED_EDGE ( 'NONE', *, *, #1244, .T. ) ;
#1003 = DIRECTION ( 'NONE',  ( -1.000000000000000000, 0.000000000000000000, 0.000000000000000000 ) ) ;
#1004 = CARTESIAN_POINT ( 'NONE',  ( 12.33090487823038117, 90.00000000000000000, -88.49009900990084532 ) ) ;
#1005 = AXIS2_PLACEMENT_3D ( 'NONE', #676, #967, #1671 ) ;
#1006 = CARTESIAN_POINT ( 'NONE',  ( -14.06116069943919022, -22.64178390677614416, -88.49009900990085953 ) ) ;
#1007 = EDGE_CURVE ( 'NONE', #1772, #548, #367, .T. ) ;
#1008 = EDGE_LOOP ( 'NONE', ( #1087, #1279, #1229, #908 ) ) ;
#1009 = DIRECTION ( 'NONE',  ( 1.000000000000000000, 0.000000000000000000, 0.000000000000000000 ) ) ;
#1010 = ORIENTED_EDGE ( 'NONE', *, *, #1467, .F. ) ;
#1011 = CARTESIAN_POINT ( 'NONE',  ( -25.00000000000000000, -35.00000000000000000, 88.49009900990084532 ) ) ;
#1012 = CARTESIAN_POINT ( 'NONE',  ( 24.99999999999998934, 96.99999999999997158, -88.49009900990073163 ) ) ;
#1013 = LINE ( 'NONE', #1588, #1801 ) ;
#1014 = EDGE_LOOP ( 'NONE', ( #747, #205, #795, #1599 ) ) ;
#1015 = VECTOR ( 'NONE', #233, 1000.000000000000000 ) ;
#1016 = EDGE_CURVE ( 'NONE', #1246, #856, #1490, .T. ) ;
#1017 = ORIENTED_EDGE ( 'NONE', *, *, #265, .T. ) ;
#1018 = EDGE_CURVE ( 'NONE', #1638, #1381, #122, .T. ) ;
#1019 = PLANE ( 'NONE',  #730 ) ;
#1020 = CIRCLE ( 'NONE', #228, 0.7366000000000039183 ) ;
#1021 = DIRECTION ( 'NONE',  ( -1.000000000000000000, -5.887603434621225314E-16, -0.000000000000000000 ) ) ;
#1022 = CARTESIAN_POINT ( 'NONE',  ( -25.00000000000000000, -3.469446951953614189E-15, 83.75349900990072172 ) ) ;
#1023 = DIRECTION ( 'NONE',  ( -1.000000000000000000, 0.000000000000000000, 0.000000000000000000 ) ) ;
#1024 = VERTEX_POINT ( 'NONE', #1366 ) ;
#1025 = ORIENTED_EDGE ( 'NONE', *, *, #975, .T. ) ;
#1026 = CARTESIAN_POINT ( 'NONE',  ( -25.00000000000000000, -3.469446951953614189E-15, 83.75349900990072172 ) ) ;
#1027 = ADVANCED_FACE ( 'NONE', ( #678 ), #1100, .F. ) ;
#1028 = CYLINDRICAL_SURFACE ( 'NONE', #150, 4.736600000000007249 ) ;
#1029 = CARTESIAN_POINT ( 'NONE',  ( -25.00000000000000000, -32.00000000000001421, -84.49009900990083111 ) ) ;
#1030 = LINE ( 'NONE', #1333, #566 ) ;
#1031 = CARTESIAN_POINT ( 'NONE',  ( -4.999999999999976907, -35.00000000000000000, -88.49009900990084532 ) ) ;
#1032 = EDGE_LOOP ( 'NONE', ( #1239, #1222, #160, #384 ) ) ;
#1033 = ORIENTED_EDGE ( 'NONE', *, *, #557, .T. ) ;
#1034 = PLANE ( 'NONE',  #1425 ) ;
#1035 = ORIENTED_EDGE ( 'NONE', *, *, #316, .F. ) ;
#1036 = EDGE_CURVE ( 'NONE', #879, #306, #1383, .T. ) ;
#1037 = DIRECTION ( 'NONE',  ( 0.000000000000000000, 3.581364595565019495E-15, -1.000000000000000000 ) ) ;
#1038 = AXIS2_PLACEMENT_3D ( 'NONE', #331, #1185, #76 ) ;
#1039 = AXIS2_PLACEMENT_3D ( 'NONE', #963, #946, #820 ) ;
#1040 = LINE ( 'NONE', #1455, #1591 ) ;
#1041 = DIRECTION ( 'NONE',  ( -0.7071067811865509034, 0.7071067811865442421, 2.468850131082253905E-15 ) ) ;
#1042 = ORIENTED_EDGE ( 'NONE', *, *, #1434, .T. ) ;
#1043 = EDGE_LOOP ( 'NONE', ( #392, #1405, #623, #1099 ) ) ;
#1044 = DIRECTION ( 'NONE',  ( -0.000000000000000000, -1.000000000000000000, -3.581364595565019495E-15 ) ) ;
#1045 = CARTESIAN_POINT ( 'NONE',  ( 0.000000000000000000, 0.000000000000000000, 0.000000000000000000 ) ) ;
#1046 = VERTEX_POINT ( 'NONE', #1789 ) ;
#1047 = LINE ( 'NONE', #780, #779 ) ;
#1048 = CARTESIAN_POINT ( 'NONE',  ( -25.00000000000000000, -3.999999999999986233, 88.49009900990073163 ) ) ;
#1049 = EDGE_CURVE ( 'NONE', #1638, #236, #970, .T. ) ;
#1050 = DIRECTION ( 'NONE',  ( -0.000000000000000000, -0.000000000000000000, 1.000000000000000000 ) ) ;
#1051 = CARTESIAN_POINT ( 'NONE',  ( 0.000000000000000000, -4.736600000000007249, 88.49009900990073163 ) ) ;
#1052 = ADVANCED_FACE ( 'NONE', ( #107 ), #1242, .T. ) ;
#1053 = AXIS2_PLACEMENT_3D ( 'NONE', #878, #1322, #1166 ) ;
#1054 = ORIENTED_EDGE ( 'NONE', *, *, #1687, .F. ) ;
#1055 = PLANE ( 'NONE',  #1390 ) ;
#1056 = ORIENTED_EDGE ( 'NONE', *, *, #1272, .T. ) ;
#1057 = LINE ( 'NONE', #1182, #627 ) ;
#1058 = FACE_OUTER_BOUND ( 'NONE', #863, .T. ) ;
#1059 = CARTESIAN_POINT ( 'NONE',  ( -9.061160699439188448, -22.64178390677614416, -88.49009900990085953 ) ) ;
#1060 = VERTEX_POINT ( 'NONE', #266 ) ;
#1061 = EDGE_CURVE ( 'NONE', #484, #548, #1798, .T. ) ;
#1062 = DIRECTION ( 'NONE',  ( 1.000000000000000000, 0.000000000000000000, 0.000000000000000000 ) ) ;
#1063 = AXIS2_PLACEMENT_3D ( 'NONE', #983, #277, #1261 ) ;
#1064 = CARTESIAN_POINT ( 'NONE',  ( -14.06116069943919022, -22.64178390677614416, -88.49009900990085953 ) ) ;
#1065 =( NAMED_UNIT ( * ) SI_UNIT ( $, .STERADIAN. ) SOLID_ANGLE_UNIT ( ) );
#1066 = ORIENTED_EDGE ( 'NONE', *, *, #1434, .F. ) ;
#1067 = DIRECTION ( 'NONE',  ( 0.7071067811865491270, 0.7071067811865459074, 2.453269466693391916E-15 ) ) ;
#1068 = CARTESIAN_POINT ( 'NONE',  ( -19.06116069943919200, -22.64178390677614416, -88.49009900990085953 ) ) ;
#1069 = LINE ( 'NONE', #380, #695 ) ;
#1070 = CARTESIAN_POINT ( 'NONE',  ( 25.00000000000000000, -5.095750210681870840E-15, -83.75349900990072172 ) ) ;
#1071 = DIRECTION ( 'NONE',  ( -1.000000000000000000, 0.000000000000000000, -0.000000000000000000 ) ) ;
#1072 = VECTOR ( 'NONE', #51, 1000.000000000000000 ) ;
#1073 = VERTEX_POINT ( 'NONE', #808 ) ;
#1074 = FACE_OUTER_BOUND ( 'NONE', #639, .T. ) ;
#1075 = ORIENTED_EDGE ( 'NONE', *, *, #880, .T. ) ;
#1076 = EDGE_CURVE ( 'NONE', #261, #1510, #1230, .T. ) ;
#1077 = AXIS2_PLACEMENT_3D ( 'NONE', #469, #798, #1624 ) ;
#1078 = STYLED_ITEM ( 'NONE', ( #1436 ), #111 ) ;
#1079 = EDGE_LOOP ( 'NONE', ( #2, #301, #443, #226 ) ) ;
#1080 = DIRECTION ( 'NONE',  ( -1.287536350664136898E-16, 0.000000000000000000, 1.000000000000000000 ) ) ;
#1081 = DIRECTION ( 'NONE',  ( 1.000000000000000000, -0.000000000000000000, 0.000000000000000000 ) ) ;
#1082 = DIRECTION ( 'NONE',  ( -0.000000000000000000, -0.000000000000000000, 1.000000000000000000 ) ) ;
#1083 = CIRCLE ( 'NONE', #1225, 4.736600000000003696 ) ;
#1084 = AXIS2_PLACEMENT_3D ( 'NONE', #1004, #1275, #998 ) ;
#1085 = CARTESIAN_POINT ( 'NONE',  ( 12.33090487823038117, 90.00000000000000000, 84.49009900990104427 ) ) ;
#1086 = VECTOR ( 'NONE', #1201, 1000.000000000000000 ) ;
#1087 = ORIENTED_EDGE ( 'NONE', *, *, #29, .F. ) ;
#1088 = VECTOR ( 'NONE', #550, 1000.000000000000000 ) ;
#1089 = ORIENTED_EDGE ( 'NONE', *, *, #1129, .T. ) ;
#1090 = DIRECTION ( 'NONE',  ( 0.000000000000000000, 3.581364595565019495E-15, 1.000000000000000000 ) ) ;
#1091 = DIRECTION ( 'NONE',  ( -0.7071067811865475727, -0.7071067811865474617, 2.532407191425442249E-15 ) ) ;
#1092 = EDGE_CURVE ( 'NONE', #1748, #324, #671, .T. ) ;
#1093 = CARTESIAN_POINT ( 'NONE',  ( 2.999999999999964473, 100.0000000000000000, -88.49009900990073163 ) ) ;
#1094 = LINE ( 'NONE', #1070, #1330 ) ;
#1095 = CARTESIAN_POINT ( 'NONE',  ( -14.06116069943919022, -22.64178390677614416, -88.49009900990085953 ) ) ;
#1096 = CARTESIAN_POINT ( 'NONE',  ( 7.330904878230379396, 90.00000000000000000, -84.49009900990073163 ) ) ;
#1097 = ORIENTED_EDGE ( 'NONE', *, *, #1208, .T. ) ;
#1098 = AXIS2_PLACEMENT_3D ( 'NONE', #1391, #994, #1003 ) ;
#1099 = ORIENTED_EDGE ( 'NONE', *, *, #1208, .F. ) ;
#1100 = PLANE ( 'NONE',  #1475 ) ;
#1101 = CYLINDRICAL_SURFACE ( 'NONE', #1770, 5.000000000000000888 ) ;
#1102 = EDGE_CURVE ( 'NONE', #1289, #336, #1657, .T. ) ;
#1103 = CARTESIAN_POINT ( 'NONE',  ( 24.99999999999999289, 0.7366000000000039183, -84.49009900990074584 ) ) ;
#1104 = AXIS2_PLACEMENT_3D ( 'NONE', #810, #1484, #1204 ) ;
#1105 = ORIENTED_EDGE ( 'NONE', *, *, #719, .T. ) ;
#1106 = CARTESIAN_POINT ( 'NONE',  ( 0.000000000000000000, 0.000000000000000000, -84.49009900990073163 ) ) ;
#1107 = EDGE_LOOP ( 'NONE', ( #211, #521, #163, #757 ) ) ;
#1108 = DIRECTION ( 'NONE',  ( -1.000000000000000000, -0.000000000000000000, -0.000000000000000000 ) ) ;
#1109 = FACE_OUTER_BOUND ( 'NONE', #1328, .T. ) ;
#1110 = CIRCLE ( 'NONE', #309, 4.736600000000003696 ) ;
#1111 = LINE ( 'NONE', #1644, #1414 ) ;
#1112 = EDGE_CURVE ( 'NONE', #572, #1289, #1360, .T. ) ;
#1113 = CARTESIAN_POINT ( 'NONE',  ( -19.06116069943919200, -22.64178390677614416, -88.49009900990085953 ) ) ;
#1114 = ADVANCED_FACE ( 'NONE', ( #829 ), #1778, .F. ) ;
#1115 = VERTEX_POINT ( 'NONE', #1236 ) ;
#1116 = CIRCLE ( 'NONE', #1162, 5.000000000000000888 ) ;
#1117 = PLANE ( 'NONE',  #1240 ) ;
#1118 = ORIENTED_EDGE ( 'NONE', *, *, #125, .T. ) ;
#1119 = CARTESIAN_POINT ( 'NONE',  ( -25.00000000000000000, 3.169153076521016256E-13, 84.49009900990071742 ) ) ;
#1120 = PLANE ( 'NONE',  #1336 ) ;
#1121 = DIRECTION ( 'NONE',  ( -1.000000000000000000, 0.000000000000000000, 0.000000000000000000 ) ) ;
#1122 = EDGE_LOOP ( 'NONE', ( #899, #1424, #538, #87, #729, #1545 ) ) ;
#1123 = EDGE_CURVE ( 'NONE', #513, #1130, #1400, .T. ) ;
#1124 = ORIENTED_EDGE ( 'NONE', *, *, #1303, .F. ) ;
#1125 = DIRECTION ( 'NONE',  ( 0.000000000000000000, 0.000000000000000000, -1.000000000000000000 ) ) ;
#1126 = DIRECTION ( 'NONE',  ( 1.000000000000000000, 3.362174230373613937E-45, -9.629649721936179265E-31 ) ) ;
#1127 = CARTESIAN_POINT ( 'NONE',  ( -2.000000000000001776, -5.095750210681870840E-15, -81.75349900990072172 ) ) ;
#1128 = VERTEX_POINT ( 'NONE', #663 ) ;
#1129 = EDGE_CURVE ( 'NONE', #859, #324, #537, .T. ) ;
#1130 = VERTEX_POINT ( 'NONE', #127 ) ;
#1131 = LINE ( 'NONE', #1249, #1726 ) ;
#1132 = DIRECTION ( 'NONE',  ( 0.000000000000000000, -0.000000000000000000, 1.000000000000000000 ) ) ;
#1133 = VERTEX_POINT ( 'NONE', #243 ) ;
#1134 = AXIS2_PLACEMENT_3D ( 'NONE', #618, #360, #1311 ) ;
#1135 = DIRECTION ( 'NONE',  ( 0.000000000000000000, 3.491481338843133355E-15, 1.000000000000000000 ) ) ;
#1136 = ORIENTED_EDGE ( 'NONE', *, *, #285, .F. ) ;
#1137 = CARTESIAN_POINT ( 'NONE',  ( -25.00000000000000000, 0.000000000000000000, 88.49009900990073163 ) ) ;
#1138 = VECTOR ( 'NONE', #905, 1000.000000000000000 ) ;
#1139 = ORIENTED_EDGE ( 'NONE', *, *, #800, .T. ) ;
#1140 = EDGE_CURVE ( 'NONE', #1060, #1306, #693, .T. ) ;
#1141 = FACE_OUTER_BOUND ( 'NONE', #1760, .T. ) ;
#1142 = VERTEX_POINT ( 'NONE', #1757 ) ;
#1143 = DIRECTION ( 'NONE',  ( 0.000000000000000000, 0.000000000000000000, 1.000000000000000000 ) ) ;
#1144 = VERTEX_POINT ( 'NONE', #252 ) ;
#1145 = LINE ( 'NONE', #1119, #706 ) ;
#1146 = EDGE_CURVE ( 'NONE', #1274, #968, #973, .T. ) ;
#1147 = VECTOR ( 'NONE', #10, 1000.000000000000000 ) ;
#1148 = FACE_OUTER_BOUND ( 'NONE', #1218, .T. ) ;
#1149 = ORIENTED_EDGE ( 'NONE', *, *, #1758, .F. ) ;
#1150 = ORIENTED_EDGE ( 'NONE', *, *, #1641, .T. ) ;
#1151 = DIRECTION ( 'NONE',  ( 0.7071067811865509034, -0.7071067811865442421, 0.000000000000000000 ) ) ;
#1152 = VECTOR ( 'NONE', #819, 1000.000000000000000 ) ;
#1153 = ORIENTED_EDGE ( 'NONE', *, *, #781, .T. ) ;
#1154 = CARTESIAN_POINT ( 'NONE',  ( -19.06116069943919200, -22.64178390677614416, -88.49009900990085953 ) ) ;
#1155 = FACE_BOUND ( 'NONE', #674, .T. ) ;
#1156 = DIRECTION ( 'NONE',  ( 0.000000000000000000, -3.491481338843133355E-15, 1.000000000000000000 ) ) ;
#1157 = LINE ( 'NONE', #1051, #1138 ) ;
#1158 = ORIENTED_EDGE ( 'NONE', *, *, #1710, .F. ) ;
#1159 = EDGE_CURVE ( 'NONE', #1130, #596, #1369, .T. ) ;
#1160 = ORIENTED_EDGE ( 'NONE', *, *, #857, .F. ) ;
#1161 = CARTESIAN_POINT ( 'NONE',  ( -25.00000000000000000, -32.00000000000000000, 88.49009900990083111 ) ) ;
#1162 = AXIS2_PLACEMENT_3D ( 'NONE', #1765, #738, #544 ) ;
#1163 = CARTESIAN_POINT ( 'NONE',  ( 24.99999999999998934, 96.99999999999997158, -84.49009900990073163 ) ) ;
#1164 = VECTOR ( 'NONE', #1785, 1000.000000000000000 ) ;
#1165 = DIRECTION ( 'NONE',  ( 0.000000000000000000, 1.000000000000000000, 0.000000000000000000 ) ) ;
#1166 = DIRECTION ( 'NONE',  ( 0.000000000000000000, 3.491481338843133355E-15, -1.000000000000000000 ) ) ;
#1167 = ORIENTED_EDGE ( 'NONE', *, *, #1492, .T. ) ;
#1168 = EDGE_LOOP ( 'NONE', ( #1211, #1324, #1118, #1751 ) ) ;
#1169 = ADVANCED_FACE ( 'NONE', ( #1074 ), #110, .T. ) ;
#1170 = EDGE_CURVE ( 'NONE', #974, #1407, #1227, .T. ) ;
#1171 = FILL_AREA_STYLE ('',( #1298 ) ) ;
#1172 = DIRECTION ( 'NONE',  ( 1.000000000000000000, 0.000000000000000000, 0.000000000000000000 ) ) ;
#1173 = LINE ( 'NONE', #321, #988 ) ;
#1174 = DIRECTION ( 'NONE',  ( 1.000000000000000000, -0.000000000000000000, -0.000000000000000000 ) ) ;
#1175 = DIRECTION ( 'NONE',  ( 0.000000000000000000, -1.062090546031485261E-14, 1.000000000000000000 ) ) ;
#1176 = VECTOR ( 'NONE', #1401, 1000.000000000000000 ) ;
#1177 = ORIENTED_EDGE ( 'NONE', *, *, #614, .T. ) ;
#1178 = VERTEX_POINT ( 'NONE', #1096 ) ;
#1179 = EDGE_CURVE ( 'NONE', #279, #437, #1514, .T. ) ;
#1180 = DIRECTION ( 'NONE',  ( -1.000000000000000000, 0.000000000000000000, 0.000000000000000000 ) ) ;
#1181 = ORIENTED_EDGE ( 'NONE', *, *, #668, .T. ) ;
#1182 = CARTESIAN_POINT ( 'NONE',  ( 0.000000000000000000, 97.00000000000000000, 88.49009900990107269 ) ) ;
#1183 = AXIS2_PLACEMENT_3D ( 'NONE', #751, #1613, #221 ) ;
#1184 = EDGE_CURVE ( 'NONE', #572, #1024, #793, .T. ) ;
#1185 = DIRECTION ( 'NONE',  ( -1.000000000000000000, -5.887603434621225314E-16, 0.000000000000000000 ) ) ;
#1186 = CYLINDRICAL_SURFACE ( 'NONE', #1255, 4.736600000000007249 ) ;
#1187 = VERTEX_POINT ( 'NONE', #260 ) ;
#1188 = AXIS2_PLACEMENT_3D ( 'NONE', #1634, #1480, #218 ) ;
#1189 = LINE ( 'NONE', #1739, #369 ) ;
#1190 = DIRECTION ( 'NONE',  ( 0.000000000000000000, -0.000000000000000000, 1.000000000000000000 ) ) ;
#1191 = ORIENTED_EDGE ( 'NONE', *, *, #921, .T. ) ;
#1192 = DIRECTION ( 'NONE',  ( -1.040834085586084257E-16, 1.000000000000000000, -0.000000000000000000 ) ) ;
#1193 = ADVANCED_FACE ( 'NONE', ( #1652 ), #1245, .F. ) ;
#1194 = AXIS2_PLACEMENT_3D ( 'NONE', #1417, #1409, #1714 ) ;
#1195 = DIRECTION ( 'NONE',  ( 9.629649721936179265E-31, -3.469446951953614189E-15, 1.000000000000000000 ) ) ;
#1196 = DIRECTION ( 'NONE',  ( -1.000000000000000000, -0.000000000000000000, -0.000000000000000000 ) ) ;
#1197 = EDGE_LOOP ( 'NONE', ( #794, #254, #465, #888 ) ) ;
#1198 = ORIENTED_EDGE ( 'NONE', *, *, #412, .T. ) ;
#1199 = DIRECTION ( 'NONE',  ( 0.000000000000000000, 1.000000000000000000, 0.000000000000000000 ) ) ;
#1200 = EDGE_LOOP ( 'NONE', ( #472, #1033 ) ) ;
#1201 = DIRECTION ( 'NONE',  ( 0.000000000000000000, 0.000000000000000000, 1.000000000000000000 ) ) ;
#1202 = DIRECTION ( 'NONE',  ( -1.000000000000000000, 0.000000000000000000, 0.000000000000000000 ) ) ;
#1203 = DIRECTION ( 'NONE',  ( 0.000000000000000000, 0.000000000000000000, 1.000000000000000000 ) ) ;
#1204 = DIRECTION ( 'NONE',  ( 0.000000000000000000, -3.532562060772735386E-15, 1.000000000000000000 ) ) ;
#1205 = ADVANCED_FACE ( 'NONE', ( #1661 ), #391, .T. ) ;
#1206 = CARTESIAN_POINT ( 'NONE',  ( -2.000000000000001776, -4.736600000000012578, -83.75349900990072172 ) ) ;
#1207 = ORIENTED_EDGE ( 'NONE', *, *, #614, .F. ) ;
#1208 = EDGE_CURVE ( 'NONE', #128, #1289, #1560, .T. ) ;
#1209 = ORIENTED_EDGE ( 'NONE', *, *, #731, .T. ) ;
#1210 = VECTOR ( 'NONE', #1695, 1000.000000000000000 ) ;
#1211 = ORIENTED_EDGE ( 'NONE', *, *, #942, .F. ) ;
#1212 = DIRECTION ( 'NONE',  ( 0.000000000000000000, -1.000000000000000000, 3.491481338843133355E-15 ) ) ;
#1213 = FACE_BOUND ( 'NONE', #549, .T. ) ;
#1214 = LINE ( 'NONE', #1763, #1444 ) ;
#1215 = CYLINDRICAL_SURFACE ( 'NONE', #1104, 0.7366000000000039183 ) ;
#1216 = DIRECTION ( 'NONE',  ( 0.7071067811865474617, -0.7071067811865474617, -0.000000000000000000 ) ) ;
#1217 = CARTESIAN_POINT ( 'NONE',  ( 0.000000000000000000, -4.000000000000000000, 0.000000000000000000 ) ) ;
#1218 = EDGE_LOOP ( 'NONE', ( #1525, #129, #393, #1105 ) ) ;
#1219 = EDGE_CURVE ( 'NONE', #1448, #1347, #1502, .T. ) ;
#1220 = CIRCLE ( 'NONE', #130, 5.000000000000000888 ) ;
#1221 = VECTOR ( 'NONE', #7, 1000.000000000000000 ) ;
#1222 = ORIENTED_EDGE ( 'NONE', *, *, #1272, .F. ) ;
#1223 = CARTESIAN_POINT ( 'NONE',  ( -25.00000000000000000, -35.00000000000000000, 88.49009900990084532 ) ) ;
#1224 = LINE ( 'NONE', #1367, #278 ) ;
#1225 = AXIS2_PLACEMENT_3D ( 'NONE', #971, #689, #1385 ) ;
#1226 = ADVANCED_BREP_SHAPE_REPRESENTATION ( 'ÆðÂ¢×ù', ( #111, #636 ), #434 ) ;
#1227 = LINE ( 'NONE', #96, #436 ) ;
#1228 = AXIS2_PLACEMENT_3D ( 'NONE', #1223, #1212, #930 ) ;
#1229 = ORIENTED_EDGE ( 'NONE', *, *, #1803, .T. ) ;
#1230 = CIRCLE ( 'NONE', #1716, 4.736600000000007249 ) ;
#1231 = EDGE_CURVE ( 'NONE', #336, #785, #683, .T. ) ;
#1232 = ORIENTED_EDGE ( 'NONE', *, *, #1372, .T. ) ;
#1233 = DIRECTION ( 'NONE',  ( -0.000000000000000000, 0.000000000000000000, -1.000000000000000000 ) ) ;
#1234 = CARTESIAN_POINT ( 'NONE',  ( -25.00000000000000000, -35.00000000000000000, -88.49009900990084532 ) ) ;
#1235 = LINE ( 'NONE', #653, #464 ) ;
#1236 = CARTESIAN_POINT ( 'NONE',  ( -22.00000000000002487, -35.00000000000000000, 88.49009900990084532 ) ) ;
#1237 = VERTEX_POINT ( 'NONE', #598 ) ;
#1238 = VECTOR ( 'NONE', #136, 1000.000000000000114 ) ;
#1239 = ORIENTED_EDGE ( 'NONE', *, *, #975, .F. ) ;
#1240 = AXIS2_PLACEMENT_3D ( 'NONE', #977, #272, #831 ) ;
#1241 = EDGE_CURVE ( 'NONE', #1432, #746, #49, .T. ) ;
#1242 = PLANE ( 'NONE',  #1454 ) ;
#1243 = LINE ( 'NONE', #219, #182 ) ;
#1244 = EDGE_CURVE ( 'NONE', #879, #1748, #1395, .T. ) ;
#1245 = CYLINDRICAL_SURFACE ( 'NONE', #1039, 0.7366000000000039183 ) ;
#1246 = VERTEX_POINT ( 'NONE', #749 ) ;
#1247 = ORIENTED_EDGE ( 'NONE', *, *, #1662, .T. ) ;
#1248 = DIRECTION ( 'NONE',  ( 1.000000000000000000, 0.000000000000000000, -0.000000000000000000 ) ) ;
#1249 = CARTESIAN_POINT ( 'NONE',  ( 25.00000000000000355, -3.999999999999986233, 83.75349900990072172 ) ) ;
#1250 = VECTOR ( 'NONE', #1762, 1000.000000000000000 ) ;
#1251 = DIRECTION ( 'NONE',  ( 0.000000000000000000, 0.000000000000000000, -1.000000000000000000 ) ) ;
#1252 = ADVANCED_FACE ( 'NONE', ( #423 ), #1577, .T. ) ;
#1253 = CARTESIAN_POINT ( 'NONE',  ( -1.747501449100852230E-15, -5.095750210681870840E-15, -83.75349900990072172 ) ) ;
#1254 = ORIENTED_EDGE ( 'NONE', *, *, #1404, .T. ) ;
#1255 = AXIS2_PLACEMENT_3D ( 'NONE', #632, #1196, #1728 ) ;
#1256 = CYLINDRICAL_SURFACE ( 'NONE', #1766, 0.7366000000000039183 ) ;
#1257 = VERTEX_POINT ( 'NONE', #1725 ) ;
#1258 = LINE ( 'NONE', #842, #1176 ) ;
#1259 = CARTESIAN_POINT ( 'NONE',  ( -2.000000000000000444, 3.171951017611301283E-13, 84.49009900990071742 ) ) ;
#1260 = EDGE_CURVE ( 'NONE', #1460, #1178, #622, .T. ) ;
#1261 = DIRECTION ( 'NONE',  ( 0.000000000000000000, -1.000000000000000000, 3.581364595565019495E-15 ) ) ;
#1262 = EDGE_LOOP ( 'NONE', ( #1474, #17, #768, #88, #708, #1449 ) ) ;
#1263 = DIRECTION ( 'NONE',  ( 1.000000000000000000, -0.000000000000000000, -0.000000000000000000 ) ) ;
#1264 = VERTEX_POINT ( 'NONE', #739 ) ;
#1265 = DIRECTION ( 'NONE',  ( 0.000000000000000000, 6.982962677686266711E-15, -1.000000000000000000 ) ) ;
#1266 = CARTESIAN_POINT ( 'NONE',  ( 22.00000000000002487, 99.99999999999998579, 88.49009900990108690 ) ) ;
#1267 = LINE ( 'NONE', #1396, #1380 ) ;
#1268 = ORIENTED_EDGE ( 'NONE', *, *, #954, .T. ) ;
#1269 = AXIS2_PLACEMENT_3D ( 'NONE', #488, #1050, #1604 ) ;
#1270 = CARTESIAN_POINT ( 'NONE',  ( 0.000000000000000000, 0.7366000000000034742, 83.75349900990072172 ) ) ;
#1271 = ORIENTED_EDGE ( 'NONE', *, *, #845, .F. ) ;
#1272 = EDGE_CURVE ( 'NONE', #448, #728, #1291, .T. ) ;
#1273 = DIRECTION ( 'NONE',  ( 0.000000000000000000, 1.000000000000000000, 0.000000000000000000 ) ) ;
#1274 = VERTEX_POINT ( 'NONE', #476 ) ;
#1275 = DIRECTION ( 'NONE',  ( -0.000000000000000000, -0.000000000000000000, 1.000000000000000000 ) ) ;
#1276 = CYLINDRICAL_SURFACE ( 'NONE', #1323, 5.000000000000000888 ) ;
#1277 = ORIENTED_EDGE ( 'NONE', *, *, #593, .F. ) ;
#1278 = DIRECTION ( 'NONE',  ( 1.000000000000000000, 0.000000000000000000, 0.000000000000000000 ) ) ;
#1279 = ORIENTED_EDGE ( 'NONE', *, *, #1618, .T. ) ;
#1280 = EDGE_CURVE ( 'NONE', #1772, #324, #36, .T. ) ;
#1281 = FACE_OUTER_BOUND ( 'NONE', #281, .T. ) ;
#1282 = DIRECTION ( 'NONE',  ( 0.000000000000000000, -6.123233995736766036E-17, -1.000000000000000000 ) ) ;
#1283 = VECTOR ( 'NONE', #890, 1000.000000000000000 ) ;
#1284 = ORIENTED_EDGE ( 'NONE', *, *, #203, .T. ) ;
#1285 = DIRECTION ( 'NONE',  ( 0.000000000000000000, -1.000000000000000000, 0.000000000000000000 ) ) ;
#1286 = CARTESIAN_POINT ( 'NONE',  ( -9.061160699439188448, -22.64178390677614416, 84.49009900990080268 ) ) ;
#1287 = ORIENTED_EDGE ( 'NONE', *, *, #655, .T. ) ;
#1288 = ORIENTED_EDGE ( 'NONE', *, *, #188, .F. ) ;
#1289 = VERTEX_POINT ( 'NONE', #901 ) ;
#1290 = EDGE_CURVE ( 'NONE', #71, #889, #1717, .T. ) ;
#1291 = LINE ( 'NONE', #1161, #247 ) ;
#1292 = CIRCLE ( 'NONE', #832, 5.000000000000004441 ) ;
#1293 = ADVANCED_FACE ( 'NONE', ( #1452 ), #1028, .T. ) ;
#1294 = PLANE ( 'NONE',  #1614 ) ;
#1295 = CARTESIAN_POINT ( 'NONE',  ( -2.000000000000001776, -4.736600000000007249, 83.75349900990072172 ) ) ;
#1296 = EDGE_LOOP ( 'NONE', ( #684, #569, #1488, #866 ) ) ;
#1297 = AXIS2_PLACEMENT_3D ( 'NONE', #462, #1745, #771 ) ;
#1298 = FILL_AREA_STYLE_COLOUR ( '', #314 ) ;
#1299 = DIRECTION ( 'NONE',  ( 0.000000000000000000, 3.491481338843133355E-15, 1.000000000000000000 ) ) ;
#1300 = LINE ( 'NONE', #339, #835 ) ;
#1301 = UNCERTAINTY_MEASURE_WITH_UNIT (LENGTH_MEASURE( 1.000000000000000082E-05 ), #57, 'distance_accuracy_value', 'NONE');
#1302 = LINE ( 'NONE', #915, #1559 ) ;
#1303 = EDGE_CURVE ( 'NONE', #1572, #1257, #167, .T. ) ;
#1304 = VECTOR ( 'NONE', #449, 1000.000000000000000 ) ;
#1305 = CARTESIAN_POINT ( 'NONE',  ( -2.000000000000001776, -8.673617379884035472E-15, -83.75349900990072172 ) ) ;
#1306 = VERTEX_POINT ( 'NONE', #891 ) ;
#1307 = VECTOR ( 'NONE', #460, 1000.000000000000000 ) ;
#1308 = VERTEX_POINT ( 'NONE', #606 ) ;
#1309 = FACE_OUTER_BOUND ( 'NONE', #821, .T. ) ;
#1310 = VECTOR ( 'NONE', #166, 1000.000000000000000 ) ;
#1311 = DIRECTION ( 'NONE',  ( 0.000000000000000000, 0.000000000000000000, -1.000000000000000000 ) ) ;
#1312 = VECTOR ( 'NONE', #269, 1000.000000000000000 ) ;
#1313 = CARTESIAN_POINT ( 'NONE',  ( -2.000000000000003109, -4.736600000000007249, 84.49009900990073163 ) ) ;
#1314 = CARTESIAN_POINT ( 'NONE',  ( -2.000000000000001776, -4.736600000000007249, 83.75349900990072172 ) ) ;
#1315 = ORIENTED_EDGE ( 'NONE', *, *, #1561, .F. ) ;
#1316 = EDGE_CURVE ( 'NONE', #114, #1362, #976, .T. ) ;
#1317 = ORIENTED_EDGE ( 'NONE', *, *, #1170, .T. ) ;
#1318 = ORIENTED_EDGE ( 'NONE', *, *, #791, .T. ) ;
#1319 = DIRECTION ( 'NONE',  ( 1.000000000000000000, 5.551115123125782702E-16, 9.629649721936179265E-31 ) ) ;
#1320 = DIRECTION ( 'NONE',  ( 0.000000000000000000, 3.491481338843133355E-15, -1.000000000000000000 ) ) ;
#1321 = CARTESIAN_POINT ( 'NONE',  ( 3.000000000000002665, 99.99999999999998579, 88.49009900990108690 ) ) ;
#1322 = DIRECTION ( 'NONE',  ( 0.7071067811865459074, -0.7071067811865491270, -2.468850131082271260E-15 ) ) ;
#1323 = AXIS2_PLACEMENT_3D ( 'NONE', #1006, #144, #1669 ) ;
#1324 = ORIENTED_EDGE ( 'NONE', *, *, #1392, .F. ) ;
#1325 = ORIENTED_EDGE ( 'NONE', *, *, #1595, .F. ) ;
#1326 = PLANE ( 'NONE',  #1609 ) ;
#1327 = EDGE_CURVE ( 'NONE', #1289, #1748, #1802, .T. ) ;
#1328 = EDGE_LOOP ( 'NONE', ( #446, #1487, #1124, #1318 ) ) ;
#1329 = FACE_OUTER_BOUND ( 'NONE', #1079, .T. ) ;
#1330 = VECTOR ( 'NONE', #662, 1000.000000000000000 ) ;
#1331 = VECTOR ( 'NONE', #1172, 1000.000000000000000 ) ;
#1332 = DIRECTION ( 'NONE',  ( -0.7071067811865474617, 0.7071067811865474617, -0.000000000000000000 ) ) ;
#1333 = CARTESIAN_POINT ( 'NONE',  ( 0.000000000000000000, 0.7366000000000039183, 88.49009900990108690 ) ) ;
#1334 = CARTESIAN_POINT ( 'NONE',  ( -1.040834085586084257E-14, 100.0000000000000000, -88.49009900990073163 ) ) ;
#1335 = ORIENTED_EDGE ( 'NONE', *, *, #1585, .T. ) ;
#1336 = AXIS2_PLACEMENT_3D ( 'NONE', #311, #691, #1667 ) ;
#1337 = AXIS2_PLACEMENT_3D ( 'NONE', #1753, #230, #1499 ) ;
#1338 = FACE_BOUND ( 'NONE', #482, .T. ) ;
#1339 = EDGE_LOOP ( 'NONE', ( #6, #633, #1693, #202 ) ) ;
#1340 = LINE ( 'NONE', #504, #906 ) ;
#1341 = ADVANCED_FACE ( 'NONE', ( #590, #1668 ), #1019, .F. ) ;
#1342 = CARTESIAN_POINT ( 'NONE',  ( 0.000000000000000000, 0.7366000000000009207, 84.49009900990073163 ) ) ;
#1343 = CARTESIAN_POINT ( 'NONE',  ( 25.00000000000000000, 0.7366000000000155756, 84.49009900990073163 ) ) ;
#1344 = AXIS2_PLACEMENT_3D ( 'NONE', #445, #1415, #718 ) ;
#1345 = DIRECTION ( 'NONE',  ( 1.000000000000000000, 0.000000000000000000, 0.000000000000000000 ) ) ;
#1346 = PRODUCT_DEFINITION_FORMATION_WITH_SPECIFIED_SOURCE ( 'ÈÎºÎ', '', #637, .NOT_KNOWN. ) ;
#1347 = VERTEX_POINT ( 'NONE', #982 ) ;
#1348 = VERTEX_POINT ( 'NONE', #1154 ) ;
#1349 = ORIENTED_EDGE ( 'NONE', *, *, #1016, .T. ) ;
#1350 = CARTESIAN_POINT ( 'NONE',  ( -1.747501449100852230E-15, -5.095750210681870840E-15, -83.75349900990072172 ) ) ;
#1351 = DIRECTION ( 'NONE',  ( 0.000000000000000000, 0.000000000000000000, -1.000000000000000000 ) ) ;
#1352 = DIRECTION ( 'NONE',  ( -0.000000000000000000, -0.000000000000000000, 1.000000000000000000 ) ) ;
#1353 = CARTESIAN_POINT ( 'NONE',  ( 12.33090487823038117, 90.00000000000000000, -88.49009900990084532 ) ) ;
#1354 = ADVANCED_FACE ( 'NONE', ( #1309 ), #276, .T. ) ;
#1355 = DIRECTION ( 'NONE',  ( -1.000000000000000000, -0.000000000000000000, -0.000000000000000000 ) ) ;
#1356 = ORIENTED_EDGE ( 'NONE', *, *, #1595, .T. ) ;
#1357 = VERTEX_POINT ( 'NONE', #989 ) ;
#1358 = CARTESIAN_POINT ( 'NONE',  ( -2.000000000000001776, -4.000000000000000000, -81.75349900990072172 ) ) ;
#1359 = DIRECTION ( 'NONE',  ( -0.000000000000000000, -0.000000000000000000, 1.000000000000000000 ) ) ;
#1360 = LINE ( 'NONE', #654, #137 ) ;
#1361 = ADVANCED_FACE ( 'NONE', ( #1540 ), #883, .F. ) ;
#1362 = VERTEX_POINT ( 'NONE', #56 ) ;
#1363 = VECTOR ( 'NONE', #1251, 1000.000000000000000 ) ;
#1364 = ORIENTED_EDGE ( 'NONE', *, *, #709, .F. ) ;
#1365 = LINE ( 'NONE', #640, #1483 ) ;
#1366 = CARTESIAN_POINT ( 'NONE',  ( -1.747501449100852230E-15, 0.7365999999999988113, -84.49009900990073163 ) ) ;
#1367 = CARTESIAN_POINT ( 'NONE',  ( -4.088951399695402419E-16, 0.7366000000000039183, 88.49009900990073163 ) ) ;
#1368 = DIRECTION ( 'NONE',  ( -1.000000000000000000, 0.000000000000000000, 0.000000000000000000 ) ) ;
#1369 = LINE ( 'NONE', #1113, #997 ) ;
#1370 = AXIS2_PLACEMENT_3D ( 'NONE', #916, #620, #189 ) ;
#1371 = EDGE_LOOP ( 'NONE', ( #556, #1191, #777, #529, #765, #984 ) ) ;
#1372 = EDGE_CURVE ( 'NONE', #1730, #23, #1639, .T. ) ;
#1373 = ORIENTED_EDGE ( 'NONE', *, *, #1803, .F. ) ;
#1374 = ADVANCED_FACE ( 'NONE', ( #898 ), #613, .T. ) ;
#1375 = CARTESIAN_POINT ( 'NONE',  ( -2.000000000000004885, -32.00000000000000000, 88.49009900990083111 ) ) ;
#1376 = CARTESIAN_POINT ( 'NONE',  ( -22.00000000000000000, -35.00000000000001421, -84.49009900990084532 ) ) ;
#1377 = AXIS2_PLACEMENT_3D ( 'NONE', #1704, #320, #837 ) ;
#1378 = DIRECTION ( 'NONE',  ( 0.000000000000000000, -0.000000000000000000, -1.000000000000000000 ) ) ;
#1379 = EDGE_LOOP ( 'NONE', ( #1364, #299, #587, #1519 ) ) ;
#1380 = VECTOR ( 'NONE', #855, 1000.000000000000000 ) ;
#1381 = VERTEX_POINT ( 'NONE', #909 ) ;
#1382 = APPLICATION_CONTEXT ( 'automotive_design' ) ;
#1383 = LINE ( 'NONE', #406, #692 ) ;
#1384 = ADVANCED_FACE ( 'NONE', ( #493 ), #1326, .T. ) ;
#1385 = DIRECTION ( 'NONE',  ( -5.887603434621225314E-16, 1.000000000000000000, 0.000000000000000000 ) ) ;
#1386 = CARTESIAN_POINT ( 'NONE',  ( 17.33090487823038117, 90.00000000000000000, -88.49009900990084532 ) ) ;
#1387 = DIRECTION ( 'NONE',  ( -0.000000000000000000, -0.000000000000000000, 1.000000000000000000 ) ) ;
#1388 = ORIENTED_EDGE ( 'NONE', *, *, #1585, .F. ) ;
#1389 = ORIENTED_EDGE ( 'NONE', *, *, #432, .T. ) ;
#1390 = AXIS2_PLACEMENT_3D ( 'NONE', #919, #635, #363 ) ;
#1391 = CARTESIAN_POINT ( 'NONE',  ( 0.000000000000000000, 0.000000000000000000, -84.49009900990073163 ) ) ;
#1392 = EDGE_CURVE ( 'NONE', #696, #1348, #1523, .T. ) ;
#1393 = AXIS2_PLACEMENT_3D ( 'NONE', #892, #1705, #486 ) ;
#1394 = ADVANCED_FACE ( 'NONE', ( #1509 ), #263, .F. ) ;
#1395 = LINE ( 'NONE', #874, #714 ) ;
#1396 = CARTESIAN_POINT ( 'NONE',  ( 25.00000000000000000, 1.431146867680865853E-14, 83.75349900990072172 ) ) ;
#1397 = ORIENTED_EDGE ( 'NONE', *, *, #823, .T. ) ;
#1398 = AXIS2_PLACEMENT_3D ( 'NONE', #734, #1023, #1464 ) ;
#1399 = ORIENTED_EDGE ( 'NONE', *, *, #328, .T. ) ;
#1400 = CIRCLE ( 'NONE', #1777, 5.000000000000000888 ) ;
#1401 = DIRECTION ( 'NONE',  ( 1.000000000000000000, -0.000000000000000000, -0.000000000000000000 ) ) ;
#1402 = CARTESIAN_POINT ( 'NONE',  ( -25.00000000000000000, -32.00000000000001421, -84.49009900990083111 ) ) ;
#1403 = CARTESIAN_POINT ( 'NONE',  ( 25.00000000000000000, 99.99999999999998579, 88.49009900990108690 ) ) ;
#1404 = EDGE_CURVE ( 'NONE', #1615, #1024, #1518, .T. ) ;
#1405 = ORIENTED_EDGE ( 'NONE', *, *, #1092, .F. ) ;
#1406 = DIRECTION ( 'NONE',  ( -1.000000000000000000, -0.000000000000000000, -0.000000000000000000 ) ) ;
#1407 = VERTEX_POINT ( 'NONE', #822 ) ;
#1408 = VECTOR ( 'NONE', #577, 1000.000000000000000 ) ;
#1409 = DIRECTION ( 'NONE',  ( 0.000000000000000000, 3.581364595565019495E-15, -1.000000000000000000 ) ) ;
#1410 = CARTESIAN_POINT ( 'NONE',  ( 0.000000000000000000, -4.000000000000000000, 81.75349900990072172 ) ) ;
#1411 = PLANE ( 'NONE',  #388 ) ;
#1412 = ORIENTED_EDGE ( 'NONE', *, *, #387, .F. ) ;
#1413 = ADVANCED_FACE ( 'NONE', ( #685, #1796 ), #1117, .T. ) ;
#1414 = VECTOR ( 'NONE', #389, 1000.000000000000000 ) ;
#1415 = DIRECTION ( 'NONE',  ( 1.000000000000000000, -0.000000000000000000, -0.000000000000000000 ) ) ;
#1416 = ORIENTED_EDGE ( 'NONE', *, *, #215, .F. ) ;
#1417 = CARTESIAN_POINT ( 'NONE',  ( 0.000000000000000000, 3.308812330074741591E-13, -88.49009900990071742 ) ) ;
#1418 = DIRECTION ( 'NONE',  ( 0.000000000000000000, 1.000000000000000000, -6.123233995736766036E-17 ) ) ;
#1419 = DIRECTION ( 'NONE',  ( -0.7071067811865491270, -0.7071067811865459074, -2.468850131082259822E-15 ) ) ;
#1420 = CARTESIAN_POINT ( 'NONE',  ( -2.000000000000005329, -35.00000000000000000, 88.49009900990084532 ) ) ;
#1421 = ORIENTED_EDGE ( 'NONE', *, *, #487, .T. ) ;
#1422 = DIRECTION ( 'NONE',  ( 0.000000000000000000, -1.000000000000000000, 6.123233995736766036E-17 ) ) ;
#1423 = ADVANCED_FACE ( 'NONE', ( #702 ), #1256, .F. ) ;
#1424 = ORIENTED_EDGE ( 'NONE', *, *, #857, .T. ) ;
#1425 = AXIS2_PLACEMENT_3D ( 'NONE', #737, #1426, #721 ) ;
#1426 = DIRECTION ( 'NONE',  ( 1.000000000000000000, 0.000000000000000000, -0.000000000000000000 ) ) ;
#1427 = EDGE_CURVE ( 'NONE', #333, #1721, #1533, .T. ) ;
#1428 = CARTESIAN_POINT ( 'NONE',  ( 12.33090487823038117, 90.00000000000000000, -84.49009900990073163 ) ) ;
#1429 =( NAMED_UNIT ( * ) SI_UNIT ( $, .STERADIAN. ) SOLID_ANGLE_UNIT ( ) );
#1430 = DIRECTION ( 'NONE',  ( 0.000000000000000000, 0.000000000000000000, -1.000000000000000000 ) ) ;
#1431 = DIRECTION ( 'NONE',  ( 0.000000000000000000, 0.000000000000000000, -1.000000000000000000 ) ) ;
#1432 = VERTEX_POINT ( 'NONE', #1683 ) ;
#1433 = ORIENTED_EDGE ( 'NONE', *, *, #986, .T. ) ;
#1434 = EDGE_CURVE ( 'NONE', #362, #1772, #305, .T. ) ;
#1435 = CARTESIAN_POINT ( 'NONE',  ( 0.000000000000000000, -4.736599999999979715, -88.49009900990073163 ) ) ;
#1436 = PRESENTATION_STYLE_ASSIGNMENT (( #770 ) ) ;
#1437 = CARTESIAN_POINT ( 'NONE',  ( 0.000000000000000000, -4.336808689942017736E-16, 81.75349900990072172 ) ) ;
#1438 = CARTESIAN_POINT ( 'NONE',  ( -2.000000000000000000, -4.336808689942017736E-16, 81.75349900990072172 ) ) ;
#1439 = ORIENTED_EDGE ( 'NONE', *, *, #1316, .F. ) ;
#1440 = ORIENTED_EDGE ( 'NONE', *, *, #176, .F. ) ;
#1441 = DIRECTION ( 'NONE',  ( 0.000000000000000000, 3.581364595565019495E-15, -1.000000000000000000 ) ) ;
#1442 = FILL_AREA_STYLE ('',( #497 ) ) ;
#1443 = ADVANCED_FACE ( 'NONE', ( #16 ), #147, .T. ) ;
#1444 = VECTOR ( 'NONE', #660, 1000.000000000000000 ) ;
#1445 = FACE_OUTER_BOUND ( 'NONE', #1168, .T. ) ;
#1446 = AXIS2_PLACEMENT_3D ( 'NONE', #1266, #1419, #725 ) ;
#1447 = FACE_OUTER_BOUND ( 'NONE', #896, .T. ) ;
#1448 = VERTEX_POINT ( 'NONE', #438 ) ;
#1449 = ORIENTED_EDGE ( 'NONE', *, *, #1327, .T. ) ;
#1450 = APPLICATION_PROTOCOL_DEFINITION ( 'draft international standard', 'automotive_design', 1998, #882 ) ;
#1451 = ORIENTED_EDGE ( 'NONE', *, *, #573, .T. ) ;
#1452 = FACE_OUTER_BOUND ( 'NONE', #1043, .T. ) ;
#1453 = CIRCLE ( 'NONE', #1713, 5.000000000000000888 ) ;
#1454 = AXIS2_PLACEMENT_3D ( 'NONE', #249, #1248, #1233 ) ;
#1455 = CARTESIAN_POINT ( 'NONE',  ( -3.469446951953614189E-15, 0.7366000000000039183, -84.49009900990074584 ) ) ;
#1456 = DIRECTION ( 'NONE',  ( 0.000000000000000000, -3.491481338843133355E-15, 1.000000000000000000 ) ) ;
#1457 = ORIENTED_EDGE ( 'NONE', *, *, #1641, .F. ) ;
#1458 = EDGE_CURVE ( 'NONE', #1060, #1144, #579, .T. ) ;
#1459 = ORIENTED_EDGE ( 'NONE', *, *, #1712, .F. ) ;
#1460 = VERTEX_POINT ( 'NONE', #710 ) ;
#1461 = DIRECTION ( 'NONE',  ( 1.000000000000000000, 0.000000000000000000, 0.000000000000000000 ) ) ;
#1462 = LINE ( 'NONE', #1163, #1630 ) ;
#1463 = CARTESIAN_POINT ( 'NONE',  ( -2.000000000000001776, -4.736600000000012578, -83.75349900990072172 ) ) ;
#1464 = DIRECTION ( 'NONE',  ( 0.000000000000000000, 0.000000000000000000, 1.000000000000000000 ) ) ;
#1465 = EDGE_LOOP ( 'NONE', ( #519, #1349, #1542, #665 ) ) ;
#1466 = ORIENTED_EDGE ( 'NONE', *, *, #1, .T. ) ;
#1467 = EDGE_CURVE ( 'NONE', #71, #1357, #1001, .T. ) ;
#1468 = EDGE_LOOP ( 'NONE', ( #735, #1598, #626, #1589 ) ) ;
#1469 = FACE_OUTER_BOUND ( 'NONE', #1653, .T. ) ;
#1470 = PLANE ( 'NONE',  #1337 ) ;
#1471 = VECTOR ( 'NONE', #177, 1000.000000000000000 ) ;
#1472 = CARTESIAN_POINT ( 'NONE',  ( 25.00000000000000000, 97.00000000000000000, 88.49009900990107269 ) ) ;
#1473 = CARTESIAN_POINT ( 'NONE',  ( -25.00000000000000000, -4.000000000000008882, -83.75349900990072172 ) ) ;
#1474 = ORIENTED_EDGE ( 'NONE', *, *, #1244, .F. ) ;
#1475 = AXIS2_PLACEMENT_3D ( 'NONE', #1375, #396, #256 ) ;
#1476 = EDGE_LOOP ( 'NONE', ( #1459, #383 ) ) ;
#1477 = AXIS2_PLACEMENT_3D ( 'NONE', #1578, #1612, #1320 ) ;
#1478 = ORIENTED_EDGE ( 'NONE', *, *, #1231, .T. ) ;
#1479 = FACE_OUTER_BOUND ( 'NONE', #120, .T. ) ;
#1480 = DIRECTION ( 'NONE',  ( -0.000000000000000000, -0.000000000000000000, 1.000000000000000000 ) ) ;
#1481 = EDGE_CURVE ( 'NONE', #548, #572, #408, .T. ) ;
#1482 = DIRECTION ( 'NONE',  ( 0.000000000000000000, -1.000000000000000000, -3.581364595565019495E-15 ) ) ;
#1483 = VECTOR ( 'NONE', #106, 1000.000000000000000 ) ;
#1484 = DIRECTION ( 'NONE',  ( 1.000000000000000000, 5.887603434621225314E-16, 0.000000000000000000 ) ) ;
#1485 = ORIENTED_EDGE ( 'NONE', *, *, #1724, .F. ) ;
#1486 = DIRECTION ( 'NONE',  ( -1.000000000000000000, -0.000000000000000000, 0.000000000000000000 ) ) ;
#1487 = ORIENTED_EDGE ( 'NONE', *, *, #845, .T. ) ;
#1488 = ORIENTED_EDGE ( 'NONE', *, *, #666, .T. ) ;
#1489 = LINE ( 'NONE', #238, #1310 ) ;
#1490 = LINE ( 'NONE', #514, #156 ) ;
#1491 = CARTESIAN_POINT ( 'NONE',  ( 25.00000000000000000, -4.000000000000000000, 88.49009900990073163 ) ) ;
#1492 = EDGE_CURVE ( 'NONE', #596, #98, #1453, .T. ) ;
#1493 = LINE ( 'NONE', #259, #1731 ) ;
#1494 = EDGE_CURVE ( 'NONE', #1550, #89, #753, .T. ) ;
#1495 = DIRECTION ( 'NONE',  ( 9.629649721936179265E-31, -3.469446951953614189E-15, 1.000000000000000000 ) ) ;
#1496 = CIRCLE ( 'NONE', #853, 5.000000000000001776 ) ;
#1497 = ORIENTED_EDGE ( 'NONE', *, *, #1404, .F. ) ;
#1498 = PLANE ( 'NONE',  #1228 ) ;
#1499 = DIRECTION ( 'NONE',  ( 0.000000000000000000, -1.000000000000000000, 6.123233995736766036E-17 ) ) ;
#1500 = PLANE ( 'NONE',  #39 ) ;
#1501 = AXIS2_PLACEMENT_3D ( 'NONE', #1463, #1174, #322 ) ;
#1502 = CIRCLE ( 'NONE', #67, 5.000000000000004441 ) ;
#1503 = LINE ( 'NONE', #1386, #860 ) ;
#1504 = EDGE_CURVE ( 'NONE', #183, #365, #1562, .T. ) ;
#1505 = CARTESIAN_POINT ( 'NONE',  ( -1.747501449100852230E-15, -4.000000000000000000, 0.000000000000000000 ) ) ;
#1506 = ADVANCED_FACE ( 'NONE', ( #992, #291 ), #850, .T. ) ;
#1507 = ORIENTED_EDGE ( 'NONE', *, *, #1783, .T. ) ;
#1508 = AXIS2_PLACEMENT_3D ( 'NONE', #1353, #516, #93 ) ;
#1509 = FACE_OUTER_BOUND ( 'NONE', #345, .T. ) ;
#1510 = VERTEX_POINT ( 'NONE', #1026 ) ;
#1511 = DIRECTION ( 'NONE',  ( 0.000000000000000000, 0.000000000000000000, 1.000000000000000000 ) ) ;
#1512 = FACE_OUTER_BOUND ( 'NONE', #139, .T. ) ;
#1513 = CARTESIAN_POINT ( 'NONE',  ( -2.000000000000000888, -4.736600000000007249, 88.49009900990084532 ) ) ;
#1514 = LINE ( 'NONE', #235, #1164 ) ;
#1515 = CIRCLE ( 'NONE', #81, 4.736600000000007249 ) ;
#1516 = ORIENTED_EDGE ( 'NONE', *, *, #781, .F. ) ;
#1517 = EDGE_CURVE ( 'NONE', #588, #1178, #47, .T. ) ;
#1518 = LINE ( 'NONE', #1106, #1554 ) ;
#1519 = ORIENTED_EDGE ( 'NONE', *, *, #1049, .T. ) ;
#1520 = CARTESIAN_POINT ( 'NONE',  ( -2.000000000000000000, -4.336808689942017736E-16, 81.75349900990072172 ) ) ;
#1521 = CARTESIAN_POINT ( 'NONE',  ( -4.999999999999976907, -35.00000000000001421, -84.49009900990084532 ) ) ;
#1522 = DIRECTION ( 'NONE',  ( 0.000000000000000000, 3.491481338843133355E-15, -1.000000000000000000 ) ) ;
#1523 = CIRCLE ( 'NONE', #914, 5.000000000000000888 ) ;
#1524 = CARTESIAN_POINT ( 'NONE',  ( -14.06116069943919022, -22.64178390677614416, 84.49009900990080268 ) ) ;
#1525 = ORIENTED_EDGE ( 'NONE', *, *, #1290, .T. ) ;
#1526 = ADVANCED_FACE ( 'NONE', ( #871 ), #157, .F. ) ;
#1527 = EDGE_LOOP ( 'NONE', ( #1149, #1607, #225, #1794 ) ) ;
#1528 = DIRECTION ( 'NONE',  ( -1.000000000000000000, 0.000000000000000000, 0.000000000000000000 ) ) ;
#1529 = ADVANCED_FACE ( 'NONE', ( #1281 ), #1034, .F. ) ;
#1530 = DIRECTION ( 'NONE',  ( 6.938893903907228378E-17, -1.000000000000000000, 0.000000000000000000 ) ) ;
#1531 = LINE ( 'NONE', #1127, #444 ) ;
#1532 = ORIENTED_EDGE ( 'NONE', *, *, #870, .T. ) ;
#1533 = LINE ( 'NONE', #162, #184 ) ;
#1534 = VECTOR ( 'NONE', #680, 1000.000000000000000 ) ;
#1535 = MECHANICAL_DESIGN_GEOMETRIC_PRESENTATION_REPRESENTATION (  '', ( #1078 ), #840 ) ;
#1536 = DIRECTION ( 'NONE',  ( -0.7071067811865459074, 0.7071067811865491270, 2.453269466693404932E-15 ) ) ;
#1537 = ADVANCED_FACE ( 'NONE', ( #18 ), #1702, .T. ) ;
#1538 = LINE ( 'NONE', #141, #1304 ) ;
#1539 = VECTOR ( 'NONE', #1265, 1000.000000000000000 ) ;
#1540 = FACE_OUTER_BOUND ( 'NONE', #813, .T. ) ;
#1541 = DIRECTION ( 'NONE',  ( -1.000000000000000000, 0.000000000000000000, 0.000000000000000000 ) ) ;
#1542 = ORIENTED_EDGE ( 'NONE', *, *, #854, .T. ) ;
#1543 = VECTOR ( 'NONE', #1422, 1000.000000000000000 ) ;
#1544 = CARTESIAN_POINT ( 'NONE',  ( 0.000000000000000000, -4.336808689942017736E-16, 81.75349900990072172 ) ) ;
#1545 = ORIENTED_EDGE ( 'NONE', *, *, #1791, .T. ) ;
#1546 = LINE ( 'NONE', #1137, #1147 ) ;
#1547 = DIRECTION ( 'NONE',  ( -0.7071067811865441310, 0.7071067811865507924, -2.532407191425453688E-15 ) ) ;
#1548 = ADVANCED_FACE ( 'NONE', ( #31 ), #1737, .F. ) ;
#1549 = CARTESIAN_POINT ( 'NONE',  ( -2.000000000000001776, -35.00000000000000000, -88.49009900990084532 ) ) ;
#1550 = VERTEX_POINT ( 'NONE', #489 ) ;
#1551 = CARTESIAN_POINT ( 'NONE',  ( -48.50000000000016342, 48.50000000000007105, 88.49009900990090216 ) ) ;
#1552 = ORIENTED_EDGE ( 'NONE', *, *, #232, .F. ) ;
#1553 = LINE ( 'NONE', #704, #1646 ) ;
#1554 = VECTOR ( 'NONE', #1655, 1000.000000000000000 ) ;
#1555 = CARTESIAN_POINT ( 'NONE',  ( -22.00000000000002487, -35.00000000000001421, 84.49009900990084532 ) ) ;
#1556 = ADVANCED_FACE ( 'NONE', ( #594 ), #342, .T. ) ;
#1557 = CARTESIAN_POINT ( 'NONE',  ( 12.33090487823038117, 90.00000000000000000, -84.49009900990073163 ) ) ;
#1558 = ORIENTED_EDGE ( 'NONE', *, *, #125, .F. ) ;
#1559 = VECTOR ( 'NONE', #1719, 1000.000000000000000 ) ;
#1560 = CIRCLE ( 'NONE', #395, 4.736600000000007249 ) ;
#1561 = EDGE_CURVE ( 'NONE', #500, #365, #1708, .T. ) ;
#1562 = LINE ( 'NONE', #1544, #1543 ) ;
#1563 = EDGE_LOOP ( 'NONE', ( #405, #297, #165, #292 ) ) ;
#1564 = DIRECTION ( 'NONE',  ( 0.000000000000000000, 0.000000000000000000, 1.000000000000000000 ) ) ;
#1565 = LINE ( 'NONE', #872, #1238 ) ;
#1566 = ORIENTED_EDGE ( 'NONE', *, *, #164, .T. ) ;
#1567 = CYLINDRICAL_SURFACE ( 'NONE', #1084, 5.000000000000000888 ) ;
#1568 = CIRCLE ( 'NONE', #1508, 5.000000000000000888 ) ;
#1569 = DIRECTION ( 'NONE',  ( -1.000000000000000000, 0.000000000000000000, -0.000000000000000000 ) ) ;
#1570 = DIRECTION ( 'NONE',  ( 0.000000000000000000, 0.000000000000000000, 1.000000000000000000 ) ) ;
#1571 = ORIENTED_EDGE ( 'NONE', *, *, #1184, .T. ) ;
#1572 = VERTEX_POINT ( 'NONE', #170 ) ;
#1573 = EDGE_CURVE ( 'NONE', #1308, #261, #1157, .T. ) ;
#1574 = MECHANICAL_DESIGN_GEOMETRIC_PRESENTATION_REPRESENTATION (  '', ( #109 ), #1575 ) ;
#1575 =( GEOMETRIC_REPRESENTATION_CONTEXT ( 3 ) GLOBAL_UNCERTAINTY_ASSIGNED_CONTEXT ( ( #1301 ) ) GLOBAL_UNIT_ASSIGNED_CONTEXT ( ( #57, #1740, #1065 ) ) REPRESENTATION_CONTEXT ( 'NONE', 'WORKASPACE' ) );
#1576 =( NAMED_UNIT ( * ) PLANE_ANGLE_UNIT ( ) SI_UNIT ( $, .RADIAN. ) );
#1577 = PLANE ( 'NONE',  #540 ) ;
#1578 = CARTESIAN_POINT ( 'NONE',  ( -2.000000000000001776, -35.00000000000000000, -88.49009900990084532 ) ) ;
#1579 = LINE ( 'NONE', #1473, #956 ) ;
#1580 = LINE ( 'NONE', #1334, #576 ) ;
#1581 = ORIENTED_EDGE ( 'NONE', *, *, #44, .T. ) ;
#1582 = ORIENTED_EDGE ( 'NONE', *, *, #1036, .F. ) ;
#1583 = ADVANCED_FACE ( 'NONE', ( #353 ), #601, .T. ) ;
#1584 = DIRECTION ( 'NONE',  ( 0.000000000000000000, 0.000000000000000000, -1.000000000000000000 ) ) ;
#1585 = EDGE_CURVE ( 'NONE', #236, #1308, #1636, .T. ) ;
#1586 = DIRECTION ( 'NONE',  ( 0.000000000000000000, 0.000000000000000000, 1.000000000000000000 ) ) ;
#1587 = CARTESIAN_POINT ( 'NONE',  ( -25.00000000000000000, -4.736600000000007249, 83.75349900990072172 ) ) ;
#1588 = CARTESIAN_POINT ( 'NONE',  ( -2.000000000000001776, -32.00000000000000000, -88.49009900990083111 ) ) ;
#1589 = ORIENTED_EDGE ( 'NONE', *, *, #731, .F. ) ;
#1590 = ORIENTED_EDGE ( 'NONE', *, *, #1427, .T. ) ;
#1591 = VECTOR ( 'NONE', #1596, 1000.000000000000000 ) ;
#1592 = ORIENTED_EDGE ( 'NONE', *, *, #942, .T. ) ;
#1593 = DIRECTION ( 'NONE',  ( 0.000000000000000000, 0.000000000000000000, -1.000000000000000000 ) ) ;
#1594 = PLANE ( 'NONE',  #1393 ) ;
#1595 = EDGE_CURVE ( 'NONE', #362, #859, #1746, .T. ) ;
#1596 = DIRECTION ( 'NONE',  ( -4.845403715540893213E-31, 6.982962677686266711E-15, -1.000000000000000000 ) ) ;
#1597 = LINE ( 'NONE', #222, #602 ) ;
#1598 = ORIENTED_EDGE ( 'NONE', *, *, #1618, .F. ) ;
#1599 = ORIENTED_EDGE ( 'NONE', *, *, #1712, .T. ) ;
#1600 = ORIENTED_EDGE ( 'NONE', *, *, #604, .F. ) ;
#1601 = DIRECTION ( 'NONE',  ( -7.324762386424041147E-16, 1.000000000000000000, 0.000000000000000000 ) ) ;
#1602 = AXIS2_PLACEMENT_3D ( 'NONE', #1692, #1677, #1009 ) ;
#1603 = CARTESIAN_POINT ( 'NONE',  ( 0.000000000000000000, 0.7366000000000034742, 83.75349900990072172 ) ) ;
#1604 = DIRECTION ( 'NONE',  ( 1.000000000000000000, 0.000000000000000000, 0.000000000000000000 ) ) ;
#1605 = ADVANCED_FACE ( 'NONE', ( #1720 ), #763, .F. ) ;
#1606 = DIRECTION ( 'NONE',  ( -1.000000000000000000, 0.000000000000000000, 0.000000000000000000 ) ) ;
#1607 = ORIENTED_EDGE ( 'NONE', *, *, #308, .T. ) ;
#1608 = ORIENTED_EDGE ( 'NONE', *, *, #84, .F. ) ;
#1609 = AXIS2_PLACEMENT_3D ( 'NONE', #625, #1199, #1190 ) ;
#1610 = ORIENTED_EDGE ( 'NONE', *, *, #1290, .F. ) ;
#1611 = DIRECTION ( 'NONE',  ( 0.000000000000000000, 1.000000000000000000, 0.000000000000000000 ) ) ;
#1612 = DIRECTION ( 'NONE',  ( 0.000000000000000000, -1.000000000000000000, -3.491481338843133355E-15 ) ) ;
#1613 = DIRECTION ( 'NONE',  ( 1.000000000000000000, -0.000000000000000000, -0.000000000000000000 ) ) ;
#1614 = AXIS2_PLACEMENT_3D ( 'NONE', #1403, #715, #1690 ) ;
#1615 = VERTEX_POINT ( 'NONE', #887 ) ;
#1616 = EDGE_CURVE ( 'NONE', #578, #306, #1580, .T. ) ;
#1617 = FACE_OUTER_BOUND ( 'NONE', #1122, .T. ) ;
#1618 = EDGE_CURVE ( 'NONE', #1128, #911, #1013, .T. ) ;
#1619 = DIRECTION ( 'NONE',  ( 1.000000000000000000, 0.000000000000000000, 0.000000000000000000 ) ) ;
#1620 = DIRECTION ( 'NONE',  ( 1.000000000000000000, 0.000000000000000000, 0.000000000000000000 ) ) ;
#1621 = ORIENTED_EDGE ( 'NONE', *, *, #1687, .T. ) ;
#1622 = LINE ( 'NONE', #376, #286 ) ;
#1623 = DIRECTION ( 'NONE',  ( -0.000000000000000000, -0.000000000000000000, 1.000000000000000000 ) ) ;
#1624 = DIRECTION ( 'NONE',  ( 0.000000000000000000, -1.059768618231820537E-14, 1.000000000000000000 ) ) ;
#1625 = CARTESIAN_POINT ( 'NONE',  ( 25.00000000000000000, 0.7366000000000177961, 88.49009900990073163 ) ) ;
#1626 = CARTESIAN_POINT ( 'NONE',  ( -25.00000000000000000, -4.736600000000012578, -83.75349900990072172 ) ) ;
#1627 = EDGE_LOOP ( 'NONE', ( #374, #745, #1160, #1552 ) ) ;
#1628 = DIRECTION ( 'NONE',  ( 0.000000000000000000, -1.000000000000000000, 2.775557561562890957E-15 ) ) ;
#1629 = ORIENTED_EDGE ( 'NONE', *, *, #340, .T. ) ;
#1630 = VECTOR ( 'NONE', #1332, 1000.000000000000114 ) ;
#1631 = EDGE_CURVE ( 'NONE', #89, #1550, #995, .T. ) ;
#1632 = ORIENTED_EDGE ( 'NONE', *, *, #242, .F. ) ;
#1633 = CARTESIAN_POINT ( 'NONE',  ( -25.00000000000000000, -4.736600000000007249, 84.49009900990073163 ) ) ;
#1634 = CARTESIAN_POINT ( 'NONE',  ( 12.33090487823038117, 90.00000000000000000, -88.49009900990084532 ) ) ;
#1635 = LINE ( 'NONE', #1491, #1706 ) ;
#1636 = CIRCLE ( 'NONE', #726, 4.736600000000007249 ) ;
#1637 = DIRECTION ( 'NONE',  ( 0.000000000000000000, 0.000000000000000000, -1.000000000000000000 ) ) ;
#1638 = VERTEX_POINT ( 'NONE', #1438 ) ;
#1639 = LINE ( 'NONE', #214, #583 ) ;
#1640 = VERTEX_POINT ( 'NONE', #313 ) ;
#1641 = EDGE_CURVE ( 'NONE', #1274, #1246, #77, .T. ) ;
#1642 = CARTESIAN_POINT ( 'NONE',  ( -2.000000000000001776, -32.00000000000000000, -88.49009900990083111 ) ) ;
#1643 = DIRECTION ( 'NONE',  ( 0.000000000000000000, 1.000000000000000000, 2.775557561562890957E-15 ) ) ;
#1644 = CARTESIAN_POINT ( 'NONE',  ( -25.00000000000000000, -4.736600000000007249, -84.49009900990073163 ) ) ;
#1645 = DIRECTION ( 'NONE',  ( 0.000000000000000000, -1.000000000000000000, 0.000000000000000000 ) ) ;
#1646 = VECTOR ( 'NONE', #567, 1000.000000000000000 ) ;
#1647 = ORIENTED_EDGE ( 'NONE', *, *, #441, .F. ) ;
#1648 = ORIENTED_EDGE ( 'NONE', *, *, #964, .F. ) ;
#1649 = CARTESIAN_POINT ( 'NONE',  ( -2.000000000000000000, -4.336808689942017736E-16, 81.75349900990072172 ) ) ;
#1650 = DIRECTION ( 'NONE',  ( 1.000000000000000000, 0.000000000000000000, 0.000000000000000000 ) ) ;
#1651 = ADVANCED_FACE ( 'NONE', ( #744 ), #1186, .T. ) ;
#1652 = FACE_OUTER_BOUND ( 'NONE', #237, .T. ) ;
#1653 = EDGE_LOOP ( 'NONE', ( #191, #815, #349, #869 ) ) ;
#1654 = AXIS2_PLACEMENT_3D ( 'NONE', #658, #1081, #931 ) ;
#1655 = DIRECTION ( 'NONE',  ( 6.938893903907228378E-17, -1.000000000000000000, -0.000000000000000000 ) ) ;
#1656 = ORIENTED_EDGE ( 'NONE', *, *, #1316, .T. ) ;
#1657 = LINE ( 'NONE', #812, #1312 ) ;
#1658 = LINE ( 'NONE', #368, #1534 ) ;
#1659 = CARTESIAN_POINT ( 'NONE',  ( -1.747501449100852230E-15, 0.7365999999999988113, -83.75349900990072172 ) ) ;
#1660 = AXIS2_PLACEMENT_3D ( 'NONE', #1095, #390, #95 ) ;
#1661 = FACE_OUTER_BOUND ( 'NONE', #501, .T. ) ;
#1662 = EDGE_CURVE ( 'NONE', #1237, #1264, #895, .T. ) ;
#1663 = ORIENTED_EDGE ( 'NONE', *, *, #285, .T. ) ;
#1664 = ADVANCED_FACE ( 'NONE', ( #1447 ), #752, .T. ) ;
#1665 = VERTEX_POINT ( 'NONE', #479 ) ;
#1666 = DIRECTION ( 'NONE',  ( -0.000000000000000000, 1.000000000000000000, -3.581364595565019495E-15 ) ) ;
#1667 = DIRECTION ( 'NONE',  ( 0.000000000000000000, 0.000000000000000000, -1.000000000000000000 ) ) ;
#1668 = FACE_OUTER_BOUND ( 'NONE', #1780, .T. ) ;
#1669 = DIRECTION ( 'NONE',  ( 1.000000000000000000, 0.000000000000000000, 0.000000000000000000 ) ) ;
#1670 = ORIENTED_EDGE ( 'NONE', *, *, #203, .F. ) ;
#1671 = DIRECTION ( 'NONE',  ( 1.000000000000000000, 0.000000000000000000, 0.000000000000000000 ) ) ;
#1672 = ORIENTED_EDGE ( 'NONE', *, *, #848, .F. ) ;
#1673 = EDGE_CURVE ( 'NONE', #1730, #1432, #1597, .T. ) ;
#1674 = LINE ( 'NONE', #826, #767 ) ;
#1675 = FACE_OUTER_BOUND ( 'NONE', #1014, .T. ) ;
#1676 = ORIENTED_EDGE ( 'NONE', *, *, #655, .F. ) ;
#1677 = DIRECTION ( 'NONE',  ( 0.000000000000000000, 0.000000000000000000, 1.000000000000000000 ) ) ;
#1678 = EDGE_CURVE ( 'NONE', #1348, #696, #134, .T. ) ;
#1679 = FACE_OUTER_BOUND ( 'NONE', #646, .T. ) ;
#1680 = AXIS2_PLACEMENT_3D ( 'NONE', #809, #1352, #533 ) ;
#1681 = CARTESIAN_POINT ( 'NONE',  ( 0.000000000000000000, -4.000000000000000000, 83.75349900990072172 ) ) ;
#1682 = ORIENTED_EDGE ( 'NONE', *, *, #986, .F. ) ;
#1683 = CARTESIAN_POINT ( 'NONE',  ( -25.00000000000000000, -4.736599999999995703, -88.49009900990073163 ) ) ;
#1684 = ORIENTED_EDGE ( 'NONE', *, *, #432, .F. ) ;
#1685 = VECTOR ( 'NONE', #1355, 1000.000000000000000 ) ;
#1686 = CARTESIAN_POINT ( 'NONE',  ( 21.99999999999996092, 100.0000000000000000, -84.49009900990073163 ) ) ;
#1687 = EDGE_CURVE ( 'NONE', #746, #1237, #1515, .T. ) ;
#1688 = CARTESIAN_POINT ( 'NONE',  ( -4.999999999999976907, -35.00000000000001421, -84.49009900990084532 ) ) ;
#1689 = ADVANCED_FACE ( 'NONE', ( #536 ), #381, .T. ) ;
#1690 = DIRECTION ( 'NONE',  ( 0.000000000000000000, -3.491481338843133355E-15, 1.000000000000000000 ) ) ;
#1691 = EDGE_LOOP ( 'NONE', ( #1516, #530, #14, #1271 ) ) ;
#1692 = CARTESIAN_POINT ( 'NONE',  ( 12.33090487823038117, 90.00000000000000000, 88.49009900990073163 ) ) ;
#1693 = ORIENTED_EDGE ( 'NONE', *, *, #645, .T. ) ;
#1694 = AXIS2_PLACEMENT_3D ( 'NONE', #551, #1282, #1418 ) ;
#1695 = DIRECTION ( 'NONE',  ( -1.000000000000000000, 0.000000000000000000, 0.000000000000000000 ) ) ;
#1696 = LINE ( 'NONE', #1688, #597 ) ;
#1697 = CARTESIAN_POINT ( 'NONE',  ( 0.000000000000000000, -4.336808689942017736E-16, 83.75349900990072172 ) ) ;
#1698 = EDGE_CURVE ( 'NONE', #1246, #1730, #1020, .T. ) ;
#1699 = ORIENTED_EDGE ( 'NONE', *, *, #1184, .F. ) ;
#1700 = VECTOR ( 'NONE', #117, 1000.000000000000000 ) ;
#1701 = ORIENTED_EDGE ( 'NONE', *, *, #274, .T. ) ;
#1702 = PLANE ( 'NONE',  #492 ) ;
#1703 = ORIENTED_EDGE ( 'NONE', *, *, #1061, .T. ) ;
#1704 = CARTESIAN_POINT ( 'NONE',  ( 25.00000000000000000, 0.7366000000000182402, 83.75349900990072172 ) ) ;
#1705 = DIRECTION ( 'NONE',  ( 9.629649721936179265E-31, -3.469446951953614189E-15, 1.000000000000000000 ) ) ;
#1706 = VECTOR ( 'NONE', #240, 1000.000000000000000 ) ;
#1707 = CARTESIAN_POINT ( 'NONE',  ( -2.000000000000000444, -4.000000000000000000, 83.75349900990072172 ) ) ;
#1708 = LINE ( 'NONE', #63, #377 ) ;
#1709 = ORIENTED_EDGE ( 'NONE', *, *, #1280, .F. ) ;
#1710 = EDGE_CURVE ( 'NONE', #578, #336, #1235, .T. ) ;
#1711 = ORIENTED_EDGE ( 'NONE', *, *, #253, .F. ) ;
#1712 = EDGE_CURVE ( 'NONE', #98, #596, #1116, .T. ) ;
#1713 = AXIS2_PLACEMENT_3D ( 'NONE', #868, #1143, #1278 ) ;
#1714 = DIRECTION ( 'NONE',  ( 0.000000000000000000, 1.000000000000000000, 3.581364595565019495E-15 ) ) ;
#1715 = EDGE_LOOP ( 'NONE', ( #830, #1181, #841, #179 ) ) ;
#1716 = AXIS2_PLACEMENT_3D ( 'NONE', #670, #1108, #1511 ) ;
#1717 = LINE ( 'NONE', #468, #862 ) ;
#1718 = CARTESIAN_POINT ( 'NONE',  ( 0.000000000000000000, -4.336808689942017736E-16, 81.75349900990072172 ) ) ;
#1719 = DIRECTION ( 'NONE',  ( 0.000000000000000000, -3.491481338843133355E-15, 1.000000000000000000 ) ) ;
#1720 = FACE_OUTER_BOUND ( 'NONE', #1468, .T. ) ;
#1721 = VERTEX_POINT ( 'NONE', #910 ) ;
#1722 = ORIENTED_EDGE ( 'NONE', *, *, #1179, .F. ) ;
#1723 = CARTESIAN_POINT ( 'NONE',  ( 2.999999999999964473, 100.0000000000000000, -88.49009900990073163 ) ) ;
#1724 = EDGE_CURVE ( 'NONE', #728, #261, #90, .T. ) ;
#1725 = CARTESIAN_POINT ( 'NONE',  ( -2.000000000000004885, -32.00000000000001421, 84.49009900990083111 ) ) ;
#1726 = VECTOR ( 'NONE', #407, 1000.000000000000000 ) ;
#1727 = LINE ( 'NONE', #478, #480 ) ;
#1728 = DIRECTION ( 'NONE',  ( 0.000000000000000000, 3.662381193212018306E-15, 1.000000000000000000 ) ) ;
#1729 = ORIENTED_EDGE ( 'NONE', *, *, #1179, .T. ) ;
#1730 = VERTEX_POINT ( 'NONE', #358 ) ;
#1731 = VECTOR ( 'NONE', #934, 1000.000000000000000 ) ;
#1732 = VECTOR ( 'NONE', #698, 1000.000000000000000 ) ;
#1733 = EDGE_LOOP ( 'NONE', ( #1663, #940, #1075, #926 ) ) ;
#1734 = ADVANCED_FACE ( 'NONE', ( #1469 ), #1498, .T. ) ;
#1735 = DIRECTION ( 'NONE',  ( 1.000000000000000000, 5.887603434621225314E-16, 0.000000000000000000 ) ) ;
#1736 = CARTESIAN_POINT ( 'NONE',  ( -2.000000000000001776, -4.736599999999979715, -88.49009900990073163 ) ) ;
#1737 = PLANE ( 'NONE',  #1053 ) ;
#1738 = ORIENTED_EDGE ( 'NONE', *, *, #355, .T. ) ;
#1739 = CARTESIAN_POINT ( 'NONE',  ( 0.000000000000000000, -4.000000000000000000, -81.75349900990072172 ) ) ;
#1740 =( NAMED_UNIT ( * ) PLANE_ANGLE_UNIT ( ) SI_UNIT ( $, .RADIAN. ) );
#1741 = ORIENTED_EDGE ( 'NONE', *, *, #791, .F. ) ;
#1742 = LINE ( 'NONE', #496, #961 ) ;
#1743 = AXIS2_PLACEMENT_3D ( 'NONE', #796, #522, #227 ) ;
#1744 = ADVANCED_FACE ( 'NONE', ( #1479 ), #778, .F. ) ;
#1745 = DIRECTION ( 'NONE',  ( -1.000000000000000000, -6.938893903907228378E-17, 0.000000000000000000 ) ) ;
#1746 = LINE ( 'NONE', #463, #669 ) ;
#1747 = EDGE_CURVE ( 'NONE', #1130, #513, #969, .T. ) ;
#1748 = VERTEX_POINT ( 'NONE', #366 ) ;
#1749 = EDGE_LOOP ( 'NONE', ( #1315, #1000, #1451, #624 ) ) ;
#1750 = AXIS2_PLACEMENT_3D ( 'NONE', #502, #1180, #347 ) ;
#1751 = ORIENTED_EDGE ( 'NONE', *, *, #274, .F. ) ;
#1752 = CARTESIAN_POINT ( 'NONE',  ( 2.999999999999964473, 100.0000000000000000, -84.49009900990073163 ) ) ;
#1753 = CARTESIAN_POINT ( 'NONE',  ( 0.000000000000000000, -4.336808689942017736E-16, 81.75349900990072172 ) ) ;
#1754 = DIRECTION ( 'NONE',  ( 1.000000000000000000, 5.551115123125782702E-16, 9.629649721936179265E-31 ) ) ;
#1755 = CARTESIAN_POINT ( 'NONE',  ( 22.00000000000002487, 100.0000000000000000, 84.49009900990107269 ) ) ;
#1756 = ORIENTED_EDGE ( 'NONE', *, *, #229, .T. ) ;
#1757 = CARTESIAN_POINT ( 'NONE',  ( 17.33090487823038117, 90.00000000000000000, -88.49009900990084532 ) ) ;
#1758 = EDGE_CURVE ( 'NONE', #1133, #271, #1365, .T. ) ;
#1759 = CARTESIAN_POINT ( 'NONE',  ( -25.00000000000000000, -4.736600000000007249, 83.75349900990072172 ) ) ;
#1760 = EDGE_LOOP ( 'NONE', ( #1247, #1738, #1287, #657, #9, #947, #1136, #1703, #978, #1066, #701, #1412 ) ) ;
#1761 = LINE ( 'NONE', #495, #161 ) ;
#1762 = DIRECTION ( 'NONE',  ( 1.000000000000000000, -0.000000000000000000, -0.000000000000000000 ) ) ;
#1763 = CARTESIAN_POINT ( 'NONE',  ( 25.00000000000000000, 97.00000000000000000, 88.49009900990107269 ) ) ;
#1764 = LINE ( 'NONE', #650, #717 ) ;
#1765 = CARTESIAN_POINT ( 'NONE',  ( -14.06116069943919022, -22.64178390677614416, 88.49009900990071742 ) ) ;
#1766 = AXIS2_PLACEMENT_3D ( 'NONE', #1805, #1263, #558 ) ;
#1767 = CARTESIAN_POINT ( 'NONE',  ( 25.00000000000000000, 0.7365999999999988113, -83.75349900990072172 ) ) ;
#1768 = ORIENTED_EDGE ( 'NONE', *, *, #534, .T. ) ;
#1769 = EDGE_CURVE ( 'NONE', #171, #261, #649, .T. ) ;
#1770 = AXIS2_PLACEMENT_3D ( 'NONE', #101, #1082, #651 ) ;
#1771 = ORIENTED_EDGE ( 'NONE', *, *, #766, .F. ) ;
#1772 = VERTEX_POINT ( 'NONE', #1350 ) ;
#1773 = EDGE_CURVE ( 'NONE', #1381, #720, #1761, .T. ) ;
#1774 = CYLINDRICAL_SURFACE ( 'NONE', #1188, 5.000000000000000888 ) ;
#1775 = CARTESIAN_POINT ( 'NONE',  ( 12.33090487823038117, 90.00000000000000000, -88.49009900990084532 ) ) ;
#1776 = AXIS2_PLACEMENT_3D ( 'NONE', #1723, #1151, #1564 ) ;
#1777 = AXIS2_PLACEMENT_3D ( 'NONE', #1524, #1793, #1628 ) ;
#1778 = CYLINDRICAL_SURFACE ( 'NONE', #844, 5.000000000000000888 ) ;
#1779 = ORIENTED_EDGE ( 'NONE', *, *, #1146, .T. ) ;
#1780 = EDGE_LOOP ( 'NONE', ( #1729, #677, #190, #483, #1232, #1810 ) ) ;
#1781 = DIRECTION ( 'NONE',  ( 0.000000000000000000, -1.000000000000000000, 6.123233995736766036E-17 ) ) ;
#1782 = AXIS2_PLACEMENT_3D ( 'NONE', #27, #1037, #287 ) ;
#1783 = EDGE_CURVE ( 'NONE', #1721, #1615, #923, .T. ) ;
#1784 = DIRECTION ( 'NONE',  ( -1.000000000000000000, 0.000000000000000000, 0.000000000000000000 ) ) ;
#1785 = DIRECTION ( 'NONE',  ( 1.000000000000000000, -0.000000000000000000, -0.000000000000000000 ) ) ;
#1786 = VECTOR ( 'NONE', #1528, 1000.000000000000000 ) ;
#1787 = ORIENTED_EDGE ( 'NONE', *, *, #104, .F. ) ;
#1788 = ORIENTED_EDGE ( 'NONE', *, *, #1219, .T. ) ;
#1789 = CARTESIAN_POINT ( 'NONE',  ( -2.000000000000001776, -4.736600000000009913, -84.49009900990073163 ) ) ;
#1790 = DIRECTION ( 'NONE',  ( 0.000000000000000000, 0.000000000000000000, 1.000000000000000000 ) ) ;
#1791 = EDGE_CURVE ( 'NONE', #119, #404, #1340, .T. ) ;
#1792 = EDGE_CURVE ( 'NONE', #929, #119, #1622, .T. ) ;
#1793 = DIRECTION ( 'NONE',  ( 0.000000000000000000, 3.581364595565019495E-15, 1.000000000000000000 ) ) ;
#1794 = ORIENTED_EDGE ( 'NONE', *, *, #545, .F. ) ;
#1795 = VECTOR ( 'NONE', #951, 1000.000000000000114 ) ;
#1796 = FACE_OUTER_BOUND ( 'NONE', #80, .T. ) ;
#1797 = ORIENTED_EDGE ( 'NONE', *, *, #1494, .F. ) ;
#1798 = LINE ( 'NONE', #959, #1088 ) ;
#1799 = LINE ( 'NONE', #131, #207 ) ;
#1800 = AXIS2_PLACEMENT_3D ( 'NONE', #1759, #927, #511 ) ;
#1801 = VECTOR ( 'NONE', #323, 1000.000000000000000 ) ;
#1802 = LINE ( 'NONE', #554, #201 ) ;
#1803 = EDGE_CURVE ( 'NONE', #911, #746, #1489, .T. ) ;
#1804 = ORIENTED_EDGE ( 'NONE', *, *, #1678, .T. ) ;
#1805 = CARTESIAN_POINT ( 'NONE',  ( -2.000000000000001776, -4.736600000000012578, -83.75349900990072172 ) ) ;
#1806 = ORIENTED_EDGE ( 'NONE', *, *, #1724, .T. ) ;
#1807 = CARTESIAN_POINT ( 'NONE',  ( -2.000000000000001776, -4.736600000000007249, -84.49009900990073163 ) ) ;
#1808 = CARTESIAN_POINT ( 'NONE',  ( 24.99999999999998934, 96.99999999999997158, -88.49009900990073163 ) ) ;
#1809 = DIRECTION ( 'NONE',  ( 0.000000000000000000, -1.000000000000000000, 6.123233995736766036E-17 ) ) ;
#1810 = ORIENTED_EDGE ( 'NONE', *, *, #104, .T. ) ;
ENDSEC;
END-ISO-10303-21;
