ISO-10303-21;
HEADER;
FILE_DESCRIPTION (( 'STEP AP214' ),
    '1' );
FILE_NAME ('输送带支撑型材.step',
    '2023-08-15T03:07:12',
    ( '' ),
    ( '' ),
    'SwSTEP 2.0',
    'SolidWorks 2022',
    '' );
FILE_SCHEMA (( 'AUTOMOTIVE_DESIGN' ));
ENDSEC;

DATA;
#1 = EDGE_LOOP ( 'NONE', ( #1185, #323, #3112, #662 ) ) ;
#2 = CARTESIAN_POINT ( 'NONE',  ( 3.700000000000140510, -9.699999999998521361, 10.00000000000000000 ) ) ;
#3 = VERTEX_POINT ( 'NONE', #2145 ) ;
#4 = CARTESIAN_POINT ( 'NONE',  ( 3.399999999999958611, 9.099999999999985434, 10.00000000000000000 ) ) ;
#5 = CARTESIAN_POINT ( 'NONE',  ( -2.010912703474032615, 5.900000000000000355, 10.00000000000000000 ) ) ;
#6 = VERTEX_POINT ( 'NONE', #951 ) ;
#7 = CARTESIAN_POINT ( 'NONE',  ( -8.199999999999985079, 3.399999999999939515, 10.00000000000000000 ) ) ;
#8 = DIRECTION ( 'NONE',  ( 0.000000000000000000, 0.000000000000000000, 1.000000000000000000 ) ) ;
#9 = EDGE_LOOP ( 'NONE', ( #1177, #967, #617, #721 ) ) ;
#10 = DIRECTION ( 'NONE',  ( 0.000000000000000000, -0.000000000000000000, 1.000000000000000000 ) ) ;
#11 = CARTESIAN_POINT ( 'NONE',  ( -9.699999999999848299, -3.699999999999311395, 10.00000000000000000 ) ) ;
#12 = EDGE_CURVE ( 'NONE', #1882, #3086, #2578, .T. ) ;
#13 = DIRECTION ( 'NONE',  ( -0.000000000000000000, -0.000000000000000000, -1.000000000000000000 ) ) ;
#14 = ORIENTED_EDGE ( 'NONE', *, *, #2864, .F. ) ;
#15 = DIRECTION ( 'NONE',  ( -0.000000000000000000, -0.000000000000000000, -1.000000000000000000 ) ) ;
#16 = ORIENTED_EDGE ( 'NONE', *, *, #731, .T. ) ;
#17 = DIRECTION ( 'NONE',  ( -0.000000000000000000, -1.000000000000000000, -0.000000000000000000 ) ) ;
#18 = EDGE_CURVE ( 'NONE', #3553, #1777, #2351, .T. ) ;
#19 = VERTEX_POINT ( 'NONE', #1453 ) ;
#20 = CARTESIAN_POINT ( 'NONE',  ( 3.400000000000153122, -8.499999999998527400, 10.00000000000000000 ) ) ;
#21 = CARTESIAN_POINT ( 'NONE',  ( 9.699999999999958433, -3.399999999998367883, 10.00000000000000000 ) ) ;
#22 = ADVANCED_FACE ( 'NONE', ( #1798 ), #89, .T. ) ;
#23 = ORIENTED_EDGE ( 'NONE', *, *, #3454, .T. ) ;
#24 = CARTESIAN_POINT ( 'NONE',  ( 8.199999999999956657, -5.199999999999993072, 10.00000000000000000 ) ) ;
#25 = DIRECTION ( 'NONE',  ( 1.000000000000000000, 0.000000000000000000, 0.000000000000000000 ) ) ;
#26 = CARTESIAN_POINT ( 'NONE',  ( 7.899999999999963052, -5.499999999999990230, -10.00000000000000000 ) ) ;
#27 = EDGE_CURVE ( 'NONE', #1249, #2087, #3305, .T. ) ;
#28 = VECTOR ( 'NONE', #2856, 1000.000000000000000 ) ;
#29 = CIRCLE ( 'NONE', #3426, 0.2999999999999973244 ) ;
#30 = ORIENTED_EDGE ( 'NONE', *, *, #3042, .F. ) ;
#31 = DIRECTION ( 'NONE',  ( -0.000000000000000000, -1.000000000000000000, -0.000000000000000000 ) ) ;
#32 = CARTESIAN_POINT ( 'NONE',  ( -2.010912703473796803, -3.899999999998878142, -10.00000000000000000 ) ) ;
#33 = EDGE_CURVE ( 'NONE', #1968, #1169, #1694, .T. ) ;
#34 = CARTESIAN_POINT ( 'NONE',  ( 8.499999999999966249, 10.00000000000000355, 10.00000000000000000 ) ) ;
#35 = LINE ( 'NONE', #574, #396 ) ;
#36 = AXIS2_PLACEMENT_3D ( 'NONE', #1014, #2405, #1589 ) ;
#37 = CYLINDRICAL_SURFACE ( 'NONE', #1426, 2.000000000000004441 ) ;
#38 = VERTEX_POINT ( 'NONE', #2032 ) ;
#39 = DIRECTION ( 'NONE',  ( -0.000000000000000000, -0.000000000000000000, -1.000000000000000000 ) ) ;
#40 = CIRCLE ( 'NONE', #505, 1.999999999999809264 ) ;
#41 = VECTOR ( 'NONE', #1186, 1000.000000000000000 ) ;
#42 = AXIS2_PLACEMENT_3D ( 'NONE', #3691, #2842, #1917 ) ;
#43 = ORIENTED_EDGE ( 'NONE', *, *, #3510, .F. ) ;
#44 = DIRECTION ( 'NONE',  ( -0.000000000000000000, -0.000000000000000000, -1.000000000000000000 ) ) ;
#45 = CIRCLE ( 'NONE', #1118, 2.000000000000016431 ) ;
#46 = CARTESIAN_POINT ( 'NONE',  ( -8.499999999999980460, 3.399999999999939515, -10.00000000000000000 ) ) ;
#47 = AXIS2_PLACEMENT_3D ( 'NONE', #1095, #888, #2868 ) ;
#48 = AXIS2_PLACEMENT_3D ( 'NONE', #3287, #1868, #749 ) ;
#49 = LINE ( 'NONE', #1560, #703 ) ;
#50 = ORIENTED_EDGE ( 'NONE', *, *, #141, .F. ) ;
#51 = DIRECTION ( 'NONE',  ( -0.000000000000000000, -0.000000000000000000, -1.000000000000000000 ) ) ;
#52 = CARTESIAN_POINT ( 'NONE',  ( -7.899999999999990585, 5.499999999999947597, 10.00000000000000000 ) ) ;
#53 = AXIS2_PLACEMENT_3D ( 'NONE', #2634, #1851, #1574 ) ;
#54 = VECTOR ( 'NONE', #1627, 1000.000000000000000 ) ;
#55 = ORIENTED_EDGE ( 'NONE', *, *, #2854, .F. ) ;
#56 = DIRECTION ( 'NONE',  ( 1.000000000000000000, 0.000000000000000000, 0.000000000000000000 ) ) ;
#57 = AXIS2_PLACEMENT_3D ( 'NONE', #1790, #1520, #1239 ) ;
#58 = DIRECTION ( 'NONE',  ( -1.000000000000000000, 0.000000000000000000, 0.000000000000000000 ) ) ;
#59 = VERTEX_POINT ( 'NONE', #3472 ) ;
#60 = LINE ( 'NONE', #919, #3680 ) ;
#61 = DIRECTION ( 'NONE',  ( -1.000000000000000000, 0.000000000000000000, 0.000000000000000000 ) ) ;
#62 = FACE_OUTER_BOUND ( 'NONE', #3571, .T. ) ;
#63 = EDGE_LOOP ( 'NONE', ( #1337, #1980, #2112, #760 ) ) ;
#64 = CARTESIAN_POINT ( 'NONE',  ( -3.399999999999805844, -9.399999999998907896, 10.00000000000000000 ) ) ;
#65 = ORIENTED_EDGE ( 'NONE', *, *, #121, .F. ) ;
#66 = CARTESIAN_POINT ( 'NONE',  ( -3.899999999999972822, -2.010912703474044605, -10.00000000000000000 ) ) ;
#67 = ORIENTED_EDGE ( 'NONE', *, *, #1437, .T. ) ;
#68 = DIRECTION ( 'NONE',  ( 0.000000000000000000, 0.000000000000000000, 1.000000000000000000 ) ) ;
#69 = EDGE_CURVE ( 'NONE', #2030, #2967, #350, .T. ) ;
#70 = ORIENTED_EDGE ( 'NONE', *, *, #1792, .T. ) ;
#71 = PLANE ( 'NONE',  #158 ) ;
#72 = CARTESIAN_POINT ( 'NONE',  ( -5.200000000000024158, 6.684924240491713299, 10.00000000000000000 ) ) ;
#73 = ORIENTED_EDGE ( 'NONE', *, *, #1869, .F. ) ;
#74 = EDGE_CURVE ( 'NONE', #2957, #59, #2283, .T. ) ;
#75 = ADVANCED_FACE ( 'NONE', ( #2051 ), #2355, .F. ) ;
#76 = DIRECTION ( 'NONE',  ( -1.000000000000000000, 0.000000000000000000, 0.000000000000000000 ) ) ;
#77 = DIRECTION ( 'NONE',  ( -0.000000000000000000, -0.000000000000000000, -1.000000000000000000 ) ) ;
#78 = LINE ( 'NONE', #2363, #164 ) ;
#79 = CARTESIAN_POINT ( 'NONE',  ( -5.412132034355778387, -6.472792206134666770, -10.00000000000000000 ) ) ;
#80 = DIRECTION ( 'NONE',  ( -0.000000000000000000, -0.000000000000000000, -1.000000000000000000 ) ) ;
#81 = EDGE_LOOP ( 'NONE', ( #191, #2727, #1901, #785 ) ) ;
#82 = DIRECTION ( 'NONE',  ( 0.000000000000000000, 0.000000000000000000, 1.000000000000000000 ) ) ;
#83 = EDGE_CURVE ( 'NONE', #2765, #838, #1874, .T. ) ;
#84 = EDGE_LOOP ( 'NONE', ( #2867, #203, #3226, #2501 ) ) ;
#85 = CARTESIAN_POINT ( 'NONE',  ( -5.500000000000032863, 7.899999999999950617, -10.00000000000000000 ) ) ;
#86 = EDGE_CURVE ( 'NONE', #478, #2339, #2648, .T. ) ;
#87 = ORIENTED_EDGE ( 'NONE', *, *, #3236, .F. ) ;
#88 = LINE ( 'NONE', #609, #2411 ) ;
#89 = CYLINDRICAL_SURFACE ( 'NONE', #3663, 0.2999999999999981570 ) ;
#90 = ORIENTED_EDGE ( 'NONE', *, *, #715, .F. ) ;
#91 = ADVANCED_FACE ( 'NONE', ( #3217 ), #3198, .F. ) ;
#92 = CARTESIAN_POINT ( 'NONE',  ( -6.684924240491676883, -5.200000000000046363, 10.00000000000000000 ) ) ;
#93 = CARTESIAN_POINT ( 'NONE',  ( -2.010912703473796803, -3.899999999998878142, 10.00000000000000000 ) ) ;
#94 = DIRECTION ( 'NONE',  ( -0.000000000000000000, -0.000000000000000000, -1.000000000000000000 ) ) ;
#95 = DIRECTION ( 'NONE',  ( -1.000000000000000000, 0.000000000000000000, 0.000000000000000000 ) ) ;
#96 = DIRECTION ( 'NONE',  ( -0.000000000000000000, -0.000000000000000000, -1.000000000000000000 ) ) ;
#97 = CIRCLE ( 'NONE', #2471, 1.999999999999996669 ) ;
#98 = ORIENTED_EDGE ( 'NONE', *, *, #2701, .F. ) ;
#99 = ADVANCED_FACE ( 'NONE', ( #1198 ), #625, .F. ) ;
#100 = DIRECTION ( 'NONE',  ( 0.000000000000000000, 0.000000000000000000, 1.000000000000000000 ) ) ;
#101 = AXIS2_PLACEMENT_3D ( 'NONE', #46, #325, #587 ) ;
#102 = ORIENTED_EDGE ( 'NONE', *, *, #2338, .F. ) ;
#103 = DIRECTION ( 'NONE',  ( -0.000000000000000000, -0.000000000000000000, -1.000000000000000000 ) ) ;
#104 = VECTOR ( 'NONE', #286, 1000.000000000000000 ) ;
#105 = VECTOR ( 'NONE', #1976, 1000.000000000000000 ) ;
#106 = ORIENTED_EDGE ( 'NONE', *, *, #3685, .T. ) ;
#107 = CARTESIAN_POINT ( 'NONE',  ( -3.425126265847115548, 4.485786437626893886, -10.00000000000000000 ) ) ;
#108 = ADVANCED_FACE ( 'NONE', ( #1759 ), #2341, .F. ) ;
#109 = EDGE_LOOP ( 'NONE', ( #627, #1651, #1791, #1719 ) ) ;
#110 = AXIS2_PLACEMENT_3D ( 'NONE', #842, #3102, #545 ) ;
#111 = VECTOR ( 'NONE', #2512, 1000.000000000000000 ) ;
#112 = CYLINDRICAL_SURFACE ( 'NONE', #1301, 0.2999999999999947153 ) ;
#113 = DIRECTION ( 'NONE',  ( 0.7071067811865469066, 0.7071067811865482389, 0.000000000000000000 ) ) ;
#114 = CIRCLE ( 'NONE', #402, 0.3000000000000172529 ) ;
#115 = AXIS2_PLACEMENT_3D ( 'NONE', #92, #2342, #2921 ) ;
#116 = DIRECTION ( 'NONE',  ( -1.000000000000000000, 0.000000000000000000, 0.000000000000000000 ) ) ;
#117 = VECTOR ( 'NONE', #303, 1000.000000000000114 ) ;
#118 = LINE ( 'NONE', #1258, #1644 ) ;
#119 = CARTESIAN_POINT ( 'NONE',  ( 3.099999999999964118, 8.499999999999982236, 10.00000000000000000 ) ) ;
#121 = EDGE_CURVE ( 'NONE', #19, #3418, #3122, .T. ) ;
#120 = CARTESIAN_POINT ( 'NONE',  ( 3.400000000000153122, -9.399999999998533085, -10.00000000000000000 ) ) ;
#122 = VERTEX_POINT ( 'NONE', #1155 ) ;
#123 = CARTESIAN_POINT ( 'NONE',  ( -7.900000000000240163, -5.500000000000135003, 10.00000000000000000 ) ) ;
#124 = ORIENTED_EDGE ( 'NONE', *, *, #2197, .T. ) ;
#125 = DIRECTION ( 'NONE',  ( -1.000000000000000000, 0.000000000000000000, 0.000000000000000000 ) ) ;
#126 = EDGE_CURVE ( 'NONE', #1736, #478, #2816, .T. ) ;
#127 = DIRECTION ( 'NONE',  ( 0.000000000000000000, 1.000000000000000000, 0.000000000000000000 ) ) ;
#128 = EDGE_CURVE ( 'NONE', #804, #3605, #1171, .T. ) ;
#129 = EDGE_LOOP ( 'NONE', ( #3234, #1108, #1408, #3097 ) ) ;
#130 = FACE_OUTER_BOUND ( 'NONE', #3152, .T. ) ;
#131 = CARTESIAN_POINT ( 'NONE',  ( -9.999999999999841904, -8.499999999999305444, 10.00000000000000000 ) ) ;
#132 = ORIENTED_EDGE ( 'NONE', *, *, #2521, .T. ) ;
#133 = PLANE ( 'NONE',  #3063 ) ;
#134 = ORIENTED_EDGE ( 'NONE', *, *, #265, .F. ) ;
#135 = DIRECTION ( 'NONE',  ( -0.000000000000000000, -0.000000000000000000, -1.000000000000000000 ) ) ;
#136 = LINE ( 'NONE', #1206, #2071 ) ;
#137 = CARTESIAN_POINT ( 'NONE',  ( 3.400000000000153122, -8.199999999998526690, -10.00000000000000000 ) ) ;
#138 = FACE_OUTER_BOUND ( 'NONE', #3678, .T. ) ;
#139 = ORIENTED_EDGE ( 'NONE', *, *, #236, .T. ) ;
#140 = CARTESIAN_POINT ( 'NONE',  ( 9.999999999999968026, 8.499999999999989342, 10.00000000000000000 ) ) ;
#141 = EDGE_CURVE ( 'NONE', #1145, #708, #2759, .T. ) ;
#142 = FACE_OUTER_BOUND ( 'NONE', #1908, .T. ) ;
#143 = VERTEX_POINT ( 'NONE', #650 ) ;
#144 = CARTESIAN_POINT ( 'NONE',  ( -5.500000000000032863, 7.899999999999950617, -10.00000000000000000 ) ) ;
#145 = DIRECTION ( 'NONE',  ( -0.000000000000000000, 1.000000000000000000, -0.000000000000000000 ) ) ;
#146 = EDGE_CURVE ( 'NONE', #3212, #2688, #896, .T. ) ;
#147 = ORIENTED_EDGE ( 'NONE', *, *, #1669, .F. ) ;
#148 = CARTESIAN_POINT ( 'NONE',  ( 8.199999999999956657, 3.400000000000005240, 10.00000000000000000 ) ) ;
#149 = DIRECTION ( 'NONE',  ( -1.000000000000000000, 0.000000000000000000, 0.000000000000000000 ) ) ;
#150 = EDGE_CURVE ( 'NONE', #348, #2683, #935, .T. ) ;
#151 = EDGE_CURVE ( 'NONE', #1154, #1121, #88, .T. ) ;
#152 = CARTESIAN_POINT ( 'NONE',  ( -10.00000000000003730, 3.999999999999928946, 10.00000000000000000 ) ) ;
#153 = LINE ( 'NONE', #2419, #2251 ) ;
#154 = ORIENTED_EDGE ( 'NONE', *, *, #206, .F. ) ;
#155 = EDGE_CURVE ( 'NONE', #2514, #143, #1228, .T. ) ;
#156 = DIRECTION ( 'NONE',  ( 0.000000000000000000, -1.000000000000000000, 0.000000000000000000 ) ) ;
#157 = DIRECTION ( 'NONE',  ( -0.000000000000000000, -0.000000000000000000, -1.000000000000000000 ) ) ;
#158 = AXIS2_PLACEMENT_3D ( 'NONE', #2340, #591, #3483 ) ;
#159 = VERTEX_POINT ( 'NONE', #930 ) ;
#160 =( LENGTH_UNIT ( ) NAMED_UNIT ( * ) SI_UNIT ( .MILLI., .METRE. ) );
#161 = CARTESIAN_POINT ( 'NONE',  ( -8.500000000000229150, -3.399999999999302691, 10.00000000000000000 ) ) ;
#162 = VECTOR ( 'NONE', #216, 1000.000000000000000 ) ;
#163 = VERTEX_POINT ( 'NONE', #364 ) ;
#164 = VECTOR ( 'NONE', #3526, 1000.000000000000000 ) ;
#165 = DIRECTION ( 'NONE',  ( 1.000000000000000000, 0.000000000000000000, 0.000000000000000000 ) ) ;
#166 = CARTESIAN_POINT ( 'NONE',  ( -6.472792206135795645, 5.412132034355917831, 10.00000000000000000 ) ) ;
#167 = AXIS2_PLACEMENT_3D ( 'NONE', #1254, #3219, #2287 ) ;
#168 = AXIS2_PLACEMENT_3D ( 'NONE', #3126, #937, #1483 ) ;
#169 = AXIS2_PLACEMENT_3D ( 'NONE', #2520, #2263, #1111 ) ;
#170 = AXIS2_PLACEMENT_3D ( 'NONE', #2113, #3246, #2972 ) ;
#171 = CIRCLE ( 'NONE', #3143, 0.3000000000000085931 ) ;
#172 = LINE ( 'NONE', #3293, #2596 ) ;
#173 = ORIENTED_EDGE ( 'NONE', *, *, #912, .T. ) ;
#174 = DIRECTION ( 'NONE',  ( 1.000000000000000000, 0.000000000000000000, 0.000000000000000000 ) ) ;
#175 = CIRCLE ( 'NONE', #2839, 0.3000000000000016542 ) ;
#176 = VERTEX_POINT ( 'NONE', #2067 ) ;
#177 = CYLINDRICAL_SURFACE ( 'NONE', #1180, 2.000000000000015543 ) ;
#178 = LINE ( 'NONE', #1319, #2010 ) ;
#179 = VECTOR ( 'NONE', #3544, 1000.000000000000000 ) ;
#180 = ORIENTED_EDGE ( 'NONE', *, *, #1077, .F. ) ;
#181 = LINE ( 'NONE', #249, #351 ) ;
#182 = DIRECTION ( 'NONE',  ( 1.000000000000000000, 0.000000000000000000, -0.000000000000000000 ) ) ;
#183 = ORIENTED_EDGE ( 'NONE', *, *, #2656, .T. ) ;
#184 = DIRECTION ( 'NONE',  ( 0.000000000000000000, 0.000000000000000000, 1.000000000000000000 ) ) ;
#185 = CARTESIAN_POINT ( 'NONE',  ( 8.199999999999956657, -5.199999999999993072, -10.00000000000000000 ) ) ;
#186 = EDGE_CURVE ( 'NONE', #3616, #2479, #3216, .T. ) ;
#187 = EDGE_CURVE ( 'NONE', #1065, #2065, #97, .T. ) ;
#188 = CARTESIAN_POINT ( 'NONE',  ( -4.485786437626853029, -3.425126265847136420, -10.00000000000000000 ) ) ;
#189 = VERTEX_POINT ( 'NONE', #1758 ) ;
#190 = PRESENTATION_STYLE_ASSIGNMENT (( #1583 ) ) ;
#191 = ORIENTED_EDGE ( 'NONE', *, *, #1808, .T. ) ;
#192 = CARTESIAN_POINT ( 'NONE',  ( 10.00000000000017408, -8.499999999998523847, 10.00000000000000000 ) ) ;
#193 = CARTESIAN_POINT ( 'NONE',  ( -9.099999999999997868, 3.399999999999935962, 10.00000000000000000 ) ) ;
#194 = ORIENTED_EDGE ( 'NONE', *, *, #1137, .F. ) ;
#195 = CARTESIAN_POINT ( 'NONE',  ( 8.199999999999958433, 5.200000000000008171, -10.00000000000000000 ) ) ;
#196 = VERTEX_POINT ( 'NONE', #3447 ) ;
#197 = FACE_OUTER_BOUND ( 'NONE', #207, .T. ) ;
#198 = ADVANCED_FACE ( 'NONE', ( #349 ), #1196, .F. ) ;
#199 = ORIENTED_EDGE ( 'NONE', *, *, #2844, .F. ) ;
#200 = DIRECTION ( 'NONE',  ( 0.000000000000000000, 1.000000000000000000, 0.000000000000000000 ) ) ;
#201 = DIRECTION ( 'NONE',  ( -1.000000000000000000, 0.000000000000000000, 0.000000000000000000 ) ) ;
#202 = CARTESIAN_POINT ( 'NONE',  ( 9.700000000000180478, -3.999999999998371081, 10.00000000000000000 ) ) ;
#203 = ORIENTED_EDGE ( 'NONE', *, *, #2045, .F. ) ;
#204 = ORIENTED_EDGE ( 'NONE', *, *, #3486, .F. ) ;
#205 = SHAPE_DEFINITION_REPRESENTATION ( #670, #1202 ) ;
#206 = EDGE_CURVE ( 'NONE', #1929, #1129, #2088, .T. ) ;
#207 = EDGE_LOOP ( 'NONE', ( #1891, #841, #810, #2468 ) ) ;
#208 = CYLINDRICAL_SURFACE ( 'NONE', #2135, 0.3000000000000033751 ) ;
#209 = PLANE ( 'NONE',  #2012 ) ;
#210 = LINE ( 'NONE', #1619, #398 ) ;
#211 = ORIENTED_EDGE ( 'NONE', *, *, #1293, .F. ) ;
#212 = CYLINDRICAL_SURFACE ( 'NONE', #1007, 0.3000000000000033751 ) ;
#213 = EDGE_CURVE ( 'NONE', #3605, #1261, #629, .T. ) ;
#214 = ORIENTED_EDGE ( 'NONE', *, *, #1580, .F. ) ;
#215 = VERTEX_POINT ( 'NONE', #379 ) ;
#216 = DIRECTION ( 'NONE',  ( 1.000000000000000000, 0.000000000000000000, 0.000000000000000000 ) ) ;
#217 = AXIS2_PLACEMENT_3D ( 'NONE', #21, #1152, #2280 ) ;
#218 = CARTESIAN_POINT ( 'NONE',  ( -3.400000000000042100, 9.399999999999964828, -10.00000000000000000 ) ) ;
#219 = EDGE_LOOP ( 'NONE', ( #3131, #326, #1831, #2487 ) ) ;
#220 = EDGE_CURVE ( 'NONE', #3301, #619, #2949, .T. ) ;
#221 = AXIS2_PLACEMENT_3D ( 'NONE', #573, #3475, #633 ) ;
#222 = CIRCLE ( 'NONE', #2960, 2.499999999999994671 ) ;
#223 = ORIENTED_EDGE ( 'NONE', *, *, #945, .F. ) ;
#224 = ORIENTED_EDGE ( 'NONE', *, *, #563, .T. ) ;
#225 = PLANE ( 'NONE',  #1360 ) ;
#226 = FACE_OUTER_BOUND ( 'NONE', #518, .T. ) ;
#227 = CIRCLE ( 'NONE', #3506, 1.499999999999997780 ) ;
#228 = CARTESIAN_POINT ( 'NONE',  ( 3.100000000000147971, -8.499999999998520295, -10.00000000000000000 ) ) ;
#229 = VECTOR ( 'NONE', #1591, 1000.000000000000000 ) ;
#230 = ORIENTED_EDGE ( 'NONE', *, *, #1775, .T. ) ;
#231 = FACE_OUTER_BOUND ( 'NONE', #302, .T. ) ;
#232 = CIRCLE ( 'NONE', #115, 0.3000000000000458966 ) ;
#233 = ORIENTED_EDGE ( 'NONE', *, *, #2192, .T. ) ;
#234 = CYLINDRICAL_SURFACE ( 'NONE', #3373, 0.2999999999999981570 ) ;
#235 = ADVANCED_FACE ( 'NONE', ( #623 ), #71, .F. ) ;
#236 = EDGE_CURVE ( 'NONE', #3518, #1547, #1250, .T. ) ;
#237 = ORIENTED_EDGE ( 'NONE', *, *, #3647, .T. ) ;
#238 = CARTESIAN_POINT ( 'NONE',  ( 9.699999999999958433, 4.000000000000008882, 10.00000000000000000 ) ) ;
#239 = CARTESIAN_POINT ( 'NONE',  ( -9.099999999999857536, -3.099999999999407230, -10.00000000000000000 ) ) ;
#240 = ORIENTED_EDGE ( 'NONE', *, *, #2189, .F. ) ;
#241 = VERTEX_POINT ( 'NONE', #107 ) ;
#242 = APPLICATION_PROTOCOL_DEFINITION ( 'draft international standard', 'automotive_design', 1998, #2790 ) ;
#243 = ORIENTED_EDGE ( 'NONE', *, *, #2237, .T. ) ;
#244 = LINE ( 'NONE', #794, #1894 ) ;
#245 = CARTESIAN_POINT ( 'NONE',  ( -5.899999999999974598, -2.010912703474044605, 10.00000000000000000 ) ) ;
#246 = EDGE_CURVE ( 'NONE', #3534, #622, #2376, .T. ) ;
#247 = DIRECTION ( 'NONE',  ( -0.000000000000000000, -0.000000000000000000, -1.000000000000000000 ) ) ;
#248 = ORIENTED_EDGE ( 'NONE', *, *, #2485, .F. ) ;
#249 = CARTESIAN_POINT ( 'NONE',  ( 8.499999999999966249, 3.100000000000001865, 10.00000000000000000 ) ) ;
#250 = ORIENTED_EDGE ( 'NONE', *, *, #756, .F. ) ;
#251 = CARTESIAN_POINT ( 'NONE',  ( 3.400000000000153122, -8.499999999998527400, -10.00000000000000000 ) ) ;
#252 = EDGE_LOOP ( 'NONE', ( #2191, #1844, #1525, #3413 ) ) ;
#253 = DIRECTION ( 'NONE',  ( -0.000000000000000000, -0.000000000000000000, -1.000000000000000000 ) ) ;
#254 = EDGE_CURVE ( 'NONE', #604, #1230, #3141, .T. ) ;
#255 = DIRECTION ( 'NONE',  ( 0.000000000000000000, 0.000000000000000000, 1.000000000000000000 ) ) ;
#256 = ORIENTED_EDGE ( 'NONE', *, *, #121, .T. ) ;
#257 = EDGE_CURVE ( 'NONE', #3654, #3641, #498, .T. ) ;
#258 = EDGE_LOOP ( 'NONE', ( #3191, #1394, #2834, #2576 ) ) ;
#259 = DIRECTION ( 'NONE',  ( -0.7071067811865474617, 0.7071067811865474617, -0.000000000000000000 ) ) ;
#260 = DIRECTION ( 'NONE',  ( 0.000000000000000000, -1.000000000000000000, 0.000000000000000000 ) ) ;
#261 = CARTESIAN_POINT ( 'NONE',  ( -8.199999999999985079, 3.399999999999939515, 10.00000000000000000 ) ) ;
#262 = DIRECTION ( 'NONE',  ( -1.000000000000000000, 0.000000000000000000, 0.000000000000000000 ) ) ;
#263 = VERTEX_POINT ( 'NONE', #3256 ) ;
#264 = CARTESIAN_POINT ( 'NONE',  ( 6.684924240491732839, -5.199999999999993072, -10.00000000000000000 ) ) ;
#265 = EDGE_CURVE ( 'NONE', #3639, #241, #1596, .T. ) ;
#266 = ORIENTED_EDGE ( 'NONE', *, *, #3387, .T. ) ;
#267 = LINE ( 'NONE', #1148, #2238 ) ;
#268 = ORIENTED_EDGE ( 'NONE', *, *, #3056, .T. ) ;
#269 = LINE ( 'NONE', #839, #3308 ) ;
#270 = CARTESIAN_POINT ( 'NONE',  ( 3.999999999999961808, 9.699999999999988631, 10.00000000000000000 ) ) ;
#271 = ORIENTED_EDGE ( 'NONE', *, *, #1508, .T. ) ;
#272 = CARTESIAN_POINT ( 'NONE',  ( 9.099999999999969447, -3.100000000000001865, 10.00000000000000000 ) ) ;
#273 = VECTOR ( 'NONE', #1378, 1000.000000000000000 ) ;
#274 = VECTOR ( 'NONE', #1081, 1000.000000000000000 ) ;
#275 = ORIENTED_EDGE ( 'NONE', *, *, #3211, .T. ) ;
#276 = CARTESIAN_POINT ( 'NONE',  ( -2.500000000000015543, -2.081668171172168513E-14, 10.00000000000000000 ) ) ;
#277 = LINE ( 'NONE', #2767, #2304 ) ;
#278 = VECTOR ( 'NONE', #1405, 1000.000000000000000 ) ;
#279 = AXIS2_PLACEMENT_3D ( 'NONE', #3488, #3108, #1688 ) ;
#280 = CARTESIAN_POINT ( 'NONE',  ( -5.412132034355990662, 6.472792206135746795, 10.00000000000000000 ) ) ;
#281 = EDGE_LOOP ( 'NONE', ( #2282, #3434, #3496, #3399 ) ) ;
#282 = LINE ( 'NONE', #2332, #833 ) ;
#283 = AXIS2_PLACEMENT_3D ( 'NONE', #559, #255, #1666 ) ;
#284 = VECTOR ( 'NONE', #3668, 1000.000000000000000 ) ;
#285 = ORIENTED_EDGE ( 'NONE', *, *, #155, .F. ) ;
#286 = DIRECTION ( 'NONE',  ( -1.000000000000000000, 0.000000000000000000, 0.000000000000000000 ) ) ;
#287 = VECTOR ( 'NONE', #1737, 1000.000000000000000 ) ;
#288 = VECTOR ( 'NONE', #1416, 1000.000000000000000 ) ;
#289 = ORIENTED_EDGE ( 'NONE', *, *, #27, .F. ) ;
#290 = CARTESIAN_POINT ( 'NONE',  ( -8.200000000000319034, -3.399999999999302691, -10.00000000000000000 ) ) ;
#291 = LINE ( 'NONE', #1432, #2473 ) ;
#292 = VECTOR ( 'NONE', #495, 1000.000000000000000 ) ;
#293 = CYLINDRICAL_SURFACE ( 'NONE', #3379, 0.3000000000000085931 ) ;
#294 = ORIENTED_EDGE ( 'NONE', *, *, #2595, .T. ) ;
#295 = CARTESIAN_POINT ( 'NONE',  ( -2.010912703474032615, 3.900000000000016342, 10.00000000000000000 ) ) ;
#296 = EDGE_CURVE ( 'NONE', #836, #394, #1036, .T. ) ;
#297 = EDGE_CURVE ( 'NONE', #2030, #1812, #29, .T. ) ;
#298 = VERTEX_POINT ( 'NONE', #1839 ) ;
#299 = EDGE_CURVE ( 'NONE', #1088, #2385, #3610, .T. ) ;
#300 = CARTESIAN_POINT ( 'NONE',  ( -7.899999999999990585, 5.499999999999947597, 10.00000000000000000 ) ) ;
#301 = CARTESIAN_POINT ( 'NONE',  ( 9.099999999999969447, 3.400000000000005240, 10.00000000000000000 ) ) ;
#302 = EDGE_LOOP ( 'NONE', ( #3516, #969, #1781, #3110 ) ) ;
#303 = DIRECTION ( 'NONE',  ( -0.7071067811865474617, -0.7071067811865474617, 0.000000000000000000 ) ) ;
#304 = ORIENTED_EDGE ( 'NONE', *, *, #3370, .F. ) ;
#305 = ADVANCED_FACE ( 'NONE', ( #435 ), #737, .F. ) ;
#306 = CARTESIAN_POINT ( 'NONE',  ( 3.400000000000153122, -9.399999999998533085, 10.00000000000000000 ) ) ;
#307 = ORIENTED_EDGE ( 'NONE', *, *, #151, .T. ) ;
#308 = DIRECTION ( 'NONE',  ( -1.000000000000000000, 0.000000000000000000, 0.000000000000000000 ) ) ;
#309 = DIRECTION ( 'NONE',  ( -1.000000000000000000, 0.000000000000000000, 0.000000000000000000 ) ) ;
#310 = ADVANCED_FACE ( 'NONE', ( #3576 ), #1565, .F. ) ;
#311 = VERTEX_POINT ( 'NONE', #2152 ) ;
#312 = DIRECTION ( 'NONE',  ( 1.000000000000000000, 0.000000000000000000, 0.000000000000000000 ) ) ;
#313 = CARTESIAN_POINT ( 'NONE',  ( -9.099999999999857536, -3.399999999999407052, 10.00000000000000000 ) ) ;
#314 = CARTESIAN_POINT ( 'NONE',  ( 5.499999999999963585, 6.684924240491755043, 10.00000000000000000 ) ) ;
#315 = DIRECTION ( 'NONE',  ( -0.000000000000000000, -0.000000000000000000, -1.000000000000000000 ) ) ;
#316 = ORIENTED_EDGE ( 'NONE', *, *, #677, .T. ) ;
#317 = DIRECTION ( 'NONE',  ( 1.000000000000000000, 0.000000000000000000, 0.000000000000000000 ) ) ;
#318 = DIRECTION ( 'NONE',  ( -0.000000000000000000, -0.000000000000000000, -1.000000000000000000 ) ) ;
#319 = ADVANCED_FACE ( 'NONE', ( #754 ), #133, .F. ) ;
#320 = CARTESIAN_POINT ( 'NONE',  ( 7.899999999999963052, -5.499999999999990230, 10.00000000000000000 ) ) ;
#321 = ORIENTED_EDGE ( 'NONE', *, *, #2181, .F. ) ;
#322 = DIRECTION ( 'NONE',  ( 0.000000000000000000, 0.000000000000000000, 1.000000000000000000 ) ) ;
#323 = ORIENTED_EDGE ( 'NONE', *, *, #1739, .F. ) ;
#324 = DIRECTION ( 'NONE',  ( 1.000000000000000000, 0.000000000000000000, 0.000000000000000000 ) ) ;
#325 = DIRECTION ( 'NONE',  ( 0.000000000000000000, 0.000000000000000000, 1.000000000000000000 ) ) ;
#326 = ORIENTED_EDGE ( 'NONE', *, *, #1294, .F. ) ;
#327 = DIRECTION ( 'NONE',  ( 1.000000000000000000, 0.000000000000000000, 0.000000000000000000 ) ) ;
#328 = CARTESIAN_POINT ( 'NONE',  ( 3.399999999999958611, 9.699999999999981526, -10.00000000000000000 ) ) ;
#329 = DIRECTION ( 'NONE',  ( -0.000000000000000000, -0.000000000000000000, -1.000000000000000000 ) ) ;
#330 = AXIS2_PLACEMENT_3D ( 'NONE', #3178, #1742, #2934 ) ;
#331 = AXIS2_PLACEMENT_3D ( 'NONE', #3025, #467, #1287 ) ;
#332 = ORIENTED_EDGE ( 'NONE', *, *, #1846, .F. ) ;
#333 = CARTESIAN_POINT ( 'NONE',  ( -5.412132034355990662, 6.472792206135746795, -10.00000000000000000 ) ) ;
#334 = CYLINDRICAL_SURFACE ( 'NONE', #168, 0.3000000000000016542 ) ;
#335 = CARTESIAN_POINT ( 'NONE',  ( 5.200000000000093436, -7.899999999998525979, 10.00000000000000000 ) ) ;
#336 = AXIS2_PLACEMENT_3D ( 'NONE', #3542, #409, #95 ) ;
#337 = ORIENTED_EDGE ( 'NONE', *, *, #27, .T. ) ;
#338 = CARTESIAN_POINT ( 'NONE',  ( 6.472792206135768112, 5.412132034355972898, 10.00000000000000000 ) ) ;
#339 = ORIENTED_EDGE ( 'NONE', *, *, #2900, .T. ) ;
#340 = FACE_OUTER_BOUND ( 'NONE', #1620, .T. ) ;
#341 = VECTOR ( 'NONE', #859, 1000.000000000000000 ) ;
#342 = VECTOR ( 'NONE', #1100, 1000.000000000000114 ) ;
#343 = ORIENTED_EDGE ( 'NONE', *, *, #688, .T. ) ;
#344 = FACE_OUTER_BOUND ( 'NONE', #1715, .T. ) ;
#345 = EDGE_CURVE ( 'NONE', #3617, #1088, #2410, .T. ) ;
#346 = EDGE_CURVE ( 'NONE', #3581, #742, #451, .T. ) ;
#347 = CIRCLE ( 'NONE', #3079, 0.3000000000000502265 ) ;
#348 = VERTEX_POINT ( 'NONE', #3539 ) ;
#349 = FACE_OUTER_BOUND ( 'NONE', #909, .T. ) ;
#350 = LINE ( 'NONE', #3449, #562 ) ;
#351 = VECTOR ( 'NONE', #1387, 1000.000000000000000 ) ;
#352 = AXIS2_PLACEMENT_3D ( 'NONE', #2292, #3437, #1923 ) ;
#353 = EDGE_LOOP ( 'NONE', ( #3586, #2203, #2400, #3100 ) ) ;
#354 = EDGE_CURVE ( 'NONE', #1230, #38, #3555, .T. ) ;
#355 = DIRECTION ( 'NONE',  ( 1.000000000000000000, 0.000000000000000000, 0.000000000000000000 ) ) ;
#356 = FACE_OUTER_BOUND ( 'NONE', #487, .T. ) ;
#357 = PLANE ( 'NONE',  #3253 ) ;
#358 = CARTESIAN_POINT ( 'NONE',  ( -6.472792206135710380, -5.412132034356012866, -10.00000000000000000 ) ) ;
#359 = ORIENTED_EDGE ( 'NONE', *, *, #1949, .T. ) ;
#360 = CARTESIAN_POINT ( 'NONE',  ( -8.499999999999980460, 3.399999999999939515, 10.00000000000000000 ) ) ;
#361 = ORIENTED_EDGE ( 'NONE', *, *, #1425, .F. ) ;
#362 = CARTESIAN_POINT ( 'NONE',  ( -6.472792206135795645, 5.412132034355917831, 10.00000000000000000 ) ) ;
#363 = ORIENTED_EDGE ( 'NONE', *, *, #2771, .F. ) ;
#364 = CARTESIAN_POINT ( 'NONE',  ( -8.200000000000324363, -5.199999999999300293, -10.00000000000000000 ) ) ;
#365 = DIRECTION ( 'NONE',  ( -0.000000000000000000, -0.000000000000000000, -1.000000000000000000 ) ) ;
#366 = EDGE_LOOP ( 'NONE', ( #1740, #3594, #2604, #2402 ) ) ;
#367 = EDGE_CURVE ( 'NONE', #1882, #298, #3007, .T. ) ;
#368 = LINE ( 'NONE', #2879, #3080 ) ;
#369 = DIRECTION ( 'NONE',  ( -0.7071067811865474617, -0.7071067811865474617, 0.000000000000000000 ) ) ;
#370 = LINE ( 'NONE', #3205, #1174 ) ;
#371 = FACE_OUTER_BOUND ( 'NONE', #3346, .T. ) ;
#372 = FACE_OUTER_BOUND ( 'NONE', #1668, .T. ) ;
#373 = EDGE_LOOP ( 'NONE', ( #595, #2800, #1614, #2984 ) ) ;
#374 = CARTESIAN_POINT ( 'NONE',  ( -6.472792206135710380, -5.412132034356012866, 10.00000000000000000 ) ) ;
#375 = EDGE_CURVE ( 'NONE', #1760, #3666, #1110, .T. ) ;
#376 = ORIENTED_EDGE ( 'NONE', *, *, #3486, .T. ) ;
#377 = DIRECTION ( 'NONE',  ( -0.000000000000000000, -0.000000000000000000, -1.000000000000000000 ) ) ;
#378 = ORIENTED_EDGE ( 'NONE', *, *, #1366, .F. ) ;
#379 = CARTESIAN_POINT ( 'NONE',  ( 8.199999999999958433, 5.200000000000008171, 10.00000000000000000 ) ) ;
#380 = ORIENTED_EDGE ( 'NONE', *, *, #2387, .T. ) ;
#381 = LINE ( 'NONE', #2307, #3557 ) ;
#382 = EDGE_CURVE ( 'NONE', #1692, #3518, #1529, .T. ) ;
#383 = DIRECTION ( 'NONE',  ( 0.000000000000000000, 0.000000000000000000, 1.000000000000000000 ) ) ;
#384 = DIRECTION ( 'NONE',  ( -0.000000000000000000, -0.000000000000000000, -1.000000000000000000 ) ) ;
#385 = LINE ( 'NONE', #119, #635 ) ;
#386 = FACE_OUTER_BOUND ( 'NONE', #2824, .T. ) ;
#387 = ORIENTED_EDGE ( 'NONE', *, *, #3262, .F. ) ;
#388 = CARTESIAN_POINT ( 'NONE',  ( -3.899999999999972822, -2.010912703474044605, 10.00000000000000000 ) ) ;
#389 = VECTOR ( 'NONE', #2031, 1000.000000000000000 ) ;
#390 = VERTEX_POINT ( 'NONE', #2705 ) ;
#391 = CARTESIAN_POINT ( 'NONE',  ( 7.899999999999963052, -5.199999999999993072, -10.00000000000000000 ) ) ;
#392 = CIRCLE ( 'NONE', #501, 0.2999999999999964362 ) ;
#393 = DIRECTION ( 'NONE',  ( 0.000000000000000000, 0.000000000000000000, 1.000000000000000000 ) ) ;
#394 = VERTEX_POINT ( 'NONE', #1338 ) ;
#395 = CARTESIAN_POINT ( 'NONE',  ( -9.099999999999997868, 3.399999999999935962, -10.00000000000000000 ) ) ;
#396 = VECTOR ( 'NONE', #262, 1000.000000000000000 ) ;
#397 = DIRECTION ( 'NONE',  ( 0.000000000000000000, 1.000000000000000000, 0.000000000000000000 ) ) ;
#398 = VECTOR ( 'NONE', #1659, 1000.000000000000000 ) ;
#399 = VERTEX_POINT ( 'NONE', #2465 ) ;
#400 = LINE ( 'NONE', #1548, #2413 ) ;
#401 = ORIENTED_EDGE ( 'NONE', *, *, #3387, .F. ) ;
#402 = AXIS2_PLACEMENT_3D ( 'NONE', #2064, #2317, #1135 ) ;
#403 = LINE ( 'NONE', #1178, #2430 ) ;
#404 = AXIS2_PLACEMENT_3D ( 'NONE', #2176, #3323, #1942 ) ;
#405 = AXIS2_PLACEMENT_3D ( 'NONE', #2016, #3182, #1458 ) ;
#406 = EDGE_CURVE ( 'NONE', #122, #2165, #750, .T. ) ;
#407 = DIRECTION ( 'NONE',  ( -0.000000000000000000, -0.000000000000000000, -1.000000000000000000 ) ) ;
#408 = DIRECTION ( 'NONE',  ( -0.000000000000000000, -0.000000000000000000, -1.000000000000000000 ) ) ;
#409 = DIRECTION ( 'NONE',  ( -0.000000000000000000, -0.000000000000000000, -1.000000000000000000 ) ) ;
#410 = ORIENTED_EDGE ( 'NONE', *, *, #257, .F. ) ;
#411 = LINE ( 'NONE', #942, #1835 ) ;
#412 = EDGE_CURVE ( 'NONE', #1692, #3504, #685, .T. ) ;
#413 = ORIENTED_EDGE ( 'NONE', *, *, #3130, .F. ) ;
#414 = LINE ( 'NONE', #1558, #3016 ) ;
#415 = CARTESIAN_POINT ( 'NONE',  ( 9.699999999999958433, 3.700000000000000178, -10.00000000000000000 ) ) ;
#416 = ORIENTED_EDGE ( 'NONE', *, *, #1434, .T. ) ;
#417 = CYLINDRICAL_SURFACE ( 'NONE', #952, 0.3000000000000085931 ) ;
#418 = EDGE_CURVE ( 'NONE', #2758, #1760, #400, .T. ) ;
#419 = CARTESIAN_POINT ( 'NONE',  ( 9.999999999999968026, 4.000000000000008882, 10.00000000000000000 ) ) ;
#420 = ORIENTED_EDGE ( 'NONE', *, *, #3096, .F. ) ;
#421 = CARTESIAN_POINT ( 'NONE',  ( -3.425126265847115548, 4.485786437626893886, 10.00000000000000000 ) ) ;
#422 = ADVANCED_FACE ( 'NONE', ( #1271 ), #2811, .T. ) ;
#423 = LINE ( 'NONE', #1799, #1956 ) ;
#424 = EDGE_CURVE ( 'NONE', #1479, #741, #2953, .T. ) ;
#425 = CARTESIAN_POINT ( 'NONE',  ( 3.400000000000153122, -9.099999999998523492, 10.00000000000000000 ) ) ;
#426 = DIRECTION ( 'NONE',  ( -1.000000000000000000, -0.000000000000000000, -0.000000000000000000 ) ) ;
#427 = EDGE_LOOP ( 'NONE', ( #3500, #883, #1876, #275 ) ) ;
#428 = DIRECTION ( 'NONE',  ( -0.000000000000000000, -0.000000000000000000, -1.000000000000000000 ) ) ;
#429 = EDGE_CURVE ( 'NONE', #3, #3626, #1233, .T. ) ;
#430 = FACE_OUTER_BOUND ( 'NONE', #1971, .T. ) ;
#431 = ORIENTED_EDGE ( 'NONE', *, *, #3006, .T. ) ;
#432 = LINE ( 'NONE', #2350, #1830 ) ;
#433 = PLANE ( 'NONE',  #2018 ) ;
#434 = ORIENTED_EDGE ( 'NONE', *, *, #1785, .T. ) ;
#435 = FACE_OUTER_BOUND ( 'NONE', #1388, .T. ) ;
#436 = CARTESIAN_POINT ( 'NONE',  ( 3.399999999999958611, 9.099999999999985434, -10.00000000000000000 ) ) ;
#437 = FACE_OUTER_BOUND ( 'NONE', #590, .T. ) ;
#438 = ORIENTED_EDGE ( 'NONE', *, *, #1841, .T. ) ;
#439 =( LENGTH_UNIT ( ) NAMED_UNIT ( * ) SI_UNIT ( .MILLI., .METRE. ) );
#440 = ORIENTED_EDGE ( 'NONE', *, *, #2119, .F. ) ;
#441 = FACE_OUTER_BOUND ( 'NONE', #1282, .T. ) ;
#442 = CARTESIAN_POINT ( 'NONE',  ( 3.900000000000000799, 2.010912703474009966, 10.00000000000000000 ) ) ;
#443 = ORIENTED_EDGE ( 'NONE', *, *, #3611, .F. ) ;
#444 = DIRECTION ( 'NONE',  ( -1.000000000000000000, 0.000000000000000000, 0.000000000000000000 ) ) ;
#445 = EDGE_CURVE ( 'NONE', #3011, #215, #392, .T. ) ;
#446 = CARTESIAN_POINT ( 'NONE',  ( -9.399999999999856470, -3.399999999999359979, 10.00000000000000000 ) ) ;
#447 = AXIS2_PLACEMENT_3D ( 'NONE', #3642, #557, #3683 ) ;
#448 = EDGE_CURVE ( 'NONE', #2791, #3301, #2798, .T. ) ;
#449 = ORIENTED_EDGE ( 'NONE', *, *, #429, .F. ) ;
#450 = VECTOR ( 'NONE', #407, 1000.000000000000000 ) ;
#451 = LINE ( 'NONE', #148, #2066 ) ;
#452 = EDGE_CURVE ( 'NONE', #846, #471, #1909, .T. ) ;
#453 = CARTESIAN_POINT ( 'NONE',  ( 9.099999999999969447, -3.100000000000001865, -10.00000000000000000 ) ) ;
#454 = CIRCLE ( 'NONE', #3389, 0.2999999999999947153 ) ;
#455 = VECTOR ( 'NONE', #1156, 1000.000000000000000 ) ;
#456 = VERTEX_POINT ( 'NONE', #3660 ) ;
#457 = EDGE_CURVE ( 'NONE', #2227, #1751, #269, .T. ) ;
#458 = AXIS2_PLACEMENT_3D ( 'NONE', #2273, #2823, #2258 ) ;
#459 = VERTEX_POINT ( 'NONE', #541 ) ;
#460 = DIRECTION ( 'NONE',  ( -0.000000000000000000, -0.000000000000000000, -1.000000000000000000 ) ) ;
#461 = LINE ( 'NONE', #1602, #1885 ) ;
#462 = ORIENTED_EDGE ( 'NONE', *, *, #1624, .T. ) ;
#463 = CARTESIAN_POINT ( 'NONE',  ( -8.200000000000319034, -3.399999999999302691, 10.00000000000000000 ) ) ;
#464 = ORIENTED_EDGE ( 'NONE', *, *, #3578, .F. ) ;
#465 = DIRECTION ( 'NONE',  ( 0.000000000000000000, 0.000000000000000000, 1.000000000000000000 ) ) ;
#466 = EDGE_LOOP ( 'NONE', ( #1368, #102, #1504, #3633 ) ) ;
#467 = DIRECTION ( 'NONE',  ( -0.000000000000000000, -0.000000000000000000, -1.000000000000000000 ) ) ;
#468 = LINE ( 'NONE', #2730, #2827 ) ;
#469 = CARTESIAN_POINT ( 'NONE',  ( -2.081668171172168513E-14, -2.081668171172168513E-14, -10.00000000000000000 ) ) ;
#470 = EDGE_CURVE ( 'NONE', #2841, #3641, #1647, .T. ) ;
#471 = VERTEX_POINT ( 'NONE', #2505 ) ;
#472 = ADVANCED_FACE ( 'NONE', ( #3082 ), #3404, .T. ) ;
#473 = EDGE_LOOP ( 'NONE', ( #1070, #2996, #2052, #1267 ) ) ;
#474 = ORIENTED_EDGE ( 'NONE', *, *, #3236, .T. ) ;
#475 = DIRECTION ( 'NONE',  ( -0.000000000000000000, -0.000000000000000000, -1.000000000000000000 ) ) ;
#476 = EDGE_CURVE ( 'NONE', #59, #390, #1391, .T. ) ;
#477 = CARTESIAN_POINT ( 'NONE',  ( 3.900000000000000799, 2.010912703474009966, -10.00000000000000000 ) ) ;
#478 = VERTEX_POINT ( 'NONE', #1109 ) ;
#479 = FACE_OUTER_BOUND ( 'NONE', #84, .T. ) ;
#480 = ORIENTED_EDGE ( 'NONE', *, *, #3510, .T. ) ;
#481 = LINE ( 'NONE', #2408, #1309 ) ;
#482 = ADVANCED_FACE ( 'NONE', ( #1969 ), #2241, .F. ) ;
#483 = ORIENTED_EDGE ( 'NONE', *, *, #3229, .F. ) ;
#484 = CARTESIAN_POINT ( 'NONE',  ( 2.499999999999974243, -2.051052001193484726E-14, 10.00000000000000000 ) ) ;
#485 = ORIENTED_EDGE ( 'NONE', *, *, #1743, .T. ) ;
#486 = ADVANCED_FACE ( 'NONE', ( #3329 ), #3098, .T. ) ;
#487 = EDGE_LOOP ( 'NONE', ( #1577, #2426, #43, #3337 ) ) ;
#488 = FILL_AREA_STYLE_COLOUR ( '', #2025 ) ;
#489 = EDGE_LOOP ( 'NONE', ( #3584, #3303, #2219, #895 ) ) ;
#490 = DIRECTION ( 'NONE',  ( -0.000000000000000000, -0.000000000000000000, -1.000000000000000000 ) ) ;
#491 = CARTESIAN_POINT ( 'NONE',  ( 10.00000000000017408, -8.499999999998523847, -10.00000000000000000 ) ) ;
#492 = DIRECTION ( 'NONE',  ( -1.000000000000000000, 0.000000000000000000, 0.000000000000000000 ) ) ;
#493 = DIRECTION ( 'NONE',  ( 1.000000000000000000, 0.000000000000000000, 0.000000000000000000 ) ) ;
#494 = ORIENTED_EDGE ( 'NONE', *, *, #2124, .F. ) ;
#495 = DIRECTION ( 'NONE',  ( -0.000000000000000000, -1.000000000000000000, -0.000000000000000000 ) ) ;
#496 = ORIENTED_EDGE ( 'NONE', *, *, #220, .T. ) ;
#497 = DIRECTION ( 'NONE',  ( -1.000000000000000000, 0.000000000000000000, 0.000000000000000000 ) ) ;
#498 = CIRCLE ( 'NONE', #3552, 0.3000000000000458966 ) ;
#499 = ORIENTED_EDGE ( 'NONE', *, *, #727, .T. ) ;
#500 = CARTESIAN_POINT ( 'NONE',  ( 7.899999999999963052, 5.200000000000008171, 10.00000000000000000 ) ) ;
#501 = AXIS2_PLACEMENT_3D ( 'NONE', #500, #2206, #852 ) ;
#502 = DIRECTION ( 'NONE',  ( -0.7071067811865474617, 0.7071067811865474617, 0.000000000000000000 ) ) ;
#503 = AXIS2_PLACEMENT_3D ( 'NONE', #2614, #614, #2642 ) ;
#504 = ORIENTED_EDGE ( 'NONE', *, *, #626, .F. ) ;
#505 = AXIS2_PLACEMENT_3D ( 'NONE', #3362, #2450, #3332 ) ;
#506 = CIRCLE ( 'NONE', #998, 1.499999999999843459 ) ;
#507 = CIRCLE ( 'NONE', #3318, 0.3000000000000016542 ) ;
#508 = CIRCLE ( 'NONE', #1001, 0.2999999999999947153 ) ;
#509 = ORIENTED_EDGE ( 'NONE', *, *, #186, .T. ) ;
#510 = ORIENTED_EDGE ( 'NONE', *, *, #1080, .F. ) ;
#511 = CARTESIAN_POINT ( 'NONE',  ( -9.099999999999997868, 3.099999999999918820, -10.00000000000000000 ) ) ;
#512 = DIRECTION ( 'NONE',  ( -0.000000000000000000, -0.000000000000000000, -1.000000000000000000 ) ) ;
#513 = VECTOR ( 'NONE', #1021, 1000.000000000000000 ) ;
#514 = CIRCLE ( 'NONE', #2310, 0.2999999999999877764 ) ;
#515 = LINE ( 'NONE', #2174, #1115 ) ;
#516 = EDGE_CURVE ( 'NONE', #2588, #3504, #291, .T. ) ;
#517 = AXIS2_PLACEMENT_3D ( 'NONE', #3624, #1352, #774 ) ;
#518 = EDGE_LOOP ( 'NONE', ( #2550, #2828, #1906, #1878 ) ) ;
#519 = LINE ( 'NONE', #3020, #3146 ) ;
#520 = VECTOR ( 'NONE', #2693, 1000.000000000000000 ) ;
#521 = ORIENTED_EDGE ( 'NONE', *, *, #1706, .F. ) ;
#522 = CARTESIAN_POINT ( 'NONE',  ( 9.399999999999950617, -3.399999999999991473, -10.00000000000000000 ) ) ;
#523 = DIRECTION ( 'NONE',  ( -1.000000000000000000, 0.000000000000000000, 0.000000000000000000 ) ) ;
#524 = EDGE_CURVE ( 'NONE', #1853, #2911, #3366, .T. ) ;
#525 = ORIENTED_EDGE ( 'NONE', *, *, #584, .F. ) ;
#526 = DIRECTION ( 'NONE',  ( -0.000000000000000000, -0.000000000000000000, -1.000000000000000000 ) ) ;
#527 = LINE ( 'NONE', #3099, #3560 ) ;
#528 = EDGE_CURVE ( 'NONE', #1466, #3237, #1054, .T. ) ;
#529 = ORIENTED_EDGE ( 'NONE', *, *, #928, .T. ) ;
#530 = ADVANCED_FACE ( 'NONE', ( #2185 ), #2539, .F. ) ;
#531 = ORIENTED_EDGE ( 'NONE', *, *, #3107, .F. ) ;
#532 = CARTESIAN_POINT ( 'NONE',  ( -5.199999999999816325, -6.684924240490628833, 10.00000000000000000 ) ) ;
#533 = CARTESIAN_POINT ( 'NONE',  ( -7.900000000000240163, -5.500000000000135003, 10.00000000000000000 ) ) ;
#534 = DIRECTION ( 'NONE',  ( -0.000000000000000000, -0.000000000000000000, -1.000000000000000000 ) ) ;
#535 = ORIENTED_EDGE ( 'NONE', *, *, #448, .T. ) ;
#536 = DIRECTION ( 'NONE',  ( -0.000000000000000000, -0.000000000000000000, -1.000000000000000000 ) ) ;
#537 = EDGE_LOOP ( 'NONE', ( #560, #3456, #289, #1629 ) ) ;
#538 = DIRECTION ( 'NONE',  ( -0.000000000000000000, -0.000000000000000000, -1.000000000000000000 ) ) ;
#539 = ADVANCED_FACE ( 'NONE', ( #1076 ), #2296, .T. ) ;
#540 = VERTEX_POINT ( 'NONE', #2318 ) ;
#541 = CARTESIAN_POINT ( 'NONE',  ( 3.700000000000140510, -9.699999999998521361, 10.00000000000000000 ) ) ;
#542 = EDGE_CURVE ( 'NONE', #700, #733, #1877, .T. ) ;
#543 = CARTESIAN_POINT ( 'NONE',  ( 3.099999999999964118, 9.099999999999985434, 10.00000000000000000 ) ) ;
#544 = ORIENTED_EDGE ( 'NONE', *, *, #790, .T. ) ;
#545 = DIRECTION ( 'NONE',  ( -1.000000000000000000, 0.000000000000000000, 0.000000000000000000 ) ) ;
#546 = ORIENTED_EDGE ( 'NONE', *, *, #2656, .F. ) ;
#547 = DIRECTION ( 'NONE',  ( -1.000000000000000000, 0.000000000000000000, 0.000000000000000000 ) ) ;
#548 = CARTESIAN_POINT ( 'NONE',  ( 4.485786437626898326, -3.425126265847091567, -10.00000000000000000 ) ) ;
#549 = DIRECTION ( 'NONE',  ( 0.000000000000000000, 0.000000000000000000, 1.000000000000000000 ) ) ;
#550 = CARTESIAN_POINT ( 'NONE',  ( -5.500000000000032863, 7.899999999999950617, 10.00000000000000000 ) ) ;
#551 = EDGE_LOOP ( 'NONE', ( #555, #321, #73, #3024 ) ) ;
#552 = CARTESIAN_POINT ( 'NONE',  ( -8.499999999999980460, 3.399999999999939515, 10.00000000000000000 ) ) ;
#553 = ORIENTED_EDGE ( 'NONE', *, *, #2560, .T. ) ;
#554 = DIRECTION ( 'NONE',  ( -0.000000000000000000, -0.000000000000000000, -1.000000000000000000 ) ) ;
#555 = ORIENTED_EDGE ( 'NONE', *, *, #299, .T. ) ;
#556 = PLANE ( 'NONE',  #646 ) ;
#557 = DIRECTION ( 'NONE',  ( 0.000000000000000000, 0.000000000000000000, 1.000000000000000000 ) ) ;
#558 = EDGE_CURVE ( 'NONE', #3581, #836, #1639, .T. ) ;
#559 = CARTESIAN_POINT ( 'NONE',  ( 9.700000000000180478, -3.999999999998371081, 10.00000000000000000 ) ) ;
#560 = ORIENTED_EDGE ( 'NONE', *, *, #524, .T. ) ;
#561 = EDGE_CURVE ( 'NONE', #2299, #2205, #3157, .T. ) ;
#562 = VECTOR ( 'NONE', #2623, 1000.000000000000000 ) ;
#563 = EDGE_CURVE ( 'NONE', #2716, #2813, #990, .T. ) ;
#564 = CARTESIAN_POINT ( 'NONE',  ( 3.699999999999953104, 9.699999999999981526, -10.00000000000000000 ) ) ;
#565 = VECTOR ( 'NONE', #2432, 1000.000000000000000 ) ;
#566 = EDGE_CURVE ( 'NONE', #728, #6, #1292, .T. ) ;
#567 = DIRECTION ( 'NONE',  ( -1.000000000000000000, 0.000000000000000000, 0.000000000000000000 ) ) ;
#568 = AXIS2_PLACEMENT_3D ( 'NONE', #2382, #2095, #3514 ) ;
#569 = ORIENTED_EDGE ( 'NONE', *, *, #3417, .F. ) ;
#570 = CARTESIAN_POINT ( 'NONE',  ( 2.010912703473977103, 5.900000000000014566, 10.00000000000000000 ) ) ;
#571 = DIRECTION ( 'NONE',  ( 0.000000000000000000, 0.000000000000000000, 1.000000000000000000 ) ) ;
#572 = AXIS2_PLACEMENT_3D ( 'NONE', #759, #3609, #1038 ) ;
#573 = CARTESIAN_POINT ( 'NONE',  ( -9.699999999999986855, 3.399999999999929301, -10.00000000000000000 ) ) ;
#574 = CARTESIAN_POINT ( 'NONE',  ( -3.399999999999820055, -8.199999999998903277, 10.00000000000000000 ) ) ;
#575 = ADVANCED_FACE ( 'NONE', ( #867 ), #911, .F. ) ;
#576 = ORIENTED_EDGE ( 'NONE', *, *, #3056, .F. ) ;
#577 = CARTESIAN_POINT ( 'NONE',  ( -9.099999999999997868, 3.099999999999937916, 10.00000000000000000 ) ) ;
#578 = AXIS2_PLACEMENT_3D ( 'NONE', #2815, #2467, #3591 ) ;
#579 = AXIS2_PLACEMENT_3D ( 'NONE', #720, #156, #2172 ) ;
#580 = VERTEX_POINT ( 'NONE', #2048 ) ;
#581 = CARTESIAN_POINT ( 'NONE',  ( 5.412132034356059940, -6.472792206134560189, 10.00000000000000000 ) ) ;
#582 = CIRCLE ( 'NONE', #1062, 0.2999999999999947153 ) ;
#583 = VECTOR ( 'NONE', #628, 1000.000000000000000 ) ;
#584 = EDGE_CURVE ( 'NONE', #2224, #2588, #3127, .T. ) ;
#585 = ORIENTED_EDGE ( 'NONE', *, *, #3061, .T. ) ;
#586 = DIRECTION ( 'NONE',  ( -0.000000000000000000, -0.000000000000000000, -1.000000000000000000 ) ) ;
#587 = DIRECTION ( 'NONE',  ( 1.000000000000000000, 0.000000000000000000, 0.000000000000000000 ) ) ;
#588 = AXIS2_PLACEMENT_3D ( 'NONE', #1403, #2022, #1462 ) ;
#589 = UNCERTAINTY_MEASURE_WITH_UNIT (LENGTH_MEASURE( 1.000000000000000082E-05 ), #1316, 'distance_accuracy_value', 'NONE');
#590 = EDGE_LOOP ( 'NONE', ( #1011, #2212, #1015, #2483 ) ) ;
#591 = DIRECTION ( 'NONE',  ( 0.000000000000000000, -1.000000000000000000, 0.000000000000000000 ) ) ;
#592 = CARTESIAN_POINT ( 'NONE',  ( -3.400000000000027889, 8.499999999999953815, 10.00000000000000000 ) ) ;
#593 = DIRECTION ( 'NONE',  ( -0.000000000000000000, -0.000000000000000000, -1.000000000000000000 ) ) ;
#594 = EDGE_CURVE ( 'NONE', #3470, #3639, #694, .T. ) ;
#595 = ORIENTED_EDGE ( 'NONE', *, *, #3599, .T. ) ;
#596 = CARTESIAN_POINT ( 'NONE',  ( -3.100000000000033396, 9.099999999999957012, 10.00000000000000000 ) ) ;
#597 = DIRECTION ( 'NONE',  ( 0.000000000000000000, 1.000000000000000000, 0.000000000000000000 ) ) ;
#598 = LINE ( 'NONE', #34, #341 ) ;
#599 = PLANE ( 'NONE',  #3613 ) ;
#600 = ORIENTED_EDGE ( 'NONE', *, *, #3130, .T. ) ;
#601 = CYLINDRICAL_SURFACE ( 'NONE', #588, 0.3000000000000051514 ) ;
#602 = ORIENTED_EDGE ( 'NONE', *, *, #3578, .T. ) ;
#603 = DIRECTION ( 'NONE',  ( 1.000000000000000000, -0.000000000000000000, -0.000000000000000000 ) ) ;
#604 = VERTEX_POINT ( 'NONE', #1721 ) ;
#605 = CARTESIAN_POINT ( 'NONE',  ( 5.200000000000093436, -6.684924240490526692, -10.00000000000000000 ) ) ;
#606 = DIRECTION ( 'NONE',  ( 0.7071067811865479058, -0.7071067811865472397, -0.000000000000000000 ) ) ;
#607 = ADVANCED_FACE ( 'NONE', ( #2853 ), #357, .F. ) ;
#608 = VERTEX_POINT ( 'NONE', #137 ) ;
#609 = CARTESIAN_POINT ( 'NONE',  ( -3.400000000000027889, 8.199999999999951328, -10.00000000000000000 ) ) ;
#610 = CARTESIAN_POINT ( 'NONE',  ( 4.485786437626898326, -3.425126265847091567, 10.00000000000000000 ) ) ;
#611 = EDGE_LOOP ( 'NONE', ( #1208, #1898, #1497, #2459 ) ) ;
#612 = LINE ( 'NONE', #2640, #3324 ) ;
#613 = DIRECTION ( 'NONE',  ( -0.7071067811865474617, 0.7071067811865474617, -0.000000000000000000 ) ) ;
#614 = DIRECTION ( 'NONE',  ( 0.000000000000000000, 1.000000000000000000, 0.000000000000000000 ) ) ;
#615 = VERTEX_POINT ( 'NONE', #976 ) ;
#616 = CARTESIAN_POINT ( 'NONE',  ( -3.099999999999814904, -9.099999999998905409, 10.00000000000000000 ) ) ;
#617 = ORIENTED_EDGE ( 'NONE', *, *, #2915, .F. ) ;
#618 = CARTESIAN_POINT ( 'NONE',  ( 5.199999999999968203, 7.899999999999985256, -10.00000000000000000 ) ) ;
#619 = VERTEX_POINT ( 'NONE', #2628 ) ;
#620 = DIRECTION ( 'NONE',  ( 1.000000000000000000, 0.000000000000000000, 0.000000000000000000 ) ) ;
#621 = DIRECTION ( 'NONE',  ( 0.000000000000000000, 0.000000000000000000, 1.000000000000000000 ) ) ;
#622 = VERTEX_POINT ( 'NONE', #1789 ) ;
#623 = FACE_OUTER_BOUND ( 'NONE', #252, .T. ) ;
#624 = ADVANCED_FACE ( 'NONE', ( #386 ), #2966, .T. ) ;
#625 = CYLINDRICAL_SURFACE ( 'NONE', #2884, 0.3000000000000059841 ) ;
#626 = EDGE_CURVE ( 'NONE', #3418, #1965, #940, .T. ) ;
#627 = ORIENTED_EDGE ( 'NONE', *, *, #2124, .T. ) ;
#628 = DIRECTION ( 'NONE',  ( -0.000000000000000000, -0.000000000000000000, -1.000000000000000000 ) ) ;
#629 = CIRCLE ( 'NONE', #3364, 0.2999999999999973244 ) ;
#630 = ADVANCED_FACE ( 'NONE', ( #716 ), #2110, .F. ) ;
#631 = AXIS2_PLACEMENT_3D ( 'NONE', #2781, #1136, #3630 ) ;
#632 = CARTESIAN_POINT ( 'NONE',  ( -2.010912703474032615, 3.900000000000016342, -10.00000000000000000 ) ) ;
#633 = DIRECTION ( 'NONE',  ( 1.000000000000000000, 0.000000000000000000, 0.000000000000000000 ) ) ;
#634 = LINE ( 'NONE', #1533, #1761 ) ;
#635 = VECTOR ( 'NONE', #408, 1000.000000000000000 ) ;
#636 = CARTESIAN_POINT ( 'NONE',  ( -9.999999999999841904, -8.499999999999305444, 10.00000000000000000 ) ) ;
#637 = CARTESIAN_POINT ( 'NONE',  ( -8.500000000000035527, 8.499999999999939604, 10.00000000000000000 ) ) ;
#638 = ORIENTED_EDGE ( 'NONE', *, *, #2192, .F. ) ;
#639 = CARTESIAN_POINT ( 'NONE',  ( -8.500000000000007105, -9.999999999999158007, 10.00000000000000000 ) ) ;
#640 = CIRCLE ( 'NONE', #2415, 0.3000000000000051514 ) ;
#641 = AXIS2_PLACEMENT_3D ( 'NONE', #3547, #1572, #1829 ) ;
#642 = AXIS2_PLACEMENT_3D ( 'NONE', #3661, #1699, #840 ) ;
#643 = ORIENTED_EDGE ( 'NONE', *, *, #2632, .F. ) ;
#644 = CARTESIAN_POINT ( 'NONE',  ( 3.425126265847206586, -4.485786437625706391, 10.00000000000000000 ) ) ;
#645 = AXIS2_PLACEMENT_3D ( 'NONE', #301, #807, #1658 ) ;
#646 = AXIS2_PLACEMENT_3D ( 'NONE', #3115, #2852, #3467 ) ;
#647 = VECTOR ( 'NONE', #3627, 1000.000000000000000 ) ;
#648 = EDGE_CURVE ( 'NONE', #2274, #1079, #3225, .T. ) ;
#649 = ORIENTED_EDGE ( 'NONE', *, *, #2327, .T. ) ;
#650 = CARTESIAN_POINT ( 'NONE',  ( 3.999999999999961808, 10.00000000000000355, -10.00000000000000000 ) ) ;
#651 = DIRECTION ( 'NONE',  ( -1.000000000000000000, 0.000000000000000000, 0.000000000000000000 ) ) ;
#652 = CIRCLE ( 'NONE', #2429, 2.000000000000017319 ) ;
#653 = VERTEX_POINT ( 'NONE', #691 ) ;
#654 = CIRCLE ( 'NONE', #2085, 0.2999999999999981570 ) ;
#655 = LINE ( 'NONE', #1219, #2490 ) ;
#656 = CARTESIAN_POINT ( 'NONE',  ( 2.010912703474268426, -3.899999999998878142, -10.00000000000000000 ) ) ;
#657 = DIRECTION ( 'NONE',  ( -0.000000000000000000, -0.000000000000000000, -1.000000000000000000 ) ) ;
#658 = LINE ( 'NONE', #1568, #753 ) ;
#659 = LINE ( 'NONE', #1845, #890 ) ;
#660 = ORIENTED_EDGE ( 'NONE', *, *, #2551, .T. ) ;
#661 = FACE_OUTER_BOUND ( 'NONE', #219, .T. ) ;
#662 = ORIENTED_EDGE ( 'NONE', *, *, #2013, .T. ) ;
#663 = CARTESIAN_POINT ( 'NONE',  ( 3.400000000000153122, -8.199999999998526690, -10.00000000000000000 ) ) ;
#664 = ADVANCED_FACE ( 'NONE', ( #371, #958 ), #1843, .T. ) ;
#665 = ORIENTED_EDGE ( 'NONE', *, *, #1032, .T. ) ;
#666 = DIRECTION ( 'NONE',  ( 1.000000000000000000, 0.000000000000000000, 0.000000000000000000 ) ) ;
#667 = DIRECTION ( 'NONE',  ( -1.000000000000000000, 0.000000000000000000, 0.000000000000000000 ) ) ;
#668 = ORIENTED_EDGE ( 'NONE', *, *, #1508, .F. ) ;
#669 = FACE_OUTER_BOUND ( 'NONE', #1165, .T. ) ;
#670 = PRODUCT_DEFINITION_SHAPE ( 'NONE', 'NONE',  #3694 ) ;
#671 = DIRECTION ( 'NONE',  ( -0.000000000000000000, -0.000000000000000000, -1.000000000000000000 ) ) ;
#672 = FACE_OUTER_BOUND ( 'NONE', #109, .T. ) ;
#673 = PLANE ( 'NONE',  #2710 ) ;
#674 = DIRECTION ( 'NONE',  ( 0.7071067811865474617, -0.7071067811865474617, 0.000000000000000000 ) ) ;
#675 = ORIENTED_EDGE ( 'NONE', *, *, #236, .F. ) ;
#676 = CARTESIAN_POINT ( 'NONE',  ( 3.425126265847068918, 4.485786437626923195, 10.00000000000000000 ) ) ;
#677 = EDGE_CURVE ( 'NONE', #1825, #241, #1112, .T. ) ;
#678 = ORIENTED_EDGE ( 'NONE', *, *, #424, .T. ) ;
#679 = CARTESIAN_POINT ( 'NONE',  ( -3.099999999999811351, -8.499999999998898659, 10.00000000000000000 ) ) ;
#680 = CARTESIAN_POINT ( 'NONE',  ( -8.499999999999868550, -3.099999999999399236, -10.00000000000000000 ) ) ;
#681 = ORIENTED_EDGE ( 'NONE', *, *, #872, .F. ) ;
#682 = DIRECTION ( 'NONE',  ( -0.000000000000000000, -0.000000000000000000, -1.000000000000000000 ) ) ;
#683 = EDGE_CURVE ( 'NONE', #1049, #2592, #658, .T. ) ;
#684 = ORIENTED_EDGE ( 'NONE', *, *, #3421, .T. ) ;
#685 = LINE ( 'NONE', #1813, #1471 ) ;
#686 = ORIENTED_EDGE ( 'NONE', *, *, #2701, .T. ) ;
#687 = DIRECTION ( 'NONE',  ( -1.000000000000000000, 0.000000000000000000, 0.000000000000000000 ) ) ;
#688 = EDGE_CURVE ( 'NONE', #1731, #1199, #2357, .T. ) ;
#689 = CARTESIAN_POINT ( 'NONE',  ( -9.699999999999848299, -3.999999999999309885, 10.00000000000000000 ) ) ;
#690 = DIRECTION ( 'NONE',  ( -0.7071067811865479058, -0.7071067811865472397, -0.000000000000000000 ) ) ;
#691 = CARTESIAN_POINT ( 'NONE',  ( -3.399999999999820055, -8.199999999998899725, -10.00000000000000000 ) ) ;
#692 = ORIENTED_EDGE ( 'NONE', *, *, #1493, .T. ) ;
#693 = CARTESIAN_POINT ( 'NONE',  ( -5.499999999999813483, -7.899999999998902567, 10.00000000000000000 ) ) ;
#694 = CIRCLE ( 'NONE', #2760, 1.999999999999999556 ) ;
#695 = ORIENTED_EDGE ( 'NONE', *, *, #2447, .F. ) ;
#696 = FACE_OUTER_BOUND ( 'NONE', #81, .T. ) ;
#697 = AXIS2_PLACEMENT_3D ( 'NONE', #689, #384, #2381 ) ;
#698 = EDGE_CURVE ( 'NONE', #2377, #1968, #1518, .T. ) ;
#699 = DIRECTION ( 'NONE',  ( -0.000000000000000000, -0.000000000000000000, -1.000000000000000000 ) ) ;
#700 = VERTEX_POINT ( 'NONE', #1822 ) ;
#701 = DIRECTION ( 'NONE',  ( -0.000000000000000000, 1.000000000000000000, -0.000000000000000000 ) ) ;
#702 = VECTOR ( 'NONE', #3416, 1000.000000000000000 ) ;
#703 = VECTOR ( 'NONE', #1540, 1000.000000000000000 ) ;
#704 = FACE_OUTER_BOUND ( 'NONE', #1330, .T. ) ;
#705 = ADVANCED_FACE ( 'NONE', ( #2643 ), #1535, .F. ) ;
#706 = AXIS2_PLACEMENT_3D ( 'NONE', #1657, #2213, #1636 ) ;
#707 = AXIS2_PLACEMENT_3D ( 'NONE', #1067, #3636, #3106 ) ;
#708 = VERTEX_POINT ( 'NONE', #987 ) ;
#709 = DIRECTION ( 'NONE',  ( 0.000000000000000000, 0.000000000000000000, 1.000000000000000000 ) ) ;
#710 = VECTOR ( 'NONE', #2407, 1000.000000000000000 ) ;
#711 = AXIS2_PLACEMENT_3D ( 'NONE', #908, #3210, #1793 ) ;
#712 = CYLINDRICAL_SURFACE ( 'NONE', #1477, 0.2999999999999973244 ) ;
#713 = CIRCLE ( 'NONE', #2612, 0.2999999999999990452 ) ;
#714 = AXIS2_PLACEMENT_3D ( 'NONE', #1764, #3222, #76 ) ;
#715 = EDGE_CURVE ( 'NONE', #2492, #1277, #2236, .T. ) ;
#716 = FACE_OUTER_BOUND ( 'NONE', #489, .T. ) ;
#717 = ORIENTED_EDGE ( 'NONE', *, *, #2632, .T. ) ;
#718 = DIRECTION ( 'NONE',  ( -0.000000000000000000, -0.000000000000000000, -1.000000000000000000 ) ) ;
#719 = VERTEX_POINT ( 'NONE', #120 ) ;
#720 = CARTESIAN_POINT ( 'NONE',  ( 2.010912703473977103, 3.900000000000016342, 10.00000000000000000 ) ) ;
#721 = ORIENTED_EDGE ( 'NONE', *, *, #2338, .T. ) ;
#722 = LINE ( 'NONE', #663, #3388 ) ;
#723 = CYLINDRICAL_SURFACE ( 'NONE', #1487, 2.000000000000000000 ) ;
#724 = VERTEX_POINT ( 'NONE', #1290 ) ;
#725 = DIRECTION ( 'NONE',  ( -1.000000000000000000, 0.000000000000000000, 0.000000000000000000 ) ) ;
#726 = FACE_OUTER_BOUND ( 'NONE', #353, .T. ) ;
#727 = EDGE_CURVE ( 'NONE', #159, #775, #2662, .T. ) ;
#728 = VERTEX_POINT ( 'NONE', #2417 ) ;
#729 = ORIENTED_EDGE ( 'NONE', *, *, #1624, .F. ) ;
#730 = CYLINDRICAL_SURFACE ( 'NONE', #1363, 0.2999999999999981570 ) ;
#731 = EDGE_CURVE ( 'NONE', #1794, #773, #3564, .T. ) ;
#732 = EDGE_CURVE ( 'NONE', #3037, #2758, #3491, .T. ) ;
#733 = VERTEX_POINT ( 'NONE', #2193 ) ;
#734 = DIRECTION ( 'NONE',  ( 0.000000000000000000, 0.000000000000000000, 1.000000000000000000 ) ) ;
#735 = DIRECTION ( 'NONE',  ( -1.000000000000000000, 0.000000000000000000, 0.000000000000000000 ) ) ;
#736 = ORIENTED_EDGE ( 'NONE', *, *, #3175, .F. ) ;
#737 = PLANE ( 'NONE',  #1757 ) ;
#738 = DIRECTION ( 'NONE',  ( 1.000000000000000000, 0.000000000000000000, 0.000000000000000000 ) ) ;
#739 = EDGE_CURVE ( 'NONE', #1213, #311, #1630, .T. ) ;
#740 = EDGE_CURVE ( 'NONE', #3518, #3616, #1024, .T. ) ;
#741 = VERTEX_POINT ( 'NONE', #188 ) ;
#742 = VERTEX_POINT ( 'NONE', #2761 ) ;
#743 = DIRECTION ( 'NONE',  ( -0.000000000000000000, -0.000000000000000000, -1.000000000000000000 ) ) ;
#744 = CYLINDRICAL_SURFACE ( 'NONE', #3615, 0.2999999999999947153 ) ;
#745 = AXIS2_PLACEMENT_3D ( 'NONE', #1783, #1496, #2896 ) ;
#746 = EDGE_LOOP ( 'NONE', ( #2652, #3039, #2314, #3148 ) ) ;
#747 = LINE ( 'NONE', #3036, #2782 ) ;
#748 = EDGE_LOOP ( 'NONE', ( #1695, #1555, #1382, #139 ) ) ;
#749 = DIRECTION ( 'NONE',  ( 0.000000000000000000, 0.000000000000000000, 1.000000000000000000 ) ) ;
#750 = CIRCLE ( 'NONE', #2820, 0.2999999999999981570 ) ;
#751 = ADVANCED_FACE ( 'NONE', ( #437 ), #784, .F. ) ;
#752 = ORIENTED_EDGE ( 'NONE', *, *, #3211, .F. ) ;
#753 = VECTOR ( 'NONE', #674, 1000.000000000000114 ) ;
#754 = FACE_OUTER_BOUND ( 'NONE', #1590, .T. ) ;
#755 = DIRECTION ( 'NONE',  ( -0.000000000000000000, -0.000000000000000000, -1.000000000000000000 ) ) ;
#756 = EDGE_CURVE ( 'NONE', #1812, #2499, #172, .T. ) ;
#757 = VECTOR ( 'NONE', #2036, 1000.000000000000000 ) ;
#758 = AXIS2_PLACEMENT_3D ( 'NONE', #2750, #247, #1962 ) ;
#759 = CARTESIAN_POINT ( 'NONE',  ( 8.499999999999966249, 8.500000000000001776, 10.00000000000000000 ) ) ;
#760 = ORIENTED_EDGE ( 'NONE', *, *, #2741, .T. ) ;
#761 = AXIS2_PLACEMENT_3D ( 'NONE', #570, #1710, #2475 ) ;
#762 = VECTOR ( 'NONE', #3596, 1000.000000000000000 ) ;
#763 = CARTESIAN_POINT ( 'NONE',  ( 5.499999999999963585, 6.684924240491755043, -10.00000000000000000 ) ) ;
#764 = CIRCLE ( 'NONE', #3018, 0.3000000000000059841 ) ;
#765 = AXIS2_PLACEMENT_3D ( 'NONE', #2611, #2360, #2073 ) ;
#766 = CARTESIAN_POINT ( 'NONE',  ( 3.400000000000153122, -8.199999999998526690, 10.00000000000000000 ) ) ;
#767 = ORIENTED_EDGE ( 'NONE', *, *, #206, .T. ) ;
#768 = DIRECTION ( 'NONE',  ( 1.000000000000000000, 0.000000000000000000, 0.000000000000000000 ) ) ;
#769 = EDGE_LOOP ( 'NONE', ( #3187, #2882, #1625, #1664 ) ) ;
#770 = FACE_OUTER_BOUND ( 'NONE', #748, .T. ) ;
#771 = DIRECTION ( 'NONE',  ( -0.7071067811865479058, -0.7071067811865472397, -0.000000000000000000 ) ) ;
#772 = STYLED_ITEM ( 'NONE', ( #190 ), #1202 ) ;
#773 = VERTEX_POINT ( 'NONE', #1040 ) ;
#774 = DIRECTION ( 'NONE',  ( 1.000000000000000000, 0.000000000000000000, 0.000000000000000000 ) ) ;
#775 = VERTEX_POINT ( 'NONE', #766 ) ;
#776 = ORIENTED_EDGE ( 'NONE', *, *, #808, .T. ) ;
#777 = CARTESIAN_POINT ( 'NONE',  ( -5.200000000000024158, 6.684924240491713299, -10.00000000000000000 ) ) ;
#778 = EDGE_CURVE ( 'NONE', #3567, #1065, #1098, .T. ) ;
#779 = UNCERTAINTY_MEASURE_WITH_UNIT (LENGTH_MEASURE( 1.000000000000000082E-05 ), #439, 'distance_accuracy_value', 'NONE');
#780 = CARTESIAN_POINT ( 'NONE',  ( 3.999999999999961808, 10.00000000000000355, 10.00000000000000000 ) ) ;
#781 = CARTESIAN_POINT ( 'NONE',  ( 6.684924240491732839, 5.500000000000007105, -10.00000000000000000 ) ) ;
#782 = ORIENTED_EDGE ( 'NONE', *, *, #1633, .F. ) ;
#783 = CARTESIAN_POINT ( 'NONE',  ( -3.399999999999820055, -8.199999999998899725, 10.00000000000000000 ) ) ;
#784 = PLANE ( 'NONE',  #1945 ) ;
#785 = ORIENTED_EDGE ( 'NONE', *, *, #2181, .T. ) ;
#786 = EDGE_LOOP ( 'NONE', ( #2102, #1390, #2677, #2573 ) ) ;
#787 = CARTESIAN_POINT ( 'NONE',  ( -5.412132034355990662, 6.472792206135746795, -10.00000000000000000 ) ) ;
#788 = CYLINDRICAL_SURFACE ( 'NONE', #1420, 0.3000000000000085931 ) ;
#789 = CARTESIAN_POINT ( 'NONE',  ( 5.200000000000093436, -7.899999999998525979, 10.00000000000000000 ) ) ;
#790 = EDGE_CURVE ( 'NONE', #2977, #804, #35, .T. ) ;
#791 = ORIENTED_EDGE ( 'NONE', *, *, #2597, .T. ) ;
#792 = LINE ( 'NONE', #1921, #292 ) ;
#793 = ORIENTED_EDGE ( 'NONE', *, *, #900, .T. ) ;
#794 = CARTESIAN_POINT ( 'NONE',  ( 7.899999999999963052, -5.499999999999992895, 10.00000000000000000 ) ) ;
#795 = EDGE_CURVE ( 'NONE', #3538, #3632, #1237, .T. ) ;
#796 = ORIENTED_EDGE ( 'NONE', *, *, #246, .F. ) ;
#797 = DIRECTION ( 'NONE',  ( -0.000000000000000000, -0.000000000000000000, -1.000000000000000000 ) ) ;
#798 = LINE ( 'NONE', #484, #54 ) ;
#799 = ADVANCED_FACE ( 'NONE', ( #3673 ), #3376, .F. ) ;
#800 = ORIENTED_EDGE ( 'NONE', *, *, #1930, .F. ) ;
#801 = ADVANCED_FACE ( 'NONE', ( #1127 ), #599, .F. ) ;
#802 = CARTESIAN_POINT ( 'NONE',  ( -3.400000000000042100, 9.099999999999957012, 10.00000000000000000 ) ) ;
#803 = CARTESIAN_POINT ( 'NONE',  ( 8.199999999999956657, -3.399999999999991473, 10.00000000000000000 ) ) ;
#804 = VERTEX_POINT ( 'NONE', #1977 ) ;
#805 = ORIENTED_EDGE ( 'NONE', *, *, #973, .T. ) ;
#806 = FACE_OUTER_BOUND ( 'NONE', #1616, .T. ) ;
#807 = DIRECTION ( 'NONE',  ( 0.000000000000000000, 0.000000000000000000, 1.000000000000000000 ) ) ;
#808 = EDGE_CURVE ( 'NONE', #1582, #3270, #3109, .T. ) ;
#809 = CARTESIAN_POINT ( 'NONE',  ( -3.899999999999999467, 2.010912703473962004, 10.00000000000000000 ) ) ;
#810 = ORIENTED_EDGE ( 'NONE', *, *, #367, .F. ) ;
#811 = CARTESIAN_POINT ( 'NONE',  ( 6.472792206135766335, -5.412132034355958687, 10.00000000000000000 ) ) ;
#812 = ORIENTED_EDGE ( 'NONE', *, *, #367, .T. ) ;
#813 = DIRECTION ( 'NONE',  ( -1.000000000000000000, -0.000000000000000000, -0.000000000000000000 ) ) ;
#814 = VECTOR ( 'NONE', #3501, 1000.000000000000000 ) ;
#815 = ORIENTED_EDGE ( 'NONE', *, *, #2068, .F. ) ;
#816 = DIRECTION ( 'NONE',  ( -0.000000000000000000, -0.000000000000000000, -1.000000000000000000 ) ) ;
#817 = AXIS2_PLACEMENT_3D ( 'NONE', #777, #2756, #1410 ) ;
#818 = CARTESIAN_POINT ( 'NONE',  ( -7.900000000000240163, -5.200000000000042810, -10.00000000000000000 ) ) ;
#819 = EDGE_CURVE ( 'NONE', #540, #159, #3008, .T. ) ;
#820 = AXIS2_PLACEMENT_3D ( 'NONE', #2399, #1803, #2694 ) ;
#821 = ORIENTED_EDGE ( 'NONE', *, *, #1523, .T. ) ;
#822 = AXIS2_PLACEMENT_3D ( 'NONE', #161, #2150, #735 ) ;
#823 = AXIS2_PLACEMENT_3D ( 'NONE', #1674, #2513, #2200 ) ;
#824 = VECTOR ( 'NONE', #259, 1000.000000000000114 ) ;
#825 = CIRCLE ( 'NONE', #707, 1.499999999999997780 ) ;
#826 = ORIENTED_EDGE ( 'NONE', *, *, #2347, .F. ) ;
#827 = DIRECTION ( 'NONE',  ( -1.000000000000000000, 0.000000000000000000, 0.000000000000000000 ) ) ;
#828 = LINE ( 'NONE', #2818, #946 ) ;
#829 = CARTESIAN_POINT ( 'NONE',  ( 5.499999999999963585, 7.899999999999985256, -10.00000000000000000 ) ) ;
#830 = COLOUR_RGB ( '',0.8980392156862745390, 0.9176470588235293713, 0.9294117647058823817 ) ;
#831 = VECTOR ( 'NONE', #1269, 1000.000000000000000 ) ;
#832 = CARTESIAN_POINT ( 'NONE',  ( 5.499999999999963585, 7.899999999999985256, 10.00000000000000000 ) ) ;
#833 = VECTOR ( 'NONE', #3153, 1000.000000000000000 ) ;
#834 = FACE_OUTER_BOUND ( 'NONE', #3579, .T. ) ;
#835 = CIRCLE ( 'NONE', #2906, 0.2999999999999877764 ) ;
#836 = VERTEX_POINT ( 'NONE', #3541 ) ;
#837 = LINE ( 'NONE', #2, #3312 ) ;
#838 = VERTEX_POINT ( 'NONE', #1788 ) ;
#839 = CARTESIAN_POINT ( 'NONE',  ( -2.010912703473796803, -3.899999999998875921, 10.00000000000000000 ) ) ;
#840 = DIRECTION ( 'NONE',  ( 1.000000000000000000, 0.000000000000000000, 0.000000000000000000 ) ) ;
#841 = ORIENTED_EDGE ( 'NONE', *, *, #2230, .F. ) ;
#842 = CARTESIAN_POINT ( 'NONE',  ( -3.400000000000042100, 9.699999999999960210, -10.00000000000000000 ) ) ;
#843 = VERTEX_POINT ( 'NONE', #921 ) ;
#844 = CARTESIAN_POINT ( 'NONE',  ( 3.700000000000140510, -9.699999999998521361, -10.00000000000000000 ) ) ;
#845 = LINE ( 'NONE', #477, #2359 ) ;
#846 = VERTEX_POINT ( 'NONE', #938 ) ;
#847 = DIRECTION ( 'NONE',  ( -1.000000000000000000, 0.000000000000000000, 0.000000000000000000 ) ) ;
#848 = ORIENTED_EDGE ( 'NONE', *, *, #3292, .F. ) ;
#849 = FACE_OUTER_BOUND ( 'NONE', #1990, .T. ) ;
#850 = EDGE_LOOP ( 'NONE', ( #3646, #1377, #643, #988 ) ) ;
#851 = DIRECTION ( 'NONE',  ( -0.000000000000000000, -0.000000000000000000, -1.000000000000000000 ) ) ;
#852 = DIRECTION ( 'NONE',  ( 1.000000000000000000, 0.000000000000000000, 0.000000000000000000 ) ) ;
#853 = CARTESIAN_POINT ( 'NONE',  ( 3.100000000000147971, -8.499999999998520295, 10.00000000000000000 ) ) ;
#854 = ORIENTED_EDGE ( 'NONE', *, *, #246, .T. ) ;
#855 = DIRECTION ( 'NONE',  ( -1.000000000000000000, 0.000000000000000000, 0.000000000000000000 ) ) ;
#856 = ADVANCED_FACE ( 'NONE', ( #62 ), #673, .F. ) ;
#857 = EDGE_LOOP ( 'NONE', ( #2847, #1994, #147, #1595 ) ) ;
#858 = DIRECTION ( 'NONE',  ( 1.000000000000000000, 0.000000000000000000, 0.000000000000000000 ) ) ;
#859 = DIRECTION ( 'NONE',  ( -0.000000000000000000, -0.000000000000000000, -1.000000000000000000 ) ) ;
#860 = DIRECTION ( 'NONE',  ( -0.000000000000000000, -0.000000000000000000, -1.000000000000000000 ) ) ;
#861 = VERTEX_POINT ( 'NONE', #2942 ) ;
#862 = DIRECTION ( 'NONE',  ( -0.000000000000000000, -0.000000000000000000, -1.000000000000000000 ) ) ;
#863 = VERTEX_POINT ( 'NONE', #1259 ) ;
#864 = DIRECTION ( 'NONE',  ( -0.000000000000000000, -0.000000000000000000, -1.000000000000000000 ) ) ;
#865 = ORIENTED_EDGE ( 'NONE', *, *, #1986, .F. ) ;
#866 = CARTESIAN_POINT ( 'NONE',  ( 2.010912703473977103, 3.900000000000016342, -10.00000000000000000 ) ) ;
#867 = FACE_OUTER_BOUND ( 'NONE', #2667, .T. ) ;
#868 = EDGE_CURVE ( 'NONE', #2624, #1295, #2125, .T. ) ;
#869 = VECTOR ( 'NONE', #327, 1000.000000000000000 ) ;
#870 = ORIENTED_EDGE ( 'NONE', *, *, #12, .F. ) ;
#871 = VECTOR ( 'NONE', #2857, 1000.000000000000000 ) ;
#872 = EDGE_CURVE ( 'NONE', #741, #3654, #2908, .T. ) ;
#873 = CARTESIAN_POINT ( 'NONE',  ( -10.00000000000003375, 8.499999999999912959, -10.00000000000000000 ) ) ;
#874 = VECTOR ( 'NONE', #606, 1000.000000000000000 ) ;
#875 = DIRECTION ( 'NONE',  ( -0.000000000000000000, -0.000000000000000000, -1.000000000000000000 ) ) ;
#876 = AXIS2_PLACEMENT_3D ( 'NONE', #1103, #860, #3432 ) ;
#877 = EDGE_LOOP ( 'NONE', ( #821, #401, #2171, #1702 ) ) ;
#878 = CARTESIAN_POINT ( 'NONE',  ( -2.010912703473796803, -5.899999999998880362, 10.00000000000000000 ) ) ;
#879 = FACE_BOUND ( 'NONE', #1340, .T. ) ;
#880 = VECTOR ( 'NONE', #58, 1000.000000000000000 ) ;
#881 = CIRCLE ( 'NONE', #2893, 2.499999999999994671 ) ;
#882 = CARTESIAN_POINT ( 'NONE',  ( -3.400000000000027889, 8.199999999999951328, 10.00000000000000000 ) ) ;
#883 = ORIENTED_EDGE ( 'NONE', *, *, #2270, .F. ) ;
#884 = FACE_OUTER_BOUND ( 'NONE', #1027, .T. ) ;
#885 = EDGE_CURVE ( 'NONE', #1733, #1342, #2173, .T. ) ;
#886 = AXIS2_PLACEMENT_3D ( 'NONE', #2717, #460, #1601 ) ;
#887 = ORIENTED_EDGE ( 'NONE', *, *, #1800, .F. ) ;
#888 = DIRECTION ( 'NONE',  ( 1.000000000000000000, 0.000000000000000000, -0.000000000000000000 ) ) ;
#889 = DIRECTION ( 'NONE',  ( -0.000000000000000000, -0.000000000000000000, -1.000000000000000000 ) ) ;
#890 = VECTOR ( 'NONE', #96, 1000.000000000000000 ) ;
#891 = VECTOR ( 'NONE', #2329, 1000.000000000000000 ) ;
#892 = ORIENTED_EDGE ( 'NONE', *, *, #966, .T. ) ;
#893 = CARTESIAN_POINT ( 'NONE',  ( 6.684924240491732839, -5.499999999999992895, -10.00000000000000000 ) ) ;
#894 = CARTESIAN_POINT ( 'NONE',  ( 5.900000000000002132, -2.010912703473996199, 10.00000000000000000 ) ) ;
#895 = ORIENTED_EDGE ( 'NONE', *, *, #3525, .T. ) ;
#896 = LINE ( 'NONE', #2300, #389 ) ;
#897 = DIRECTION ( 'NONE',  ( 0.000000000000000000, 1.000000000000000000, -0.000000000000000000 ) ) ;
#898 = DIRECTION ( 'NONE',  ( -0.000000000000000000, -0.000000000000000000, -1.000000000000000000 ) ) ;
#899 = EDGE_CURVE ( 'NONE', #3270, #1154, #2764, .T. ) ;
#900 = EDGE_CURVE ( 'NONE', #2950, #728, #370, .T. ) ;
#901 = ORIENTED_EDGE ( 'NONE', *, *, #3074, .T. ) ;
#902 = LINE ( 'NONE', #596, #1592 ) ;
#903 = DIRECTION ( 'NONE',  ( -0.000000000000000000, -0.000000000000000000, -1.000000000000000000 ) ) ;
#904 = CARTESIAN_POINT ( 'NONE',  ( -8.199999999999981526, 3.399999999999939515, 10.00000000000000000 ) ) ;
#905 = ORIENTED_EDGE ( 'NONE', *, *, #345, .F. ) ;
#906 = CARTESIAN_POINT ( 'NONE',  ( 8.499999999999966249, -3.099999999999993427, -10.00000000000000000 ) ) ;
#907 = ORIENTED_EDGE ( 'NONE', *, *, #1559, .F. ) ;
#908 = CARTESIAN_POINT ( 'NONE',  ( 5.900000000000002132, 2.010912703474009966, -10.00000000000000000 ) ) ;
#909 = EDGE_LOOP ( 'NONE', ( #3600, #3031, #2184, #776 ) ) ;
#910 = CARTESIAN_POINT ( 'NONE',  ( 2.010912703474268426, -3.899999999998878142, 10.00000000000000000 ) ) ;
#911 = CYLINDRICAL_SURFACE ( 'NONE', #217, 0.3000000000000085931 ) ;
#912 = EDGE_CURVE ( 'NONE', #2753, #2592, #1820, .T. ) ;
#913 = ORIENTED_EDGE ( 'NONE', *, *, #3448, .F. ) ;
#914 = DIRECTION ( 'NONE',  ( -1.000000000000000000, 0.000000000000000000, 0.000000000000000000 ) ) ;
#915 = DIRECTION ( 'NONE',  ( -0.000000000000000000, -0.000000000000000000, -1.000000000000000000 ) ) ;
#916 = ORIENTED_EDGE ( 'NONE', *, *, #1274, .F. ) ;
#917 = CARTESIAN_POINT ( 'NONE',  ( -3.100000000000029843, 8.499999999999960920, -10.00000000000000000 ) ) ;
#918 = ADVANCED_FACE ( 'NONE', ( #356 ), #3166, .F. ) ;
#919 = CARTESIAN_POINT ( 'NONE',  ( -3.400000000000027889, 8.199999999999951328, 10.00000000000000000 ) ) ;
#920 = CARTESIAN_POINT ( 'NONE',  ( 10.00000000000017586, -3.999999999998371081, -10.00000000000000000 ) ) ;
#921 = CARTESIAN_POINT ( 'NONE',  ( -9.699999999999848299, -3.699999999999311395, -10.00000000000000000 ) ) ;
#922 = FACE_OUTER_BOUND ( 'NONE', #2005, .T. ) ;
#923 = ORIENTED_EDGE ( 'NONE', *, *, #83, .F. ) ;
#924 = EDGE_CURVE ( 'NONE', #1953, #1466, #1357, .T. ) ;
#925 = DIRECTION ( 'NONE',  ( -1.000000000000000000, 0.000000000000000000, 0.000000000000000000 ) ) ;
#926 = ORIENTED_EDGE ( 'NONE', *, *, #3311, .T. ) ;
#927 = DIRECTION ( 'NONE',  ( -0.000000000000000000, -0.000000000000000000, -1.000000000000000000 ) ) ;
#928 = EDGE_CURVE ( 'NONE', #3, #1866, #385, .T. ) ;
#929 = ORIENTED_EDGE ( 'NONE', *, *, #1314, .F. ) ;
#930 = CARTESIAN_POINT ( 'NONE',  ( 5.200000000000148503, -8.199999999998532019, 10.00000000000000000 ) ) ;
#931 = CARTESIAN_POINT ( 'NONE',  ( -8.200000000000319034, -3.399999999999302691, 10.00000000000000000 ) ) ;
#932 = EDGE_CURVE ( 'NONE', #122, #2454, #634, .T. ) ;
#933 = ORIENTED_EDGE ( 'NONE', *, *, #1893, .F. ) ;
#934 = DIRECTION ( 'NONE',  ( 1.000000000000000000, 0.000000000000000000, 0.000000000000000000 ) ) ;
#935 = CIRCLE ( 'NONE', #1231, 2.499999999999994671 ) ;
#936 = CARTESIAN_POINT ( 'NONE',  ( -3.399999999999820055, -8.499999999998902211, 10.00000000000000000 ) ) ;
#937 = DIRECTION ( 'NONE',  ( -0.000000000000000000, -0.000000000000000000, -1.000000000000000000 ) ) ;
#938 = CARTESIAN_POINT ( 'NONE',  ( 5.500000000000099476, -6.684924240490287772, -10.00000000000000000 ) ) ;
#939 = CIRCLE ( 'NONE', #1413, 0.2999999999999947153 ) ;
#941 = EDGE_CURVE ( 'NONE', #2957, #619, #1768, .T. ) ;
#940 = LINE ( 'NONE', #3265, #1053 ) ;
#942 = CARTESIAN_POINT ( 'NONE',  ( -8.500000000000035527, 9.999999999999934275, -10.00000000000000000 ) ) ;
#943 = VERTEX_POINT ( 'NONE', #2364 ) ;
#944 = VECTOR ( 'NONE', #1371, 1000.000000000000000 ) ;
#945 = EDGE_CURVE ( 'NONE', #1585, #741, #136, .T. ) ;
#946 = VECTOR ( 'NONE', #1142, 1000.000000000000000 ) ;
#947 = VERTEX_POINT ( 'NONE', #2398 ) ;
#948 = VECTOR ( 'NONE', #898, 1000.000000000000000 ) ;
#949 = ORIENTED_EDGE ( 'NONE', *, *, #899, .F. ) ;
#950 = DIRECTION ( 'NONE',  ( 0.000000000000000000, 0.000000000000000000, 1.000000000000000000 ) ) ;
#951 = CARTESIAN_POINT ( 'NONE',  ( -8.199999999999981526, 3.399999999999939515, -10.00000000000000000 ) ) ;
#952 = AXIS2_PLACEMENT_3D ( 'NONE', #2103, #682, #1810 ) ;
#953 = ORIENTED_EDGE ( 'NONE', *, *, #297, .T. ) ;
#954 = LINE ( 'NONE', #2091, #2186 ) ;
#955 =( GEOMETRIC_REPRESENTATION_CONTEXT ( 3 ) GLOBAL_UNCERTAINTY_ASSIGNED_CONTEXT ( ( #779 ) ) GLOBAL_UNIT_ASSIGNED_CONTEXT ( ( #439, #1915, #1615 ) ) REPRESENTATION_CONTEXT ( 'NONE', 'WORKASPACE' ) );
#956 = DIRECTION ( 'NONE',  ( -0.7071067811865475727, 0.7071067811865475727, 0.000000000000000000 ) ) ;
#957 = CARTESIAN_POINT ( 'NONE',  ( -4.485786437626938294, 3.425126265847060036, 10.00000000000000000 ) ) ;
#958 = FACE_BOUND ( 'NONE', #1837, .T. ) ;
#959 = CARTESIAN_POINT ( 'NONE',  ( 9.399999999999964828, 3.400000000000005240, 10.00000000000000000 ) ) ;
#960 = ORIENTED_EDGE ( 'NONE', *, *, #2638, .F. ) ;
#961 = CARTESIAN_POINT ( 'NONE',  ( 9.099999999999969447, 3.400000000000005240, -10.00000000000000000 ) ) ;
#962 = ADVANCED_FACE ( 'NONE', ( #2039 ), #1748, .F. ) ;
#963 = LINE ( 'NONE', #2598, #3137 ) ;
#964 = EDGE_LOOP ( 'NONE', ( #474, #3695, #1012, #2763 ) ) ;
#965 = DIRECTION ( 'NONE',  ( -0.000000000000000000, -0.000000000000000000, -1.000000000000000000 ) ) ;
#966 = EDGE_CURVE ( 'NONE', #3011, #3052, #78, .T. ) ;
#967 = ORIENTED_EDGE ( 'NONE', *, *, #2741, .F. ) ;
#968 = DIRECTION ( 'NONE',  ( -1.000000000000000000, 0.000000000000000000, 0.000000000000000000 ) ) ;
#969 = ORIENTED_EDGE ( 'NONE', *, *, #457, .F. ) ;
#970 = CARTESIAN_POINT ( 'NONE',  ( -3.100000000000033396, 9.099999999999957012, 10.00000000000000000 ) ) ;
#971 = ADVANCED_FACE ( 'NONE', ( #2922 ), #1516, .F. ) ;
#972 = PRODUCT ( '输送带支撑型材', '输送带支撑型材', '', ( #3295 ) ) ;
#973 = EDGE_CURVE ( 'NONE', #3504, #1547, #2534, .T. ) ;
#974 = CARTESIAN_POINT ( 'NONE',  ( 8.499999999999966249, -3.399999999999991473, -10.00000000000000000 ) ) ;
#975 = DIRECTION ( 'NONE',  ( 0.000000000000000000, 0.000000000000000000, 1.000000000000000000 ) ) ;
#976 = CARTESIAN_POINT ( 'NONE',  ( 3.399999999999972378, 8.199999999999976197, -10.00000000000000000 ) ) ;
#977 = CARTESIAN_POINT ( 'NONE',  ( 6.684924240491732839, 5.500000000000007105, 10.00000000000000000 ) ) ;
#978 = ORIENTED_EDGE ( 'NONE', *, *, #1341, .F. ) ;
#979 = FACE_OUTER_BOUND ( 'NONE', #2713, .T. ) ;
#980 = CARTESIAN_POINT ( 'NONE',  ( -6.472792206135797421, 5.412132034355916055, -10.00000000000000000 ) ) ;
#981 = ORIENTED_EDGE ( 'NONE', *, *, #1434, .F. ) ;
#982 = DIRECTION ( 'NONE',  ( 0.7071067811865474617, -0.7071067811865474617, 0.000000000000000000 ) ) ;
#983 = DIRECTION ( 'NONE',  ( -0.000000000000000000, -0.000000000000000000, -1.000000000000000000 ) ) ;
#984 = ORIENTED_EDGE ( 'NONE', *, *, #1493, .F. ) ;
#985 = DIRECTION ( 'NONE',  ( 0.7071067811865474617, -0.7071067811865474617, 0.000000000000000000 ) ) ;
#986 = DIRECTION ( 'NONE',  ( -1.000000000000000000, 0.000000000000000000, 0.000000000000000000 ) ) ;
#987 = CARTESIAN_POINT ( 'NONE',  ( 4.485786437626898326, 3.425126265847103557, 10.00000000000000000 ) ) ;
#988 = ORIENTED_EDGE ( 'NONE', *, *, #2020, .T. ) ;
#989 = CARTESIAN_POINT ( 'NONE',  ( 9.699999999999958433, 3.700000000000000178, 10.00000000000000000 ) ) ;
#990 = CIRCLE ( 'NONE', #2887, 0.2999999999999981570 ) ;
#991 = ORIENTED_EDGE ( 'NONE', *, *, #2451, .T. ) ;
#992 = CARTESIAN_POINT ( 'NONE',  ( 5.199999999999968203, 8.199999999999979750, -10.00000000000000000 ) ) ;
#993 = AXIS2_PLACEMENT_3D ( 'NONE', #974, #2108, #2660 ) ;
#994 = CARTESIAN_POINT ( 'NONE',  ( 3.425126265847068918, 4.485786437626923195, -10.00000000000000000 ) ) ;
#995 = VERTEX_POINT ( 'NONE', #656 ) ;
#996 = CARTESIAN_POINT ( 'NONE',  ( 3.399999999999958611, 9.699999999999981526, 10.00000000000000000 ) ) ;
#997 = VECTOR ( 'NONE', #2745, 1000.000000000000000 ) ;
#998 = AXIS2_PLACEMENT_3D ( 'NONE', #2912, #2668, #2081 ) ;
#999 = CARTESIAN_POINT ( 'NONE',  ( -3.999999999999809042, -9.699999999999169731, 10.00000000000000000 ) ) ;
#1000 = AXIS2_PLACEMENT_3D ( 'NONE', #3631, #2757, #3005 ) ;
#1001 = AXIS2_PLACEMENT_3D ( 'NONE', #2269, #571, #1711 ) ;
#1002 = ORIENTED_EDGE ( 'NONE', *, *, #2563, .T. ) ;
#1003 = DIRECTION ( 'NONE',  ( -0.000000000000000000, -0.000000000000000000, -1.000000000000000000 ) ) ;
#1004 = CIRCLE ( 'NONE', #2720, 1.499999999999999556 ) ;
#1005 = CIRCLE ( 'NONE', #2369, 0.2999999999999947153 ) ;
#1006 = DIRECTION ( 'NONE',  ( 0.000000000000000000, 0.000000000000000000, 1.000000000000000000 ) ) ;
#1007 = AXIS2_PLACEMENT_3D ( 'NONE', #3073, #1883, #3638 ) ;
#1008 = VECTOR ( 'NONE', #813, 1000.000000000000000 ) ;
#1009 = VECTOR ( 'NONE', #2111, 1000.000000000000000 ) ;
#1010 = ADVANCED_FACE ( 'NONE', ( #2941 ), #2641, .F. ) ;
#1011 = ORIENTED_EDGE ( 'NONE', *, *, #1197, .T. ) ;
#1012 = ORIENTED_EDGE ( 'NONE', *, *, #727, .F. ) ;
#1013 = CARTESIAN_POINT ( 'NONE',  ( -5.412132034355777499, -6.472792206134667659, 10.00000000000000000 ) ) ;
#1014 = CARTESIAN_POINT ( 'NONE',  ( 5.499999999999963585, 7.899999999999985256, 10.00000000000000000 ) ) ;
#1015 = ORIENTED_EDGE ( 'NONE', *, *, #3367, .F. ) ;
#1016 = LINE ( 'NONE', #144, #1714 ) ;
#1017 = CARTESIAN_POINT ( 'NONE',  ( -2.010912703474032615, 5.900000000000000355, 10.00000000000000000 ) ) ;
#1018 = ADVANCED_FACE ( 'NONE', ( #1787 ), #3513, .F. ) ;
#1019 = ORIENTED_EDGE ( 'NONE', *, *, #740, .T. ) ;
#1020 = CARTESIAN_POINT ( 'NONE',  ( -3.100000000000033396, 9.099999999999957012, 10.00000000000000000 ) ) ;
#1021 = DIRECTION ( 'NONE',  ( -1.000000000000000000, 0.000000000000000000, 0.000000000000000000 ) ) ;
#1022 = LINE ( 'NONE', #1872, #2544 ) ;
#1023 = DIRECTION ( 'NONE',  ( -0.000000000000000000, -0.000000000000000000, -1.000000000000000000 ) ) ;
#1024 = LINE ( 'NONE', #803, #3133 ) ;
#1025 = ORIENTED_EDGE ( 'NONE', *, *, #3214, .T. ) ;
#1026 = ADVANCED_FACE ( 'NONE', ( #672 ), #1802, .T. ) ;
#1027 = EDGE_LOOP ( 'NONE', ( #2049, #782, #449, #529 ) ) ;
#1028 = DIRECTION ( 'NONE',  ( -1.000000000000000000, 0.000000000000000000, 0.000000000000000000 ) ) ;
#1029 = PLANE ( 'NONE',  #2830 ) ;
#1030 = ORIENTED_EDGE ( 'NONE', *, *, #3653, .T. ) ;
#1031 = CYLINDRICAL_SURFACE ( 'NONE', #1490, 0.2999999999999973244 ) ;
#1032 = EDGE_CURVE ( 'NONE', #1731, #2224, #118, .T. ) ;
#1033 = ORIENTED_EDGE ( 'NONE', *, *, #406, .F. ) ;
#1034 = LINE ( 'NONE', #2204, #2535 ) ;
#1035 = ORIENTED_EDGE ( 'NONE', *, *, #2900, .F. ) ;
#1036 = LINE ( 'NONE', #1307, #1940 ) ;
#1037 = CARTESIAN_POINT ( 'NONE',  ( -8.500000000000035527, 9.999999999999934275, 10.00000000000000000 ) ) ;
#1038 = DIRECTION ( 'NONE',  ( 1.000000000000000000, 0.000000000000000000, 0.000000000000000000 ) ) ;
#1039 = EDGE_CURVE ( 'NONE', #478, #943, #2680, .T. ) ;
#1040 = CARTESIAN_POINT ( 'NONE',  ( -3.425126265846904161, -4.485786437625788103, -10.00000000000000000 ) ) ;
#1041 = ORIENTED_EDGE ( 'NONE', *, *, #3401, .T. ) ;
#1042 = VERTEX_POINT ( 'NONE', #1552 ) ;
#1043 = DIRECTION ( 'NONE',  ( -1.000000000000000000, 0.000000000000000000, 0.000000000000000000 ) ) ;
#1044 = ADVANCED_FACE ( 'NONE', ( #2076 ), #2669, .F. ) ;
#1045 = CARTESIAN_POINT ( 'NONE',  ( -6.472792206135710380, -5.412132034356012866, 10.00000000000000000 ) ) ;
#1046 = AXIS2_PLACEMENT_3D ( 'NONE', #1229, #3503, #2875 ) ;
#1047 = ORIENTED_EDGE ( 'NONE', *, *, #3096, .T. ) ;
#1048 = DIRECTION ( 'NONE',  ( -0.000000000000000000, -0.000000000000000000, -1.000000000000000000 ) ) ;
#1049 = VERTEX_POINT ( 'NONE', #980 ) ;
#1050 = LINE ( 'NONE', #1606, #1365 ) ;
#1051 = EDGE_CURVE ( 'NONE', #2097, #3617, #939, .T. ) ;
#1052 = ORIENTED_EDGE ( 'NONE', *, *, #213, .T. ) ;
#1053 = VECTOR ( 'NONE', #3515, 1000.000000000000000 ) ;
#1054 = LINE ( 'NONE', #2488, #162 ) ;
#1055 = CARTESIAN_POINT ( 'NONE',  ( 5.412132034355931154, 6.472792206135788540, -10.00000000000000000 ) ) ;
#1056 = VECTOR ( 'NONE', #2973, 1000.000000000000000 ) ;
#1057 = ORIENTED_EDGE ( 'NONE', *, *, #1887, .F. ) ;
#1058 = AXIS2_PLACEMENT_3D ( 'NONE', #2993, #3190, #2591 ) ;
#1059 = CIRCLE ( 'NONE', #1544, 0.2999999999999877764 ) ;
#1060 = CARTESIAN_POINT ( 'NONE',  ( 8.499999999999966249, 10.00000000000000355, -10.00000000000000000 ) ) ;
#1061 = EDGE_CURVE ( 'NONE', #775, #1097, #1176, .T. ) ;
#1062 = AXIS2_PLACEMENT_3D ( 'NONE', #1562, #1300, #2374 ) ;
#1063 = VECTOR ( 'NONE', #2657, 1000.000000000000000 ) ;
#1064 = EDGE_LOOP ( 'NONE', ( #1438, #2146, #1988, #2633 ) ) ;
#1065 = VERTEX_POINT ( 'NONE', #994 ) ;
#1066 = FACE_OUTER_BOUND ( 'NONE', #2699, .T. ) ;
#1067 = CARTESIAN_POINT ( 'NONE',  ( -8.500000000000035527, 8.499999999999939604, -10.00000000000000000 ) ) ;
#1068 = DIRECTION ( 'NONE',  ( -1.000000000000000000, 0.000000000000000000, 0.000000000000000000 ) ) ;
#1069 = AXIS2_PLACEMENT_3D ( 'NONE', #637, #80, #1222 ) ;
#1070 = ORIENTED_EDGE ( 'NONE', *, *, #1727, .T. ) ;
#1071 = DIRECTION ( 'NONE',  ( 1.000000000000000000, 0.000000000000000000, 0.000000000000000000 ) ) ;
#1072 = ORIENTED_EDGE ( 'NONE', *, *, #2940, .F. ) ;
#1073 = EDGE_CURVE ( 'NONE', #2683, #3273, #2443, .T. ) ;
#1074 = DIRECTION ( 'NONE',  ( -1.000000000000000000, 0.000000000000000000, 0.000000000000000000 ) ) ;
#1075 = ORIENTED_EDGE ( 'NONE', *, *, #756, .T. ) ;
#1076 = FACE_OUTER_BOUND ( 'NONE', #2090, .T. ) ;
#1077 = EDGE_CURVE ( 'NONE', #2977, #653, #2114, .T. ) ;
#1078 = LINE ( 'NONE', #1037, #2599 ) ;
#1079 = VERTEX_POINT ( 'NONE', #3231 ) ;
#1080 = EDGE_CURVE ( 'NONE', #3273, #580, #881, .T. ) ;
#1081 = DIRECTION ( 'NONE',  ( -0.000000000000000000, -1.000000000000000000, -0.000000000000000000 ) ) ;
#1082 = ORIENTED_EDGE ( 'NONE', *, *, #1407, .F. ) ;
#1083 = EDGE_CURVE ( 'NONE', #861, #456, #178, .T. ) ;
#1084 = ORIENTED_EDGE ( 'NONE', *, *, #924, .T. ) ;
#1085 = DIRECTION ( 'NONE',  ( -0.000000000000000000, -0.000000000000000000, -1.000000000000000000 ) ) ;
#1086 = CYLINDRICAL_SURFACE ( 'NONE', #2427, 1.499999999999843459 ) ;
#1087 = CARTESIAN_POINT ( 'NONE',  ( 3.400000000000153122, -9.399999999998533085, 10.00000000000000000 ) ) ;
#1088 = VERTEX_POINT ( 'NONE', #415 ) ;
#1089 = CARTESIAN_POINT ( 'NONE',  ( -3.425126265846904161, -4.485786437625788103, 10.00000000000000000 ) ) ;
#1090 = EDGE_CURVE ( 'NONE', #733, #1145, #49, .T. ) ;
#1091 = ORIENTED_EDGE ( 'NONE', *, *, #1855, .T. ) ;
#1092 = DIRECTION ( 'NONE',  ( -0.000000000000000000, -0.000000000000000000, -1.000000000000000000 ) ) ;
#1093 = ORIENTED_EDGE ( 'NONE', *, *, #1924, .F. ) ;
#1094 = DIRECTION ( 'NONE',  ( -0.000000000000000000, -0.000000000000000000, -1.000000000000000000 ) ) ;
#1095 = CARTESIAN_POINT ( 'NONE',  ( -10.00000000000003730, 8.499999999999912959, 10.00000000000000000 ) ) ;
#1096 = DIRECTION ( 'NONE',  ( -0.000000000000000000, -0.000000000000000000, -1.000000000000000000 ) ) ;
#1097 = VERTEX_POINT ( 'NONE', #2986 ) ;
#1098 = LINE ( 'NONE', #1510, #1534 ) ;
#1099 = ORIENTED_EDGE ( 'NONE', *, *, #2026, .T. ) ;
#1100 = DIRECTION ( 'NONE',  ( -0.7071067811865474617, -0.7071067811865474617, 0.000000000000000000 ) ) ;
#1101 = LINE ( 'NONE', #533, #111 ) ;
#1102 = FACE_OUTER_BOUND ( 'NONE', #2532, .T. ) ;
#1103 = CARTESIAN_POINT ( 'NONE',  ( 6.684924240491732839, 5.200000000000008171, 10.00000000000000000 ) ) ;
#1104 = ORIENTED_EDGE ( 'NONE', *, *, #2133, .F. ) ;
#1105 = DIRECTION ( 'NONE',  ( -0.000000000000000000, -0.000000000000000000, -1.000000000000000000 ) ) ;
#1106 = ORIENTED_EDGE ( 'NONE', *, *, #715, .T. ) ;
#1107 = CARTESIAN_POINT ( 'NONE',  ( -9.099999999999857536, -3.099999999999407230, -10.00000000000000000 ) ) ;
#1108 = ORIENTED_EDGE ( 'NONE', *, *, #3574, .F. ) ;
#1109 = CARTESIAN_POINT ( 'NONE',  ( -3.700000000000036593, 9.699999999999960210, 10.00000000000000000 ) ) ;
#1110 = CIRCLE ( 'NONE', #331, 2.000000000000004441 ) ;
#1111 = DIRECTION ( 'NONE',  ( 1.000000000000000000, 0.000000000000000000, 0.000000000000000000 ) ) ;
#1112 = CIRCLE ( 'NONE', #3193, 1.999999999999999556 ) ;
#1113 = ORIENTED_EDGE ( 'NONE', *, *, #2230, .T. ) ;
#1114 = VECTOR ( 'NONE', #554, 1000.000000000000000 ) ;
#1115 = VECTOR ( 'NONE', #3652, 1000.000000000000000 ) ;
#1116 = DIRECTION ( 'NONE',  ( 0.000000000000000000, 0.000000000000000000, 1.000000000000000000 ) ) ;
#1117 = CIRCLE ( 'NONE', #3260, 0.3000000000000042633 ) ;
#1118 = AXIS2_PLACEMENT_3D ( 'NONE', #245, #2497, #3651 ) ;
#1119 = ADVANCED_FACE ( 'NONE', ( #430 ), #1029, .F. ) ;
#1120 = DIRECTION ( 'NONE',  ( 1.000000000000000000, 0.000000000000000000, 0.000000000000000000 ) ) ;
#1121 = VERTEX_POINT ( 'NONE', #1298 ) ;
#1122 = LINE ( 'NONE', #1937, #1594 ) ;
#1123 = CARTESIAN_POINT ( 'NONE',  ( -5.499999999999810818, -6.684924240490635938, 10.00000000000000000 ) ) ;
#1124 = AXIS2_PLACEMENT_3D ( 'NONE', #2262, #1431, #1696 ) ;
#1125 = CIRCLE ( 'NONE', #405, 0.2999999999999964362 ) ;
#1126 = CARTESIAN_POINT ( 'NONE',  ( 9.099999999999969447, -3.100000000000001865, 10.00000000000000000 ) ) ;
#1127 = FACE_OUTER_BOUND ( 'NONE', #769, .T. ) ;
#1128 = VECTOR ( 'NONE', #2556, 1000.000000000000000 ) ;
#1129 = VERTEX_POINT ( 'NONE', #3583 ) ;
#1130 = LINE ( 'NONE', #1979, #2548 ) ;
#1131 = VERTEX_POINT ( 'NONE', #2687 ) ;
#1132 = CARTESIAN_POINT ( 'NONE',  ( 3.099999999999964118, 9.099999999999985434, 10.00000000000000000 ) ) ;
#1133 = MECHANICAL_DESIGN_GEOMETRIC_PRESENTATION_REPRESENTATION (  '', ( #772 ), #2840 ) ;
#1134 = ORIENTED_EDGE ( 'NONE', *, *, #2590, .F. ) ;
#1135 = DIRECTION ( 'NONE',  ( -1.000000000000000000, 0.000000000000000000, 0.000000000000000000 ) ) ;
#1136 = DIRECTION ( 'NONE',  ( 0.7071067811865475727, -0.7071067811865475727, 0.000000000000000000 ) ) ;
#1137 = EDGE_CURVE ( 'NONE', #298, #122, #2388, .T. ) ;
#1138 = DIRECTION ( 'NONE',  ( 1.000000000000000000, 0.000000000000000000, 0.000000000000000000 ) ) ;
#1139 = VERTEX_POINT ( 'NONE', #3469 ) ;
#1140 = LINE ( 'NONE', #3181, #831 ) ;
#1141 = ORIENTED_EDGE ( 'NONE', *, *, #3336, .F. ) ;
#1142 = DIRECTION ( 'NONE',  ( -0.000000000000000000, -0.000000000000000000, -1.000000000000000000 ) ) ;
#1143 = CARTESIAN_POINT ( 'NONE',  ( -3.400000000000027889, 8.199999999999951328, 10.00000000000000000 ) ) ;
#1144 = CARTESIAN_POINT ( 'NONE',  ( 9.099999999999969447, 3.100000000000007194, -10.00000000000000000 ) ) ;
#1145 = VERTEX_POINT ( 'NONE', #442 ) ;
#1146 = PLANE ( 'NONE',  #2372 ) ;
#1147 = ORIENTED_EDGE ( 'NONE', *, *, #819, .T. ) ;
#1148 = CARTESIAN_POINT ( 'NONE',  ( 10.00000000000017586, -8.499999999998523847, 10.00000000000000000 ) ) ;
#1149 = EDGE_CURVE ( 'NONE', #1139, #2888, #2159, .T. ) ;
#1150 = ORIENTED_EDGE ( 'NONE', *, *, #1285, .F. ) ;
#1151 = CYLINDRICAL_SURFACE ( 'NONE', #2778, 2.499999999999994671 ) ;
#1152 = DIRECTION ( 'NONE',  ( -0.000000000000000000, -0.000000000000000000, -1.000000000000000000 ) ) ;
#1153 = ADVANCED_FACE ( 'NONE', ( #142 ), #744, .F. ) ;
#1154 = VERTEX_POINT ( 'NONE', #3533 ) ;
#1155 = CARTESIAN_POINT ( 'NONE',  ( -9.099999999999857536, -3.099999999999407230, 10.00000000000000000 ) ) ;
#1156 = DIRECTION ( 'NONE',  ( -0.000000000000000000, -0.000000000000000000, -1.000000000000000000 ) ) ;
#1157 = EDGE_CURVE ( 'NONE', #1646, #1794, #963, .T. ) ;
#1158 = ORIENTED_EDGE ( 'NONE', *, *, #382, .T. ) ;
#1159 = DIRECTION ( 'NONE',  ( -0.000000000000000000, -0.000000000000000000, -1.000000000000000000 ) ) ;
#1160 = CARTESIAN_POINT ( 'NONE',  ( 8.199999999999956657, -3.399999999999991473, -10.00000000000000000 ) ) ;
#1161 = ORIENTED_EDGE ( 'NONE', *, *, #1681, .F. ) ;
#1162 = DIRECTION ( 'NONE',  ( 1.000000000000000000, 0.000000000000000000, 0.000000000000000000 ) ) ;
#1163 = ORIENTED_EDGE ( 'NONE', *, *, #429, .T. ) ;
#1164 = CARTESIAN_POINT ( 'NONE',  ( 3.425126265847206586, -4.485786437625706391, -10.00000000000000000 ) ) ;
#1165 = EDGE_LOOP ( 'NONE', ( #434, #2796, #960, #1773 ) ) ;
#1166 = CYLINDRICAL_SURFACE ( 'NONE', #1247, 0.2999999999999894973 ) ;
#1167 = DIRECTION ( 'NONE',  ( 0.000000000000000000, 0.000000000000000000, 1.000000000000000000 ) ) ;
#1168 = AXIS2_PLACEMENT_3D ( 'NONE', #72, #365, #3142 ) ;
#1169 = VERTEX_POINT ( 'NONE', #1194 ) ;
#1170 = AXIS2_PLACEMENT_3D ( 'NONE', #2978, #184, #3289 ) ;
#1171 = LINE ( 'NONE', #2602, #1755 ) ;
#1172 = DIRECTION ( 'NONE',  ( 0.000000000000000000, 0.000000000000000000, 1.000000000000000000 ) ) ;
#1173 = CARTESIAN_POINT ( 'NONE',  ( -6.472792206135797421, 5.412132034355916055, 10.00000000000000000 ) ) ;
#1174 = VECTOR ( 'NONE', #2057, 1000.000000000000000 ) ;
#1175 = AXIS2_PLACEMENT_3D ( 'NONE', #818, #3608, #738 ) ;
#1176 = CIRCLE ( 'NONE', #641, 0.3000000000000051514 ) ;
#1177 = ORIENTED_EDGE ( 'NONE', *, *, #3042, .T. ) ;
#1178 = CARTESIAN_POINT ( 'NONE',  ( 3.899999999999998135, -2.010912703473996199, 10.00000000000000000 ) ) ;
#1179 = VECTOR ( 'NONE', #1138, 1000.000000000000000 ) ;
#1180 = AXIS2_PLACEMENT_3D ( 'NONE', #1318, #743, #1879 ) ;
#1181 = VERTEX_POINT ( 'NONE', #680 ) ;
#1182 = CARTESIAN_POINT ( 'NONE',  ( -2.010912703474032615, 3.900000000000016342, 10.00000000000000000 ) ) ;
#1183 = VECTOR ( 'NONE', #103, 1000.000000000000000 ) ;
#1184 = CIRCLE ( 'NONE', #3264, 0.2999999999999973244 ) ;
#1185 = ORIENTED_EDGE ( 'NONE', *, *, #2580, .T. ) ;
#1186 = DIRECTION ( 'NONE',  ( -0.000000000000000000, -0.000000000000000000, -1.000000000000000000 ) ) ;
#1187 = VECTOR ( 'NONE', #3357, 1000.000000000000000 ) ;
#1188 = AXIS2_PLACEMENT_3D ( 'NONE', #999, #3327, #2138 ) ;
#1189 = CARTESIAN_POINT ( 'NONE',  ( -9.399999999999856470, -3.399999999999359979, -10.00000000000000000 ) ) ;
#1190 = ORIENTED_EDGE ( 'NONE', *, *, #3326, .T. ) ;
#1191 = DIRECTION ( 'NONE',  ( 1.000000000000000000, 0.000000000000000000, 0.000000000000000000 ) ) ;
#1192 = DIRECTION ( 'NONE',  ( -0.000000000000000000, -0.000000000000000000, -1.000000000000000000 ) ) ;
#1193 = EDGE_CURVE ( 'NONE', #459, #604, #3671, .T. ) ;
#1194 = CARTESIAN_POINT ( 'NONE',  ( 3.399999999999958611, 9.399999999999979039, -10.00000000000000000 ) ) ;
#1195 = ORIENTED_EDGE ( 'NONE', *, *, #2664, .F. ) ;
#1196 = CYLINDRICAL_SURFACE ( 'NONE', #2469, 0.2999999999999981570 ) ;
#1197 = EDGE_CURVE ( 'NONE', #3288, #742, #210, .T. ) ;
#1198 = FACE_OUTER_BOUND ( 'NONE', #2163, .T. ) ;
#1199 = VERTEX_POINT ( 'NONE', #1126 ) ;
#1200 = CARTESIAN_POINT ( 'NONE',  ( 10.00000000000017586, -8.499999999998523847, 10.00000000000000000 ) ) ;
#1201 = EDGE_CURVE ( 'NONE', #3666, #1862, #845, .T. ) ;
#1202 = ADVANCED_BREP_SHAPE_REPRESENTATION ( '输送带支撑型材', ( #3207, #2433 ), #955 ) ;
#1203 = VERTEX_POINT ( 'NONE', #2770 ) ;
#1204 = CARTESIAN_POINT ( 'NONE',  ( 10.00000000000017408, -8.499999999998523847, 10.00000000000000000 ) ) ;
#1205 = DIRECTION ( 'NONE',  ( 1.000000000000000000, 0.000000000000000000, 0.000000000000000000 ) ) ;
#1206 = CARTESIAN_POINT ( 'NONE',  ( -4.485786437626853029, -3.425126265847136420, 10.00000000000000000 ) ) ;
#1207 = EDGE_CURVE ( 'NONE', #2087, #1582, #515, .T. ) ;
#1208 = ORIENTED_EDGE ( 'NONE', *, *, #1530, .T. ) ;
#1209 = FACE_OUTER_BOUND ( 'NONE', #3409, .T. ) ;
#1210 = ORIENTED_EDGE ( 'NONE', *, *, #1407, .T. ) ;
#1211 = DIRECTION ( 'NONE',  ( -1.000000000000000000, 0.000000000000000000, 0.000000000000000000 ) ) ;
#1212 = EDGE_CURVE ( 'NONE', #1342, #1203, #2478, .T. ) ;
#1213 = VERTEX_POINT ( 'NONE', #228 ) ;
#1214 = CARTESIAN_POINT ( 'NONE',  ( -3.899999999999999467, 2.010912703473962004, -10.00000000000000000 ) ) ;
#1215 = ORIENTED_EDGE ( 'NONE', *, *, #3013, .F. ) ;
#1216 = CARTESIAN_POINT ( 'NONE',  ( 2.010912703473977103, 5.900000000000014566, -10.00000000000000000 ) ) ;
#1217 = ORIENTED_EDGE ( 'NONE', *, *, #973, .F. ) ;
#1218 = EDGE_CURVE ( 'NONE', #619, #390, #3090, .T. ) ;
#1219 = CARTESIAN_POINT ( 'NONE',  ( -3.099999999999811351, -9.099999999998905409, -10.00000000000000000 ) ) ;
#1220 = FACE_OUTER_BOUND ( 'NONE', #1685, .T. ) ;
#1221 = DIRECTION ( 'NONE',  ( 0.7071067811865469066, 0.7071067811865482389, 0.000000000000000000 ) ) ;
#1222 = DIRECTION ( 'NONE',  ( -1.000000000000000000, 0.000000000000000000, 0.000000000000000000 ) ) ;
#1223 = ORIENTED_EDGE ( 'NONE', *, *, #1465, .T. ) ;
#1224 = CARTESIAN_POINT ( 'NONE',  ( 8.499999999999966249, 3.400000000000005240, -10.00000000000000000 ) ) ;
#1225 = ORIENTED_EDGE ( 'NONE', *, *, #3493, .F. ) ;
#1226 = DIRECTION ( 'NONE',  ( -0.000000000000000000, -0.000000000000000000, -1.000000000000000000 ) ) ;
#1227 = ORIENTED_EDGE ( 'NONE', *, *, #2915, .T. ) ;
#1228 = LINE ( 'NONE', #2354, #814 ) ;
#1229 = CARTESIAN_POINT ( 'NONE',  ( -4.000000000000031086, 9.699999999999953104, 10.00000000000000000 ) ) ;
#1230 = VERTEX_POINT ( 'NONE', #2793 ) ;
#1231 = AXIS2_PLACEMENT_3D ( 'NONE', #2577, #950, #312 ) ;
#1232 = EDGE_CURVE ( 'NONE', #773, #1751, #2178, .T. ) ;
#1233 = CIRCLE ( 'NONE', #447, 0.3000000000000051514 ) ;
#1234 = CARTESIAN_POINT ( 'NONE',  ( 3.900000000000000799, 2.010912703474009966, -10.00000000000000000 ) ) ;
#1235 = CARTESIAN_POINT ( 'NONE',  ( 6.472792206135768112, 5.412132034355972898, 10.00000000000000000 ) ) ;
#1236 = DIRECTION ( 'NONE',  ( 1.000000000000000000, 0.000000000000000000, 0.000000000000000000 ) ) ;
#1237 = CIRCLE ( 'NONE', #876, 0.2999999999999990452 ) ;
#1238 = DIRECTION ( 'NONE',  ( 1.000000000000000000, 0.000000000000000000, 0.000000000000000000 ) ) ;
#1239 = DIRECTION ( 'NONE',  ( 1.000000000000000000, 0.000000000000000000, 0.000000000000000000 ) ) ;
#1240 = ORIENTED_EDGE ( 'NONE', *, *, #2638, .T. ) ;
#1241 = LINE ( 'NONE', #1774, #2769 ) ;
#1242 = CIRCLE ( 'NONE', #2892, 0.3000000000000051514 ) ;
#1243 = AXIS2_PLACEMENT_3D ( 'NONE', #789, #534, #1068 ) ;
#1244 = AXIS2_PLACEMENT_3D ( 'NONE', #1396, #875, #567 ) ;
#1245 = ORIENTED_EDGE ( 'NONE', *, *, #1090, .T. ) ;
#1246 = AXIS2_PLACEMENT_3D ( 'NONE', #360, #2646, #2631 ) ;
#1247 = AXIS2_PLACEMENT_3D ( 'NONE', #1754, #586, #3441 ) ;
#1248 = VECTOR ( 'NONE', #2308, 1000.000000000000000 ) ;
#1249 = VERTEX_POINT ( 'NONE', #1400 ) ;
#1250 = LINE ( 'NONE', #2651, #3248 ) ;
#1251 = ADVANCED_FACE ( 'NONE', ( #3621 ), #3340, .F. ) ;
#1252 = AXIS2_PLACEMENT_3D ( 'NONE', #552, #15, #2290 ) ;
#1253 = ORIENTED_EDGE ( 'NONE', *, *, #2563, .F. ) ;
#1254 = CARTESIAN_POINT ( 'NONE',  ( 8.500000000000174083, -8.499999999998523847, 10.00000000000000000 ) ) ;
#1255 = DIRECTION ( 'NONE',  ( 0.000000000000000000, 0.000000000000000000, 1.000000000000000000 ) ) ;
#1256 = ADVANCED_FACE ( 'NONE', ( #1348 ), #3637, .F. ) ;
#1257 = CARTESIAN_POINT ( 'NONE',  ( -8.500000000000007105, -9.999999999999158007, -10.00000000000000000 ) ) ;
#1258 = CARTESIAN_POINT ( 'NONE',  ( 9.399999999999950617, -3.399999999999991473, 10.00000000000000000 ) ) ;
#1259 = CARTESIAN_POINT ( 'NONE',  ( 9.999999999999968026, 4.000000000000008882, 10.00000000000000000 ) ) ;
#1260 = CARTESIAN_POINT ( 'NONE',  ( 3.400000000000153122, -8.199999999998526690, 10.00000000000000000 ) ) ;
#1261 = VERTEX_POINT ( 'NONE', #2231 ) ;
#1262 = DIRECTION ( 'NONE',  ( 1.000000000000000000, -0.000000000000000000, -0.000000000000000000 ) ) ;
#1263 = ORIENTED_EDGE ( 'NONE', *, *, #1294, .T. ) ;
#1264 = LINE ( 'NONE', #2386, #2899 ) ;
#1265 = ADVANCED_FACE ( 'NONE', ( #1102 ), #1919, .T. ) ;
#1266 = CARTESIAN_POINT ( 'NONE',  ( -9.699999999999986855, 3.699999999999882050, 10.00000000000000000 ) ) ;
#1267 = ORIENTED_EDGE ( 'NONE', *, *, #1212, .T. ) ;
#1268 = LINE ( 'NONE', #2116, #2309 ) ;
#1269 = DIRECTION ( 'NONE',  ( -0.000000000000000000, 1.000000000000000000, -0.000000000000000000 ) ) ;
#1270 = ORIENTED_EDGE ( 'NONE', *, *, #2771, .T. ) ;
#1271 = FACE_OUTER_BOUND ( 'NONE', #551, .T. ) ;
#1272 = VERTEX_POINT ( 'NONE', #1638 ) ;
#1273 = CARTESIAN_POINT ( 'NONE',  ( 3.099999999999964118, 9.099999999999985434, -10.00000000000000000 ) ) ;
#1274 = EDGE_CURVE ( 'NONE', #1351, #2791, #2805, .T. ) ;
#1275 = DIRECTION ( 'NONE',  ( -0.000000000000000000, -0.000000000000000000, -1.000000000000000000 ) ) ;
#1276 = CARTESIAN_POINT ( 'NONE',  ( -9.699999999999986855, 3.999999999999932498, 10.00000000000000000 ) ) ;
#1277 = VERTEX_POINT ( 'NONE', #1087 ) ;
#1278 = CYLINDRICAL_SURFACE ( 'NONE', #2786, 0.2999999999999999334 ) ;
#1279 = ORIENTED_EDGE ( 'NONE', *, *, #516, .F. ) ;
#1280 = FACE_OUTER_BOUND ( 'NONE', #9, .T. ) ;
#1281 = DIRECTION ( 'NONE',  ( -1.000000000000000000, 0.000000000000000000, 0.000000000000000000 ) ) ;
#1282 = EDGE_LOOP ( 'NONE', ( #3351, #865, #1509, #3067 ) ) ;
#1283 = LINE ( 'NONE', #3233, #2658 ) ;
#1284 = FACE_OUTER_BOUND ( 'NONE', #3072, .T. ) ;
#1285 = EDGE_CURVE ( 'NONE', #189, #3135, #2215, .T. ) ;
#1286 = ORIENTED_EDGE ( 'NONE', *, *, #1967, .F. ) ;
#1287 = DIRECTION ( 'NONE',  ( -1.000000000000000000, 0.000000000000000000, 0.000000000000000000 ) ) ;
#1288 = ADVANCED_FACE ( 'NONE', ( #1385 ), #2528, .T. ) ;
#1289 = CARTESIAN_POINT ( 'NONE',  ( 3.699999999999953104, 9.699999999999981526, 10.00000000000000000 ) ) ;
#1290 = CARTESIAN_POINT ( 'NONE',  ( -3.100000000000033396, 9.099999999999957012, -10.00000000000000000 ) ) ;
#1291 = CARTESIAN_POINT ( 'NONE',  ( 3.899999999999998135, -2.010912703473996199, -10.00000000000000000 ) ) ;
#1292 = CIRCLE ( 'NONE', #101, 0.2999999999999981570 ) ;
#1293 = EDGE_CURVE ( 'NONE', #1380, #1947, #2255, .T. ) ;
#1294 = EDGE_CURVE ( 'NONE', #1145, #1862, #461, .T. ) ;
#1295 = VERTEX_POINT ( 'NONE', #2736 ) ;
#1296 = CARTESIAN_POINT ( 'NONE',  ( -5.500000000000032863, 7.899999999999950617, 10.00000000000000000 ) ) ;
#1297 = AXIS2_PLACEMENT_3D ( 'NONE', #1517, #975, #3490 ) ;
#1298 = CARTESIAN_POINT ( 'NONE',  ( -3.400000000000027889, 8.199999999999951328, -10.00000000000000000 ) ) ;
#1299 = ORIENTED_EDGE ( 'NONE', *, *, #683, .F. ) ;
#1300 = DIRECTION ( 'NONE',  ( -0.000000000000000000, -0.000000000000000000, -1.000000000000000000 ) ) ;
#1301 = AXIS2_PLACEMENT_3D ( 'NONE', #202, #1609, #3590 ) ;
#1302 = CIRCLE ( 'NONE', #2961, 0.2999999999999973244 ) ;
#1303 = CARTESIAN_POINT ( 'NONE',  ( 3.400000000000153122, -9.099999999998523492, -10.00000000000000000 ) ) ;
#1304 = VECTOR ( 'NONE', #1023, 1000.000000000000000 ) ;
#1305 = CIRCLE ( 'NONE', #711, 2.000000000000003553 ) ;
#1306 = ORIENTED_EDGE ( 'NONE', *, *, #296, .T. ) ;
#1307 = CARTESIAN_POINT ( 'NONE',  ( 9.099999999999969447, 3.100000000000007194, 10.00000000000000000 ) ) ;
#1308 = CIRCLE ( 'NONE', #1124, 0.2999999999999973244 ) ;
#1309 = VECTOR ( 'NONE', #2990, 1000.000000000000114 ) ;
#1310 = CARTESIAN_POINT ( 'NONE',  ( -3.899999999999972822, -2.010912703474044605, -10.00000000000000000 ) ) ;
#1311 = AXIS2_PLACEMENT_3D ( 'NONE', #2722, #2445, #2162 ) ;
#1312 = AXIS2_PLACEMENT_3D ( 'NONE', #878, #1551, #2378 ) ;
#1313 = PRESENTATION_LAYER_ASSIGNMENT (  '', '', ( #772 ) ) ;
#1314 = EDGE_CURVE ( 'NONE', #1585, #1451, #1332, .T. ) ;
#1315 = ORIENTED_EDGE ( 'NONE', *, *, #2948, .F. ) ;
#1316 =( LENGTH_UNIT ( ) NAMED_UNIT ( * ) SI_UNIT ( .MILLI., .METRE. ) );
#1317 = ORIENTED_EDGE ( 'NONE', *, *, #3013, .T. ) ;
#1318 = CARTESIAN_POINT ( 'NONE',  ( -5.899999999999974598, -2.010912703474044605, 10.00000000000000000 ) ) ;
#1319 = CARTESIAN_POINT ( 'NONE',  ( -8.500000000000035527, 9.999999999999934275, 10.00000000000000000 ) ) ;
#1320 = ORIENTED_EDGE ( 'NONE', *, *, #2326, .F. ) ;
#1321 = CARTESIAN_POINT ( 'NONE',  ( 5.199999999999968203, 6.684924240491751490, 10.00000000000000000 ) ) ;
#1322 = DIRECTION ( 'NONE',  ( -1.000000000000000000, 0.000000000000000000, 0.000000000000000000 ) ) ;
#1323 = EDGE_CURVE ( 'NONE', #2967, #2499, #1302, .T. ) ;
#1324 = EDGE_LOOP ( 'NONE', ( #1210, #3460, #3565, #2252 ) ) ;
#1325 = DIRECTION ( 'NONE',  ( -0.7071067811865475727, -0.7071067811865475727, 0.000000000000000000 ) ) ;
#1326 = CYLINDRICAL_SURFACE ( 'NONE', #1000, 0.2999999999999530820 ) ;
#1327 = CARTESIAN_POINT ( 'NONE',  ( 8.199999999999956657, 3.400000000000005240, 10.00000000000000000 ) ) ;
#1328 = EDGE_CURVE ( 'NONE', #2306, #2971, #598, .T. ) ;
#1329 = ORIENTED_EDGE ( 'NONE', *, *, #2762, .T. ) ;
#1330 = EDGE_LOOP ( 'NONE', ( #2601, #2855, #2935, #892 ) ) ;
#1331 = DIRECTION ( 'NONE',  ( 0.000000000000000000, 0.000000000000000000, 1.000000000000000000 ) ) ;
#1332 = LINE ( 'NONE', #1045, #2655 ) ;
#1333 = EDGE_LOOP ( 'NONE', ( #1886, #1611, #3172, #1329 ) ) ;
#1334 = CARTESIAN_POINT ( 'NONE',  ( -2.500000000000015543, -2.081668171172168513E-14, -10.00000000000000000 ) ) ;
#1335 = EDGE_LOOP ( 'NONE', ( #3322, #3169, #2267, #2210 ) ) ;
#1336 = CYLINDRICAL_SURFACE ( 'NONE', #822, 0.2999999999999045097 ) ;
#1337 = ORIENTED_EDGE ( 'NONE', *, *, #2854, .T. ) ;
#1338 = CARTESIAN_POINT ( 'NONE',  ( 9.099999999999969447, 3.100000000000007194, 10.00000000000000000 ) ) ;
#1339 = LINE ( 'NONE', #2466, #997 ) ;
#1340 = EDGE_LOOP ( 'NONE', ( #1926, #339 ) ) ;
#1341 = EDGE_CURVE ( 'NONE', #1451, #3654, #2626, .T. ) ;
#1342 = VERTEX_POINT ( 'NONE', #2568 ) ;
#1343 = SURFACE_STYLE_FILL_AREA ( #3315 ) ;
#1344 = AXIS2_PLACEMENT_3D ( 'NONE', #3177, #3471, #914 ) ;
#1345 = ORIENTED_EDGE ( 'NONE', *, *, #1785, .F. ) ;
#1346 = CARTESIAN_POINT ( 'NONE',  ( 5.500000000000102141, -7.899999999998525979, 10.00000000000000000 ) ) ;
#1347 = DIRECTION ( 'NONE',  ( -0.000000000000000000, 0.000000000000000000, -1.000000000000000000 ) ) ;
#1348 = FACE_OUTER_BOUND ( 'NONE', #2115, .T. ) ;
#1349 = VECTOR ( 'NONE', #1358, 1000.000000000000000 ) ;
#1350 = ADVANCED_FACE ( 'NONE', ( #3183 ), #2311, .F. ) ;
#1351 = VERTEX_POINT ( 'NONE', #904 ) ;
#1352 = DIRECTION ( 'NONE',  ( -0.000000000000000000, -0.000000000000000000, -1.000000000000000000 ) ) ;
#1353 = ORIENTED_EDGE ( 'NONE', *, *, #476, .T. ) ;
#1354 = CYLINDRICAL_SURFACE ( 'NONE', #3498, 2.000000000000017319 ) ;
#1355 = EDGE_CURVE ( 'NONE', #2514, #2377, #3259, .T. ) ;
#1356 = EDGE_LOOP ( 'NONE', ( #3402, #214, #1564, #1521 ) ) ;
#1357 = CIRCLE ( 'NONE', #3438, 1.499999999999843459 ) ;
#1358 = DIRECTION ( 'NONE',  ( -0.000000000000000000, -1.000000000000000000, -0.000000000000000000 ) ) ;
#1359 = LINE ( 'NONE', #1310, #1415 ) ;
#1360 = AXIS2_PLACEMENT_3D ( 'NONE', #2552, #1422, #2526 ) ;
#1361 = ADVANCED_FACE ( 'NONE', ( #1220 ), #3431, .F. ) ;
#1362 = EDGE_LOOP ( 'NONE', ( #1709, #250, #3333, #2406 ) ) ;
#1363 = AXIS2_PLACEMENT_3D ( 'NONE', #2147, #428, #3271 ) ;
#1364 = CIRCLE ( 'NONE', #3268, 0.3000000000000172529 ) ;
#1365 = VECTOR ( 'NONE', #145, 1000.000000000000000 ) ;
#1366 = EDGE_CURVE ( 'NONE', #3639, #1249, #2019, .T. ) ;
#1367 = ORIENTED_EDGE ( 'NONE', *, *, #1549, .T. ) ;
#1368 = ORIENTED_EDGE ( 'NONE', *, *, #2068, .T. ) ;
#1369 = LINE ( 'NONE', #2253, #3505 ) ;
#1370 = CYLINDRICAL_SURFACE ( 'NONE', #2183, 0.2999999999999877764 ) ;
#1371 = DIRECTION ( 'NONE',  ( 0.000000000000000000, 1.000000000000000000, 0.000000000000000000 ) ) ;
#1372 = ORIENTED_EDGE ( 'NONE', *, *, #2392, .T. ) ;
#1373 = CYLINDRICAL_SURFACE ( 'NONE', #1955, 2.000000000000004441 ) ;
#1374 = VERTEX_POINT ( 'NONE', #1144 ) ;
#1375 = DIRECTION ( 'NONE',  ( -1.000000000000000000, 0.000000000000000000, 0.000000000000000000 ) ) ;
#1376 = ADVANCED_FACE ( 'NONE', ( #3151 ), #2330, .F. ) ;
#1377 = ORIENTED_EDGE ( 'NONE', *, *, #966, .F. ) ;
#1378 = DIRECTION ( 'NONE',  ( -0.000000000000000000, -0.000000000000000000, -1.000000000000000000 ) ) ;
#1379 = CARTESIAN_POINT ( 'NONE',  ( 9.999999999999968026, 8.499999999999989342, 10.00000000000000000 ) ) ;
#1380 = VERTEX_POINT ( 'NONE', #2271 ) ;
#1381 = DIRECTION ( 'NONE',  ( -0.000000000000000000, -0.000000000000000000, -1.000000000000000000 ) ) ;
#1382 = ORIENTED_EDGE ( 'NONE', *, *, #740, .F. ) ;
#1383 = DIRECTION ( 'NONE',  ( 0.000000000000000000, 0.000000000000000000, 1.000000000000000000 ) ) ;
#1384 = PLANE ( 'NONE',  #3261 ) ;
#1385 = FACE_OUTER_BOUND ( 'NONE', #258, .T. ) ;
#1386 = VERTEX_POINT ( 'NONE', #920 ) ;
#1387 = DIRECTION ( 'NONE',  ( -0.000000000000000000, -0.000000000000000000, -1.000000000000000000 ) ) ;
#1388 = EDGE_LOOP ( 'NONE', ( #3030, #2099, #378, #1726 ) ) ;
#1389 = DIRECTION ( 'NONE',  ( -0.000000000000000000, -0.000000000000000000, -1.000000000000000000 ) ) ;
#1390 = ORIENTED_EDGE ( 'NONE', *, *, #2597, .F. ) ;
#1391 = LINE ( 'NONE', #2519, #3495 ) ;
#1392 = LINE ( 'NONE', #853, #2244 ) ;
#1393 = ADVANCED_FACE ( 'NONE', ( #3412 ), #1460, .F. ) ;
#1394 = ORIENTED_EDGE ( 'NONE', *, *, #146, .F. ) ;
#1395 = CARTESIAN_POINT ( 'NONE',  ( -5.500000000000030198, 6.684924240491713299, -10.00000000000000000 ) ) ;
#1396 = CARTESIAN_POINT ( 'NONE',  ( -5.199999999999816325, -6.684924240490628833, 10.00000000000000000 ) ) ;
#1397 = ORIENTED_EDGE ( 'NONE', *, *, #1328, .T. ) ;
#1398 = CYLINDRICAL_SURFACE ( 'NONE', #706, 0.2999999999999981570 ) ;
#1399 = CARTESIAN_POINT ( 'NONE',  ( -3.400000000000042100, 9.399999999999964828, 10.00000000000000000 ) ) ;
#1400 = CARTESIAN_POINT ( 'NONE',  ( -5.412132034355990662, 6.472792206135746795, 10.00000000000000000 ) ) ;
#1401 = ADVANCED_FACE ( 'NONE', ( #2343 ), #334, .F. ) ;
#1402 = ORIENTED_EDGE ( 'NONE', *, *, #1039, .T. ) ;
#1403 = CARTESIAN_POINT ( 'NONE',  ( 3.399999999999972378, 8.499999999999982236, 10.00000000000000000 ) ) ;
#1404 = ORIENTED_EDGE ( 'NONE', *, *, #1613, .T. ) ;
#1405 = DIRECTION ( 'NONE',  ( -0.000000000000000000, -0.000000000000000000, -1.000000000000000000 ) ) ;
#1406 = AXIS2_PLACEMENT_3D ( 'NONE', #1473, #3423, #2603 ) ;
#1407 = EDGE_CURVE ( 'NONE', #2888, #3690, #2303, .T. ) ;
#1408 = ORIENTED_EDGE ( 'NONE', *, *, #2208, .F. ) ;
#1409 = FACE_OUTER_BOUND ( 'NONE', #2562, .T. ) ;
#1410 = DIRECTION ( 'NONE',  ( 1.000000000000000000, 0.000000000000000000, 0.000000000000000000 ) ) ;
#1411 = AXIS2_PLACEMENT_3D ( 'NONE', #1468, #1449, #3443 ) ;
#1412 = LINE ( 'NONE', #3684, #342 ) ;
#1413 = AXIS2_PLACEMENT_3D ( 'NONE', #3283, #699, #1281 ) ;
#1414 = ORIENTED_EDGE ( 'NONE', *, *, #375, .T. ) ;
#1415 = VECTOR ( 'NONE', #1910, 1000.000000000000000 ) ;
#1416 = DIRECTION ( 'NONE',  ( -0.000000000000000000, -0.000000000000000000, -1.000000000000000000 ) ) ;
#1417 = AXIS2_PLACEMENT_3D ( 'NONE', #2863, #549, #3693 ) ;
#1418 = EDGE_CURVE ( 'NONE', #2925, #1386, #2845, .T. ) ;
#1419 = VECTOR ( 'NONE', #3667, 1000.000000000000000 ) ;
#1420 = AXIS2_PLACEMENT_3D ( 'NONE', #2229, #3619, #1918 ) ;
#1421 = ORIENTED_EDGE ( 'NONE', *, *, #1586, .F. ) ;
#1422 = DIRECTION ( 'NONE',  ( 1.000000000000000000, 0.000000000000000000, 0.000000000000000000 ) ) ;
#1423 = CARTESIAN_POINT ( 'NONE',  ( 5.199999999999968203, 8.199999999999979750, 10.00000000000000000 ) ) ;
#1424 = VECTOR ( 'NONE', #2904, 1000.000000000000000 ) ;
#1425 = EDGE_CURVE ( 'NONE', #1642, #2971, #2240, .T. ) ;
#1426 = AXIS2_PLACEMENT_3D ( 'NONE', #2531, #3461, #2807 ) ;
#1427 = ORIENTED_EDGE ( 'NONE', *, *, #187, .T. ) ;
#1428 = DIRECTION ( 'NONE',  ( 0.000000000000000000, -1.000000000000000000, 0.000000000000000000 ) ) ;
#1429 = ORIENTED_EDGE ( 'NONE', *, *, #795, .T. ) ;
#1430 = ORIENTED_EDGE ( 'NONE', *, *, #3175, .T. ) ;
#1431 = DIRECTION ( 'NONE',  ( -0.000000000000000000, -0.000000000000000000, -1.000000000000000000 ) ) ;
#1432 = CARTESIAN_POINT ( 'NONE',  ( 9.099999999999969447, -3.099999999999993427, -10.00000000000000000 ) ) ;
#1433 = DIRECTION ( 'NONE',  ( -0.000000000000000000, -0.000000000000000000, -1.000000000000000000 ) ) ;
#1434 = EDGE_CURVE ( 'NONE', #3215, #19, #1441, .T. ) ;
#1435 = ORIENTED_EDGE ( 'NONE', *, *, #795, .F. ) ;
#1436 = DIRECTION ( 'NONE',  ( 0.000000000000000000, 0.000000000000000000, 1.000000000000000000 ) ) ;
#1437 = EDGE_CURVE ( 'NONE', #1380, #2274, #1241, .T. ) ;
#1438 = ORIENTED_EDGE ( 'NONE', *, *, #2119, .T. ) ;
#1439 = DIRECTION ( 'NONE',  ( 0.000000000000000000, 1.000000000000000000, 0.000000000000000000 ) ) ;
#1440 = CARTESIAN_POINT ( 'NONE',  ( 3.399999999999958611, 9.399999999999979039, 10.00000000000000000 ) ) ;
#1441 = LINE ( 'NONE', #882, #3558 ) ;
#1442 = ADVANCED_FACE ( 'NONE', ( #340 ), #2869, .T. ) ;
#1443 = DIRECTION ( 'NONE',  ( 0.000000000000000000, -1.000000000000000000, 0.000000000000000000 ) ) ;
#1444 = FACE_OUTER_BOUND ( 'NONE', #3482, .T. ) ;
#1445 = ORIENTED_EDGE ( 'NONE', *, *, #558, .T. ) ;
#1446 = LINE ( 'NONE', #306, #2127 ) ;
#1447 = ORIENTED_EDGE ( 'NONE', *, *, #3647, .F. ) ;
#1448 = LINE ( 'NONE', #910, #1771 ) ;
#1449 = DIRECTION ( 'NONE',  ( -0.000000000000000000, -0.000000000000000000, -1.000000000000000000 ) ) ;
#1450 = EDGE_CURVE ( 'NONE', #2339, #1850, #2947, .T. ) ;
#1451 = VERTEX_POINT ( 'NONE', #374 ) ;
#1452 = CARTESIAN_POINT ( 'NONE',  ( 5.900000000000002132, 2.010912703474009966, 10.00000000000000000 ) ) ;
#1453 = CARTESIAN_POINT ( 'NONE',  ( -3.400000000000027889, 8.199999999999951328, 10.00000000000000000 ) ) ;
#1454 = CYLINDRICAL_SURFACE ( 'NONE', #1895, 0.2999999999999964362 ) ;
#1455 = ADVANCED_FACE ( 'NONE', ( #2371 ), #1752, .F. ) ;
#1456 = ORIENTED_EDGE ( 'NONE', *, *, #3658, .T. ) ;
#1457 = CARTESIAN_POINT ( 'NONE',  ( 9.999999999999968026, 4.000000000000008882, -10.00000000000000000 ) ) ;
#1458 = DIRECTION ( 'NONE',  ( 1.000000000000000000, 0.000000000000000000, 0.000000000000000000 ) ) ;
#1459 = EDGE_CURVE ( 'NONE', #622, #1929, #506, .T. ) ;
#1460 = PLANE ( 'NONE',  #3499 ) ;
#1461 = ORIENTED_EDGE ( 'NONE', *, *, #1523, .F. ) ;
#1462 = DIRECTION ( 'NONE',  ( -1.000000000000000000, 0.000000000000000000, 0.000000000000000000 ) ) ;
#1463 = EDGE_LOOP ( 'NONE', ( #3266, #504, #65, #1537 ) ) ;
#1464 = DIRECTION ( 'NONE',  ( 1.000000000000000000, -0.000000000000000000, -0.000000000000000000 ) ) ;
#1465 = EDGE_CURVE ( 'NONE', #1862, #3085, #1305, .T. ) ;
#1466 = VERTEX_POINT ( 'NONE', #639 ) ;
#1467 = CARTESIAN_POINT ( 'NONE',  ( 7.899999999999963052, 5.500000000000006217, -10.00000000000000000 ) ) ;
#1468 = CARTESIAN_POINT ( 'NONE',  ( -3.399999999999820055, -9.099999999998905409, 10.00000000000000000 ) ) ;
#1469 = DIRECTION ( 'NONE',  ( -1.000000000000000000, 0.000000000000000000, 0.000000000000000000 ) ) ;
#1470 = ORIENTED_EDGE ( 'NONE', *, *, #1779, .F. ) ;
#1471 = VECTOR ( 'NONE', #2956, 1000.000000000000000 ) ;
#1472 = DIRECTION ( 'NONE',  ( -0.000000000000000000, -0.000000000000000000, -1.000000000000000000 ) ) ;
#1473 = CARTESIAN_POINT ( 'NONE',  ( -9.099999999999857536, -3.099999999999407230, 10.00000000000000000 ) ) ;
#1474 = CARTESIAN_POINT ( 'NONE',  ( 6.684924240491732839, 5.500000000000007105, 10.00000000000000000 ) ) ;
#1475 = AXIS2_PLACEMENT_3D ( 'NONE', #2365, #2924, #2344 ) ;
#1476 = EDGE_CURVE ( 'NONE', #2950, #1351, #3380, .T. ) ;
#1477 = AXIS2_PLACEMENT_3D ( 'NONE', #1840, #1815, #2582 ) ;
#1478 = AXIS2_PLACEMENT_3D ( 'NONE', #2613, #1205, #2038 ) ;
#1479 = VERTEX_POINT ( 'NONE', #66 ) ;
#1480 = DIRECTION ( 'NONE',  ( 0.000000000000000000, 0.000000000000000000, 1.000000000000000000 ) ) ;
#1481 = VECTOR ( 'NONE', #1682, 1000.000000000000000 ) ;
#1482 = CIRCLE ( 'NONE', #1766, 0.2999999999999947153 ) ;
#1483 = DIRECTION ( 'NONE',  ( -1.000000000000000000, 0.000000000000000000, 0.000000000000000000 ) ) ;
#1484 = DIRECTION ( 'NONE',  ( -0.000000000000000000, -0.000000000000000000, -1.000000000000000000 ) ) ;
#1485 = ORIENTED_EDGE ( 'NONE', *, *, #561, .T. ) ;
#1486 = LINE ( 'NONE', #2883, #3512 ) ;
#1487 = AXIS2_PLACEMENT_3D ( 'NONE', #1017, #1623, #1575 ) ;
#1488 = ORIENTED_EDGE ( 'NONE', *, *, #1613, .F. ) ;
#1489 = CARTESIAN_POINT ( 'NONE',  ( -8.500000000000035527, 8.499999999999939604, 10.00000000000000000 ) ) ;
#1490 = AXIS2_PLACEMENT_3D ( 'NONE', #1321, #3342, #444 ) ;
#1491 = ORIENTED_EDGE ( 'NONE', *, *, #1193, .T. ) ;
#1492 = DIRECTION ( 'NONE',  ( 0.000000000000000000, 0.000000000000000000, 1.000000000000000000 ) ) ;
#1493 = EDGE_CURVE ( 'NONE', #2813, #38, #2315, .T. ) ;
#1494 = ORIENTED_EDGE ( 'NONE', *, *, #1328, .F. ) ;
#1495 = DIRECTION ( 'NONE',  ( -1.000000000000000000, 0.000000000000000000, 0.000000000000000000 ) ) ;
#1496 = DIRECTION ( 'NONE',  ( 0.000000000000000000, 0.000000000000000000, 1.000000000000000000 ) ) ;
#1497 = ORIENTED_EDGE ( 'NONE', *, *, #885, .F. ) ;
#1498 = CARTESIAN_POINT ( 'NONE',  ( 9.099999999999969447, -3.099999999999993427, 10.00000000000000000 ) ) ;
#1499 = LINE ( 'NONE', #32, #1248 ) ;
#1500 = DIRECTION ( 'NONE',  ( 0.000000000000000000, 1.000000000000000000, -0.000000000000000000 ) ) ;
#1501 = DIRECTION ( 'NONE',  ( 0.000000000000000000, 0.000000000000000000, 1.000000000000000000 ) ) ;
#1502 = DIRECTION ( 'NONE',  ( -0.000000000000000000, -0.000000000000000000, -1.000000000000000000 ) ) ;
#1503 = LINE ( 'NONE', #2968, #179 ) ;
#1504 = ORIENTED_EDGE ( 'NONE', *, *, #3658, .F. ) ;
#1505 = DIRECTION ( 'NONE',  ( -1.000000000000000000, 0.000000000000000000, 0.000000000000000000 ) ) ;
#1506 = ORIENTED_EDGE ( 'NONE', *, *, #2297, .T. ) ;
#1507 = LINE ( 'NONE', #362, #2905 ) ;
#1508 = EDGE_CURVE ( 'NONE', #861, #1380, #227, .T. ) ;
#1509 = ORIENTED_EDGE ( 'NONE', *, *, #3421, .F. ) ;
#1510 = CARTESIAN_POINT ( 'NONE',  ( 3.425126265847068918, 4.485786437626923195, 10.00000000000000000 ) ) ;
#1511 = DIRECTION ( 'NONE',  ( -0.000000000000000000, -0.000000000000000000, -1.000000000000000000 ) ) ;
#1512 = DIRECTION ( 'NONE',  ( -1.000000000000000000, 0.000000000000000000, 0.000000000000000000 ) ) ;
#1513 = ORIENTED_EDGE ( 'NONE', *, *, #2243, .T. ) ;
#1514 = ADVANCED_FACE ( 'NONE', ( #661 ), #2062, .F. ) ;
#1515 = CARTESIAN_POINT ( 'NONE',  ( -6.684924240491760372, 5.199999999999953104, -10.00000000000000000 ) ) ;
#1516 = PLANE ( 'NONE',  #3433 ) ;
#1517 = CARTESIAN_POINT ( 'NONE',  ( -3.399999999999820055, -9.099999999998905409, -10.00000000000000000 ) ) ;
#1518 = LINE ( 'NONE', #2943, #2826 ) ;
#1519 = ORIENTED_EDGE ( 'NONE', *, *, #1932, .F. ) ;
#1520 = DIRECTION ( 'NONE',  ( 0.000000000000000000, 0.000000000000000000, 1.000000000000000000 ) ) ;
#1521 = ORIENTED_EDGE ( 'NONE', *, *, #354, .T. ) ;
#1522 = DIRECTION ( 'NONE',  ( -1.000000000000000000, 0.000000000000000000, 0.000000000000000000 ) ) ;
#1523 = EDGE_CURVE ( 'NONE', #742, #3391, #2542, .T. ) ;
#1524 = ORIENTED_EDGE ( 'NONE', *, *, #3263, .T. ) ;
#1525 = ORIENTED_EDGE ( 'NONE', *, *, #3006, .F. ) ;
#1526 = DIRECTION ( 'NONE',  ( -0.000000000000000000, -0.000000000000000000, -1.000000000000000000 ) ) ;
#1527 = ORIENTED_EDGE ( 'NONE', *, *, #1559, .T. ) ;
#1528 = DIRECTION ( 'NONE',  ( 1.000000000000000000, 0.000000000000000000, 0.000000000000000000 ) ) ;
#1529 = CIRCLE ( 'NONE', #2123, 0.3000000000000033751 ) ;
#1530 = EDGE_CURVE ( 'NONE', #1607, #1203, #1482, .T. ) ;
#1531 = CARTESIAN_POINT ( 'NONE',  ( -3.400000000000027889, 8.499999999999953815, -10.00000000000000000 ) ) ;
#1532 = DIRECTION ( 'NONE',  ( -1.000000000000000000, 0.000000000000000000, 0.000000000000000000 ) ) ;
#1533 = CARTESIAN_POINT ( 'NONE',  ( -9.099999999999857536, -3.099999999999407230, 10.00000000000000000 ) ) ;
#1534 = VECTOR ( 'NONE', #1838, 1000.000000000000000 ) ;
#1535 = CYLINDRICAL_SURFACE ( 'NONE', #336, 0.2999999999999990452 ) ;
#1536 = CARTESIAN_POINT ( 'NONE',  ( -8.199999999999981526, 3.399999999999939515, 10.00000000000000000 ) ) ;
#1537 = ORIENTED_EDGE ( 'NONE', *, *, #1817, .T. ) ;
#1538 = EDGE_CURVE ( 'NONE', #1374, #176, #3319, .T. ) ;
#1539 = DIRECTION ( 'NONE',  ( -0.000000000000000000, -0.000000000000000000, -1.000000000000000000 ) ) ;
#1540 = DIRECTION ( 'NONE',  ( -0.000000000000000000, 1.000000000000000000, -0.000000000000000000 ) ) ;
#1541 = MECHANICAL_DESIGN_GEOMETRIC_PRESENTATION_REPRESENTATION (  '', ( #3383 ), #2962 ) ;
#1542 = ORIENTED_EDGE ( 'NONE', *, *, #1949, .F. ) ;
#1543 = DIRECTION ( 'NONE',  ( -1.000000000000000000, 0.000000000000000000, 0.000000000000000000 ) ) ;
#1544 = AXIS2_PLACEMENT_3D ( 'NONE', #3297, #2735, #3568 ) ;
#1545 = FACE_OUTER_BOUND ( 'NONE', #1463, .T. ) ;
#1546 = CIRCLE ( 'NONE', #2609, 0.3000000000000085931 ) ;
#1547 = VERTEX_POINT ( 'NONE', #3519 ) ;
#1548 = CARTESIAN_POINT ( 'NONE',  ( 6.472792206135766335, -5.412132034355958687, -10.00000000000000000 ) ) ;
#1549 = EDGE_CURVE ( 'NONE', #2087, #2911, #2100, .T. ) ;
#1550 = VERTEX_POINT ( 'NONE', #679 ) ;
#1551 = DIRECTION ( 'NONE',  ( -0.000000000000000000, -0.000000000000000000, -1.000000000000000000 ) ) ;
#1552 = CARTESIAN_POINT ( 'NONE',  ( 5.200000000000148503, -8.199999999998532019, -10.00000000000000000 ) ) ;
#1553 = CARTESIAN_POINT ( 'NONE',  ( -7.899999999999990585, 5.499999999999944045, 10.00000000000000000 ) ) ;
#1554 = DIRECTION ( 'NONE',  ( 0.000000000000000000, 0.000000000000000000, 1.000000000000000000 ) ) ;
#1555 = ORIENTED_EDGE ( 'NONE', *, *, #186, .F. ) ;
#1556 = CYLINDRICAL_SURFACE ( 'NONE', #2969, 0.2999999999999947153 ) ;
#1557 = VERTEX_POINT ( 'NONE', #1806 ) ;
#1558 = CARTESIAN_POINT ( 'NONE',  ( -5.499999999999813483, -7.899999999998902567, 10.00000000000000000 ) ) ;
#1559 = EDGE_CURVE ( 'NONE', #2479, #1943, #1708, .T. ) ;
#1560 = CARTESIAN_POINT ( 'NONE',  ( 3.900000000000000799, 2.010912703474009966, 10.00000000000000000 ) ) ;
#1561 = ORIENTED_EDGE ( 'NONE', *, *, #424, .F. ) ;
#1562 = CARTESIAN_POINT ( 'NONE',  ( 9.699999999999958433, 3.400000000000005240, -10.00000000000000000 ) ) ;
#1563 = CARTESIAN_POINT ( 'NONE',  ( -5.500000000000030198, 6.684924240491713299, 10.00000000000000000 ) ) ;
#1564 = ORIENTED_EDGE ( 'NONE', *, *, #2335, .F. ) ;
#1565 = PLANE ( 'NONE',  #3189 ) ;
#1566 = CARTESIAN_POINT ( 'NONE',  ( -7.900000000000240163, -5.500000000000135003, -10.00000000000000000 ) ) ;
#1567 = EDGE_CURVE ( 'NONE', #1953, #622, #1264, .T. ) ;
#1568 = CARTESIAN_POINT ( 'NONE',  ( -6.472792206135795645, 5.412132034355917831, -10.00000000000000000 ) ) ;
#1569 = DIRECTION ( 'NONE',  ( -0.000000000000000000, -0.000000000000000000, -1.000000000000000000 ) ) ;
#1570 = ORIENTED_EDGE ( 'NONE', *, *, #1800, .T. ) ;
#1571 = DIRECTION ( 'NONE',  ( -0.000000000000000000, -0.000000000000000000, -1.000000000000000000 ) ) ;
#1572 = DIRECTION ( 'NONE',  ( 0.000000000000000000, 0.000000000000000000, 1.000000000000000000 ) ) ;
#1573 = ORIENTED_EDGE ( 'NONE', *, *, #1193, .F. ) ;
#1574 = DIRECTION ( 'NONE',  ( -1.000000000000000000, 0.000000000000000000, 0.000000000000000000 ) ) ;
#1575 = DIRECTION ( 'NONE',  ( -1.000000000000000000, 0.000000000000000000, 0.000000000000000000 ) ) ;
#1576 = ADVANCED_FACE ( 'NONE', ( #2024 ), #730, .F. ) ;
#1577 = ORIENTED_EDGE ( 'NONE', *, *, #2320, .T. ) ;
#1578 = DIRECTION ( 'NONE',  ( -1.000000000000000000, 0.000000000000000000, 0.000000000000000000 ) ) ;
#1579 = DIRECTION ( 'NONE',  ( -1.000000000000000000, 0.000000000000000000, 0.000000000000000000 ) ) ;
#1580 = EDGE_CURVE ( 'NONE', #1860, #2822, #3014, .T. ) ;
#1581 = ADVANCED_FACE ( 'NONE', ( #696 ), #3546, .F. ) ;
#1582 = VERTEX_POINT ( 'NONE', #1296 ) ;
#1583 = SURFACE_STYLE_USAGE ( .BOTH. , #1632 ) ;
#1584 = AXIS2_PLACEMENT_3D ( 'NONE', #3386, #2222, #1927 ) ;
#1585 = VERTEX_POINT ( 'NONE', #2404 ) ;
#1586 = EDGE_CURVE ( 'NONE', #2165, #2239, #3561, .T. ) ;
#1587 = DIRECTION ( 'NONE',  ( 1.000000000000000000, 0.000000000000000000, -0.000000000000000000 ) ) ;
#1588 = VECTOR ( 'NONE', #657, 1000.000000000000000 ) ;
#1589 = DIRECTION ( 'NONE',  ( -0.000000000000000000, 0.000000000000000000, -1.000000000000000000 ) ) ;
#1590 = EDGE_LOOP ( 'NONE', ( #230, #1916, #420, #2647 ) ) ;
#1591 = DIRECTION ( 'NONE',  ( -0.000000000000000000, 1.000000000000000000, -0.000000000000000000 ) ) ;
#1592 = VECTOR ( 'NONE', #2122, 1000.000000000000000 ) ;
#1593 = VECTOR ( 'NONE', #1939, 1000.000000000000000 ) ;
#1594 = VECTOR ( 'NONE', #2511, 1000.000000000000000 ) ;
#1595 = ORIENTED_EDGE ( 'NONE', *, *, #3537, .T. ) ;
#1596 = LINE ( 'NONE', #421, #2002 ) ;
#1597 = AXIS2_PLACEMENT_3D ( 'NONE', #4, #2593, #2889 ) ;
#1598 = CARTESIAN_POINT ( 'NONE',  ( 3.399999999999958611, 9.699999999999981526, 10.00000000000000000 ) ) ;
#1599 = ORIENTED_EDGE ( 'NONE', *, *, #1323, .F. ) ;
#1600 = ORIENTED_EDGE ( 'NONE', *, *, #3401, .F. ) ;
#1601 = DIRECTION ( 'NONE',  ( -1.000000000000000000, 0.000000000000000000, 0.000000000000000000 ) ) ;
#1602 = CARTESIAN_POINT ( 'NONE',  ( 3.900000000000000799, 2.010912703474009966, 10.00000000000000000 ) ) ;
#1603 = ORIENTED_EDGE ( 'NONE', *, *, #594, .F. ) ;
#1604 = DIRECTION ( 'NONE',  ( -1.000000000000000000, 0.000000000000000000, 0.000000000000000000 ) ) ;
#1605 = EDGE_LOOP ( 'NONE', ( #805, #675, #2913, #2464 ) ) ;
#1606 = CARTESIAN_POINT ( 'NONE',  ( -3.100000000000033396, 9.099999999999957012, -10.00000000000000000 ) ) ;
#1607 = VERTEX_POINT ( 'NONE', #992 ) ;
#1608 = CARTESIAN_POINT ( 'NONE',  ( 8.500000000000188294, -9.999999999998522071, 10.00000000000000000 ) ) ;
#1609 = DIRECTION ( 'NONE',  ( -0.000000000000000000, -0.000000000000000000, -1.000000000000000000 ) ) ;
#1610 = EDGE_CURVE ( 'NONE', #1904, #2065, #2442, .T. ) ;
#1611 = ORIENTED_EDGE ( 'NONE', *, *, #1972, .F. ) ;
#1612 = EDGE_CURVE ( 'NONE', #399, #3037, #3620, .T. ) ;
#1613 = EDGE_CURVE ( 'NONE', #1756, #1794, #2963, .T. ) ;
#1614 = ORIENTED_EDGE ( 'NONE', *, *, #1355, .F. ) ;
#1615 =( NAMED_UNIT ( * ) SI_UNIT ( $, .STERADIAN. ) SOLID_ANGLE_UNIT ( ) );
#1616 = EDGE_LOOP ( 'NONE', ( #1524, #933, #1421, #660 ) ) ;
#1617 = CARTESIAN_POINT ( 'NONE',  ( 2.010912703473977547, 3.900000000000018119, 10.00000000000000000 ) ) ;
#1618 = ADVANCED_FACE ( 'NONE', ( #441 ), #2421, .F. ) ;
#1619 = CARTESIAN_POINT ( 'NONE',  ( 8.199999999999956657, 3.400000000000005240, -10.00000000000000000 ) ) ;
#1620 = EDGE_LOOP ( 'NONE', ( #2916, #1494, #2747, #553 ) ) ;
#1621 = CARTESIAN_POINT ( 'NONE',  ( -8.199999999999985079, 5.199999999999942446, -10.00000000000000000 ) ) ;
#1622 = VERTEX_POINT ( 'NONE', #3317 ) ;
#1623 = DIRECTION ( 'NONE',  ( -0.000000000000000000, -0.000000000000000000, -1.000000000000000000 ) ) ;
#1624 = EDGE_CURVE ( 'NONE', #1277, #459, #1059, .T. ) ;
#1625 = ORIENTED_EDGE ( 'NONE', *, *, #2920, .F. ) ;
#1626 = CARTESIAN_POINT ( 'NONE',  ( -6.684924240491982417, -5.500000000000092371, 10.00000000000000000 ) ) ;
#1627 = DIRECTION ( 'NONE',  ( -0.000000000000000000, -0.000000000000000000, -1.000000000000000000 ) ) ;
#1628 = ADVANCED_FACE ( 'NONE', ( #770 ), #209, .F. ) ;
#1629 = ORIENTED_EDGE ( 'NONE', *, *, #1912, .T. ) ;
#1630 = LINE ( 'NONE', #2493, #274 ) ;
#1631 = ORIENTED_EDGE ( 'NONE', *, *, #150, .T. ) ;
#1632 = SURFACE_SIDE_STYLE ('',( #1343 ) ) ;
#1633 = EDGE_CURVE ( 'NONE', #3626, #615, #2985, .T. ) ;
#1634 = VECTOR ( 'NONE', #1741, 1000.000000000000000 ) ;
#1635 = VERTEX_POINT ( 'NONE', #2158 ) ;
#1636 = DIRECTION ( 'NONE',  ( -1.000000000000000000, 0.000000000000000000, 0.000000000000000000 ) ) ;
#1637 = CARTESIAN_POINT ( 'NONE',  ( -5.412132034355777499, -6.472792206134667659, -10.00000000000000000 ) ) ;
#1638 = CARTESIAN_POINT ( 'NONE',  ( 5.500000000000099476, -6.684924240490287772, 10.00000000000000000 ) ) ;
#1639 = CIRCLE ( 'NONE', #1698, 0.3000000000000033751 ) ;
#1640 = ORIENTED_EDGE ( 'NONE', *, *, #2045, .T. ) ;
#1641 = DIRECTION ( 'NONE',  ( -0.7071067811865475727, -0.7071067811865475727, 0.000000000000000000 ) ) ;
#1642 = VERTEX_POINT ( 'NONE', #2697 ) ;
#1643 = CARTESIAN_POINT ( 'NONE',  ( 4.000000000000142109, -9.699999999998526690, 10.00000000000000000 ) ) ;
#1644 = VECTOR ( 'NONE', #3240, 1000.000000000000000 ) ;
#1645 = CARTESIAN_POINT ( 'NONE',  ( 8.499999999999966249, 10.00000000000000355, 10.00000000000000000 ) ) ;
#1646 = VERTEX_POINT ( 'NONE', #1013 ) ;
#1647 = LINE ( 'NONE', #1626, #273 ) ;
#1648 = CARTESIAN_POINT ( 'NONE',  ( 5.412132034356059940, -6.472792206134560189, -10.00000000000000000 ) ) ;
#1649 = CIRCLE ( 'NONE', #2074, 2.000000000000017319 ) ;
#1650 = CIRCLE ( 'NONE', #2245, 0.3000000000000016542 ) ;
#1651 = ORIENTED_EDGE ( 'NONE', *, *, #2891, .F. ) ;
#1652 = AXIS2_PLACEMENT_3D ( 'NONE', #2859, #315, #2305 ) ;
#1653 = CIRCLE ( 'NONE', #53, 0.2999999999999981570 ) ;
#1654 = CIRCLE ( 'NONE', #352, 0.2999999999999981570 ) ;
#1655 = ORIENTED_EDGE ( 'NONE', *, *, #2020, .F. ) ;
#1656 = ORIENTED_EDGE ( 'NONE', *, *, #2237, .F. ) ;
#1657 = CARTESIAN_POINT ( 'NONE',  ( -9.699999999999848299, -3.399999999999313349, 10.00000000000000000 ) ) ;
#1658 = DIRECTION ( 'NONE',  ( 1.000000000000000000, 0.000000000000000000, 0.000000000000000000 ) ) ;
#1659 = DIRECTION ( 'NONE',  ( -0.000000000000000000, -1.000000000000000000, -0.000000000000000000 ) ) ;
#1660 = ORIENTED_EDGE ( 'NONE', *, *, #1792, .F. ) ;
#1661 = DIRECTION ( 'NONE',  ( 0.7071067811865474617, -0.7071067811865474617, 0.000000000000000000 ) ) ;
#1662 = ORIENTED_EDGE ( 'NONE', *, *, #1274, .T. ) ;
#1663 = CARTESIAN_POINT ( 'NONE',  ( -3.899999999999972822, -2.010912703474044605, 10.00000000000000000 ) ) ;
#1664 = ORIENTED_EDGE ( 'NONE', *, *, #2060, .T. ) ;
#1665 = CARTESIAN_POINT ( 'NONE',  ( 3.399999999999958611, 9.099999999999985434, 10.00000000000000000 ) ) ;
#1666 = DIRECTION ( 'NONE',  ( 1.000000000000000000, 0.000000000000000000, 0.000000000000000000 ) ) ;
#1667 = ADVANCED_FACE ( 'NONE', ( #3282 ), #177, .F. ) ;
#1668 = EDGE_LOOP ( 'NONE', ( #237, #3543, #1470, #2721 ) ) ;
#1669 = EDGE_CURVE ( 'NONE', #2581, #3553, #1650, .T. ) ;
#1670 = ORIENTED_EDGE ( 'NONE', *, *, #2938, .F. ) ;
#1671 = CYLINDRICAL_SURFACE ( 'NONE', #761, 1.999999999999996669 ) ;
#1672 = DIRECTION ( 'NONE',  ( 0.000000000000000000, 1.000000000000000000, -0.000000000000000000 ) ) ;
#1673 = ADVANCED_FACE ( 'NONE', ( #979 ), #1826, .F. ) ;
#1674 = CARTESIAN_POINT ( 'NONE',  ( -2.081668171172168513E-14, -2.081668171172168513E-14, 10.00000000000000000 ) ) ;
#1675 = ORIENTED_EDGE ( 'NONE', *, *, #2580, .F. ) ;
#1676 = DIRECTION ( 'NONE',  ( -0.000000000000000000, -0.000000000000000000, -1.000000000000000000 ) ) ;
#1677 = ORIENTED_EDGE ( 'NONE', *, *, #2086, .F. ) ;
#1678 = LINE ( 'NONE', #1107, #1008 ) ;
#1679 = ORIENTED_EDGE ( 'NONE', *, *, #698, .T. ) ;
#1680 = DIRECTION ( 'NONE',  ( -0.000000000000000000, -0.000000000000000000, -1.000000000000000000 ) ) ;
#1681 = EDGE_CURVE ( 'NONE', #3634, #1261, #414, .T. ) ;
#1682 = DIRECTION ( 'NONE',  ( -0.000000000000000000, -0.000000000000000000, -1.000000000000000000 ) ) ;
#1683 = ORIENTED_EDGE ( 'NONE', *, *, #3599, .F. ) ;
#1684 = ADVANCED_FACE ( 'NONE', ( #1280 ), #788, .T. ) ;
#1685 = EDGE_LOOP ( 'NONE', ( #3045, #531, #14, #901 ) ) ;
#1686 = LINE ( 'NONE', #1991, #1419 ) ;
#1687 = DIRECTION ( 'NONE',  ( 1.000000000000000000, 0.000000000000000000, 0.000000000000000000 ) ) ;
#1688 = DIRECTION ( 'NONE',  ( 1.000000000000000000, 0.000000000000000000, 0.000000000000000000 ) ) ;
#1689 = ORIENTED_EDGE ( 'NONE', *, *, #2788, .T. ) ;
#1690 = DIRECTION ( 'NONE',  ( -0.000000000000000000, -0.000000000000000000, -1.000000000000000000 ) ) ;
#1691 = ADVANCED_FACE ( 'NONE', ( #2214 ), #1384, .F. ) ;
#1692 = VERTEX_POINT ( 'NONE', #3354 ) ;
#1693 = DIRECTION ( 'NONE',  ( -0.000000000000000000, -0.000000000000000000, -1.000000000000000000 ) ) ;
#1694 = CIRCLE ( 'NONE', #3425, 0.3000000000000016542 ) ;
#1695 = ORIENTED_EDGE ( 'NONE', *, *, #1924, .T. ) ;
#1696 = DIRECTION ( 'NONE',  ( -1.000000000000000000, 0.000000000000000000, 0.000000000000000000 ) ) ;
#1697 = DIRECTION ( 'NONE',  ( -1.000000000000000000, 0.000000000000000000, 0.000000000000000000 ) ) ;
#1698 = AXIS2_PLACEMENT_3D ( 'NONE', #3468, #1167, #309 ) ;
#1699 = DIRECTION ( 'NONE',  ( -0.000000000000000000, -0.000000000000000000, -1.000000000000000000 ) ) ;
#1700 = AXIS2_PLACEMENT_3D ( 'NONE', #335, #3527, #2881 ) ;
#1701 = EDGE_CURVE ( 'NONE', #456, #1947, #825, .T. ) ;
#1702 = ORIENTED_EDGE ( 'NONE', *, *, #346, .T. ) ;
#1703 = AXIS2_PLACEMENT_3D ( 'NONE', #436, #2434, #1579 ) ;
#1704 = CARTESIAN_POINT ( 'NONE',  ( 5.199999999999968203, 8.199999999999979750, 10.00000000000000000 ) ) ;
#1705 = VECTOR ( 'NONE', #3299, 1000.000000000000000 ) ;
#1706 = EDGE_CURVE ( 'NONE', #394, #2097, #1890, .T. ) ;
#1707 = CIRCLE ( 'NONE', #110, 0.2999999999999947153 ) ;
#1708 = CIRCLE ( 'NONE', #1833, 0.2999999999999973244 ) ;
#1709 = ORIENTED_EDGE ( 'NONE', *, *, #1323, .T. ) ;
#1710 = DIRECTION ( 'NONE',  ( -0.000000000000000000, -0.000000000000000000, -1.000000000000000000 ) ) ;
#1711 = DIRECTION ( 'NONE',  ( 1.000000000000000000, 0.000000000000000000, 0.000000000000000000 ) ) ;
#1712 = AXIS2_PLACEMENT_3D ( 'NONE', #1954, #1116, #934 ) ;
#1713 = CIRCLE ( 'NONE', #3451, 0.2999999999999981570 ) ;
#1714 = VECTOR ( 'NONE', #701, 1000.000000000000000 ) ;
#1715 = EDGE_LOOP ( 'NONE', ( #3158, #1631, #3002, #1035 ) ) ;
#1716 = CARTESIAN_POINT ( 'NONE',  ( 3.400000000000153122, -8.199999999998526690, 10.00000000000000000 ) ) ;
#1717 = VERTEX_POINT ( 'NONE', #3372 ) ;
#1718 = CARTESIAN_POINT ( 'NONE',  ( 8.499999999999966249, 10.00000000000000355, -10.00000000000000000 ) ) ;
#1719 = ORIENTED_EDGE ( 'NONE', *, *, #1893, .T. ) ;
#1720 = CARTESIAN_POINT ( 'NONE',  ( 9.099999999999969447, 3.100000000000007194, 10.00000000000000000 ) ) ;
#1721 = CARTESIAN_POINT ( 'NONE',  ( 4.000000000000142109, -9.999999999998525624, 10.00000000000000000 ) ) ;
#1722 = ORIENTED_EDGE ( 'NONE', *, *, #1207, .T. ) ;
#1723 = CARTESIAN_POINT ( 'NONE',  ( 8.500000000000188294, -9.999999999998522071, 10.00000000000000000 ) ) ;
#1724 = CARTESIAN_POINT ( 'NONE',  ( 5.200000000000148503, -8.199999999998532019, 10.00000000000000000 ) ) ;
#1725 = EDGE_CURVE ( 'NONE', #1745, #1585, #45, .T. ) ;
#1726 = ORIENTED_EDGE ( 'NONE', *, *, #265, .T. ) ;
#1727 = EDGE_CURVE ( 'NONE', #1203, #2967, #2819, .T. ) ;
#1728 = LINE ( 'NONE', #1273, #520 ) ;
#1729 = FACE_OUTER_BOUND ( 'NONE', #2333, .T. ) ;
#1730 = CARTESIAN_POINT ( 'NONE',  ( 8.500000000000188294, -9.999999999998522071, 10.00000000000000000 ) ) ;
#1731 = VERTEX_POINT ( 'NONE', #3411 ) ;
#1732 = FACE_OUTER_BOUND ( 'NONE', #964, .T. ) ;
#1733 = VERTEX_POINT ( 'NONE', #1423 ) ;
#1734 = ADVANCED_FACE ( 'NONE', ( #1938 ), #1370, .F. ) ;
#1735 = CARTESIAN_POINT ( 'NONE',  ( -5.500000000000030198, 6.684924240491713299, 10.00000000000000000 ) ) ;
#1736 = VERTEX_POINT ( 'NONE', #1399 ) ;
#1737 = DIRECTION ( 'NONE',  ( -1.000000000000000000, 0.000000000000000000, 0.000000000000000000 ) ) ;
#1738 = CARTESIAN_POINT ( 'NONE',  ( 4.000000000000142109, -9.699999999998526690, -10.00000000000000000 ) ) ;
#1739 = EDGE_CURVE ( 'NONE', #3538, #2278, #1961, .T. ) ;
#1740 = ORIENTED_EDGE ( 'NONE', *, *, #2034, .T. ) ;
#1741 = DIRECTION ( 'NONE',  ( -0.000000000000000000, -0.000000000000000000, -1.000000000000000000 ) ) ;
#1742 = DIRECTION ( 'NONE',  ( -0.000000000000000000, -0.000000000000000000, -1.000000000000000000 ) ) ;
#1743 = EDGE_CURVE ( 'NONE', #3091, #1756, #3088, .T. ) ;
#1744 = FACE_OUTER_BOUND ( 'NONE', #366, .T. ) ;
#1745 = VERTEX_POINT ( 'NONE', #2254 ) ;
#1746 = CARTESIAN_POINT ( 'NONE',  ( 9.999999999999968026, 8.499999999999989342, -10.00000000000000000 ) ) ;
#1747 = CARTESIAN_POINT ( 'NONE',  ( -5.500000000000032863, 7.899999999999950617, 10.00000000000000000 ) ) ;
#1748 = PLANE ( 'NONE',  #1818 ) ;
#1749 = ORIENTED_EDGE ( 'NONE', *, *, #1538, .F. ) ;
#1750 = CARTESIAN_POINT ( 'NONE',  ( -9.999999999999841904, -3.999999999999311218, -10.00000000000000000 ) ) ;
#1751 = VERTEX_POINT ( 'NONE', #2804 ) ;
#1752 = CYLINDRICAL_SURFACE ( 'NONE', #2600, 0.2999999999999947153 ) ;
#1753 = ORIENTED_EDGE ( 'NONE', *, *, #594, .T. ) ;
#1754 = CARTESIAN_POINT ( 'NONE',  ( 9.099999999999969447, -3.399999999999991473, 10.00000000000000000 ) ) ;
#1755 = VECTOR ( 'NONE', #2895, 1000.000000000000000 ) ;
#1756 = VERTEX_POINT ( 'NONE', #2843 ) ;
#1757 = AXIS2_PLACEMENT_3D ( 'NONE', #2166, #1325, #985 ) ;
#1758 = CARTESIAN_POINT ( 'NONE',  ( -3.899999999999999467, 2.010912703473962004, 10.00000000000000000 ) ) ;
#1759 = FACE_OUTER_BOUND ( 'NONE', #3019, .T. ) ;
#1760 = VERTEX_POINT ( 'NONE', #548 ) ;
#1761 = VECTOR ( 'NONE', #2661, 1000.000000000000000 ) ;
#1762 = AXIS2_PLACEMENT_3D ( 'NONE', #2275, #538, #1375 ) ;
#1763 = AXIS2_PLACEMENT_3D ( 'NONE', #1747, #1993, #2055 ) ;
#1764 = CARTESIAN_POINT ( 'NONE',  ( 9.699999999999958433, 4.000000000000008882, 10.00000000000000000 ) ) ;
#1765 = CIRCLE ( 'NONE', #1827, 0.3000000000000016542 ) ;
#1766 = AXIS2_PLACEMENT_3D ( 'NONE', #618, #39, #1522 ) ;
#1767 = CARTESIAN_POINT ( 'NONE',  ( 10.00000000000017586, -3.999999999998371081, 10.00000000000000000 ) ) ;
#1768 = LINE ( 'NONE', #1553, #1821 ) ;
#1769 = DIRECTION ( 'NONE',  ( 1.000000000000000000, 0.000000000000000000, 0.000000000000000000 ) ) ;
#1770 = CARTESIAN_POINT ( 'NONE',  ( -3.400000000000042100, 9.699999999999960210, 10.00000000000000000 ) ) ;
#1771 = VECTOR ( 'NONE', #3419, 1000.000000000000000 ) ;
#1772 = VECTOR ( 'NONE', #397, 1000.000000000000000 ) ;
#1773 = ORIENTED_EDGE ( 'NONE', *, *, #1418, .T. ) ;
#1774 = CARTESIAN_POINT ( 'NONE',  ( -10.00000000000003730, 8.499999999999912959, 10.00000000000000000 ) ) ;
#1775 = EDGE_CURVE ( 'NONE', #615, #1607, #277, .T. ) ;
#1776 = CIRCLE ( 'NONE', #1312, 2.000000000000004441 ) ;
#1777 = VERTEX_POINT ( 'NONE', #3069 ) ;
#1778 = DIRECTION ( 'NONE',  ( -0.000000000000000000, -0.000000000000000000, -1.000000000000000000 ) ) ;
#1779 = EDGE_CURVE ( 'NONE', #2841, #2765, #1101, .T. ) ;
#1780 = EDGE_CURVE ( 'NONE', #2205, #1272, #2775, .T. ) ;
#1781 = ORIENTED_EDGE ( 'NONE', *, *, #2387, .F. ) ;
#1782 = CARTESIAN_POINT ( 'NONE',  ( -8.500000000000007105, -9.999999999999166889, -10.00000000000000000 ) ) ;
#1783 = CARTESIAN_POINT ( 'NONE',  ( -3.399999999999820055, -9.099999999998905409, 10.00000000000000000 ) ) ;
#1784 = ORIENTED_EDGE ( 'NONE', *, *, #3239, .T. ) ;
#1785 = EDGE_CURVE ( 'NONE', #1386, #196, #508, .T. ) ;
#1786 = DIRECTION ( 'NONE',  ( -1.000000000000000000, 0.000000000000000000, 0.000000000000000000 ) ) ;
#1787 = FACE_OUTER_BOUND ( 'NONE', #3377, .T. ) ;
#1788 = CARTESIAN_POINT ( 'NONE',  ( -8.200000000000324363, -5.199999999999300293, 10.00000000000000000 ) ) ;
#1789 = CARTESIAN_POINT ( 'NONE',  ( -9.999999999999841904, -8.499999999999305444, -10.00000000000000000 ) ) ;
#1790 = CARTESIAN_POINT ( 'NONE',  ( 3.999999999999961808, 9.699999999999988631, -10.00000000000000000 ) ) ;
#1791 = ORIENTED_EDGE ( 'NONE', *, *, #2403, .F. ) ;
#1792 = EDGE_CURVE ( 'NONE', #2454, #3035, #3076, .T. ) ;
#1793 = DIRECTION ( 'NONE',  ( 1.000000000000000000, 0.000000000000000000, 0.000000000000000000 ) ) ;
#1794 = VERTEX_POINT ( 'NONE', #1637 ) ;
#1795 = ORIENTED_EDGE ( 'NONE', *, *, #1808, .F. ) ;
#1796 = DIRECTION ( 'NONE',  ( 1.000000000000000000, -0.000000000000000000, -0.000000000000000000 ) ) ;
#1797 = ADVANCED_FACE ( 'NONE', ( #226 ), #1086, .T. ) ;
#1798 = FACE_OUTER_BOUND ( 'NONE', #2787, .T. ) ;
#1799 = CARTESIAN_POINT ( 'NONE',  ( 3.100000000000144418, -9.099999999998523492, 10.00000000000000000 ) ) ;
#1800 = EDGE_CURVE ( 'NONE', #1751, #995, #1499, .T. ) ;
#1801 = CARTESIAN_POINT ( 'NONE',  ( 3.099999999999964118, 9.099999999999985434, -10.00000000000000000 ) ) ;
#1802 = CYLINDRICAL_SURFACE ( 'NONE', #697, 0.2999999999999947153 ) ;
#1803 = DIRECTION ( 'NONE',  ( 0.000000000000000000, 0.000000000000000000, 1.000000000000000000 ) ) ;
#1804 = DIRECTION ( 'NONE',  ( -1.000000000000000000, 0.000000000000000000, 0.000000000000000000 ) ) ;
#1805 = ORIENTED_EDGE ( 'NONE', *, *, #563, .F. ) ;
#1806 = CARTESIAN_POINT ( 'NONE',  ( -6.472792206135797421, 5.412132034355916055, 10.00000000000000000 ) ) ;
#1807 = CARTESIAN_POINT ( 'NONE',  ( 4.000000000000142109, -9.699999999998526690, 10.00000000000000000 ) ) ;
#1808 = EDGE_CURVE ( 'NONE', #2385, #1642, #2288, .T. ) ;
#1809 = ORIENTED_EDGE ( 'NONE', *, *, #2285, .F. ) ;
#1810 = DIRECTION ( 'NONE',  ( -1.000000000000000000, 0.000000000000000000, 0.000000000000000000 ) ) ;
#1811 = CYLINDRICAL_SURFACE ( 'NONE', #3562, 0.2999999999999981570 ) ;
#1812 = VERTEX_POINT ( 'NONE', #2037 ) ;
#1813 = CARTESIAN_POINT ( 'NONE',  ( 8.499999999999966249, -3.099999999999993427, 10.00000000000000000 ) ) ;
#1814 = ORIENTED_EDGE ( 'NONE', *, *, #254, .T. ) ;
#1815 = DIRECTION ( 'NONE',  ( -0.000000000000000000, -0.000000000000000000, -1.000000000000000000 ) ) ;
#1816 = AXIS2_PLACEMENT_3D ( 'NONE', #3116, #1680, #2831 ) ;
#1817 = EDGE_CURVE ( 'NONE', #19, #1121, #60, .T. ) ;
#1818 = AXIS2_PLACEMENT_3D ( 'NONE', #3476, #2331, #2627 ) ;
#1819 = CARTESIAN_POINT ( 'NONE',  ( -5.200000000000024158, 6.684924240491713299, 10.00000000000000000 ) ) ;
#1820 = LINE ( 'NONE', #957, #1588 ) ;
#1821 = VECTOR ( 'NONE', #94, 1000.000000000000000 ) ;
#1822 = CARTESIAN_POINT ( 'NONE',  ( 4.485786437626898326, -3.425126265847091567, 10.00000000000000000 ) ) ;
#1823 = ORIENTED_EDGE ( 'NONE', *, *, #1073, .F. ) ;
#1824 = CARTESIAN_POINT ( 'NONE',  ( -7.900000000000240163, -5.500000000000135003, -10.00000000000000000 ) ) ;
#1825 = VERTEX_POINT ( 'NONE', #632 ) ;
#1826 = PLANE ( 'NONE',  #170 ) ;
#1827 = AXIS2_PLACEMENT_3D ( 'NONE', #1598, #755, #2540 ) ;
#1828 = VECTOR ( 'NONE', #613, 1000.000000000000114 ) ;
#1829 = DIRECTION ( 'NONE',  ( -1.000000000000000000, 0.000000000000000000, 0.000000000000000000 ) ) ;
#1830 = VECTOR ( 'NONE', #965, 1000.000000000000000 ) ;
#1831 = ORIENTED_EDGE ( 'NONE', *, *, #1090, .F. ) ;
#1832 =( NAMED_UNIT ( * ) SI_UNIT ( $, .STERADIAN. ) SOLID_ANGLE_UNIT ( ) );
#1833 = AXIS2_PLACEMENT_3D ( 'NONE', #391, #1539, #125 ) ;
#1834 = LINE ( 'NONE', #1704, #3509 ) ;
#1835 = VECTOR ( 'NONE', #426, 1000.000000000000000 ) ;
#1836 = VECTOR ( 'NONE', #2837, 1000.000000000000000 ) ;
#1837 = EDGE_LOOP ( 'NONE', ( #98, #3167 ) ) ;
#1838 = DIRECTION ( 'NONE',  ( -0.000000000000000000, -0.000000000000000000, -1.000000000000000000 ) ) ;
#1839 = CARTESIAN_POINT ( 'NONE',  ( -8.499999999999868550, -3.099999999999399236, 10.00000000000000000 ) ) ;
#1840 = CARTESIAN_POINT ( 'NONE',  ( -6.684924240491760372, 5.199999999999953104, 10.00000000000000000 ) ) ;
#1841 = EDGE_CURVE ( 'NONE', #838, #163, #368, .T. ) ;
#1842 = VECTOR ( 'NONE', #2323, 1000.000000000000000 ) ;
#1843 = PLANE ( 'NONE',  #2004 ) ;
#1844 = ORIENTED_EDGE ( 'NONE', *, *, #3334, .F. ) ;
#1845 = CARTESIAN_POINT ( 'NONE',  ( 5.500000000000099476, -6.684924240490287772, 10.00000000000000000 ) ) ;
#1846 = EDGE_CURVE ( 'NONE', #390, #1049, #2545, .T. ) ;
#1847 = ORIENTED_EDGE ( 'NONE', *, *, #1986, .T. ) ;
#1848 = CARTESIAN_POINT ( 'NONE',  ( 6.684924240491732839, -5.199999999999993072, 10.00000000000000000 ) ) ;
#1849 = DIRECTION ( 'NONE',  ( -0.000000000000000000, -0.000000000000000000, -1.000000000000000000 ) ) ;
#1850 = VERTEX_POINT ( 'NONE', #3430 ) ;
#1851 = DIRECTION ( 'NONE',  ( -0.000000000000000000, -0.000000000000000000, -1.000000000000000000 ) ) ;
#1852 = EDGE_CURVE ( 'NONE', #1342, #2030, #612, .T. ) ;
#1853 = VERTEX_POINT ( 'NONE', #333 ) ;
#1854 = CARTESIAN_POINT ( 'NONE',  ( 9.699999999999958433, 4.000000000000008882, -10.00000000000000000 ) ) ;
#1855 = EDGE_CURVE ( 'NONE', #1550, #2977, #3625, .T. ) ;
#1856 = PLANE ( 'NONE',  #1058 ) ;
#1857 = PLANE ( 'NONE',  #1884 ) ;
#1858 = ADVANCED_FACE ( 'NONE', ( #1729, #879 ), #2054, .F. ) ;
#1859 = DIRECTION ( 'NONE',  ( 0.000000000000000000, 1.000000000000000000, 0.000000000000000000 ) ) ;
#1860 = VERTEX_POINT ( 'NONE', #1204 ) ;
#1861 = CARTESIAN_POINT ( 'NONE',  ( -9.400000000000034106, 3.399999999999932410, -10.00000000000000000 ) ) ;
#1862 = VERTEX_POINT ( 'NONE', #1234 ) ;
#1863 = DIRECTION ( 'NONE',  ( -0.000000000000000000, -0.000000000000000000, -1.000000000000000000 ) ) ;
#1864 = EDGE_CURVE ( 'NONE', #3052, #3288, #1125, .T. ) ;
#1865 = CARTESIAN_POINT ( 'NONE',  ( -3.399999999999820055, -8.199999999998899725, 10.00000000000000000 ) ) ;
#1866 = VERTEX_POINT ( 'NONE', #2625 ) ;
#1867 = CARTESIAN_POINT ( 'NONE',  ( -9.099999999999997868, 3.099999999999918820, 10.00000000000000000 ) ) ;
#1868 = DIRECTION ( 'NONE',  ( -1.000000000000000000, 0.000000000000000000, 0.000000000000000000 ) ) ;
#1869 = EDGE_CURVE ( 'NONE', #3617, #863, #2836, .T. ) ;
#1870 = ORIENTED_EDGE ( 'NONE', *, *, #3249, .F. ) ;
#1871 = DIRECTION ( 'NONE',  ( -0.000000000000000000, -0.000000000000000000, -1.000000000000000000 ) ) ;
#1872 = CARTESIAN_POINT ( 'NONE',  ( -5.412132034355778387, -6.472792206134666770, 10.00000000000000000 ) ) ;
#1873 = DIRECTION ( 'NONE',  ( 0.7071067811865475727, 0.7071067811865475727, -0.000000000000000000 ) ) ;
#1874 = CIRCLE ( 'NONE', #330, 0.3000000000000849210 ) ;
#1875 = DIRECTION ( 'NONE',  ( 1.000000000000000000, 0.000000000000000000, 0.000000000000000000 ) ) ;
#1876 = ORIENTED_EDGE ( 'NONE', *, *, #3061, .F. ) ;
#1877 = CIRCLE ( 'NONE', #3664, 2.000000000000004441 ) ;
#1878 = ORIENTED_EDGE ( 'NONE', *, *, #1567, .T. ) ;
#1879 = DIRECTION ( 'NONE',  ( -1.000000000000000000, 0.000000000000000000, 0.000000000000000000 ) ) ;
#1880 = VECTOR ( 'NONE', #3242, 1000.000000000000000 ) ;
#1881 = CARTESIAN_POINT ( 'NONE',  ( 9.699999999999958433, 3.400000000000005240, 10.00000000000000000 ) ) ;
#1882 = VERTEX_POINT ( 'NONE', #3203 ) ;
#1883 = DIRECTION ( 'NONE',  ( -0.000000000000000000, -0.000000000000000000, -1.000000000000000000 ) ) ;
#1884 = AXIS2_PLACEMENT_3D ( 'NONE', #300, #1439, #10 ) ;
#1885 = VECTOR ( 'NONE', #3320, 1000.000000000000000 ) ;
#1886 = ORIENTED_EDGE ( 'NONE', *, *, #3298, .T. ) ;
#1887 = EDGE_CURVE ( 'NONE', #1295, #1622, #655, .T. ) ;
#1888 = DIRECTION ( 'NONE',  ( 0.000000000000000000, 0.000000000000000000, 1.000000000000000000 ) ) ;
#1889 = CIRCLE ( 'NONE', #169, 0.3000000000000085931 ) ;
#1890 = CIRCLE ( 'NONE', #645, 0.2999999999999964362 ) ;
#1891 = ORIENTED_EDGE ( 'NONE', *, *, #3101, .T. ) ;
#1892 = CARTESIAN_POINT ( 'NONE',  ( 9.699999999999958433, 3.700000000000000178, 10.00000000000000000 ) ) ;
#1893 = EDGE_CURVE ( 'NONE', #2239, #843, #2862, .T. ) ;
#1894 = VECTOR ( 'NONE', #523, 1000.000000000000000 ) ;
#1895 = AXIS2_PLACEMENT_3D ( 'NONE', #3687, #3120, #2876 ) ;
#1896 = DIRECTION ( 'NONE',  ( -1.000000000000000000, -0.000000000000000000, -0.000000000000000000 ) ) ;
#1897 = ORIENTED_EDGE ( 'NONE', *, *, #1855, .F. ) ;
#1898 = ORIENTED_EDGE ( 'NONE', *, *, #1212, .F. ) ;
#1899 =( NAMED_UNIT ( * ) SI_UNIT ( $, .STERADIAN. ) SOLID_ANGLE_UNIT ( ) );
#1900 = EDGE_CURVE ( 'NONE', #1451, #2841, #232, .T. ) ;
#1901 = ORIENTED_EDGE ( 'NONE', *, *, #2451, .F. ) ;
#1902 = CARTESIAN_POINT ( 'NONE',  ( -3.399999999999805844, -9.699999999998908606, 10.00000000000000000 ) ) ;
#1903 = CARTESIAN_POINT ( 'NONE',  ( 5.199999999999968203, 6.684924240491751490, -10.00000000000000000 ) ) ;
#1904 = VERTEX_POINT ( 'NONE', #2939 ) ;
#1905 = DIRECTION ( 'NONE',  ( -0.000000000000000000, -0.000000000000000000, -1.000000000000000000 ) ) ;
#1906 = ORIENTED_EDGE ( 'NONE', *, *, #924, .F. ) ;
#1907 = PLANE ( 'NONE',  #48 ) ;
#1908 = EDGE_LOOP ( 'NONE', ( #3358, #905, #2041, #1030 ) ) ;
#1909 = LINE ( 'NONE', #3361, #1349 ) ;
#1910 = DIRECTION ( 'NONE',  ( -0.000000000000000000, -1.000000000000000000, -0.000000000000000000 ) ) ;
#1911 = CARTESIAN_POINT ( 'NONE',  ( -9.999999999999841904, -3.999999999999311218, 10.00000000000000000 ) ) ;
#1912 = EDGE_CURVE ( 'NONE', #1249, #1853, #3511, .T. ) ;
#1913 = ORIENTED_EDGE ( 'NONE', *, *, #2877, .T. ) ;
#1914 = VERTEX_POINT ( 'NONE', #2583 ) ;
#1915 =( NAMED_UNIT ( * ) PLANE_ANGLE_UNIT ( ) SI_UNIT ( $, .RADIAN. ) );
#1916 = ORIENTED_EDGE ( 'NONE', *, *, #2006, .F. ) ;
#1917 = DIRECTION ( 'NONE',  ( -1.000000000000000000, 0.000000000000000000, 0.000000000000000000 ) ) ;
#1918 = DIRECTION ( 'NONE',  ( -1.000000000000000000, 0.000000000000000000, 0.000000000000000000 ) ) ;
#1919 = CYLINDRICAL_SURFACE ( 'NONE', #3195, 0.2999999999999877764 ) ;
#1920 = VERTEX_POINT ( 'NONE', #1801 ) ;
#1921 = CARTESIAN_POINT ( 'NONE',  ( 8.199999999999956657, 3.400000000000005240, 10.00000000000000000 ) ) ;
#1922 = VERTEX_POINT ( 'NONE', #1440 ) ;
#1923 = DIRECTION ( 'NONE',  ( -1.000000000000000000, 0.000000000000000000, 0.000000000000000000 ) ) ;
#1924 = EDGE_CURVE ( 'NONE', #1547, #2479, #2567, .T. ) ;
#1925 = CARTESIAN_POINT ( 'NONE',  ( 7.899999999999963052, 5.500000000000006217, 10.00000000000000000 ) ) ;
#1926 = ORIENTED_EDGE ( 'NONE', *, *, #1080, .T. ) ;
#1927 = DIRECTION ( 'NONE',  ( -0.7071067811865479058, 0.7071067811865472397, 0.000000000000000000 ) ) ;
#1928 = DIRECTION ( 'NONE',  ( 1.000000000000000000, 0.000000000000000000, 0.000000000000000000 ) ) ;
#1929 = VERTEX_POINT ( 'NONE', #1257 ) ;
#1930 = EDGE_CURVE ( 'NONE', #943, #1850, #514, .T. ) ;
#1931 = DIRECTION ( 'NONE',  ( 0.000000000000000000, 0.000000000000000000, 1.000000000000000000 ) ) ;
#1932 = EDGE_CURVE ( 'NONE', #1121, #1965, #1713, .T. ) ;
#1933 = ORIENTED_EDGE ( 'NONE', *, *, #213, .F. ) ;
#1934 = AXIS2_PLACEMENT_3D ( 'NONE', #3607, #2050, #3159 ) ;
#1935 = ORIENTED_EDGE ( 'NONE', *, *, #1739, .T. ) ;
#1936 = ADVANCED_FACE ( 'NONE', ( #1545 ), #1811, .T. ) ;
#1937 = CARTESIAN_POINT ( 'NONE',  ( -10.00000000000003730, 8.499999999999912959, -10.00000000000000000 ) ) ;
#1938 = FACE_OUTER_BOUND ( 'NONE', #3118, .T. ) ;
#1939 = DIRECTION ( 'NONE',  ( -0.000000000000000000, -0.000000000000000000, -1.000000000000000000 ) ) ;
#1940 = VECTOR ( 'NONE', #2449, 1000.000000000000000 ) ;
#1941 = ORIENTED_EDGE ( 'NONE', *, *, #83, .T. ) ;
#1942 = DIRECTION ( 'NONE',  ( -1.000000000000000000, 0.000000000000000000, 0.000000000000000000 ) ) ;
#1943 = VERTEX_POINT ( 'NONE', #26 ) ;
#1944 = DIRECTION ( 'NONE',  ( -1.000000000000000000, 0.000000000000000000, 0.000000000000000000 ) ) ;
#1945 = AXIS2_PLACEMENT_3D ( 'NONE', #1327, #1875, #2154 ) ;
#1946 = CIRCLE ( 'NONE', #167, 1.499999999999999556 ) ;
#1947 = VERTEX_POINT ( 'NONE', #873 ) ;
#1948 = DIRECTION ( 'NONE',  ( 1.000000000000000000, 0.000000000000000000, 0.000000000000000000 ) ) ;
#1949 = EDGE_CURVE ( 'NONE', #1557, #1049, #2579, .T. ) ;
#1950 = DIRECTION ( 'NONE',  ( 1.000000000000000000, -0.000000000000000000, -0.000000000000000000 ) ) ;
#1951 = VECTOR ( 'NONE', #3644, 1000.000000000000114 ) ;
#1952 = AXIS2_PLACEMENT_3D ( 'NONE', #1848, #2131, #1028 ) ;
#1953 = VERTEX_POINT ( 'NONE', #131 ) ;
#1954 = CARTESIAN_POINT ( 'NONE',  ( -3.400000000000042100, 9.099999999999957012, -10.00000000000000000 ) ) ;
#1955 = AXIS2_PLACEMENT_3D ( 'NONE', #2795, #2218, #2738 ) ;
#1956 = VECTOR ( 'NONE', #31, 1000.000000000000000 ) ;
#1957 = CARTESIAN_POINT ( 'NONE',  ( -6.684924240491982417, -5.500000000000092371, 10.00000000000000000 ) ) ;
#1958 = VECTOR ( 'NONE', #2129, 1000.000000000000000 ) ;
#1959 = ORIENTED_EDGE ( 'NONE', *, *, #1437, .F. ) ;
#1960 = LINE ( 'NONE', #2268, #3015 ) ;
#1961 = LINE ( 'NONE', #2527, #284 ) ;
#1962 = DIRECTION ( 'NONE',  ( -1.000000000000000000, 0.000000000000000000, 0.000000000000000000 ) ) ;
#1963 = EDGE_LOOP ( 'NONE', ( #2737, #3623, #363, #3612 ) ) ;
#1964 = CYLINDRICAL_SURFACE ( 'NONE', #2190, 0.2999999999999973244 ) ;
#1965 = VERTEX_POINT ( 'NONE', #917 ) ;
#1966 = CARTESIAN_POINT ( 'NONE',  ( -8.499999999999868550, -3.099999999999399236, 10.00000000000000000 ) ) ;
#1967 = EDGE_CURVE ( 'NONE', #163, #3086, #1140, .T. ) ;
#1968 = VERTEX_POINT ( 'NONE', #564 ) ;
#1969 = FACE_OUTER_BOUND ( 'NONE', #1064, .T. ) ;
#1970 = LINE ( 'NONE', #543, #2605 ) ;
#1971 = EDGE_LOOP ( 'NONE', ( #767, #1253, #2312, #2733 ) ) ;
#1972 = EDGE_CURVE ( 'NONE', #159, #1042, #2858, .T. ) ;
#1973 = EDGE_LOOP ( 'NONE', ( #2328, #2755, #2873, #665 ) ) ;
#1974 = CARTESIAN_POINT ( 'NONE',  ( -2.081668171172168513E-14, -2.081668171172168513E-14, 10.00000000000000000 ) ) ;
#1975 = DIRECTION ( 'NONE',  ( -0.000000000000000000, -0.000000000000000000, -1.000000000000000000 ) ) ;
#1976 = DIRECTION ( 'NONE',  ( -0.000000000000000000, -0.000000000000000000, -1.000000000000000000 ) ) ;
#1977 = CARTESIAN_POINT ( 'NONE',  ( -5.199999999999816325, -8.199999999998903277, 10.00000000000000000 ) ) ;
#1978 = EDGE_LOOP ( 'NONE', ( #16, #304, #1670, #2136 ) ) ;
#1979 = CARTESIAN_POINT ( 'NONE',  ( 3.400000000000153122, -8.199999999998526690, 10.00000000000000000 ) ) ;
#1980 = ORIENTED_EDGE ( 'NONE', *, *, #1039, .F. ) ;
#1981 = DIRECTION ( 'NONE',  ( -1.000000000000000000, 0.000000000000000000, 0.000000000000000000 ) ) ;
#1982 = ADVANCED_FACE ( 'NONE', ( #2053 ), #3452, .F. ) ;
#1983 = ORIENTED_EDGE ( 'NONE', *, *, #2706, .T. ) ;
#1984 = FACE_OUTER_BOUND ( 'NONE', #1973, .T. ) ;
#1985 = DIRECTION ( 'NONE',  ( -0.000000000000000000, -0.000000000000000000, -1.000000000000000000 ) ) ;
#1986 = EDGE_CURVE ( 'NONE', #3470, #1825, #2546, .T. ) ;
#1987 = DIRECTION ( 'NONE',  ( -0.000000000000000000, -0.000000000000000000, -1.000000000000000000 ) ) ;
#1988 = ORIENTED_EDGE ( 'NONE', *, *, #561, .F. ) ;
#1989 = DIRECTION ( 'NONE',  ( -1.000000000000000000, 0.000000000000000000, 0.000000000000000000 ) ) ;
#1990 = EDGE_LOOP ( 'NONE', ( #224, #3077, #1573, #124 ) ) ;
#1991 = CARTESIAN_POINT ( 'NONE',  ( -3.400000000000042100, 9.399999999999964828, 10.00000000000000000 ) ) ;
#1992 = DIRECTION ( 'NONE',  ( 0.000000000000000000, 0.000000000000000000, 1.000000000000000000 ) ) ;
#1993 = DIRECTION ( 'NONE',  ( -1.000000000000000000, 0.000000000000000000, 0.000000000000000000 ) ) ;
#1994 = ORIENTED_EDGE ( 'NONE', *, *, #2281, .F. ) ;
#1995 = CARTESIAN_POINT ( 'NONE',  ( 5.412132034355932930, 6.472792206135786763, 10.00000000000000000 ) ) ;
#1996 = EDGE_LOOP ( 'NONE', ( #307, #2161, #981, #2373 ) ) ;
#1997 = DIRECTION ( 'NONE',  ( -0.000000000000000000, -0.000000000000000000, -1.000000000000000000 ) ) ;
#1998 = AXIS2_PLACEMENT_3D ( 'NONE', #1452, #1472, #666 ) ;
#1999 = CARTESIAN_POINT ( 'NONE',  ( -9.699999999999986855, 3.999999999999932498, 10.00000000000000000 ) ) ;
#2000 = DIRECTION ( 'NONE',  ( -1.000000000000000000, 0.000000000000000000, 0.000000000000000000 ) ) ;
#2001 = ADVANCED_FACE ( 'NONE', ( #1744 ), #3407, .F. ) ;
#2002 = VECTOR ( 'NONE', #3003, 1000.000000000000000 ) ;
#2003 = UNCERTAINTY_MEASURE_WITH_UNIT (LENGTH_MEASURE( 1.000000000000000082E-05 ), #160, 'distance_accuracy_value', 'NONE');
#2004 = AXIS2_PLACEMENT_3D ( 'NONE', #2981, #3206, #2058 ) ;
#2005 = EDGE_LOOP ( 'NONE', ( #2209, #211, #668, #3180 ) ) ;
#2006 = EDGE_CURVE ( 'NONE', #1733, #1607, #1834, .T. ) ;
#2007 = DIRECTION ( 'NONE',  ( -0.000000000000000000, -0.000000000000000000, -1.000000000000000000 ) ) ;
#2008 = CIRCLE ( 'NONE', #2481, 0.3000000000000085931 ) ;
#2009 = CARTESIAN_POINT ( 'NONE',  ( 2.010912703473977547, 3.900000000000018119, -10.00000000000000000 ) ) ;
#2010 = VECTOR ( 'NONE', #1849, 1000.000000000000000 ) ;
#2011 = AXIS2_PLACEMENT_3D ( 'NONE', #3192, #1492, #308 ) ;
#2012 = AXIS2_PLACEMENT_3D ( 'NONE', #3582, #1587, #1347 ) ;
#2013 = EDGE_CURVE ( 'NONE', #708, #3085, #2391, .T. ) ;
#2014 = ORIENTED_EDGE ( 'NONE', *, *, #1779, .T. ) ;
#2015 = CYLINDRICAL_SURFACE ( 'NONE', #3258, 0.3000000000000016542 ) ;
#2016 = CARTESIAN_POINT ( 'NONE',  ( 7.899999999999963052, 5.200000000000008171, -10.00000000000000000 ) ) ;
#2017 = VECTOR ( 'NONE', #2345, 1000.000000000000000 ) ;
#2018 = AXIS2_PLACEMENT_3D ( 'NONE', #2463, #182, #3038 ) ;
#2019 = LINE ( 'NONE', #280, #1828 ) ;
#2020 = EDGE_CURVE ( 'NONE', #3632, #2885, #2118, .T. ) ;
#2021 = ORIENTED_EDGE ( 'NONE', *, *, #868, .T. ) ;
#2022 = DIRECTION ( 'NONE',  ( -0.000000000000000000, -0.000000000000000000, -1.000000000000000000 ) ) ;
#2023 = EDGE_LOOP ( 'NONE', ( #678, #223, #2441, #2495 ) ) ;
#2024 = FACE_OUTER_BOUND ( 'NONE', #3480, .T. ) ;
#2025 = COLOUR_RGB ( '',0.8980392156862745390, 0.9176470588235293713, 0.9294117647058823817 ) ;
#2026 = EDGE_CURVE ( 'NONE', #196, #2224, #171, .T. ) ;
#2027 = ORIENTED_EDGE ( 'NONE', *, *, #2285, .T. ) ;
#2028 = CARTESIAN_POINT ( 'NONE',  ( -6.684924240491676883, -5.200000000000046363, 10.00000000000000000 ) ) ;
#2029 = CARTESIAN_POINT ( 'NONE',  ( 5.412132034356059940, -6.472792206134560189, 10.00000000000000000 ) ) ;
#2030 = VERTEX_POINT ( 'NONE', #314 ) ;
#2031 = DIRECTION ( 'NONE',  ( -0.000000000000000000, -0.000000000000000000, -1.000000000000000000 ) ) ;
#2032 = CARTESIAN_POINT ( 'NONE',  ( 8.500000000000188294, -9.999999999998522071, -10.00000000000000000 ) ) ;
#2033 = DIRECTION ( 'NONE',  ( -1.000000000000000000, 0.000000000000000000, 0.000000000000000000 ) ) ;
#2034 = EDGE_CURVE ( 'NONE', #2822, #1386, #2564, .T. ) ;
#2035 = ORIENTED_EDGE ( 'NONE', *, *, #2732, .F. ) ;
#2036 = DIRECTION ( 'NONE',  ( -0.000000000000000000, -0.000000000000000000, -1.000000000000000000 ) ) ;
#2037 = CARTESIAN_POINT ( 'NONE',  ( 5.412132034355931154, 6.472792206135788540, 10.00000000000000000 ) ) ;
#2038 = DIRECTION ( 'NONE',  ( 0.000000000000000000, 0.000000000000000000, -1.000000000000000000 ) ) ;
#2039 = FACE_OUTER_BOUND ( 'NONE', #1978, .T. ) ;
#2040 = APPLICATION_CONTEXT ( 'automotive_design' ) ;
#2041 = ORIENTED_EDGE ( 'NONE', *, *, #1051, .F. ) ;
#2042 = CARTESIAN_POINT ( 'NONE',  ( 8.199999999999961986, -3.399999999999991473, 10.00000000000000000 ) ) ;
#2043 = ORIENTED_EDGE ( 'NONE', *, *, #2595, .F. ) ;
#2044 = DIRECTION ( 'NONE',  ( 0.000000000000000000, 0.000000000000000000, 1.000000000000000000 ) ) ;
#2045 = EDGE_CURVE ( 'NONE', #700, #1760, #3252, .T. ) ;
#2046 = ORIENTED_EDGE ( 'NONE', *, *, #2026, .F. ) ;
#2047 = DIRECTION ( 'NONE',  ( -1.000000000000000000, 0.000000000000000000, 0.000000000000000000 ) ) ;
#2048 = CARTESIAN_POINT ( 'NONE',  ( 2.499999999999974243, -2.051052001193484726E-14, -10.00000000000000000 ) ) ;
#2049 = ORIENTED_EDGE ( 'NONE', *, *, #2366, .T. ) ;
#2050 = DIRECTION ( 'NONE',  ( -0.000000000000000000, -0.000000000000000000, -1.000000000000000000 ) ) ;
#2051 = FACE_OUTER_BOUND ( 'NONE', #850, .T. ) ;
#2052 = ORIENTED_EDGE ( 'NONE', *, *, #1852, .F. ) ;
#2053 = FACE_OUTER_BOUND ( 'NONE', #2618, .T. ) ;
#2054 = PLANE ( 'NONE',  #765 ) ;
#2055 = DIRECTION ( 'NONE',  ( 0.000000000000000000, 0.000000000000000000, 1.000000000000000000 ) ) ;
#2056 = ADVANCED_FACE ( 'NONE', ( #704 ), #1454, .F. ) ;
#2057 = DIRECTION ( 'NONE',  ( -0.000000000000000000, -0.000000000000000000, -1.000000000000000000 ) ) ;
#2058 = DIRECTION ( 'NONE',  ( 1.000000000000000000, 0.000000000000000000, -0.000000000000000000 ) ) ;
#2059 = CYLINDRICAL_SURFACE ( 'NONE', #1069, 1.499999999999997780 ) ;
#2060 = EDGE_CURVE ( 'NONE', #1199, #2588, #3424, .T. ) ;
#2061 = ORIENTED_EDGE ( 'NONE', *, *, #3326, .F. ) ;
#2062 = PLANE ( 'NONE',  #2607 ) ;
#2063 = ORIENTED_EDGE ( 'NONE', *, *, #739, .F. ) ;
#2064 = CARTESIAN_POINT ( 'NONE',  ( -9.099999999999997868, 3.399999999999935962, 10.00000000000000000 ) ) ;
#2065 = VERTEX_POINT ( 'NONE', #2009 ) ;
#2066 = VECTOR ( 'NONE', #1003, 1000.000000000000000 ) ;
#2067 = CARTESIAN_POINT ( 'NONE',  ( 9.399999999999964828, 3.400000000000005240, -10.00000000000000000 ) ) ;
#2068 = EDGE_CURVE ( 'NONE', #1965, #724, #1050, .T. ) ;
#2069 = CARTESIAN_POINT ( 'NONE',  ( 5.200000000000093436, -6.684924240490526692, 10.00000000000000000 ) ) ;
#2070 = ORIENTED_EDGE ( 'NONE', *, *, #2356, .T. ) ;
#2071 = VECTOR ( 'NONE', #1275, 1000.000000000000000 ) ;
#2072 = VECTOR ( 'NONE', #493, 1000.000000000000000 ) ;
#2073 = DIRECTION ( 'NONE',  ( 1.000000000000000000, 0.000000000000000000, -0.000000000000000000 ) ) ;
#2074 = AXIS2_PLACEMENT_3D ( 'NONE', #3048, #2792, #547 ) ;
#2075 = AXIS2_PLACEMENT_3D ( 'NONE', #1224, #322, #2928 ) ;
#2076 = FACE_OUTER_BOUND ( 'NONE', #473, .T. ) ;
#2077 = DIRECTION ( 'NONE',  ( 0.7071067811865472397, -0.7071067811865479058, 0.000000000000000000 ) ) ;
#2078 = DIRECTION ( 'NONE',  ( 0.000000000000000000, 0.000000000000000000, -1.000000000000000000 ) ) ;
#2079 = CARTESIAN_POINT ( 'NONE',  ( -6.684924240491982417, -5.500000000000092371, -10.00000000000000000 ) ) ;
#2080 = ORIENTED_EDGE ( 'NONE', *, *, #1149, .F. ) ;
#2081 = DIRECTION ( 'NONE',  ( 1.000000000000000000, 0.000000000000000000, 0.000000000000000000 ) ) ;
#2082 = CIRCLE ( 'NONE', #458, 0.2999999999999999334 ) ;
#2083 = ORIENTED_EDGE ( 'NONE', *, *, #2948, .T. ) ;
#2084 = LINE ( 'NONE', #2951, #710 ) ;
#2085 = AXIS2_PLACEMENT_3D ( 'NONE', #3208, #3580, #174 ) ;
#2086 = EDGE_CURVE ( 'NONE', #311, #719, #1546, .T. ) ;
#2087 = VERTEX_POINT ( 'NONE', #1563 ) ;
#2088 = LINE ( 'NONE', #1782, #869 ) ;
#2089 = CARTESIAN_POINT ( 'NONE',  ( 7.899999999999963052, 5.500000000000006217, 10.00000000000000000 ) ) ;
#2090 = EDGE_LOOP ( 'NONE', ( #2021, #3462, #3478, #3176 ) ) ;
#2091 = CARTESIAN_POINT ( 'NONE',  ( -8.199999999999985079, 3.399999999999939515, -10.00000000000000000 ) ) ;
#2092 = CARTESIAN_POINT ( 'NONE',  ( -5.412132034355990662, 6.472792206135746795, 10.00000000000000000 ) ) ;
#2093 = ADVANCED_FACE ( 'NONE', ( #1284 ), #433, .F. ) ;
#2094 = DIRECTION ( 'NONE',  ( 0.000000000000000000, -0.000000000000000000, 1.000000000000000000 ) ) ;
#2095 = DIRECTION ( 'NONE',  ( -0.000000000000000000, -0.000000000000000000, -1.000000000000000000 ) ) ;
#2096 = DIRECTION ( 'NONE',  ( -0.000000000000000000, -0.000000000000000000, -1.000000000000000000 ) ) ;
#2097 = VERTEX_POINT ( 'NONE', #3022 ) ;
#2098 = LINE ( 'NONE', #388, #2017 ) ;
#2099 = ORIENTED_EDGE ( 'NONE', *, *, #1912, .F. ) ;
#2100 = LINE ( 'NONE', #1735, #2486 ) ;
#2101 = DIRECTION ( 'NONE',  ( -0.000000000000000000, -0.000000000000000000, -1.000000000000000000 ) ) ;
#2102 = ORIENTED_EDGE ( 'NONE', *, *, #2189, .T. ) ;
#2103 = CARTESIAN_POINT ( 'NONE',  ( 3.400000000000153122, -9.099999999998523492, 10.00000000000000000 ) ) ;
#2104 = EDGE_CURVE ( 'NONE', #708, #3538, #481, .T. ) ;
#2105 = ORIENTED_EDGE ( 'NONE', *, *, #448, .F. ) ;
#2106 = DIRECTION ( 'NONE',  ( 0.000000000000000000, 0.000000000000000000, 1.000000000000000000 ) ) ;
#2107 = FACE_OUTER_BOUND ( 'NONE', #2817, .T. ) ;
#2108 = DIRECTION ( 'NONE',  ( 0.000000000000000000, 0.000000000000000000, 1.000000000000000000 ) ) ;
#2109 = CARTESIAN_POINT ( 'NONE',  ( -6.472792206135710380, -5.412132034356012866, -10.00000000000000000 ) ) ;
#2110 = PLANE ( 'NONE',  #1475 ) ;
#2111 = DIRECTION ( 'NONE',  ( -0.000000000000000000, -0.000000000000000000, -1.000000000000000000 ) ) ;
#2112 = ORIENTED_EDGE ( 'NONE', *, *, #126, .F. ) ;
#2113 = CARTESIAN_POINT ( 'NONE',  ( -8.500000000000035527, 9.999999999999934275, 10.00000000000000000 ) ) ;
#2114 = LINE ( 'NONE', #1865, #2712 ) ;
#2115 = EDGE_LOOP ( 'NONE', ( #686, #132, #510, #1823 ) ) ;
#2116 = CARTESIAN_POINT ( 'NONE',  ( 9.099999999999969447, 3.100000000000007194, -10.00000000000000000 ) ) ;
#2117 = EDGE_CURVE ( 'NONE', #2205, #2504, #2180, .T. ) ;
#2118 = LINE ( 'NONE', #1474, #1836 ) ;
#2119 = EDGE_CURVE ( 'NONE', #2294, #2504, #2484, .T. ) ;
#2120 = EDGE_LOOP ( 'NONE', ( #2870, #3656, #1959, #2217 ) ) ;
#2121 = DIRECTION ( 'NONE',  ( -0.000000000000000000, -0.000000000000000000, -1.000000000000000000 ) ) ;
#2122 = DIRECTION ( 'NONE',  ( -0.000000000000000000, -0.000000000000000000, -1.000000000000000000 ) ) ;
#2123 = AXIS2_PLACEMENT_3D ( 'NONE', #3276, #709, #2743 ) ;
#2124 = EDGE_CURVE ( 'NONE', #843, #3534, #1005, .T. ) ;
#2125 = CIRCLE ( 'NONE', #1297, 0.3000000000000051514 ) ;
#2126 = EDGE_CURVE ( 'NONE', #3237, #2581, #3384, .T. ) ;
#2127 = VECTOR ( 'NONE', #1092, 1000.000000000000000 ) ;
#2128 = DIRECTION ( 'NONE',  ( -0.000000000000000000, -0.000000000000000000, -1.000000000000000000 ) ) ;
#2129 = DIRECTION ( 'NONE',  ( -1.000000000000000000, -0.000000000000000000, -0.000000000000000000 ) ) ;
#2130 = ORIENTED_EDGE ( 'NONE', *, *, #3121, .F. ) ;
#2131 = DIRECTION ( 'NONE',  ( -0.000000000000000000, -0.000000000000000000, -1.000000000000000000 ) ) ;
#2132 = AXIS2_PLACEMENT_3D ( 'NONE', #3394, #1975, #1687 ) ;
#2133 = EDGE_CURVE ( 'NONE', #3616, #1717, #1184, .T. ) ;
#2134 = CARTESIAN_POINT ( 'NONE',  ( -2.500000000000015543, -2.081668171172168513E-14, 10.00000000000000000 ) ) ;
#2135 = AXIS2_PLACEMENT_3D ( 'NONE', #2196, #490, #827 ) ;
#2136 = ORIENTED_EDGE ( 'NONE', *, *, #1157, .T. ) ;
#2137 = CARTESIAN_POINT ( 'NONE',  ( -5.200000000000038369, 8.199999999999947775, 10.00000000000000000 ) ) ;
#2138 = DIRECTION ( 'NONE',  ( 1.000000000000000000, 0.000000000000000000, 0.000000000000000000 ) ) ;
#2139 = VECTOR ( 'NONE', #317, 1000.000000000000000 ) ;
#2140 = ADVANCED_FACE ( 'NONE', ( #3573 ), #723, .F. ) ;
#2141 = VERTEX_POINT ( 'NONE', #3587 ) ;
#2142 = CARTESIAN_POINT ( 'NONE',  ( 3.399999999999972378, 8.199999999999979750, 10.00000000000000000 ) ) ;
#2143 = LINE ( 'NONE', #3278, #757 ) ;
#2144 = ADVANCED_FACE ( 'NONE', ( #2702 ), #1907, .F. ) ;
#2145 = CARTESIAN_POINT ( 'NONE',  ( 3.099999999999964118, 8.499999999999982236, 10.00000000000000000 ) ) ;
#2146 = ORIENTED_EDGE ( 'NONE', *, *, #2117, .F. ) ;
#2147 = CARTESIAN_POINT ( 'NONE',  ( -7.899999999999990585, 5.199999999999945999, 10.00000000000000000 ) ) ;
#2148 = ORIENTED_EDGE ( 'NONE', *, *, #2551, .F. ) ;
#2149 = SURFACE_STYLE_USAGE ( .BOTH. , #2975 ) ;
#2150 = DIRECTION ( 'NONE',  ( -0.000000000000000000, -0.000000000000000000, -1.000000000000000000 ) ) ;
#2151 = ORIENTED_EDGE ( 'NONE', *, *, #86, .F. ) ;
#2152 = CARTESIAN_POINT ( 'NONE',  ( 3.100000000000144418, -9.099999999998523492, -10.00000000000000000 ) ) ;
#2153 = LINE ( 'NONE', #3306, #3676 ) ;
#2155 = ADVANCED_FACE ( 'NONE', ( #197 ), #1336, .T. ) ;
#2154 = DIRECTION ( 'NONE',  ( 0.000000000000000000, 0.000000000000000000, -1.000000000000000000 ) ) ;
#2156 = ORIENTED_EDGE ( 'NONE', *, *, #3537, .F. ) ;
#2157 = ORIENTED_EDGE ( 'NONE', *, *, #141, .T. ) ;
#2158 = CARTESIAN_POINT ( 'NONE',  ( -3.425126265846904161, -4.485786437625788103, 10.00000000000000000 ) ) ;
#2159 = LINE ( 'NONE', #1266, #1705 ) ;
#2160 = ADVANCED_FACE ( 'NONE', ( #3001 ), #1354, .F. ) ;
#2161 = ORIENTED_EDGE ( 'NONE', *, *, #1817, .F. ) ;
#2162 = DIRECTION ( 'NONE',  ( -1.000000000000000000, 0.000000000000000000, 0.000000000000000000 ) ) ;
#2163 = EDGE_LOOP ( 'NONE', ( #3341, #2851, #3281, #2324 ) ) ;
#2164 = DIRECTION ( 'NONE',  ( -0.000000000000000000, -0.000000000000000000, -1.000000000000000000 ) ) ;
#2165 = VERTEX_POINT ( 'NONE', #446 ) ;
#2166 = CARTESIAN_POINT ( 'NONE',  ( -5.412132034355990662, 6.472792206135746795, 10.00000000000000000 ) ) ;
#2167 = CARTESIAN_POINT ( 'NONE',  ( -9.399999999999856470, -3.399999999999359979, 10.00000000000000000 ) ) ;
#2168 = CARTESIAN_POINT ( 'NONE',  ( -9.699999999999986855, 3.699999999999882050, -10.00000000000000000 ) ) ;
#2169 = EDGE_CURVE ( 'NONE', #2259, #1953, #1034, .T. ) ;
#2170 = ORIENTED_EDGE ( 'NONE', *, *, #1586, .T. ) ;
#2171 = ORIENTED_EDGE ( 'NONE', *, *, #558, .F. ) ;
#2172 = DIRECTION ( 'NONE',  ( 0.000000000000000000, -0.000000000000000000, -1.000000000000000000 ) ) ;
#2173 = CIRCLE ( 'NONE', #568, 0.2999999999999947153 ) ;
#2174 = CARTESIAN_POINT ( 'NONE',  ( -5.500000000000032863, 7.899999999999950617, 10.00000000000000000 ) ) ;
#2175 = EDGE_LOOP ( 'NONE', ( #3349, #1809, #90, #1430 ) ) ;
#2176 = CARTESIAN_POINT ( 'NONE',  ( 5.900000000000002132, 2.010912703474009966, 10.00000000000000000 ) ) ;
#2177 = CIRCLE ( 'NONE', #572, 1.500000000000001332 ) ;
#2178 = CIRCLE ( 'NONE', #758, 2.000000000000004441 ) ;
#2179 = ORIENTED_EDGE ( 'NONE', *, *, #932, .F. ) ;
#2180 = LINE ( 'NONE', #2428, #2783 ) ;
#2181 = EDGE_CURVE ( 'NONE', #863, #2385, #2976, .T. ) ;
#2182 = CIRCLE ( 'NONE', #578, 1.999999999999809264 ) ;
#2183 = AXIS2_PLACEMENT_3D ( 'NONE', #2476, #512, #492 ) ;
#2184 = ORIENTED_EDGE ( 'NONE', *, *, #3685, .F. ) ;
#2185 = FACE_OUTER_BOUND ( 'NONE', #3296, .T. ) ;
#2186 = VECTOR ( 'NONE', #1859, 1000.000000000000000 ) ;
#2187 = AXIS2_PLACEMENT_3D ( 'NONE', #2199, #3339, #3049 ) ;
#2188 = CARTESIAN_POINT ( 'NONE',  ( 3.100000000000144418, -9.099999999998523492, 10.00000000000000000 ) ) ;
#2189 = EDGE_CURVE ( 'NONE', #608, #1213, #1242, .T. ) ;
#2190 = AXIS2_PLACEMENT_3D ( 'NONE', #3092, #1676, #1804 ) ;
#2191 = ORIENTED_EDGE ( 'NONE', *, *, #3336, .T. ) ;
#2192 = EDGE_CURVE ( 'NONE', #1181, #2454, #1678, .T. ) ;
#2193 = CARTESIAN_POINT ( 'NONE',  ( 3.899999999999998135, -2.010912703473996199, 10.00000000000000000 ) ) ;
#2194 = EDGE_LOOP ( 'NONE', ( #1414, #826, #2991, #1640 ) ) ;
#2195 = ORIENTED_EDGE ( 'NONE', *, *, #1967, .T. ) ;
#2196 = CARTESIAN_POINT ( 'NONE',  ( 8.499999999999966249, 3.400000000000005240, 10.00000000000000000 ) ) ;
#2197 = EDGE_CURVE ( 'NONE', #459, #2716, #837, .T. ) ;
#2198 = CYLINDRICAL_SURFACE ( 'NONE', #1244, 0.2999999999999964362 ) ;
#2199 = CARTESIAN_POINT ( 'NONE',  ( -9.099999999999857536, -3.399999999999407052, -10.00000000000000000 ) ) ;
#2200 = DIRECTION ( 'NONE',  ( -1.000000000000000000, 0.000000000000000000, 0.000000000000000000 ) ) ;
#2201 = ORIENTED_EDGE ( 'NONE', *, *, #2938, .T. ) ;
#2202 = FACE_OUTER_BOUND ( 'NONE', #1362, .T. ) ;
#2203 = ORIENTED_EDGE ( 'NONE', *, *, #476, .F. ) ;
#2204 = CARTESIAN_POINT ( 'NONE',  ( -9.999999999999841904, -8.499999999999305444, 10.00000000000000000 ) ) ;
#2205 = VERTEX_POINT ( 'NONE', #581 ) ;
#2206 = DIRECTION ( 'NONE',  ( -0.000000000000000000, -0.000000000000000000, -1.000000000000000000 ) ) ;
#2207 = CARTESIAN_POINT ( 'NONE',  ( -9.699999999999986855, 3.999999999999932498, -10.00000000000000000 ) ) ;
#2208 = EDGE_CURVE ( 'NONE', #189, #1745, #3640, .T. ) ;
#2209 = ORIENTED_EDGE ( 'NONE', *, *, #1701, .T. ) ;
#2210 = ORIENTED_EDGE ( 'NONE', *, *, #3563, .T. ) ;
#2211 = APPLICATION_PROTOCOL_DEFINITION ( 'draft international standard', 'automotive_design', 1998, #2040 ) ;
#2212 = ORIENTED_EDGE ( 'NONE', *, *, #346, .F. ) ;
#2213 = DIRECTION ( 'NONE',  ( -0.000000000000000000, -0.000000000000000000, -1.000000000000000000 ) ) ;
#2214 = FACE_OUTER_BOUND ( 'NONE', #1996, .T. ) ;
#2215 = LINE ( 'NONE', #809, #1593 ) ;
#2216 = ADVANCED_FACE ( 'NONE', ( #849 ), #234, .T. ) ;
#2217 = ORIENTED_EDGE ( 'NONE', *, *, #1293, .T. ) ;
#2218 = DIRECTION ( 'NONE',  ( -0.000000000000000000, -0.000000000000000000, -1.000000000000000000 ) ) ;
#2219 = ORIENTED_EDGE ( 'NONE', *, *, #3214, .F. ) ;
#2220 = EDGE_CURVE ( 'NONE', #1860, #2925, #267, .T. ) ;
#2221 = ORIENTED_EDGE ( 'NONE', *, *, #2814, .F. ) ;
#2222 = DIRECTION ( 'NONE',  ( 0.7071067811865472397, 0.7071067811865479058, -0.000000000000000000 ) ) ;
#2223 = CARTESIAN_POINT ( 'NONE',  ( -3.699999999999809219, -9.699999999999169731, 10.00000000000000000 ) ) ;
#2224 = VERTEX_POINT ( 'NONE', #522 ) ;
#2225 = LINE ( 'NONE', #1498, #880 ) ;
#2226 = VECTOR ( 'NONE', #3523, 1000.000000000000000 ) ;
#2227 = VERTEX_POINT ( 'NONE', #2777 ) ;
#2228 = DIRECTION ( 'NONE',  ( 0.000000000000000000, 1.000000000000000000, 0.000000000000000000 ) ) ;
#2229 = CARTESIAN_POINT ( 'NONE',  ( -3.400000000000042100, 9.099999999999957012, 10.00000000000000000 ) ) ;
#2230 = EDGE_CURVE ( 'NONE', #298, #1181, #3400, .T. ) ;
#2231 = CARTESIAN_POINT ( 'NONE',  ( -5.499999999999813483, -7.899999999998902567, -10.00000000000000000 ) ) ;
#2232 = AXIS2_PLACEMENT_3D ( 'NONE', #1854, #2394, #2728 ) ;
#2233 = ORIENTED_EDGE ( 'NONE', *, *, #683, .T. ) ;
#2234 = DIRECTION ( 'NONE',  ( -1.000000000000000000, 0.000000000000000000, 0.000000000000000000 ) ) ;
#2235 = ORIENTED_EDGE ( 'NONE', *, *, #739, .T. ) ;
#2236 = CIRCLE ( 'NONE', #3554, 0.3000000000000085931 ) ;
#2237 = EDGE_CURVE ( 'NONE', #719, #2716, #835, .T. ) ;
#2238 = VECTOR ( 'NONE', #2572, 1000.000000000000000 ) ;
#2239 = VERTEX_POINT ( 'NONE', #2850 ) ;
#2240 = CIRCLE ( 'NONE', #279, 1.500000000000001332 ) ;
#2241 = PLANE ( 'NONE',  #1584 ) ;
#2242 = LINE ( 'NONE', #2561, #1179 ) ;
#2243 = EDGE_CURVE ( 'NONE', #2971, #143, #2517, .T. ) ;
#2244 = VECTOR ( 'NONE', #1987, 1000.000000000000000 ) ;
#2245 = AXIS2_PLACEMENT_3D ( 'NONE', #1902, #475, #3532 ) ;
#2246 = ORIENTED_EDGE ( 'NONE', *, *, #3292, .T. ) ;
#2247 = VECTOR ( 'NONE', #620, 1000.000000000000000 ) ;
#2248 = VECTOR ( 'NONE', #2284, 1000.000000000000000 ) ;
#2249 = VECTOR ( 'NONE', #1905, 1000.000000000000000 ) ;
#2250 = CIRCLE ( 'NONE', #1175, 0.3000000000000849210 ) ;
#2251 = VECTOR ( 'NONE', #1262, 1000.000000000000000 ) ;
#2252 = ORIENTED_EDGE ( 'NONE', *, *, #1149, .T. ) ;
#2253 = CARTESIAN_POINT ( 'NONE',  ( -5.499999999999810818, -7.899999999998902567, 10.00000000000000000 ) ) ;
#2254 = CARTESIAN_POINT ( 'NONE',  ( -3.899999999999972822, -2.010912703474044605, 10.00000000000000000 ) ) ;
#2255 = LINE ( 'NONE', #3395, #105 ) ;
#2256 = DIRECTION ( 'NONE',  ( 0.000000000000000000, -1.000000000000000000, 0.000000000000000000 ) ) ;
#2257 = ORIENTED_EDGE ( 'NONE', *, *, #1051, .T. ) ;
#2258 = DIRECTION ( 'NONE',  ( 1.000000000000000000, 0.000000000000000000, 0.000000000000000000 ) ) ;
#2259 = VERTEX_POINT ( 'NONE', #3657 ) ;
#2260 = LINE ( 'NONE', #2503, #702 ) ;
#2261 = ORIENTED_EDGE ( 'NONE', *, *, #457, .T. ) ;
#2262 = CARTESIAN_POINT ( 'NONE',  ( -6.684924240491760372, 5.199999999999953104, 10.00000000000000000 ) ) ;
#2263 = DIRECTION ( 'NONE',  ( -0.000000000000000000, -0.000000000000000000, -1.000000000000000000 ) ) ;
#2264 = FACE_OUTER_BOUND ( 'NONE', #129, .T. ) ;
#2265 = ORIENTED_EDGE ( 'NONE', *, *, #2392, .F. ) ;
#2266 = DIRECTION ( 'NONE',  ( 0.000000000000000000, 0.000000000000000000, 1.000000000000000000 ) ) ;
#2267 = ORIENTED_EDGE ( 'NONE', *, *, #2788, .F. ) ;
#2268 = CARTESIAN_POINT ( 'NONE',  ( 5.500000000000102141, -7.899999999998525979, 10.00000000000000000 ) ) ;
#2269 = CARTESIAN_POINT ( 'NONE',  ( 9.700000000000180478, -3.999999999998371081, -10.00000000000000000 ) ) ;
#2270 = EDGE_CURVE ( 'NONE', #1914, #1920, #3113, .T. ) ;
#2271 = CARTESIAN_POINT ( 'NONE',  ( -10.00000000000003375, 8.499999999999912959, 10.00000000000000000 ) ) ;
#2272 = ORIENTED_EDGE ( 'NONE', *, *, #808, .F. ) ;
#2273 = CARTESIAN_POINT ( 'NONE',  ( -3.999999999999809042, -9.699999999999169731, -10.00000000000000000 ) ) ;
#2274 = VERTEX_POINT ( 'NONE', #2809 ) ;
#2275 = CARTESIAN_POINT ( 'NONE',  ( 9.099999999999969447, 3.400000000000005240, 10.00000000000000000 ) ) ;
#2276 = EDGE_CURVE ( 'NONE', #215, #3288, #3359, .T. ) ;
#2277 = ADVANCED_FACE ( 'NONE', ( #2533 ), #2825, .T. ) ;
#2278 = VERTEX_POINT ( 'NONE', #3679 ) ;
#2279 = LINE ( 'NONE', #3173, #2247 ) ;
#2280 = DIRECTION ( 'NONE',  ( -1.000000000000000000, 0.000000000000000000, 0.000000000000000000 ) ) ;
#2281 = EDGE_CURVE ( 'NONE', #3553, #2624, #2260, .T. ) ;
#2282 = ORIENTED_EDGE ( 'NONE', *, *, #3448, .T. ) ;
#2283 = LINE ( 'NONE', #52, #871 ) ;
#2284 = DIRECTION ( 'NONE',  ( -0.000000000000000000, -0.000000000000000000, -1.000000000000000000 ) ) ;
#2285 = EDGE_CURVE ( 'NONE', #1277, #719, #1446, .T. ) ;
#2286 = ORIENTED_EDGE ( 'NONE', *, *, #1780, .T. ) ;
#2287 = DIRECTION ( 'NONE',  ( 1.000000000000000000, 0.000000000000000000, 0.000000000000000000 ) ) ;
#2288 = LINE ( 'NONE', #1746, #891 ) ;
#2289 = ORIENTED_EDGE ( 'NONE', *, *, #2732, .T. ) ;
#2290 = DIRECTION ( 'NONE',  ( -1.000000000000000000, 0.000000000000000000, 0.000000000000000000 ) ) ;
#2291 = ORIENTED_EDGE ( 'NONE', *, *, #1201, .F. ) ;
#2292 = CARTESIAN_POINT ( 'NONE',  ( -7.899999999999990585, 5.199999999999945999, 10.00000000000000000 ) ) ;
#2293 = AXIS2_PLACEMENT_3D ( 'NONE', #238, #816, #3059 ) ;
#2294 = VERTEX_POINT ( 'NONE', #1164 ) ;
#2295 = DIRECTION ( 'NONE',  ( -0.000000000000000000, -0.000000000000000000, -1.000000000000000000 ) ) ;
#2296 = CYLINDRICAL_SURFACE ( 'NONE', #1411, 0.3000000000000051514 ) ;
#2297 = EDGE_CURVE ( 'NONE', #2791, #2957, #1654, .T. ) ;
#2298 = VECTOR ( 'NONE', #13, 1000.000000000000000 ) ;
#2299 = VERTEX_POINT ( 'NONE', #3055 ) ;
#2300 = CARTESIAN_POINT ( 'NONE',  ( -9.099999999999997868, 3.099999999999918820, 10.00000000000000000 ) ) ;
#2301 = VECTOR ( 'NONE', #2784, 1000.000000000000000 ) ;
#2302 = CARTESIAN_POINT ( 'NONE',  ( 9.099999999999969447, 3.100000000000007194, 10.00000000000000000 ) ) ;
#2303 = CIRCLE ( 'NONE', #221, 0.2999999999999530820 ) ;
#2304 = VECTOR ( 'NONE', #3692, 1000.000000000000000 ) ;
#2305 = DIRECTION ( 'NONE',  ( -1.000000000000000000, 0.000000000000000000, 0.000000000000000000 ) ) ;
#2306 = VERTEX_POINT ( 'NONE', #2980 ) ;
#2307 = CARTESIAN_POINT ( 'NONE',  ( 6.472792206135766335, -5.412132034355958687, 10.00000000000000000 ) ) ;
#2308 = DIRECTION ( 'NONE',  ( 1.000000000000000000, 0.000000000000000000, 0.000000000000000000 ) ) ;
#2309 = VECTOR ( 'NONE', #3251, 1000.000000000000000 ) ;
#2310 = AXIS2_PLACEMENT_3D ( 'NONE', #2380, #383, #116 ) ;
#2311 = PLANE ( 'NONE',  #1478 ) ;
#2312 = ORIENTED_EDGE ( 'NONE', *, *, #528, .F. ) ;
#2313 = DIRECTION ( 'NONE',  ( -0.000000000000000000, -0.000000000000000000, -1.000000000000000000 ) ) ;
#2314 = ORIENTED_EDGE ( 'NONE', *, *, #790, .F. ) ;
#2315 = LINE ( 'NONE', #2886, #2423 ) ;
#2316 = ORIENTED_EDGE ( 'NONE', *, *, #18, .T. ) ;
#2317 = DIRECTION ( 'NONE',  ( 0.000000000000000000, 0.000000000000000000, 1.000000000000000000 ) ) ;
#2318 = CARTESIAN_POINT ( 'NONE',  ( 5.500000000000102141, -7.899999999998525979, 10.00000000000000000 ) ) ;
#2319 = CARTESIAN_POINT ( 'NONE',  ( -2.081668171172168513E-14, -2.081668171172168513E-14, -10.00000000000000000 ) ) ;
#2320 = EDGE_CURVE ( 'NONE', #2688, #728, #2566, .T. ) ;
#2321 = ORIENTED_EDGE ( 'NONE', *, *, #74, .T. ) ;
#2322 = DIRECTION ( 'NONE',  ( -1.000000000000000000, 0.000000000000000000, 0.000000000000000000 ) ) ;
#2323 = DIRECTION ( 'NONE',  ( -0.000000000000000000, -0.000000000000000000, -1.000000000000000000 ) ) ;
#2324 = ORIENTED_EDGE ( 'NONE', *, *, #2117, .T. ) ;
#2325 = CARTESIAN_POINT ( 'NONE',  ( 10.00000000000017586, -8.499999999998523847, -10.00000000000000000 ) ) ;
#2326 = EDGE_CURVE ( 'NONE', #1920, #1866, #1728, .T. ) ;
#2327 = EDGE_CURVE ( 'NONE', #1097, #2492, #423, .T. ) ;
#2328 = ORIENTED_EDGE ( 'NONE', *, *, #584, .T. ) ;
#2329 = DIRECTION ( 'NONE',  ( -0.000000000000000000, 1.000000000000000000, -0.000000000000000000 ) ) ;
#2330 = PLANE ( 'NONE',  #1763 ) ;
#2331 = DIRECTION ( 'NONE',  ( -0.7071067811865482389, 0.7071067811865469066, 0.000000000000000000 ) ) ;
#2332 = CARTESIAN_POINT ( 'NONE',  ( 2.010912703473977103, 3.900000000000016342, 10.00000000000000000 ) ) ;
#2333 = EDGE_LOOP ( 'NONE', ( #3575, #2291, #3436, #3662, #913, #1141, #907, #1093, #1217, #1279, #525, #2046, #1345, #2571, #1072, #984, #1805, #1656, #1677, #2063, #240, #87, #2982, #3162, #3064, #440, #2474, #887, #2739, #2555, #1488, #2999, #1933, #1225, #3392, #1057, #2336, #199, #204, #154, #3254, #796, #494, #3196, #1660, #638, #3043, #1286, #248, #1447, #410, #681, #1561, #695, #3275, #1299, #332, #2897, #2860, #1315, #3012, #3032, #483, #1082, #3674, #2929, #2637, #2751, #800, #55, #30, #815, #1519, #3325, #949, #387, #3352, #3529, #3385, #2130, #3054, #2797, #1599, #2946, #2393, #2954, #3649, #1320, #3154, #3245, #1683, #3360, #361, #1795, #2685, #2462, #1749, #1870, #1461, #2671, #3280, #443, #2061, #1675 ) ) ;
#2334 = CARTESIAN_POINT ( 'NONE',  ( 5.199999999999968203, 7.899999999999985256, 10.00000000000000000 ) ) ;
#2335 = EDGE_CURVE ( 'NONE', #1230, #1860, #1946, .T. ) ;
#2336 = ORIENTED_EDGE ( 'NONE', *, *, #868, .F. ) ;
#2337 = CARTESIAN_POINT ( 'NONE',  ( -2.081668171172168513E-14, -2.081668171172168513E-14, 10.00000000000000000 ) ) ;
#2338 = EDGE_CURVE ( 'NONE', #2370, #724, #902, .T. ) ;
#2339 = VERTEX_POINT ( 'NONE', #3429 ) ;
#2340 = CARTESIAN_POINT ( 'NONE',  ( 7.899999999999963052, -5.499999999999992895, 10.00000000000000000 ) ) ;
#2341 = PLANE ( 'NONE',  #2587 ) ;
#2342 = DIRECTION ( 'NONE',  ( -0.000000000000000000, -0.000000000000000000, -1.000000000000000000 ) ) ;
#2343 = FACE_OUTER_BOUND ( 'NONE', #857, .T. ) ;
#2344 = DIRECTION ( 'NONE',  ( 0.000000000000000000, 0.000000000000000000, 1.000000000000000000 ) ) ;
#2345 = DIRECTION ( 'NONE',  ( -0.000000000000000000, -0.000000000000000000, -1.000000000000000000 ) ) ;
#2346 = VERTEX_POINT ( 'NONE', #1566 ) ;
#2347 = EDGE_CURVE ( 'NONE', #733, #3666, #403, .T. ) ;
#2348 = DIRECTION ( 'NONE',  ( 0.000000000000000000, -1.000000000000000000, 0.000000000000000000 ) ) ;
#2349 = ORIENTED_EDGE ( 'NONE', *, *, #2731, .T. ) ;
#2350 = CARTESIAN_POINT ( 'NONE',  ( 3.399999999999958611, 9.399999999999979039, 10.00000000000000000 ) ) ;
#2351 = CIRCLE ( 'NONE', #745, 0.3000000000000051514 ) ;
#2352 = ORIENTED_EDGE ( 'NONE', *, *, #2197, .F. ) ;
#2353 = AXIS2_PLACEMENT_3D ( 'NONE', #3040, #526, #1948 ) ;
#2354 = CARTESIAN_POINT ( 'NONE',  ( 3.999999999999961808, 10.00000000000000355, 10.00000000000000000 ) ) ;
#2355 = PLANE ( 'NONE',  #3004 ) ;
#2356 = EDGE_CURVE ( 'NONE', #3037, #700, #381, .T. ) ;
#2357 = CIRCLE ( 'NONE', #820, 0.2999999999999894973 ) ;
#2358 = AXIS2_PLACEMENT_3D ( 'NONE', #166, #1873, #502 ) ;
#2359 = VECTOR ( 'NONE', #2498, 1000.000000000000000 ) ;
#2360 = DIRECTION ( 'NONE',  ( 0.000000000000000000, 0.000000000000000000, 1.000000000000000000 ) ) ;
#2361 = CIRCLE ( 'NONE', #642, 0.2999999999999530820 ) ;
#2362 = VECTOR ( 'NONE', #1571, 1000.000000000000000 ) ;
#2363 = CARTESIAN_POINT ( 'NONE',  ( 7.899999999999963052, 5.500000000000006217, 10.00000000000000000 ) ) ;
#2364 = CARTESIAN_POINT ( 'NONE',  ( -3.700000000000036593, 9.699999999999960210, -10.00000000000000000 ) ) ;
#2366 = EDGE_CURVE ( 'NONE', #1866, #615, #640, .T. ) ;
#2365 = CARTESIAN_POINT ( 'NONE',  ( -3.099999999999811351, -9.099999999998905409, 10.00000000000000000 ) ) ;
#2367 = LINE ( 'NONE', #3186, #1009 ) ;
#2368 = VECTOR ( 'NONE', #2295, 1000.000000000000000 ) ;
#2369 = AXIS2_PLACEMENT_3D ( 'NONE', #3302, #465, #1322 ) ;
#2370 = VERTEX_POINT ( 'NONE', #970 ) ;
#2371 = FACE_OUTER_BOUND ( 'NONE', #611, .T. ) ;
#2372 = AXIS2_PLACEMENT_3D ( 'NONE', #1716, #1428, #2570 ) ;
#2373 = ORIENTED_EDGE ( 'NONE', *, *, #2639, .T. ) ;
#2374 = DIRECTION ( 'NONE',  ( -1.000000000000000000, 0.000000000000000000, 0.000000000000000000 ) ) ;
#2375 = EDGE_LOOP ( 'NONE', ( #316, #134, #1603, #1847 ) ) ;
#2376 = LINE ( 'NONE', #3197, #2226 ) ;
#2377 = VERTEX_POINT ( 'NONE', #1289 ) ;
#2378 = DIRECTION ( 'NONE',  ( -1.000000000000000000, 0.000000000000000000, 0.000000000000000000 ) ) ;
#2379 = ADVANCED_FACE ( 'NONE', ( #3238 ), #3457, .F. ) ;
#2380 = CARTESIAN_POINT ( 'NONE',  ( -4.000000000000031086, 9.699999999999953104, -10.00000000000000000 ) ) ;
#2381 = DIRECTION ( 'NONE',  ( -1.000000000000000000, 0.000000000000000000, 0.000000000000000000 ) ) ;
#2382 = CARTESIAN_POINT ( 'NONE',  ( 5.199999999999968203, 7.899999999999985256, 10.00000000000000000 ) ) ;
#2383 = DIRECTION ( 'NONE',  ( -1.000000000000000000, -0.000000000000000000, -0.000000000000000000 ) ) ;
#2384 = CARTESIAN_POINT ( 'NONE',  ( 8.199999999999956657, -5.199999999999993072, 10.00000000000000000 ) ) ;
#2385 = VERTEX_POINT ( 'NONE', #1457 ) ;
#2386 = CARTESIAN_POINT ( 'NONE',  ( -9.999999999999841904, -8.499999999999305444, 10.00000000000000000 ) ) ;
#2387 = EDGE_CURVE ( 'NONE', #1635, #2227, #1776, .T. ) ;
#2388 = LINE ( 'NONE', #3570, #1056 ) ;
#2389 = ORIENTED_EDGE ( 'NONE', *, *, #1669, .T. ) ;
#2390 = PRESENTATION_STYLE_ASSIGNMENT (( #2149 ) ) ;
#2391 = LINE ( 'NONE', #3536, #2902 ) ;
#2392 = EDGE_CURVE ( 'NONE', #804, #3634, #2768, .T. ) ;
#2393 = ORIENTED_EDGE ( 'NONE', *, *, #1530, .F. ) ;
#2394 = DIRECTION ( 'NONE',  ( 0.000000000000000000, 0.000000000000000000, 1.000000000000000000 ) ) ;
#2395 = CARTESIAN_POINT ( 'NONE',  ( 3.399999999999972378, 8.499999999999982236, -10.00000000000000000 ) ) ;
#2396 = ADVANCED_FACE ( 'NONE', ( #2107 ), #712, .F. ) ;
#2397 = ADVANCED_FACE ( 'NONE', ( #3556 ), #2015, .F. ) ;
#2398 = CARTESIAN_POINT ( 'NONE',  ( -9.400000000000034106, 3.399999999999932410, 10.00000000000000000 ) ) ;
#2399 = CARTESIAN_POINT ( 'NONE',  ( 9.099999999999969447, -3.399999999999991473, 10.00000000000000000 ) ) ;
#2400 = ORIENTED_EDGE ( 'NONE', *, *, #74, .F. ) ;
#2401 = DIRECTION ( 'NONE',  ( 0.000000000000000000, -0.000000000000000000, -1.000000000000000000 ) ) ;
#2402 = ORIENTED_EDGE ( 'NONE', *, *, #1580, .T. ) ;
#2403 = EDGE_CURVE ( 'NONE', #2239, #2259, #454, .T. ) ;
#2404 = CARTESIAN_POINT ( 'NONE',  ( -4.485786437626853029, -3.425126265847136420, 10.00000000000000000 ) ) ;
#2405 = DIRECTION ( 'NONE',  ( 1.000000000000000000, 0.000000000000000000, -0.000000000000000000 ) ) ;
#2406 = ORIENTED_EDGE ( 'NONE', *, *, #69, .T. ) ;
#2407 = DIRECTION ( 'NONE',  ( 0.000000000000000000, 1.000000000000000000, 0.000000000000000000 ) ) ;
#2408 = CARTESIAN_POINT ( 'NONE',  ( 6.472792206135768112, 5.412132034355972898, 10.00000000000000000 ) ) ;
#2409 = ORIENTED_EDGE ( 'NONE', *, *, #2485, .T. ) ;
#2410 = LINE ( 'NONE', #1892, #2708 ) ;
#2411 = VECTOR ( 'NONE', #1796, 1000.000000000000000 ) ;
#2412 = CARTESIAN_POINT ( 'NONE',  ( 6.684924240491732839, -5.199999999999993072, 10.00000000000000000 ) ) ;
#2413 = VECTOR ( 'NONE', #2675, 1000.000000000000114 ) ;
#2414 = AXIS2_PLACEMENT_3D ( 'NONE', #2846, #1443, #2554 ) ;
#2415 = AXIS2_PLACEMENT_3D ( 'NONE', #2395, #3257, #1528 ) ;
#2416 = AXIS2_PLACEMENT_3D ( 'NONE', #3479, #3463, #1211 ) ;
#2417 = CARTESIAN_POINT ( 'NONE',  ( -8.499999999999980460, 3.099999999999937916, -10.00000000000000000 ) ) ;
#2418 = ORIENTED_EDGE ( 'NONE', *, *, #3367, .T. ) ;
#2419 = CARTESIAN_POINT ( 'NONE',  ( 7.899999999999963052, 5.500000000000006217, -10.00000000000000000 ) ) ;
#2420 = ORIENTED_EDGE ( 'NONE', *, *, #941, .F. ) ;
#2421 = PLANE ( 'NONE',  #579 ) ;
#2422 = AXIS2_PLACEMENT_3D ( 'NONE', #2207, #3348, #1928 ) ;
#2423 = VECTOR ( 'NONE', #1464, 1000.000000000000000 ) ;
#2424 = DIRECTION ( 'NONE',  ( 0.000000000000000000, 0.000000000000000000, 1.000000000000000000 ) ) ;
#2425 = AXIS2_PLACEMENT_3D ( 'NONE', #996, #1226, #2700 ) ;
#2426 = ORIENTED_EDGE ( 'NONE', *, *, #900, .F. ) ;
#2427 = AXIS2_PLACEMENT_3D ( 'NONE', #3487, #3458, #3474 ) ;
#2428 = CARTESIAN_POINT ( 'NONE',  ( 5.412132034356059940, -6.472792206134560189, 10.00000000000000000 ) ) ;
#2429 = AXIS2_PLACEMENT_3D ( 'NONE', #3655, #1105, #2234 ) ;
#2430 = VECTOR ( 'NONE', #2678, 1000.000000000000000 ) ;
#2431 = ORIENTED_EDGE ( 'NONE', *, *, #445, .T. ) ;
#2432 = DIRECTION ( 'NONE',  ( -0.000000000000000000, -0.000000000000000000, -1.000000000000000000 ) ) ;
#2433 = AXIS2_PLACEMENT_3D ( 'NONE', #2714, #2440, #768 ) ;
#2434 = DIRECTION ( 'NONE',  ( 0.000000000000000000, 0.000000000000000000, 1.000000000000000000 ) ) ;
#2435 = EDGE_CURVE ( 'NONE', #1550, #1622, #2143, .T. ) ;
#2436 = ADVANCED_FACE ( 'NONE', ( #726 ), #1857, .F. ) ;
#2437 = ADVANCED_FACE ( 'NONE', ( #669 ), #112, .T. ) ;
#2438 = DIRECTION ( 'NONE',  ( -0.000000000000000000, -0.000000000000000000, -1.000000000000000000 ) ) ;
#2439 = EDGE_LOOP ( 'NONE', ( #2806, #2620, #521, #2690 ) ) ;
#2440 = DIRECTION ( 'NONE',  ( 0.000000000000000000, 0.000000000000000000, 1.000000000000000000 ) ) ;
#2441 = ORIENTED_EDGE ( 'NONE', *, *, #1725, .F. ) ;
#2442 = LINE ( 'NONE', #1617, #3677 ) ;
#2443 = LINE ( 'NONE', #2134, #2482 ) ;
#2444 = ORIENTED_EDGE ( 'NONE', *, *, #1612, .T. ) ;
#2445 = DIRECTION ( 'NONE',  ( -0.000000000000000000, -0.000000000000000000, -1.000000000000000000 ) ) ;
#2446 = DIRECTION ( 'NONE',  ( -1.000000000000000000, 0.000000000000000000, 0.000000000000000000 ) ) ;
#2447 = EDGE_CURVE ( 'NONE', #3135, #1479, #1359, .T. ) ;
#2448 = ORIENTED_EDGE ( 'NONE', *, *, #2169, .T. ) ;
#2449 = DIRECTION ( 'NONE',  ( 1.000000000000000000, -0.000000000000000000, -0.000000000000000000 ) ) ;
#2450 = DIRECTION ( 'NONE',  ( -0.000000000000000000, -0.000000000000000000, -1.000000000000000000 ) ) ;
#2451 = EDGE_CURVE ( 'NONE', #863, #263, #1339, .T. ) ;
#2452 = CARTESIAN_POINT ( 'NONE',  ( -8.499999999999980460, 3.099999999999937916, 10.00000000000000000 ) ) ;
#2453 = DIRECTION ( 'NONE',  ( 0.000000000000000000, -1.000000000000000000, 0.000000000000000000 ) ) ;
#2454 = VERTEX_POINT ( 'NONE', #239 ) ;
#2455 =( NAMED_UNIT ( * ) PLANE_ANGLE_UNIT ( ) SI_UNIT ( $, .RADIAN. ) );
#2456 = ORIENTED_EDGE ( 'NONE', *, *, #2126, .T. ) ;
#2457 = CARTESIAN_POINT ( 'NONE',  ( -9.699999999999848299, -3.399999999999313349, 10.00000000000000000 ) ) ;
#2458 = DIRECTION ( 'NONE',  ( -0.000000000000000000, -0.000000000000000000, -1.000000000000000000 ) ) ;
#2459 = ORIENTED_EDGE ( 'NONE', *, *, #2006, .T. ) ;
#2460 = CYLINDRICAL_SURFACE ( 'NONE', #404, 2.000000000000003553 ) ;
#2461 = ADVANCED_FACE ( 'NONE', ( #3041 ), #3027, .F. ) ;
#2462 = ORIENTED_EDGE ( 'NONE', *, *, #3170, .F. ) ;
#2463 = CARTESIAN_POINT ( 'NONE',  ( 3.099999999999964118, 9.099999999999985434, 10.00000000000000000 ) ) ;
#2464 = ORIENTED_EDGE ( 'NONE', *, *, #412, .T. ) ;
#2465 = CARTESIAN_POINT ( 'NONE',  ( 6.684924240491732839, -5.499999999999992895, 10.00000000000000000 ) ) ;
#2466 = CARTESIAN_POINT ( 'NONE',  ( 9.999999999999968026, 8.499999999999989342, 10.00000000000000000 ) ) ;
#2467 = DIRECTION ( 'NONE',  ( -0.000000000000000000, -0.000000000000000000, -1.000000000000000000 ) ) ;
#2468 = ORIENTED_EDGE ( 'NONE', *, *, #12, .T. ) ;
#2469 = AXIS2_PLACEMENT_3D ( 'NONE', #2874, #2636, #1495 ) ;
#2470 = EDGE_CURVE ( 'NONE', #1261, #1756, #468, .T. ) ;
#2471 = AXIS2_PLACEMENT_3D ( 'NONE', #1216, #51, #968 ) ;
#2472 = ORIENTED_EDGE ( 'NONE', *, *, #1725, .T. ) ;
#2473 = VECTOR ( 'NONE', #2559, 1000.000000000000000 ) ;
#2474 = ORIENTED_EDGE ( 'NONE', *, *, #2506, .F. ) ;
#2475 = DIRECTION ( 'NONE',  ( -1.000000000000000000, 0.000000000000000000, 0.000000000000000000 ) ) ;
#2476 = CARTESIAN_POINT ( 'NONE',  ( 3.400000000000153122, -9.699999999998521361, 10.00000000000000000 ) ) ;
#2477 = VECTOR ( 'NONE', #3224, 1000.000000000000000 ) ;
#2478 = LINE ( 'NONE', #832, #3313 ) ;
#2479 = VERTEX_POINT ( 'NONE', #185 ) ;
#2480 = LINE ( 'NONE', #463, #229 ) ;
#2481 = AXIS2_PLACEMENT_3D ( 'NONE', #802, #1931, #3648 ) ;
#2482 = VECTOR ( 'NONE', #157, 1000.000000000000000 ) ;
#2483 = ORIENTED_EDGE ( 'NONE', *, *, #2276, .T. ) ;
#2484 = LINE ( 'NONE', #3551, #647 ) ;
#2485 = EDGE_CURVE ( 'NONE', #2346, #163, #2250, .T. ) ;
#2486 = VECTOR ( 'NONE', #3230, 1000.000000000000000 ) ;
#2487 = ORIENTED_EDGE ( 'NONE', *, *, #2347, .T. ) ;
#2488 = CARTESIAN_POINT ( 'NONE',  ( -8.500000000000007105, -9.999999999999166889, 10.00000000000000000 ) ) ;
#2489 = CIRCLE ( 'NONE', #517, 0.3000000000000042633 ) ;
#2490 = VECTOR ( 'NONE', #597, 1000.000000000000000 ) ;
#2491 = DIRECTION ( 'NONE',  ( 0.000000000000000000, 1.000000000000000000, 0.000000000000000000 ) ) ;
#2492 = VERTEX_POINT ( 'NONE', #2188 ) ;
#2493 = CARTESIAN_POINT ( 'NONE',  ( 3.100000000000144418, -9.099999999998523492, -10.00000000000000000 ) ) ;
#2494 = EDGE_LOOP ( 'NONE', ( #692, #2789, #2878, #926 ) ) ;
#2495 = ORIENTED_EDGE ( 'NONE', *, *, #3574, .T. ) ;
#2496 = LINE ( 'NONE', #1346, #2898 ) ;
#2497 = DIRECTION ( 'NONE',  ( -0.000000000000000000, -0.000000000000000000, -1.000000000000000000 ) ) ;
#2498 = DIRECTION ( 'NONE',  ( -0.000000000000000000, 1.000000000000000000, -0.000000000000000000 ) ) ;
#2499 = VERTEX_POINT ( 'NONE', #1055 ) ;
#2500 = LINE ( 'NONE', #1089, #1187 ) ;
#2501 = ORIENTED_EDGE ( 'NONE', *, *, #732, .T. ) ;
#2502 = EDGE_CURVE ( 'NONE', #1169, #1920, #3070, .T. ) ;
#2503 = CARTESIAN_POINT ( 'NONE',  ( -3.399999999999805844, -9.399999999998907896, 10.00000000000000000 ) ) ;
#2504 = VERTEX_POINT ( 'NONE', #1648 ) ;
#2505 = CARTESIAN_POINT ( 'NONE',  ( 5.500000000000102141, -7.899999999998525979, -10.00000000000000000 ) ) ;
#2506 = EDGE_CURVE ( 'NONE', #995, #2294, #40, .T. ) ;
#2507 = LINE ( 'NONE', #3291, #1951 ) ;
#2508 = ORIENTED_EDGE ( 'NONE', *, *, #2133, .T. ) ;
#2509 = EDGE_CURVE ( 'NONE', #2339, #861, #1078, .T. ) ;
#2510 = ORIENTED_EDGE ( 'NONE', *, *, #912, .F. ) ;
#2511 = DIRECTION ( 'NONE',  ( 0.000000000000000000, -1.000000000000000000, 0.000000000000000000 ) ) ;
#2512 = DIRECTION ( 'NONE',  ( -1.000000000000000000, -0.000000000000000000, -0.000000000000000000 ) ) ;
#2513 = DIRECTION ( 'NONE',  ( -0.000000000000000000, -0.000000000000000000, -1.000000000000000000 ) ) ;
#2514 = VERTEX_POINT ( 'NONE', #780 ) ;
#2515 = CARTESIAN_POINT ( 'NONE',  ( 8.499999999999966249, 3.100000000000001865, -10.00000000000000000 ) ) ;
#2516 = ORIENTED_EDGE ( 'NONE', *, *, #566, .T. ) ;
#2517 = LINE ( 'NONE', #1718, #104 ) ;
#2518 = ORIENTED_EDGE ( 'NONE', *, *, #1476, .F. ) ;
#2519 = CARTESIAN_POINT ( 'NONE',  ( -6.684924240491774583, 5.499999999999947597, 10.00000000000000000 ) ) ;
#2520 = CARTESIAN_POINT ( 'NONE',  ( 9.699999999999958433, -3.399999999998367883, 10.00000000000000000 ) ) ;
#2521 = EDGE_CURVE ( 'NONE', #348, #580, #798, .T. ) ;
#2522 = ORIENTED_EDGE ( 'NONE', *, *, #1846, .T. ) ;
#2523 = ADVANCED_FACE ( 'NONE', ( #3577 ), #1326, .F. ) ;
#2524 = DIRECTION ( 'NONE',  ( -0.000000000000000000, -0.000000000000000000, -1.000000000000000000 ) ) ;
#2525 = VERTEX_POINT ( 'NONE', #218 ) ;
#2526 = DIRECTION ( 'NONE',  ( 0.000000000000000000, 0.000000000000000000, -1.000000000000000000 ) ) ;
#2527 = CARTESIAN_POINT ( 'NONE',  ( 6.472792206135768112, 5.412132034355972898, 10.00000000000000000 ) ) ;
#2528 = CYLINDRICAL_SURFACE ( 'NONE', #3010, 0.3000000000000172529 ) ;
#2529 = VECTOR ( 'NONE', #797, 1000.000000000000000 ) ;
#2530 = EDGE_LOOP ( 'NONE', ( #233, #2179, #194, #1113 ) ) ;
#2531 = CARTESIAN_POINT ( 'NONE',  ( 5.900000000000002132, -2.010912703473996199, 10.00000000000000000 ) ) ;
#2532 = EDGE_LOOP ( 'NONE', ( #3243, #3228, #2151, #1402 ) ) ;
#2533 = FACE_OUTER_BOUND ( 'NONE', #2439, .T. ) ;
#2534 = CIRCLE ( 'NONE', #993, 0.3000000000000033751 ) ;
#2535 = VECTOR ( 'NONE', #3345, 1000.000000000000000 ) ;
#2536 = ORIENTED_EDGE ( 'NONE', *, *, #296, .F. ) ;
#2537 = CYLINDRICAL_SURFACE ( 'NONE', #2665, 0.3000000000000458966 ) ;
#2538 = AXIS2_PLACEMENT_3D ( 'NONE', #1807, #393, #3247 ) ;
#2539 = PLANE ( 'NONE',  #631 ) ;
#2540 = DIRECTION ( 'NONE',  ( 1.000000000000000000, 0.000000000000000000, 0.000000000000000000 ) ) ;
#2541 = CIRCLE ( 'NONE', #42, 1.999999999999996669 ) ;
#2542 = CIRCLE ( 'NONE', #2075, 0.3000000000000033751 ) ;
#2543 = ORIENTED_EDGE ( 'NONE', *, *, #1061, .T. ) ;
#2544 = VECTOR ( 'NONE', #113, 999.9999999999998863 ) ;
#2545 = CIRCLE ( 'NONE', #2723, 0.2999999999999973244 ) ;
#2546 = LINE ( 'NONE', #295, #948 ) ;
#2547 = EDGE_CURVE ( 'NONE', #1079, #2888, #2774, .T. ) ;
#2548 = VECTOR ( 'NONE', #2313, 1000.000000000000000 ) ;
#2549 = CYLINDRICAL_SURFACE ( 'NONE', #1652, 1.499999999999999556 ) ;
#2550 = ORIENTED_EDGE ( 'NONE', *, *, #1459, .T. ) ;
#2551 = EDGE_CURVE ( 'NONE', #2165, #3035, #3060, .T. ) ;
#2552 = CARTESIAN_POINT ( 'NONE',  ( 5.500000000000102141, -7.899999999998525979, 10.00000000000000000 ) ) ;
#2553 = CARTESIAN_POINT ( 'NONE',  ( -6.472792206135710380, -5.412132034356012866, 10.00000000000000000 ) ) ;
#2554 = DIRECTION ( 'NONE',  ( 0.000000000000000000, -0.000000000000000000, -1.000000000000000000 ) ) ;
#2555 = ORIENTED_EDGE ( 'NONE', *, *, #731, .F. ) ;
#2556 = DIRECTION ( 'NONE',  ( -0.000000000000000000, -0.000000000000000000, -1.000000000000000000 ) ) ;
#2557 = ORIENTED_EDGE ( 'NONE', *, *, #470, .F. ) ;
#2558 = CARTESIAN_POINT ( 'NONE',  ( -5.499999999999810818, -6.684924240490635938, 10.00000000000000000 ) ) ;
#2559 = DIRECTION ( 'NONE',  ( -1.000000000000000000, 0.000000000000000000, 0.000000000000000000 ) ) ;
#2560 = EDGE_CURVE ( 'NONE', #263, #1642, #2707, .T. ) ;
#2561 = CARTESIAN_POINT ( 'NONE',  ( -2.010912703473796803, -3.899999999998878142, 10.00000000000000000 ) ) ;
#2562 = EDGE_LOOP ( 'NONE', ( #2780, #2557, #3406, #2802 ) ) ;
#2563 = EDGE_CURVE ( 'NONE', #3237, #1129, #2153, .T. ) ;
#2564 = LINE ( 'NONE', #2325, #1772 ) ;
#2565 = ORIENTED_EDGE ( 'NONE', *, *, #932, .T. ) ;
#2566 = LINE ( 'NONE', #2936, #2139 ) ;
#2567 = LINE ( 'NONE', #1160, #1063 ) ;
#2568 = CARTESIAN_POINT ( 'NONE',  ( 5.499999999999963585, 7.899999999999985256, 10.00000000000000000 ) ) ;
#2569 = ORIENTED_EDGE ( 'NONE', *, *, #2891, .T. ) ;
#2570 = DIRECTION ( 'NONE',  ( 0.000000000000000000, -0.000000000000000000, -1.000000000000000000 ) ) ;
#2571 = ORIENTED_EDGE ( 'NONE', *, *, #2034, .F. ) ;
#2572 = DIRECTION ( 'NONE',  ( 0.000000000000000000, 1.000000000000000000, 0.000000000000000000 ) ) ;
#2573 = ORIENTED_EDGE ( 'NONE', *, *, #3502, .T. ) ;
#2574 = LINE ( 'NONE', #644, #3508 ) ;
#2575 = DIRECTION ( 'NONE',  ( 1.000000000000000000, 0.000000000000000000, 0.000000000000000000 ) ) ;
#2576 = ORIENTED_EDGE ( 'NONE', *, *, #3163, .T. ) ;
#2577 = CARTESIAN_POINT ( 'NONE',  ( -2.081668171172168513E-14, -2.081668171172168513E-14, 10.00000000000000000 ) ) ;
#2578 = LINE ( 'NONE', #931, #1842 ) ;
#2579 = LINE ( 'NONE', #1173, #455 ) ;
#2580 = EDGE_CURVE ( 'NONE', #3085, #2278, #2507, .T. ) ;
#2581 = VERTEX_POINT ( 'NONE', #2223 ) ;
#2582 = DIRECTION ( 'NONE',  ( -1.000000000000000000, 0.000000000000000000, 0.000000000000000000 ) ) ;
#2583 = CARTESIAN_POINT ( 'NONE',  ( 3.099999999999964118, 9.099999999999985434, 10.00000000000000000 ) ) ;
#2584 = DIRECTION ( 'NONE',  ( -1.000000000000000000, 0.000000000000000000, 0.000000000000000000 ) ) ;
#2585 = VERTEX_POINT ( 'NONE', #2994 ) ;
#2586 = FACE_OUTER_BOUND ( 'NONE', #2194, .T. ) ;
#2587 = AXIS2_PLACEMENT_3D ( 'NONE', #7, #651, #3484 ) ;
#2588 = VERTEX_POINT ( 'NONE', #453 ) ;
#2589 = DIRECTION ( 'NONE',  ( -0.000000000000000000, -0.000000000000000000, -1.000000000000000000 ) ) ;
#2590 = EDGE_CURVE ( 'NONE', #2377, #1922, #1765, .T. ) ;
#2591 = DIRECTION ( 'NONE',  ( 0.000000000000000000, -0.000000000000000000, -1.000000000000000000 ) ) ;
#2592 = VERTEX_POINT ( 'NONE', #3405 ) ;
#2593 = DIRECTION ( 'NONE',  ( 0.000000000000000000, 0.000000000000000000, 1.000000000000000000 ) ) ;
#2594 = DIRECTION ( 'NONE',  ( -1.000000000000000000, 0.000000000000000000, 0.000000000000000000 ) ) ;
#2595 = EDGE_CURVE ( 'NONE', #2141, #1731, #1889, .T. ) ;
#2596 = VECTOR ( 'NONE', #3592, 1000.000000000000000 ) ;
#2597 = EDGE_CURVE ( 'NONE', #1097, #1213, #1392, .T. ) ;
#2598 = CARTESIAN_POINT ( 'NONE',  ( -5.412132034355777499, -6.472792206134667659, 10.00000000000000000 ) ) ;
#2599 = VECTOR ( 'NONE', #1896, 1000.000000000000000 ) ;
#2600 = AXIS2_PLACEMENT_3D ( 'NONE', #2334, #2589, #925 ) ;
#2601 = ORIENTED_EDGE ( 'NONE', *, *, #1864, .T. ) ;
#2602 = CARTESIAN_POINT ( 'NONE',  ( -5.199999999999816325, -8.199999999998903277, 10.00000000000000000 ) ) ;
#2603 = DIRECTION ( 'NONE',  ( 0.000000000000000000, -0.000000000000000000, -1.000000000000000000 ) ) ;
#2604 = ORIENTED_EDGE ( 'NONE', *, *, #2220, .F. ) ;
#2605 = VECTOR ( 'NONE', #3390, 1000.000000000000000 ) ;
#2606 = CARTESIAN_POINT ( 'NONE',  ( -3.400000000000027889, 8.499999999999953815, 10.00000000000000000 ) ) ;
#2607 = AXIS2_PLACEMENT_3D ( 'NONE', #2619, #1505, #82 ) ;
#2608 = CIRCLE ( 'NONE', #1712, 0.3000000000000085931 ) ;
#2609 = AXIS2_PLACEMENT_3D ( 'NONE', #1303, #1888, #2725 ) ;
#2610 = ORIENTED_EDGE ( 'NONE', *, *, #2297, .F. ) ;
#2611 = CARTESIAN_POINT ( 'NONE',  ( 5.900000000000002132, 2.010912703474009966, -10.00000000000000000 ) ) ;
#2612 = AXIS2_PLACEMENT_3D ( 'NONE', #3378, #1048, #1071 ) ;
#2613 = CARTESIAN_POINT ( 'NONE',  ( 3.100000000000144418, -9.099999999998523492, 10.00000000000000000 ) ) ;
#2614 = CARTESIAN_POINT ( 'NONE',  ( -9.099999999999997868, 3.099999999999937916, 10.00000000000000000 ) ) ;
#2615 = AXIS2_PLACEMENT_3D ( 'NONE', #123, #2983, #2401 ) ;
#2616 = ORIENTED_EDGE ( 'NONE', *, *, #2013, .F. ) ;
#2617 = DIRECTION ( 'NONE',  ( -0.000000000000000000, -0.000000000000000000, -1.000000000000000000 ) ) ;
#2618 = EDGE_LOOP ( 'NONE', ( #3485, #2746, #2536, #266 ) ) ;
#2619 = CARTESIAN_POINT ( 'NONE',  ( 3.900000000000000799, 2.010912703474009966, 10.00000000000000000 ) ) ;
#2620 = ORIENTED_EDGE ( 'NONE', *, *, #3653, .F. ) ;
#2621 = LINE ( 'NONE', #866, #287 ) ;
#2622 = EDGE_LOOP ( 'NONE', ( #2195, #870, #848, #438 ) ) ;
#2623 = DIRECTION ( 'NONE',  ( -0.000000000000000000, -0.000000000000000000, -1.000000000000000000 ) ) ;
#2624 = VERTEX_POINT ( 'NONE', #3117 ) ;
#2625 = CARTESIAN_POINT ( 'NONE',  ( 3.099999999999964118, 8.499999999999982236, -10.00000000000000000 ) ) ;
#2626 = LINE ( 'NONE', #2553, #3374 ) ;
#2627 = DIRECTION ( 'NONE',  ( -0.7071067811865469066, -0.7071067811865482389, 0.000000000000000000 ) ) ;
#2628 = CARTESIAN_POINT ( 'NONE',  ( -7.899999999999990585, 5.499999999999944045, -10.00000000000000000 ) ) ;
#2629 = CARTESIAN_POINT ( 'NONE',  ( -5.199999999999816325, -8.199999999998903277, -10.00000000000000000 ) ) ;
#2630 = ORIENTED_EDGE ( 'NONE', *, *, #928, .F. ) ;
#2631 = DIRECTION ( 'NONE',  ( 1.000000000000000000, 0.000000000000000000, 0.000000000000000000 ) ) ;
#2632 = EDGE_CURVE ( 'NONE', #3632, #3011, #527, .T. ) ;
#2633 = ORIENTED_EDGE ( 'NONE', *, *, #3107, .T. ) ;
#2634 = CARTESIAN_POINT ( 'NONE',  ( -9.699999999999848299, -3.399999999999313349, -10.00000000000000000 ) ) ;
#2635 = EDGE_LOOP ( 'NONE', ( #2235, #736, #3522, #791 ) ) ;
#2636 = DIRECTION ( 'NONE',  ( -0.000000000000000000, -0.000000000000000000, -1.000000000000000000 ) ) ;
#2637 = ORIENTED_EDGE ( 'NONE', *, *, #1701, .F. ) ;
#2638 = EDGE_CURVE ( 'NONE', #2925, #2141, #2718, .T. ) ;
#2639 = EDGE_CURVE ( 'NONE', #3215, #1154, #2799, .T. ) ;
#2640 = CARTESIAN_POINT ( 'NONE',  ( 5.499999999999963585, 7.899999999999985256, 10.00000000000000000 ) ) ;
#2641 = CYLINDRICAL_SURFACE ( 'NONE', #3255, 0.3000000000000059841 ) ;
#2642 = DIRECTION ( 'NONE',  ( 0.000000000000000000, -0.000000000000000000, 1.000000000000000000 ) ) ;
#2643 = FACE_OUTER_BOUND ( 'NONE', #2696, .T. ) ;
#2644 = LINE ( 'NONE', #959, #3453 ) ;
#2645 = EDGE_LOOP ( 'NONE', ( #1223, #2616, #50, #1263 ) ) ;
#2646 = DIRECTION ( 'NONE',  ( 0.000000000000000000, 0.000000000000000000, 1.000000000000000000 ) ) ;
#2647 = ORIENTED_EDGE ( 'NONE', *, *, #1633, .T. ) ;
#2648 = CIRCLE ( 'NONE', #1046, 0.2999999999999877764 ) ;
#2649 = EDGE_LOOP ( 'NONE', ( #2233, #2510, #3466, #359 ) ) ;
#2650 = AXIS2_PLACEMENT_3D ( 'NONE', #1665, #1985, #1697 ) ;
#2651 = CARTESIAN_POINT ( 'NONE',  ( 8.199999999999961986, -3.399999999999991473, 10.00000000000000000 ) ) ;
#2652 = ORIENTED_EDGE ( 'NONE', *, *, #3493, .T. ) ;
#2653 = DIRECTION ( 'NONE',  ( 0.000000000000000000, 0.000000000000000000, 1.000000000000000000 ) ) ;
#2654 = VECTOR ( 'NONE', #3029, 1000.000000000000000 ) ;
#2655 = VECTOR ( 'NONE', #771, 999.9999999999998863 ) ;
#2656 = EDGE_CURVE ( 'NONE', #2227, #2585, #2242, .T. ) ;
#2657 = DIRECTION ( 'NONE',  ( 0.000000000000000000, -1.000000000000000000, 0.000000000000000000 ) ) ;
#2658 = VECTOR ( 'NONE', #377, 1000.000000000000000 ) ;
#2659 = AXIS2_PLACEMENT_3D ( 'NONE', #2457, #1863, #1043 ) ;
#2660 = DIRECTION ( 'NONE',  ( 1.000000000000000000, 0.000000000000000000, 0.000000000000000000 ) ) ;
#2661 = DIRECTION ( 'NONE',  ( -0.000000000000000000, -0.000000000000000000, -1.000000000000000000 ) ) ;
#2662 = LINE ( 'NONE', #1260, #2959 ) ;
#2663 = DIRECTION ( 'NONE',  ( -1.000000000000000000, 0.000000000000000000, 0.000000000000000000 ) ) ;
#2664 = EDGE_CURVE ( 'NONE', #1914, #3, #1970, .T. ) ;
#2665 = AXIS2_PLACEMENT_3D ( 'NONE', #2028, #3682, #3156 ) ;
#2666 = AXIS2_PLACEMENT_3D ( 'NONE', #2302, #3144, #2266 ) ;
#2667 = EDGE_LOOP ( 'NONE', ( #1099, #2974, #2043, #23 ) ) ;
#2668 = DIRECTION ( 'NONE',  ( 0.000000000000000000, 0.000000000000000000, 1.000000000000000000 ) ) ;
#2669 = PLANE ( 'NONE',  #36 ) ;
#2670 = VECTOR ( 'NONE', #1162, 1000.000000000000000 ) ;
#2671 = ORIENTED_EDGE ( 'NONE', *, *, #1197, .F. ) ;
#2672 = CARTESIAN_POINT ( 'NONE',  ( -3.999999999999809042, -9.999999999999166889, 10.00000000000000000 ) ) ;
#2673 = EDGE_CURVE ( 'NONE', #1139, #947, #2361, .T. ) ;
#2674 = ORIENTED_EDGE ( 'NONE', *, *, #2547, .T. ) ;
#2675 = DIRECTION ( 'NONE',  ( -0.7071067811865474617, 0.7071067811865474617, 0.000000000000000000 ) ) ;
#2676 = ADVANCED_FACE ( 'NONE', ( #2812 ), #293, .T. ) ;
#2677 = ORIENTED_EDGE ( 'NONE', *, *, #1061, .F. ) ;
#2678 = DIRECTION ( 'NONE',  ( -0.000000000000000000, -0.000000000000000000, -1.000000000000000000 ) ) ;
#2679 = EDGE_CURVE ( 'NONE', #2499, #1065, #1412, .T. ) ;
#2680 = LINE ( 'NONE', #2964, #450 ) ;
#2681 = CARTESIAN_POINT ( 'NONE',  ( -8.500000000000007105, -8.499999999999316103, 10.00000000000000000 ) ) ;
#2682 = DIRECTION ( 'NONE',  ( 1.000000000000000000, 0.000000000000000000, 0.000000000000000000 ) ) ;
#2683 = VERTEX_POINT ( 'NONE', #276 ) ;
#2684 = FACE_OUTER_BOUND ( 'NONE', #63, .T. ) ;
#2685 = ORIENTED_EDGE ( 'NONE', *, *, #299, .F. ) ;
#2686 = DIRECTION ( 'NONE',  ( -0.000000000000000000, -0.000000000000000000, -1.000000000000000000 ) ) ;
#2687 = CARTESIAN_POINT ( 'NONE',  ( -3.699999999999809219, -9.699999999999169731, -10.00000000000000000 ) ) ;
#2688 = VERTEX_POINT ( 'NONE', #511 ) ;
#2689 = DIRECTION ( 'NONE',  ( -1.000000000000000000, -0.000000000000000000, -0.000000000000000000 ) ) ;
#2690 = ORIENTED_EDGE ( 'NONE', *, *, #3089, .T. ) ;
#2691 = DIRECTION ( 'NONE',  ( 0.000000000000000000, -0.000000000000000000, 1.000000000000000000 ) ) ;
#2692 = FACE_OUTER_BOUND ( 'NONE', #2794, .T. ) ;
#2693 = DIRECTION ( 'NONE',  ( 0.000000000000000000, -1.000000000000000000, 0.000000000000000000 ) ) ;
#2694 = DIRECTION ( 'NONE',  ( -1.000000000000000000, 0.000000000000000000, 0.000000000000000000 ) ) ;
#2695 = CARTESIAN_POINT ( 'NONE',  ( 8.199999999999956657, 3.400000000000005240, 10.00000000000000000 ) ) ;
#2696 = EDGE_LOOP ( 'NONE', ( #1190, #1655, #1435, #1935 ) ) ;
#2697 = CARTESIAN_POINT ( 'NONE',  ( 9.999999999999968026, 8.499999999999989342, -10.00000000000000000 ) ) ;
#2698 = DIRECTION ( 'NONE',  ( 0.000000000000000000, -0.000000000000000000, 1.000000000000000000 ) ) ;
#2699 = EDGE_LOOP ( 'NONE', ( #1404, #2810, #2221, #485 ) ) ;
#2700 = DIRECTION ( 'NONE',  ( -1.000000000000000000, 0.000000000000000000, 0.000000000000000000 ) ) ;
#2701 = EDGE_CURVE ( 'NONE', #2683, #348, #222, .T. ) ;
#2702 = FACE_OUTER_BOUND ( 'NONE', #1963, .T. ) ;
#2703 = EDGE_CURVE ( 'NONE', #241, #1853, #3393, .T. ) ;
#2704 = ORIENTED_EDGE ( 'NONE', *, *, #1841, .F. ) ;
#2705 = CARTESIAN_POINT ( 'NONE',  ( -6.684924240491774583, 5.499999999999947597, -10.00000000000000000 ) ) ;
#2706 = EDGE_CURVE ( 'NONE', #1622, #653, #1117, .T. ) ;
#2707 = LINE ( 'NONE', #1379, #1304 ) ;
#2708 = VECTOR ( 'NONE', #2121, 1000.000000000000000 ) ;
#2709 = ADVANCED_FACE ( 'NONE', ( #806 ), #1398, .F. ) ;
#2710 = AXIS2_PLACEMENT_3D ( 'NONE', #2923, #2077, #2965 ) ;
#2711 = AXIS2_PLACEMENT_3D ( 'NONE', #3524, #135, #986 ) ;
#2712 = VECTOR ( 'NONE', #2998, 1000.000000000000000 ) ;
#2713 = EDGE_LOOP ( 'NONE', ( #3046, #3250, #3381, #3081 ) ) ;
#2714 = CARTESIAN_POINT ( 'NONE',  ( 0.000000000000000000, 0.000000000000000000, 0.000000000000000000 ) ) ;
#2715 = EDGE_CURVE ( 'NONE', #1947, #1079, #1122, .T. ) ;
#2716 = VERTEX_POINT ( 'NONE', #844 ) ;
#2717 = CARTESIAN_POINT ( 'NONE',  ( -5.199999999999816325, -6.684924240490628833, -10.00000000000000000 ) ) ;
#2718 = CIRCLE ( 'NONE', #283, 0.2999999999999947153 ) ;
#2719 = CARTESIAN_POINT ( 'NONE',  ( -8.500000000000007105, -9.999999999999166889, 10.00000000000000000 ) ) ;
#2720 = AXIS2_PLACEMENT_3D ( 'NONE', #3220, #1255, #3507 ) ;
#2721 = ORIENTED_EDGE ( 'NONE', *, *, #470, .T. ) ;
#2722 = CARTESIAN_POINT ( 'NONE',  ( -7.900000000000240163, -5.200000000000042810, 10.00000000000000000 ) ) ;
#2723 = AXIS2_PLACEMENT_3D ( 'NONE', #1515, #318, #1786 ) ;
#2724 = ADVANCED_FACE ( 'NONE', ( #2766 ), #225, .F. ) ;
#2725 = DIRECTION ( 'NONE',  ( 1.000000000000000000, 0.000000000000000000, 0.000000000000000000 ) ) ;
#2726 = VECTOR ( 'NONE', #1690, 1000.000000000000000 ) ;
#2727 = ORIENTED_EDGE ( 'NONE', *, *, #2560, .F. ) ;
#2728 = DIRECTION ( 'NONE',  ( -1.000000000000000000, 0.000000000000000000, 0.000000000000000000 ) ) ;
#2729 = CIRCLE ( 'NONE', #57, 0.3000000000000085931 ) ;
#2730 = CARTESIAN_POINT ( 'NONE',  ( -5.499999999999810818, -7.899999999998902567, -10.00000000000000000 ) ) ;
#2731 = EDGE_CURVE ( 'NONE', #2592, #3135, #1649, .T. ) ;
#2732 = EDGE_CURVE ( 'NONE', #3567, #1904, #2541, .T. ) ;
#2733 = ORIENTED_EDGE ( 'NONE', *, *, #3645, .T. ) ;
#2734 = ORIENTED_EDGE ( 'NONE', *, *, #2435, .T. ) ;
#2735 = DIRECTION ( 'NONE',  ( -0.000000000000000000, -0.000000000000000000, -1.000000000000000000 ) ) ;
#2736 = CARTESIAN_POINT ( 'NONE',  ( -3.099999999999814904, -9.099999999998905409, -10.00000000000000000 ) ) ;
#2737 = ORIENTED_EDGE ( 'NONE', *, *, #2470, .T. ) ;
#2738 = DIRECTION ( 'NONE',  ( -1.000000000000000000, 0.000000000000000000, 0.000000000000000000 ) ) ;
#2739 = ORIENTED_EDGE ( 'NONE', *, *, #1232, .F. ) ;
#2740 = DIRECTION ( 'NONE',  ( -0.000000000000000000, -0.000000000000000000, -1.000000000000000000 ) ) ;
#2741 = EDGE_CURVE ( 'NONE', #1736, #2525, #1686, .T. ) ;
#2742 = ORIENTED_EDGE ( 'NONE', *, *, #2104, .T. ) ;
#2743 = DIRECTION ( 'NONE',  ( 1.000000000000000000, 0.000000000000000000, 0.000000000000000000 ) ) ;
#2744 = PRODUCT_DEFINITION_CONTEXT ( 'detailed design', #2040, 'design' ) ;
#2745 = DIRECTION ( 'NONE',  ( -0.000000000000000000, 1.000000000000000000, -0.000000000000000000 ) ) ;
#2746 = ORIENTED_EDGE ( 'NONE', *, *, #3089, .F. ) ;
#2747 = ORIENTED_EDGE ( 'NONE', *, *, #2877, .F. ) ;
#2748 = ORIENTED_EDGE ( 'NONE', *, *, #1314, .T. ) ;
#2749 = DIRECTION ( 'NONE',  ( -0.000000000000000000, -0.000000000000000000, -1.000000000000000000 ) ) ;
#2750 = CARTESIAN_POINT ( 'NONE',  ( -2.010912703473796803, -5.899999999998880362, -10.00000000000000000 ) ) ;
#2751 = ORIENTED_EDGE ( 'NONE', *, *, #3593, .F. ) ;
#2752 = FACE_OUTER_BOUND ( 'NONE', #1605, .T. ) ;
#2753 = VERTEX_POINT ( 'NONE', #3068 ) ;
#2754 = DIRECTION ( 'NONE',  ( -0.000000000000000000, -0.000000000000000000, -1.000000000000000000 ) ) ;
#2755 = ORIENTED_EDGE ( 'NONE', *, *, #2060, .F. ) ;
#2756 = DIRECTION ( 'NONE',  ( -0.000000000000000000, -0.000000000000000000, -1.000000000000000000 ) ) ;
#2757 = DIRECTION ( 'NONE',  ( -0.000000000000000000, -0.000000000000000000, -1.000000000000000000 ) ) ;
#2758 = VERTEX_POINT ( 'NONE', #3371 ) ;
#2759 = CIRCLE ( 'NONE', #1998, 2.000000000000003553 ) ;
#2760 = AXIS2_PLACEMENT_3D ( 'NONE', #5, #3420, #2575 ) ;
#2762 = EDGE_CURVE ( 'NONE', #540, #471, #2496, .T. ) ;
#2761 = CARTESIAN_POINT ( 'NONE',  ( 8.199999999999956657, 3.400000000000005240, -10.00000000000000000 ) ) ;
#2763 = ORIENTED_EDGE ( 'NONE', *, *, #1972, .T. ) ;
#2764 = CIRCLE ( 'NONE', #3368, 0.2999999999999981570 ) ;
#2765 = VERTEX_POINT ( 'NONE', #3650 ) ;
#2766 = FACE_OUTER_BOUND ( 'NONE', #1335, .T. ) ;
#2767 = CARTESIAN_POINT ( 'NONE',  ( 3.399999999999972378, 8.199999999999979750, -10.00000000000000000 ) ) ;
#2768 = CIRCLE ( 'NONE', #2711, 0.2999999999999973244 ) ;
#2769 = VECTOR ( 'NONE', #2348, 1000.000000000000000 ) ;
#2770 = CARTESIAN_POINT ( 'NONE',  ( 5.499999999999963585, 7.899999999999985256, -10.00000000000000000 ) ) ;
#2771 = EDGE_CURVE ( 'NONE', #3634, #3091, #1369, .T. ) ;
#2772 = ORIENTED_EDGE ( 'NONE', *, *, #2326, .T. ) ;
#2773 = LINE ( 'NONE', #3601, #2249 ) ;
#2774 = CIRCLE ( 'NONE', #2422, 0.3000000000000502265 ) ;
#2775 = CIRCLE ( 'NONE', #2132, 0.3000000000000059841 ) ;
#2776 = ORIENTED_EDGE ( 'NONE', *, *, #542, .T. ) ;
#2777 = CARTESIAN_POINT ( 'NONE',  ( -2.010912703473796803, -3.899999999998875921, 10.00000000000000000 ) ) ;
#2778 = AXIS2_PLACEMENT_3D ( 'NONE', #2337, #851, #2047 ) ;
#2779 = AXIS2_PLACEMENT_3D ( 'NONE', #140, #2997, #1331 ) ;
#2780 = ORIENTED_EDGE ( 'NONE', *, *, #257, .T. ) ;
#2781 = CARTESIAN_POINT ( 'NONE',  ( 5.412132034355932930, 6.472792206135786763, 10.00000000000000000 ) ) ;
#2782 = VECTOR ( 'NONE', #3585, 1000.000000000000000 ) ;
#2783 = VECTOR ( 'NONE', #2164, 1000.000000000000000 ) ;
#2784 = DIRECTION ( 'NONE',  ( -0.000000000000000000, -0.000000000000000000, -1.000000000000000000 ) ) ;
#2785 = EDGE_CURVE ( 'NONE', #2765, #2346, #828, .T. ) ;
#2786 = AXIS2_PLACEMENT_3D ( 'NONE', #2910, #718, #2663 ) ;
#2787 = EDGE_LOOP ( 'NONE', ( #70, #2148, #1033, #2565 ) ) ;
#2788 = EDGE_CURVE ( 'NONE', #1272, #540, #1960, .T. ) ;
#2789 = ORIENTED_EDGE ( 'NONE', *, *, #354, .F. ) ;
#2790 = APPLICATION_CONTEXT ( 'automotive_design' ) ;
#2791 = VERTEX_POINT ( 'NONE', #3087 ) ;
#2792 = DIRECTION ( 'NONE',  ( -0.000000000000000000, -0.000000000000000000, -1.000000000000000000 ) ) ;
#2793 = CARTESIAN_POINT ( 'NONE',  ( 8.500000000000188294, -9.999999999998522071, 10.00000000000000000 ) ) ;
#2794 = EDGE_LOOP ( 'NONE', ( #1527, #3328, #1104, #509 ) ) ;
#2795 = CARTESIAN_POINT ( 'NONE',  ( -2.010912703473796803, -5.899999999998880362, 10.00000000000000000 ) ) ;
#2796 = ORIENTED_EDGE ( 'NONE', *, *, #3454, .F. ) ;
#2797 = ORIENTED_EDGE ( 'NONE', *, *, #2679, .F. ) ;
#2798 = LINE ( 'NONE', #3347, #2529 ) ;
#2799 = LINE ( 'NONE', #2832, #1481 ) ;
#2800 = ORIENTED_EDGE ( 'NONE', *, *, #698, .F. ) ;
#2801 = CARTESIAN_POINT ( 'NONE',  ( -3.399999999999805844, -9.699999999998908606, -10.00000000000000000 ) ) ;
#2802 = ORIENTED_EDGE ( 'NONE', *, *, #1341, .T. ) ;
#2803 = DIRECTION ( 'NONE',  ( 0.000000000000000000, 0.000000000000000000, 1.000000000000000000 ) ) ;
#2804 = CARTESIAN_POINT ( 'NONE',  ( -2.010912703473796803, -3.899999999998875921, -10.00000000000000000 ) ) ;
#2805 = LINE ( 'NONE', #261, #944 ) ;
#2806 = ORIENTED_EDGE ( 'NONE', *, *, #1538, .T. ) ;
#2807 = DIRECTION ( 'NONE',  ( -1.000000000000000000, 0.000000000000000000, 0.000000000000000000 ) ) ;
#2808 = ORIENTED_EDGE ( 'NONE', *, *, #885, .T. ) ;
#2809 = CARTESIAN_POINT ( 'NONE',  ( -10.00000000000003730, 3.999999999999928946, 10.00000000000000000 ) ) ;
#2810 = ORIENTED_EDGE ( 'NONE', *, *, #1157, .F. ) ;
#2811 = CYLINDRICAL_SURFACE ( 'NONE', #2293, 0.3000000000000085931 ) ;
#2812 = FACE_OUTER_BOUND ( 'NONE', #373, .T. ) ;
#2813 = VERTEX_POINT ( 'NONE', #3124 ) ;
#2814 = EDGE_CURVE ( 'NONE', #3091, #1646, #3134, .T. ) ;
#2815 = CARTESIAN_POINT ( 'NONE',  ( 2.010912703474268426, -5.899999999998689404, 10.00000000000000000 ) ) ;
#2816 = CIRCLE ( 'NONE', #1934, 0.2999999999999947153 ) ;
#2817 = EDGE_LOOP ( 'NONE', ( #2522, #1542, #576, #1353 ) ) ;
#2818 = CARTESIAN_POINT ( 'NONE',  ( -7.900000000000240163, -5.500000000000135003, 10.00000000000000000 ) ) ;
#2819 = LINE ( 'NONE', #829, #3445 ) ;
#2820 = AXIS2_PLACEMENT_3D ( 'NONE', #3606, #2106, #3235 ) ;
#2821 = ADVANCED_FACE ( 'NONE', ( #3353 ), #1671, .F. ) ;
#2822 = VERTEX_POINT ( 'NONE', #491 ) ;
#2823 = DIRECTION ( 'NONE',  ( 0.000000000000000000, 0.000000000000000000, 1.000000000000000000 ) ) ;
#2824 = EDGE_LOOP ( 'NONE', ( #2674, #2080, #413, #2944 ) ) ;
#2825 = CYLINDRICAL_SURFACE ( 'NONE', #1762, 0.2999999999999964362 ) ;
#2826 = VECTOR ( 'NONE', #2128, 1000.000000000000000 ) ;
#2827 = VECTOR ( 'NONE', #2491, 1000.000000000000000 ) ;
#2828 = ORIENTED_EDGE ( 'NONE', *, *, #3645, .F. ) ;
#2829 = CARTESIAN_POINT ( 'NONE',  ( 4.485786437626898326, 3.425126265847103557, -10.00000000000000000 ) ) ;
#2830 = AXIS2_PLACEMENT_3D ( 'NONE', #2719, #127, #2698 ) ;
#2831 = DIRECTION ( 'NONE',  ( -1.000000000000000000, 0.000000000000000000, 0.000000000000000000 ) ) ;
#2832 = CARTESIAN_POINT ( 'NONE',  ( -5.200000000000038369, 8.199999999999947775, 10.00000000000000000 ) ) ;
#2833 = VECTOR ( 'NONE', #3125, 1000.000000000000000 ) ;
#2834 = ORIENTED_EDGE ( 'NONE', *, *, #3066, .F. ) ;
#2835 = CIRCLE ( 'NONE', #2011, 0.2999999999999045097 ) ;
#2836 = CIRCLE ( 'NONE', #714, 0.3000000000000085931 ) ;
#2837 = DIRECTION ( 'NONE',  ( -0.000000000000000000, -0.000000000000000000, -1.000000000000000000 ) ) ;
#2838 = ADVANCED_FACE ( 'NONE', ( #1066 ), #2198, .F. ) ;
#2839 = AXIS2_PLACEMENT_3D ( 'NONE', #264, #862, #847 ) ;
#2840 =( GEOMETRIC_REPRESENTATION_CONTEXT ( 3 ) GLOBAL_UNCERTAINTY_ASSIGNED_CONTEXT ( ( #589 ) ) GLOBAL_UNIT_ASSIGNED_CONTEXT ( ( #1316, #2455, #1899 ) ) REPRESENTATION_CONTEXT ( 'NONE', 'WORKASPACE' ) );
#2841 = VERTEX_POINT ( 'NONE', #1957 ) ;
#2842 = DIRECTION ( 'NONE',  ( -0.000000000000000000, -0.000000000000000000, -1.000000000000000000 ) ) ;
#2843 = CARTESIAN_POINT ( 'NONE',  ( -5.499999999999810818, -6.684924240490635938, -10.00000000000000000 ) ) ;
#2844 = EDGE_CURVE ( 'NONE', #1131, #2624, #507, .T. ) ;
#2845 = LINE ( 'NONE', #1767, #2298 ) ;
#2846 = CARTESIAN_POINT ( 'NONE',  ( -3.399999999999820055, -8.199999999998903277, 10.00000000000000000 ) ) ;
#2847 = ORIENTED_EDGE ( 'NONE', *, *, #2844, .T. ) ;
#2848 = CARTESIAN_POINT ( 'NONE',  ( 9.700000000000180478, -3.699999999998376587, 10.00000000000000000 ) ) ;
#2849 = ORIENTED_EDGE ( 'NONE', *, *, #2673, .T. ) ;
#2850 = CARTESIAN_POINT ( 'NONE',  ( -9.699999999999848299, -3.699999999999311395, 10.00000000000000000 ) ) ;
#2851 = ORIENTED_EDGE ( 'NONE', *, *, #3563, .F. ) ;
#2852 = DIRECTION ( 'NONE',  ( 1.000000000000000000, 0.000000000000000000, 0.000000000000000000 ) ) ;
#2853 = FACE_OUTER_BOUND ( 'NONE', #3588, .T. ) ;
#2854 = EDGE_CURVE ( 'NONE', #2525, #943, #1707, .T. ) ;
#2855 = ORIENTED_EDGE ( 'NONE', *, *, #2276, .F. ) ;
#2856 = DIRECTION ( 'NONE',  ( 1.000000000000000000, -0.000000000000000000, -0.000000000000000000 ) ) ;
#2857 = DIRECTION ( 'NONE',  ( 1.000000000000000000, 0.000000000000000000, 0.000000000000000000 ) ) ;
#2858 = LINE ( 'NONE', #1724, #583 ) ;
#2859 = CARTESIAN_POINT ( 'NONE',  ( 8.500000000000174083, -8.499999999998523847, 10.00000000000000000 ) ) ;
#2860 = ORIENTED_EDGE ( 'NONE', *, *, #220, .F. ) ;
#2861 = CARTESIAN_POINT ( 'NONE',  ( -8.200000000000319034, -3.399999999999302691, 10.00000000000000000 ) ) ;
#2862 = LINE ( 'NONE', #11, #1424 ) ;
#2863 = CARTESIAN_POINT ( 'NONE',  ( 3.999999999999961808, 9.699999999999988631, 10.00000000000000000 ) ) ;
#2864 = EDGE_CURVE ( 'NONE', #2585, #2299, #2182, .T. ) ;
#2865 = CARTESIAN_POINT ( 'NONE',  ( 9.099999999999969447, -3.099999999999993427, 10.00000000000000000 ) ) ;
#2866 = LINE ( 'NONE', #320, #1128 ) ;
#2867 = ORIENTED_EDGE ( 'NONE', *, *, #418, .T. ) ;
#2868 = DIRECTION ( 'NONE',  ( -0.000000000000000000, 0.000000000000000000, -1.000000000000000000 ) ) ;
#2869 = CYLINDRICAL_SURFACE ( 'NONE', #2416, 1.500000000000001332 ) ;
#2870 = ORIENTED_EDGE ( 'NONE', *, *, #2715, .T. ) ;
#2871 = LINE ( 'NONE', #3550, #1183 ) ;
#2872 = DIRECTION ( 'NONE',  ( 0.000000000000000000, 0.000000000000000000, 1.000000000000000000 ) ) ;
#2873 = ORIENTED_EDGE ( 'NONE', *, *, #688, .F. ) ;
#2874 = CARTESIAN_POINT ( 'NONE',  ( -5.200000000000038369, 7.899999999999950617, 10.00000000000000000 ) ) ;
#2875 = DIRECTION ( 'NONE',  ( -1.000000000000000000, 0.000000000000000000, 0.000000000000000000 ) ) ;
#2876 = DIRECTION ( 'NONE',  ( -1.000000000000000000, 0.000000000000000000, 0.000000000000000000 ) ) ;
#2877 = EDGE_CURVE ( 'NONE', #263, #2306, #2177, .T. ) ;
#2878 = ORIENTED_EDGE ( 'NONE', *, *, #254, .F. ) ;
#2879 = CARTESIAN_POINT ( 'NONE',  ( -8.200000000000324363, -5.199999999999300293, 10.00000000000000000 ) ) ;
#2880 = CARTESIAN_POINT ( 'NONE',  ( 2.010912703474268426, -5.899999999998689404, 10.00000000000000000 ) ) ;
#2881 = DIRECTION ( 'NONE',  ( 1.000000000000000000, 0.000000000000000000, 0.000000000000000000 ) ) ;
#2882 = ORIENTED_EDGE ( 'NONE', *, *, #412, .F. ) ;
#2883 = CARTESIAN_POINT ( 'NONE',  ( -3.699999999999809219, -9.699999999999169731, 10.00000000000000000 ) ) ;
#2884 = AXIS2_PLACEMENT_3D ( 'NONE', #2069, #2007, #667 ) ;
#2885 = VERTEX_POINT ( 'NONE', #781 ) ;
#2886 = CARTESIAN_POINT ( 'NONE',  ( 8.500000000000188294, -9.999999999998522071, -10.00000000000000000 ) ) ;
#2887 = AXIS2_PLACEMENT_3D ( 'NONE', #1738, #2872, #2594 ) ;
#2888 = VERTEX_POINT ( 'NONE', #2168 ) ;
#2889 = DIRECTION ( 'NONE',  ( -1.000000000000000000, 0.000000000000000000, 0.000000000000000000 ) ) ;
#2890 = VECTOR ( 'NONE', #2438, 1000.000000000000000 ) ;
#2891 = EDGE_CURVE ( 'NONE', #2259, #3534, #3307, .T. ) ;
#2892 = AXIS2_PLACEMENT_3D ( 'NONE', #251, #3078, #497 ) ;
#2893 = AXIS2_PLACEMENT_3D ( 'NONE', #2319, #2424, #3272 ) ;
#2894 = ORIENTED_EDGE ( 'NONE', *, *, #2814, .T. ) ;
#2895 = DIRECTION ( 'NONE',  ( -0.000000000000000000, -0.000000000000000000, -1.000000000000000000 ) ) ;
#2896 = DIRECTION ( 'NONE',  ( -1.000000000000000000, 0.000000000000000000, 0.000000000000000000 ) ) ;
#2897 = ORIENTED_EDGE ( 'NONE', *, *, #1218, .F. ) ;
#2898 = VECTOR ( 'NONE', #3635, 1000.000000000000000 ) ;
#2899 = VECTOR ( 'NONE', #889, 1000.000000000000000 ) ;
#2900 = EDGE_CURVE ( 'NONE', #580, #3273, #3614, .T. ) ;
#2901 = CIRCLE ( 'NONE', #1597, 0.2999999999999947153 ) ;
#2902 = VECTOR ( 'NONE', #983, 1000.000000000000000 ) ;
#2903 = CARTESIAN_POINT ( 'NONE',  ( 10.00000000000017586, -3.999999999998371081, 10.00000000000000000 ) ) ;
#2904 = DIRECTION ( 'NONE',  ( -0.000000000000000000, -0.000000000000000000, -1.000000000000000000 ) ) ;
#2905 = VECTOR ( 'NONE', #982, 1000.000000000000114 ) ;
#2906 = AXIS2_PLACEMENT_3D ( 'NONE', #3132, #1997, #1981 ) ;
#2907 = DIRECTION ( 'NONE',  ( 0.000000000000000000, 0.000000000000000000, 1.000000000000000000 ) ) ;
#2908 = LINE ( 'NONE', #2109, #3309 ) ;
#2909 = DIRECTION ( 'NONE',  ( -1.000000000000000000, 0.000000000000000000, 0.000000000000000000 ) ) ;
#2910 = CARTESIAN_POINT ( 'NONE',  ( -3.999999999999809042, -9.699999999999169731, 10.00000000000000000 ) ) ;
#2911 = VERTEX_POINT ( 'NONE', #1395 ) ;
#2912 = CARTESIAN_POINT ( 'NONE',  ( -8.500000000000007105, -8.499999999999316103, -10.00000000000000000 ) ) ;
#2913 = ORIENTED_EDGE ( 'NONE', *, *, #382, .F. ) ;
#2914 = DIRECTION ( 'NONE',  ( -1.000000000000000000, 0.000000000000000000, 0.000000000000000000 ) ) ;
#2915 = EDGE_CURVE ( 'NONE', #2370, #1736, #2008, .T. ) ;
#2916 = ORIENTED_EDGE ( 'NONE', *, *, #1425, .T. ) ;
#2917 = CARTESIAN_POINT ( 'NONE',  ( -6.684924240491676883, -5.200000000000046363, -10.00000000000000000 ) ) ;
#2918 = DIRECTION ( 'NONE',  ( 0.000000000000000000, 0.000000000000000000, 1.000000000000000000 ) ) ;
#2919 = ORIENTED_EDGE ( 'NONE', *, *, #2208, .T. ) ;
#2920 = EDGE_CURVE ( 'NONE', #1199, #1692, #2225, .T. ) ;
#2921 = DIRECTION ( 'NONE',  ( 1.000000000000000000, 0.000000000000000000, 0.000000000000000000 ) ) ;
#2922 = FACE_OUTER_BOUND ( 'NONE', #1, .T. ) ;
#2923 = CARTESIAN_POINT ( 'NONE',  ( -6.472792206135710380, -5.412132034356012866, 10.00000000000000000 ) ) ;
#2924 = DIRECTION ( 'NONE',  ( -1.000000000000000000, 0.000000000000000000, 0.000000000000000000 ) ) ;
#2925 = VERTEX_POINT ( 'NONE', #2903 ) ;
#2926 = CARTESIAN_POINT ( 'NONE',  ( -3.425126265847115548, 4.485786437626893886, 10.00000000000000000 ) ) ;
#2927 = ORIENTED_EDGE ( 'NONE', *, *, #2270, .T. ) ;
#2928 = DIRECTION ( 'NONE',  ( -1.000000000000000000, 0.000000000000000000, 0.000000000000000000 ) ) ;
#2929 = ORIENTED_EDGE ( 'NONE', *, *, #2715, .F. ) ;
#2930 = CYLINDRICAL_SURFACE ( 'NONE', #2425, 0.3000000000000016542 ) ;
#2931 = ADVANCED_FACE ( 'NONE', ( #3103 ), #2549, .T. ) ;
#2932 = EDGE_LOOP ( 'NONE', ( #1983, #180, #1897, #2734 ) ) ;
#2933 = CARTESIAN_POINT ( 'NONE',  ( -5.199999999999816325, -7.899999999998902567, -10.00000000000000000 ) ) ;
#2934 = DIRECTION ( 'NONE',  ( 1.000000000000000000, 0.000000000000000000, 0.000000000000000000 ) ) ;
#2935 = ORIENTED_EDGE ( 'NONE', *, *, #445, .F. ) ;
#2936 = CARTESIAN_POINT ( 'NONE',  ( -9.099999999999997868, 3.099999999999937916, -10.00000000000000000 ) ) ;
#2937 = ADVANCED_FACE ( 'NONE', ( #3455 ), #3643, .F. ) ;
#2938 = EDGE_CURVE ( 'NONE', #1646, #1635, #1022, .T. ) ;
#2939 = CARTESIAN_POINT ( 'NONE',  ( 2.010912703473977547, 3.900000000000018119, 10.00000000000000000 ) ) ;
#2940 = EDGE_CURVE ( 'NONE', #38, #2822, #1004, .T. ) ;
#2941 = FACE_OUTER_BOUND ( 'NONE', #537, .T. ) ;
#2942 = CARTESIAN_POINT ( 'NONE',  ( -8.500000000000035527, 9.999999999999934275, 10.00000000000000000 ) ) ;
#2943 = CARTESIAN_POINT ( 'NONE',  ( 3.699999999999953104, 9.699999999999981526, 10.00000000000000000 ) ) ;
#2944 = ORIENTED_EDGE ( 'NONE', *, *, #648, .T. ) ;
#2945 = DIRECTION ( 'NONE',  ( -1.000000000000000000, 0.000000000000000000, 0.000000000000000000 ) ) ;
#2946 = ORIENTED_EDGE ( 'NONE', *, *, #1727, .F. ) ;
#2947 = LINE ( 'NONE', #3188, #41 ) ;
#2948 = EDGE_CURVE ( 'NONE', #6, #3301, #954, .T. ) ;
#2949 = CIRCLE ( 'NONE', #1344, 0.2999999999999981570 ) ;
#2950 = VERTEX_POINT ( 'NONE', #2452 ) ;
#2951 = CARTESIAN_POINT ( 'NONE',  ( -3.099999999999811351, -9.099999999998905409, 10.00000000000000000 ) ) ;
#2952 = DIRECTION ( 'NONE',  ( -0.000000000000000000, -0.000000000000000000, -1.000000000000000000 ) ) ;
#2953 = CIRCLE ( 'NONE', #2353, 2.000000000000016431 ) ;
#2954 = ORIENTED_EDGE ( 'NONE', *, *, #1775, .F. ) ;
#2955 = AXIS2_PLACEMENT_3D ( 'NONE', #3174, #621, #2000 ) ;
#2956 = DIRECTION ( 'NONE',  ( -0.000000000000000000, -0.000000000000000000, -1.000000000000000000 ) ) ;
#2957 = VERTEX_POINT ( 'NONE', #3310 ) ;
#2958 = DIRECTION ( 'NONE',  ( -1.000000000000000000, 0.000000000000000000, 0.000000000000000000 ) ) ;
#2959 = VECTOR ( 'NONE', #2383, 1000.000000000000000 ) ;
#2960 = AXIS2_PLACEMENT_3D ( 'NONE', #1974, #2803, #3338 ) ;
#2961 = AXIS2_PLACEMENT_3D ( 'NONE', #1903, #3034, #2584 ) ;
#2962 =( GEOMETRIC_REPRESENTATION_CONTEXT ( 3 ) GLOBAL_UNCERTAINTY_ASSIGNED_CONTEXT ( ( #2003 ) ) GLOBAL_UNIT_ASSIGNED_CONTEXT ( ( #160, #3535, #1832 ) ) REPRESENTATION_CONTEXT ( 'NONE', 'WORKASPACE' ) );
#2963 = CIRCLE ( 'NONE', #886, 0.2999999999999964362 ) ;
#2964 = CARTESIAN_POINT ( 'NONE',  ( -3.700000000000036593, 9.699999999999960210, 10.00000000000000000 ) ) ;
#2965 = DIRECTION ( 'NONE',  ( 0.7071067811865479058, 0.7071067811865472397, 0.000000000000000000 ) ) ;
#2966 = CYLINDRICAL_SURFACE ( 'NONE', #3497, 0.3000000000000502265 ) ;
#2967 = VERTEX_POINT ( 'NONE', #763 ) ;
#2968 = CARTESIAN_POINT ( 'NONE',  ( -3.100000000000033396, 9.099999999999957012, 10.00000000000000000 ) ) ;
#2969 = AXIS2_PLACEMENT_3D ( 'NONE', #1770, #3267, #2945 ) ;
#2970 = VECTOR ( 'NONE', #671, 1000.000000000000000 ) ;
#2971 = VERTEX_POINT ( 'NONE', #1060 ) ;
#2972 = DIRECTION ( 'NONE',  ( 0.000000000000000000, -0.000000000000000000, -1.000000000000000000 ) ) ;
#2973 = DIRECTION ( 'NONE',  ( -1.000000000000000000, -0.000000000000000000, -0.000000000000000000 ) ) ;
#2974 = ORIENTED_EDGE ( 'NONE', *, *, #1032, .F. ) ;
#2975 = SURFACE_SIDE_STYLE ('',( #2989 ) ) ;
#2976 = LINE ( 'NONE', #419, #3083 ) ;
#2977 = VERTEX_POINT ( 'NONE', #783 ) ;
#2978 = CARTESIAN_POINT ( 'NONE',  ( -8.500000000000229150, -3.399999999999302691, 10.00000000000000000 ) ) ;
#2979 = CARTESIAN_POINT ( 'NONE',  ( 7.899999999999963052, -5.199999999999993072, 10.00000000000000000 ) ) ;
#2980 = CARTESIAN_POINT ( 'NONE',  ( 8.499999999999966249, 10.00000000000000355, 10.00000000000000000 ) ) ;
#2981 = CARTESIAN_POINT ( 'NONE',  ( 5.900000000000002132, 2.010912703474009966, 10.00000000000000000 ) ) ;
#2982 = ORIENTED_EDGE ( 'NONE', *, *, #3298, .F. ) ;
#2983 = DIRECTION ( 'NONE',  ( 0.000000000000000000, -1.000000000000000000, 0.000000000000000000 ) ) ;
#2984 = ORIENTED_EDGE ( 'NONE', *, *, #155, .T. ) ;
#2985 = LINE ( 'NONE', #3033, #2362 ) ;
#2986 = CARTESIAN_POINT ( 'NONE',  ( 3.100000000000147971, -8.499999999998520295, 10.00000000000000000 ) ) ;
#2987 = ADVANCED_FACE ( 'NONE', ( #3047 ), #208, .T. ) ;
#2988 = ORIENTED_EDGE ( 'NONE', *, *, #945, .T. ) ;
#2989 = SURFACE_STYLE_FILL_AREA ( #3285 ) ;
#2990 = DIRECTION ( 'NONE',  ( 0.7071067811865474617, 0.7071067811865474617, -0.000000000000000000 ) ) ;
#2991 = ORIENTED_EDGE ( 'NONE', *, *, #542, .F. ) ;
#2992 = DIRECTION ( 'NONE',  ( -0.000000000000000000, -0.000000000000000000, -1.000000000000000000 ) ) ;
#2993 = CARTESIAN_POINT ( 'NONE',  ( 8.499999999999966249, 10.00000000000000355, 10.00000000000000000 ) ) ;
#2994 = CARTESIAN_POINT ( 'NONE',  ( 2.010912703474268426, -3.899999999998878142, 10.00000000000000000 ) ) ;
#2995 = ORIENTED_EDGE ( 'NONE', *, *, #778, .T. ) ;
#2996 = ORIENTED_EDGE ( 'NONE', *, *, #69, .F. ) ;
#2997 = DIRECTION ( 'NONE',  ( -1.000000000000000000, 0.000000000000000000, 0.000000000000000000 ) ) ;
#2998 = DIRECTION ( 'NONE',  ( -0.000000000000000000, -0.000000000000000000, -1.000000000000000000 ) ) ;
#2999 = ORIENTED_EDGE ( 'NONE', *, *, #2470, .F. ) ;
#3000 = CYLINDRICAL_SURFACE ( 'NONE', #1311, 0.3000000000000849210 ) ;
#3001 = FACE_OUTER_BOUND ( 'NONE', #3686, .T. ) ;
#3002 = ORIENTED_EDGE ( 'NONE', *, *, #1073, .T. ) ;
#3003 = DIRECTION ( 'NONE',  ( -0.000000000000000000, -0.000000000000000000, -1.000000000000000000 ) ) ;
#3004 = AXIS2_PLACEMENT_3D ( 'NONE', #2089, #897, #1172 ) ;
#3005 = DIRECTION ( 'NONE',  ( -1.000000000000000000, 0.000000000000000000, 0.000000000000000000 ) ) ;
#3006 = EDGE_CURVE ( 'NONE', #1717, #399, #244, .T. ) ;
#3007 = CIRCLE ( 'NONE', #1170, 0.2999999999999045097 ) ;
#3008 = CIRCLE ( 'NONE', #1700, 0.3000000000000042633 ) ;
#3009 = AXIS2_PLACEMENT_3D ( 'NONE', #2861, #149, #2653 ) ;
#3010 = AXIS2_PLACEMENT_3D ( 'NONE', #193, #3672, #3597 ) ;
#3011 = VERTEX_POINT ( 'NONE', #1925 ) ;
#3012 = ORIENTED_EDGE ( 'NONE', *, *, #566, .F. ) ;
#3013 = EDGE_CURVE ( 'NONE', #2306, #2514, #3057, .T. ) ;
#3014 = LINE ( 'NONE', #192, #762 ) ;
#3015 = VECTOR ( 'NONE', #3410, 1000.000000000000000 ) ;
#3016 = VECTOR ( 'NONE', #2686, 1000.000000000000000 ) ;
#3017 = DIRECTION ( 'NONE',  ( -0.000000000000000000, -0.000000000000000000, -1.000000000000000000 ) ) ;
#3018 = AXIS2_PLACEMENT_3D ( 'NONE', #605, #927, #324 ) ;
#3019 = EDGE_LOOP ( 'NONE', ( #2083, #2105, #916, #602 ) ) ;
#3020 = CARTESIAN_POINT ( 'NONE',  ( 7.899999999999963052, -5.499999999999992895, -10.00000000000000000 ) ) ;
#3021 = ORIENTED_EDGE ( 'NONE', *, *, #1610, .F. ) ;
#3022 = CARTESIAN_POINT ( 'NONE',  ( 9.399999999999964828, 3.400000000000005240, 10.00000000000000000 ) ) ;
#3023 = VECTOR ( 'NONE', #536, 1000.000000000000000 ) ;
#3024 = ORIENTED_EDGE ( 'NONE', *, *, #345, .T. ) ;
#3025 = CARTESIAN_POINT ( 'NONE',  ( 5.900000000000002132, -2.010912703473996199, -10.00000000000000000 ) ) ;
#3026 = ADVANCED_FACE ( 'NONE', ( #2692 ), #3290, .F. ) ;
#3027 = PLANE ( 'NONE',  #2358 ) ;
#3028 = ADVANCED_FACE ( 'NONE', ( #3330 ), #1856, .F. ) ;
#3029 = DIRECTION ( 'NONE',  ( -0.000000000000000000, -0.000000000000000000, -1.000000000000000000 ) ) ;
#3030 = ORIENTED_EDGE ( 'NONE', *, *, #2703, .T. ) ;
#3031 = ORIENTED_EDGE ( 'NONE', *, *, #2639, .F. ) ;
#3032 = ORIENTED_EDGE ( 'NONE', *, *, #2320, .F. ) ;
#3033 = CARTESIAN_POINT ( 'NONE',  ( 3.399999999999972378, 8.199999999999976197, 10.00000000000000000 ) ) ;
#3034 = DIRECTION ( 'NONE',  ( -0.000000000000000000, -0.000000000000000000, -1.000000000000000000 ) ) ;
#3035 = VERTEX_POINT ( 'NONE', #1189 ) ;
#3036 = CARTESIAN_POINT ( 'NONE',  ( 6.684924240491732839, -5.499999999999992895, 10.00000000000000000 ) ) ;
#3037 = VERTEX_POINT ( 'NONE', #3464 ) ;
#3038 = DIRECTION ( 'NONE',  ( -0.000000000000000000, 0.000000000000000000, -1.000000000000000000 ) ) ;
#3039 = ORIENTED_EDGE ( 'NONE', *, *, #128, .F. ) ;
#3040 = CARTESIAN_POINT ( 'NONE',  ( -5.899999999999974598, -2.010912703474044605, -10.00000000000000000 ) ) ;
#3041 = FACE_OUTER_BOUND ( 'NONE', #2649, .T. ) ;
#3042 = EDGE_CURVE ( 'NONE', #724, #2525, #2608, .T. ) ;
#3043 = ORIENTED_EDGE ( 'NONE', *, *, #3101, .F. ) ;
#3044 = ADVANCED_FACE ( 'NONE', ( #2264 ), #556, .F. ) ;
#3045 = ORIENTED_EDGE ( 'NONE', *, *, #2506, .T. ) ;
#3046 = ORIENTED_EDGE ( 'NONE', *, *, #3593, .T. ) ;
#3047 = FACE_OUTER_BOUND ( 'NONE', #877, .T. ) ;
#3048 = CARTESIAN_POINT ( 'NONE',  ( -5.900000000000016342, 2.010912703473961560, -10.00000000000000000 ) ) ;
#3049 = DIRECTION ( 'NONE',  ( 1.000000000000000000, 0.000000000000000000, 0.000000000000000000 ) ) ;
#3050 = EDGE_CURVE ( 'NONE', #2504, #846, #764, .T. ) ;
#3051 = DIRECTION ( 'NONE',  ( -1.000000000000000000, 0.000000000000000000, 0.000000000000000000 ) ) ;
#3052 = VERTEX_POINT ( 'NONE', #1467 ) ;
#3053 = PLANE ( 'NONE',  #3566 ) ;
#3054 = ORIENTED_EDGE ( 'NONE', *, *, #187, .F. ) ;
#3055 = CARTESIAN_POINT ( 'NONE',  ( 3.425126265847206586, -4.485786437625706391, 10.00000000000000000 ) ) ;
#3056 = EDGE_CURVE ( 'NONE', #59, #1557, #1308, .T. ) ;
#3057 = LINE ( 'NONE', #1645, #513 ) ;
#3058 = ORIENTED_EDGE ( 'NONE', *, *, #2169, .F. ) ;
#3059 = DIRECTION ( 'NONE',  ( -1.000000000000000000, 0.000000000000000000, 0.000000000000000000 ) ) ;
#3060 = LINE ( 'NONE', #2167, #2301 ) ;
#3061 = EDGE_CURVE ( 'NONE', #1922, #1914, #2901, .T. ) ;
#3062 = ORIENTED_EDGE ( 'NONE', *, *, #33, .T. ) ;
#3063 = AXIS2_PLACEMENT_3D ( 'NONE', #2142, #200, #2691 ) ;
#3064 = ORIENTED_EDGE ( 'NONE', *, *, #3050, .F. ) ;
#3065 = AXIS2_PLACEMENT_3D ( 'NONE', #93, #3204, #2094 ) ;
#3066 = EDGE_CURVE ( 'NONE', #947, #3212, #114, .T. ) ;
#3067 = ORIENTED_EDGE ( 'NONE', *, *, #1610, .T. ) ;
#3068 = CARTESIAN_POINT ( 'NONE',  ( -4.485786437626938294, 3.425126265847060036, 10.00000000000000000 ) ) ;
#3069 = CARTESIAN_POINT ( 'NONE',  ( -3.099999999999814904, -9.099999999998905409, 10.00000000000000000 ) ) ;
#3070 = CIRCLE ( 'NONE', #1703, 0.2999999999999947153 ) ;
#3071 = CARTESIAN_POINT ( 'NONE',  ( -7.899999999999990585, 5.499999999999947597, -10.00000000000000000 ) ) ;
#3072 = EDGE_LOOP ( 'NONE', ( #2772, #2630, #1195, #2927 ) ) ;
#3073 = CARTESIAN_POINT ( 'NONE',  ( 8.499999999999966249, -3.399999999999991473, 10.00000000000000000 ) ) ;
#3074 = EDGE_CURVE ( 'NONE', #2585, #995, #1448, .T. ) ;
#3075 = AXIS2_PLACEMENT_3D ( 'NONE', #532, #1085, #3618 ) ;
#3076 = CIRCLE ( 'NONE', #2187, 0.2999999999999981570 ) ;
#3077 = ORIENTED_EDGE ( 'NONE', *, *, #3311, .F. ) ;
#3078 = DIRECTION ( 'NONE',  ( 0.000000000000000000, 0.000000000000000000, 1.000000000000000000 ) ) ;
#3079 = AXIS2_PLACEMENT_3D ( 'NONE', #1999, #68, #1191 ) ;
#3080 = VECTOR ( 'NONE', #3164, 1000.000000000000000 ) ;
#3081 = ORIENTED_EDGE ( 'NONE', *, *, #1450, .T. ) ;
#3082 = FACE_OUTER_BOUND ( 'NONE', #427, .T. ) ;
#3083 = VECTOR ( 'NONE', #1389, 1000.000000000000000 ) ;
#3084 = DIRECTION ( 'NONE',  ( -1.000000000000000000, 0.000000000000000000, 0.000000000000000000 ) ) ;
#3085 = VERTEX_POINT ( 'NONE', #2829 ) ;
#3086 = VERTEX_POINT ( 'NONE', #290 ) ;
#3087 = CARTESIAN_POINT ( 'NONE',  ( -8.199999999999985079, 5.199999999999942446, 10.00000000000000000 ) ) ;
#3088 = LINE ( 'NONE', #1123, #2833 ) ;
#3089 = EDGE_CURVE ( 'NONE', #394, #1374, #3403, .T. ) ;
#3090 = LINE ( 'NONE', #3071, #2072 ) ;
#3091 = VERTEX_POINT ( 'NONE', #2558 ) ;
#3092 = CARTESIAN_POINT ( 'NONE',  ( -5.199999999999816325, -7.899999999998902567, 10.00000000000000000 ) ) ;
#3093 = ORIENTED_EDGE ( 'NONE', *, *, #2920, .T. ) ;
#3094 = CARTESIAN_POINT ( 'NONE',  ( 8.199999999999958433, 5.200000000000008171, 10.00000000000000000 ) ) ;
#3095 = ADVANCED_FACE ( 'NONE', ( #344 ), #1151, .F. ) ;
#3096 = EDGE_CURVE ( 'NONE', #3626, #1733, #2279, .T. ) ;
#3097 = ORIENTED_EDGE ( 'NONE', *, *, #1285, .T. ) ;
#3098 = CYLINDRICAL_SURFACE ( 'NONE', #1816, 0.3000000000000042633 ) ;
#3099 = CARTESIAN_POINT ( 'NONE',  ( 7.899999999999963052, 5.500000000000006217, 10.00000000000000000 ) ) ;
#3100 = ORIENTED_EDGE ( 'NONE', *, *, #941, .T. ) ;
#3101 = EDGE_CURVE ( 'NONE', #3086, #1181, #2835, .T. ) ;
#3102 = DIRECTION ( 'NONE',  ( -0.000000000000000000, -0.000000000000000000, -1.000000000000000000 ) ) ;
#3103 = FACE_OUTER_BOUND ( 'NONE', #1356, .T. ) ;
#3104 = ORIENTED_EDGE ( 'NONE', *, *, #528, .T. ) ;
#3105 = CARTESIAN_POINT ( 'NONE',  ( -3.399999999999820055, -8.499999999998902211, -10.00000000000000000 ) ) ;
#3106 = DIRECTION ( 'NONE',  ( -1.000000000000000000, 0.000000000000000000, 0.000000000000000000 ) ) ;
#3107 = EDGE_CURVE ( 'NONE', #2299, #2294, #2574, .T. ) ;
#3108 = DIRECTION ( 'NONE',  ( 0.000000000000000000, 0.000000000000000000, 1.000000000000000000 ) ) ;
#3109 = LINE ( 'NONE', #550, #2477 ) ;
#3110 = ORIENTED_EDGE ( 'NONE', *, *, #3370, .T. ) ;
#3111 = CARTESIAN_POINT ( 'NONE',  ( -3.100000000000029843, 8.499999999999960920, 10.00000000000000000 ) ) ;
#3112 = ORIENTED_EDGE ( 'NONE', *, *, #2104, .F. ) ;
#3113 = LINE ( 'NONE', #1132, #1114 ) ;
#3114 = EDGE_LOOP ( 'NONE', ( #1513, #285, #1215, #1397 ) ) ;
#3115 = CARTESIAN_POINT ( 'NONE',  ( -3.899999999999972822, -2.010912703474044605, 10.00000000000000000 ) ) ;
#3116 = CARTESIAN_POINT ( 'NONE',  ( -3.399999999999820055, -8.499999999998902211, 10.00000000000000000 ) ) ;
#3117 = CARTESIAN_POINT ( 'NONE',  ( -3.399999999999805844, -9.399999999998907896, -10.00000000000000000 ) ) ;
#3118 = EDGE_LOOP ( 'NONE', ( #243, #2352, #729, #2027 ) ) ;
#3119 = ADVANCED_FACE ( 'NONE', ( #1984 ), #1166, .T. ) ;
#3120 = DIRECTION ( 'NONE',  ( -0.000000000000000000, -0.000000000000000000, -1.000000000000000000 ) ) ;
#3121 = EDGE_CURVE ( 'NONE', #2065, #1825, #2621, .T. ) ;
#3122 = CIRCLE ( 'NONE', #3548, 0.2999999999999981570 ) ;
#3123 = VERTEX_POINT ( 'NONE', #893 ) ;
#3124 = CARTESIAN_POINT ( 'NONE',  ( 4.000000000000142109, -9.999999999998525624, -10.00000000000000000 ) ) ;
#3125 = DIRECTION ( 'NONE',  ( -0.000000000000000000, -0.000000000000000000, -1.000000000000000000 ) ) ;
#3126 = CARTESIAN_POINT ( 'NONE',  ( -3.399999999999805844, -9.699999999998908606, 10.00000000000000000 ) ) ;
#3127 = CIRCLE ( 'NONE', #2955, 0.2999999999999894973 ) ;
#3128 = ORIENTED_EDGE ( 'NONE', *, *, #2220, .T. ) ;
#3129 = DIRECTION ( 'NONE',  ( -1.000000000000000000, 0.000000000000000000, 0.000000000000000000 ) ) ;
#3130 = EDGE_CURVE ( 'NONE', #2274, #1139, #347, .T. ) ;
#3131 = ORIENTED_EDGE ( 'NONE', *, *, #1201, .T. ) ;
#3132 = CARTESIAN_POINT ( 'NONE',  ( 3.400000000000153122, -9.699999999998521361, -10.00000000000000000 ) ) ;
#3133 = VECTOR ( 'NONE', #2453, 1000.000000000000000 ) ;
#3134 = CIRCLE ( 'NONE', #3075, 0.2999999999999964362 ) ;
#3135 = VERTEX_POINT ( 'NONE', #1214 ) ;
#3136 = FACE_OUTER_BOUND ( 'NONE', #786, .T. ) ;
#3137 = VECTOR ( 'NONE', #2101, 1000.000000000000000 ) ;
#3138 = DIRECTION ( 'NONE',  ( -1.000000000000000000, 0.000000000000000000, 0.000000000000000000 ) ) ;
#3139 = PRESENTATION_LAYER_ASSIGNMENT (  '', '', ( #3383 ) ) ;
#3140 = ORIENTED_EDGE ( 'NONE', *, *, #2864, .T. ) ;
#3141 = LINE ( 'NONE', #1723, #28 ) ;
#3142 = DIRECTION ( 'NONE',  ( 1.000000000000000000, 0.000000000000000000, 0.000000000000000000 ) ) ;
#3143 = AXIS2_PLACEMENT_3D ( 'NONE', #3161, #329, #56 ) ;
#3144 = DIRECTION ( 'NONE',  ( 0.000000000000000000, 1.000000000000000000, -0.000000000000000000 ) ) ;
#3145 = ADVANCED_FACE ( 'NONE', ( #3136 ), #3481, .T. ) ;
#3146 = VECTOR ( 'NONE', #1604, 1000.000000000000000 ) ;
#3147 = ADVANCED_FACE ( 'NONE', ( #1409 ), #2537, .F. ) ;
#3148 = ORIENTED_EDGE ( 'NONE', *, *, #1077, .T. ) ;
#3149 = CARTESIAN_POINT ( 'NONE',  ( -9.699999999999848299, -3.999999999999309885, 10.00000000000000000 ) ) ;
#3150 = DIRECTION ( 'NONE',  ( 0.000000000000000000, -1.000000000000000000, 0.000000000000000000 ) ) ;
#3151 = FACE_OUTER_BOUND ( 'NONE', #3209, .T. ) ;
#3152 = EDGE_LOOP ( 'NONE', ( #3062, #752, #1134, #1679 ) ) ;
#3153 = DIRECTION ( 'NONE',  ( -1.000000000000000000, 0.000000000000000000, 0.000000000000000000 ) ) ;
#3154 = ORIENTED_EDGE ( 'NONE', *, *, #2502, .F. ) ;
#3155 = DIRECTION ( 'NONE',  ( -1.000000000000000000, 0.000000000000000000, 0.000000000000000000 ) ) ;
#3156 = DIRECTION ( 'NONE',  ( -1.000000000000000000, 0.000000000000000000, 0.000000000000000000 ) ) ;
#3157 = LINE ( 'NONE', #2029, #874 ) ;
#3158 = ORIENTED_EDGE ( 'NONE', *, *, #2521, .F. ) ;
#3159 = DIRECTION ( 'NONE',  ( -1.000000000000000000, 0.000000000000000000, 0.000000000000000000 ) ) ;
#3160 = DIRECTION ( 'NONE',  ( -1.000000000000000000, 0.000000000000000000, 0.000000000000000000 ) ) ;
#3161 = CARTESIAN_POINT ( 'NONE',  ( 9.699999999999958433, -3.399999999998367883, -10.00000000000000000 ) ) ;
#3162 = ORIENTED_EDGE ( 'NONE', *, *, #452, .F. ) ;
#3163 = EDGE_CURVE ( 'NONE', #947, #3690, #2871, .T. ) ;
#3164 = DIRECTION ( 'NONE',  ( -0.000000000000000000, -0.000000000000000000, -1.000000000000000000 ) ) ;
#3165 = DIRECTION ( 'NONE',  ( -0.000000000000000000, -0.000000000000000000, -1.000000000000000000 ) ) ;
#3166 = PLANE ( 'NONE',  #503 ) ;
#3167 = ORIENTED_EDGE ( 'NONE', *, *, #150, .F. ) ;
#3168 = LINE ( 'NONE', #616, #3023 ) ;
#3169 = ORIENTED_EDGE ( 'NONE', *, *, #2762, .F. ) ;
#3170 = EDGE_CURVE ( 'NONE', #176, #1088, #582, .T. ) ;
#3171 = DIRECTION ( 'NONE',  ( 1.000000000000000000, 0.000000000000000000, 0.000000000000000000 ) ) ;
#3172 = ORIENTED_EDGE ( 'NONE', *, *, #819, .F. ) ;
#3173 = CARTESIAN_POINT ( 'NONE',  ( 3.399999999999972378, 8.199999999999979750, 10.00000000000000000 ) ) ;
#3174 = CARTESIAN_POINT ( 'NONE',  ( 9.099999999999969447, -3.399999999999991473, -10.00000000000000000 ) ) ;
#3175 = EDGE_CURVE ( 'NONE', #2492, #311, #1283, .T. ) ;
#3176 = ORIENTED_EDGE ( 'NONE', *, *, #2281, .T. ) ;
#3177 = CARTESIAN_POINT ( 'NONE',  ( -7.899999999999990585, 5.199999999999945999, -10.00000000000000000 ) ) ;
#3178 = CARTESIAN_POINT ( 'NONE',  ( -7.900000000000240163, -5.200000000000042810, 10.00000000000000000 ) ) ;
#3179 = ADVANCED_FACE ( 'NONE', ( #130 ), #2930, .F. ) ;
#3180 = ORIENTED_EDGE ( 'NONE', *, *, #1083, .T. ) ;
#3181 = CARTESIAN_POINT ( 'NONE',  ( -8.200000000000319034, -3.399999999999302691, -10.00000000000000000 ) ) ;
#3182 = DIRECTION ( 'NONE',  ( -0.000000000000000000, -0.000000000000000000, -1.000000000000000000 ) ) ;
#3183 = FACE_OUTER_BOUND ( 'NONE', #2635, .T. ) ;
#3184 = DIRECTION ( 'NONE',  ( 1.000000000000000000, 0.000000000000000000, 0.000000000000000000 ) ) ;
#3185 = CARTESIAN_POINT ( 'NONE',  ( -2.010912703474032615, 5.900000000000000355, -10.00000000000000000 ) ) ;
#3186 = CARTESIAN_POINT ( 'NONE',  ( -8.500000000000007105, -9.999999999999158007, 10.00000000000000000 ) ) ;
#3187 = ORIENTED_EDGE ( 'NONE', *, *, #516, .T. ) ;
#3188 = CARTESIAN_POINT ( 'NONE',  ( -4.000000000000031086, 9.999999999999941380, 10.00000000000000000 ) ) ;
#3189 = AXIS2_PLACEMENT_3D ( 'NONE', #1020, #1578, #3304 ) ;
#3190 = DIRECTION ( 'NONE',  ( 0.000000000000000000, -1.000000000000000000, 0.000000000000000000 ) ) ;
#3191 = ORIENTED_EDGE ( 'NONE', *, *, #3229, .T. ) ;
#3192 = CARTESIAN_POINT ( 'NONE',  ( -8.500000000000229150, -3.399999999999302691, -10.00000000000000000 ) ) ;
#3193 = AXIS2_PLACEMENT_3D ( 'NONE', #3185, #1502, #1769 ) ;
#3194 = VECTOR ( 'NONE', #17, 1000.000000000000000 ) ;
#3195 = AXIS2_PLACEMENT_3D ( 'NONE', #3375, #3355, #3051 ) ;
#3196 = ORIENTED_EDGE ( 'NONE', *, *, #3263, .F. ) ;
#3197 = CARTESIAN_POINT ( 'NONE',  ( -9.999999999999841904, -8.499999999999305444, -10.00000000000000000 ) ) ;
#3198 = PLANE ( 'NONE',  #1406 ) ;
#3199 = ORIENTED_EDGE ( 'NONE', *, *, #778, .F. ) ;
#3200 = AXIS2_PLACEMENT_3D ( 'NONE', #961, #100, #3171 ) ;
#3201 = AXIS2_PLACEMENT_3D ( 'NONE', #2979, #3277, #201 ) ;
#3202 = AXIS2_PLACEMENT_3D ( 'NONE', #1200, #2033, #1436 ) ;
#3203 = CARTESIAN_POINT ( 'NONE',  ( -8.200000000000319034, -3.399999999999302691, 10.00000000000000000 ) ) ;
#3204 = DIRECTION ( 'NONE',  ( 0.000000000000000000, 1.000000000000000000, 0.000000000000000000 ) ) ;
#3205 = CARTESIAN_POINT ( 'NONE',  ( -8.499999999999980460, 3.099999999999937916, 10.00000000000000000 ) ) ;
#3206 = DIRECTION ( 'NONE',  ( 0.000000000000000000, 0.000000000000000000, 1.000000000000000000 ) ) ;
#3207 = MANIFOLD_SOLID_BREP ( '凸台-拉伸1', #3689 ) ;
#3208 = CARTESIAN_POINT ( 'NONE',  ( -5.200000000000038369, 7.899999999999950617, 10.00000000000000000 ) ) ;
#3209 = EDGE_LOOP ( 'NONE', ( #3440, #2272, #3369, #1367 ) ) ;
#3210 = DIRECTION ( 'NONE',  ( -0.000000000000000000, -0.000000000000000000, -1.000000000000000000 ) ) ;
#3211 = EDGE_CURVE ( 'NONE', #1922, #1169, #432, .T. ) ;
#3212 = VERTEX_POINT ( 'NONE', #1867 ) ;
#3213 = FACE_OUTER_BOUND ( 'NONE', #2175, .T. ) ;
#3214 = EDGE_CURVE ( 'NONE', #1777, #1550, #2084, .T. ) ;
#3215 = VERTEX_POINT ( 'NONE', #2137 ) ;
#3216 = LINE ( 'NONE', #24, #1634 ) ;
#3217 = FACE_OUTER_BOUND ( 'NONE', #2530, .T. ) ;
#3218 = EDGE_LOOP ( 'NONE', ( #1427, #3021, #2035, #2995 ) ) ;
#3219 = DIRECTION ( 'NONE',  ( 0.000000000000000000, 0.000000000000000000, 1.000000000000000000 ) ) ;
#3220 = CARTESIAN_POINT ( 'NONE',  ( 8.500000000000174083, -8.499999999998523847, -10.00000000000000000 ) ) ;
#3221 = ADVANCED_FACE ( 'NONE', ( #3213 ), #417, .T. ) ;
#3222 = DIRECTION ( 'NONE',  ( 0.000000000000000000, 0.000000000000000000, 1.000000000000000000 ) ) ;
#3223 = DIRECTION ( 'NONE',  ( -0.000000000000000000, -0.000000000000000000, -1.000000000000000000 ) ) ;
#3224 = DIRECTION ( 'NONE',  ( -0.000000000000000000, -0.000000000000000000, -1.000000000000000000 ) ) ;
#3225 = LINE ( 'NONE', #152, #1880 ) ;
#3226 = ORIENTED_EDGE ( 'NONE', *, *, #2356, .F. ) ;
#3227 = LINE ( 'NONE', #1536, #3450 ) ;
#3228 = ORIENTED_EDGE ( 'NONE', *, *, #1450, .F. ) ;
#3229 = EDGE_CURVE ( 'NONE', #3690, #2688, #1364, .T. ) ;
#3230 = DIRECTION ( 'NONE',  ( -0.000000000000000000, -0.000000000000000000, -1.000000000000000000 ) ) ;
#3231 = CARTESIAN_POINT ( 'NONE',  ( -10.00000000000003730, 3.999999999999928946, -10.00000000000000000 ) ) ;
#3232 = ORIENTED_EDGE ( 'NONE', *, *, #3074, .F. ) ;
#3233 = CARTESIAN_POINT ( 'NONE',  ( 3.100000000000144418, -9.099999999998523492, 10.00000000000000000 ) ) ;
#3234 = ORIENTED_EDGE ( 'NONE', *, *, #2447, .T. ) ;
#3235 = DIRECTION ( 'NONE',  ( 1.000000000000000000, 0.000000000000000000, 0.000000000000000000 ) ) ;
#3236 = EDGE_CURVE ( 'NONE', #1042, #608, #722, .T. ) ;
#3237 = VERTEX_POINT ( 'NONE', #2672 ) ;
#3238 = FACE_OUTER_BOUND ( 'NONE', #2622, .T. ) ;
#3239 = EDGE_CURVE ( 'NONE', #1557, #2753, #1507, .T. ) ;
#3240 = DIRECTION ( 'NONE',  ( -0.000000000000000000, -0.000000000000000000, -1.000000000000000000 ) ) ;
#3241 = CARTESIAN_POINT ( 'NONE',  ( -5.200000000000038369, 7.899999999999950617, -10.00000000000000000 ) ) ;
#3242 = DIRECTION ( 'NONE',  ( -0.000000000000000000, -0.000000000000000000, -1.000000000000000000 ) ) ;
#3243 = ORIENTED_EDGE ( 'NONE', *, *, #1930, .T. ) ;
#3244 = LINE ( 'NONE', #1824, #1958 ) ;
#3245 = ORIENTED_EDGE ( 'NONE', *, *, #33, .F. ) ;
#3246 = DIRECTION ( 'NONE',  ( 0.000000000000000000, -1.000000000000000000, 0.000000000000000000 ) ) ;
#3247 = DIRECTION ( 'NONE',  ( -1.000000000000000000, 0.000000000000000000, 0.000000000000000000 ) ) ;
#3248 = VECTOR ( 'NONE', #1526, 1000.000000000000000 ) ;
#3249 = EDGE_CURVE ( 'NONE', #3391, #1374, #1268, .T. ) ;
#3250 = ORIENTED_EDGE ( 'NONE', *, *, #1083, .F. ) ;
#3251 = DIRECTION ( 'NONE',  ( 1.000000000000000000, -0.000000000000000000, -0.000000000000000000 ) ) ;
#3252 = LINE ( 'NONE', #610, #2248 ) ;
#3253 = AXIS2_PLACEMENT_3D ( 'NONE', #636, #1238, #2078 ) ;
#3254 = ORIENTED_EDGE ( 'NONE', *, *, #1459, .F. ) ;
#3255 = AXIS2_PLACEMENT_3D ( 'NONE', #1819, #3223, #1532 ) ;
#3256 = CARTESIAN_POINT ( 'NONE',  ( 9.999999999999968026, 8.499999999999989342, 10.00000000000000000 ) ) ;
#3257 = DIRECTION ( 'NONE',  ( 0.000000000000000000, 0.000000000000000000, 1.000000000000000000 ) ) ;
#3258 = AXIS2_PLACEMENT_3D ( 'NONE', #2412, #1159, #687 ) ;
#3259 = CIRCLE ( 'NONE', #1417, 0.3000000000000085931 ) ;
#3260 = AXIS2_PLACEMENT_3D ( 'NONE', #3105, #1383, #858 ) ;
#3261 = AXIS2_PLACEMENT_3D ( 'NONE', #1143, #1672, #1992 ) ;
#3262 = EDGE_CURVE ( 'NONE', #2911, #3270, #1016, .T. ) ;
#3263 = EDGE_CURVE ( 'NONE', #3035, #843, #1653, .T. ) ;
#3264 = AXIS2_PLACEMENT_3D ( 'NONE', #3274, #2740, #2446 ) ;
#3265 = CARTESIAN_POINT ( 'NONE',  ( -3.100000000000029843, 8.499999999999960920, 10.00000000000000000 ) ) ;
#3266 = ORIENTED_EDGE ( 'NONE', *, *, #1932, .T. ) ;
#3267 = DIRECTION ( 'NONE',  ( -0.000000000000000000, -0.000000000000000000, -1.000000000000000000 ) ) ;
#3268 = AXIS2_PLACEMENT_3D ( 'NONE', #395, #734, #1543 ) ;
#3269 = AXIS2_PLACEMENT_3D ( 'NONE', #936, #1480, #355 ) ;
#3270 = VERTEX_POINT ( 'NONE', #85 ) ;
#3271 = DIRECTION ( 'NONE',  ( -1.000000000000000000, 0.000000000000000000, 0.000000000000000000 ) ) ;
#3272 = DIRECTION ( 'NONE',  ( 1.000000000000000000, 0.000000000000000000, 0.000000000000000000 ) ) ;
#3273 = VERTEX_POINT ( 'NONE', #1334 ) ;
#3274 = CARTESIAN_POINT ( 'NONE',  ( 7.899999999999963052, -5.199999999999993072, 10.00000000000000000 ) ) ;
#3275 = ORIENTED_EDGE ( 'NONE', *, *, #2731, .F. ) ;
#3276 = CARTESIAN_POINT ( 'NONE',  ( 8.499999999999966249, -3.399999999999991473, 10.00000000000000000 ) ) ;
#3277 = DIRECTION ( 'NONE',  ( -0.000000000000000000, -0.000000000000000000, -1.000000000000000000 ) ) ;
#3278 = CARTESIAN_POINT ( 'NONE',  ( -3.099999999999811351, -8.499999999998898659, 10.00000000000000000 ) ) ;
#3279 = ADVANCED_FACE ( 'NONE', ( #3300 ), #2460, .F. ) ;
#3280 = ORIENTED_EDGE ( 'NONE', *, *, #1864, .F. ) ;
#3281 = ORIENTED_EDGE ( 'NONE', *, *, #1780, .F. ) ;
#3282 = FACE_OUTER_BOUND ( 'NONE', #2023, .T. ) ;
#3283 = CARTESIAN_POINT ( 'NONE',  ( 9.699999999999958433, 3.400000000000005240, 10.00000000000000000 ) ) ;
#3284 = ORIENTED_EDGE ( 'NONE', *, *, #1366, .T. ) ;
#3285 = FILL_AREA_STYLE ('',( #3572 ) ) ;
#3286 = ADVANCED_FACE ( 'NONE', ( #2752 ), #212, .T. ) ;
#3287 = CARTESIAN_POINT ( 'NONE',  ( -5.499999999999810818, -7.899999999998902567, 10.00000000000000000 ) ) ;
#3288 = VERTEX_POINT ( 'NONE', #195 ) ;
#3289 = DIRECTION ( 'NONE',  ( -1.000000000000000000, 0.000000000000000000, 0.000000000000000000 ) ) ;
#3290 = CYLINDRICAL_SURFACE ( 'NONE', #3201, 0.2999999999999973244 ) ;
#3291 = CARTESIAN_POINT ( 'NONE',  ( 6.472792206135768112, 5.412132034355972898, -10.00000000000000000 ) ) ;
#3292 = EDGE_CURVE ( 'NONE', #838, #1882, #2480, .T. ) ;
#3293 = CARTESIAN_POINT ( 'NONE',  ( 5.412132034355931154, 6.472792206135788540, 10.00000000000000000 ) ) ;
#3294 = ORIENTED_EDGE ( 'NONE', *, *, #872, .T. ) ;
#3295 = PRODUCT_CONTEXT ( 'NONE', #2790, 'mechanical' ) ;
#3296 = EDGE_LOOP ( 'NONE', ( #3629, #3199, #569, #1075 ) ) ;
#3297 = CARTESIAN_POINT ( 'NONE',  ( 3.400000000000153122, -9.699999999998521361, 10.00000000000000000 ) ) ;
#3298 = EDGE_CURVE ( 'NONE', #471, #1042, #2489, .T. ) ;
#3299 = DIRECTION ( 'NONE',  ( -0.000000000000000000, -0.000000000000000000, -1.000000000000000000 ) ) ;
#3300 = FACE_OUTER_BOUND ( 'NONE', #2645, .T. ) ;
#3301 = VERTEX_POINT ( 'NONE', #1621 ) ;
#3302 = CARTESIAN_POINT ( 'NONE',  ( -9.699999999999848299, -3.999999999999309885, -10.00000000000000000 ) ) ;
#3303 = ORIENTED_EDGE ( 'NONE', *, *, #2435, .F. ) ;
#3304 = DIRECTION ( 'NONE',  ( 0.000000000000000000, 0.000000000000000000, 1.000000000000000000 ) ) ;
#3305 = CIRCLE ( 'NONE', #1168, 0.3000000000000059841 ) ;
#3306 = CARTESIAN_POINT ( 'NONE',  ( -3.999999999999809042, -9.999999999999166889, 10.00000000000000000 ) ) ;
#3307 = LINE ( 'NONE', #1911, #2654 ) ;
#3308 = VECTOR ( 'NONE', #253, 1000.000000000000000 ) ;
#3309 = VECTOR ( 'NONE', #690, 999.9999999999998863 ) ;
#3310 = CARTESIAN_POINT ( 'NONE',  ( -7.899999999999990585, 5.499999999999944045, 10.00000000000000000 ) ) ;
#3311 = EDGE_CURVE ( 'NONE', #604, #2813, #2773, .T. ) ;
#3312 = VECTOR ( 'NONE', #864, 1000.000000000000000 ) ;
#3313 = VECTOR ( 'NONE', #2458, 1000.000000000000000 ) ;
#3314 = ORIENTED_EDGE ( 'NONE', *, *, #2126, .F. ) ;
#3315 = FILL_AREA_STYLE ('',( #488 ) ) ;
#3316 = ORIENTED_EDGE ( 'NONE', *, *, #128, .T. ) ;
#3317 = CARTESIAN_POINT ( 'NONE',  ( -3.099999999999811351, -8.499999999998898659, -10.00000000000000000 ) ) ;
#3318 = AXIS2_PLACEMENT_3D ( 'NONE', #2801, #2524, #1120 ) ;
#3319 = CIRCLE ( 'NONE', #3200, 0.2999999999999964362 ) ;
#3320 = DIRECTION ( 'NONE',  ( -0.000000000000000000, -0.000000000000000000, -1.000000000000000000 ) ) ;
#3321 = AXIS2_PLACEMENT_3D ( 'NONE', #20, #1778, #2914 ) ;
#3322 = ORIENTED_EDGE ( 'NONE', *, *, #452, .T. ) ;
#3323 = DIRECTION ( 'NONE',  ( -0.000000000000000000, -0.000000000000000000, -1.000000000000000000 ) ) ;
#3324 = VECTOR ( 'NONE', #3150, 1000.000000000000000 ) ;
#3325 = ORIENTED_EDGE ( 'NONE', *, *, #151, .F. ) ;
#3326 = EDGE_CURVE ( 'NONE', #2278, #2885, #713, .T. ) ;
#3327 = DIRECTION ( 'NONE',  ( 0.000000000000000000, 0.000000000000000000, 1.000000000000000000 ) ) ;
#3328 = ORIENTED_EDGE ( 'NONE', *, *, #3459, .F. ) ;
#3329 = FACE_OUTER_BOUND ( 'NONE', #2932, .T. ) ;
#3330 = FACE_OUTER_BOUND ( 'NONE', #3114, .T. ) ;
#3331 = ADVANCED_FACE ( 'NONE', ( #2202 ), #1031, .F. ) ;
#3332 = DIRECTION ( 'NONE',  ( 1.000000000000000000, 0.000000000000000000, 0.000000000000000000 ) ) ;
#3333 = ORIENTED_EDGE ( 'NONE', *, *, #297, .F. ) ;
#3334 = EDGE_CURVE ( 'NONE', #399, #3123, #747, .T. ) ;
#3335 = ORIENTED_EDGE ( 'NONE', *, *, #2335, .T. ) ;
#3336 = EDGE_CURVE ( 'NONE', #1943, #3123, #519, .T. ) ;
#3337 = ORIENTED_EDGE ( 'NONE', *, *, #146, .T. ) ;
#3338 = DIRECTION ( 'NONE',  ( 1.000000000000000000, 0.000000000000000000, 0.000000000000000000 ) ) ;
#3339 = DIRECTION ( 'NONE',  ( 0.000000000000000000, 0.000000000000000000, 1.000000000000000000 ) ) ;
#3340 = CYLINDRICAL_SURFACE ( 'NONE', #1243, 0.3000000000000042633 ) ;
#3341 = ORIENTED_EDGE ( 'NONE', *, *, #3050, .T. ) ;
#3342 = DIRECTION ( 'NONE',  ( -0.000000000000000000, -0.000000000000000000, -1.000000000000000000 ) ) ;
#3343 = ADVANCED_FACE ( 'NONE', ( #479 ), #3053, .F. ) ;
#3344 = ORIENTED_EDGE ( 'NONE', *, *, #3417, .T. ) ;
#3345 = DIRECTION ( 'NONE',  ( -0.000000000000000000, -1.000000000000000000, -0.000000000000000000 ) ) ;
#3346 = EDGE_LOOP ( 'NONE', ( #2157, #2742, #1429, #717, #2431, #2418, #1445, #1306, #3363, #2257, #3659, #991, #1913, #1317, #3494, #3545, #585, #3602, #1163, #1047, #2808, #3681, #953, #3344, #2289, #684, #1753, #3284, #337, #1722, #106, #416, #256, #1456, #1227, #3356, #3531, #3473, #271, #67, #600, #2849, #3446, #480, #3422, #1662, #1506, #2321, #268, #1784, #1041, #2919, #2472, #2748, #3520, #2014, #1941, #2246, #812, #3595, #3549, #2170, #3397, #2448, #1084, #3104, #2456, #2389, #2316, #1025, #1091, #544, #1372, #1270, #2894, #2201, #380, #183, #3140, #1485, #2286, #1689, #1147, #499, #2543, #649, #1106, #462, #1491, #1814, #3335, #3128, #1240, #294, #343, #3093, #1158, #1019, #2508, #431, #2444, #2070, #2776, #1245 ) ) ;
#3347 = CARTESIAN_POINT ( 'NONE',  ( -8.199999999999985079, 5.199999999999942446, 10.00000000000000000 ) ) ;
#3348 = DIRECTION ( 'NONE',  ( 0.000000000000000000, 0.000000000000000000, 1.000000000000000000 ) ) ;
#3349 = ORIENTED_EDGE ( 'NONE', *, *, #2086, .T. ) ;
#3350 = DIRECTION ( 'NONE',  ( 0.000000000000000000, 0.000000000000000000, 1.000000000000000000 ) ) ;
#3351 = ORIENTED_EDGE ( 'NONE', *, *, #3121, .T. ) ;
#3352 = ORIENTED_EDGE ( 'NONE', *, *, #524, .F. ) ;
#3353 = FACE_OUTER_BOUND ( 'NONE', #3218, .T. ) ;
#3354 = CARTESIAN_POINT ( 'NONE',  ( 8.499999999999966249, -3.099999999999993427, 10.00000000000000000 ) ) ;
#3355 = DIRECTION ( 'NONE',  ( -0.000000000000000000, -0.000000000000000000, -1.000000000000000000 ) ) ;
#3356 = ORIENTED_EDGE ( 'NONE', *, *, #126, .T. ) ;
#3357 = DIRECTION ( 'NONE',  ( -0.000000000000000000, -0.000000000000000000, -1.000000000000000000 ) ) ;
#3358 = ORIENTED_EDGE ( 'NONE', *, *, #3170, .T. ) ;
#3359 = LINE ( 'NONE', #3094, #3670 ) ;
#3360 = ORIENTED_EDGE ( 'NONE', *, *, #2243, .F. ) ;
#3361 = CARTESIAN_POINT ( 'NONE',  ( 5.500000000000102141, -7.899999999998525979, -10.00000000000000000 ) ) ;
#3362 = CARTESIAN_POINT ( 'NONE',  ( 2.010912703474268426, -5.899999999998689404, -10.00000000000000000 ) ) ;
#3363 = ORIENTED_EDGE ( 'NONE', *, *, #1706, .T. ) ;
#3364 = AXIS2_PLACEMENT_3D ( 'NONE', #2933, #1511, #2322 ) ;
#3365 = ADVANCED_FACE ( 'NONE', ( #231 ), #1373, .F. ) ;
#3366 = CIRCLE ( 'NONE', #817, 0.3000000000000059841 ) ;
#3367 = EDGE_CURVE ( 'NONE', #215, #3581, #792, .T. ) ;
#3368 = AXIS2_PLACEMENT_3D ( 'NONE', #3241, #1484, #1236 ) ;
#3369 = ORIENTED_EDGE ( 'NONE', *, *, #1207, .F. ) ;
#3370 = EDGE_CURVE ( 'NONE', #1635, #773, #2500, .T. ) ;
#3371 = CARTESIAN_POINT ( 'NONE',  ( 6.472792206135767223, -5.412132034355957799, -10.00000000000000000 ) ) ;
#3372 = CARTESIAN_POINT ( 'NONE',  ( 7.899999999999963052, -5.499999999999990230, 10.00000000000000000 ) ) ;
#3373 = AXIS2_PLACEMENT_3D ( 'NONE', #1643, #3382, #1944 ) ;
#3374 = VECTOR ( 'NONE', #77, 1000.000000000000000 ) ;
#3375 = CARTESIAN_POINT ( 'NONE',  ( -4.000000000000031086, 9.699999999999953104, 10.00000000000000000 ) ) ;
#3376 = PLANE ( 'NONE',  #2414 ) ;
#3377 = EDGE_LOOP ( 'NONE', ( #1570, #3232, #546, #2261 ) ) ;
#3378 = CARTESIAN_POINT ( 'NONE',  ( 6.684924240491732839, 5.200000000000008171, -10.00000000000000000 ) ) ;
#3379 = AXIS2_PLACEMENT_3D ( 'NONE', #270, #1433, #3084 ) ;
#3380 = CIRCLE ( 'NONE', #1246, 0.2999999999999981570 ) ;
#3381 = ORIENTED_EDGE ( 'NONE', *, *, #2509, .F. ) ;
#3382 = DIRECTION ( 'NONE',  ( -0.000000000000000000, -0.000000000000000000, -1.000000000000000000 ) ) ;
#3383 = STYLED_ITEM ( 'NONE', ( #2390 ), #3207 ) ;
#3384 = CIRCLE ( 'NONE', #1188, 0.2999999999999999334 ) ;
#3385 = ORIENTED_EDGE ( 'NONE', *, *, #677, .F. ) ;
#3386 = CARTESIAN_POINT ( 'NONE',  ( 5.412132034356059940, -6.472792206134560189, 10.00000000000000000 ) ) ;
#3387 = EDGE_CURVE ( 'NONE', #836, #3391, #181, .T. ) ;
#3388 = VECTOR ( 'NONE', #2689, 1000.000000000000000 ) ;
#3389 = AXIS2_PLACEMENT_3D ( 'NONE', #3149, #1006, #2958 ) ;
#3390 = DIRECTION ( 'NONE',  ( 0.000000000000000000, -1.000000000000000000, 0.000000000000000000 ) ) ;
#3391 = VERTEX_POINT ( 'NONE', #2515 ) ;
#3392 = ORIENTED_EDGE ( 'NONE', *, *, #2706, .F. ) ;
#3393 = LINE ( 'NONE', #787, #824 ) ;
#3394 = CARTESIAN_POINT ( 'NONE',  ( 5.200000000000093436, -6.684924240490526692, 10.00000000000000000 ) ) ;
#3395 = CARTESIAN_POINT ( 'NONE',  ( -10.00000000000003375, 8.499999999999912959, 10.00000000000000000 ) ) ;
#3396 = DIRECTION ( 'NONE',  ( 0.000000000000000000, -0.000000000000000000, -1.000000000000000000 ) ) ;
#3397 = ORIENTED_EDGE ( 'NONE', *, *, #2403, .T. ) ;
#3398 = LINE ( 'NONE', #3675, #3622 ) ;
#3399 = ORIENTED_EDGE ( 'NONE', *, *, #3334, .T. ) ;
#3400 = LINE ( 'NONE', #1966, #278 ) ;
#3401 = EDGE_CURVE ( 'NONE', #2753, #189, #652, .T. ) ;
#3402 = ORIENTED_EDGE ( 'NONE', *, *, #2940, .T. ) ;
#3403 = LINE ( 'NONE', #1720, #2368 ) ;
#3404 = CYLINDRICAL_SURFACE ( 'NONE', #2650, 0.2999999999999947153 ) ;
#3405 = CARTESIAN_POINT ( 'NONE',  ( -4.485786437626938294, 3.425126265847060036, -10.00000000000000000 ) ) ;
#3406 = ORIENTED_EDGE ( 'NONE', *, *, #1900, .F. ) ;
#3407 = PLANE ( 'NONE',  #3202 ) ;
#3408 = ADVANCED_FACE ( 'NONE', ( #834 ), #3000, .F. ) ;
#3409 = EDGE_LOOP ( 'NONE', ( #1052, #1161, #2265, #3316 ) ) ;
#3410 = DIRECTION ( 'NONE',  ( -0.000000000000000000, -1.000000000000000000, -0.000000000000000000 ) ) ;
#3411 = CARTESIAN_POINT ( 'NONE',  ( 9.399999999999950617, -3.399999999999991473, 10.00000000000000000 ) ) ;
#3412 = FACE_OUTER_BOUND ( 'NONE', #2494, .T. ) ;
#3413 = ORIENTED_EDGE ( 'NONE', *, *, #3459, .T. ) ;
#3414 = CYLINDRICAL_SURFACE ( 'NONE', #1252, 0.2999999999999981570 ) ;
#3415 = ORIENTED_EDGE ( 'NONE', *, *, #2785, .T. ) ;
#3416 = DIRECTION ( 'NONE',  ( -0.000000000000000000, -0.000000000000000000, -1.000000000000000000 ) ) ;
#3417 = EDGE_CURVE ( 'NONE', #1812, #3567, #3435, .T. ) ;
#3418 = VERTEX_POINT ( 'NONE', #3111 ) ;
#3419 = DIRECTION ( 'NONE',  ( -0.000000000000000000, -0.000000000000000000, -1.000000000000000000 ) ) ;
#3420 = DIRECTION ( 'NONE',  ( -0.000000000000000000, -0.000000000000000000, -1.000000000000000000 ) ) ;
#3421 = EDGE_CURVE ( 'NONE', #1904, #3470, #282, .T. ) ;
#3422 = ORIENTED_EDGE ( 'NONE', *, *, #1476, .T. ) ;
#3423 = DIRECTION ( 'NONE',  ( 0.000000000000000000, -1.000000000000000000, 0.000000000000000000 ) ) ;
#3424 = LINE ( 'NONE', #272, #288 ) ;
#3425 = AXIS2_PLACEMENT_3D ( 'NONE', #328, #915, #25 ) ;
#3426 = AXIS2_PLACEMENT_3D ( 'NONE', #3589, #2992, #725 ) ;
#3427 = ORIENTED_EDGE ( 'NONE', *, *, #1567, .F. ) ;
#3428 = ADVANCED_FACE ( 'NONE', ( #884 ), #601, .T. ) ;
#3429 = CARTESIAN_POINT ( 'NONE',  ( -4.000000000000031086, 9.999999999999941380, 10.00000000000000000 ) ) ;
#3430 = CARTESIAN_POINT ( 'NONE',  ( -4.000000000000031086, 9.999999999999941380, -10.00000000000000000 ) ) ;
#3431 = CYLINDRICAL_SURFACE ( 'NONE', #3442, 1.999999999999809264 ) ;
#3432 = DIRECTION ( 'NONE',  ( 1.000000000000000000, 0.000000000000000000, 0.000000000000000000 ) ) ;
#3433 = AXIS2_PLACEMENT_3D ( 'NONE', #1235, #956, #369 ) ;
#3434 = ORIENTED_EDGE ( 'NONE', *, *, #732, .F. ) ;
#3435 = LINE ( 'NONE', #1995, #117 ) ;
#3436 = ORIENTED_EDGE ( 'NONE', *, *, #375, .F. ) ;
#3437 = DIRECTION ( 'NONE',  ( -0.000000000000000000, -0.000000000000000000, -1.000000000000000000 ) ) ;
#3438 = AXIS2_PLACEMENT_3D ( 'NONE', #2681, #1501, #3184 ) ;
#3439 = AXIS2_PLACEMENT_3D ( 'NONE', #469, #3350, #3688 ) ;
#3440 = ORIENTED_EDGE ( 'NONE', *, *, #3262, .T. ) ;
#3441 = DIRECTION ( 'NONE',  ( -1.000000000000000000, 0.000000000000000000, 0.000000000000000000 ) ) ;
#3442 = AXIS2_PLACEMENT_3D ( 'NONE', #2880, #3165, #61 ) ;
#3443 = DIRECTION ( 'NONE',  ( -1.000000000000000000, 0.000000000000000000, 0.000000000000000000 ) ) ;
#3444 = ADVANCED_FACE ( 'NONE', ( #1732 ), #1146, .F. ) ;
#3445 = VECTOR ( 'NONE', #260, 1000.000000000000000 ) ;
#3446 = ORIENTED_EDGE ( 'NONE', *, *, #3066, .T. ) ;
#3447 = CARTESIAN_POINT ( 'NONE',  ( 9.700000000000180478, -3.699999999998376587, -10.00000000000000000 ) ) ;
#3448 = EDGE_CURVE ( 'NONE', #3123, #2758, #175, .T. ) ;
#3449 = CARTESIAN_POINT ( 'NONE',  ( 5.499999999999963585, 6.684924240491755043, 10.00000000000000000 ) ) ;
#3450 = VECTOR ( 'NONE', #3492, 1000.000000000000000 ) ;
#3451 = AXIS2_PLACEMENT_3D ( 'NONE', #1531, #8, #855 ) ;
#3452 = PLANE ( 'NONE',  #2666 ) ;
#3453 = VECTOR ( 'NONE', #1569, 1000.000000000000000 ) ;
#3454 = EDGE_CURVE ( 'NONE', #2141, #196, #3477, .T. ) ;
#3455 = FACE_OUTER_BOUND ( 'NONE', #2120, .T. ) ;
#3456 = ORIENTED_EDGE ( 'NONE', *, *, #1549, .F. ) ;
#3457 = PLANE ( 'NONE',  #3009 ) ;
#3458 = DIRECTION ( 'NONE',  ( -0.000000000000000000, -0.000000000000000000, -1.000000000000000000 ) ) ;
#3459 = EDGE_CURVE ( 'NONE', #1717, #1943, #2866, .T. ) ;
#3460 = ORIENTED_EDGE ( 'NONE', *, *, #3163, .F. ) ;
#3461 = DIRECTION ( 'NONE',  ( -0.000000000000000000, -0.000000000000000000, -1.000000000000000000 ) ) ;
#3462 = ORIENTED_EDGE ( 'NONE', *, *, #3525, .F. ) ;
#3463 = DIRECTION ( 'NONE',  ( -0.000000000000000000, -0.000000000000000000, -1.000000000000000000 ) ) ;
#3464 = CARTESIAN_POINT ( 'NONE',  ( 6.472792206135767223, -5.412132034355957799, 10.00000000000000000 ) ) ;
#3465 = ADVANCED_FACE ( 'NONE', ( #2586 ), #37, .F. ) ;
#3466 = ORIENTED_EDGE ( 'NONE', *, *, #3239, .F. ) ;
#3467 = DIRECTION ( 'NONE',  ( 0.000000000000000000, 0.000000000000000000, -1.000000000000000000 ) ) ;
#3468 = CARTESIAN_POINT ( 'NONE',  ( 8.499999999999966249, 3.400000000000005240, 10.00000000000000000 ) ) ;
#3469 = CARTESIAN_POINT ( 'NONE',  ( -9.699999999999986855, 3.699999999999882050, 10.00000000000000000 ) ) ;
#3470 = VERTEX_POINT ( 'NONE', #1182 ) ;
#3471 = DIRECTION ( 'NONE',  ( -0.000000000000000000, -0.000000000000000000, -1.000000000000000000 ) ) ;
#3472 = CARTESIAN_POINT ( 'NONE',  ( -6.684924240491774583, 5.499999999999947597, 10.00000000000000000 ) ) ;
#3473 = ORIENTED_EDGE ( 'NONE', *, *, #2509, .T. ) ;
#3474 = DIRECTION ( 'NONE',  ( -1.000000000000000000, 0.000000000000000000, 0.000000000000000000 ) ) ;
#3475 = DIRECTION ( 'NONE',  ( -0.000000000000000000, -0.000000000000000000, -1.000000000000000000 ) ) ;
#3476 = CARTESIAN_POINT ( 'NONE',  ( -5.412132034355778387, -6.472792206134666770, 10.00000000000000000 ) ) ;
#3477 = LINE ( 'NONE', #2848, #2726 ) ;
#3478 = ORIENTED_EDGE ( 'NONE', *, *, #18, .F. ) ;
#3479 = CARTESIAN_POINT ( 'NONE',  ( 8.499999999999966249, 8.500000000000001776, 10.00000000000000000 ) ) ;
#3480 = EDGE_LOOP ( 'NONE', ( #496, #2420, #2610, #535 ) ) ;
#3481 = CYLINDRICAL_SURFACE ( 'NONE', #3321, 0.3000000000000051514 ) ;
#3482 = EDGE_LOOP ( 'NONE', ( #2516, #464, #2518, #793 ) ) ;
#3483 = DIRECTION ( 'NONE',  ( 0.000000000000000000, -0.000000000000000000, -1.000000000000000000 ) ) ;
#3484 = DIRECTION ( 'NONE',  ( 0.000000000000000000, 0.000000000000000000, 1.000000000000000000 ) ) ;
#3485 = ORIENTED_EDGE ( 'NONE', *, *, #3249, .T. ) ;
#3486 = EDGE_CURVE ( 'NONE', #1129, #1131, #2082, .T. ) ;
#3487 = CARTESIAN_POINT ( 'NONE',  ( -8.500000000000007105, -8.499999999999316103, 10.00000000000000000 ) ) ;
#3488 = CARTESIAN_POINT ( 'NONE',  ( 8.499999999999966249, 8.500000000000001776, -10.00000000000000000 ) ) ;
#3489 = PRODUCT_RELATED_PRODUCT_CATEGORY ( 'part', '', ( #972 ) ) ;
#3490 = DIRECTION ( 'NONE',  ( -1.000000000000000000, 0.000000000000000000, 0.000000000000000000 ) ) ;
#3491 = LINE ( 'NONE', #3528, #2890 ) ;
#3492 = DIRECTION ( 'NONE',  ( -0.000000000000000000, -0.000000000000000000, -1.000000000000000000 ) ) ;
#3493 = EDGE_CURVE ( 'NONE', #653, #3605, #3398, .T. ) ;
#3494 = ORIENTED_EDGE ( 'NONE', *, *, #1355, .T. ) ;
#3495 = VECTOR ( 'NONE', #1094, 1000.000000000000000 ) ;
#3496 = ORIENTED_EDGE ( 'NONE', *, *, #1612, .F. ) ;
#3497 = AXIS2_PLACEMENT_3D ( 'NONE', #1276, #2096, #2909 ) ;
#3498 = AXIS2_PLACEMENT_3D ( 'NONE', #3603, #2754, #1074 ) ;
#3499 = AXIS2_PLACEMENT_3D ( 'NONE', #1730, #1500, #2907 ) ;
#3500 = ORIENTED_EDGE ( 'NONE', *, *, #2502, .T. ) ;
#3501 = DIRECTION ( 'NONE',  ( -0.000000000000000000, -0.000000000000000000, -1.000000000000000000 ) ) ;
#3502 = EDGE_CURVE ( 'NONE', #775, #608, #1130, .T. ) ;
#3503 = DIRECTION ( 'NONE',  ( 0.000000000000000000, 0.000000000000000000, 1.000000000000000000 ) ) ;
#3504 = VERTEX_POINT ( 'NONE', #906 ) ;
#3505 = VECTOR ( 'NONE', #2228, 1000.000000000000000 ) ;
#3506 = AXIS2_PLACEMENT_3D ( 'NONE', #1489, #2044, #3155 ) ;
#3507 = DIRECTION ( 'NONE',  ( 1.000000000000000000, 0.000000000000000000, 0.000000000000000000 ) ) ;
#3508 = VECTOR ( 'NONE', #44, 1000.000000000000000 ) ;
#3509 = VECTOR ( 'NONE', #593, 1000.000000000000000 ) ;
#3510 = EDGE_CURVE ( 'NONE', #3212, #2950, #3696, .T. ) ;
#3511 = LINE ( 'NONE', #2092, #2970 ) ;
#3512 = VECTOR ( 'NONE', #2617, 1000.000000000000000 ) ;
#3513 = PLANE ( 'NONE',  #3065 ) ;
#3514 = DIRECTION ( 'NONE',  ( -1.000000000000000000, 0.000000000000000000, 0.000000000000000000 ) ) ;
#3515 = DIRECTION ( 'NONE',  ( -0.000000000000000000, -0.000000000000000000, -1.000000000000000000 ) ) ;
#3516 = ORIENTED_EDGE ( 'NONE', *, *, #1232, .T. ) ;
#3517 = PLANE ( 'NONE',  #2615 ) ;
#3518 = VERTEX_POINT ( 'NONE', #2042 ) ;
#3519 = CARTESIAN_POINT ( 'NONE',  ( 8.199999999999961986, -3.399999999999991473, -10.00000000000000000 ) ) ;
#3520 = ORIENTED_EDGE ( 'NONE', *, *, #1900, .T. ) ;
#3521 = ADVANCED_FACE ( 'NONE', ( #1444 ), #3414, .T. ) ;
#3522 = ORIENTED_EDGE ( 'NONE', *, *, #2327, .F. ) ;
#3523 = DIRECTION ( 'NONE',  ( -0.000000000000000000, -1.000000000000000000, -0.000000000000000000 ) ) ;
#3524 = CARTESIAN_POINT ( 'NONE',  ( -5.199999999999816325, -7.899999999998902567, 10.00000000000000000 ) ) ;
#3525 = EDGE_CURVE ( 'NONE', #1777, #1295, #3168, .T. ) ;
#3526 = DIRECTION ( 'NONE',  ( -0.000000000000000000, -0.000000000000000000, -1.000000000000000000 ) ) ;
#3527 = DIRECTION ( 'NONE',  ( -0.000000000000000000, -0.000000000000000000, -1.000000000000000000 ) ) ;
#3528 = CARTESIAN_POINT ( 'NONE',  ( 6.472792206135767223, -5.412132034355957799, 10.00000000000000000 ) ) ;
#3529 = ORIENTED_EDGE ( 'NONE', *, *, #2703, .F. ) ;
#3530 = CARTESIAN_POINT ( 'NONE',  ( 3.399999999999972378, 8.199999999999976197, 10.00000000000000000 ) ) ;
#3531 = ORIENTED_EDGE ( 'NONE', *, *, #86, .T. ) ;
#3532 = DIRECTION ( 'NONE',  ( 1.000000000000000000, 0.000000000000000000, 0.000000000000000000 ) ) ;
#3533 = CARTESIAN_POINT ( 'NONE',  ( -5.200000000000038369, 8.199999999999947775, -10.00000000000000000 ) ) ;
#3534 = VERTEX_POINT ( 'NONE', #1750 ) ;
#3535 =( NAMED_UNIT ( * ) PLANE_ANGLE_UNIT ( ) SI_UNIT ( $, .RADIAN. ) );
#3536 = CARTESIAN_POINT ( 'NONE',  ( 4.485786437626898326, 3.425126265847103557, 10.00000000000000000 ) ) ;
#3537 = EDGE_CURVE ( 'NONE', #2581, #1131, #1486, .T. ) ;
#3538 = VERTEX_POINT ( 'NONE', #338 ) ;
#3539 = CARTESIAN_POINT ( 'NONE',  ( 2.499999999999974243, -2.051052001193484726E-14, 10.00000000000000000 ) ) ;
#3540 = DIRECTION ( 'NONE',  ( -0.7071067811865474617, 0.7071067811865474617, 0.000000000000000000 ) ) ;
#3541 = CARTESIAN_POINT ( 'NONE',  ( 8.499999999999966249, 3.100000000000001865, 10.00000000000000000 ) ) ;
#3542 = CARTESIAN_POINT ( 'NONE',  ( 6.684924240491732839, 5.200000000000008171, 10.00000000000000000 ) ) ;
#3543 = ORIENTED_EDGE ( 'NONE', *, *, #2785, .F. ) ;
#3544 = DIRECTION ( 'NONE',  ( -0.000000000000000000, 1.000000000000000000, -0.000000000000000000 ) ) ;
#3545 = ORIENTED_EDGE ( 'NONE', *, *, #2590, .T. ) ;
#3546 = PLANE ( 'NONE',  #2779 ) ;
#3547 = CARTESIAN_POINT ( 'NONE',  ( 3.400000000000153122, -8.499999999998527400, 10.00000000000000000 ) ) ;
#3548 = AXIS2_PLACEMENT_3D ( 'NONE', #592, #2918, #1512 ) ;
#3549 = ORIENTED_EDGE ( 'NONE', *, *, #406, .T. ) ;
#3550 = CARTESIAN_POINT ( 'NONE',  ( -9.400000000000034106, 3.399999999999932410, 10.00000000000000000 ) ) ;
#3551 = CARTESIAN_POINT ( 'NONE',  ( 5.412132034356059940, -6.472792206134560189, -10.00000000000000000 ) ) ;
#3552 = AXIS2_PLACEMENT_3D ( 'NONE', #2917, #1871, #165 ) ;
#3553 = VERTEX_POINT ( 'NONE', #64 ) ;
#3554 = AXIS2_PLACEMENT_3D ( 'NONE', #425, #1554, #2682 ) ;
#3555 = LINE ( 'NONE', #1608, #565 ) ;
#3556 = FACE_OUTER_BOUND ( 'NONE', #281, .T. ) ;
#3557 = VECTOR ( 'NONE', #3540, 1000.000000000000114 ) ;
#3558 = VECTOR ( 'NONE', #603, 1000.000000000000000 ) ;
#3559 = ADVANCED_FACE ( 'NONE', ( #1209 ), #1964, .F. ) ;
#3560 = VECTOR ( 'NONE', #1950, 1000.000000000000000 ) ;
#3561 = CIRCLE ( 'NONE', #2659, 0.2999999999999981570 ) ;
#3562 = AXIS2_PLACEMENT_3D ( 'NONE', #2606, #2952, #1989 ) ;
#3563 = EDGE_CURVE ( 'NONE', #1272, #846, #659, .T. ) ;
#3564 = LINE ( 'NONE', #79, #3665 ) ;
#3565 = ORIENTED_EDGE ( 'NONE', *, *, #2673, .F. ) ;
#3566 = AXIS2_PLACEMENT_3D ( 'NONE', #811, #1641, #1661 ) ;
#3567 = VERTEX_POINT ( 'NONE', #676 ) ;
#3568 = DIRECTION ( 'NONE',  ( -1.000000000000000000, 0.000000000000000000, 0.000000000000000000 ) ) ;
#3569 = ADVANCED_FACE ( 'NONE', ( #2684 ), #1556, .F. ) ;
#3570 = CARTESIAN_POINT ( 'NONE',  ( -9.099999999999857536, -3.099999999999407230, 10.00000000000000000 ) ) ;
#3571 = EDGE_LOOP ( 'NONE', ( #3294, #978, #929, #2988 ) ) ;
#3572 = FILL_AREA_STYLE_COLOUR ( '', #830 ) ;
#3573 = FACE_OUTER_BOUND ( 'NONE', #2375, .T. ) ;
#3574 = EDGE_CURVE ( 'NONE', #1745, #1479, #2098, .T. ) ;
#3575 = ORIENTED_EDGE ( 'NONE', *, *, #1465, .F. ) ;
#3576 = FACE_OUTER_BOUND ( 'NONE', #466, .T. ) ;
#3577 = FACE_OUTER_BOUND ( 'NONE', #1324, .T. ) ;
#3578 = EDGE_CURVE ( 'NONE', #1351, #6, #3227, .T. ) ;
#3579 = EDGE_LOOP ( 'NONE', ( #2409, #2704, #923, #3415 ) ) ;
#3580 = DIRECTION ( 'NONE',  ( -0.000000000000000000, -0.000000000000000000, -1.000000000000000000 ) ) ;
#3581 = VERTEX_POINT ( 'NONE', #2695 ) ;
#3582 = CARTESIAN_POINT ( 'NONE',  ( 8.199999999999956657, -3.399999999999991473, 10.00000000000000000 ) ) ;
#3583 = CARTESIAN_POINT ( 'NONE',  ( -3.999999999999809042, -9.999999999999166889, -10.00000000000000000 ) ) ;
#3584 = ORIENTED_EDGE ( 'NONE', *, *, #1887, .T. ) ;
#3585 = DIRECTION ( 'NONE',  ( -0.000000000000000000, -0.000000000000000000, -1.000000000000000000 ) ) ;
#3586 = ORIENTED_EDGE ( 'NONE', *, *, #1218, .T. ) ;
#3587 = CARTESIAN_POINT ( 'NONE',  ( 9.700000000000180478, -3.699999999998376587, 10.00000000000000000 ) ) ;
#3588 = EDGE_LOOP ( 'NONE', ( #854, #3427, #3058, #2569 ) ) ;
#3589 = CARTESIAN_POINT ( 'NONE',  ( 5.199999999999968203, 6.684924240491751490, 10.00000000000000000 ) ) ;
#3590 = DIRECTION ( 'NONE',  ( -1.000000000000000000, 0.000000000000000000, 0.000000000000000000 ) ) ;
#3591 = DIRECTION ( 'NONE',  ( 1.000000000000000000, 0.000000000000000000, 0.000000000000000000 ) ) ;
#3593 = EDGE_CURVE ( 'NONE', #1850, #456, #411, .T. ) ;
#3592 = DIRECTION ( 'NONE',  ( -0.000000000000000000, -0.000000000000000000, -1.000000000000000000 ) ) ;
#3594 = ORIENTED_EDGE ( 'NONE', *, *, #1418, .F. ) ;
#3595 = ORIENTED_EDGE ( 'NONE', *, *, #1137, .T. ) ;
#3596 = DIRECTION ( 'NONE',  ( -0.000000000000000000, -0.000000000000000000, -1.000000000000000000 ) ) ;
#3597 = DIRECTION ( 'NONE',  ( -1.000000000000000000, 0.000000000000000000, 0.000000000000000000 ) ) ;
#3598 = ADVANCED_FACE ( 'NONE', ( #372 ), #3517, .F. ) ;
#3599 = EDGE_CURVE ( 'NONE', #143, #1968, #2729, .T. ) ;
#3600 = ORIENTED_EDGE ( 'NONE', *, *, #899, .T. ) ;
#3601 = CARTESIAN_POINT ( 'NONE',  ( 4.000000000000142109, -9.999999999998525624, 10.00000000000000000 ) ) ;
#3602 = ORIENTED_EDGE ( 'NONE', *, *, #2664, .T. ) ;
#3603 = CARTESIAN_POINT ( 'NONE',  ( -5.900000000000016342, 2.010912703473961560, 10.00000000000000000 ) ) ;
#3604 = ADVANCED_FACE ( 'NONE', ( #138 ), #1278, .T. ) ;
#3605 = VERTEX_POINT ( 'NONE', #2629 ) ;
#3606 = CARTESIAN_POINT ( 'NONE',  ( -9.099999999999857536, -3.399999999999407052, 10.00000000000000000 ) ) ;
#3607 = CARTESIAN_POINT ( 'NONE',  ( -3.400000000000042100, 9.699999999999960210, 10.00000000000000000 ) ) ;
#3608 = DIRECTION ( 'NONE',  ( -0.000000000000000000, -0.000000000000000000, -1.000000000000000000 ) ) ;
#3609 = DIRECTION ( 'NONE',  ( 0.000000000000000000, 0.000000000000000000, 1.000000000000000000 ) ) ;
#3610 = CIRCLE ( 'NONE', #2232, 0.3000000000000085931 ) ;
#3611 = EDGE_CURVE ( 'NONE', #2885, #3052, #153, .T. ) ;
#3612 = ORIENTED_EDGE ( 'NONE', *, *, #1681, .T. ) ;
#3613 = AXIS2_PLACEMENT_3D ( 'NONE', #2865, #2256, #3396 ) ;
#3614 = CIRCLE ( 'NONE', #3439, 2.499999999999994671 ) ;
#3615 = AXIS2_PLACEMENT_3D ( 'NONE', #1881, #3017, #1469 ) ;
#3616 = VERTEX_POINT ( 'NONE', #2384 ) ;
#3617 = VERTEX_POINT ( 'NONE', #989 ) ;
#3618 = DIRECTION ( 'NONE',  ( -1.000000000000000000, 0.000000000000000000, 0.000000000000000000 ) ) ;
#3619 = DIRECTION ( 'NONE',  ( -0.000000000000000000, -0.000000000000000000, -1.000000000000000000 ) ) ;
#3620 = CIRCLE ( 'NONE', #1952, 0.3000000000000016542 ) ;
#3621 = FACE_OUTER_BOUND ( 'NONE', #1333, .T. ) ;
#3622 = VECTOR ( 'NONE', #3129, 1000.000000000000000 ) ;
#3623 = ORIENTED_EDGE ( 'NONE', *, *, #1743, .F. ) ;
#3624 = CARTESIAN_POINT ( 'NONE',  ( 5.200000000000093436, -7.899999999998525979, -10.00000000000000000 ) ) ;
#3625 = CIRCLE ( 'NONE', #3269, 0.3000000000000042633 ) ;
#3626 = VERTEX_POINT ( 'NONE', #3530 ) ;
#3627 = DIRECTION ( 'NONE',  ( 0.7071067811865479058, -0.7071067811865472397, -0.000000000000000000 ) ) ;
#3628 = PRODUCT_DEFINITION_FORMATION_WITH_SPECIFIED_SOURCE ( '任何', '', #972, .NOT_KNOWN. ) ;
#3629 = ORIENTED_EDGE ( 'NONE', *, *, #2679, .T. ) ;
#3630 = DIRECTION ( 'NONE',  ( 0.7071067811865474617, 0.7071067811865474617, 0.000000000000000000 ) ) ;
#3631 = CARTESIAN_POINT ( 'NONE',  ( -9.699999999999986855, 3.399999999999929301, 10.00000000000000000 ) ) ;
#3632 = VERTEX_POINT ( 'NONE', #977 ) ;
#3633 = ORIENTED_EDGE ( 'NONE', *, *, #626, .T. ) ;
#3634 = VERTEX_POINT ( 'NONE', #693 ) ;
#3635 = DIRECTION ( 'NONE',  ( -0.000000000000000000, -0.000000000000000000, -1.000000000000000000 ) ) ;
#3636 = DIRECTION ( 'NONE',  ( 0.000000000000000000, 0.000000000000000000, 1.000000000000000000 ) ) ;
#3637 = CYLINDRICAL_SURFACE ( 'NONE', #823, 2.499999999999994671 ) ;
#3638 = DIRECTION ( 'NONE',  ( -1.000000000000000000, 0.000000000000000000, 0.000000000000000000 ) ) ;
#3639 = VERTEX_POINT ( 'NONE', #2926 ) ;
#3640 = LINE ( 'NONE', #1663, #3194 ) ;
#3641 = VERTEX_POINT ( 'NONE', #2079 ) ;
#3642 = CARTESIAN_POINT ( 'NONE',  ( 3.399999999999972378, 8.499999999999982236, 10.00000000000000000 ) ) ;
#3643 = PLANE ( 'NONE',  #47 ) ;
#3644 = DIRECTION ( 'NONE',  ( 0.7071067811865474617, 0.7071067811865474617, -0.000000000000000000 ) ) ;
#3645 = EDGE_CURVE ( 'NONE', #1466, #1929, #2367, .T. ) ;
#3646 = ORIENTED_EDGE ( 'NONE', *, *, #3611, .T. ) ;
#3647 = EDGE_CURVE ( 'NONE', #3641, #2346, #3244, .T. ) ;
#3648 = DIRECTION ( 'NONE',  ( 1.000000000000000000, 0.000000000000000000, 0.000000000000000000 ) ) ;
#3649 = ORIENTED_EDGE ( 'NONE', *, *, #2366, .F. ) ;
#3650 = CARTESIAN_POINT ( 'NONE',  ( -7.900000000000240163, -5.500000000000135003, 10.00000000000000000 ) ) ;
#3651 = DIRECTION ( 'NONE',  ( 1.000000000000000000, 0.000000000000000000, 0.000000000000000000 ) ) ;
#3652 = DIRECTION ( 'NONE',  ( -0.000000000000000000, 1.000000000000000000, -0.000000000000000000 ) ) ;
#3653 = EDGE_CURVE ( 'NONE', #2097, #176, #2644, .T. ) ;
#3654 = VERTEX_POINT ( 'NONE', #358 ) ;
#3655 = CARTESIAN_POINT ( 'NONE',  ( -5.900000000000016342, 2.010912703473961560, 10.00000000000000000 ) ) ;
#3656 = ORIENTED_EDGE ( 'NONE', *, *, #648, .F. ) ;
#3657 = CARTESIAN_POINT ( 'NONE',  ( -9.999999999999841904, -3.999999999999311218, 10.00000000000000000 ) ) ;
#3658 = EDGE_CURVE ( 'NONE', #3418, #2370, #1503, .T. ) ;
#3659 = ORIENTED_EDGE ( 'NONE', *, *, #1869, .T. ) ;
#3660 = CARTESIAN_POINT ( 'NONE',  ( -8.500000000000035527, 9.999999999999934275, -10.00000000000000000 ) ) ;
#3661 = CARTESIAN_POINT ( 'NONE',  ( -9.699999999999986855, 3.399999999999929301, 10.00000000000000000 ) ) ;
#3662 = ORIENTED_EDGE ( 'NONE', *, *, #418, .F. ) ;
#3663 = AXIS2_PLACEMENT_3D ( 'NONE', #313, #1381, #3160 ) ;
#3664 = AXIS2_PLACEMENT_3D ( 'NONE', #894, #1192, #3138 ) ;
#3665 = VECTOR ( 'NONE', #1221, 999.9999999999998863 ) ;
#3666 = VERTEX_POINT ( 'NONE', #1291 ) ;
#3667 = DIRECTION ( 'NONE',  ( -0.000000000000000000, -0.000000000000000000, -1.000000000000000000 ) ) ;
#3668 = DIRECTION ( 'NONE',  ( -0.000000000000000000, -0.000000000000000000, -1.000000000000000000 ) ) ;
#3669 = ADVANCED_FACE ( 'NONE', ( #922 ), #2059, .T. ) ;
#3670 = VECTOR ( 'NONE', #1693, 1000.000000000000000 ) ;
#3671 = CIRCLE ( 'NONE', #2538, 0.2999999999999981570 ) ;
#3672 = DIRECTION ( 'NONE',  ( -0.000000000000000000, -0.000000000000000000, -1.000000000000000000 ) ) ;
#3673 = FACE_OUTER_BOUND ( 'NONE', #746, .T. ) ;
#3674 = ORIENTED_EDGE ( 'NONE', *, *, #2547, .F. ) ;
#3675 = CARTESIAN_POINT ( 'NONE',  ( -3.399999999999820055, -8.199999999998903277, -10.00000000000000000 ) ) ;
#3676 = VECTOR ( 'NONE', #1096, 1000.000000000000000 ) ;
#3677 = VECTOR ( 'NONE', #2749, 1000.000000000000000 ) ;
#3678 = EDGE_LOOP ( 'NONE', ( #376, #2156, #3314, #1002 ) ) ;
#3679 = CARTESIAN_POINT ( 'NONE',  ( 6.472792206135768112, 5.412132034355972898, -10.00000000000000000 ) ) ;
#3680 = VECTOR ( 'NONE', #903, 1000.000000000000000 ) ;
#3681 = ORIENTED_EDGE ( 'NONE', *, *, #1852, .T. ) ;
#3682 = DIRECTION ( 'NONE',  ( -0.000000000000000000, -0.000000000000000000, -1.000000000000000000 ) ) ;
#3683 = DIRECTION ( 'NONE',  ( 1.000000000000000000, 0.000000000000000000, 0.000000000000000000 ) ) ;
#3684 = CARTESIAN_POINT ( 'NONE',  ( 5.412132034355932930, 6.472792206135786763, -10.00000000000000000 ) ) ;
#3685 = EDGE_CURVE ( 'NONE', #1582, #3215, #654, .T. ) ;
#3686 = EDGE_LOOP ( 'NONE', ( #2349, #1150, #1600, #173 ) ) ;
#3687 = CARTESIAN_POINT ( 'NONE',  ( 7.899999999999963052, 5.200000000000008171, 10.00000000000000000 ) ) ;
#3688 = DIRECTION ( 'NONE',  ( 1.000000000000000000, 0.000000000000000000, 0.000000000000000000 ) ) ;
#3689 = CLOSED_SHELL ( 'NONE', ( #1256, #664, #1858, #3279, #971, #705, #75, #2056, #751, #2987, #1982, #2277, #1153, #422, #1581, #1442, #3028, #2676, #3179, #472, #2093, #3428, #319, #1455, #1044, #3331, #530, #2821, #1618, #2140, #305, #1010, #1376, #198, #1691, #1936, #310, #1684, #3569, #1265, #1673, #3669, #2937, #624, #2523, #1288, #918, #3521, #108, #1576, #2436, #2396, #2461, #2160, #3044, #1667, #856, #3147, #3598, #3408, #2379, #2155, #91, #22, #2709, #1026, #607, #1797, #1119, #3604, #1401, #539, #630, #486, #799, #3559, #2144, #2838, #962, #3365, #1018, #1361, #482, #99, #2724, #1251, #3444, #3145, #1350, #3221, #1734, #2216, #1393, #2931, #2001, #2437, #575, #3119, #801, #3286, #1628, #3026, #235, #2397, #3343, #3465, #1514, #3095 ) ) ;
#3690 = VERTEX_POINT ( 'NONE', #1861 ) ;
#3691 = CARTESIAN_POINT ( 'NONE',  ( 2.010912703473977103, 5.900000000000014566, 10.00000000000000000 ) ) ;
#3692 = DIRECTION ( 'NONE',  ( 1.000000000000000000, 0.000000000000000000, 0.000000000000000000 ) ) ;
#3693 = DIRECTION ( 'NONE',  ( 1.000000000000000000, 0.000000000000000000, 0.000000000000000000 ) ) ;
#3694 = PRODUCT_DEFINITION ( '未知', '', #3628, #2744 ) ;
#3695 = ORIENTED_EDGE ( 'NONE', *, *, #3502, .F. ) ;
#3696 = LINE ( 'NONE', #577, #2670 ) ;
ENDSEC;
END-ISO-10303-21;
