ISO-10303-21;
HEADER;
FILE_DESCRIPTION (( 'STEP AP214' ),
    '1' );
FILE_NAME ('镜向GB╱T 276-2013[一面带密封圈（非接触式）的深沟球轴承[60000-RZ]619／6-RZ].step',
    '2023-08-15T03:02:59',
    ( '' ),
    ( '' ),
    'SwSTEP 2.0',
    'SolidWorks 2022',
    '' );
FILE_SCHEMA (( 'AUTOMOTIVE_DESIGN' ));
ENDSEC;

DATA;
#1 = AXIS2_PLACEMENT_3D ( 'NONE', #1929, #143, #1841 ) ;
#2 = VERTEX_POINT ( 'NONE', #1541 ) ;
#3 = AXIS2_PLACEMENT_3D ( 'NONE', #5587, #1596, #288 ) ;
#4 = ADVANCED_FACE ( 'NONE', ( #2890 ), #1646, .T. ) ;
#5 = CIRCLE ( 'NONE', #1310, 1.073181601594058732 ) ;
#6 = AXIS2_PLACEMENT_3D ( 'NONE', #3738, #3278, #1857 ) ;
#7 = AXIS2_PLACEMENT_3D ( 'NONE', #571, #3671, #2327 ) ;
#8 = CARTESIAN_POINT ( 'NONE',  ( -1.216873555469091261, 0.1615483123236327312, 5.475000000000002309 ) ) ;
#9 = ORIENTED_EDGE ( 'NONE', *, *, #3124, .T. ) ;
#10 = FACE_OUTER_BOUND ( 'NONE', #5450, .T. ) ;
#11 = CARTESIAN_POINT ( 'NONE',  ( -0.7438253088451854955, 3.291099724477488220, 3.798856746762317993 ) ) ;
#12 = CARTESIAN_POINT ( 'NONE',  ( -0.5915516203448643040, 5.361153318450765148, 1.113254960814800798 ) ) ;
#13 = ADVANCED_FACE ( 'NONE', ( #4120 ), #681, .F. ) ;
#14 = COLOUR_RGB ( '',1.000000000000000000, 1.000000000000000000, 1.000000000000000000 ) ;
#15 = CIRCLE ( 'NONE', #1312, 5.025000000000001243 ) ;
#16 = ORIENTED_EDGE ( 'NONE', *, *, #2191, .F. ) ;
#17 = DIRECTION ( 'NONE',  ( 0.000000000000000000, 4.041076257271187806E-15, -1.000000000000000000 ) ) ;
#18 = B_SPLINE_CURVE_WITH_KNOTS ( 'NONE', 3,
 ( #1386, #4913, #5391, #3184, #2756, #4504, #2270, #83, #543, #5415, #2330, #2298, #961, #118, #4563, #1878, #55, #4105 ),
 .UNSPECIFIED., .F., .F.,
 ( 4, 2, 2, 2, 2, 2, 2, 2, 4 ),
 ( 0.001924500009535643971, 0.002405502955714994891, 0.002886505901894345812, 0.003367508848073696732, 0.003848511794253047652, 0.004329514740432399006, 0.004810517686611749492, 0.005291520632791099979, 0.005772523578970451333 ),
 .UNSPECIFIED. ) ;
#19 = DIRECTION ( 'NONE',  ( -0.000000000000000000, -0.4999999999999949485, -0.8660254037844415942 ) ) ;
#20 = CARTESIAN_POINT ( 'NONE',  ( 0.9684278525401851523, 1.849049199763062257, 4.673716618225763675 ) ) ;
#21 = AXIS2_PLACEMENT_3D ( 'NONE', #949, #1633, #2532 ) ;
#22 = CIRCLE ( 'NONE', #2418, 1.237499999999996492 ) ;
#23 = CARTESIAN_POINT ( 'NONE',  ( 0.3219498304303085034, -1.202194443784635691, 5.341759899496157260 ) ) ;
#24 = EDGE_LOOP ( 'NONE', ( #2262, #3447 ) ) ;
#25 =( LENGTH_UNIT ( ) NAMED_UNIT ( * ) SI_UNIT ( .MILLI., .METRE. ) );
#26 = VERTEX_POINT ( 'NONE', #2860 ) ;
#27 = B_SPLINE_CURVE_WITH_KNOTS ( 'NONE', 3,
 ( #3004, #776, #4823, #1699, #832, #5631 ),
 .UNSPECIFIED., .F., .F.,
 ( 4, 2, 4 ),
 ( 0.003069521846490039924, 0.003410565459825837080, 0.003751609073161634236 ),
 .UNSPECIFIED. ) ;
#28 =( NAMED_UNIT ( * ) PLANE_ANGLE_UNIT ( ) SI_UNIT ( $, .RADIAN. ) );
#29 = SPHERICAL_SURFACE ( 'NONE', #3067, 1.237499999999996936 ) ;
#30 = CARTESIAN_POINT ( 'NONE',  ( -1.066282750803719370, 4.403264907450146204, 3.257152822151283988 ) ) ;
#31 = SPHERICAL_SURFACE ( 'NONE', #4032, 1.124999999999995115 ) ;
#32 = CARTESIAN_POINT ( 'NONE',  ( 0.8186047816909625130, 5.395462402838510307, -0.9542582666960723881 ) ) ;
#33 = ORIENTED_EDGE ( 'NONE', *, *, #1770, .T. ) ;
#34 = DIRECTION ( 'NONE',  ( -1.000000000000000000, -0.000000000000000000, 0.000000000000000000 ) ) ;
#35 = VERTEX_POINT ( 'NONE', #2441 ) ;
#36 = DIRECTION ( 'NONE',  ( 0.000000000000000000, 0.000000000000000000, -1.000000000000000000 ) ) ;
#37 = CYLINDRICAL_SURFACE ( 'NONE', #2222, 5.475000000000000533 ) ;
#38 = CARTESIAN_POINT ( 'NONE',  ( -1.216873555469091039, 5.475000000000001421, 0.2658919294641817754 ) ) ;
#39 = B_SPLINE_CURVE_WITH_KNOTS ( 'NONE', 3,
 ( #4355, #4901, #395, #2154, #3919, #5260 ),
 .UNSPECIFIED., .F., .F.,
 ( 4, 2, 4 ),
 ( 0.006630243725172587851, 0.006971267376516038575, 0.007312291027859489298 ),
 .UNSPECIFIED. ) ;
#40 = ORIENTED_EDGE ( 'NONE', *, *, #873, .T. ) ;
#41 = FILL_AREA_STYLE_COLOUR ( '', #1542 ) ;
#42 = DIRECTION ( 'NONE',  ( 0.000000000000000000, 0.000000000000000000, -1.000000000000000000 ) ) ;
#43 = ORIENTED_EDGE ( 'NONE', *, *, #4675, .T. ) ;
#44 = AXIS2_PLACEMENT_3D ( 'NONE', #4524, #1095, #4649 ) ;
#45 = EDGE_CURVE ( 'NONE', #3656, #2073, #438, .T. ) ;
#46 = CARTESIAN_POINT ( 'NONE',  ( -1.216873555469090373, 2.376468353196399708, 4.430315561917171685 ) ) ;
#47 = ADVANCED_FACE ( 'NONE', ( #4204 ), #5542, .F. ) ;
#48 = CARTESIAN_POINT ( 'NONE',  ( -19.92709219242683361, 0.000000000000000000, 0.000000000000000000 ) ) ;
#49 = ORIENTED_EDGE ( 'NONE', *, *, #4143, .F. ) ;
#50 = VERTEX_POINT ( 'NONE', #1485 ) ;
#51 = EDGE_CURVE ( 'NONE', #4966, #1856, #5185, .T. ) ;
#52 = CARTESIAN_POINT ( 'NONE',  ( 0.3375000000000030753, -1.021228243303213379, -4.920133928571440940 ) ) ;
#53 = CARTESIAN_POINT ( 'NONE',  ( 0.9843303561305023486, 0.000000000000000000, -5.999999999999998224 ) ) ;
#54 = FACE_OUTER_BOUND ( 'NONE', #2856, .T. ) ;
#55 = CARTESIAN_POINT ( 'NONE',  ( -1.216873555469091484, 0.1615363784200863906, -5.475000000000000533 ) ) ;
#56 = CIRCLE ( 'NONE', #516, 1.124999999999994893 ) ;
#57 = ORIENTED_EDGE ( 'NONE', *, *, #1382, .T. ) ;
#58 = EDGE_CURVE ( 'NONE', #3422, #2769, #3681, .T. ) ;
#59 = AXIS2_PLACEMENT_3D ( 'NONE', #739, #1659, #1634 ) ;
#60 = AXIS2_PLACEMENT_3D ( 'NONE', #2571, #3038, #399 ) ;
#61 = PLANE ( 'NONE',  #4074 ) ;
#62 = ORIENTED_EDGE ( 'NONE', *, *, #328, .F. ) ;
#63 = CARTESIAN_POINT ( 'NONE',  ( -0.6171494958828994681, -5.188032411269641209, 1.750416590129416416 ) ) ;
#64 = CARTESIAN_POINT ( 'NONE',  ( 2.951763000829056837E-15, 5.499083108677935350E-14, -5.250000000000000000 ) ) ;
#65 = DIRECTION ( 'NONE',  ( 0.000000000000000000, -0.4999999999999918399, -0.8660254037844433705 ) ) ;
#66 = PLANE ( 'NONE',  #5084 ) ;
#67 = AXIS2_PLACEMENT_3D ( 'NONE', #1265, #4700, #392 ) ;
#68 = ORIENTED_EDGE ( 'NONE', *, *, #3824, .T. ) ;
#69 = CARTESIAN_POINT ( 'NONE',  ( 1.216873555469097479, 2.737500000000055778, -4.741489085719770458 ) ) ;
#70 = CARTESIAN_POINT ( 'NONE',  ( 2.951763000829056837E-15, -1.833027702892645012E-14, 5.250000000000000000 ) ) ;
#71 = CARTESIAN_POINT ( 'NONE',  ( 2.299999999999997602, -5.265981236333621429E-16, 4.300000000000001599 ) ) ;
#72 = EDGE_LOOP ( 'NONE', ( #5207, #1171 ) ) ;
#73 = CARTESIAN_POINT ( 'NONE',  ( -0.3374999999999970246, 4.894821428571431099, -1.136375018379911062 ) ) ;
#74 = CARTESIAN_POINT ( 'NONE',  ( -0.3145222742811142891, -1.447436274275086587, -4.812380947208473536 ) ) ;
#75 = CARTESIAN_POINT ( 'NONE',  ( 2.951763000829056837E-15, -4.546633369868282593, -2.625000000000037303 ) ) ;
#76 = ADVANCED_FACE ( 'NONE', ( #3263 ), #1915, .T. ) ;
#77 = EDGE_CURVE ( 'NONE', #291, #5259, #4597, .T. ) ;
#78 = VERTEX_POINT ( 'NONE', #187 ) ;
#79 = FACE_OUTER_BOUND ( 'NONE', #3509, .T. ) ;
#80 = FACE_OUTER_BOUND ( 'NONE', #3863, .T. ) ;
#81 = FACE_OUTER_BOUND ( 'NONE', #667, .T. ) ;
#82 = CARTESIAN_POINT ( 'NONE',  ( 0.1138098578510978037, -4.787647639671301469, -1.526124201487644605 ) ) ;
#83 = CARTESIAN_POINT ( 'NONE',  ( 0.3219498304303076153, 1.202194443784672995, -5.341759899496146602 ) ) ;
#84 = EDGE_CURVE ( 'NONE', #3087, #5441, #2843, .T. ) ;
#85 = EDGE_LOOP ( 'NONE', ( #3374, #1134, #1997, #1617 ) ) ;
#86 = B_SPLINE_CURVE_WITH_KNOTS ( 'NONE', 3,
 ( #5158, #2434, #5107, #1626, #1200, #1153, #762, #2961, #4721, #4280, #322, #2080, #5191, #2553, #4305, #2108, #5331, #1822 ),
 .UNSPECIFIED., .F., .F.,
 ( 4, 2, 2, 2, 2, 2, 2, 2, 4 ),
 ( 0.001924500009533457786, 0.002405502955712250993, 0.002886505901891044633, 0.003367508848069837839, 0.003848511794248631046, 0.004329514740427424686, 0.004810517686606218327, 0.005291520632785011100, 0.005772523578963804740 ),
 .UNSPECIFIED. ) ;
#87 = CARTESIAN_POINT ( 'NONE',  ( -19.92709219242683361, 0.000000000000000000, 0.000000000000000000 ) ) ;
#88 = EDGE_CURVE ( 'NONE', #2974, #1374, #4265, .T. ) ;
#89 = AXIS2_PLACEMENT_3D ( 'NONE', #1828, #2766, #180 ) ;
#90 = DIRECTION ( 'NONE',  ( 0.000000000000000000, 0.000000000000000000, -1.000000000000000000 ) ) ;
#91 = ORIENTED_EDGE ( 'NONE', *, *, #3371, .F. ) ;
#92 = CARTESIAN_POINT ( 'NONE',  ( 0.9774912523502893302, 2.056887232590094872, 5.075277381674327515 ) ) ;
#93 = CARTESIAN_POINT ( 'NONE',  ( 0.3375000000000029643, 2.625000000000053291, -4.546633369868272823 ) ) ;
#94 = CARTESIAN_POINT ( 'NONE',  ( 0.3375000000000030753, 4.771575093816242230, -1.575657362522871141 ) ) ;
#95 = FACE_OUTER_BOUND ( 'NONE', #4773, .T. ) ;
#96 = AXIS2_PLACEMENT_3D ( 'NONE', #2042, #1239, #4651 ) ;
#97 = CIRCLE ( 'NONE', #3336, 1.237499999999997158 ) ;
#98 = AXIS2_PLACEMENT_3D ( 'NONE', #5605, #2976, #5722 ) ;
#99 =( NAMED_UNIT ( * ) PLANE_ANGLE_UNIT ( ) SI_UNIT ( $, .RADIAN. ) );
#100 = DIRECTION ( 'NONE',  ( -1.000000000000000000, -0.000000000000000000, 0.000000000000000000 ) ) ;
#101 = VERTEX_POINT ( 'NONE', #2175 ) ;
#102 = CYLINDRICAL_SURFACE ( 'NONE', #568, 5.025000000000000355 ) ;
#103 = DIRECTION ( 'NONE',  ( 0.000000000000000000, -0.5000000000000043299, 0.8660254037844361541 ) ) ;
#104 = CIRCLE ( 'NONE', #4256, 1.237499999999996714 ) ;
#105 = CARTESIAN_POINT ( 'NONE',  ( 1.060068109014966176, 1.971817333347634982, -4.624251323185537998 ) ) ;
#106 = AXIS2_PLACEMENT_3D ( 'NONE', #4881, #1416, #452 ) ;
#107 = VERTEX_POINT ( 'NONE', #3431 ) ;
#108 = AXIS2_PLACEMENT_3D ( 'NONE', #4782, #350, #5576 ) ;
#109 = EDGE_CURVE ( 'NONE', #5259, #3259, #4224, .T. ) ;
#110 =( NAMED_UNIT ( * ) SI_UNIT ( $, .STERADIAN. ) SOLID_ANGLE_UNIT ( ) );
#111 = EDGE_CURVE ( 'NONE', #3276, #5566, #1652, .T. ) ;
#112 = ORIENTED_EDGE ( 'NONE', *, *, #862, .F. ) ;
#113 = CIRCLE ( 'NONE', #3068, 5.999999999999997335 ) ;
#114 = CIRCLE ( 'NONE', #4539, 1.073181601594058732 ) ;
#115 = CARTESIAN_POINT ( 'NONE',  ( 0.6093760516249135950, -3.740250609034071250, -3.356287618679226092 ) ) ;
#116 = DIRECTION ( 'NONE',  ( 1.000000000000000000, 0.000000000000000000, -0.000000000000000000 ) ) ;
#117 = DIRECTION ( 'NONE',  ( -0.000000000000000000, -0.5000000000000009992, 0.8660254037844380415 ) ) ;
#118 = CARTESIAN_POINT ( 'NONE',  ( -0.9766093576085630446, 0.7572843384363932007, -5.423612651610225655 ) ) ;
#119 = AXIS2_PLACEMENT_3D ( 'NONE', #4626, #1525, #228 ) ;
#120 = CIRCLE ( 'NONE', #4730, 1.190588089979062403 ) ;
#121 = ORIENTED_EDGE ( 'NONE', *, *, #77, .T. ) ;
#122 = EDGE_CURVE ( 'NONE', #4544, #854, #2474, .T. ) ;
#123 = EDGE_CURVE ( 'NONE', #5171, #2331, #3220, .T. ) ;
#124 = CARTESIAN_POINT ( 'NONE',  ( -19.92709219242683361, 0.000000000000000000, 0.000000000000000000 ) ) ;
#125 = CARTESIAN_POINT ( 'NONE',  ( 1.237499999999999822, -2.625000000000021760, 4.546633369868291474 ) ) ;
#126 = ORIENTED_EDGE ( 'NONE', *, *, #1293, .T. ) ;
#127 = DIRECTION ( 'NONE',  ( -1.000000000000000000, -0.000000000000000000, -0.000000000000000000 ) ) ;
#128 = CARTESIAN_POINT ( 'NONE',  ( 2.951763000829056837E-15, 2.625000000000053291, -4.546633369868272823 ) ) ;
#129 = EDGE_CURVE ( 'NONE', #4411, #1494, #2931, .T. ) ;
#130 = FILL_AREA_STYLE_COLOUR ( '', #4498 ) ;
#131 = CARTESIAN_POINT ( 'NONE',  ( -19.92709219242683361, 0.000000000000000000, 0.000000000000000000 ) ) ;
#132 = ORIENTED_EDGE ( 'NONE', *, *, #482, .T. ) ;
#133 = CARTESIAN_POINT ( 'NONE',  ( -1.060888576746097822, -4.020771965135058856, 3.017419481698505379 ) ) ;
#134 = CARTESIAN_POINT ( 'NONE',  ( 0.7539386004179678968, -5.386928225247897828, -0.9848525497151173758 ) ) ;
#135 = CARTESIAN_POINT ( 'NONE',  ( 2.951763000829056837E-15, -2.624999999999958256, -4.546633369868327001 ) ) ;
#136 = ORIENTED_EDGE ( 'NONE', *, *, #4882, .F. ) ;
#137 = CARTESIAN_POINT ( 'NONE',  ( 2.951763000829056837E-15, -5.250000000000000000, 0.000000000000000000 ) ) ;
#138 = ORIENTED_EDGE ( 'NONE', *, *, #3686, .F. ) ;
#139 = CARTESIAN_POINT ( 'NONE',  ( 0.3375000000000030753, 1.575657362522987714, -4.771575093816203150 ) ) ;
#140 = CARTESIAN_POINT ( 'NONE',  ( -0.9766114375335409603, -0.7570936219630627351, -5.423627890649921568 ) ) ;
#141 = DIRECTION ( 'NONE',  ( 1.000000000000000000, 0.000000000000000000, 0.000000000000000000 ) ) ;
#142 = ORIENTED_EDGE ( 'NONE', *, *, #148, .T. ) ;
#143 = DIRECTION ( 'NONE',  ( 0.000000000000000000, 0.8660254037844432595, -0.4999999999999919509 ) ) ;
#144 = CARTESIAN_POINT ( 'NONE',  ( -0.7428168631732738891, -3.291643385024379587, 3.798378139304469325 ) ) ;
#145 = ORIENTED_EDGE ( 'NONE', *, *, #2020, .F. ) ;
#146 = DIRECTION ( 'NONE',  ( -1.000000000000000000, -0.000000000000000000, 0.000000000000000000 ) ) ;
#147 =( GEOMETRIC_REPRESENTATION_CONTEXT ( 3 ) GLOBAL_UNCERTAINTY_ASSIGNED_CONTEXT ( ( #2869 ) ) GLOBAL_UNIT_ASSIGNED_CONTEXT ( ( #25, #898, #110 ) ) REPRESENTATION_CONTEXT ( 'NONE', 'WORKASPACE' ) );
#148 = EDGE_CURVE ( 'NONE', #807, #2570, #4122, .T. ) ;
#149 = EDGE_CURVE ( 'NONE', #4764, #3656, #5514, .T. ) ;
#150 = CARTESIAN_POINT ( 'NONE',  ( 1.066282750803666746, 0.6191446342662040303, 5.441915680519993082 ) ) ;
#151 = ORIENTED_EDGE ( 'NONE', *, *, #5366, .F. ) ;
#152 = CARTESIAN_POINT ( 'NONE',  ( -0.3164496931403815161, 1.152253390817040035, 4.891467399567008378 ) ) ;
#153 = CARTESIAN_POINT ( 'NONE',  ( 0.3237003905340522514, -3.711580936677722153, 4.025397093648568791 ) ) ;
#154 = DIRECTION ( 'NONE',  ( -1.000000000000000000, -0.000000000000000000, -0.000000000000000000 ) ) ;
#155 = AXIS2_PLACEMENT_3D ( 'NONE', #3100, #4912, #960 ) ;
#156 = CARTESIAN_POINT ( 'NONE',  ( -0.3374999999999970246, 3.750346850512999541, -3.344476566048450117 ) ) ;
#157 = CARTESIAN_POINT ( 'NONE',  ( 1.102270384252428181, 5.475000000000000533, -2.506439865549668599E-22 ) ) ;
#158 = ORIENTED_EDGE ( 'NONE', *, *, #3580, .F. ) ;
#159 = CARTESIAN_POINT ( 'NONE',  ( -2.300000000000001599, 0.000000000000000000, -3.200000000000001510 ) ) ;
#160 = CARTESIAN_POINT ( 'NONE',  ( -0.1137298752289222364, -1.526116461788779688, 4.787650106792872506 ) ) ;
#161 = DIRECTION ( 'NONE',  ( -1.000000000000000000, -0.000000000000000000, 0.000000000000000000 ) ) ;
#162 = ORIENTED_EDGE ( 'NONE', *, *, #2341, .F. ) ;
#163 = CLOSED_SHELL ( 'NONE', ( #5627, #5282, #1006, #3779, #3791, #5489, #3298, #1226, #5424, #1451, #998, #2657, #3133, #864, #5395, #3157, #2413, #4506, #13, #4851, #3766, #4173, #434, #1713, #4992, #3790, #357, #4027, #936, #4135, #47, #789, #5611, #1601, #1686, #1946, #179, #1423, #521, #3851, #913, #1365, #4451, #1459, #1707, #5284, #401, #4039, #4646, #2716, #3859, #1801, #294, #4598, #2761, #5571, #5598, #1015, #2410, #4755, #2750, #5249, #1108, #2593, #1500, #5561, #3052, #1883, #2103, #5174, #4349, #1620, #5029, #753, #4850, #3453 ) ) ;
#164 = CARTESIAN_POINT ( 'NONE',  ( -19.92709219242683361, 0.000000000000000000, 0.000000000000000000 ) ) ;
#165 = ORIENTED_EDGE ( 'NONE', *, *, #3228, .T. ) ;
#166 = CARTESIAN_POINT ( 'NONE',  ( 0.3227388460788915836, 4.025139890365656115, -3.711864985649413917 ) ) ;
#167 = CARTESIAN_POINT ( 'NONE',  ( -1.216873555470451729, -2.737500000000046008, 4.741489085720139940 ) ) ;
#168 = CARTESIAN_POINT ( 'NONE',  ( 0.9689635404817557029, -4.972157300476233388, 0.7351619098065956814 ) ) ;
#169 = ORIENTED_EDGE ( 'NONE', *, *, #3515, .F. ) ;
#170 = DIRECTION ( 'NONE',  ( -1.000000000000000000, -0.000000000000000000, 0.000000000000000000 ) ) ;
#171 = B_SPLINE_CURVE_WITH_KNOTS ( 'NONE', 3,
 ( #1535, #5072, #383, #5679, #5333, #2144, #1714, #3966, #3540, #4337, #909, #819, #1771, #4805, #3456, #5306, #4306, #436 ),
 .UNSPECIFIED., .F., .F.,
 ( 4, 2, 2, 2, 2, 2, 2, 2, 4 ),
 ( 0.001706097789589832055, 0.002132400055176032587, 0.002558702320762233119, 0.002985004586348433651, 0.003411306851934634184, 0.003837609117520834716, 0.004263911383107035248, 0.004690213648693236648, 0.005116515914279437180 ),
 .UNSPECIFIED. ) ;
#172 = ORIENTED_EDGE ( 'NONE', *, *, #2379, .F. ) ;
#173 = FACE_BOUND ( 'NONE', #4061, .T. ) ;
#174 = B_SPLINE_CURVE_WITH_KNOTS ( 'NONE', 3,
 ( #4125, #5083, #1131, #1899, #2897, #1492, #4653, #1872, #3670, #1462, #166, #4997, #1925, #1041, #2809, #3696, #5022, #621 ),
 .UNSPECIFIED., .F., .F.,
 ( 4, 2, 2, 2, 2, 2, 2, 2, 4 ),
 ( 0.005772523578963803872, 0.006253562060437138637, 0.006734600541910473401, 0.007215639023383808165, 0.007696677504857142929, 0.008177715986330477693, 0.008658754467803810723, 0.009139792949277145487, 0.009620831430750480251 ),
 .UNSPECIFIED. ) ;
#175 = ORIENTED_EDGE ( 'NONE', *, *, #3054, .T. ) ;
#176 = ORIENTED_EDGE ( 'NONE', *, *, #51, .T. ) ;
#177 = DIRECTION ( 'NONE',  ( 0.000000000000000000, -1.224646799147353207E-16, 1.000000000000000000 ) ) ;
#178 = CARTESIAN_POINT ( 'NONE',  ( -0.3374999999999969691, -1.761505952817294274, -5.183890602451911356 ) ) ;
#179 = ADVANCED_FACE ( 'NONE', ( #3404 ), #1182, .F. ) ;
#180 = DIRECTION ( 'NONE',  ( 0.000000000000000000, 0.8660254037844451469, -0.4999999999999888978 ) ) ;
#181 = CIRCLE ( 'NONE', #3144, 5.475000000000000533 ) ;
#182 = ORIENTED_EDGE ( 'NONE', *, *, #1795, .T. ) ;
#183 = CARTESIAN_POINT ( 'NONE',  ( -1.216873555469089929, -4.273250522075098701, 2.648512982295703200 ) ) ;
#184 = DIRECTION ( 'NONE',  ( 0.000000000000000000, 0.4999999999999980571, 0.8660254037844398178 ) ) ;
#185 = DIRECTION ( 'NONE',  ( 0.000000000000000000, 0.000000000000000000, -1.000000000000000000 ) ) ;
#186 = ADVANCED_FACE ( 'NONE', ( #1610 ), #5140, .T. ) ;
#187 = CARTESIAN_POINT ( 'NONE',  ( -2.441421356237306384, 0.000000000000000000, -4.441421356237311713 ) ) ;
#188 = AXIS2_PLACEMENT_3D ( 'NONE', #5372, #4929, #2737 ) ;
#189 = CARTESIAN_POINT ( 'NONE',  ( -0.2284057895222788293, 3.370231758269530253, 3.727378938404997122 ) ) ;
#190 = AXIS2_PLACEMENT_3D ( 'NONE', #3660, #3638, #4115 ) ;
#191 = ORIENTED_EDGE ( 'NONE', *, *, #3589, .T. ) ;
#192 = CIRCLE ( 'NONE', #4336, 1.124999999999995115 ) ;
#193 = CARTESIAN_POINT ( 'NONE',  ( -0.3374999999999969691, 5.025000000000001243, 0.000000000000000000 ) ) ;
#194 = DIRECTION ( 'NONE',  ( 0.000000000000000000, 0.000000000000000000, 1.000000000000000000 ) ) ;
#195 = CARTESIAN_POINT ( 'NONE',  ( -0.3164496935152072421, -3.443614407752247253, -3.660008334471432700 ) ) ;
#196 = VERTEX_POINT ( 'NONE', #352 ) ;
#197 = CARTESIAN_POINT ( 'NONE',  ( 0.3222421747442781870, 5.227146843786466768, 1.629900123589714367 ) ) ;
#198 = AXIS2_PLACEMENT_3D ( 'NONE', #2026, #5567, #3796 ) ;
#199 = CIRCLE ( 'NONE', #5005, 5.025000000000001243 ) ;
#200 = ORIENTED_EDGE ( 'NONE', *, *, #3626, .T. ) ;
#201 = CIRCLE ( 'NONE', #2417, 5.475000000000000533 ) ;
#202 = AXIS2_PLACEMENT_3D ( 'NONE', #3569, #3483, #2249 ) ;
#203 = SPHERICAL_SURFACE ( 'NONE', #4914, 1.124999999999995115 ) ;
#204 = CARTESIAN_POINT ( 'NONE',  ( 2.951763000829056837E-15, -2.624999999999958256, -4.546633369868327001 ) ) ;
#205 = ORIENTED_EDGE ( 'NONE', *, *, #972, .F. ) ;
#206 = EDGE_LOOP ( 'NONE', ( #4469, #5079, #33, #1786 ) ) ;
#207 = CARTESIAN_POINT ( 'NONE',  ( 1.216873555469097923, 2.597605392652975631, -4.822257274929787840 ) ) ;
#208 = CARTESIAN_POINT ( 'NONE',  ( -0.1138098578508690284, -1.526124201487558674, -4.787647639671329891 ) ) ;
#209 = DIRECTION ( 'NONE',  ( -1.000000000000000000, -0.000000000000000000, 0.000000000000000000 ) ) ;
#210 = DIRECTION ( 'NONE',  ( 0.000000000000000000, -1.224646799147353207E-16, 1.000000000000000000 ) ) ;
#211 = CARTESIAN_POINT ( 'NONE',  ( 0.6066795256490228327, 4.777195101010564215, 1.559643906801526647 ) ) ;
#212 = EDGE_LOOP ( 'NONE', ( #4876, #3782 ) ) ;
#213 = DIRECTION ( 'NONE',  ( 0.000000000000000000, 0.000000000000000000, -1.000000000000000000 ) ) ;
#214 = SPHERICAL_SURFACE ( 'NONE', #1040, 1.124999999999995115 ) ;
#215 = CARTESIAN_POINT ( 'NONE',  ( 1.185664645333978973, -4.573754011965768917, 3.013064982713956397 ) ) ;
#216 = CARTESIAN_POINT ( 'NONE',  ( 1.216873555469063284, 4.821884359097826867, -2.598251301820852177 ) ) ;
#217 = DIRECTION ( 'NONE',  ( 0.000000000000000000, 0.000000000000000000, -1.000000000000000000 ) ) ;
#218 = EDGE_CURVE ( 'NONE', #4860, #296, #4862, .T. ) ;
#219 = EDGE_CURVE ( 'NONE', #442, #5290, #1186, .T. ) ;
#220 = VERTEX_POINT ( 'NONE', #3514 ) ;
#221 = CARTESIAN_POINT ( 'NONE',  ( 0.3375000000000044631, 0.000000000000000000, 0.000000000000000000 ) ) ;
#222 = CARTESIAN_POINT ( 'NONE',  ( 1.059998554186546649, -4.624265706669815401, 1.971765687694750913 ) ) ;
#223 = CARTESIAN_POINT ( 'NONE',  ( -0.3374999999999975242, 0.000000000000000000, 0.000000000000000000 ) ) ;
#224 = ORIENTED_EDGE ( 'NONE', *, *, #5659, .F. ) ;
#225 = CARTESIAN_POINT ( 'NONE',  ( -0.7539527812222445169, -4.172780948423628011, -3.546387310455056063 ) ) ;
#226 = CIRCLE ( 'NONE', #4841, 1.073181601594058732 ) ;
#227 = ORIENTED_EDGE ( 'NONE', *, *, #4523, .T. ) ;
#228 = DIRECTION ( 'NONE',  ( 0.000000000000000000, 0.000000000000000000, -1.000000000000000000 ) ) ;
#229 = CARTESIAN_POINT ( 'NONE',  ( 2.951763000829056837E-15, 4.546633369868299468, 2.625000000000005329 ) ) ;
#230 = EDGE_CURVE ( 'NONE', #2176, #5504, #4903, .T. ) ;
#231 = ORIENTED_EDGE ( 'NONE', *, *, #1706, .F. ) ;
#232 = ORIENTED_EDGE ( 'NONE', *, *, #4143, .T. ) ;
#233 = SPHERICAL_SURFACE ( 'NONE', #2611, 1.124999999999995115 ) ;
#234 = MECHANICAL_DESIGN_GEOMETRIC_PRESENTATION_REPRESENTATION (  '', ( #1264 ), #986 ) ;
#235 = CARTESIAN_POINT ( 'NONE',  ( -0.6074448382802986046, 4.777036105533021271, 1.560129390037682473 ) ) ;
#236 = ORIENTED_EDGE ( 'NONE', *, *, #5064, .F. ) ;
#237 = CARTESIAN_POINT ( 'NONE',  ( 0.2288940565160177132, -1.101593916517696448, -5.363152117918899009 ) ) ;
#238 = DIRECTION ( 'NONE',  ( -1.000000000000000000, -0.000000000000000000, 0.000000000000000000 ) ) ;
#239 = DIRECTION ( 'NONE',  ( 0.000000000000000000, 0.000000000000000000, -1.000000000000000000 ) ) ;
#240 = CARTESIAN_POINT ( 'NONE',  ( 0.1630295018224065251, -4.002065456297058788, 3.736187506783035683 ) ) ;
#241 = DIRECTION ( 'NONE',  ( 0.000000000000000000, 0.000000000000000000, -1.000000000000000000 ) ) ;
#242 = CARTESIAN_POINT ( 'NONE',  ( 0.9682255742437091417, 3.938032942102189793, -3.123217765420592151 ) ) ;
#243 = AXIS2_PLACEMENT_3D ( 'NONE', #660, #3271, #1467 ) ;
#244 = CARTESIAN_POINT ( 'NONE',  ( -0.7521123038540211692, -5.158260651985942857, -1.838905281601180608 ) ) ;
#245 = ORIENTED_EDGE ( 'NONE', *, *, #874, .T. ) ;
#246 = CARTESIAN_POINT ( 'NONE',  ( -0.9766114375336356623, 3.367476254988073237, 4.318452722995161253 ) ) ;
#247 = CARTESIAN_POINT ( 'NONE',  ( 0.6074448382803032676, -4.777036105533033705, 1.560129390037648500 ) ) ;
#248 = CARTESIAN_POINT ( 'NONE',  ( 1.216873555469096146, -2.512499999999960210, -4.351777654016827590 ) ) ;
#249 = ORIENTED_EDGE ( 'NONE', *, *, #2087, .T. ) ;
#250 = CARTESIAN_POINT ( 'NONE',  ( -0.1630295018224015013, -4.002065456297009050, -3.736187506783090750 ) ) ;
#251 = EDGE_CURVE ( 'NONE', #1536, #4588, #2085, .T. ) ;
#252 = EDGE_LOOP ( 'NONE', ( #5025, #4578, #3875, #2694 ) ) ;
#253 = AXIS2_PLACEMENT_3D ( 'NONE', #1099, #3753, #3387 ) ;
#254 = CARTESIAN_POINT ( 'NONE',  ( 1.216873555470457724, -1.740180527098523552E-13, 5.475000000000316724 ) ) ;
#255 = CARTESIAN_POINT ( 'NONE',  ( 2.951763000829056837E-15, -1.833027702892645012E-14, 5.250000000000000000 ) ) ;
#256 = DIRECTION ( 'NONE',  ( -0.000000000000000000, -0.8660254037844362651, -0.5000000000000039968 ) ) ;
#257 = EDGE_CURVE ( 'NONE', #3497, #1613, #281, .T. ) ;
#258 = ORIENTED_EDGE ( 'NONE', *, *, #2960, .T. ) ;
#259 = ORIENTED_EDGE ( 'NONE', *, *, #2775, .F. ) ;
#260 = EDGE_CURVE ( 'NONE', #5692, #4019, #3528, .T. ) ;
#261 = FACE_OUTER_BOUND ( 'NONE', #631, .T. ) ;
#262 = CARTESIAN_POINT ( 'NONE',  ( 1.184161683711926649, 2.781828220606456181, -4.187225725368435292 ) ) ;
#263 = CARTESIAN_POINT ( 'NONE',  ( 2.951763000829056837E-15, -2.625000000000021760, 4.546633369868291474 ) ) ;
#264 = EDGE_LOOP ( 'NONE', ( #1468, #1802, #2630, #602 ) ) ;
#265 = DIRECTION ( 'NONE',  ( 0.000000000000000000, 0.000000000000000000, -1.000000000000000000 ) ) ;
#266 = FACE_BOUND ( 'NONE', #5059, .T. ) ;
#267 =( NAMED_UNIT ( * ) PLANE_ANGLE_UNIT ( ) SI_UNIT ( $, .RADIAN. ) );
#268 = CARTESIAN_POINT ( 'NONE',  ( 2.951763000829056837E-15, -4.546633369868282593, -2.625000000000037303 ) ) ;
#269 = CARTESIAN_POINT ( 'NONE',  ( -0.3374999999999970246, 4.894821428571431099, -1.136375018379911062 ) ) ;
#270 = CIRCLE ( 'NONE', #2392, 1.237499999999997158 ) ;
#271 = CARTESIAN_POINT ( 'NONE',  ( 0.1603182285372214966, -5.333969787213920455, 1.234662427273222285 ) ) ;
#272 = CARTESIAN_POINT ( 'NONE',  ( 2.951763000829056837E-15, 0.000000000000000000, 0.000000000000000000 ) ) ;
#273 = EDGE_LOOP ( 'NONE', ( #817, #2578 ) ) ;
#274 = EDGE_CURVE ( 'NONE', #3950, #1501, #3573, .T. ) ;
#275 = CARTESIAN_POINT ( 'NONE',  ( 0.7539527812222511782, 3.546387310455011210, 4.172780948423665315 ) ) ;
#276 = CARTESIAN_POINT ( 'NONE',  ( 1.216873555469097479, -4.431302689732403266, 2.374758597666854598 ) ) ;
#277 = CARTESIAN_POINT ( 'NONE',  ( -1.060888576746098044, -3.017419481698491168, -4.020771965135069514 ) ) ;
#278 = ORIENTED_EDGE ( 'NONE', *, *, #5360, .T. ) ;
#279 = CARTESIAN_POINT ( 'NONE',  ( 1.216873555469097701, -4.741489085719780228, -2.737500000000038902 ) ) ;
#280 = CIRCLE ( 'NONE', #1849, 1.124999999999995337 ) ;
#281 = B_SPLINE_CURVE_WITH_KNOTS ( 'NONE', 3,
 ( #1757, #4364, #813, #368, #5241, #1281, #453, #1733, #5178, #3500, #1331, #4856, #3532, #5267, #2211, #5301, #2608, #1303 ),
 .UNSPECIFIED., .F., .F.,
 ( 4, 2, 2, 2, 2, 2, 2, 2, 4 ),
 ( 0.005649204378755517952, 0.006119817975306324903, 0.006590431571857132721, 0.007061045168407939672, 0.007531658764958747490, 0.008002272361509552706, 0.008472885958060361392, 0.008943499554611168342, 0.009414113151161975293 ),
 .UNSPECIFIED. ) ;
#282 = ORIENTED_EDGE ( 'NONE', *, *, #4492, .T. ) ;
#283 = AXIS2_PLACEMENT_3D ( 'NONE', #3911, #2938, #5160 ) ;
#284 = CIRCLE ( 'NONE', #554, 4.441421356237311713 ) ;
#285 = SURFACE_STYLE_USAGE ( .BOTH. , #3010 ) ;
#286 = SPHERICAL_SURFACE ( 'NONE', #4080, 1.124999999999995115 ) ;
#287 = AXIS2_PLACEMENT_3D ( 'NONE', #1313, #4836, #4889 ) ;
#288 = DIRECTION ( 'NONE',  ( 0.000000000000000000, 1.047444401652940480E-14, -1.000000000000000000 ) ) ;
#289 = AXIS2_PLACEMENT_3D ( 'NONE', #4223, #1599, #421 ) ;
#290 =( GEOMETRIC_REPRESENTATION_CONTEXT ( 3 ) GLOBAL_UNCERTAINTY_ASSIGNED_CONTEXT ( ( #1247 ) ) GLOBAL_UNIT_ASSIGNED_CONTEXT ( ( #727, #2955, #3040 ) ) REPRESENTATION_CONTEXT ( 'NONE', 'WORKASPACE' ) );
#291 = VERTEX_POINT ( 'NONE', #3419 ) ;
#292 = ADVANCED_FACE ( 'NONE', ( #404 ), #3668, .T. ) ;
#293 = CIRCLE ( 'NONE', #2141, 1.237499999999996714 ) ;
#294 = ADVANCED_FACE ( 'NONE', ( #4414 ), #1251, .F. ) ;
#295 = AXIS2_PLACEMENT_3D ( 'NONE', #1809, #2235, #4002 ) ;
#296 = VERTEX_POINT ( 'NONE', #2105 ) ;
#297 = CIRCLE ( 'NONE', #1043, 1.124999999999995337 ) ;
#298 = CARTESIAN_POINT ( 'NONE',  ( 0.3375000000000044631, 0.000000000000000000, 0.000000000000000000 ) ) ;
#299 = CARTESIAN_POINT ( 'NONE',  ( 0.3375000000000029088, -3.608627975754051143, -4.117454205283313406 ) ) ;
#300 = ORIENTED_EDGE ( 'NONE', *, *, #931, .F. ) ;
#301 = LINE ( 'NONE', #2912, #1307 ) ;
#302 = CARTESIAN_POINT ( 'NONE',  ( -0.3374999999999970246, 3.344476566048542487, -3.750346850512918273 ) ) ;
#303 = DIRECTION ( 'NONE',  ( 0.000000000000000000, 0.000000000000000000, -1.000000000000000000 ) ) ;
#304 = CARTESIAN_POINT ( 'NONE',  ( 1.074197824755647845, 5.468900374433318667, 0.2916721915573997070 ) ) ;
#305 = DIRECTION ( 'NONE',  ( 1.000000000000000000, 0.000000000000000000, -0.000000000000000000 ) ) ;
#306 = DIRECTION ( 'NONE',  ( -1.000000000000000000, -0.000000000000000000, 0.000000000000000000 ) ) ;
#307 = EDGE_CURVE ( 'NONE', #4111, #2058, #3593, .T. ) ;
#308 = CARTESIAN_POINT ( 'NONE',  ( 0.3375000000004502732, 5.344821428571457922, -1.186806174858960672 ) ) ;
#309 = ORIENTED_EDGE ( 'NONE', *, *, #932, .F. ) ;
#310 = FACE_OUTER_BOUND ( 'NONE', #5491, .T. ) ;
#311 = DIRECTION ( 'NONE',  ( 0.000000000000000000, -1.000000000000000000, 0.000000000000000000 ) ) ;
#312 = ORIENTED_EDGE ( 'NONE', *, *, #2698, .T. ) ;
#313 = ORIENTED_EDGE ( 'NONE', *, *, #4708, .T. ) ;
#314 = VERTEX_POINT ( 'NONE', #5640 ) ;
#315 = CARTESIAN_POINT ( 'NONE',  ( 0.1145010564412869414, 1.119764795958113845, 5.359267842665080828 ) ) ;
#316 = CARTESIAN_POINT ( 'NONE',  ( -2.500000000000001332, 0.000000000000000000, -7.300000000000000711 ) ) ;
#317 = DIRECTION ( 'NONE',  ( 0.000000000000000000, 0.000000000000000000, 1.000000000000000000 ) ) ;
#318 = B_SPLINE_CURVE_WITH_KNOTS ( 'NONE', 3,
 ( #4880, #3984, #2239, #1415, #4412, #2292, #5299, #1301, #4938, #5350, #1380, #115, #2749, #3069, #3148, #2718, #5323, #2265 ),
 .UNSPECIFIED., .F., .F.,
 ( 4, 2, 2, 2, 2, 2, 2, 2, 4 ),
 ( 0.005649204378755516218, 0.006119817975306323168, 0.006590431571857130119, 0.007061045168407936203, 0.007531658764958743153, 0.008002272361509549237, 0.008472885958060357922, 0.008943499554611164873, 0.009414113151161971824 ),
 .UNSPECIFIED. ) ;
#319 = EDGE_LOOP ( 'NONE', ( #2110, #806, #3678, #3754 ) ) ;
#320 = EDGE_CURVE ( 'NONE', #5036, #3295, #2461, .T. ) ;
#321 = ADVANCED_FACE ( 'NONE', ( #4069 ), #1267, .T. ) ;
#322 = CARTESIAN_POINT ( 'NONE',  ( -0.3222421747442711926, -1.629900123589659966, -5.227146843786484531 ) ) ;
#323 = CARTESIAN_POINT ( 'NONE',  ( -0.3374999999999969691, -4.117454205283249458, -3.608627975754121753 ) ) ;
#324 = ORIENTED_EDGE ( 'NONE', *, *, #5183, .F. ) ;
#325 = CARTESIAN_POINT ( 'NONE',  ( -0.2291337308794229033, 5.195397486887797456, 1.727642638307750333 ) ) ;
#326 = CARTESIAN_POINT ( 'NONE',  ( -0.1137298752287533438, 4.787650106792877835, 1.526116461788765255 ) ) ;
#327 = CARTESIAN_POINT ( 'NONE',  ( -0.3374999999999969691, 2.625000000000053291, -4.546633369868272823 ) ) ;
#328 = EDGE_CURVE ( 'NONE', #1508, #4128, #1084, .T. ) ;
#329 = DIRECTION ( 'NONE',  ( 0.000000000000000000, 0.000000000000000000, -1.000000000000000000 ) ) ;
#330 = ORIENTED_EDGE ( 'NONE', *, *, #4312, .F. ) ;
#331 = CARTESIAN_POINT ( 'NONE',  ( -0.6182595144253175690, 3.617249411575644835, 4.110372429053047227 ) ) ;
#332 = CARTESIAN_POINT ( 'NONE',  ( 0.7525402123772519936, -1.839374689528564977, 5.158076629468512309 ) ) ;
#333 = ORIENTED_EDGE ( 'NONE', *, *, #3551, .T. ) ;
#334 = VERTEX_POINT ( 'NONE', #53 ) ;
#335 = CARTESIAN_POINT ( 'NONE',  ( -1.216873555469089929, 5.260652523382203600E-14, -5.025000000000000355 ) ) ;
#336 = AXIS2_PLACEMENT_3D ( 'NONE', #1676, #3450, #5217 ) ;
#337 = AXIS2_PLACEMENT_3D ( 'NONE', #1735, #4943, #3534 ) ;
#338 = ORIENTED_EDGE ( 'NONE', *, *, #4555, .T. ) ;
#339 = DIRECTION ( 'NONE',  ( 0.000000000000000000, 0.000000000000000000, 1.000000000000000000 ) ) ;
#340 = CARTESIAN_POINT ( 'NONE',  ( 0.3375000000000030753, -1.021228243303213379, -4.920133928571440940 ) ) ;
#341 = DIRECTION ( 'NONE',  ( -0.000000000000000000, -1.000000000000000000, -1.059690869644413521E-14 ) ) ;
#342 = SPHERICAL_SURFACE ( 'NONE', #759, 1.237499999999996936 ) ;
#343 = ORIENTED_EDGE ( 'NONE', *, *, #1354, .T. ) ;
#344 =( LENGTH_UNIT ( ) NAMED_UNIT ( * ) SI_UNIT ( .MILLI., .METRE. ) );
#345 = CARTESIAN_POINT ( 'NONE',  ( 1.216873555469097479, 4.741489085719798879, 2.737500000000006040 ) ) ;
#346 = ORIENTED_EDGE ( 'NONE', *, *, #3016, .F. ) ;
#347 = EDGE_CURVE ( 'NONE', #2364, #1642, #707, .T. ) ;
#348 = CARTESIAN_POINT ( 'NONE',  ( -0.3374999999999970246, -1.575657362522887572, -4.771575093816236013 ) ) ;
#349 = CARTESIAN_POINT ( 'NONE',  ( 0.3375000000000030753, 3.344476566048542487, -3.750346850512918273 ) ) ;
#350 = DIRECTION ( 'NONE',  ( -1.000000000000000000, -0.000000000000000000, -0.000000000000000000 ) ) ;
#351 = DIRECTION ( 'NONE',  ( 0.000000000000000000, 3.491481338843134144E-15, -1.000000000000000000 ) ) ;
#352 = CARTESIAN_POINT ( 'NONE',  ( 0.3375000000000029088, 4.117454205283276103, 3.608627975754093331 ) ) ;
#353 = CARTESIAN_POINT ( 'NONE',  ( -0.3219498304303023417, -5.341759899496159925, 1.202194443784616595 ) ) ;
#354 = DIRECTION ( 'NONE',  ( 0.000000000000000000, 1.224646799147353947E-16, -1.000000000000000000 ) ) ;
#355 = ORIENTED_EDGE ( 'NONE', *, *, #2632, .F. ) ;
#356 = EDGE_CURVE ( 'NONE', #5520, #5170, #800, .T. ) ;
#357 = ADVANCED_FACE ( 'NONE', ( #513 ), #1816, .F. ) ;
#358 = ADVANCED_FACE ( 'NONE', ( #5388 ), #1417, .F. ) ;
#359 = CARTESIAN_POINT ( 'NONE',  ( 0.3375000000000044631, 0.000000000000000000, 0.000000000000000000 ) ) ;
#360 = CARTESIAN_POINT ( 'NONE',  ( -1.216873555470451729, -2.737500000000046008, 4.741489085720139940 ) ) ;
#361 = ORIENTED_EDGE ( 'NONE', *, *, #3124, .F. ) ;
#362 = ORIENTED_EDGE ( 'NONE', *, *, #4110, .T. ) ;
#363 = DIRECTION ( 'NONE',  ( 0.000000000000000000, 0.5000000000000011102, -0.8660254037844380415 ) ) ;
#364 = ORIENTED_EDGE ( 'NONE', *, *, #3907, .T. ) ;
#365 = AXIS2_PLACEMENT_3D ( 'NONE', #4894, #3225, #1055 ) ;
#366 = DIRECTION ( 'NONE',  ( -0.000000000000000000, -0.4999999999999887867, -0.8660254037844451469 ) ) ;
#367 = CARTESIAN_POINT ( 'NONE',  ( 1.237499999999999822, 5.250000000000000000, 0.000000000000000000 ) ) ;
#368 = CARTESIAN_POINT ( 'NONE',  ( -1.060132804264166673, 4.019910896282886448, 3.018596205566928870 ) ) ;
#369 = CARTESIAN_POINT ( 'NONE',  ( -0.1630295018224029446, 4.002065456297034807, 3.736187506783064105 ) ) ;
#370 = CARTESIAN_POINT ( 'NONE',  ( 2.499999999999997780, 4.300000000000001599, 0.000000000000000000 ) ) ;
#371 = DIRECTION ( 'NONE',  ( 0.000000000000000000, 0.000000000000000000, -1.000000000000000000 ) ) ;
#372 = EDGE_CURVE ( 'NONE', #3497, #1093, #4214, .T. ) ;
#373 = AXIS2_PLACEMENT_3D ( 'NONE', #773, #3885, #5661 ) ;
#374 = CIRCLE ( 'NONE', #1866, 1.124999999999994893 ) ;
#375 = ORIENTED_EDGE ( 'NONE', *, *, #3272, .F. ) ;
#377 = CIRCLE ( 'NONE', #3622, 1.237499999999996714 ) ;
#376 = B_SPLINE_CURVE_WITH_KNOTS ( 'NONE', 3,
 ( #2618, #1289, #2171, #524, #5278, #2277, #3049, #4372, #1315, #4838, #887, #3994, #2642, #1369, #3542, #3131, #207, #4132 ),
 .UNSPECIFIED., .F., .F.,
 ( 4, 2, 2, 2, 2, 2, 2, 2, 4 ),
 ( 0.001924500009533365195, 0.002405502955712158185, 0.002886505901890951825, 0.003367508848069744598, 0.003848511794248538238, 0.004329514740427331011, 0.004810517686606124652, 0.005291520632784917424, 0.005772523578963711065 ),
 .UNSPECIFIED. ) ;
#378 = AXIS2_PLACEMENT_3D ( 'NONE', #2064, #3400, #2468 ) ;
#379 = CIRCLE ( 'NONE', #3434, 1.073181601594058732 ) ;
#380 = AXIS2_PLACEMENT_3D ( 'NONE', #4053, #4868, #4400 ) ;
#381 = VECTOR ( 'NONE', #3606, 1000.000000000000000 ) ;
#382 = FILL_AREA_STYLE_COLOUR ( '', #5694 ) ;
#383 = CARTESIAN_POINT ( 'NONE',  ( 1.072948101922715836, 5.018623270731837671, 0.2852563484668578231 ) ) ;
#384 = ORIENTED_EDGE ( 'NONE', *, *, #1080, .T. ) ;
#385 = CARTESIAN_POINT ( 'NONE',  ( 1.065679434814408744, -5.023007587397374074, 2.183470217807346625 ) ) ;
#386 = DIRECTION ( 'NONE',  ( 1.000000000000000000, 0.000000000000000000, -0.000000000000000000 ) ) ;
#387 = DIRECTION ( 'NONE',  ( 0.000000000000000000, -1.224646799147353207E-16, 1.000000000000000000 ) ) ;
#388 = CARTESIAN_POINT ( 'NONE',  ( -2.300000000000002043, 0.000000000000000000, 0.000000000000000000 ) ) ;
#389 = DIRECTION ( 'NONE',  ( -1.000000000000000000, -0.000000000000000000, 0.000000000000000000 ) ) ;
#390 = AXIS2_PLACEMENT_3D ( 'NONE', #3218, #4311, #351 ) ;
#391 = CIRCLE ( 'NONE', #5473, 1.073181601594058732 ) ;
#392 = DIRECTION ( 'NONE',  ( 0.000000000000000000, -1.000000000000000000, 0.000000000000000000 ) ) ;
#393 = CARTESIAN_POINT ( 'NONE',  ( -1.216873555469091261, -2.737499999999956302, -4.741489085719827301 ) ) ;
#394 = VERTEX_POINT ( 'NONE', #2752 ) ;
#395 = CARTESIAN_POINT ( 'NONE',  ( -0.1145010564392983654, -3.649378680895902338, 4.081379699453805188 ) ) ;
#396 = CARTESIAN_POINT ( 'NONE',  ( 0.9774912523502911066, -0.7563220946942739165, 5.423762760077583955 ) ) ;
#397 = ORIENTED_EDGE ( 'NONE', *, *, #659, .T. ) ;
#398 = EDGE_LOOP ( 'NONE', ( #1995, #692, #2169, #1638 ) ) ;
#399 = DIRECTION ( 'NONE',  ( 0.000000000000000000, 1.776356839400256381E-15, 1.000000000000000000 ) ) ;
#400 = EDGE_CURVE ( 'NONE', #1388, #4038, #4345, .T. ) ;
#401 = ADVANCED_FACE ( 'NONE', ( #4530 ), #572, .F. ) ;
#402 = VERTEX_POINT ( 'NONE', #5412 ) ;
#403 = CARTESIAN_POINT ( 'NONE',  ( 0.6073178872976484621, -1.037519463398079100, -4.917076161162515113 ) ) ;
#404 = FACE_OUTER_BOUND ( 'NONE', #4307, .T. ) ;
#405 = CARTESIAN_POINT ( 'NONE',  ( 2.951763000829056837E-15, -4.546633369868319008, 2.624999999999973799 ) ) ;
#406 = CYLINDRICAL_SURFACE ( 'NONE', #1593, 4.500000000000001776 ) ;
#407 = EDGE_CURVE ( 'NONE', #3993, #2153, #3936, .T. ) ;
#408 = ORIENTED_EDGE ( 'NONE', *, *, #3963, .F. ) ;
#409 = EDGE_CURVE ( 'NONE', #5259, #4860, #3026, .T. ) ;
#410 = CARTESIAN_POINT ( 'NONE',  ( 0.3375000000000044631, 4.894821428571431099, -1.136375018379914836 ) ) ;
#411 = ORIENTED_EDGE ( 'NONE', *, *, #1146, .F. ) ;
#412 = CARTESIAN_POINT ( 'NONE',  ( -19.92709219242683361, 0.000000000000000000, 0.000000000000000000 ) ) ;
#413 = DIRECTION ( 'NONE',  ( -1.000000000000000000, -0.000000000000000000, -0.000000000000000000 ) ) ;
#414 = DIRECTION ( 'NONE',  ( 0.000000000000000000, -0.5000000000000041078, 0.8660254037844362651 ) ) ;
#415 = FACE_OUTER_BOUND ( 'NONE', #3409, .T. ) ;
#416 = CARTESIAN_POINT ( 'NONE',  ( -19.92709219242683361, 0.000000000000000000, -5.025000000000000355 ) ) ;
#417 = EDGE_LOOP ( 'NONE', ( #3097, #4525 ) ) ;
#418 = CYLINDRICAL_SURFACE ( 'NONE', #4777, 5.025000000000000355 ) ;
#419 = DIRECTION ( 'NONE',  ( 1.000000000000000000, 0.000000000000000000, -0.000000000000000000 ) ) ;
#420 = ORIENTED_EDGE ( 'NONE', *, *, #579, .T. ) ;
#421 = DIRECTION ( 'NONE',  ( 0.000000000000000000, 0.000000000000000000, -1.000000000000000000 ) ) ;
#422 = DIRECTION ( 'NONE',  ( 0.000000000000000000, 0.000000000000000000, -1.000000000000000000 ) ) ;
#423 = CARTESIAN_POINT ( 'NONE',  ( -0.2288706956799328451, -4.782349675994534977, 1.543028613918602687 ) ) ;
#424 = VERTEX_POINT ( 'NONE', #598 ) ;
#425 = ORIENTED_EDGE ( 'NONE', *, *, #1845, .F. ) ;
#426 = SURFACE_STYLE_FILL_AREA ( #3498 ) ;
#427 = CARTESIAN_POINT ( 'NONE',  ( -0.6093760513610128049, -1.036505035817470555, -4.917295853251179238 ) ) ;
#428 = ADVANCED_FACE ( 'NONE', ( #3986 ), #1276, .T. ) ;
#429 = CARTESIAN_POINT ( 'NONE',  ( 2.299999999999997158, 0.000000000000000000, -3.000000000000002665 ) ) ;
#430 = PLANE ( 'NONE',  #337 ) ;
#431 = CARTESIAN_POINT ( 'NONE',  ( 2.951763000829056837E-15, 0.000000000000000000, 0.000000000000000000 ) ) ;
#432 = AXIS2_PLACEMENT_3D ( 'NONE', #5414, #575, #2453 ) ;
#433 = VERTEX_POINT ( 'NONE', #1790 ) ;
#434 = ADVANCED_FACE ( 'NONE', ( #4910 ), #4441, .F. ) ;
#435 = B_SPLINE_CURVE_WITH_KNOTS ( 'NONE', 3,
 ( #2155, #1190, #1724, #1641, #423, #1214 ),
 .UNSPECIFIED., .F., .F.,
 ( 4, 2, 4 ),
 ( 0.003069521843240041129, 0.003410565456215181902, 0.003751609069190323109 ),
 .UNSPECIFIED. ) ;
#436 = CARTESIAN_POINT ( 'NONE',  ( -1.102270384252691748, 5.025000000000000355, -6.583561602632016800E-15 ) ) ;
#437 = ORIENTED_EDGE ( 'NONE', *, *, #3928, .F. ) ;
#438 = CIRCLE ( 'NONE', #4877, 5.475000000000002309 ) ;
#439 = CARTESIAN_POINT ( 'NONE',  ( -0.1603182285372142801, -5.236684552382552482, 1.597735866490162193 ) ) ;
#440 = CARTESIAN_POINT ( 'NONE',  ( 0.9682255742437096968, 3.123217765420634340, 3.938032942102158707 ) ) ;
#441 = CARTESIAN_POINT ( 'NONE',  ( 0.3375000000000029088, -3.608627975754051143, -4.117454205283313406 ) ) ;
#442 = VERTEX_POINT ( 'NONE', #958 ) ;
#443 = PRESENTATION_STYLE_ASSIGNMENT (( #4843 ) ) ;
#444 = CARTESIAN_POINT ( 'NONE',  ( -0.7539386004181364287, -3.546371439658971170, -4.172790416570669514 ) ) ;
#445 = EDGE_LOOP ( 'NONE', ( #1078, #4320, #1178, #765, #1010, #4188 ) ) ;
#446 = CARTESIAN_POINT ( 'NONE',  ( 0.1578090310811190444, 1.418333126981369485, 4.820680050771471770 ) ) ;
#447 = CARTESIAN_POINT ( 'NONE',  ( -1.216873555469090151, -2.376468353196368621, -4.430315561917186784 ) ) ;
#448 = CARTESIAN_POINT ( 'NONE',  ( -1.059998554186540431, 1.971765687694830627, -4.624265706669780762 ) ) ;
#449 = EDGE_LOOP ( 'NONE', ( #4303, #5417, #2573, #3108 ) ) ;
#450 = ORIENTED_EDGE ( 'NONE', *, *, #1000, .T. ) ;
#451 = CARTESIAN_POINT ( 'NONE',  ( 0.2290589410532243297, 4.782331004557250687, -1.543085156773181588 ) ) ;
#452 = DIRECTION ( 'NONE',  ( 0.000000000000000000, 0.000000000000000000, -1.000000000000000000 ) ) ;
#453 = CARTESIAN_POINT ( 'NONE',  ( -0.6073178875565878876, 3.739553136311716486, 3.357056292692544019 ) ) ;
#454 = CARTESIAN_POINT ( 'NONE',  ( -0.9768424931114942922, 4.318622634113494563, 3.367263331461685993 ) ) ;
#455 = DIRECTION ( 'NONE',  ( 0.000000000000000000, 0.000000000000000000, -1.000000000000000000 ) ) ;
#456 = CARTESIAN_POINT ( 'NONE',  ( -0.3374999999999975242, 0.000000000000000000, 0.000000000000000000 ) ) ;
#457 = AXIS2_PLACEMENT_3D ( 'NONE', #1170, #1135, #5585 ) ;
#458 = ORIENTED_EDGE ( 'NONE', *, *, #4277, .F. ) ;
#459 = AXIS2_PLACEMENT_3D ( 'NONE', #2844, #256, #4249 ) ;
#460 = EDGE_CURVE ( 'NONE', #2, #5334, #1729, .T. ) ;
#461 = EDGE_CURVE ( 'NONE', #3301, #3491, #695, .T. ) ;
#462 = CIRCLE ( 'NONE', #1221, 1.073181601594058732 ) ;
#463 = CIRCLE ( 'NONE', #4905, 0.1999999999999987899 ) ;
#464 = CARTESIAN_POINT ( 'NONE',  ( 0.5880801158624422431, 4.910930150305443220, -1.066988314998355669 ) ) ;
#465 = ORIENTED_EDGE ( 'NONE', *, *, #1527, .F. ) ;
#466 = DIRECTION ( 'NONE',  ( 0.000000000000000000, -0.8660254037844345998, -0.5000000000000069944 ) ) ;
#467 = CARTESIAN_POINT ( 'NONE',  ( -1.216873555469089929, 2.512499999999990408, 4.351777654016809826 ) ) ;
#468 = LINE ( 'NONE', #3190, #5286 ) ;
#469 = PRESENTATION_LAYER_ASSIGNMENT (  '', '', ( #2972 ) ) ;
#470 = AXIS2_PLACEMENT_3D ( 'NONE', #3878, #3027, #5683 ) ;
#471 = MECHANICAL_DESIGN_GEOMETRIC_PRESENTATION_REPRESENTATION (  '', ( #4354 ), #3530 ) ;
#472 = EDGE_CURVE ( 'NONE', #4476, #2537, #713, .T. ) ;
#473 = EDGE_LOOP ( 'NONE', ( #121, #3222, #49, #91 ) ) ;
#474 = CARTESIAN_POINT ( 'NONE',  ( 0.6182595144253233421, 3.617249411575702123, -4.110372429052998378 ) ) ;
#475 = FACE_OUTER_BOUND ( 'NONE', #5287, .T. ) ;
#476 = CARTESIAN_POINT ( 'NONE',  ( -0.3374999999999969691, 5.183890602451917573, -1.761505952817275622 ) ) ;
#477 = AXIS2_PLACEMENT_3D ( 'NONE', #1808, #2257, #2284 ) ;
#478 = AXIS2_PLACEMENT_3D ( 'NONE', #3745, #3285, #1510 ) ;
#479 = CARTESIAN_POINT ( 'NONE',  ( 0.3375000000000029643, -4.546633369868282593, -2.625000000000037303 ) ) ;
#480 = DIRECTION ( 'NONE',  ( 0.000000000000000000, 0.000000000000000000, -1.000000000000000000 ) ) ;
#481 = VERTEX_POINT ( 'NONE', #2013 ) ;
#482 = EDGE_CURVE ( 'NONE', #291, #523, #4587, .T. ) ;
#483 =( LENGTH_UNIT ( ) NAMED_UNIT ( * ) SI_UNIT ( .MILLI., .METRE. ) );
#484 = EDGE_LOOP ( 'NONE', ( #1711, #2373 ) ) ;
#485 = PRESENTATION_STYLE_ASSIGNMENT (( #4439 ) ) ;
#486 = DIRECTION ( 'NONE',  ( -1.000000000000000000, -0.000000000000000000, 0.000000000000000000 ) ) ;
#487 = CARTESIAN_POINT ( 'NONE',  ( -2.300000000000001599, 0.000000000000000000, 0.000000000000000000 ) ) ;
#488 = SPHERICAL_SURFACE ( 'NONE', #1085, 1.124999999999995115 ) ;
#489 = ORIENTED_EDGE ( 'NONE', *, *, #4490, .T. ) ;
#490 = CARTESIAN_POINT ( 'NONE',  ( -0.3374999999999969691, 5.499083108677935350E-14, -5.250000000000000000 ) ) ;
#491 = ORIENTED_EDGE ( 'NONE', *, *, #4774, .F. ) ;
#492 = CARTESIAN_POINT ( 'NONE',  ( -1.216873555469091261, -4.822257274929831361, 2.597605392652892142 ) ) ;
#493 = DIRECTION ( 'NONE',  ( 0.000000000000000000, -1.047444401652940480E-14, 1.000000000000000000 ) ) ;
#494 = DIRECTION ( 'NONE',  ( -1.000000000000000000, -0.000000000000000000, 0.000000000000000000 ) ) ;
#495 = EDGE_CURVE ( 'NONE', #875, #4694, #4686, .T. ) ;
#496 = EDGE_CURVE ( 'NONE', #5271, #2769, #4835, .T. ) ;
#497 = DIRECTION ( 'NONE',  ( 0.000000000000000000, 1.000000000000000000, 0.000000000000000000 ) ) ;
#498 = B_SPLINE_CURVE_WITH_KNOTS ( 'NONE', 3,
 ( #4232, #3806, #5577, #3430, #5197, #1745, #1422, #2726, #2113, #2560, #988, #1391, #3161, #1882, #797, #3914, #4917, #4048 ),
 .UNSPECIFIED., .F., .F.,
 ( 4, 2, 2, 2, 2, 2, 2, 2, 4 ),
 ( 0.001883778963244802079, 0.002354457140183636304, 0.002825135317122470964, 0.003295813494061305190, 0.003766491671000139416, 0.004237169847938974075, 0.004707848024877808735, 0.005178526201816642527, 0.005649204378755477186 ),
 .UNSPECIFIED. ) ;
#499 = ORIENTED_EDGE ( 'NONE', *, *, #4189, .F. ) ;
#500 = CARTESIAN_POINT ( 'NONE',  ( -1.066282750803719370, 3.257152822151328841, -4.403264907450112453 ) ) ;
#501 = DIRECTION ( 'NONE',  ( 0.000000000000000000, 1.171912114608644369E-14, 1.000000000000000000 ) ) ;
#502 = ORIENTED_EDGE ( 'NONE', *, *, #5498, .T. ) ;
#503 = DIRECTION ( 'NONE',  ( 0.000000000000000000, 0.000000000000000000, -1.000000000000000000 ) ) ;
#504 = FACE_OUTER_BOUND ( 'NONE', #4184, .T. ) ;
#505 = CARTESIAN_POINT ( 'NONE',  ( 0.3375000000000044631, 0.000000000000000000, 0.000000000000000000 ) ) ;
#506 = EDGE_CURVE ( 'NONE', #4128, #1508, #4487, .T. ) ;
#507 = VERTEX_POINT ( 'NONE', #3291 ) ;
#508 = CARTESIAN_POINT ( 'NONE',  ( 0.1479685831872706026, 5.359310977511107410, -1.119558333226206459 ) ) ;
#509 = ORIENTED_EDGE ( 'NONE', *, *, #2060, .F. ) ;
#510 = DIRECTION ( 'NONE',  ( 0.000000000000000000, 0.000000000000000000, -1.000000000000000000 ) ) ;
#511 = PRODUCT_RELATED_PRODUCT_CATEGORY ( 'part', '', ( #3354 ) ) ;
#512 = PLANE ( 'NONE',  #3526 ) ;
#513 = FACE_OUTER_BOUND ( 'NONE', #3967, .T. ) ;
#514 = CARTESIAN_POINT ( 'NONE',  ( 2.951763000829056837E-15, 0.000000000000000000, 0.000000000000000000 ) ) ;
#515 = CARTESIAN_POINT ( 'NONE',  ( -1.216873555469090595, -2.650222503234678673, 4.272263529700793150 ) ) ;
#516 = AXIS2_PLACEMENT_3D ( 'NONE', #1534, #4639, #672 ) ;
#517 = EDGE_LOOP ( 'NONE', ( #2393, #1432, #2462, #1683 ) ) ;
#518 = AXIS2_PLACEMENT_3D ( 'NONE', #3380, #1206, #2998 ) ;
#519 = CYLINDRICAL_SURFACE ( 'NONE', #5564, 5.475000000000000533 ) ;
#520 = AXIS2_PLACEMENT_3D ( 'NONE', #4620, #3321, #2385 ) ;
#521 = ADVANCED_FACE ( 'NONE', ( #2949 ), #1961, .F. ) ;
#522 = FACE_OUTER_BOUND ( 'NONE', #4332, .T. ) ;
#523 = VERTEX_POINT ( 'NONE', #719 ) ;
#524 = CARTESIAN_POINT ( 'NONE',  ( -1.065679434814402970, 2.183470217807436331, -5.023007587397335882 ) ) ;
#525 = CARTESIAN_POINT ( 'NONE',  ( 0.9682255742437100299, -3.938032942102169809, 3.123217765420619241 ) ) ;
#526 = CARTESIAN_POINT ( 'NONE',  ( 2.951763000829056837E-15, -2.624999999999958256, -4.546633369868327001 ) ) ;
#527 = DIRECTION ( 'NONE',  ( 1.000000000000000000, 0.000000000000000000, -0.000000000000000000 ) ) ;
#528 = CARTESIAN_POINT ( 'NONE',  ( -19.92709219242683361, 0.000000000000000000, 0.000000000000000000 ) ) ;
#529 = SPHERICAL_SURFACE ( 'NONE', #5090, 1.124999999999995115 ) ;
#530 = CARTESIAN_POINT ( 'NONE',  ( -0.3374999999999969691, 3.608627975754078232, 4.117454205283287649 ) ) ;
#531 = ORIENTED_EDGE ( 'NONE', *, *, #4216, .F. ) ;
#532 = FACE_OUTER_BOUND ( 'NONE', #3704, .T. ) ;
#533 = CARTESIAN_POINT ( 'NONE',  ( -0.1630295018219696801, -5.333984106152898974, -1.234600566027770130 ) ) ;
#534 = CARTESIAN_POINT ( 'NONE',  ( 0.1561588338129597520, 1.418131903941078686, -4.820739249744094401 ) ) ;
#535 = VERTEX_POINT ( 'NONE', #2047 ) ;
#536 = ADVANCED_FACE ( 'NONE', ( #4655 ), #3699, .T. ) ;
#537 = EDGE_LOOP ( 'NONE', ( #531, #2252, #57, #1667 ) ) ;
#538 = EDGE_CURVE ( 'NONE', #5334, #5170, #5060, .T. ) ;
#539 = CARTESIAN_POINT ( 'NONE',  ( -0.7539386004179619016, -0.9848525497150620867, -5.386928225247908486 ) ) ;
#540 = CARTESIAN_POINT ( 'NONE',  ( -0.3374999999999969691, 5.025000000000001243, 0.000000000000000000 ) ) ;
#541 = CARTESIAN_POINT ( 'NONE',  ( 2.499999999999996891, -9.062386313690412402E-16, 7.300000000000000711 ) ) ;
#542 = DIRECTION ( 'NONE',  ( 1.000000000000000000, 0.000000000000000000, -0.000000000000000000 ) ) ;
#543 = CARTESIAN_POINT ( 'NONE',  ( 0.1605426051907946627, 1.234632805375195375, -5.333976643754874125 ) ) ;
#544 = ORIENTED_EDGE ( 'NONE', *, *, #5028, .F. ) ;
#545 = FACE_OUTER_BOUND ( 'NONE', #1725, .T. ) ;
#546 = CIRCLE ( 'NONE', #5547, 1.124999999999994893 ) ;
#547 = FACE_OUTER_BOUND ( 'NONE', #987, .T. ) ;
#548 = EDGE_LOOP ( 'NONE', ( #1397, #5606, #882, #1932 ) ) ;
#549 = CARTESIAN_POINT ( 'NONE',  ( -1.216873555469091261, 2.737499999999989608, 4.741489085719808649 ) ) ;
#550 = CARTESIAN_POINT ( 'NONE',  ( 1.216873555469096146, -5.025000000000000355, 2.755315672134857944E-17 ) ) ;
#551 = CARTESIAN_POINT ( 'NONE',  ( 2.951763000829056837E-15, 4.546633369868299468, 2.625000000000005329 ) ) ;
#552 = AXIS2_PLACEMENT_3D ( 'NONE', #5101, #1505, #2908 ) ;
#553 = AXIS2_PLACEMENT_3D ( 'NONE', #4724, #766, #2528 ) ;
#554 = AXIS2_PLACEMENT_3D ( 'NONE', #4271, #4735, #3411 ) ;
#555 =( NAMED_UNIT ( * ) SI_UNIT ( $, .STERADIAN. ) SOLID_ANGLE_UNIT ( ) );
#556 = CARTESIAN_POINT ( 'NONE',  ( -1.216873555469091261, -1.923259570289364924E-14, 5.475000000000001421 ) ) ;
#557 = CARTESIAN_POINT ( 'NONE',  ( 2.951763000829056837E-15, -4.546633369868319008, 2.624999999999973799 ) ) ;
#558 = ORIENTED_EDGE ( 'NONE', *, *, #3192, .T. ) ;
#559 = CARTESIAN_POINT ( 'NONE',  ( 1.124999999999998224, -2.624999999999958256, -4.546633369868327001 ) ) ;
#560 = DIRECTION ( 'NONE',  ( 1.000000000000000000, 0.000000000000000000, -0.000000000000000000 ) ) ;
#561 = CIRCLE ( 'NONE', #1126, 0.2000000000000005107 ) ;
#562 = FACE_OUTER_BOUND ( 'NONE', #2521, .T. ) ;
#563 = AXIS2_PLACEMENT_3D ( 'NONE', #924, #1463, #2240 ) ;
#564 = ORIENTED_EDGE ( 'NONE', *, *, #1286, .F. ) ;
#565 = AXIS2_PLACEMENT_3D ( 'NONE', #1235, #737, #5621 ) ;
#566 = CARTESIAN_POINT ( 'NONE',  ( -0.6066795256469323938, 1.037906306358353792, -4.916994269710296628 ) ) ;
#567 = ORIENTED_EDGE ( 'NONE', *, *, #3539, .T. ) ;
#568 = AXIS2_PLACEMENT_3D ( 'NONE', #4819, #2202, #1375 ) ;
#569 = AXIS2_PLACEMENT_3D ( 'NONE', #5051, #4734, #2011 ) ;
#570 = CARTESIAN_POINT ( 'NONE',  ( 1.216873555469097701, 5.025000000000000355, 0.2607911377431697542 ) ) ;
#571 = CARTESIAN_POINT ( 'NONE',  ( -0.3374999999999969691, -1.833027702892645012E-14, 5.250000000000000000 ) ) ;
#572 = PLANE ( 'NONE',  #5698 ) ;
#573 = VERTEX_POINT ( 'NONE', #5147 ) ;
#574 = CARTESIAN_POINT ( 'NONE',  ( -0.7521123038540215022, 5.158260651985952627, 1.838905281601144859 ) ) ;
#575 = DIRECTION ( 'NONE',  ( 0.000000000000000000, -1.000000000000000000, -1.224646799147353207E-16 ) ) ;
#576 = CARTESIAN_POINT ( 'NONE',  ( 0.1160098895142586267, 3.715543477065459399, -3.383099418866660546 ) ) ;
#577 = EDGE_CURVE ( 'NONE', #4837, #101, #3799, .T. ) ;
#578 = AXIS2_PLACEMENT_3D ( 'NONE', #1677, #3903, #5218 ) ;
#579 = EDGE_CURVE ( 'NONE', #3625, #2124, #5590, .T. ) ;
#580 = CIRCLE ( 'NONE', #3256, 6.058578643762684734 ) ;
#581 = EDGE_LOOP ( 'NONE', ( #2451, #259, #2014, #3708 ) ) ;
#582 = CARTESIAN_POINT ( 'NONE',  ( 0.3375000000000029088, 1.761505952817403520, -5.183890602451876717 ) ) ;
#583 = CARTESIAN_POINT ( 'NONE',  ( 1.185664645333967204, 0.3225138123007962321, 5.467519656380324555 ) ) ;
#584 = ORIENTED_EDGE ( 'NONE', *, *, #3125, .T. ) ;
#585 = CARTESIAN_POINT ( 'NONE',  ( 1.216873555469063062, 2.598251301820903247, 4.821884359097800221 ) ) ;
#586 = CARTESIAN_POINT ( 'NONE',  ( 1.216873555469098145, -2.877404942410779487, 4.660714929557980390 ) ) ;
#587 = DIRECTION ( 'NONE',  ( 0.000000000000000000, 0.000000000000000000, -1.000000000000000000 ) ) ;
#588 = DIRECTION ( 'NONE',  ( 0.000000000000000000, 0.000000000000000000, -1.000000000000000000 ) ) ;
#589 = EDGE_LOOP ( 'NONE', ( #684, #2082, #1568, #3721 ) ) ;
#590 = CARTESIAN_POINT ( 'NONE',  ( -1.124999999999992006, -2.624999999999958256, -4.546633369868327001 ) ) ;
#591 = CARTESIAN_POINT ( 'NONE',  ( 2.951763000829056837E-15, -2.625000000000021760, 4.546633369868291474 ) ) ;
#592 = CARTESIAN_POINT ( 'NONE',  ( -3.499999999999999556, 0.000000000000000000, 0.000000000000000000 ) ) ;
#593 = ORIENTED_EDGE ( 'NONE', *, *, #230, .F. ) ;
#594 = DIRECTION ( 'NONE',  ( 1.000000000000000000, 0.000000000000000000, 0.000000000000000000 ) ) ;
#595 = ORIENTED_EDGE ( 'NONE', *, *, #1560, .F. ) ;
#596 = DIRECTION ( 'NONE',  ( 1.000000000000000000, 0.000000000000000000, -0.000000000000000000 ) ) ;
#597 = CARTESIAN_POINT ( 'NONE',  ( 0.1578090310811183505, -4.820680050771477099, 1.418333126981353054 ) ) ;
#598 = CARTESIAN_POINT ( 'NONE',  ( -1.216873555469089929, -1.751713777844626440E-14, 5.025000000000000355 ) ) ;
#599 = ORIENTED_EDGE ( 'NONE', *, *, #5034, .T. ) ;
#600 = CARTESIAN_POINT ( 'NONE',  ( 2.951763000829056837E-15, -2.625000000000021760, 4.546633369868291474 ) ) ;
#601 = CARTESIAN_POINT ( 'NONE',  ( 0.3375000000000029088, -5.370133928571432236, 1.066436397168616601 ) ) ;
#602 = ORIENTED_EDGE ( 'NONE', *, *, #4977, .F. ) ;
#603 = EDGE_CURVE ( 'NONE', #481, #4050, #3304, .T. ) ;
#604 = CARTESIAN_POINT ( 'NONE',  ( -0.3374999999999970246, -4.920133928571429394, 1.021228243303264893 ) ) ;
#605 = EDGE_LOOP ( 'NONE', ( #4800, #5636 ) ) ;
#606 = EDGE_CURVE ( 'NONE', #1089, #3202, #5625, .T. ) ;
#607 = VERTEX_POINT ( 'NONE', #799 ) ;
#608 = CARTESIAN_POINT ( 'NONE',  ( 0.3375000000000029088, 5.183890602451894480, 1.761505952817349119 ) ) ;
#609 = CARTESIAN_POINT ( 'NONE',  ( 0.3375000000000029643, 5.025000000000001243, 0.000000000000000000 ) ) ;
#610 = AXIS2_PLACEMENT_3D ( 'NONE', #3832, #2561, #3856 ) ;
#611 =( GEOMETRIC_REPRESENTATION_CONTEXT ( 3 ) GLOBAL_UNCERTAINTY_ASSIGNED_CONTEXT ( ( #4659 ) ) GLOBAL_UNIT_ASSIGNED_CONTEXT ( ( #4104, #2127, #5210 ) ) REPRESENTATION_CONTEXT ( 'NONE', 'WORKASPACE' ) );
#612 = FACE_OUTER_BOUND ( 'NONE', #3822, .T. ) ;
#613 = CARTESIAN_POINT ( 'NONE',  ( -1.111131749536184987, 5.001388009994378159, 0.5015593188994341700 ) ) ;
#614 = VERTEX_POINT ( 'NONE', #5230 ) ;
#615 = DIRECTION ( 'NONE',  ( 0.000000000000000000, -0.8660254037844417052, 0.4999999999999947820 ) ) ;
#616 = FACE_OUTER_BOUND ( 'NONE', #2776, .T. ) ;
#617 = CARTESIAN_POINT ( 'NONE',  ( -0.3374999999999969691, 5.025000000000001243, 0.000000000000000000 ) ) ;
#618 = AXIS2_PLACEMENT_3D ( 'NONE', #3833, #2151, #1208 ) ;
#619 = DIRECTION ( 'NONE',  ( -1.000000000000000000, -0.000000000000000000, 0.000000000000000000 ) ) ;
#620 = ORIENTED_EDGE ( 'NONE', *, *, #3333, .T. ) ;
#621 = CARTESIAN_POINT ( 'NONE',  ( 1.216873555470457724, 4.741489085720187902, -2.737499999999962963 ) ) ;
#622 = CARTESIAN_POINT ( 'NONE',  ( 1.184325193566459822, -4.502740015386090811, 2.235402784039985047 ) ) ;
#623 = CLOSED_SHELL ( 'NONE', ( #861, #1980, #3981, #3407, #76, #1064, #4360, #4536, #3666, #292, #1162, #5061, #5216, #2096, #5423, #2552, #1218, #4553, #1489, #3019, #5600, #5224 ) ) ;
#624 = DIRECTION ( 'NONE',  ( -1.000000000000000000, -0.000000000000000000, 0.000000000000000000 ) ) ;
#625 = EDGE_LOOP ( 'NONE', ( #4291, #3807, #1455, #908 ) ) ;
#626 = PRESENTATION_STYLE_ASSIGNMENT (( #1443 ) ) ;
#627 = EDGE_LOOP ( 'NONE', ( #509, #1975 ) ) ;
#628 = CARTESIAN_POINT ( 'NONE',  ( 0.3375000000000029088, -5.183890602451882934, -1.761505952817385756 ) ) ;
#629 = DIRECTION ( 'NONE',  ( 0.000000000000000000, 0.000000000000000000, -1.000000000000000000 ) ) ;
#630 = ORIENTED_EDGE ( 'NONE', *, *, #827, .T. ) ;
#631 = EDGE_LOOP ( 'NONE', ( #3118, #820, #777, #5695 ) ) ;
#632 = CARTESIAN_POINT ( 'NONE',  ( 2.951763000829056837E-15, 5.499083108677935350E-14, -5.250000000000000000 ) ) ;
#633 = CARTESIAN_POINT ( 'NONE',  ( 1.216873555469097701, -2.737500000000022471, 4.741489085719789109 ) ) ;
#634 = DIRECTION ( 'NONE',  ( 0.000000000000000000, 0.000000000000000000, -1.000000000000000000 ) ) ;
#635 = ADVANCED_FACE ( 'NONE', ( #1636 ), #4348, .T. ) ;
#636 = ADVANCED_FACE ( 'NONE', ( #2563 ), #3858, .T. ) ;
#637 =( LENGTH_UNIT ( ) NAMED_UNIT ( * ) SI_UNIT ( .MILLI., .METRE. ) );
#638 = AXIS2_PLACEMENT_3D ( 'NONE', #2100, #1101, #2867 ) ;
#639 = B_SPLINE_CURVE_WITH_KNOTS ( 'NONE', 3,
 ( #1317, #12, #3996, #1827, #38, #2173 ),
 .UNSPECIFIED., .F., .F.,
 ( 4, 2, 4 ),
 ( 0.004189043712843584441, 0.004980783645907017887, 0.005772523578970450465 ),
 .UNSPECIFIED. ) ;
#640 = FACE_OUTER_BOUND ( 'NONE', #2876, .T. ) ;
#641 = ORIENTED_EDGE ( 'NONE', *, *, #1390, .T. ) ;
#642 = DIRECTION ( 'NONE',  ( 1.000000000000000000, 0.000000000000000000, -0.000000000000000000 ) ) ;
#643 = FACE_BOUND ( 'NONE', #4538, .T. ) ;
#644 = SURFACE_STYLE_USAGE ( .BOTH. , #4612 ) ;
#645 = DIRECTION ( 'NONE',  ( 1.000000000000000000, 0.000000000000000000, -0.000000000000000000 ) ) ;
#646 = B_SPLINE_CURVE_WITH_KNOTS ( 'NONE', 3,
 ( #3306, #2879, #4636, #5155, #5502, #1076 ),
 .UNSPECIFIED., .F., .F.,
 ( 4, 2, 4 ),
 ( 0.006630243725172589586, 0.006971267376516040309, 0.007312291027859490165 ),
 .UNSPECIFIED. ) ;
#647 = TOROIDAL_SURFACE ( 'NONE', #4624, 5.250000000000000000, 1.237499999999997158 ) ;
#648 = EDGE_CURVE ( 'NONE', #5409, #4050, #1931, .T. ) ;
#649 = CARTESIAN_POINT ( 'NONE',  ( -0.3164496935152088519, 3.660008334471444247, -3.443614407752234818 ) ) ;
#650 = CIRCLE ( 'NONE', #1219, 6.199999999999995737 ) ;
#651 = VERTEX_POINT ( 'NONE', #5115 ) ;
#652 = AXIS2_PLACEMENT_3D ( 'NONE', #412, #3167, #1798 ) ;
#653 = CIRCLE ( 'NONE', #1943, 0.1999999999999987899 ) ;
#654 = CARTESIAN_POINT ( 'NONE',  ( 1.216873555469097701, -2.737500000000022471, 4.741489085719789109 ) ) ;
#655 = CARTESIAN_POINT ( 'NONE',  ( 0.7429409894823577609, -4.749811514361809373, 1.643745889321113429 ) ) ;
#656 = CARTESIAN_POINT ( 'NONE',  ( 0.3157423466804654688, -3.443668705420070086, -3.659949515897158889 ) ) ;
#657 = ORIENTED_EDGE ( 'NONE', *, *, #4774, .T. ) ;
#658 = CARTESIAN_POINT ( 'NONE',  ( 2.951763000829056837E-15, 2.624999999999989786, 4.546633369868309238 ) ) ;
#659 = EDGE_CURVE ( 'NONE', #2233, #220, #1737, .T. ) ;
#660 = CARTESIAN_POINT ( 'NONE',  ( -0.3374999999999975242, 0.000000000000000000, 0.000000000000000000 ) ) ;
#661 = STYLED_ITEM ( 'NONE', ( #4175 ), #4594 ) ;
#662 = CIRCLE ( 'NONE', #569, 1.237499999999997158 ) ;
#663 = VERTEX_POINT ( 'NONE', #1611 ) ;
#664 = AXIS2_PLACEMENT_3D ( 'NONE', #4219, #4540, #3679 ) ;
#665 = AXIS2_PLACEMENT_3D ( 'NONE', #2939, #3877, #5654 ) ;
#666 = FACE_OUTER_BOUND ( 'NONE', #445, .T. ) ;
#667 = EDGE_LOOP ( 'NONE', ( #1793, #1269 ) ) ;
#668 = VERTEX_POINT ( 'NONE', #4674 ) ;
#669 = CARTESIAN_POINT ( 'NONE',  ( -0.9766093576085632666, 2.055978850831146065, 5.075628505799315349 ) ) ;
#670 = CARTESIAN_POINT ( 'NONE',  ( -1.185664645333973866, -3.013064982714000362, 4.573754011965738719 ) ) ;
#671 = CARTESIAN_POINT ( 'NONE',  ( -0.7428168631732741112, 3.291643385024404012, -3.798378139304446233 ) ) ;
#672 = DIRECTION ( 'NONE',  ( 0.000000000000000000, -1.047444401652940322E-14, 1.000000000000000000 ) ) ;
#673 = FACE_OUTER_BOUND ( 'NONE', #3245, .T. ) ;
#674 = ORIENTED_EDGE ( 'NONE', *, *, #4887, .T. ) ;
#675 = ADVANCED_FACE ( 'NONE', ( #3382 ), #1346, .T. ) ;
#676 = DIRECTION ( 'NONE',  ( 1.000000000000000000, 0.000000000000000000, -0.000000000000000000 ) ) ;
#677 = ADVANCED_FACE ( 'NONE', ( #2646 ), #418, .F. ) ;
#678 = CYLINDRICAL_SURFACE ( 'NONE', #4447, 5.025000000000000355 ) ;
#679 = DIRECTION ( 'NONE',  ( 0.000000000000000000, 0.000000000000000000, -1.000000000000000000 ) ) ;
#680 = CARTESIAN_POINT ( 'NONE',  ( 0.9656246207076397692, 5.447807987900652016, 0.5615443880679688027 ) ) ;
#681 = CYLINDRICAL_SURFACE ( 'NONE', #2943, 5.025000000000000355 ) ;
#682 = CARTESIAN_POINT ( 'NONE',  ( -1.060068109012834991, 0.6044817592958793284, -4.990627786035831015 ) ) ;
#683 = CARTESIAN_POINT ( 'NONE',  ( 0.3375000000000029088, 3.608627975754080008, 4.117454205283289426 ) ) ;
#684 = ORIENTED_EDGE ( 'NONE', *, *, #2631, .T. ) ;
#685 = EDGE_CURVE ( 'NONE', #107, #3625, #995, .T. ) ;
#686 = CARTESIAN_POINT ( 'NONE',  ( -0.3374999999999969691, 4.117454205283274327, 3.608627975754092887 ) ) ;
#687 = CARTESIAN_POINT ( 'NONE',  ( -1.216873555469057289, -2.598251301820937886, 4.821884359097779793 ) ) ;
#688 = CARTESIAN_POINT ( 'NONE',  ( -0.6093760516249074888, -3.356287618679161255, -3.740250609034129425 ) ) ;
#689 = ORIENTED_EDGE ( 'NONE', *, *, #496, .F. ) ;
#690 = CARTESIAN_POINT ( 'NONE',  ( 0.1623272491987297061, -4.001999606619701666, -3.736258041268507579 ) ) ;
#691 = CARTESIAN_POINT ( 'NONE',  ( -2.299999999999997602, -5.265981236333621429E-16, 4.300000000000001599 ) ) ;
#692 = ORIENTED_EDGE ( 'NONE', *, *, #3626, .F. ) ;
#693 =( NAMED_UNIT ( * ) SI_UNIT ( $, .STERADIAN. ) SOLID_ANGLE_UNIT ( ) );
#694 = DIRECTION ( 'NONE',  ( 1.000000000000000000, 0.000000000000000000, -0.000000000000000000 ) ) ;
#695 = B_SPLINE_CURVE_WITH_KNOTS ( 'NONE', 3,
 ( #248, #4705, #2480, #5086, #4211, #2835, #1616, #656, #2899, #1985, #195, #688, #1133, #1585, #277, #5121, #3268, #5024 ),
 .UNSPECIFIED., .F., .F.,
 ( 4, 2, 2, 2, 2, 2, 2, 2, 4 ),
 ( 0.005649204378755477186, 0.006119817975306284137, 0.006590431571857091088, 0.007061045168407898039, 0.007531658764958705857, 0.008002272361509512807, 0.008472885958060318023, 0.008943499554611124974, 0.009414113151161931925 ),
 .UNSPECIFIED. ) ;
#696 = DIRECTION ( 'NONE',  ( 1.000000000000000000, 0.000000000000000000, -0.000000000000000000 ) ) ;
#697 = ORIENTED_EDGE ( 'NONE', *, *, #506, .T. ) ;
#698 = EDGE_LOOP ( 'NONE', ( #979, #5666, #5251, #4765, #2238, #313 ) ) ;
#699 = CARTESIAN_POINT ( 'NONE',  ( -1.216873555469089929, -4.351777654016784069, -2.512500000000035705 ) ) ;
#700 = CARTESIAN_POINT ( 'NONE',  ( -1.184200262958146288, 2.782020603964448391, -4.187119299164310249 ) ) ;
#701 = PRESENTATION_LAYER_ASSIGNMENT (  '', '', ( #3201 ) ) ;
#702 = EDGE_CURVE ( 'NONE', #3504, #3033, #2736, .T. ) ;
#703 = DIRECTION ( 'NONE',  ( -0.000000000000000000, -0.8660254037844329345, -0.5000000000000103251 ) ) ;
#704 = VERTEX_POINT ( 'NONE', #1372 ) ;
#705 = CYLINDRICAL_SURFACE ( 'NONE', #3061, 5.025000000000000355 ) ;
#706 = DIRECTION ( 'NONE',  ( -1.000000000000000000, -0.000000000000000000, 0.000000000000000000 ) ) ;
#707 = CIRCLE ( 'NONE', #3294, 1.073181601594058732 ) ;
#708 = MANIFOLD_SOLID_BREP ( '<GB╱T 276-2013[一面带密封圈（非接触式）的深沟球轴承[60000-RZ]619／6-RZ]>-<切除-旋转1[11]>', #5436 ) ;
#709 = CARTESIAN_POINT ( 'NONE',  ( 0.6093760513610181340, -4.917295853251168580, -1.036505035817522735 ) ) ;
#710 = CARTESIAN_POINT ( 'NONE',  ( -19.92709219242683361, 0.000000000000000000, 0.000000000000000000 ) ) ;
#711 = AXIS2_PLACEMENT_3D ( 'NONE', #835, #4884, #4771 ) ;
#712 = CARTESIAN_POINT ( 'NONE',  ( -1.186094323803407846, -5.467610815103438604, 0.3215266546760729427 ) ) ;
#713 = CIRCLE ( 'NONE', #1446, 5.475000000000000533 ) ;
#714 = CIRCLE ( 'NONE', #2464, 7.500000000000000000 ) ;
#715 = CARTESIAN_POINT ( 'NONE',  ( 0.1145010564399760872, 3.649378680895837945, 4.081379699453861143 ) ) ;
#716 = VERTEX_POINT ( 'NONE', #1294 ) ;
#717 = CARTESIAN_POINT ( 'NONE',  ( 0.9689635404861108858, -1.849409760455153595, 4.673595488726379976 ) ) ;
#718 = CARTESIAN_POINT ( 'NONE',  ( -0.9689635404861054457, -4.673595488726398628, 1.849409760455104301 ) ) ;
#719 = CARTESIAN_POINT ( 'NONE',  ( -2.300000000000001599, -5.510910596163092514E-16, 4.500000000000002665 ) ) ;
#720 = EDGE_LOOP ( 'NONE', ( #1005, #2367, #3399, #2031 ) ) ;
#721 = DIRECTION ( 'NONE',  ( 0.000000000000000000, 0.000000000000000000, -1.000000000000000000 ) ) ;
#722 = EDGE_CURVE ( 'NONE', #3625, #5566, #3583, .T. ) ;
#723 = EDGE_CURVE ( 'NONE', #1755, #833, #3621, .T. ) ;
#724 = UNCERTAINTY_MEASURE_WITH_UNIT (LENGTH_MEASURE( 1.000000000000000082E-05 ), #1565, 'distance_accuracy_value', 'NONE');
#725 = ORIENTED_EDGE ( 'NONE', *, *, #4714, .F. ) ;
#726 = PRESENTATION_LAYER_ASSIGNMENT (  '', '', ( #3954 ) ) ;
#727 =( LENGTH_UNIT ( ) NAMED_UNIT ( * ) SI_UNIT ( .MILLI., .METRE. ) );
#728 = CARTESIAN_POINT ( 'NONE',  ( 2.951763000829056837E-15, -1.833027702892645012E-14, 5.250000000000000000 ) ) ;
#729 = SPHERICAL_SURFACE ( 'NONE', #5369, 1.237499999999996936 ) ;
#730 = ORIENTED_EDGE ( 'NONE', *, *, #88, .F. ) ;
#731 = FACE_OUTER_BOUND ( 'NONE', #3217, .T. ) ;
#732 = DIRECTION ( 'NONE',  ( 0.000000000000000000, 0.000000000000000000, 1.000000000000000000 ) ) ;
#733 = VERTEX_POINT ( 'NONE', #1830 ) ;
#734 = DIRECTION ( 'NONE',  ( 0.000000000000000000, 0.000000000000000000, -1.000000000000000000 ) ) ;
#735 = CARTESIAN_POINT ( 'NONE',  ( 2.951763000829056837E-15, 2.625000000000053291, -4.546633369868272823 ) ) ;
#736 = MANIFOLD_SOLID_BREP ( '<GB╱T 276-2013[一面带密封圈（非接触式）的深沟球轴承[60000-RZ]619／6-RZ]>-<切除-旋转1[14]>', #2854 ) ;
#737 = DIRECTION ( 'NONE',  ( 0.000000000000000000, -1.000000000000000000, -1.224646799147353207E-16 ) ) ;
#738 = CARTESIAN_POINT ( 'NONE',  ( -0.1623272491987203525, -4.001999606619755845, 3.736258041268452956 ) ) ;
#739 = CARTESIAN_POINT ( 'NONE',  ( -0.3374999999999975242, 0.000000000000000000, 0.000000000000000000 ) ) ;
#740 = TOROIDAL_SURFACE ( 'NONE', #3872, 7.300000000000000711, 0.1999999999999990119 ) ;
#741 = CARTESIAN_POINT ( 'NONE',  ( -0.9774912523502850004, -5.075277381674305310, -2.056887232590149939 ) ) ;
#742 = ORIENTED_EDGE ( 'NONE', *, *, #2953, .T. ) ;
#743 = CARTESIAN_POINT ( 'NONE',  ( 1.185664645333979195, 3.013064982713968387, 4.573754011965757371 ) ) ;
#744 = AXIS2_PLACEMENT_3D ( 'NONE', #1176, #1600, #634 ) ;
#745 = DIRECTION ( 'NONE',  ( -0.000000000000000000, -0.5000000000000009992, 0.8660254037844380415 ) ) ;
#746 = ORIENTED_EDGE ( 'NONE', *, *, #5010, .F. ) ;
#747 = EDGE_LOOP ( 'NONE', ( #2711, #810 ) ) ;
#748 = CARTESIAN_POINT ( 'NONE',  ( -2.441421356237306384, 0.000000000000000000, 0.000000000000000000 ) ) ;
#749 = CIRCLE ( 'NONE', #2041, 5.475000000000000533 ) ;
#750 = VERTEX_POINT ( 'NONE', #156 ) ;
#751 = CIRCLE ( 'NONE', #847, 7.500000000000000000 ) ;
#752 = AXIS2_PLACEMENT_3D ( 'NONE', #505, #2260, #185 ) ;
#753 = ADVANCED_FACE ( 'NONE', ( #612, #3601 ), #1506, .T. ) ;
#754 = ADVANCED_FACE ( 'NONE', ( #4607 ), #5433, .F. ) ;
#755 = DIRECTION ( 'NONE',  ( 0.000000000000000000, 1.000000000000000000, 0.000000000000000000 ) ) ;
#756 = CIRCLE ( 'NONE', #4719, 1.124999999999994893 ) ;
#757 = STYLED_ITEM ( 'NONE', ( #3913 ), #4650 ) ;
#758 = ORIENTED_EDGE ( 'NONE', *, *, #2847, .T. ) ;
#759 = AXIS2_PLACEMENT_3D ( 'NONE', #4036, #3644, #1355 ) ;
#760 = AXIS2_PLACEMENT_3D ( 'NONE', #255, #1075, #5009 ) ;
#761 = CIRCLE ( 'NONE', #951, 4.500000000000002665 ) ;
#762 = CARTESIAN_POINT ( 'NONE',  ( 0.6178653494856307660, -1.750740808670856019, -5.187926071696312036 ) ) ;
#763 = ADVANCED_FACE ( 'NONE', ( #4088 ), #5482, .T. ) ;
#764 = CARTESIAN_POINT ( 'NONE',  ( 1.060068109014966176, 4.624251323185557538, 1.971817333347586798 ) ) ;
#765 = ORIENTED_EDGE ( 'NONE', *, *, #5481, .T. ) ;
#766 = DIRECTION ( 'NONE',  ( 1.000000000000000000, 0.000000000000000000, -0.000000000000000000 ) ) ;
#767 = CARTESIAN_POINT ( 'NONE',  ( 0.1139799994183238879, 5.201116438773699890, 1.709974499904591605 ) ) ;
#768 = MANIFOLD_SOLID_BREP ( '<GB╱T 276-2013[一面带密封圈（非接触式）的深沟球轴承[60000-RZ]619／6-RZ]>-<切除-旋转1[3]>', #3126 ) ;
#769 = FACE_OUTER_BOUND ( 'NONE', #85, .T. ) ;
#770 = CARTESIAN_POINT ( 'NONE',  ( -0.8845412352857170424, 5.432827610053555745, 0.6862579390171170690 ) ) ;
#771 = DIRECTION ( 'NONE',  ( 0.000000000000000000, 2.828753380089831385E-15, 1.000000000000000000 ) ) ;
#772 = CARTESIAN_POINT ( 'NONE',  ( -0.1161341008348404091, -4.081496609502030637, 3.649247927219328336 ) ) ;
#773 = CARTESIAN_POINT ( 'NONE',  ( 2.951763000829056837E-15, -1.833027702892645012E-14, 5.250000000000000000 ) ) ;
#774 = VERTEX_POINT ( 'NONE', #1479 ) ;
#775 = CARTESIAN_POINT ( 'NONE',  ( -1.185729937395787692, 3.012996809067821857, 4.573808457111089965 ) ) ;
#776 = CARTESIAN_POINT ( 'NONE',  ( -0.2290589410534135950, 1.054814556310215590, 4.913162717639152355 ) ) ;
#777 = ORIENTED_EDGE ( 'NONE', *, *, #4107, .T. ) ;
#778 = ORIENTED_EDGE ( 'NONE', *, *, #2846, .T. ) ;
#779 = PLANE ( 'NONE',  #1470 ) ;
#780 = ORIENTED_EDGE ( 'NONE', *, *, #603, .T. ) ;
#781 = EDGE_CURVE ( 'NONE', #3554, #3481, #4296, .T. ) ;
#782 = CARTESIAN_POINT ( 'NONE',  ( 0.3157423463111314610, -1.152329823262214337, -4.891443610021789290 ) ) ;
#783 = CARTESIAN_POINT ( 'NONE',  ( 0.1161341008344284748, -5.359303712898451089, -1.119593104928750193 ) ) ;
#784 = CARTESIAN_POINT ( 'NONE',  ( 2.299999999999997158, 0.000000000000000000, 0.000000000000000000 ) ) ;
#785 = SURFACE_STYLE_FILL_AREA ( #3982 ) ;
#786 = EDGE_CURVE ( 'NONE', #3571, #2043, #4478, .T. ) ;
#787 = VERTEX_POINT ( 'NONE', #5509 ) ;
#788 = EDGE_CURVE ( 'NONE', #2052, #433, #56, .T. ) ;
#789 = ADVANCED_FACE ( 'NONE', ( #1889 ), #2524, .T. ) ;
#790 =( NAMED_UNIT ( * ) PLANE_ANGLE_UNIT ( ) SI_UNIT ( $, .RADIAN. ) );
#791 = FACE_OUTER_BOUND ( 'NONE', #2002, .T. ) ;
#792 = ORIENTED_EDGE ( 'NONE', *, *, #4152, .F. ) ;
#793 = CARTESIAN_POINT ( 'NONE',  ( -0.3374999999999970246, -1.021228243303282213, 4.920133928571428505 ) ) ;
#794 = DIRECTION ( 'NONE',  ( 0.000000000000000000, -0.5000000000000101030, 0.8660254037844328234 ) ) ;
#795 = MANIFOLD_SOLID_BREP ( '<GB╱T 276-2013[一面带密封圈（非接触式）的深沟球轴承[60000-RZ]619／6-RZ]>-<切除-旋转1[4]>', #3489 ) ;
#796 = CARTESIAN_POINT ( 'NONE',  ( 2.951763000829056837E-15, -5.250000000000000000, 0.000000000000000000 ) ) ;
#797 = CARTESIAN_POINT ( 'NONE',  ( 1.059998554186547093, 4.624265706669828724, -1.971765687694719604 ) ) ;
#798 = CARTESIAN_POINT ( 'NONE',  ( 1.186094323803414063, 4.895853191224187384, -2.455355156608351130 ) ) ;
#799 = CARTESIAN_POINT ( 'NONE',  ( -1.216873555470451729, -4.741489085720130170, -2.737500000000062439 ) ) ;
#800 = CIRCLE ( 'NONE', #4024, 5.475000000000000533 ) ;
#801 = DIRECTION ( 'NONE',  ( 0.000000000000000000, -1.000000000000000000, -1.224646799147353207E-16 ) ) ;
#802 = ORIENTED_EDGE ( 'NONE', *, *, #5588, .F. ) ;
#803 = CARTESIAN_POINT ( 'NONE',  ( 0.6066795256490231658, -1.559643906801543745, 4.777195101010557110 ) ) ;
#804 = B_SPLINE_CURVE_WITH_KNOTS ( 'NONE', 3,
 ( #2651, #447, #2259, #3141, #4031, #1723, #2713, #74, #3093, #3952, #918, #4847, #3058, #5721, #3521, #5294, #4822, #4431 ),
 .UNSPECIFIED., .F., .F.,
 ( 4, 2, 2, 2, 2, 2, 2, 2, 4 ),
 ( 0.001883778963244801862, 0.002354457140183635871, 0.002825135317122470097, 0.003295813494061304756, 0.003766491671000139416, 0.004237169847938974075, 0.004707848024877807867, 0.005178526201816642527, 0.005649204378755477186 ),
 .UNSPECIFIED. ) ;
#805 = DIRECTION ( 'NONE',  ( 0.000000000000000000, 0.000000000000000000, -1.000000000000000000 ) ) ;
#806 = ORIENTED_EDGE ( 'NONE', *, *, #5668, .T. ) ;
#807 = VERTEX_POINT ( 'NONE', #3424 ) ;
#808 = SPHERICAL_SURFACE ( 'NONE', #2184, 1.124999999999995115 ) ;
#809 = CIRCLE ( 'NONE', #5705, 1.237499999999996936 ) ;
#810 = ORIENTED_EDGE ( 'NONE', *, *, #781, .T. ) ;
#811 = CARTESIAN_POINT ( 'NONE',  ( 2.951763000829056837E-15, 4.546633369868336771, -2.624999999999942268 ) ) ;
#812 = CARTESIAN_POINT ( 'NONE',  ( -1.102270384252427515, 5.025000000000001243, -0.1441868794414691568 ) ) ;
#813 = CARTESIAN_POINT ( 'NONE',  ( -1.184200262958146954, 4.187119299164337782, 2.782020603964405314 ) ) ;
#814 = SPHERICAL_SURFACE ( 'NONE', #4611, 1.237499999999996936 ) ;
#815 = DIRECTION ( 'NONE',  ( 0.000000000000000000, 0.000000000000000000, -1.000000000000000000 ) ) ;
#816 = CARTESIAN_POINT ( 'NONE',  ( 0.1145010564392400787, 4.081379699453863807, -3.649378680895834393 ) ) ;
#817 = ORIENTED_EDGE ( 'NONE', *, *, #906, .F. ) ;
#818 = FACE_OUTER_BOUND ( 'NONE', #473, .T. ) ;
#819 = CARTESIAN_POINT ( 'NONE',  ( -0.5502344886581095329, 4.936466110747723235, 0.9406135449668349136 ) ) ;
#820 = ORIENTED_EDGE ( 'NONE', *, *, #1293, .F. ) ;
#821 = DIRECTION ( 'NONE',  ( 0.000000000000000000, 0.8660254037844451469, -0.4999999999999888978 ) ) ;
#822 = CARTESIAN_POINT ( 'NONE',  ( 2.299999999999997602, 0.000000000000000000, -7.300000000000000711 ) ) ;
#823 = MANIFOLD_SOLID_BREP ( '<GB╱T 276-2013[一面带密封圈（非接触式）的深沟球轴承[60000-RZ]619／6-RZ]>-<切除-旋转1[8]>', #911 ) ;
#824 = FACE_OUTER_BOUND ( 'NONE', #1436, .T. ) ;
#825 = EDGE_CURVE ( 'NONE', #1059, #5329, #3390, .T. ) ;
#826 = CARTESIAN_POINT ( 'NONE',  ( -0.7525402123772445551, 5.158076629468544283, -1.839374689528473272 ) ) ;
#827 = EDGE_CURVE ( 'NONE', #3457, #1928, #86, .T. ) ;
#828 = CARTESIAN_POINT ( 'NONE',  ( -0.9684278525403263727, -4.972081921354531531, 0.7355347292710069373 ) ) ;
#829 = SPHERICAL_SURFACE ( 'NONE', #3522, 1.237499999999996936 ) ;
#830 = ORIENTED_EDGE ( 'NONE', *, *, #2840, .F. ) ;
#831 = DIRECTION ( 'NONE',  ( 0.000000000000000000, 0.000000000000000000, -1.000000000000000000 ) ) ;
#832 = CARTESIAN_POINT ( 'NONE',  ( 0.2288706956812023852, 1.054872859577029809, 4.913150616150939065 ) ) ;
#833 = VERTEX_POINT ( 'NONE', #4393 ) ;
#834 = ORIENTED_EDGE ( 'NONE', *, *, #648, .F. ) ;
#835 = CARTESIAN_POINT ( 'NONE',  ( 2.951763000829056837E-15, 5.499083108677935350E-14, -5.250000000000000000 ) ) ;
#836 = SHAPE_DEFINITION_REPRESENTATION ( #1592, #2660 ) ;
#837 = VERTEX_POINT ( 'NONE', #4016 ) ;
#838 = AXIS2_PLACEMENT_3D ( 'NONE', #514, #170, #4561 ) ;
#839 = SURFACE_SIDE_STYLE ('',( #5239 ) ) ;
#840 = EDGE_CURVE ( 'NONE', #1642, #3775, #2351, .T. ) ;
#841 = CARTESIAN_POINT ( 'NONE',  ( 0.9610001437187013495, 4.996943293338063086, -0.5461198397050662789 ) ) ;
#842 = CARTESIAN_POINT ( 'NONE',  ( -0.3374999999999970246, -1.021228243303213379, -4.920133928571440940 ) ) ;
#843 = PLANE ( 'NONE',  #3760 ) ;
#844 = FACE_BOUND ( 'NONE', #1645, .T. ) ;
#845 = PLANE ( 'NONE',  #1846 ) ;
#846 = AXIS2_PLACEMENT_3D ( 'NONE', #1612, #3383, #329 ) ;
#847 = AXIS2_PLACEMENT_3D ( 'NONE', #1509, #676, #213 ) ;
#848 = CIRCLE ( 'NONE', #3063, 1.073181601594058732 ) ;
#849 = ORIENTED_EDGE ( 'NONE', *, *, #1049, .T. ) ;
#850 = MANIFOLD_SOLID_BREP ( '<GB╱T 276-2013[一面带密封圈（非接触式）的深沟球轴承[60000-RZ]619／6-RZ]>-<旋转5>', #623 ) ;
#851 = AXIS2_PLACEMENT_3D ( 'NONE', #1974, #3742, #5510 ) ;
#852 = AXIS2_PLACEMENT_3D ( 'NONE', #2250, #3279, #4164 ) ;
#853 = CARTESIAN_POINT ( 'NONE',  ( 0.8101793311988026991, 4.944071579470947775, -0.9214984288430706494 ) ) ;
#854 = VERTEX_POINT ( 'NONE', #921 ) ;
#855 = DIRECTION ( 'NONE',  ( -1.000000000000000000, -0.000000000000000000, -0.000000000000000000 ) ) ;
#856 = CARTESIAN_POINT ( 'NONE',  ( 1.184200262958152949, 2.782020603964390659, 4.187119299164348440 ) ) ;
#857 = DIRECTION ( 'NONE',  ( 0.000000000000000000, -0.5000000000000101030, 0.8660254037844328234 ) ) ;
#858 = CARTESIAN_POINT ( 'NONE',  ( -0.3374999999999969691, 1.761505952817329801, 5.183890602451898921 ) ) ;
#859 = CIRCLE ( 'NONE', #5292, 1.237499999999996492 ) ;
#860 = AXIS2_PLACEMENT_3D ( 'NONE', #2741, #4959, #2320 ) ;
#861 = ADVANCED_FACE ( 'NONE', ( #2746 ), #4114, .F. ) ;
#862 = EDGE_CURVE ( 'NONE', #2224, #3318, #5539, .T. ) ;
#863 = CARTESIAN_POINT ( 'NONE',  ( 0.3375000000000044631, 0.000000000000000000, 0.000000000000000000 ) ) ;
#864 = ADVANCED_FACE ( 'NONE', ( #1870 ), #342, .T. ) ;
#865 = CARTESIAN_POINT ( 'NONE',  ( -1.066052540301069440, -3.257558097409313014, -4.402974996044926037 ) ) ;
#866 = ORIENTED_EDGE ( 'NONE', *, *, #4312, .T. ) ;
#867 = CARTESIAN_POINT ( 'NONE',  ( 2.299999999999997602, -3.918869757271533418E-16, 3.200000000000002398 ) ) ;
#868 = CARTESIAN_POINT ( 'NONE',  ( -0.3374999999999969691, -5.183890602451881158, -1.761505952817384424 ) ) ;
#869 = CARTESIAN_POINT ( 'NONE',  ( 1.065237977602516928, -2.182591038188748556, 5.023407791670509326 ) ) ;
#870 = EDGE_LOOP ( 'NONE', ( #1038, #2795 ) ) ;
#871 = FACE_OUTER_BOUND ( 'NONE', #24, .T. ) ;
#872 = MANIFOLD_SOLID_BREP ( '<GB╱T 276-2013[一面带密封圈（非接触式）的深沟球轴承[60000-RZ]619／6-RZ]>-<切除-旋转1[12]>', #5342 ) ;
#873 = EDGE_CURVE ( 'NONE', #4228, #3991, #1413, .T. ) ;
#874 = EDGE_CURVE ( 'NONE', #3554, #3481, #297, .T. ) ;
#875 = VERTEX_POINT ( 'NONE', #4965 ) ;
#876 = CARTESIAN_POINT ( 'NONE',  ( -1.216873555469091039, -0.1615483123235947616, -5.475000000000004974 ) ) ;
#877 = CARTESIAN_POINT ( 'NONE',  ( 0.2283429028090122603, -5.363116686609068928, -1.101772333983161989 ) ) ;
#878 = CARTESIAN_POINT ( 'NONE',  ( -0.3227388460788863656, 4.025139890365603712, 3.711864985649469428 ) ) ;
#879 = CARTESIAN_POINT ( 'NONE',  ( -2.500000000000001332, 0.000000000000000000, -6.199999999999997513 ) ) ;
#880 = DIRECTION ( 'NONE',  ( 1.000000000000000000, 0.000000000000000000, -0.000000000000000000 ) ) ;
#881 = EDGE_CURVE ( 'NONE', #2822, #1220, #226, .T. ) ;
#882 = ORIENTED_EDGE ( 'NONE', *, *, #1527, .T. ) ;
#883 = AXIS2_PLACEMENT_3D ( 'NONE', #137, #3265, #4991 ) ;
#884 = CARTESIAN_POINT ( 'NONE',  ( -0.3374999999999975242, 0.000000000000000000, 0.000000000000000000 ) ) ;
#885 = CARTESIAN_POINT ( 'NONE',  ( -0.3374999999999969691, 5.183890602451892704, 1.761505952817348231 ) ) ;
#886 = VERTEX_POINT ( 'NONE', #3234 ) ;
#887 = CARTESIAN_POINT ( 'NONE',  ( 0.3222421747442784645, 1.629900123589769656, -5.227146843786449892 ) ) ;
#888 = CARTESIAN_POINT ( 'NONE',  ( 0.3157423466804661905, 3.443668705420097176, 3.659949515897135353 ) ) ;
#889 = DIRECTION ( 'NONE',  ( 0.000000000000000000, 0.8660254037844361541, 0.5000000000000041078 ) ) ;
#890 = ORIENTED_EDGE ( 'NONE', *, *, #3272, .T. ) ;
#891 = DIRECTION ( 'NONE',  ( 0.000000000000000000, -0.8660254037844415942, 0.4999999999999948375 ) ) ;
#892 = EDGE_LOOP ( 'NONE', ( #4015, #1155, #1014, #2429 ) ) ;
#893 = CARTESIAN_POINT ( 'NONE',  ( 0.3375000000000030753, -4.920133928571429394, 1.021228243303264893 ) ) ;
#894 = DIRECTION ( 'NONE',  ( 0.000000000000000000, 0.000000000000000000, -1.000000000000000000 ) ) ;
#895 = CARTESIAN_POINT ( 'NONE',  ( 0.3375000000000030753, 3.750346850512952912, 3.344476566048502963 ) ) ;
#896 = MECHANICAL_DESIGN_GEOMETRIC_PRESENTATION_REPRESENTATION (  '', ( #3201 ), #147 ) ;
#897 = ORIENTED_EDGE ( 'NONE', *, *, #58, .F. ) ;
#898 =( NAMED_UNIT ( * ) PLANE_ANGLE_UNIT ( ) SI_UNIT ( $, .RADIAN. ) );
#899 = VERTEX_POINT ( 'NONE', #2348 ) ;
#900 = DIRECTION ( 'NONE',  ( 0.000000000000000000, 0.4999999999999948375, 0.8660254037844417052 ) ) ;
#901 = CARTESIAN_POINT ( 'NONE',  ( 2.951763000829056837E-15, 5.250000000000000000, 0.000000000000000000 ) ) ;
#902 = DIRECTION ( 'NONE',  ( 0.000000000000000000, -0.8660254037844415942, 0.4999999999999948375 ) ) ;
#903 = CARTESIAN_POINT ( 'NONE',  ( 0.3375000000000030753, -4.771575093816209368, -1.575657362522971061 ) ) ;
#904 = DIRECTION ( 'NONE',  ( 0.000000000000000000, 0.000000000000000000, -1.000000000000000000 ) ) ;
#905 = EDGE_CURVE ( 'NONE', #4111, #107, #1794, .T. ) ;
#906 = EDGE_CURVE ( 'NONE', #3571, #2043, #2335, .T. ) ;
#907 = AXIS2_PLACEMENT_3D ( 'NONE', #2486, #3394, #5154 ) ;
#908 = ORIENTED_EDGE ( 'NONE', *, *, #4107, .F. ) ;
#909 = CARTESIAN_POINT ( 'NONE',  ( -0.2866907187998260498, 4.915459784627445927, 1.044847648820684594 ) ) ;
#910 = VERTEX_POINT ( 'NONE', #1037 ) ;
#911 = CLOSED_SHELL ( 'NONE', ( #1555, #636, #1681, #4952 ) ) ;
#912 = CARTESIAN_POINT ( 'NONE',  ( -1.184161683711920432, 2.781828220606397117, 4.187225725368473483 ) ) ;
#913 = ADVANCED_FACE ( 'NONE', ( #1513 ), #4205, .F. ) ;
#914 = CARTESIAN_POINT ( 'NONE',  ( -2.500000000000001332, 0.000000000000000000, -3.200000000000001510 ) ) ;
#915 = ORIENTED_EDGE ( 'NONE', *, *, #4861, .F. ) ;
#916 = DIRECTION ( 'NONE',  ( 0.000000000000000000, 0.4999999999999948375, 0.8660254037844415942 ) ) ;
#917 = CARTESIAN_POINT ( 'NONE',  ( 1.216873555469095924, 2.512499999999990408, 4.351777654016809826 ) ) ;
#918 = CARTESIAN_POINT ( 'NONE',  ( 0.3164798858117181535, -1.447998357152445736, -4.812211386141434843 ) ) ;
#919 = CYLINDRICAL_SURFACE ( 'NONE', #1576, 5.025000000000000355 ) ;
#920 = ORIENTED_EDGE ( 'NONE', *, *, #2817, .T. ) ;
#921 = CARTESIAN_POINT ( 'NONE',  ( -0.3374999999999970246, 3.344476566048542487, -3.750346850512918273 ) ) ;
#922 = ORIENTED_EDGE ( 'NONE', *, *, #606, .T. ) ;
#923 = FACE_OUTER_BOUND ( 'NONE', #4716, .T. ) ;
#924 = CARTESIAN_POINT ( 'NONE',  ( -2.300000000000001599, 0.000000000000000000, 0.000000000000000000 ) ) ;
#925 = DIRECTION ( 'NONE',  ( 1.000000000000000000, 0.000000000000000000, -0.000000000000000000 ) ) ;
#926 = DIRECTION ( 'NONE',  ( 0.000000000000000000, -0.8660254037844343777, -0.5000000000000073275 ) ) ;
#927 = FACE_BOUND ( 'NONE', #264, .T. ) ;
#928 = FACE_BOUND ( 'NONE', #2910, .T. ) ;
#929 = TOROIDAL_SURFACE ( 'NONE', #2300, 5.250000000000000000, 1.237499999999997158 ) ;
#930 = ORIENTED_EDGE ( 'NONE', *, *, #5713, .T. ) ;
#931 = EDGE_CURVE ( 'NONE', #4985, #2930, #5057, .T. ) ;
#932 = EDGE_CURVE ( 'NONE', #1388, #2388, #2543, .T. ) ;
#933 = CIRCLE ( 'NONE', #2304, 1.073181601594058732 ) ;
#935 = CIRCLE ( 'NONE', #3432, 1.237499999999996714 ) ;
#934 = B_SPLINE_CURVE_WITH_KNOTS ( 'NONE', 3,
 ( #5226, #4669, #5653, #3458, #4261, #3375 ),
 .UNSPECIFIED., .F., .F.,
 ( 4, 2, 4 ),
 ( 0.006630243725172430859, 0.006971267376515865970, 0.007312291027859301080 ),
 .UNSPECIFIED. ) ;
#936 = ADVANCED_FACE ( 'NONE', ( #3694 ), #2807, .F. ) ;
#937 = AXIS2_PLACEMENT_3D ( 'NONE', #3499, #2635, #1705 ) ;
#938 = VECTOR ( 'NONE', #161, 1000.000000000000000 ) ;
#939 = FILL_AREA_STYLE ('',( #2728 ) ) ;
#940 = ORIENTED_EDGE ( 'NONE', *, *, #1844, .T. ) ;
#941 = CARTESIAN_POINT ( 'NONE',  ( -0.3222421747442710815, -5.227146843786478314, 1.629900123589677730 ) ) ;
#942 = DIRECTION ( 'NONE',  ( 0.000000000000000000, -1.000000000000000000, -1.224646799147353207E-16 ) ) ;
#943 = CARTESIAN_POINT ( 'NONE',  ( -3.499999999999999556, -5.510910596163090542E-16, 4.500000000000001776 ) ) ;
#944 = SPHERICAL_SURFACE ( 'NONE', #89, 1.237499999999996936 ) ;
#945 = VERTEX_POINT ( 'NONE', #5021 ) ;
#946 = DIRECTION ( 'NONE',  ( -1.000000000000000000, -0.000000000000000000, 0.000000000000000000 ) ) ;
#947 = CARTESIAN_POINT ( 'NONE',  ( -2.299999999999996270, 0.000000000000000000, -5.999999999999998224 ) ) ;
#948 = ORIENTED_EDGE ( 'NONE', *, *, #1074, .F. ) ;
#949 = CARTESIAN_POINT ( 'NONE',  ( -3.499999999999999556, 0.000000000000000000, 0.000000000000000000 ) ) ;
#950 = TOROIDAL_SURFACE ( 'NONE', #1684, 7.300000000000000711, 0.1999999999999990119 ) ;
#951 = AXIS2_PLACEMENT_3D ( 'NONE', #1262, #4373, #4781 ) ;
#952 = CARTESIAN_POINT ( 'NONE',  ( 1.216873555469096146, 5.260652860486765317E-14, -5.025000000000000355 ) ) ;
#953 = CARTESIAN_POINT ( 'NONE',  ( -0.2282113725214136302, 3.727338007249140439, 3.370277656642009845 ) ) ;
#954 = ORIENTED_EDGE ( 'NONE', *, *, #3592, .F. ) ;
#955 = ORIENTED_EDGE ( 'NONE', *, *, #1074, .T. ) ;
#956 = CARTESIAN_POINT ( 'NONE',  ( -3.499999999999999556, 0.000000000000000000, 0.000000000000000000 ) ) ;
#957 = CARTESIAN_POINT ( 'NONE',  ( -1.237499999999993827, 5.499083108677935350E-14, -5.250000000000000000 ) ) ;
#958 = CARTESIAN_POINT ( 'NONE',  ( -0.3374999999999969691, 1.761505952817329801, 5.183890602451898921 ) ) ;
#959 = DIRECTION ( 'NONE',  ( 0.000000000000000000, 1.000000000000000000, 0.000000000000000000 ) ) ;
#960 = DIRECTION ( 'NONE',  ( 0.000000000000000000, 0.000000000000000000, -1.000000000000000000 ) ) ;
#961 = CARTESIAN_POINT ( 'NONE',  ( -0.7525402123772456653, 0.9860931065244864513, -5.386712740550811063 ) ) ;
#962 = ORIENTED_EDGE ( 'NONE', *, *, #1845, .T. ) ;
#963 = DIRECTION ( 'NONE',  ( 0.000000000000000000, 0.000000000000000000, -1.000000000000000000 ) ) ;
#964 = EDGE_CURVE ( 'NONE', #4795, #5171, #1950, .T. ) ;
#965 = PRESENTATION_STYLE_ASSIGNMENT (( #2727 ) ) ;
#966 = CARTESIAN_POINT ( 'NONE',  ( -2.299999999999996270, 0.000000000000000000, -4.500000000000002665 ) ) ;
#967 = EDGE_LOOP ( 'NONE', ( #4403, #62 ) ) ;
#968 = CARTESIAN_POINT ( 'NONE',  ( 1.060132804264172890, -4.019910896282907764, 3.018596205566900448 ) ) ;
#969 = DIRECTION ( 'NONE',  ( -0.000000000000000000, -1.000000000000000000, -3.491481338843133355E-15 ) ) ;
#970 = CARTESIAN_POINT ( 'NONE',  ( -19.92709219242683361, 0.000000000000000000, 0.000000000000000000 ) ) ;
#971 = EDGE_CURVE ( 'NONE', #1374, #2974, #2579, .T. ) ;
#972 = EDGE_CURVE ( 'NONE', #5692, #2649, #3937, .T. ) ;
#973 = ORIENTED_EDGE ( 'NONE', *, *, #5357, .T. ) ;
#974 = DIRECTION ( 'NONE',  ( -0.000000000000000000, -0.4999999999999949485, -0.8660254037844415942 ) ) ;
#975 = ORIENTED_EDGE ( 'NONE', *, *, #4676, .F. ) ;
#976 = CARTESIAN_POINT ( 'NONE',  ( -19.92709219242683361, 0.000000000000000000, 0.000000000000000000 ) ) ;
#977 = CARTESIAN_POINT ( 'NONE',  ( 0.3375000000000030753, 3.344476566048489197, 3.750346850512964458 ) ) ;
#978 = CARTESIAN_POINT ( 'NONE',  ( -1.216873555469091261, -0.1615363784200486152, 5.475000000000000533 ) ) ;
#979 = ORIENTED_EDGE ( 'NONE', *, *, #5357, .F. ) ;
#980 = ORIENTED_EDGE ( 'NONE', *, *, #3089, .T. ) ;
#981 = FACE_OUTER_BOUND ( 'NONE', #1869, .T. ) ;
#982 = DIRECTION ( 'NONE',  ( 0.000000000000000000, 0.000000000000000000, -1.000000000000000000 ) ) ;
#983 = CARTESIAN_POINT ( 'NONE',  ( 0.3375000000000030753, -4.920133928571429394, -1.021228243303264893 ) ) ;
#984 = CARTESIAN_POINT ( 'NONE',  ( -0.3374999999999970246, 3.750346850512952912, 3.344476566048502963 ) ) ;
#985 = FACE_OUTER_BOUND ( 'NONE', #417, .T. ) ;
#986 =( GEOMETRIC_REPRESENTATION_CONTEXT ( 3 ) GLOBAL_UNCERTAINTY_ASSIGNED_CONTEXT ( ( #724 ) ) GLOBAL_UNIT_ASSIGNED_CONTEXT ( ( #1565, #2993, #4748 ) ) REPRESENTATION_CONTEXT ( 'NONE', 'WORKASPACE' ) );
#987 = EDGE_LOOP ( 'NONE', ( #1905, #4723, #5701, #5616 ) ) ;
#988 = CARTESIAN_POINT ( 'NONE',  ( 0.3164798858117183200, 4.812211386141440173, -1.447998357152428417 ) ) ;
#989 = AXIS2_PLACEMENT_3D ( 'NONE', #5673, #3902, #1708 ) ;
#990 = CARTESIAN_POINT ( 'NONE',  ( 0.3375000000000029088, 1.066436397168597949, 5.370133928571435789 ) ) ;
#991 = ORIENTED_EDGE ( 'NONE', *, *, #3581, .F. ) ;
#992 = CARTESIAN_POINT ( 'NONE',  ( -0.1603182285372151683, 1.597735866490181289, 5.236684552382548041 ) ) ;
#993 = CARTESIAN_POINT ( 'NONE',  ( -0.1578090310811133545, -4.820680050771456671, -1.418333126981419667 ) ) ;
#994 = CARTESIAN_POINT ( 'NONE',  ( -0.3374999999999969691, 5.025000000000001243, 0.000000000000000000 ) ) ;
#995 = CIRCLE ( 'NONE', #2760, 5.475000000000002309 ) ;
#996 = DIRECTION ( 'NONE',  ( 0.000000000000000000, 0.000000000000000000, -1.000000000000000000 ) ) ;
#997 = ORIENTED_EDGE ( 'NONE', *, *, #472, .F. ) ;
#998 = ADVANCED_FACE ( 'NONE', ( #1274, #871 ), #808, .T. ) ;
#999 = CARTESIAN_POINT ( 'NONE',  ( -0.6093760516249074888, -3.740250609034118323, 3.356287618679174134 ) ) ;
#1000 = EDGE_CURVE ( 'NONE', #5036, #3656, #1532, .T. ) ;
#1001 = DIRECTION ( 'NONE',  ( 0.000000000000000000, 7.273937263088137734E-15, 1.000000000000000000 ) ) ;
#1002 = CARTESIAN_POINT ( 'NONE',  ( 2.299999999999997158, 0.000000000000000000, -6.199999999999997513 ) ) ;
#1003 = EDGE_LOOP ( 'NONE', ( #4297, #158, #4269, #249 ) ) ;
#1004 = CARTESIAN_POINT ( 'NONE',  ( -0.9689635404817503739, 0.7351619098066463076, -4.972157300476223618 ) ) ;
#1005 = ORIENTED_EDGE ( 'NONE', *, *, #4391, .F. ) ;
#1006 = ADVANCED_FACE ( 'NONE', ( #3893, #3470 ), #4793, .T. ) ;
#1007 = CARTESIAN_POINT ( 'NONE',  ( 0.1138098578510975539, 1.526124201487661258, -4.787647639671297028 ) ) ;
#1008 = CYLINDRICAL_SURFACE ( 'NONE', #5559, 5.025000000000000355 ) ;
#1009 = CARTESIAN_POINT ( 'NONE',  ( -0.3374999999999969691, -1.761505952817365550, 5.183890602451887375 ) ) ;
#1010 = ORIENTED_EDGE ( 'NONE', *, *, #3367, .F. ) ;
#1011 = CARTESIAN_POINT ( 'NONE',  ( 1.186246345985057626, 4.895758463743391964, 2.455581101507905206 ) ) ;
#1012 = FACE_OUTER_BOUND ( 'NONE', #3918, .T. ) ;
#1013 = VECTOR ( 'NONE', #1817, 1000.000000000000000 ) ;
#1014 = ORIENTED_EDGE ( 'NONE', *, *, #4215, .F. ) ;
#1015 = ADVANCED_FACE ( 'NONE', ( #5237 ), #843, .F. ) ;
#1016 = CARTESIAN_POINT ( 'NONE',  ( 0.2284057894171361847, 1.055016850132638906, -4.913120729317792090 ) ) ;
#1017 = AXIS2_PLACEMENT_3D ( 'NONE', #456, #3988, #4534 ) ;
#1018 = CIRCLE ( 'NONE', #3147, 6.199999999999997513 ) ;
#1019 = CARTESIAN_POINT ( 'NONE',  ( 2.951763000829056837E-15, 0.000000000000000000, 0.000000000000000000 ) ) ;
#1020 = VERTEX_POINT ( 'NONE', #5242 ) ;
#1021 = CARTESIAN_POINT ( 'NONE',  ( -1.216873555469091039, 2.597605392652907685, 4.822257274929822479 ) ) ;
#1022 = CARTESIAN_POINT ( 'NONE',  ( 0.1139339630336196202, -1.709969858110652385, -5.201117964857076004 ) ) ;
#1023 = CARTESIAN_POINT ( 'NONE',  ( -19.92709219242683361, 0.000000000000000000, 0.000000000000000000 ) ) ;
#1024 = CIRCLE ( 'NONE', #3425, 3.200000000000001510 ) ;
#1025 = AXIS2_PLACEMENT_3D ( 'NONE', #5574, #5136, #2111 ) ;
#1026 = AXIS2_PLACEMENT_3D ( 'NONE', #2629, #2567, #3467 ) ;
#1027 = DIRECTION ( 'NONE',  ( 0.000000000000000000, 0.000000000000000000, -1.000000000000000000 ) ) ;
#1028 = ORIENTED_EDGE ( 'NONE', *, *, #4279, .F. ) ;
#1029 = CARTESIAN_POINT ( 'NONE',  ( 0.6073178875565932167, -3.739553136311740023, 3.357056292692519150 ) ) ;
#1030 = CARTESIAN_POINT ( 'NONE',  ( -0.3374999999999970246, -1.575657362522953742, 4.771575093816213808 ) ) ;
#1031 = AXIS2_PLACEMENT_3D ( 'NONE', #1823, #3187, #3165 ) ;
#1032 = CARTESIAN_POINT ( 'NONE',  ( 0.3164496931403874003, -4.891467399567004826, -1.152253390817057577 ) ) ;
#1033 = DIRECTION ( 'NONE',  ( 0.000000000000000000, 0.000000000000000000, -1.000000000000000000 ) ) ;
#1034 = CIRCLE ( 'NONE', #2219, 1.237499999999996714 ) ;
#1035 = AXIS2_PLACEMENT_3D ( 'NONE', #3646, #2352, #4617 ) ;
#1036 = EDGE_CURVE ( 'NONE', #5520, #2, #1275, .T. ) ;
#1037 = CARTESIAN_POINT ( 'NONE',  ( -0.3374999999999970246, -1.021228243303282213, 4.920133928571428505 ) ) ;
#1038 = ORIENTED_EDGE ( 'NONE', *, *, #84, .F. ) ;
#1039 = CIRCLE ( 'NONE', #664, 1.124999999999995115 ) ;
#1040 = AXIS2_PLACEMENT_3D ( 'NONE', #1919, #2829, #184 ) ;
#1041 = CARTESIAN_POINT ( 'NONE',  ( 0.9768424931114996213, 4.318622634113541636, -3.367263331461625597 ) ) ;
#1042 = DIRECTION ( 'NONE',  ( 0.000000000000000000, 1.000000000000000000, 0.000000000000000000 ) ) ;
#1043 = AXIS2_PLACEMENT_3D ( 'NONE', #1461, #4121, #2774 ) ;
#1044 = DIRECTION ( 'NONE',  ( 0.000000000000000000, 0.000000000000000000, -1.000000000000000000 ) ) ;
#1045 = ORIENTED_EDGE ( 'NONE', *, *, #1113, .F. ) ;
#1046 = DIRECTION ( 'NONE',  ( 1.000000000000000000, 0.000000000000000000, -0.000000000000000000 ) ) ;
#1047 = CARTESIAN_POINT ( 'NONE',  ( -0.3374999999999970246, -1.021228243303213379, -4.920133928571440940 ) ) ;
#1048 = CARTESIAN_POINT ( 'NONE',  ( 1.237499999999999822, 5.499083108677935350E-14, -5.250000000000000000 ) ) ;
#1049 = EDGE_CURVE ( 'NONE', #854, #750, #3479, .T. ) ;
#1050 = EDGE_LOOP ( 'NONE', ( #3345, #915, #3292, #5610 ) ) ;
#1051 = CARTESIAN_POINT ( 'NONE',  ( -0.9843303561304969085, 0.000000000000000000, -5.999999999999997335 ) ) ;
#1052 = ORIENTED_EDGE ( 'NONE', *, *, #51, .F. ) ;
#1053 = DIRECTION ( 'NONE',  ( -1.000000000000000000, -0.000000000000000000, 0.000000000000000000 ) ) ;
#1054 = CARTESIAN_POINT ( 'NONE',  ( -0.9768424931114945142, -3.367263331461700204, 4.318622634113480352 ) ) ;
#1055 = DIRECTION ( 'NONE',  ( 0.000000000000000000, -0.8660254037844345998, -0.5000000000000069944 ) ) ;
#1056 = DIRECTION ( 'NONE',  ( -1.000000000000000000, -0.000000000000000000, 0.000000000000000000 ) ) ;
#1057 = CIRCLE ( 'NONE', #3013, 5.025000000000001243 ) ;
#1058 = CARTESIAN_POINT ( 'NONE',  ( 1.216873555470457724, -4.741489085720169250, 2.737499999999996270 ) ) ;
#1059 = VERTEX_POINT ( 'NONE', #5353 ) ;
#1060 = DIRECTION ( 'NONE',  ( 0.000000000000000000, 0.4999999999999948375, 0.8660254037844417052 ) ) ;
#1061 = DIRECTION ( 'NONE',  ( 1.000000000000000000, 0.000000000000000000, -0.000000000000000000 ) ) ;
#1062 = DIRECTION ( 'NONE',  ( 0.000000000000000000, 0.000000000000000000, -1.000000000000000000 ) ) ;
#1063 = CARTESIAN_POINT ( 'NONE',  ( 2.951763000829056837E-15, -6.429395695523604153E-16, 5.250000000000000000 ) ) ;
#1064 = ADVANCED_FACE ( 'NONE', ( #2242 ), #5700, .T. ) ;
#1065 = DIRECTION ( 'NONE',  ( -1.000000000000000000, -0.000000000000000000, 0.000000000000000000 ) ) ;
#1066 = CARTESIAN_POINT ( 'NONE',  ( 0.3375000000000029088, 4.117454205283276103, 3.608627975754093331 ) ) ;
#1067 = CARTESIAN_POINT ( 'NONE',  ( 0.1603182285372214688, -1.597735866490216816, 5.236684552382536495 ) ) ;
#1068 = DIRECTION ( 'NONE',  ( 0.000000000000000000, 0.000000000000000000, -1.000000000000000000 ) ) ;
#1069 = VERTEX_POINT ( 'NONE', #5727 ) ;
#1070 = CARTESIAN_POINT ( 'NONE',  ( -0.1605426051907888896, 5.236675679372156722, 1.597764948076929814 ) ) ;
#1071 = CARTESIAN_POINT ( 'NONE',  ( 0.7438253088451916017, -3.291099724477510868, 3.798856746762294456 ) ) ;
#1072 = ORIENTED_EDGE ( 'NONE', *, *, #577, .F. ) ;
#1073 = ADVANCED_FACE ( 'NONE', ( #5697 ), #814, .T. ) ;
#1074 = EDGE_CURVE ( 'NONE', #507, #2903, #2688, .T. ) ;
#1075 = DIRECTION ( 'NONE',  ( -0.000000000000000000, -1.000000000000000000, -3.491481338843133355E-15 ) ) ;
#1076 = CARTESIAN_POINT ( 'NONE',  ( 0.3375000000000029088, 3.608627975754138184, -4.117454205283237911 ) ) ;
#1077 = MECHANICAL_DESIGN_GEOMETRIC_PRESENTATION_REPRESENTATION (  '', ( #1453 ), #4208 ) ;
#1078 = ORIENTED_EDGE ( 'NONE', *, *, #251, .F. ) ;
#1079 = ORIENTED_EDGE ( 'NONE', *, *, #5144, .F. ) ;
#1080 = EDGE_CURVE ( 'NONE', #2978, #4570, #3590, .T. ) ;
#1081 = CARTESIAN_POINT ( 'NONE',  ( 1.065679434814407633, 2.183470217807364389, 5.023007587397366969 ) ) ;
#1082 = CARTESIAN_POINT ( 'NONE',  ( 0.3145222742811211725, -4.812380947208448667, -1.447436274275170742 ) ) ;
#1083 = CARTESIAN_POINT ( 'NONE',  ( -19.92709219242683361, 0.000000000000000000, 0.000000000000000000 ) ) ;
#1084 = CIRCLE ( 'NONE', #1996, 4.300000000000002487 ) ;
#1085 = AXIS2_PLACEMENT_3D ( 'NONE', #3152, #4831, #2722 ) ;
#1086 = CARTESIAN_POINT ( 'NONE',  ( 2.951763000829056837E-15, -2.624999999999958256, -4.546633369868327001 ) ) ;
#1087 = EDGE_CURVE ( 'NONE', #3835, #2570, #5538, .T. ) ;
#1088 = SPHERICAL_SURFACE ( 'NONE', #1852, 1.237499999999996936 ) ;
#1089 = VERTEX_POINT ( 'NONE', #429 ) ;
#1090 = CARTESIAN_POINT ( 'NONE',  ( -1.216873555469090151, 2.512500000000050804, -4.351777654016776076 ) ) ;
#1091 = FACE_BOUND ( 'NONE', #1216, .T. ) ;
#1092 = DIRECTION ( 'NONE',  ( 0.000000000000000000, -0.4999999999999918399, -0.8660254037844432595 ) ) ;
#1093 = VERTEX_POINT ( 'NONE', #3533 ) ;
#1094 =( GEOMETRIC_REPRESENTATION_CONTEXT ( 3 ) GLOBAL_UNCERTAINTY_ASSIGNED_CONTEXT ( ( #3103 ) ) GLOBAL_UNIT_ASSIGNED_CONTEXT ( ( #4377, #5371, #3109 ) ) REPRESENTATION_CONTEXT ( 'NONE', 'WORKASPACE' ) );
#1095 = DIRECTION ( 'NONE',  ( -1.000000000000000000, -0.000000000000000000, 0.000000000000000000 ) ) ;
#1096 = VERTEX_POINT ( 'NONE', #3474 ) ;
#1097 = DIRECTION ( 'NONE',  ( 1.000000000000000000, 0.000000000000000000, -0.000000000000000000 ) ) ;
#1098 = CARTESIAN_POINT ( 'NONE',  ( -2.300000000000002043, 0.000000000000000000, -7.300000000000000711 ) ) ;
#1099 = CARTESIAN_POINT ( 'NONE',  ( -0.3374999999999969691, -5.250000000000000000, -0.000000000000000000 ) ) ;
#1100 = EDGE_LOOP ( 'NONE', ( #2848, #465, #3947, #4668 ) ) ;
#1101 = DIRECTION ( 'NONE',  ( 1.000000000000000000, 0.000000000000000000, -0.000000000000000000 ) ) ;
#1102 = CARTESIAN_POINT ( 'NONE',  ( 0.3164496935152133483, -3.443614407752297435, 3.660008334471384739 ) ) ;
#1103 = EDGE_LOOP ( 'NONE', ( #1697, #4437, #2665, #2645 ) ) ;
#1104 = DIRECTION ( 'NONE',  ( 0.000000000000000000, 0.000000000000000000, -1.000000000000000000 ) ) ;
#1105 = CARTESIAN_POINT ( 'NONE',  ( 0.3375000000000029643, -4.546633369868319008, 2.624999999999973799 ) ) ;
#1106 = EDGE_CURVE ( 'NONE', #2481, #3188, #2992, .T. ) ;
#1107 = ORIENTED_EDGE ( 'NONE', *, *, #881, .T. ) ;
#1108 = ADVANCED_FACE ( 'NONE', ( #3121 ), #3151, .T. ) ;
#1109 = ORIENTED_EDGE ( 'NONE', *, *, #4004, .F. ) ;
#1110 = DIRECTION ( 'NONE',  ( 0.000000000000000000, 3.232861005816950323E-15, 1.000000000000000000 ) ) ;
#1111 = CARTESIAN_POINT ( 'NONE',  ( 1.216873555469096591, -4.430315561917145928, -2.376468353196445893 ) ) ;
#1112 = DIRECTION ( 'NONE',  ( 1.000000000000000000, 0.000000000000000000, -0.000000000000000000 ) ) ;
#1113 = EDGE_CURVE ( 'NONE', #3295, #4966, #1833, .T. ) ;
#1114 = CARTESIAN_POINT ( 'NONE',  ( 2.951763000829056837E-15, 4.546633369868299468, 2.625000000000005329 ) ) ;
#1115 = AXIS2_PLACEMENT_3D ( 'NONE', #2691, #3503, #5270 ) ;
#1116 = CARTESIAN_POINT ( 'NONE',  ( 0.2290589410532244408, 1.543085156773231548, 4.782331004557233811 ) ) ;
#1117 = EDGE_LOOP ( 'NONE', ( #2639, #2179 ) ) ;
#1118 = CARTESIAN_POINT ( 'NONE',  ( -0.2283429028090062096, -1.101772333983106034, -5.363116686609081363 ) ) ;
#1119 = CARTESIAN_POINT ( 'NONE',  ( -2.300000000000001599, -3.918869757271531939E-16, 3.200000000000001510 ) ) ;
#1120 = DIRECTION ( 'NONE',  ( -1.000000000000000000, -0.000000000000000000, 0.000000000000000000 ) ) ;
#1121 = CARTESIAN_POINT ( 'NONE',  ( -0.9766114375336356623, -4.318452722995175463, 3.367476254988059470 ) ) ;
#1122 = VERTEX_POINT ( 'NONE', #4503 ) ;
#1123 = AXIS2_PLACEMENT_3D ( 'NONE', #2390, #100, #1430 ) ;
#1124 = CIRCLE ( 'NONE', #2981, 1.190588089979062625 ) ;
#1125 = CARTESIAN_POINT ( 'NONE',  ( -1.216873555469090151, 0.1570758158020703066, -5.024999999999999467 ) ) ;
#1126 = AXIS2_PLACEMENT_3D ( 'NONE', #71, #2855, #2282 ) ;
#1127 = DIRECTION ( 'NONE',  ( 0.000000000000000000, 0.5000000000000071054, -0.8660254037844345998 ) ) ;
#1128 = ORIENTED_EDGE ( 'NONE', *, *, #461, .T. ) ;
#1129 = AXIS2_PLACEMENT_3D ( 'NONE', #5452, #1060, #615 ) ;
#1130 = CIRCLE ( 'NONE', #5095, 1.073181601594058732 ) ;
#1131 = CARTESIAN_POINT ( 'NONE',  ( -1.185729937395787026, 4.573808457111119274, -3.012996809067773896 ) ) ;
#1132 = CARTESIAN_POINT ( 'NONE',  ( -1.186094323803407402, -2.455355156608435063, 4.895853191224142087 ) ) ;
#1133 = CARTESIAN_POINT ( 'NONE',  ( -0.7438253088451864947, -3.291099724477458910, -3.798856746762340642 ) ) ;
#1134 = ORIENTED_EDGE ( 'NONE', *, *, #1814, .F. ) ;
#1135 = DIRECTION ( 'NONE',  ( 1.000000000000000000, 0.000000000000000000, -0.000000000000000000 ) ) ;
#1136 = DIRECTION ( 'NONE',  ( 0.000000000000000000, 0.000000000000000000, -1.000000000000000000 ) ) ;
#1137 = CIRCLE ( 'NONE', #2412, 1.124999999999994893 ) ;
#1138 =( GEOMETRIC_REPRESENTATION_CONTEXT ( 3 ) GLOBAL_UNCERTAINTY_ASSIGNED_CONTEXT ( ( #1991 ) ) GLOBAL_UNIT_ASSIGNED_CONTEXT ( ( #4768, #4362, #3842 ) ) REPRESENTATION_CONTEXT ( 'NONE', 'WORKASPACE' ) );
#1139 = UNCERTAINTY_MEASURE_WITH_UNIT (LENGTH_MEASURE( 1.000000000000000082E-05 ), #5254, 'distance_accuracy_value', 'NONE');
#1140 = ORIENTED_EDGE ( 'NONE', *, *, #3735, .F. ) ;
#1141 = DIRECTION ( 'NONE',  ( 1.000000000000000000, 0.000000000000000000, 0.000000000000000000 ) ) ;
#1142 = AXIS2_PLACEMENT_3D ( 'NONE', #867, #4058, #4464 ) ;
#1143 = TOROIDAL_SURFACE ( 'NONE', #1685, 4.300000000000001599, 0.2000000000000005107 ) ;
#1144 = CARTESIAN_POINT ( 'NONE',  ( -0.1139339630336134029, -5.201117964857045806, -1.709969858110743202 ) ) ;
#1145 = FACE_OUTER_BOUND ( 'NONE', #3725, .T. ) ;
#1146 = EDGE_CURVE ( 'NONE', #4764, #4632, #1057, .T. ) ;
#1147 = ORIENTED_EDGE ( 'NONE', *, *, #1770, .F. ) ;
#1148 = EDGE_CURVE ( 'NONE', #334, #5349, #5724, .T. ) ;
#1149 = B_SPLINE_CURVE_WITH_KNOTS ( 'NONE', 3,
 ( #393, #3056, #4816, #865, #2152, #444, #1721, #2591, #5718, #2178, #4429, #3464, #5687, #4378, #1780, #3949, #3547, #2710 ),
 .UNSPECIFIED., .F., .F.,
 ( 4, 2, 2, 2, 2, 2, 2, 2, 4 ),
 ( 0.005772523578963804740, 0.006253562060437139504, 0.006734600541910474268, 0.007215639023383809032, 0.007696677504857142929, 0.008177715986330477693, 0.008658754467803812457, 0.009139792949277147222, 0.009620831430750481986 ),
 .UNSPECIFIED. ) ;
#1150 = ORIENTED_EDGE ( 'NONE', *, *, #3654, .F. ) ;
#1151 = CARTESIAN_POINT ( 'NONE',  ( -0.9684278525401800453, -4.673716618225744135, -1.849049199763111773 ) ) ;
#1152 = CARTESIAN_POINT ( 'NONE',  ( 0.9692456470055400564, 3.122243819140602117, -3.938812449548172001 ) ) ;
#1153 = CARTESIAN_POINT ( 'NONE',  ( 0.7521123038540279415, -1.838905281601092012, -5.158260651985973055 ) ) ;
#1154 = CARTESIAN_POINT ( 'NONE',  ( 0.7413020568632582297, 4.750304665213723965, 1.642381454461504964 ) ) ;
#1155 = ORIENTED_EDGE ( 'NONE', *, *, #409, .T. ) ;
#1156 = FACE_OUTER_BOUND ( 'NONE', #4480, .T. ) ;
#1157 = CARTESIAN_POINT ( 'NONE',  ( -0.3374999999999970246, -3.750346850512976449, 3.344476566048475874 ) ) ;
#1158 = CARTESIAN_POINT ( 'NONE',  ( 0.1604339750629890371, -4.884014096369996949, -1.181960801552174312 ) ) ;
#1159 = CARTESIAN_POINT ( 'NONE',  ( 0.5596629191601022457, 5.387394969858050331, 0.9772031334803176206 ) ) ;
#1160 = EDGE_CURVE ( 'NONE', #3188, #1093, #1300, .T. ) ;
#1161 = CARTESIAN_POINT ( 'NONE',  ( -1.048280351975352520, 4.988038009397219419, -0.6168347408279886146 ) ) ;
#1162 = ADVANCED_FACE ( 'NONE', ( #2813 ), #5413, .F. ) ;
#1163 = CARTESIAN_POINT ( 'NONE',  ( -0.9774912523502850004, -5.423762760077588396, 0.7563220946942549316 ) ) ;
#1164 = CARTESIAN_POINT ( 'NONE',  ( 0.7525402123772515495, -5.158076629468505203, -1.839374689528582518 ) ) ;
#1165 = VERTEX_POINT ( 'NONE', #2783 ) ;
#1166 = CARTESIAN_POINT ( 'NONE',  ( 1.184509137125802525, -2.235888882112454290, 4.502506502262855648 ) ) ;
#1167 = DIRECTION ( 'NONE',  ( -0.000000000000000000, -0.8660254037844329345, -0.5000000000000103251 ) ) ;
#1168 = DIRECTION ( 'NONE',  ( 0.000000000000000000, 0.000000000000000000, -1.000000000000000000 ) ) ;
#1169 = ORIENTED_EDGE ( 'NONE', *, *, #461, .F. ) ;
#1170 = CARTESIAN_POINT ( 'NONE',  ( -2.300000000000001599, 0.000000000000000000, 0.000000000000000000 ) ) ;
#1171 = ORIENTED_EDGE ( 'NONE', *, *, #1257, .T. ) ;
#1172 = FACE_OUTER_BOUND ( 'NONE', #5143, .T. ) ;
#1173 = CARTESIAN_POINT ( 'NONE',  ( -1.216873555470451507, -5.475000000000316724, 1.549021926834971445E-13 ) ) ;
#1174 = EDGE_LOOP ( 'NONE', ( #1502, #3743, #1421, #4899 ) ) ;
#1175 = ORIENTED_EDGE ( 'NONE', *, *, #4576, .T. ) ;
#1176 = CARTESIAN_POINT ( 'NONE',  ( -19.92709219242683361, 0.000000000000000000, 0.000000000000000000 ) ) ;
#1177 = CARTESIAN_POINT ( 'NONE',  ( -0.2288706956799324566, 1.543028613918619341, 4.782349675994529647 ) ) ;
#1178 = ORIENTED_EDGE ( 'NONE', *, *, #3957, .T. ) ;
#1179 = CARTESIAN_POINT ( 'NONE',  ( 0.1142805835485811161, -1.072251967908846915, 4.909266821554440163 ) ) ;
#1180 = SPHERICAL_SURFACE ( 'NONE', #665, 1.237499999999996936 ) ;
#1181 = DIRECTION ( 'NONE',  ( 0.000000000000000000, -5.253399134452543832E-15, -1.000000000000000000 ) ) ;
#1182 = CYLINDRICAL_SURFACE ( 'NONE', #3018, 5.025000000000000355 ) ;
#1183 = CARTESIAN_POINT ( 'NONE',  ( 0.3222421747442775763, -5.341792017825585326, 1.202038509233150254 ) ) ;
#1184 = ADVANCED_FACE ( 'NONE', ( #3241 ), #3788, .F. ) ;
#1185 = EDGE_CURVE ( 'NONE', #2325, #3457, #4522, .T. ) ;
#1186 = B_SPLINE_CURVE_WITH_KNOTS ( 'NONE', 3,
 ( #858, #2067, #1318, #3086, #5715, #1746 ),
 .UNSPECIFIED., .F., .F.,
 ( 4, 2, 4 ),
 ( 0.003144056225734959912, 0.003485646593208243174, 0.003827236960681526003 ),
 .UNSPECIFIED. ) ;
#1187 = CARTESIAN_POINT ( 'NONE',  ( -0.1161341008348405618, 3.649247927219342102, 4.081496609502018202 ) ) ;
#1188 = VERTEX_POINT ( 'NONE', #541 ) ;
#1189 = CARTESIAN_POINT ( 'NONE',  ( -1.216873555469091706, -2.374758597666902116, 4.431302689732373956 ) ) ;
#1190 = CARTESIAN_POINT ( 'NONE',  ( 0.2290589410532242187, -4.782331004557238252, 1.543085156773214672 ) ) ;
#1191 = CARTESIAN_POINT ( 'NONE',  ( 1.216873555469096368, -5.024999999999999467, 0.1570758158020177375 ) ) ;
#1192 = ORIENTED_EDGE ( 'NONE', *, *, #1338, .T. ) ;
#1193 = DIRECTION ( 'NONE',  ( 0.000000000000000000, 0.8660254037844344888, 0.5000000000000071054 ) ) ;
#1194 = UNCERTAINTY_MEASURE_WITH_UNIT (LENGTH_MEASURE( 1.000000000000000082E-05 ), #483, 'distance_accuracy_value', 'NONE');
#1195 = VERTEX_POINT ( 'NONE', #3701 ) ;
#1196 = AXIS2_PLACEMENT_3D ( 'NONE', #3233, #5488, #1033 ) ;
#1197 = DIRECTION ( 'NONE',  ( 0.000000000000000000, 0.8660254037844451469, -0.4999999999999888423 ) ) ;
#1198 = CARTESIAN_POINT ( 'NONE',  ( -3.499999999999999556, 0.000000000000000000, 0.000000000000000000 ) ) ;
#1199 = CARTESIAN_POINT ( 'NONE',  ( -0.3374999999999975242, 0.000000000000000000, 0.000000000000000000 ) ) ;
#1200 = CARTESIAN_POINT ( 'NONE',  ( 0.9774912523502891082, -2.056887232590059789, -5.075277381674341726 ) ) ;
#1201 = DIRECTION ( 'NONE',  ( 0.000000000000000000, 0.5000000000000103251, -0.8660254037844327124 ) ) ;
#1202 = ORIENTED_EDGE ( 'NONE', *, *, #4350, .F. ) ;
#1203 = CARTESIAN_POINT ( 'NONE',  ( -0.1139339630336134446, 5.201117964857057352, 1.709969858110706786 ) ) ;
#1204 = CARTESIAN_POINT ( 'NONE',  ( -0.3374999999999975242, 0.000000000000000000, 0.000000000000000000 ) ) ;
#1205 = CARTESIAN_POINT ( 'NONE',  ( -0.2927043969722447070, 5.365751464471883558, 1.089781517472910632 ) ) ;
#1206 = DIRECTION ( 'NONE',  ( 0.000000000000000000, 0.8660254037844397068, -0.4999999999999980571 ) ) ;
#1207 = CIRCLE ( 'NONE', #3507, 1.073181601594058732 ) ;
#1208 = DIRECTION ( 'NONE',  ( 0.000000000000000000, 0.000000000000000000, -1.000000000000000000 ) ) ;
#1209 = CARTESIAN_POINT ( 'NONE',  ( -0.3374999999999970246, -3.344476566048514954, 3.750346850512941366 ) ) ;
#1210 = EDGE_LOOP ( 'NONE', ( #3567, #5298 ) ) ;
#1211 = CARTESIAN_POINT ( 'NONE',  ( -1.059998554186540654, -1.971765687694799096, 4.624265706669794085 ) ) ;
#1212 = B_SPLINE_CURVE_WITH_KNOTS ( 'NONE', 3,
 ( #2109, #2640, #1340, #4370, #3104, #5707 ),
 .UNSPECIFIED., .F., .F.,
 ( 4, 2, 4 ),
 ( 0.003069521846490039490, 0.003410565459825836646, 0.003751609073161633803 ),
 .UNSPECIFIED. ) ;
#1213 = CIRCLE ( 'NONE', #5642, 5.025000000000001243 ) ;
#1214 = CARTESIAN_POINT ( 'NONE',  ( -0.3374999999999970246, -4.771575093816230684, 1.575657362522904004 ) ) ;
#1215 = EDGE_LOOP ( 'NONE', ( #2950, #5122, #330, #890 ) ) ;
#1216 = EDGE_LOOP ( 'NONE', ( #5277, #112 ) ) ;
#1217 = CARTESIAN_POINT ( 'NONE',  ( -1.216873555469124790, -4.661087872940346877, -2.876758985524188184 ) ) ;
#1218 = ADVANCED_FACE ( 'NONE', ( #1903 ), #740, .T. ) ;
#1219 = AXIS2_PLACEMENT_3D ( 'NONE', #1454, #4548, #1027 ) ;
#1220 = VERTEX_POINT ( 'NONE', #984 ) ;
#1221 = AXIS2_PLACEMENT_3D ( 'NONE', #5505, #3223, #1110 ) ;
#1222 = AXIS2_PLACEMENT_3D ( 'NONE', #1666, #2182, #805 ) ;
#1223 = CARTESIAN_POINT ( 'NONE',  ( 0.8779904369484849980, 4.981708605362760167, -0.6656291238751637085 ) ) ;
#1224 = CARTESIAN_POINT ( 'NONE',  ( -0.1160098896101761368, -3.383099418851973184, 3.715543477078833146 ) ) ;
#1225 = CARTESIAN_POINT ( 'NONE',  ( 2.951763000829056837E-15, 5.499083108677935350E-14, -5.250000000000000000 ) ) ;
#1226 = ADVANCED_FACE ( 'NONE', ( #2387, #81 ), #5466, .T. ) ;
#1227 = CIRCLE ( 'NONE', #4720, 1.073181601594058732 ) ;
#1228 = CIRCLE ( 'NONE', #3630, 3.000000000000002665 ) ;
#1229 = CARTESIAN_POINT ( 'NONE',  ( -0.2282113723961841367, -4.913108231081977806, -1.055077064873277681 ) ) ;
#1230 = MECHANICAL_DESIGN_GEOMETRIC_PRESENTATION_REPRESENTATION (  '', ( #2983 ), #2800 ) ;
#1231 = CARTESIAN_POINT ( 'NONE',  ( -0.1161341008348404230, -3.649247927219313237, -4.081496609502043071 ) ) ;
#1232 = ORIENTED_EDGE ( 'NONE', *, *, #1521, .F. ) ;
#1233 = FACE_OUTER_BOUND ( 'NONE', #3765, .T. ) ;
#1234 = DIRECTION ( 'NONE',  ( 0.000000000000000000, -0.4999999999999918399, -0.8660254037844432595 ) ) ;
#1235 = CARTESIAN_POINT ( 'NONE',  ( 2.299999999999997158, -7.592810154713586877E-16, 6.199999999999997513 ) ) ;
#1236 = CARTESIAN_POINT ( 'NONE',  ( 0.3375000000000030753, 4.771575093816220026, 1.575657362522938199 ) ) ;
#1237 = CARTESIAN_POINT ( 'NONE',  ( -0.6171494958829002453, 5.188032411269652755, -1.750416590129381111 ) ) ;
#1238 = CARTESIAN_POINT ( 'NONE',  ( 2.951763000829056837E-15, -5.250000000000000000, 0.000000000000000000 ) ) ;
#1239 = DIRECTION ( 'NONE',  ( -0.000000000000000000, -0.8660254037844328234, -0.5000000000000101030 ) ) ;
#1240 = EDGE_LOOP ( 'NONE', ( #5719, #3364, #5404, #1554, #5311, #68 ) ) ;
#1241 = DIRECTION ( 'NONE',  ( -1.000000000000000000, -0.000000000000000000, 0.000000000000000000 ) ) ;
#1242 = FACE_OUTER_BOUND ( 'NONE', #3892, .T. ) ;
#1243 = EDGE_LOOP ( 'NONE', ( #3048, #4199, #1295, #4207, #1970, #5063 ) ) ;
#1244 = ORIENTED_EDGE ( 'NONE', *, *, #5676, .F. ) ;
#1245 = DIRECTION ( 'NONE',  ( 0.000000000000000000, 0.8660254037844380415, 0.5000000000000011102 ) ) ;
#1246 = APPLICATION_PROTOCOL_DEFINITION ( 'draft international standard', 'automotive_design', 1998, #3785 ) ;
#1247 = UNCERTAINTY_MEASURE_WITH_UNIT (LENGTH_MEASURE( 1.000000000000000082E-05 ), #727, 'distance_accuracy_value', 'NONE');
#1248 = ORIENTED_EDGE ( 'NONE', *, *, #5453, .F. ) ;
#1249 = CARTESIAN_POINT ( 'NONE',  ( 0.3375000000000044631, 5.344821428571431277, 1.186806174859089902 ) ) ;
#1250 = CARTESIAN_POINT ( 'NONE',  ( -1.102270384252691748, 5.025000000000000355, -6.583561602632016800E-15 ) ) ;
#1251 = CYLINDRICAL_SURFACE ( 'NONE', #2558, 5.025000000000000355 ) ;
#1252 = DIRECTION ( 'NONE',  ( 0.000000000000000000, 0.000000000000000000, 1.000000000000000000 ) ) ;
#1253 = CARTESIAN_POINT ( 'NONE',  ( -0.2283429028092225088, 4.093709127072194143, -3.635721173720720678 ) ) ;
#1254 = CARTESIAN_POINT ( 'NONE',  ( 1.102270384252428403, 5.475000000000001421, -0.1452747394975822948 ) ) ;
#1255 = ORIENTED_EDGE ( 'NONE', *, *, #3054, .F. ) ;
#1256 = EDGE_CURVE ( 'NONE', #3188, #2481, #4569, .T. ) ;
#1257 = EDGE_CURVE ( 'NONE', #875, #4694, #3697, .T. ) ;
#1258 = DIRECTION ( 'NONE',  ( -1.000000000000000000, -0.000000000000000000, 0.000000000000000000 ) ) ;
#1259 = CARTESIAN_POINT ( 'NONE',  ( 1.216873555469097257, 5.024999999999999467, -0.2605543568552804445 ) ) ;
#1260 = ORIENTED_EDGE ( 'NONE', *, *, #495, .T. ) ;
#1261 = CARTESIAN_POINT ( 'NONE',  ( 1.124999999999998224, 4.546633369868336771, -2.624999999999942268 ) ) ;
#1262 = CARTESIAN_POINT ( 'NONE',  ( -2.299999999999996270, 0.000000000000000000, 0.000000000000000000 ) ) ;
#1263 = CARTESIAN_POINT ( 'NONE',  ( 0.3375000000000044631, 0.000000000000000000, 0.000000000000000000 ) ) ;
#1264 = STYLED_ITEM ( 'NONE', ( #3801 ), #823 ) ;
#1265 = CARTESIAN_POINT ( 'NONE',  ( 2.951763000829056837E-15, -5.250000000000000000, 0.000000000000000000 ) ) ;
#1266 = EDGE_CURVE ( 'NONE', #507, #4678, #2589, .T. ) ;
#1267 = TOROIDAL_SURFACE ( 'NONE', #3296, 4.300000000000002487, 0.1999999999999998723 ) ;
#1268 = DIRECTION ( 'NONE',  ( 0.000000000000000000, 0.000000000000000000, 1.000000000000000000 ) ) ;
#1269 = ORIENTED_EDGE ( 'NONE', *, *, #3128, .T. ) ;
#1270 = DIRECTION ( 'NONE',  ( 0.000000000000000000, 0.000000000000000000, -1.000000000000000000 ) ) ;
#1271 = DIRECTION ( 'NONE',  ( 0.000000000000000000, 1.224646799147352961E-16, -1.000000000000000000 ) ) ;
#1272 = ORIENTED_EDGE ( 'NONE', *, *, #1739, .F. ) ;
#1273 = ORIENTED_EDGE ( 'NONE', *, *, #4566, .T. ) ;
#1274 = FACE_BOUND ( 'NONE', #2900, .T. ) ;
#1275 = CIRCLE ( 'NONE', #5245, 1.073181601594058732 ) ;
#1276 = TOROIDAL_SURFACE ( 'NONE', #4398, 3.200000000000001510, 0.1999999999999996503 ) ;
#1277 = AXIS2_PLACEMENT_3D ( 'NONE', #4389, #2689, #4416 ) ;
#1278 = ORIENTED_EDGE ( 'NONE', *, *, #3609, .F. ) ;
#1279 = FILL_AREA_STYLE ('',( #2606 ) ) ;
#1280 = CARTESIAN_POINT ( 'NONE',  ( -0.5500070652126327619, 4.936436936620826721, -0.9407678002490493796 ) ) ;
#1281 = CARTESIAN_POINT ( 'NONE',  ( -0.7428168631732738891, 3.798378139304481316, 3.291643385024366708 ) ) ;
#1282 = CARTESIAN_POINT ( 'NONE',  ( -2.300000000000002043, 0.000000000000000000, 0.000000000000000000 ) ) ;
#1283 = DIRECTION ( 'NONE',  ( -1.000000000000000000, -0.000000000000000000, 0.000000000000000000 ) ) ;
#1284 = DIRECTION ( 'NONE',  ( 0.000000000000000000, -1.616430502908475162E-15, -1.000000000000000000 ) ) ;
#1285 = ORIENTED_EDGE ( 'NONE', *, *, #3331, .T. ) ;
#1286 = EDGE_CURVE ( 'NONE', #5723, #2977, #270, .T. ) ;
#1287 = CARTESIAN_POINT ( 'NONE',  ( 1.216873555469096146, 5.025000000000000355, -2.755257818969335207E-17 ) ) ;
#1288 = ORIENTED_EDGE ( 'NONE', *, *, #4775, .F. ) ;
#1289 = CARTESIAN_POINT ( 'NONE',  ( -1.216873555469057067, 2.598251301820972081, -4.821884359097764694 ) ) ;
#1290 = CARTESIAN_POINT ( 'NONE',  ( 2.299999999999997602, 0.000000000000000000, 0.000000000000000000 ) ) ;
#1291 = FACE_OUTER_BOUND ( 'NONE', #4733, .T. ) ;
#1292 = EDGE_CURVE ( 'NONE', #3202, #4673, #4618, .T. ) ;
#1293 = EDGE_CURVE ( 'NONE', #2715, #4064, #5637, .T. ) ;
#1294 = CARTESIAN_POINT ( 'NONE',  ( -1.216873555469089929, -2.512500000000020162, 4.351777654016792063 ) ) ;
#1295 = ORIENTED_EDGE ( 'NONE', *, *, #4918, .T. ) ;
#1296 = CARTESIAN_POINT ( 'NONE',  ( -2.300000000000001599, 0.000000000000000000, -4.500000000000002665 ) ) ;
#1297 = CARTESIAN_POINT ( 'NONE',  ( 2.951763000829056837E-15, 4.546633369868299468, 2.625000000000005329 ) ) ;
#1298 = EDGE_LOOP ( 'NONE', ( #1288, #674, #282, #2447 ) ) ;
#1299 = CARTESIAN_POINT ( 'NONE',  ( 0.2291337308794293148, 5.195397486887820548, -1.727642638307677503 ) ) ;
#1300 = CIRCLE ( 'NONE', #4711, 1.237499999999996936 ) ;
#1301 = CARTESIAN_POINT ( 'NONE',  ( -0.3157423466804607504, -3.659949515897097605, -3.443668705420134035 ) ) ;
#1302 = CARTESIAN_POINT ( 'NONE',  ( -2.299999999999996270, -7.347880794884118750E-16, 5.999999999999999112 ) ) ;
#1303 = CARTESIAN_POINT ( 'NONE',  ( 1.216873555469096146, 4.351777654016800945, 2.512500000000004619 ) ) ;
#1304 = CARTESIAN_POINT ( 'NONE',  ( -0.3374999999999970246, -4.771575093816209368, -1.575657362522971061 ) ) ;
#1305 = DIRECTION ( 'NONE',  ( -1.000000000000000000, -0.000000000000000000, -0.000000000000000000 ) ) ;
#1306 = AXIS2_PLACEMENT_3D ( 'NONE', #1199, #3395, #4220 ) ;
#1307 = VECTOR ( 'NONE', #5110, 1000.000000000000000 ) ;
#1308 = AXIS2_PLACEMENT_3D ( 'NONE', #3142, #4902, #2714 ) ;
#1309 = ORIENTED_EDGE ( 'NONE', *, *, #2902, .F. ) ;
#1310 = AXIS2_PLACEMENT_3D ( 'NONE', #3687, #4608, #4089 ) ;
#1311 = CIRCLE ( 'NONE', #2699, 5.475000000000002309 ) ;
#1312 = AXIS2_PLACEMENT_3D ( 'NONE', #3492, #2679, #2181 ) ;
#1313 = CARTESIAN_POINT ( 'NONE',  ( 2.499999999999998668, 0.000000000000000000, 0.000000000000000000 ) ) ;
#1314 = EDGE_LOOP ( 'NONE', ( #2821, #3595, #3174, #5087, #1356, #4401 ) ) ;
#1315 = CARTESIAN_POINT ( 'NONE',  ( -0.1605426051907890561, 1.597764948076984659, -5.236675679372140735 ) ) ;
#1316 = CARTESIAN_POINT ( 'NONE',  ( 0.7428168631732793292, 3.291643385024352497, 3.798378139304491530 ) ) ;
#1317 = CARTESIAN_POINT ( 'NONE',  ( -0.3375000000004431122, 5.344821428571457922, 1.186806174858961116 ) ) ;
#1318 = CARTESIAN_POINT ( 'NONE',  ( -0.1139799994183178372, 1.709974499904573619, 5.201116438773707884 ) ) ;
#1319 = CIRCLE ( 'NONE', #4541, 1.073181601594058732 ) ;
#1320 = AXIS2_PLACEMENT_3D ( 'NONE', #735, #2065, #794 ) ;
#1321 = ORIENTED_EDGE ( 'NONE', *, *, #2360, .F. ) ;
#1322 = SURFACE_SIDE_STYLE ('',( #1779 ) ) ;
#1323 = ORIENTED_EDGE ( 'NONE', *, *, #1913, .T. ) ;
#1324 = EDGE_CURVE ( 'NONE', #1651, #607, #3340, .T. ) ;
#1325 = DIRECTION ( 'NONE',  ( 0.000000000000000000, -0.8660254037844434816, 0.4999999999999917843 ) ) ;
#1326 = EDGE_CURVE ( 'NONE', #3111, #5607, #4289, .T. ) ;
#1327 = LINE ( 'NONE', #1834, #381 ) ;
#1328 = CARTESIAN_POINT ( 'NONE',  ( -0.1578090310811129937, 1.418333126981436765, -4.820680050771454006 ) ) ;
#1329 = ORIENTED_EDGE ( 'NONE', *, *, #3452, .F. ) ;
#1330 = CARTESIAN_POINT ( 'NONE',  ( -1.060888576672766481, -0.6027759425897027956, -4.990800405465341427 ) ) ;
#1331 = CARTESIAN_POINT ( 'NONE',  ( 0.3164496935152149026, 3.660008334471395841, 3.443614407752285889 ) ) ;
#1332 = CARTESIAN_POINT ( 'NONE',  ( -0.7539527812222449610, 4.172780948423651104, 3.546387310455026309 ) ) ;
#1333 = B_SPLINE_CURVE_WITH_KNOTS ( 'NONE', 3,
 ( #4573, #3370, #700, #5039, #1999, #671, #2399, #4165, #4691, #2433, #3339, #4195, #3740, #1152, #1563, #262, #5132, #2027 ),
 .UNSPECIFIED., .F., .F.,
 ( 4, 2, 2, 2, 2, 2, 2, 2, 4 ),
 ( 0.005649204378755514483, 0.006119817975306321434, 0.006590431571857128384, 0.007061045168407935335, 0.007531658764958742286, 0.008002272361509549237, 0.008472885958060356187, 0.008943499554611163138, 0.009414113151161970089 ),
 .UNSPECIFIED. ) ;
#1334 = CARTESIAN_POINT ( 'NONE',  ( -0.2290589410531661541, -4.782331004557221377, -1.543085156773266187 ) ) ;
#1335 = DIRECTION ( 'NONE',  ( -0.000000000000000000, 0.000000000000000000, -1.000000000000000000 ) ) ;
#1336 = ORIENTED_EDGE ( 'NONE', *, *, #5529, .T. ) ;
#1337 = AXIS2_PLACEMENT_3D ( 'NONE', #1442, #5496, #4942 ) ;
#1338 = EDGE_CURVE ( 'NONE', #607, #3441, #4801, .T. ) ;
#1339 = DIRECTION ( 'NONE',  ( 0.000000000000000000, 0.000000000000000000, -1.000000000000000000 ) ) ;
#1340 = CARTESIAN_POINT ( 'NONE',  ( -0.1137298752281221403, -4.909284847808295993, 1.072169428353739518 ) ) ;
#1341 = ORIENTED_EDGE ( 'NONE', *, *, #2846, .F. ) ;
#1342 = FACE_OUTER_BOUND ( 'NONE', #1558, .T. ) ;
#1343 = CARTESIAN_POINT ( 'NONE',  ( -19.92709219242683361, 0.000000000000000000, 0.000000000000000000 ) ) ;
#1344 = CARTESIAN_POINT ( 'NONE',  ( -1.060068109012835658, -0.6044817592958453556, 4.990627786035838120 ) ) ;
#1345 = ORIENTED_EDGE ( 'NONE', *, *, #3379, .F. ) ;
#1346 = CYLINDRICAL_SURFACE ( 'NONE', #3494, 5.475000000000000533 ) ;
#1347 = B_SPLINE_CURVE_WITH_KNOTS ( 'NONE', 3,
 ( #601, #4533, #2357, #5089, #5467, #3242 ),
 .UNSPECIFIED., .F., .F.,
 ( 4, 2, 4 ),
 ( 0.003144056225739082916, 0.003485646593212814170, 0.003827236960686545425 ),
 .UNSPECIFIED. ) ;
#1348 = DIRECTION ( 'NONE',  ( 0.000000000000000000, 0.8660254037844417052, -0.4999999999999947820 ) ) ;
#1349 = VERTEX_POINT ( 'NONE', #4707 ) ;
#1350 = CARTESIAN_POINT ( 'NONE',  ( 1.216873555469097923, 2.374758597666869253, 4.431302689732393496 ) ) ;
#1351 = CARTESIAN_POINT ( 'NONE',  ( 2.499999999999996891, 0.000000000000000000, -7.300000000000000711 ) ) ;
#1352 = DIRECTION ( 'NONE',  ( 1.000000000000000000, 0.000000000000000000, -0.000000000000000000 ) ) ;
#1353 = EDGE_CURVE ( 'NONE', #78, #787, #4420, .T. ) ;
#1354 = EDGE_CURVE ( 'NONE', #3111, #4038, #181, .T. ) ;
#1355 = DIRECTION ( 'NONE',  ( 0.000000000000000000, 1.000000000000000000, 0.000000000000000000 ) ) ;
#1356 = ORIENTED_EDGE ( 'NONE', *, *, #1160, .F. ) ;
#1357 = B_SPLINE_CURVE_WITH_KNOTS ( 'NONE', 3,
 ( #686, #3207, #5434, #2863, #1983, #1066 ),
 .UNSPECIFIED., .F., .F.,
 ( 4, 2, 4 ),
 ( 0.006630243725177044356, 0.006971267376520918352, 0.007312291027864793215 ),
 .UNSPECIFIED. ) ;
#1358 = CARTESIAN_POINT ( 'NONE',  ( -0.3374999999999970246, 4.771575093816242230, -1.575657362522871141 ) ) ;
#1359 = CARTESIAN_POINT ( 'NONE',  ( 0.9768424931114074727, -0.7568242692209611322, -5.423668576231588823 ) ) ;
#1360 = CARTESIAN_POINT ( 'NONE',  ( -2.299999999999996270, 0.000000000000000000, 0.000000000000000000 ) ) ;
#1361 = CARTESIAN_POINT ( 'NONE',  ( -1.216873555470451507, 4.741489085720149710, 2.737500000000029576 ) ) ;
#1362 = FACE_BOUND ( 'NONE', #4869, .T. ) ;
#1363 = CARTESIAN_POINT ( 'NONE',  ( 1.131509296114765917, 5.453576640799155939, -0.5292685546406962205 ) ) ;
#1364 = AXIS2_PLACEMENT_3D ( 'NONE', #370, #2136, #1709 ) ;
#1365 = ADVANCED_FACE ( 'NONE', ( #2979 ), #779, .F. ) ;
#1366 = EDGE_LOOP ( 'NONE', ( #5688, #1935 ) ) ;
#1367 = CARTESIAN_POINT ( 'NONE',  ( 0.1630295018219760639, 1.234600566027750812, 5.333984106152902527 ) ) ;
#1368 = ORIENTED_EDGE ( 'NONE', *, *, #5562, .F. ) ;
#1369 = CARTESIAN_POINT ( 'NONE',  ( 0.9766093576085680406, 2.055978850831215787, -5.075628505799288703 ) ) ;
#1370 = DIRECTION ( 'NONE',  ( 0.000000000000000000, -0.8660254037844433705, 0.4999999999999918399 ) ) ;
#1371 = ORIENTED_EDGE ( 'NONE', *, *, #3907, .F. ) ;
#1372 = CARTESIAN_POINT ( 'NONE',  ( 0.3375000000000029088, 3.608627975754138184, -4.117454205283237911 ) ) ;
#1373 = CARTESIAN_POINT ( 'NONE',  ( -0.3374999999999969691, -2.624999999999958256, -4.546633369868327001 ) ) ;
#1374 = VERTEX_POINT ( 'NONE', #335 ) ;
#1375 = DIRECTION ( 'NONE',  ( 0.000000000000000000, 0.000000000000000000, -1.000000000000000000 ) ) ;
#1376 = SPHERICAL_SURFACE ( 'NONE', #1308, 1.237499999999996936 ) ;
#1377 = ORIENTED_EDGE ( 'NONE', *, *, #2360, .T. ) ;
#1378 = CARTESIAN_POINT ( 'NONE',  ( 0.8851110373851236446, 5.432925817713881500, -0.6854902341587162384 ) ) ;
#1379 = EDGE_LOOP ( 'NONE', ( #1481, #2954, #3923, #1460 ) ) ;
#1380 = CARTESIAN_POINT ( 'NONE',  ( 0.3164496935152141255, -3.660008334471372748, -3.443614407752311202 ) ) ;
#1381 = DIRECTION ( 'NONE',  ( 0.000000000000000000, -0.8660254037844415942, 0.4999999999999946709 ) ) ;
#1382 = EDGE_CURVE ( 'NONE', #2822, #2218, #3423, .T. ) ;
#1383 = DIRECTION ( 'NONE',  ( 1.000000000000000000, 0.000000000000000000, -0.000000000000000000 ) ) ;
#1384 = DIRECTION ( 'NONE',  ( 0.000000000000000000, 0.000000000000000000, -1.000000000000000000 ) ) ;
#1385 = CYLINDRICAL_SURFACE ( 'NONE', #3946, 5.025000000000000355 ) ;
#1386 = CARTESIAN_POINT ( 'NONE',  ( 1.216873555470457724, 2.122497742101288486E-13, -5.475000000000316724 ) ) ;
#1387 = AXIS2_PLACEMENT_3D ( 'NONE', #5551, #3864, #3323 ) ;
#1388 = VERTEX_POINT ( 'NONE', #4622 ) ;
#1389 = EDGE_CURVE ( 'NONE', #3277, #1195, #2682, .T. ) ;
#1390 = EDGE_CURVE ( 'NONE', #2140, #899, #4093, .T. ) ;
#1391 = CARTESIAN_POINT ( 'NONE',  ( 0.6074448382803045998, 4.777036105533043475, -1.560129390037615638 ) ) ;
#1392 = CIRCLE ( 'NONE', #2685, 5.025000000000001243 ) ;
#1393 = STYLED_ITEM ( 'NONE', ( #2336 ), #2624 ) ;
#1394 = AXIS2_PLACEMENT_3D ( 'NONE', #1938, #3634, #1473 ) ;
#1395 = CIRCLE ( 'NONE', #2132, 1.237499999999996936 ) ;
#1396 = CARTESIAN_POINT ( 'NONE',  ( -0.3374999999999970246, -3.750346850512929819, -3.344476566048528721 ) ) ;
#1397 = ORIENTED_EDGE ( 'NONE', *, *, #4325, .T. ) ;
#1398 = CARTESIAN_POINT ( 'NONE',  ( -1.186246345985052741, -4.895758463743407951, 2.455581101507871900 ) ) ;
#1399 = CARTESIAN_POINT ( 'NONE',  ( 1.216873555469095924, -4.351777654016819596, 2.512499999999974420 ) ) ;
#1400 = CARTESIAN_POINT ( 'NONE',  ( 0.7429409894792294855, -0.9513800596651842412, 4.935330379285243652 ) ) ;
#1401 = DIRECTION ( 'NONE',  ( 0.000000000000000000, 0.000000000000000000, -1.000000000000000000 ) ) ;
#1402 = AXIS2_PLACEMENT_3D ( 'NONE', #526, #1370, #65 ) ;
#1403 = AXIS2_PLACEMENT_3D ( 'NONE', #5546, #5119, #3780 ) ;
#1404 = ORIENTED_EDGE ( 'NONE', *, *, #149, .T. ) ;
#1405 = FILL_AREA_STYLE ('',( #3974 ) ) ;
#1406 = CARTESIAN_POINT ( 'NONE',  ( -0.8119331475285170852, 4.944392611972884488, 0.9193083023682937505 ) ) ;
#1407 = EDGE_LOOP ( 'NONE', ( #3310, #3180 ) ) ;
#1408 = CARTESIAN_POINT ( 'NONE',  ( -1.216873555469089929, 2.512499999999990408, 4.351777654016809826 ) ) ;
#1409 = CIRCLE ( 'NONE', #477, 1.073181601594058732 ) ;
#1410 = AXIS2_PLACEMENT_3D ( 'NONE', #2887, #238, #5161 ) ;
#1411 = CARTESIAN_POINT ( 'NONE',  ( -2.299999999999997602, 0.000000000000000000, 0.000000000000000000 ) ) ;
#1412 = DIRECTION ( 'NONE',  ( 0.000000000000000000, -0.8660254037844344888, -0.5000000000000071054 ) ) ;
#1413 = CIRCLE ( 'NONE', #1960, 6.058578643762684734 ) ;
#1414 = ORIENTED_EDGE ( 'NONE', *, *, #2488, .F. ) ;
#1415 = CARTESIAN_POINT ( 'NONE',  ( -1.060132804264166673, -4.019910896282864243, -3.018596205566954627 ) ) ;
#1416 = DIRECTION ( 'NONE',  ( -1.000000000000000000, -0.000000000000000000, 0.000000000000000000 ) ) ;
#1417 = CYLINDRICAL_SURFACE ( 'NONE', #1720, 5.025000000000000355 ) ;
#1418 = DIRECTION ( 'NONE',  ( 0.000000000000000000, 0.000000000000000000, -1.000000000000000000 ) ) ;
#1419 = DIRECTION ( 'NONE',  ( 0.000000000000000000, 0.000000000000000000, -1.000000000000000000 ) ) ;
#1420 = CARTESIAN_POINT ( 'NONE',  ( -0.1142805824610625687, 3.715423797418384577, -3.383230854298415302 ) ) ;
#1421 = ORIENTED_EDGE ( 'NONE', *, *, #3935, .T. ) ;
#1422 = CARTESIAN_POINT ( 'NONE',  ( -0.6066795256490175037, 4.777195101010586420, -1.559643906801460034 ) ) ;
#1423 = ADVANCED_FACE ( 'NONE', ( #3562 ), #845, .F. ) ;
#1424 = EDGE_CURVE ( 'NONE', #3950, #837, #2785, .T. ) ;
#1425 = CARTESIAN_POINT ( 'NONE',  ( 0.3375000000000030753, 1.021228243303247574, 4.920133928571432946 ) ) ;
#1426 = ORIENTED_EDGE ( 'NONE', *, *, #111, .F. ) ;
#1427 = CARTESIAN_POINT ( 'NONE',  ( 0.3375000000000030753, -4.771575093816209368, -1.575657362522971061 ) ) ;
#1428 = CARTESIAN_POINT ( 'NONE',  ( -0.3145222742842014862, -1.152673889721744116, 4.891362290108565603 ) ) ;
#1429 = DIRECTION ( 'NONE',  ( 0.000000000000000000, -0.8660254037844433705, 0.4999999999999918399 ) ) ;
#1430 = DIRECTION ( 'NONE',  ( 0.000000000000000000, -8.890367765996613488E-15, -1.000000000000000000 ) ) ;
#1431 = DIRECTION ( 'NONE',  ( 1.000000000000000000, 0.000000000000000000, -0.000000000000000000 ) ) ;
#1432 = ORIENTED_EDGE ( 'NONE', *, *, #4833, .F. ) ;
#1433 = CARTESIAN_POINT ( 'NONE',  ( 0.6074448382803041557, 1.560129390037665820, 4.777036105533025712 ) ) ;
#1434 = CARTESIAN_POINT ( 'NONE',  ( 1.237499999999999822, 4.546633369868336771, -2.624999999999942268 ) ) ;
#1435 = CARTESIAN_POINT ( 'NONE',  ( 0.1142805824610687304, 3.715423797418337504, 3.383230854298467261 ) ) ;
#1436 = EDGE_LOOP ( 'NONE', ( #3639, #2802 ) ) ;
#1437 = EDGE_CURVE ( 'NONE', #2073, #837, #1881, .T. ) ;
#1438 = EDGE_LOOP ( 'NONE', ( #5082, #973, #1730, #1323, #2703, #3886 ) ) ;
#1439 = CARTESIAN_POINT ( 'NONE',  ( -0.2290589410531660708, 1.543085156773282618, -4.782331004557218712 ) ) ;
#1440 = CARTESIAN_POINT ( 'NONE',  ( 1.185664645333966982, -0.3225138123007598723, -5.467519656380328996 ) ) ;
#1441 = DIRECTION ( 'NONE',  ( 0.000000000000000000, 0.000000000000000000, -1.000000000000000000 ) ) ;
#1442 = CARTESIAN_POINT ( 'NONE',  ( -0.3374999999999975242, 0.000000000000000000, 0.000000000000000000 ) ) ;
#1443 = SURFACE_STYLE_USAGE ( .BOTH. , #5497 ) ;
#1444 = DIRECTION ( 'NONE',  ( 0.000000000000000000, -3.613946018757869292E-15, 1.000000000000000000 ) ) ;
#1445 = CARTESIAN_POINT ( 'NONE',  ( 0.3375000000000044631, 0.000000000000000000, 0.000000000000000000 ) ) ;
#1446 = AXIS2_PLACEMENT_3D ( 'NONE', #3816, #2450, #1068 ) ;
#1447 = DIRECTION ( 'NONE',  ( 0.000000000000000000, 1.421085471520201003E-14, 1.000000000000000000 ) ) ;
#1448 = ORIENTED_EDGE ( 'NONE', *, *, #3333, .F. ) ;
#1449 = DIRECTION ( 'NONE',  ( -0.000000000000000000, -1.000000000000000000, -1.059690869644413521E-14 ) ) ;
#1450 = CARTESIAN_POINT ( 'NONE',  ( -1.124999999999992006, -2.625000000000021760, 4.546633369868291474 ) ) ;
#1451 = ADVANCED_FACE ( 'NONE', ( #928, #3101 ), #1678, .T. ) ;
#1452 = SPHERICAL_SURFACE ( 'NONE', #365, 1.124999999999995115 ) ;
#1453 = STYLED_ITEM ( 'NONE', ( #3659 ), #768 ) ;
#1454 = CARTESIAN_POINT ( 'NONE',  ( 2.499999999999996003, 0.000000000000000000, 0.000000000000000000 ) ) ;
#1455 = ORIENTED_EDGE ( 'NONE', *, *, #4391, .T. ) ;
#1456 = CARTESIAN_POINT ( 'NONE',  ( 0.1145010564412869136, -1.119764795958076764, -5.359267842665087933 ) ) ;
#1457 = CARTESIAN_POINT ( 'NONE',  ( 2.499999999999997780, 0.000000000000000000, 0.000000000000000000 ) ) ;
#1458 = CARTESIAN_POINT ( 'NONE',  ( -1.184200262941307313, -5.017161983730495045, -0.3157408673798859366 ) ) ;
#1459 = ADVANCED_FACE ( 'NONE', ( #1736 ), #5244, .T. ) ;
#1460 = ORIENTED_EDGE ( 'NONE', *, *, #1148, .F. ) ;
#1461 = CARTESIAN_POINT ( 'NONE',  ( 2.951763000829056837E-15, -2.624999999999958256, -4.546633369868327001 ) ) ;
#1462 = CARTESIAN_POINT ( 'NONE',  ( 0.1630295018224066916, 4.002065456297086321, -3.736187506783007706 ) ) ;
#1463 = DIRECTION ( 'NONE',  ( 1.000000000000000000, 0.000000000000000000, -0.000000000000000000 ) ) ;
#1464 = CARTESIAN_POINT ( 'NONE',  ( -2.300000000000001155, 0.000000000000000000, 0.000000000000000000 ) ) ;
#1465 = ORIENTED_EDGE ( 'NONE', *, *, #45, .T. ) ;
#1466 = DIRECTION ( 'NONE',  ( 0.000000000000000000, -0.8660254037844382635, -0.5000000000000007772 ) ) ;
#1467 = DIRECTION ( 'NONE',  ( 0.000000000000000000, 0.000000000000000000, -1.000000000000000000 ) ) ;
#1468 = ORIENTED_EDGE ( 'NONE', *, *, #4418, .T. ) ;
#1469 = FACE_OUTER_BOUND ( 'NONE', #4384, .T. ) ;
#1470 = AXIS2_PLACEMENT_3D ( 'NONE', #2542, #4295, #5055 ) ;
#1471 = AXIS2_PLACEMENT_3D ( 'NONE', #4844, #3917, #3032 ) ;
#1472 = ORIENTED_EDGE ( 'NONE', *, *, #5181, .T. ) ;
#1473 = DIRECTION ( 'NONE',  ( 0.000000000000000000, 0.000000000000000000, 1.000000000000000000 ) ) ;
#1474 = CARTESIAN_POINT ( 'NONE',  ( 0.7539386004181415357, -3.546371439659029345, 4.172790416570618000 ) ) ;
#1475 = CARTESIAN_POINT ( 'NONE',  ( -1.216873555469091484, 5.474999999999999645, -0.2660627678250561123 ) ) ;
#1477 = AXIS2_PLACEMENT_3D ( 'NONE', #5108, #3426, #4259 ) ;
#1476 = B_SPLINE_CURVE_WITH_KNOTS ( 'NONE', 3,
 ( #1548, #2326, #3319, #1958, #570, #5462 ),
 .UNSPECIFIED., .F., .F.,
 ( 4, 2, 4 ),
 ( 0.004105681691215854433, 0.004877443038659816203, 0.005649204386103777974 ),
 .UNSPECIFIED. ) ;
#1478 = AXIS2_PLACEMENT_3D ( 'NONE', #632, #1449, #2338 ) ;
#1479 = CARTESIAN_POINT ( 'NONE',  ( 0.3375000000000030753, -3.750346850512929819, -3.344476566048528721 ) ) ;
#1480 = CARTESIAN_POINT ( 'NONE',  ( 1.124999999999998224, 2.625000000000053291, -4.546633369868272823 ) ) ;
#1481 = ORIENTED_EDGE ( 'NONE', *, *, #2734, .F. ) ;
#1482 = CARTESIAN_POINT ( 'NONE',  ( -0.7438253088451862727, -3.798856746762330427, 3.291099724477473121 ) ) ;
#1483 = CARTESIAN_POINT ( 'NONE',  ( -0.7539527812220695457, -5.386927960990095521, -0.9848710283011347100 ) ) ;
#1484 = CARTESIAN_POINT ( 'NONE',  ( -0.3374999999999969691, -1.761505952817294274, -5.183890602451911356 ) ) ;
#1485 = CARTESIAN_POINT ( 'NONE',  ( 0.3375000000000030753, 1.575657362522987714, -4.771575093816203150 ) ) ;
#1486 = CIRCLE ( 'NONE', #2308, 6.199999999999997513 ) ;
#1487 = STYLED_ITEM ( 'NONE', ( #485 ), #2697 ) ;
#1488 = DIRECTION ( 'NONE',  ( 0.000000000000000000, 8.082152514542375808E-16, 1.000000000000000000 ) ) ;
#1489 = ADVANCED_FACE ( 'NONE', ( #5675 ), #929, .F. ) ;
#1490 = CIRCLE ( 'NONE', #3445, 1.073181601594058732 ) ;
#1491 = EDGE_CURVE ( 'NONE', #3665, #5692, #4062, .T. ) ;
#1492 = CARTESIAN_POINT ( 'NONE',  ( -0.7539386004181362066, 4.172790416570682837, -3.546371439658954738 ) ) ;
#1493 = CARTESIAN_POINT ( 'NONE',  ( -0.6178653494856263251, -1.750740808670927962, 5.187926071696287167 ) ) ;
#1494 = VERTEX_POINT ( 'NONE', #3904 ) ;
#1495 = DIRECTION ( 'NONE',  ( 0.000000000000000000, 0.8660254037844363761, 0.5000000000000039968 ) ) ;
#1496 = DIRECTION ( 'NONE',  ( 1.000000000000000000, 0.000000000000000000, -0.000000000000000000 ) ) ;
#1497 = EDGE_CURVE ( 'NONE', #4767, #2808, #1207, .T. ) ;
#1498 = ORIENTED_EDGE ( 'NONE', *, *, #3089, .F. ) ;
#1499 = FACE_OUTER_BOUND ( 'NONE', #1747, .T. ) ;
#1500 = ADVANCED_FACE ( 'NONE', ( #1760 ), #1710, .T. ) ;
#1501 = VERTEX_POINT ( 'NONE', #5304 ) ;
#1502 = ORIENTED_EDGE ( 'NONE', *, *, #4936, .F. ) ;
#1503 = CARTESIAN_POINT ( 'NONE',  ( 0.1605426051907949958, 1.597764948076912273, 5.236675679372163827 ) ) ;
#1504 = CARTESIAN_POINT ( 'NONE',  ( 0.6066795256490232768, -4.777195101010553557, -1.559643906801560176 ) ) ;
#1505 = DIRECTION ( 'NONE',  ( -0.000000000000000000, -1.000000000000000000, -1.059690869644413521E-14 ) ) ;
#1506 = SPHERICAL_SURFACE ( 'NONE', #5339, 1.124999999999995115 ) ;
#1507 = DIRECTION ( 'NONE',  ( 0.000000000000000000, 0.5000000000000101030, -0.8660254037844328234 ) ) ;
#1508 = VERTEX_POINT ( 'NONE', #2663 ) ;
#1509 = CARTESIAN_POINT ( 'NONE',  ( -2.300000000000002487, 0.000000000000000000, 0.000000000000000000 ) ) ;
#1510 = DIRECTION ( 'NONE',  ( 0.000000000000000000, -0.5000000000000101030, 0.8660254037844328234 ) ) ;
#1511 = FILL_AREA_STYLE_COLOUR ( '', #3343 ) ;
#1512 = ORIENTED_EDGE ( 'NONE', *, *, #1185, .T. ) ;
#1513 = FACE_OUTER_BOUND ( 'NONE', #4664, .T. ) ;
#1514 = ORIENTED_EDGE ( 'NONE', *, *, #3757, .F. ) ;
#1515 = DIRECTION ( 'NONE',  ( 0.000000000000000000, 0.000000000000000000, 1.000000000000000000 ) ) ;
#1516 = CARTESIAN_POINT ( 'NONE',  ( 0.6171494958829060185, -1.750416590129472150, 5.188032411269622557 ) ) ;
#1517 = DIRECTION ( 'NONE',  ( 1.000000000000000000, 0.000000000000000000, -0.000000000000000000 ) ) ;
#1518 = ORIENTED_EDGE ( 'NONE', *, *, #2483, .T. ) ;
#1519 = CARTESIAN_POINT ( 'NONE',  ( -1.066282750803719814, -4.403264907450123999, -3.257152822151312854 ) ) ;
#1520 = CARTESIAN_POINT ( 'NONE',  ( -0.1577470943594669051, -3.465865739801242906, 3.638461172476451733 ) ) ;
#1521 = EDGE_CURVE ( 'NONE', #1528, #4338, #4147, .T. ) ;
#1522 = EDGE_CURVE ( 'NONE', #651, #886, #546, .T. ) ;
#1523 = UNCERTAINTY_MEASURE_WITH_UNIT (LENGTH_MEASURE( 1.000000000000000082E-05 ), #5265, 'distance_accuracy_value', 'NONE');
#1524 = ORIENTED_EDGE ( 'NONE', *, *, #1914, .T. ) ;
#1525 = DIRECTION ( 'NONE',  ( 1.000000000000000000, 0.000000000000000000, -0.000000000000000000 ) ) ;
#1526 = CARTESIAN_POINT ( 'NONE',  ( 0.3375000000000044631, 0.000000000000000000, 0.000000000000000000 ) ) ;
#1527 = EDGE_CURVE ( 'NONE', #5520, #2437, #4709, .T. ) ;
#1528 = VERTEX_POINT ( 'NONE', #1843 ) ;
#1529 = ORIENTED_EDGE ( 'NONE', *, *, #4565, .T. ) ;
#1530 = CARTESIAN_POINT ( 'NONE',  ( 2.951763000829056837E-15, 5.250000000000000000, 0.000000000000000000 ) ) ;
#1531 = CARTESIAN_POINT ( 'NONE',  ( -1.216873555470451729, -2.737500000000046008, 4.741489085720139940 ) ) ;
#1532 = B_SPLINE_CURVE_WITH_KNOTS ( 'NONE', 3,
 ( #1727, #3007, #5209, #1702, #1299, #3064 ),
 .UNSPECIFIED., .F., .F.,
 ( 4, 2, 4 ),
 ( 0.003144056225732650995, 0.003485646593205683156, 0.003827236960678715317 ),
 .UNSPECIFIED. ) ;
#1533 =( GEOMETRIC_REPRESENTATION_CONTEXT ( 3 ) GLOBAL_UNCERTAINTY_ASSIGNED_CONTEXT ( ( #4187 ) ) GLOBAL_UNIT_ASSIGNED_CONTEXT ( ( #1904, #4973, #1965 ) ) REPRESENTATION_CONTEXT ( 'NONE', 'WORKASPACE' ) );
#1534 = CARTESIAN_POINT ( 'NONE',  ( 2.951763000829056837E-15, 5.499083108677935350E-14, -5.250000000000000000 ) ) ;
#1535 = CARTESIAN_POINT ( 'NONE',  ( 1.102270384252428181, 5.025000000000000355, -2.755605343752521272E-17 ) ) ;
#1536 = VERTEX_POINT ( 'NONE', #1048 ) ;
#1537 = CARTESIAN_POINT ( 'NONE',  ( 2.951763000829056837E-15, -2.624999999999958256, -4.546633369868327001 ) ) ;
#1538 = FACE_OUTER_BOUND ( 'NONE', #1117, .T. ) ;
#1539 = FACE_OUTER_BOUND ( 'NONE', #4221, .T. ) ;
#1540 = CARTESIAN_POINT ( 'NONE',  ( -0.3237003905340479770, -4.025397093648606983, 3.711580936677679077 ) ) ;
#1541 = CARTESIAN_POINT ( 'NONE',  ( -0.3374999999999970246, -4.771575093816230684, 1.575657362522904004 ) ) ;
#1542 = COLOUR_RGB ( '',1.000000000000000000, 1.000000000000000000, 1.000000000000000000 ) ;
#1543 = CLOSED_SHELL ( 'NONE', ( #5123, #2991, #3406, #3096 ) ) ;
#1544 = B_SPLINE_CURVE_WITH_KNOTS ( 'NONE', 3,
 ( #5093, #1016, #4595, #4567, #1906, #3761 ),
 .UNSPECIFIED., .F., .F.,
 ( 4, 2, 4 ),
 ( 0.006480373050224363940, 0.006820975956596185899, 0.007161578862968007858 ),
 .UNSPECIFIED. ) ;
#1545 = CARTESIAN_POINT ( 'NONE',  ( 0.7428168631732788851, 3.798378139304525725, -3.291643385024312085 ) ) ;
#1546 = ORIENTED_EDGE ( 'NONE', *, *, #825, .T. ) ;
#1547 = EDGE_CURVE ( 'NONE', #750, #1982, #2349, .T. ) ;
#1548 = CARTESIAN_POINT ( 'NONE',  ( 0.3375000000000044631, 4.894821428571450639, 1.136375018379826463 ) ) ;
#1549 = CARTESIAN_POINT ( 'NONE',  ( -0.7413020568632523455, -4.750304665213735511, 1.642381454461471435 ) ) ;
#1550 = CARTESIAN_POINT ( 'NONE',  ( -0.1139339630336131670, 1.709969858110761409, -5.201117964857037812 ) ) ;
#1551 = VERTEX_POINT ( 'NONE', #3651 ) ;
#1552 = CARTESIAN_POINT ( 'NONE',  ( 2.951763000829056837E-15, -4.546633369868282593, -2.625000000000037303 ) ) ;
#1553 = DIRECTION ( 'NONE',  ( 0.000000000000000000, -1.000000000000000000, -1.224646799147353207E-16 ) ) ;
#1554 = ORIENTED_EDGE ( 'NONE', *, *, #4136, .T. ) ;
#1555 = ADVANCED_FACE ( 'NONE', ( #1012 ), #2815, .T. ) ;
#1556 =( NAMED_UNIT ( * ) PLANE_ANGLE_UNIT ( ) SI_UNIT ( $, .RADIAN. ) );
#1557 = DIRECTION ( 'NONE',  ( -0.000000000000000000, 0.000000000000000000, -1.000000000000000000 ) ) ;
#1558 = EDGE_LOOP ( 'NONE', ( #1404, #1465, #2455, #411 ) ) ;
#1559 = EDGE_CURVE ( 'NONE', #4588, #2518, #18, .T. ) ;
#1560 = EDGE_CURVE ( 'NONE', #4489, #4324, #1805, .T. ) ;
#1561 = ORIENTED_EDGE ( 'NONE', *, *, #685, .F. ) ;
#1562 = CARTESIAN_POINT ( 'NONE',  ( 0.1561588338129599185, -4.820739249744099730, -1.418131903941062255 ) ) ;
#1563 = CARTESIAN_POINT ( 'NONE',  ( 1.060888576746104039, 3.017419481698574657, -4.020771965135005566 ) ) ;
#1564 = CYLINDRICAL_SURFACE ( 'NONE', #4335, 5.475000000000000533 ) ;
#1565 =( LENGTH_UNIT ( ) NAMED_UNIT ( * ) SI_UNIT ( .MILLI., .METRE. ) );
#1566 = AXIS2_PLACEMENT_3D ( 'NONE', #748, #2514, #1987 ) ;
#1567 = CARTESIAN_POINT ( 'NONE',  ( -0.3374999999999969691, 2.624999999999989786, 4.546633369868309238 ) ) ;
#1568 = ORIENTED_EDGE ( 'NONE', *, *, #4390, .T. ) ;
#1569 = CARTESIAN_POINT ( 'NONE',  ( 0.7521123038540286077, -5.158260651985967726, 1.838905281601109554 ) ) ;
#1570 = CARTESIAN_POINT ( 'NONE',  ( -19.92709219242683361, 0.000000000000000000, 0.000000000000000000 ) ) ;
#1571 = CARTESIAN_POINT ( 'NONE',  ( -0.1577470958357153341, -4.883932675978575944, -1.182297190411712995 ) ) ;
#1572 = CARTESIAN_POINT ( 'NONE',  ( 0.3227388460788922497, -4.025139890365629469, 3.711864985649441007 ) ) ;
#1573 = CARTESIAN_POINT ( 'NONE',  ( -0.8118440413100803665, 4.944377533975577776, -0.9193959561866683616 ) ) ;
#1574 = AXIS2_PLACEMENT_3D ( 'NONE', #1083, #3797, #5568 ) ;
#1575 = AXIS2_PLACEMENT_3D ( 'NONE', #4454, #4481, #1743 ) ;
#1576 = AXIS2_PLACEMENT_3D ( 'NONE', #2680, #4433, #480 ) ;
#1577 = CARTESIAN_POINT ( 'NONE',  ( 1.065237977602516040, -5.441694280249719462, 0.6215246106915739421 ) ) ;
#1578 = AXIS2_PLACEMENT_3D ( 'NONE', #4227, #703, #1201 ) ;
#1579 = CARTESIAN_POINT ( 'NONE',  ( -0.6178653494856258810, -5.187926071696281838, -1.750740808670946169 ) ) ;
#1580 = ORIENTED_EDGE ( 'NONE', *, *, #723, .T. ) ;
#1581 = AXIS2_PLACEMENT_3D ( 'NONE', #5411, #1789, #4969 ) ;
#1582 = MECHANICAL_DESIGN_GEOMETRIC_PRESENTATION_REPRESENTATION (  '', ( #757 ), #4814 ) ;
#1583 = CARTESIAN_POINT ( 'NONE',  ( -1.066052540301069218, 3.257558097409343212, 4.402974996044902944 ) ) ;
#1584 = CARTESIAN_POINT ( 'NONE',  ( -0.3374999999999969691, 1.066436397168672778, -5.370133928571419801 ) ) ;
#1585 = CARTESIAN_POINT ( 'NONE',  ( -0.9692456470055343942, -3.122243819140520404, -3.938812449548236394 ) ) ;
#1586 = ORIENTED_EDGE ( 'NONE', *, *, #482, .F. ) ;
#1587 = CARTESIAN_POINT ( 'NONE',  ( -1.216873555470451729, -4.741489085720130170, -2.737500000000062439 ) ) ;
#1588 = CIRCLE ( 'NONE', #119, 4.500000000000002665 ) ;
#1589 = MECHANICAL_DESIGN_GEOMETRIC_PRESENTATION_REPRESENTATION (  '', ( #1487 ), #2509 ) ;
#1590 = UNCERTAINTY_MEASURE_WITH_UNIT (LENGTH_MEASURE( 1.000000000000000082E-05 ), #344, 'distance_accuracy_value', 'NONE');
#1591 = ORIENTED_EDGE ( 'NONE', *, *, #1491, .T. ) ;
#1592 = PRODUCT_DEFINITION_SHAPE ( 'NONE', 'NONE',  #2139 ) ;
#1593 = AXIS2_PLACEMENT_3D ( 'NONE', #1198, #3420, #5243 ) ;
#1594 = AXIS2_PLACEMENT_3D ( 'NONE', #3690, #2407, #1001 ) ;
#1595 = CARTESIAN_POINT ( 'NONE',  ( 2.951763000829056837E-15, -1.833027702892645012E-14, 5.250000000000000000 ) ) ;
#1596 = DIRECTION ( 'NONE',  ( -0.000000000000000000, -1.000000000000000000, -1.047444401652940480E-14 ) ) ;
#1597 = EDGE_LOOP ( 'NONE', ( #5477, #2010, #4663, #5148 ) ) ;
#1598 = ORIENTED_EDGE ( 'NONE', *, *, #3193, .T. ) ;
#1599 = DIRECTION ( 'NONE',  ( 1.000000000000000000, 0.000000000000000000, -0.000000000000000000 ) ) ;
#1600 = DIRECTION ( 'NONE',  ( -1.000000000000000000, -0.000000000000000000, 0.000000000000000000 ) ) ;
#1601 = ADVANCED_FACE ( 'NONE', ( #1888 ), #66, .F. ) ;
#1602 = ADVANCED_FACE ( 'NONE', ( #4023 ), #944, .T. ) ;
#1603 = DIRECTION ( 'NONE',  ( 1.000000000000000000, 0.000000000000000000, -0.000000000000000000 ) ) ;
#1604 = CARTESIAN_POINT ( 'NONE',  ( -0.7429409894823527649, 4.749811514361798714, 1.643745889321146736 ) ) ;
#1605 = ORIENTED_EDGE ( 'NONE', *, *, #3020, .F. ) ;
#1606 = CARTESIAN_POINT ( 'NONE',  ( 0.2284057894171358516, -1.055016850132604711, 4.913120729317799196 ) ) ;
#1607 = CARTESIAN_POINT ( 'NONE',  ( 2.951763000829056837E-15, -4.546633369868319008, 2.624999999999973799 ) ) ;
#1608 = DIRECTION ( 'NONE',  ( 1.000000000000000000, 0.000000000000000000, -0.000000000000000000 ) ) ;
#1609 = CARTESIAN_POINT ( 'NONE',  ( 0.1447337722710202168, 5.359267515279316108, 1.119766362964611073 ) ) ;
#1610 = FACE_OUTER_BOUND ( 'NONE', #2626, .T. ) ;
#1611 = CARTESIAN_POINT ( 'NONE',  ( 2.499999999999997780, 0.000000000000000000, -3.200000000000002398 ) ) ;
#1612 = CARTESIAN_POINT ( 'NONE',  ( 0.3375000000000044631, 0.000000000000000000, 0.000000000000000000 ) ) ;
#1613 = VERTEX_POINT ( 'NONE', #2706 ) ;
#1614 = CARTESIAN_POINT ( 'NONE',  ( -0.6074448382802987156, -1.560129390037699348, 4.777036105533015942 ) ) ;
#1615 = DIRECTION ( 'NONE',  ( 0.000000000000000000, 0.000000000000000000, -1.000000000000000000 ) ) ;
#1616 = CARTESIAN_POINT ( 'NONE',  ( 0.6073178875565925505, -3.357056292692504940, -3.739553136311749792 ) ) ;
#1617 = ORIENTED_EDGE ( 'NONE', *, *, #4936, .T. ) ;
#1618 = B_SPLINE_CURVE_WITH_KNOTS ( 'NONE', 3,
 ( #4310, #4925, #2279, #1344, #4425, #4374, #2732, #1428, #5712, #3570, #5310, #3943, #1400, #2227, #4483, #1744, #1775, #3544 ),
 .UNSPECIFIED., .F., .F.,
 ( 4, 2, 2, 2, 2, 2, 2, 2, 4 ),
 ( 0.001883778965698460232, 0.002354457143249125139, 0.002825135320799789830, 0.003295813498350454521, 0.003766491675901119211, 0.004237169853451783035, 0.004707848031002447725, 0.005178526208553111548, 0.005649204386103776239 ),
 .UNSPECIFIED. ) ;
#1619 = DIRECTION ( 'NONE',  ( 0.000000000000000000, -0.8660254037844344888, -0.5000000000000071054 ) ) ;
#1620 = ADVANCED_FACE ( 'NONE', ( #95, #3135 ), #1452, .T. ) ;
#1621 = ORIENTED_EDGE ( 'NONE', *, *, #460, .T. ) ;
#1622 = FACE_OUTER_BOUND ( 'NONE', #273, .T. ) ;
#1623 = CYLINDRICAL_SURFACE ( 'NONE', #1665, 5.475000000000000533 ) ;
#1624 = ORIENTED_EDGE ( 'NONE', *, *, #1990, .F. ) ;
#1625 = AXIS2_PLACEMENT_3D ( 'NONE', #1086, #1429, #3194 ) ;
#1626 = CARTESIAN_POINT ( 'NONE',  ( 1.065679434814408078, -2.183470217807329750, -5.023007587397382956 ) ) ;
#1627 = CARTESIAN_POINT ( 'NONE',  ( 0.9689635404861111079, 4.673595488726386193, 1.849409760455137164 ) ) ;
#1628 = VERTEX_POINT ( 'NONE', #5368 ) ;
#1629 = EDGE_CURVE ( 'NONE', #3136, #2582, #1934, .T. ) ;
#1630 = CARTESIAN_POINT ( 'NONE',  ( -0.1160098891555720324, -1.072078301807138478, 4.909304749421647074 ) ) ;
#1631 = DIRECTION ( 'NONE',  ( 0.000000000000000000, 0.4999999999999947264, 0.8660254037844415942 ) ) ;
#1632 = CARTESIAN_POINT ( 'NONE',  ( 2.299999999999998046, 0.000000000000000000, 0.000000000000000000 ) ) ;
#1633 = DIRECTION ( 'NONE',  ( -1.000000000000000000, -0.000000000000000000, 0.000000000000000000 ) ) ;
#1634 = DIRECTION ( 'NONE',  ( 0.000000000000000000, 0.000000000000000000, -1.000000000000000000 ) ) ;
#1635 = PRODUCT_DEFINITION_FORMATION_WITH_SPECIFIED_SOURCE ( '任何', '', #3354, .NOT_KNOWN. ) ;
#1636 = FACE_OUTER_BOUND ( 'NONE', #5305, .T. ) ;
#1637 = DIRECTION ( 'NONE',  ( -1.000000000000000000, -0.000000000000000000, 0.000000000000000000 ) ) ;
#1638 = ORIENTED_EDGE ( 'NONE', *, *, #2444, .F. ) ;
#1639 = EDGE_CURVE ( 'NONE', #1089, #663, #5272, .T. ) ;
#1640 = CARTESIAN_POINT ( 'NONE',  ( -0.9684278525401794901, -1.849049199763095785, 4.673716618225749464 ) ) ;
#1641 = CARTESIAN_POINT ( 'NONE',  ( -0.1138098578508688341, -4.787647639671324562, 1.526124201487575105 ) ) ;
#1642 = VERTEX_POINT ( 'NONE', #5402 ) ;
#1643 = ORIENTED_EDGE ( 'NONE', *, *, #1560, .T. ) ;
#1644 = DIRECTION ( 'NONE',  ( 0.000000000000000000, 0.000000000000000000, -1.000000000000000000 ) ) ;
#1645 = EDGE_LOOP ( 'NONE', ( #3865, #361 ) ) ;
#1646 = TOROIDAL_SURFACE ( 'NONE', #4690, 3.200000000000002398, 0.1999999999999998723 ) ;
#1647 = SURFACE_STYLE_USAGE ( .BOTH. , #839 ) ;
#1648 = CARTESIAN_POINT ( 'NONE',  ( -0.8770321768993132316, 4.981548463839047258, -0.6667904384073118917 ) ) ;
#1649 = CARTESIAN_POINT ( 'NONE',  ( 0.3375000000000029088, -5.370133928571432236, -1.066436397168616601 ) ) ;
#1650 = DIRECTION ( 'NONE',  ( -0.000000000000000000, -0.4999999999999887867, -0.8660254037844451469 ) ) ;
#1651 = VERTEX_POINT ( 'NONE', #1940 ) ;
#1652 = B_SPLINE_CURVE_WITH_KNOTS ( 'NONE', 3,
 ( #5229, #2622, #3945, #4699, #5164, #3915 ),
 .UNSPECIFIED., .F., .F.,
 ( 4, 2, 4 ),
 ( 0.006480373043366849384, 0.006820975949056597154, 0.007161578854746345792 ),
 .UNSPECIFIED. ) ;
#1653 = CARTESIAN_POINT ( 'NONE',  ( 0.3145222742811210059, 4.812380947208458437, 1.447436274275137436 ) ) ;
#1654 = ORIENTED_EDGE ( 'NONE', *, *, #2089, .F. ) ;
#1655 = CARTESIAN_POINT ( 'NONE',  ( 0.2282113725214197919, -3.370277656641970321, -3.727338007249175522 ) ) ;
#1656 = CARTESIAN_POINT ( 'NONE',  ( 1.216873555469096146, -2.512499999999960210, -4.351777654016827590 ) ) ;
#1657 = CARTESIAN_POINT ( 'NONE',  ( -2.500000000000001332, 0.000000000000000000, 0.000000000000000000 ) ) ;
#1658 = DIRECTION ( 'NONE',  ( 0.000000000000000000, -0.5000000000000071054, 0.8660254037844345998 ) ) ;
#1659 = DIRECTION ( 'NONE',  ( 1.000000000000000000, 0.000000000000000000, -0.000000000000000000 ) ) ;
#1660 = AXIS2_PLACEMENT_3D ( 'NONE', #600, #1495, #2296 ) ;
#1661 = CARTESIAN_POINT ( 'NONE',  ( -0.2283429028091445434, -4.093709127072151510, 3.635721173720768196 ) ) ;
#1662 = CARTESIAN_POINT ( 'NONE',  ( 1.065237977602516262, -5.023407791670503997, -2.182591038188765431 ) ) ;
#1663 = ORIENTED_EDGE ( 'NONE', *, *, #4399, .F. ) ;
#1664 = CARTESIAN_POINT ( 'NONE',  ( 0.3375000000000029643, -4.546633369868282593, -2.625000000000037303 ) ) ;
#1665 = AXIS2_PLACEMENT_3D ( 'NONE', #3762, #2428, #5558 ) ;
#1666 = CARTESIAN_POINT ( 'NONE',  ( 2.299999999999998046, 0.000000000000000000, 0.000000000000000000 ) ) ;
#1667 = ORIENTED_EDGE ( 'NONE', *, *, #2029, .F. ) ;
#1668 = ORIENTED_EDGE ( 'NONE', *, *, #4962, .T. ) ;
#1669 = ADVANCED_FACE ( 'NONE', ( #3254 ), #3170, .T. ) ;
#1670 = EDGE_CURVE ( 'NONE', #4849, #1898, #2491, .T. ) ;
#1671 = ORIENTED_EDGE ( 'NONE', *, *, #3964, .F. ) ;
#1672 = AXIS2_PLACEMENT_3D ( 'NONE', #2134, #4828, #5726 ) ;
#1673 = CIRCLE ( 'NONE', #4527, 1.073181601594058732 ) ;
#1674 = CARTESIAN_POINT ( 'NONE',  ( 0.8192542262409532317, 5.395585504806741817, 0.9533249973564739133 ) ) ;
#1675 = CARTESIAN_POINT ( 'NONE',  ( 1.060132804193023581, -0.6042255497742057280, -4.990643059899635858 ) ) ;
#1676 = CARTESIAN_POINT ( 'NONE',  ( -0.3374999999999969691, 4.546633369868336771, -2.624999999999942268 ) ) ;
#1677 = CARTESIAN_POINT ( 'NONE',  ( -2.300000000000001599, 0.000000000000000000, 0.000000000000000000 ) ) ;
#1678 = SPHERICAL_SURFACE ( 'NONE', #1115, 1.124999999999995115 ) ;
#1679 = CIRCLE ( 'NONE', #289, 5.475000000000002309 ) ;
#1680 = STYLED_ITEM ( 'NONE', ( #4685 ), #2668 ) ;
#1681 = ADVANCED_FACE ( 'NONE', ( #2340 ), #3191, .T. ) ;
#1682 = CARTESIAN_POINT ( 'NONE',  ( -0.9651472711767014045, 5.447720556568331318, -0.5622595040835368652 ) ) ;
#1683 = ORIENTED_EDGE ( 'NONE', *, *, #3488, .F. ) ;
#1684 = AXIS2_PLACEMENT_3D ( 'NONE', #388, #4375, #3051 ) ;
#1685 = AXIS2_PLACEMENT_3D ( 'NONE', #1290, #3107, #4808 ) ;
#1686 = ADVANCED_FACE ( 'NONE', ( #4054 ), #4484, .F. ) ;
#1687 = EDGE_CURVE ( 'NONE', #4949, #1613, #2394, .T. ) ;
#1688 = CARTESIAN_POINT ( 'NONE',  ( -1.124999999999992006, 4.546633369868336771, -2.624999999999942268 ) ) ;
#1689 = ORIENTED_EDGE ( 'NONE', *, *, #5144, .T. ) ;
#1690 = SPHERICAL_SURFACE ( 'NONE', #4526, 1.237499999999996936 ) ;
#1691 = DIRECTION ( 'NONE',  ( -1.000000000000000000, -0.000000000000000000, 0.000000000000000000 ) ) ;
#1692 = DIRECTION ( 'NONE',  ( 0.000000000000000000, -1.000000000000000000, -1.224646799147353454E-16 ) ) ;
#1693 = CARTESIAN_POINT ( 'NONE',  ( -0.3374999999999969691, -5.370133928571430459, 1.066436397168616601 ) ) ;
#1694 = CARTESIAN_POINT ( 'NONE',  ( 1.065679434814408300, 5.023007587397389173, -2.183470217807312430 ) ) ;
#1695 = CARTESIAN_POINT ( 'NONE',  ( 0.6066795256469368347, -4.916994269710309950, 1.037906306358302722 ) ) ;
#1696 = DIRECTION ( 'NONE',  ( 0.000000000000000000, 0.8660254037844364872, 0.5000000000000037748 ) ) ;
#1697 = ORIENTED_EDGE ( 'NONE', *, *, #2444, .T. ) ;
#1698 = CARTESIAN_POINT ( 'NONE',  ( -0.7539386004181369838, 3.546371439658997815, 4.172790416570643757 ) ) ;
#1699 = CARTESIAN_POINT ( 'NONE',  ( 0.1138098578500433000, 1.072161492017145390, 4.909286581067767941 ) ) ;
#1700 = ORIENTED_EDGE ( 'NONE', *, *, #659, .F. ) ;
#1701 = ORIENTED_EDGE ( 'NONE', *, *, #129, .F. ) ;
#1702 = CARTESIAN_POINT ( 'NONE',  ( 0.1139339630336193565, 5.201117964857080445, -1.709969858110633956 ) ) ;
#1703 = ORIENTED_EDGE ( 'NONE', *, *, #3228, .F. ) ;
#1704 = FILL_AREA_STYLE ('',( #3926 ) ) ;
#1705 = DIRECTION ( 'NONE',  ( 0.000000000000000000, 0.000000000000000000, -1.000000000000000000 ) ) ;
#1706 = EDGE_CURVE ( 'NONE', #3612, #35, #1333, .T. ) ;
#1707 = ADVANCED_FACE ( 'NONE', ( #731 ), #2492, .F. ) ;
#1708 = DIRECTION ( 'NONE',  ( 0.000000000000000000, 0.000000000000000000, -1.000000000000000000 ) ) ;
#1709 = DIRECTION ( 'NONE',  ( 0.000000000000000000, 0.000000000000000000, -1.000000000000000000 ) ) ;
#1710 = SPHERICAL_SURFACE ( 'NONE', #5361, 1.124999999999995115 ) ;
#1711 = ORIENTED_EDGE ( 'NONE', *, *, #3957, .F. ) ;
#1712 = EDGE_CURVE ( 'NONE', #1536, #2974, #4250, .T. ) ;
#1713 = ADVANCED_FACE ( 'NONE', ( #2852 ), #3280, .T. ) ;
#1714 = CARTESIAN_POINT ( 'NONE',  ( 0.5495655932414775791, 4.936380650963019256, 0.9410651225896117245 ) ) ;
#1715 = EDGE_LOOP ( 'NONE', ( #1829, #4460 ) ) ;
#1716 = CARTESIAN_POINT ( 'NONE',  ( 0.1605426051907955509, -5.236675679372168268, 1.597764948076893177 ) ) ;
#1717 = DIRECTION ( 'NONE',  ( -1.000000000000000000, -0.000000000000000000, 0.000000000000000000 ) ) ;
#1718 = DIRECTION ( 'NONE',  ( -0.000000000000000000, -0.8660254037844398178, 0.4999999999999980016 ) ) ;
#1719 = DIRECTION ( 'NONE',  ( 0.000000000000000000, 0.000000000000000000, -1.000000000000000000 ) ) ;
#1720 = AXIS2_PLACEMENT_3D ( 'NONE', #4472, #2267, #982 ) ;
#1721 = CARTESIAN_POINT ( 'NONE',  ( -0.6182595144253184571, -3.617249411575617746, -4.110372429053075649 ) ) ;
#1722 = ORIENTED_EDGE ( 'NONE', *, *, #2191, .T. ) ;
#1723 = CARTESIAN_POINT ( 'NONE',  ( -0.7413020568632521234, -1.642381454461454560, -4.750304665213740840 ) ) ;
#1724 = CARTESIAN_POINT ( 'NONE',  ( 0.1137298752287592973, -4.787650106792888494, 1.526116461788731282 ) ) ;
#1725 = EDGE_LOOP ( 'NONE', ( #3582, #5232 ) ) ;
#1726 = ORIENTED_EDGE ( 'NONE', *, *, #5529, .F. ) ;
#1727 = CARTESIAN_POINT ( 'NONE',  ( -0.3374999999999969691, 5.183890602451917573, -1.761505952817275622 ) ) ;
#1728 = AXIS2_PLACEMENT_3D ( 'NONE', #1282, #3960, #1384 ) ;
#1729 = CIRCLE ( 'NONE', #5153, 5.025000000000001243 ) ;
#1730 = ORIENTED_EDGE ( 'NONE', *, *, #3934, .T. ) ;
#1731 = CARTESIAN_POINT ( 'NONE',  ( -0.3374999999999969691, 1.066436397168597949, 5.370133928571434012 ) ) ;
#1732 = CARTESIAN_POINT ( 'NONE',  ( -0.3164496931403825708, -1.152253390817005840, -4.891467399567018148 ) ) ;
#1733 = CARTESIAN_POINT ( 'NONE',  ( -0.3157423466804604728, 3.659949515897121586, 3.443668705420108722 ) ) ;
#1734 = DIRECTION ( 'NONE',  ( -1.000000000000000000, -0.000000000000000000, 0.000000000000000000 ) ) ;
#1735 = CARTESIAN_POINT ( 'NONE',  ( -2.441421356237307272, 6.058578643762687399, 0.000000000000000000 ) ) ;
#1736 = FACE_OUTER_BOUND ( 'NONE', #1891, .T. ) ;
#1737 = CIRCLE ( 'NONE', #4967, 1.124999999999995115 ) ;
#1738 = ORIENTED_EDGE ( 'NONE', *, *, #2363, .T. ) ;
#1739 = EDGE_CURVE ( 'NONE', #4739, #668, #1024, .T. ) ;
#1740 = EDGE_CURVE ( 'NONE', #3001, #704, #933, .T. ) ;
#1741 = CARTESIAN_POINT ( 'NONE',  ( 2.299999999999997158, 0.000000000000000000, 0.000000000000000000 ) ) ;
#1742 = EDGE_LOOP ( 'NONE', ( #1668, #132, #502, #3185 ) ) ;
#1743 = DIRECTION ( 'NONE',  ( 0.000000000000000000, -0.4999999999999917843, -0.8660254037844434816 ) ) ;
#1744 = CARTESIAN_POINT ( 'NONE',  ( 1.184325193567679513, -0.3154544090215412044, 5.017188631981336577 ) ) ;
#1745 = CARTESIAN_POINT ( 'NONE',  ( -0.7413020568632519014, 4.750304665213746169, -1.642381454461438128 ) ) ;
#1746 = CARTESIAN_POINT ( 'NONE',  ( 0.3375000000000029088, 1.761505952817330911, 5.183890602451900698 ) ) ;
#1747 = EDGE_LOOP ( 'NONE', ( #1836, #1871, #3556, #866, #5011 ) ) ;
#1748 = CARTESIAN_POINT ( 'NONE',  ( 0.3237003905340534171, 3.711580936677747911, -4.025397093648542146 ) ) ;
#1749 = FACE_OUTER_BOUND ( 'NONE', #1366, .T. ) ;
#1750 = ORIENTED_EDGE ( 'NONE', *, *, #3477, .F. ) ;
#1751 = DIRECTION ( 'NONE',  ( 1.000000000000000000, 0.000000000000000000, 0.000000000000000000 ) ) ;
#1752 = CYLINDRICAL_SURFACE ( 'NONE', #3438, 5.475000000000000533 ) ;
#1753 = PLANE ( 'NONE',  #4347 ) ;
#1754 = ORIENTED_EDGE ( 'NONE', *, *, #4196, .T. ) ;
#1755 = VERTEX_POINT ( 'NONE', #5507 ) ;
#1756 = CARTESIAN_POINT ( 'NONE',  ( -2.441421356237307272, 0.000000000000000000, -6.058578643762684734 ) ) ;
#1757 = CARTESIAN_POINT ( 'NONE',  ( -1.216873555469090151, 4.351777654016801833, 2.512500000000005063 ) ) ;
#1758 = CARTESIAN_POINT ( 'NONE',  ( 1.185729937395793021, 4.573808457111076642, 3.012996809067839177 ) ) ;
#1759 = CARTESIAN_POINT ( 'NONE',  ( -19.92709219242683361, 0.000000000000000000, 0.000000000000000000 ) ) ;
#1760 = FACE_OUTER_BOUND ( 'NONE', #3770, .T. ) ;
#1761 = AXIS2_PLACEMENT_3D ( 'NONE', #4462, #4000, #42 ) ;
#1762 = AXIS2_PLACEMENT_3D ( 'NONE', #3968, #855, #2248 ) ;
#1763 = AXIS2_PLACEMENT_3D ( 'NONE', #5169, #4293, #311 ) ;
#1764 = ORIENTED_EDGE ( 'NONE', *, *, #1639, .T. ) ;
#1765 = AXIS2_PLACEMENT_3D ( 'NONE', #1019, #4049, #3594 ) ;
#1766 = CIRCLE ( 'NONE', #5648, 4.500000000000002665 ) ;
#1767 = CIRCLE ( 'NONE', #2414, 5.025000000000001243 ) ;
#1768 = AXIS2_PLACEMENT_3D ( 'NONE', #2520, #5641, #815 ) ;
#1769 = AXIS2_PLACEMENT_3D ( 'NONE', #1457, #1061, #3719 ) ;
#1770 = EDGE_CURVE ( 'NONE', #4544, #704, #646, .T. ) ;
#1771 = CARTESIAN_POINT ( 'NONE',  ( -0.6730313470168730605, 4.951433001207263374, 0.8624120740555518694 ) ) ;
#1772 = ORIENTED_EDGE ( 'NONE', *, *, #1389, .T. ) ;
#1773 = CARTESIAN_POINT ( 'NONE',  ( 0.3219498304303096692, -5.227196995773003785, 1.629749021142069099 ) ) ;
#1774 = CARTESIAN_POINT ( 'NONE',  ( -0.9692456470055330620, 3.122243819140547938, 3.938812449548212857 ) ) ;
#1775 = CARTESIAN_POINT ( 'NONE',  ( 1.216873555469097923, -0.1590500714254099723, 5.025000000000000355 ) ) ;
#1776 = EDGE_CURVE ( 'NONE', #2604, #2763, #5180, .T. ) ;
#1777 = ADVANCED_FACE ( 'NONE', ( #666 ), #5033, .T. ) ;
#1778 = ORIENTED_EDGE ( 'NONE', *, *, #3581, .T. ) ;
#1779 = SURFACE_STYLE_FILL_AREA ( #1405 ) ;
#1780 = CARTESIAN_POINT ( 'NONE',  ( 1.066282750803724699, -3.257152822151238247, -4.403264907450179066 ) ) ;
#1781 = EDGE_LOOP ( 'NONE', ( #5652, #4689, #3116, #2074 ) ) ;
#1782 = CARTESIAN_POINT ( 'NONE',  ( -0.7413020568632530116, 1.642381454461488755, 4.750304665213728406 ) ) ;
#1783 = SPHERICAL_SURFACE ( 'NONE', #2051, 1.237499999999996936 ) ;
#1784 = CARTESIAN_POINT ( 'NONE',  ( 0.3375000000000029088, -4.117454205283250346, -3.608627975754123085 ) ) ;
#1785 = ORIENTED_EDGE ( 'NONE', *, *, #538, .T. ) ;
#1786 = ORIENTED_EDGE ( 'NONE', *, *, #1740, .F. ) ;
#1787 = CARTESIAN_POINT ( 'NONE',  ( -0.1138098578508692088, 4.787647639671334332, -1.526124201487541576 ) ) ;
#1788 = EDGE_CURVE ( 'NONE', #2724, #26, #3059, .T. ) ;
#1789 = DIRECTION ( 'NONE',  ( -1.000000000000000000, -0.000000000000000000, 0.000000000000000000 ) ) ;
#1790 = CARTESIAN_POINT ( 'NONE',  ( -1.124999999999992006, 5.499083108677935350E-14, -5.250000000000000000 ) ) ;
#1791 = CARTESIAN_POINT ( 'NONE',  ( 0.7539386004181420908, 4.172790416570630434, 3.546371439659013358 ) ) ;
#1792 = CARTESIAN_POINT ( 'NONE',  ( 2.951763000829056837E-15, 4.546633369868336771, -2.624999999999942268 ) ) ;
#1793 = ORIENTED_EDGE ( 'NONE', *, *, #3393, .F. ) ;
#1794 = CIRCLE ( 'NONE', #2633, 1.073181601594058732 ) ;
#1795 = EDGE_CURVE ( 'NONE', #4368, #50, #1392, .T. ) ;
#1796 = CARTESIAN_POINT ( 'NONE',  ( -0.3237003905337341725, 1.201624832540710397, 5.341886611758556391 ) ) ;
#1797 = ORIENTED_EDGE ( 'NONE', *, *, #5359, .T. ) ;
#1798 = DIRECTION ( 'NONE',  ( 0.000000000000000000, 0.000000000000000000, -1.000000000000000000 ) ) ;
#1799 = FACE_BOUND ( 'NONE', #5619, .T. ) ;
#1800 = DIRECTION ( 'NONE',  ( 0.000000000000000000, -5.657506760179662770E-15, 1.000000000000000000 ) ) ;
#1801 = ADVANCED_FACE ( 'NONE', ( #2929 ), #1623, .T. ) ;
#1802 = ORIENTED_EDGE ( 'NONE', *, *, #881, .F. ) ;
#1803 = DIRECTION ( 'NONE',  ( -1.000000000000000000, -0.000000000000000000, 0.000000000000000000 ) ) ;
#1804 = EDGE_CURVE ( 'NONE', #2291, #2124, #4153, .T. ) ;
#1805 = B_SPLINE_CURVE_WITH_KNOTS ( 'NONE', 3,
 ( #5338, #1475, #5422, #1912, #2735, #3636 ),
 .UNSPECIFIED., .F., .F.,
 ( 4, 2, 4 ),
 ( 0.005772523578970450465, 0.006564772213267035944, 0.007357020847563620555 ),
 .UNSPECIFIED. ) ;
#1806 = CARTESIAN_POINT ( 'NONE',  ( -0.3374999999999969691, -5.370133928571430459, -1.066436397168616601 ) ) ;
#1807 = ORIENTED_EDGE ( 'NONE', *, *, #781, .F. ) ;
#1808 = CARTESIAN_POINT ( 'NONE',  ( 0.3375000000000029643, 4.546633369868299468, 2.625000000000005329 ) ) ;
#1809 = CARTESIAN_POINT ( 'NONE',  ( 2.951763000829056837E-15, 5.250000000000000000, 0.000000000000000000 ) ) ;
#1810 = CARTESIAN_POINT ( 'NONE',  ( -0.3375000000004431122, 5.344821428571457922, 1.186806174858961116 ) ) ;
#1811 = MECHANICAL_DESIGN_GEOMETRIC_PRESENTATION_REPRESENTATION (  '', ( #2549 ), #4017 ) ;
#1812 = ORIENTED_EDGE ( 'NONE', *, *, #2960, .F. ) ;
#1813 = ADVANCED_FACE ( 'NONE', ( #1145 ), #1968, .T. ) ;
#1814 = EDGE_CURVE ( 'NONE', #1122, #2582, #1213, .T. ) ;
#1815 = DIRECTION ( 'NONE',  ( 0.000000000000000000, 1.047444401652940480E-14, -1.000000000000000000 ) ) ;
#1816 = PLANE ( 'NONE',  #2747 ) ;
#1817 = DIRECTION ( 'NONE',  ( -1.000000000000000000, -0.000000000000000000, 0.000000000000000000 ) ) ;
#1818 = CARTESIAN_POINT ( 'NONE',  ( -0.1137298752289218340, -4.787650106792866289, -1.526116461788796119 ) ) ;
#1819 = B_SPLINE_CURVE_WITH_KNOTS ( 'NONE', 3,
 ( #4169, #1116, #3373, #5133, #1177, #4722 ),
 .UNSPECIFIED., .F., .F.,
 ( 4, 2, 4 ),
 ( 0.003069521843240041129, 0.003410565456215182336, 0.003751609069190323543 ),
 .UNSPECIFIED. ) ;
#1820 = CIRCLE ( 'NONE', #243, 5.025000000000001243 ) ;
#1821 = ORIENTED_EDGE ( 'NONE', *, *, #873, .F. ) ;
#1822 = CARTESIAN_POINT ( 'NONE',  ( -1.216873555469091261, -2.737499999999956302, -4.741489085719827301 ) ) ;
#1823 = CARTESIAN_POINT ( 'NONE',  ( -19.92709219242683361, 0.000000000000000000, 0.000000000000000000 ) ) ;
#1824 = EDGE_LOOP ( 'NONE', ( #4435, #4564, #3251, #4853 ) ) ;
#1825 = CARTESIAN_POINT ( 'NONE',  ( -1.216873555469091261, -4.741489085719818419, 2.737499999999972733 ) ) ;
#1826 = DIRECTION ( 'NONE',  ( 0.000000000000000000, 1.000000000000000000, 0.000000000000000000 ) ) ;
#1827 = CARTESIAN_POINT ( 'NONE',  ( -1.131325644800570185, 5.453543274193297208, 0.5295026938430886787 ) ) ;
#1828 = CARTESIAN_POINT ( 'NONE',  ( 2.951763000829056837E-15, 4.546633369868336771, -2.624999999999942268 ) ) ;
#1829 = ORIENTED_EDGE ( 'NONE', *, *, #786, .F. ) ;
#1830 = CARTESIAN_POINT ( 'NONE',  ( -0.9843303561304969085, -7.347880794884116778E-16, 5.999999999999997335 ) ) ;
#1831 = CARTESIAN_POINT ( 'NONE',  ( -0.5849056324006366436, 4.910726076368613136, 1.067867343015380444 ) ) ;
#1832 = CARTESIAN_POINT ( 'NONE',  ( 0.3375000000000044631, 0.000000000000000000, 0.000000000000000000 ) ) ;
#1833 = CIRCLE ( 'NONE', #1337, 5.025000000000001243 ) ;
#1834 = CARTESIAN_POINT ( 'NONE',  ( -3.499999999999999556, 0.000000000000000000, -7.500000000000000000 ) ) ;
#1835 = CARTESIAN_POINT ( 'NONE',  ( -1.186246345985051853, -0.3212836169129020258, 5.467641751148405227 ) ) ;
#1836 = ORIENTED_EDGE ( 'NONE', *, *, #274, .F. ) ;
#1837 = CARTESIAN_POINT ( 'NONE',  ( -0.5592077597134580413, 5.387357142006883315, -0.9774007585992858793 ) ) ;
#1838 = ORIENTED_EDGE ( 'NONE', *, *, #1687, .F. ) ;
#1839 = PLANE ( 'NONE',  #4821 ) ;
#1840 = CARTESIAN_POINT ( 'NONE',  ( 2.951763000829056837E-15, -4.546633369868319008, 2.624999999999973799 ) ) ;
#1841 = DIRECTION ( 'NONE',  ( 0.000000000000000000, 0.4999999999999918399, 0.8660254037844432595 ) ) ;
#1842 = CARTESIAN_POINT ( 'NONE',  ( -0.9682255742437042567, -3.123217765420661873, 3.938032942102136946 ) ) ;
#1843 = CARTESIAN_POINT ( 'NONE',  ( -0.3374999999999970246, 1.021228243303316408, -4.920133928571419624 ) ) ;
#1844 = EDGE_CURVE ( 'NONE', #5531, #2437, #3613, .T. ) ;
#1845 = EDGE_CURVE ( 'NONE', #2836, #3322, #5457, .T. ) ;
#1846 = AXIS2_PLACEMENT_3D ( 'NONE', #2577, #1305, #2166 ) ;
#1847 = EDGE_LOOP ( 'NONE', ( #278, #5315, #5589, #2419 ) ) ;
#1848 = DIRECTION ( 'NONE',  ( 0.000000000000000000, -0.4999999999999981126, -0.8660254037844398178 ) ) ;
#1849 = AXIS2_PLACEMENT_3D ( 'NONE', #5081, #1127, #2476 ) ;
#1850 = CIRCLE ( 'NONE', #3980, 1.073181601594058732 ) ;
#1851 = AXIS2_PLACEMENT_3D ( 'NONE', #4704, #4319, #1271 ) ;
#1852 = AXIS2_PLACEMENT_3D ( 'NONE', #4956, #4516, #1507 ) ;
#1853 = CIRCLE ( 'NONE', #1942, 1.190588089979062625 ) ;
#1854 = AXIS2_PLACEMENT_3D ( 'NONE', #2898, #1042, #4238 ) ;
#1855 = DIRECTION ( 'NONE',  ( -0.000000000000000000, 0.000000000000000000, -1.000000000000000000 ) ) ;
#1856 = VERTEX_POINT ( 'NONE', #3366 ) ;
#1857 = DIRECTION ( 'NONE',  ( 0.000000000000000000, 7.273937263088137734E-15, -1.000000000000000000 ) ) ;
#1858 = ADVANCED_FACE ( 'NONE', ( #5129 ), #729, .T. ) ;
#1859 = CARTESIAN_POINT ( 'NONE',  ( -0.3374999999999969691, 4.546633369868336771, -2.624999999999942268 ) ) ;
#1860 = AXIS2_PLACEMENT_3D ( 'NONE', #1859, #3635, #1800 ) ;
#1861 = CIRCLE ( 'NONE', #2696, 1.124999999999995559 ) ;
#1862 =( NAMED_UNIT ( * ) SI_UNIT ( $, .STERADIAN. ) SOLID_ANGLE_UNIT ( ) );
#1863 = DIRECTION ( 'NONE',  ( 1.000000000000000000, 0.000000000000000000, -0.000000000000000000 ) ) ;
#1864 = CARTESIAN_POINT ( 'NONE',  ( -0.9689635404861060008, 1.849409760455121843, 4.673595488726391523 ) ) ;
#1865 = AXIS2_PLACEMENT_3D ( 'NONE', #4810, #3028, #857 ) ;
#1866 = AXIS2_PLACEMENT_3D ( 'NONE', #2585, #4340, #3050 ) ;
#1867 = DIRECTION ( 'NONE',  ( -1.000000000000000000, -0.000000000000000000, 0.000000000000000000 ) ) ;
#1868 = CARTESIAN_POINT ( 'NONE',  ( -1.216873555469091706, 2.374758597666932314, -4.431302689732359745 ) ) ;
#1869 = EDGE_LOOP ( 'NONE', ( #5471, #4886, #343, #3495 ) ) ;
#1870 = FACE_OUTER_BOUND ( 'NONE', #5678, .T. ) ;
#1871 = ORIENTED_EDGE ( 'NONE', *, *, #1424, .T. ) ;
#1872 = CARTESIAN_POINT ( 'NONE',  ( -0.3237003905340471999, 4.025397093648634517, -3.711580936677651099 ) ) ;
#1873 = CARTESIAN_POINT ( 'NONE',  ( 2.951763000829056837E-15, 5.499083108677935350E-14, -5.250000000000000000 ) ) ;
#1874 = CARTESIAN_POINT ( 'NONE',  ( -0.3374999999999975242, 0.000000000000000000, 0.000000000000000000 ) ) ;
#1875 = CARTESIAN_POINT ( 'NONE',  ( -0.1160098891555720046, -4.909304749421649738, -1.072078301807121381 ) ) ;
#1876 = CARTESIAN_POINT ( 'NONE',  ( -1.216873555470451507, 4.741489085720149710, 2.737500000000029576 ) ) ;
#1877 = DIRECTION ( 'NONE',  ( 0.000000000000000000, 1.224646799147353207E-16, -1.000000000000000000 ) ) ;
#1878 = CARTESIAN_POINT ( 'NONE',  ( -1.186246345985052297, 0.3212836169129384412, -5.467641751148402562 ) ) ;
#1879 = ORIENTED_EDGE ( 'NONE', *, *, #4325, .F. ) ;
#1880 = EDGE_CURVE ( 'NONE', #2758, #2930, #1936, .T. ) ;
#1881 = B_SPLINE_CURVE_WITH_KNOTS ( 'NONE', 3,
 ( #5328, #4331, #32, #1363, #4367, #3476 ),
 .UNSPECIFIED., .F., .F.,
 ( 4, 2, 4 ),
 ( 0.0003409357331136905235, 0.001132717871324667247, 0.001924500009535643971 ),
 .UNSPECIFIED. ) ;
#1882 = CARTESIAN_POINT ( 'NONE',  ( 0.9684278525401851523, 4.673716618225783215, -1.849049199763013407 ) ) ;
#1883 = ADVANCED_FACE ( 'NONE', ( #3195, #4955 ), #529, .T. ) ;
#1884 = SURFACE_STYLE_USAGE ( .BOTH. , #4509 ) ;
#1885 = ORIENTED_EDGE ( 'NONE', *, *, #4794, .T. ) ;
#1886 = CARTESIAN_POINT ( 'NONE',  ( -0.7525402123772445551, 1.839374689528527895, 5.158076629468525631 ) ) ;
#1887 = CARTESIAN_POINT ( 'NONE',  ( 1.066052540301074991, -3.257558097409376519, 4.402974996044878964 ) ) ;
#1888 = FACE_OUTER_BOUND ( 'NONE', #4788, .T. ) ;
#1889 = FACE_OUTER_BOUND ( 'NONE', #398, .T. ) ;
#1890 = DIRECTION ( 'NONE',  ( 0.000000000000000000, 0.000000000000000000, -1.000000000000000000 ) ) ;
#1891 = EDGE_LOOP ( 'NONE', ( #1561, #1605, #2157, #5130 ) ) ;
#1892 = DIRECTION ( 'NONE',  ( 0.000000000000000000, 0.000000000000000000, -1.000000000000000000 ) ) ;
#1893 = CARTESIAN_POINT ( 'NONE',  ( 0.1623272492000195077, -5.333962345902281577, -1.234694575522405469 ) ) ;
#1894 = FACE_BOUND ( 'NONE', #605, .T. ) ;
#1895 = ORIENTED_EDGE ( 'NONE', *, *, #2256, .F. ) ;
#1896 = B_SPLINE_CURVE_WITH_KNOTS ( 'NONE', 3,
 ( #3587, #515, #2269, #4045, #1842, #144, #1988, #4590, #1520, #3213, #1102, #4623, #1071, #4658, #5056, #4186, #2814, #5001 ),
 .UNSPECIFIED., .F., .F.,
 ( 4, 2, 2, 2, 2, 2, 2, 2, 4 ),
 ( 0.005649204378755517085, 0.006119817975306324036, 0.006590431571857130987, 0.007061045168407937070, 0.007531658764958744021, 0.008002272361509550971, 0.008472885958060357922, 0.008943499554611164873, 0.009414113151161971824 ),
 .UNSPECIFIED. ) ;
#1897 = CARTESIAN_POINT ( 'NONE',  ( -0.1142805824610626936, 3.383230854298453494, 3.715423797418348606 ) ) ;
#1898 = VERTEX_POINT ( 'NONE', #3602 ) ;
#1899 = CARTESIAN_POINT ( 'NONE',  ( -1.066052540301069440, 4.402974996044935807, -3.257558097409298803 ) ) ;
#1900 = CARTESIAN_POINT ( 'NONE',  ( 2.299999999999997158, -9.184850993605147944E-16, 7.500000000000000000 ) ) ;
#1901 = CARTESIAN_POINT ( 'NONE',  ( -2.500000000000001332, 0.000000000000000000, 0.000000000000000000 ) ) ;
#1902 = EDGE_LOOP ( 'NONE', ( #1079, #3036, #4275, #689 ) ) ;
#1903 = FACE_OUTER_BOUND ( 'NONE', #4660, .T. ) ;
#1904 =( LENGTH_UNIT ( ) NAMED_UNIT ( * ) SI_UNIT ( .MILLI., .METRE. ) );
#1905 = ORIENTED_EDGE ( 'NONE', *, *, #5181, .F. ) ;
#1906 = CARTESIAN_POINT ( 'NONE',  ( -0.2282113723961841090, 1.055077064873329196, -4.913108231081964483 ) ) ;
#1907 = AXIS2_PLACEMENT_3D ( 'NONE', #3650, #1496, #1136 ) ;
#1908 = CARTESIAN_POINT ( 'NONE',  ( 0.3227388460785764468, 1.201999427807665999, 5.341805891667442907 ) ) ;
#1909 = VERTEX_POINT ( 'NONE', #556 ) ;
#1910 = CARTESIAN_POINT ( 'NONE',  ( -0.6093760513610119167, 1.036505035817505194, 4.917295853251172133 ) ) ;
#1911 = CARTESIAN_POINT ( 'NONE',  ( 0.2291337308794292593, -1.727642638307696155, -5.195397486887816108 ) ) ;
#1912 = CARTESIAN_POINT ( 'NONE',  ( -0.8173913927054868855, 5.395241061847959152, -0.9558235515369066793 ) ) ;
#1913 = EDGE_CURVE ( 'NONE', #424, #5096, #2037, .T. ) ;
#1914 = EDGE_CURVE ( 'NONE', #5114, #394, #3972, .T. ) ;
#1915 = TOROIDAL_SURFACE ( 'NONE', #4409, 6.199999999999997513, 0.1999999999999987899 ) ;
#1916 = CARTESIAN_POINT ( 'NONE',  ( -1.048304594123961042, 4.988043174473936858, 0.6167905265305174689 ) ) ;
#1917 = ORIENTED_EDGE ( 'NONE', *, *, #84, .T. ) ;
#1918 = CARTESIAN_POINT ( 'NONE',  ( 0.3375000000000030753, -1.021228243303282213, 4.920133928571428505 ) ) ;
#1919 = CARTESIAN_POINT ( 'NONE',  ( 2.951763000829056837E-15, 2.624999999999989786, 4.546633369868309238 ) ) ;
#1920 = CARTESIAN_POINT ( 'NONE',  ( -0.9682255741299072849, -4.972045451488756207, -0.7357694555035170225 ) ) ;
#1921 = CARTESIAN_POINT ( 'NONE',  ( -0.5863608480670838841, 4.910819625947170586, -1.067464387587506724 ) ) ;
#1922 = CARTESIAN_POINT ( 'NONE',  ( 1.216873555469097479, 4.272263529700837559, -2.650222503234604954 ) ) ;
#1923 = EDGE_CURVE ( 'NONE', #2423, #2958, #2725, .T. ) ;
#1924 = ORIENTED_EDGE ( 'NONE', *, *, #1547, .T. ) ;
#1925 = CARTESIAN_POINT ( 'NONE',  ( 0.7539527812222509562, 4.172780948423701730, -3.546387310454967245 ) ) ;
#1926 = CARTESIAN_POINT ( 'NONE',  ( -1.065679434814403637, -2.183470217807401692, 5.023007587397350981 ) ) ;
#1927 = DIRECTION ( 'NONE',  ( 0.000000000000000000, 0.000000000000000000, 1.000000000000000000 ) ) ;
#1928 = VERTEX_POINT ( 'NONE', #2550 ) ;
#1929 = CARTESIAN_POINT ( 'NONE',  ( 2.951763000829056837E-15, -2.624999999999958256, -4.546633369868327001 ) ) ;
#1930 = ADVANCED_FACE ( 'NONE', ( #818 ), #2597, .F. ) ;
#1931 = B_SPLINE_CURVE_WITH_KNOTS ( 'NONE', 3,
 ( #4315, #2475, #712, #4234, #1163, #2504, #4267, #353, #3405, #271, #1183, #2116, #3883, #5660, #1577, #3355, #3809, #5578 ),
 .UNSPECIFIED., .F., .F.,
 ( 4, 2, 2, 2, 2, 2, 2, 2, 4 ),
 ( 0.001924500009535641803, 0.002405502955714992723, 0.002886505901894343643, 0.003367508848073694563, 0.003848511794253045050, 0.004329514740432395536, 0.004810517686611746890, 0.005291520632791098244, 0.005772523578970448731 ),
 .UNSPECIFIED. ) ;
#1932 = ORIENTED_EDGE ( 'NONE', *, *, #1844, .F. ) ;
#1933 = CARTESIAN_POINT ( 'NONE',  ( 0.2294076944467769719, -5.195368396035672021, -1.727728249028912977 ) ) ;
#1934 = CIRCLE ( 'NONE', #2028, 1.073181601594058732 ) ;
#1935 = ORIENTED_EDGE ( 'NONE', *, *, #3551, .F. ) ;
#1936 = CIRCLE ( 'NONE', #1123, 1.073181601594058732 ) ;
#1937 = ORIENTED_EDGE ( 'NONE', *, *, #4314, .T. ) ;
#1938 = CARTESIAN_POINT ( 'NONE',  ( -0.3374999999999969691, 5.025000000000001243, 0.000000000000000000 ) ) ;
#1939 = PLANE ( 'NONE',  #5560 ) ;
#1940 = CARTESIAN_POINT ( 'NONE',  ( 1.216873555469097701, -4.741489085719780228, -2.737500000000038902 ) ) ;
#1941 = AXIS2_PLACEMENT_3D ( 'NONE', #5426, #5016, #3226 ) ;
#1942 = AXIS2_PLACEMENT_3D ( 'NONE', #1971, #127, #3711 ) ;
#1943 = AXIS2_PLACEMENT_3D ( 'NONE', #1098, #3752, #194 ) ;
#1944 = CARTESIAN_POINT ( 'NONE',  ( 1.216873555470457502, 2.737500000000013145, 4.741489085720159480 ) ) ;
#1945 = ORIENTED_EDGE ( 'NONE', *, *, #5248, .T. ) ;
#1946 = ADVANCED_FACE ( 'NONE', ( #4166 ), #1564, .T. ) ;
#1947 = CARTESIAN_POINT ( 'NONE',  ( -1.216873555469089929, -4.351777654016819596, 2.512499999999974420 ) ) ;
#1948 = ADVANCED_FACE ( 'NONE', ( #3777 ), #2895, .T. ) ;
#1949 = CYLINDRICAL_SURFACE ( 'NONE', #2701, 5.025000000000000355 ) ;
#1950 = B_SPLINE_CURVE_WITH_KNOTS ( 'NONE', 3,
 ( #4584, #1922, #3204, #3667, #242, #1545, #2380, #2008, #4144, #1954, #649, #3749, #3722, #3316, #5490, #2416, #2861, #5431 ),
 .UNSPECIFIED., .F., .F.,
 ( 4, 2, 2, 2, 2, 2, 2, 2, 4 ),
 ( 0.005649204378755477186, 0.006119817975306283270, 0.006590431571857090221, 0.007061045168407896304, 0.007531658764958702387, 0.008002272361509509338, 0.008472885958060316289, 0.008943499554611123240, 0.009414113151161930190 ),
 .UNSPECIFIED. ) ;
#1951 = CARTESIAN_POINT ( 'NONE',  ( 1.184161683695793998, -5.017157959848045579, -0.3155210454015740518 ) ) ;
#1952 = CARTESIAN_POINT ( 'NONE',  ( 1.216873555470457724, 4.741489085720187902, -2.737499999999962963 ) ) ;
#1953 = CIRCLE ( 'NONE', #5190, 1.073181601594058732 ) ;
#1954 = CARTESIAN_POINT ( 'NONE',  ( -0.1604339755935482170, 3.638699879211216182, -3.465615128512543830 ) ) ;
#1955 = AXIS2_PLACEMENT_3D ( 'NONE', #3969, #413, #5711 ) ;
#1956 = ORIENTED_EDGE ( 'NONE', *, *, #3592, .T. ) ;
#1957 = EDGE_CURVE ( 'NONE', #5550, #1020, #1018, .T. ) ;
#1958 = CARTESIAN_POINT ( 'NONE',  ( 1.128404230769403771, 5.002835524281853630, 0.5142680627172733221 ) ) ;
#1959 = FACE_OUTER_BOUND ( 'NONE', #3039, .T. ) ;
#1960 = AXIS2_PLACEMENT_3D ( 'NONE', #5382, #2324, #4096 ) ;
#1961 = PLANE ( 'NONE',  #4040 ) ;
#1962 = ORIENTED_EDGE ( 'NONE', *, *, #1788, .T. ) ;
#1963 = B_SPLINE_CURVE_WITH_KNOTS ( 'NONE', 3,
 ( #1408, #46, #3640, #4932, #1864, #1782, #3976, #3520, #4404, #446, #5405, #1433, #3140, #20, #3550, #5316, #1350, #917 ),
 .UNSPECIFIED., .F., .F.,
 ( 4, 2, 2, 2, 2, 2, 2, 2, 4 ),
 ( 0.001883778963244800778, 0.002354457140183635003, 0.002825135317122469229, 0.003295813494061303021, 0.003766491671000137247, 0.004237169847938971473, 0.004707848024877805265, 0.005178526201816639057, 0.005649204378755473717 ),
 .UNSPECIFIED. ) ;
#1964 = CARTESIAN_POINT ( 'NONE',  ( 0.9766093576085687067, 5.075628505799310020, 2.055978850831163829 ) ) ;
#1965 =( NAMED_UNIT ( * ) SI_UNIT ( $, .STERADIAN. ) SOLID_ANGLE_UNIT ( ) );
#1966 = ORIENTED_EDGE ( 'NONE', *, *, #3935, .F. ) ;
#1967 = FACE_OUTER_BOUND ( 'NONE', #581, .T. ) ;
#1968 = SPHERICAL_SURFACE ( 'NONE', #3703, 1.237499999999996936 ) ;
#1969 = ORIENTED_EDGE ( 'NONE', *, *, #1390, .F. ) ;
#1970 = ORIENTED_EDGE ( 'NONE', *, *, #1338, .F. ) ;
#1971 = CARTESIAN_POINT ( 'NONE',  ( -0.3374999999999969691, 5.250000000000000000, 0.000000000000000000 ) ) ;
#1972 = CARTESIAN_POINT ( 'NONE',  ( -0.2288706956799329006, -1.543028613918586256, -4.782349675994540306 ) ) ;
#1973 = DIRECTION ( 'NONE',  ( 0.000000000000000000, 0.000000000000000000, -1.000000000000000000 ) ) ;
#1974 = CARTESIAN_POINT ( 'NONE',  ( 0.3375000000000029643, 2.624999999999989786, 4.546633369868309238 ) ) ;
#1975 = ORIENTED_EDGE ( 'NONE', *, *, #1324, .F. ) ;
#1976 = DIRECTION ( 'NONE',  ( 0.000000000000000000, -0.8660254037844450359, 0.4999999999999890643 ) ) ;
#1977 = CARTESIAN_POINT ( 'NONE',  ( -0.9768424931114003673, -5.423668576231577276, -0.7568242692210194189 ) ) ;
#1978 = CARTESIAN_POINT ( 'NONE',  ( 1.102270384252428181, 5.025000000000000355, -2.755605343752521272E-17 ) ) ;
#1979 = DIRECTION ( 'NONE',  ( -1.000000000000000000, -0.000000000000000000, 0.000000000000000000 ) ) ;
#1980 = ADVANCED_FACE ( 'NONE', ( #3000 ), #647, .F. ) ;
#1981 = CARTESIAN_POINT ( 'NONE',  ( -19.92709219242683361, 0.000000000000000000, 0.000000000000000000 ) ) ;
#1982 = VERTEX_POINT ( 'NONE', #4760 ) ;
#1983 = CARTESIAN_POINT ( 'NONE',  ( 0.2283429028091508994, 4.093709127072127529, 3.635721173720797061 ) ) ;
#1984 = CARTESIAN_POINT ( 'NONE',  ( 1.216873555469095924, -4.351777654016819596, 2.512499999999974420 ) ) ;
#1985 = CARTESIAN_POINT ( 'NONE',  ( -0.1604339755935466905, -3.465615128512557153, -3.638699879211202415 ) ) ;
#1986 = ORIENTED_EDGE ( 'NONE', *, *, #2029, .T. ) ;
#1987 = DIRECTION ( 'NONE',  ( 0.000000000000000000, 0.000000000000000000, -1.000000000000000000 ) ) ;
#1988 = CARTESIAN_POINT ( 'NONE',  ( -0.6073178875565884427, -3.357056292692556454, 3.739553136311704939 ) ) ;
#1989 = EDGE_CURVE ( 'NONE', #4588, #2518, #4316, .T. ) ;
#1990 = EDGE_CURVE ( 'NONE', #3652, #535, #4990, .T. ) ;
#1991 = UNCERTAINTY_MEASURE_WITH_UNIT (LENGTH_MEASURE( 1.000000000000000082E-05 ), #4768, 'distance_accuracy_value', 'NONE');
#1992 = ORIENTED_EDGE ( 'NONE', *, *, #2881, .F. ) ;
#1993 = CARTESIAN_POINT ( 'NONE',  ( 0.9843303561305023486, 0.000000000000000000, 0.000000000000000000 ) ) ;
#1994 = DIRECTION ( 'NONE',  ( 0.000000000000000000, 8.082152514542375808E-16, -1.000000000000000000 ) ) ;
#1995 = ORIENTED_EDGE ( 'NONE', *, *, #4490, .F. ) ;
#1996 = AXIS2_PLACEMENT_3D ( 'NONE', #1901, #1383, #1044 ) ;
#1997 = ORIENTED_EDGE ( 'NONE', *, *, #2445, .T. ) ;
#1998 = CARTESIAN_POINT ( 'NONE',  ( -0.9843303561304969085, 0.000000000000000000, 0.000000000000000000 ) ) ;
#1999 = CARTESIAN_POINT ( 'NONE',  ( -0.9682255742437042567, 3.123217765420688519, -3.938032942102116074 ) ) ;
#2000 = CIRCLE ( 'NONE', #155, 1.073181601594058732 ) ;
#2001 = DIRECTION ( 'NONE',  ( 0.000000000000000000, 0.000000000000000000, -1.000000000000000000 ) ) ;
#2002 = EDGE_LOOP ( 'NONE', ( #5708, #1147, #2681, #1969 ) ) ;
#2003 = CARTESIAN_POINT ( 'NONE',  ( 0.3375000000000044631, 0.000000000000000000, 0.000000000000000000 ) ) ;
#2004 = CARTESIAN_POINT ( 'NONE',  ( 2.299999999999998046, -5.510910596163091528E-16, 4.500000000000002665 ) ) ;
#2005 = CYLINDRICAL_SURFACE ( 'NONE', #4718, 5.025000000000000355 ) ;
#2006 = CARTESIAN_POINT ( 'NONE',  ( 0.6813839886471212415, 5.402510711168588386, 0.8942362074440549646 ) ) ;
#2007 = DIRECTION ( 'NONE',  ( 0.000000000000000000, 0.000000000000000000, 1.000000000000000000 ) ) ;
#2008 = CARTESIAN_POINT ( 'NONE',  ( 0.3157423466804655243, 3.659949515897170436, -3.443668705420057652 ) ) ;
#2009 = CARTESIAN_POINT ( 'NONE',  ( -0.3219498304303017311, -5.227196995772978028, -1.629749021142140819 ) ) ;
#2010 = ORIENTED_EDGE ( 'NONE', *, *, #4820, .F. ) ;
#2011 = DIRECTION ( 'NONE',  ( 0.000000000000000000, 0.8660254037844344888, 0.5000000000000071054 ) ) ;
#2012 = DIRECTION ( 'NONE',  ( 0.000000000000000000, 0.000000000000000000, 1.000000000000000000 ) ) ;
#2013 = CARTESIAN_POINT ( 'NONE',  ( 1.237499999999999822, -5.250000000000000000, 0.000000000000000000 ) ) ;
#2014 = ORIENTED_EDGE ( 'NONE', *, *, #905, .T. ) ;
#2015 = CARTESIAN_POINT ( 'NONE',  ( -0.9768424931114938481, -4.318622634113470582, -3.367263331461715747 ) ) ;
#2016 = DIRECTION ( 'NONE',  ( 0.000000000000000000, 0.000000000000000000, 1.000000000000000000 ) ) ;
#2017 = ORIENTED_EDGE ( 'NONE', *, *, #5102, .T. ) ;
#2018 = CARTESIAN_POINT ( 'NONE',  ( -1.237499999999993827, -2.625000000000021760, 4.546633369868291474 ) ) ;
#2019 = ADVANCED_FACE ( 'NONE', ( #4290 ), #5602, .T. ) ;
#2020 = EDGE_CURVE ( 'NONE', #2978, #4570, #280, .T. ) ;
#2021 = DIRECTION ( 'NONE',  ( 1.000000000000000000, 0.000000000000000000, -0.000000000000000000 ) ) ;
#2022 = DIRECTION ( 'NONE',  ( 0.000000000000000000, 0.000000000000000000, -1.000000000000000000 ) ) ;
#2023 = ORIENTED_EDGE ( 'NONE', *, *, #1324, .T. ) ;
#2024 = B_SPLINE_CURVE_WITH_KNOTS ( 'NONE', 3,
 ( #167, #687, #1132, #1926, #3698, #5463, #1493, #5023, #2834, #1067, #4586, #1516, #332, #5146, #869, #3837, #2095, #3920 ),
 .UNSPECIFIED., .F., .F.,
 ( 4, 2, 2, 2, 2, 2, 2, 2, 4 ),
 ( 0.001924500009533366062, 0.002405502955712159920, 0.002886505901890953560, 0.003367508848069746333, 0.003848511794248539973, 0.004329514740427332746, 0.004810517686606126386, 0.005291520632784919159, 0.005772523578963712799 ),
 .UNSPECIFIED. ) ;
#2025 = ORIENTED_EDGE ( 'NONE', *, *, #3908, .T. ) ;
#2026 = CARTESIAN_POINT ( 'NONE',  ( 2.299999999999997602, 0.000000000000000000, 0.000000000000000000 ) ) ;
#2027 = CARTESIAN_POINT ( 'NONE',  ( 1.216873555469096146, 2.512500000000050360, -4.351777654016775188 ) ) ;
#2028 = AXIS2_PLACEMENT_3D ( 'NONE', #4134, #3599, #4457 ) ;
#2029 = EDGE_CURVE ( 'NONE', #2758, #2218, #2442, .T. ) ;
#2030 = CARTESIAN_POINT ( 'NONE',  ( 2.951763000829056837E-15, 2.624999999999989786, 4.546633369868309238 ) ) ;
#2031 = ORIENTED_EDGE ( 'NONE', *, *, #5677, .F. ) ;
#2032 = DIRECTION ( 'NONE',  ( 0.000000000000000000, -5.329070518200751394E-15, -1.000000000000000000 ) ) ;
#2033 = LINE ( 'NONE', #3829, #4826 ) ;
#2034 = CARTESIAN_POINT ( 'NONE',  ( 0.9768424931114998433, -4.318622634113516767, 3.367263331461655795 ) ) ;
#2035 = CARTESIAN_POINT ( 'NONE',  ( -1.216873555469089929, 5.025000000000000355, -2.755594923846596388E-17 ) ) ;
#2037 = CIRCLE ( 'NONE', #188, 1.237499999999996492 ) ;
#2036 = B_SPLINE_CURVE_WITH_KNOTS ( 'NONE', 3,
 ( #5521, #1439, #4968, #1007, #4585, #139 ),
 .UNSPECIFIED., .F., .F.,
 ( 4, 2, 4 ),
 ( 0.003069521842370880917, 0.003410565455249570631, 0.003751609068128259911 ),
 .UNSPECIFIED. ) ;
#2038 = CIRCLE ( 'NONE', #3247, 1.073181601594058732 ) ;
#2039 = AXIS2_PLACEMENT_3D ( 'NONE', #4210, #2922, #2012 ) ;
#2040 = CARTESIAN_POINT ( 'NONE',  ( -0.7429409894792227131, -4.935330379285247204, 0.9513800596651674768 ) ) ;
#2041 = AXIS2_PLACEMENT_3D ( 'NONE', #2494, #4281, #2001 ) ;
#2042 = CARTESIAN_POINT ( 'NONE',  ( 2.951763000829056837E-15, 2.625000000000053291, -4.546633369868272823 ) ) ;
#2043 = VERTEX_POINT ( 'NONE', #2945 ) ;
#2044 = CIRCLE ( 'NONE', #4353, 6.199999999999995737 ) ;
#2045 = DIRECTION ( 'NONE',  ( 0.000000000000000000, -8.082152514542375611E-15, -1.000000000000000000 ) ) ;
#2046 = CARTESIAN_POINT ( 'NONE',  ( -1.216873555469089929, -4.430315561917180567, 2.376468353196382832 ) ) ;
#2047 = CARTESIAN_POINT ( 'NONE',  ( -2.500000000000001332, -9.062386313690412402E-16, 7.300000000000000711 ) ) ;
#2048 = ORIENTED_EDGE ( 'NONE', *, *, #1113, .T. ) ;
#2049 = CARTESIAN_POINT ( 'NONE',  ( -1.185664645333973866, -4.573754011965728949, -3.013064982714017237 ) ) ;
#2050 = AXIS2_PLACEMENT_3D ( 'NONE', #1993, #146, #3786 ) ;
#2051 = AXIS2_PLACEMENT_3D ( 'NONE', #5689, #3552, #2628 ) ;
#2052 = VERTEX_POINT ( 'NONE', #2446 ) ;
#2053 = CARTESIAN_POINT ( 'NONE',  ( 1.216873555470457724, 5.475000000000316724, 1.549021926834971445E-13 ) ) ;
#2054 = CIRCLE ( 'NONE', #5297, 0.1999999999999987899 ) ;
#2055 = DIRECTION ( 'NONE',  ( 0.000000000000000000, 1.059690869644413837E-14, -1.000000000000000000 ) ) ;
#2056 = CARTESIAN_POINT ( 'NONE',  ( 2.951763000829056837E-15, 2.624999999999989786, 4.546633369868309238 ) ) ;
#2057 = EDGE_CURVE ( 'NONE', #3545, #2388, #3244, .T. ) ;
#2058 = VERTEX_POINT ( 'NONE', #1209 ) ;
#2059 = ORIENTED_EDGE ( 'NONE', *, *, #5065, .T. ) ;
#2060 = EDGE_CURVE ( 'NONE', #607, #1651, #5211, .T. ) ;
#2061 = SURFACE_STYLE_USAGE ( .BOTH. , #4225 ) ;
#2062 = CARTESIAN_POINT ( 'NONE',  ( 0.2288940565161385887, -3.635584375318144268, -4.093829020219255099 ) ) ;
#2063 = ORIENTED_EDGE ( 'NONE', *, *, #2700, .T. ) ;
#2064 = CARTESIAN_POINT ( 'NONE',  ( -2.300000000000002043, 0.000000000000000000, 0.000000000000000000 ) ) ;
#2065 = DIRECTION ( 'NONE',  ( 0.000000000000000000, 0.8660254037844328234, 0.5000000000000101030 ) ) ;
#2066 = CARTESIAN_POINT ( 'NONE',  ( 2.499999999999996891, 0.000000000000000000, 0.000000000000000000 ) ) ;
#2067 = CARTESIAN_POINT ( 'NONE',  ( -0.2294076944467709211, 1.727728249028858576, 5.195368396035689784 ) ) ;
#2068 = DIRECTION ( 'NONE',  ( -0.000000000000000000, -0.000000000000000000, -1.000000000000000000 ) ) ;
#2069 = CARTESIAN_POINT ( 'NONE',  ( -1.186094323803407846, -4.895853191224134981, -2.455355156608453271 ) ) ;
#2070 = ORIENTED_EDGE ( 'NONE', *, *, #5588, .T. ) ;
#2071 = CARTESIAN_POINT ( 'NONE',  ( 1.216873555469130785, 2.876758985524138890, 4.661087872940376187 ) ) ;
#2072 = CYLINDRICAL_SURFACE ( 'NONE', #98, 5.999999999999998224 ) ;
#2073 = VERTEX_POINT ( 'NONE', #308 ) ;
#2074 = ORIENTED_EDGE ( 'NONE', *, *, #5562, .T. ) ;
#2075 = CARTESIAN_POINT ( 'NONE',  ( 1.066052540301073659, -4.402974996044866529, -3.257558097409392506 ) ) ;
#2076 = ORIENTED_EDGE ( 'NONE', *, *, #3125, .F. ) ;
#2077 = CARTESIAN_POINT ( 'NONE',  ( 0.7428168629650925281, -0.9514577221364568516, -4.935313654298872699 ) ) ;
#2078 = CARTESIAN_POINT ( 'NONE',  ( -0.3374999999999969691, -5.183890602451905139, 1.761505952817311149 ) ) ;
#2079 = ORIENTED_EDGE ( 'NONE', *, *, #3908, .F. ) ;
#2080 = CARTESIAN_POINT ( 'NONE',  ( -0.6171494958828993571, -1.750416590129399319, -5.188032411269647426 ) ) ;
#2081 = PLANE ( 'NONE',  #2215 ) ;
#2082 = ORIENTED_EDGE ( 'NONE', *, *, #2332, .F. ) ;
#2083 = CARTESIAN_POINT ( 'NONE',  ( -0.2284057895222792456, -3.370231758269504052, -3.727378938405020659 ) ) ;
#2084 = CARTESIAN_POINT ( 'NONE',  ( 0.3375000000000029088, 5.183890602451894480, 1.761505952817349119 ) ) ;
#2085 = CIRCLE ( 'NONE', #5330, 1.237499999999996492 ) ;
#2086 = CARTESIAN_POINT ( 'NONE',  ( -1.216873555469091261, -4.741489085719818419, 2.737499999999972733 ) ) ;
#2087 = EDGE_CURVE ( 'NONE', #5504, #614, #3334, .T. ) ;
#2088 = CARTESIAN_POINT ( 'NONE',  ( -19.92709219242683361, 0.000000000000000000, 0.000000000000000000 ) ) ;
#2089 = EDGE_CURVE ( 'NONE', #1928, #3457, #1149, .T. ) ;
#2090 = CARTESIAN_POINT ( 'NONE',  ( -1.184325193567672407, -5.017188631981337466, 0.3154544090215247731 ) ) ;
#2091 = B_SPLINE_CURVE_WITH_KNOTS ( 'NONE', 3,
 ( #2344, #237, #1456, #2770, #1118, #5485 ),
 .UNSPECIFIED., .F., .F.,
 ( 4, 2, 4 ),
 ( 0.006630243725185743127, 0.006971267376530444586, 0.007312291027875146045 ),
 .UNSPECIFIED. ) ;
#2092 = CARTESIAN_POINT ( 'NONE',  ( 0.3222421747442784090, -5.227146843786455221, -1.629900123589751004 ) ) ;
#2093 = ORIENTED_EDGE ( 'NONE', *, *, #702, .T. ) ;
#2094 = CARTESIAN_POINT ( 'NONE',  ( 0.9768424931115000653, 3.367263331461670894, 4.318622634113506109 ) ) ;
#2095 = CARTESIAN_POINT ( 'NONE',  ( 1.216873555469097701, -2.597605392652940992, 4.822257274929804716 ) ) ;
#2096 = ADVANCED_FACE ( 'NONE', ( #3090, #1749 ), #4351, .F. ) ;
#2097 = COLOUR_RGB ( '',1.000000000000000000, 1.000000000000000000, 1.000000000000000000 ) ;
#2098 = ORIENTED_EDGE ( 'NONE', *, *, #5321, .F. ) ;
#2099 = ORIENTED_EDGE ( 'NONE', *, *, #3921, .T. ) ;
#2100 = CARTESIAN_POINT ( 'NONE',  ( -0.3374999999999975242, 0.000000000000000000, 0.000000000000000000 ) ) ;
#2101 = ORIENTED_EDGE ( 'NONE', *, *, #2057, .F. ) ;
#2102 = CARTESIAN_POINT ( 'NONE',  ( 1.216873555469042190, 5.474999999999988987, 0.2647132874836971017 ) ) ;
#2103 = ADVANCED_FACE ( 'NONE', ( #3518, #5289 ), #5258, .T. ) ;
#2104 = CARTESIAN_POINT ( 'NONE',  ( -1.216873555469089929, -4.351777654016819596, 2.512499999999974420 ) ) ;
#2105 = CARTESIAN_POINT ( 'NONE',  ( 0.9843303561305016824, 0.000000000000000000, -4.500000000000001776 ) ) ;
#2106 = FILL_AREA_STYLE_COLOUR ( '', #5475 ) ;
#2107 = ORIENTED_EDGE ( 'NONE', *, *, #4448, .F. ) ;
#2108 = CARTESIAN_POINT ( 'NONE',  ( -1.186246345985052519, -2.455581101507854580, -4.895758463743415945 ) ) ;
#2109 = CARTESIAN_POINT ( 'NONE',  ( -0.3374999999999970246, -4.920133928571429394, 1.021228243303264893 ) ) ;
#2110 = ORIENTED_EDGE ( 'NONE', *, *, #3379, .T. ) ;
#2111 = DIRECTION ( 'NONE',  ( 0.000000000000000000, -0.8660254037844450359, 0.4999999999999890643 ) ) ;
#2112 = CARTESIAN_POINT ( 'NONE',  ( -0.3374999999999970246, 4.771575093816242230, -1.575657362522871141 ) ) ;
#2113 = CARTESIAN_POINT ( 'NONE',  ( -0.1561588338129539510, 4.820739249744129040, -1.418131903940960781 ) ) ;
#2114 = CARTESIAN_POINT ( 'NONE',  ( 0.9843303561305016824, 0.000000000000000000, 0.000000000000000000 ) ) ;
#2115 = AXIS2_PLACEMENT_3D ( 'NONE', #658, #2424, #2244 ) ;
#2116 = CARTESIAN_POINT ( 'NONE',  ( 0.6171494958829053523, -5.368176158881261095, 1.078110971376981198 ) ) ;
#2117 = ADVANCED_FACE ( 'NONE', ( #3490 ), #829, .T. ) ;
#2118 = ADVANCED_FACE ( 'NONE', ( #4898 ), #4787, .T. ) ;
#2119 = ORIENTED_EDGE ( 'NONE', *, *, #4775, .T. ) ;
#2120 = CARTESIAN_POINT ( 'NONE',  ( -19.92709219242683361, 0.000000000000000000, 0.000000000000000000 ) ) ;
#2121 = AXIS2_PLACEMENT_3D ( 'NONE', #1105, #2457, #1994 ) ;
#2122 = CARTESIAN_POINT ( 'NONE',  ( -0.3374999999999969691, 2.624999999999989786, 4.546633369868309238 ) ) ;
#2123 = AXIS2_PLACEMENT_3D ( 'NONE', #5279, #1717, #5253 ) ;
#2124 = VERTEX_POINT ( 'NONE', #2648 ) ;
#2125 = ORIENTED_EDGE ( 'NONE', *, *, #4614, .F. ) ;
#2126 = CARTESIAN_POINT ( 'NONE',  ( 0.6074448382787747125, 1.037406367804107221, -4.917099317205717135 ) ) ;
#2127 =( NAMED_UNIT ( * ) PLANE_ANGLE_UNIT ( ) SI_UNIT ( $, .RADIAN. ) );
#2128 = AXIS2_PLACEMENT_3D ( 'NONE', #1741, #3508, #5276 ) ;
#2129 = EDGE_CURVE ( 'NONE', #1551, #4761, #2493, .T. ) ;
#2130 = ORIENTED_EDGE ( 'NONE', *, *, #320, .F. ) ;
#2131 = TOROIDAL_SURFACE ( 'NONE', #378, 6.199999999999997513, 0.1999999999999990119 ) ;
#2132 = AXIS2_PLACEMENT_3D ( 'NONE', #5052, #1167, #4182 ) ;
#2133 = CARTESIAN_POINT ( 'NONE',  ( 0.7428168631732798843, -3.798378139304505297, 3.291643385024339619 ) ) ;
#2134 = CARTESIAN_POINT ( 'NONE',  ( -2.300000000000001155, -5.265981236333622415E-16, 4.300000000000002487 ) ) ;
#2135 = CARTESIAN_POINT ( 'NONE',  ( -0.1145010564412810017, -5.359267842665075499, -1.119764795958132719 ) ) ;
#2136 = DIRECTION ( 'NONE',  ( -1.000000000000000000, -0.000000000000000000, -0.000000000000000000 ) ) ;
#2137 = PRESENTATION_LAYER_ASSIGNMENT (  '', '', ( #661 ) ) ;
#2138 = AXIS2_PLACEMENT_3D ( 'NONE', #193, #1097, #1515 ) ;
#2139 = PRODUCT_DEFINITION ( '未知', '', #1635, #4243 ) ;
#2140 = VERTEX_POINT ( 'NONE', #3110 ) ;
#2141 = AXIS2_PLACEMENT_3D ( 'NONE', #2273, #1718, #1848 ) ;
#2142 = AXIS2_PLACEMENT_3D ( 'NONE', #5486, #560, #5045 ) ;
#2143 = FILL_AREA_STYLE ('',( #382 ) ) ;
#2144 = CARTESIAN_POINT ( 'NONE',  ( 0.6714320134919407046, 4.951206860687589639, 0.8638167153739102488 ) ) ;
#2145 = ORIENTED_EDGE ( 'NONE', *, *, #3381, .T. ) ;
#2146 = CARTESIAN_POINT ( 'NONE',  ( 0.9774912523502895523, -5.075277381674331956, 2.056887232590077996 ) ) ;
#2147 = DIRECTION ( 'NONE',  ( -1.000000000000000000, -0.000000000000000000, 0.000000000000000000 ) ) ;
#2148 = DIRECTION ( 'NONE',  ( -1.000000000000000000, -0.000000000000000000, 0.000000000000000000 ) ) ;
#2149 = SPHERICAL_SURFACE ( 'NONE', #2516, 1.124999999999995115 ) ;
#2150 = CARTESIAN_POINT ( 'NONE',  ( -0.1603182285372148630, 5.236684552382563140, -1.597735866490125334 ) ) ;
#2151 = DIRECTION ( 'NONE',  ( -1.000000000000000000, -0.000000000000000000, 0.000000000000000000 ) ) ;
#2152 = CARTESIAN_POINT ( 'NONE',  ( -0.9766114375336349962, -3.367476254988043483, -4.318452722995187010 ) ) ;
#2153 = VERTEX_POINT ( 'NONE', #947 ) ;
#2154 = CARTESIAN_POINT ( 'NONE',  ( 0.1161341008350604137, -3.649247927219334997, 4.081496609502024420 ) ) ;
#2155 = CARTESIAN_POINT ( 'NONE',  ( 0.3375000000000030753, -4.771575093816230684, 1.575657362522904004 ) ) ;
#2156 = ORIENTED_EDGE ( 'NONE', *, *, #3758, .F. ) ;
#2157 = ORIENTED_EDGE ( 'NONE', *, *, #1804, .T. ) ;
#2158 = CARTESIAN_POINT ( 'NONE',  ( -0.3145222742842019859, 1.152673889721777645, -4.891362290108554056 ) ) ;
#2159 = ORIENTED_EDGE ( 'NONE', *, *, #931, .T. ) ;
#2160 = B_SPLINE_CURVE_WITH_KNOTS ( 'NONE', 3,
 ( #4141, #4551, #1458, #2888, #1920, #4644, #2439, #5540, #1571, #1158, #1032, #709, #2914, #3691, #3232, #1951, #2408, #3720 ),
 .UNSPECIFIED., .F., .F.,
 ( 4, 2, 2, 2, 2, 2, 2, 2, 4 ),
 ( 0.005649204386103785780, 0.006119817983380352461, 0.006590431580656919142, 0.007061045177933485822, 0.007531658775210052503, 0.008002272372486619184, 0.008472885969763185865, 0.008943499567039752546, 0.009414113164316319227 ),
 .UNSPECIFIED. ) ;
#2161 = PRESENTATION_STYLE_ASSIGNMENT (( #2984 ) ) ;
#2162 = CARTESIAN_POINT ( 'NONE',  ( -1.216873555469089929, 5.260652523382203600E-14, -5.025000000000000355 ) ) ;
#2163 = DIRECTION ( 'NONE',  ( -1.000000000000000000, -0.000000000000000000, 0.000000000000000000 ) ) ;
#2164 = DIRECTION ( 'NONE',  ( 0.000000000000000000, 0.4999999999999948375, 0.8660254037844415942 ) ) ;
#2165 = DIRECTION ( 'NONE',  ( 0.000000000000000000, 0.000000000000000000, -1.000000000000000000 ) ) ;
#2166 = DIRECTION ( 'NONE',  ( 0.000000000000000000, 0.000000000000000000, -1.000000000000000000 ) ) ;
#2167 = EDGE_CURVE ( 'NONE', #4673, #3202, #2208, .T. ) ;
#2168 = ADVANCED_FACE ( 'NONE', ( #475 ), #2232, .T. ) ;
#2169 = ORIENTED_EDGE ( 'NONE', *, *, #4635, .T. ) ;
#2170 = CARTESIAN_POINT ( 'NONE',  ( -19.92709219242683361, 0.000000000000000000, 0.000000000000000000 ) ) ;
#2171 = CARTESIAN_POINT ( 'NONE',  ( -1.186094323803407846, 2.455355156608470146, -4.895853191224127876 ) ) ;
#2172 = FACE_OUTER_BOUND ( 'NONE', #625, .T. ) ;
#2173 = CARTESIAN_POINT ( 'NONE',  ( -1.216873555469091261, 5.475000000000001421, 1.167353663457087917E-16 ) ) ;
#2174 = FACE_BOUND ( 'NONE', #4212, .T. ) ;
#2175 = CARTESIAN_POINT ( 'NONE',  ( -1.216873555469089929, -5.025000000000000355, 2.755652777012119125E-17 ) ) ;
#2176 = VERTEX_POINT ( 'NONE', #1806 ) ;
#2177 = FILL_AREA_STYLE ('',( #41 ) ) ;
#2178 = CARTESIAN_POINT ( 'NONE',  ( 0.1630295018224056924, -3.736187506783022361, -4.002065456297072998 ) ) ;
#2179 = ORIENTED_EDGE ( 'NONE', *, *, #2698, .F. ) ;
#2180 = CARTESIAN_POINT ( 'NONE',  ( -0.3374999999999970246, 3.344476566048489197, 3.750346850512964458 ) ) ;
#2181 = DIRECTION ( 'NONE',  ( 0.000000000000000000, 0.000000000000000000, -1.000000000000000000 ) ) ;
#2182 = DIRECTION ( 'NONE',  ( 1.000000000000000000, 0.000000000000000000, -0.000000000000000000 ) ) ;
#2183 = EDGE_LOOP ( 'NONE', ( #3525, #2995 ) ) ;
#2184 = AXIS2_PLACEMENT_3D ( 'NONE', #4322, #363, #1245 ) ;
#2185 = ORIENTED_EDGE ( 'NONE', *, *, #3565, .T. ) ;
#2186 = SURFACE_SIDE_STYLE ('',( #426 ) ) ;
#2187 = CARTESIAN_POINT ( 'NONE',  ( 1.216873555469096146, 5.260652860486765317E-14, -5.025000000000000355 ) ) ;
#2188 = CARTESIAN_POINT ( 'NONE',  ( -2.300000000000002043, 0.000000000000000000, 0.000000000000000000 ) ) ;
#2189 = CARTESIAN_POINT ( 'NONE',  ( 2.299999999999997158, 0.000000000000000000, 0.000000000000000000 ) ) ;
#2190 = STYLED_ITEM ( 'NONE', ( #443 ), #736 ) ;
#2191 = EDGE_CURVE ( 'NONE', #4591, #3665, #3246, .T. ) ;
#2192 = EDGE_CURVE ( 'NONE', #1856, #2836, #3206, .T. ) ;
#2193 = CARTESIAN_POINT ( 'NONE',  ( -1.216873555469091261, -1.923259570289364924E-14, 5.475000000000001421 ) ) ;
#2194 = VERTEX_POINT ( 'NONE', #1944 ) ;
#2195 = SPHERICAL_SURFACE ( 'NONE', #1575, 1.124999999999995115 ) ;
#2196 = CARTESIAN_POINT ( 'NONE',  ( -0.6093760516249072667, 3.356287618679187013, 3.740250609034104556 ) ) ;
#2197 = CARTESIAN_POINT ( 'NONE',  ( 2.951763000829056837E-15, -1.833027702892645012E-14, 5.250000000000000000 ) ) ;
#2198 = ORIENTED_EDGE ( 'NONE', *, *, #2594, .F. ) ;
#2199 = CARTESIAN_POINT ( 'NONE',  ( -0.3227388460788867541, 3.711864985649512505, -4.025139890365565520 ) ) ;
#2200 = DIRECTION ( 'NONE',  ( 0.000000000000000000, -0.5000000000000037748, 0.8660254037844364872 ) ) ;
#2201 = ORIENTED_EDGE ( 'NONE', *, *, #5010, .T. ) ;
#2202 = DIRECTION ( 'NONE',  ( -1.000000000000000000, -0.000000000000000000, 0.000000000000000000 ) ) ;
#2203 = DIRECTION ( 'NONE',  ( -1.000000000000000000, -0.000000000000000000, 0.000000000000000000 ) ) ;
#2204 = CARTESIAN_POINT ( 'NONE',  ( 0.2284057895222849355, 3.727378938404985576, 3.370231758269542688 ) ) ;
#2205 = ORIENTED_EDGE ( 'NONE', *, *, #2398, .F. ) ;
#2206 = CARTESIAN_POINT ( 'NONE',  ( -1.102270385293431021, 5.475000001274969996, -0.1472510964136022060 ) ) ;
#2207 = ORIENTED_EDGE ( 'NONE', *, *, #3331, .F. ) ;
#2208 = CIRCLE ( 'NONE', #4344, 3.000000000000001776 ) ;
#2209 = CARTESIAN_POINT ( 'NONE',  ( 0.1137298752287590753, 4.787650106792899152, -1.526116461788697976 ) ) ;
#2210 = FACE_OUTER_BOUND ( 'NONE', #517, .T. ) ;
#2211 = CARTESIAN_POINT ( 'NONE',  ( 1.060888576746105150, 4.020771965135038428, 3.017419481698533357 ) ) ;
#2212 = CARTESIAN_POINT ( 'NONE',  ( 1.066052540301073881, 4.402974996044890510, 3.257558097409360975 ) ) ;
#2213 = FACE_BOUND ( 'NONE', #2255, .T. ) ;
#2214 = CARTESIAN_POINT ( 'NONE',  ( 0.3375000000000029088, 4.117454205283326729, -3.608627975754036044 ) ) ;
#2215 = AXIS2_PLACEMENT_3D ( 'NONE', #4693, #3849, #732 ) ;
#2216 = CIRCLE ( 'NONE', #6, 1.073181601594058732 ) ;
#2217 = AXIS2_PLACEMENT_3D ( 'NONE', #5435, #3238, #5324 ) ;
#2218 = VERTEX_POINT ( 'NONE', #530 ) ;
#2219 = AXIS2_PLACEMENT_3D ( 'NONE', #5401, #889, #414 ) ;
#2220 = EDGE_CURVE ( 'NONE', #2153, #3993, #3705, .T. ) ;
#2221 = AXIS2_PLACEMENT_3D ( 'NONE', #5396, #4946, #3485 ) ;
#2222 = AXIS2_PLACEMENT_3D ( 'NONE', #1343, #2147, #5682 ) ;
#2223 = CARTESIAN_POINT ( 'NONE',  ( -0.7539386004179617906, 0.9848525497150988350, 5.386928225247903157 ) ) ;
#2224 = VERTEX_POINT ( 'NONE', #157 ) ;
#2225 = CARTESIAN_POINT ( 'NONE',  ( -1.237499999999993827, 2.625000000000053291, -4.546633369868272823 ) ) ;
#2226 = CARTESIAN_POINT ( 'NONE',  ( -2.441421356237307272, 0.000000000000000000, 0.000000000000000000 ) ) ;
#2227 = CARTESIAN_POINT ( 'NONE',  ( 0.9684278525403327009, -0.7355347292710235907, 4.972081921354530643 ) ) ;
#2228 = EDGE_CURVE ( 'NONE', #2437, #2555, #3798, .T. ) ;
#2229 = B_SPLINE_CURVE_WITH_KNOTS ( 'NONE', 3,
 ( #1287, #1259, #4778, #853, #464, #410 ),
 .UNSPECIFIED., .F., .F.,
 ( 4, 2, 4 ),
 ( 0.005649204386103777974, 0.006420265025929114411, 0.007191325665754449981 ),
 .UNSPECIFIED. ) ;
#2230 = ORIENTED_EDGE ( 'NONE', *, *, #1389, .F. ) ;
#2231 = CARTESIAN_POINT ( 'NONE',  ( 0.1623272491987278188, 3.736258041268521346, -4.001999606619688343 ) ) ;
#2232 = CYLINDRICAL_SURFACE ( 'NONE', #1761, 5.475000000000000533 ) ;
#2233 = VERTEX_POINT ( 'NONE', #1480 ) ;
#2234 = FACE_OUTER_BOUND ( 'NONE', #3315, .T. ) ;
#2235 = DIRECTION ( 'NONE',  ( 0.000000000000000000, -0.000000000000000000, 1.000000000000000000 ) ) ;
#2236 = FACE_OUTER_BOUND ( 'NONE', #1314, .T. ) ;
#2237 = EDGE_LOOP ( 'NONE', ( #746, #4684, #1764, #3057 ) ) ;
#2238 = ORIENTED_EDGE ( 'NONE', *, *, #1913, .F. ) ;
#2239 = CARTESIAN_POINT ( 'NONE',  ( -1.184200262958146732, -4.187119299164320019, -2.782020603964433736 ) ) ;
#2240 = DIRECTION ( 'NONE',  ( 0.000000000000000000, 0.000000000000000000, -1.000000000000000000 ) ) ;
#2241 = CARTESIAN_POINT ( 'NONE',  ( 2.951763000829056837E-15, 4.546633369868299468, 2.625000000000005329 ) ) ;
#2242 = FACE_OUTER_BOUND ( 'NONE', #3891, .T. ) ;
#2243 = DIRECTION ( 'NONE',  ( -1.000000000000000000, -0.000000000000000000, 0.000000000000000000 ) ) ;
#2244 = DIRECTION ( 'NONE',  ( 0.000000000000000000, 0.4999999999999978351, 0.8660254037844399289 ) ) ;
#2245 = ORIENTED_EDGE ( 'NONE', *, *, #4450, .F. ) ;
#2246 = CARTESIAN_POINT ( 'NONE',  ( 0.3375000000000029088, -5.370133928571432236, 1.066436397168616601 ) ) ;
#2247 = VERTEX_POINT ( 'NONE', #3716 ) ;
#2248 = DIRECTION ( 'NONE',  ( 0.000000000000000000, 0.000000000000000000, -1.000000000000000000 ) ) ;
#2249 = DIRECTION ( 'NONE',  ( 0.000000000000000000, 0.000000000000000000, -1.000000000000000000 ) ) ;
#2250 = CARTESIAN_POINT ( 'NONE',  ( 2.299999999999997158, 0.000000000000000000, 0.000000000000000000 ) ) ;
#2251 = DIRECTION ( 'NONE',  ( 0.000000000000000000, 0.000000000000000000, 1.000000000000000000 ) ) ;
#2252 = ORIENTED_EDGE ( 'NONE', *, *, #2733, .F. ) ;
#2253 = CARTESIAN_POINT ( 'NONE',  ( -0.9768424931114940701, 3.367263331461730402, -4.318622634113459924 ) ) ;
#2254 = CARTESIAN_POINT ( 'NONE',  ( -1.216873555469089929, 5.025000000000000355, -2.755594923846596388E-17 ) ) ;
#2255 = EDGE_LOOP ( 'NONE', ( #641, #2541, #1924, #3023 ) ) ;
#2256 = EDGE_CURVE ( 'NONE', #3789, #4038, #2692, .T. ) ;
#2257 = DIRECTION ( 'NONE',  ( -1.000000000000000000, -0.000000000000000000, 0.000000000000000000 ) ) ;
#2258 = EDGE_CURVE ( 'NONE', #4064, #3178, #561, .T. ) ;
#2259 = CARTESIAN_POINT ( 'NONE',  ( -1.184509137125796085, -2.235888882112391229, -4.502506502262888510 ) ) ;
#2260 = DIRECTION ( 'NONE',  ( 1.000000000000000000, 0.000000000000000000, -0.000000000000000000 ) ) ;
#2261 = AXIS2_PLACEMENT_3D ( 'NONE', #3455, #1258, #3768 ) ;
#2262 = ORIENTED_EDGE ( 'NONE', *, *, #1788, .F. ) ;
#2263 = CARTESIAN_POINT ( 'NONE',  ( -0.1461704162247607353, 5.359260605031953340, -1.119799438524530455 ) ) ;
#2264 = ORIENTED_EDGE ( 'NONE', *, *, #3825, .F. ) ;
#2265 = CARTESIAN_POINT ( 'NONE',  ( 1.216873555469096146, -4.351777654016784069, -2.512500000000035705 ) ) ;
#2266 = CARTESIAN_POINT ( 'NONE',  ( 0.3375000000000029643, 5.025000000000001243, 0.000000000000000000 ) ) ;
#2267 = DIRECTION ( 'NONE',  ( -1.000000000000000000, -0.000000000000000000, 0.000000000000000000 ) ) ;
#2268 = CARTESIAN_POINT ( 'NONE',  ( -1.065679434814403193, 5.023007587397359863, 2.183470217807384817 ) ) ;
#2269 = CARTESIAN_POINT ( 'NONE',  ( -1.184200262958146066, -2.782020603964420857, 4.187119299164328012 ) ) ;
#2270 = CARTESIAN_POINT ( 'NONE',  ( 0.6178653494856315431, 1.077777020097090421, -5.368246175380042118 ) ) ;
#2271 = VERTEX_POINT ( 'NONE', #3173 ) ;
#2272 = ADVANCED_FACE ( 'NONE', ( #5483 ), #2343, .T. ) ;
#2273 = CARTESIAN_POINT ( 'NONE',  ( 2.951763000829056837E-15, 2.624999999999989786, 4.546633369868309238 ) ) ;
#2274 = MECHANICAL_DESIGN_GEOMETRIC_PRESENTATION_REPRESENTATION (  '', ( #3954 ), #1094 ) ;
#2275 = FACE_OUTER_BOUND ( 'NONE', #2896, .T. ) ;
#2276 = VERTEX_POINT ( 'NONE', #4137 ) ;
#2277 = CARTESIAN_POINT ( 'NONE',  ( -0.7521123038540213912, 1.838905281601198372, -5.158260651985935752 ) ) ;
#2278 = SPHERICAL_SURFACE ( 'NONE', #2615, 1.124999999999995115 ) ;
#2279 = CARTESIAN_POINT ( 'NONE',  ( -1.184509137126991574, -0.3149166791805152465, 5.017229452720724403 ) ) ;
#2280 = CARTESIAN_POINT ( 'NONE',  ( 0.3375000000000029643, 5.025000000000001243, 0.000000000000000000 ) ) ;
#2281 = CARTESIAN_POINT ( 'NONE',  ( -0.7539527812222450720, 3.546387310455070274, -4.172780948423615577 ) ) ;
#2282 = DIRECTION ( 'NONE',  ( 0.000000000000000000, 1.224646799147353207E-16, -1.000000000000000000 ) ) ;
#2283 = VERTEX_POINT ( 'NONE', #4930 ) ;
#2284 = DIRECTION ( 'NONE',  ( 0.000000000000000000, 0.000000000000000000, -1.000000000000000000 ) ) ;
#2285 = CARTESIAN_POINT ( 'NONE',  ( -1.216873555470451507, -5.475000000000316724, 1.549021926834971445E-13 ) ) ;
#2286 = CARTESIAN_POINT ( 'NONE',  ( -0.7429409894823529870, 1.643745889321197362, -4.749811514361781839 ) ) ;
#2287 = VERTEX_POINT ( 'NONE', #5403 ) ;
#2288 = EDGE_CURVE ( 'NONE', #1089, #945, #4812, .T. ) ;
#2289 = CARTESIAN_POINT ( 'NONE',  ( -0.2911530828171129959, 5.365648265731659095, -1.090297164489504755 ) ) ;
#2290 = AXIS2_PLACEMENT_3D ( 'NONE', #4329, #2661, #926 ) ;
#2291 = VERTEX_POINT ( 'NONE', #3258 ) ;
#2292 = CARTESIAN_POINT ( 'NONE',  ( -0.7428168631732738891, -3.798378139304458223, -3.291643385024392021 ) ) ;
#2293 = APPLICATION_CONTEXT ( 'automotive_design' ) ;
#2294 = CARTESIAN_POINT ( 'NONE',  ( -0.3237003905337329512, -1.201624832540673093, -5.341886611758563497 ) ) ;
#2295 = DIRECTION ( 'NONE',  ( 0.000000000000000000, 0.000000000000000000, -1.000000000000000000 ) ) ;
#2296 = DIRECTION ( 'NONE',  ( 0.000000000000000000, -0.5000000000000039968, 0.8660254037844363761 ) ) ;
#2297 = CYLINDRICAL_SURFACE ( 'NONE', #1277, 5.475000000000000533 ) ;
#2298 = CARTESIAN_POINT ( 'NONE',  ( -0.6171494958829005784, 1.078110971377036931, -5.368176158881249549 ) ) ;
#2299 = ADVANCED_FACE ( 'NONE', ( #3196 ), #1088, .T. ) ;
#2300 = AXIS2_PLACEMENT_3D ( 'NONE', #431, #4445, #4799 ) ;
#2301 = VERTEX_POINT ( 'NONE', #1058 ) ;
#2302 = CYLINDRICAL_SURFACE ( 'NONE', #2893, 5.475000000000000533 ) ;
#2304 = AXIS2_PLACEMENT_3D ( 'NONE', #4604, #209, #1973 ) ;
#2303 = B_SPLINE_CURVE_WITH_KNOTS ( 'NONE', 3,
 ( #5362, #5398, #2309, #3682, #4082, #1396 ),
 .UNSPECIFIED., .F., .F.,
 ( 4, 2, 4 ),
 ( 0.006480373041532911868, 0.006820975947040249995, 0.007161578852547588990 ),
 .UNSPECIFIED. ) ;
#2305 = AXIS2_PLACEMENT_3D ( 'NONE', #3284, #642, #5044 ) ;
#2306 = CIRCLE ( 'NONE', #2970, 5.025000000000001243 ) ;
#2307 = AXIS2_PLACEMENT_3D ( 'NONE', #131, #5449, #1890 ) ;
#2308 = AXIS2_PLACEMENT_3D ( 'NONE', #1657, #4263, #303 ) ;
#2309 = CARTESIAN_POINT ( 'NONE',  ( 0.1142805821702311542, -3.715423797405081441, -3.383230854313024505 ) ) ;
#2310 = ORIENTED_EDGE ( 'NONE', *, *, #472, .T. ) ;
#2311 = CARTESIAN_POINT ( 'NONE',  ( 1.216873555469096146, -1.751714114949188156E-14, 5.025000000000000355 ) ) ;
#2312 = CARTESIAN_POINT ( 'NONE',  ( -0.1630295018224030001, -3.736187506783076984, 4.002065456297020596 ) ) ;
#2313 = DIRECTION ( 'NONE',  ( 0.000000000000000000, 0.8660254037844380415, 0.5000000000000011102 ) ) ;
#2314 = DIRECTION ( 'NONE',  ( -0.000000000000000000, -1.000000000000000000, -1.047444401652940322E-14 ) ) ;
#2315 = CARTESIAN_POINT ( 'NONE',  ( -1.237499999999993827, 4.546633369868336771, -2.624999999999942268 ) ) ;
#2316 = EDGE_LOOP ( 'NONE', ( #491, #3748 ) ) ;
#2317 = CARTESIAN_POINT ( 'NONE',  ( -1.216873555469089929, -2.512499999999959766, -4.351777654016826702 ) ) ;
#2318 = CIRCLE ( 'NONE', #5569, 1.237499999999996492 ) ;
#2319 = CIRCLE ( 'NONE', #3614, 1.237499999999996714 ) ;
#2320 = DIRECTION ( 'NONE',  ( 0.000000000000000000, 1.000000000000000000, 0.000000000000000000 ) ) ;
#2321 = CARTESIAN_POINT ( 'NONE',  ( -0.7525402123772446661, -0.9860931065244495919, 5.386712740550819056 ) ) ;
#2322 = ORIENTED_EDGE ( 'NONE', *, *, #3686, .T. ) ;
#2323 = EDGE_CURVE ( 'NONE', #5000, #4630, #4717, .T. ) ;
#2324 = DIRECTION ( 'NONE',  ( 1.000000000000000000, 0.000000000000000000, -0.000000000000000000 ) ) ;
#2325 = VERTEX_POINT ( 'NONE', #4488 ) ;
#2326 = CARTESIAN_POINT ( 'NONE',  ( 0.5859885823603682153, 4.910795694580312620, 1.067567469550258163 ) ) ;
#2327 = DIRECTION ( 'NONE',  ( 0.000000000000000000, -8.881784197001252323E-16, 1.000000000000000000 ) ) ;
#2328 = ORIENTED_EDGE ( 'NONE', *, *, #1989, .F. ) ;
#2329 = CARTESIAN_POINT ( 'NONE',  ( 1.216873555469097701, 4.822257274929814486, 2.597605392652924117 ) ) ;
#2330 = CARTESIAN_POINT ( 'NONE',  ( -0.3222421747442730244, 1.202038509233206209, -5.341792017825572891 ) ) ;
#2331 = VERTEX_POINT ( 'NONE', #2315 ) ;
#2332 = EDGE_CURVE ( 'NONE', #1494, #4130, #5, .T. ) ;
#2333 = ADVANCED_FACE ( 'NONE', ( #640 ), #2404, .T. ) ;
#2334 = FACE_OUTER_BOUND ( 'NONE', #5307, .T. ) ;
#2335 = CIRCLE ( 'NONE', #883, 1.124999999999995115 ) ;
#2336 = PRESENTATION_STYLE_ASSIGNMENT (( #1884 ) ) ;
#2337 = ORIENTED_EDGE ( 'NONE', *, *, #45, .F. ) ;
#2338 = DIRECTION ( 'NONE',  ( 0.000000000000000000, 1.059690869644413364E-14, -1.000000000000000000 ) ) ;
#2339 = CARTESIAN_POINT ( 'NONE',  ( 1.185729937395793687, -3.012996809067854720, 4.573808457111067760 ) ) ;
#2340 = FACE_OUTER_BOUND ( 'NONE', #3412, .T. ) ;
#2341 = EDGE_CURVE ( 'NONE', #5118, #2271, #650, .T. ) ;
#2342 = EDGE_CURVE ( 'NONE', #716, #2565, #935, .T. ) ;
#2343 = SPHERICAL_SURFACE ( 'NONE', #190, 1.237499999999996936 ) ;
#2344 = CARTESIAN_POINT ( 'NONE',  ( 0.3375000000000029088, -1.066436397168560424, -5.370133928571443782 ) ) ;
#2345 = CARTESIAN_POINT ( 'NONE',  ( -0.3227388460785701740, -5.341805891667439354, -1.201999427807684429 ) ) ;
#2346 = DIRECTION ( 'NONE',  ( 0.000000000000000000, 8.082152514542375808E-16, 1.000000000000000000 ) ) ;
#2347 = DIRECTION ( 'NONE',  ( -1.000000000000000000, -0.000000000000000000, 0.000000000000000000 ) ) ;
#2348 = CARTESIAN_POINT ( 'NONE',  ( -0.3374999999999969691, 4.117454205283324953, -3.608627975754036044 ) ) ;
#2349 = B_SPLINE_CURVE_WITH_KNOTS ( 'NONE', 3,
 ( #3153, #4944, #1420, #576, #2784, #4475 ),
 .UNSPECIFIED., .F., .F.,
 ( 4, 2, 4 ),
 ( 0.006480373043366844180, 0.006820975949056592817, 0.007161578854746341455 ),
 .UNSPECIFIED. ) ;
#2350 = ORIENTED_EDGE ( 'NONE', *, *, #2087, .F. ) ;
#2351 = CIRCLE ( 'NONE', #2458, 5.025000000000001243 ) ;
#2352 = DIRECTION ( 'NONE',  ( -1.000000000000000000, -0.000000000000000000, 0.000000000000000000 ) ) ;
#2353 = DIRECTION ( 'NONE',  ( 1.000000000000000000, 0.000000000000000000, -0.000000000000000000 ) ) ;
#2354 = CARTESIAN_POINT ( 'NONE',  ( 1.216873555469096146, -5.025000000000000355, 2.755315672134857944E-17 ) ) ;
#2355 = EDGE_LOOP ( 'NONE', ( #5156, #595, #3469, #2310, #5603, #375, #4025, #5348, #2337, #4896 ) ) ;
#2356 = CARTESIAN_POINT ( 'NONE',  ( 1.065237977602516040, 5.023407791670516431, 2.182591038188729904 ) ) ;
#2357 = CARTESIAN_POINT ( 'NONE',  ( 0.1139799994183239851, -5.359286213971170554, 1.119676862645889281 ) ) ;
#2358 = ORIENTED_EDGE ( 'NONE', *, *, #1670, .F. ) ;
#2359 = B_SPLINE_CURVE_WITH_KNOTS ( 'NONE', 3,
 ( #3305, #1111, #3712, #2432, #4133, #5480, #1504, #1082, #1562, #993, #2765, #3658, #5421, #1151, #5100, #4665, #2907, #699 ),
 .UNSPECIFIED., .F., .F.,
 ( 4, 2, 2, 2, 2, 2, 2, 2, 4 ),
 ( 0.001883778963244841327, 0.002354457140183676203, 0.002825135317122510863, 0.003295813494061344655, 0.003766491671000179314, 0.004237169847939013974, 0.004707848024877847766, 0.005178526201816682425, 0.005649204378755516218 ),
 .UNSPECIFIED. ) ;
#2360 = EDGE_CURVE ( 'NONE', #1122, #4411, #1819, .T. ) ;
#2361 = SPHERICAL_SURFACE ( 'NONE', #4078, 1.237499999999996936 ) ;
#2362 = CIRCLE ( 'NONE', #907, 5.475000000000002309 ) ;
#2363 = EDGE_CURVE ( 'NONE', #4849, #2194, #104, .T. ) ;
#2364 = VERTEX_POINT ( 'NONE', #323 ) ;
#2365 = EDGE_CURVE ( 'NONE', #2287, #35, #3978, .T. ) ;
#2366 = B_SPLINE_CURVE_WITH_KNOTS ( 'NONE', 3,
 ( #1250, #812, #2546, #3041, #1648, #3011, #1280, #4769, #2574, #4327, #4386, #3071, #3531, #1223, #841, #5300, #2607, #3098 ),
 .UNSPECIFIED., .F., .F.,
 ( 4, 2, 2, 2, 2, 2, 2, 2, 4 ),
 ( 0.005116515914279437180, 0.005542729079264089795, 0.005968942244248742410, 0.006395155409233394157, 0.006821368574218046772, 0.007247581739202699387, 0.007673794904187351135, 0.008100008069172003750, 0.008526221234156656364 ),
 .UNSPECIFIED. ) ;
#2367 = ORIENTED_EDGE ( 'NONE', *, *, #4818, .T. ) ;
#2368 = CARTESIAN_POINT ( 'NONE',  ( 0.6178653494856303219, 1.750740808670891324, 5.187926071696299601 ) ) ;
#2369 = DIRECTION ( 'NONE',  ( 0.000000000000000000, 0.000000000000000000, 1.000000000000000000 ) ) ;
#2370 = CLOSED_SHELL ( 'NONE', ( #3308, #2118, #635, #2522 ) ) ;
#2371 = EDGE_CURVE ( 'NONE', #4985, #2218, #3065, .T. ) ;
#2372 = CARTESIAN_POINT ( 'NONE',  ( -1.194998545979019333, 5.019807796667199895, 0.2587923132737572907 ) ) ;
#2373 = ORIENTED_EDGE ( 'NONE', *, *, #88, .T. ) ;
#2374 = CARTESIAN_POINT ( 'NONE',  ( 0.1577470943594734276, -3.638461172476486816, 3.465865739801205159 ) ) ;
#2375 = CARTESIAN_POINT ( 'NONE',  ( 1.185729937395780809, -5.467532720436217630, -0.3224275496187192225 ) ) ;
#2376 = DIRECTION ( 'NONE',  ( 0.000000000000000000, -8.082152514542375808E-16, 1.000000000000000000 ) ) ;
#2377 = CARTESIAN_POINT ( 'NONE',  ( -1.194953903887343793, 5.019797636930439566, -0.2589674976392145611 ) ) ;
#2378 = B_SPLINE_CURVE_WITH_KNOTS ( 'NONE', 3,
 ( #5168, #5663, #775, #1583, #246, #1698, #331, #2566, #3385, #4270, #2595, #5581, #275, #2094, #3836, #743, #2071, #5604 ),
 .UNSPECIFIED., .F., .F.,
 ( 4, 2, 2, 2, 2, 2, 2, 2, 4 ),
 ( 0.005772523578963803005, 0.006253562060437137769, 0.006734600541910472533, 0.007215639023383806430, 0.007696677504857141194, 0.008177715986330475958, 0.008658754467803810723, 0.009139792949277145487, 0.009620831430750480251 ),
 .UNSPECIFIED. ) ;
#2379 = EDGE_CURVE ( 'NONE', #4392, #2565, #377, .T. ) ;
#2380 = CARTESIAN_POINT ( 'NONE',  ( 0.6073178875565922175, 3.739553136311761339, -3.357056292692491617 ) ) ;
#2381 = AXIS2_PLACEMENT_3D ( 'NONE', #4830, #1734, #4443 ) ;
#2382 = ORIENTED_EDGE ( 'NONE', *, *, #3963, .T. ) ;
#2383 = FACE_OUTER_BOUND ( 'NONE', #2839, .T. ) ;
#2384 = CARTESIAN_POINT ( 'NONE',  ( -1.216873555469089929, -4.351777654016819596, 2.512499999999974420 ) ) ;
#2385 = DIRECTION ( 'NONE',  ( 0.000000000000000000, -0.4999999999999980016, -0.8660254037844397068 ) ) ;
#2386 = ORIENTED_EDGE ( 'NONE', *, *, #347, .F. ) ;
#2387 = FACE_BOUND ( 'NONE', #2430, .T. ) ;
#2388 = VERTEX_POINT ( 'NONE', #5535 ) ;
#2389 = CARTESIAN_POINT ( 'NONE',  ( 0.1139799994183237908, -5.201116438773688344, -1.709974499904628242 ) ) ;
#2390 = CARTESIAN_POINT ( 'NONE',  ( 0.3375000000000029643, 2.624999999999989786, 4.546633369868309238 ) ) ;
#2391 = EDGE_CURVE ( 'NONE', #4591, #2649, #749, .T. ) ;
#2392 = AXIS2_PLACEMENT_3D ( 'NONE', #1552, #2452, #1619 ) ;
#2393 = ORIENTED_EDGE ( 'NONE', *, *, #825, .F. ) ;
#2394 = CIRCLE ( 'NONE', #4426, 1.237499999999997158 ) ;
#2395 = ORIENTED_EDGE ( 'NONE', *, *, #2911, .F. ) ;
#2396 = CARTESIAN_POINT ( 'NONE',  ( 2.951763000829056837E-15, -5.250000000000000000, 0.000000000000000000 ) ) ;
#2397 = CARTESIAN_POINT ( 'NONE',  ( 0.1137298752287592973, -1.526116461788714851, -4.787650106792892934 ) ) ;
#2398 = EDGE_CURVE ( 'NONE', #1613, #3497, #2652, .T. ) ;
#2399 = CARTESIAN_POINT ( 'NONE',  ( -0.6073178875565879986, 3.357056292692582655, -3.739553136311681403 ) ) ;
#2400 = AXIS2_PLACEMENT_3D ( 'NONE', #2768, #1863, #588 ) ;
#2401 = AXIS2_PLACEMENT_3D ( 'NONE', #3510, #4423, #466 ) ;
#2402 = CIRCLE ( 'NONE', #3624, 1.073181601594058732 ) ;
#2403 = DIRECTION ( 'NONE',  ( 0.000000000000000000, 1.047444401652940322E-14, -1.000000000000000000 ) ) ;
#2404 = CYLINDRICAL_SURFACE ( 'NONE', #2307, 5.475000000000000533 ) ;
#2405 = ORIENTED_EDGE ( 'NONE', *, *, #4785, .T. ) ;
#2406 = CARTESIAN_POINT ( 'NONE',  ( -0.3164496935152073531, -3.660008334471420710, 3.443614407752260576 ) ) ;
#2407 = DIRECTION ( 'NONE',  ( 1.000000000000000000, 0.000000000000000000, 0.000000000000000000 ) ) ;
#2408 = CARTESIAN_POINT ( 'NONE',  ( 1.216873555469096368, -5.025000000000000355, -0.1570542639227870130 ) ) ;
#2409 = CARTESIAN_POINT ( 'NONE',  ( -0.6823206492073101703, 5.402651254950118442, 0.8932665989558601360 ) ) ;
#2410 = ADVANCED_FACE ( 'NONE', ( #673 ), #2081, .F. ) ;
#2411 = CARTESIAN_POINT ( 'NONE',  ( -1.216873555469089929, 5.025000000000000355, -0.1287476580443140672 ) ) ;
#2412 = AXIS2_PLACEMENT_3D ( 'NONE', #2197, #969, #4456 ) ;
#2413 = ADVANCED_FACE ( 'NONE', ( #791 ), #5618, .T. ) ;
#2414 = AXIS2_PLACEMENT_3D ( 'NONE', #3034, #5233, #1270 ) ;
#2415 = AXIS2_PLACEMENT_3D ( 'NONE', #2654, #3179, #3015 ) ;
#2416 = CARTESIAN_POINT ( 'NONE',  ( -1.184161683711920654, 4.187225725368504570, -2.781828220606354929 ) ) ;
#2417 = AXIS2_PLACEMENT_3D ( 'NONE', #2787, #694, #2456 ) ;
#2418 = AXIS2_PLACEMENT_3D ( 'NONE', #64, #4455, #493 ) ;
#2419 = ORIENTED_EDGE ( 'NONE', *, *, #2987, .F. ) ;
#2420 = FACE_OUTER_BOUND ( 'NONE', #2237, .T. ) ;
#2421 = DIRECTION ( 'NONE',  ( 0.000000000000000000, 0.000000000000000000, -1.000000000000000000 ) ) ;
#2422 = DIRECTION ( 'NONE',  ( 0.000000000000000000, 0.000000000000000000, -1.000000000000000000 ) ) ;
#2423 = VERTEX_POINT ( 'NONE', #3309 ) ;
#2424 = DIRECTION ( 'NONE',  ( 0.000000000000000000, 0.8660254037844399289, -0.4999999999999978906 ) ) ;
#2425 = CARTESIAN_POINT ( 'NONE',  ( 1.237499999999999822, -4.546633369868282593, -2.625000000000037303 ) ) ;
#2426 = ORIENTED_EDGE ( 'NONE', *, *, #1266, .F. ) ;
#2427 = CARTESIAN_POINT ( 'NONE',  ( 0.3375000000000029088, 1.066436397168672778, -5.370133928571421578 ) ) ;
#2428 = DIRECTION ( 'NONE',  ( -1.000000000000000000, -0.000000000000000000, 0.000000000000000000 ) ) ;
#2429 = ORIENTED_EDGE ( 'NONE', *, *, #3998, .F. ) ;
#2430 = EDGE_LOOP ( 'NONE', ( #4549, #1895, #584, #309 ) ) ;
#2431 = CARTESIAN_POINT ( 'NONE',  ( 2.951763000829056837E-15, -4.546633369868319008, 2.624999999999973799 ) ) ;
#2432 = CARTESIAN_POINT ( 'NONE',  ( 1.060068109014966398, -4.624251323185541551, -1.971817333347618773 ) ) ;
#2433 = CARTESIAN_POINT ( 'NONE',  ( 0.1604339755935524914, 3.465615128512632648, -3.638699879211130028 ) ) ;
#2434 = CARTESIAN_POINT ( 'NONE',  ( 1.216873555469063950, -2.598251301820870385, -4.821884359097818873 ) ) ;
#2435 = B_SPLINE_CURVE_WITH_KNOTS ( 'NONE', 3,
 ( #2086, #3747, #5516, #3378, #1121, #3350, #4176, #1540, #738, #240, #1572, #2940, #2471, #2034, #5078, #215, #2889, #2997 ),
 .UNSPECIFIED., .F., .F.,
 ( 4, 2, 2, 2, 2, 2, 2, 2, 4 ),
 ( 0.005772523578963804740, 0.006253562060437139504, 0.006734600541910474268, 0.007215639023383808165, 0.007696677504857142929, 0.008177715986330477693, 0.008658754467803810723, 0.009139792949277147222, 0.009620831430750480251 ),
 .UNSPECIFIED. ) ;
#2436 = CARTESIAN_POINT ( 'NONE',  ( -1.216873555469091928, 4.431302689732384614, 2.374758597666887017 ) ) ;
#2437 = VERTEX_POINT ( 'NONE', #4198 ) ;
#2438 = DIRECTION ( 'NONE',  ( 1.000000000000000000, 0.000000000000000000, -0.000000000000000000 ) ) ;
#2439 = CARTESIAN_POINT ( 'NONE',  ( -0.6073178872976418008, -4.917076161162505343, -1.037519463398131059 ) ) ;
#2440 = CARTESIAN_POINT ( 'NONE',  ( 0.3375000000000029643, -2.624999999999958256, -4.546633369868327001 ) ) ;
#2441 = CARTESIAN_POINT ( 'NONE',  ( 1.216873555469096146, 2.512500000000050360, -4.351777654016775188 ) ) ;
#2442 = B_SPLINE_CURVE_WITH_KNOTS ( 'NONE', 3,
 ( #683, #3812, #715, #1187, #5579, #5117 ),
 .UNSPECIFIED., .F., .F.,
 ( 4, 2, 4 ),
 ( 0.006630243725177050428, 0.006971267376520925291, 0.007312291027864800154 ),
 .UNSPECIFIED. ) ;
#2443 = DIRECTION ( 'NONE',  ( 0.000000000000000000, 0.000000000000000000, -1.000000000000000000 ) ) ;
#2444 = EDGE_CURVE ( 'NONE', #4767, #2276, #3415, .T. ) ;
#2445 = EDGE_CURVE ( 'NONE', #1122, #5290, #4156, .T. ) ;
#2446 = CARTESIAN_POINT ( 'NONE',  ( 1.124999999999998224, 5.499083108677935350E-14, -5.250000000000000000 ) ) ;
#2447 = ORIENTED_EDGE ( 'NONE', *, *, #407, .F. ) ;
#2448 = DIRECTION ( 'NONE',  ( -1.000000000000000000, -0.000000000000000000, 0.000000000000000000 ) ) ;
#2449 = PLANE ( 'NONE',  #2039 ) ;
#2450 = DIRECTION ( 'NONE',  ( 1.000000000000000000, 0.000000000000000000, -0.000000000000000000 ) ) ;
#2451 = ORIENTED_EDGE ( 'NONE', *, *, #722, .T. ) ;
#2452 = DIRECTION ( 'NONE',  ( 0.000000000000000000, -0.5000000000000072164, 0.8660254037844344888 ) ) ;
#2453 = DIRECTION ( 'NONE',  ( 0.000000000000000000, 1.224646799147353947E-16, -1.000000000000000000 ) ) ;
#2454 = UNCERTAINTY_MEASURE_WITH_UNIT (LENGTH_MEASURE( 1.000000000000000082E-05 ), #637, 'distance_accuracy_value', 'NONE');
#2455 = ORIENTED_EDGE ( 'NONE', *, *, #3505, .F. ) ;
#2456 = DIRECTION ( 'NONE',  ( 0.000000000000000000, 0.000000000000000000, -1.000000000000000000 ) ) ;
#2457 = DIRECTION ( 'NONE',  ( -1.000000000000000000, -0.000000000000000000, 0.000000000000000000 ) ) ;
#2458 = AXIS2_PLACEMENT_3D ( 'NONE', #884, #4334, #1339 ) ;
#2459 = EDGE_CURVE ( 'NONE', #5114, #394, #171, .T. ) ;
#2460 = ORIENTED_EDGE ( 'NONE', *, *, #3070, .F. ) ;
#2461 = CIRCLE ( 'NONE', #336, 1.073181601594058732 ) ;
#2462 = ORIENTED_EDGE ( 'NONE', *, *, #2391, .T. ) ;
#2463 = AXIS2_PLACEMENT_3D ( 'NONE', #3239, #4999, #2811 ) ;
#2464 = AXIS2_PLACEMENT_3D ( 'NONE', #2189, #3183, #5303 ) ;
#2465 = PRESENTATION_STYLE_ASSIGNMENT (( #2061 ) ) ;
#2466 = DIRECTION ( 'NONE',  ( 0.000000000000000000, -0.4999999999999981126, -0.8660254037844398178 ) ) ;
#2467 = ORIENTED_EDGE ( 'NONE', *, *, #4977, .T. ) ;
#2468 = DIRECTION ( 'NONE',  ( 0.000000000000000000, 0.000000000000000000, -1.000000000000000000 ) ) ;
#2469 = FACE_OUTER_BOUND ( 'NONE', #2924, .T. ) ;
#2470 = CYLINDRICAL_SURFACE ( 'NONE', #2884, 7.500000000000000000 ) ;
#2471 = CARTESIAN_POINT ( 'NONE',  ( 0.7539527812222512893, -4.172780948423676861, 3.546387310454996555 ) ) ;
#2472 = DIRECTION ( 'NONE',  ( -1.000000000000000000, -0.000000000000000000, 0.000000000000000000 ) ) ;
#2473 = AXIS2_PLACEMENT_3D ( 'NONE', #5053, #4239, #2422 ) ;
#2474 = CIRCLE ( 'NONE', #5709, 1.073181601594058732 ) ;
#2475 = CARTESIAN_POINT ( 'NONE',  ( -1.216873555469057511, -5.474999999999993427, 0.1607905467559958557 ) ) ;
#2476 = DIRECTION ( 'NONE',  ( 0.000000000000000000, 0.8660254037844344888, 0.5000000000000071054 ) ) ;
#2477 = ORIENTED_EDGE ( 'NONE', *, *, #3609, .T. ) ;
#2478 = CARTESIAN_POINT ( 'NONE',  ( 0.3145222742811213945, -1.447436274275153867, 4.812380947208451332 ) ) ;
#2479 = CARTESIAN_POINT ( 'NONE',  ( -0.1561588338129547004, -4.820739249744117494, 1.418131903940994532 ) ) ;
#2480 = CARTESIAN_POINT ( 'NONE',  ( 1.184200262958152949, -2.782020603964362238, -4.187119299164368869 ) ) ;
#2481 = VERTEX_POINT ( 'NONE', #345 ) ;
#2482 = CARTESIAN_POINT ( 'NONE',  ( -0.6188283613273911632, -4.110516372475624181, -3.617091090961465749 ) ) ;
#2483 = EDGE_CURVE ( 'NONE', #4521, #4106, #5459, .T. ) ;
#2484 = EDGE_LOOP ( 'NONE', ( #3683, #3269, #1754, #3778 ) ) ;
#2485 = FILL_AREA_STYLE ('',( #4740 ) ) ;
#2486 = CARTESIAN_POINT ( 'NONE',  ( 0.3375000000000044631, 0.000000000000000000, 0.000000000000000000 ) ) ;
#2487 = DIRECTION ( 'NONE',  ( 1.000000000000000000, 0.000000000000000000, -0.000000000000000000 ) ) ;
#2488 = EDGE_CURVE ( 'NONE', #5334, #4937, #1212, .T. ) ;
#2489 = ORIENTED_EDGE ( 'NONE', *, *, #230, .T. ) ;
#2490 = ORIENTED_EDGE ( 'NONE', *, *, #1087, .F. ) ;
#2491 = CIRCLE ( 'NONE', #3237, 1.237499999999996492 ) ;
#2492 = CYLINDRICAL_SURFACE ( 'NONE', #1574, 5.025000000000000355 ) ;
#2493 = CIRCLE ( 'NONE', #4715, 1.237499999999997158 ) ;
#2494 = CARTESIAN_POINT ( 'NONE',  ( -0.3374999999999975242, 0.000000000000000000, 0.000000000000000000 ) ) ;
#2495 = ORIENTED_EDGE ( 'NONE', *, *, #1923, .F. ) ;
#2496 = DIRECTION ( 'NONE',  ( -1.000000000000000000, -0.000000000000000000, 0.000000000000000000 ) ) ;
#2497 = CARTESIAN_POINT ( 'NONE',  ( 3.103313042223541504E-15, 0.000000000000000000, -4.012500000000002842 ) ) ;
#2498 = SURFACE_STYLE_USAGE ( .BOTH. , #3854 ) ;
#2499 = DIRECTION ( 'NONE',  ( 0.000000000000000000, 0.000000000000000000, -1.000000000000000000 ) ) ;
#2500 = DIRECTION ( 'NONE',  ( 0.000000000000000000, 0.000000000000000000, 1.000000000000000000 ) ) ;
#2501 = AXIS2_PLACEMENT_3D ( 'NONE', #1373, #3138, #501 ) ;
#2502 = AXIS2_PLACEMENT_3D ( 'NONE', #5013, #1053, #4602 ) ;
#2503 = CIRCLE ( 'NONE', #4066, 0.1999999999999987899 ) ;
#2504 = CARTESIAN_POINT ( 'NONE',  ( -0.7521123038540215022, -5.386637404762089076, 0.9865916369730146629 ) ) ;
#2505 = MECHANICAL_DESIGN_GEOMETRIC_PRESENTATION_REPRESENTATION (  '', ( #2972 ), #290 ) ;
#2506 = CARTESIAN_POINT ( 'NONE',  ( 1.216873555469097479, -4.822257274929796722, -2.597605392652957423 ) ) ;
#2507 = ORIENTED_EDGE ( 'NONE', *, *, #3825, .T. ) ;
#2508 = AXIS2_PLACEMENT_3D ( 'NONE', #5280, #2673, #3085 ) ;
#2509 =( GEOMETRIC_REPRESENTATION_CONTEXT ( 3 ) GLOBAL_UNCERTAINTY_ASSIGNED_CONTEXT ( ( #1523 ) ) GLOBAL_UNIT_ASSIGNED_CONTEXT ( ( #5265, #4499, #4067 ) ) REPRESENTATION_CONTEXT ( 'NONE', 'WORKASPACE' ) );
#2510 = CARTESIAN_POINT ( 'NONE',  ( 0.7413020568632584517, -1.642381454461522283, 4.750304665213715971 ) ) ;
#2511 = DIRECTION ( 'NONE',  ( 0.000000000000000000, -0.8660254037844382635, -0.5000000000000007772 ) ) ;
#2512 = ORIENTED_EDGE ( 'NONE', *, *, #1185, .F. ) ;
#2513 = ORIENTED_EDGE ( 'NONE', *, *, #4759, .T. ) ;
#2514 = DIRECTION ( 'NONE',  ( 1.000000000000000000, 0.000000000000000000, -0.000000000000000000 ) ) ;
#2515 = PRODUCT_CONTEXT ( 'NONE', #3785, 'mechanical' ) ;
#2516 = AXIS2_PLACEMENT_3D ( 'NONE', #4079, #5714, #3186 ) ;
#2517 = AXIS2_PLACEMENT_3D ( 'NONE', #4753, #3401, #4725 ) ;
#2518 = VERTEX_POINT ( 'NONE', #2554 ) ;
#2519 = CARTESIAN_POINT ( 'NONE',  ( -0.1161341008344224657, 1.119593104928731542, 5.359303712898454641 ) ) ;
#2520 = CARTESIAN_POINT ( 'NONE',  ( -19.92709219242683361, 0.000000000000000000, 0.000000000000000000 ) ) ;
#2521 = EDGE_LOOP ( 'NONE', ( #1785, #4560, #3391, #1621 ) ) ;
#2522 = ADVANCED_FACE ( 'NONE', ( #5225 ), #3047, .F. ) ;
#2523 = ADVANCED_FACE ( 'NONE', ( #3874 ), #5250, .F. ) ;
#2524 = CYLINDRICAL_SURFACE ( 'NONE', #2261, 5.475000000000000533 ) ;
#2525 = ADVANCED_FACE ( 'NONE', ( #2581 ), #3909, .T. ) ;
#2526 = CARTESIAN_POINT ( 'NONE',  ( -0.3164798858117122138, 4.812211386141419744, 1.447998357152495474 ) ) ;
#2527 = VERTEX_POINT ( 'NONE', #1688 ) ;
#2528 = DIRECTION ( 'NONE',  ( 0.000000000000000000, 0.000000000000000000, -1.000000000000000000 ) ) ;
#2529 = CARTESIAN_POINT ( 'NONE',  ( -0.3374999999999969691, 5.183890602451892704, 1.761505952817348231 ) ) ;
#2530 = DIRECTION ( 'NONE',  ( 1.000000000000000000, 0.000000000000000000, -0.000000000000000000 ) ) ;
#2531 = EDGE_CURVE ( 'NONE', #1501, #4632, #2229, .T. ) ;
#2532 = DIRECTION ( 'NONE',  ( 0.000000000000000000, 0.000000000000000000, -1.000000000000000000 ) ) ;
#2533 = DIRECTION ( 'NONE',  ( -1.000000000000000000, -0.000000000000000000, 0.000000000000000000 ) ) ;
#2534 = DIRECTION ( 'NONE',  ( 0.000000000000000000, 0.5000000000000103251, -0.8660254037844327124 ) ) ;
#2535 = EDGE_CURVE ( 'NONE', #4064, #2715, #2791, .T. ) ;
#2536 = CARTESIAN_POINT ( 'NONE',  ( 0.1603182285372222460, -5.236684552382530278, -1.597735866490235468 ) ) ;
#2537 = VERTEX_POINT ( 'NONE', #885 ) ;
#2538 = CARTESIAN_POINT ( 'NONE',  ( -3.499999999999999556, 0.000000000000000000, 0.000000000000000000 ) ) ;
#2539 = FACE_BOUND ( 'NONE', #3541, .T. ) ;
#2540 = ORIENTED_EDGE ( 'NONE', *, *, #2902, .T. ) ;
#2541 = ORIENTED_EDGE ( 'NONE', *, *, #4785, .F. ) ;
#2542 = CARTESIAN_POINT ( 'NONE',  ( 0.3375000000000029643, 5.025000000000001243, 0.000000000000000000 ) ) ;
#2543 = CIRCLE ( 'NONE', #44, 1.073181601594058732 ) ;
#2544 = VERTEX_POINT ( 'NONE', #4394 ) ;
#2545 = SPHERICAL_SURFACE ( 'NONE', #3250, 1.124999999999995115 ) ;
#2546 = CARTESIAN_POINT ( 'NONE',  ( -1.072710203640914184, 5.018575783695686354, -0.2859250200170400658 ) ) ;
#2547 = FACE_OUTER_BOUND ( 'NONE', #2602, .T. ) ;
#2548 = ORIENTED_EDGE ( 'NONE', *, *, #4215, .T. ) ;
#2549 = STYLED_ITEM ( 'NONE', ( #2465 ), #795 ) ;
#2550 = CARTESIAN_POINT ( 'NONE',  ( -1.216873555469091261, -2.737499999999956302, -4.741489085719827301 ) ) ;
#2551 = EDGE_CURVE ( 'NONE', #1909, #314, #3003, .T. ) ;
#2552 = ADVANCED_FACE ( 'NONE', ( #2275, #3632 ), #61, .F. ) ;
#2553 = CARTESIAN_POINT ( 'NONE',  ( -0.9766093576085621564, -2.055978850831108762, -5.075628505799329560 ) ) ;
#2554 = CARTESIAN_POINT ( 'NONE',  ( -1.216873555469091261, 5.746431636306483306E-14, -5.475000000000001421 ) ) ;
#2555 = VERTEX_POINT ( 'NONE', #2246 ) ;
#2556 = CARTESIAN_POINT ( 'NONE',  ( 0.3375000000000029088, -4.117454205283300972, 3.608627975754064909 ) ) ;
#2557 = CARTESIAN_POINT ( 'NONE',  ( 2.951763000829056837E-15, -2.624999999999958256, -4.546633369868327001 ) ) ;
#2558 = AXIS2_PLACEMENT_3D ( 'NONE', #3901, #3929, #3012 ) ;
#2559 = CARTESIAN_POINT ( 'NONE',  ( -1.124999999999992006, 2.624999999999989786, 4.546633369868309238 ) ) ;
#2560 = CARTESIAN_POINT ( 'NONE',  ( 0.1578090310811195163, 4.820680050771487757, -1.418333126981319303 ) ) ;
#2561 = DIRECTION ( 'NONE',  ( -0.000000000000000000, -0.4999999999999887867, -0.8660254037844451469 ) ) ;
#2562 = ADVANCED_FACE ( 'NONE', ( #522 ), #4218, .F. ) ;
#2563 = FACE_OUTER_BOUND ( 'NONE', #2862, .T. ) ;
#2564 = DIRECTION ( 'NONE',  ( -1.000000000000000000, -0.000000000000000000, 0.000000000000000000 ) ) ;
#2565 = VERTEX_POINT ( 'NONE', #2018 ) ;
#2566 = CARTESIAN_POINT ( 'NONE',  ( -0.3237003905340471999, 3.711580936677691955, 4.025397093648594549 ) ) ;
#2567 = DIRECTION ( 'NONE',  ( 1.000000000000000000, 0.000000000000000000, -0.000000000000000000 ) ) ;
#2568 = AXIS2_PLACEMENT_3D ( 'NONE', #1238, #2068, #2999 ) ;
#2569 = ORIENTED_EDGE ( 'NONE', *, *, #122, .T. ) ;
#2570 = VERTEX_POINT ( 'NONE', #4921 ) ;
#2571 = CARTESIAN_POINT ( 'NONE',  ( -0.3374999999999969691, 5.499083108677935350E-14, -5.250000000000000000 ) ) ;
#2572 = EDGE_CURVE ( 'NONE', #3422, #1528, #2968, .T. ) ;
#2573 = ORIENTED_EDGE ( 'NONE', *, *, #1148, .T. ) ;
#2574 = CARTESIAN_POINT ( 'NONE',  ( -0.1428153569376737209, 4.909251209423206141, -1.072323453608946542 ) ) ;
#2575 = DIRECTION ( 'NONE',  ( 1.000000000000000000, 0.000000000000000000, 0.000000000000000000 ) ) ;
#2576 = DIRECTION ( 'NONE',  ( 0.000000000000000000, 1.000000000000000000, 0.000000000000000000 ) ) ;
#2577 = CARTESIAN_POINT ( 'NONE',  ( 0.3375000000000029643, 5.025000000000001243, 0.000000000000000000 ) ) ;
#2578 = ORIENTED_EDGE ( 'NONE', *, *, #786, .T. ) ;
#2579 = B_SPLINE_CURVE_WITH_KNOTS ( 'NONE', 3,
 ( #5080, #1125, #2892, #682, #1004, #5543, #566, #2158, #2603, #5634, #3924, #2126, #4766, #5263, #3496, #5693, #5667, #3443 ),
 .UNSPECIFIED., .F., .F.,
 ( 4, 2, 2, 2, 2, 2, 2, 2, 4 ),
 ( 0.001883778965698460449, 0.002354457143249124706, 0.002825135320799788963, 0.003295813498350453220, 0.003766491675901117910, 0.004237169853451782167, 0.004707848031002445990, 0.005178526208553109814, 0.005649204386103774504 ),
 .UNSPECIFIED. ) ;
#2580 = B_SPLINE_CURVE_WITH_KNOTS ( 'NONE', 3,
 ( #5594, #1606, #1179, #1630, #2964, #793 ),
 .UNSPECIFIED., .F., .F.,
 ( 4, 2, 4 ),
 ( 0.006480373050224366542, 0.006820975956596188501, 0.007161578862968010460 ),
 .UNSPECIFIED. ) ;
#2581 = FACE_OUTER_BOUND ( 'NONE', #1742, .T. ) ;
#2582 = VERTEX_POINT ( 'NONE', #1425 ) ;
#2583 = ADVANCED_FACE ( 'NONE', ( #547 ), #3154, .F. ) ;
#2584 = CARTESIAN_POINT ( 'NONE',  ( -0.3374999999999970246, -3.344476566048462551, -3.750346850512987995 ) ) ;
#2585 = CARTESIAN_POINT ( 'NONE',  ( 2.951763000829056837E-15, -2.625000000000021760, 4.546633369868291474 ) ) ;
#2586 = CARTESIAN_POINT ( 'NONE',  ( -3.499999999999999556, -3.673940397442062333E-16, 3.000000000000002220 ) ) ;
#2587 = DIRECTION ( 'NONE',  ( 1.000000000000000000, 0.000000000000000000, -0.000000000000000000 ) ) ;
#2588 = CARTESIAN_POINT ( 'NONE',  ( -1.216873555469091261, 4.822257274929850013, -2.597605392652857503 ) ) ;
#2589 = CIRCLE ( 'NONE', #4888, 5.999999999999998224 ) ;
#2590 = CARTESIAN_POINT ( 'NONE',  ( -3.499999999999999556, 0.000000000000000000, -3.000000000000002220 ) ) ;
#2591 = CARTESIAN_POINT ( 'NONE',  ( -0.3237003905340476995, -3.711580936677664422, -4.025397093648620306 ) ) ;
#2592 = ORIENTED_EDGE ( 'NONE', *, *, #3527, .F. ) ;
#2593 = ADVANCED_FACE ( 'NONE', ( #4018 ), #2794, .T. ) ;
#2594 = EDGE_CURVE ( 'NONE', #774, #1642, #2303, .T. ) ;
#2595 = CARTESIAN_POINT ( 'NONE',  ( 0.3227388460788916391, 3.711864985649455662, 4.025139890365616147 ) ) ;
#2597 = TOROIDAL_SURFACE ( 'NONE', #4895, 5.250000000000000000, 1.237499999999997158 ) ;
#2596 = B_SPLINE_CURVE_WITH_KNOTS ( 'NONE', 3,
 ( #4008, #451, #2209, #1787, #3557, #1358 ),
 .UNSPECIFIED., .F., .F.,
 ( 4, 2, 4 ),
 ( 0.003069521843240039828, 0.003410565456215181035, 0.003751609069190321808 ),
 .UNSPECIFIED. ) ;
#2598 = CARTESIAN_POINT ( 'NONE',  ( 1.065679434814409410, -0.6205631166707682445, 5.441787282991783492 ) ) ;
#2599 = AXIS2_PLACEMENT_3D ( 'NONE', #2396, #177, #5400 ) ;
#2600 = VERTEX_POINT ( 'NONE', #966 ) ;
#2601 = AXIS2_PLACEMENT_3D ( 'NONE', #1297, #745, #2511 ) ;
#2602 = EDGE_LOOP ( 'NONE', ( #126, #4356 ) ) ;
#2603 = CARTESIAN_POINT ( 'NONE',  ( -0.1561588338134613507, 1.182231370141784144, -4.883948607269682718 ) ) ;
#2604 = VERTEX_POINT ( 'NONE', #125 ) ;
#2605 = CIRCLE ( 'NONE', #852, 5.999999999999998224 ) ;
#2606 = FILL_AREA_STYLE_COLOUR ( '', #2612 ) ;
#2607 = CARTESIAN_POINT ( 'NONE',  ( 1.102270384252428626, 5.025000000000000355, -0.1422273499508989736 ) ) ;
#2608 = CARTESIAN_POINT ( 'NONE',  ( 1.216873555469096368, 4.273250522075078273, 2.648512982295731177 ) ) ;
#2609 = DIRECTION ( 'NONE',  ( 1.000000000000000000, 0.000000000000000000, 0.000000000000000000 ) ) ;
#2610 = CARTESIAN_POINT ( 'NONE',  ( -0.3374999999999969691, 4.117454205283324953, -3.608627975754036044 ) ) ;
#2611 = AXIS2_PLACEMENT_3D ( 'NONE', #128, #3253, #3224 ) ;
#2612 = COLOUR_RGB ( '',1.000000000000000000, 1.000000000000000000, 1.000000000000000000 ) ;
#2613 = ORIENTED_EDGE ( 'NONE', *, *, #2371, .F. ) ;
#2614 = CIRCLE ( 'NONE', #760, 1.237499999999996492 ) ;
#2615 = AXIS2_PLACEMENT_3D ( 'NONE', #3597, #4052, #3168 ) ;
#2616 = DIRECTION ( 'NONE',  ( 0.000000000000000000, 0.000000000000000000, -1.000000000000000000 ) ) ;
#2617 = ORIENTED_EDGE ( 'NONE', *, *, #4833, .T. ) ;
#2618 = CARTESIAN_POINT ( 'NONE',  ( -1.216873555470451507, 2.737500000000079314, -4.741489085720121288 ) ) ;
#2619 = FACE_OUTER_BOUND ( 'NONE', #4145, .T. ) ;
#2620 = FACE_OUTER_BOUND ( 'NONE', #4806, .T. ) ;
#2621 = DIRECTION ( 'NONE',  ( 0.000000000000000000, 0.000000000000000000, -1.000000000000000000 ) ) ;
#2622 = CARTESIAN_POINT ( 'NONE',  ( -0.2284057895222785795, -3.727378938405009112, 3.370231758269517375 ) ) ;
#2623 = CARTESIAN_POINT ( 'NONE',  ( -3.499999999999999556, 0.000000000000000000, -4.500000000000002665 ) ) ;
#2624 = MANIFOLD_SOLID_BREP ( '<GB╱T 276-2013[一面带密封圈（非接触式）的深沟球轴承[60000-RZ]619／6-RZ]>-<切除-旋转1[9]>', #1543 ) ;
#2625 = DIRECTION ( 'NONE',  ( 0.000000000000000000, 0.000000000000000000, -1.000000000000000000 ) ) ;
#2626 = EDGE_LOOP ( 'NONE', ( #2870, #2717, #4517, #1772, #3105, #5175 ) ) ;
#2627 = DIRECTION ( 'NONE',  ( 1.000000000000000000, 0.000000000000000000, -0.000000000000000000 ) ) ;
#2628 = DIRECTION ( 'NONE',  ( 0.000000000000000000, -0.8660254037844345998, -0.5000000000000071054 ) ) ;
#2629 = CARTESIAN_POINT ( 'NONE',  ( 0.3375000000000029643, 5.250000000000000000, 0.000000000000000000 ) ) ;
#2630 = ORIENTED_EDGE ( 'NONE', *, *, #2733, .T. ) ;
#2631 = EDGE_CURVE ( 'NONE', #3136, #4130, #3702, .T. ) ;
#2632 = EDGE_CURVE ( 'NONE', #3661, #2527, #756, .T. ) ;
#2633 = AXIS2_PLACEMENT_3D ( 'NONE', #3776, #1065, #2443 ) ;
#2634 = ORIENTED_EDGE ( 'NONE', *, *, #648, .T. ) ;
#2635 = DIRECTION ( 'NONE',  ( 1.000000000000000000, 0.000000000000000000, -0.000000000000000000 ) ) ;
#2636 = DIRECTION ( 'NONE',  ( 0.000000000000000000, 0.000000000000000000, -1.000000000000000000 ) ) ;
#2637 = CARTESIAN_POINT ( 'NONE',  ( -0.3374999999999975242, 0.000000000000000000, 0.000000000000000000 ) ) ;
#2638 = CARTESIAN_POINT ( 'NONE',  ( 0.3375000000000029643, -2.624999999999958256, -4.546633369868327001 ) ) ;
#2639 = ORIENTED_EDGE ( 'NONE', *, *, #4918, .F. ) ;
#2640 = CARTESIAN_POINT ( 'NONE',  ( -0.2290589410534136228, -4.913162717639150578, 1.054814556310232909 ) ) ;
#2641 = ORIENTED_EDGE ( 'NONE', *, *, #972, .T. ) ;
#2642 = CARTESIAN_POINT ( 'NONE',  ( 0.7525402123772512164, 1.839374689528600504, -5.158076629468499874 ) ) ;
#2643 = CARTESIAN_POINT ( 'NONE',  ( 0.1577470943594732333, 3.465865739801218481, 3.638461172476475269 ) ) ;
#2644 = SPHERICAL_SURFACE ( 'NONE', #1402, 1.237499999999996936 ) ;
#2645 = ORIENTED_EDGE ( 'NONE', *, *, #1497, .F. ) ;
#2646 = FACE_OUTER_BOUND ( 'NONE', #5264, .T. ) ;
#2647 = MANIFOLD_SOLID_BREP ( '<GB╱T 276-2013[一面带密封圈（非接触式）的深沟球轴承[60000-RZ]619／6-RZ]>-<切除-旋转1[6]>', #2370 ) ;
#2648 = CARTESIAN_POINT ( 'NONE',  ( -0.3374999999999969691, -4.117454205283299196, 3.608627975754064021 ) ) ;
#2649 = VERTEX_POINT ( 'NONE', #3448 ) ;
#2650 = CARTESIAN_POINT ( 'NONE',  ( -0.9843303561304962424, 0.000000000000000000, 0.000000000000000000 ) ) ;
#2651 = CARTESIAN_POINT ( 'NONE',  ( -1.216873555469089929, -2.512499999999959766, -4.351777654016826702 ) ) ;
#2652 = B_SPLINE_CURVE_WITH_KNOTS ( 'NONE', 3,
 ( #3826, #3769, #5592, #764, #1627, #1154, #211, #1653, #4640, #2909, #2526, #235, #1604, #5159, #2962, #3344, #2436, #2936 ),
 .UNSPECIFIED., .F., .F.,
 ( 4, 2, 2, 2, 2, 2, 2, 2, 4 ),
 ( 0.001883778963244842194, 0.002354457140183677070, 0.002825135317122511730, 0.003295813494061346390, 0.003766491671000181049, 0.004237169847939014841, 0.004707848024877849501, 0.005178526201816683293, 0.005649204378755517952 ),
 .UNSPECIFIED. ) ;
#2653 = DIRECTION ( 'NONE',  ( 0.000000000000000000, 0.000000000000000000, 1.000000000000000000 ) ) ;
#2654 = CARTESIAN_POINT ( 'NONE',  ( -2.299999999999997602, 0.000000000000000000, 0.000000000000000000 ) ) ;
#2655 = ORIENTED_EDGE ( 'NONE', *, *, #905, .F. ) ;
#2656 = CARTESIAN_POINT ( 'NONE',  ( -1.066052540301009488, -0.6196405686378151367, -5.441867247507238936 ) ) ;
#2657 = ADVANCED_FACE ( 'NONE', ( #1172 ), #2545, .T. ) ;
#2658 = DIRECTION ( 'NONE',  ( -0.000000000000000000, 1.224646799147353207E-16, -1.000000000000000000 ) ) ;
#2659 = ORIENTED_EDGE ( 'NONE', *, *, #827, .F. ) ;
#2660 = ADVANCED_BREP_SHAPE_REPRESENTATION ( '镜向GB╱T 276-2013[一面带密封圈（非接触式）的深沟球轴承[60000-RZ]619／6-RZ]', ( #768, #795, #2668, #2647, #4650, #823, #2624, #4594, #708, #872, #2697, #736, #2690, #850, #3847 ), #1533 ) ;
#2661 = DIRECTION ( 'NONE',  ( 0.000000000000000000, -0.5000000000000072164, 0.8660254037844344888 ) ) ;
#2662 = DIRECTION ( 'NONE',  ( 0.000000000000000000, 0.000000000000000000, -1.000000000000000000 ) ) ;
#2663 = CARTESIAN_POINT ( 'NONE',  ( -2.500000000000001332, -5.388445916248357957E-16, 4.300000000000002487 ) ) ;
#2664 = VECTOR ( 'NONE', #2533, 1000.000000000000000 ) ;
#2665 = ORIENTED_EDGE ( 'NONE', *, *, #3735, .T. ) ;
#2666 = EDGE_CURVE ( 'NONE', #837, #3700, #2667, .T. ) ;
#2667 = B_SPLINE_CURVE_WITH_KNOTS ( 'NONE', 3,
 ( #2053, #2102, #3866, #1674, #5670, #1249 ),
 .UNSPECIFIED., .F., .F.,
 ( 4, 2, 4 ),
 ( 0.001924500009535643971, 0.002716386558474281898, 0.003508273107412919391 ),
 .UNSPECIFIED. ) ;
#2668 = MANIFOLD_SOLID_BREP ( '<GB╱T 276-2013[一面带密封圈（非接触式）的深沟球轴承[60000-RZ]619／6-RZ]>-<切除-旋转1[5]>', #5615 ) ;
#2669 = CARTESIAN_POINT ( 'NONE',  ( -1.066052540301009710, 0.6196405686378521072, 5.441867247507232719 ) ) ;
#2670 = EDGE_LOOP ( 'NONE', ( #5043, #4251 ) ) ;
#2671 = SPHERICAL_SURFACE ( 'NONE', #2401, 1.124999999999995115 ) ;
#2672 = FACE_OUTER_BOUND ( 'NONE', #3465, .T. ) ;
#2673 = DIRECTION ( 'NONE',  ( -1.000000000000000000, -0.000000000000000000, -0.000000000000000000 ) ) ;
#2674 = EDGE_LOOP ( 'NONE', ( #1700, #980 ) ) ;
#2675 = DIRECTION ( 'NONE',  ( 0.000000000000000000, 0.000000000000000000, -1.000000000000000000 ) ) ;
#2676 = DIRECTION ( 'NONE',  ( 0.000000000000000000, 0.000000000000000000, -1.000000000000000000 ) ) ;
#2677 = ORIENTED_EDGE ( 'NONE', *, *, #2700, .F. ) ;
#2678 = CARTESIAN_POINT ( 'NONE',  ( -0.3374999999999970246, -4.771575093816209368, -1.575657362522971061 ) ) ;
#2679 = DIRECTION ( 'NONE',  ( 1.000000000000000000, 0.000000000000000000, -0.000000000000000000 ) ) ;
#2680 = CARTESIAN_POINT ( 'NONE',  ( -19.92709219242683361, 0.000000000000000000, 0.000000000000000000 ) ) ;
#2681 = ORIENTED_EDGE ( 'NONE', *, *, #5356, .T. ) ;
#2682 = CIRCLE ( 'NONE', #2115, 1.237499999999996492 ) ;
#2683 = CARTESIAN_POINT ( 'NONE',  ( 0.6831163591855745620, 5.402756904541117677, -0.8926352179598856518 ) ) ;
#2684 = ORIENTED_EDGE ( 'NONE', *, *, #4882, .T. ) ;
#2685 = AXIS2_PLACEMENT_3D ( 'NONE', #1526, #3329, #4596 ) ;
#2686 = CYLINDRICAL_SURFACE ( 'NONE', #1581, 5.475000000000000533 ) ;
#2687 = DIRECTION ( 'NONE',  ( 1.000000000000000000, 0.000000000000000000, -0.000000000000000000 ) ) ;
#2688 = LINE ( 'NONE', #3987, #1013 ) ;
#2689 = DIRECTION ( 'NONE',  ( -1.000000000000000000, -0.000000000000000000, 0.000000000000000000 ) ) ;
#2690 = MANIFOLD_SOLID_BREP ( '<GB╱T 276-2013[一面带密封圈（非接触式）的深沟球轴承[60000-RZ]619／6-RZ]>-<阵列(圆周)2>', #163 ) ;
#2691 = CARTESIAN_POINT ( 'NONE',  ( 2.951763000829056837E-15, 2.624999999999989786, 4.546633369868309238 ) ) ;
#2692 = CIRCLE ( 'NONE', #1941, 1.073181601594058732 ) ;
#2693 = CIRCLE ( 'NONE', #4436, 1.237499999999997158 ) ;
#2694 = ORIENTED_EDGE ( 'NONE', *, *, #840, .T. ) ;
#2695 = CIRCLE ( 'NONE', #1860, 1.073181601594058732 ) ;
#2696 = AXIS2_PLACEMENT_3D ( 'NONE', #4679, #3002, #4762 ) ;
#2697 = MANIFOLD_SOLID_BREP ( '<GB╱T 276-2013[一面带密封圈（非接触式）的深沟球轴承[60000-RZ]619／6-RZ]>-<切除-旋转1[13]>', #3956 ) ;
#2698 = EDGE_CURVE ( 'NONE', #5444, #2977, #318, .T. ) ;
#2699 = AXIS2_PLACEMENT_3D ( 'NONE', #1445, #2587, #963 ) ;
#2700 = EDGE_CURVE ( 'NONE', #4764, #3295, #2596, .T. ) ;
#2701 = AXIS2_PLACEMENT_3D ( 'NONE', #3312, #1867, #4987 ) ;
#2702 = CARTESIAN_POINT ( 'NONE',  ( 0.6188283613271797767, 1.077234586337257660, 5.368357146716467021 ) ) ;
#2703 = ORIENTED_EDGE ( 'NONE', *, *, #5313, .F. ) ;
#2704 = CARTESIAN_POINT ( 'NONE',  ( -0.9766093576085630446, -5.075628505799323342, 2.055978850831127858 ) ) ;
#2705 = CARTESIAN_POINT ( 'NONE',  ( 2.499999999999996003, 0.000000000000000000, 0.000000000000000000 ) ) ;
#2706 = CARTESIAN_POINT ( 'NONE',  ( 1.216873555469096146, 4.351777654016800945, 2.512500000000004619 ) ) ;
#2707 = ADVANCED_FACE ( 'NONE', ( #923 ), #4908, .T. ) ;
#2708 = EDGE_LOOP ( 'NONE', ( #1797, #3693, #3736, #3564 ) ) ;
#2709 = SURFACE_STYLE_FILL_AREA ( #2177 ) ;
#2710 = CARTESIAN_POINT ( 'NONE',  ( 1.216873555470457724, -2.737499999999979394, -4.741489085720178132 ) ) ;
#2711 = ORIENTED_EDGE ( 'NONE', *, *, #874, .F. ) ;
#2712 = CARTESIAN_POINT ( 'NONE',  ( 2.951763000829056837E-15, -2.624999999999958256, -4.546633369868327001 ) ) ;
#2713 = CARTESIAN_POINT ( 'NONE',  ( -0.6066795256490171706, -1.559643906801476687, -4.777195101010580203 ) ) ;
#2714 = DIRECTION ( 'NONE',  ( 0.000000000000000000, 0.8660254037844382635, 0.5000000000000008882 ) ) ;
#2715 = VERTEX_POINT ( 'NONE', #4041 ) ;
#2716 = ADVANCED_FACE ( 'NONE', ( #79 ), #1839, .F. ) ;
#2717 = ORIENTED_EDGE ( 'NONE', *, *, #1670, .T. ) ;
#2718 = CARTESIAN_POINT ( 'NONE',  ( 1.184161683711926871, -4.187225725368445950, -2.781828220606440194 ) ) ;
#2719 = CARTESIAN_POINT ( 'NONE',  ( -0.3374999999999969691, 1.066436397168597949, 5.370133928571434012 ) ) ;
#2720 = DIRECTION ( 'NONE',  ( -1.000000000000000000, -0.000000000000000000, 0.000000000000000000 ) ) ;
#2721 = CARTESIAN_POINT ( 'NONE',  ( -1.216873555469057733, 4.821884359097789563, 2.598251301820920123 ) ) ;
#2722 = DIRECTION ( 'NONE',  ( 0.000000000000000000, 0.8660254037844380415, 0.5000000000000011102 ) ) ;
#2723 = CARTESIAN_POINT ( 'NONE',  ( 2.951763000829056837E-15, -1.833027702892645012E-14, 5.250000000000000000 ) ) ;
#2724 = VERTEX_POINT ( 'NONE', #4146 ) ;
#2725 = B_SPLINE_CURVE_WITH_KNOTS ( 'NONE', 3,
 ( #983, #2753, #4502, #1875, #1229, #4747 ),
 .UNSPECIFIED., .F., .F.,
 ( 4, 2, 4 ),
 ( 0.006480373050224368277, 0.006820975956596190236, 0.007161578862968012195 ),
 .UNSPECIFIED. ) ;
#2726 = CARTESIAN_POINT ( 'NONE',  ( -0.3145222742811149552, 4.812380947208478865, -1.447436274275069490 ) ) ;
#2727 = SURFACE_STYLE_USAGE ( .BOTH. , #4920 ) ;
#2728 = FILL_AREA_STYLE_COLOUR ( '', #4252 ) ;
#2729 = ORIENTED_EDGE ( 'NONE', *, *, #1923, .T. ) ;
#2730 = DIRECTION ( 'NONE',  ( 0.000000000000000000, 0.000000000000000000, -1.000000000000000000 ) ) ;
#2731 = DIRECTION ( 'NONE',  ( -1.000000000000000000, -0.000000000000000000, 0.000000000000000000 ) ) ;
#2732 = CARTESIAN_POINT ( 'NONE',  ( -0.6066795256469322828, -1.037906306358319153, 4.916994269710304621 ) ) ;
#2733 = EDGE_CURVE ( 'NONE', #2822, #196, #1357, .T. ) ;
#2734 = EDGE_CURVE ( 'NONE', #2903, #334, #4161, .T. ) ;
#2735 = CARTESIAN_POINT ( 'NONE',  ( -0.5936781345501895846, 5.361290022935331301, -1.112639307581827275 ) ) ;
#2736 = LINE ( 'NONE', #2623, #3848 ) ;
#2737 = DIRECTION ( 'NONE',  ( 0.000000000000000000, -3.613946018757870081E-15, 1.000000000000000000 ) ) ;
#2738 = DIRECTION ( 'NONE',  ( 0.000000000000000000, 0.8660254037844415942, -0.4999999999999948930 ) ) ;
#2739 = ORIENTED_EDGE ( 'NONE', *, *, #2820, .T. ) ;
#2740 = DIRECTION ( 'NONE',  ( 1.000000000000000000, 0.000000000000000000, -0.000000000000000000 ) ) ;
#2741 = CARTESIAN_POINT ( 'NONE',  ( 2.951763000829056837E-15, 5.250000000000000000, 0.000000000000000000 ) ) ;
#2742 = DIRECTION ( 'NONE',  ( 0.000000000000000000, -0.5000000000000072164, 0.8660254037844344888 ) ) ;
#2743 = ADVANCED_FACE ( 'NONE', ( #2420 ), #4907, .T. ) ;
#2744 = COLOUR_RGB ( '',1.000000000000000000, 1.000000000000000000, 1.000000000000000000 ) ;
#2745 = ORIENTED_EDGE ( 'NONE', *, *, #5713, .F. ) ;
#2746 = FACE_OUTER_BOUND ( 'NONE', #319, .T. ) ;
#2747 = AXIS2_PLACEMENT_3D ( 'NONE', #3150, #925, #3559 ) ;
#2748 = ORIENTED_EDGE ( 'NONE', *, *, #5659, .T. ) ;
#2749 = CARTESIAN_POINT ( 'NONE',  ( 0.7438253088451918238, -3.798856746762283354, -3.291099724477524635 ) ) ;
#2750 = ADVANCED_FACE ( 'NONE', ( #2383 ), #5492, .F. ) ;
#2751 = DIRECTION ( 'NONE',  ( 0.000000000000000000, 0.000000000000000000, -1.000000000000000000 ) ) ;
#2752 = CARTESIAN_POINT ( 'NONE',  ( -1.102270384252691748, 5.025000000000000355, -6.583561602632016800E-15 ) ) ;
#2753 = CARTESIAN_POINT ( 'NONE',  ( 0.2284057894171356851, -4.913120729317802748, -1.055016850132588058 ) ) ;
#2754 = CARTESIAN_POINT ( 'NONE',  ( -0.3219498304303017311, 5.227196995772990462, 1.629749021142105070 ) ) ;
#2755 = CARTESIAN_POINT ( 'NONE',  ( -2.500000000000001332, 3.200000000000001510, 0.000000000000000000 ) ) ;
#2756 = CARTESIAN_POINT ( 'NONE',  ( 0.9774912523502908845, 0.7563220946943123302, -5.423762760077579514 ) ) ;
#2757 = AXIS2_PLACEMENT_3D ( 'NONE', #691, #1553, #1877 ) ;
#2758 = VERTEX_POINT ( 'NONE', #2778 ) ;
#2759 = CARTESIAN_POINT ( 'NONE',  ( 3.103313042223541504E-15, 0.000000000000000000, 0.000000000000000000 ) ) ;
#2760 = AXIS2_PLACEMENT_3D ( 'NONE', #863, #3546, #4815 ) ;
#2761 = ADVANCED_FACE ( 'NONE', ( #4209 ), #4181, .F. ) ;
#2762 = SURFACE_STYLE_FILL_AREA ( #939 ) ;
#2763 = VERTEX_POINT ( 'NONE', #654 ) ;
#2764 = CARTESIAN_POINT ( 'NONE',  ( -1.065237977602509378, 2.182591038188710808, 5.023407791670525313 ) ) ;
#2765 = CARTESIAN_POINT ( 'NONE',  ( -0.3164798858117123248, -4.812211386141409086, -1.447998357152529447 ) ) ;
#2766 = DIRECTION ( 'NONE',  ( -0.000000000000000000, -0.4999999999999888978, -0.8660254037844451469 ) ) ;
#2767 = DIRECTION ( 'NONE',  ( 0.000000000000000000, 1.000000000000000000, 3.491481338843135327E-15 ) ) ;
#2768 = CARTESIAN_POINT ( 'NONE',  ( 0.3375000000000044631, 0.000000000000000000, 0.000000000000000000 ) ) ;
#2769 = VERTEX_POINT ( 'NONE', #2833 ) ;
#2770 = CARTESIAN_POINT ( 'NONE',  ( -0.1161341008344225212, -1.119593104928694238, -5.359303712898462635 ) ) ;
#2771 = CARTESIAN_POINT ( 'NONE',  ( -1.216873555469124346, -5.475000000000009415, -0.1608024255589115548 ) ) ;
#2772 = CARTESIAN_POINT ( 'NONE',  ( -1.184325193566454271, 2.235402784040063651, -4.502740015386049066 ) ) ;
#2773 = EDGE_LOOP ( 'NONE', ( #4931, #5262 ) ) ;
#2774 = DIRECTION ( 'NONE',  ( 0.000000000000000000, 0.4999999999999917288, 0.8660254037844433705 ) ) ;
#2775 = EDGE_CURVE ( 'NONE', #4111, #5566, #5565, .T. ) ;
#2776 = EDGE_LOOP ( 'NONE', ( #4417, #2119, #4294, #3838 ) ) ;
#2777 = EDGE_CURVE ( 'NONE', #807, #1501, #1476, .T. ) ;
#2778 = CARTESIAN_POINT ( 'NONE',  ( 0.3375000000000029088, 3.608627975754080008, 4.117454205283289426 ) ) ;
#2779 = AXIS2_PLACEMENT_3D ( 'NONE', #1023, #4547, #587 ) ;
#2780 = CARTESIAN_POINT ( 'NONE',  ( -19.92709219242683361, 0.000000000000000000, 0.000000000000000000 ) ) ;
#2781 = DIRECTION ( 'NONE',  ( 0.000000000000000000, 3.232861005816950323E-15, 1.000000000000000000 ) ) ;
#2782 = ORIENTED_EDGE ( 'NONE', *, *, #123, .T. ) ;
#2783 = CARTESIAN_POINT ( 'NONE',  ( 0.3375000000000030753, -1.575657362522887572, -4.771575093816236013 ) ) ;
#2784 = CARTESIAN_POINT ( 'NONE',  ( 0.2282113725214197641, 3.727338007249187513, -3.370277656641956554 ) ) ;
#2785 = CIRCLE ( 'NONE', #3610, 1.237499999999996936 ) ;
#2786 = ORIENTED_EDGE ( 'NONE', *, *, #2531, .F. ) ;
#2787 = CARTESIAN_POINT ( 'NONE',  ( -0.3374999999999975242, 0.000000000000000000, 0.000000000000000000 ) ) ;
#2788 = AXIS2_PLACEMENT_3D ( 'NONE', #3300, #2487, #629 ) ;
#2789 = TOROIDAL_SURFACE ( 'NONE', #3623, 3.200000000000001510, 0.1999999999999996503 ) ;
#2790 = CIRCLE ( 'NONE', #1026, 1.190588089979062403 ) ;
#2791 = CIRCLE ( 'NONE', #287, 4.300000000000001599 ) ;
#2792 = TOROIDAL_SURFACE ( 'NONE', #198, 4.300000000000001599, 0.2000000000000005107 ) ;
#2793 = PRESENTATION_LAYER_ASSIGNMENT (  '', '', ( #1680 ) ) ;
#2794 = SPHERICAL_SURFACE ( 'NONE', #3881, 1.124999999999995115 ) ;
#2795 = ORIENTED_EDGE ( 'NONE', *, *, #2817, .F. ) ;
#2796 = CARTESIAN_POINT ( 'NONE',  ( 0.3157423463111306283, 1.152329823262248976, 4.891443610021783073 ) ) ;
#2797 = FACE_OUTER_BOUND ( 'NONE', #2674, .T. ) ;
#2798 = CIRCLE ( 'NONE', #4637, 7.300000000000000711 ) ;
#2799 = COLOUR_RGB ( '',1.000000000000000000, 1.000000000000000000, 1.000000000000000000 ) ;
#2800 =( GEOMETRIC_REPRESENTATION_CONTEXT ( 3 ) GLOBAL_UNCERTAINTY_ASSIGNED_CONTEXT ( ( #1194 ) ) GLOBAL_UNIT_ASSIGNED_CONTEXT ( ( #483, #4852, #4006 ) ) REPRESENTATION_CONTEXT ( 'NONE', 'WORKASPACE' ) );
#2801 = CARTESIAN_POINT ( 'NONE',  ( 2.951763000829056837E-15, -2.625000000000021760, 4.546633369868291474 ) ) ;
#2802 = ORIENTED_EDGE ( 'NONE', *, *, #2323, .T. ) ;
#2803 = CARTESIAN_POINT ( 'NONE',  ( 2.951763000829056837E-15, -4.546633369868319008, 2.624999999999973799 ) ) ;
#2804 = CARTESIAN_POINT ( 'NONE',  ( 0.1138098578510972209, -1.526124201487628174, 4.787647639671307687 ) ) ;
#2805 = DIRECTION ( 'NONE',  ( 0.000000000000000000, -0.8660254037844433705, 0.4999999999999918399 ) ) ;
#2806 = ORIENTED_EDGE ( 'NONE', *, *, #2129, .F. ) ;
#2807 = CYLINDRICAL_SURFACE ( 'NONE', #4583, 5.025000000000000355 ) ;
#2808 = VERTEX_POINT ( 'NONE', #4099 ) ;
#2809 = CARTESIAN_POINT ( 'NONE',  ( 1.066282750803724921, 4.403264907450190613, -3.257152822151222260 ) ) ;
#2810 = CARTESIAN_POINT ( 'NONE',  ( 0.2291337308794287875, 1.101516330008279310, -5.363167525556526094 ) ) ;
#2811 = DIRECTION ( 'NONE',  ( 0.000000000000000000, 1.224646799147352961E-16, -1.000000000000000000 ) ) ;
#2812 = ORIENTED_EDGE ( 'NONE', *, *, #5012, .T. ) ;
#2813 = FACE_OUTER_BOUND ( 'NONE', #1298, .T. ) ;
#2814 = CARTESIAN_POINT ( 'NONE',  ( 1.216873555469096146, -2.648512982295748497, 4.273250522075070279 ) ) ;
#2815 = SPHERICAL_SURFACE ( 'NONE', #2873, 1.237499999999996936 ) ;
#2816 = EDGE_CURVE ( 'NONE', #4338, #50, #2036, .T. ) ;
#2817 = EDGE_CURVE ( 'NONE', #5441, #3087, #174, .T. ) ;
#2818 = EDGE_LOOP ( 'NONE', ( #2207, #1272, #1956, #3925 ) ) ;
#2819 = DIRECTION ( 'NONE',  ( 0.000000000000000000, 0.000000000000000000, -1.000000000000000000 ) ) ;
#2820 = EDGE_CURVE ( 'NONE', #5723, #1651, #662, .T. ) ;
#2821 = ORIENTED_EDGE ( 'NONE', *, *, #4314, .F. ) ;
#2822 = VERTEX_POINT ( 'NONE', #3360 ) ;
#2823 = CARTESIAN_POINT ( 'NONE',  ( 0.7428168629650911958, 0.9514577221364913795, 4.935313654298864705 ) ) ;
#2824 = CARTESIAN_POINT ( 'NONE',  ( -1.066282750803719814, -3.257152822151297311, 4.403264907450133769 ) ) ;
#2825 = DIRECTION ( 'NONE',  ( 0.000000000000000000, 0.5000000000000012212, -0.8660254037844381525 ) ) ;
#2826 = SURFACE_SIDE_STYLE ('',( #3637 ) ) ;
#2827 = DIRECTION ( 'NONE',  ( 0.000000000000000000, 0.8660254037844361541, 0.5000000000000041078 ) ) ;
#2828 = CARTESIAN_POINT ( 'NONE',  ( 0.3157423466804659684, -3.659949515897147343, 3.443668705420083409 ) ) ;
#2829 = DIRECTION ( 'NONE',  ( 0.000000000000000000, 0.8660254037844398178, -0.4999999999999980571 ) ) ;
#2830 = DIRECTION ( 'NONE',  ( -1.000000000000000000, -0.000000000000000000, 0.000000000000000000 ) ) ;
#2831 = DIRECTION ( 'NONE',  ( 0.000000000000000000, 0.000000000000000000, -1.000000000000000000 ) ) ;
#2832 = CARTESIAN_POINT ( 'NONE',  ( 0.1160098895142586128, 3.383099418866700514, 3.715543477065423428 ) ) ;
#2833 = CARTESIAN_POINT ( 'NONE',  ( -0.3374999999999969691, 1.761505952817402632, -5.183890602451874940 ) ) ;
#2834 = CARTESIAN_POINT ( 'NONE',  ( -0.1605426051907896667, -1.597764948076948688, 5.236675679372152281 ) ) ;
#2835 = CARTESIAN_POINT ( 'NONE',  ( 0.7428168631732794402, -3.291643385024326296, -3.798378139304514622 ) ) ;
#2836 = VERTEX_POINT ( 'NONE', #3410 ) ;
#2837 = DIRECTION ( 'NONE',  ( 0.000000000000000000, 0.000000000000000000, 1.000000000000000000 ) ) ;
#2838 = ADVANCED_FACE ( 'NONE', ( #310 ), #3889, .T. ) ;
#2839 = EDGE_LOOP ( 'NONE', ( #364, #997, #2592, #962 ) ) ;
#2840 = EDGE_CURVE ( 'NONE', #774, #2808, #1767, .T. ) ;
#2841 = AXIS2_PLACEMENT_3D ( 'NONE', #901, #2658, #3072 ) ;
#2842 = CARTESIAN_POINT ( 'NONE',  ( 2.951763000829056837E-15, 5.250000000000000000, 0.000000000000000000 ) ) ;
#2843 = B_SPLINE_CURVE_WITH_KNOTS ( 'NONE', 3,
 ( #1952, #216, #798, #1694, #4784, #4811, #2941, #4343, #3029, #2150, #4728, #1237, #826, #4757, #4287, #3462, #2588, #4376 ),
 .UNSPECIFIED., .F., .F.,
 ( 4, 2, 2, 2, 2, 2, 2, 2, 4 ),
 ( 0.001924500009533457786, 0.002405502955712250559, 0.002886505901891043332, 0.003367508848069836538, 0.003848511794248629311, 0.004329514740427423819, 0.004810517686606216592, 0.005291520632785010232, 0.005772523578963803872 ),
 .UNSPECIFIED. ) ;
#2844 = CARTESIAN_POINT ( 'NONE',  ( 2.951763000829056837E-15, -2.625000000000021760, 4.546633369868291474 ) ) ;
#2845 = ORIENTED_EDGE ( 'NONE', *, *, #5222, .T. ) ;
#2846 = EDGE_CURVE ( 'NONE', #774, #4408, #1953, .T. ) ;
#2847 = EDGE_CURVE ( 'NONE', #704, #2140, #3888, .T. ) ;
#2848 = ORIENTED_EDGE ( 'NONE', *, *, #2228, .F. ) ;
#2849 = DIRECTION ( 'NONE',  ( 0.000000000000000000, -0.000000000000000000, 1.000000000000000000 ) ) ;
#2850 = AXIS2_PLACEMENT_3D ( 'NONE', #1114, #3307, #5071 ) ;
#2851 = CARTESIAN_POINT ( 'NONE',  ( 1.237499999999999822, 2.624999999999989786, 4.546633369868309238 ) ) ;
#2852 = FACE_OUTER_BOUND ( 'NONE', #1902, .T. ) ;
#2853 = CARTESIAN_POINT ( 'NONE',  ( 2.951763000829056837E-15, -5.250000000000000000, 0.000000000000000000 ) ) ;
#2854 = CLOSED_SHELL ( 'NONE', ( #1184, #1930, #754, #4, #2523, #3617, #321, #3444, #2525, #5416, #2707, #2838, #4919, #3164, #5635, #428, #3341, #2743, #5534, #2583 ) ) ;
#2855 = DIRECTION ( 'NONE',  ( 0.000000000000000000, -1.000000000000000000, -1.224646799147353207E-16 ) ) ;
#2856 = EDGE_LOOP ( 'NONE', ( #3166, #2198, #3906, #1140 ) ) ;
#2857 = FACE_OUTER_BOUND ( 'NONE', #4371, .T. ) ;
#2858 = FACE_OUTER_BOUND ( 'NONE', #2355, .T. ) ;
#2859 = SURFACE_STYLE_FILL_AREA ( #3286 ) ;
#2860 = CARTESIAN_POINT ( 'NONE',  ( -1.124999999999992006, 4.546633369868299468, 2.625000000000005329 ) ) ;
#2861 = CARTESIAN_POINT ( 'NONE',  ( -1.216873555469089929, 4.273250522075115576, -2.648512982295672114 ) ) ;
#2862 = EDGE_LOOP ( 'NONE', ( #2079, #780, #4652, #3784, #3529, #1175 ) ) ;
#2863 = CARTESIAN_POINT ( 'NONE',  ( 0.1161341008348465015, 4.081496609502004880, 3.649247927219355869 ) ) ;
#2864 = CARTESIAN_POINT ( 'NONE',  ( 0.1139339630336193981, 1.119681645599047037, -5.359285214701169586 ) ) ;
#2865 = CARTESIAN_POINT ( 'NONE',  ( -3.499999999999999556, -5.510910596163092514E-16, 4.500000000000002665 ) ) ;
#2866 = ORIENTED_EDGE ( 'NONE', *, *, #5105, .F. ) ;
#2867 = DIRECTION ( 'NONE',  ( 0.000000000000000000, 0.000000000000000000, -1.000000000000000000 ) ) ;
#2868 = LINE ( 'NONE', #3324, #4960 ) ;
#2869 = UNCERTAINTY_MEASURE_WITH_UNIT (LENGTH_MEASURE( 1.000000000000000082E-05 ), #25, 'distance_accuracy_value', 'NONE');
#2870 = ORIENTED_EDGE ( 'NONE', *, *, #2363, .F. ) ;
#2871 = DIRECTION ( 'NONE',  ( 0.000000000000000000, 0.000000000000000000, -1.000000000000000000 ) ) ;
#2872 = CARTESIAN_POINT ( 'NONE',  ( 0.3375000000000044631, 0.000000000000000000, 0.000000000000000000 ) ) ;
#2873 = AXIS2_PLACEMENT_3D ( 'NONE', #4046, #3620, #5355 ) ;
#2874 = ORIENTED_EDGE ( 'NONE', *, *, #3655, .T. ) ;
#2875 = AXIS2_PLACEMENT_3D ( 'NONE', #5166, #801, #354 ) ;
#2876 = EDGE_LOOP ( 'NONE', ( #2328, #1109 ) ) ;
#2877 = CARTESIAN_POINT ( 'NONE',  ( -0.3222421747442721918, 1.629900123589696825, 5.227146843786472985 ) ) ;
#2878 = CARTESIAN_POINT ( 'NONE',  ( -0.2294076944467709767, -1.727728249028822827, -5.195368396035701331 ) ) ;
#2879 = CARTESIAN_POINT ( 'NONE',  ( -0.2288940565161939611, 3.635584375318215322, -4.093829020219193815 ) ) ;
#2880 = ADVANCED_FACE ( 'NONE', ( #4292 ), #4318, .F. ) ;
#2881 = EDGE_CURVE ( 'NONE', #1096, #2194, #2378, .T. ) ;
#2882 = MECHANICAL_DESIGN_GEOMETRIC_PRESENTATION_REPRESENTATION (  '', ( #1393 ), #5003 ) ;
#2883 = CIRCLE ( 'NONE', #4628, 5.025000000000001243 ) ;
#2884 = AXIS2_PLACEMENT_3D ( 'NONE', #4581, #1120, #239 ) ;
#2885 = DIRECTION ( 'NONE',  ( 0.000000000000000000, 0.5000000000000041078, -0.8660254037844362651 ) ) ;
#2886 = DIRECTION ( 'NONE',  ( 0.000000000000000000, 0.4999999999999888978, 0.8660254037844450359 ) ) ;
#2887 = CARTESIAN_POINT ( 'NONE',  ( -2.300000000000001155, 0.000000000000000000, 0.000000000000000000 ) ) ;
#2888 = CARTESIAN_POINT ( 'NONE',  ( -1.060132804193017142, -4.990643059899628753, -0.6042255497742584636 ) ) ;
#2889 = CARTESIAN_POINT ( 'NONE',  ( 1.216873555469130785, -4.661087872940385957, 2.876758985524124679 ) ) ;
#2890 = FACE_OUTER_BOUND ( 'NONE', #3729, .T. ) ;
#2891 = MECHANICAL_DESIGN_GEOMETRIC_PRESENTATION_REPRESENTATION (  '', ( #1680 ), #1138 ) ;
#2892 = CARTESIAN_POINT ( 'NONE',  ( -1.184509137126992240, 0.3149166791805505516, -5.017229452720722627 ) ) ;
#2893 = AXIS2_PLACEMENT_3D ( 'NONE', #124, #3653, #2621 ) ;
#2894 = AXIS2_PLACEMENT_3D ( 'NONE', #2965, #3853, #4284 ) ;
#2895 = SPHERICAL_SURFACE ( 'NONE', #96, 1.237499999999996936 ) ;
#2896 = EDGE_LOOP ( 'NONE', ( #3413, #5126 ) ) ;
#2897 = CARTESIAN_POINT ( 'NONE',  ( -0.9766114375336352182, 4.318452722995200332, -3.367476254988030160 ) ) ;
#2898 = CARTESIAN_POINT ( 'NONE',  ( 2.951763000829056837E-15, 0.000000000000000000, -5.250000000000000000 ) ) ;
#2899 = CARTESIAN_POINT ( 'NONE',  ( 0.1577470943594734276, -3.465865739801192724, -3.638461172476499250 ) ) ;
#2900 = EDGE_LOOP ( 'NONE', ( #558, #1371, #3983, #2490 ) ) ;
#2901 = CARTESIAN_POINT ( 'NONE',  ( 2.499999999999998668, 0.000000000000000000, 0.000000000000000000 ) ) ;
#2902 = EDGE_CURVE ( 'NONE', #1069, #716, #3563, .T. ) ;
#2903 = VERTEX_POINT ( 'NONE', #4789 ) ;
#2904 = CARTESIAN_POINT ( 'NONE',  ( -0.2291337308794229588, -5.195397486887785909, -1.727642638307786305 ) ) ;
#2905 = EDGE_LOOP ( 'NONE', ( #3910, #458, #4845, #2655 ) ) ;
#2906 = ORIENTED_EDGE ( 'NONE', *, *, #1160, .T. ) ;
#2907 = CARTESIAN_POINT ( 'NONE',  ( -1.216873555469091484, -4.431302689732368627, -2.374758597666917659 ) ) ;
#2908 = DIRECTION ( 'NONE',  ( 0.000000000000000000, 1.059690869644413837E-14, -1.000000000000000000 ) ) ;
#2909 = CARTESIAN_POINT ( 'NONE',  ( -0.1578090310811134378, 4.820680050771466441, 1.418333126981386583 ) ) ;
#2910 = EDGE_LOOP ( 'NONE', ( #1986, #2613, #2159, #4601 ) ) ;
#2911 = EDGE_CURVE ( 'NONE', #2724, #26, #1861, .T. ) ;
#2912 = CARTESIAN_POINT ( 'NONE',  ( -3.499999999999999556, -9.184850993605147944E-16, 7.500000000000000000 ) ) ;
#2913 = DIRECTION ( 'NONE',  ( 0.000000000000000000, 0.000000000000000000, -1.000000000000000000 ) ) ;
#2914 = CARTESIAN_POINT ( 'NONE',  ( 0.7438253086346704457, -4.935456310241966627, -0.9507475945650409876 ) ) ;
#2915 = CARTESIAN_POINT ( 'NONE',  ( 0.8855571770381717167, 5.432979984865651701, 0.6852071679751223776 ) ) ;
#2916 = CARTESIAN_POINT ( 'NONE',  ( -1.111087470887999418, 5.001378640316028523, -0.5016414822924158967 ) ) ;
#2917 = CARTESIAN_POINT ( 'NONE',  ( 2.951763000829056837E-15, 2.625000000000053291, -4.546633369868272823 ) ) ;
#2918 = CARTESIAN_POINT ( 'NONE',  ( 0.9766093576085684846, -5.075628505799293144, -2.055978850831197580 ) ) ;
#2919 = ORIENTED_EDGE ( 'NONE', *, *, #5703, .F. ) ;
#2920 = EDGE_CURVE ( 'NONE', #3005, #2930, #199, .T. ) ;
#2921 = CARTESIAN_POINT ( 'NONE',  ( -0.3164798858117124358, -1.447998357152512572, 4.812211386141413527 ) ) ;
#2922 = DIRECTION ( 'NONE',  ( 1.000000000000000000, 0.000000000000000000, -0.000000000000000000 ) ) ;
#2923 = CARTESIAN_POINT ( 'NONE',  ( -0.3374999999999969691, 1.761505952817402632, -5.183890602451874940 ) ) ;
#2924 = EDGE_LOOP ( 'NONE', ( #408, #4083, #3171, #697 ) ) ;
#2925 = CARTESIAN_POINT ( 'NONE',  ( 0.7539386004181418688, -4.172790416570606453, -3.546371439659041780 ) ) ;
#2926 = ORIENTED_EDGE ( 'NONE', *, *, #4418, .F. ) ;
#2927 = SURFACE_SIDE_STYLE ('',( #4276 ) ) ;
#2928 = FACE_OUTER_BOUND ( 'NONE', #1597, .T. ) ;
#2929 = FACE_OUTER_BOUND ( 'NONE', #1174, .T. ) ;
#2930 = VERTEX_POINT ( 'NONE', #977 ) ;
#2931 = CIRCLE ( 'NONE', #59, 5.025000000000001243 ) ;
#2932 = ORIENTED_EDGE ( 'NONE', *, *, #2371, .T. ) ;
#2933 = DIRECTION ( 'NONE',  ( 0.000000000000000000, 0.000000000000000000, -1.000000000000000000 ) ) ;
#2934 = B_SPLINE_CURVE_WITH_KNOTS ( 'NONE', 3,
 ( #4363, #876, #4500, #2656, #140, #539, #4440, #2294, #3208, #4068, #3585, #4413, #4100, #1359, #5351, #1440, #3119, #3616 ),
 .UNSPECIFIED., .F., .F.,
 ( 4, 2, 2, 2, 2, 2, 2, 2, 4 ),
 ( 0.005772523578970451333, 0.006253562060444440088, 0.006734600541918427975, 0.007215639023392416730, 0.007696677504866404618, 0.008177715986340393373, 0.008658754467814382128, 0.009139792949288370882, 0.009620831430762357903 ),
 .UNSPECIFIED. ) ;
#2935 = SURFACE_STYLE_FILL_AREA ( #4776 ) ;
#2936 = CARTESIAN_POINT ( 'NONE',  ( -1.216873555469090151, 4.351777654016801833, 2.512500000000005063 ) ) ;
#2937 = ORIENTED_EDGE ( 'NONE', *, *, #1914, .F. ) ;
#2938 = DIRECTION ( 'NONE',  ( -0.000000000000000000, -0.000000000000000000, -1.000000000000000000 ) ) ;
#2939 = CARTESIAN_POINT ( 'NONE',  ( 2.951763000829056837E-15, -2.625000000000021760, 4.546633369868291474 ) ) ;
#2940 = CARTESIAN_POINT ( 'NONE',  ( 0.6188283613273967143, -4.110516372475673919, 3.617091090961408906 ) ) ;
#2941 = CARTESIAN_POINT ( 'NONE',  ( 0.6178653494856305439, 5.187926071696320030, -1.750740808670837589 ) ) ;
#2942 = PRESENTATION_LAYER_ASSIGNMENT (  '', '', ( #1453 ) ) ;
#2943 = AXIS2_PLACEMENT_3D ( 'NONE', #710, #2347, #241 ) ;
#2944 = CARTESIAN_POINT ( 'NONE',  ( 0.2288940565161386165, -4.093829020219244441, 3.635584375318158035 ) ) ;
#2945 = CARTESIAN_POINT ( 'NONE',  ( -1.124999999999992006, -5.250000000000000000, 0.000000000000000000 ) ) ;
#2946 = ORIENTED_EDGE ( 'NONE', *, *, #2953, .F. ) ;
#2947 = DIRECTION ( 'NONE',  ( -1.000000000000000000, -0.000000000000000000, 0.000000000000000000 ) ) ;
#2948 = CARTESIAN_POINT ( 'NONE',  ( -0.3374999999999970246, 1.575657362522987714, -4.771575093816203150 ) ) ;
#2949 = FACE_OUTER_BOUND ( 'NONE', #4957, .T. ) ;
#2950 = ORIENTED_EDGE ( 'NONE', *, *, #1087, .T. ) ;
#2951 = CARTESIAN_POINT ( 'NONE',  ( 0.6182595144253224539, -4.110372429053008148, -3.617249411575688800 ) ) ;
#2952 = ADVANCED_FACE ( 'NONE', ( #504 ), #1752, .T. ) ;
#2953 = EDGE_CURVE ( 'NONE', #4521, #1628, #1327, .T. ) ;
#2954 = ORIENTED_EDGE ( 'NONE', *, *, #4247, .T. ) ;
#2955 =( NAMED_UNIT ( * ) PLANE_ANGLE_UNIT ( ) SI_UNIT ( $, .RADIAN. ) );
#2956 = CARTESIAN_POINT ( 'NONE',  ( -2.300000000000002043, 0.000000000000000000, -6.199999999999997513 ) ) ;
#2957 = DIRECTION ( 'NONE',  ( 0.000000000000000000, 0.4999999999999980571, 0.8660254037844397068 ) ) ;
#2958 = VERTEX_POINT ( 'NONE', #4465 ) ;
#2959 = AXIS2_PLACEMENT_3D ( 'NONE', #970, #4953, #5447 ) ;
#2960 = EDGE_CURVE ( 'NONE', #2058, #3276, #15, .T. ) ;
#2961 = CARTESIAN_POINT ( 'NONE',  ( 0.3219498304303090586, -1.629749021142050891, -5.227196995773008226 ) ) ;
#2962 = CARTESIAN_POINT ( 'NONE',  ( -1.059998554186541098, 4.624265706669802078, 1.971765687694783331 ) ) ;
#2963 = ORIENTED_EDGE ( 'NONE', *, *, #2459, .T. ) ;
#2964 = CARTESIAN_POINT ( 'NONE',  ( -0.2282113723961841090, -1.055077064873295001, 4.913108231081973365 ) ) ;
#2965 = CARTESIAN_POINT ( 'NONE',  ( 0.3375000000000044631, 0.000000000000000000, 0.000000000000000000 ) ) ;
#2966 = FILL_AREA_STYLE ('',( #3377 ) ) ;
#2967 = DIRECTION ( 'NONE',  ( 0.000000000000000000, -0.8660254037844345998, -0.5000000000000071054 ) ) ;
#2968 = CIRCLE ( 'NONE', #5645, 1.073181601594058732 ) ;
#2969 = AXIS2_PLACEMENT_3D ( 'NONE', #1537, #3229, #4986 ) ;
#2970 = AXIS2_PLACEMENT_3D ( 'NONE', #5493, #2353, #4126 ) ;
#2971 = DIRECTION ( 'NONE',  ( -0.000000000000000000, -0.8660254037844329345, -0.5000000000000103251 ) ) ;
#2972 = STYLED_ITEM ( 'NONE', ( #2161 ), #2647 ) ;
#2973 = DIRECTION ( 'NONE',  ( 0.000000000000000000, 0.000000000000000000, -1.000000000000000000 ) ) ;
#2974 = VERTEX_POINT ( 'NONE', #952 ) ;
#2975 = CARTESIAN_POINT ( 'NONE',  ( 0.1561588338129596132, -1.418131903941045158, 4.820739249744104171 ) ) ;
#2976 = DIRECTION ( 'NONE',  ( -1.000000000000000000, -0.000000000000000000, 0.000000000000000000 ) ) ;
#2977 = VERTEX_POINT ( 'NONE', #3113 ) ;
#2978 = VERTEX_POINT ( 'NONE', #4381 ) ;
#2979 = FACE_OUTER_BOUND ( 'NONE', #5511, .T. ) ;
#2980 = AXIS2_PLACEMENT_3D ( 'NONE', #4430, #2740, #4030 ) ;
#2981 = AXIS2_PLACEMENT_3D ( 'NONE', #3771, #4642, #4958 ) ;
#2982 = ORIENTED_EDGE ( 'NONE', *, *, #5356, .F. ) ;
#2983 = STYLED_ITEM ( 'NONE', ( #3611 ), #872 ) ;
#2984 = SURFACE_STYLE_USAGE ( .BOTH. , #2927 ) ;
#2985 = DIRECTION ( 'NONE',  ( 0.000000000000000000, 1.000000000000000000, 0.000000000000000000 ) ) ;
#2986 = EDGE_CURVE ( 'NONE', #3491, #3301, #804, .T. ) ;
#2987 = EDGE_CURVE ( 'NONE', #614, #3922, #114, .T. ) ;
#2988 = CARTESIAN_POINT ( 'NONE',  ( -0.2282113725549037853, -3.370277656634115271, 3.727338007256180141 ) ) ;
#2989 = CARTESIAN_POINT ( 'NONE',  ( 2.951763000829056837E-15, -5.250000000000000000, 0.000000000000000000 ) ) ;
#2990 = EDGE_LOOP ( 'NONE', ( #3091, #4568, #4496, #258 ) ) ;
#2991 = ADVANCED_FACE ( 'NONE', ( #3977 ), #1783, .T. ) ;
#2992 = B_SPLINE_CURVE_WITH_KNOTS ( 'NONE', 3,
 ( #3501, #4415, #1758, #2212, #4011, #1791, #3043, #5268, #3073, #369, #878, #5302, #1332, #454, #30, #3560, #5326, #1361 ),
 .UNSPECIFIED., .F., .F.,
 ( 4, 2, 2, 2, 2, 2, 2, 2, 4 ),
 ( 0.005772523578963711932, 0.006253562060437046696, 0.006734600541910381460, 0.007215639023383715357, 0.007696677504857050121, 0.008177715986330384018, 0.008658754467803718782, 0.009139792949277053546, 0.009620831430750386576 ),
 .UNSPECIFIED. ) ;
#2993 =( NAMED_UNIT ( * ) PLANE_ANGLE_UNIT ( ) SI_UNIT ( $, .RADIAN. ) );
#2994 = CARTESIAN_POINT ( 'NONE',  ( -0.2283429028091446267, -3.635721173720753985, -4.093709127072163945 ) ) ;
#2995 = ORIENTED_EDGE ( 'NONE', *, *, #3934, .F. ) ;
#2996 = CARTESIAN_POINT ( 'NONE',  ( 1.216873555469063506, -4.821884359097808215, 2.598251301820885928 ) ) ;
#2997 = CARTESIAN_POINT ( 'NONE',  ( 1.216873555470457724, -4.741489085720169250, 2.737499999999996270 ) ) ;
#2998 = DIRECTION ( 'NONE',  ( 0.000000000000000000, 0.4999999999999980571, 0.8660254037844397068 ) ) ;
#2999 = DIRECTION ( 'NONE',  ( -1.000000000000000000, 0.000000000000000000, 0.000000000000000000 ) ) ;
#3000 = FACE_OUTER_BOUND ( 'NONE', #1379, .T. ) ;
#3001 = VERTEX_POINT ( 'NONE', #5317 ) ;
#3002 = DIRECTION ( 'NONE',  ( 0.000000000000000000, 0.5000000000000012212, -0.8660254037844381525 ) ) ;
#3003 = B_SPLINE_CURVE_WITH_KNOTS ( 'NONE', 3,
 ( #2193, #8, #4864, #2669, #4421, #2223, #3992, #1796, #3566, #1367, #1908, #2702, #4543, #3221, #150, #583, #4452, #254 ),
 .UNSPECIFIED., .F., .F.,
 ( 4, 2, 2, 2, 2, 2, 2, 2, 4 ),
 ( 0.005772523578970446996, 0.006253562060444434884, 0.006734600541918423638, 0.007215639023392411526, 0.007696677504866399414, 0.008177715986340388168, 0.008658754467814375189, 0.009139792949288363944, 0.009620831430762352698 ),
 .UNSPECIFIED. ) ;
#3004 = CARTESIAN_POINT ( 'NONE',  ( -0.3374999999999970246, 1.021228243303247574, 4.920133928571432946 ) ) ;
#3005 = VERTEX_POINT ( 'NONE', #5376 ) ;
#3006 = VERTEX_POINT ( 'NONE', #1351 ) ;
#3007 = CARTESIAN_POINT ( 'NONE',  ( -0.2294076944467710044, 5.195368396035709324, -1.727728249028804619 ) ) ;
#3008 = B_SPLINE_CURVE_WITH_KNOTS ( 'NONE', 3,
 ( #2584, #2083, #5620, #4339, #1655, #5194 ),
 .UNSPECIFIED., .F., .F.,
 ( 4, 2, 4 ),
 ( 0.006480373043366847649, 0.006820975949056596287, 0.007161578854746344924 ),
 .UNSPECIFIED. ) ;
#3009 = ORIENTED_EDGE ( 'NONE', *, *, #2192, .T. ) ;
#3010 = SURFACE_SIDE_STYLE ('',( #5213 ) ) ;
#3011 = CARTESIAN_POINT ( 'NONE',  ( -0.6728110319925314498, 4.951404582453726277, -0.8625701404435754949 ) ) ;
#3012 = DIRECTION ( 'NONE',  ( 0.000000000000000000, 0.000000000000000000, -1.000000000000000000 ) ) ;
#3013 = AXIS2_PLACEMENT_3D ( 'NONE', #4911, #1046, #5439 ) ;
#3014 = CARTESIAN_POINT ( 'NONE',  ( 0.3375000000000030753, -4.771575093816230684, 1.575657362522904004 ) ) ;
#3015 = DIRECTION ( 'NONE',  ( 0.000000000000000000, 0.000000000000000000, -1.000000000000000000 ) ) ;
#3016 = EDGE_CURVE ( 'NONE', #4489, #402, #5293, .T. ) ;
#3017 = ORIENTED_EDGE ( 'NONE', *, *, #1080, .F. ) ;
#3018 = AXIS2_PLACEMENT_3D ( 'NONE', #2088, #5198, #3486 ) ;
#3019 = ADVANCED_FACE ( 'NONE', ( #3577 ), #4266, .F. ) ;
#3020 = EDGE_CURVE ( 'NONE', #2291, #107, #39, .T. ) ;
#3021 = SURFACE_STYLE_USAGE ( .BOTH. , #5617 ) ;
#3022 = DIRECTION ( 'NONE',  ( 0.000000000000000000, 0.000000000000000000, -1.000000000000000000 ) ) ;
#3023 = ORIENTED_EDGE ( 'NONE', *, *, #5626, .F. ) ;
#3024 = CARTESIAN_POINT ( 'NONE',  ( -2.300000000000002487, -9.184850993605147944E-16, 7.500000000000000000 ) ) ;
#3025 = CYLINDRICAL_SURFACE ( 'NONE', #202, 3.000000000000002220 ) ;
#3026 = CIRCLE ( 'NONE', #2463, 1.237499999999997380 ) ;
#3027 = DIRECTION ( 'NONE',  ( 1.000000000000000000, 0.000000000000000000, -0.000000000000000000 ) ) ;
#3028 = DIRECTION ( 'NONE',  ( 0.000000000000000000, 0.8660254037844328234, 0.5000000000000101030 ) ) ;
#3029 = CARTESIAN_POINT ( 'NONE',  ( 0.1605426051907949125, 5.236675679372179815, -1.597764948076856983 ) ) ;
#3030 = PRESENTATION_LAYER_ASSIGNMENT (  '', '', ( #3215 ) ) ;
#3031 = CARTESIAN_POINT ( 'NONE',  ( 0.7413020568654474785, -4.935075243021947777, 0.9528082703364008088 ) ) ;
#3032 = DIRECTION ( 'NONE',  ( 0.000000000000000000, -0.5000000000000039968, 0.8660254037844363761 ) ) ;
#3033 = VERTEX_POINT ( 'NONE', #1296 ) ;
#3034 = CARTESIAN_POINT ( 'NONE',  ( 0.3375000000000044631, 0.000000000000000000, 0.000000000000000000 ) ) ;
#3035 = CARTESIAN_POINT ( 'NONE',  ( 0.3375000000000029643, -5.250000000000000000, 0.000000000000000000 ) ) ;
#3036 = ORIENTED_EDGE ( 'NONE', *, *, #4171, .F. ) ;
#3037 = VERTEX_POINT ( 'NONE', #868 ) ;
#3038 = DIRECTION ( 'NONE',  ( 1.000000000000000000, 0.000000000000000000, 0.000000000000000000 ) ) ;
#3039 = EDGE_LOOP ( 'NONE', ( #2405, #2982, #2569, #849 ) ) ;
#3040 =( NAMED_UNIT ( * ) SI_UNIT ( $, .STERADIAN. ) SOLID_ANGLE_UNIT ( ) );
#3041 = CARTESIAN_POINT ( 'NONE',  ( -0.9602566187154466526, 4.996802983009159149, -0.5475545294847450339 ) ) ;
#3042 = CARTESIAN_POINT ( 'NONE',  ( -0.1137298752281216963, -1.072169428353688669, -4.909284847808306651 ) ) ;
#3043 = CARTESIAN_POINT ( 'NONE',  ( 0.6182595144253227870, 4.110372429053033905, 3.617249411575659934 ) ) ;
#3044 = CARTESIAN_POINT ( 'NONE',  ( -1.216873555469089929, -4.351777654016784069, -2.512500000000035705 ) ) ;
#3045 = CARTESIAN_POINT ( 'NONE',  ( 2.951763000829056837E-15, 5.250000000000000000, 0.000000000000000000 ) ) ;
#3046 = ORIENTED_EDGE ( 'NONE', *, *, #3478, .F. ) ;
#3047 = CYLINDRICAL_SURFACE ( 'NONE', #4432, 5.025000000000000355 ) ;
#3048 = ORIENTED_EDGE ( 'NONE', *, *, #2820, .F. ) ;
#3049 = CARTESIAN_POINT ( 'NONE',  ( -0.6178653494856257700, 1.750740808670964155, -5.187926071696275621 ) ) ;
#3050 = DIRECTION ( 'NONE',  ( 0.000000000000000000, 0.5000000000000038858, -0.8660254037844363761 ) ) ;
#3051 = DIRECTION ( 'NONE',  ( 0.000000000000000000, 0.000000000000000000, -1.000000000000000000 ) ) ;
#3052 = ADVANCED_FACE ( 'NONE', ( #3641, #643 ), #214, .T. ) ;
#3053 = DIRECTION ( 'NONE',  ( 0.000000000000000000, 0.000000000000000000, -1.000000000000000000 ) ) ;
#3054 = EDGE_CURVE ( 'NONE', #2176, #2958, #5658, .T. ) ;
#3055 = CARTESIAN_POINT ( 'NONE',  ( -1.216873555469124790, 2.876758985524203727, -4.661087872940336219 ) ) ;
#3056 = CARTESIAN_POINT ( 'NONE',  ( -1.216873555469091706, -2.877404942410712874, -4.660714929558022135 ) ) ;
#3057 = ORIENTED_EDGE ( 'NONE', *, *, #3549, .T. ) ;
#3058 = CARTESIAN_POINT ( 'NONE',  ( 0.7429409894823596483, -1.643745889321098996, -4.749811514361815590 ) ) ;
#3059 = CIRCLE ( 'NONE', #3792, 1.124999999999995115 ) ;
#3060 = CARTESIAN_POINT ( 'NONE',  ( -0.3374999999999975242, 5.344821428571429500, -1.186806174859089680 ) ) ;
#3061 = AXIS2_PLACEMENT_3D ( 'NONE', #3828, #3804, #265 ) ;
#3062 = ORIENTED_EDGE ( 'NONE', *, *, #603, .F. ) ;
#3063 = AXIS2_PLACEMENT_3D ( 'NONE', #2122, #5261, #3440 ) ;
#3064 = CARTESIAN_POINT ( 'NONE',  ( 0.3375000000000029088, 5.183890602451919349, -1.761505952817276510 ) ) ;
#3065 = CIRCLE ( 'NONE', #4535, 1.073181601594058732 ) ;
#3066 = ORIENTED_EDGE ( 'NONE', *, *, #2167, .F. ) ;
#3067 = AXIS2_PLACEMENT_3D ( 'NONE', #1873, #5387, #1815 ) ;
#3068 = AXIS2_PLACEMENT_3D ( 'NONE', #1998, #5533, #2369 ) ;
#3069 = CARTESIAN_POINT ( 'NONE',  ( 0.9692456470055399453, -3.938812449548182215, -3.122243819140588794 ) ) ;
#3070 = EDGE_CURVE ( 'NONE', #4050, #5409, #3971, .T. ) ;
#3071 = CARTESIAN_POINT ( 'NONE',  ( 0.5519744768570828963, 4.936626162701899467, -0.9398009068737426253 ) ) ;
#3072 = DIRECTION ( 'NONE',  ( 0.000000000000000000, 1.000000000000000000, 1.224646799147353454E-16 ) ) ;
#3073 = CARTESIAN_POINT ( 'NONE',  ( 0.1623272491987279853, 4.001999606619728311, 3.736258041268479602 ) ) ;
#3074 = CARTESIAN_POINT ( 'NONE',  ( 0.2288706956796008885, -4.782349675994547411, -1.543028613918568270 ) ) ;
#3075 = DIRECTION ( 'NONE',  ( -1.000000000000000000, -0.000000000000000000, 0.000000000000000000 ) ) ;
#3076 = CIRCLE ( 'NONE', #2221, 0.1999999999999996503 ) ;
#3077 = AXIS2_PLACEMENT_3D ( 'NONE', #221, #596, #3236 ) ;
#3078 = ORIENTED_EDGE ( 'NONE', *, *, #3928, .T. ) ;
#3079 = CIRCLE ( 'NONE', #578, 4.500000000000002665 ) ;
#3080 = CIRCLE ( 'NONE', #1955, 4.500000000000002665 ) ;
#3081 = DIRECTION ( 'NONE',  ( -1.000000000000000000, -0.000000000000000000, 0.000000000000000000 ) ) ;
#3082 = VERTEX_POINT ( 'NONE', #1434 ) ;
#3083 = CARTESIAN_POINT ( 'NONE',  ( -0.3374999999999970246, -3.344476566048462551, -3.750346850512987995 ) ) ;
#3084 = CARTESIAN_POINT ( 'NONE',  ( 0.6073178875565927726, 3.357056292692531141, 3.739553136311727144 ) ) ;
#3085 = DIRECTION ( 'NONE',  ( 0.000000000000000000, 0.000000000000000000, -1.000000000000000000 ) ) ;
#3086 = CARTESIAN_POINT ( 'NONE',  ( 0.1139339630336194120, 1.709969858110689023, 5.201117964857060905 ) ) ;
#3087 = VERTEX_POINT ( 'NONE', #4092 ) ;
#3088 = DIRECTION ( 'NONE',  ( -1.000000000000000000, -0.000000000000000000, 0.000000000000000000 ) ) ;
#3089 = EDGE_CURVE ( 'NONE', #2233, #220, #3163, .T. ) ;
#3090 = FACE_BOUND ( 'NONE', #2670, .T. ) ;
#3091 = ORIENTED_EDGE ( 'NONE', *, *, #4714, .T. ) ;
#3092 = CARTESIAN_POINT ( 'NONE',  ( -0.9843303561304969085, 0.000000000000000000, 0.000000000000000000 ) ) ;
#3093 = CARTESIAN_POINT ( 'NONE',  ( -0.1561588338129538400, -1.418131903940978100, -4.820739249744123711 ) ) ;
#3094 = DIRECTION ( 'NONE',  ( 0.000000000000000000, 1.000000000000000000, 0.000000000000000000 ) ) ;
#3095 = ORIENTED_EDGE ( 'NONE', *, *, #862, .T. ) ;
#3096 = ADVANCED_FACE ( 'NONE', ( #1538 ), #1949, .F. ) ;
#3097 = ORIENTED_EDGE ( 'NONE', *, *, #5394, .F. ) ;
#3098 = CARTESIAN_POINT ( 'NONE',  ( 1.102270384252428181, 5.025000000000000355, -2.755605343752521272E-17 ) ) ;
#3099 = DIRECTION ( 'NONE',  ( -1.000000000000000000, -0.000000000000000000, -0.000000000000000000 ) ) ;
#3100 = CARTESIAN_POINT ( 'NONE',  ( 0.3375000000000029643, 4.546633369868336771, -2.624999999999942268 ) ) ;
#3101 = FACE_OUTER_BOUND ( 'NONE', #72, .T. ) ;
#3102 = ORIENTED_EDGE ( 'NONE', *, *, #4820, .T. ) ;
#3103 = UNCERTAINTY_MEASURE_WITH_UNIT (LENGTH_MEASURE( 1.000000000000000082E-05 ), #4377, 'distance_accuracy_value', 'NONE');
#3104 = CARTESIAN_POINT ( 'NONE',  ( 0.2288706956812023297, -4.913150616150935512, 1.054872859577047128 ) ) ;
#3105 = ORIENTED_EDGE ( 'NONE', *, *, #5173, .F. ) ;
#3106 = CARTESIAN_POINT ( 'NONE',  ( -0.3374999999999970246, -1.575657362522953742, 4.771575093816213808 ) ) ;
#3107 = DIRECTION ( 'NONE',  ( -1.000000000000000000, -0.000000000000000000, 0.000000000000000000 ) ) ;
#3108 = ORIENTED_EDGE ( 'NONE', *, *, #4887, .F. ) ;
#3109 =( NAMED_UNIT ( * ) SI_UNIT ( $, .STERADIAN. ) SOLID_ANGLE_UNIT ( ) );
#3110 = CARTESIAN_POINT ( 'NONE',  ( 0.3375000000000029088, 4.117454205283326729, -3.608627975754036044 ) ) ;
#3111 = VERTEX_POINT ( 'NONE', #4118 ) ;
#3112 = DIRECTION ( 'NONE',  ( 0.000000000000000000, 0.000000000000000000, 1.000000000000000000 ) ) ;
#3113 = CARTESIAN_POINT ( 'NONE',  ( 1.216873555469096146, -4.351777654016784069, -2.512500000000035705 ) ) ;
#3114 = CIRCLE ( 'NONE', #1907, 7.500000000000000000 ) ;
#3115 = CARTESIAN_POINT ( 'NONE',  ( -0.3374999999999970246, 3.750346850512952912, 3.344476566048502963 ) ) ;
#3116 = ORIENTED_EDGE ( 'NONE', *, *, #4085, .T. ) ;
#3117 = CARTESIAN_POINT ( 'NONE',  ( 0.9659926404255062549, 5.447878509656304935, -0.5607165819499219106 ) ) ;
#3118 = ORIENTED_EDGE ( 'NONE', *, *, #2258, .F. ) ;
#3119 = CARTESIAN_POINT ( 'NONE',  ( 1.216873555469131230, -0.1608024255588534068, -5.475000000000012079 ) ) ;
#3120 = CARTESIAN_POINT ( 'NONE',  ( -0.3374999999999969691, 5.025000000000001243, 0.000000000000000000 ) ) ;
#3121 = FACE_OUTER_BOUND ( 'NONE', #4927, .T. ) ;
#3122 = FACE_OUTER_BOUND ( 'NONE', #967, .T. ) ;
#3123 = CARTESIAN_POINT ( 'NONE',  ( 2.951763000829056837E-15, 5.250000000000000000, 0.000000000000000000 ) ) ;
#3124 = EDGE_CURVE ( 'NONE', #5340, #663, #3537, .T. ) ;
#3125 = EDGE_CURVE ( 'NONE', #3789, #2388, #4109, .T. ) ;
#3126 = CLOSED_SHELL ( 'NONE', ( #4459, #763, #5135, #3763 ) ) ;
#3127 = ORIENTED_EDGE ( 'NONE', *, *, #722, .F. ) ;
#3128 = EDGE_CURVE ( 'NONE', #2283, #4834, #3811, .T. ) ;
#3129 = DIRECTION ( 'NONE',  ( 0.000000000000000000, 0.000000000000000000, -1.000000000000000000 ) ) ;
#3130 = ORIENTED_EDGE ( 'NONE', *, *, #1706, .T. ) ;
#3131 = CARTESIAN_POINT ( 'NONE',  ( 1.186246345985057848, 2.455581101507955388, -4.895758463743367095 ) ) ;
#3132 = CARTESIAN_POINT ( 'NONE',  ( 1.216873555469097479, 2.650222503234648919, 4.272263529700811802 ) ) ;
#3133 = ADVANCED_FACE ( 'NONE', ( #4580 ), #3199, .T. ) ;
#3134 = CARTESIAN_POINT ( 'NONE',  ( 1.216873555469096146, 4.351777654016835584, -2.512499999999944222 ) ) ;
#3135 = FACE_BOUND ( 'NONE', #3548, .T. ) ;
#3136 = VERTEX_POINT ( 'NONE', #4140 ) ;
#3137 = SURFACE_STYLE_USAGE ( .BOTH. , #5312 ) ;
#3138 = DIRECTION ( 'NONE',  ( 1.000000000000000000, 0.000000000000000000, 0.000000000000000000 ) ) ;
#3139 = ORIENTED_EDGE ( 'NONE', *, *, #2365, .F. ) ;
#3140 = CARTESIAN_POINT ( 'NONE',  ( 0.7429409894823587601, 1.643745889321131193, 4.749811514361804932 ) ) ;
#3141 = CARTESIAN_POINT ( 'NONE',  ( -1.060068109014960402, -1.971817333347538614, -4.624251323185577078 ) ) ;
#3142 = CARTESIAN_POINT ( 'NONE',  ( 2.951763000829056837E-15, 4.546633369868299468, 2.625000000000005329 ) ) ;
#3143 = ORIENTED_EDGE ( 'NONE', *, *, #2445, .F. ) ;
#3144 = AXIS2_PLACEMENT_3D ( 'NONE', #4274, #3755, #1644 ) ;
#3145 = EDGE_CURVE ( 'NONE', #2958, #5035, #4638, .T. ) ;
#3146 = EDGE_LOOP ( 'NONE', ( #2205, #5393 ) ) ;
#3147 = AXIS2_PLACEMENT_3D ( 'NONE', #3317, #5203, #3408 ) ;
#3148 = CARTESIAN_POINT ( 'NONE',  ( 1.060888576746104262, -4.020771965135016224, -3.017419481698561334 ) ) ;
#3149 = CARTESIAN_POINT ( 'NONE',  ( 0.3375000000000030753, -3.344476566048514954, 3.750346850512941366 ) ) ;
#3150 = CARTESIAN_POINT ( 'NONE',  ( -0.3374999999999969691, 5.025000000000001243, 0.000000000000000000 ) ) ;
#3151 = SPHERICAL_SURFACE ( 'NONE', #4323, 1.237499999999996936 ) ;
#3152 = CARTESIAN_POINT ( 'NONE',  ( 2.951763000829056837E-15, 4.546633369868299468, 2.625000000000005329 ) ) ;
#3153 = CARTESIAN_POINT ( 'NONE',  ( -0.3374999999999970246, 3.750346850512999541, -3.344476566048450117 ) ) ;
#3154 = TOROIDAL_SURFACE ( 'NONE', #1765, 5.250000000000000000, 1.237499999999997158 ) ;
#3155 = AXIS2_PLACEMENT_3D ( 'NONE', #2431, #5639, #4796 ) ;
#3156 = ORIENTED_EDGE ( 'NONE', *, *, #251, .T. ) ;
#3157 = ADVANCED_FACE ( 'NONE', ( #1091, #2858 ), #4610, .T. ) ;
#3158 = EDGE_CURVE ( 'NONE', #1165, #4019, #5008, .T. ) ;
#3159 = CIRCLE ( 'NONE', #470, 7.300000000000000711 ) ;
#3160 = PRESENTATION_LAYER_ASSIGNMENT (  '', '', ( #1487 ) ) ;
#3161 = CARTESIAN_POINT ( 'NONE',  ( 0.7429409894823588711, 4.749811514361822695, -1.643745889321081233 ) ) ;
#3162 = AXIS2_PLACEMENT_3D ( 'NONE', #3513, #5281, #1104 ) ;
#3163 = CIRCLE ( 'NONE', #478, 1.124999999999994893 ) ;
#3164 = ADVANCED_FACE ( 'NONE', ( #2469 ), #5200, .T. ) ;
#3165 = DIRECTION ( 'NONE',  ( 0.000000000000000000, 0.000000000000000000, -1.000000000000000000 ) ) ;
#3166 = ORIENTED_EDGE ( 'NONE', *, *, #840, .F. ) ;
#3167 = DIRECTION ( 'NONE',  ( -1.000000000000000000, -0.000000000000000000, 0.000000000000000000 ) ) ;
#3168 = DIRECTION ( 'NONE',  ( 0.000000000000000000, 0.8660254037844450359, -0.4999999999999891198 ) ) ;
#3169 = FACE_OUTER_BOUND ( 'NONE', #1215, .T. ) ;
#3170 = CYLINDRICAL_SURFACE ( 'NONE', #2779, 5.475000000000000533 ) ;
#3171 = ORIENTED_EDGE ( 'NONE', *, *, #5183, .T. ) ;
#3172 = CARTESIAN_POINT ( 'NONE',  ( -19.92709219242683361, 0.000000000000000000, 0.000000000000000000 ) ) ;
#3173 = CARTESIAN_POINT ( 'NONE',  ( 2.499999999999996003, -7.592810154713585891E-16, 6.199999999999996625 ) ) ;
#3174 = ORIENTED_EDGE ( 'NONE', *, *, #2398, .T. ) ;
#3175 = FACE_OUTER_BOUND ( 'NONE', #4095, .T. ) ;
#3176 = DIRECTION ( 'NONE',  ( -1.000000000000000000, -0.000000000000000000, 0.000000000000000000 ) ) ;
#3177 = CARTESIAN_POINT ( 'NONE',  ( 1.184509137125802303, 2.235888882112485376, -4.502506502262840549 ) ) ;
#3178 = VERTEX_POINT ( 'NONE', #2004 ) ;
#3179 = DIRECTION ( 'NONE',  ( -1.000000000000000000, -0.000000000000000000, 0.000000000000000000 ) ) ;
#3180 = ORIENTED_EDGE ( 'NONE', *, *, #3393, .T. ) ;
#3181 = CARTESIAN_POINT ( 'NONE',  ( 2.499999999999998668, -5.388445916248356971E-16, 4.300000000000001599 ) ) ;
#3182 = DIRECTION ( 'NONE',  ( -1.000000000000000000, -0.000000000000000000, 0.000000000000000000 ) ) ;
#3183 = DIRECTION ( 'NONE',  ( 1.000000000000000000, 0.000000000000000000, -0.000000000000000000 ) ) ;
#3184 = CARTESIAN_POINT ( 'NONE',  ( 1.065679434814409410, 0.6205631166708069912, -5.441787282991779939 ) ) ;
#3185 = ORIENTED_EDGE ( 'NONE', *, *, #702, .F. ) ;
#3186 = DIRECTION ( 'NONE',  ( 0.000000000000000000, -0.8660254037844415942, 0.4999999999999947264 ) ) ;
#3187 = DIRECTION ( 'NONE',  ( -1.000000000000000000, -0.000000000000000000, 0.000000000000000000 ) ) ;
#3188 = VERTEX_POINT ( 'NONE', #3459 ) ;
#3189 = FACE_OUTER_BOUND ( 'NONE', #1100, .T. ) ;
#3190 = CARTESIAN_POINT ( 'NONE',  ( -3.499999999999999556, -7.347880794884116778E-16, 5.999999999999997335 ) ) ;
#3191 = CYLINDRICAL_SURFACE ( 'NONE', #2959, 5.475000000000000533 ) ;
#3192 = EDGE_CURVE ( 'NONE', #3835, #2537, #3905, .T. ) ;
#3193 = EDGE_CURVE ( 'NONE', #2287, #1755, #3714, .T. ) ;
#3194 = DIRECTION ( 'NONE',  ( 0.000000000000000000, -0.4999999999999917288, -0.8660254037844433705 ) ) ;
#3195 = FACE_OUTER_BOUND ( 'NONE', #4621, .T. ) ;
#3196 = FACE_OUTER_BOUND ( 'NONE', #1240, .T. ) ;
#3197 = ORIENTED_EDGE ( 'NONE', *, *, #5703, .T. ) ;
#3198 = CARTESIAN_POINT ( 'NONE',  ( -0.9692456470055338391, -3.938812449548225736, 3.122243819140533727 ) ) ;
#3199 = SPHERICAL_SURFACE ( 'NONE', #860, 1.124999999999995115 ) ;
#3200 = CARTESIAN_POINT ( 'NONE',  ( -0.9766093576085623784, -0.7572843384363562302, 5.423612651610232760 ) ) ;
#3201 = STYLED_ITEM ( 'NONE', ( #965 ), #850 ) ;
#3202 = VERTEX_POINT ( 'NONE', #4230 ) ;
#3203 = B_SPLINE_CURVE_WITH_KNOTS ( 'NONE', 3,
 ( #3642, #4094, #3177, #105, #3553, #4495, #4003, #4406, #534, #1328, #4934, #3607, #2286, #4060, #448, #2772, #1868, #5318 ),
 .UNSPECIFIED., .F., .F.,
 ( 4, 2, 2, 2, 2, 2, 2, 2, 4 ),
 ( 0.001883778963244842194, 0.002354457140183676203, 0.002825135317122509995, 0.003295813494061344221, 0.003766491671000178447, 0.004237169847939012239, 0.004707848024877846031, 0.005178526201816680691, 0.005649204378755514483 ),
 .UNSPECIFIED. ) ;
#3204 = CARTESIAN_POINT ( 'NONE',  ( 1.184200262958152283, 4.187119299164376862, -2.782020603964347583 ) ) ;
#3205 = ORIENTED_EDGE ( 'NONE', *, *, #5012, .F. ) ;
#3206 = B_SPLINE_CURVE_WITH_KNOTS ( 'NONE', 3,
 ( #2254, #5042, #2372, #613, #1916, #1406, #1831, #5373 ),
 .UNSPECIFIED., .F., .F.,
 ( 4, 2, 2, 4 ),
 ( 0.001883778965698460449, 0.002269289130307740581, 0.002654799294917020713, 0.003425819624135580978 ),
 .UNSPECIFIED. ) ;
#3207 = CARTESIAN_POINT ( 'NONE',  ( -0.2288940565161324825, 4.093829020219217796, 3.635584375318187345 ) ) ;
#3208 = CARTESIAN_POINT ( 'NONE',  ( -0.1623272492000132350, -1.234694575522349513, -5.333962345902294899 ) ) ;
#3209 = DIRECTION ( 'NONE',  ( 0.000000000000000000, 0.5000000000000012212, -0.8660254037844381525 ) ) ;
#3210 = CARTESIAN_POINT ( 'NONE',  ( 2.951763000829056837E-15, 5.250000000000000000, 0.000000000000000000 ) ) ;
#3211 = CARTESIAN_POINT ( 'NONE',  ( 0.1603182285372221627, 5.236684552382540048, 1.597735866490199275 ) ) ;
#3212 = AXIS2_PLACEMENT_3D ( 'NONE', #1360, #2687, #1441 ) ;
#3213 = CARTESIAN_POINT ( 'NONE',  ( 0.1604339755935514367, -3.465615128512607335, 3.638699879211154009 ) ) ;
#3214 = CARTESIAN_POINT ( 'NONE',  ( -0.3374999999999969691, -5.183890602451905139, 1.761505952817311149 ) ) ;
#3215 = STYLED_ITEM ( 'NONE', ( #626 ), #2660 ) ;
#3216 = B_SPLINE_CURVE_WITH_KNOTS ( 'NONE', 3,
 ( #2187, #5240, #3867, #1675, #5177, #2077, #403, #782, #3927, #5696, #1732, #427, #5266, #3418, #1330, #3958, #4299, #2162 ),
 .UNSPECIFIED., .F., .F.,
 ( 4, 2, 2, 2, 2, 2, 2, 2, 4 ),
 ( 0.005649204386103774504, 0.006119817983380340318, 0.006590431580656906131, 0.007061045177933471945, 0.007531658775210038625, 0.008002272372486603572, 0.008472885969763170252, 0.008943499567039735199, 0.009414113164316301879 ),
 .UNSPECIFIED. ) ;
#3217 = EDGE_LOOP ( 'NONE', ( #1812, #4497, #4963, #1426 ) ) ;
#3218 = CARTESIAN_POINT ( 'NONE',  ( 2.951763000829056837E-15, -1.833027702892645012E-14, 5.250000000000000000 ) ) ;
#3219 = AXIS2_PLACEMENT_3D ( 'NONE', #3257, #1056, #4055 ) ;
#3220 = CIRCLE ( 'NONE', #610, 1.237499999999996936 ) ;
#3221 = CARTESIAN_POINT ( 'NONE',  ( 0.9768424931114066956, 0.7568242692210002120, 5.423668576231581717 ) ) ;
#3222 = ORIENTED_EDGE ( 'NONE', *, *, #109, .T. ) ;
#3223 = DIRECTION ( 'NONE',  ( 1.000000000000000000, 0.000000000000000000, 0.000000000000000000 ) ) ;
#3224 = DIRECTION ( 'NONE',  ( 0.000000000000000000, 0.5000000000000099920, -0.8660254037844328234 ) ) ;
#3225 = DIRECTION ( 'NONE',  ( 0.000000000000000000, -0.5000000000000069944, 0.8660254037844345998 ) ) ;
#3226 = DIRECTION ( 'NONE',  ( 0.000000000000000000, 8.082152514542375808E-16, 1.000000000000000000 ) ) ;
#3227 = ORIENTED_EDGE ( 'NONE', *, *, #1382, .F. ) ;
#3228 = EDGE_CURVE ( 'NONE', #3491, #1349, #3631, .T. ) ;
#3229 = DIRECTION ( 'NONE',  ( 0.000000000000000000, 0.8660254037844432595, -0.4999999999999919509 ) ) ;
#3230 = ADVANCED_FACE ( 'NONE', ( #3428 ), #678, .F. ) ;
#3231 = CARTESIAN_POINT ( 'NONE',  ( -0.6188283613271731154, -5.368357146716462580, -1.077234586337276756 ) ) ;
#3232 = CARTESIAN_POINT ( 'NONE',  ( 1.060888576672772698, -4.990800405465333434, -0.6027759425897548651 ) ) ;
#3233 = CARTESIAN_POINT ( 'NONE',  ( -0.3374999999999975242, 0.000000000000000000, 0.000000000000000000 ) ) ;
#3234 = CARTESIAN_POINT ( 'NONE',  ( -1.124999999999992006, -1.833027702892645012E-14, 5.250000000000000000 ) ) ;
#3235 = ORIENTED_EDGE ( 'NONE', *, *, #5028, .T. ) ;
#3236 = DIRECTION ( 'NONE',  ( 0.000000000000000000, 0.000000000000000000, -1.000000000000000000 ) ) ;
#3237 = AXIS2_PLACEMENT_3D ( 'NONE', #4926, #4087, #5015 ) ;
#3238 = DIRECTION ( 'NONE',  ( 0.000000000000000000, 1.000000000000000000, 0.000000000000000000 ) ) ;
#3239 = CARTESIAN_POINT ( 'NONE',  ( 2.951763000829056837E-15, -6.429395695523604153E-16, 5.250000000000000000 ) ) ;
#3240 = ORIENTED_EDGE ( 'NONE', *, *, #3527, .T. ) ;
#3241 = FACE_OUTER_BOUND ( 'NONE', #5644, .T. ) ;
#3242 = CARTESIAN_POINT ( 'NONE',  ( -0.3374999999999969691, -5.370133928571430459, 1.066436397168616601 ) ) ;
#3243 = DIRECTION ( 'NONE',  ( 0.000000000000000000, 1.000000000000000000, 3.613946018757868503E-15 ) ) ;
#3244 = CIRCLE ( 'NONE', #846, 5.025000000000001243 ) ;
#3245 = EDGE_LOOP ( 'NONE', ( #2932, #3227, #1107, #3197 ) ) ;
#3246 = CIRCLE ( 'NONE', #2501, 1.073181601594058732 ) ;
#3247 = AXIS2_PLACEMENT_3D ( 'NONE', #4695, #2496, #2032 ) ;
#3248 = CIRCLE ( 'NONE', #752, 5.475000000000002309 ) ;
#3249 = CIRCLE ( 'NONE', #4076, 1.237499999999996714 ) ;
#3250 = AXIS2_PLACEMENT_3D ( 'NONE', #5638, #4298, #4712 ) ;
#3251 = ORIENTED_EDGE ( 'NONE', *, *, #1326, .T. ) ;
#3252 = CYLINDRICAL_SURFACE ( 'NONE', #2502, 5.475000000000000533 ) ;
#3253 = DIRECTION ( 'NONE',  ( -0.000000000000000000, -0.8660254037844328234, -0.5000000000000099920 ) ) ;
#3254 = FACE_OUTER_BOUND ( 'NONE', #870, .T. ) ;
#3255 = AXIS2_PLACEMENT_3D ( 'NONE', #5501, #5530, #2871 ) ;
#3256 = AXIS2_PLACEMENT_3D ( 'NONE', #2226, #386, #4021 ) ;
#3257 = CARTESIAN_POINT ( 'NONE',  ( 2.951763000829056837E-15, 0.000000000000000000, 0.000000000000000000 ) ) ;
#3258 = CARTESIAN_POINT ( 'NONE',  ( -0.3374999999999969691, -3.608627975754107098, 4.117454205283261892 ) ) ;
#3259 = VERTEX_POINT ( 'NONE', #2497 ) ;
#3260 = DIRECTION ( 'NONE',  ( 0.000000000000000000, 0.000000000000000000, -1.000000000000000000 ) ) ;
#3261 = CARTESIAN_POINT ( 'NONE',  ( 0.2288706956796007219, -1.543028613918551617, 4.782349675994552740 ) ) ;
#3262 = CARTESIAN_POINT ( 'NONE',  ( 2.299999999999997158, 0.000000000000000000, -7.500000000000000000 ) ) ;
#3263 = FACE_OUTER_BOUND ( 'NONE', #4791, .T. ) ;
#3264 = EDGE_CURVE ( 'NONE', #3001, #854, #5223, .T. ) ;
#3265 = DIRECTION ( 'NONE',  ( -0.000000000000000000, -0.000000000000000000, -1.000000000000000000 ) ) ;
#3266 = CARTESIAN_POINT ( 'NONE',  ( 2.299999999999997602, 0.000000000000000000, 0.000000000000000000 ) ) ;
#3267 = CARTESIAN_POINT ( 'NONE',  ( -1.184509137125796085, -4.502506502262880517, 2.235888882112407217 ) ) ;
#3268 = CARTESIAN_POINT ( 'NONE',  ( -1.216873555469090151, -2.648512982295688101, -4.273250522075107583 ) ) ;
#3269 = ORIENTED_EDGE ( 'NONE', *, *, #3264, .F. ) ;
#3270 = DIRECTION ( 'NONE',  ( -1.000000000000000000, -0.000000000000000000, 0.000000000000000000 ) ) ;
#3271 = DIRECTION ( 'NONE',  ( 1.000000000000000000, 0.000000000000000000, -0.000000000000000000 ) ) ;
#3272 = EDGE_CURVE ( 'NONE', #3700, #3835, #4359, .T. ) ;
#3273 = ORIENTED_EDGE ( 'NONE', *, *, #3589, .F. ) ;
#3274 = DIRECTION ( 'NONE',  ( 0.000000000000000000, 1.000000000000000000, 0.000000000000000000 ) ) ;
#3275 = B_SPLINE_CURVE_WITH_KNOTS ( 'NONE', 3,
 ( #5597, #3403, #326, #5163, #3314, #1236 ),
 .UNSPECIFIED., .F., .F.,
 ( 4, 2, 4 ),
 ( 0.003069521843240042430, 0.003410565456215183637, 0.003751609069190324844 ),
 .UNSPECIFIED. ) ;
#3276 = VERTEX_POINT ( 'NONE', #1157 ) ;
#3277 = VERTEX_POINT ( 'NONE', #4201 ) ;
#3278 = DIRECTION ( 'NONE',  ( -1.000000000000000000, -0.000000000000000000, 0.000000000000000000 ) ) ;
#3279 = DIRECTION ( 'NONE',  ( 1.000000000000000000, 0.000000000000000000, -0.000000000000000000 ) ) ;
#3280 = CYLINDRICAL_SURFACE ( 'NONE', #744, 5.475000000000000533 ) ;
#3281 = SURFACE_STYLE_USAGE ( .BOTH. , #2826 ) ;
#3282 = DIRECTION ( 'NONE',  ( 0.000000000000000000, 0.000000000000000000, -1.000000000000000000 ) ) ;
#3283 = ORIENTED_EDGE ( 'NONE', *, *, #5453, .T. ) ;
#3284 = CARTESIAN_POINT ( 'NONE',  ( 2.499999999999997780, 0.000000000000000000, 0.000000000000000000 ) ) ;
#3285 = DIRECTION ( 'NONE',  ( 0.000000000000000000, 0.8660254037844328234, 0.5000000000000101030 ) ) ;
#3286 = FILL_AREA_STYLE ('',( #1511 ) ) ;
#3287 = ORIENTED_EDGE ( 'NONE', *, *, #2734, .T. ) ;
#3288 = ORIENTED_EDGE ( 'NONE', *, *, #4216, .T. ) ;
#3289 = CARTESIAN_POINT ( 'NONE',  ( -0.3374999999999969691, 5.025000000000001243, 0.000000000000000000 ) ) ;
#3290 = DIRECTION ( 'NONE',  ( 0.000000000000000000, 0.000000000000000000, -1.000000000000000000 ) ) ;
#3291 = CARTESIAN_POINT ( 'NONE',  ( 2.299999999999997158, -7.347880794884117764E-16, 5.999999999999998224 ) ) ;
#3292 = ORIENTED_EDGE ( 'NONE', *, *, #3158, .T. ) ;
#3293 = CARTESIAN_POINT ( 'NONE',  ( 0.2291337308794290650, -1.101516330008242006, 5.363167525556531423 ) ) ;
#3294 = AXIS2_PLACEMENT_3D ( 'NONE', #3618, #141, #2781 ) ;
#3295 = VERTEX_POINT ( 'NONE', #2112 ) ;
#3296 = AXIS2_PLACEMENT_3D ( 'NONE', #1464, #4940, #2295 ) ;
#3297 = EDGE_CURVE ( 'NONE', #4678, #334, #2033, .T. ) ;
#3298 = ADVANCED_FACE ( 'NONE', ( #266, #5595 ), #5575, .T. ) ;
#3299 = CARTESIAN_POINT ( 'NONE',  ( 2.499999999999997780, -3.918869757271533418E-16, 3.200000000000002398 ) ) ;
#3300 = CARTESIAN_POINT ( 'NONE',  ( -0.3374999999999975242, 0.000000000000000000, 0.000000000000000000 ) ) ;
#3301 = VERTEX_POINT ( 'NONE', #1656 ) ;
#3302 = EDGE_LOOP ( 'NONE', ( #5716, #3471, #4842, #4422 ) ) ;
#3303 = DIRECTION ( 'NONE',  ( 1.000000000000000000, 0.000000000000000000, 0.000000000000000000 ) ) ;
#3304 = CIRCLE ( 'NONE', #2568, 1.237499999999996936 ) ;
#3305 = CARTESIAN_POINT ( 'NONE',  ( 1.216873555469096146, -4.351777654016784069, -2.512500000000035705 ) ) ;
#3306 = CARTESIAN_POINT ( 'NONE',  ( -0.3374999999999969691, 3.608627975754136852, -4.117454205283237023 ) ) ;
#3307 = DIRECTION ( 'NONE',  ( 0.000000000000000000, 0.5000000000000008882, -0.8660254037844382635 ) ) ;
#3308 = ADVANCED_FACE ( 'NONE', ( #5195 ), #1180, .T. ) ;
#3309 = CARTESIAN_POINT ( 'NONE',  ( 0.3375000000000030753, -4.920133928571429394, -1.021228243303264893 ) ) ;
#3310 = ORIENTED_EDGE ( 'NONE', *, *, #3128, .F. ) ;
#3311 = CARTESIAN_POINT ( 'NONE',  ( -0.1604339755935464962, -3.638699879211192201, 3.465615128512568699 ) ) ;
#3312 = CARTESIAN_POINT ( 'NONE',  ( -19.92709219242683361, 0.000000000000000000, 0.000000000000000000 ) ) ;
#3313 = CARTESIAN_POINT ( 'NONE',  ( -3.499999999999999556, 0.000000000000000000, -5.999999999999997335 ) ) ;
#3314 = CARTESIAN_POINT ( 'NONE',  ( 0.2288706956799388959, 4.782349675994524318, 1.543028613918635994 ) ) ;
#3315 = EDGE_LOOP ( 'NONE', ( #948, #5383, #4123, #1945 ) ) ;
#3316 = CARTESIAN_POINT ( 'NONE',  ( -0.9692456470055351714, 3.938812449548248384, -3.122243819140504417 ) ) ;
#3317 = CARTESIAN_POINT ( 'NONE',  ( -2.500000000000001332, 0.000000000000000000, 0.000000000000000000 ) ) ;
#3318 = VERTEX_POINT ( 'NONE', #4696 ) ;
#3319 = CARTESIAN_POINT ( 'NONE',  ( 0.8106505333347263642, 4.944155350870197196, 0.9209575396342017939 ) ) ;
#3320 = CARTESIAN_POINT ( 'NONE',  ( 2.299999999999998046, 0.000000000000000000, -4.500000000000002665 ) ) ;
#3321 = DIRECTION ( 'NONE',  ( -0.000000000000000000, -0.8660254037844398178, 0.4999999999999980016 ) ) ;
#3322 = VERTEX_POINT ( 'NONE', #3805 ) ;
#3323 = DIRECTION ( 'NONE',  ( 0.000000000000000000, 0.4999999999999980016, 0.8660254037844397068 ) ) ;
#3324 = CARTESIAN_POINT ( 'NONE',  ( -3.499999999999999556, 0.000000000000000000, -4.500000000000001776 ) ) ;
#3325 = UNCERTAINTY_MEASURE_WITH_UNIT (LENGTH_MEASURE( 1.000000000000000082E-05 ), #4514, 'distance_accuracy_value', 'NONE');
#3326 = ORIENTED_EDGE ( 'NONE', *, *, #964, .T. ) ;
#3327 = CARTESIAN_POINT ( 'NONE',  ( 2.951763000829056837E-15, 5.250000000000000000, 0.000000000000000000 ) ) ;
#3328 = DIRECTION ( 'NONE',  ( 0.000000000000000000, 0.5000000000000099920, -0.8660254037844328234 ) ) ;
#3329 = DIRECTION ( 'NONE',  ( 1.000000000000000000, 0.000000000000000000, -0.000000000000000000 ) ) ;
#3330 = AXIS2_PLACEMENT_3D ( 'NONE', #4832, #880, #904 ) ;
#3331 = EDGE_CURVE ( 'NONE', #668, #4673, #4542, .T. ) ;
#3332 = ORIENTED_EDGE ( 'NONE', *, *, #2777, .F. ) ;
#3333 = EDGE_CURVE ( 'NONE', #3991, #4228, #580, .T. ) ;
#3334 = CIRCLE ( 'NONE', #4802, 5.475000000000002309 ) ;
#3335 = ORIENTED_EDGE ( 'NONE', *, *, #5360, .F. ) ;
#3336 = AXIS2_PLACEMENT_3D ( 'NONE', #2803, #5512, #5536 ) ;
#3337 = CIRCLE ( 'NONE', #1851, 1.237499999999997380 ) ;
#3338 = CARTESIAN_POINT ( 'NONE',  ( -1.216873555469125234, -2.876758985524170864, 4.661087872940355759 ) ) ;
#3339 = CARTESIAN_POINT ( 'NONE',  ( 0.3164496935152140700, 3.443614407752323636, -3.660008334471359426 ) ) ;
#3340 = B_SPLINE_CURVE_WITH_KNOTS ( 'NONE', 3,
 ( #279, #5172, #4213, #2075, #4657, #2925, #2951, #3840, #690, #250, #3783, #2482, #225, #2015, #1519, #2049, #1217, #1587 ),
 .UNSPECIFIED., .F., .F.,
 ( 4, 2, 2, 2, 2, 2, 2, 2, 4 ),
 ( 0.005772523578963715402, 0.006253562060437050166, 0.006734600541910384930, 0.007215639023383718827, 0.007696677504857053591, 0.008177715986330387488, 0.008658754467803722252, 0.009139792949277057016, 0.009620831430750391780 ),
 .UNSPECIFIED. ) ;
#3341 = ADVANCED_FACE ( 'NONE', ( #2619 ), #3025, .F. ) ;
#3342 = AXIS2_PLACEMENT_3D ( 'NONE', #5214, #5612, #5671 ) ;
#3343 = COLOUR_RGB ( '',1.000000000000000000, 1.000000000000000000, 1.000000000000000000 ) ;
#3344 = CARTESIAN_POINT ( 'NONE',  ( -1.184325193566454715, 4.502740015386073935, 2.235402784040019242 ) ) ;
#3345 = ORIENTED_EDGE ( 'NONE', *, *, #1491, .F. ) ;
#3346 = DIRECTION ( 'NONE',  ( -1.000000000000000000, -0.000000000000000000, 0.000000000000000000 ) ) ;
#3347 = CARTESIAN_POINT ( 'NONE',  ( -19.92709219242683361, 0.000000000000000000, 0.000000000000000000 ) ) ;
#3348 = B_SPLINE_CURVE_WITH_KNOTS ( 'NONE', 3,
 ( #2384, #2046, #3267, #4558, #718, #1549, #4654, #5582, #2479, #597, #5085, #247, #655, #5548, #222, #622, #276, #1984 ),
 .UNSPECIFIED., .F., .F.,
 ( 4, 2, 2, 2, 2, 2, 2, 2, 4 ),
 ( 0.001883778963244802079, 0.002354457140183636304, 0.002825135317122470097, 0.003295813494061304322, 0.003766491671000138548, 0.004237169847938972340, 0.004707848024877807000, 0.005178526201816640792, 0.005649204378755473717 ),
 .UNSPECIFIED. ) ;
#3349 = CYLINDRICAL_SURFACE ( 'NONE', #5647, 5.999999999999997335 ) ;
#3350 = CARTESIAN_POINT ( 'NONE',  ( -0.7539386004181370948, -4.172790416570657079, 3.546371439658982272 ) ) ;
#3351 = ORIENTED_EDGE ( 'NONE', *, *, #2488, .T. ) ;
#3352 = AXIS2_PLACEMENT_3D ( 'NONE', #4366, #3365, #755 ) ;
#3353 = PRESENTATION_LAYER_ASSIGNMENT (  '', '', ( #4354 ) ) ;
#3354 = PRODUCT ( '镜向GB╱T 276-2013[一面带密封圈（非接触式）的深沟球轴承[60000-RZ]619／6-RZ]', '镜向GB╱T 276-2013[一面带密封圈（非接触式）的深沟球轴承[60000-RZ]619／6-RZ]', '', ( #2515 ) ) ;
#3355 = CARTESIAN_POINT ( 'NONE',  ( 1.186246345985057848, -5.467641751148407003, 0.3212836169128832076 ) ) ;
#3356 = CIRCLE ( 'NONE', #5657, 5.475000000000000533 ) ;
#3357 = AXIS2_PLACEMENT_3D ( 'NONE', #1411, #3176, #4933 ) ;
#3358 = CARTESIAN_POINT ( 'NONE',  ( 0.6171494958829062405, -5.188032411269617228, -1.750416590129489691 ) ) ;
#3359 = ORIENTED_EDGE ( 'NONE', *, *, #3895, .F. ) ;
#3360 = CARTESIAN_POINT ( 'NONE',  ( -0.3374999999999969691, 4.117454205283274327, 3.608627975754092887 ) ) ;
#3361 = CARTESIAN_POINT ( 'NONE',  ( 0.9843303561305016824, 0.000000000000000000, 0.000000000000000000 ) ) ;
#3362 = CARTESIAN_POINT ( 'NONE',  ( -0.2291337308794229866, 1.727642638307804512, -5.195397486887779692 ) ) ;
#3363 = ORIENTED_EDGE ( 'NONE', *, *, #2129, .T. ) ;
#3364 = ORIENTED_EDGE ( 'NONE', *, *, #2365, .T. ) ;
#3365 = DIRECTION ( 'NONE',  ( -0.000000000000000000, 0.000000000000000000, -1.000000000000000000 ) ) ;
#3366 = CARTESIAN_POINT ( 'NONE',  ( -1.216873555469089929, 5.025000000000000355, -2.755594923846596388E-17 ) ) ;
#3367 = EDGE_CURVE ( 'NONE', #2518, #4116, #22, .T. ) ;
#3368 = ORIENTED_EDGE ( 'NONE', *, *, #2920, .F. ) ;
#3369 = ORIENTED_EDGE ( 'NONE', *, *, #4419, .F. ) ;
#3370 = CARTESIAN_POINT ( 'NONE',  ( -1.216873555469091484, 2.650222503234707983, -4.272263529700773610 ) ) ;
#3371 = EDGE_CURVE ( 'NONE', #291, #3504, #3080, .T. ) ;
#3372 = FILL_AREA_STYLE_COLOUR ( '', #2744 ) ;
#3373 = CARTESIAN_POINT ( 'NONE',  ( 0.1137298752287593667, 1.526116461788748158, 4.787650106792883165 ) ) ;
#3374 = ORIENTED_EDGE ( 'NONE', *, *, #1629, .T. ) ;
#3375 = CARTESIAN_POINT ( 'NONE',  ( 0.3375000000000029088, -4.117454205283250346, -3.608627975754123085 ) ) ;
#3376 = CARTESIAN_POINT ( 'NONE',  ( 0.1142805821702311680, 3.383230854313037828, -3.715423797405069450 ) ) ;
#3377 = FILL_AREA_STYLE_COLOUR ( '', #14 ) ;
#3378 = CARTESIAN_POINT ( 'NONE',  ( -1.066052540301069218, -4.402974996044914491, 3.257558097409328557 ) ) ;
#3379 = EDGE_CURVE ( 'NONE', #2600, #2544, #761, .T. ) ;
#3380 = CARTESIAN_POINT ( 'NONE',  ( 2.951763000829056837E-15, 2.624999999999989786, 4.546633369868309238 ) ) ;
#3381 = EDGE_CURVE ( 'NONE', #3006, #4521, #3990, .T. ) ;
#3382 = FACE_OUTER_BOUND ( 'NONE', #4273, .T. ) ;
#3383 = DIRECTION ( 'NONE',  ( 1.000000000000000000, 0.000000000000000000, -0.000000000000000000 ) ) ;
#3384 = ORIENTED_EDGE ( 'NONE', *, *, #4180, .T. ) ;
#3385 = CARTESIAN_POINT ( 'NONE',  ( -0.1623272491987201027, 3.736258041268465835, 4.001999606619741634 ) ) ;
#3386 = CARTESIAN_POINT ( 'NONE',  ( 1.216873555470457724, -1.740180527098523552E-13, 5.475000000000316724 ) ) ;
#3387 = DIRECTION ( 'NONE',  ( 0.000000000000000000, 0.000000000000000000, 1.000000000000000000 ) ) ;
#3388 = EDGE_LOOP ( 'NONE', ( #1368, #5563, #4531, #2076 ) ) ;
#3389 = CARTESIAN_POINT ( 'NONE',  ( 0.3375000000000029088, -1.066436397168635253, 5.370133928571428683 ) ) ;
#3390 = CIRCLE ( 'NONE', #4947, 5.475000000000002309 ) ;
#3391 = ORIENTED_EDGE ( 'NONE', *, *, #1036, .T. ) ;
#3392 = CARTESIAN_POINT ( 'NONE',  ( 0.2288940565160174634, 1.101593916517734195, 5.363152117918891904 ) ) ;
#3393 = EDGE_CURVE ( 'NONE', #2283, #4834, #374, .T. ) ;
#3394 = DIRECTION ( 'NONE',  ( 1.000000000000000000, 0.000000000000000000, -0.000000000000000000 ) ) ;
#3395 = DIRECTION ( 'NONE',  ( 1.000000000000000000, 0.000000000000000000, -0.000000000000000000 ) ) ;
#3396 = EDGE_LOOP ( 'NONE', ( #3139, #1598, #1580, #2845, #5438, #3130 ) ) ;
#3397 = CIRCLE ( 'NONE', #432, 0.1999999999999987899 ) ;
#3398 = DIRECTION ( 'NONE',  ( 0.000000000000000000, 0.000000000000000000, 1.000000000000000000 ) ) ;
#3399 = ORIENTED_EDGE ( 'NONE', *, *, #218, .T. ) ;
#3400 = DIRECTION ( 'NONE',  ( -1.000000000000000000, -0.000000000000000000, 0.000000000000000000 ) ) ;
#3401 = DIRECTION ( 'NONE',  ( 1.000000000000000000, 0.000000000000000000, -0.000000000000000000 ) ) ;
#3402 = CARTESIAN_POINT ( 'NONE',  ( 0.3375000000000044631, 4.894821428571431099, -1.136375018379914836 ) ) ;
#3403 = CARTESIAN_POINT ( 'NONE',  ( -0.2290589410532185011, 4.782331004557228482, 1.543085156773248423 ) ) ;
#3404 = FACE_OUTER_BOUND ( 'NONE', #4102, .T. ) ;
#3405 = CARTESIAN_POINT ( 'NONE',  ( -0.1605426051907895002, -5.333976643754886560, 1.234632805375139197 ) ) ;
#3406 = ADVANCED_FACE ( 'NONE', ( #3912 ), #37, .T. ) ;
#3407 = ADVANCED_FACE ( 'NONE', ( #2672 ), #3898, .T. ) ;
#3408 = DIRECTION ( 'NONE',  ( 0.000000000000000000, 0.000000000000000000, -1.000000000000000000 ) ) ;
#3409 = EDGE_LOOP ( 'NONE', ( #5399, #4688 ) ) ;
#3410 = CARTESIAN_POINT ( 'NONE',  ( -0.3374999999999970246, 4.894821428571431099, 1.136375018379911062 ) ) ;
#3411 = DIRECTION ( 'NONE',  ( 0.000000000000000000, 0.000000000000000000, -1.000000000000000000 ) ) ;
#3412 = EDGE_LOOP ( 'NONE', ( #834, #2460 ) ) ;
#3413 = ORIENTED_EDGE ( 'NONE', *, *, #5105, .T. ) ;
#3414 = DIRECTION ( 'NONE',  ( 0.000000000000000000, 0.5000000000000071054, -0.8660254037844345998 ) ) ;
#3415 = B_SPLINE_CURVE_WITH_KNOTS ( 'NONE', 3,
 ( #299, #2062, #5192, #1231, #2994, #4750 ),
 .UNSPECIFIED., .F., .F.,
 ( 4, 2, 4 ),
 ( 0.006630243725177053030, 0.006971267376520927893, 0.007312291027864802756 ),
 .UNSPECIFIED. ) ;
#3416 = ORIENTED_EDGE ( 'NONE', *, *, #3654, .T. ) ;
#3417 = CARTESIAN_POINT ( 'NONE',  ( -0.2283429028090062651, 1.101772333983143337, 5.363116686609074257 ) ) ;
#3418 = CARTESIAN_POINT ( 'NONE',  ( -0.9692456468901299305, -0.7345362395624035479, -4.972233551599121171 ) ) ;
#3419 = CARTESIAN_POINT ( 'NONE',  ( -0.9843303561304962424, -5.510910596163092514E-16, 4.500000000000002665 ) ) ;
#3420 = DIRECTION ( 'NONE',  ( -1.000000000000000000, -0.000000000000000000, 0.000000000000000000 ) ) ;
#3421 = B_SPLINE_CURVE_WITH_KNOTS ( 'NONE', 3,
 ( #5037, #585, #4950, #1081, #92, #5478, #2368, #5067, #1503, #992, #2877, #4633, #1886, #669, #2764, #4511, #1021, #549 ),
 .UNSPECIFIED., .F., .F.,
 ( 4, 2, 2, 2, 2, 2, 2, 2, 4 ),
 ( 0.001924500009533457569, 0.002405502955712250559, 0.002886505901891043332, 0.003367508848069836538, 0.003848511794248630179, 0.004329514740427422952, 0.004810517686606215725, 0.005291520632785009365, 0.005772523578963803005 ),
 .UNSPECIFIED. ) ;
#3422 = VERTEX_POINT ( 'NONE', #5336 ) ;
#3423 = CIRCLE ( 'NONE', #638, 5.475000000000000533 ) ;
#3424 = CARTESIAN_POINT ( 'NONE',  ( 0.3375000000000044631, 4.894821428571450639, 1.136375018379826463 ) ) ;
#3425 = AXIS2_PLACEMENT_3D ( 'NONE', #5069, #1112, #2933 ) ;
#3426 = DIRECTION ( 'NONE',  ( -1.000000000000000000, -0.000000000000000000, 0.000000000000000000 ) ) ;
#3427 = CARTESIAN_POINT ( 'NONE',  ( 1.216873555470457724, -4.741489085720169250, 2.737499999999996270 ) ) ;
#3428 = FACE_OUTER_BOUND ( 'NONE', #484, .T. ) ;
#3429 =( NAMED_UNIT ( * ) PLANE_ANGLE_UNIT ( ) SI_UNIT ( $, .RADIAN. ) );
#3430 = CARTESIAN_POINT ( 'NONE',  ( -1.060068109014960180, 4.624251323185585072, -1.971817333347522183 ) ) ;
#3431 = CARTESIAN_POINT ( 'NONE',  ( 0.3375000000000029088, -3.608627975754108430, 4.117454205283263668 ) ) ;
#3432 = AXIS2_PLACEMENT_3D ( 'NONE', #2801, #2827, #4577 ) ;
#3433 = CIRCLE ( 'NONE', #937, 5.475000000000000533 ) ;
#3434 = AXIS2_PLACEMENT_3D ( 'NONE', #3035, #4790, #3953 ) ;
#3435 = CARTESIAN_POINT ( 'NONE',  ( -0.6074448382787693834, -4.917099317205727793, 1.037406367804055041 ) ) ;
#3436 = ORIENTED_EDGE ( 'NONE', *, *, #4600, .F. ) ;
#3437 = CIRCLE ( 'NONE', #5189, 1.237499999999996492 ) ;
#3438 = AXIS2_PLACEMENT_3D ( 'NONE', #48, #5346, #422 ) ;
#3439 = CARTESIAN_POINT ( 'NONE',  ( 1.216873555469095924, -2.512500000000020162, 4.351777654016792063 ) ) ;
#3440 = DIRECTION ( 'NONE',  ( 0.000000000000000000, 2.828753380089831385E-15, 1.000000000000000000 ) ) ;
#3441 = VERTEX_POINT ( 'NONE', #4839 ) ;
#3442 = ORIENTED_EDGE ( 'NONE', *, *, #111, .T. ) ;
#3443 = CARTESIAN_POINT ( 'NONE',  ( 1.216873555469096146, 5.260652860486765317E-14, -5.025000000000000355 ) ) ;
#3444 = ADVANCED_FACE ( 'NONE', ( #2172 ), #1143, .T. ) ;
#3445 = AXIS2_PLACEMENT_3D ( 'NONE', #2440, #4286, #1181 ) ;
#3446 = UNCERTAINTY_MEASURE_WITH_UNIT (LENGTH_MEASURE( 1.000000000000000082E-05 ), #5443, 'distance_accuracy_value', 'NONE');
#3447 = ORIENTED_EDGE ( 'NONE', *, *, #2911, .T. ) ;
#3448 = CARTESIAN_POINT ( 'NONE',  ( -0.3374999999999969691, -1.066436397168560424, -5.370133928571442006 ) ) ;
#3449 = FACE_OUTER_BOUND ( 'NONE', #4865, .T. ) ;
#3450 = DIRECTION ( 'NONE',  ( 1.000000000000000000, 0.000000000000000000, 0.000000000000000000 ) ) ;
#3451 = DIRECTION ( 'NONE',  ( 0.000000000000000000, 1.000000000000000000, 1.224646799147353454E-16 ) ) ;
#3452 = EDGE_CURVE ( 'NONE', #1898, #3277, #4159, .T. ) ;
#3453 = ADVANCED_FACE ( 'NONE', ( #3995, #1799 ), #2278, .T. ) ;
#3454 = SURFACE_STYLE_USAGE ( .BOTH. , #4878 ) ;
#3455 = CARTESIAN_POINT ( 'NONE',  ( -19.92709219242683361, 0.000000000000000000, 0.000000000000000000 ) ) ;
#3456 = CARTESIAN_POINT ( 'NONE',  ( -0.9602511582474266838, 4.996801627325232253, 0.5475913177892804962 ) ) ;
#3457 = VERTEX_POINT ( 'NONE', #4892 ) ;
#3458 = CARTESIAN_POINT ( 'NONE',  ( 0.1161341008350689347, -4.081496609502013762, -3.649247927219347432 ) ) ;
#3459 = CARTESIAN_POINT ( 'NONE',  ( -1.216873555470451507, 4.741489085720149710, 2.737500000000029576 ) ) ;
#3460 =( LENGTH_UNIT ( ) NAMED_UNIT ( * ) SI_UNIT ( .MILLI., .METRE. ) );
#3461 = DIRECTION ( 'NONE',  ( 1.000000000000000000, 0.000000000000000000, -0.000000000000000000 ) ) ;
#3462 = CARTESIAN_POINT ( 'NONE',  ( -1.186246345985052075, 4.895758463743423938, -2.455581101507838149 ) ) ;
#3463 = CARTESIAN_POINT ( 'NONE',  ( -0.1578090310783113182, -4.883997950975590641, 1.182027506391045701 ) ) ;
#3464 = CARTESIAN_POINT ( 'NONE',  ( 0.6188283613273961592, -3.617091090961395139, -4.110516372475686353 ) ) ;
#3465 = EDGE_LOOP ( 'NONE', ( #3845, #930, #2070, #3955 ) ) ;
#3466 = CARTESIAN_POINT ( 'NONE',  ( 1.060068109014966398, -1.971817333347603229, 4.624251323185549545 ) ) ;
#3467 = DIRECTION ( 'NONE',  ( 0.000000000000000000, 0.000000000000000000, -1.000000000000000000 ) ) ;
#3468 = ORIENTED_EDGE ( 'NONE', *, *, #5173, .T. ) ;
#3469 = ORIENTED_EDGE ( 'NONE', *, *, #4746, .F. ) ;
#3470 = FACE_OUTER_BOUND ( 'NONE', #1210, .T. ) ;
#3471 = ORIENTED_EDGE ( 'NONE', *, *, #4614, .T. ) ;
#3472 = CARTESIAN_POINT ( 'NONE',  ( -1.216873555469089929, -1.751713777844626440E-14, 5.025000000000000355 ) ) ;
#3473 = DIRECTION ( 'NONE',  ( 0.000000000000000000, 1.000000000000000000, 1.047444401652940007E-14 ) ) ;
#3474 = CARTESIAN_POINT ( 'NONE',  ( -1.216873555469091261, 2.737499999999989608, 4.741489085719808649 ) ) ;
#3475 = FACE_OUTER_BOUND ( 'NONE', #720, .T. ) ;
#3476 = CARTESIAN_POINT ( 'NONE',  ( 1.216873555470457724, 5.475000000000316724, 1.549021926834971445E-13 ) ) ;
#3477 = EDGE_CURVE ( 'NONE', #5271, #50, #391, .T. ) ;
#3478 = EDGE_CURVE ( 'NONE', #5208, #3999, #3884, .T. ) ;
#3479 = CIRCLE ( 'NONE', #989, 5.025000000000001243 ) ;
#3480 = CARTESIAN_POINT ( 'NONE',  ( -3.499999999999999556, 0.000000000000000000, 0.000000000000000000 ) ) ;
#3481 = VERTEX_POINT ( 'NONE', #590 ) ;
#3482 = PLANE ( 'NONE',  #4254 ) ;
#3483 = DIRECTION ( 'NONE',  ( -1.000000000000000000, -0.000000000000000000, 0.000000000000000000 ) ) ;
#3484 = CARTESIAN_POINT ( 'NONE',  ( -19.92709219242683361, 0.000000000000000000, 0.000000000000000000 ) ) ;
#3485 = DIRECTION ( 'NONE',  ( 0.000000000000000000, 0.000000000000000000, 1.000000000000000000 ) ) ;
#3486 = DIRECTION ( 'NONE',  ( 0.000000000000000000, 0.000000000000000000, -1.000000000000000000 ) ) ;
#3487 = CIRCLE ( 'NONE', #4304, 5.025000000000001243 ) ;
#3488 = EDGE_CURVE ( 'NONE', #5329, #2649, #2091, .T. ) ;
#3489 = CLOSED_SHELL ( 'NONE', ( #186, #1858, #2168, #677 ) ) ;
#3490 = FACE_OUTER_BOUND ( 'NONE', #5358, .T. ) ;
#3491 = VERTEX_POINT ( 'NONE', #2317 ) ;
#3492 = CARTESIAN_POINT ( 'NONE',  ( -0.3374999999999975242, 0.000000000000000000, 0.000000000000000000 ) ) ;
#3493 = CARTESIAN_POINT ( 'NONE',  ( 0.7521123038540278305, -0.9865916369730337587, 5.386637404762087300 ) ) ;
#3494 = AXIS2_PLACEMENT_3D ( 'NONE', #528, #1803, #5257 ) ;
#3495 = ORIENTED_EDGE ( 'NONE', *, *, #400, .F. ) ;
#3496 = CARTESIAN_POINT ( 'NONE',  ( 1.059998554184333752, 0.6045336774854980222, -4.990614419672165347 ) ) ;
#3497 = VERTEX_POINT ( 'NONE', #4550 ) ;
#3498 = FILL_AREA_STYLE ('',( #4385 ) ) ;
#3499 = CARTESIAN_POINT ( 'NONE',  ( -0.3374999999999975242, 0.000000000000000000, 0.000000000000000000 ) ) ;
#3500 = CARTESIAN_POINT ( 'NONE',  ( 0.1604339755935523526, 3.638699879211168220, 3.465615128512595344 ) ) ;
#3501 = CARTESIAN_POINT ( 'NONE',  ( 1.216873555469097479, 4.741489085719798879, 2.737500000000006040 ) ) ;
#3502 = CARTESIAN_POINT ( 'NONE',  ( -19.92709219242683361, 0.000000000000000000, 0.000000000000000000 ) ) ;
#3503 = DIRECTION ( 'NONE',  ( 0.000000000000000000, 0.8660254037844398178, -0.4999999999999980571 ) ) ;
#3504 = VERTEX_POINT ( 'NONE', #4518 ) ;
#3505 = EDGE_CURVE ( 'NONE', #4632, #2073, #120, .T. ) ;
#3506 = CARTESIAN_POINT ( 'NONE',  ( -19.92709219242683361, 0.000000000000000000, 0.000000000000000000 ) ) ;
#3507 = AXIS2_PLACEMENT_3D ( 'NONE', #2638, #5729, #1284 ) ;
#3508 = DIRECTION ( 'NONE',  ( 1.000000000000000000, 0.000000000000000000, -0.000000000000000000 ) ) ;
#3509 = EDGE_LOOP ( 'NONE', ( #3813, #2101, #3384, #5432 ) ) ;
#3510 = CARTESIAN_POINT ( 'NONE',  ( 2.951763000829056837E-15, -4.546633369868282593, -2.625000000000037303 ) ) ;
#3511 = CARTESIAN_POINT ( 'NONE',  ( 1.060132804264173334, 3.018596205566915103, 4.019910896282898882 ) ) ;
#3512 = DIRECTION ( 'NONE',  ( 1.000000000000000000, 0.000000000000000000, 0.000000000000000000 ) ) ;
#3513 = CARTESIAN_POINT ( 'NONE',  ( -2.299999999999997158, 5.999999999999998224, 0.000000000000000000 ) ) ;
#3514 = CARTESIAN_POINT ( 'NONE',  ( -1.124999999999992006, 2.625000000000053291, -4.546633369868272823 ) ) ;
#3515 = EDGE_CURVE ( 'NONE', #3082, #3087, #2319, .T. ) ;
#3516 = AXIS2_PLACEMENT_3D ( 'NONE', #4402, #1696, #2200 ) ;
#3517 = ORIENTED_EDGE ( 'NONE', *, *, #2020, .T. ) ;
#3518 = FACE_OUTER_BOUND ( 'NONE', #1407, .T. ) ;
#3519 = ORIENTED_EDGE ( 'NONE', *, *, #4196, .F. ) ;
#3520 = CARTESIAN_POINT ( 'NONE',  ( -0.3145222742811155658, 1.447436274275119894, 4.812380947208461990 ) ) ;
#3521 = CARTESIAN_POINT ( 'NONE',  ( 1.059998554186547315, -1.971765687694735592, -4.624265706669821618 ) ) ;
#3522 = AXIS2_PLACEMENT_3D ( 'NONE', #5314, #916, #891 ) ;
#3523 = CARTESIAN_POINT ( 'NONE',  ( -1.065237977602509822, -0.6215246106915929269, 5.441694280249717686 ) ) ;
#3524 = CIRCLE ( 'NONE', #5379, 0.2000000000000005107 ) ;
#3525 = ORIENTED_EDGE ( 'NONE', *, *, #4708, .F. ) ;
#3526 = AXIS2_PLACEMENT_3D ( 'NONE', #2266, #4042, #2751 ) ;
#3527 = EDGE_CURVE ( 'NONE', #2836, #4476, #1124, .T. ) ;
#3528 = B_SPLINE_CURVE_WITH_KNOTS ( 'NONE', 3,
 ( #842, #4387, #3042, #4770, #4797, #340 ),
 .UNSPECIFIED., .F., .F.,
 ( 4, 2, 4 ),
 ( 0.003069521846490039056, 0.003410565459825836213, 0.003751609073161632935 ),
 .UNSPECIFIED. ) ;
#3529 = ORIENTED_EDGE ( 'NONE', *, *, #4647, .F. ) ;
#3530 =( GEOMETRIC_REPRESENTATION_CONTEXT ( 3 ) GLOBAL_UNCERTAINTY_ASSIGNED_CONTEXT ( ( #5125 ) ) GLOBAL_UNIT_ASSIGNED_CONTEXT ( ( #3584, #28, #4854 ) ) REPRESENTATION_CONTEXT ( 'NONE', 'WORKASPACE' ) );
#3531 = CARTESIAN_POINT ( 'NONE',  ( 0.6737665297875808923, 4.951527093866475049, -0.8618945399539389429 ) ) ;
#3532 = CARTESIAN_POINT ( 'NONE',  ( 0.7438253088451931561, 3.798856746762306891, 3.291099724477497990 ) ) ;
#3533 = CARTESIAN_POINT ( 'NONE',  ( -1.237499999999993827, 4.546633369868299468, 2.625000000000005329 ) ) ;
#3534 = DIRECTION ( 'NONE',  ( 0.000000000000000000, 0.000000000000000000, 1.000000000000000000 ) ) ;
#3535 = CARTESIAN_POINT ( 'NONE',  ( 0.2288940565162054797, 4.093829020219282633, -3.635584375318112738 ) ) ;
#3536 = AXIS2_PLACEMENT_3D ( 'NONE', #2759, #5656, #5684 ) ;
#3537 = CIRCLE ( 'NONE', #1769, 3.200000000000002398 ) ;
#3538 = ORIENTED_EDGE ( 'NONE', *, *, #2379, .T. ) ;
#3539 = EDGE_CURVE ( 'NONE', #3652, #1628, #751, .T. ) ;
#3540 = CARTESIAN_POINT ( 'NONE',  ( 0.1414261345242168455, 4.909264591429325364, 1.072262179316699982 ) ) ;
#3541 = EDGE_LOOP ( 'NONE', ( #2729, #1255, #2489, #1202 ) ) ;
#3542 = CARTESIAN_POINT ( 'NONE',  ( 1.065237977602516040, 2.182591038188782306, -5.023407791670495115 ) ) ;
#3543 = CARTESIAN_POINT ( 'NONE',  ( -0.1604339755935466072, 3.465615128512582910, 3.638699879211179766 ) ) ;
#3544 = CARTESIAN_POINT ( 'NONE',  ( 1.216873555469096146, -1.751714114949188156E-14, 5.025000000000000355 ) ) ;
#3545 = VERTEX_POINT ( 'NONE', #1918 ) ;
#3546 = DIRECTION ( 'NONE',  ( 1.000000000000000000, 0.000000000000000000, -0.000000000000000000 ) ) ;
#3547 = CARTESIAN_POINT ( 'NONE',  ( 1.216873555469130563, -2.876758985524106471, -4.661087872940396615 ) ) ;
#3548 = EDGE_LOOP ( 'NONE', ( #3600, #2386, #200, #1341 ) ) ;
#3549 = EDGE_CURVE ( 'NONE', #663, #5340, #5274, .T. ) ;
#3550 = CARTESIAN_POINT ( 'NONE',  ( 1.059998554186546649, 1.971765687694766900, 4.624265706669808296 ) ) ;
#3551 = EDGE_CURVE ( 'NONE', #535, #3975, #5554, .T. ) ;
#3552 = DIRECTION ( 'NONE',  ( 0.000000000000000000, -0.5000000000000071054, 0.8660254037844345998 ) ) ;
#3553 = CARTESIAN_POINT ( 'NONE',  ( 0.9689635404861111079, 1.849409760455185792, -4.673595488726366654 ) ) ;
#3554 = VERTEX_POINT ( 'NONE', #559 ) ;
#3555 = B_SPLINE_CURVE_WITH_KNOTS ( 'NONE', 3,
 ( #633, #586, #2339, #1887, #5014, #1474, #3739, #153, #5506, #2312, #5068, #3685, #3767, #1054, #2824, #670, #3338, #1531 ),
 .UNSPECIFIED., .F., .F.,
 ( 4, 2, 2, 2, 2, 2, 2, 2, 4 ),
 ( 0.005772523578963712799, 0.006253562060437046696, 0.006734600541910381460, 0.007215639023383715357, 0.007696677504857049254, 0.008177715986330384018, 0.008658754467803717048, 0.009139792949277051812, 0.009620831430750386576 ),
 .UNSPECIFIED. ) ;
#3556 = ORIENTED_EDGE ( 'NONE', *, *, #2666, .T. ) ;
#3557 = CARTESIAN_POINT ( 'NONE',  ( -0.2288706956799327896, 4.782349675994544747, -1.543028613918569381 ) ) ;
#3558 = CARTESIAN_POINT ( 'NONE',  ( 1.216873555469097479, -5.475000000000001421, 1.167353792704058628E-16 ) ) ;
#3559 = DIRECTION ( 'NONE',  ( 0.000000000000000000, 0.000000000000000000, 1.000000000000000000 ) ) ;
#3560 = CARTESIAN_POINT ( 'NONE',  ( -1.185664645333973866, 4.573754011965746713, 3.013064982713986595 ) ) ;
#3561 = DIRECTION ( 'NONE',  ( -0.000000000000000000, -0.4999999999999891198, -0.8660254037844450359 ) ) ;
#3562 = FACE_OUTER_BOUND ( 'NONE', #1003, .T. ) ;
#3563 = B_SPLINE_CURVE_WITH_KNOTS ( 'NONE', 3,
 ( #3439, #4703, #1166, #3466, #717, #2510, #803, #2478, #2975, #5145, #2921, #1614, #4237, #1640, #1211, #5630, #1189, #5205 ),
 .UNSPECIFIED., .F., .F.,
 ( 4, 2, 2, 2, 2, 2, 2, 2, 4 ),
 ( 0.001883778963244841327, 0.002354457140183675769, 0.002825135317122509995, 0.003295813494061344655, 0.003766491671000179314, 0.004237169847939013974, 0.004707848024877847766, 0.005178526201816682425, 0.005649204378755517085 ),
 .UNSPECIFIED. ) ;
#3564 = ORIENTED_EDGE ( 'NONE', *, *, #3655, .F. ) ;
#3565 = EDGE_CURVE ( 'NONE', #2600, #78, #3524, .T. ) ;
#3566 = CARTESIAN_POINT ( 'NONE',  ( -0.1623272492000131517, 1.234694575522386817, 5.333962345902286017 ) ) ;
#3567 = ORIENTED_EDGE ( 'NONE', *, *, #788, .F. ) ;
#3568 = FACE_OUTER_BOUND ( 'NONE', #747, .T. ) ;
#3569 = CARTESIAN_POINT ( 'NONE',  ( -3.499999999999999556, 0.000000000000000000, 0.000000000000000000 ) ) ;
#3570 = CARTESIAN_POINT ( 'NONE',  ( 0.1578090310783168415, -1.182027506391062577, 4.883997950975587976 ) ) ;
#3571 = VERTEX_POINT ( 'NONE', #3744 ) ;
#3572 = CARTESIAN_POINT ( 'NONE',  ( -0.1630295018224028614, 3.736187506783105849, -4.002065456296994839 ) ) ;
#3573 = CIRCLE ( 'NONE', #2841, 1.237499999999996492 ) ;
#3574 = DIRECTION ( 'NONE',  ( 1.000000000000000000, 0.000000000000000000, -0.000000000000000000 ) ) ;
#3575 = ORIENTED_EDGE ( 'NONE', *, *, #1776, .T. ) ;
#3576 = DIRECTION ( 'NONE',  ( -1.000000000000000000, -0.000000000000000000, 0.000000000000000000 ) ) ;
#3577 = FACE_OUTER_BOUND ( 'NONE', #5503, .T. ) ;
#3578 = CARTESIAN_POINT ( 'NONE',  ( -1.216873555469091261, -1.923259570289364924E-14, 5.475000000000001421 ) ) ;
#3579 = EDGE_LOOP ( 'NONE', ( #5182, #5484, #3351, #3359 ) ) ;
#3580 = EDGE_CURVE ( 'NONE', #2423, #3922, #2883, .T. ) ;
#3581 = EDGE_CURVE ( 'NONE', #2247, #5208, #97, .T. ) ;
#3582 = ORIENTED_EDGE ( 'NONE', *, *, #3824, .F. ) ;
#3583 = CIRCLE ( 'NONE', #4592, 1.073181601594058732 ) ;
#3584 =( LENGTH_UNIT ( ) NAMED_UNIT ( * ) SI_UNIT ( .MILLI., .METRE. ) );
#3585 = CARTESIAN_POINT ( 'NONE',  ( 0.3227388460785763913, -1.201999427807628473, -5.341805891667450901 ) ) ;
#3586 = DIRECTION ( 'NONE',  ( 1.000000000000000000, 0.000000000000000000, -0.000000000000000000 ) ) ;
#3587 = CARTESIAN_POINT ( 'NONE',  ( -1.216873555469089929, -2.512500000000020162, 4.351777654016792063 ) ) ;
#3588 = CARTESIAN_POINT ( 'NONE',  ( 0.3375000000000029088, -5.183890602451906915, 1.761505952817312481 ) ) ;
#3589 = EDGE_CURVE ( 'NONE', #1928, #1349, #5460, .T. ) ;
#3590 = CIRCLE ( 'NONE', #2290, 1.124999999999994893 ) ;
#3591 = ORIENTED_EDGE ( 'NONE', *, *, #5498, .F. ) ;
#3592 = EDGE_CURVE ( 'NONE', #4739, #3202, #4803, .T. ) ;
#3593 = B_SPLINE_CURVE_WITH_KNOTS ( 'NONE', 3,
 ( #3959, #5613, #5672, #1224, #2988, #3868 ),
 .UNSPECIFIED., .F., .F.,
 ( 4, 2, 4 ),
 ( 0.006480373041532914470, 0.006820975947040253465, 0.007161578852547591592 ),
 .UNSPECIFIED. ) ;
#3594 = DIRECTION ( 'NONE',  ( 0.000000000000000000, 0.000000000000000000, -1.000000000000000000 ) ) ;
#3595 = ORIENTED_EDGE ( 'NONE', *, *, #1687, .T. ) ;
#3596 = DIRECTION ( 'NONE',  ( -1.000000000000000000, -0.000000000000000000, 0.000000000000000000 ) ) ;
#3597 = CARTESIAN_POINT ( 'NONE',  ( 2.951763000829056837E-15, 4.546633369868336771, -2.624999999999942268 ) ) ;
#3598 = DIRECTION ( 'NONE',  ( 0.000000000000000000, 5.657506760179662770E-15, 1.000000000000000000 ) ) ;
#3599 = DIRECTION ( 'NONE',  ( -1.000000000000000000, -0.000000000000000000, 0.000000000000000000 ) ) ;
#3600 = ORIENTED_EDGE ( 'NONE', *, *, #2594, .T. ) ;
#3601 = FACE_BOUND ( 'NONE', #2708, .T. ) ;
#3602 = CARTESIAN_POINT ( 'NONE',  ( 1.216873555469095924, 2.512499999999990408, 4.351777654016809826 ) ) ;
#3603 = CARTESIAN_POINT ( 'NONE',  ( -2.299999999999996270, 0.000000000000000000, 0.000000000000000000 ) ) ;
#3604 = ORIENTED_EDGE ( 'NONE', *, *, #5624, .F. ) ;
#3605 = CARTESIAN_POINT ( 'NONE',  ( 1.124999999999998224, -4.546633369868319008, 2.624999999999973799 ) ) ;
#3606 = DIRECTION ( 'NONE',  ( -1.000000000000000000, -0.000000000000000000, 0.000000000000000000 ) ) ;
#3607 = CARTESIAN_POINT ( 'NONE',  ( -0.6074448382802979385, 1.560129390037732211, -4.777036105533005284 ) ) ;
#3608 = ORIENTED_EDGE ( 'NONE', *, *, #2167, .T. ) ;
#3609 = EDGE_CURVE ( 'NONE', #3999, #4761, #5186, .T. ) ;
#3610 = AXIS2_PLACEMENT_3D ( 'NONE', #3123, #3932, #4013 ) ;
#3611 = PRESENTATION_STYLE_ASSIGNMENT (( #3454 ) ) ;
#3612 = VERTEX_POINT ( 'NONE', #1090 ) ;
#3613 = CIRCLE ( 'NONE', #2121, 1.073181601594058732 ) ;
#3614 = AXIS2_PLACEMENT_3D ( 'NONE', #5018, #2886, #1976 ) ;
#3615 = CARTESIAN_POINT ( 'NONE',  ( 0.3375000000000029643, 5.025000000000001243, 0.000000000000000000 ) ) ;
#3616 = CARTESIAN_POINT ( 'NONE',  ( 1.216873555470457724, 2.122497742101288486E-13, -5.475000000000316724 ) ) ;
#3617 = ADVANCED_FACE ( 'NONE', ( #2857 ), #2789, .T. ) ;
#3618 = CARTESIAN_POINT ( 'NONE',  ( -0.3374999999999969691, -4.546633369868282593, -2.625000000000037303 ) ) ;
#3619 = DIRECTION ( 'NONE',  ( 0.000000000000000000, 0.000000000000000000, 1.000000000000000000 ) ) ;
#3620 = DIRECTION ( 'NONE',  ( 0.000000000000000000, 0.000000000000000000, 1.000000000000000000 ) ) ;
#3621 = B_SPLINE_CURVE_WITH_KNOTS ( 'NONE', 3,
 ( #69, #5686, #4486, #5717, #4928, #4461, #474, #1748, #2231, #3572, #2199, #5341, #2281, #2253, #500, #4026, #3055, #5288 ),
 .UNSPECIFIED., .F., .F.,
 ( 4, 2, 2, 2, 2, 2, 2, 2, 4 ),
 ( 0.005772523578963711065, 0.006253562060437044962, 0.006734600541910378858, 0.007215639023383712755, 0.007696677504857047519, 0.008177715986330380549, 0.008658754467803715313, 0.009139792949277050077, 0.009620831430750383106 ),
 .UNSPECIFIED. ) ;
#3622 = AXIS2_PLACEMENT_3D ( 'NONE', #263, #5572, #2885 ) ;
#3623 = AXIS2_PLACEMENT_3D ( 'NONE', #4229, #3346, #734 ) ;
#3624 = AXIS2_PLACEMENT_3D ( 'NONE', #3773, #5046, #2346 ) ;
#3625 = VERTEX_POINT ( 'NONE', #2556 ) ;
#3626 = EDGE_CURVE ( 'NONE', #2364, #4408, #934, .T. ) ;
#3627 =( GEOMETRIC_REPRESENTATION_CONTEXT ( 3 ) GLOBAL_UNCERTAINTY_ASSIGNED_CONTEXT ( ( #5058 ) ) GLOBAL_UNIT_ASSIGNED_CONTEXT ( ( #3460, #267, #4809 ) ) REPRESENTATION_CONTEXT ( 'NONE', 'WORKASPACE' ) );
#3628 = ADVANCED_FACE ( 'NONE', ( #1233 ), #705, .F. ) ;
#3629 = AXIS2_PLACEMENT_3D ( 'NONE', #2538, #3860, #831 ) ;
#3630 = AXIS2_PLACEMENT_3D ( 'NONE', #4783, #3461, #5228 ) ;
#3631 = CIRCLE ( 'NONE', #4915, 1.237499999999996714 ) ;
#3632 = FACE_BOUND ( 'NONE', #5632, .T. ) ;
#3633 = ORIENTED_EDGE ( 'NONE', *, *, #1522, .F. ) ;
#3634 = DIRECTION ( 'NONE',  ( 1.000000000000000000, 0.000000000000000000, -0.000000000000000000 ) ) ;
#3635 = DIRECTION ( 'NONE',  ( 1.000000000000000000, 0.000000000000000000, 0.000000000000000000 ) ) ;
#3636 = CARTESIAN_POINT ( 'NONE',  ( -0.3374999999999975242, 5.344821428571429500, -1.186806174859089680 ) ) ;
#3637 = SURFACE_STYLE_FILL_AREA ( #5041 ) ;
#3638 = DIRECTION ( 'NONE',  ( 0.000000000000000000, 1.000000000000000000, 3.491481338843134144E-15 ) ) ;
#3639 = ORIENTED_EDGE ( 'NONE', *, *, #4110, .F. ) ;
#3640 = CARTESIAN_POINT ( 'NONE',  ( -1.184509137125795863, 2.235888882112422760, 4.502506502262873411 ) ) ;
#3641 = FACE_OUTER_BOUND ( 'NONE', #5495, .T. ) ;
#3642 = CARTESIAN_POINT ( 'NONE',  ( 1.216873555469096146, 2.512500000000050360, -4.351777654016775188 ) ) ;
#3643 = ORIENTED_EDGE ( 'NONE', *, *, #4962, .F. ) ;
#3644 = DIRECTION ( 'NONE',  ( -0.000000000000000000, 0.000000000000000000, -1.000000000000000000 ) ) ;
#3645 = EDGE_LOOP ( 'NONE', ( #4192, #3368, #2467, #3288 ) ) ;
#3646 = CARTESIAN_POINT ( 'NONE',  ( 0.9843303561305023486, 0.000000000000000000, 0.000000000000000000 ) ) ;
#3647 = FACE_OUTER_BOUND ( 'NONE', #4879, .T. ) ;
#3648 = DIRECTION ( 'NONE',  ( 0.000000000000000000, 1.000000000000000000, 1.224646799147353454E-16 ) ) ;
#3649 = DIRECTION ( 'NONE',  ( 0.000000000000000000, 1.000000000000000000, 0.000000000000000000 ) ) ;
#3650 = CARTESIAN_POINT ( 'NONE',  ( -2.300000000000002487, 0.000000000000000000, 0.000000000000000000 ) ) ;
#3651 = CARTESIAN_POINT ( 'NONE',  ( -1.216873555469091261, -4.741489085719818419, 2.737499999999972733 ) ) ;
#3652 = VERTEX_POINT ( 'NONE', #3024 ) ;
#3653 = DIRECTION ( 'NONE',  ( -1.000000000000000000, -0.000000000000000000, 0.000000000000000000 ) ) ;
#3654 = EDGE_CURVE ( 'NONE', #4106, #3652, #301, .T. ) ;
#3655 = EDGE_CURVE ( 'NONE', #4368, #5322, #2038, .T. ) ;
#3656 = VERTEX_POINT ( 'NONE', #4308 ) ;
#3657 = CARTESIAN_POINT ( 'NONE',  ( 0.9682255741299126139, 0.7357694555035002582, 4.972045451488760648 ) ) ;
#3658 = CARTESIAN_POINT ( 'NONE',  ( -0.6074448382802984936, -4.777036105533010613, -1.560129390037716002 ) ) ;
#3659 = PRESENTATION_STYLE_ASSIGNMENT (( #3281 ) ) ;
#3660 = CARTESIAN_POINT ( 'NONE',  ( 2.951763000829056837E-15, -1.833027702892645012E-14, 5.250000000000000000 ) ) ;
#3661 = VERTEX_POINT ( 'NONE', #1261 ) ;
#3662 = CARTESIAN_POINT ( 'NONE',  ( -2.500000000000001332, 0.000000000000000000, 0.000000000000000000 ) ) ;
#3663 = CARTESIAN_POINT ( 'NONE',  ( 1.066052540301015483, -5.441867247507231831, -0.6196405686378713140 ) ) ;
#3664 = FACE_OUTER_BOUND ( 'NONE', #4395, .T. ) ;
#3665 = VERTEX_POINT ( 'NONE', #348 ) ;
#3666 = ADVANCED_FACE ( 'NONE', ( #1156 ), #2131, .T. ) ;
#3667 = CARTESIAN_POINT ( 'NONE',  ( 1.060132804264171780, 4.019910896282927304, -3.018596205566872026 ) ) ;
#3668 = TOROIDAL_SURFACE ( 'NONE', #4485, 6.199999999999997513, 0.1999999999999990119 ) ;
#3669 = ORIENTED_EDGE ( 'NONE', *, *, #2342, .T. ) ;
#3670 = CARTESIAN_POINT ( 'NONE',  ( -0.1623272491987202137, 4.001999606619782490, -3.736258041268424535 ) ) ;
#3671 = DIRECTION ( 'NONE',  ( 1.000000000000000000, 0.000000000000000000, 0.000000000000000000 ) ) ;
#3672 = DIRECTION ( 'NONE',  ( 0.000000000000000000, 0.000000000000000000, 1.000000000000000000 ) ) ;
#3673 = ORIENTED_EDGE ( 'NONE', *, *, #5321, .T. ) ;
#3674 = CARTESIAN_POINT ( 'NONE',  ( 2.299999999999997602, 0.000000000000000000, 0.000000000000000000 ) ) ;
#3675 = AXIS2_PLACEMENT_3D ( 'NONE', #4681, #5464, #4149 ) ;
#3676 = FILL_AREA_STYLE_COLOUR ( '', #4863 ) ;
#3677 = CARTESIAN_POINT ( 'NONE',  ( 0.1139339630336197451, -5.201117964857068010, 1.709969858110669705 ) ) ;
#3678 = ORIENTED_EDGE ( 'NONE', *, *, #1353, .F. ) ;
#3679 = DIRECTION ( 'NONE',  ( 0.000000000000000000, -0.8660254037844450359, 0.4999999999999891198 ) ) ;
#3680 = PRESENTATION_LAYER_ASSIGNMENT (  '', '', ( #2190 ) ) ;
#3681 = CIRCLE ( 'NONE', #1196, 5.475000000000000533 ) ;
#3682 = CARTESIAN_POINT ( 'NONE',  ( -0.1160098896101753457, -3.715543477078821155, -3.383099418851986950 ) ) ;
#3683 = ORIENTED_EDGE ( 'NONE', *, *, #1049, .F. ) ;
#3684 = CARTESIAN_POINT ( 'NONE',  ( 1.060132804193022915, 0.6042255497742412551, 4.990643059899629641 ) ) ;
#3685 = CARTESIAN_POINT ( 'NONE',  ( -0.6188283613273927175, -3.617091090961451538, 4.110516372475635727 ) ) ;
#3686 = EDGE_CURVE ( 'NONE', #5441, #2331, #4346, .T. ) ;
#3687 = CARTESIAN_POINT ( 'NONE',  ( -0.3374999999999969691, -1.833027702892645012E-14, 5.250000000000000000 ) ) ;
#3688 = ORIENTED_EDGE ( 'NONE', *, *, #1712, .F. ) ;
#3689 = DIRECTION ( 'NONE',  ( 0.000000000000000000, 0.000000000000000000, 1.000000000000000000 ) ) ;
#3690 = CARTESIAN_POINT ( 'NONE',  ( -0.3374999999999969691, -5.250000000000000000, -0.000000000000000000 ) ) ;
#3691 = CARTESIAN_POINT ( 'NONE',  ( 0.9692456468901361477, -4.972233551599112289, -0.7345362395624553953 ) ) ;
#3692 = EDGE_CURVE ( 'NONE', #3545, #910, #2580, .T. ) ;
#3693 = ORIENTED_EDGE ( 'NONE', *, *, #2572, .F. ) ;
#3694 = FACE_OUTER_BOUND ( 'NONE', #1050, .T. ) ;
#3695 = ORIENTED_EDGE ( 'NONE', *, *, #5359, .F. ) ;
#3696 = CARTESIAN_POINT ( 'NONE',  ( 1.185664645333979639, 4.573754011965789346, -3.013064982713922646 ) ) ;
#3697 = CIRCLE ( 'NONE', #1387, 1.124999999999995115 ) ;
#3698 = CARTESIAN_POINT ( 'NONE',  ( -0.9774912523502856665, -2.056887232590133063, 5.075277381674310639 ) ) ;
#3699 = CYLINDRICAL_SURFACE ( 'NONE', #2473, 5.475000000000000533 ) ;
#3700 = VERTEX_POINT ( 'NONE', #3876 ) ;
#3701 = CARTESIAN_POINT ( 'NONE',  ( -1.237499999999993827, 2.624999999999989786, 4.546633369868309238 ) ) ;
#3703 = AXIS2_PLACEMENT_3D ( 'NONE', #204, #3734, #4662 ) ;
#3702 = B_SPLINE_CURVE_WITH_KNOTS ( 'NONE', 3,
 ( #990, #3392, #315, #2519, #3417, #1731 ),
 .UNSPECIFIED., .F., .F.,
 ( 4, 2, 4 ),
 ( 0.006630243725185743127, 0.006971267376530444586, 0.007312291027875146045 ),
 .UNSPECIFIED. ) ;
#3704 = EDGE_LOOP ( 'NONE', ( #1072, #5593 ) ) ;
#3705 = CIRCLE ( 'NONE', #5184, 5.999999999999998224 ) ;
#3706 = CIRCLE ( 'NONE', #553, 5.475000000000000533 ) ;
#3707 = AXIS2_PLACEMENT_3D ( 'NONE', #3890, #5664, #4382 ) ;
#3708 = ORIENTED_EDGE ( 'NONE', *, *, #685, .T. ) ;
#3709 = CIRCLE ( 'NONE', #5004, 5.475000000000000533 ) ;
#3710 = ORIENTED_EDGE ( 'NONE', *, *, #5215, .T. ) ;
#3711 = DIRECTION ( 'NONE',  ( 0.000000000000000000, 0.000000000000000000, 1.000000000000000000 ) ) ;
#3712 = CARTESIAN_POINT ( 'NONE',  ( 1.184509137125802081, -4.502506502262847654, -2.235888882112469833 ) ) ;
#3713 = CIRCLE ( 'NONE', #390, 1.237499999999996492 ) ;
#3714 = CIRCLE ( 'NONE', #1320, 1.237499999999996714 ) ;
#3715 = PRESENTATION_LAYER_ASSIGNMENT (  '', '', ( #2983 ) ) ;
#3716 = CARTESIAN_POINT ( 'NONE',  ( 1.237499999999999822, -4.546633369868319008, 2.624999999999973799 ) ) ;
#3717 = ORIENTED_EDGE ( 'NONE', *, *, #2920, .T. ) ;
#3718 = CARTESIAN_POINT ( 'NONE',  ( 0.3375000000000029643, 5.250000000000000000, 0.000000000000000000 ) ) ;
#3719 = DIRECTION ( 'NONE',  ( 0.000000000000000000, 0.000000000000000000, -1.000000000000000000 ) ) ;
#3720 = CARTESIAN_POINT ( 'NONE',  ( 1.216873555469096146, -5.025000000000000355, 2.755315672134857944E-17 ) ) ;
#3721 = ORIENTED_EDGE ( 'NONE', *, *, #1629, .F. ) ;
#3722 = CARTESIAN_POINT ( 'NONE',  ( -0.7438253088451876049, 3.798856746762353520, -3.291099724477445143 ) ) ;
#3723 = EDGE_CURVE ( 'NONE', #5409, #4047, #4996, .T. ) ;
#3724 = EDGE_CURVE ( 'NONE', #5036, #4324, #3706, .T. ) ;
#3725 = EDGE_LOOP ( 'NONE', ( #5691, #1512, #630, #191, #1703, #4710 ) ) ;
#3726 = DIRECTION ( 'NONE',  ( 0.000000000000000000, 0.000000000000000000, -1.000000000000000000 ) ) ;
#3727 = CARTESIAN_POINT ( 'NONE',  ( -0.1139799994183181703, 1.119676862645945459, -5.359286213971156343 ) ) ;
#3728 = CARTESIAN_POINT ( 'NONE',  ( 0.2294076944467772217, 1.727728249028931407, -5.195368396035665803 ) ) ;
#3729 = EDGE_LOOP ( 'NONE', ( #4090, #2201, #9, #3973 ) ) ;
#3730 = CARTESIAN_POINT ( 'NONE',  ( -0.6178653494856254369, 5.187926071696295161, 1.750740808670910198 ) ) ;
#3731 = ADVANCED_FACE ( 'NONE', ( #4283 ), #1690, .T. ) ;
#3732 = EDGE_LOOP ( 'NONE', ( #355, #4383 ) ) ;
#3733 = PLANE ( 'NONE',  #3255 ) ;
#3734 = DIRECTION ( 'NONE',  ( 0.000000000000000000, -0.8660254037844433705, 0.4999999999999918399 ) ) ;
#3735 = EDGE_CURVE ( 'NONE', #3775, #2808, #3008, .T. ) ;
#3736 = ORIENTED_EDGE ( 'NONE', *, *, #4171, .T. ) ;
#3737 = EDGE_LOOP ( 'NONE', ( #4906, #362 ) ) ;
#3738 = CARTESIAN_POINT ( 'NONE',  ( 0.3375000000000029643, -5.250000000000000000, 0.000000000000000000 ) ) ;
#3739 = CARTESIAN_POINT ( 'NONE',  ( 0.6182595144253225650, -3.617249411575674589, 4.110372429053020582 ) ) ;
#3740 = CARTESIAN_POINT ( 'NONE',  ( 0.7438253088451922679, 3.291099724477537958, -3.798856746762270920 ) ) ;
#3741 = DIRECTION ( 'NONE',  ( 0.000000000000000000, -1.000000000000000000, -1.224646799147353454E-16 ) ) ;
#3742 = DIRECTION ( 'NONE',  ( -1.000000000000000000, -0.000000000000000000, 0.000000000000000000 ) ) ;
#3743 = ORIENTED_EDGE ( 'NONE', *, *, #219, .F. ) ;
#3744 = CARTESIAN_POINT ( 'NONE',  ( 1.124999999999998224, -5.250000000000000000, 0.000000000000000000 ) ) ;
#3745 = CARTESIAN_POINT ( 'NONE',  ( 2.951763000829056837E-15, 2.625000000000053291, -4.546633369868272823 ) ) ;
#3746 = LINE ( 'NONE', #3313, #938 ) ;
#3747 = CARTESIAN_POINT ( 'NONE',  ( -1.216873555469090817, -4.660714929558010589, 2.877404942410728861 ) ) ;
#3748 = ORIENTED_EDGE ( 'NONE', *, *, #1522, .T. ) ;
#3749 = CARTESIAN_POINT ( 'NONE',  ( -0.6093760516249090431, 3.740250609034143636, -3.356287618679147045 ) ) ;
#3750 = ORIENTED_EDGE ( 'NONE', *, *, #1146, .T. ) ;
#3751 = COLOUR_RGB ( '',1.000000000000000000, 1.000000000000000000, 1.000000000000000000 ) ;
#3752 = DIRECTION ( 'NONE',  ( 0.000000000000000000, 1.000000000000000000, 0.000000000000000000 ) ) ;
#3753 = DIRECTION ( 'NONE',  ( 1.000000000000000000, 0.000000000000000000, 0.000000000000000000 ) ) ;
#3754 = ORIENTED_EDGE ( 'NONE', *, *, #3565, .F. ) ;
#3755 = DIRECTION ( 'NONE',  ( 1.000000000000000000, 0.000000000000000000, -0.000000000000000000 ) ) ;
#3756 = SURFACE_STYLE_FILL_AREA ( #5027 ) ;
#3757 = EDGE_CURVE ( 'NONE', #2301, #1551, #4033, .T. ) ;
#3758 = EDGE_CURVE ( 'NONE', #5329, #4019, #1850, .T. ) ;
#3759 = EDGE_LOOP ( 'NONE', ( #3827, #3519, #4945, #758 ) ) ;
#3760 = AXIS2_PLACEMENT_3D ( 'NONE', #4365, #3099, #2636 ) ;
#3761 = CARTESIAN_POINT ( 'NONE',  ( -0.3374999999999970246, 1.021228243303316408, -4.920133928571419624 ) ) ;
#3762 = CARTESIAN_POINT ( 'NONE',  ( -19.92709219242683361, 0.000000000000000000, 0.000000000000000000 ) ) ;
#3763 = ADVANCED_FACE ( 'NONE', ( #5252 ), #5364, .F. ) ;
#3764 = ORIENTED_EDGE ( 'NONE', *, *, #3580, .T. ) ;
#3765 = EDGE_LOOP ( 'NONE', ( #5134, #4510 ) ) ;
#3766 = ADVANCED_FACE ( 'NONE', ( #1342 ), #3482, .F. ) ;
#3767 = CARTESIAN_POINT ( 'NONE',  ( -0.7539527812222457381, -3.546387310455040076, 4.172780948423640446 ) ) ;
#3768 = DIRECTION ( 'NONE',  ( 0.000000000000000000, 0.000000000000000000, -1.000000000000000000 ) ) ;
#3769 = CARTESIAN_POINT ( 'NONE',  ( 1.216873555469096591, 4.430315561917163691, 2.376468353196414807 ) ) ;
#3770 = EDGE_LOOP ( 'NONE', ( #4253, #3095 ) ) ;
#3771 = CARTESIAN_POINT ( 'NONE',  ( -0.3374999999999969691, 5.250000000000000000, 0.000000000000000000 ) ) ;
#3772 = CARTESIAN_POINT ( 'NONE',  ( 0.2284057895504054136, 3.370231758262942634, -3.727378938410871534 ) ) ;
#3773 = CARTESIAN_POINT ( 'NONE',  ( -0.3374999999999969691, -4.546633369868282593, -2.625000000000037303 ) ) ;
#3774 = FACE_OUTER_BOUND ( 'NONE', #1243, .T. ) ;
#3775 = VERTEX_POINT ( 'NONE', #3083 ) ;
#3776 = CARTESIAN_POINT ( 'NONE',  ( 0.3375000000000029643, -2.625000000000021760, 4.546633369868291474 ) ) ;
#3777 = FACE_OUTER_BOUND ( 'NONE', #3396, .T. ) ;
#3778 = ORIENTED_EDGE ( 'NONE', *, *, #1547, .F. ) ;
#3779 = ADVANCED_FACE ( 'NONE', ( #4923, #3568 ), #2195, .T. ) ;
#3780 = DIRECTION ( 'NONE',  ( 0.000000000000000000, 0.000000000000000000, -1.000000000000000000 ) ) ;
#3781 = DIRECTION ( 'NONE',  ( -1.000000000000000000, -0.000000000000000000, 0.000000000000000000 ) ) ;
#3782 = ORIENTED_EDGE ( 'NONE', *, *, #4326, .T. ) ;
#3783 = CARTESIAN_POINT ( 'NONE',  ( -0.3227388460788840341, -4.025139890365577955, -3.711864985649499182 ) ) ;
#3784 = ORIENTED_EDGE ( 'NONE', *, *, #3723, .T. ) ;
#3785 = APPLICATION_CONTEXT ( 'automotive_design' ) ;
#3786 = DIRECTION ( 'NONE',  ( 0.000000000000000000, 0.000000000000000000, -1.000000000000000000 ) ) ;
#3787 = DIRECTION ( 'NONE',  ( -0.000000000000000000, -0.5000000000000009992, 0.8660254037844380415 ) ) ;
#3788 = TOROIDAL_SURFACE ( 'NONE', #838, 5.250000000000000000, 1.237499999999997158 ) ;
#3789 = VERTEX_POINT ( 'NONE', #3106 ) ;
#3790 = ADVANCED_FACE ( 'NONE', ( #10 ), #4891, .F. ) ;
#3791 = ADVANCED_FACE ( 'NONE', ( #5335, #4866 ), #2671, .T. ) ;
#3792 = AXIS2_PLACEMENT_3D ( 'NONE', #229, #3787, #4191 ) ;
#3793 = EDGE_LOOP ( 'NONE', ( #4989, #2048, #2264, #5212 ) ) ;
#3794 = AXIS2_PLACEMENT_3D ( 'NONE', #3662, #2438, #3260 ) ;
#3795 = AXIS2_PLACEMENT_3D ( 'NONE', #3361, #4148, #3290 ) ;
#3796 = DIRECTION ( 'NONE',  ( 0.000000000000000000, 0.000000000000000000, -1.000000000000000000 ) ) ;
#3797 = DIRECTION ( 'NONE',  ( -1.000000000000000000, -0.000000000000000000, 0.000000000000000000 ) ) ;
#3798 = CIRCLE ( 'NONE', #2400, 5.475000000000002309 ) ;
#3799 = B_SPLINE_CURVE_WITH_KNOTS ( 'NONE', 3,
 ( #2354, #1191, #4183, #4127, #168, #3031, #1695, #5201, #3916, #3463, #4288, #3435, #2040, #828, #5601, #2090, #5165, #5141 ),
 .UNSPECIFIED., .F., .F.,
 ( 4, 2, 2, 2, 2, 2, 2, 2, 4 ),
 ( 0.001883778965698465653, 0.002354457143249130777, 0.002825135320799795902, 0.003295813498350460592, 0.003766491675901125716, 0.004237169853451790841, 0.004707848031002455531, 0.005178526208553120222, 0.005649204386103785780 ),
 .UNSPECIFIED. ) ;
#3800 = AXIS2_PLACEMENT_3D ( 'NONE', #3484, #5655, #3830 ) ;
#3801 = PRESENTATION_STYLE_ASSIGNMENT (( #3021 ) ) ;
#3802 = DIRECTION ( 'NONE',  ( 1.000000000000000000, 0.000000000000000000, 0.000000000000000000 ) ) ;
#3803 = VERTEX_POINT ( 'NONE', #4807 ) ;
#3804 = DIRECTION ( 'NONE',  ( -1.000000000000000000, -0.000000000000000000, 0.000000000000000000 ) ) ;
#3805 = CARTESIAN_POINT ( 'NONE',  ( -0.3374999999999970246, 4.771575093816220026, 1.575657362522938199 ) ) ;
#3806 = CARTESIAN_POINT ( 'NONE',  ( -1.216873555469089929, 4.430315561917194778, -2.376468353196352634 ) ) ;
#3807 = ORIENTED_EDGE ( 'NONE', *, *, #2258, .T. ) ;
#3808 = AXIS2_PLACEMENT_3D ( 'NONE', #3092, #1751, #5345 ) ;
#3809 = CARTESIAN_POINT ( 'NONE',  ( 1.216873555469097701, -5.475000000000002309, 0.1615363784200297415 ) ) ;
#3810 = AXIS2_PLACEMENT_3D ( 'NONE', #784, #1283, #2165 ) ;
#3811 = CIRCLE ( 'NONE', #5370, 1.124999999999994671 ) ;
#3812 = CARTESIAN_POINT ( 'NONE',  ( 0.2288940565161385610, 3.635584375318173578, 4.093829020219231118 ) ) ;
#3813 = ORIENTED_EDGE ( 'NONE', *, *, #932, .T. ) ;
#3814 = DIRECTION ( 'NONE',  ( 0.000000000000000000, 0.000000000000000000, -1.000000000000000000 ) ) ;
#3815 = DIRECTION ( 'NONE',  ( 1.000000000000000000, 0.000000000000000000, -0.000000000000000000 ) ) ;
#3816 = CARTESIAN_POINT ( 'NONE',  ( -0.3374999999999975242, 0.000000000000000000, 0.000000000000000000 ) ) ;
#3817 = VERTEX_POINT ( 'NONE', #2225 ) ;
#3818 = CARTESIAN_POINT ( 'NONE',  ( -0.2294076944467708379, -1.101427643522852495, 5.363185137500146915 ) ) ;
#3819 = EDGE_LOOP ( 'NONE', ( #5017, #4005, #2017, #1546 ) ) ;
#3820 = DIRECTION ( 'NONE',  ( 0.000000000000000000, 1.000000000000000000, 3.491481338843135327E-15 ) ) ;
#3821 = DIRECTION ( 'NONE',  ( 0.000000000000000000, 0.8660254037844397068, -0.4999999999999980571 ) ) ;
#3822 = EDGE_LOOP ( 'NONE', ( #5204, #5669 ) ) ;
#3823 = EDGE_LOOP ( 'NONE', ( #1514, #4656 ) ) ;
#3824 = EDGE_CURVE ( 'NONE', #833, #1755, #376, .T. ) ;
#3825 = EDGE_CURVE ( 'NONE', #4324, #4966, #1853, .T. ) ;
#3826 = CARTESIAN_POINT ( 'NONE',  ( 1.216873555469096146, 4.351777654016800945, 2.512500000000004619 ) ) ;
#3827 = ORIENTED_EDGE ( 'NONE', *, *, #5626, .T. ) ;
#3828 = CARTESIAN_POINT ( 'NONE',  ( -19.92709219242683361, 0.000000000000000000, 0.000000000000000000 ) ) ;
#3829 = CARTESIAN_POINT ( 'NONE',  ( -3.499999999999999556, 0.000000000000000000, -5.999999999999998224 ) ) ;
#3830 = DIRECTION ( 'NONE',  ( 0.000000000000000000, 0.000000000000000000, -1.000000000000000000 ) ) ;
#3831 = SPHERICAL_SURFACE ( 'NONE', #4358, 1.237499999999996936 ) ;
#3832 = CARTESIAN_POINT ( 'NONE',  ( 2.951763000829056837E-15, 4.546633369868336771, -2.624999999999942268 ) ) ;
#3833 = CARTESIAN_POINT ( 'NONE',  ( -19.92709219242683361, 0.000000000000000000, 0.000000000000000000 ) ) ;
#3834 = CARTESIAN_POINT ( 'NONE',  ( 0.3375000000000044631, 0.000000000000000000, 0.000000000000000000 ) ) ;
#3835 = VERTEX_POINT ( 'NONE', #608 ) ;
#3836 = CARTESIAN_POINT ( 'NONE',  ( 1.066282750803724921, 3.257152822151267557, 4.403264907450155086 ) ) ;
#3837 = CARTESIAN_POINT ( 'NONE',  ( 1.186246345985058070, -2.455581101507922526, 4.895758463743381306 ) ) ;
#3838 = ORIENTED_EDGE ( 'NONE', *, *, #4492, .F. ) ;
#3839 = ORIENTED_EDGE ( 'NONE', *, *, #1990, .T. ) ;
#3840 = CARTESIAN_POINT ( 'NONE',  ( 0.3237003905340529175, -4.025397093648555469, -3.711580936677734588 ) ) ;
#3841 = ORIENTED_EDGE ( 'NONE', *, *, #2332, .T. ) ;
#3842 =( NAMED_UNIT ( * ) SI_UNIT ( $, .STERADIAN. ) SOLID_ANGLE_UNIT ( ) );
#3843 = CARTESIAN_POINT ( 'NONE',  ( -1.184161683695788225, 0.3155210454015561772, 5.017157959848047355 ) ) ;
#3844 = DIRECTION ( 'NONE',  ( -0.000000000000000000, 1.224646799147353207E-16, -1.000000000000000000 ) ) ;
#3845 = ORIENTED_EDGE ( 'NONE', *, *, #4606, .F. ) ;
#3846 = AXIS2_PLACEMENT_3D ( 'NONE', #5599, #4313, #5623 ) ;
#3847 = AXIS2_PLACEMENT_3D ( 'NONE', #4242, #2016, #3894 ) ;
#3848 = VECTOR ( 'NONE', #3088, 1000.000000000000000 ) ;
#3849 = DIRECTION ( 'NONE',  ( 1.000000000000000000, 0.000000000000000000, -0.000000000000000000 ) ) ;
#3850 = ORIENTED_EDGE ( 'NONE', *, *, #4073, .T. ) ;
#3851 = ADVANCED_FACE ( 'NONE', ( #3189 ), #3252, .T. ) ;
#3852 = DIRECTION ( 'NONE',  ( -0.000000000000000000, -0.4999999999999888978, -0.8660254037844451469 ) ) ;
#3853 = DIRECTION ( 'NONE',  ( 1.000000000000000000, 0.000000000000000000, -0.000000000000000000 ) ) ;
#3854 = SURFACE_SIDE_STYLE ('',( #5596 ) ) ;
#3855 = CARTESIAN_POINT ( 'NONE',  ( -0.1460510581655765638, 5.359303995922695130, 1.119591750256384577 ) ) ;
#3856 = DIRECTION ( 'NONE',  ( 0.000000000000000000, 0.8660254037844452579, -0.4999999999999886202 ) ) ;
#3857 = AXIS2_PLACEMENT_3D ( 'NONE', #617, #645, #2007 ) ;
#3858 = SPHERICAL_SURFACE ( 'NONE', #67, 1.237499999999996936 ) ;
#3859 = ADVANCED_FACE ( 'NONE', ( #4051 ), #4163, .F. ) ;
#3860 = DIRECTION ( 'NONE',  ( -1.000000000000000000, -0.000000000000000000, 0.000000000000000000 ) ) ;
#3861 = SPHERICAL_SURFACE ( 'NONE', #1763, 1.124999999999995115 ) ;
#3862 = ORIENTED_EDGE ( 'NONE', *, *, #260, .T. ) ;
#3863 = EDGE_LOOP ( 'NONE', ( #3688, #3156, #5193, #5500, #5246, #4428 ) ) ;
#3864 = DIRECTION ( 'NONE',  ( 0.000000000000000000, 0.8660254037844399289, -0.4999999999999978906 ) ) ;
#3865 = ORIENTED_EDGE ( 'NONE', *, *, #3549, .F. ) ;
#3866 = CARTESIAN_POINT ( 'NONE',  ( 1.130692417494989055, 5.453422443451218626, 0.5304292068955980266 ) ) ;
#3867 = CARTESIAN_POINT ( 'NONE',  ( 1.184200262941313753, -0.3157408673798328680, -5.017161983730499486 ) ) ;
#3868 = CARTESIAN_POINT ( 'NONE',  ( -0.3374999999999970246, -3.344476566048514954, 3.750346850512941366 ) ) ;
#3869 = FACE_OUTER_BOUND ( 'NONE', #2316, .T. ) ;
#3870 = CARTESIAN_POINT ( 'NONE',  ( -0.8839634109898513170, 5.432731420556152990, -0.6869885364292677155 ) ) ;
#3871 = ORIENTED_EDGE ( 'NONE', *, *, #4746, .T. ) ;
#3872 = AXIS2_PLACEMENT_3D ( 'NONE', #3674, #3182, #4044 ) ;
#3873 = VECTOR ( 'NONE', #5628, 1000.000000000000000 ) ;
#3874 = FACE_OUTER_BOUND ( 'NONE', #3302, .T. ) ;
#3875 = ORIENTED_EDGE ( 'NONE', *, *, #347, .T. ) ;
#3876 = CARTESIAN_POINT ( 'NONE',  ( 0.3375000000000044631, 5.344821428571431277, 1.186806174859089902 ) ) ;
#3877 = DIRECTION ( 'NONE',  ( 0.000000000000000000, 0.8660254037844364872, 0.5000000000000037748 ) ) ;
#3878 = CARTESIAN_POINT ( 'NONE',  ( 2.499999999999996891, 0.000000000000000000, 0.000000000000000000 ) ) ;
#3879 = CARTESIAN_POINT ( 'NONE',  ( 1.216873555469095924, -4.351777654016819596, 2.512499999999974420 ) ) ;
#3880 = DIRECTION ( 'NONE',  ( 1.000000000000000000, 0.000000000000000000, 0.000000000000000000 ) ) ;
#3881 = AXIS2_PLACEMENT_3D ( 'NONE', #3327, #1855, #4948 ) ;
#3882 = CIRCLE ( 'NONE', #5555, 1.124999999999995559 ) ;
#3883 = CARTESIAN_POINT ( 'NONE',  ( 0.7525402123772513274, -5.386712740550822609, 0.9860931065244298299 ) ) ;
#3884 = B_SPLINE_CURVE_WITH_KNOTS ( 'NONE', 3,
 ( #1399, #4924, #4482, #968, #525, #2133, #1029, #2828, #2374, #3311, #2406, #999, #1482, #3198, #133, #4139, #183, #1947 ),
 .UNSPECIFIED., .F., .F.,
 ( 4, 2, 2, 2, 2, 2, 2, 2, 4 ),
 ( 0.005649204378755473717, 0.006119817975306281535, 0.006590431571857089353, 0.007061045168407895437, 0.007531658764958702387, 0.008002272361509509338, 0.008472885958060314554, 0.008943499554611121505, 0.009414113151161928456 ),
 .UNSPECIFIED. ) ;
#3885 = DIRECTION ( 'NONE',  ( 0.000000000000000000, 1.000000000000000000, 3.491481338843134144E-15 ) ) ;
#3886 = ORIENTED_EDGE ( 'NONE', *, *, #2551, .T. ) ;
#3887 = CIRCLE ( 'NONE', #5384, 4.500000000000002665 ) ;
#3888 = CIRCLE ( 'NONE', #1403, 5.475000000000002309 ) ;
#3889 = CYLINDRICAL_SURFACE ( 'NONE', #3629, 4.500000000000002665 ) ;
#3890 = CARTESIAN_POINT ( 'NONE',  ( -0.3374999999999969691, -2.625000000000021760, 4.546633369868291474 ) ) ;
#3891 = EDGE_LOOP ( 'NONE', ( #4609, #3839, #333, #792 ) ) ;
#3892 = EDGE_LOOP ( 'NONE', ( #3102, #955, #3287, #5662 ) ) ;
#3893 = FACE_BOUND ( 'NONE', #5054, .T. ) ;
#3894 = DIRECTION ( 'NONE',  ( 1.000000000000000000, 0.000000000000000000, 0.000000000000000000 ) ) ;
#3895 = EDGE_CURVE ( 'NONE', #2555, #4937, #2216, .T. ) ;
#3896 = CIRCLE ( 'NONE', #2980, 3.200000000000001510 ) ;
#3897 = EDGE_CURVE ( 'NONE', #2052, #433, #4434, .T. ) ;
#3898 = TOROIDAL_SURFACE ( 'NONE', #2123, 7.300000000000000711, 0.1999999999999990119 ) ;
#3899 = ORIENTED_EDGE ( 'NONE', *, *, #3477, .T. ) ;
#3900 = CARTESIAN_POINT ( 'NONE',  ( -1.060888576672766703, 0.6027759425897367684, 4.990800405465336986 ) ) ;
#3901 = CARTESIAN_POINT ( 'NONE',  ( -19.92709219242683361, 0.000000000000000000, 0.000000000000000000 ) ) ;
#3902 = DIRECTION ( 'NONE',  ( 1.000000000000000000, 0.000000000000000000, -0.000000000000000000 ) ) ;
#3903 = DIRECTION ( 'NONE',  ( 1.000000000000000000, 0.000000000000000000, -0.000000000000000000 ) ) ;
#3904 = CARTESIAN_POINT ( 'NONE',  ( -0.3374999999999970246, 1.021228243303247574, 4.920133928571432946 ) ) ;
#3905 = B_SPLINE_CURVE_WITH_KNOTS ( 'NONE', 3,
 ( #2084, #4643, #767, #1203, #325, #2529 ),
 .UNSPECIFIED., .F., .F.,
 ( 4, 2, 4 ),
 ( 0.003144056225734956009, 0.003485646593208239271, 0.003827236960681522533 ),
 .UNSPECIFIED. ) ;
#3906 = ORIENTED_EDGE ( 'NONE', *, *, #2840, .T. ) ;
#3907 = EDGE_CURVE ( 'NONE', #3322, #2537, #462, .T. ) ;
#3908 = EDGE_CURVE ( 'NONE', #481, #4837, #5646, .T. ) ;
#3909 = CYLINDRICAL_SURFACE ( 'NONE', #4995, 4.500000000000002665 ) ;
#3910 = ORIENTED_EDGE ( 'NONE', *, *, #307, .T. ) ;
#3911 = CARTESIAN_POINT ( 'NONE',  ( 2.951763000829056837E-15, -5.250000000000000000, 0.000000000000000000 ) ) ;
#3912 = FACE_OUTER_BOUND ( 'NONE', #627, .T. ) ;
#3913 = PRESENTATION_STYLE_ASSIGNMENT (( #2498 ) ) ;
#3914 = CARTESIAN_POINT ( 'NONE',  ( 1.184325193566460044, 4.502740015386105021, -2.235402784039955737 ) ) ;
#3915 = CARTESIAN_POINT ( 'NONE',  ( 0.3375000000000030753, -3.750346850512976449, 3.344476566048475874 ) ) ;
#3916 = CARTESIAN_POINT ( 'NONE',  ( 0.1561588338134658194, -4.883948607269695152, 1.182231370141733073 ) ) ;
#3917 = DIRECTION ( 'NONE',  ( 0.000000000000000000, 0.8660254037844363761, 0.5000000000000039968 ) ) ;
#3918 = EDGE_LOOP ( 'NONE', ( #3062, #2025, #5680, #4505, #4552, #2634 ) ) ;
#3919 = CARTESIAN_POINT ( 'NONE',  ( 0.2283429028092212598, -3.635721173720793953, 4.093709127072129306 ) ) ;
#3920 = CARTESIAN_POINT ( 'NONE',  ( 1.216873555469097701, -2.737500000000022471, 4.741489085719789109 ) ) ;
#3921 = EDGE_CURVE ( 'NONE', #2224, #3318, #192, .T. ) ;
#3922 = VERTEX_POINT ( 'NONE', #1427 ) ;
#3923 = ORIENTED_EDGE ( 'NONE', *, *, #4994, .F. ) ;
#3924 = CARTESIAN_POINT ( 'NONE',  ( 0.3164798858092635059, 1.152102331139249758, -4.891496487355269096 ) ) ;
#3925 = ORIENTED_EDGE ( 'NONE', *, *, #1292, .T. ) ;
#3926 = FILL_AREA_STYLE_COLOUR ( '', #2799 ) ;
#3927 = CARTESIAN_POINT ( 'NONE',  ( 0.1577470958357202468, -1.182297190411661925, -4.883932675978588378 ) ) ;
#3928 = EDGE_CURVE ( 'NONE', #2194, #1096, #3421, .T. ) ;
#3929 = DIRECTION ( 'NONE',  ( -1.000000000000000000, -0.000000000000000000, 0.000000000000000000 ) ) ;
#3930 = CARTESIAN_POINT ( 'NONE',  ( -0.3374999999999969691, -4.546633369868319008, 2.624999999999973799 ) ) ;
#3931 = FACE_BOUND ( 'NONE', #3579, .T. ) ;
#3932 = DIRECTION ( 'NONE',  ( 0.000000000000000000, -0.000000000000000000, 1.000000000000000000 ) ) ;
#3933 = ORIENTED_EDGE ( 'NONE', *, *, #4246, .F. ) ;
#3934 = EDGE_CURVE ( 'NONE', #573, #424, #4508, .T. ) ;
#3935 = EDGE_CURVE ( 'NONE', #442, #4130, #3433, .T. ) ;
#3936 = CIRCLE ( 'NONE', #3212, 5.999999999999998224 ) ;
#3937 = CIRCLE ( 'NONE', #60, 1.073181601594058732 ) ;
#3938 = DIRECTION ( 'NONE',  ( -1.000000000000000000, -0.000000000000000000, 0.000000000000000000 ) ) ;
#3939 = ORIENTED_EDGE ( 'NONE', *, *, #4390, .F. ) ;
#3940 = CARTESIAN_POINT ( 'NONE',  ( -0.7525402123772437779, -5.158076629468531848, 1.839374689528509021 ) ) ;
#3941 = CARTESIAN_POINT ( 'NONE',  ( 1.216873555469095924, 2.512499999999990408, 4.351777654016809826 ) ) ;
#3942 = VECTOR ( 'NONE', #624, 1000.000000000000000 ) ;
#3943 = CARTESIAN_POINT ( 'NONE',  ( 0.6074448382787753786, -1.037406367804072804, 4.917099317205724240 ) ) ;
#3944 = PLANE ( 'NONE',  #3162 ) ;
#3945 = CARTESIAN_POINT ( 'NONE',  ( -0.1142805824610624854, -3.715423797418360596, 3.383230854298441059 ) ) ;
#3946 = AXIS2_PLACEMENT_3D ( 'NONE', #3502, #2243, #2662 ) ;
#3947 = ORIENTED_EDGE ( 'NONE', *, *, #356, .T. ) ;
#3948 = DIRECTION ( 'NONE',  ( -1.000000000000000000, -0.000000000000000000, 0.000000000000000000 ) ) ;
#3949 = CARTESIAN_POINT ( 'NONE',  ( 1.185664645333979639, -3.013064982713939521, -4.573754011965780464 ) ) ;
#3950 = VERTEX_POINT ( 'NONE', #367 ) ;
#3951 = FACE_OUTER_BOUND ( 'NONE', #5152, .T. ) ;
#3952 = CARTESIAN_POINT ( 'NONE',  ( 0.1578090310811194885, -1.418333126981336179, -4.820680050771482428 ) ) ;
#3953 = DIRECTION ( 'NONE',  ( 0.000000000000000000, -1.212322877181356342E-14, -1.000000000000000000 ) ) ;
#3954 = STYLED_ITEM ( 'NONE', ( #4897 ), #708 ) ;
#3955 = ORIENTED_EDGE ( 'NONE', *, *, #3381, .F. ) ;
#3956 = CLOSED_SHELL ( 'NONE', ( #1602, #3731, #1669, #3628 ) ) ;
#3957 = EDGE_CURVE ( 'NONE', #2974, #1374, #3216, .T. ) ;
#3958 = CARTESIAN_POINT ( 'NONE',  ( -1.184161683695788003, -0.3155210454015222044, -5.017157959848049131 ) ) ;
#3959 = CARTESIAN_POINT ( 'NONE',  ( 0.3375000000000030753, -3.344476566048514954, 3.750346850512941366 ) ) ;
#3960 = DIRECTION ( 'NONE',  ( -1.000000000000000000, -0.000000000000000000, 0.000000000000000000 ) ) ;
#3961 = FACE_OUTER_BOUND ( 'NONE', #5586, .T. ) ;
#3962 = CARTESIAN_POINT ( 'NONE',  ( -19.92709219242683361, 0.000000000000000000, 0.000000000000000000 ) ) ;
#3963 = EDGE_CURVE ( 'NONE', #523, #1508, #4157, .T. ) ;
#3964 = EDGE_CURVE ( 'NONE', #2247, #2301, #4904, .T. ) ;
#3965 = AXIS2_PLACEMENT_3D ( 'NONE', #5149, #3414, #1193 ) ;
#3966 = CARTESIAN_POINT ( 'NONE',  ( 0.2847977238679095802, 4.915341355938781298, 1.045407504638550256 ) ) ;
#3967 = EDGE_LOOP ( 'NONE', ( #1529, #897, #4321, #5236 ) ) ;
#3968 = CARTESIAN_POINT ( 'NONE',  ( 0.3375000000000029643, 5.025000000000001243, 0.000000000000000000 ) ) ;
#3969 = CARTESIAN_POINT ( 'NONE',  ( -0.9843303561304962424, 0.000000000000000000, 0.000000000000000000 ) ) ;
#3970 = DIRECTION ( 'NONE',  ( 0.000000000000000000, 0.000000000000000000, -1.000000000000000000 ) ) ;
#3972 = CIRCLE ( 'NONE', #5273, 1.124999999999994893 ) ;
#3971 = B_SPLINE_CURVE_WITH_KNOTS ( 'NONE', 3,
 ( #4174, #4519, #2375, #3663, #5019, #134, #5406, #4493, #1893, #533, #2345, #3231, #1483, #1977, #5428, #5513, #2771, #2285 ),
 .UNSPECIFIED., .F., .F.,
 ( 4, 2, 2, 2, 2, 2, 2, 2, 4 ),
 ( 0.005772523578970448731, 0.006253562060444436618, 0.006734600541918425373, 0.007215639023392413261, 0.007696677504866401148, 0.008177715986340389903, 0.008658754467814376923, 0.009139792949288365678, 0.009620831430762354433 ),
 .UNSPECIFIED. ) ;
#3973 = ORIENTED_EDGE ( 'NONE', *, *, #1639, .F. ) ;
#3974 = FILL_AREA_STYLE_COLOUR ( '', #2097 ) ;
#3975 = VERTEX_POINT ( 'NONE', #316 ) ;
#3976 = CARTESIAN_POINT ( 'NONE',  ( -0.6066795256490183919, 1.559643906801509994, 4.777195101010568656 ) ) ;
#3977 = FACE_OUTER_BOUND ( 'NONE', #4449, .T. ) ;
#3978 = CIRCLE ( 'NONE', #1578, 1.237499999999996936 ) ;
#3979 = CARTESIAN_POINT ( 'NONE',  ( -0.3374999999999969691, 5.025000000000001243, 0.000000000000000000 ) ) ;
#3980 = AXIS2_PLACEMENT_3D ( 'NONE', #5681, #3596, #36 ) ;
#3981 = ADVANCED_FACE ( 'NONE', ( #3449 ), #4194, .T. ) ;
#3982 = FILL_AREA_STYLE ('',( #2106 ) ) ;
#3983 = ORIENTED_EDGE ( 'NONE', *, *, #5064, .T. ) ;
#3984 = CARTESIAN_POINT ( 'NONE',  ( -1.216873555469091484, -4.272263529700784268, -2.650222503234692439 ) ) ;
#3985 = CARTESIAN_POINT ( 'NONE',  ( -0.3374999999999969691, -1.761505952817365550, 5.183890602451887375 ) ) ;
#3986 = FACE_OUTER_BOUND ( 'NONE', #2818, .T. ) ;
#3987 = CARTESIAN_POINT ( 'NONE',  ( -3.499999999999999556, -7.347880794884117764E-16, 5.999999999999998224 ) ) ;
#3988 = DIRECTION ( 'NONE',  ( 1.000000000000000000, 0.000000000000000000, -0.000000000000000000 ) ) ;
#3989 = TOROIDAL_SURFACE ( 'NONE', #3810, 6.199999999999997513, 0.1999999999999987899 ) ;
#3990 = CIRCLE ( 'NONE', #4168, 0.1999999999999987899 ) ;
#3991 = VERTEX_POINT ( 'NONE', #1756 ) ;
#3992 = CARTESIAN_POINT ( 'NONE',  ( -0.6182595144250968566, 1.077443667722425724, 5.368311648362885435 ) ) ;
#3993 = VERTEX_POINT ( 'NONE', #1302 ) ;
#3994 = CARTESIAN_POINT ( 'NONE',  ( 0.6171494958829059074, 1.750416590129508121, -5.188032411269612787 ) ) ;
#3995 = FACE_OUTER_BOUND ( 'NONE', #3732, .T. ) ;
#3996 = CARTESIAN_POINT ( 'NONE',  ( -0.8188382975721275603, 5.395505030668287461, 0.9539563985420106418 ) ) ;
#3997 = EDGE_CURVE ( 'NONE', #394, #5114, #2366, .T. ) ;
#3998 = EDGE_CURVE ( 'NONE', #3259, #296, #4813, .T. ) ;
#3999 = VERTEX_POINT ( 'NONE', #2104 ) ;
#4000 = DIRECTION ( 'NONE',  ( -1.000000000000000000, -0.000000000000000000, 0.000000000000000000 ) ) ;
#4001 = ORIENTED_EDGE ( 'NONE', *, *, #2228, .T. ) ;
#4002 = DIRECTION ( 'NONE',  ( 1.000000000000000000, 0.000000000000000000, 0.000000000000000000 ) ) ;
#4003 = CARTESIAN_POINT ( 'NONE',  ( 0.6066795256490238319, 1.559643906801576385, -4.777195101010546452 ) ) ;
#4004 = EDGE_CURVE ( 'NONE', #2518, #4588, #2934, .T. ) ;
#4005 = ORIENTED_EDGE ( 'NONE', *, *, #3158, .F. ) ;
#4006 =( NAMED_UNIT ( * ) SI_UNIT ( $, .STERADIAN. ) SOLID_ANGLE_UNIT ( ) );
#4007 = ORIENTED_EDGE ( 'NONE', *, *, #3016, .T. ) ;
#4008 = CARTESIAN_POINT ( 'NONE',  ( 0.3375000000000030753, 4.771575093816242230, -1.575657362522871141 ) ) ;
#4009 = CARTESIAN_POINT ( 'NONE',  ( -1.237499999999993827, -5.250000000000000000, 0.000000000000000000 ) ) ;
#4010 = CARTESIAN_POINT ( 'NONE',  ( 0.2294076944467769441, -1.727728249028894991, 5.195368396035678238 ) ) ;
#4011 = CARTESIAN_POINT ( 'NONE',  ( 0.9766114375336411024, 4.318452722995152371, 3.367476254988089668 ) ) ;
#4012 = CARTESIAN_POINT ( 'NONE',  ( 0.3375000000000030753, -3.750346850512976449, 3.344476566048475874 ) ) ;
#4013 = DIRECTION ( 'NONE',  ( 1.000000000000000000, 0.000000000000000000, 0.000000000000000000 ) ) ;
#4014 = AXIS2_PLACEMENT_3D ( 'NONE', #4473, #959, #2837 ) ;
#4015 = ORIENTED_EDGE ( 'NONE', *, *, #109, .F. ) ;
#4016 = CARTESIAN_POINT ( 'NONE',  ( 1.216873555470457724, 5.475000000000316724, 1.549021926834971445E-13 ) ) ;
#4017 =( GEOMETRIC_REPRESENTATION_CONTEXT ( 3 ) GLOBAL_UNCERTAINTY_ASSIGNED_CONTEXT ( ( #1590 ) ) GLOBAL_UNIT_ASSIGNED_CONTEXT ( ( #344, #790, #4666 ) ) REPRESENTATION_CONTEXT ( 'NONE', 'WORKASPACE' ) );
#4018 = FACE_OUTER_BOUND ( 'NONE', #5363, .T. ) ;
#4019 = VERTEX_POINT ( 'NONE', #52 ) ;
#4020 = CARTESIAN_POINT ( 'NONE',  ( 0.3375000000000029643, 5.025000000000001243, 0.000000000000000000 ) ) ;
#4021 = DIRECTION ( 'NONE',  ( 0.000000000000000000, 0.000000000000000000, -1.000000000000000000 ) ) ;
#4022 = CARTESIAN_POINT ( 'NONE',  ( -0.3374999999999969691, -4.546633369868319008, 2.624999999999973799 ) ) ;
#4023 = FACE_OUTER_BOUND ( 'NONE', #5073, .T. ) ;
#4024 = AXIS2_PLACEMENT_3D ( 'NONE', #1874, #4559, #5437 ) ;
#4025 = ORIENTED_EDGE ( 'NONE', *, *, #2666, .F. ) ;
#4026 = CARTESIAN_POINT ( 'NONE',  ( -1.185664645333973422, 3.013064982714034556, -4.573754011965716515 ) ) ;
#4027 = ADVANCED_FACE ( 'NONE', ( #2210 ), #4909, .T. ) ;
#4028 = CARTESIAN_POINT ( 'NONE',  ( 2.951763000829056837E-15, -4.546633369868319008, 2.624999999999973799 ) ) ;
#4029 = ORIENTED_EDGE ( 'NONE', *, *, #2531, .T. ) ;
#4030 = DIRECTION ( 'NONE',  ( 0.000000000000000000, 0.000000000000000000, -1.000000000000000000 ) ) ;
#4031 = CARTESIAN_POINT ( 'NONE',  ( -0.9689635404861054457, -1.849409760455088758, -4.673595488726403957 ) ) ;
#4032 = AXIS2_PLACEMENT_3D ( 'NONE', #1792, #3561, #5327 ) ;
#4033 = B_SPLINE_CURVE_WITH_KNOTS ( 'NONE', 3,
 ( #3427, #2996, #4752, #385, #2146, #1569, #4396, #1773, #1716, #439, #941, #63, #3940, #2704, #5308, #1398, #492, #1825 ),
 .UNSPECIFIED., .F., .F.,
 ( 4, 2, 2, 2, 2, 2, 2, 2, 4 ),
 ( 0.001924500009533457352, 0.002405502955712250993, 0.002886505901891044633, 0.003367508848069838273, 0.003848511794248631046, 0.004329514740427424686, 0.004810517686606216592, 0.005291520632785011100, 0.005772523578963804740 ),
 .UNSPECIFIED. ) ;
#4034 = CARTESIAN_POINT ( 'NONE',  ( -0.3222421747442709705, -1.202038509233169350, 5.341792017825581773 ) ) ;
#4035 = ORIENTED_EDGE ( 'NONE', *, *, #328, .T. ) ;
#4036 = CARTESIAN_POINT ( 'NONE',  ( 2.951763000829056837E-15, 5.250000000000000000, 0.000000000000000000 ) ) ;
#4037 = ADVANCED_FACE ( 'NONE', ( #80 ), #29, .T. ) ;
#4038 = VERTEX_POINT ( 'NONE', #3985 ) ;
#4039 = ADVANCED_FACE ( 'NONE', ( #981 ), #2686, .T. ) ;
#4040 = AXIS2_PLACEMENT_3D ( 'NONE', #5494, #1517, #1927 ) ;
#4041 = CARTESIAN_POINT ( 'NONE',  ( 2.499999999999998668, 0.000000000000000000, -4.300000000000001599 ) ) ;
#4042 = DIRECTION ( 'NONE',  ( -1.000000000000000000, -0.000000000000000000, -0.000000000000000000 ) ) ;
#4043 = DIRECTION ( 'NONE',  ( 0.000000000000000000, 0.8660254037844380415, 0.5000000000000011102 ) ) ;
#4044 = DIRECTION ( 'NONE',  ( 0.000000000000000000, 0.000000000000000000, -1.000000000000000000 ) ) ;
#4045 = CARTESIAN_POINT ( 'NONE',  ( -1.060132804264166229, -3.018596205566941748, 4.019910896282875790 ) ) ;
#4046 = CARTESIAN_POINT ( 'NONE',  ( 2.951763000829056837E-15, -5.250000000000000000, 0.000000000000000000 ) ) ;
#4047 = VERTEX_POINT ( 'NONE', #4009 ) ;
#4048 = CARTESIAN_POINT ( 'NONE',  ( 1.216873555469096146, 4.351777654016835584, -2.512499999999944222 ) ) ;
#4049 = DIRECTION ( 'NONE',  ( -1.000000000000000000, -0.000000000000000000, 0.000000000000000000 ) ) ;
#4050 = VERTEX_POINT ( 'NONE', #3558 ) ;
#4051 = FACE_OUTER_BOUND ( 'NONE', #1781, .T. ) ;
#4052 = DIRECTION ( 'NONE',  ( -0.000000000000000000, -0.4999999999999891198, -0.8660254037844450359 ) ) ;
#4053 = CARTESIAN_POINT ( 'NONE',  ( -2.500000000000001332, 0.000000000000000000, 0.000000000000000000 ) ) ;
#4054 = FACE_OUTER_BOUND ( 'NONE', #252, .T. ) ;
#4055 = DIRECTION ( 'NONE',  ( 0.000000000000000000, 0.000000000000000000, -1.000000000000000000 ) ) ;
#4056 = DIRECTION ( 'NONE',  ( 1.000000000000000000, 0.000000000000000000, -0.000000000000000000 ) ) ;
#4057 = EDGE_LOOP ( 'NONE', ( #3841, #1966, #4979, #5006 ) ) ;
#4058 = DIRECTION ( 'NONE',  ( 0.000000000000000000, -1.000000000000000000, -1.224646799147353207E-16 ) ) ;
#4059 = CARTESIAN_POINT ( 'NONE',  ( -0.2290589410531660708, -1.543085156773249755, 4.782331004557229370 ) ) ;
#4060 = CARTESIAN_POINT ( 'NONE',  ( -0.9684278525401796012, 1.849049199763128204, -4.673716618225737029 ) ) ;
#4061 = EDGE_LOOP ( 'NONE', ( #4098, #5665, #4737, #1750 ) ) ;
#4062 = CIRCLE ( 'NONE', #3330, 5.025000000000001243 ) ;
#4063 = CARTESIAN_POINT ( 'NONE',  ( 1.074019117856325201, 5.468866631957697955, -0.2920292846758000271 ) ) ;
#4064 = VERTEX_POINT ( 'NONE', #3181 ) ;
#4065 = AXIS2_PLACEMENT_3D ( 'NONE', #159, #4579, #3689 ) ;
#4066 = AXIS2_PLACEMENT_3D ( 'NONE', #1002, #3094, #2653 ) ;
#4067 =( NAMED_UNIT ( * ) SI_UNIT ( $, .STERADIAN. ) SOLID_ANGLE_UNIT ( ) );
#4068 = CARTESIAN_POINT ( 'NONE',  ( 0.1630295018219759806, -1.234600566027713953, -5.333984106152912297 ) ) ;
#4069 = FACE_OUTER_BOUND ( 'NONE', #4599, .T. ) ;
#4070 = DIRECTION ( 'NONE',  ( -0.000000000000000000, 0.000000000000000000, -1.000000000000000000 ) ) ;
#4071 = FACE_BOUND ( 'NONE', #212, .T. ) ;
#4072 = ADVANCED_FACE ( 'NONE', ( #3647 ), #1008, .F. ) ;
#4073 = EDGE_CURVE ( 'NONE', #3033, #523, #5094, .T. ) ;
#4074 = AXIS2_PLACEMENT_3D ( 'NONE', #4978, #4479, #90 ) ;
#4075 = AXIS2_PLACEMENT_3D ( 'NONE', #4855, #2985, #339 ) ;
#4076 = AXIS2_PLACEMENT_3D ( 'NONE', #135, #2805, #1092 ) ;
#4077 = EDGE_LOOP ( 'NONE', ( #5344, #4792 ) ) ;
#4078 = AXIS2_PLACEMENT_3D ( 'NONE', #2842, #1557, #3274 ) ;
#4079 = CARTESIAN_POINT ( 'NONE',  ( 2.951763000829056837E-15, -4.546633369868319008, 2.624999999999973799 ) ) ;
#4080 = AXIS2_PLACEMENT_3D ( 'NONE', #728, #3820, #5699 ) ;
#4081 = AXIS2_PLACEMENT_3D ( 'NONE', #3347, #4262, #2913 ) ;
#4082 = CARTESIAN_POINT ( 'NONE',  ( -0.2282113725549039518, -3.727338007256168151, -3.370277656634128594 ) ) ;
#4083 = ORIENTED_EDGE ( 'NONE', *, *, #4073, .F. ) ;
#4084 = CARTESIAN_POINT ( 'NONE',  ( 1.216873555469096813, 0.1590282486647340843, 5.025000000000001243 ) ) ;
#4085 = EDGE_CURVE ( 'NONE', #3111, #910, #5461, .T. ) ;
#4086 = CARTESIAN_POINT ( 'NONE',  ( 0.3375000000000029088, -1.761505952817295162, -5.183890602451913132 ) ) ;
#4087 = DIRECTION ( 'NONE',  ( 0.000000000000000000, 0.8660254037844399289, -0.4999999999999978906 ) ) ;
#4088 = FACE_OUTER_BOUND ( 'NONE', #5238, .T. ) ;
#4089 = DIRECTION ( 'NONE',  ( 0.000000000000000000, -1.243449787580175641E-14, 1.000000000000000000 ) ) ;
#4090 = ORIENTED_EDGE ( 'NONE', *, *, #5215, .F. ) ;
#4091 = CARTESIAN_POINT ( 'NONE',  ( -2.299999999999997602, 0.000000000000000000, -4.300000000000001599 ) ) ;
#4092 = CARTESIAN_POINT ( 'NONE',  ( 1.216873555470457724, 4.741489085720187902, -2.737499999999962963 ) ) ;
#4093 = B_SPLINE_CURVE_WITH_KNOTS ( 'NONE', 3,
 ( #2214, #3535, #816, #5219, #1253, #2610 ),
 .UNSPECIFIED., .F., .F.,
 ( 4, 2, 4 ),
 ( 0.006630243725172176722, 0.006971267376515587547, 0.007312291027858998371 ),
 .UNSPECIFIED. ) ;
#4094 = CARTESIAN_POINT ( 'NONE',  ( 1.216873555469095924, 2.376468353196460548, -4.430315561917137934 ) ) ;
#4095 = EDGE_LOOP ( 'NONE', ( #1807, #245 ) ) ;
#4096 = DIRECTION ( 'NONE',  ( 0.000000000000000000, 0.000000000000000000, -1.000000000000000000 ) ) ;
#4097 = B_SPLINE_CURVE_WITH_KNOTS ( 'NONE', 3,
 ( #1584, #4680, #3727, #2864, #2810, #5120 ),
 .UNSPECIFIED., .F., .F.,
 ( 4, 2, 4 ),
 ( 0.003144056225739081615, 0.003485646593212812869, 0.003827236960686544124 ),
 .UNSPECIFIED. ) ;
#4098 = ORIENTED_EDGE ( 'NONE', *, *, #496, .T. ) ;
#4099 = CARTESIAN_POINT ( 'NONE',  ( 0.3375000000000030753, -3.344476566048462551, -3.750346850512987995 ) ) ;
#4100 = CARTESIAN_POINT ( 'NONE',  ( 0.7539527812220766512, -0.9848710283010765343, -5.386927960990101738 ) ) ;
#4101 = CARTESIAN_POINT ( 'NONE',  ( 0.3375000000000029088, -1.761505952817366438, 5.183890602451889151 ) ) ;
#4102 = EDGE_LOOP ( 'NONE', ( #4706, #2495, #3764, #3604 ) ) ;
#4103 = CARTESIAN_POINT ( 'NONE',  ( 1.216873555469097479, 4.741489085719798879, 2.737500000000006040 ) ) ;
#4104 =( LENGTH_UNIT ( ) NAMED_UNIT ( * ) SI_UNIT ( .MILLI., .METRE. ) );
#4105 = CARTESIAN_POINT ( 'NONE',  ( -1.216873555469091261, 5.746431636306483306E-14, -5.475000000000001421 ) ) ;
#4106 = VERTEX_POINT ( 'NONE', #1900 ) ;
#4107 = EDGE_CURVE ( 'NONE', #2715, #4244, #5092, .T. ) ;
#4108 = DIRECTION ( 'NONE',  ( 0.000000000000000000, 1.000000000000000000, 3.613946018757868503E-15 ) ) ;
#4109 = B_SPLINE_CURVE_WITH_KNOTS ( 'NONE', 3,
 ( #1030, #4059, #160, #2804, #3261, #5076 ),
 .UNSPECIFIED., .F., .F.,
 ( 4, 2, 4 ),
 ( 0.003069521842370880483, 0.003410565455249569763, 0.003751609068128259478 ),
 .UNSPECIFIED. ) ;
#4110 = EDGE_CURVE ( 'NONE', #5000, #4630, #3882, .T. ) ;
#4111 = VERTEX_POINT ( 'NONE', #3149 ) ;
#4112 = CARTESIAN_POINT ( 'NONE',  ( -0.1604339750629828198, 1.181960801552156992, 4.884014096370000502 ) ) ;
#4113 = DIRECTION ( 'NONE',  ( -1.000000000000000000, -0.000000000000000000, -0.000000000000000000 ) ) ;
#4114 = TOROIDAL_SURFACE ( 'NONE', #2415, 4.300000000000001599, 0.2000000000000003997 ) ;
#4115 = DIRECTION ( 'NONE',  ( 0.000000000000000000, -3.491481338843134144E-15, 1.000000000000000000 ) ) ;
#4116 = VERTEX_POINT ( 'NONE', #957 ) ;
#4117 = DIRECTION ( 'NONE',  ( 1.000000000000000000, 0.000000000000000000, -0.000000000000000000 ) ) ;
#4118 = CARTESIAN_POINT ( 'NONE',  ( -0.3374999999999969691, -1.066436397168635253, 5.370133928571426907 ) ) ;
#4119 = DIRECTION ( 'NONE',  ( 1.000000000000000000, 0.000000000000000000, 0.000000000000000000 ) ) ;
#4120 = FACE_OUTER_BOUND ( 'NONE', #2484, .T. ) ;
#4121 = DIRECTION ( 'NONE',  ( 0.000000000000000000, 0.8660254037844432595, -0.4999999999999919509 ) ) ;
#4122 = CIRCLE ( 'NONE', #5151, 5.025000000000001243 ) ;
#4123 = ORIENTED_EDGE ( 'NONE', *, *, #3297, .T. ) ;
#4124 = CIRCLE ( 'NONE', #5519, 1.237499999999996492 ) ;
#4125 = CARTESIAN_POINT ( 'NONE',  ( -1.216873555469091484, 4.741489085719837071, -2.737499999999939426 ) ) ;
#4126 = DIRECTION ( 'NONE',  ( 0.000000000000000000, 0.000000000000000000, -1.000000000000000000 ) ) ;
#4127 = CARTESIAN_POINT ( 'NONE',  ( 1.060068109012840987, -4.990627786035840785, 0.6044817592958281471 ) ) ;
#4128 = VERTEX_POINT ( 'NONE', #4939 ) ;
#4129 = CARTESIAN_POINT ( 'NONE',  ( -3.499999999999999556, 0.000000000000000000, 0.000000000000000000 ) ) ;
#4130 = VERTEX_POINT ( 'NONE', #2719 ) ;
#4131 = CARTESIAN_POINT ( 'NONE',  ( -0.3374999999999975242, 0.000000000000000000, 0.000000000000000000 ) ) ;
#4132 = CARTESIAN_POINT ( 'NONE',  ( 1.216873555469097479, 2.737500000000055778, -4.741489085719770458 ) ) ;
#4133 = CARTESIAN_POINT ( 'NONE',  ( 0.9689635404861109969, -4.673595488726373759, -1.849409760455170026 ) ) ;
#4134 = CARTESIAN_POINT ( 'NONE',  ( 0.3375000000000029643, -1.833027702892645012E-14, 5.250000000000000000 ) ) ;
#4135 = ADVANCED_FACE ( 'NONE', ( #4471 ), #512, .F. ) ;
#4136 = EDGE_CURVE ( 'NONE', #3612, #3817, #1395, .T. ) ;
#4137 = CARTESIAN_POINT ( 'NONE',  ( -0.3374999999999969691, -3.608627975754049810, -4.117454205283311630 ) ) ;
#4138 = ORIENTED_EDGE ( 'NONE', *, *, #274, .T. ) ;
#4139 = CARTESIAN_POINT ( 'NONE',  ( -1.184161683711921098, -4.187225725368486806, 2.781828220606383795 ) ) ;
#4140 = CARTESIAN_POINT ( 'NONE',  ( 0.3375000000000029088, 1.066436397168597949, 5.370133928571435789 ) ) ;
#4141 = CARTESIAN_POINT ( 'NONE',  ( -1.216873555469089929, -5.025000000000000355, 2.755652777012119125E-17 ) ) ;
#4142 = DIRECTION ( 'NONE',  ( 0.000000000000000000, 1.224646799147352961E-16, -1.000000000000000000 ) ) ;
#4143 = EDGE_CURVE ( 'NONE', #3504, #3259, #4158, .T. ) ;
#4144 = CARTESIAN_POINT ( 'NONE',  ( 0.1577470943594715680, 3.638461172476511241, -3.465865739801179402 ) ) ;
#4145 = EDGE_LOOP ( 'NONE', ( #2125, #3710, #922, #3066 ) ) ;
#4146 = CARTESIAN_POINT ( 'NONE',  ( 1.124999999999998224, 4.546633369868299468, 2.625000000000005329 ) ) ;
#4147 = CIRCLE ( 'NONE', #1017, 5.025000000000001243 ) ;
#4148 = DIRECTION ( 'NONE',  ( 1.000000000000000000, 0.000000000000000000, -0.000000000000000000 ) ) ;
#4149 = DIRECTION ( 'NONE',  ( 0.000000000000000000, 0.000000000000000000, -1.000000000000000000 ) ) ;
#4150 = ORIENTED_EDGE ( 'NONE', *, *, #5677, .T. ) ;
#4151 = CARTESIAN_POINT ( 'NONE',  ( 0.7525402123772518825, 5.158076629468518526, 1.839374689528546991 ) ) ;
#4152 = EDGE_CURVE ( 'NONE', #1628, #3975, #653, .T. ) ;
#4153 = CIRCLE ( 'NONE', #2788, 5.475000000000000533 ) ;
#4154 = ORIENTED_EDGE ( 'NONE', *, *, #2986, .F. ) ;
#4155 = CARTESIAN_POINT ( 'NONE',  ( 3.103313042223541504E-15, -4.913895281578758469E-16, 4.012500000000002842 ) ) ;
#4156 = CIRCLE ( 'NONE', #851, 1.073181601594058732 ) ;
#4157 = CIRCLE ( 'NONE', #1672, 0.1999999999999996503 ) ;
#4158 = CIRCLE ( 'NONE', #1854, 1.237499999999997380 ) ;
#4159 = B_SPLINE_CURVE_WITH_KNOTS ( 'NONE', 3,
 ( #3941, #3132, #856, #3511, #440, #1316, #3084, #888, #2643, #3543, #4397, #2196, #11, #1774, #4867, #912, #4424, #467 ),
 .UNSPECIFIED., .F., .F.,
 ( 4, 2, 2, 2, 2, 2, 2, 2, 4 ),
 ( 0.005649204378755473717, 0.006119817975306279800, 0.006590431571857086751, 0.007061045168407892834, 0.007531658764958698918, 0.008002272361509505869, 0.008472885958060311085, 0.008943499554611118035, 0.009414113151161924986 ),
 .UNSPECIFIED. ) ;
#4160 = MECHANICAL_DESIGN_GEOMETRIC_PRESENTATION_REPRESENTATION (  '', ( #661 ), #3627 ) ;
#4161 = CIRCLE ( 'NONE', #1035, 5.999999999999998224 ) ;
#4162 = ORIENTED_EDGE ( 'NONE', *, *, #5124, .T. ) ;
#4163 = PLANE ( 'NONE',  #1394 ) ;
#4164 = DIRECTION ( 'NONE',  ( 0.000000000000000000, 0.000000000000000000, -1.000000000000000000 ) ) ;
#4165 = CARTESIAN_POINT ( 'NONE',  ( -0.3157423466804604728, 3.443668705420147802, -3.659949515897086503 ) ) ;
#4166 = FACE_OUTER_BOUND ( 'NONE', #5526, .T. ) ;
#4167 = CIRCLE ( 'NONE', #1142, 0.1999999999999996503 ) ;
#4168 = AXIS2_PLACEMENT_3D ( 'NONE', #822, #1826, #5227 ) ;
#4169 = CARTESIAN_POINT ( 'NONE',  ( 0.3375000000000030753, 1.575657362522921101, 4.771575093816225355 ) ) ;
#4170 = ORIENTED_EDGE ( 'NONE', *, *, #1437, .T. ) ;
#4171 = EDGE_CURVE ( 'NONE', #3422, #5322, #4097, .T. ) ;
#4172 = DIRECTION ( 'NONE',  ( 0.000000000000000000, 0.000000000000000000, -1.000000000000000000 ) ) ;
#4173 = ADVANCED_FACE ( 'NONE', ( #1959 ), #2449, .F. ) ;
#4174 = CARTESIAN_POINT ( 'NONE',  ( 1.216873555469097479, -5.475000000000001421, 1.167353792704058628E-16 ) ) ;
#4175 = PRESENTATION_STYLE_ASSIGNMENT (( #644 ) ) ;
#4176 = CARTESIAN_POINT ( 'NONE',  ( -0.6182595144253183461, -4.110372429053062326, 3.617249411575631068 ) ) ;
#4177 = CARTESIAN_POINT ( 'NONE',  ( 2.299999999999997158, 0.000000000000000000, 0.000000000000000000 ) ) ;
#4178 = CARTESIAN_POINT ( 'NONE',  ( -0.3374999999999970246, 3.344476566048489197, 3.750346850512964458 ) ) ;
#4179 = ORIENTED_EDGE ( 'NONE', *, *, #3515, .T. ) ;
#4180 = EDGE_CURVE ( 'NONE', #3545, #5607, #1673, .T. ) ;
#4181 = PLANE ( 'NONE',  #5649 ) ;
#4182 = DIRECTION ( 'NONE',  ( 0.000000000000000000, 0.5000000000000103251, -0.8660254037844327124 ) ) ;
#4183 = CARTESIAN_POINT ( 'NONE',  ( 1.184509137126997791, -5.017229452720725291, 0.3149166791804982601 ) ) ;
#4184 = EDGE_LOOP ( 'NONE', ( #1663, #5573 ) ) ;
#4185 = CARTESIAN_POINT ( 'NONE',  ( 0.1139339630336196479, -1.119681645599009956, 5.359285214701178468 ) ) ;
#4186 = CARTESIAN_POINT ( 'NONE',  ( 1.184161683711926649, -2.781828220606427760, 4.187225725368455720 ) ) ;
#4187 = UNCERTAINTY_MEASURE_WITH_UNIT (LENGTH_MEASURE( 1.000000000000000082E-05 ), #1904, 'distance_accuracy_value', 'NONE');
#4188 = ORIENTED_EDGE ( 'NONE', *, *, #4004, .T. ) ;
#4189 = EDGE_CURVE ( 'NONE', #3999, #5208, #3348, .T. ) ;
#4190 = DIRECTION ( 'NONE',  ( -0.000000000000000000, -0.8660254037844328234, -0.5000000000000099920 ) ) ;
#4191 = DIRECTION ( 'NONE',  ( 0.000000000000000000, -0.8660254037844380415, -0.5000000000000011102 ) ) ;
#4192 = ORIENTED_EDGE ( 'NONE', *, *, #1880, .T. ) ;
#4193 = ORIENTED_EDGE ( 'NONE', *, *, #3895, .T. ) ;
#4194 = CYLINDRICAL_SURFACE ( 'NONE', #3342, 7.500000000000000000 ) ;
#4195 = CARTESIAN_POINT ( 'NONE',  ( 0.6093760516249130399, 3.356287618679239415, -3.740250609034059703 ) ) ;
#4196 = EDGE_CURVE ( 'NONE', #3001, #1982, #2306, .T. ) ;
#4197 = FILL_AREA_STYLE ('',( #5650 ) ) ;
#4198 = CARTESIAN_POINT ( 'NONE',  ( 0.3375000000000029088, -5.183890602451906915, 1.761505952817312481 ) ) ;
#4199 = ORIENTED_EDGE ( 'NONE', *, *, #1286, .T. ) ;
#4200 = DIRECTION ( 'NONE',  ( 0.000000000000000000, 1.000000000000000000, 0.000000000000000000 ) ) ;
#4201 = CARTESIAN_POINT ( 'NONE',  ( -1.216873555469089929, 2.512499999999990408, 4.351777654016809826 ) ) ;
#4202 = DIRECTION ( 'NONE',  ( 0.000000000000000000, 1.224646799147353947E-16, -1.000000000000000000 ) ) ;
#4203 = CARTESIAN_POINT ( 'NONE',  ( -1.074222439567138254, 5.468903501144064982, 0.2917585963548959826 ) ) ;
#4204 = FACE_OUTER_BOUND ( 'NONE', #4872, .T. ) ;
#4205 = CYLINDRICAL_SURFACE ( 'NONE', #5031, 5.025000000000000355 ) ;
#4206 = CARTESIAN_POINT ( 'NONE',  ( -1.065679434814403193, -5.023007587397342988, -2.183470217807419012 ) ) ;
#4207 = ORIENTED_EDGE ( 'NONE', *, *, #4419, .T. ) ;
#4208 =( GEOMETRIC_REPRESENTATION_CONTEXT ( 3 ) GLOBAL_UNCERTAINTY_ASSIGNED_CONTEXT ( ( #2454 ) ) GLOBAL_UNIT_ASSIGNED_CONTEXT ( ( #637, #99, #1862 ) ) REPRESENTATION_CONTEXT ( 'NONE', 'WORKASPACE' ) );
#4209 = FACE_OUTER_BOUND ( 'NONE', #4057, .T. ) ;
#4210 = CARTESIAN_POINT ( 'NONE',  ( -0.3374999999999969691, 5.025000000000001243, 0.000000000000000000 ) ) ;
#4211 = CARTESIAN_POINT ( 'NONE',  ( 0.9682255742437098078, -3.123217765420607250, -3.938032942102180467 ) ) ;
#4212 = EDGE_LOOP ( 'NONE', ( #1345, #2098 ) ) ;
#4213 = CARTESIAN_POINT ( 'NONE',  ( 1.185729937395793243, -4.573808457111057102, -3.012996809067870707 ) ) ;
#4214 = CIRCLE ( 'NONE', #4954, 1.237499999999997158 ) ;
#4215 = EDGE_CURVE ( 'NONE', #296, #4860, #5187, .T. ) ;
#4216 = EDGE_CURVE ( 'NONE', #196, #2758, #4804, .T. ) ;
#4217 = ORIENTED_EDGE ( 'NONE', *, *, #3505, .T. ) ;
#4218 = CYLINDRICAL_SURFACE ( 'NONE', #1031, 5.025000000000000355 ) ;
#4219 = CARTESIAN_POINT ( 'NONE',  ( 2.951763000829056837E-15, 4.546633369868336771, -2.624999999999942268 ) ) ;
#4220 = DIRECTION ( 'NONE',  ( 0.000000000000000000, 0.000000000000000000, -1.000000000000000000 ) ) ;
#4221 = EDGE_LOOP ( 'NONE', ( #3750, #2786, #3332, #142, #236, #425, #4317, #1052, #1045, #2677 ) ) ;
#4222 = ORIENTED_EDGE ( 'NONE', *, *, #4326, .F. ) ;
#4223 = CARTESIAN_POINT ( 'NONE',  ( 0.3375000000000044631, 0.000000000000000000, 0.000000000000000000 ) ) ;
#4224 = CIRCLE ( 'NONE', #4970, 4.012500000000002842 ) ;
#4225 = SURFACE_SIDE_STYLE ('',( #2935 ) ) ;
#4226 = B_SPLINE_CURVE_WITH_KNOTS ( 'NONE', 3,
 ( #178, #2878, #5446, #1022, #1911, #4086 ),
 .UNSPECIFIED., .F., .F.,
 ( 4, 2, 4 ),
 ( 0.003144056225734960346, 0.003485646593208244041, 0.003827236960681527737 ),
 .UNSPECIFIED. ) ;
#4227 = CARTESIAN_POINT ( 'NONE',  ( 2.951763000829056837E-15, 2.625000000000053291, -4.546633369868272823 ) ) ;
#4228 = VERTEX_POINT ( 'NONE', #4998 ) ;
#4229 = CARTESIAN_POINT ( 'NONE',  ( -2.300000000000001599, 0.000000000000000000, 0.000000000000000000 ) ) ;
#4230 = CARTESIAN_POINT ( 'NONE',  ( -2.300000000000001599, 0.000000000000000000, -3.000000000000001776 ) ) ;
#4231 = DIRECTION ( 'NONE',  ( 0.000000000000000000, 0.000000000000000000, -1.000000000000000000 ) ) ;
#4232 = CARTESIAN_POINT ( 'NONE',  ( -1.216873555469089929, 4.351777654016836472, -2.512499999999944666 ) ) ;
#4233 = CARTESIAN_POINT ( 'NONE',  ( 0.3375000000000044631, 0.000000000000000000, 0.000000000000000000 ) ) ;
#4234 = CARTESIAN_POINT ( 'NONE',  ( -1.065679434814403193, -5.441787282991787045, 0.6205631166707493707 ) ) ;
#4235 = CARTESIAN_POINT ( 'NONE',  ( -19.92709219242683361, 0.000000000000000000, -5.475000000000000533 ) ) ;
#4236 = ORIENTED_EDGE ( 'NONE', *, *, #4861, .T. ) ;
#4237 = CARTESIAN_POINT ( 'NONE',  ( -0.7429409894823532090, -1.643745889321164277, 4.749811514361793385 ) ) ;
#4238 = DIRECTION ( 'NONE',  ( 0.000000000000000000, 0.000000000000000000, 1.000000000000000000 ) ) ;
#4239 = DIRECTION ( 'NONE',  ( -1.000000000000000000, -0.000000000000000000, 0.000000000000000000 ) ) ;
#4240 = ORIENTED_EDGE ( 'NONE', *, *, #4794, .F. ) ;
#4241 = CARTESIAN_POINT ( 'NONE',  ( -0.1139799994183180454, -1.119676862645908377, 5.359286213971164337 ) ) ;
#4242 = CARTESIAN_POINT ( 'NONE',  ( 0.000000000000000000, 0.000000000000000000, 0.000000000000000000 ) ) ;
#4243 = PRODUCT_DEFINITION_CONTEXT ( 'detailed design', #2293, 'design' ) ;
#4244 = VERTEX_POINT ( 'NONE', #3320 ) ;
#4245 = AXIS2_PLACEMENT_3D ( 'NONE', #4129, #3270, #1418 ) ;
#4246 = EDGE_CURVE ( 'NONE', #4392, #2763, #2024, .T. ) ;
#4247 = EDGE_CURVE ( 'NONE', #2903, #733, #3337, .T. ) ;
#4248 = CARTESIAN_POINT ( 'NONE',  ( -0.3374999999999969691, -2.624999999999958256, -4.546633369868327001 ) ) ;
#4249 = DIRECTION ( 'NONE',  ( 0.000000000000000000, 0.5000000000000041078, -0.8660254037844362651 ) ) ;
#4250 = CIRCLE ( 'NONE', #552, 1.237499999999996492 ) ;
#4251 = ORIENTED_EDGE ( 'NONE', *, *, #4676, .T. ) ;
#4252 = COLOUR_RGB ( '',1.000000000000000000, 1.000000000000000000, 1.000000000000000000 ) ;
#4253 = ORIENTED_EDGE ( 'NONE', *, *, #3921, .F. ) ;
#4254 = AXIS2_PLACEMENT_3D ( 'NONE', #4020, #5710, #2730 ) ;
#4255 = CIRCLE ( 'NONE', #2601, 1.237499999999996936 ) ;
#4256 = AXIS2_PLACEMENT_3D ( 'NONE', #2030, #4667, #2466 ) ;
#4257 = AXIS2_PLACEMENT_3D ( 'NONE', #976, #3576, #503 ) ;
#4258 = AXIS2_PLACEMENT_3D ( 'NONE', #956, #4470, #510 ) ;
#4259 = DIRECTION ( 'NONE',  ( 0.000000000000000000, 0.000000000000000000, -1.000000000000000000 ) ) ;
#4260 = ORIENTED_EDGE ( 'NONE', *, *, #4189, .T. ) ;
#4261 = CARTESIAN_POINT ( 'NONE',  ( 0.2283429028092245905, -4.093709127072117759, -3.635721173720807720 ) ) ;
#4262 = DIRECTION ( 'NONE',  ( -1.000000000000000000, -0.000000000000000000, 0.000000000000000000 ) ) ;
#4263 = DIRECTION ( 'NONE',  ( 1.000000000000000000, 0.000000000000000000, -0.000000000000000000 ) ) ;
#4264 = CARTESIAN_POINT ( 'NONE',  ( -0.9652804796966180101, 5.447742792078710927, 0.5622517716532930976 ) ) ;
#4265 = LINE ( 'NONE', #416, #2664 ) ;
#4266 = TOROIDAL_SURFACE ( 'NONE', #3357, 4.300000000000001599, 0.2000000000000003997 ) ;
#4267 = CARTESIAN_POINT ( 'NONE',  ( -0.6178653494856262141, -5.368246175380055440, 1.077777020097033578 ) ) ;
#4268 = CARTESIAN_POINT ( 'NONE',  ( 1.216873555469097701, -4.741489085719780228, -2.737500000000038902 ) ) ;
#4269 = ORIENTED_EDGE ( 'NONE', *, *, #4350, .T. ) ;
#4270 = CARTESIAN_POINT ( 'NONE',  ( 0.1630295018224068304, 3.736187506783049006, 4.002065456297046353 ) ) ;
#4271 = CARTESIAN_POINT ( 'NONE',  ( -2.441421356237306384, 0.000000000000000000, 0.000000000000000000 ) ) ;
#4272 = ORIENTED_EDGE ( 'NONE', *, *, #2816, .F. ) ;
#4273 = EDGE_LOOP ( 'NONE', ( #2659, #1654 ) ) ;
#4274 = CARTESIAN_POINT ( 'NONE',  ( -0.3374999999999975242, 0.000000000000000000, 0.000000000000000000 ) ) ;
#4275 = ORIENTED_EDGE ( 'NONE', *, *, #58, .T. ) ;
#4276 = SURFACE_STYLE_FILL_AREA ( #2485 ) ;
#4277 = EDGE_CURVE ( 'NONE', #2291, #2058, #4629, .T. ) ;
#4278 = EDGE_LOOP ( 'NONE', ( #145, #384 ) ) ;
#4279 = EDGE_CURVE ( 'NONE', #442, #4411, #848, .T. ) ;
#4280 = CARTESIAN_POINT ( 'NONE',  ( -0.1603182285372144189, -1.597735866490144874, -5.236684552382557811 ) ) ;
#4281 = DIRECTION ( 'NONE',  ( 1.000000000000000000, 0.000000000000000000, -0.000000000000000000 ) ) ;
#4282 = ORIENTED_EDGE ( 'NONE', *, *, #3488, .T. ) ;
#4283 = FACE_OUTER_BOUND ( 'NONE', #4682, .T. ) ;
#4284 = DIRECTION ( 'NONE',  ( 0.000000000000000000, 0.000000000000000000, -1.000000000000000000 ) ) ;
#4285 = CARTESIAN_POINT ( 'NONE',  ( -1.124999999999992006, -4.546633369868319008, 2.624999999999973799 ) ) ;
#4286 = DIRECTION ( 'NONE',  ( -1.000000000000000000, -0.000000000000000000, 0.000000000000000000 ) ) ;
#4287 = CARTESIAN_POINT ( 'NONE',  ( -1.065237977602509822, 5.023407791670548406, -2.182591038188657961 ) ) ;
#4288 = CARTESIAN_POINT ( 'NONE',  ( -0.3164798858092589540, -4.891496487355282419, 1.152102331139198022 ) ) ;
#4289 = B_SPLINE_CURVE_WITH_KNOTS ( 'NONE', 3,
 ( #4683, #3818, #4241, #4185, #3293, #3389 ),
 .UNSPECIFIED., .F., .F.,
 ( 4, 2, 4 ),
 ( 0.003144056225739082049, 0.003485646593212813303, 0.003827236960686544558 ),
 .UNSPECIFIED. ) ;
#4290 = FACE_OUTER_BOUND ( 'NONE', #698, .T. ) ;
#4291 = ORIENTED_EDGE ( 'NONE', *, *, #2535, .F. ) ;
#4292 = FACE_OUTER_BOUND ( 'NONE', #4736, .T. ) ;
#4293 = DIRECTION ( 'NONE',  ( 0.000000000000000000, 0.000000000000000000, 1.000000000000000000 ) ) ;
#4294 = ORIENTED_EDGE ( 'NONE', *, *, #2220, .F. ) ;
#4295 = DIRECTION ( 'NONE',  ( -1.000000000000000000, -0.000000000000000000, -0.000000000000000000 ) ) ;
#4296 = CIRCLE ( 'NONE', #1625, 1.124999999999995337 ) ;
#4297 = ORIENTED_EDGE ( 'NONE', *, *, #2987, .T. ) ;
#4298 = DIRECTION ( 'NONE',  ( -0.000000000000000000, 0.000000000000000000, -1.000000000000000000 ) ) ;
#4299 = CARTESIAN_POINT ( 'NONE',  ( -1.216873555469090151, -0.1570542639227358872, -5.025000000000002132 ) ) ;
#4300 = CARTESIAN_POINT ( 'NONE',  ( 2.951763000829056837E-15, 5.499083108677935350E-14, -5.250000000000000000 ) ) ;
#4301 = SPHERICAL_SURFACE ( 'NONE', #4825, 1.124999999999995115 ) ;
#4302 = CARTESIAN_POINT ( 'NONE',  ( -1.073653696454178297, 5.468789414173085284, -0.2934916622629461513 ) ) ;
#4303 = ORIENTED_EDGE ( 'NONE', *, *, #4247, .F. ) ;
#4304 = AXIS2_PLACEMENT_3D ( 'NONE', #2637, #542, #1419 ) ;
#4305 = CARTESIAN_POINT ( 'NONE',  ( -1.065237977602509378, -2.182591038188675725, -5.023407791670542188 ) ) ;
#4306 = CARTESIAN_POINT ( 'NONE',  ( -1.102270384252416857, 5.024999999999999467, 0.1442170219588323199 ) ) ;
#4307 = EDGE_LOOP ( 'NONE', ( #5319, #5553, #3283, #620 ) ) ;
#4308 = CARTESIAN_POINT ( 'NONE',  ( 0.3375000000000029088, 5.183890602451919349, -1.761505952817276510 ) ) ;
#4309 = DIRECTION ( 'NONE',  ( 0.000000000000000000, -0.8660254037844433705, 0.4999999999999918399 ) ) ;
#4310 = CARTESIAN_POINT ( 'NONE',  ( -1.216873555469089929, -1.751713777844626440E-14, 5.025000000000000355 ) ) ;
#4311 = DIRECTION ( 'NONE',  ( -0.000000000000000000, -1.000000000000000000, -3.491481338843133355E-15 ) ) ;
#4312 = EDGE_CURVE ( 'NONE', #3700, #807, #2790, .T. ) ;
#4313 = DIRECTION ( 'NONE',  ( -1.000000000000000000, -0.000000000000000000, 0.000000000000000000 ) ) ;
#4314 = EDGE_CURVE ( 'NONE', #4949, #2481, #4255, .T. ) ;
#4315 = CARTESIAN_POINT ( 'NONE',  ( -1.216873555470451507, -5.475000000000316724, 1.549021926834971445E-13 ) ) ;
#4316 = LINE ( 'NONE', #4235, #3873 ) ;
#4317 = ORIENTED_EDGE ( 'NONE', *, *, #2192, .F. ) ;
#4318 = CYLINDRICAL_SURFACE ( 'NONE', #5385, 5.025000000000000355 ) ;
#4319 = DIRECTION ( 'NONE',  ( 0.000000000000000000, -1.000000000000000000, -1.224646799147353207E-16 ) ) ;
#4320 = ORIENTED_EDGE ( 'NONE', *, *, #1712, .T. ) ;
#4321 = ORIENTED_EDGE ( 'NONE', *, *, #2572, .T. ) ;
#4322 = CARTESIAN_POINT ( 'NONE',  ( 2.951763000829056837E-15, 4.546633369868299468, 2.625000000000005329 ) ) ;
#4323 = AXIS2_PLACEMENT_3D ( 'NONE', #4589, #4070, #3649 ) ;
#4324 = VERTEX_POINT ( 'NONE', #3060 ) ;
#4325 = EDGE_CURVE ( 'NONE', #5531, #2, #435, .T. ) ;
#4326 = EDGE_CURVE ( 'NONE', #787, #78, #284, .T. ) ;
#4327 = CARTESIAN_POINT ( 'NONE',  ( 0.1453410397193273806, 4.909320522913628970, -1.072006077259856305 ) ) ;
#4328 = DIRECTION ( 'NONE',  ( 0.000000000000000000, 0.000000000000000000, -1.000000000000000000 ) ) ;
#4329 = CARTESIAN_POINT ( 'NONE',  ( 2.951763000829056837E-15, -4.546633369868282593, -2.625000000000037303 ) ) ;
#4330 = PLANE ( 'NONE',  #1364 ) ;
#4331 = CARTESIAN_POINT ( 'NONE',  ( 0.5923208309461804877, 5.361202767703706407, -1.113032264445040997 ) ) ;
#4332 = EDGE_LOOP ( 'NONE', ( #499, #3046 ) ) ;
#4333 = AXIS2_PLACEMENT_3D ( 'NONE', #2901, #4738, #721 ) ;
#4334 = DIRECTION ( 'NONE',  ( 1.000000000000000000, 0.000000000000000000, -0.000000000000000000 ) ) ;
#4335 = AXIS2_PLACEMENT_3D ( 'NONE', #3506, #2564, #2973 ) ;
#4336 = AXIS2_PLACEMENT_3D ( 'NONE', #1530, #2849, #3303 ) ;
#4337 = CARTESIAN_POINT ( 'NONE',  ( -0.1429900500964990939, 4.909306953610291124, 1.072068209158532959 ) ) ;
#4338 = VERTEX_POINT ( 'NONE', #2948 ) ;
#4339 = CARTESIAN_POINT ( 'NONE',  ( 0.1160098895142585573, -3.383099418866673869, -3.715543477065446520 ) ) ;
#4340 = DIRECTION ( 'NONE',  ( -0.000000000000000000, -0.8660254037844362651, -0.5000000000000039968 ) ) ;
#4341 = DIRECTION ( 'NONE',  ( 0.000000000000000000, 0.000000000000000000, -1.000000000000000000 ) ) ;
#4342 = DIRECTION ( 'NONE',  ( 0.000000000000000000, 0.000000000000000000, -1.000000000000000000 ) ) ;
#4343 = CARTESIAN_POINT ( 'NONE',  ( 0.3219498304303092251, 5.227196995773012667, -1.629749021142032461 ) ) ;
#4344 = AXIS2_PLACEMENT_3D ( 'NONE', #4871, #5343, #2676 ) ;
#4345 = B_SPLINE_CURVE_WITH_KNOTS ( 'NONE', 3,
 ( #4101, #4010, #4971, #4501, #4883, #1009 ),
 .UNSPECIFIED., .F., .F.,
 ( 4, 2, 4 ),
 ( 0.003144056225732842248, 0.003485646593205895660, 0.003827236960678949071 ),
 .UNSPECIFIED. ) ;
#4346 = CIRCLE ( 'NONE', #1025, 1.237499999999996714 ) ;
#4347 = AXIS2_PLACEMENT_3D ( 'NONE', #3979, #1352, #4875 ) ;
#4348 = CYLINDRICAL_SURFACE ( 'NONE', #618, 5.475000000000000533 ) ;
#4349 = ADVANCED_FACE ( 'NONE', ( #4763, #2539 ), #3861, .T. ) ;
#4350 = EDGE_CURVE ( 'NONE', #2423, #5504, #379, .T. ) ;
#4351 = PLANE ( 'NONE',  #5552 ) ;
#4352 = ORIENTED_EDGE ( 'NONE', *, *, #2089, .T. ) ;
#4353 = AXIS2_PLACEMENT_3D ( 'NONE', #2705, #4951, #3970 ) ;
#4354 = STYLED_ITEM ( 'NONE', ( #5127 ), #2690 ) ;
#4355 = CARTESIAN_POINT ( 'NONE',  ( -0.3374999999999969691, -3.608627975754107098, 4.117454205283261892 ) ) ;
#4356 = ORIENTED_EDGE ( 'NONE', *, *, #2535, .T. ) ;
#4357 = ORIENTED_EDGE ( 'NONE', *, *, #123, .F. ) ;
#4358 = AXIS2_PLACEMENT_3D ( 'NONE', #268, #1658, #2967 ) ;
#4359 = CIRCLE ( 'NONE', #2894, 5.475000000000002309 ) ;
#4360 = ADVANCED_FACE ( 'NONE', ( #1242 ), #2072, .F. ) ;
#4361 = ORIENTED_EDGE ( 'NONE', *, *, #2483, .F. ) ;
#4362 =( NAMED_UNIT ( * ) PLANE_ANGLE_UNIT ( ) SI_UNIT ( $, .RADIAN. ) );
#4363 = CARTESIAN_POINT ( 'NONE',  ( -1.216873555469091261, 5.746431636306483306E-14, -5.475000000000001421 ) ) ;
#4364 = CARTESIAN_POINT ( 'NONE',  ( -1.216873555469091928, 4.272263529700802032, 2.650222503234664018 ) ) ;
#4365 = CARTESIAN_POINT ( 'NONE',  ( 0.3375000000000029643, 5.025000000000001243, 0.000000000000000000 ) ) ;
#4366 = CARTESIAN_POINT ( 'NONE',  ( 2.951763000829056837E-15, 5.250000000000000000, 0.000000000000000000 ) ) ;
#4367 = CARTESIAN_POINT ( 'NONE',  ( 1.216873555469152324, 5.475000000000014744, -0.2646783848736910527 ) ) ;
#4368 = VERTEX_POINT ( 'NONE', #5206 ) ;
#4369 = SURFACE_STYLE_FILL_AREA ( #2143 ) ;
#4370 = CARTESIAN_POINT ( 'NONE',  ( 0.1138098578500432029, -4.909286581067764388, 1.072161492017162487 ) ) ;
#4371 = EDGE_LOOP ( 'NONE', ( #3205, #1285, #3608, #954 ) ) ;
#4372 = CARTESIAN_POINT ( 'NONE',  ( -0.3219498304303017311, 1.629749021142159027, -5.227196995772971810 ) ) ;
#4373 = DIRECTION ( 'NONE',  ( 1.000000000000000000, 0.000000000000000000, -0.000000000000000000 ) ) ;
#4374 = CARTESIAN_POINT ( 'NONE',  ( -0.7413020568654424824, -0.9528082703364175732, 4.935075243021946001 ) ) ;
#4375 = DIRECTION ( 'NONE',  ( -1.000000000000000000, -0.000000000000000000, 0.000000000000000000 ) ) ;
#4376 = CARTESIAN_POINT ( 'NONE',  ( -1.216873555469091484, 4.741489085719837071, -2.737499999999939426 ) ) ;
#4377 =( LENGTH_UNIT ( ) NAMED_UNIT ( * ) SI_UNIT ( .MILLI., .METRE. ) );
#4378 = CARTESIAN_POINT ( 'NONE',  ( 0.9768424931114992882, -3.367263331461640696, -4.318622634113528314 ) ) ;
#4379 = ORIENTED_EDGE ( 'NONE', *, *, #2342, .F. ) ;
#4380 = SPHERICAL_SURFACE ( 'NONE', #4446, 1.124999999999995115 ) ;
#4381 = CARTESIAN_POINT ( 'NONE',  ( 1.124999999999998224, -4.546633369868282593, -2.625000000000037303 ) ) ;
#4382 = DIRECTION ( 'NONE',  ( 0.000000000000000000, 3.636968631544068867E-15, 1.000000000000000000 ) ) ;
#4383 = ORIENTED_EDGE ( 'NONE', *, *, #5394, .T. ) ;
#4384 = EDGE_LOOP ( 'NONE', ( #5584, #4138, #4029, #4217, #4170 ) ) ;
#4385 = FILL_AREA_STYLE_COLOUR ( '', #5098 ) ;
#4386 = CARTESIAN_POINT ( 'NONE',  ( 0.2866360913048047743, 4.915434203248265632, -1.044992922641428956 ) ) ;
#4387 = CARTESIAN_POINT ( 'NONE',  ( -0.2290589410534132897, -1.054814556310181395, -4.913162717639160348 ) ) ;
#4388 = DIRECTION ( 'NONE',  ( 0.000000000000000000, -2.424645754362712447E-15, 1.000000000000000000 ) ) ;
#4389 = CARTESIAN_POINT ( 'NONE',  ( -19.92709219242683361, 0.000000000000000000, 0.000000000000000000 ) ) ;
#4390 = EDGE_CURVE ( 'NONE', #1494, #2582, #27, .T. ) ;
#4391 = EDGE_CURVE ( 'NONE', #3178, #4244, #5381, .T. ) ;
#4392 = VERTEX_POINT ( 'NONE', #360 ) ;
#4393 = CARTESIAN_POINT ( 'NONE',  ( -1.216873555470451507, 2.737500000000079314, -4.741489085720121288 ) ) ;
#4394 = CARTESIAN_POINT ( 'NONE',  ( -2.299999999999996270, -5.510910596163092514E-16, 4.500000000000002665 ) ) ;
#4395 = EDGE_LOOP ( 'NONE', ( #1150, #4361, #742, #5131 ) ) ;
#4396 = CARTESIAN_POINT ( 'NONE',  ( 0.6178653494856309880, -5.187926071696306707, 1.750740808670873561 ) ) ;
#4397 = CARTESIAN_POINT ( 'NONE',  ( -0.3164496935152073531, 3.443614407752272566, 3.660008334471408276 ) ) ;
#4398 = AXIS2_PLACEMENT_3D ( 'NONE', #487, #2720, #5325 ) ;
#4399 = EDGE_CURVE ( 'NONE', #314, #1909, #4575, .T. ) ;
#4400 = DIRECTION ( 'NONE',  ( 0.000000000000000000, 0.000000000000000000, -1.000000000000000000 ) ) ;
#4401 = ORIENTED_EDGE ( 'NONE', *, *, #1256, .T. ) ;
#4402 = CARTESIAN_POINT ( 'NONE',  ( 2.951763000829056837E-15, -2.625000000000021760, 4.546633369868291474 ) ) ;
#4403 = ORIENTED_EDGE ( 'NONE', *, *, #506, .F. ) ;
#4404 = CARTESIAN_POINT ( 'NONE',  ( -0.1561588338129546727, 1.418131903941011629, 4.820739249744113941 ) ) ;
#4405 = DIRECTION ( 'NONE',  ( 0.000000000000000000, 0.000000000000000000, -1.000000000000000000 ) ) ;
#4406 = CARTESIAN_POINT ( 'NONE',  ( 0.3145222742811218386, 1.447436274275187396, -4.812380947208442450 ) ) ;
#4407 = VECTOR ( 'NONE', #306, 1000.000000000000000 ) ;
#4408 = VERTEX_POINT ( 'NONE', #1784 ) ;
#4409 = AXIS2_PLACEMENT_3D ( 'NONE', #4177, #1979, #2831 ) ;
#4410 = CARTESIAN_POINT ( 'NONE',  ( 0.5611145740378277180, 5.387554986268249024, -0.9763310361955829242 ) ) ;
#4411 = VERTEX_POINT ( 'NONE', #4848 ) ;
#4412 = CARTESIAN_POINT ( 'NONE',  ( -0.9682255742437040347, -3.938032942102125844, -3.123217765420673864 ) ) ;
#4413 = CARTESIAN_POINT ( 'NONE',  ( 0.6188283613271799988, -1.077234586337220357, -5.368357146716474126 ) ) ;
#4414 = FACE_OUTER_BOUND ( 'NONE', #5532, .T. ) ;
#4415 = CARTESIAN_POINT ( 'NONE',  ( 1.216873555469097479, 4.660714929557988384, 2.877404942410763500 ) ) ;
#4416 = DIRECTION ( 'NONE',  ( 0.000000000000000000, 0.000000000000000000, -1.000000000000000000 ) ) ;
#4417 = ORIENTED_EDGE ( 'NONE', *, *, #4994, .T. ) ;
#4418 = EDGE_CURVE ( 'NONE', #3005, #1220, #4427, .T. ) ;
#4419 = EDGE_CURVE ( 'NONE', #5444, #3441, #2693, .T. ) ;
#4420 = CIRCLE ( 'NONE', #1566, 4.441421356237311713 ) ;
#4421 = CARTESIAN_POINT ( 'NONE',  ( -0.9766114375335407383, 0.7570936219631004827, 5.423627890649914463 ) ) ;
#4422 = ORIENTED_EDGE ( 'NONE', *, *, #606, .F. ) ;
#4423 = DIRECTION ( 'NONE',  ( 0.000000000000000000, -0.5000000000000069944, 0.8660254037844345998 ) ) ;
#4424 = CARTESIAN_POINT ( 'NONE',  ( -1.216873555469089707, 2.648512982295717855, 4.273250522075087154 ) ) ;
#4425 = CARTESIAN_POINT ( 'NONE',  ( -0.9689635404817503739, -0.7351619098066118907, 4.972157300476230724 ) ) ;
#4426 = AXIS2_PLACEMENT_3D ( 'NONE', #551, #2825, #2313 ) ;
#4427 = B_SPLINE_CURVE_WITH_KNOTS ( 'NONE', 3,
 ( #895, #2204, #1435, #4961, #953, #3115 ),
 .UNSPECIFIED., .F., .F.,
 ( 4, 2, 4 ),
 ( 0.006480373043366851986, 0.006820975949056600623, 0.007161578854746349261 ),
 .UNSPECIFIED. ) ;
#4428 = ORIENTED_EDGE ( 'NONE', *, *, #971, .T. ) ;
#4429 = CARTESIAN_POINT ( 'NONE',  ( 0.3227388460788915281, -3.711864985649428128, -4.025139890365642792 ) ) ;
#4430 = CARTESIAN_POINT ( 'NONE',  ( -2.500000000000001332, 0.000000000000000000, 0.000000000000000000 ) ) ;
#4431 = CARTESIAN_POINT ( 'NONE',  ( 1.216873555469096146, -2.512499999999960210, -4.351777654016827590 ) ) ;
#4432 = AXIS2_PLACEMENT_3D ( 'NONE', #2170, #3938, #3129 ) ;
#4433 = DIRECTION ( 'NONE',  ( -1.000000000000000000, -0.000000000000000000, 0.000000000000000000 ) ) ;
#4434 = CIRCLE ( 'NONE', #1478, 1.124999999999994893 ) ;
#4435 = ORIENTED_EDGE ( 'NONE', *, *, #3692, .T. ) ;
#4436 = AXIS2_PLACEMENT_3D ( 'NONE', #75, #2742, #1412 ) ;
#4437 = ORIENTED_EDGE ( 'NONE', *, *, #5451, .F. ) ;
#4438 = CIRCLE ( 'NONE', #380, 7.300000000000000711 ) ;
#4439 = SURFACE_STYLE_USAGE ( .BOTH. , #2186 ) ;
#4440 = CARTESIAN_POINT ( 'NONE',  ( -0.6182595144250955244, -1.077443667722389087, -5.368311648362893429 ) ) ;
#4441 = PLANE ( 'NONE',  #5702 ) ;
#4442 = B_SPLINE_CURVE_WITH_KNOTS ( 'NONE', 3,
 ( #1304, #1334, #1818, #82, #3074, #903 ),
 .UNSPECIFIED., .F., .F.,
 ( 4, 2, 4 ),
 ( 0.003069521842370880049, 0.003410565455249569763, 0.003751609068128259044 ),
 .UNSPECIFIED. ) ;
#4443 = DIRECTION ( 'NONE',  ( 0.000000000000000000, 6.465722011633900647E-15, -1.000000000000000000 ) ) ;
#4444 = DIRECTION ( 'NONE',  ( -1.000000000000000000, -0.000000000000000000, 0.000000000000000000 ) ) ;
#4445 = DIRECTION ( 'NONE',  ( -1.000000000000000000, -0.000000000000000000, 0.000000000000000000 ) ) ;
#4446 = AXIS2_PLACEMENT_3D ( 'NONE', #2712, #1325, #5375 ) ;
#4447 = AXIS2_PLACEMENT_3D ( 'NONE', #1570, #1691, #4670 ) ;
#4448 = EDGE_CURVE ( 'NONE', #4678, #5118, #2503, .T. ) ;
#4449 = EDGE_LOOP ( 'NONE', ( #564, #2739, #2023, #1192, #3369, #312 ) ) ;
#4450 = EDGE_CURVE ( 'NONE', #35, #3612, #3203, .T. ) ;
#4451 = ADVANCED_FACE ( 'NONE', ( #562 ), #1753, .F. ) ;
#4452 = CARTESIAN_POINT ( 'NONE',  ( 1.216873555469131230, 0.1608024255588915985, 5.475000000000010303 ) ) ;
#4453 = ORIENTED_EDGE ( 'NONE', *, *, #5116, .T. ) ;
#4454 = CARTESIAN_POINT ( 'NONE',  ( 2.951763000829056837E-15, -2.624999999999958256, -4.546633369868327001 ) ) ;
#4455 = DIRECTION ( 'NONE',  ( 0.000000000000000000, 1.000000000000000000, 1.047444401652940007E-14 ) ) ;
#4456 = DIRECTION ( 'NONE',  ( 0.000000000000000000, 3.491481338843135327E-15, -1.000000000000000000 ) ) ;
#4457 = DIRECTION ( 'NONE',  ( 0.000000000000000000, 3.552713678800500929E-15, -1.000000000000000000 ) ) ;
#4458 = ADVANCED_FACE ( 'NONE', ( #5347 ), #919, .F. ) ;
#4459 = ADVANCED_FACE ( 'NONE', ( #2236 ), #1376, .T. ) ;
#4460 = ORIENTED_EDGE ( 'NONE', *, *, #906, .T. ) ;
#4461 = CARTESIAN_POINT ( 'NONE',  ( 0.7539386004181419798, 3.546371439659056435, -4.172790416570595795 ) ) ;
#4462 = CARTESIAN_POINT ( 'NONE',  ( -19.92709219242683361, 0.000000000000000000, 0.000000000000000000 ) ) ;
#4463 = EDGE_LOOP ( 'NONE', ( #4641, #5725, #2540, #3669, #172, #4779 ) ) ;
#4464 = DIRECTION ( 'NONE',  ( 0.000000000000000000, 1.224646799147353454E-16, -1.000000000000000000 ) ) ;
#4465 = CARTESIAN_POINT ( 'NONE',  ( -0.3374999999999970246, -4.920133928571429394, -1.021228243303264893 ) ) ;
#4466 = CARTESIAN_POINT ( 'NONE',  ( -1.216873555469091261, 5.475000000000001421, 1.167353663457087917E-16 ) ) ;
#4467 = ORIENTED_EDGE ( 'NONE', *, *, #219, .T. ) ;
#4468 = CARTESIAN_POINT ( 'NONE',  ( 0.2926209289459429930, 5.365724266540585319, -1.089942254323643667 ) ) ;
#4469 = ORIENTED_EDGE ( 'NONE', *, *, #3264, .T. ) ;
#4470 = DIRECTION ( 'NONE',  ( -1.000000000000000000, -0.000000000000000000, 0.000000000000000000 ) ) ;
#4471 = FACE_OUTER_BOUND ( 'NONE', #3819, .T. ) ;
#4472 = CARTESIAN_POINT ( 'NONE',  ( -19.92709219242683361, 0.000000000000000000, 0.000000000000000000 ) ) ;
#4473 = CARTESIAN_POINT ( 'NONE',  ( 2.951763000829056837E-15, 0.000000000000000000, -5.250000000000000000 ) ) ;
#4474 = PLANE ( 'NONE',  #5332 ) ;
#4475 = CARTESIAN_POINT ( 'NONE',  ( 0.3375000000000030753, 3.750346850512999541, -3.344476566048450117 ) ) ;
#4476 = VERTEX_POINT ( 'NONE', #1810 ) ;
#4477 = FACE_OUTER_BOUND ( 'NONE', #2773, .T. ) ;
#4478 = CIRCLE ( 'NONE', #5040, 1.124999999999994893 ) ;
#4479 = DIRECTION ( 'NONE',  ( -1.000000000000000000, -0.000000000000000000, -0.000000000000000000 ) ) ;
#4480 = EDGE_LOOP ( 'NONE', ( #975, #227, #40, #1248 ) ) ;
#4481 = DIRECTION ( 'NONE',  ( 0.000000000000000000, -0.8660254037844434816, 0.4999999999999917843 ) ) ;
#4482 = CARTESIAN_POINT ( 'NONE',  ( 1.184200262958152727, -4.187119299164358210, 2.782020603964375560 ) ) ;
#4483 = CARTESIAN_POINT ( 'NONE',  ( 1.059998554184335084, -0.6045336774854610518, 4.990614419672171564 ) ) ;
#4484 = PLANE ( 'NONE',  #5176 ) ;
#4485 = AXIS2_PLACEMENT_3D ( 'NONE', #2188, #2163, #4328 ) ;
#4486 = CARTESIAN_POINT ( 'NONE',  ( 1.185729937395793243, 3.012996809067886694, -4.573808457111048220 ) ) ;
#4487 = CIRCLE ( 'NONE', #3675, 4.300000000000002487 ) ;
#4488 = CARTESIAN_POINT ( 'NONE',  ( 1.237499999999999822, -2.624999999999958256, -4.546633369868327001 ) ) ;
#4489 = VERTEX_POINT ( 'NONE', #4466 ) ;
#4490 = EDGE_CURVE ( 'NONE', #4408, #4767, #3248, .T. ) ;
#4491 = FACE_BOUND ( 'NONE', #5235, .T. ) ;
#4492 = EDGE_CURVE ( 'NONE', #5349, #2153, #3746, .T. ) ;
#4493 = CARTESIAN_POINT ( 'NONE',  ( 0.3237003905337408338, -5.341886611758551062, -1.201624832540729049 ) ) ;
#4494 = AXIS2_PLACEMENT_3D ( 'NONE', #1759, #4444, #455 ) ;
#4495 = CARTESIAN_POINT ( 'NONE',  ( 0.7413020568632588958, 1.642381454461554924, -4.750304665213705313 ) ) ;
#4496 = ORIENTED_EDGE ( 'NONE', *, *, #4277, .T. ) ;
#4497 = ORIENTED_EDGE ( 'NONE', *, *, #307, .F. ) ;
#4498 = COLOUR_RGB ( '',1.000000000000000000, 1.000000000000000000, 1.000000000000000000 ) ;
#4499 =( NAMED_UNIT ( * ) PLANE_ANGLE_UNIT ( ) SI_UNIT ( $, .RADIAN. ) );
#4500 = CARTESIAN_POINT ( 'NONE',  ( -1.185729937395774591, -0.3224275496186626566, -5.467532720436222959 ) ) ;
#4501 = CARTESIAN_POINT ( 'NONE',  ( -0.1139339630336131948, -1.709969858110724994, 5.201117964857052023 ) ) ;
#4502 = CARTESIAN_POINT ( 'NONE',  ( 0.1142805835485811161, -4.909266821554441051, -1.072251967908829817 ) ) ;
#4503 = CARTESIAN_POINT ( 'NONE',  ( 0.3375000000000030753, 1.575657362522921101, 4.771575093816225355 ) ) ;
#4504 = CARTESIAN_POINT ( 'NONE',  ( 0.7521123038540270533, 0.9865916369730719504, -5.386637404762078418 ) ) ;
#4505 = ORIENTED_EDGE ( 'NONE', *, *, #4647, .T. ) ;
#4506 = ADVANCED_FACE ( 'NONE', ( #1894, #1539 ), #2005, .F. ) ;
#4507 = CARTESIAN_POINT ( 'NONE',  ( -1.216873555469089929, 4.351777654016836472, -2.512499999999944666 ) ) ;
#4508 = B_SPLINE_CURVE_WITH_KNOTS ( 'NONE', 3,
 ( #2311, #4084, #4980, #3684, #3657, #2823, #5420, #2796, #4545, #4112, #152, #1910, #5445, #4571, #3900, #3843, #4741, #3472 ),
 .UNSPECIFIED., .F., .F.,
 ( 4, 2, 2, 2, 2, 2, 2, 2, 4 ),
 ( 0.005649204386103776239, 0.006119817983380342052, 0.006590431580656908733, 0.007061045177933474547, 0.007531658775210040360, 0.008002272372486607041, 0.008472885969763171987, 0.008943499567039738668, 0.009414113164316305349 ),
 .UNSPECIFIED. ) ;
#4509 = SURFACE_SIDE_STYLE ('',( #2762 ) ) ;
#4510 = ORIENTED_EDGE ( 'NONE', *, *, #964, .F. ) ;
#4511 = CARTESIAN_POINT ( 'NONE',  ( -1.186246345985051631, 2.455581101507888775, 4.895758463743399957 ) ) ;
#4512 = FACE_OUTER_BOUND ( 'NONE', #3759, .T. ) ;
#4513 = DIRECTION ( 'NONE',  ( 0.000000000000000000, 0.000000000000000000, 1.000000000000000000 ) ) ;
#4514 =( LENGTH_UNIT ( ) NAMED_UNIT ( * ) SI_UNIT ( .MILLI., .METRE. ) );
#4515 = DIRECTION ( 'NONE',  ( 0.000000000000000000, -3.491481338843135327E-15, 1.000000000000000000 ) ) ;
#4516 = DIRECTION ( 'NONE',  ( -0.000000000000000000, -0.8660254037844328234, -0.5000000000000101030 ) ) ;
#4517 = ORIENTED_EDGE ( 'NONE', *, *, #3452, .T. ) ;
#4518 = CARTESIAN_POINT ( 'NONE',  ( -0.9843303561304962424, 0.000000000000000000, -4.500000000000002665 ) ) ;
#4519 = CARTESIAN_POINT ( 'NONE',  ( 1.216873555469097923, -5.475000000000002309, -0.1615483123236521601 ) ) ;
#4520 = CARTESIAN_POINT ( 'NONE',  ( 0.6178653494856320982, -1.077777020097052896, 5.368246175380051888 ) ) ;
#4521 = VERTEX_POINT ( 'NONE', #3262 ) ;
#4522 = CIRCLE ( 'NONE', #1, 1.237499999999996714 ) ;
#4523 = EDGE_CURVE ( 'NONE', #1020, #4228, #463, .T. ) ;
#4524 = CARTESIAN_POINT ( 'NONE',  ( 0.3375000000000029643, -2.625000000000021760, 4.546633369868291474 ) ) ;
#4525 = ORIENTED_EDGE ( 'NONE', *, *, #2632, .T. ) ;
#4526 = AXIS2_PLACEMENT_3D ( 'NONE', #4780, #3852, #821 ) ;
#4527 = AXIS2_PLACEMENT_3D ( 'NONE', #4619, #3781, #2421 ) ;
#4528 = DIRECTION ( 'NONE',  ( 0.000000000000000000, 0.000000000000000000, -1.000000000000000000 ) ) ;
#4529 = DIRECTION ( 'NONE',  ( 0.000000000000000000, 0.000000000000000000, -1.000000000000000000 ) ) ;
#4530 = FACE_OUTER_BOUND ( 'NONE', #2990, .T. ) ;
#4531 = ORIENTED_EDGE ( 'NONE', *, *, #2057, .T. ) ;
#4532 = CARTESIAN_POINT ( 'NONE',  ( -1.186094323803407846, 4.895853191224153633, 2.455355156608418632 ) ) ;
#4533 = CARTESIAN_POINT ( 'NONE',  ( 0.2294076944467766666, -5.363185137500150468, 1.101427643522833844 ) ) ;
#4534 = DIRECTION ( 'NONE',  ( 0.000000000000000000, 0.000000000000000000, -1.000000000000000000 ) ) ;
#4535 = AXIS2_PLACEMENT_3D ( 'NONE', #1567, #3802, #3398 ) ;
#4536 = ADVANCED_FACE ( 'NONE', ( #616 ), #3349, .F. ) ;
#4537 = VECTOR ( 'NONE', #2148, 1000.000000000000000 ) ;
#4538 = EDGE_LOOP ( 'NONE', ( #1377, #1028, #4467, #3143 ) ) ;
#4539 = AXIS2_PLACEMENT_3D ( 'NONE', #479, #2203, #894 ) ;
#4540 = DIRECTION ( 'NONE',  ( 0.000000000000000000, 0.4999999999999888978, 0.8660254037844450359 ) ) ;
#4541 = AXIS2_PLACEMENT_3D ( 'NONE', #4248, #2609, #1252 ) ;
#4542 = CIRCLE ( 'NONE', #5570, 0.1999999999999996503 ) ;
#4543 = CARTESIAN_POINT ( 'NONE',  ( 0.7539527812220757630, 0.9848710283011151700, 5.386927960990098185 ) ) ;
#4544 = VERTEX_POINT ( 'NONE', #5429 ) ;
#4545 = CARTESIAN_POINT ( 'NONE',  ( 0.1577470958357212738, 1.182297190411695675, 4.883932675978580384 ) ) ;
#4546 = CARTESIAN_POINT ( 'NONE',  ( 0.9843303561305016824, -5.510910596163090542E-16, 4.500000000000001776 ) ) ;
#4547 = DIRECTION ( 'NONE',  ( -1.000000000000000000, -0.000000000000000000, 0.000000000000000000 ) ) ;
#4548 = DIRECTION ( 'NONE',  ( 1.000000000000000000, 0.000000000000000000, -0.000000000000000000 ) ) ;
#4549 = ORIENTED_EDGE ( 'NONE', *, *, #400, .T. ) ;
#4550 = CARTESIAN_POINT ( 'NONE',  ( -1.216873555469090151, 4.351777654016801833, 2.512500000000005063 ) ) ;
#4551 = CARTESIAN_POINT ( 'NONE',  ( -1.216873555469091039, -5.024999999999999467, -0.1590282486647514870 ) ) ;
#4552 = ORIENTED_EDGE ( 'NONE', *, *, #3723, .F. ) ;
#4553 = ADVANCED_FACE ( 'NONE', ( #3664 ), #2470, .T. ) ;
#4554 = DIRECTION ( 'NONE',  ( 0.000000000000000000, 0.000000000000000000, -1.000000000000000000 ) ) ;
#4555 = EDGE_CURVE ( 'NONE', #5035, #3037, #2402, .T. ) ;
#4556 = ORIENTED_EDGE ( 'NONE', *, *, #1257, .F. ) ;
#4557 = DIRECTION ( 'NONE',  ( 1.000000000000000000, 0.000000000000000000, -0.000000000000000000 ) ) ;
#4558 = CARTESIAN_POINT ( 'NONE',  ( -1.060068109014961069, -4.624251323185572637, 1.971817333347554602 ) ) ;
#4559 = DIRECTION ( 'NONE',  ( 1.000000000000000000, 0.000000000000000000, -0.000000000000000000 ) ) ;
#4560 = ORIENTED_EDGE ( 'NONE', *, *, #356, .F. ) ;
#4561 = DIRECTION ( 'NONE',  ( 0.000000000000000000, 0.000000000000000000, -1.000000000000000000 ) ) ;
#4562 = DIRECTION ( 'NONE',  ( -1.000000000000000000, -0.000000000000000000, 0.000000000000000000 ) ) ;
#4563 = CARTESIAN_POINT ( 'NONE',  ( -1.065237977602510711, 0.6215246106916293423, -5.441694280249714133 ) ) ;
#4564 = ORIENTED_EDGE ( 'NONE', *, *, #4085, .F. ) ;
#4565 = EDGE_CURVE ( 'NONE', #4338, #2769, #1130, .T. ) ;
#4566 = EDGE_CURVE ( 'NONE', #2325, #3301, #3249, .T. ) ;
#4567 = CARTESIAN_POINT ( 'NONE',  ( -0.1160098891555720602, 1.072078301807172451, -4.909304749421639968 ) ) ;
#4568 = ORIENTED_EDGE ( 'NONE', *, *, #1804, .F. ) ;
#4569 = B_SPLINE_CURVE_WITH_KNOTS ( 'NONE', 3,
 ( #1876, #2721, #4532, #2268, #5389, #574, #3730, #2754, #1070, #3211, #197, #4972, #4151, #1964, #2356, #1011, #2329, #4103 ),
 .UNSPECIFIED., .F., .F.,
 ( 4, 2, 2, 2, 2, 2, 2, 2, 4 ),
 ( 0.001924500009533366279, 0.002405502955712159486, 0.002886505901890952693, 0.003367508848069745899, 0.003848511794248539106, 0.004329514740427331879, 0.004810517686606125519, 0.005291520632784919159, 0.005772523578963711932 ),
 .UNSPECIFIED. ) ;
#4570 = VERTEX_POINT ( 'NONE', #5515 ) ;
#4571 = CARTESIAN_POINT ( 'NONE',  ( -0.9692456468901291533, 0.7345362395624389640, 4.972233551599114953 ) ) ;
#4572 = DIRECTION ( 'NONE',  ( 0.000000000000000000, 0.000000000000000000, -1.000000000000000000 ) ) ;
#4573 = CARTESIAN_POINT ( 'NONE',  ( -1.216873555469090151, 2.512500000000050804, -4.351777654016776076 ) ) ;
#4574 =( NAMED_UNIT ( * ) PLANE_ANGLE_UNIT ( ) SI_UNIT ( $, .RADIAN. ) );
#4575 = B_SPLINE_CURVE_WITH_KNOTS ( 'NONE', 3,
 ( #3386, #5690, #5234, #2598, #396, #3493, #4520, #23, #5295, #5407, #4034, #5378, #2321, #3200, #3523, #1835, #978, #3578 ),
 .UNSPECIFIED., .F., .F.,
 ( 4, 2, 2, 2, 2, 2, 2, 2, 4 ),
 ( 0.001924500009535643754, 0.002405502955714994024, 0.002886505901894344511, 0.003367508848073694563, 0.003848511794253045050, 0.004329514740432395536, 0.004810517686611746023, 0.005291520632791096510, 0.005772523578970446996 ),
 .UNSPECIFIED. ) ;
#4576 = EDGE_CURVE ( 'NONE', #101, #4837, #2160, .T. ) ;
#4577 = DIRECTION ( 'NONE',  ( 0.000000000000000000, -0.5000000000000041078, 0.8660254037844362651 ) ) ;
#4578 = ORIENTED_EDGE ( 'NONE', *, *, #4635, .F. ) ;
#4579 = DIRECTION ( 'NONE',  ( 0.000000000000000000, 1.000000000000000000, 0.000000000000000000 ) ) ;
#4580 = FACE_OUTER_BOUND ( 'NONE', #5633, .T. ) ;
#4581 = CARTESIAN_POINT ( 'NONE',  ( -3.499999999999999556, 0.000000000000000000, 0.000000000000000000 ) ) ;
#4582 = DIRECTION ( 'NONE',  ( 0.000000000000000000, -1.000000000000000000, -1.224646799147353207E-16 ) ) ;
#4583 = AXIS2_PLACEMENT_3D ( 'NONE', #164, #4615, #217 ) ;
#4584 = CARTESIAN_POINT ( 'NONE',  ( 1.216873555469096146, 4.351777654016835584, -2.512499999999944222 ) ) ;
#4585 = CARTESIAN_POINT ( 'NONE',  ( 0.2288706956796006942, 1.543028613918584702, -4.782349675994542082 ) ) ;
#4586 = CARTESIAN_POINT ( 'NONE',  ( 0.3222421747442780204, -1.629900123589732797, 5.227146843786462327 ) ) ;
#4587 = LINE ( 'NONE', #2865, #3942 ) ;
#4588 = VERTEX_POINT ( 'NONE', #5455 ) ;
#4589 = CARTESIAN_POINT ( 'NONE',  ( 2.951763000829056837E-15, 5.250000000000000000, 0.000000000000000000 ) ) ;
#4590 = CARTESIAN_POINT ( 'NONE',  ( -0.3157423466804613610, -3.443668705420122045, 3.659949515897110928 ) ) ;
#4591 = VERTEX_POINT ( 'NONE', #1484 ) ;
#4592 = AXIS2_PLACEMENT_3D ( 'NONE', #4870, #3948, #17 ) ;
#4593 = CLOSED_SHELL ( 'NONE', ( #2117, #1073, #5397, #2562 ) ) ;
#4594 = MANIFOLD_SOLID_BREP ( '<GB╱T 276-2013[一面带密封圈（非接触式）的深沟球轴承[60000-RZ]619／6-RZ]>-<切除-旋转1[10]>', #4964 ) ;
#4595 = CARTESIAN_POINT ( 'NONE',  ( 0.1142805835485810884, 1.072251967908881332, -4.909266821554431282 ) ) ;
#4596 = DIRECTION ( 'NONE',  ( 0.000000000000000000, 0.000000000000000000, -1.000000000000000000 ) ) ;
#4597 = CIRCLE ( 'NONE', #5157, 1.237499999999997380 ) ;
#4598 = ADVANCED_FACE ( 'NONE', ( #769 ), #5487, .F. ) ;
#4599 = EDGE_LOOP ( 'NONE', ( #3591, #2382, #4035, #324 ) ) ;
#4600 = EDGE_CURVE ( 'NONE', #4244, #3178, #3887, .T. ) ;
#4601 = ORIENTED_EDGE ( 'NONE', *, *, #1880, .F. ) ;
#4602 = DIRECTION ( 'NONE',  ( 0.000000000000000000, 0.000000000000000000, -1.000000000000000000 ) ) ;
#4603 = CARTESIAN_POINT ( 'NONE',  ( 0.3375000000000030753, -1.575657362522887572, -4.771575093816236013 ) ) ;
#4604 = CARTESIAN_POINT ( 'NONE',  ( 0.3375000000000029643, 2.625000000000053291, -4.546633369868272823 ) ) ;
#4605 = DIRECTION ( 'NONE',  ( -1.000000000000000000, -0.000000000000000000, 0.000000000000000000 ) ) ;
#4606 = EDGE_CURVE ( 'NONE', #1188, #3006, #3159, .T. ) ;
#4607 = FACE_OUTER_BOUND ( 'NONE', #892, .T. ) ;
#4608 = DIRECTION ( 'NONE',  ( 1.000000000000000000, 0.000000000000000000, 0.000000000000000000 ) ) ;
#4609 = ORIENTED_EDGE ( 'NONE', *, *, #3539, .F. ) ;
#4610 = CYLINDRICAL_SURFACE ( 'NONE', #4081, 5.475000000000000533 ) ;
#4611 = AXIS2_PLACEMENT_3D ( 'NONE', #405, #2164, #902 ) ;
#4612 = SURFACE_SIDE_STYLE ('',( #2859 ) ) ;
#4613 = DIRECTION ( 'NONE',  ( 1.000000000000000000, 0.000000000000000000, -0.000000000000000000 ) ) ;
#4614 = EDGE_CURVE ( 'NONE', #945, #4673, #4726, .T. ) ;
#4615 = DIRECTION ( 'NONE',  ( -1.000000000000000000, -0.000000000000000000, 0.000000000000000000 ) ) ;
#4616 = ORIENTED_EDGE ( 'NONE', *, *, #1795, .F. ) ;
#4617 = DIRECTION ( 'NONE',  ( 0.000000000000000000, 0.000000000000000000, -1.000000000000000000 ) ) ;
#4618 = CIRCLE ( 'NONE', #457, 3.000000000000001776 ) ;
#4619 = CARTESIAN_POINT ( 'NONE',  ( 0.3375000000000029643, -1.833027702892645012E-14, 5.250000000000000000 ) ) ;
#4620 = CARTESIAN_POINT ( 'NONE',  ( 2.951763000829056837E-15, 2.624999999999989786, 4.546633369868309238 ) ) ;
#4621 = EDGE_LOOP ( 'NONE', ( #3633, #657 ) ) ;
#4622 = CARTESIAN_POINT ( 'NONE',  ( 0.3375000000000029088, -1.761505952817366438, 5.183890602451889151 ) ) ;
#4623 = CARTESIAN_POINT ( 'NONE',  ( 0.6093760516249127068, -3.356287618679212770, 3.740250609034082796 ) ) ;
#4624 = AXIS2_PLACEMENT_3D ( 'NONE', #272, #1637, #4732 ) ;
#4625 = ORIENTED_EDGE ( 'NONE', *, *, #5366, .T. ) ;
#4626 = CARTESIAN_POINT ( 'NONE',  ( -2.299999999999996270, 0.000000000000000000, 0.000000000000000000 ) ) ;
#4627 = AXIS2_PLACEMENT_3D ( 'NONE', #557, #974, #2738 ) ;
#4628 = AXIS2_PLACEMENT_3D ( 'NONE', #2003, #4117, #1892 ) ;
#4629 = CIRCLE ( 'NONE', #3707, 1.073181601594058732 ) ;
#4630 = VERTEX_POINT ( 'NONE', #4285 ) ;
#4631 = CIRCLE ( 'NONE', #565, 0.1999999999999987899 ) ;
#4632 = VERTEX_POINT ( 'NONE', #3402 ) ;
#4633 = CARTESIAN_POINT ( 'NONE',  ( -0.6171494958829002453, 1.750416590129435956, 5.188032411269637656 ) ) ;
#4634 = CARTESIAN_POINT ( 'NONE',  ( -0.3374999999999970246, -1.575657362522887572, -4.771575093816236013 ) ) ;
#4635 = EDGE_CURVE ( 'NONE', #2364, #2276, #3709, .T. ) ;
#4636 = CARTESIAN_POINT ( 'NONE',  ( -0.1145010564392972413, 3.649378680895929428, -4.081379699453779430 ) ) ;
#4637 = AXIS2_PLACEMENT_3D ( 'NONE', #2066, #5113, #2499 ) ;
#4638 = CIRCLE ( 'NONE', #2142, 5.025000000000001243 ) ;
#4639 = DIRECTION ( 'NONE',  ( 0.000000000000000000, 1.000000000000000000, 1.047444401652940007E-14 ) ) ;
#4640 = CARTESIAN_POINT ( 'NONE',  ( 0.1561588338129594744, 4.820739249744111277, 1.418131903941027838 ) ) ;
#4641 = ORIENTED_EDGE ( 'NONE', *, *, #1776, .F. ) ;
#4642 = DIRECTION ( 'NONE',  ( -1.000000000000000000, -0.000000000000000000, -0.000000000000000000 ) ) ;
#4643 = CARTESIAN_POINT ( 'NONE',  ( 0.2294076944467768886, 5.195368396035683567, 1.727728249028877228 ) ) ;
#4644 = CARTESIAN_POINT ( 'NONE',  ( -0.7428168629650859778, -4.935313654298862041, -0.9514577221365082549 ) ) ;
#4645 = CARTESIAN_POINT ( 'NONE',  ( -1.102270384252421964, 5.475000000000000533, 3.381342772470618983E-10 ) ) ;
#4646 = ADVANCED_FACE ( 'NONE', ( #5162 ), #5138, .F. ) ;
#4647 = EDGE_CURVE ( 'NONE', #101, #4047, #3437, .T. ) ;
#4648 = B_SPLINE_CURVE_WITH_KNOTS ( 'NONE', 3,
 ( #4645, #4756, #4203, #4264, #770, #2409, #5541, #1205, #3855, #1609, #5622, #1159, #2006, #2915, #680, #304, #4727, #4672 ),
 .UNSPECIFIED., .F., .F.,
 ( 4, 2, 2, 2, 2, 2, 2, 2, 4 ),
 ( 5.473126138976498932E-13, 0.0004355896638829118129, 0.0008711793272185108881, 0.001306768990554110126, 0.001742358653889709364, 0.002177948317225308818, 0.002613537980560908056, 0.003049127643896507728, 0.003484717307232106966 ),
 .UNSPECIFIED. ) ;
#4649 = DIRECTION ( 'NONE',  ( 0.000000000000000000, -8.890367765996613488E-15, -1.000000000000000000 ) ) ;
#4650 = MANIFOLD_SOLID_BREP ( '<GB╱T 276-2013[一面带密封圈（非接触式）的深沟球轴承[60000-RZ]619／6-RZ]>-<切除-旋转1[7]>', #4593 ) ;
#4651 = DIRECTION ( 'NONE',  ( 0.000000000000000000, 0.5000000000000101030, -0.8660254037844328234 ) ) ;
#4652 = ORIENTED_EDGE ( 'NONE', *, *, #3070, .T. ) ;
#4653 = CARTESIAN_POINT ( 'NONE',  ( -0.6182595144253177910, 4.110372429053085419, -3.617249411575602647 ) ) ;
#4654 = CARTESIAN_POINT ( 'NONE',  ( -0.6066795256490179478, -4.777195101010573985, 1.559643906801493340 ) ) ;
#4655 = FACE_OUTER_BOUND ( 'NONE', #4077, .T. ) ;
#4656 = ORIENTED_EDGE ( 'NONE', *, *, #5065, .F. ) ;
#4657 = CARTESIAN_POINT ( 'NONE',  ( 0.9766114375336411024, -4.318452722995127502, -3.367476254988119422 ) ) ;
#4658 = CARTESIAN_POINT ( 'NONE',  ( 0.9692456470055391682, -3.122243819140574583, 3.938812449548193761 ) ) ;
#4659 = UNCERTAINTY_MEASURE_WITH_UNIT (LENGTH_MEASURE( 1.000000000000000082E-05 ), #4104, 'distance_accuracy_value', 'NONE');
#4660 = EDGE_LOOP ( 'NONE', ( #2745, #2866, #2145, #1518 ) ) ;
#4661 = CARTESIAN_POINT ( 'NONE',  ( -0.3374999999999969691, -5.183890602451881158, -1.761505952817384424 ) ) ;
#4662 = DIRECTION ( 'NONE',  ( 0.000000000000000000, -0.4999999999999918399, -0.8660254037844433705 ) ) ;
#4663 = ORIENTED_EDGE ( 'NONE', *, *, #4448, .T. ) ;
#4664 = EDGE_LOOP ( 'NONE', ( #4817, #1879, #3235, #1414 ) ) ;
#4665 = CARTESIAN_POINT ( 'NONE',  ( -1.184325193566453827, -4.502740015386058836, -2.235402784040048552 ) ) ;
#4666 =( NAMED_UNIT ( * ) SI_UNIT ( $, .STERADIAN. ) SOLID_ANGLE_UNIT ( ) );
#4667 = DIRECTION ( 'NONE',  ( -0.000000000000000000, -0.8660254037844398178, 0.4999999999999980016 ) ) ;
#4668 = ORIENTED_EDGE ( 'NONE', *, *, #5704, .F. ) ;
#4669 = CARTESIAN_POINT ( 'NONE',  ( -0.2288940565161962093, -4.093829020219208914, -3.635584375318199335 ) ) ;
#4670 = DIRECTION ( 'NONE',  ( 0.000000000000000000, 0.000000000000000000, -1.000000000000000000 ) ) ;
#4671 = CARTESIAN_POINT ( 'NONE',  ( -2.300000000000002043, -7.592810154713586877E-16, 6.199999999999997513 ) ) ;
#4672 = CARTESIAN_POINT ( 'NONE',  ( 1.102270384252428181, 5.475000000000000533, -2.506439865549668599E-22 ) ) ;
#4673 = VERTEX_POINT ( 'NONE', #4697 ) ;
#4674 = CARTESIAN_POINT ( 'NONE',  ( -2.500000000000001332, -3.918869757271531939E-16, 3.200000000000001510 ) ) ;
#4675 = EDGE_CURVE ( 'NONE', #507, #2271, #4631, .T. ) ;
#4676 = EDGE_CURVE ( 'NONE', #1020, #5550, #1486, .T. ) ;
#4677 = CARTESIAN_POINT ( 'NONE',  ( 1.186246345985057848, -4.895758463743374200, -2.455581101507938957 ) ) ;
#4678 = VERTEX_POINT ( 'NONE', #4754 ) ;
#4679 = CARTESIAN_POINT ( 'NONE',  ( 2.951763000829056837E-15, 4.546633369868299468, 2.625000000000005329 ) ) ;
#4680 = CARTESIAN_POINT ( 'NONE',  ( -0.2294076944467709211, 1.101427643522889799, -5.363185137500139810 ) ) ;
#4681 = CARTESIAN_POINT ( 'NONE',  ( -2.500000000000001332, 0.000000000000000000, 0.000000000000000000 ) ) ;
#4682 = EDGE_LOOP ( 'NONE', ( #1726, #4179, #1917, #2322, #4357, #4162 ) ) ;
#4683 = CARTESIAN_POINT ( 'NONE',  ( -0.3374999999999969691, -1.066436397168635253, 5.370133928571426907 ) ) ;
#4684 = ORIENTED_EDGE ( 'NONE', *, *, #2288, .F. ) ;
#4685 = PRESENTATION_STYLE_ASSIGNMENT (( #285 ) ) ;
#4686 = CIRCLE ( 'NONE', #520, 1.124999999999995115 ) ;
#4687 = FACE_BOUND ( 'NONE', #589, .T. ) ;
#4688 = ORIENTED_EDGE ( 'NONE', *, *, #407, .T. ) ;
#4689 = ORIENTED_EDGE ( 'NONE', *, *, #1354, .F. ) ;
#4690 = AXIS2_PLACEMENT_3D ( 'NONE', #5456, #2472, #5047 ) ;
#4691 = CARTESIAN_POINT ( 'NONE',  ( -0.1577470943594660724, 3.465865739801269552, -3.638461172476427308 ) ) ;
#4692 = SURFACE_STYLE_FILL_AREA ( #4197 ) ;
#4693 = CARTESIAN_POINT ( 'NONE',  ( -0.3374999999999969691, 5.025000000000001243, 0.000000000000000000 ) ) ;
#4694 = VERTEX_POINT ( 'NONE', #2559 ) ;
#4695 = CARTESIAN_POINT ( 'NONE',  ( 0.3375000000000029643, 5.499083108677935350E-14, -5.250000000000000000 ) ) ;
#4696 = CARTESIAN_POINT ( 'NONE',  ( -1.102270384252421964, 5.475000000000000533, 3.381342772470618983E-10 ) ) ;
#4697 = CARTESIAN_POINT ( 'NONE',  ( -2.300000000000001599, -3.796405077356796890E-16, 3.000000000000001776 ) ) ;
#4698 = CARTESIAN_POINT ( 'NONE',  ( -1.237499999999993827, -1.833027702892645012E-14, 5.250000000000000000 ) ) ;
#4699 = CARTESIAN_POINT ( 'NONE',  ( 0.1160098895142584186, -3.715543477065435418, 3.383099418866687191 ) ) ;
#4700 = DIRECTION ( 'NONE',  ( 0.000000000000000000, 0.000000000000000000, 1.000000000000000000 ) ) ;
#4701 = CARTESIAN_POINT ( 'NONE',  ( -1.216873555470451729, -4.741489085720130170, -2.737500000000062439 ) ) ;
#4702 = ORIENTED_EDGE ( 'NONE', *, *, #372, .F. ) ;
#4703 = CARTESIAN_POINT ( 'NONE',  ( 1.216873555469095924, -2.376468353196429906, 4.430315561917153921 ) ) ;
#4704 = CARTESIAN_POINT ( 'NONE',  ( 2.951763000829056837E-15, -6.429395695523604153E-16, 5.250000000000000000 ) ) ;
#4705 = CARTESIAN_POINT ( 'NONE',  ( 1.216873555469097257, -2.650222503234618276, -4.272263529700829565 ) ) ;
#4706 = ORIENTED_EDGE ( 'NONE', *, *, #3145, .F. ) ;
#4707 = CARTESIAN_POINT ( 'NONE',  ( -1.237499999999993827, -2.624999999999958256, -4.546633369868327001 ) ) ;
#4708 = EDGE_CURVE ( 'NONE', #424, #573, #1618, .T. ) ;
#4709 = B_SPLINE_CURVE_WITH_KNOTS ( 'NONE', 3,
 ( #3214, #5002, #5440, #3677, #4974, #3588 ),
 .UNSPECIFIED., .F., .F.,
 ( 4, 2, 4 ),
 ( 0.003144056225734959045, 0.003485646593208242307, 0.003827236960681525135 ),
 .UNSPECIFIED. ) ;
#4710 = ORIENTED_EDGE ( 'NONE', *, *, #2986, .T. ) ;
#4711 = AXIS2_PLACEMENT_3D ( 'NONE', #5026, #117, #1466 ) ;
#4712 = DIRECTION ( 'NONE',  ( 0.000000000000000000, 1.000000000000000000, 0.000000000000000000 ) ) ;
#4713 = CARTESIAN_POINT ( 'NONE',  ( 2.951763000829056837E-15, 5.250000000000000000, 0.000000000000000000 ) ) ;
#4714 = EDGE_CURVE ( 'NONE', #3276, #2124, #1227, .T. ) ;
#4715 = AXIS2_PLACEMENT_3D ( 'NONE', #4028, #19, #1348 ) ;
#4716 = EDGE_LOOP ( 'NONE', ( #5050, #3436, #4150, #2548 ) ) ;
#4717 = CIRCLE ( 'NONE', #4627, 1.124999999999995115 ) ;
#4718 = AXIS2_PLACEMENT_3D ( 'NONE', #4988, #5020, #1062 ) ;
#4719 = AXIS2_PLACEMENT_3D ( 'NONE', #811, #366, #1197 ) ;
#4720 = AXIS2_PLACEMENT_3D ( 'NONE', #4022, #3512, #3598 ) ;
#4721 = CARTESIAN_POINT ( 'NONE',  ( 0.1605426051907953289, -1.597764948076875635, -5.236675679372174486 ) ) ;
#4722 = CARTESIAN_POINT ( 'NONE',  ( -0.3374999999999970246, 1.575657362522921101, 4.771575093816225355 ) ) ;
#4723 = ORIENTED_EDGE ( 'NONE', *, *, #3998, .T. ) ;
#4724 = CARTESIAN_POINT ( 'NONE',  ( -0.3374999999999975242, 0.000000000000000000, 0.000000000000000000 ) ) ;
#4725 = DIRECTION ( 'NONE',  ( 0.000000000000000000, 0.000000000000000000, -1.000000000000000000 ) ) ;
#4726 = LINE ( 'NONE', #2586, #4537 ) ;
#4727 = CARTESIAN_POINT ( 'NONE',  ( 1.102270384252428403, 5.475000000000001421, 0.1453090473532527849 ) ) ;
#4728 = CARTESIAN_POINT ( 'NONE',  ( -0.3222421747442713591, 5.227146843786489860, -1.629900123589641092 ) ) ;
#4729 = CIRCLE ( 'NONE', #3808, 5.999999999999997335 ) ;
#4730 = AXIS2_PLACEMENT_3D ( 'NONE', #3718, #5074, #4172 ) ;
#4731 = CARTESIAN_POINT ( 'NONE',  ( 0.3375000000000029088, -4.117454205283300972, 3.608627975754064909 ) ) ;
#4732 = DIRECTION ( 'NONE',  ( 0.000000000000000000, 0.000000000000000000, -1.000000000000000000 ) ) ;
#4733 = EDGE_LOOP ( 'NONE', ( #1624, #1244, #5066, #2513 ) ) ;
#4734 = DIRECTION ( 'NONE',  ( 0.000000000000000000, 0.5000000000000071054, -0.8660254037844345998 ) ) ;
#4735 = DIRECTION ( 'NONE',  ( 1.000000000000000000, 0.000000000000000000, -0.000000000000000000 ) ) ;
#4736 = EDGE_LOOP ( 'NONE', ( #730, #4993 ) ) ;
#4737 = ORIENTED_EDGE ( 'NONE', *, *, #2816, .T. ) ;
#4738 = DIRECTION ( 'NONE',  ( 1.000000000000000000, 0.000000000000000000, -0.000000000000000000 ) ) ;
#4739 = VERTEX_POINT ( 'NONE', #914 ) ;
#4740 = FILL_AREA_STYLE_COLOUR ( '', #5468 ) ;
#4741 = CARTESIAN_POINT ( 'NONE',  ( -1.216873555469090373, 0.1570542639227700821, 5.025000000000000355 ) ) ;
#4742 = DIRECTION ( 'NONE',  ( 0.000000000000000000, -1.047444401652940480E-14, 1.000000000000000000 ) ) ;
#4743 = DIRECTION ( 'NONE',  ( 0.000000000000000000, -1.000000000000000000, 0.000000000000000000 ) ) ;
#4744 = EDGE_LOOP ( 'NONE', ( #1309, #224 ) ) ;
#4745 = ADVANCED_FACE ( 'NONE', ( #2620 ), #2644, .T. ) ;
#4746 = EDGE_CURVE ( 'NONE', #4476, #4489, #639, .T. ) ;
#4747 = CARTESIAN_POINT ( 'NONE',  ( -0.3374999999999970246, -4.920133928571429394, -1.021228243303264893 ) ) ;
#4748 =( NAMED_UNIT ( * ) SI_UNIT ( $, .STERADIAN. ) SOLID_ANGLE_UNIT ( ) );
#4749 = EDGE_CURVE ( 'NONE', #2604, #1069, #1034, .T. ) ;
#4750 = CARTESIAN_POINT ( 'NONE',  ( -0.3374999999999969691, -3.608627975754049810, -4.117454205283311630 ) ) ;
#4751 = ORIENTED_EDGE ( 'NONE', *, *, #4749, .F. ) ;
#4752 = CARTESIAN_POINT ( 'NONE',  ( 1.186094323803414285, -4.895853191224167844, 2.455355156608383993 ) ) ;
#4753 = CARTESIAN_POINT ( 'NONE',  ( 0.3375000000000044631, 0.000000000000000000, 0.000000000000000000 ) ) ;
#4754 = CARTESIAN_POINT ( 'NONE',  ( 2.299999999999997158, 0.000000000000000000, -5.999999999999998224 ) ) ;
#4755 = ADVANCED_FACE ( 'NONE', ( #3169 ), #5367, .F. ) ;
#4756 = CARTESIAN_POINT ( 'NONE',  ( -1.102270385293431021, 5.475000001274969996, 0.1472858710026363205 ) ) ;
#4757 = CARTESIAN_POINT ( 'NONE',  ( -0.9766093576085634886, 5.075628505799337553, -2.055978850831093219 ) ) ;
#4758 = CARTESIAN_POINT ( 'NONE',  ( -0.3374999999999969691, -4.117454205283299196, 3.608627975754064021 ) ) ;
#4759 = EDGE_CURVE ( 'NONE', #3975, #535, #4438, .T. ) ;
#4760 = CARTESIAN_POINT ( 'NONE',  ( 0.3375000000000030753, 3.750346850512999541, -3.344476566048450117 ) ) ;
#4761 = VERTEX_POINT ( 'NONE', #4840 ) ;
#4762 = DIRECTION ( 'NONE',  ( 0.000000000000000000, 0.8660254037844377084, 0.5000000000000013323 ) ) ;
#4763 = FACE_OUTER_BOUND ( 'NONE', #1715, .T. ) ;
#4764 = VERTEX_POINT ( 'NONE', #94 ) ;
#4765 = ORIENTED_EDGE ( 'NONE', *, *, #5313, .T. ) ;
#4766 = CARTESIAN_POINT ( 'NONE',  ( 0.7429409894792285973, 0.9513800596652194352, -4.935330379285239211 ) ) ;
#4767 = VERTEX_POINT ( 'NONE', #441 ) ;
#4768 =( LENGTH_UNIT ( ) NAMED_UNIT ( * ) SI_UNIT ( .MILLI., .METRE. ) );
#4769 = CARTESIAN_POINT ( 'NONE',  ( -0.2860378453013214251, 4.915418829683760649, -1.045041344641528758 ) ) ;
#4770 = CARTESIAN_POINT ( 'NONE',  ( 0.1138098578500435776, -1.072161492017110973, -4.909286581067775934 ) ) ;
#4771 = DIRECTION ( 'NONE',  ( 0.000000000000000000, 1.047444401652940322E-14, -1.000000000000000000 ) ) ;
#4772 = CARTESIAN_POINT ( 'NONE',  ( -1.216873555469091484, 4.741489085719837071, -2.737499999999939426 ) ) ;
#4773 = EDGE_LOOP ( 'NONE', ( #3017, #3517 ) ) ;
#4774 = EDGE_CURVE ( 'NONE', #651, #886, #1137, .T. ) ;
#4775 = EDGE_CURVE ( 'NONE', #733, #3993, #468, .T. ) ;
#4776 = FILL_AREA_STYLE ('',( #3372 ) ) ;
#4777 = AXIS2_PLACEMENT_3D ( 'NONE', #3172, #946, #2675 ) ;
#4778 = CARTESIAN_POINT ( 'NONE',  ( 1.128661445338159597, 5.002879780374860808, -0.5140010120700041485 ) ) ;
#4779 = ORIENTED_EDGE ( 'NONE', *, *, #4246, .T. ) ;
#4780 = CARTESIAN_POINT ( 'NONE',  ( 2.951763000829056837E-15, 4.546633369868336771, -2.624999999999942268 ) ) ;
#4781 = DIRECTION ( 'NONE',  ( 0.000000000000000000, 0.000000000000000000, -1.000000000000000000 ) ) ;
#4782 = CARTESIAN_POINT ( 'NONE',  ( 0.3375000000000029643, 5.025000000000001243, 0.000000000000000000 ) ) ;
#4783 = CARTESIAN_POINT ( 'NONE',  ( 2.299999999999997158, 0.000000000000000000, 0.000000000000000000 ) ) ;
#4784 = CARTESIAN_POINT ( 'NONE',  ( 0.9774912523502891082, 5.075277381674348831, -2.056887232590041581 ) ) ;
#4785 = EDGE_CURVE ( 'NONE', #750, #899, #2695, .T. ) ;
#4786 = CARTESIAN_POINT ( 'NONE',  ( 0.1145010564399761704, -4.081379699453874466, 3.649378680895824179 ) ) ;
#4787 = SPHERICAL_SURFACE ( 'NONE', #3516, 1.237499999999996936 ) ;
#4788 = EDGE_LOOP ( 'NONE', ( #4824, #830, #778, #489 ) ) ;
#4789 = CARTESIAN_POINT ( 'NONE',  ( 0.9843303561305023486, -7.347880794884117764E-16, 5.999999999999998224 ) ) ;
#4790 = DIRECTION ( 'NONE',  ( -1.000000000000000000, -0.000000000000000000, 0.000000000000000000 ) ) ;
#4791 = EDGE_LOOP ( 'NONE', ( #2426, #43, #1885, #2107 ) ) ;
#4792 = ORIENTED_EDGE ( 'NONE', *, *, #1989, .T. ) ;
#4793 = SPHERICAL_SURFACE ( 'NONE', #711, 1.124999999999995115 ) ;
#4794 = EDGE_CURVE ( 'NONE', #2271, #5118, #2044, .T. ) ;
#4795 = VERTEX_POINT ( 'NONE', #3134 ) ;
#4796 = DIRECTION ( 'NONE',  ( 0.000000000000000000, 0.8660254037844417052, -0.4999999999999947820 ) ) ;
#4797 = CARTESIAN_POINT ( 'NONE',  ( 0.2288706956812024684, -1.054872859576995836, -4.913150616150946171 ) ) ;
#4798 = CARTESIAN_POINT ( 'NONE',  ( 0.3375000000000029088, -5.370133928571432236, -1.066436397168616601 ) ) ;
#4799 = DIRECTION ( 'NONE',  ( 0.000000000000000000, 0.000000000000000000, -1.000000000000000000 ) ) ;
#4800 = ORIENTED_EDGE ( 'NONE', *, *, #2459, .F. ) ;
#4801 = CIRCLE ( 'NONE', #3965, 1.237499999999997158 ) ;
#4802 = AXIS2_PLACEMENT_3D ( 'NONE', #3834, #3574, #2625 ) ;
#4803 = CIRCLE ( 'NONE', #4065, 0.1999999999999996503 ) ;
#4804 = CIRCLE ( 'NONE', #5275, 5.475000000000002309 ) ;
#4805 = CARTESIAN_POINT ( 'NONE',  ( -0.8772340050907921905, 4.981582363647289569, 0.6665437008324647250 ) ) ;
#4806 = EDGE_LOOP ( 'NONE', ( #2512, #1273, #1128, #165, #3273, #4352 ) ) ;
#4807 = CARTESIAN_POINT ( 'NONE',  ( 1.237499999999999822, -1.833027702892645012E-14, 5.250000000000000000 ) ) ;
#4808 = DIRECTION ( 'NONE',  ( 0.000000000000000000, 0.000000000000000000, -1.000000000000000000 ) ) ;
#4809 =( NAMED_UNIT ( * ) SI_UNIT ( $, .STERADIAN. ) SOLID_ANGLE_UNIT ( ) );
#4810 = CARTESIAN_POINT ( 'NONE',  ( 2.951763000829056837E-15, 2.625000000000053291, -4.546633369868272823 ) ) ;
#4811 = CARTESIAN_POINT ( 'NONE',  ( 0.7521123038540281636, 5.158260651985981049, -1.838905281601073805 ) ) ;
#4812 = CIRCLE ( 'NONE', #5557, 3.000000000000002665 ) ;
#4813 = CIRCLE ( 'NONE', #4075, 1.237499999999997380 ) ;
#4814 =( GEOMETRIC_REPRESENTATION_CONTEXT ( 3 ) GLOBAL_UNCERTAINTY_ASSIGNED_CONTEXT ( ( #1139 ) ) GLOBAL_UNIT_ASSIGNED_CONTEXT ( ( #5254, #3429, #5196 ) ) REPRESENTATION_CONTEXT ( 'NONE', 'WORKASPACE' ) );
#4815 = DIRECTION ( 'NONE',  ( 0.000000000000000000, 0.000000000000000000, -1.000000000000000000 ) ) ;
#4816 = CARTESIAN_POINT ( 'NONE',  ( -1.185729937395787470, -3.012996809067790327, -4.573808457111108616 ) ) ;
#4817 = ORIENTED_EDGE ( 'NONE', *, *, #460, .F. ) ;
#4818 = EDGE_CURVE ( 'NONE', #3178, #4860, #4893, .T. ) ;
#4819 = CARTESIAN_POINT ( 'NONE',  ( -19.92709219242683361, 0.000000000000000000, 0.000000000000000000 ) ) ;
#4820 = EDGE_CURVE ( 'NONE', #4678, #507, #2605, .T. ) ;
#4821 = AXIS2_PLACEMENT_3D ( 'NONE', #3615, #5386, #4528 ) ;
#4822 = CARTESIAN_POINT ( 'NONE',  ( 1.216873555469097923, -2.374758597666838611, -4.431302689732408595 ) ) ;
#4823 = CARTESIAN_POINT ( 'NONE',  ( -0.1137298752281221126, 1.072169428353722420, 4.909284847808298657 ) ) ;
#4824 = ORIENTED_EDGE ( 'NONE', *, *, #1497, .T. ) ;
#4825 = AXIS2_PLACEMENT_3D ( 'NONE', #2989, #317, #4743 ) ;
#4826 = VECTOR ( 'NONE', #706, 1000.000000000000000 ) ;
#4827 = ORIENTED_EDGE ( 'NONE', *, *, #3964, .T. ) ;
#4828 = DIRECTION ( 'NONE',  ( 0.000000000000000000, -1.000000000000000000, -1.224646799147353207E-16 ) ) ;
#4829 = CARTESIAN_POINT ( 'NONE',  ( -0.2288940565160119678, -5.363152117918886574, -1.101593916517753069 ) ) ;
#4830 = CARTESIAN_POINT ( 'NONE',  ( 0.3375000000000029643, 4.546633369868299468, 2.625000000000005329 ) ) ;
#4831 = DIRECTION ( 'NONE',  ( 0.000000000000000000, 0.5000000000000011102, -0.8660254037844380415 ) ) ;
#4832 = CARTESIAN_POINT ( 'NONE',  ( -0.3374999999999975242, 0.000000000000000000, 0.000000000000000000 ) ) ;
#4833 = EDGE_CURVE ( 'NONE', #4591, #1059, #4226, .T. ) ;
#4834 = VERTEX_POINT ( 'NONE', #1450 ) ;
#4835 = B_SPLINE_CURVE_WITH_KNOTS ( 'NONE', 3,
 ( #5523, #3728, #5583, #1550, #3362, #2923 ),
 .UNSPECIFIED., .F., .F.,
 ( 4, 2, 4 ),
 ( 0.003144056225732841815, 0.003485646593205895660, 0.003827236960678949505 ),
 .UNSPECIFIED. ) ;
#4836 = DIRECTION ( 'NONE',  ( 1.000000000000000000, 0.000000000000000000, -0.000000000000000000 ) ) ;
#4837 = VERTEX_POINT ( 'NONE', #550 ) ;
#4838 = CARTESIAN_POINT ( 'NONE',  ( 0.1603182285372219684, 1.597735866490253898, -5.236684552382525837 ) ) ;
#4839 = CARTESIAN_POINT ( 'NONE',  ( -1.237499999999993827, -4.546633369868282593, -2.625000000000037303 ) ) ;
#4840 = CARTESIAN_POINT ( 'NONE',  ( -1.237499999999993827, -4.546633369868319008, 2.624999999999973799 ) ) ;
#4841 = AXIS2_PLACEMENT_3D ( 'NONE', #5518, #594, #1488 ) ;
#4842 = ORIENTED_EDGE ( 'NONE', *, *, #1292, .F. ) ;
#4843 = SURFACE_STYLE_USAGE ( .BOTH. , #1322 ) ;
#4844 = CARTESIAN_POINT ( 'NONE',  ( 2.951763000829056837E-15, -2.625000000000021760, 4.546633369868291474 ) ) ;
#4845 = ORIENTED_EDGE ( 'NONE', *, *, #3020, .T. ) ;
#4846 = CYLINDRICAL_SURFACE ( 'NONE', #4257, 5.025000000000000355 ) ;
#4847 = CARTESIAN_POINT ( 'NONE',  ( 0.6074448382803045998, -1.560129390037633401, -4.777036105533036370 ) ) ;
#4848 = CARTESIAN_POINT ( 'NONE',  ( -0.3374999999999970246, 1.575657362522921101, 4.771575093816225355 ) ) ;
#4849 = VERTEX_POINT ( 'NONE', #2851 ) ;
#4850 = ADVANCED_FACE ( 'NONE', ( #2797, #5038 ), #233, .T. ) ;
#4851 = ADVANCED_FACE ( 'NONE', ( #4512 ), #1939, .F. ) ;
#4852 =( NAMED_UNIT ( * ) PLANE_ANGLE_UNIT ( ) SI_UNIT ( $, .RADIAN. ) );
#4853 = ORIENTED_EDGE ( 'NONE', *, *, #4180, .F. ) ;
#4854 =( NAMED_UNIT ( * ) SI_UNIT ( $, .STERADIAN. ) SOLID_ANGLE_UNIT ( ) );
#4855 = CARTESIAN_POINT ( 'NONE',  ( 2.951763000829056837E-15, 0.000000000000000000, -5.250000000000000000 ) ) ;
#4856 = CARTESIAN_POINT ( 'NONE',  ( 0.6093760516249140391, 3.740250609034094342, 3.356287618679199447 ) ) ;
#4857 = FACE_OUTER_BOUND ( 'NONE', #4975, .T. ) ;
#4858 = DIRECTION ( 'NONE',  ( 0.000000000000000000, 1.000000000000000000, 0.000000000000000000 ) ) ;
#4859 = PRESENTATION_LAYER_ASSIGNMENT (  '', '', ( #1264 ) ) ;
#4860 = VERTEX_POINT ( 'NONE', #4546 ) ;
#4861 = EDGE_CURVE ( 'NONE', #1165, #3665, #5479, .T. ) ;
#4862 = CIRCLE ( 'NONE', #5049, 4.500000000000001776 ) ;
#4863 = COLOUR_RGB ( '',1.000000000000000000, 1.000000000000000000, 1.000000000000000000 ) ;
#4864 = CARTESIAN_POINT ( 'NONE',  ( -1.185729937395775035, 0.3224275496187000156, 5.467532720436220295 ) ) ;
#4865 = EDGE_LOOP ( 'NONE', ( #802, #3416, #567, #2946 ) ) ;
#4866 = FACE_OUTER_BOUND ( 'NONE', #4278, .T. ) ;
#4867 = CARTESIAN_POINT ( 'NONE',  ( -1.060888576746098266, 3.017419481698517814, 4.020771965135046422 ) ) ;
#4868 = DIRECTION ( 'NONE',  ( 1.000000000000000000, 0.000000000000000000, -0.000000000000000000 ) ) ;
#4869 = EDGE_LOOP ( 'NONE', ( #4916, #2812 ) ) ;
#4870 = CARTESIAN_POINT ( 'NONE',  ( 0.3375000000000029643, -4.546633369868319008, 2.624999999999973799 ) ) ;
#4871 = CARTESIAN_POINT ( 'NONE',  ( -2.300000000000001599, 0.000000000000000000, 0.000000000000000000 ) ) ;
#4872 = EDGE_LOOP ( 'NONE', ( #2641, #5296, #1722, #1591 ) ) ;
#4873 = DIRECTION ( 'NONE',  ( 0.000000000000000000, 0.000000000000000000, -1.000000000000000000 ) ) ;
#4874 = DIRECTION ( 'NONE',  ( 1.000000000000000000, 0.000000000000000000, -0.000000000000000000 ) ) ;
#4875 = DIRECTION ( 'NONE',  ( 0.000000000000000000, 0.000000000000000000, 1.000000000000000000 ) ) ;
#4876 = ORIENTED_EDGE ( 'NONE', *, *, #1353, .T. ) ;
#4877 = AXIS2_PLACEMENT_3D ( 'NONE', #4233, #4613, #5517 ) ;
#4878 = SURFACE_SIDE_STYLE ('',( #785 ) ) ;
#4879 = EDGE_LOOP ( 'NONE', ( #4154, #1169 ) ) ;
#4880 = CARTESIAN_POINT ( 'NONE',  ( -1.216873555469089929, -4.351777654016784069, -2.512500000000035705 ) ) ;
#4881 = CARTESIAN_POINT ( 'NONE',  ( -19.92709219242683361, 0.000000000000000000, 0.000000000000000000 ) ) ;
#4882 = EDGE_CURVE ( 'NONE', #2763, #4392, #3555, .T. ) ;
#4883 = CARTESIAN_POINT ( 'NONE',  ( -0.2291337308794231253, -1.727642638307768097, 5.195397486887791239 ) ) ;
#4884 = DIRECTION ( 'NONE',  ( -0.000000000000000000, -1.000000000000000000, -1.047444401652940322E-14 ) ) ;
#4885 = DIRECTION ( 'NONE',  ( 1.000000000000000000, 0.000000000000000000, -0.000000000000000000 ) ) ;
#4886 = ORIENTED_EDGE ( 'NONE', *, *, #1326, .F. ) ;
#4887 = EDGE_CURVE ( 'NONE', #733, #5349, #113, .T. ) ;
#4888 = AXIS2_PLACEMENT_3D ( 'NONE', #5088, #5608, #5525 ) ;
#4889 = DIRECTION ( 'NONE',  ( 0.000000000000000000, 0.000000000000000000, -1.000000000000000000 ) ) ;
#4890 = ORIENTED_EDGE ( 'NONE', *, *, #5034, .F. ) ;
#4891 = PLANE ( 'NONE',  #1762 ) ;
#4892 = CARTESIAN_POINT ( 'NONE',  ( 1.216873555470457724, -2.737499999999979394, -4.741489085720178132 ) ) ;
#4893 = LINE ( 'NONE', #943, #5097 ) ;
#4894 = CARTESIAN_POINT ( 'NONE',  ( 2.951763000829056837E-15, -4.546633369868282593, -2.625000000000037303 ) ) ;
#4895 = AXIS2_PLACEMENT_3D ( 'NONE', #5103, #4605, #5070 ) ;
#4896 = ORIENTED_EDGE ( 'NONE', *, *, #1000, .F. ) ;
#4897 = PRESENTATION_STYLE_ASSIGNMENT (( #3137 ) ) ;
#4898 = FACE_OUTER_BOUND ( 'NONE', #5524, .T. ) ;
#4899 = ORIENTED_EDGE ( 'NONE', *, *, #2631, .F. ) ;
#4900 = CYLINDRICAL_SURFACE ( 'NONE', #21, 5.999999999999998224 ) ;
#4901 = CARTESIAN_POINT ( 'NONE',  ( -0.2288940565161948493, -3.635584375318186012, 4.093829020219217796 ) ) ;
#4902 = DIRECTION ( 'NONE',  ( 0.000000000000000000, 0.5000000000000008882, -0.8660254037844382635 ) ) ;
#4903 = B_SPLINE_CURVE_WITH_KNOTS ( 'NONE', 3,
 ( #5283, #4829, #2135, #783, #877, #1649 ),
 .UNSPECIFIED., .F., .F.,
 ( 4, 2, 4 ),
 ( 0.006630243725185744862, 0.006971267376530446321, 0.007312291027875147779 ),
 .UNSPECIFIED. ) ;
#4904 = CIRCLE ( 'NONE', #3155, 1.237499999999997158 ) ;
#4905 = AXIS2_PLACEMENT_3D ( 'NONE', #4671, #5077, #4202 ) ;
#4906 = ORIENTED_EDGE ( 'NONE', *, *, #2323, .F. ) ;
#4907 = TOROIDAL_SURFACE ( 'NONE', #5470, 3.200000000000002398, 0.1999999999999998723 ) ;
#4908 = CYLINDRICAL_SURFACE ( 'NONE', #4258, 4.500000000000001776 ) ;
#4909 = CYLINDRICAL_SURFACE ( 'NONE', #106, 5.475000000000000533 ) ;
#4910 = FACE_OUTER_BOUND ( 'NONE', #3793, .T. ) ;
#4911 = CARTESIAN_POINT ( 'NONE',  ( 0.3375000000000044631, 0.000000000000000000, 0.000000000000000000 ) ) ;
#4912 = DIRECTION ( 'NONE',  ( -1.000000000000000000, -0.000000000000000000, 0.000000000000000000 ) ) ;
#4913 = CARTESIAN_POINT ( 'NONE',  ( 1.216873555469063284, 0.1607905467560533652, -5.474999999999990763 ) ) ;
#4914 = AXIS2_PLACEMENT_3D ( 'NONE', #5556, #4190, #3328 ) ;
#4915 = AXIS2_PLACEMENT_3D ( 'NONE', #2557, #4309, #1234 ) ;
#4916 = ORIENTED_EDGE ( 'NONE', *, *, #1739, .T. ) ;
#4917 = CARTESIAN_POINT ( 'NONE',  ( 1.216873555469097923, 4.431302689732418365, -2.374758597666823956 ) ) ;
#4918 = EDGE_CURVE ( 'NONE', #2977, #5444, #2359, .T. ) ;
#4919 = ADVANCED_FACE ( 'NONE', ( #261 ), #2792, .T. ) ;
#4920 = SURFACE_SIDE_STYLE ('',( #4369 ) ) ;
#4921 = CARTESIAN_POINT ( 'NONE',  ( 0.3375000000000030753, 4.771575093816220026, 1.575657362522938199 ) ) ;
#4922 = EDGE_LOOP ( 'NONE', ( #991, #4827, #5629, #3363, #1278, #4260 ) ) ;
#4923 = FACE_BOUND ( 'NONE', #1103, .T. ) ;
#4924 = CARTESIAN_POINT ( 'NONE',  ( 1.216873555469097923, -4.272263529700822460, 2.650222503234632487 ) ) ;
#4925 = CARTESIAN_POINT ( 'NONE',  ( -1.216873555469090151, -0.1570758158020349737, 5.024999999999999467 ) ) ;
#4926 = CARTESIAN_POINT ( 'NONE',  ( 2.951763000829056837E-15, 2.624999999999989786, 4.546633369868309238 ) ) ;
#4927 = EDGE_LOOP ( 'NONE', ( #5465, #3009, #3240, #3871, #4007 ) ) ;
#4928 = CARTESIAN_POINT ( 'NONE',  ( 0.9766114375336411024, 3.367476254988134521, -4.318452722995115955 ) ) ;
#4929 = DIRECTION ( 'NONE',  ( 0.000000000000000000, 1.000000000000000000, 3.613946018757868503E-15 ) ) ;
#4930 = CARTESIAN_POINT ( 'NONE',  ( 1.124999999999998224, -2.625000000000021760, 4.546633369868291474 ) ) ;
#4931 = ORIENTED_EDGE ( 'NONE', *, *, #1256, .F. ) ;
#4932 = CARTESIAN_POINT ( 'NONE',  ( -1.060068109014960624, 1.971817333347571255, 4.624251323185563756 ) ) ;
#4933 = DIRECTION ( 'NONE',  ( 0.000000000000000000, 0.000000000000000000, -1.000000000000000000 ) ) ;
#4934 = CARTESIAN_POINT ( 'NONE',  ( -0.3164798858117113256, 1.447998357152545656, -4.812211386141403757 ) ) ;
#4935 = ORIENTED_EDGE ( 'NONE', *, *, #3478, .T. ) ;
#4936 = EDGE_CURVE ( 'NONE', #5290, #3136, #1679, .T. ) ;
#4937 = VERTEX_POINT ( 'NONE', #893 ) ;
#4938 = CARTESIAN_POINT ( 'NONE',  ( -0.1577470943594659614, -3.638461172476438854, -3.465865739801255785 ) ) ;
#4939 = CARTESIAN_POINT ( 'NONE',  ( -2.500000000000001332, 0.000000000000000000, -4.300000000000002487 ) ) ;
#4940 = DIRECTION ( 'NONE',  ( -1.000000000000000000, -0.000000000000000000, 0.000000000000000000 ) ) ;
#4941 = DIRECTION ( 'NONE',  ( -0.000000000000000000, 1.224646799147353207E-16, -1.000000000000000000 ) ) ;
#4942 = DIRECTION ( 'NONE',  ( 0.000000000000000000, 0.000000000000000000, -1.000000000000000000 ) ) ;
#4943 = DIRECTION ( 'NONE',  ( 1.000000000000000000, 0.000000000000000000, -0.000000000000000000 ) ) ;
#4944 = CARTESIAN_POINT ( 'NONE',  ( -0.2284057895222789403, 3.727378938405033093, -3.370231758269491174 ) ) ;
#4945 = ORIENTED_EDGE ( 'NONE', *, *, #1740, .T. ) ;
#4946 = DIRECTION ( 'NONE',  ( 0.000000000000000000, 1.000000000000000000, 0.000000000000000000 ) ) ;
#4947 = AXIS2_PLACEMENT_3D ( 'NONE', #298, #1603, #5591 ) ;
#4948 = DIRECTION ( 'NONE',  ( 0.000000000000000000, 1.000000000000000000, 0.000000000000000000 ) ) ;
#4949 = VERTEX_POINT ( 'NONE', #5291 ) ;
#4950 = CARTESIAN_POINT ( 'NONE',  ( 1.186094323803414063, 2.455355156608401757, 4.895853191224160739 ) ) ;
#4951 = DIRECTION ( 'NONE',  ( 1.000000000000000000, 0.000000000000000000, -0.000000000000000000 ) ) ;
#4952 = ADVANCED_FACE ( 'NONE', ( #532 ), #4846, .F. ) ;
#4953 = DIRECTION ( 'NONE',  ( -1.000000000000000000, -0.000000000000000000, 0.000000000000000000 ) ) ;
#4954 = AXIS2_PLACEMENT_3D ( 'NONE', #2241, #3209, #4043 ) ;
#4955 = FACE_BOUND ( 'NONE', #1824, .T. ) ;
#4956 = CARTESIAN_POINT ( 'NONE',  ( 2.951763000829056837E-15, 2.625000000000053291, -4.546633369868272823 ) ) ;
#4957 = EDGE_LOOP ( 'NONE', ( #338, #151, #175, #5580 ) ) ;
#4958 = DIRECTION ( 'NONE',  ( 0.000000000000000000, 0.000000000000000000, 1.000000000000000000 ) ) ;
#4959 = DIRECTION ( 'NONE',  ( -0.000000000000000000, 0.000000000000000000, -1.000000000000000000 ) ) ;
#4960 = VECTOR ( 'NONE', #4562, 1000.000000000000000 ) ;
#4961 = CARTESIAN_POINT ( 'NONE',  ( -0.1160098895142525066, 3.715543477065411881, 3.383099418866712949 ) ) ;
#4962 = EDGE_CURVE ( 'NONE', #3504, #291, #1766, .T. ) ;
#4963 = ORIENTED_EDGE ( 'NONE', *, *, #2775, .T. ) ;
#4964 = CLOSED_SHELL ( 'NONE', ( #4745, #1813, #675, #4072 ) ) ;
#4965 = CARTESIAN_POINT ( 'NONE',  ( 1.124999999999998224, 2.624999999999989786, 4.546633369868309238 ) ) ;
#4966 = VERTEX_POINT ( 'NONE', #73 ) ;
#4967 = AXIS2_PLACEMENT_3D ( 'NONE', #2917, #2971, #2534 ) ;
#4968 = CARTESIAN_POINT ( 'NONE',  ( -0.1137298752289219311, 1.526116461788812551, -4.787650106792861848 ) ) ;
#4969 = DIRECTION ( 'NONE',  ( 0.000000000000000000, 0.000000000000000000, -1.000000000000000000 ) ) ;
#4970 = AXIS2_PLACEMENT_3D ( 'NONE', #5256, #389, #2500 ) ;
#4971 = CARTESIAN_POINT ( 'NONE',  ( 0.1139799994183239712, -1.709974499904610035, 5.201116438773696338 ) ) ;
#4972 = CARTESIAN_POINT ( 'NONE',  ( 0.6171494958829061295, 5.188032411269629662, 1.750416590129453720 ) ) ;
#4973 =( NAMED_UNIT ( * ) PLANE_ANGLE_UNIT ( ) SI_UNIT ( $, .RADIAN. ) );
#4974 = CARTESIAN_POINT ( 'NONE',  ( 0.2291337308794289540, -5.195397486887809890, 1.727642638307713474 ) ) ;
#4975 = EDGE_LOOP ( 'NONE', ( #1448, #1821 ) ) ;
#4976 = CARTESIAN_POINT ( 'NONE',  ( 0.3375000000000029088, -1.066436397168560424, -5.370133928571443782 ) ) ;
#4977 = EDGE_CURVE ( 'NONE', #3005, #196, #1409, .T. ) ;
#4978 = CARTESIAN_POINT ( 'NONE',  ( 2.499999999999996447, 7.300000000000000711, 0.000000000000000000 ) ) ;
#4979 = ORIENTED_EDGE ( 'NONE', *, *, #4279, .T. ) ;
#4980 = CARTESIAN_POINT ( 'NONE',  ( 1.184200262941313753, 0.3157408673798685617, 5.017161983730496821 ) ) ;
#4981 = CARTESIAN_POINT ( 'NONE',  ( 0.2290589410532243297, -1.543085156773198907, -4.782331004557244469 ) ) ;
#4982 = CARTESIAN_POINT ( 'NONE',  ( 2.299999999999997602, 0.000000000000000000, -3.200000000000002398 ) ) ;
#4983 = AXIS2_PLACEMENT_3D ( 'NONE', #4982, #497, #2251 ) ;
#4984 = CARTESIAN_POINT ( 'NONE',  ( 2.299999999999997158, 0.000000000000000000, 0.000000000000000000 ) ) ;
#4985 = VERTEX_POINT ( 'NONE', #2180 ) ;
#4986 = DIRECTION ( 'NONE',  ( 0.000000000000000000, 0.4999999999999918399, 0.8660254037844432595 ) ) ;
#4987 = DIRECTION ( 'NONE',  ( 0.000000000000000000, 0.000000000000000000, -1.000000000000000000 ) ) ;
#4988 = CARTESIAN_POINT ( 'NONE',  ( -19.92709219242683361, 0.000000000000000000, 0.000000000000000000 ) ) ;
#4989 = ORIENTED_EDGE ( 'NONE', *, *, #320, .T. ) ;
#4990 = CIRCLE ( 'NONE', #2875, 0.1999999999999987899 ) ;
#4991 = DIRECTION ( 'NONE',  ( -1.000000000000000000, 0.000000000000000000, 0.000000000000000000 ) ) ;
#4992 = ADVANCED_FACE ( 'NONE', ( #3951 ), #102, .F. ) ;
#4993 = ORIENTED_EDGE ( 'NONE', *, *, #971, .F. ) ;
#4994 = EDGE_CURVE ( 'NONE', #5349, #733, #4729, .T. ) ;
#4995 = AXIS2_PLACEMENT_3D ( 'NONE', #3480, #3081, #2616 ) ;
#4996 = CIRCLE ( 'NONE', #283, 1.237499999999996936 ) ;
#4997 = CARTESIAN_POINT ( 'NONE',  ( 0.6188283613273962702, 4.110516372475697899, -3.617091090961379152 ) ) ;
#4998 = CARTESIAN_POINT ( 'NONE',  ( -2.441421356237307272, -7.506214549090036045E-16, 6.058578643762684734 ) ) ;
#4999 = DIRECTION ( 'NONE',  ( 0.000000000000000000, -1.000000000000000000, -1.224646799147353207E-16 ) ) ;
#5000 = VERTEX_POINT ( 'NONE', #3605 ) ;
#5001 = CARTESIAN_POINT ( 'NONE',  ( 1.216873555469095924, -2.512500000000020162, 4.351777654016792063 ) ) ;
#5002 = CARTESIAN_POINT ( 'NONE',  ( -0.2294076944467708101, -5.195368396035696890, 1.727728249028840368 ) ) ;
#5003 =( GEOMETRIC_REPRESENTATION_CONTEXT ( 3 ) GLOBAL_UNCERTAINTY_ASSIGNED_CONTEXT ( ( #3446 ) ) GLOBAL_UNIT_ASSIGNED_CONTEXT ( ( #5443, #1556, #693 ) ) REPRESENTATION_CONTEXT ( 'NONE', 'WORKASPACE' ) );
#5004 = AXIS2_PLACEMENT_3D ( 'NONE', #1204, #1608, #4341 ) ;
#5005 = AXIS2_PLACEMENT_3D ( 'NONE', #359, #4874, #4405 ) ;
#5006 = ORIENTED_EDGE ( 'NONE', *, *, #129, .T. ) ;
#5007 = AXIS2_PLACEMENT_3D ( 'NONE', #1832, #2627, #4873 ) ;
#5008 = CIRCLE ( 'NONE', #2517, 5.025000000000001243 ) ;
#5009 = DIRECTION ( 'NONE',  ( 0.000000000000000000, 3.491481338843134144E-15, -1.000000000000000000 ) ) ;
#5010 = EDGE_CURVE ( 'NONE', #945, #5340, #4167, .T. ) ;
#5011 = ORIENTED_EDGE ( 'NONE', *, *, #2777, .T. ) ;
#5012 = EDGE_CURVE ( 'NONE', #668, #4739, #3896, .T. ) ;
#5013 = CARTESIAN_POINT ( 'NONE',  ( -19.92709219242683361, 0.000000000000000000, 0.000000000000000000 ) ) ;
#5014 = CARTESIAN_POINT ( 'NONE',  ( 0.9766114375336404363, -3.367476254988105211, 4.318452722995139936 ) ) ;
#5015 = DIRECTION ( 'NONE',  ( 0.000000000000000000, 0.4999999999999978351, 0.8660254037844399289 ) ) ;
#5016 = DIRECTION ( 'NONE',  ( 1.000000000000000000, 0.000000000000000000, 0.000000000000000000 ) ) ;
#5017 = ORIENTED_EDGE ( 'NONE', *, *, #3758, .T. ) ;
#5018 = CARTESIAN_POINT ( 'NONE',  ( 2.951763000829056837E-15, 4.546633369868336771, -2.624999999999942268 ) ) ;
#5019 = CARTESIAN_POINT ( 'NONE',  ( 0.9766114375335465114, -5.423627890649912686, -0.7570936219631199116 ) ) ;
#5020 = DIRECTION ( 'NONE',  ( -1.000000000000000000, -0.000000000000000000, 0.000000000000000000 ) ) ;
#5021 = CARTESIAN_POINT ( 'NONE',  ( 2.299999999999997158, -3.673940397442063319E-16, 3.000000000000003109 ) ) ;
#5022 = CARTESIAN_POINT ( 'NONE',  ( 1.216873555469130785, 4.661087872940406385, -2.876758985524090928 ) ) ;
#5023 = CARTESIAN_POINT ( 'NONE',  ( -0.3219498304303024527, -1.629749021142122611, 5.227196995772985133 ) ) ;
#5024 = CARTESIAN_POINT ( 'NONE',  ( -1.216873555469089929, -2.512499999999959766, -4.351777654016826702 ) ) ;
#5025 = ORIENTED_EDGE ( 'NONE', *, *, #5451, .T. ) ;
#5026 = CARTESIAN_POINT ( 'NONE',  ( 2.951763000829056837E-15, 4.546633369868299468, 2.625000000000005329 ) ) ;
#5027 = FILL_AREA_STYLE ('',( #3676 ) ) ;
#5028 = EDGE_CURVE ( 'NONE', #5531, #4937, #5392, .T. ) ;
#5029 = ADVANCED_FACE ( 'NONE', ( #3175, #4491 ), #4380, .T. ) ;
#5030 = ORIENTED_EDGE ( 'NONE', *, *, #1814, .T. ) ;
#5031 = AXIS2_PLACEMENT_3D ( 'NONE', #1981, #619, #4554 ) ;
#5032 = FACE_OUTER_BOUND ( 'NONE', #3823, .T. ) ;
#5033 = SPHERICAL_SURFACE ( 'NONE', #3, 1.237499999999996936 ) ;
#5034 = EDGE_CURVE ( 'NONE', #3277, #1898, #1963, .T. ) ;
#5035 = VERTEX_POINT ( 'NONE', #2678 ) ;
#5036 = VERTEX_POINT ( 'NONE', #476 ) ;
#5037 = CARTESIAN_POINT ( 'NONE',  ( 1.216873555470457502, 2.737500000000013145, 4.741489085720159480 ) ) ;
#5038 = FACE_BOUND ( 'NONE', #206, .T. ) ;
#5039 = CARTESIAN_POINT ( 'NONE',  ( -1.060132804264167117, 3.018596205566969282, -4.019910896282856250 ) ) ;
#5040 = AXIS2_PLACEMENT_3D ( 'NONE', #2853, #210, #3741 ) ;
#5041 = FILL_AREA_STYLE ('',( #130 ) ) ;
#5042 = CARTESIAN_POINT ( 'NONE',  ( -1.216873555469090151, 5.025000000000000355, 0.1286533484961805418 ) ) ;
#5043 = ORIENTED_EDGE ( 'NONE', *, *, #1957, .T. ) ;
#5044 = DIRECTION ( 'NONE',  ( 0.000000000000000000, 0.000000000000000000, -1.000000000000000000 ) ) ;
#5045 = DIRECTION ( 'NONE',  ( 0.000000000000000000, 0.000000000000000000, -1.000000000000000000 ) ) ;
#5046 = DIRECTION ( 'NONE',  ( 1.000000000000000000, 0.000000000000000000, 0.000000000000000000 ) ) ;
#5047 = DIRECTION ( 'NONE',  ( 0.000000000000000000, 0.000000000000000000, -1.000000000000000000 ) ) ;
#5048 = CARTESIAN_POINT ( 'NONE',  ( 0.2282113725214197641, 3.370277656641996078, 3.727338007249152430 ) ) ;
#5049 = AXIS2_PLACEMENT_3D ( 'NONE', #2114, #305, #3053 ) ;
#5050 = ORIENTED_EDGE ( 'NONE', *, *, #4818, .F. ) ;
#5051 = CARTESIAN_POINT ( 'NONE',  ( 2.951763000829056837E-15, -4.546633369868282593, -2.625000000000037303 ) ) ;
#5052 = CARTESIAN_POINT ( 'NONE',  ( 2.951763000829056837E-15, 2.625000000000053291, -4.546633369868272823 ) ) ;
#5053 = CARTESIAN_POINT ( 'NONE',  ( -19.92709219242683361, 0.000000000000000000, 0.000000000000000000 ) ) ;
#5054 = EDGE_LOOP ( 'NONE', ( #4282, #205, #3862, #2156 ) ) ;
#5055 = DIRECTION ( 'NONE',  ( 0.000000000000000000, 0.000000000000000000, -1.000000000000000000 ) ) ;
#5056 = CARTESIAN_POINT ( 'NONE',  ( 1.060888576746103817, -3.017419481698546679, 4.020771965135026882 ) ) ;
#5057 = B_SPLINE_CURVE_WITH_KNOTS ( 'NONE', 3,
 ( #4178, #189, #1897, #2832, #5048, #5458 ),
 .UNSPECIFIED., .F., .F.,
 ( 4, 2, 4 ),
 ( 0.006480373043366851986, 0.006820975949056600623, 0.007161578854746349261 ),
 .UNSPECIFIED. ) ;
#5058 = UNCERTAINTY_MEASURE_WITH_UNIT (LENGTH_MEASURE( 1.000000000000000082E-05 ), #3460, 'distance_accuracy_value', 'NONE');
#5059 = EDGE_LOOP ( 'NONE', ( #420, #725, #3442, #3127 ) ) ;
#5060 = CIRCLE ( 'NONE', #253, 1.073181601594058732 ) ;
#5061 = ADVANCED_FACE ( 'NONE', ( #2234 ), #4900, .F. ) ;
#5062 = DIRECTION ( 'NONE',  ( 0.000000000000000000, -3.613946018757870081E-15, 1.000000000000000000 ) ) ;
#5063 = ORIENTED_EDGE ( 'NONE', *, *, #2060, .T. ) ;
#5064 = EDGE_CURVE ( 'NONE', #3322, #2570, #3275, .T. ) ;
#5065 = EDGE_CURVE ( 'NONE', #1551, #2301, #2435, .T. ) ;
#5066 = ORIENTED_EDGE ( 'NONE', *, *, #4152, .T. ) ;
#5067 = CARTESIAN_POINT ( 'NONE',  ( 0.3219498304303086145, 1.629749021142086418, 5.227196995772995791 ) ) ;
#5068 = CARTESIAN_POINT ( 'NONE',  ( -0.3227388460788862545, -3.711864985649484527, 4.025139890365591278 ) ) ;
#5069 = CARTESIAN_POINT ( 'NONE',  ( -2.500000000000001332, 0.000000000000000000, 0.000000000000000000 ) ) ;
#5070 = DIRECTION ( 'NONE',  ( 0.000000000000000000, 0.000000000000000000, -1.000000000000000000 ) ) ;
#5071 = DIRECTION ( 'NONE',  ( 0.000000000000000000, 0.8660254037844382635, 0.5000000000000008882 ) ) ;
#5072 = CARTESIAN_POINT ( 'NONE',  ( 1.102270384252428181, 5.025000000000001243, 0.1422570828251473740 ) ) ;
#5073 = EDGE_LOOP ( 'NONE', ( #169, #1336, #3326, #2782, #138, #920 ) ) ;
#5074 = DIRECTION ( 'NONE',  ( 1.000000000000000000, 0.000000000000000000, -0.000000000000000000 ) ) ;
#5075 = B_SPLINE_CURVE_WITH_KNOTS ( 'NONE', 3,
 ( #628, #1933, #2389, #1144, #2904, #4661 ),
 .UNSPECIFIED., .F., .F.,
 ( 4, 2, 4 ),
 ( 0.003144056225732765920, 0.003485646593205811525, 0.003827236960678857131 ),
 .UNSPECIFIED. ) ;
#5076 = CARTESIAN_POINT ( 'NONE',  ( 0.3375000000000030753, -1.575657362522953742, 4.771575093816213808 ) ) ;
#5077 = DIRECTION ( 'NONE',  ( 0.000000000000000000, -1.000000000000000000, -1.224646799147353207E-16 ) ) ;
#5078 = CARTESIAN_POINT ( 'NONE',  ( 1.066282750803723811, -4.403264907450167520, 3.257152822151254679 ) ) ;
#5079 = ORIENTED_EDGE ( 'NONE', *, *, #122, .F. ) ;
#5080 = CARTESIAN_POINT ( 'NONE',  ( -1.216873555469089929, 5.260652523382203600E-14, -5.025000000000000355 ) ) ;
#5081 = CARTESIAN_POINT ( 'NONE',  ( 2.951763000829056837E-15, -4.546633369868282593, -2.625000000000037303 ) ) ;
#5082 = ORIENTED_EDGE ( 'NONE', *, *, #5202, .F. ) ;
#5083 = CARTESIAN_POINT ( 'NONE',  ( -1.216873555469091261, 4.660714929558030128, -2.877404942410696886 ) ) ;
#5084 = AXIS2_PLACEMENT_3D ( 'NONE', #2280, #154, #1401 ) ;
#5085 = CARTESIAN_POINT ( 'NONE',  ( 0.3164798858117167657, -4.812211386141429514, 1.447998357152461724 ) ) ;
#5086 = CARTESIAN_POINT ( 'NONE',  ( 1.060132804264172446, -3.018596205566886237, -4.019910896282916646 ) ) ;
#5087 = ORIENTED_EDGE ( 'NONE', *, *, #372, .T. ) ;
#5088 = CARTESIAN_POINT ( 'NONE',  ( 2.299999999999997158, 0.000000000000000000, 0.000000000000000000 ) ) ;
#5089 = CARTESIAN_POINT ( 'NONE',  ( -0.1139339630336136250, -5.359285214701182021, 1.119681645598991082 ) ) ;
#5090 = AXIS2_PLACEMENT_3D ( 'NONE', #70, #2767, #4515 ) ;
#5091 = EDGE_LOOP ( 'NONE', ( #2245, #231 ) ) ;
#5092 = CIRCLE ( 'NONE', #2217, 0.2000000000000005107 ) ;
#5093 = CARTESIAN_POINT ( 'NONE',  ( 0.3375000000000030753, 1.021228243303316408, -4.920133928571419624 ) ) ;
#5094 = CIRCLE ( 'NONE', #563, 4.500000000000002665 ) ;
#5095 = AXIS2_PLACEMENT_3D ( 'NONE', #5112, #4119, #2376 ) ;
#5096 = VERTEX_POINT ( 'NONE', #4698 ) ;
#5097 = VECTOR ( 'NONE', #494, 1000.000000000000000 ) ;
#5098 = COLOUR_RGB ( '',1.000000000000000000, 1.000000000000000000, 1.000000000000000000 ) ;
#5099 = EDGE_LOOP ( 'NONE', ( #2395, #1962 ) ) ;
#5100 = CARTESIAN_POINT ( 'NONE',  ( -1.059998554186540431, -4.624265706669788756, -1.971765687694815083 ) ) ;
#5101 = CARTESIAN_POINT ( 'NONE',  ( 2.951763000829056837E-15, 5.499083108677935350E-14, -5.250000000000000000 ) ) ;
#5102 = EDGE_CURVE ( 'NONE', #1165, #1059, #1490, .T. ) ;
#5103 = CARTESIAN_POINT ( 'NONE',  ( 2.951763000829056837E-15, 0.000000000000000000, 0.000000000000000000 ) ) ;
#5104 = CIRCLE ( 'NONE', #2050, 5.999999999999998224 ) ;
#5105 = EDGE_CURVE ( 'NONE', #3006, #1188, #2798, .T. ) ;
#5106 = AXIS2_PLACEMENT_3D ( 'NONE', #1607, #1631, #5137 ) ;
#5107 = CARTESIAN_POINT ( 'NONE',  ( 1.186094323803414063, -2.455355156608368450, -4.895853191224178502 ) ) ;
#5108 = CARTESIAN_POINT ( 'NONE',  ( -19.92709219242683361, 0.000000000000000000, 0.000000000000000000 ) ) ;
#5109 = ORIENTED_EDGE ( 'NONE', *, *, #1106, .T. ) ;
#5110 = DIRECTION ( 'NONE',  ( -1.000000000000000000, -0.000000000000000000, 0.000000000000000000 ) ) ;
#5111 = CARTESIAN_POINT ( 'NONE',  ( -0.1160098896101753180, 3.383099418851998941, -3.715543477078809165 ) ) ;
#5112 = CARTESIAN_POINT ( 'NONE',  ( -0.3374999999999969691, 2.625000000000053291, -4.546633369868272823 ) ) ;
#5113 = DIRECTION ( 'NONE',  ( 1.000000000000000000, 0.000000000000000000, -0.000000000000000000 ) ) ;
#5114 = VERTEX_POINT ( 'NONE', #1978 ) ;
#5115 = CARTESIAN_POINT ( 'NONE',  ( 1.124999999999998224, -1.833027702892645012E-14, 5.250000000000000000 ) ) ;
#5116 = EDGE_CURVE ( 'NONE', #3318, #2224, #4648, .T. ) ;
#5117 = CARTESIAN_POINT ( 'NONE',  ( -0.3374999999999969691, 3.608627975754078232, 4.117454205283287649 ) ) ;
#5118 = VERTEX_POINT ( 'NONE', #5139 ) ;
#5119 = DIRECTION ( 'NONE',  ( 1.000000000000000000, 0.000000000000000000, -0.000000000000000000 ) ) ;
#5120 = CARTESIAN_POINT ( 'NONE',  ( 0.3375000000000029088, 1.066436397168672778, -5.370133928571421578 ) ) ;
#5121 = CARTESIAN_POINT ( 'NONE',  ( -1.184161683711921098, -2.781828220606370028, -4.187225725368494800 ) ) ;
#5122 = ORIENTED_EDGE ( 'NONE', *, *, #148, .F. ) ;
#5123 = ADVANCED_FACE ( 'NONE', ( #3774 ), #3831, .T. ) ;
#5124 = EDGE_CURVE ( 'NONE', #5171, #4795, #498, .T. ) ;
#5125 = UNCERTAINTY_MEASURE_WITH_UNIT (LENGTH_MEASURE( 1.000000000000000082E-05 ), #3584, 'distance_accuracy_value', 'NONE');
#5126 = ORIENTED_EDGE ( 'NONE', *, *, #4606, .T. ) ;
#5127 = PRESENTATION_STYLE_ASSIGNMENT (( #1647 ) ) ;
#5128 = CYLINDRICAL_SURFACE ( 'NONE', #1768, 5.475000000000000533 ) ;
#5129 = FACE_OUTER_BOUND ( 'NONE', #5221, .T. ) ;
#5130 = ORIENTED_EDGE ( 'NONE', *, *, #579, .F. ) ;
#5131 = ORIENTED_EDGE ( 'NONE', *, *, #5676, .T. ) ;
#5132 = CARTESIAN_POINT ( 'NONE',  ( 1.216873555469096146, 2.648512982295776919, -4.273250522075050739 ) ) ;
#5133 = CARTESIAN_POINT ( 'NONE',  ( -0.1138098578508688619, 1.526124201487591758, 4.787647639671318345 ) ) ;
#5134 = ORIENTED_EDGE ( 'NONE', *, *, #5124, .F. ) ;
#5135 = ADVANCED_FACE ( 'NONE', ( #4477 ), #519, .T. ) ;
#5136 = DIRECTION ( 'NONE',  ( 0.000000000000000000, 0.4999999999999888978, 0.8660254037844450359 ) ) ;
#5137 = DIRECTION ( 'NONE',  ( 0.000000000000000000, -0.8660254037844415942, 0.4999999999999947264 ) ) ;
#5138 = CYLINDRICAL_SURFACE ( 'NONE', #3800, 5.025000000000000355 ) ;
#5139 = CARTESIAN_POINT ( 'NONE',  ( 2.499999999999996003, 0.000000000000000000, -6.199999999999996625 ) ) ;
#5140 = SPHERICAL_SURFACE ( 'NONE', #518, 1.237499999999996936 ) ;
#5141 = CARTESIAN_POINT ( 'NONE',  ( -1.216873555469089929, -5.025000000000000355, 2.755652777012119125E-17 ) ) ;
#5142 = CARTESIAN_POINT ( 'NONE',  ( -1.216873555469057511, -4.821884359097772688, -2.598251301820953874 ) ) ;
#5143 = EDGE_LOOP ( 'NONE', ( #4453, #2099 ) ) ;
#5144 = EDGE_CURVE ( 'NONE', #5322, #5271, #1311, .T. ) ;
#5145 = CARTESIAN_POINT ( 'NONE',  ( -0.1578090310811135211, -1.418333126981403902, 4.820680050771462888 ) ) ;
#5146 = CARTESIAN_POINT ( 'NONE',  ( 0.9766093576085690398, -2.055978850831180260, 5.075628505799301138 ) ) ;
#5147 = CARTESIAN_POINT ( 'NONE',  ( 1.216873555469096146, -1.751714114949188156E-14, 5.025000000000000355 ) ) ;
#5148 = ORIENTED_EDGE ( 'NONE', *, *, #2341, .T. ) ;
#5149 = CARTESIAN_POINT ( 'NONE',  ( 2.951763000829056837E-15, -4.546633369868282593, -2.625000000000037303 ) ) ;
#5150 = APPLICATION_PROTOCOL_DEFINITION ( 'draft international standard', 'automotive_design', 1998, #2293 ) ;
#5151 = AXIS2_PLACEMENT_3D ( 'NONE', #1263, #5685, #1719 ) ;
#5152 = EDGE_LOOP ( 'NONE', ( #1232, #3695, #182, #4272 ) ) ;
#5153 = AXIS2_PLACEMENT_3D ( 'NONE', #223, #5549, #1168 ) ;
#5154 = DIRECTION ( 'NONE',  ( 0.000000000000000000, 0.000000000000000000, -1.000000000000000000 ) ) ;
#5155 = CARTESIAN_POINT ( 'NONE',  ( 0.1161341008350611770, 3.649247927219362975, -4.081496609501998662 ) ) ;
#5156 = ORIENTED_EDGE ( 'NONE', *, *, #3724, .T. ) ;
#5157 = AXIS2_PLACEMENT_3D ( 'NONE', #1063, #4582, #4142 ) ;
#5158 = CARTESIAN_POINT ( 'NONE',  ( 1.216873555470457724, -2.737499999999979394, -4.741489085720178132 ) ) ;
#5159 = CARTESIAN_POINT ( 'NONE',  ( -0.9684278525401794901, 4.673716618225758346, 1.849049199763079132 ) ) ;
#5160 = DIRECTION ( 'NONE',  ( -1.000000000000000000, 0.000000000000000000, 0.000000000000000000 ) ) ;
#5161 = DIRECTION ( 'NONE',  ( 0.000000000000000000, 0.000000000000000000, -1.000000000000000000 ) ) ;
#5162 = FACE_OUTER_BOUND ( 'NONE', #3388, .T. ) ;
#5163 = CARTESIAN_POINT ( 'NONE',  ( 0.1138098578508750652, 4.787647639671313016, 1.526124201487608190 ) ) ;
#5164 = CARTESIAN_POINT ( 'NONE',  ( 0.2282113725214198752, -3.727338007249163976, 3.370277656641982311 ) ) ;
#5165 = CARTESIAN_POINT ( 'NONE',  ( -1.216873555469091484, -5.025000000000000355, 0.1590500714253921255 ) ) ;
#5166 = CARTESIAN_POINT ( 'NONE',  ( -2.300000000000002043, -8.939921633775678831E-16, 7.300000000000000711 ) ) ;
#5167 = ORIENTED_EDGE ( 'NONE', *, *, #5528, .T. ) ;
#5168 = CARTESIAN_POINT ( 'NONE',  ( -1.216873555469091261, 2.737499999999989608, 4.741489085719808649 ) ) ;
#5169 = CARTESIAN_POINT ( 'NONE',  ( 2.951763000829056837E-15, -5.250000000000000000, 0.000000000000000000 ) ) ;
#5170 = VERTEX_POINT ( 'NONE', #1693 ) ;
#5171 = VERTEX_POINT ( 'NONE', #4507 ) ;
#5172 = CARTESIAN_POINT ( 'NONE',  ( 1.216873555469097479, -4.660714929557968844, -2.877404942410795918 ) ) ;
#5173 = EDGE_CURVE ( 'NONE', #1096, #1195, #293, .T. ) ;
#5174 = ADVANCED_FACE ( 'NONE', ( #824, #5418 ), #2149, .T. ) ;
#5175 = ORIENTED_EDGE ( 'NONE', *, *, #2881, .T. ) ;
#5176 = AXIS2_PLACEMENT_3D ( 'NONE', #994, #527, #4513 ) ;
#5177 = CARTESIAN_POINT ( 'NONE',  ( 0.9682255741299137242, -0.7357694555034639539, -4.972045451488765977 ) ) ;
#5178 = CARTESIAN_POINT ( 'NONE',  ( -0.1577470943594661557, 3.638461172476462835, 3.465865739801230916 ) ) ;
#5179 = DIRECTION ( 'NONE',  ( 0.000000000000000000, 0.8660254037844452579, -0.4999999999999886202 ) ) ;
#5180 = CIRCLE ( 'NONE', #459, 1.237499999999996714 ) ;
#5181 = EDGE_CURVE ( 'NONE', #3259, #5259, #5472, .T. ) ;
#5182 = ORIENTED_EDGE ( 'NONE', *, *, #5704, .T. ) ;
#5183 = EDGE_CURVE ( 'NONE', #3033, #4128, #3076, .T. ) ;
#5184 = AXIS2_PLACEMENT_3D ( 'NONE', #3603, #4056, #996 ) ;
#5185 = B_SPLINE_CURVE_WITH_KNOTS ( 'NONE', 3,
 ( #269, #1921, #1573, #1161, #2916, #2377, #2411, #2035 ),
 .UNSPECIFIED., .F., .F.,
 ( 4, 2, 2, 4 ),
 ( 0.0003406079118274042044, 0.001112193438762932272, 0.001497986202230696361, 0.001883778965698460449 ),
 .UNSPECIFIED. ) ;
#5186 = CIRCLE ( 'NONE', #1129, 1.237499999999997158 ) ;
#5187 = CIRCLE ( 'NONE', #3795, 4.500000000000001776 ) ;
#5188 = ADVANCED_FACE ( 'NONE', ( #545 ), #2302, .T. ) ;
#5189 = AXIS2_PLACEMENT_3D ( 'NONE', #796, #387, #1692 ) ;
#5190 = AXIS2_PLACEMENT_3D ( 'NONE', #1664, #1241, #2045 ) ;
#5191 = CARTESIAN_POINT ( 'NONE',  ( -0.7525402123772434448, -1.839374689528491036, -5.158076629468538954 ) ) ;
#5192 = CARTESIAN_POINT ( 'NONE',  ( 0.1145010564399762260, -3.649378680895810412, -4.081379699453886900 ) ) ;
#5193 = ORIENTED_EDGE ( 'NONE', *, *, #1559, .T. ) ;
#5194 = CARTESIAN_POINT ( 'NONE',  ( 0.3375000000000030753, -3.344476566048462551, -3.750346850512987995 ) ) ;
#5195 = FACE_OUTER_BOUND ( 'NONE', #4463, .T. ) ;
#5196 =( NAMED_UNIT ( * ) SI_UNIT ( $, .STERADIAN. ) SOLID_ANGLE_UNIT ( ) );
#5197 = CARTESIAN_POINT ( 'NONE',  ( -0.9689635404861057788, 4.673595488726412839, -1.849409760455072327 ) ) ;
#5198 = DIRECTION ( 'NONE',  ( -1.000000000000000000, -0.000000000000000000, 0.000000000000000000 ) ) ;
#5199 = CIRCLE ( 'NONE', #1865, 1.237499999999996714 ) ;
#5200 = TOROIDAL_SURFACE ( 'NONE', #1410, 4.300000000000002487, 0.1999999999999998723 ) ;
#5201 = CARTESIAN_POINT ( 'NONE',  ( 0.3145222742842063157, -4.891362290108568267, 1.152673889721727019 ) ) ;
#5202 = EDGE_CURVE ( 'NONE', #3803, #314, #3713, .T. ) ;
#5203 = DIRECTION ( 'NONE',  ( 1.000000000000000000, 0.000000000000000000, -0.000000000000000000 ) ) ;
#5204 = ORIENTED_EDGE ( 'NONE', *, *, #3897, .F. ) ;
#5205 = CARTESIAN_POINT ( 'NONE',  ( -1.216873555469089929, -2.512500000000020162, 4.351777654016792063 ) ) ;
#5206 = CARTESIAN_POINT ( 'NONE',  ( 0.3375000000000030753, 1.021228243303316408, -4.920133928571419624 ) ) ;
#5207 = ORIENTED_EDGE ( 'NONE', *, *, #495, .F. ) ;
#5208 = VERTEX_POINT ( 'NONE', #3879 ) ;
#5209 = CARTESIAN_POINT ( 'NONE',  ( -0.1139799994183179760, 5.201116438773726536, -1.709974499904518774 ) ) ;
#5210 =( NAMED_UNIT ( * ) SI_UNIT ( $, .STERADIAN. ) SOLID_ANGLE_UNIT ( ) );
#5211 = B_SPLINE_CURVE_WITH_KNOTS ( 'NONE', 3,
 ( #4701, #5142, #2069, #4206, #741, #244, #1579, #2009, #5544, #2536, #2092, #3358, #1164, #2918, #1662, #4677, #2506, #4268 ),
 .UNSPECIFIED., .F., .F.,
 ( 4, 2, 2, 2, 2, 2, 2, 2, 4 ),
 ( 0.001924500009533365846, 0.002405502955712159486, 0.002886505901890953126, 0.003367508848069747200, 0.003848511794248540840, 0.004329514740427334481, 0.004810517686606128121, 0.005291520632784921761, 0.005772523578963715402 ),
 .UNSPECIFIED. ) ;
#5212 = ORIENTED_EDGE ( 'NONE', *, *, #3724, .F. ) ;
#5213 = SURFACE_STYLE_FILL_AREA ( #1279 ) ;
#5214 = CARTESIAN_POINT ( 'NONE',  ( -3.499999999999999556, 0.000000000000000000, 0.000000000000000000 ) ) ;
#5215 = EDGE_CURVE ( 'NONE', #945, #1089, #1228, .T. ) ;
#5216 = ADVANCED_FACE ( 'NONE', ( #1291 ), #950, .T. ) ;
#5217 = DIRECTION ( 'NONE',  ( 0.000000000000000000, -2.424645754362712447E-15, 1.000000000000000000 ) ) ;
#5218 = DIRECTION ( 'NONE',  ( 0.000000000000000000, 0.000000000000000000, -1.000000000000000000 ) ) ;
#5219 = CARTESIAN_POINT ( 'NONE',  ( -0.1161341008350751380, 4.081496609502091921, -3.649247927219259502 ) ) ;
#5220 = CARTESIAN_POINT ( 'NONE',  ( 1.102270384252428181, 5.475000000000000533, -2.506439865549668599E-22 ) ) ;
#5221 = EDGE_LOOP ( 'NONE', ( #2358, #1738, #3078, #3468, #2230, #599 ) ) ;
#5222 = EDGE_CURVE ( 'NONE', #833, #3817, #5199, .T. ) ;
#5223 = B_SPLINE_CURVE_WITH_KNOTS ( 'NONE', 3,
 ( #349, #3772, #3376, #5111, #5537, #302 ),
 .UNSPECIFIED., .F., .F.,
 ( 4, 2, 4 ),
 ( 0.006480373041532915337, 0.006820975947040253465, 0.007161578852547592459 ),
 .UNSPECIFIED. ) ;
#5224 = ADVANCED_FACE ( 'NONE', ( #415, #2174 ), #3944, .F. ) ;
#5225 = FACE_OUTER_BOUND ( 'NONE', #4744, .T. ) ;
#5226 = CARTESIAN_POINT ( 'NONE',  ( -0.3374999999999969691, -4.117454205283249458, -3.608627975754121753 ) ) ;
#5227 = DIRECTION ( 'NONE',  ( 0.000000000000000000, 0.000000000000000000, 1.000000000000000000 ) ) ;
#5228 = DIRECTION ( 'NONE',  ( 0.000000000000000000, 0.000000000000000000, -1.000000000000000000 ) ) ;
#5229 = CARTESIAN_POINT ( 'NONE',  ( -0.3374999999999970246, -3.750346850512976449, 3.344476566048475874 ) ) ;
#5230 = CARTESIAN_POINT ( 'NONE',  ( 0.3375000000000029088, -5.183890602451882934, -1.761505952817385756 ) ) ;
#5231 = CARTESIAN_POINT ( 'NONE',  ( -2.500000000000001332, 7.300000000000000711, 0.000000000000000000 ) ) ;
#5232 = ORIENTED_EDGE ( 'NONE', *, *, #723, .F. ) ;
#5233 = DIRECTION ( 'NONE',  ( 1.000000000000000000, 0.000000000000000000, -0.000000000000000000 ) ) ;
#5234 = CARTESIAN_POINT ( 'NONE',  ( 1.186094323803414063, -0.3215266546760918720, 5.467610815103436828 ) ) ;
#5235 = EDGE_LOOP ( 'NONE', ( #4236, #16, #2617, #5380 ) ) ;
#5236 = ORIENTED_EDGE ( 'NONE', *, *, #1521, .T. ) ;
#5237 = FACE_OUTER_BOUND ( 'NONE', #3645, .T. ) ;
#5238 = EDGE_LOOP ( 'NONE', ( #1838, #1937, #5109, #2906, #4702, #5408 ) ) ;
#5239 = SURFACE_STYLE_FILL_AREA ( #1704 ) ;
#5240 = CARTESIAN_POINT ( 'NONE',  ( 1.216873555469097923, -0.1590282486646982796, -5.025000000000002132 ) ) ;
#5241 = CARTESIAN_POINT ( 'NONE',  ( -0.9682255742437044788, 3.938032942102148048, 3.123217765420648107 ) ) ;
#5242 = CARTESIAN_POINT ( 'NONE',  ( -2.500000000000001332, -7.592810154713586877E-16, 6.199999999999997513 ) ) ;
#5243 = DIRECTION ( 'NONE',  ( 0.000000000000000000, 0.000000000000000000, -1.000000000000000000 ) ) ;
#5244 = CYLINDRICAL_SURFACE ( 'NONE', #5448, 5.475000000000000533 ) ;
#5245 = AXIS2_PLACEMENT_3D ( 'NONE', #3930, #2575, #4388 ) ;
#5246 = ORIENTED_EDGE ( 'NONE', *, *, #5481, .F. ) ;
#5247 = CIRCLE ( 'NONE', #2757, 0.2000000000000005107 ) ;
#5248 = EDGE_CURVE ( 'NONE', #334, #2903, #5104, .T. ) ;
#5249 = ADVANCED_FACE ( 'NONE', ( #1499 ), #2361, .T. ) ;
#5250 = CYLINDRICAL_SURFACE ( 'NONE', #5285, 3.000000000000002220 ) ;
#5251 = ORIENTED_EDGE ( 'NONE', *, *, #4399, .T. ) ;
#5252 = FACE_OUTER_BOUND ( 'NONE', #3146, .T. ) ;
#5253 = DIRECTION ( 'NONE',  ( 0.000000000000000000, 0.000000000000000000, -1.000000000000000000 ) ) ;
#5254 =( LENGTH_UNIT ( ) NAMED_UNIT ( * ) SI_UNIT ( .MILLI., .METRE. ) );
#5255 = DIRECTION ( 'NONE',  ( -1.000000000000000000, -0.000000000000000000, 0.000000000000000000 ) ) ;
#5256 = CARTESIAN_POINT ( 'NONE',  ( 3.103313042223541504E-15, 0.000000000000000000, 0.000000000000000000 ) ) ;
#5257 = DIRECTION ( 'NONE',  ( 0.000000000000000000, 0.000000000000000000, -1.000000000000000000 ) ) ;
#5258 = SPHERICAL_SURFACE ( 'NONE', #1471, 1.124999999999995115 ) ;
#5259 = VERTEX_POINT ( 'NONE', #4155 ) ;
#5260 = CARTESIAN_POINT ( 'NONE',  ( 0.3375000000000029088, -3.608627975754108430, 4.117454205283263668 ) ) ;
#5261 = DIRECTION ( 'NONE',  ( 1.000000000000000000, 0.000000000000000000, 0.000000000000000000 ) ) ;
#5262 = ORIENTED_EDGE ( 'NONE', *, *, #1106, .F. ) ;
#5263 = CARTESIAN_POINT ( 'NONE',  ( 0.9684278525403322568, 0.7355347292710592289, -4.972081921354525313 ) ) ;
#5264 = EDGE_LOOP ( 'NONE', ( #4890, #1329 ) ) ;
#5265 =( LENGTH_UNIT ( ) NAMED_UNIT ( * ) SI_UNIT ( .MILLI., .METRE. ) );
#5266 = CARTESIAN_POINT ( 'NONE',  ( -0.7438253086346644505, -0.9507475945649899174, -4.935456310241978173 ) ) ;
#5267 = CARTESIAN_POINT ( 'NONE',  ( 0.9692456470055407225, 3.938812449548204864, 3.122243819140560817 ) ) ;
#5268 = CARTESIAN_POINT ( 'NONE',  ( 0.3237003905340529175, 4.025397093648581226, 3.711580936677707498 ) ) ;
#5269 = CYLINDRICAL_SURFACE ( 'NONE', #4494, 5.025000000000000355 ) ;
#5270 = DIRECTION ( 'NONE',  ( 0.000000000000000000, 0.4999999999999980571, 0.8660254037844398178 ) ) ;
#5271 = VERTEX_POINT ( 'NONE', #582 ) ;
#5272 = CIRCLE ( 'NONE', #4983, 0.1999999999999996503 ) ;
#5273 = AXIS2_PLACEMENT_3D ( 'NONE', #3210, #4941, #3648 ) ;
#5274 = CIRCLE ( 'NONE', #2305, 3.200000000000002398 ) ;
#5275 = AXIS2_PLACEMENT_3D ( 'NONE', #5522, #3815, #1615 ) ;
#5276 = DIRECTION ( 'NONE',  ( 0.000000000000000000, 0.000000000000000000, -1.000000000000000000 ) ) ;
#5277 = ORIENTED_EDGE ( 'NONE', *, *, #5116, .F. ) ;
#5278 = CARTESIAN_POINT ( 'NONE',  ( -0.9774912523502847783, 2.056887232590168146, -5.075277381674298205 ) ) ;
#5279 = CARTESIAN_POINT ( 'NONE',  ( 2.299999999999997602, 0.000000000000000000, 0.000000000000000000 ) ) ;
#5280 = CARTESIAN_POINT ( 'NONE',  ( 0.3375000000000029643, 5.025000000000001243, 0.000000000000000000 ) ) ;
#5281 = DIRECTION ( 'NONE',  ( -1.000000000000000000, -0.000000000000000000, -0.000000000000000000 ) ) ;
#5282 = ADVANCED_FACE ( 'NONE', ( #173, #2334 ), #203, .T. ) ;
#5283 = CARTESIAN_POINT ( 'NONE',  ( -0.3374999999999969691, -5.370133928571430459, -1.066436397168616601 ) ) ;
#5284 = ADVANCED_FACE ( 'NONE', ( #1967 ), #3733, .F. ) ;
#5285 = AXIS2_PLACEMENT_3D ( 'NONE', #5651, #34, #3022 ) ;
#5286 = VECTOR ( 'NONE', #5337, 1000.000000000000000 ) ;
#5287 = EDGE_LOOP ( 'NONE', ( #437, #1992 ) ) ;
#5288 = CARTESIAN_POINT ( 'NONE',  ( -1.216873555470451507, 2.737500000000079314, -4.741489085720121288 ) ) ;
#5289 = FACE_BOUND ( 'NONE', #2905, .T. ) ;
#5290 = VERTEX_POINT ( 'NONE', #5442 ) ;
#5291 = CARTESIAN_POINT ( 'NONE',  ( 1.237499999999999822, 4.546633369868299468, 2.625000000000005329 ) ) ;
#5292 = AXIS2_PLACEMENT_3D ( 'NONE', #1595, #4108, #5062 ) ;
#5293 = CIRCLE ( 'NONE', #295, 1.237499999999996936 ) ;
#5294 = CARTESIAN_POINT ( 'NONE',  ( 1.184325193566460488, -2.235402784039971280, -4.502740015386096140 ) ) ;
#5295 = CARTESIAN_POINT ( 'NONE',  ( 0.1605426051907961893, -1.234632805375157849, 5.333976643754881231 ) ) ;
#5296 = ORIENTED_EDGE ( 'NONE', *, *, #2391, .F. ) ;
#5297 = AXIS2_PLACEMENT_3D ( 'NONE', #2956, #2576, #5674 ) ;
#5298 = ORIENTED_EDGE ( 'NONE', *, *, #3897, .T. ) ;
#5299 = CARTESIAN_POINT ( 'NONE',  ( -0.6073178875565876655, -3.739553136311691617, -3.357056292692569333 ) ) ;
#5300 = CARTESIAN_POINT ( 'NONE',  ( 1.072654900495243702, 5.018568746607501296, -0.2857567002366765974 ) ) ;
#5301 = CARTESIAN_POINT ( 'NONE',  ( 1.184161683711926871, 4.187225725368465490, 2.781828220606410884 ) ) ;
#5302 = CARTESIAN_POINT ( 'NONE',  ( -0.6188283613273929396, 4.110516372475650826, 3.617091090961436883 ) ) ;
#5303 = DIRECTION ( 'NONE',  ( 0.000000000000000000, 0.000000000000000000, -1.000000000000000000 ) ) ;
#5304 = CARTESIAN_POINT ( 'NONE',  ( 1.216873555469096146, 5.025000000000000355, -2.755257818969335207E-17 ) ) ;
#5305 = EDGE_LOOP ( 'NONE', ( #3933, #136 ) ) ;
#5306 = CARTESIAN_POINT ( 'NONE',  ( -1.072771378663148756, 5.018587926750309514, 0.2857585967811337446 ) ) ;
#5307 = EDGE_LOOP ( 'NONE', ( #1498, #397 ) ) ;
#5308 = CARTESIAN_POINT ( 'NONE',  ( -1.065237977602509378, -5.023407791670532418, 2.182591038188692600 ) ) ;
#5309 = DIRECTION ( 'NONE',  ( 0.000000000000000000, 1.224646799147353454E-16, -1.000000000000000000 ) ) ;
#5310 = CARTESIAN_POINT ( 'NONE',  ( 0.3164798858092646161, -1.152102331139215341, 4.891496487355277090 ) ) ;
#5311 = ORIENTED_EDGE ( 'NONE', *, *, #5222, .F. ) ;
#5312 = SURFACE_SIDE_STYLE ('',( #2709 ) ) ;
#5313 = EDGE_CURVE ( 'NONE', #1909, #5096, #2614, .T. ) ;
#5314 = CARTESIAN_POINT ( 'NONE',  ( 2.951763000829056837E-15, -4.546633369868319008, 2.624999999999973799 ) ) ;
#5315 = ORIENTED_EDGE ( 'NONE', *, *, #4555, .F. ) ;
#5316 = CARTESIAN_POINT ( 'NONE',  ( 1.184325193566460044, 2.235402784040002810, 4.502740015386081041 ) ) ;
#5317 = CARTESIAN_POINT ( 'NONE',  ( 0.3375000000000030753, 3.344476566048542487, -3.750346850512918273 ) ) ;
#5318 = CARTESIAN_POINT ( 'NONE',  ( -1.216873555469090151, 2.512500000000050804, -4.351777654016776076 ) ) ;
#5319 = ORIENTED_EDGE ( 'NONE', *, *, #4523, .F. ) ;
#5320 = CARTESIAN_POINT ( 'NONE',  ( -1.102270384252421964, 5.475000000000000533, 3.381342772470618983E-10 ) ) ;
#5321 = EDGE_CURVE ( 'NONE', #2544, #2600, #1588, .T. ) ;
#5322 = VERTEX_POINT ( 'NONE', #2427 ) ;
#5323 = CARTESIAN_POINT ( 'NONE',  ( 1.216873555469096146, -4.273250522075061397, -2.648512982295762708 ) ) ;
#5324 = DIRECTION ( 'NONE',  ( 0.000000000000000000, 0.000000000000000000, 1.000000000000000000 ) ) ;
#5325 = DIRECTION ( 'NONE',  ( 0.000000000000000000, 0.000000000000000000, -1.000000000000000000 ) ) ;
#5326 = CARTESIAN_POINT ( 'NONE',  ( -1.216873555469125012, 4.661087872940367305, 2.876758985524155765 ) ) ;
#5327 = DIRECTION ( 'NONE',  ( 0.000000000000000000, 0.8660254037844450359, -0.4999999999999891198 ) ) ;
#5328 = CARTESIAN_POINT ( 'NONE',  ( 0.3375000000004502732, 5.344821428571457922, -1.186806174858960672 ) ) ;
#5329 = VERTEX_POINT ( 'NONE', #4976 ) ;
#5330 = AXIS2_PLACEMENT_3D ( 'NONE', #4300, #3473, #4742 ) ;
#5331 = CARTESIAN_POINT ( 'NONE',  ( -1.216873555469091039, -2.597605392652873935, -4.822257274929841131 ) ) ;
#5332 = AXIS2_PLACEMENT_3D ( 'NONE', #2755, #4885, #3619 ) ;
#5333 = CARTESIAN_POINT ( 'NONE',  ( 0.8778191402372497176, 4.981658812518546142, 0.6661112300025862076 ) ) ;
#5334 = VERTEX_POINT ( 'NONE', #604 ) ;
#5335 = FACE_BOUND ( 'NONE', #1847, .T. ) ;
#5336 = CARTESIAN_POINT ( 'NONE',  ( -0.3374999999999969691, 1.066436397168672778, -5.370133928571419801 ) ) ;
#5337 = DIRECTION ( 'NONE',  ( -1.000000000000000000, -0.000000000000000000, 0.000000000000000000 ) ) ;
#5338 = CARTESIAN_POINT ( 'NONE',  ( -1.216873555469091261, 5.475000000000001421, 1.167353663457087917E-16 ) ) ;
#5339 = AXIS2_PLACEMENT_3D ( 'NONE', #5425, #2314, #2403 ) ;
#5340 = VERTEX_POINT ( 'NONE', #3299 ) ;
#5341 = CARTESIAN_POINT ( 'NONE',  ( -0.6188283613273930506, 3.617091090961479072, -4.110516372475611746 ) ) ;
#5342 = CLOSED_SHELL ( 'NONE', ( #2299, #1948, #5188, #4458 ) ) ;
#5343 = DIRECTION ( 'NONE',  ( 1.000000000000000000, 0.000000000000000000, -0.000000000000000000 ) ) ;
#5344 = ORIENTED_EDGE ( 'NONE', *, *, #1559, .F. ) ;
#5345 = DIRECTION ( 'NONE',  ( 0.000000000000000000, 0.000000000000000000, 1.000000000000000000 ) ) ;
#5346 = DIRECTION ( 'NONE',  ( -1.000000000000000000, -0.000000000000000000, 0.000000000000000000 ) ) ;
#5347 = FACE_OUTER_BOUND ( 'NONE', #5091, .T. ) ;
#5348 = ORIENTED_EDGE ( 'NONE', *, *, #1437, .F. ) ;
#5349 = VERTEX_POINT ( 'NONE', #1051 ) ;
#5350 = CARTESIAN_POINT ( 'NONE',  ( 0.1604339755935524081, -3.638699879211143795, -3.465615128512620213 ) ) ;
#5351 = CARTESIAN_POINT ( 'NONE',  ( 1.066282750803666302, -0.6191446342661675040, -5.441915680519999299 ) ) ;
#5352 = DIRECTION ( 'NONE',  ( 0.000000000000000000, 0.000000000000000000, 1.000000000000000000 ) ) ;
#5353 = CARTESIAN_POINT ( 'NONE',  ( 0.3375000000000029088, -1.761505952817295162, -5.183890602451913132 ) ) ;
#5354 = FACE_OUTER_BOUND ( 'NONE', #537, .T. ) ;
#5355 = DIRECTION ( 'NONE',  ( 0.000000000000000000, -1.000000000000000000, 0.000000000000000000 ) ) ;
#5356 = EDGE_CURVE ( 'NONE', #4544, #899, #3356, .T. ) ;
#5357 = EDGE_CURVE ( 'NONE', #3803, #573, #859, .T. ) ;
#5358 = EDGE_LOOP ( 'NONE', ( #1671, #1778, #4935, #2477, #2806, #2059 ) ) ;
#5359 = EDGE_CURVE ( 'NONE', #4368, #1528, #1544, .T. ) ;
#5360 = EDGE_CURVE ( 'NONE', #614, #3037, #5075, .T. ) ;
#5361 = AXIS2_PLACEMENT_3D ( 'NONE', #3045, #1335, #4858 ) ;
#5362 = CARTESIAN_POINT ( 'NONE',  ( 0.3375000000000030753, -3.750346850512929819, -3.344476566048528721 ) ) ;
#5363 = EDGE_LOOP ( 'NONE', ( #2937, #2963 ) ) ;
#5364 = CYLINDRICAL_SURFACE ( 'NONE', #652, 5.025000000000000355 ) ;
#5365 = DIRECTION ( 'NONE',  ( 0.000000000000000000, 8.082152514542375808E-16, -1.000000000000000000 ) ) ;
#5366 = EDGE_CURVE ( 'NONE', #2176, #3037, #201, .T. ) ;
#5367 = PLANE ( 'NONE',  #2508 ) ;
#5368 = CARTESIAN_POINT ( 'NONE',  ( -2.300000000000002487, 0.000000000000000000, -7.500000000000000000 ) ) ;
#5369 = AXIS2_PLACEMENT_3D ( 'NONE', #2056, #3821, #2957 ) ;
#5370 = AXIS2_PLACEMENT_3D ( 'NONE', #591, #5454, #103 ) ;
#5371 =( NAMED_UNIT ( * ) PLANE_ANGLE_UNIT ( ) SI_UNIT ( $, .RADIAN. ) );
#5372 = CARTESIAN_POINT ( 'NONE',  ( 2.951763000829056837E-15, -1.833027702892645012E-14, 5.250000000000000000 ) ) ;
#5373 = CARTESIAN_POINT ( 'NONE',  ( -0.3374999999999970246, 4.894821428571431099, 1.136375018379911062 ) ) ;
#5374 = ORIENTED_EDGE ( 'NONE', *, *, #3997, .T. ) ;
#5375 = DIRECTION ( 'NONE',  ( 0.000000000000000000, -0.4999999999999917843, -0.8660254037844434816 ) ) ;
#5376 = CARTESIAN_POINT ( 'NONE',  ( 0.3375000000000030753, 3.750346850512952912, 3.344476566048502963 ) ) ;
#5377 = PRESENTATION_LAYER_ASSIGNMENT (  '', '', ( #1393 ) ) ;
#5378 = CARTESIAN_POINT ( 'NONE',  ( -0.6171494958828989130, -1.078110971377000071, 5.368176158881257543 ) ) ;
#5379 = AXIS2_PLACEMENT_3D ( 'NONE', #4091, #4200, #5427 ) ;
#5380 = ORIENTED_EDGE ( 'NONE', *, *, #5102, .F. ) ;
#5381 = CIRCLE ( 'NONE', #1222, 4.500000000000002665 ) ;
#5382 = CARTESIAN_POINT ( 'NONE',  ( -2.441421356237307272, 0.000000000000000000, 0.000000000000000000 ) ) ;
#5383 = ORIENTED_EDGE ( 'NONE', *, *, #1266, .T. ) ;
#5384 = AXIS2_PLACEMENT_3D ( 'NONE', #1632, #2530, #4231 ) ;
#5385 = AXIS2_PLACEMENT_3D ( 'NONE', #2120, #2947, #3814 ) ;
#5386 = DIRECTION ( 'NONE',  ( -1.000000000000000000, -0.000000000000000000, -0.000000000000000000 ) ) ;
#5387 = DIRECTION ( 'NONE',  ( -0.000000000000000000, -1.000000000000000000, -1.047444401652940480E-14 ) ) ;
#5388 = FACE_OUTER_BOUND ( 'NONE', #2183, .T. ) ;
#5389 = CARTESIAN_POINT ( 'NONE',  ( -0.9774912523502850004, 5.075277381674317745, 2.056887232590114412 ) ) ;
#5390 = FACE_OUTER_BOUND ( 'NONE', #5099, .T. ) ;
#5391 = CARTESIAN_POINT ( 'NONE',  ( 1.186094323803414063, 0.3215266546761306188, -5.467610815103435051 ) ) ;
#5392 = CIRCLE ( 'NONE', #5007, 5.025000000000001243 ) ;
#5393 = ORIENTED_EDGE ( 'NONE', *, *, #257, .F. ) ;
#5394 = EDGE_CURVE ( 'NONE', #3661, #2527, #1039, .T. ) ;
#5395 = ADVANCED_FACE ( 'NONE', ( #1469 ), #5474, .T. ) ;
#5396 = CARTESIAN_POINT ( 'NONE',  ( -2.300000000000001155, 0.000000000000000000, -4.300000000000002487 ) ) ;
#5397 = ADVANCED_FACE ( 'NONE', ( #5032 ), #5128, .T. ) ;
#5398 = CARTESIAN_POINT ( 'NONE',  ( 0.2284057895504059965, -3.727378938410882192, -3.370231758262930200 ) ) ;
#5399 = ORIENTED_EDGE ( 'NONE', *, *, #2220, .T. ) ;
#5400 = DIRECTION ( 'NONE',  ( 0.000000000000000000, -1.000000000000000000, -1.224646799147353454E-16 ) ) ;
#5401 = CARTESIAN_POINT ( 'NONE',  ( 2.951763000829056837E-15, -2.625000000000021760, 4.546633369868291474 ) ) ;
#5402 = CARTESIAN_POINT ( 'NONE',  ( -0.3374999999999970246, -3.750346850512929819, -3.344476566048528721 ) ) ;
#5403 = CARTESIAN_POINT ( 'NONE',  ( 1.237499999999999822, 2.625000000000053291, -4.546633369868272823 ) ) ;
#5404 = ORIENTED_EDGE ( 'NONE', *, *, #4450, .T. ) ;
#5405 = CARTESIAN_POINT ( 'NONE',  ( 0.3164798858117179314, 1.447998357152478599, 4.812211386141425074 ) ) ;
#5406 = CARTESIAN_POINT ( 'NONE',  ( 0.6182595144251029629, -5.368311648362880995, -1.077443667722443932 ) ) ;
#5407 = CARTESIAN_POINT ( 'NONE',  ( -0.1603182285372145577, -1.234662427273241159, 5.333969787213916902 ) ) ;
#5408 = ORIENTED_EDGE ( 'NONE', *, *, #257, .T. ) ;
#5409 = VERTEX_POINT ( 'NONE', #1173 ) ;
#5410 = DIRECTION ( 'NONE',  ( 0.000000000000000000, 0.000000000000000000, 1.000000000000000000 ) ) ;
#5411 = CARTESIAN_POINT ( 'NONE',  ( -19.92709219242683361, 0.000000000000000000, 0.000000000000000000 ) ) ;
#5412 = CARTESIAN_POINT ( 'NONE',  ( -1.237499999999993827, 5.250000000000000000, 0.000000000000000000 ) ) ;
#5413 = CYLINDRICAL_SURFACE ( 'NONE', #4245, 5.999999999999997335 ) ;
#5414 = CARTESIAN_POINT ( 'NONE',  ( 2.299999999999997602, -8.939921633775678831E-16, 7.300000000000000711 ) ) ;
#5415 = CARTESIAN_POINT ( 'NONE',  ( -0.1603182285372161398, 1.234662427273278240, -5.333969787213907132 ) ) ;
#5416 = ADVANCED_FACE ( 'NONE', ( #3475 ), #406, .T. ) ;
#5417 = ORIENTED_EDGE ( 'NONE', *, *, #5248, .F. ) ;
#5418 = FACE_BOUND ( 'NONE', #548, .T. ) ;
#5419 = ORIENTED_EDGE ( 'NONE', *, *, #149, .F. ) ;
#5420 = CARTESIAN_POINT ( 'NONE',  ( 0.6073178872976474629, 1.037519463398113739, 4.917076161162508008 ) ) ;
#5421 = CARTESIAN_POINT ( 'NONE',  ( -0.7429409894823535421, -4.749811514361787168, -1.643745889321181153 ) ) ;
#5422 = CARTESIAN_POINT ( 'NONE',  ( -1.132455128894550578, 5.453748293285157089, -0.5280665967585673748 ) ) ;
#5423 = ADVANCED_FACE ( 'NONE', ( #2928 ), #3989, .T. ) ;
#5424 = ADVANCED_FACE ( 'NONE', ( #4687, #3869 ), #286, .T. ) ;
#5425 = CARTESIAN_POINT ( 'NONE',  ( 2.951763000829056837E-15, 5.499083108677935350E-14, -5.250000000000000000 ) ) ;
#5426 = CARTESIAN_POINT ( 'NONE',  ( -0.3374999999999969691, -2.625000000000021760, 4.546633369868291474 ) ) ;
#5427 = DIRECTION ( 'NONE',  ( 0.000000000000000000, 0.000000000000000000, 1.000000000000000000 ) ) ;
#5428 = CARTESIAN_POINT ( 'NONE',  ( -1.066282750803659862, -5.441915680519989529, -0.6191446342662231261 ) ) ;
#5429 = CARTESIAN_POINT ( 'NONE',  ( -0.3374999999999969691, 3.608627975754136852, -4.117454205283237023 ) ) ;
#5430 = ORIENTED_EDGE ( 'NONE', *, *, #3371, .T. ) ;
#5431 = CARTESIAN_POINT ( 'NONE',  ( -1.216873555469089929, 4.351777654016836472, -2.512499999999944666 ) ) ;
#5432 = ORIENTED_EDGE ( 'NONE', *, *, #5499, .T. ) ;
#5433 = TOROIDAL_SURFACE ( 'NONE', #3219, 5.250000000000000000, 1.237499999999997158 ) ;
#5434 = CARTESIAN_POINT ( 'NONE',  ( -0.1145010564399699116, 4.081379699453846932, 3.649378680895852156 ) ) ;
#5435 = CARTESIAN_POINT ( 'NONE',  ( 2.299999999999997602, 0.000000000000000000, -4.300000000000001599 ) ) ;
#5436 = CLOSED_SHELL ( 'NONE', ( #3230, #536, #1777, #4037, #2333, #2880 ) ) ;
#5437 = DIRECTION ( 'NONE',  ( 0.000000000000000000, 0.000000000000000000, -1.000000000000000000 ) ) ;
#5438 = ORIENTED_EDGE ( 'NONE', *, *, #4136, .F. ) ;
#5439 = DIRECTION ( 'NONE',  ( 0.000000000000000000, 0.000000000000000000, -1.000000000000000000 ) ) ;
#5440 = CARTESIAN_POINT ( 'NONE',  ( -0.1139799994183174903, -5.201116438773712325, 1.709974499904555412 ) ) ;
#5441 = VERTEX_POINT ( 'NONE', #4772 ) ;
#5442 = CARTESIAN_POINT ( 'NONE',  ( 0.3375000000000029088, 1.761505952817330911, 5.183890602451900698 ) ) ;
#5443 =( LENGTH_UNIT ( ) NAMED_UNIT ( * ) SI_UNIT ( .MILLI., .METRE. ) );
#5444 = VERTEX_POINT ( 'NONE', #3044 ) ;
#5445 = CARTESIAN_POINT ( 'NONE',  ( -0.7438253086346636733, 0.9507475945650250004, 4.935456310241969291 ) ) ;
#5446 = CARTESIAN_POINT ( 'NONE',  ( -0.1139799994183178650, -1.709974499904537870, -5.201116438773719430 ) ) ;
#5447 = DIRECTION ( 'NONE',  ( 0.000000000000000000, 0.000000000000000000, -1.000000000000000000 ) ) ;
#5448 = AXIS2_PLACEMENT_3D ( 'NONE', #3962, #3075, #371 ) ;
#5449 = DIRECTION ( 'NONE',  ( -1.000000000000000000, -0.000000000000000000, 0.000000000000000000 ) ) ;
#5450 = EDGE_LOOP ( 'NONE', ( #3899, #4616, #2874, #1689 ) ) ;
#5451 = EDGE_CURVE ( 'NONE', #3775, #2276, #1319, .T. ) ;
#5452 = CARTESIAN_POINT ( 'NONE',  ( 2.951763000829056837E-15, -4.546633369868319008, 2.624999999999973799 ) ) ;
#5453 = EDGE_CURVE ( 'NONE', #5550, #3991, #2054, .T. ) ;
#5454 = DIRECTION ( 'NONE',  ( 0.000000000000000000, 0.8660254037844361541, 0.5000000000000041078 ) ) ;
#5455 = CARTESIAN_POINT ( 'NONE',  ( 1.216873555470457724, 2.122497742101288486E-13, -5.475000000000316724 ) ) ;
#5456 = CARTESIAN_POINT ( 'NONE',  ( 2.299999999999997602, 0.000000000000000000, 0.000000000000000000 ) ) ;
#5457 = CIRCLE ( 'NONE', #1306, 5.025000000000001243 ) ;
#5458 = CARTESIAN_POINT ( 'NONE',  ( 0.3375000000000030753, 3.344476566048489197, 3.750346850512964458 ) ) ;
#5459 = CIRCLE ( 'NONE', #2128, 7.500000000000000000 ) ;
#5460 = CIRCLE ( 'NONE', #2969, 1.237499999999996714 ) ;
#5461 = CIRCLE ( 'NONE', #7, 1.073181601594058732 ) ;
#5462 = CARTESIAN_POINT ( 'NONE',  ( 1.216873555469096146, 5.025000000000000355, -2.755257818969335207E-17 ) ) ;
#5463 = CARTESIAN_POINT ( 'NONE',  ( -0.7521123038540220573, -1.838905281601162178, 5.158260651985945522 ) ) ;
#5464 = DIRECTION ( 'NONE',  ( 1.000000000000000000, 0.000000000000000000, -0.000000000000000000 ) ) ;
#5465 = ORIENTED_EDGE ( 'NONE', *, *, #5528, .F. ) ;
#5466 = SPHERICAL_SURFACE ( 'NONE', #1660, 1.124999999999995115 ) ;
#5467 = CARTESIAN_POINT ( 'NONE',  ( -0.2291337308794229588, -5.363167525556534976, 1.101516330008223132 ) ) ;
#5468 = COLOUR_RGB ( '',1.000000000000000000, 1.000000000000000000, 1.000000000000000000 ) ;
#5469 = PRESENTATION_LAYER_ASSIGNMENT (  '', '', ( #757 ) ) ;
#5470 = AXIS2_PLACEMENT_3D ( 'NONE', #3266, #2448, #3726 ) ;
#5471 = ORIENTED_EDGE ( 'NONE', *, *, #5499, .F. ) ;
#5472 = CIRCLE ( 'NONE', #3536, 4.012500000000002842 ) ;
#5473 = AXIS2_PLACEMENT_3D ( 'NONE', #93, #2731, #5365 ) ;
#5474 = SPHERICAL_SURFACE ( 'NONE', #3352, 1.237499999999996936 ) ;
#5475 = COLOUR_RGB ( '',1.000000000000000000, 1.000000000000000000, 1.000000000000000000 ) ;
#5476 = ORIENTED_EDGE ( 'NONE', *, *, #77, .F. ) ;
#5477 = ORIENTED_EDGE ( 'NONE', *, *, #4675, .F. ) ;
#5478 = CARTESIAN_POINT ( 'NONE',  ( 0.7521123038540279415, 1.838905281601127983, 5.158260651985962397 ) ) ;
#5479 = B_SPLINE_CURVE_WITH_KNOTS ( 'NONE', 3,
 ( #4603, #4981, #2397, #208, #1972, #4634 ),
 .UNSPECIFIED., .F., .F.,
 ( 4, 2, 4 ),
 ( 0.003069521843240041129, 0.003410565456215182336, 0.003751609069190323543 ),
 .UNSPECIFIED. ) ;
#5480 = CARTESIAN_POINT ( 'NONE',  ( 0.7413020568632582297, -4.750304665213710642, -1.642381454461538048 ) ) ;
#5481 = EDGE_CURVE ( 'NONE', #1374, #4116, #2318, .T. ) ;
#5482 = SPHERICAL_SURFACE ( 'NONE', #2850, 1.237499999999996936 ) ;
#5483 = FACE_OUTER_BOUND ( 'NONE', #1438, .T. ) ;
#5484 = ORIENTED_EDGE ( 'NONE', *, *, #538, .F. ) ;
#5485 = CARTESIAN_POINT ( 'NONE',  ( -0.3374999999999969691, -1.066436397168560424, -5.370133928571442006 ) ) ;
#5486 = CARTESIAN_POINT ( 'NONE',  ( -0.3374999999999975242, 0.000000000000000000, 0.000000000000000000 ) ) ;
#5487 = PLANE ( 'NONE',  #108 ) ;
#5488 = DIRECTION ( 'NONE',  ( 1.000000000000000000, 0.000000000000000000, -0.000000000000000000 ) ) ;
#5489 = ADVANCED_FACE ( 'NONE', ( #3931, #1622 ), #4301, .T. ) ;
#5490 = CARTESIAN_POINT ( 'NONE',  ( -1.060888576746097600, 4.020771965135079284, -3.017419481698476513 ) ) ;
#5491 = EDGE_LOOP ( 'NONE', ( #1586, #5430, #2093, #3850 ) ) ;
#5492 = PLANE ( 'NONE',  #2138 ) ;
#5493 = CARTESIAN_POINT ( 'NONE',  ( 0.3375000000000044631, 0.000000000000000000, 0.000000000000000000 ) ) ;
#5494 = CARTESIAN_POINT ( 'NONE',  ( -0.3374999999999969691, 5.025000000000001243, 0.000000000000000000 ) ) ;
#5495 = EDGE_LOOP ( 'NONE', ( #4556, #1260 ) ) ;
#5496 = DIRECTION ( 'NONE',  ( 1.000000000000000000, 0.000000000000000000, -0.000000000000000000 ) ) ;
#5497 = SURFACE_SIDE_STYLE ('',( #3756 ) ) ;
#5498 = EDGE_CURVE ( 'NONE', #523, #3033, #3079, .T. ) ;
#5499 = EDGE_CURVE ( 'NONE', #5607, #1388, #2362, .T. ) ;
#5500 = ORIENTED_EDGE ( 'NONE', *, *, #3367, .T. ) ;
#5501 = CARTESIAN_POINT ( 'NONE',  ( 0.3375000000000029643, 5.025000000000001243, 0.000000000000000000 ) ) ;
#5502 = CARTESIAN_POINT ( 'NONE',  ( 0.2283429028092213708, 3.635721173720821930, -4.093709127072100884 ) ) ;
#5503 = EDGE_LOOP ( 'NONE', ( #5545, #3673, #2185, #4222 ) ) ;
#5504 = VERTEX_POINT ( 'NONE', #4798 ) ;
#5505 = CARTESIAN_POINT ( 'NONE',  ( -0.3374999999999969691, 4.546633369868299468, 2.625000000000005329 ) ) ;
#5506 = CARTESIAN_POINT ( 'NONE',  ( 0.1623272491987280408, -3.736258041268493812, 4.001999606619715877 ) ) ;
#5507 = CARTESIAN_POINT ( 'NONE',  ( 1.216873555469097479, 2.737500000000055778, -4.741489085719770458 ) ) ;
#5508 = PRESENTATION_LAYER_ASSIGNMENT (  '', '', ( #2549 ) ) ;
#5509 = CARTESIAN_POINT ( 'NONE',  ( -2.441421356237306384, -5.475041521871905831E-16, 4.441421356237311713 ) ) ;
#5510 = DIRECTION ( 'NONE',  ( 0.000000000000000000, 8.082152514542375808E-16, -1.000000000000000000 ) ) ;
#5511 = EDGE_LOOP ( 'NONE', ( #4193, #544, #940, #4001 ) ) ;
#5512 = DIRECTION ( 'NONE',  ( 0.000000000000000000, 0.4999999999999948375, 0.8660254037844417052 ) ) ;
#5513 = CARTESIAN_POINT ( 'NONE',  ( -1.185664645333960543, -5.467519656380322779, -0.3225138123008158830 ) ) ;
#5514 = CIRCLE ( 'NONE', #3846, 1.073181601594058732 ) ;
#5515 = CARTESIAN_POINT ( 'NONE',  ( -1.124999999999992006, -4.546633369868282593, -2.625000000000037303 ) ) ;
#5516 = CARTESIAN_POINT ( 'NONE',  ( -1.185729937395787248, -4.573808457111098846, 3.012996809067805870 ) ) ;
#5517 = DIRECTION ( 'NONE',  ( 0.000000000000000000, 0.000000000000000000, -1.000000000000000000 ) ) ;
#5518 = CARTESIAN_POINT ( 'NONE',  ( -0.3374999999999969691, 4.546633369868299468, 2.625000000000005329 ) ) ;
#5519 = AXIS2_PLACEMENT_3D ( 'NONE', #4713, #3844, #3451 ) ;
#5520 = VERTEX_POINT ( 'NONE', #2078 ) ;
#5521 = CARTESIAN_POINT ( 'NONE',  ( -0.3374999999999970246, 1.575657362522987714, -4.771575093816203150 ) ) ;
#5522 = CARTESIAN_POINT ( 'NONE',  ( 0.3375000000000044631, 0.000000000000000000, 0.000000000000000000 ) ) ;
#5523 = CARTESIAN_POINT ( 'NONE',  ( 0.3375000000000029088, 1.761505952817403520, -5.183890602451876717 ) ) ;
#5524 = EDGE_LOOP ( 'NONE', ( #4751, #3575, #2684, #3538, #4379, #2748 ) ) ;
#5525 = DIRECTION ( 'NONE',  ( 0.000000000000000000, 0.000000000000000000, -1.000000000000000000 ) ) ;
#5526 = EDGE_LOOP ( 'NONE', ( #2350, #593, #4625, #3335 ) ) ;
#5527 = MECHANICAL_DESIGN_GEOMETRIC_PRESENTATION_REPRESENTATION (  '', ( #2190 ), #5706 ) ;
#5528 = EDGE_CURVE ( 'NONE', #1856, #402, #4124, .T. ) ;
#5529 = EDGE_CURVE ( 'NONE', #3082, #4795, #809, .T. ) ;
#5530 = DIRECTION ( 'NONE',  ( -1.000000000000000000, -0.000000000000000000, -0.000000000000000000 ) ) ;
#5531 = VERTEX_POINT ( 'NONE', #3014 ) ;
#5532 = EDGE_LOOP ( 'NONE', ( #1701, #1321, #5030, #3939 ) ) ;
#5533 = DIRECTION ( 'NONE',  ( 1.000000000000000000, 0.000000000000000000, 0.000000000000000000 ) ) ;
#5534 = ADVANCED_FACE ( 'NONE', ( #2547, #844 ), #4330, .F. ) ;
#5535 = CARTESIAN_POINT ( 'NONE',  ( 0.3375000000000030753, -1.575657362522953742, 4.771575093816213808 ) ) ;
#5536 = DIRECTION ( 'NONE',  ( 0.000000000000000000, -0.8660254037844417052, 0.4999999999999947820 ) ) ;
#5537 = CARTESIAN_POINT ( 'NONE',  ( -0.2282113725549039795, 3.370277656634141472, -3.727338007256156160 ) ) ;
#5538 = CIRCLE ( 'NONE', #2381, 1.073181601594058732 ) ;
#5539 = B_SPLINE_CURVE_WITH_KNOTS ( 'NONE', 3,
 ( #5220, #1254, #4063, #3117, #1378, #2683, #4410, #4468, #508, #2263, #2289, #1837, #5643, #3870, #1682, #4302, #2206, #5320 ),
 .UNSPECIFIED., .F., .F.,
 ( 4, 2, 2, 2, 2, 2, 2, 2, 4 ),
 ( 0.003484717307232106966, 0.003920204126680326868, 0.004355690946128547639, 0.004791177765576767542, 0.005226664585024987444, 0.005662151404473207347, 0.006097638223921427250, 0.006533125043369647153, 0.006968611862817867056 ),
 .UNSPECIFIED. ) ;
#5540 = CARTESIAN_POINT ( 'NONE',  ( -0.3157423463111250772, -4.891443610021779520, -1.152329823262265851 ) ) ;
#5541 = CARTESIAN_POINT ( 'NONE',  ( -0.5594288769295716612, 5.387397636313386862, 0.9771689938555365718 ) ) ;
#5542 = PLANE ( 'NONE',  #3857 ) ;
#5543 = CARTESIAN_POINT ( 'NONE',  ( -0.7413020568654430376, 0.9528082703364517680, -4.935075243021938896 ) ) ;
#5544 = CARTESIAN_POINT ( 'NONE',  ( -0.1605426051907885565, -5.236675679372146952, -1.597764948076966895 ) ) ;
#5545 = ORIENTED_EDGE ( 'NONE', *, *, #5668, .F. ) ;
#5546 = CARTESIAN_POINT ( 'NONE',  ( 0.3375000000000044631, 0.000000000000000000, 0.000000000000000000 ) ) ;
#5547 = AXIS2_PLACEMENT_3D ( 'NONE', #2723, #3243, #1444 ) ;
#5548 = CARTESIAN_POINT ( 'NONE',  ( 0.9684278525401842641, -4.673716618225771668, 1.849049199763045159 ) ) ;
#5549 = DIRECTION ( 'NONE',  ( 1.000000000000000000, 0.000000000000000000, -0.000000000000000000 ) ) ;
#5550 = VERTEX_POINT ( 'NONE', #879 ) ;
#5551 = CARTESIAN_POINT ( 'NONE',  ( 2.951763000829056837E-15, 2.624999999999989786, 4.546633369868309238 ) ) ;
#5552 = AXIS2_PLACEMENT_3D ( 'NONE', #5231, #419, #1268 ) ;
#5553 = ORIENTED_EDGE ( 'NONE', *, *, #1957, .F. ) ;
#5554 = CIRCLE ( 'NONE', #3794, 7.300000000000000711 ) ;
#5555 = AXIS2_PLACEMENT_3D ( 'NONE', #1840, #900, #1381 ) ;
#5556 = CARTESIAN_POINT ( 'NONE',  ( 2.951763000829056837E-15, 2.625000000000053291, -4.546633369868272823 ) ) ;
#5557 = AXIS2_PLACEMENT_3D ( 'NONE', #4984, #1431, #3282 ) ;
#5558 = DIRECTION ( 'NONE',  ( 0.000000000000000000, 0.000000000000000000, -1.000000000000000000 ) ) ;
#5559 = AXIS2_PLACEMENT_3D ( 'NONE', #2780, #486, #4529 ) ;
#5560 = AXIS2_PLACEMENT_3D ( 'NONE', #609, #4113, #4572 ) ;
#5561 = ADVANCED_FACE ( 'NONE', ( #5390, #927 ), #488, .T. ) ;
#5562 = EDGE_CURVE ( 'NONE', #910, #3789, #3487, .T. ) ;
#5563 = ORIENTED_EDGE ( 'NONE', *, *, #3692, .F. ) ;
#5564 = AXIS2_PLACEMENT_3D ( 'NONE', #87, #5255, #4342 ) ;
#5565 = CIRCLE ( 'NONE', #3077, 5.025000000000001243 ) ;
#5566 = VERTEX_POINT ( 'NONE', #4012 ) ;
#5567 = DIRECTION ( 'NONE',  ( -1.000000000000000000, -0.000000000000000000, 0.000000000000000000 ) ) ;
#5568 = DIRECTION ( 'NONE',  ( 0.000000000000000000, 0.000000000000000000, -1.000000000000000000 ) ) ;
#5569 = AXIS2_PLACEMENT_3D ( 'NONE', #1225, #341, #2055 ) ;
#5570 = AXIS2_PLACEMENT_3D ( 'NONE', #1119, #942, #5309 ) ;
#5571 = ADVANCED_FACE ( 'NONE', ( #5354 ), #2297, .T. ) ;
#5572 = DIRECTION ( 'NONE',  ( -0.000000000000000000, -0.8660254037844362651, -0.5000000000000039968 ) ) ;
#5573 = ORIENTED_EDGE ( 'NONE', *, *, #2551, .F. ) ;
#5574 = CARTESIAN_POINT ( 'NONE',  ( 2.951763000829056837E-15, 4.546633369868336771, -2.624999999999942268 ) ) ;
#5575 = SPHERICAL_SURFACE ( 'NONE', #5106, 1.124999999999995115 ) ;
#5576 = DIRECTION ( 'NONE',  ( 0.000000000000000000, 0.000000000000000000, -1.000000000000000000 ) ) ;
#5577 = CARTESIAN_POINT ( 'NONE',  ( -1.184509137125795863, 4.502506502262894728, -2.235888882112374798 ) ) ;
#5578 = CARTESIAN_POINT ( 'NONE',  ( 1.216873555469097479, -5.475000000000001421, 1.167353792704058628E-16 ) ) ;
#5579 = CARTESIAN_POINT ( 'NONE',  ( -0.2283429028091445989, 3.635721173720782406, 4.093709127072138187 ) ) ;
#5580 = ORIENTED_EDGE ( 'NONE', *, *, #3145, .T. ) ;
#5581 = CARTESIAN_POINT ( 'NONE',  ( 0.6188283613273966033, 3.617091090961423117, 4.110516372475664149 ) ) ;
#5582 = CARTESIAN_POINT ( 'NONE',  ( -0.3145222742811153993, -4.812380947208466431, 1.447436274275102797 ) ) ;
#5583 = CARTESIAN_POINT ( 'NONE',  ( 0.1139799994183241100, 1.709974499904646450, -5.201116438773683015 ) ) ;
#5584 = ORIENTED_EDGE ( 'NONE', *, *, #1424, .F. ) ;
#5585 = DIRECTION ( 'NONE',  ( 0.000000000000000000, 0.000000000000000000, -1.000000000000000000 ) ) ;
#5586 = EDGE_LOOP ( 'NONE', ( #2919, #2926, #3717, #300 ) ) ;
#5587 = CARTESIAN_POINT ( 'NONE',  ( 2.951763000829056837E-15, 5.499083108677935350E-14, -5.250000000000000000 ) ) ;
#5588 = EDGE_CURVE ( 'NONE', #4106, #4521, #714, .T. ) ;
#5589 = ORIENTED_EDGE ( 'NONE', *, *, #5624, .T. ) ;
#5590 = B_SPLINE_CURVE_WITH_KNOTS ( 'NONE', 3,
 ( #4731, #2944, #4786, #772, #1661, #4758 ),
 .UNSPECIFIED., .F., .F.,
 ( 4, 2, 4 ),
 ( 0.006630243725177046958, 0.006971267376520921821, 0.007312291027864796684 ),
 .UNSPECIFIED. ) ;
#5591 = DIRECTION ( 'NONE',  ( 0.000000000000000000, 0.000000000000000000, -1.000000000000000000 ) ) ;
#5592 = CARTESIAN_POINT ( 'NONE',  ( 1.184509137125802525, 4.502506502262862753, 2.235888882112438303 ) ) ;
#5593 = ORIENTED_EDGE ( 'NONE', *, *, #4576, .F. ) ;
#5594 = CARTESIAN_POINT ( 'NONE',  ( 0.3375000000000030753, -1.021228243303282213, 4.920133928571428505 ) ) ;
#5595 = FACE_OUTER_BOUND ( 'NONE', #3737, .T. ) ;
#5596 = SURFACE_STYLE_FILL_AREA ( #2966 ) ;
#5597 = CARTESIAN_POINT ( 'NONE',  ( -0.3374999999999970246, 4.771575093816220026, 1.575657362522938199 ) ) ;
#5598 = ADVANCED_FACE ( 'NONE', ( #3961 ), #1385, .F. ) ;
#5599 = CARTESIAN_POINT ( 'NONE',  ( 0.3375000000000029643, 4.546633369868336771, -2.624999999999942268 ) ) ;
#5600 = ADVANCED_FACE ( 'NONE', ( #4071, #4857 ), #430, .F. ) ;
#5601 = CARTESIAN_POINT ( 'NONE',  ( -1.059998554184328423, -4.990614419672171564, 0.6045336774854449535 ) ) ;
#5602 = SPHERICAL_SURFACE ( 'NONE', #373, 1.237499999999996936 ) ;
#5603 = ORIENTED_EDGE ( 'NONE', *, *, #3192, .F. ) ;
#5604 = CARTESIAN_POINT ( 'NONE',  ( 1.216873555470457502, 2.737500000000013145, 4.741489085720159480 ) ) ;
#5605 = CARTESIAN_POINT ( 'NONE',  ( -3.499999999999999556, 0.000000000000000000, 0.000000000000000000 ) ) ;
#5606 = ORIENTED_EDGE ( 'NONE', *, *, #1036, .F. ) ;
#5607 = VERTEX_POINT ( 'NONE', #5728 ) ;
#5608 = DIRECTION ( 'NONE',  ( 1.000000000000000000, 0.000000000000000000, -0.000000000000000000 ) ) ;
#5609 = MECHANICAL_DESIGN_GEOMETRIC_PRESENTATION_REPRESENTATION (  '', ( #3215 ), #611 ) ;
#5610 = ORIENTED_EDGE ( 'NONE', *, *, #260, .F. ) ;
#5611 = ADVANCED_FACE ( 'NONE', ( #54 ), #5269, .F. ) ;
#5612 = DIRECTION ( 'NONE',  ( -1.000000000000000000, -0.000000000000000000, 0.000000000000000000 ) ) ;
#5613 = CARTESIAN_POINT ( 'NONE',  ( 0.2284057895504054692, -3.370231758262917321, 3.727378938410895071 ) ) ;
#5614 = CARTESIAN_POINT ( 'NONE',  ( 2.951763000829056837E-15, 4.546633369868336771, -2.624999999999942268 ) ) ;
#5615 = CLOSED_SHELL ( 'NONE', ( #2272, #2019, #2952, #358 ) ) ;
#5616 = ORIENTED_EDGE ( 'NONE', *, *, #409, .F. ) ;
#5617 = SURFACE_SIDE_STYLE ('',( #4692 ) ) ;
#5618 = CYLINDRICAL_SURFACE ( 'NONE', #1477, 5.475000000000000533 ) ;
#5619 = EDGE_LOOP ( 'NONE', ( #2063, #2130, #450, #5419 ) ) ;
#5620 = CARTESIAN_POINT ( 'NONE',  ( -0.1142805824610625964, -3.383230854298428181, -3.715423797418371699 ) ) ;
#5621 = DIRECTION ( 'NONE',  ( 0.000000000000000000, 1.224646799147353947E-16, -1.000000000000000000 ) ) ;
#5622 = CARTESIAN_POINT ( 'NONE',  ( 0.2907733540662774119, 5.365616547034445460, 1.090463018871218326 ) ) ;
#5623 = DIRECTION ( 'NONE',  ( 0.000000000000000000, 3.232861005816950323E-15, -1.000000000000000000 ) ) ;
#5624 = EDGE_CURVE ( 'NONE', #5035, #3922, #4442, .T. ) ;
#5625 = LINE ( 'NONE', #2590, #4407 ) ;
#5626 = EDGE_CURVE ( 'NONE', #2140, #1982, #2000, .T. ) ;
#5627 = ADVANCED_FACE ( 'NONE', ( #2213, #985 ), #31, .T. ) ;
#5628 = DIRECTION ( 'NONE',  ( -1.000000000000000000, -0.000000000000000000, 0.000000000000000000 ) ) ;
#5629 = ORIENTED_EDGE ( 'NONE', *, *, #3757, .T. ) ;
#5630 = CARTESIAN_POINT ( 'NONE',  ( -1.184325193566453827, -2.235402784040033897, 4.502740015386066830 ) ) ;
#5631 = CARTESIAN_POINT ( 'NONE',  ( 0.3375000000000030753, 1.021228243303247574, 4.920133928571432946 ) ) ;
#5632 = EDGE_LOOP ( 'NONE', ( #162, #4240 ) ) ;
#5633 = EDGE_LOOP ( 'NONE', ( #5374, #1524 ) ) ;
#5634 = CARTESIAN_POINT ( 'NONE',  ( 0.1578090310783158701, 1.182027506391096772, -4.883997950975579982 ) ) ;
#5635 = ADVANCED_FACE ( 'NONE', ( #1362, #3122 ), #4474, .F. ) ;
#5636 = ORIENTED_EDGE ( 'NONE', *, *, #3997, .F. ) ;
#5637 = CIRCLE ( 'NONE', #4333, 4.300000000000001599 ) ;
#5638 = CARTESIAN_POINT ( 'NONE',  ( 2.951763000829056837E-15, 5.250000000000000000, 0.000000000000000000 ) ) ;
#5639 = DIRECTION ( 'NONE',  ( -0.000000000000000000, -0.4999999999999949485, -0.8660254037844415942 ) ) ;
#5640 = CARTESIAN_POINT ( 'NONE',  ( 1.216873555470457724, -1.740180527098523552E-13, 5.475000000000316724 ) ) ;
#5641 = DIRECTION ( 'NONE',  ( -1.000000000000000000, -0.000000000000000000, 0.000000000000000000 ) ) ;
#5642 = AXIS2_PLACEMENT_3D ( 'NONE', #2872, #696, #2022 ) ;
#5643 = CARTESIAN_POINT ( 'NONE',  ( -0.6818605052292066038, 5.402592604996404368, -0.8935978298549601684 ) ) ;
#5644 = EDGE_LOOP ( 'NONE', ( #232, #1472, #5476, #3643 ) ) ;
#5645 = AXIS2_PLACEMENT_3D ( 'NONE', #490, #1141, #1447 ) ;
#5646 = CIRCLE ( 'NONE', #2599, 1.237499999999996492 ) ;
#5647 = AXIS2_PLACEMENT_3D ( 'NONE', #592, #2830, #679 ) ;
#5648 = AXIS2_PLACEMENT_3D ( 'NONE', #2650, #5720, #3112 ) ;
#5649 = AXIS2_PLACEMENT_3D ( 'NONE', #3289, #4557, #5410 ) ;
#5650 = FILL_AREA_STYLE_COLOUR ( '', #3751 ) ;
#5651 = CARTESIAN_POINT ( 'NONE',  ( -3.499999999999999556, 0.000000000000000000, 0.000000000000000000 ) ) ;
#5652 = ORIENTED_EDGE ( 'NONE', *, *, #2256, .T. ) ;
#5653 = CARTESIAN_POINT ( 'NONE',  ( -0.1145010564392729274, -4.081379699453789200, -3.649378680895917881 ) ) ;
#5654 = DIRECTION ( 'NONE',  ( 0.000000000000000000, -0.5000000000000037748, 0.8660254037844364872 ) ) ;
#5655 = DIRECTION ( 'NONE',  ( -1.000000000000000000, -0.000000000000000000, 0.000000000000000000 ) ) ;
#5656 = DIRECTION ( 'NONE',  ( -1.000000000000000000, -0.000000000000000000, 0.000000000000000000 ) ) ;
#5657 = AXIS2_PLACEMENT_3D ( 'NONE', #4131, #2021, #2819 ) ;
#5658 = CIRCLE ( 'NONE', #1594, 1.073181601594058732 ) ;
#5659 = EDGE_CURVE ( 'NONE', #716, #1069, #1896, .T. ) ;
#5660 = CARTESIAN_POINT ( 'NONE',  ( 0.9766093576085682626, -5.423612651610232760, 0.7572843384363363572 ) ) ;
#5661 = DIRECTION ( 'NONE',  ( 0.000000000000000000, -3.491481338843134144E-15, 1.000000000000000000 ) ) ;
#5662 = ORIENTED_EDGE ( 'NONE', *, *, #3297, .F. ) ;
#5663 = CARTESIAN_POINT ( 'NONE',  ( -1.216873555469091484, 2.877404942410744848, 4.660714929557999930 ) ) ;
#5664 = DIRECTION ( 'NONE',  ( 1.000000000000000000, 0.000000000000000000, 0.000000000000000000 ) ) ;
#5665 = ORIENTED_EDGE ( 'NONE', *, *, #4565, .F. ) ;
#5666 = ORIENTED_EDGE ( 'NONE', *, *, #5202, .T. ) ;
#5667 = CARTESIAN_POINT ( 'NONE',  ( 1.216873555469097257, 0.1590500714254456938, -5.024999999999998579 ) ) ;
#5668 = EDGE_CURVE ( 'NONE', #2544, #787, #5247, .T. ) ;
#5669 = ORIENTED_EDGE ( 'NONE', *, *, #788, .T. ) ;
#5670 = CARTESIAN_POINT ( 'NONE',  ( 0.5904858031758550840, 5.361084801632735264, 1.113563528603703112 ) ) ;
#5671 = DIRECTION ( 'NONE',  ( 0.000000000000000000, 0.000000000000000000, -1.000000000000000000 ) ) ;
#5672 = CARTESIAN_POINT ( 'NONE',  ( 0.1142805821702303076, -3.383230854313010738, 3.715423797405092987 ) ) ;
#5673 = CARTESIAN_POINT ( 'NONE',  ( -0.3374999999999975242, 0.000000000000000000, 0.000000000000000000 ) ) ;
#5674 = DIRECTION ( 'NONE',  ( 0.000000000000000000, 0.000000000000000000, 1.000000000000000000 ) ) ;
#5675 = FACE_OUTER_BOUND ( 'NONE', #449, .T. ) ;
#5676 = EDGE_CURVE ( 'NONE', #1628, #3652, #3114, .T. ) ;
#5677 = EDGE_CURVE ( 'NONE', #4244, #296, #2868, .T. ) ;
#5678 = EDGE_LOOP ( 'NONE', ( #176, #5167, #346, #1643, #2507 ) ) ;
#5679 = CARTESIAN_POINT ( 'NONE',  ( 0.9602842348671360995, 4.996806907142772758, 0.5476051959231819088 ) ) ;
#5680 = ORIENTED_EDGE ( 'NONE', *, *, #577, .T. ) ;
#5681 = CARTESIAN_POINT ( 'NONE',  ( 0.3375000000000029643, 5.499083108677935350E-14, -5.250000000000000000 ) ) ;
#5682 = DIRECTION ( 'NONE',  ( 0.000000000000000000, 0.000000000000000000, -1.000000000000000000 ) ) ;
#5683 = DIRECTION ( 'NONE',  ( 0.000000000000000000, 0.000000000000000000, -1.000000000000000000 ) ) ;
#5684 = DIRECTION ( 'NONE',  ( 0.000000000000000000, 0.000000000000000000, 1.000000000000000000 ) ) ;
#5685 = DIRECTION ( 'NONE',  ( 1.000000000000000000, 0.000000000000000000, -0.000000000000000000 ) ) ;
#5686 = CARTESIAN_POINT ( 'NONE',  ( 1.216873555469097479, 2.877404942410812350, -4.660714929557957298 ) ) ;
#5687 = CARTESIAN_POINT ( 'NONE',  ( 0.7539527812222507341, -3.546387310454982789, -4.172780948423688407 ) ) ;
#5688 = ORIENTED_EDGE ( 'NONE', *, *, #4759, .F. ) ;
#5689 = CARTESIAN_POINT ( 'NONE',  ( 2.951763000829056837E-15, -4.546633369868282593, -2.625000000000037303 ) ) ;
#5690 = CARTESIAN_POINT ( 'NONE',  ( 1.216873555469063506, -0.1607905467560148127, 5.474999999999991651 ) ) ;
#5691 = ORIENTED_EDGE ( 'NONE', *, *, #4566, .F. ) ;
#5692 = VERTEX_POINT ( 'NONE', #1047 ) ;
#5693 = CARTESIAN_POINT ( 'NONE',  ( 1.184325193567677736, 0.3154544090215788965, -5.017188631981333025 ) ) ;
#5694 = COLOUR_RGB ( '',1.000000000000000000, 1.000000000000000000, 1.000000000000000000 ) ;
#5695 = ORIENTED_EDGE ( 'NONE', *, *, #4600, .T. ) ;
#5696 = CARTESIAN_POINT ( 'NONE',  ( -0.1604339750629836803, -1.181960801552123463, -4.884014096370007607 ) ) ;
#5697 = FACE_OUTER_BOUND ( 'NONE', #4922, .T. ) ;
#5698 = AXIS2_PLACEMENT_3D ( 'NONE', #540, #116, #3672 ) ;
#5699 = DIRECTION ( 'NONE',  ( 0.000000000000000000, -3.491481338843135327E-15, 1.000000000000000000 ) ) ;
#5700 = TOROIDAL_SURFACE ( 'NONE', #1728, 7.300000000000000711, 0.1999999999999990119 ) ;
#5701 = ORIENTED_EDGE ( 'NONE', *, *, #218, .F. ) ;
#5702 = AXIS2_PLACEMENT_3D ( 'NONE', #3120, #3586, #5352 ) ;
#5703 = EDGE_CURVE ( 'NONE', #1220, #4985, #1820, .T. ) ;
#5704 = EDGE_CURVE ( 'NONE', #2555, #5170, #1347, .T. ) ;
#5705 = AXIS2_PLACEMENT_3D ( 'NONE', #5614, #1650, #5179 ) ;
#5706 =( GEOMETRIC_REPRESENTATION_CONTEXT ( 3 ) GLOBAL_UNCERTAINTY_ASSIGNED_CONTEXT ( ( #3325 ) ) GLOBAL_UNIT_ASSIGNED_CONTEXT ( ( #4514, #4574, #555 ) ) REPRESENTATION_CONTEXT ( 'NONE', 'WORKASPACE' ) );
#5707 = CARTESIAN_POINT ( 'NONE',  ( 0.3375000000000030753, -4.920133928571429394, 1.021228243303264893 ) ) ;
#5708 = ORIENTED_EDGE ( 'NONE', *, *, #2847, .F. ) ;
#5709 = AXIS2_PLACEMENT_3D ( 'NONE', #327, #3880, #771 ) ;
#5710 = DIRECTION ( 'NONE',  ( -1.000000000000000000, -0.000000000000000000, -0.000000000000000000 ) ) ;
#5711 = DIRECTION ( 'NONE',  ( 0.000000000000000000, 0.000000000000000000, 1.000000000000000000 ) ) ;
#5712 = CARTESIAN_POINT ( 'NONE',  ( -0.1561588338134606291, -1.182231370141750393, 4.883948607269691600 ) ) ;
#5713 = EDGE_CURVE ( 'NONE', #1188, #4106, #3397, .T. ) ;
#5714 = DIRECTION ( 'NONE',  ( 0.000000000000000000, 0.4999999999999947264, 0.8660254037844415942 ) ) ;
#5715 = CARTESIAN_POINT ( 'NONE',  ( 0.2291337308794288707, 1.727642638307732126, 5.195397486887803673 ) ) ;
#5716 = ORIENTED_EDGE ( 'NONE', *, *, #2288, .T. ) ;
#5717 = CARTESIAN_POINT ( 'NONE',  ( 1.066052540301074103, 3.257558097409406273, -4.402974996044854983 ) ) ;
#5718 = CARTESIAN_POINT ( 'NONE',  ( -0.1623272491987211574, -3.736258041268436969, -4.001999606619767391 ) ) ;
#5719 = ORIENTED_EDGE ( 'NONE', *, *, #3193, .F. ) ;
#5720 = DIRECTION ( 'NONE',  ( -1.000000000000000000, -0.000000000000000000, -0.000000000000000000 ) ) ;
#5721 = CARTESIAN_POINT ( 'NONE',  ( 0.9684278525401855964, -1.849049199763030504, -4.673716618225778774 ) ) ;
#5722 = DIRECTION ( 'NONE',  ( 0.000000000000000000, 0.000000000000000000, -1.000000000000000000 ) ) ;
#5723 = VERTEX_POINT ( 'NONE', #2425 ) ;
#5724 = CIRCLE ( 'NONE', #4014, 1.237499999999997380 ) ;
#5725 = ORIENTED_EDGE ( 'NONE', *, *, #4749, .T. ) ;
#5726 = DIRECTION ( 'NONE',  ( 0.000000000000000000, 1.224646799147353454E-16, -1.000000000000000000 ) ) ;
#5727 = CARTESIAN_POINT ( 'NONE',  ( 1.216873555469095924, -2.512500000000020162, 4.351777654016792063 ) ) ;
#5728 = CARTESIAN_POINT ( 'NONE',  ( 0.3375000000000029088, -1.066436397168635253, 5.370133928571428683 ) ) ;
#5729 = DIRECTION ( 'NONE',  ( -1.000000000000000000, -0.000000000000000000, 0.000000000000000000 ) ) ;
ENDSEC;
END-ISO-10303-21;
