ISO-10303-21;
HEADER;
FILE_DESCRIPTION (( 'STEP AP214' ),
    '1' );
FILE_NAME ('GB¨uT 819.1-2016[Ê®×Ö²Û³ÁÍ·ÂÝ¶¤M3¡Á25].step',
    '2023-08-15T02:54:13',
    ( '' ),
    ( '' ),
    'SwSTEP 2.0',
    'SolidWorks 2022',
    '' );
FILE_SCHEMA (( 'AUTOMOTIVE_DESIGN' ));
ENDSEC;

DATA;
#1 = EDGE_CURVE ( 'NONE', #879, #685, #479, .T. ) ;
#2 = ORIENTED_EDGE ( 'NONE', *, *, #71, .F. ) ;
#3 = EDGE_CURVE ( 'NONE', #694, #1357, #198, .T. ) ;
#4 = STYLED_ITEM ( 'NONE', ( #1497 ), #1372 ) ;
#5 = CARTESIAN_POINT ( 'NONE',  ( 0.6699999999999999289, -0.2294999999999999540, 1.206271059530899636 ) ) ;
#6 = CARTESIAN_POINT ( 'NONE',  ( 0.6699999999999999289, -0.5894447509345097647, -0.4116060089130114674 ) ) ;
#7 = VECTOR ( 'NONE', #293, 1000.000000000000000 ) ;
#8 = CARTESIAN_POINT ( 'NONE',  ( 0.6699999999999999289, 1.068318630199497354, 0.2294999999999999263 ) ) ;
#9 = CARTESIAN_POINT ( 'NONE',  ( 0.6699999999999999289, -0.4116060089130115229, 0.5894447509345097647 ) ) ;
#10 = CONICAL_SURFACE ( 'NONE', #746, 1.500000000000000222, 0.5235987755982995928 ) ;
#11 = DIRECTION ( 'NONE',  ( 0.000000000000000000, 0.000000000000000000, -1.000000000000000000 ) ) ;
#12 = CIRCLE ( 'NONE', #1472, 1.500000000000000222 ) ;
#13 = VERTEX_POINT ( 'NONE', #1416 ) ;
#14 = DIRECTION ( 'NONE',  ( 1.000000000000000000, -0.000000000000000000, -0.000000000000000000 ) ) ;
#15 = EDGE_CURVE ( 'NONE', #1100, #879, #1445, .T. ) ;
#16 = CARTESIAN_POINT ( 'NONE',  ( 2.010000000000001119, -0.4309315550188377308, -0.2856739723382549223 ) ) ;
#17 = CARTESIAN_POINT ( 'NONE',  ( 1.339999999999999414, 0.6280079183132805110, 0.2294999999999997320 ) ) ;
#18 = CARTESIAN_POINT ( 'NONE',  ( 0.000000000000000000, -0.2295000000000000095, 0.9037060735726654137 ) ) ;
#19 = ORIENTED_EDGE ( 'NONE', *, *, #1127, .F. ) ;
#20 = CARTESIAN_POINT ( 'NONE',  ( 0.000000000000000000, -1.500000000000000222, 0.2294999999999997597 ) ) ;
#21 = DIRECTION ( 'NONE',  ( 1.000000000000000000, -0.000000000000000000, -0.000000000000000000 ) ) ;
#22 = LINE ( 'NONE', #829, #1063 ) ;
#23 = FACE_OUTER_BOUND ( 'NONE', #1688, .T. ) ;
#24 = EDGE_CURVE ( 'NONE', #1744, #894, #895, .T. ) ;
#25 = CARTESIAN_POINT ( 'NONE',  ( 1.004999999999999671, -1.059406589296349788, 0.2294999999999999818 ) ) ;
#26 = DIRECTION ( 'NONE',  ( 1.000000000000000000, -0.000000000000000000, -0.000000000000000000 ) ) ;
#27 = ORIENTED_EDGE ( 'NONE', *, *, #1500, .F. ) ;
#28 = CARTESIAN_POINT ( 'NONE',  ( 0.000000000000000000, 1.060660171779821193, -1.060660171779821193 ) ) ;
#29 = FACE_OUTER_BOUND ( 'NONE', #1290, .T. ) ;
#30 = CARTESIAN_POINT ( 'NONE',  ( 2.010000000000000675, 0.5136882630767314328, 0.2324564526725557134 ) ) ;
#31 = CARTESIAN_POINT ( 'NONE',  ( 2.009999999999999787, -2.774032902257833610E-17, -2.646977960169688560E-17 ) ) ;
#32 = ORIENTED_EDGE ( 'NONE', *, *, #856, .F. ) ;
#33 = CARTESIAN_POINT ( 'NONE',  ( 0.000000000000000000, 1.499999999999999556, 0.2294999999999999263 ) ) ;
#34 = CARTESIAN_POINT ( 'NONE',  ( 0.6699999999999999289, 0.7376422223126328781, 0.7720464330963416888 ) ) ;
#35 = ORIENTED_EDGE ( 'NONE', *, *, #15, .T. ) ;
#36 = CARTESIAN_POINT ( 'NONE',  ( 2.009999999999999787, -0.6188131785926993533, -0.2294999999999999263 ) ) ;
#37 = FACE_OUTER_BOUND ( 'NONE', #187, .T. ) ;
#38 = CARTESIAN_POINT ( 'NONE',  ( 2.009999999999999787, 0.4514238815542512273, -0.4514238815542514494 ) ) ;
#39 = VECTOR ( 'NONE', #616, 1000.000000000000000 ) ;
#40 = DIRECTION ( 'NONE',  ( -1.000000000000000000, 0.000000000000000000, 0.000000000000000000 ) ) ;
#41 = ORIENTED_EDGE ( 'NONE', *, *, #1, .T. ) ;
#42 = CARTESIAN_POINT ( 'NONE',  ( 2.009999999999999787, -0.4375501157988059275, -0.4375501157988058165 ) ) ;
#43 = CARTESIAN_POINT ( 'NONE',  ( 1.339999999999999858, 0.3349276972338571801, 0.5245223187553624822 ) ) ;
#44 = EDGE_LOOP ( 'NONE', ( #1443, #1548, #19, #197 ) ) ;
#45 = LINE ( 'NONE', #908, #532 ) ;
#46 = CARTESIAN_POINT ( 'NONE',  ( 0.000000000000000000, -0.8400454180997739551, -0.7498633799456237981 ) ) ;
#47 = CARTESIAN_POINT ( 'NONE',  ( 2.009999999999999343, 0.5302528608183727510, -0.2298864209738527842 ) ) ;
#48 = DIRECTION ( 'NONE',  ( -0.4959324508988054436, 1.063435644547057836E-16, -0.8683611023908798243 ) ) ;
#49 = ORIENTED_EDGE ( 'NONE', *, *, #1413, .F. ) ;
#50 = DIRECTION ( 'NONE',  ( -1.000000000000000000, 0.000000000000000000, 0.000000000000000000 ) ) ;
#51 = DIRECTION ( 'NONE',  ( -1.000000000000000000, 0.000000000000000000, 0.000000000000000000 ) ) ;
#52 = ORIENTED_EDGE ( 'NONE', *, *, #530, .F. ) ;
#53 = CARTESIAN_POINT ( 'NONE',  ( 1.004999999999999671, 0.2294999999999999540, 1.059406589296349344 ) ) ;
#54 = EDGE_CURVE ( 'NONE', #994, #710, #1169, .T. ) ;
#55 = AXIS2_PLACEMENT_3D ( 'NONE', #652, #928, #1476 ) ;
#56 = LINE ( 'NONE', #1552, #893 ) ;
#57 = EDGE_CURVE ( 'NONE', #1703, #1270, #1725, .T. ) ;
#58 = CARTESIAN_POINT ( 'NONE',  ( 0.000000000000000000, 0.000000000000000000, 0.000000000000000000 ) ) ;
#59 = CARTESIAN_POINT ( 'NONE',  ( 0.6699999999999999289, 1.224575535390926229, 0.07814465843391540933 ) ) ;
#60 = CARTESIAN_POINT ( 'NONE',  ( 0.000000000000000000, 0.7811363910286241996, -0.2295000000000000373 ) ) ;
#61 = CARTESIAN_POINT ( 'NONE',  ( 0.000000000000000000, 0.6163653815752404563, 0.4347482909067316159 ) ) ;
#62 = CIRCLE ( 'NONE', #286, 1.533314575050762851 ) ;
#63 = EDGE_LOOP ( 'NONE', ( #632, #857, #909, #345 ) ) ;
#64 = CARTESIAN_POINT ( 'NONE',  ( 0.6699999999999999289, -0.4911693948693391376, -0.6298766102085759933 ) ) ;
#65 = DIRECTION ( 'NONE',  ( 1.000000000000000000, -0.000000000000000000, -0.000000000000000000 ) ) ;
#66 = ORIENTED_EDGE ( 'NONE', *, *, #1557, .T. ) ;
#67 = ORIENTED_EDGE ( 'NONE', *, *, #548, .F. ) ;
#68 = AXIS2_PLACEMENT_3D ( 'NONE', #161, #1398, #449 ) ;
#69 = COLOUR_RGB ( '',0.7921568627450980005, 0.8196078431372548767, 0.9333333333333333481 ) ;
#70 = CARTESIAN_POINT ( 'NONE',  ( 1.004999999999999893, -1.059406589296350010, -0.2295000000000000373 ) ) ;
#71 = EDGE_CURVE ( 'NONE', #233, #1655, #1704, .T. ) ;
#72 = FACE_OUTER_BOUND ( 'NONE', #1510, .T. ) ;
#73 = CARTESIAN_POINT ( 'NONE',  ( 2.010000000000002451, 0.5650155539660796089, -0.2295000000000000373 ) ) ;
#74 = CARTESIAN_POINT ( 'NONE',  ( -0.000000000000000000, 1.008500848373770520, -1.023635605929468007 ) ) ;
#75 = VECTOR ( 'NONE', #1013, 1000.000000000000000 ) ;
#76 = ORIENTED_EDGE ( 'NONE', *, *, #1209, .F. ) ;
#77 = PRESENTATION_STYLE_ASSIGNMENT (( #1029 ) ) ;
#78 = CIRCLE ( 'NONE', #1014, 0.1299999999999998102 ) ;
#79 = CARTESIAN_POINT ( 'NONE',  ( 0.000000000000000000, -0.07650000000000002631, -1.500000000000000222 ) ) ;
#80 = ORIENTED_EDGE ( 'NONE', *, *, #959, .T. ) ;
#81 = EDGE_LOOP ( 'NONE', ( #1580, #1727, #1159, #1170 ) ) ;
#82 = FILL_AREA_STYLE ('',( #955 ) ) ;
#83 = EDGE_LOOP ( 'NONE', ( #557, #1279, #489, #231 ) ) ;
#84 = DIRECTION ( 'NONE',  ( -0.000000000000000000, 0.000000000000000000, -1.000000000000000000 ) ) ;
#85 = CARTESIAN_POINT ( 'NONE',  ( 0.6699999999999997069, 0.6298766102085755492, -0.4911693948693392486 ) ) ;
#86 = CARTESIAN_POINT ( 'NONE',  ( 2.009999999999999787, 0.2294999999999997597, -0.5392499249289480767 ) ) ;
#87 = LINE ( 'NONE', #1303, #435 ) ;
#88 = CARTESIAN_POINT ( 'NONE',  ( 0.000000000000000000, 0.2294999999999995099, 1.099933124499041792 ) ) ;
#89 = EDGE_CURVE ( 'NONE', #318, #1261, #324, .T. ) ;
#90 = ORIENTED_EDGE ( 'NONE', *, *, #129, .F. ) ;
#91 = DIRECTION ( 'NONE',  ( 0.000000000000000000, 0.000000000000000000, 1.000000000000000000 ) ) ;
#92 = LINE ( 'NONE', #1178, #1154 ) ;
#93 = ORIENTED_EDGE ( 'NONE', *, *, #372, .T. ) ;
#94 = CARTESIAN_POINT ( 'NONE',  ( 2.009999999999999787, 0.6188131785926992423, -0.2295000000000002593 ) ) ;
#95 = CARTESIAN_POINT ( 'NONE',  ( 0.000000000000000000, 0.5939171061348813563, -0.7293491378034463457 ) ) ;
#96 = CARTESIAN_POINT ( 'NONE',  ( 2.009999999999996678, -0.2385951314526204015, -0.4939659334555759340 ) ) ;
#97 = CARTESIAN_POINT ( 'NONE',  ( 0.000000000000000000, 0.3068394616943652675, 0.5969625364381262456 ) ) ;
#98 = EDGE_LOOP ( 'NONE', ( #1589, #1142, #1255, #635, #32, #80, #811 ) ) ;
#99 = FACE_OUTER_BOUND ( 'NONE', #1012, .T. ) ;
#100 = VECTOR ( 'NONE', #434, 1000.000000000000000 ) ;
#102 = ORIENTED_EDGE ( 'NONE', *, *, #343, .T. ) ;
#101 = AXIS2_PLACEMENT_3D ( 'NONE', #196, #1123, #701 ) ;
#103 = DIRECTION ( 'NONE',  ( 0.000000000000000000, 0.000000000000000000, -1.000000000000000000 ) ) ;
#104 = CARTESIAN_POINT ( 'NONE',  ( 1.340000000000001412, 0.3884216836037973075, -0.5304040826137070841 ) ) ;
#105 = CARTESIAN_POINT ( 'NONE',  ( 1.339999999999998082, -0.2294999999999999540, -0.6779123938349406187 ) ) ;
#106 = CARTESIAN_POINT ( 'NONE',  ( 1.339999999999999414, 0.2294999999999999818, 0.9125421190617993839 ) ) ;
#107 = CLOSED_SHELL ( 'NONE', ( #1125, #1696, #488, #1035, #477, #808, #214, #1054, #1450, #1241, #583, #1506, #1075, #1008, #1641, #1136, #1297, #677, #870, #1353, #1250, #1191, #659, #1585, #262, #684, #1601, #552, #921, #753, #266, #1271, #521, #400 ) ) ;
#108 = ORIENTED_EDGE ( 'NONE', *, *, #236, .T. ) ;
#109 = CARTESIAN_POINT ( 'NONE',  ( 0.6699999999999999289, -0.5894447509345096536, 0.4116060089130117450 ) ) ;
#110 = EDGE_CURVE ( 'NONE', #601, #621, #132, .T. ) ;
#111 = EDGE_CURVE ( 'NONE', #1024, #1121, #898, .T. ) ;
#112 = DIRECTION ( 'NONE',  ( 1.000000000000000000, -0.000000000000000000, -0.000000000000000000 ) ) ;
#113 = CARTESIAN_POINT ( 'NONE',  ( 0.000000000000000000, 0.2294999999999996210, -0.6926298297924294856 ) ) ;
#114 = CARTESIAN_POINT ( 'NONE',  ( 0.6699999999999990408, -0.3293927227357147935, -0.5563979746839676777 ) ) ;
#115 = LINE ( 'NONE', #523, #1334 ) ;
#116 = CARTESIAN_POINT ( 'NONE',  ( 1.339999999999999192, -0.5251819540697719724, 0.2839939270941670424 ) ) ;
#117 =( LENGTH_UNIT ( ) NAMED_UNIT ( * ) SI_UNIT ( .MILLI., .METRE. ) );
#118 = CARTESIAN_POINT ( 'NONE',  ( 0.000000000000000000, -1.302177609708593753, -0.2294999999999996765 ) ) ;
#119 = AXIS2_PLACEMENT_3D ( 'NONE', #1683, #817, #1109 ) ;
#120 = CARTESIAN_POINT ( 'NONE',  ( 1.339999999999999414, -0.2295000000000000373, -0.9125421190617996059 ) ) ;
#121 = CARTESIAN_POINT ( 'NONE',  ( -0.000000000000000000, 1.435197781267951056, -0.2295000000000001483 ) ) ;
#122 = CARTESIAN_POINT ( 'NONE',  ( 0.6700000000000001510, -0.6042030910717847147, 0.2427045360916171846 ) ) ;
#123 = PRESENTATION_STYLE_ASSIGNMENT (( #926 ) ) ;
#124 = VECTOR ( 'NONE', #1535, 1000.000000000000000 ) ;
#125 = LINE ( 'NONE', #527, #1698 ) ;
#126 = CARTESIAN_POINT ( 'NONE',  ( 1.339999999999999858, -0.9125421190617997169, -0.2294999999999997875 ) ) ;
#127 = DIRECTION ( 'NONE',  ( 0.000000000000000000, 0.000000000000000000, 1.000000000000000000 ) ) ;
#128 = CARTESIAN_POINT ( 'NONE',  ( 0.6699999999999999289, -0.2294999999999998985, 0.6415031948379352755 ) ) ;
#129 = EDGE_CURVE ( 'NONE', #890, #1699, #1124, .T. ) ;
#130 = DIRECTION ( 'NONE',  ( 0.8660254037844382635, 6.123233995736774664E-17, 0.5000000000000006661 ) ) ;
#131 = ORIENTED_EDGE ( 'NONE', *, *, #1209, .T. ) ;
#132 = CIRCLE ( 'NONE', #978, 0.1300000000000001155 ) ;
#133 = CARTESIAN_POINT ( 'NONE',  ( 2.620000000000000995, 0.000000000000000000, 0.000000000000000000 ) ) ;
#134 = CARTESIAN_POINT ( 'NONE',  ( 2.009999999999999787, 0.6188131785926993533, 0.2294999999999997042 ) ) ;
#135 = CARTESIAN_POINT ( 'NONE',  ( 2.010000000000002007, 0.4309315550188374533, 0.2856739723382549223 ) ) ;
#136 = CARTESIAN_POINT ( 'NONE',  ( 0.6700000000000001510, -0.2294999999999998985, 1.068318630199498021 ) ) ;
#137 = CARTESIAN_POINT ( 'NONE',  ( 0.6700000000000004841, -0.6298766102085762153, 0.4911693948693391376 ) ) ;
#138 = ORIENTED_EDGE ( 'NONE', *, *, #1626, .T. ) ;
#139 = FACE_OUTER_BOUND ( 'NONE', #270, .T. ) ;
#140 = CARTESIAN_POINT ( 'NONE',  ( 0.000000000000000000, -1.099933124499042236, -0.2295000000000006757 ) ) ;
#141 = CARTESIAN_POINT ( 'NONE',  ( 0.000000000000000000, 1.435197781267950834, 0.2294999999999998985 ) ) ;
#142 = CARTESIAN_POINT ( 'NONE',  ( 1.339999999999999858, -0.3022750692340955281, 0.5221581889120768816 ) ) ;
#143 = CARTESIAN_POINT ( 'NONE',  ( 2.620000000000000995, 0.000000000000000000, -1.500000000000000222 ) ) ;
#144 = EDGE_LOOP ( 'NONE', ( #764, #351, #939, #1328, #779, #1545, #1018 ) ) ;
#145 = VECTOR ( 'NONE', #249, 1000.000000000000114 ) ;
#146 = CARTESIAN_POINT ( 'NONE',  ( 0.000000000000000000, 0.6163653815755819609, -0.4347482909072130086 ) ) ;
#147 = CONICAL_SURFACE ( 'NONE', #1147, 1.533314575050762851, 0.7853981633974501664 ) ;
#148 = DIRECTION ( 'NONE',  ( 0.000000000000000000, 0.000000000000000000, -1.000000000000000000 ) ) ;
#149 = VECTOR ( 'NONE', #272, 1000.000000000000000 ) ;
#150 = CARTESIAN_POINT ( 'NONE',  ( 0.000000000000000000, 1.499999999999999334, 0.2294999999999998985 ) ) ;
#151 = CARTESIAN_POINT ( 'NONE',  ( 1.340000000000000524, -0.3884216836037964748, 0.5304040826137065290 ) ) ;
#152 = ORIENTED_EDGE ( 'NONE', *, *, #15, .F. ) ;
#153 = CARTESIAN_POINT ( 'NONE',  ( 1.339999999999999858, -0.2294999999999999540, 0.9125421190617993839 ) ) ;
#154 = STYLED_ITEM ( 'NONE', ( #603 ), #1641 ) ;
#155 = CARTESIAN_POINT ( 'NONE',  ( 2.620000000000000995, 0.000000000000000000, 0.000000000000000000 ) ) ;
#156 = CARTESIAN_POINT ( 'NONE',  ( 2.009999999999999343, 0.6125243939690161454, 0.2294999999999996487 ) ) ;
#157 = CARTESIAN_POINT ( 'NONE',  ( 2.010000000000000231, -0.4032296380902796185, 0.4160204051086566213 ) ) ;
#158 = DIRECTION ( 'NONE',  ( -0.000000000000000000, 1.000000000000000000, 3.485612946913468693E-17 ) ) ;
#159 = ORIENTED_EDGE ( 'NONE', *, *, #236, .F. ) ;
#160 = CARTESIAN_POINT ( 'NONE',  ( 0.6699999999999999289, -1.224575535390926673, -0.07814465843391565913 ) ) ;
#161 = CARTESIAN_POINT ( 'NONE',  ( 2.009999999999999787, 0.3594999999999997642, -0.5433477631085023019 ) ) ;
#162 = CARTESIAN_POINT ( 'NONE',  ( 1.339999999999999414, 0.8867488564019944119, 0.2294999999999997320 ) ) ;
#163 = CARTESIAN_POINT ( 'NONE',  ( 0.6699999999999999289, -0.8575814083712973712, 0.8575814083712974822 ) ) ;
#164 = CARTESIAN_POINT ( 'NONE',  ( 2.009999999999999787, -0.5433477631085024129, 0.3595000000000002083 ) ) ;
#165 = CARTESIAN_POINT ( 'NONE',  ( 0.000000000000000000, 0.5939171061348809122, 0.7293491378034450134 ) ) ;
#166 = ORIENTED_EDGE ( 'NONE', *, *, #1427, .T. ) ;
#167 = CARTESIAN_POINT ( 'NONE',  ( 0.6699999999999999289, -1.206271059530900081, -0.2295000000000000651 ) ) ;
#168 = CARTESIAN_POINT ( 'NONE',  ( 2.010000000000000675, -0.4160204051086570098, -0.4032296380902797295 ) ) ;
#169 = VERTEX_POINT ( 'NONE', #468 ) ;
#170 = CARTESIAN_POINT ( 'NONE',  ( 0.6699999999999999289, 0.7720464330963411337, 0.7376422223126321009 ) ) ;
#171 = CARTESIAN_POINT ( 'NONE',  ( 2.009999999999999787, 0.4514238815542514494, 0.4514238815542511718 ) ) ;
#172 = AXIS2_PLACEMENT_3D ( 'NONE', #759, #995, #365 ) ;
#173 = ORIENTED_EDGE ( 'NONE', *, *, #1390, .T. ) ;
#174 = FACE_OUTER_BOUND ( 'NONE', #1022, .T. ) ;
#175 = VECTOR ( 'NONE', #868, 1000.000000000000000 ) ;
#176 = CARTESIAN_POINT ( 'NONE',  ( 0.000000000000000000, 3.367778697655221012E-16, 2.750000000000000000 ) ) ;
#177 = CIRCLE ( 'NONE', #322, 0.6600000000000000311 ) ;
#178 = ORIENTED_EDGE ( 'NONE', *, *, #284, .T. ) ;
#179 = DIRECTION ( 'NONE',  ( 0.9191182639511609187, -0.2785871648796873767, 0.2785871648796870992 ) ) ;
#180 = CARTESIAN_POINT ( 'NONE',  ( 1.339999999999999858, -0.6329119458423597688, -0.6278670266571274583 ) ) ;
#181 = ORIENTED_EDGE ( 'NONE', *, *, #1708, .T. ) ;
#182 = CARTESIAN_POINT ( 'NONE',  ( 1.339999999999999414, 0.5672279759450785663, -0.2362954785327351648 ) ) ;
#183 = DIRECTION ( 'NONE',  ( -1.000000000000000000, 0.000000000000000000, 0.000000000000000000 ) ) ;
#184 = VERTEX_POINT ( 'NONE', #1160 ) ;
#185 = CARTESIAN_POINT ( 'NONE',  ( 0.6699999999999995959, -0.6140628914863847099, -0.6966372653289748529 ) ) ;
#186 = CARTESIAN_POINT ( 'NONE',  ( 2.009999999999998899, 0.3424619145679042020, 0.4098209597873722076 ) ) ;
#187 = EDGE_LOOP ( 'NONE', ( #816, #360, #564, #1459 ) ) ;
#188 = DIRECTION ( 'NONE',  ( 0.9158539185684566597, 2.223068973562574872E-16, -0.4015116434710243043 ) ) ;
#189 = LINE ( 'NONE', #1285, #1068 ) ;
#190 = DIRECTION ( 'NONE',  ( 0.000000000000000000, 0.000000000000000000, 1.000000000000000000 ) ) ;
#191 = CARTESIAN_POINT ( 'NONE',  ( 0.6699999999999999289, 0.2294999999999997875, -1.206271059530900081 ) ) ;
#192 = CARTESIAN_POINT ( 'NONE',  ( 1.340000000000000302, 0.5532291125581738633, -0.4782624030271447890 ) ) ;
#193 = LINE ( 'NONE', #734, #357 ) ;
#194 = ORIENTED_EDGE ( 'NONE', *, *, #1094, .F. ) ;
#195 = CARTESIAN_POINT ( 'NONE',  ( 0.000000000000000000, -0.2294999999999999540, -1.500000000000000000 ) ) ;
#196 = CARTESIAN_POINT ( 'NONE',  ( 2.009999999999999787, -2.774032902257833610E-17, -2.646977960169688560E-17 ) ) ;
#197 = ORIENTED_EDGE ( 'NONE', *, *, #89, .F. ) ;
#198 = LINE ( 'NONE', #751, #975 ) ;
#199 = EDGE_CURVE ( 'NONE', #1451, #1673, #772, .T. ) ;
#200 = AXIS2_PLACEMENT_3D ( 'NONE', #439, #14, #1240 ) ;
#201 = DIRECTION ( 'NONE',  ( 1.000000000000000000, -0.000000000000000000, -0.000000000000000000 ) ) ;
#202 = CARTESIAN_POINT ( 'NONE',  ( 1.649999999999999689, 1.877768786421900890E-16, -1.533314575050762851 ) ) ;
#203 = CARTESIAN_POINT ( 'NONE',  ( 2.009999999999999787, 0.5514436819556088887, -0.2294999999999999818 ) ) ;
#204 = CARTESIAN_POINT ( 'NONE',  ( 2.010000000000001119, 0.2294999999999998985, -0.6006006711813068888 ) ) ;
#205 = ORIENTED_EDGE ( 'NONE', *, *, #1541, .T. ) ;
#206 = FACE_OUTER_BOUND ( 'NONE', #907, .T. ) ;
#207 = CARTESIAN_POINT ( 'NONE',  ( 0.6699999999999999289, -0.2294999999999999540, -1.206271059530900081 ) ) ;
#208 = VECTOR ( 'NONE', #1080, 999.9999999999998863 ) ;
#209 = ORIENTED_EDGE ( 'NONE', *, *, #1649, .T. ) ;
#210 = ORIENTED_EDGE ( 'NONE', *, *, #942, .T. ) ;
#211 = CIRCLE ( 'NONE', #242, 0.1299999999999998934 ) ;
#212 =( GEOMETRIC_REPRESENTATION_CONTEXT ( 3 ) GLOBAL_UNCERTAINTY_ASSIGNED_CONTEXT ( ( #1085 ) ) GLOBAL_UNIT_ASSIGNED_CONTEXT ( ( #1627, #512, #1084 ) ) REPRESENTATION_CONTEXT ( 'NONE', 'WORKASPACE' ) );
#213 = LINE ( 'NONE', #70, #1674 ) ;
#214 = ADVANCED_FACE ( 'NONE', ( #99 ), #1217, .T. ) ;
#215 = ORIENTED_EDGE ( 'NONE', *, *, #860, .T. ) ;
#216 = CARTESIAN_POINT ( 'NONE',  ( 26.62000000000000099, 1.500000000000000222, 0.000000000000000000 ) ) ;
#217 = CARTESIAN_POINT ( 'NONE',  ( 2.009999999999998899, 0.4160204051086569543, -0.4032296380902801181 ) ) ;
#218 = CARTESIAN_POINT ( 'NONE',  ( 0.000000000000000000, 0.2491135936504987325, -0.6411782061984896419 ) ) ;
#219 = VECTOR ( 'NONE', #501, 999.9999999999998863 ) ;
#220 =( NAMED_UNIT ( * ) SI_UNIT ( $, .STERADIAN. ) SOLID_ANGLE_UNIT ( ) );
#221 = CARTESIAN_POINT ( 'NONE',  ( 1.339999999999999858, -0.07978931686783125032, -0.9491510707818526793 ) ) ;
#222 = VERTEX_POINT ( 'NONE', #1564 ) ;
#223 = ORIENTED_EDGE ( 'NONE', *, *, #1369, .T. ) ;
#224 = CARTESIAN_POINT ( 'NONE',  ( 0.000000000000000000, -0.7223733752154176679, -0.3594999999999995977 ) ) ;
#225 = ORIENTED_EDGE ( 'NONE', *, *, #513, .F. ) ;
#226 = LINE ( 'NONE', #494, #386 ) ;
#227 = CARTESIAN_POINT ( 'NONE',  ( 2.009999999999996678, 0.5832075478202694008, -0.2295000000000000095 ) ) ;
#228 = CARTESIAN_POINT ( 'NONE',  ( 0.6699999999999999289, 0.4116060089130118005, -0.5894447509345102088 ) ) ;
#229 = CARTESIAN_POINT ( 'NONE',  ( 2.009999999999999787, -1.468952586295607317E-16, 0.6599991246388795529 ) ) ;
#230 = CARTESIAN_POINT ( 'NONE',  ( 2.010000000000001563, 0.2295000000000000373, 0.6006006711813066667 ) ) ;
#231 = ORIENTED_EDGE ( 'NONE', *, *, #1733, .F. ) ;
#232 = DIRECTION ( 'NONE',  ( 0.000000000000000000, 0.000000000000000000, -1.000000000000000000 ) ) ;
#233 = VERTEX_POINT ( 'NONE', #335 ) ;
#234 = CARTESIAN_POINT ( 'NONE',  ( 0.000000000000000000, 0.2294999999999997875, -1.099933124499042236 ) ) ;
#235 = CARTESIAN_POINT ( 'NONE',  ( 1.339999999999999414, -0.2295000000000000373, -0.8867488564019946340 ) ) ;
#236 = EDGE_CURVE ( 'NONE', #1572, #685, #585, .T. ) ;
#237 = CARTESIAN_POINT ( 'NONE',  ( 0.000000000000000000, 0.2294999999999997320, 1.499999999999999556 ) ) ;
#238 = ORIENTED_EDGE ( 'NONE', *, *, #1350, .F. ) ;
#239 = CARTESIAN_POINT ( 'NONE',  ( 0.000000000000000000, -0.6036217613721631681, 0.4167953833635941185 ) ) ;
#240 = EDGE_CURVE ( 'NONE', #685, #1439, #533, .T. ) ;
#241 = CIRCLE ( 'NONE', #172, 0.1300000000000001155 ) ;
#242 = AXIS2_PLACEMENT_3D ( 'NONE', #342, #65, #1670 ) ;
#243 = CARTESIAN_POINT ( 'NONE',  ( 1.339999999999999858, 0.6278670266571274583, -0.6329119458423599909 ) ) ;
#244 = CARTESIAN_POINT ( 'NONE',  ( 1.340000000000002078, -0.2572507890131589536, -0.5414463541971964444 ) ) ;
#245 = CARTESIAN_POINT ( 'NONE',  ( 1.339999999999998526, 0.2294999999999999263, 0.7554494067131930501 ) ) ;
#246 = EDGE_CURVE ( 'NONE', #13, #1024, #1474, .T. ) ;
#247 = VECTOR ( 'NONE', #179, 1000.000000000000000 ) ;
#248 = DIRECTION ( 'NONE',  ( 0.000000000000000000, 0.000000000000000000, -1.000000000000000000 ) ) ;
#249 = DIRECTION ( 'NONE',  ( -0.2913346393917354837, 1.171523095441852420E-16, -0.9566212039728616556 ) ) ;
#250 = LINE ( 'NONE', #929, #149 ) ;
#251 = CARTESIAN_POINT ( 'NONE',  ( 0.6699999999999997069, -0.2294999999999999818, -1.160973318834973123 ) ) ;
#252 = CARTESIAN_POINT ( 'NONE',  ( 1.339999999999998082, -0.2572507890131591202, 0.5414463541971968885 ) ) ;
#253 = CARTESIAN_POINT ( 'NONE',  ( 1.339999999999999858, -0.6329119458423596578, 0.6278670266571274583 ) ) ;
#254 = CARTESIAN_POINT ( 'NONE',  ( 0.000000000000000000, 0.000000000000000000, 0.000000000000000000 ) ) ;
#255 = EDGE_CURVE ( 'NONE', #879, #1100, #1523, .T. ) ;
#256 = B_SPLINE_SURFACE_WITH_KNOTS ( 'NONE', 3, 3, ( 
 ( #1624, #207, #749, #1304 ),
 ( #79, #623, #221, #1732 ),
 ( #1324, #887, #1311, #774 ),
 ( #328, #191, #1440, #1298 ) ),
 .UNSPECIFIED., .F., .F., .F.,
 ( 4, 4 ),
 ( 4, 4 ),
 ( 0.000000000000000000, 1.000000000000000000 ),
 ( 0.000000000000000000, 1.000000000000000000 ),
 .UNSPECIFIED. ) ;
#257 = CARTESIAN_POINT ( 'NONE',  ( 0.000000000000000000, -0.5876139952981632719, -0.3747915183772606573 ) ) ;
#258 = CARTESIAN_POINT ( 'NONE',  ( 1.649999999999999689, 0.000000000000000000, 0.000000000000000000 ) ) ;
#259 = CARTESIAN_POINT ( 'NONE',  ( 0.000000000000000000, -0.2294999999999999818, 0.6926298297924288194 ) ) ;
#260 = CARTESIAN_POINT ( 'NONE',  ( 0.000000000000000000, -1.099933124499041570, 0.2294999999999997875 ) ) ;
#261 = ORIENTED_EDGE ( 'NONE', *, *, #1284, .T. ) ;
#262 = ADVANCED_FACE ( 'NONE', ( #540 ), #809, .F. ) ;
#263 = DIRECTION ( 'NONE',  ( 1.000000000000000000, -0.000000000000000000, -0.000000000000000000 ) ) ;
#264 = CIRCLE ( 'NONE', #853, 0.6600000000000000311 ) ;
#265 = CARTESIAN_POINT ( 'NONE',  ( 1.339999999999999858, -0.5221581889120769926, -0.3022750692340954171 ) ) ;
#266 = ADVANCED_FACE ( 'NONE', ( #1253 ), #815, .F. ) ;
#267 = CARTESIAN_POINT ( 'NONE',  ( 0.6700000000000008171, 0.6298766102085755492, 0.4911693948693390266 ) ) ;
#268 = CARTESIAN_POINT ( 'NONE',  ( 1.340000000000000524, -0.2839939270941665983, 0.5251819540697711952 ) ) ;
#269 = CARTESIAN_POINT ( 'NONE',  ( 1.339999999999999192, -0.5532291125581725311, 0.4782624030271445670 ) ) ;
#270 = EDGE_LOOP ( 'NONE', ( #803, #355 ) ) ;
#271 = CARTESIAN_POINT ( 'NONE',  ( 0.000000000000000000, 1.499999999999999556, -0.2295000000000001206 ) ) ;
#272 = DIRECTION ( 'NONE',  ( 0.000000000000000000, 3.485612946913468077E-17, -1.000000000000000000 ) ) ;
#273 = CARTESIAN_POINT ( 'NONE',  ( 1.339999999999998526, 0.5672279759450790104, 0.2362954785327346097 ) ) ;
#274 = CARTESIAN_POINT ( 'NONE',  ( 0.000000000000000000, -0.2491135936504995096, 0.6411782061984893089 ) ) ;
#275 = LINE ( 'NONE', #420, #100 ) ;
#276 = ORIENTED_EDGE ( 'NONE', *, *, #968, .F. ) ;
#277 = CARTESIAN_POINT ( 'NONE',  ( 0.000000000000000000, 0.000000000000000000, -2.750000000000000000 ) ) ;
#278 = FACE_OUTER_BOUND ( 'NONE', #98, .T. ) ;
#279 = B_SPLINE_SURFACE_WITH_KNOTS ( 'NONE', 3, 3, ( 
 ( #20, #1407, #1093, #1373 ),
 ( #679, #1229, #1662, #297 ),
 ( #1389, #160, #703, #1529 ),
 ( #448, #167, #1539, #36 ) ),
 .UNSPECIFIED., .F., .F., .F.,
 ( 4, 4 ),
 ( 4, 4 ),
 ( 0.000000000000000000, 1.000000000000000000 ),
 ( 0.000000000000000000, 1.000000000000000000 ),
 .UNSPECIFIED. ) ;
#280 = CARTESIAN_POINT ( 'NONE',  ( 0.000000000000000000, 0.9500594470901831956, 0.9048485144238084255 ) ) ;
#281 = CARTESIAN_POINT ( 'NONE',  ( 2.009999999999999787, -0.2582493855547022266, 0.4595998865762152552 ) ) ;
#282 = AXIS2_PLACEMENT_3D ( 'NONE', #1256, #695, #1383 ) ;
#283 = DIRECTION ( 'NONE',  ( -1.000000000000000000, 0.000000000000000000, 0.000000000000000000 ) ) ;
#284 = EDGE_CURVE ( 'NONE', #1679, #1267, #499, .T. ) ;
#285 = ORIENTED_EDGE ( 'NONE', *, *, #1562, .F. ) ;
#286 = AXIS2_PLACEMENT_3D ( 'NONE', #1717, #618, #459 ) ;
#287 = LINE ( 'NONE', #565, #658 ) ;
#288 =( GEOMETRIC_REPRESENTATION_CONTEXT ( 3 ) GLOBAL_UNCERTAINTY_ASSIGNED_CONTEXT ( ( #377 ) ) GLOBAL_UNIT_ASSIGNED_CONTEXT ( ( #453, #341, #220 ) ) REPRESENTATION_CONTEXT ( 'NONE', 'WORKASPACE' ) );
#289 = DIRECTION ( 'NONE',  ( 1.000000000000000000, -0.000000000000000000, -0.000000000000000000 ) ) ;
#290 = CARTESIAN_POINT ( 'NONE',  ( -0.000000000000000000, 0.7811363910286240886, 0.2294999999999997875 ) ) ;
#291 = CARTESIAN_POINT ( 'NONE',  ( 0.000000000000000000, -0.2294999999999999540, -1.500000000000000000 ) ) ;
#292 = MECHANICAL_DESIGN_GEOMETRIC_PRESENTATION_REPRESENTATION (  '', ( #1763 ), #212 ) ;
#293 = DIRECTION ( 'NONE',  ( 0.9158539185684566597, 0.4015116434710243043, 1.482045982375049832E-16 ) ) ;
#294 = ORIENTED_EDGE ( 'NONE', *, *, #558, .T. ) ;
#295 = EDGE_CURVE ( 'NONE', #1270, #890, #1660, .T. ) ;
#296 = VECTOR ( 'NONE', #1494, 1000.000000000000000 ) ;
#297 = CARTESIAN_POINT ( 'NONE',  ( 2.009999999999999787, -0.6737266061727790190, 0.08143397530174698029 ) ) ;
#298 = CARTESIAN_POINT ( 'NONE',  ( 2.215685424949238591, 0.000000000000000000, -2.098999999999999755 ) ) ;
#299 = CARTESIAN_POINT ( 'NONE',  ( 0.6699999999999999289, 0.6415031948379352755, 0.2294999999999998153 ) ) ;
#300 = CARTESIAN_POINT ( 'NONE',  ( 1.339999999999999858, -0.6278670266571273473, 0.6329119458423599909 ) ) ;
#301 = CARTESIAN_POINT ( 'NONE',  ( -997.7889999999999873, 0.000000000000000000, 0.000000000000000000 ) ) ;
#302 = FACE_OUTER_BOUND ( 'NONE', #1293, .T. ) ;
#303 = EDGE_LOOP ( 'NONE', ( #980, #1599, #985, #76, #67 ) ) ;
#304 = DIRECTION ( 'NONE',  ( 1.000000000000000000, -0.000000000000000000, -0.000000000000000000 ) ) ;
#305 = CARTESIAN_POINT ( 'NONE',  ( 2.009999999999999787, -0.6188131785926993533, -0.2294999999999996210 ) ) ;
#306 = CARTESIAN_POINT ( 'NONE',  ( 0.000000000000000000, 0.8400454180997759535, -0.7498633799456252413 ) ) ;
#307 = DIRECTION ( 'NONE',  ( 0.000000000000000000, 0.000000000000000000, -1.000000000000000000 ) ) ;
#308 = ORIENTED_EDGE ( 'NONE', *, *, #770, .T. ) ;
#309 = CARTESIAN_POINT ( 'NONE',  ( 1.340000000000001634, -0.7554494067131937163, 0.2295000000000000928 ) ) ;
#310 = CARTESIAN_POINT ( 'NONE',  ( 0.000000000000000000, 1.060660171779821193, -1.060660171779821193 ) ) ;
#311 = ORIENTED_EDGE ( 'NONE', *, *, #1238, .T. ) ;
#312 = DIRECTION ( 'NONE',  ( 0.000000000000000000, -0.8154461049218119095, 0.5788330069785633247 ) ) ;
#313 = FACE_OUTER_BOUND ( 'NONE', #1197, .T. ) ;
#314 = CARTESIAN_POINT ( 'NONE',  ( 0.000000000000000000, 0.7293491378034446804, -0.5939171061348812453 ) ) ;
#315 = CARTESIAN_POINT ( 'NONE',  ( 0.000000000000000000, -0.2294999999999999540, -0.7223733752154175569 ) ) ;
#316 = EDGE_CURVE ( 'NONE', #1270, #601, #1387, .T. ) ;
#317 = COLOUR_RGB ( '',0.7921568627450980005, 0.8196078431372548767, 0.9333333333333333481 ) ;
#318 = VERTEX_POINT ( 'NONE', #33 ) ;
#319 = DIRECTION ( 'NONE',  ( 0.000000000000000000, 0.000000000000000000, 1.000000000000000000 ) ) ;
#320 = CIRCLE ( 'NONE', #947, 2.750000000000000000 ) ;
#321 = CARTESIAN_POINT ( 'NONE',  ( 2.215685424949238591, 0.000000000000000000, -1.298999999999999710 ) ) ;
#322 = AXIS2_PLACEMENT_3D ( 'NONE', #1056, #1341, #1582 ) ;
#323 = VERTEX_POINT ( 'NONE', #1516 ) ;
#324 = LINE ( 'NONE', #729, #752 ) ;
#325 = DIRECTION ( 'NONE',  ( 0.000000000000000000, 0.000000000000000000, 1.000000000000000000 ) ) ;
#326 = DIRECTION ( 'NONE',  ( -1.000000000000000000, 0.000000000000000000, 0.000000000000000000 ) ) ;
#327 = ORIENTED_EDGE ( 'NONE', *, *, #534, .F. ) ;
#328 = CARTESIAN_POINT ( 'NONE',  ( 0.000000000000000000, 0.2294999999999997597, -1.500000000000000222 ) ) ;
#329 = CARTESIAN_POINT ( 'NONE',  ( -0.000000000000000000, 0.6926298297924289304, -0.2295000000000000928 ) ) ;
#330 = CARTESIAN_POINT ( 'NONE',  ( 2.009999999999999787, -2.774032902257833610E-17, -2.646977960169688560E-17 ) ) ;
#331 = ORIENTED_EDGE ( 'NONE', *, *, #1776, .T. ) ;
#332 = CARTESIAN_POINT ( 'NONE',  ( 0.6699999999999999289, -0.8575814083712974822, -0.8575814083712977043 ) ) ;
#333 = DIRECTION ( 'NONE',  ( -0.000000000000000000, 0.5788330069785635468, -0.8154461049218115765 ) ) ;
#334 = ORIENTED_EDGE ( 'NONE', *, *, #1, .F. ) ;
#335 = CARTESIAN_POINT ( 'NONE',  ( 0.000000000000000000, 0.2294999999999997320, 1.499999999999999556 ) ) ;
#336 = DIRECTION ( 'NONE',  ( 0.000000000000000000, 0.000000000000000000, -1.000000000000000000 ) ) ;
#337 = LINE ( 'NONE', #202, #1615 ) ;
#338 = CARTESIAN_POINT ( 'NONE',  ( -0.000000000000000000, 0.6543671831136573802, -0.4882843205921663654 ) ) ;
#339 = CARTESIAN_POINT ( 'NONE',  ( 1.339999999999999858, 0.6545026449627745491, -0.6545026449627747711 ) ) ;
#340 = ORIENTED_EDGE ( 'NONE', *, *, #558, .F. ) ;
#341 =( NAMED_UNIT ( * ) PLANE_ANGLE_UNIT ( ) SI_UNIT ( $, .RADIAN. ) );
#342 = CARTESIAN_POINT ( 'NONE',  ( 0.000000000000000000, -0.3594999999999998752, 0.7223733752154176679 ) ) ;
#343 = EDGE_CURVE ( 'NONE', #13, #761, #384, .T. ) ;
#344 = ORIENTED_EDGE ( 'NONE', *, *, #199, .F. ) ;
#345 = ORIENTED_EDGE ( 'NONE', *, *, #3, .F. ) ;
#346 = CIRCLE ( 'NONE', #1612, 2.750000000000000000 ) ;
#347 = CARTESIAN_POINT ( 'NONE',  ( 1.004999999999999893, 0.7560420266670361267, -0.7560420266670363487 ) ) ;
#348 = ORIENTED_EDGE ( 'NONE', *, *, #24, .T. ) ;
#349 = CARTESIAN_POINT ( 'NONE',  ( 0.6699999999999991518, 0.5563979746839667895, -0.3293927227357142939 ) ) ;
#350 = CARTESIAN_POINT ( 'NONE',  ( 0.000000000000000000, 0.3068394616943653230, -0.5969625364381270227 ) ) ;
#351 = ORIENTED_EDGE ( 'NONE', *, *, #380, .T. ) ;
#352 = CARTESIAN_POINT ( 'NONE',  ( 0.000000000000000000, 0.000000000000000000, 0.000000000000000000 ) ) ;
#353 = CARTESIAN_POINT ( 'NONE',  ( 0.000000000000000000, 0.2294999999999997597, 0.7811363910286241996 ) ) ;
#354 = AXIS2_PLACEMENT_3D ( 'NONE', #838, #717, #1782 ) ;
#355 = ORIENTED_EDGE ( 'NONE', *, *, #1299, .F. ) ;
#356 = DIRECTION ( 'NONE',  ( 1.000000000000000000, -0.000000000000000000, -0.000000000000000000 ) ) ;
#357 = VECTOR ( 'NONE', #1711, 1000.000000000000000 ) ;
#358 = CIRCLE ( 'NONE', #1623, 1.533314575050762851 ) ;
#359 = CARTESIAN_POINT ( 'NONE',  ( 1.649999999999999689, 0.000000000000000000, 1.533314575050762851 ) ) ;
#360 = ORIENTED_EDGE ( 'NONE', *, *, #1528, .T. ) ;
#361 = CARTESIAN_POINT ( 'NONE',  ( 0.000000000000000000, -1.500000000000000000, 0.2294999999999998708 ) ) ;
#362 = CARTESIAN_POINT ( 'NONE',  ( 0.6699999999999990408, 0.9276912656061171436, -0.2294999999999998985 ) ) ;
#363 = CARTESIAN_POINT ( 'NONE',  ( 2.010000000000001563, 0.2294999999999998430, -0.5650155539660796089 ) ) ;
#364 = AXIS2_PLACEMENT_3D ( 'NONE', #1145, #1044, #1596 ) ;
#365 = DIRECTION ( 'NONE',  ( 0.000000000000000000, 0.000000000000000000, 1.000000000000000000 ) ) ;
#366 = LINE ( 'NONE', #892, #1007 ) ;
#367 = ORIENTED_EDGE ( 'NONE', *, *, #1649, .F. ) ;
#368 = ORIENTED_EDGE ( 'NONE', *, *, #57, .F. ) ;
#369 = ORIENTED_EDGE ( 'NONE', *, *, #1336, .F. ) ;
#370 = CARTESIAN_POINT ( 'NONE',  ( 1.339999999999999858, 0.9491510707818525683, -0.07978931686783143074 ) ) ;
#371 = CARTESIAN_POINT ( 'NONE',  ( 0.6699999999999999289, 0.3595352262988449343, -0.5628899751421201358 ) ) ;
#372 = EDGE_CURVE ( 'NONE', #397, #1699, #275, .T. ) ;
#373 = CARTESIAN_POINT ( 'NONE',  ( 1.339999999999999858, -0.3022750692340959167, -0.5221581889120771036 ) ) ;
#374 = CARTESIAN_POINT ( 'NONE',  ( 0.6699999999999997069, 0.2294999999999998153, 0.7045721546709523553 ) ) ;
#375 = ORIENTED_EDGE ( 'NONE', *, *, #1557, .F. ) ;
#376 = CARTESIAN_POINT ( 'NONE',  ( 1.339999999999999858, -0.6545026449627742160, 0.6545026449627744380 ) ) ;
#377 = UNCERTAINTY_MEASURE_WITH_UNIT (LENGTH_MEASURE( 1.000000000000000082E-05 ), #453, 'distance_accuracy_value', 'NONE');
#378 = CARTESIAN_POINT ( 'NONE',  ( 0.000000000000000000, 0.7223733752154176679, 0.2294999999999998430 ) ) ;
#379 = CARTESIAN_POINT ( 'NONE',  ( 0.6699999999999999289, 0.2427045360916164629, -0.6042030910717839376 ) ) ;
#380 = EDGE_CURVE ( 'NONE', #899, #739, #976, .T. ) ;
#381 = CARTESIAN_POINT ( 'NONE',  ( -0.000000000000000000, -0.4882843205921662544, -0.6543671831136574912 ) ) ;
#382 = CARTESIAN_POINT ( 'NONE',  ( 0.000000000000000000, 0.2491135936504991766, 0.6411782061984901970 ) ) ;
#383 = CARTESIAN_POINT ( 'NONE',  ( 0.000000000000000000, -0.9037060735726653027, 0.2295000000000000095 ) ) ;
#384 = CIRCLE ( 'NONE', #1759, 0.6600000000000000311 ) ;
#385 = CIRCLE ( 'NONE', #430, 0.1300000000000000044 ) ;
#386 = VECTOR ( 'NONE', #755, 1000.000000000000000 ) ;
#387 = CARTESIAN_POINT ( 'NONE',  ( 2.009999999999999787, 0.2294999999999999818, 0.5433477631085024129 ) ) ;
#388 = CARTESIAN_POINT ( 'NONE',  ( 0.6699999999999999289, -1.160973318834972901, -0.2294999999999999540 ) ) ;
#389 = CARTESIAN_POINT ( 'NONE',  ( 0.000000000000000000, -0.4167953833635942851, -0.6036217613721633901 ) ) ;
#390 = CARTESIAN_POINT ( 'NONE',  ( 0.000000000000000000, -0.2294999999999999818, 0.7223733752154177790 ) ) ;
#391 = CARTESIAN_POINT ( 'NONE',  ( 0.6699999999999999289, -0.8575814083712973712, 0.8575814083712974822 ) ) ;
#392 = CARTESIAN_POINT ( 'NONE',  ( 2.210999999999999854, 0.000000000000000000, 0.000000000000000000 ) ) ;
#393 = CARTESIAN_POINT ( 'NONE',  ( 2.009999999999999787, -0.5392499249289480767, -0.2294999999999995377 ) ) ;
#394 = CARTESIAN_POINT ( 'NONE',  ( 0.000000000000000000, -0.3747915183772619341, -0.5876139952981636050 ) ) ;
#395 = CARTESIAN_POINT ( 'NONE',  ( 0.6700000000000000400, -0.2294999999999999540, 0.7908092337038032937 ) ) ;
#396 = CARTESIAN_POINT ( 'NONE',  ( 0.6699999999999999289, -0.5628899751421199138, 0.3595352262988449898 ) ) ;
#397 = VERTEX_POINT ( 'NONE', #1647 ) ;
#398 =( NAMED_UNIT ( * ) PLANE_ANGLE_UNIT ( ) SI_UNIT ( $, .RADIAN. ) );
#399 = B_SPLINE_SURFACE_WITH_KNOTS ( 'NONE', 3, 3, ( 
 ( #1004, #1025, #1728, #94 ),
 ( #636, #1600, #370, #1460 ),
 ( #1287, #59, #1709, #876 ),
 ( #1430, #1038, #471, #1015 ) ),
 .UNSPECIFIED., .F., .F., .F.,
 ( 4, 4 ),
 ( 4, 4 ),
 ( 0.000000000000000000, 1.000000000000000000 ),
 ( 0.000000000000000000, 1.000000000000000000 ),
 .UNSPECIFIED. ) ;
#400 = ADVANCED_FACE ( 'NONE', ( #1234 ), #1550, .F. ) ;
#401 = CARTESIAN_POINT ( 'NONE',  ( 0.000000000000000000, 0.000000000000000000, 0.000000000000000000 ) ) ;
#402 = CARTESIAN_POINT ( 'NONE',  ( 0.000000000000000000, -1.435197781267951500, -0.2295000000000001206 ) ) ;
#403 = CARTESIAN_POINT ( 'NONE',  ( 0.000000000000000000, -0.3068394616943649345, -0.5969625364381258015 ) ) ;
#404 = CARTESIAN_POINT ( 'NONE',  ( 2.010000000000000675, -0.2294999999999996487, 0.6006006711813065557 ) ) ;
#405 = CARTESIAN_POINT ( 'NONE',  ( 2.009999999999998899, -0.5136882630767308777, 0.2324564526725561298 ) ) ;
#406 = ORIENTED_EDGE ( 'NONE', *, *, #1106, .F. ) ;
#407 = AXIS2_PLACEMENT_3D ( 'NONE', #1434, #50, #319 ) ;
#408 = DIRECTION ( 'NONE',  ( 0.000000000000000000, 0.000000000000000000, -1.000000000000000000 ) ) ;
#409 = CIRCLE ( 'NONE', #68, 0.1300000000000000044 ) ;
#410 = CARTESIAN_POINT ( 'NONE',  ( 0.6699999999999990408, -0.5692044453176613450, -0.2820451253537619163 ) ) ;
#411 = CARTESIAN_POINT ( 'NONE',  ( -0.000000000000000000, 0.6036217613721630570, 0.4167953833635941185 ) ) ;
#412 = CARTESIAN_POINT ( 'NONE',  ( 1.339999999999999858, -0.2294999999999997875, 0.5903765598834417316 ) ) ;
#413 = CYLINDRICAL_SURFACE ( 'NONE', #1001, 1.298999999999999710 ) ;
#414 = VERTEX_POINT ( 'NONE', #546 ) ;
#415 = CYLINDRICAL_SURFACE ( 'NONE', #693, 1.500000000000000222 ) ;
#416 = CARTESIAN_POINT ( 'NONE',  ( 2.009999999999999787, -0.6188124266670318452, 0.2295002184676448453 ) ) ;
#417 = CARTESIAN_POINT ( 'NONE',  ( 1.339999999999998304, 0.5532291125581739744, 0.4782624030271444004 ) ) ;
#418 = CARTESIAN_POINT ( 'NONE',  ( 0.6699999999999999289, 1.160973318834972901, -0.2295000000000001761 ) ) ;
#419 = EDGE_CURVE ( 'NONE', #414, #739, #525, .T. ) ;
#420 = CARTESIAN_POINT ( 'NONE',  ( 1.004999999999999893, -0.2294999999999999818, 1.059406589296349344 ) ) ;
#421 = ORIENTED_EDGE ( 'NONE', *, *, #1722, .T. ) ;
#422 = CARTESIAN_POINT ( 'NONE',  ( 2.009999999999999787, -0.08143397530174673049, 0.6737266061727791300 ) ) ;
#423 = CARTESIAN_POINT ( 'NONE',  ( 1.340000000000000524, -0.5304040826137070841, -0.3884216836037971965 ) ) ;
#424 = CARTESIAN_POINT ( 'NONE',  ( 2.010000000000000231, 0.5832075478202701779, 0.2294999999999994822 ) ) ;
#425 = CARTESIAN_POINT ( 'NONE',  ( 2.009999999999999787, -0.2294999999999996487, 0.6125243939690161454 ) ) ;
#426 = CARTESIAN_POINT ( 'NONE',  ( 2.010000000000002451, -0.5832075478202697338, 0.2295000000000002316 ) ) ;
#427 = ORIENTED_EDGE ( 'NONE', *, *, #856, .T. ) ;
#428 = CARTESIAN_POINT ( 'NONE',  ( 26.62000000000000099, 0.000000000000000000, 0.000000000000000000 ) ) ;
#429 = CARTESIAN_POINT ( 'NONE',  ( 0.000000000000000000, -0.9500594470901843058, -0.9048485144238093136 ) ) ;
#430 = AXIS2_PLACEMENT_3D ( 'NONE', #661, #673, #148 ) ;
#431 = CARTESIAN_POINT ( 'NONE',  ( 1.339999999999998970, 0.5251819540697714173, 0.2839939270941667648 ) ) ;
#432 = PLANE ( 'NONE',  #970 ) ;
#433 = CIRCLE ( 'NONE', #101, 0.6600000000000000311 ) ;
#434 = DIRECTION ( 'NONE',  ( 0.9158539185684566597, 0.000000000000000000, -0.4015116434710241378 ) ) ;
#435 = VECTOR ( 'NONE', #497, 1000.000000000000114 ) ;
#436 = FACE_OUTER_BOUND ( 'NONE', #1363, .T. ) ;
#437 = VERTEX_POINT ( 'NONE', #708 ) ;
#438 = VECTOR ( 'NONE', #642, 999.9999999999998863 ) ;
#439 = CARTESIAN_POINT ( 'NONE',  ( 2.009999999999999787, 0.5433477631085024129, 0.3594999999999997087 ) ) ;
#440 = CARTESIAN_POINT ( 'NONE',  ( 0.000000000000000000, -1.060660171779820526, -1.060660171779820971 ) ) ;
#441 = CARTESIAN_POINT ( 'NONE',  ( 0.000000000000000000, 1.099933124499041348, 0.2294999999999998153 ) ) ;
#442 = DIRECTION ( 'NONE',  ( -1.000000000000000000, 0.000000000000000000, 0.000000000000000000 ) ) ;
#443 = ORIENTED_EDGE ( 'NONE', *, *, #3, .T. ) ;
#444 = DIRECTION ( 'NONE',  ( 0.000000000000000000, 0.000000000000000000, -1.000000000000000000 ) ) ;
#445 = CARTESIAN_POINT ( 'NONE',  ( 1.339999999999999858, 0.3022750692340958056, 0.5221581889120768816 ) ) ;
#446 = ORIENTED_EDGE ( 'NONE', *, *, #246, .T. ) ;
#447 = EDGE_CURVE ( 'NONE', #840, #1092, #574, .T. ) ;
#448 = CARTESIAN_POINT ( 'NONE',  ( 0.000000000000000000, -1.500000000000000222, -0.2295000000000001206 ) ) ;
#449 = DIRECTION ( 'NONE',  ( 0.000000000000000000, 0.000000000000000000, -1.000000000000000000 ) ) ;
#450 = CARTESIAN_POINT ( 'NONE',  ( 0.6699999999999999289, 0.8575814083712979263, 0.8575814083712974822 ) ) ;
#451 = CARTESIAN_POINT ( 'NONE',  ( 2.009999999999999787, -0.2294999999999996487, 0.6188131785926994644 ) ) ;
#452 = ORIENTED_EDGE ( 'NONE', *, *, #1190, .F. ) ;
#453 =( LENGTH_UNIT ( ) NAMED_UNIT ( * ) SI_UNIT ( .MILLI., .METRE. ) );
#454 = LINE ( 'NONE', #466, #1517 ) ;
#455 = ORIENTED_EDGE ( 'NONE', *, *, #1530, .F. ) ;
#456 = CARTESIAN_POINT ( 'NONE',  ( 26.37270800287122796, 0.000000000000000000, 0.000000000000000000 ) ) ;
#457 = DIRECTION ( 'NONE',  ( 1.000000000000000000, -0.000000000000000000, -0.000000000000000000 ) ) ;
#458 = AXIS2_PLACEMENT_3D ( 'NONE', #1608, #1364, #672 ) ;
#459 = DIRECTION ( 'NONE',  ( 0.000000000000000000, 0.000000000000000000, -1.000000000000000000 ) ) ;
#460 = CARTESIAN_POINT ( 'NONE',  ( 2.009999999999999787, 0.4160204051086567878, 0.4032296380902795629 ) ) ;
#461 = DIRECTION ( 'NONE',  ( 0.000000000000000000, 0.000000000000000000, -1.000000000000000000 ) ) ;
#462 = AXIS2_PLACEMENT_3D ( 'NONE', #1689, #1314, #1272 ) ;
#463 = ORIENTED_EDGE ( 'NONE', *, *, #255, .T. ) ;
#464 = CARTESIAN_POINT ( 'NONE',  ( 2.009999999999999787, -0.4514238815542513383, -0.4514238815542512273 ) ) ;
#465 = AXIS2_PLACEMENT_3D ( 'NONE', #1269, #1006, #307 ) ;
#466 = CARTESIAN_POINT ( 'NONE',  ( 26.37270800287122796, 0.000000000000000000, 1.500000000000000000 ) ) ;
#467 = ORIENTED_EDGE ( 'NONE', *, *, #580, .F. ) ;
#468 = CARTESIAN_POINT ( 'NONE',  ( 0.000000000000000000, -1.060660171779820526, -1.060660171779820971 ) ) ;
#469 = CARTESIAN_POINT ( 'NONE',  ( 2.009999999999999787, -0.2294991350275843445, 0.6188161523670204778 ) ) ;
#470 = VECTOR ( 'NONE', #1000, 1000.000000000000000 ) ;
#471 = CARTESIAN_POINT ( 'NONE',  ( 1.339999999999999858, 0.9125421190617996059, 0.2294999999999997875 ) ) ;
#472 = CARTESIAN_POINT ( 'NONE',  ( 0.6699999999999999289, 0.8282737758859137767, -0.8181839375154490446 ) ) ;
#473 = CARTESIAN_POINT ( 'NONE',  ( 0.6699999999999999289, 0.8575814083712979263, -0.8575814083712981484 ) ) ;
#474 = EDGE_CURVE ( 'NONE', #1572, #694, #986, .T. ) ;
#475 = ORIENTED_EDGE ( 'NONE', *, *, #1481, .F. ) ;
#476 = DIRECTION ( 'NONE',  ( 0.000000000000000000, 0.000000000000000000, -1.000000000000000000 ) ) ;
#477 = ADVANCED_FACE ( 'Bface2', ( #174 ), #413, .T. ) ;
#478 = VERTEX_POINT ( 'NONE', #229 ) ;
#479 = LINE ( 'NONE', #1283, #1097 ) ;
#480 = DIRECTION ( 'NONE',  ( 1.000000000000000000, -0.000000000000000000, -0.000000000000000000 ) ) ;
#481 = AXIS2_PLACEMENT_3D ( 'NONE', #254, #1640, #793 ) ;
#482 = ORIENTED_EDGE ( 'NONE', *, *, #770, .F. ) ;
#483 = DIRECTION ( 'NONE',  ( 0.000000000000000000, 1.224646799147353454E-16, 1.000000000000000000 ) ) ;
#484 = CARTESIAN_POINT ( 'NONE',  ( 2.009999999999999787, 0.4375501157988059275, 0.4375501157988057055 ) ) ;
#485 = CARTESIAN_POINT ( 'NONE',  ( 1.340000000000000302, 0.5704359302014563315, -0.5940334191024995159 ) ) ;
#486 = ORIENTED_EDGE ( 'NONE', *, *, #284, .F. ) ;
#487 = FACE_OUTER_BOUND ( 'NONE', #303, .T. ) ;
#488 = ADVANCED_FACE ( 'NONE', ( #871 ), #1581, .T. ) ;
#489 = ORIENTED_EDGE ( 'NONE', *, *, #758, .F. ) ;
#490 = CARTESIAN_POINT ( 'NONE',  ( 0.000000000000000000, -1.500000000000000000, -0.2295000000000001206 ) ) ;
#491 = VECTOR ( 'NONE', #550, 999.9999999999998863 ) ;
#492 = FACE_OUTER_BOUND ( 'NONE', #1043, .T. ) ;
#493 = ORIENTED_EDGE ( 'NONE', *, *, #1693, .F. ) ;
#494 = CARTESIAN_POINT ( 'NONE',  ( 2.009999999999999787, -0.5433477631085024129, 0.2295000000000000373 ) ) ;
#495 = CARTESIAN_POINT ( 'NONE',  ( 2.009999999999997566, 0.4939659334555752679, -0.2385951314526203459 ) ) ;
#496 = CARTESIAN_POINT ( 'NONE',  ( 0.6700000000000000400, 0.2820451253537622494, -0.5692044453176622332 ) ) ;
#497 = DIRECTION ( 'NONE',  ( 0.9158539185684565487, 0.000000000000000000, 0.4015116434710244153 ) ) ;
#498 = CARTESIAN_POINT ( 'NONE',  ( 0.6699999999999999289, 0.2294999999999998153, 0.6415031948379354976 ) ) ;
#499 = CIRCLE ( 'NONE', #1405, 1.066999999999999948 ) ;
#500 = ORIENTED_EDGE ( 'NONE', *, *, #1765, .T. ) ;
#501 = DIRECTION ( 'NONE',  ( -0.7071067811865462405, 0.000000000000000000, 0.7071067811865489050 ) ) ;
#502 = AXIS2_PLACEMENT_3D ( 'NONE', #1158, #1536, #1254 ) ;
#503 = SURFACE_STYLE_FILL_AREA ( #82 ) ;
#504 = EDGE_CURVE ( 'NONE', #1388, #750, #241, .T. ) ;
#505 = ORIENTED_EDGE ( 'NONE', *, *, #1238, .F. ) ;
#506 = DIRECTION ( 'NONE',  ( 0.000000000000000000, 1.000000000000000000, -1.224646799147353207E-16 ) ) ;
#507 = CARTESIAN_POINT ( 'NONE',  ( 0.6700000000000001510, 0.7376422223126325450, -0.7720464330963423549 ) ) ;
#508 = CARTESIAN_POINT ( 'NONE',  ( 2.010000000000002895, -0.2324564526725559632, -0.5136882630767316549 ) ) ;
#509 = CARTESIAN_POINT ( 'NONE',  ( 2.009999999999998899, 0.2298864209738525344, 0.5302528608183731951 ) ) ;
#510 = ORIENTED_EDGE ( 'NONE', *, *, #54, .T. ) ;
#511 = CARTESIAN_POINT ( 'NONE',  ( 0.6699999999999997069, -0.7045721546709527994, 0.2294999999999999263 ) ) ;
#512 =( NAMED_UNIT ( * ) PLANE_ANGLE_UNIT ( ) SI_UNIT ( $, .RADIAN. ) );
#513 = EDGE_CURVE ( 'NONE', #843, #840, #1721, .T. ) ;
#514 = CARTESIAN_POINT ( 'NONE',  ( 0.6700000000000008171, 0.4911693948693393597, -0.6298766102085766594 ) ) ;
#515 = CARTESIAN_POINT ( 'NONE',  ( 1.339999999999998082, -0.2362954785327351093, -0.5672279759450790104 ) ) ;
#516 = CARTESIAN_POINT ( 'NONE',  ( 2.009999999999999343, 0.2295000000000001206, 0.6188131785926991313 ) ) ;
#517 = PRODUCT_DEFINITION_SHAPE ( 'NONE', 'NONE',  #1032 ) ;
#518 = CARTESIAN_POINT ( 'NONE',  ( 2.009999999999999787, -0.4595998865762150332, 0.2582493855547027817 ) ) ;
#519 = SURFACE_STYLE_USAGE ( .BOTH. , #795 ) ;
#520 = CARTESIAN_POINT ( 'NONE',  ( 0.000000000000000000, -0.6411782061984903081, -0.2491135936504990100 ) ) ;
#521 = ADVANCED_FACE ( 'NONE', ( #891 ), #1412, .F. ) ;
#522 = CARTESIAN_POINT ( 'NONE',  ( 0.6699999999999997069, -0.2294999999999999818, -1.206271059530900081 ) ) ;
#523 = CARTESIAN_POINT ( 'NONE',  ( 2.009999999999999787, 0.5433477631085024129, -0.2294999999999999818 ) ) ;
#524 = CARTESIAN_POINT ( 'NONE',  ( 0.000000000000000000, -0.5876139952981634940, 0.3747915183772608239 ) ) ;
#525 = CIRCLE ( 'NONE', #1617, 0.1300000000000001155 ) ;
#526 = CONICAL_SURFACE ( 'NONE', #1212, 1.500000000000000222, 0.5235987755982995928 ) ;
#527 = CARTESIAN_POINT ( 'NONE',  ( 0.000000000000000000, 1.836970198721030181E-16, 1.500000000000000222 ) ) ;
#528 = CARTESIAN_POINT ( 'NONE',  ( -0.000000000000000000, -0.7811363910286249768, -0.2295000000000001206 ) ) ;
#529 = CARTESIAN_POINT ( 'NONE',  ( 0.000000000000000000, -0.2294999999999999540, -1.302177609708591977 ) ) ;
#530 = EDGE_CURVE ( 'NONE', #547, #222, #549, .T. ) ;
#531 = CARTESIAN_POINT ( 'NONE',  ( 0.6699999999999999289, -0.2294999999999998153, 1.160973318834972901 ) ) ;
#532 = VECTOR ( 'NONE', #1574, 999.9999999999998863 ) ;
#533 = LINE ( 'NONE', #1356, #1070 ) ;
#534 = EDGE_CURVE ( 'NONE', #1451, #547, #726, .T. ) ;
#535 = ORIENTED_EDGE ( 'NONE', *, *, #1220, .T. ) ;
#536 = DIRECTION ( 'NONE',  ( 1.000000000000000000, -0.000000000000000000, -0.000000000000000000 ) ) ;
#537 = CARTESIAN_POINT ( 'NONE',  ( 0.6699999999999999289, -0.5628899751421200248, -0.3595352262988446568 ) ) ;
#538 = CARTESIAN_POINT ( 'NONE',  ( 2.009999999999999343, -0.2295000000000000928, -0.6188131785926991313 ) ) ;
#539 = CARTESIAN_POINT ( 'NONE',  ( 2.009999999999999787, -0.2294999999999996765, 0.5392499249289480767 ) ) ;
#540 = FACE_OUTER_BOUND ( 'NONE', #144, .T. ) ;
#541 = ORIENTED_EDGE ( 'NONE', *, *, #1755, .T. ) ;
#542 = CARTESIAN_POINT ( 'NONE',  ( 1.004999999999999893, 0.7560420266670362377, 0.7560420266670359046 ) ) ;
#543 = CARTESIAN_POINT ( 'NONE',  ( 0.6700000000000004841, -0.7908092337038032937, -0.2294999999999995377 ) ) ;
#544 = CARTESIAN_POINT ( 'NONE',  ( 2.009999999999999787, -0.2294999999999996765, 0.5433477631085023019 ) ) ;
#545 = CARTESIAN_POINT ( 'NONE',  ( -0.000000000000000000, -0.4167953833635941741, 0.6036217613721630570 ) ) ;
#546 = CARTESIAN_POINT ( 'NONE',  ( 2.009999999999999787, -0.5433477631085024129, 0.2295000000000000928 ) ) ;
#547 = VERTEX_POINT ( 'NONE', #1010 ) ;
#548 = EDGE_CURVE ( 'NONE', #1457, #222, #87, .T. ) ;
#549 = CIRCLE ( 'NONE', #462, 0.6600000000000000311 ) ;
#550 = DIRECTION ( 'NONE',  ( 0.000000000000000000, 0.8154461049218116875, -0.5788330069785634358 ) ) ;
#551 = CIRCLE ( 'NONE', #465, 2.750000000000000000 ) ;
#552 = ADVANCED_FACE ( 'NONE', ( #206 ), #699, .F. ) ;
#553 = CARTESIAN_POINT ( 'NONE',  ( 1.339999999999999858, -0.5245223187553623712, -0.3349276972338567360 ) ) ;
#554 = CARTESIAN_POINT ( 'NONE',  ( 0.6699999999999999289, 0.5894447509345098757, 0.4116060089130115229 ) ) ;
#555 = CARTESIAN_POINT ( 'NONE',  ( 1.339999999999999858, -0.2294999999999997320, 0.8867488564019946340 ) ) ;
#556 = CARTESIAN_POINT ( 'NONE',  ( 26.62000000000000099, 0.000000000000000000, 0.000000000000000000 ) ) ;
#557 = ORIENTED_EDGE ( 'NONE', *, *, #57, .T. ) ;
#558 = EDGE_CURVE ( 'NONE', #1092, #169, #1322, .T. ) ;
#559 = CARTESIAN_POINT ( 'NONE',  ( 1.339999999999999858, 0.07978931686783119481, 0.9491510707818525683 ) ) ;
#560 = CARTESIAN_POINT ( 'NONE',  ( 2.210999999999999854, 0.000000000000000000, 0.000000000000000000 ) ) ;
#561 = CARTESIAN_POINT ( 'NONE',  ( 0.000000000000000000, -0.6163653815752404563, -0.4347482909067313939 ) ) ;
#562 = CARTESIAN_POINT ( 'NONE',  ( 0.000000000000000000, -0.4882843205921661434, 0.6543671831136571582 ) ) ;
#563 = CARTESIAN_POINT ( 'NONE',  ( 0.000000000000000000, -1.500000000000000000, 0.2294999999999998708 ) ) ;
#564 = ORIENTED_EDGE ( 'NONE', *, *, #474, .T. ) ;
#565 = CARTESIAN_POINT ( 'NONE',  ( 0.000000000000000000, 1.499999999999999556, 0.2294999999999999263 ) ) ;
#566 = CARTESIAN_POINT ( 'NONE',  ( 0.6699999999999992628, -0.6966372653289735206, -0.6140628914863840437 ) ) ;
#567 = CARTESIAN_POINT ( 'NONE',  ( 2.009999999999998010, 0.5302528608183733061, 0.2298864209738521180 ) ) ;
#568 = CARTESIAN_POINT ( 'NONE',  ( 0.000000000000000000, 0.2294999999999997597, -1.500000000000000222 ) ) ;
#569 = VECTOR ( 'NONE', #312, 1000.000000000000000 ) ;
#570 = CARTESIAN_POINT ( 'NONE',  ( 2.009999999999999343, -0.6125243939690160344, 0.2295000000000001761 ) ) ;
#571 = LINE ( 'NONE', #977, #1117 ) ;
#572 = ORIENTED_EDGE ( 'NONE', *, *, #343, .F. ) ;
#573 = CARTESIAN_POINT ( 'NONE',  ( 2.271857787678656759, 0.000000000000000000, -1.298999999999999932 ) ) ;
#574 = CIRCLE ( 'NONE', #801, 0.1299999999999998934 ) ;
#575 = CYLINDRICAL_SURFACE ( 'NONE', #1646, 1.298999999999999710 ) ;
#576 = VECTOR ( 'NONE', #1779, 1000.000000000000000 ) ;
#577 = CARTESIAN_POINT ( 'NONE',  ( 0.000000000000000000, 0.6926298297924287084, 0.2294999999999998985 ) ) ;
#578 = CARTESIAN_POINT ( 'NONE',  ( 2.215685424949238591, 0.000000000000000000, 0.000000000000000000 ) ) ;
#579 = ORIENTED_EDGE ( 'NONE', *, *, #897, .T. ) ;
#580 = EDGE_CURVE ( 'NONE', #233, #961, #662, .T. ) ;
#581 = DIRECTION ( 'NONE',  ( 1.000000000000000000, -0.000000000000000000, -0.000000000000000000 ) ) ;
#582 = CARTESIAN_POINT ( 'NONE',  ( 2.010000000000000675, 0.2856739723382554774, 0.4309315550188378974 ) ) ;
#583 = ADVANCED_FACE ( 'NONE', ( #1073 ), #147, .T. ) ;
#584 = ORIENTED_EDGE ( 'NONE', *, *, #718, .T. ) ;
#585 = CIRCLE ( 'NONE', #1768, 1.298999999999999932 ) ;
#586 = CARTESIAN_POINT ( 'NONE',  ( 0.000000000000000000, -0.2294999999999999540, 1.499999999999999556 ) ) ;
#587 = CARTESIAN_POINT ( 'NONE',  ( 2.620000000000000995, 0.000000000000000000, 0.000000000000000000 ) ) ;
#588 = CARTESIAN_POINT ( 'NONE',  ( 1.339999999999999858, 0.6329119458423598799, -0.6278670266571275693 ) ) ;
#589 = CARTESIAN_POINT ( 'NONE',  ( 26.37270800287122796, 1.836970198721029934E-16, -1.500000000000000000 ) ) ;
#590 = ORIENTED_EDGE ( 'NONE', *, *, #1481, .T. ) ;
#591 = CARTESIAN_POINT ( 'NONE',  ( 0.000000000000000000, -1.060660171779820526, -1.060660171779820971 ) ) ;
#592 = CARTESIAN_POINT ( 'NONE',  ( 2.009999999999999787, 0.4514238815542513383, 0.4514238815542512273 ) ) ;
#593 = ORIENTED_EDGE ( 'NONE', *, *, #796, .T. ) ;
#594 = CARTESIAN_POINT ( 'NONE',  ( 26.62000000000000099, 0.000000000000000000, 1.066999999999999948 ) ) ;
#595 = CARTESIAN_POINT ( 'NONE',  ( 1.339999999999999858, -0.6545026449627744380, -0.6545026449627744380 ) ) ;
#596 = FACE_OUTER_BOUND ( 'NONE', #1168, .T. ) ;
#597 = CARTESIAN_POINT ( 'NONE',  ( 2.009999999999999787, -0.4375501157988058720, 0.4375501157988060386 ) ) ;
#598 = ORIENTED_EDGE ( 'NONE', *, *, #474, .F. ) ;
#599 = DIRECTION ( 'NONE',  ( 1.000000000000000000, -0.000000000000000000, -0.000000000000000000 ) ) ;
#600 = AXIS2_PLACEMENT_3D ( 'NONE', #1201, #1060, #1618 ) ;
#601 = VERTEX_POINT ( 'NONE', #1333 ) ;
#602 = CARTESIAN_POINT ( 'NONE',  ( 0.000000000000000000, -0.7223733752154178900, 0.3594999999999995977 ) ) ;
#603 = PRESENTATION_STYLE_ASSIGNMENT (( #617 ) ) ;
#604 = EDGE_CURVE ( 'NONE', #843, #13, #1749, .T. ) ;
#605 = LINE ( 'NONE', #1150, #643 ) ;
#606 = AXIS2_PLACEMENT_3D ( 'NONE', #1320, #1046, #1181 ) ;
#607 = CARTESIAN_POINT ( 'NONE',  ( 0.000000000000000000, 0.4347482909067318380, -0.6163653815752407894 ) ) ;
#608 = EDGE_CURVE ( 'NONE', #1457, #843, #22, .T. ) ;
#609 = CARTESIAN_POINT ( 'NONE',  ( 0.6699999999999999289, 0.7045721546709523553, -0.2295000000000000095 ) ) ;
#610 = CARTESIAN_POINT ( 'NONE',  ( 2.010000000000001119, -0.2856739723382545892, 0.4309315550188376753 ) ) ;
#611 = ORIENTED_EDGE ( 'NONE', *, *, #1776, .F. ) ;
#612 = FILL_AREA_STYLE_COLOUR ( '', #317 ) ;
#613 = CARTESIAN_POINT ( 'NONE',  ( 2.009999999999999787, -0.4514238815542514494, -0.4514238815542511718 ) ) ;
#614 =( GEOMETRIC_REPRESENTATION_CONTEXT ( 3 ) GLOBAL_UNCERTAINTY_ASSIGNED_CONTEXT ( ( #644 ) ) GLOBAL_UNIT_ASSIGNED_CONTEXT ( ( #781, #398, #651 ) ) REPRESENTATION_CONTEXT ( 'NONE', 'WORKASPACE' ) );
#615 = ORIENTED_EDGE ( 'NONE', *, *, #1598, .F. ) ;
#616 = DIRECTION ( 'NONE',  ( 0.000000000000000000, 0.000000000000000000, 1.000000000000000000 ) ) ;
#617 = SURFACE_STYLE_USAGE ( .BOTH. , #1148 ) ;
#618 = DIRECTION ( 'NONE',  ( 1.000000000000000000, -0.000000000000000000, -0.000000000000000000 ) ) ;
#619 = CARTESIAN_POINT ( 'NONE',  ( 0.000000000000000000, 0.9500594470901837507, -0.9048485144238093136 ) ) ;
#620 = CARTESIAN_POINT ( 'NONE',  ( 2.009999999999998899, 0.2385951314526196798, -0.4939659334555748238 ) ) ;
#621 = VERTEX_POINT ( 'NONE', #1366 ) ;
#622 = DIRECTION ( 'NONE',  ( 0.000000000000000000, 0.000000000000000000, -1.000000000000000000 ) ) ;
#623 = CARTESIAN_POINT ( 'NONE',  ( 0.6699999999999999289, -0.07814465843391564526, -1.224575535390926451 ) ) ;
#624 = ORIENTED_EDGE ( 'NONE', *, *, #111, .F. ) ;
#625 = ORIENTED_EDGE ( 'NONE', *, *, #504, .T. ) ;
#626 =( NAMED_UNIT ( * ) PLANE_ANGLE_UNIT ( ) SI_UNIT ( $, .RADIAN. ) );
#627 = ORIENTED_EDGE ( 'NONE', *, *, #1151, .F. ) ;
#628 = DIRECTION ( 'NONE',  ( 1.000000000000000000, -0.000000000000000000, -0.000000000000000000 ) ) ;
#629 = CARTESIAN_POINT ( 'NONE',  ( 0.000000000000000000, 0.6036217613721630570, -0.4167953833635943406 ) ) ;
#630 = CARTESIAN_POINT ( 'NONE',  ( 2.009999999999999787, 0.2294999999999997320, -0.6125243939690162565 ) ) ;
#631 = DIRECTION ( 'NONE',  ( -0.000000000000000000, -1.000000000000000000, 1.795859344192813932E-15 ) ) ;
#632 = ORIENTED_EDGE ( 'NONE', *, *, #1151, .T. ) ;
#633 = VERTEX_POINT ( 'NONE', #544 ) ;
#634 = CARTESIAN_POINT ( 'NONE',  ( 0.000000000000000000, 0.7223733752154177790, -0.3595000000000000417 ) ) ;
#635 = ORIENTED_EDGE ( 'NONE', *, *, #1327, .F. ) ;
#636 = CARTESIAN_POINT ( 'NONE',  ( 0.000000000000000000, 1.499999999999999556, -0.07650000000000010958 ) ) ;
#637 = CARTESIAN_POINT ( 'NONE',  ( 1.340000000000000968, 0.2294999999999997875, -0.6779123938349413958 ) ) ;
#638 = CARTESIAN_POINT ( 'NONE',  ( 1.339999999999997859, -0.2839939270941675420, -0.5251819540697718613 ) ) ;
#639 = CARTESIAN_POINT ( 'NONE',  ( 0.6699999999999992628, 0.2820451253537621383, 0.5692044453176611229 ) ) ;
#640 = PRODUCT_RELATED_PRODUCT_CATEGORY ( 'part', '', ( #1345 ) ) ;
#641 = ORIENTED_EDGE ( 'NONE', *, *, #1127, .T. ) ;
#642 = DIRECTION ( 'NONE',  ( 0.000000000000000000, -0.5788330069785636578, -0.8154461049218115765 ) ) ;
#643 = VECTOR ( 'NONE', #1435, 1000.000000000000000 ) ;
#644 = UNCERTAINTY_MEASURE_WITH_UNIT (LENGTH_MEASURE( 1.000000000000000082E-05 ), #781, 'distance_accuracy_value', 'NONE');
#645 = VERTEX_POINT ( 'NONE', #561 ) ;
#646 = CARTESIAN_POINT ( 'NONE',  ( 0.6699999999999999289, 0.2294999999999997597, -1.160973318834973123 ) ) ;
#647 = CARTESIAN_POINT ( 'NONE',  ( -0.000000000000000000, -0.2294999999999999540, -1.435197781267951722 ) ) ;
#648 = CARTESIAN_POINT ( 'NONE',  ( 1.339999999999998526, 0.2572507890131590091, 0.5414463541971961114 ) ) ;
#649 = EDGE_LOOP ( 'NONE', ( #178, #1534 ) ) ;
#650 = CARTESIAN_POINT ( 'NONE',  ( 0.000000000000000000, -0.5969625364381260235, 0.3068394616943643238 ) ) ;
#651 =( NAMED_UNIT ( * ) SI_UNIT ( $, .STERADIAN. ) SOLID_ANGLE_UNIT ( ) );
#652 = CARTESIAN_POINT ( 'NONE',  ( 2.009999999999999787, -2.774032902257833610E-17, -2.646977960169688560E-17 ) ) ;
#653 = CARTESIAN_POINT ( 'NONE',  ( 0.000000000000000000, 0.2294999999999997320, -1.435197781267951722 ) ) ;
#654 = CARTESIAN_POINT ( 'NONE',  ( 0.6699999999999990408, -0.2427045360916175454, -0.6042030910717846037 ) ) ;
#655 = CARTESIAN_POINT ( 'NONE',  ( 0.6700000000000004841, 0.2294999999999999263, 1.068318630199496910 ) ) ;
#656 = CARTESIAN_POINT ( 'NONE',  ( 0.000000000000000000, -0.7811363910286247547, 0.2294999999999998985 ) ) ;
#657 = SURFACE_SIDE_STYLE ('',( #1059 ) ) ;
#658 = VECTOR ( 'NONE', #687, 1000.000000000000000 ) ;
#659 = ADVANCED_FACE ( 'NONE', ( #1259 ), #1203, .F. ) ;
#660 = DIRECTION ( 'NONE',  ( 0.000000000000000000, 0.000000000000000000, -1.000000000000000000 ) ) ;
#661 = CARTESIAN_POINT ( 'NONE',  ( 2.009999999999999787, -0.3594999999999997087, 0.5433477631085023019 ) ) ;
#662 = LINE ( 'NONE', #1636, #919 ) ;
#663 = CARTESIAN_POINT ( 'NONE',  ( 0.6699999999999999289, 1.206271059530899636, -0.2295000000000001761 ) ) ;
#664 = CARTESIAN_POINT ( 'NONE',  ( 2.009999999999999787, -0.5392499249289482988, 0.2295000000000000928 ) ) ;
#665 = STYLED_ITEM ( 'NONE', ( #77 ), #488 ) ;
#666 = CARTESIAN_POINT ( 'NONE',  ( 2.620000000000000995, 1.836970198721030181E-16, 1.500000000000000222 ) ) ;
#667 = CARTESIAN_POINT ( 'NONE',  ( 2.009999999999999787, -0.6125243939690162565, -0.2294999999999996487 ) ) ;
#668 = CARTESIAN_POINT ( 'NONE',  ( 0.6699999999999987077, -0.2294999999999998985, -1.068318630199496466 ) ) ;
#669 = AXIS2_PLACEMENT_3D ( 'NONE', #1745, #883, #232 ) ;
#670 = CARTESIAN_POINT ( 'NONE',  ( 0.000000000000000000, -0.9500594470901845279, 0.9048485144238085365 ) ) ;
#671 = ORIENTED_EDGE ( 'NONE', *, *, #604, .F. ) ;
#672 = DIRECTION ( 'NONE',  ( 0.000000000000000000, 0.000000000000000000, -1.000000000000000000 ) ) ;
#673 = DIRECTION ( 'NONE',  ( 1.000000000000000000, -0.000000000000000000, -0.000000000000000000 ) ) ;
#674 = CARTESIAN_POINT ( 'NONE',  ( 1.339999999999999858, 0.5903765598834417316, 0.2294999999999997320 ) ) ;
#675 = CARTESIAN_POINT ( 'NONE',  ( 0.6699999999999992628, -0.2294999999999997875, 0.9276912656061171436 ) ) ;
#676 = CARTESIAN_POINT ( 'NONE',  ( 0.000000000000000000, -0.8400454180997736220, 0.7498633799456241311 ) ) ;
#677 = ADVANCED_FACE ( 'NONE', ( #596 ), #1508, .F. ) ;
#678 = ORIENTED_EDGE ( 'NONE', *, *, #129, .T. ) ;
#679 = CARTESIAN_POINT ( 'NONE',  ( 0.000000000000000000, -1.500000000000000222, 0.07649999999999979039 ) ) ;
#680 = CARTESIAN_POINT ( 'NONE',  ( 2.009999999999999787, -0.6006006711813068888, -0.2294999999999993712 ) ) ;
#681 = CARTESIAN_POINT ( 'NONE',  ( 0.000000000000000000, 1.302177609708592865, 0.2294999999999999818 ) ) ;
#682 = CARTESIAN_POINT ( 'NONE',  ( 2.009999999999999787, -0.2450149121693462329, 0.4814264026820337383 ) ) ;
#683 = CARTESIAN_POINT ( 'NONE',  ( 0.000000000000000000, 0.000000000000000000, 0.000000000000000000 ) ) ;
#684 = ADVANCED_FACE ( 'NONE', ( #1645 ), #1215, .F. ) ;
#685 = VERTEX_POINT ( 'NONE', #984 ) ;
#686 = AXIS2_PLACEMENT_3D ( 'NONE', #966, #1515, #1386 ) ;
#687 = DIRECTION ( 'NONE',  ( -0.000000000000000000, 1.000000000000000000, 1.394245178765387231E-16 ) ) ;
#688 = CARTESIAN_POINT ( 'NONE',  ( 0.000000000000000000, -1.060660171779820526, 1.060660171779820526 ) ) ;
#689 = AXIS2_PLACEMENT_3D ( 'NONE', #1175, #905, #1065 ) ;
#690 = CARTESIAN_POINT ( 'NONE',  ( 2.009999999999999343, 0.5514436819556087777, 0.2294999999999997042 ) ) ;
#691 = CARTESIAN_POINT ( 'NONE',  ( 0.000000000000000000, -0.2294999999999999263, 1.499999999999999334 ) ) ;
#692 = CARTESIAN_POINT ( 'NONE',  ( 0.6699999999999997069, -1.206271059530900081, 0.2294999999999999540 ) ) ;
#693 = AXIS2_PLACEMENT_3D ( 'NONE', #1587, #480, #336 ) ;
#694 = VERTEX_POINT ( 'NONE', #993 ) ;
#695 = DIRECTION ( 'NONE',  ( 1.000000000000000000, -0.000000000000000000, -0.000000000000000000 ) ) ;
#696 = CARTESIAN_POINT ( 'NONE',  ( 2.009999999999999787, 0.5433477631085024129, -0.2295000000000000095 ) ) ;
#697 = CARTESIAN_POINT ( 'NONE',  ( 2.009999999999999787, 0.6006006711813062227, 0.2294999999999998153 ) ) ;
#698 = CARTESIAN_POINT ( 'NONE',  ( 0.6699999999999992628, -0.6140628914863849319, 0.6966372653289748529 ) ) ;
#699 = B_SPLINE_SURFACE_WITH_KNOTS ( 'NONE', 3, 3, ( 
 ( #591, #332, #748, #464 ),
 ( #1164, #1174, #1593, #42 ),
 ( #1133, #736, #1019, #1546 ),
 ( #858, #185, #1280, #1559 ),
 ( #1291, #64, #1185, #1048 ),
 ( #381, #1471, #777, #1210 ),
 ( #389, #790, #373, #1622 ),
 ( #394, #114, #638, #96 ),
 ( #403, #920, #244, #508 ),
 ( #1772, #654, #515, #944 ),
 ( #1742, #1603, #1630, #1492 ),
 ( #1064, #1219, #1346, #785 ),
 ( #1204, #1340, #105, #912 ),
 ( #931, #936, #1478, #1762 ),
 ( #529, #668, #1462, #1756 ),
 ( #647, #251, #235, #768 ),
 ( #1483, #522, #120, #538 ) ),
 .UNSPECIFIED., .F., .F., .F.,
 ( 4, 1, 1, 1, 2, 1, 1, 1, 2, 1, 1, 1, 4 ),
 ( 4, 4 ),
 ( 0.5000000000000003331, 0.5625668204307368025, 0.6251336408614731610, 0.6877004612922096305, 0.7502672817229461000, 0.7712485976591736403, 0.7922299135954010696, 0.8132112295316287209, 0.8341925454678562613, 0.8756444091008922515, 0.9170962727339280196, 0.9585481363669640098, 1.000000000000000000 ),
 ( 0.000000000000000000, 1.000000000000000000 ),
 .UNSPECIFIED. ) ;
#700 = CARTESIAN_POINT ( 'NONE',  ( 0.000000000000000000, -1.302177609708593753, 0.2294999999999999263 ) ) ;
#701 = DIRECTION ( 'NONE',  ( 0.000000000000000000, 0.000000000000000000, 1.000000000000000000 ) ) ;
#702 = EDGE_LOOP ( 'NONE', ( #1446, #1527, #308, #869, #641, #1302, #131 ) ) ;
#703 = CARTESIAN_POINT ( 'NONE',  ( 1.339999999999999858, -0.9491510707818529013, -0.07978931686783113930 ) ) ;
#704 = LINE ( 'NONE', #1521, #1379 ) ;
#705 = CARTESIAN_POINT ( 'NONE',  ( 2.009999999999998455, 0.4939659334555752679, 0.2385951314526196798 ) ) ;
#706 = CARTESIAN_POINT ( 'NONE',  ( 2.009999999999999787, -0.4514238815542511163, 0.4514238815542514494 ) ) ;
#707 = ORIENTED_EDGE ( 'NONE', *, *, #372, .F. ) ;
#708 = CARTESIAN_POINT ( 'NONE',  ( 1.649999999999999689, 2.622773742038561074E-16, -1.533314575050762851 ) ) ;
#709 = CARTESIAN_POINT ( 'NONE',  ( 0.6699999999999999289, 0.3595352262988449343, 0.5628899751421199138 ) ) ;
#710 = VERTEX_POINT ( 'NONE', #61 ) ;
#711 = CARTESIAN_POINT ( 'NONE',  ( 0.000000000000000000, 0.07649999999999984590, 1.499999999999999556 ) ) ;
#712 = CARTESIAN_POINT ( 'NONE',  ( 2.009999999999999787, -0.4375501157988059275, -0.4375501157988058720 ) ) ;
#713 = CARTESIAN_POINT ( 'NONE',  ( 1.339999999999999858, 0.6329119458423599909, 0.6278670266571272363 ) ) ;
#714 = CARTESIAN_POINT ( 'NONE',  ( 2.009999999999999787, 0.000000000000000000, 0.000000000000000000 ) ) ;
#715 = CIRCLE ( 'NONE', #1738, 0.1300000000000001155 ) ;
#716 = EDGE_LOOP ( 'NONE', ( #261, #1282, #1495, #735, #90 ) ) ;
#717 = DIRECTION ( 'NONE',  ( -1.000000000000000000, 0.000000000000000000, 0.000000000000000000 ) ) ;
#718 = EDGE_CURVE ( 'NONE', #894, #1685, #551, .T. ) ;
#719 = CARTESIAN_POINT ( 'NONE',  ( 0.6700000000000001510, 0.4911693948693391376, 0.6298766102085759933 ) ) ;
#720 = ORIENTED_EDGE ( 'NONE', *, *, #1693, .T. ) ;
#721 = DIRECTION ( 'NONE',  ( 1.000000000000000000, -0.000000000000000000, -0.000000000000000000 ) ) ;
#722 = CARTESIAN_POINT ( 'NONE',  ( 2.009999999999999787, -0.4514238815542513383, -0.4514238815542512273 ) ) ;
#723 = CARTESIAN_POINT ( 'NONE',  ( 2.009999999999999343, 0.4309315550188375088, -0.2856739723382551444 ) ) ;
#724 = CARTESIAN_POINT ( 'NONE',  ( 2.009999999999999787, -0.6188161523670199227, -0.2294991350275855102 ) ) ;
#725 = ORIENTED_EDGE ( 'NONE', *, *, #1571, .F. ) ;
#726 = LINE ( 'NONE', #904, #744 ) ;
#727 = DIRECTION ( 'NONE',  ( -1.000000000000000000, 0.000000000000000000, 0.000000000000000000 ) ) ;
#728 = ORIENTED_EDGE ( 'NONE', *, *, #111, .T. ) ;
#729 = CARTESIAN_POINT ( 'NONE',  ( 1.004999999999999893, 1.059406589296349788, 0.2294999999999998430 ) ) ;
#730 = CARTESIAN_POINT ( 'NONE',  ( 2.009999999999999787, 0.2295002186393469701, 0.6188124266033125931 ) ) ;
#731 = CARTESIAN_POINT ( 'NONE',  ( 0.000000000000000000, -0.4347482909072134527, -0.6163653815755826271 ) ) ;
#732 = LINE ( 'NONE', #1171, #1061 ) ;
#733 = CARTESIAN_POINT ( 'NONE',  ( 1.339999999999999858, 0.5903765598834418427, -0.2295000000000000373 ) ) ;
#734 = CARTESIAN_POINT ( 'NONE',  ( 1.004999999999999893, -0.7560420266670359046, -0.7560420266670361267 ) ) ;
#735 = ORIENTED_EDGE ( 'NONE', *, *, #823, .T. ) ;
#736 = CARTESIAN_POINT ( 'NONE',  ( 0.6700000000000001510, -0.7376422223126323230, -0.7720464330963416888 ) ) ;
#737 = CIRCLE ( 'NONE', #200, 0.1300000000000000600 ) ;
#738 = CARTESIAN_POINT ( 'NONE',  ( 0.000000000000000000, 0.4167953833635941185, 0.6036217613721630570 ) ) ;
#739 = VERTEX_POINT ( 'NONE', #1400 ) ;
#740 = DIRECTION ( 'NONE',  ( 1.000000000000000000, -0.000000000000000000, -0.000000000000000000 ) ) ;
#741 = CARTESIAN_POINT ( 'NONE',  ( 0.000000000000000000, 0.7223733751969469985, -0.2295000000000000651 ) ) ;
#742 = AXIS2_PLACEMENT_3D ( 'NONE', #1577, #506, #483 ) ;
#743 = CARTESIAN_POINT ( 'NONE',  ( 0.6700000000000008171, 0.7908092337038032937, -0.2295000000000000928 ) ) ;
#744 = VECTOR ( 'NONE', #1700, 1000.000000000000000 ) ;
#745 = CARTESIAN_POINT ( 'NONE',  ( 2.009999999999999787, 0.2450149121693464549, -0.4814264026820337383 ) ) ;
#746 = AXIS2_PLACEMENT_3D ( 'NONE', #155, #990, #1391 ) ;
#747 = EDGE_LOOP ( 'NONE', ( #406, #1316, #1648, #1605, #1382, #368, #194, #862, #1144, #340, #1682, #225, #1639, #1422, #1237, #285, #452, #1083, #344, #1396, #1715, #27, #886, #367, #1433, #467, #49, #611 ) ) ;
#748 = CARTESIAN_POINT ( 'NONE',  ( 1.339999999999999858, -0.6545026449627744380, -0.6545026449627744380 ) ) ;
#749 = CARTESIAN_POINT ( 'NONE',  ( 1.339999999999999858, -0.2294999999999999540, -0.9125421190617996059 ) ) ;
#750 = VERTEX_POINT ( 'NONE', #171 ) ;
#751 = CARTESIAN_POINT ( 'NONE',  ( 0.000000000000000000, 0.000000000000000000, -1.500000000000000222 ) ) ;
#752 = VECTOR ( 'NONE', #1034, 1000.000000000000000 ) ;
#753 = ADVANCED_FACE ( 'NONE', ( #830 ), #432, .F. ) ;
#754 = ORIENTED_EDGE ( 'NONE', *, *, #1350, .T. ) ;
#755 = DIRECTION ( 'NONE',  ( -0.000000000000000000, 1.000000000000000000, -2.155031213031376719E-15 ) ) ;
#756 = CARTESIAN_POINT ( 'NONE',  ( 2.009999999999999787, 0.5392499249289482988, -0.2295000000000000095 ) ) ;
#757 = CARTESIAN_POINT ( 'NONE',  ( 1.339999999999998082, 0.4782624030271445670, -0.5532291125581734192 ) ) ;
#758 = EDGE_CURVE ( 'NONE', #761, #890, #923, .T. ) ;
#759 = CARTESIAN_POINT ( 'NONE',  ( 2.009999999999999787, 0.3595000000000000417, 0.5433477631085024129 ) ) ;
#760 = CARTESIAN_POINT ( 'NONE',  ( 1.339999999999999414, 0.2294999999999999263, 0.6280079183132806220 ) ) ;
#761 = VERTEX_POINT ( 'NONE', #724 ) ;
#762 = CARTESIAN_POINT ( 'NONE',  ( 1.649999999999999689, 0.000000000000000000, 1.533314575050762851 ) ) ;
#763 = DIRECTION ( 'NONE',  ( 0.000000000000000000, 0.000000000000000000, -1.000000000000000000 ) ) ;
#764 = ORIENTED_EDGE ( 'NONE', *, *, #1667, .T. ) ;
#765 = DIRECTION ( 'NONE',  ( 0.000000000000000000, 0.000000000000000000, 1.000000000000000000 ) ) ;
#766 = CARTESIAN_POINT ( 'NONE',  ( 0.000000000000000000, 1.302177609708593309, -0.2295000000000002871 ) ) ;
#767 = CARTESIAN_POINT ( 'NONE',  ( 2.009999999999999787, 0.2582493855547023931, -0.4595998865762150887 ) ) ;
#768 = CARTESIAN_POINT ( 'NONE',  ( 2.009999999999999343, -0.2295000000000000651, -0.6125243939690160344 ) ) ;
#769 = CARTESIAN_POINT ( 'NONE',  ( 0.6699999999999997069, 0.2294999999999998985, 1.160973318834972901 ) ) ;
#770 = EDGE_CURVE ( 'NONE', #478, #1655, #1355, .T. ) ;
#771 = VERTEX_POINT ( 'NONE', #1155 ) ;
#772 = LINE ( 'NONE', #1326, #75 ) ;
#773 = EDGE_LOOP ( 'NONE', ( #1401, #369, #348, #584 ) ) ;
#774 = CARTESIAN_POINT ( 'NONE',  ( 2.009999999999999787, 0.08143397530174667498, -0.6737266061727790190 ) ) ;
#775 = CIRCLE ( 'NONE', #458, 1.500000000000000000 ) ;
#776 = CARTESIAN_POINT ( 'NONE',  ( -0.000000000000000000, 0.2294999999999997320, -0.7811363910286249768 ) ) ;
#777 = CARTESIAN_POINT ( 'NONE',  ( 1.339999999999999858, -0.3349276972338571801, -0.5245223187553625932 ) ) ;
#778 = CARTESIAN_POINT ( 'NONE',  ( -0.000000000000000000, 0.2294999999999996765, 0.6926298297924290415 ) ) ;
#779 = ORIENTED_EDGE ( 'NONE', *, *, #295, .F. ) ;
#780 = CARTESIAN_POINT ( 'NONE',  ( 0.6699999999999995959, -0.5692044453176609009, 0.2820451253537615832 ) ) ;
#781 =( LENGTH_UNIT ( ) NAMED_UNIT ( * ) SI_UNIT ( .MILLI., .METRE. ) );
#782 = B_SPLINE_SURFACE_WITH_KNOTS ( 'NONE', 3, 3, ( 
 ( #826, #1116, #971, #841 ),
 ( #711, #1265, #559, #1397 ),
 ( #981, #1656, #1101, #422 ),
 ( #586, #5, #153, #1520 ) ),
 .UNSPECIFIED., .F., .F., .F.,
 ( 4, 4 ),
 ( 4, 4 ),
 ( 0.000000000000000000, 1.000000000000000000 ),
 ( 0.000000000000000000, 1.000000000000000000 ),
 .UNSPECIFIED. ) ;
#783 = DIRECTION ( 'NONE',  ( 0.9191182639511609187, -0.2785871648796873212, -0.2785871648796873212 ) ) ;
#784 = CARTESIAN_POINT ( 'NONE',  ( 0.6699999999999999289, 0.2294999999999996487, -0.6415031948379357196 ) ) ;
#785 = CARTESIAN_POINT ( 'NONE',  ( 2.009999999999999343, -0.2295000000000000651, -0.5514436819556088887 ) ) ;
#786 = CARTESIAN_POINT ( 'NONE',  ( 1.339999999999999858, 0.2294999999999999263, 0.5903765598834418427 ) ) ;
#787 = CARTESIAN_POINT ( 'NONE',  ( 2.010000000000001563, -0.4309315550188381194, 0.2856739723382553109 ) ) ;
#788 = DIRECTION ( 'NONE',  ( -0.7071067811865462405, 8.659560562354950115E-17, -0.7071067811865489050 ) ) ;
#789 = CARTESIAN_POINT ( 'NONE',  ( 1.339999999999999858, -0.8344596506904023991, -0.2294999999999994822 ) ) ;
#790 = CARTESIAN_POINT ( 'NONE',  ( 0.6699999999999999289, -0.3595352262988451009, -0.5628899751421202469 ) ) ;
#791 = CARTESIAN_POINT ( 'NONE',  ( 0.6700000000000001510, -0.3293927227357136833, 0.5563979746839667895 ) ) ;
#792 = CARTESIAN_POINT ( 'NONE',  ( 1.339999999999999858, -0.5221581889120767705, 0.3022750692340959167 ) ) ;
#793 = DIRECTION ( 'NONE',  ( 1.000000000000000000, 0.000000000000000000, 0.000000000000000000 ) ) ;
#794 = CIRCLE ( 'NONE', #1030, 1.066999999999999948 ) ;
#795 = SURFACE_SIDE_STYLE ('',( #1078 ) ) ;
#796 = EDGE_CURVE ( 'NONE', #1267, #1357, #1140, .T. ) ;
#797 = CARTESIAN_POINT ( 'NONE',  ( 0.6700000000000001510, -0.5563979746839676777, -0.3293927227357135168 ) ) ;
#798 = CARTESIAN_POINT ( 'NONE',  ( 0.000000000000000000, -1.060660171779820748, -1.060660171779821193 ) ) ;
#799 = CARTESIAN_POINT ( 'NONE',  ( 2.009999999999999787, 0.6188131785926992423, -0.2295000000000001206 ) ) ;
#800 = CARTESIAN_POINT ( 'NONE',  ( 2.215685424949238591, 0.000000000000000000, 0.000000000000000000 ) ) ;
#801 = AXIS2_PLACEMENT_3D ( 'NONE', #1368, #1122, #444 ) ;
#802 = CIRCLE ( 'NONE', #1041, 0.6600000000000000311 ) ;
#803 = ORIENTED_EDGE ( 'NONE', *, *, #940, .F. ) ;
#804 = LINE ( 'NONE', #542, #1348 ) ;
#805 = CARTESIAN_POINT ( 'NONE',  ( 2.009999999999999787, -0.6188131785926993533, -0.2294999999999996210 ) ) ;
#806 = CARTESIAN_POINT ( 'NONE',  ( 1.339999999999999414, 0.9125421190617993839, 0.2294999999999997875 ) ) ;
#807 = CARTESIAN_POINT ( 'NONE',  ( 0.000000000000000000, -0.2294999999999999818, 1.302177609708593753 ) ) ;
#808 = ADVANCED_FACE ( 'NONE', ( #1260 ), #1669, .F. ) ;
#809 = B_SPLINE_SURFACE_WITH_KNOTS ( 'NONE', 3, 3, ( 
 ( #1338, #391, #376, #1638 ),
 ( #1480, #1342, #253, #1076 ),
 ( #670, #933, #915, #1198 ),
 ( #676, #1766, #269, #1066 ),
 ( #1758, #137, #1222, #787 ),
 ( #1632, #109, #1465, #518 ),
 ( #239, #396, #792, #1775 ),
 ( #524, #1082, #116, #1349 ),
 ( #650, #780, #1058, #405 ),
 ( #938, #122, #810, #1227 ),
 ( #1362, #1213, #1606, #664 ),
 ( #656, #511, #1051, #1614 ),
 ( #383, #1206, #1625, #1486 ),
 ( #260, #1402, #309, #426 ),
 ( #700, #1509, #1680, #1090 ),
 ( #831, #1099, #1378, #570 ),
 ( #563, #692, #1246, #1262 ) ),
 .UNSPECIFIED., .F., .F., .F.,
 ( 4, 1, 1, 1, 2, 1, 1, 1, 2, 1, 1, 1, 4 ),
 ( 4, 4 ),
 ( 0.5000000000000000000, 0.5625668204307363585, 0.6251336408614727169, 0.6877004612922091864, 0.7502672817229456559, 0.7712485976591731962, 0.7922299135954007365, 0.8132112295316282768, 0.8341925454678558172, 0.8756444091008918074, 0.9170962727339280196, 0.9585481363669638988, 1.000000000000000000 ),
 ( 0.000000000000000000, 1.000000000000000000 ),
 .UNSPECIFIED. ) ;
#810 = CARTESIAN_POINT ( 'NONE',  ( 1.340000000000000524, -0.5672279759450794545, 0.2362954785327349150 ) ) ;
#811 = ORIENTED_EDGE ( 'NONE', *, *, #1672, .T. ) ;
#812 = CARTESIAN_POINT ( 'NONE',  ( 2.010000000000001119, -0.4939659334555764891, -0.2385951314526192912 ) ) ;
#813 = CARTESIAN_POINT ( 'NONE',  ( 1.339999999999999858, 0.5221581889120768816, 0.3022750692340955281 ) ) ;
#814 = CARTESIAN_POINT ( 'NONE',  ( 2.009999999999997122, -0.2324564526725559910, 0.5136882630767317659 ) ) ;
#815 = PLANE ( 'NONE',  #354 ) ;
#816 = ORIENTED_EDGE ( 'NONE', *, *, #240, .F. ) ;
#817 = DIRECTION ( 'NONE',  ( 1.000000000000000000, -0.000000000000000000, -0.000000000000000000 ) ) ;
#818 = CARTESIAN_POINT ( 'NONE',  ( 1.339999999999999858, -0.8867488564019946340, -0.2294999999999998153 ) ) ;
#819 = CARTESIAN_POINT ( 'NONE',  ( 2.009999999999999343, 0.6188131785926993533, 0.2294999999999996765 ) ) ;
#820 = CARTESIAN_POINT ( 'NONE',  ( 0.000000000000000000, -0.5939171061348802461, 0.7293491378034443473 ) ) ;
#821 = DIRECTION ( 'NONE',  ( 0.000000000000000000, 0.000000000000000000, 1.000000000000000000 ) ) ;
#822 = COLOUR_RGB ( '',0.6470588235294117974, 0.6196078431372549211, 0.5882352941176470784 ) ;
#823 = EDGE_CURVE ( 'NONE', #633, #1699, #1678, .T. ) ;
#824 = ORIENTED_EDGE ( 'NONE', *, *, #24, .F. ) ;
#825 = AXIS2_PLACEMENT_3D ( 'NONE', #1553, #1657, #1512 ) ;
#826 = CARTESIAN_POINT ( 'NONE',  ( 0.000000000000000000, 0.2294999999999997597, 1.499999999999999556 ) ) ;
#827 = AXIS2_PLACEMENT_3D ( 'NONE', #216, #900, #84 ) ;
#828 = FACE_OUTER_BOUND ( 'NONE', #954, .T. ) ;
#829 = CARTESIAN_POINT ( 'NONE',  ( 0.000000000000000000, 0.2294999999999997597, -1.500000000000000222 ) ) ;
#830 = FACE_OUTER_BOUND ( 'NONE', #1583, .T. ) ;
#831 = CARTESIAN_POINT ( 'NONE',  ( -0.000000000000000000, -1.435197781267951500, 0.2294999999999998708 ) ) ;
#832 =( GEOMETRIC_REPRESENTATION_CONTEXT ( 3 ) GLOBAL_UNCERTAINTY_ASSIGNED_CONTEXT ( ( #1179 ) ) GLOBAL_UNIT_ASSIGNED_CONTEXT ( ( #896, #626, #1428 ) ) REPRESENTATION_CONTEXT ( 'NONE', 'WORKASPACE' ) );
#833 = ORIENTED_EDGE ( 'NONE', *, *, #380, .F. ) ;
#834 = LINE ( 'NONE', #28, #569 ) ;
#835 = LINE ( 'NONE', #305, #1184 ) ;
#836 = CARTESIAN_POINT ( 'NONE',  ( 0.6699999999999994849, 0.5563979746839674556, 0.3293927227357138499 ) ) ;
#837 = DIRECTION ( 'NONE',  ( 0.000000000000000000, 0.000000000000000000, 1.000000000000000000 ) ) ;
#838 = CARTESIAN_POINT ( 'NONE',  ( 2.009999999999999787, 0.000000000000000000, 0.000000000000000000 ) ) ;
#839 = CARTESIAN_POINT ( 'NONE',  ( 1.339999999999999858, 0.6545026449627746601, 0.6545026449627743270 ) ) ;
#840 = VERTEX_POINT ( 'NONE', #315 ) ;
#841 = CARTESIAN_POINT ( 'NONE',  ( 2.009999999999999787, 0.2295000000000001483, 0.6188131785926992423 ) ) ;
#842 = DIRECTION ( 'NONE',  ( 0.000000000000000000, 0.5788330069785632137, 0.8154461049218119095 ) ) ;
#843 = VERTEX_POINT ( 'NONE', #291 ) ;
#844 = CARTESIAN_POINT ( 'NONE',  ( 0.6699999999999997069, 0.6042030910717842707, -0.2427045360916175454 ) ) ;
#845 = CARTESIAN_POINT ( 'NONE',  ( 1.340000000000000080, -0.5704359302014556654, 0.5940334191024987387 ) ) ;
#846 = VERTEX_POINT ( 'NONE', #1421 ) ;
#847 = DIRECTION ( 'NONE',  ( -1.000000000000000000, 0.000000000000000000, 0.000000000000000000 ) ) ;
#848 = CARTESIAN_POINT ( 'NONE',  ( 2.009999999999999787, 0.4375501157988059275, 0.4375501157988058165 ) ) ;
#849 = ORIENTED_EDGE ( 'NONE', *, *, #925, .F. ) ;
#850 = CARTESIAN_POINT ( 'NONE',  ( 0.000000000000000000, -1.060660171779820748, 1.060660171779820748 ) ) ;
#851 = VECTOR ( 'NONE', #158, 1000.000000000000000 ) ;
#852 = CARTESIAN_POINT ( 'NONE',  ( 1.339999999999998526, -0.5532291125581729752, -0.4782624030271442894 ) ) ;
#853 = AXIS2_PLACEMENT_3D ( 'NONE', #1114, #727, #1403 ) ;
#854 = CARTESIAN_POINT ( 'NONE',  ( 0.000000000000000000, 1.023635605929468007, -1.008500848373770520 ) ) ;
#855 = CARTESIAN_POINT ( 'NONE',  ( 0.000000000000000000, -1.060660171779820526, 1.060660171779820526 ) ) ;
#856 = EDGE_CURVE ( 'NONE', #169, #1121, #193, .T. ) ;
#857 = ORIENTED_EDGE ( 'NONE', *, *, #1425, .T. ) ;
#858 = CARTESIAN_POINT ( 'NONE',  ( 0.000000000000000000, -0.7498633799456247973, -0.8400454180997759535 ) ) ;
#859 = CARTESIAN_POINT ( 'NONE',  ( 2.009999999999999787, 0.2450149121693466769, 0.4814264026820337383 ) ) ;
#860 = EDGE_CURVE ( 'NONE', #961, #1558, #1551, .T. ) ;
#861 = VERTEX_POINT ( 'NONE', #1252 ) ;
#862 = ORIENTED_EDGE ( 'NONE', *, *, #1672, .F. ) ;
#863 = CARTESIAN_POINT ( 'NONE',  ( 0.000000000000000000, -1.500000000000000222, -0.2295000000000001206 ) ) ;
#864 = DIRECTION ( 'NONE',  ( -0.000000000000000000, -1.000000000000000000, -0.000000000000000000 ) ) ;
#865 = ORIENTED_EDGE ( 'NONE', *, *, #796, .F. ) ;
#866 = FACE_OUTER_BOUND ( 'NONE', #44, .T. ) ;
#867 = CARTESIAN_POINT ( 'NONE',  ( 0.6699999999999999289, 0.6415031948379353866, -0.2295000000000000651 ) ) ;
#868 = DIRECTION ( 'NONE',  ( -0.000000000000000000, 3.591718688385612580E-16, 1.000000000000000000 ) ) ;
#869 = ORIENTED_EDGE ( 'NONE', *, *, #1103, .T. ) ;
#870 = ADVANCED_FACE ( 'NONE', ( #23 ), #1496, .F. ) ;
#871 = FACE_OUTER_BOUND ( 'NONE', #63, .T. ) ;
#872 = CARTESIAN_POINT ( 'NONE',  ( 0.6699999999999999289, 0.8181839375154489336, 0.8282737758859136656 ) ) ;
#873 = ORIENTED_EDGE ( 'NONE', *, *, #1323, .T. ) ;
#874 = CARTESIAN_POINT ( 'NONE',  ( 2.271857787678656759, 0.000000000000000000, 0.000000000000000000 ) ) ;
#875 = DIRECTION ( 'NONE',  ( 0.000000000000000000, 0.000000000000000000, 1.000000000000000000 ) ) ;
#876 = CARTESIAN_POINT ( 'NONE',  ( 2.009999999999999787, 0.6737266061727791300, 0.08143397530174645293 ) ) ;
#877 = CARTESIAN_POINT ( 'NONE',  ( 1.339999999999999192, 0.5940334191024991828, -0.5704359302014564426 ) ) ;
#878 = CARTESIAN_POINT ( 'NONE',  ( 2.009999999999999787, 0.4514238815542512273, -0.4514238815542514494 ) ) ;
#879 = VERTEX_POINT ( 'NONE', #956 ) ;
#880 = DIRECTION ( 'NONE',  ( 0.000000000000000000, 0.000000000000000000, 1.000000000000000000 ) ) ;
#881 = CARTESIAN_POINT ( 'NONE',  ( 1.339999999999999192, 0.4782624030271441784, 0.5532291125581729752 ) ) ;
#882 = ORIENTED_EDGE ( 'NONE', *, *, #71, .T. ) ;
#883 = DIRECTION ( 'NONE',  ( 1.000000000000000000, -0.000000000000000000, -0.000000000000000000 ) ) ;
#884 = EDGE_CURVE ( 'NONE', #739, #633, #385, .T. ) ;
#885 = DIRECTION ( 'NONE',  ( -1.000000000000000000, 0.000000000000000000, 0.000000000000000000 ) ) ;
#886 = ORIENTED_EDGE ( 'NONE', *, *, #54, .F. ) ;
#887 = CARTESIAN_POINT ( 'NONE',  ( 0.6699999999999999289, 0.07814465843391546485, -1.224575535390926451 ) ) ;
#888 = CARTESIAN_POINT ( 'NONE',  ( 1.339999999999999414, 0.5304040826137065290, -0.3884216836037971965 ) ) ;
#889 = CARTESIAN_POINT ( 'NONE',  ( 1.339999999999999858, 0.3022750692340956946, -0.5221581889120769926 ) ) ;
#890 = VERTEX_POINT ( 'NONE', #416 ) ;
#891 = FACE_OUTER_BOUND ( 'NONE', #1767, .T. ) ;
#892 = CARTESIAN_POINT ( 'NONE',  ( 0.000000000000000000, 0.000000000000000000, -1.298999999999999710 ) ) ;
#893 = VECTOR ( 'NONE', #1736, 1000.000000000000000 ) ;
#894 = VERTEX_POINT ( 'NONE', #1477 ) ;
#895 = LINE ( 'NONE', #762, #219 ) ;
#896 =( LENGTH_UNIT ( ) NAMED_UNIT ( * ) SI_UNIT ( .MILLI., .METRE. ) );
#897 = EDGE_CURVE ( 'NONE', #771, #1261, #1224, .T. ) ;
#898 = CIRCLE ( 'NONE', #1307, 0.1300000000000000044 ) ;
#899 = VERTEX_POINT ( 'NONE', #688 ) ;
#900 = DIRECTION ( 'NONE',  ( 1.000000000000000000, 0.000000000000000000, -0.000000000000000000 ) ) ;
#901 = EDGE_CURVE ( 'NONE', #846, #1457, #250, .T. ) ;
#902 = CARTESIAN_POINT ( 'NONE',  ( 1.339999999999997859, 0.7554494067131932722, -0.2294999999999999540 ) ) ;
#903 = CARTESIAN_POINT ( 'NONE',  ( 1.339999999999999858, 0.2294999999999996765, -0.5903765598834419537 ) ) ;
#904 = CARTESIAN_POINT ( 'NONE',  ( 1.004999999999999893, 1.059406589296349344, -0.2295000000000001483 ) ) ;
#905 = DIRECTION ( 'NONE',  ( 1.000000000000000000, -0.000000000000000000, -0.000000000000000000 ) ) ;
#906 = ORIENTED_EDGE ( 'NONE', *, *, #991, .T. ) ;
#907 = EDGE_LOOP ( 'NONE', ( #294, #427, #624, #1306, #671, #1115, #1033 ) ) ;
#908 = CARTESIAN_POINT ( 'NONE',  ( 0.000000000000000000, -1.060660171779820748, 1.060660171779820748 ) ) ;
#909 = ORIENTED_EDGE ( 'NONE', *, *, #1390, .F. ) ;
#910 = CARTESIAN_POINT ( 'NONE',  ( 26.62000000000000099, 1.571834166705627751E-16, -1.066999999999999948 ) ) ;
#911 = CARTESIAN_POINT ( 'NONE',  ( 0.6699999999999990408, 0.6140628914863850429, -0.6966372653289739647 ) ) ;
#912 = CARTESIAN_POINT ( 'NONE',  ( 2.009999999999997122, -0.2294999999999999540, -0.5650155539660787207 ) ) ;
#913 = CARTESIAN_POINT ( 'NONE',  ( -0.000000000000000000, 0.2294999999999997320, 1.435197781267951056 ) ) ;
#914 = VERTEX_POINT ( 'NONE', #1504 ) ;
#915 = CARTESIAN_POINT ( 'NONE',  ( 1.340000000000000080, -0.5940334191024996269, 0.5704359302014564426 ) ) ;
#916 = CARTESIAN_POINT ( 'NONE',  ( 2.009999999999999787, 0.4514238815542512273, -0.4514238815542513938 ) ) ;
#917 = AXIS2_PLACEMENT_3D ( 'NONE', #401, #941, #1489 ) ;
#918 = CARTESIAN_POINT ( 'NONE',  ( -0.000000000000000000, 0.4167953833635942296, -0.6036217613721632791 ) ) ;
#919 = VECTOR ( 'NONE', #1195, 1000.000000000000000 ) ;
#920 = CARTESIAN_POINT ( 'NONE',  ( 0.6700000000000010392, -0.2820451253537619163, -0.5692044453176611229 ) ) ;
#921 = ADVANCED_FACE ( 'NONE', ( #278 ), #962, .F. ) ;
#922 = CARTESIAN_POINT ( 'NONE',  ( 0.6699999999999997069, 0.2294999999999998985, 1.206271059530899636 ) ) ;
#923 = CIRCLE ( 'NONE', #1705, 0.6600000000000000311 ) ;
#924 = DIRECTION ( 'NONE',  ( 1.000000000000000000, -0.000000000000000000, -0.000000000000000000 ) ) ;
#925 = EDGE_CURVE ( 'NONE', #1009, #478, #704, .T. ) ;
#926 = SURFACE_STYLE_USAGE ( .BOTH. , #657 ) ;
#927 = AXIS2_PLACEMENT_3D ( 'NONE', #1590, #628, #103 ) ;
#928 = DIRECTION ( 'NONE',  ( -1.000000000000000000, 0.000000000000000000, 0.000000000000000000 ) ) ;
#929 = CARTESIAN_POINT ( 'NONE',  ( 0.000000000000000000, 0.2294999999999997320, -0.7223733752154181120 ) ) ;
#930 = PRESENTATION_LAYER_ASSIGNMENT (  '', '', ( #154 ) ) ;
#931 = CARTESIAN_POINT ( 'NONE',  ( 0.000000000000000000, -0.2294999999999999540, -1.099933124499043346 ) ) ;
#932 = FACE_OUTER_BOUND ( 'NONE', #81, .T. ) ;
#933 = CARTESIAN_POINT ( 'NONE',  ( 0.6700000000000000400, -0.7720464330963420219, 0.7376422223126325450 ) ) ;
#934 = CARTESIAN_POINT ( 'NONE',  ( 0.000000000000000000, 0.2294999999999997320, 1.499999999999999556 ) ) ;
#935 = CARTESIAN_POINT ( 'NONE',  ( 0.6700000000000001510, -0.6042030910717849368, -0.2427045360916166572 ) ) ;
#936 = CARTESIAN_POINT ( 'NONE',  ( 0.6700000000000013722, -0.2295000000000001761, -0.9276912656061191420 ) ) ;
#937 = CARTESIAN_POINT ( 'NONE',  ( 2.010000000000000231, -0.2294999999999997597, 0.5650155539660792758 ) ) ;
#938 = CARTESIAN_POINT ( 'NONE',  ( 0.000000000000000000, -0.6411782061984901970, 0.2491135936504994541 ) ) ;
#939 = ORIENTED_EDGE ( 'NONE', *, *, #419, .F. ) ;
#940 = EDGE_CURVE ( 'NONE', #861, #1180, #320, .T. ) ;
#941 = DIRECTION ( 'NONE',  ( -1.000000000000000000, 0.000000000000000000, 0.000000000000000000 ) ) ;
#942 = EDGE_CURVE ( 'NONE', #1100, #437, #1332, .T. ) ;
#943 = CARTESIAN_POINT ( 'NONE',  ( 1.339999999999999858, -0.6280079183132808440, -0.2294999999999998153 ) ) ;
#944 = CARTESIAN_POINT ( 'NONE',  ( 2.009999999999997122, -0.2298864209738527009, -0.5302528608183733061 ) ) ;
#945 = CARTESIAN_POINT ( 'NONE',  ( 2.009999999999999787, -0.2294999999999996487, 0.5514436819556087777 ) ) ;
#946 = CARTESIAN_POINT ( 'NONE',  ( 2.009999999999999787, -0.2295000000000000928, -0.5433477631085024129 ) ) ;
#947 = AXIS2_PLACEMENT_3D ( 'NONE', #1384, #457, #1694 ) ;
#948 = VERTEX_POINT ( 'NONE', #1408 ) ;
#949 = DIRECTION ( 'NONE',  ( 0.000000000000000000, 0.000000000000000000, 1.000000000000000000 ) ) ;
#950 = CARTESIAN_POINT ( 'NONE',  ( 2.009999999999999787, -0.4814264026820337383, -0.2450149121693461773 ) ) ;
#951 = CARTESIAN_POINT ( 'NONE',  ( 0.000000000000000000, 0.7293491378034445694, 0.5939171061348809122 ) ) ;
#952 = CARTESIAN_POINT ( 'NONE',  ( 0.6699999999999990408, -0.2820451253537621938, 0.5692044453176621222 ) ) ;
#953 = DIRECTION ( 'NONE',  ( 1.000000000000000000, -0.000000000000000000, -0.000000000000000000 ) ) ;
#954 = EDGE_LOOP ( 'NONE', ( #108, #1325, #627, #598 ) ) ;
#955 = FILL_AREA_STYLE_COLOUR ( '', #1485 ) ;
#956 = CARTESIAN_POINT ( 'NONE',  ( 2.215685424949238591, 1.734292489257156132E-16, 1.298999999999999710 ) ) ;
#957 = CARTESIAN_POINT ( 'NONE',  ( 0.6699999999999997069, 0.7045721546709523553, 0.2294999999999997597 ) ) ;
#958 = CARTESIAN_POINT ( 'NONE',  ( 0.6699999999999999289, -0.2294999999999998985, 0.7045721546709523553 ) ) ;
#959 = EDGE_CURVE ( 'NONE', #169, #645, #1266, .T. ) ;
#960 = DIRECTION ( 'NONE',  ( 0.9191182639511609187, 0.2785871648796872102, -0.2785871648796870437 ) ) ;
#961 = VERTEX_POINT ( 'NONE', #1002 ) ;
#962 = B_SPLINE_SURFACE_WITH_KNOTS ( 'NONE', 3, 3, ( 
 ( #1079, #1498, #126, #805 ),
 ( #402, #388, #818, #667 ),
 ( #118, #1635, #789, #680 ),
 ( #140, #1208, #1218, #1344 ),
 ( #1071, #543, #1761, #1374 ),
 ( #528, #1365, #943, #1629 ),
 ( #1087, #1754, #1643, #393 ),
 ( #520, #935, #1062, #1230 ),
 ( #1490, #410, #1482, #1620 ),
 ( #257, #797, #1352, #812 ),
 ( #1771, #537, #265, #950 ),
 ( #1359, #6, #553, #1095 ),
 ( #1651, #1118, #423, #16 ),
 ( #46, #566, #852, #1138 ),
 ( #429, #1663, #972, #168 ),
 ( #982, #1418, #180, #712 ),
 ( #440, #1129, #595, #722 ) ),
 .UNSPECIFIED., .F., .F., .F.,
 ( 4, 1, 1, 1, 2, 1, 1, 1, 2, 1, 1, 1, 4 ),
 ( 4, 4 ),
 ( 0.000000000000000000, 0.04145186363303607346, 0.08290372726607214693, 0.1243555908991082204, 0.1658074545321442939, 0.1867887704683718342, 0.2077700864045994300, 0.2287514023408269148, 0.2497327182770544829, 0.3122995387077909246, 0.3748663591385273941, 0.4374331795692638636, 0.5000000000000003331 ),
 ( 0.000000000000000000, 1.000000000000000000 ),
 .UNSPECIFIED. ) ;
#963 = LINE ( 'NONE', #277, #1257 ) ;
#964 = CARTESIAN_POINT ( 'NONE',  ( 2.009999999999999787, -2.774032902257833610E-17, -2.646977960169688560E-17 ) ) ;
#965 = CARTESIAN_POINT ( 'NONE',  ( 1.339999999999999858, 0.8344596506904018440, 0.2294999999999998708 ) ) ;
#966 = CARTESIAN_POINT ( 'NONE',  ( 0.000000000000000000, 0.3594999999999997642, 0.7223733752154178900 ) ) ;
#967 = DIRECTION ( 'NONE',  ( 0.000000000000000000, 0.000000000000000000, -1.000000000000000000 ) ) ;
#968 = EDGE_CURVE ( 'NONE', #1045, #1458, #1236, .T. ) ;
#969 = EDGE_LOOP ( 'NONE', ( #238, #152, #210, #541 ) ) ;
#970 = AXIS2_PLACEMENT_3D ( 'NONE', #714, #183, #1131 ) ;
#971 = CARTESIAN_POINT ( 'NONE',  ( 1.339999999999999858, 0.2295000000000000373, 0.9125421190617993839 ) ) ;
#972 = CARTESIAN_POINT ( 'NONE',  ( 1.340000000000000302, -0.5940334191024994048, -0.5704359302014563315 ) ) ;
#973 = CARTESIAN_POINT ( 'NONE',  ( 0.6700000000000000400, 0.9276912656061174767, 0.2294999999999996765 ) ) ;
#974 = CARTESIAN_POINT ( 'NONE',  ( 2.009999999999999787, 0.2294999999999997320, -0.6188131785926993533 ) ) ;
#975 = VECTOR ( 'NONE', #740, 1000.000000000000000 ) ;
#976 = LINE ( 'NONE', #1525, #1091 ) ;
#977 = CARTESIAN_POINT ( 'NONE',  ( 0.000000000000000000, 1.060660171779821193, -1.060660171779821193 ) ) ;
#978 = AXIS2_PLACEMENT_3D ( 'NONE', #602, #356, #1447 ) ;
#979 = AXIS2_PLACEMENT_3D ( 'NONE', #634, #1309, #1296 ) ;
#980 = ORIENTED_EDGE ( 'NONE', *, *, #608, .T. ) ;
#981 = CARTESIAN_POINT ( 'NONE',  ( 0.000000000000000000, -0.07650000000000005407, 1.499999999999999556 ) ) ;
#982 = CARTESIAN_POINT ( 'NONE',  ( -0.000000000000000000, -1.023635605929467562, -1.008500848373770520 ) ) ;
#983 = CARTESIAN_POINT ( 'NONE',  ( 2.009999999999999787, 0.4595998865762150887, 0.2582493855547022821 ) ) ;
#984 = CARTESIAN_POINT ( 'NONE',  ( 2.271857787678656759, 1.590816192092411622E-16, 1.298999999999999932 ) ) ;
#985 = ORIENTED_EDGE ( 'NONE', *, *, #1518, .F. ) ;
#986 = LINE ( 'NONE', #143, #124 ) ;
#987 = DIRECTION ( 'NONE',  ( 0.000000000000000000, 0.000000000000000000, 1.000000000000000000 ) ) ;
#988 = ORIENTED_EDGE ( 'NONE', *, *, #991, .F. ) ;
#989 = FACE_OUTER_BOUND ( 'NONE', #1584, .T. ) ;
#990 = DIRECTION ( 'NONE',  ( 1.000000000000000000, -0.000000000000000000, -0.000000000000000000 ) ) ;
#991 = EDGE_CURVE ( 'NONE', #1699, #478, #802, .T. ) ;
#992 = CARTESIAN_POINT ( 'NONE',  ( 0.6699999999999999289, 0.8575814083712979263, -0.8575814083712981484 ) ) ;
#993 = CARTESIAN_POINT ( 'NONE',  ( 2.620000000000000995, 0.000000000000000000, -1.500000000000000222 ) ) ;
#994 = VERTEX_POINT ( 'NONE', #1676 ) ;
#995 = DIRECTION ( 'NONE',  ( 1.000000000000000000, -0.000000000000000000, -0.000000000000000000 ) ) ;
#996 = CARTESIAN_POINT ( 'NONE',  ( 2.009999999999999787, 0.2582493855547026707, 0.4595998865762152552 ) ) ;
#997 = ORIENTED_EDGE ( 'NONE', *, *, #1722, .F. ) ;
#998 = DIRECTION ( 'NONE',  ( -1.000000000000000000, 0.000000000000000000, 0.000000000000000000 ) ) ;
#999 = MECHANICAL_DESIGN_GEOMETRIC_PRESENTATION_REPRESENTATION (  '', ( #4 ), #1232 ) ;
#1000 = DIRECTION ( 'NONE',  ( -0.000000000000000000, -0.000000000000000000, -1.000000000000000000 ) ) ;
#1001 = AXIS2_PLACEMENT_3D ( 'NONE', #683, #953, #11 ) ;
#1002 = CARTESIAN_POINT ( 'NONE',  ( 0.000000000000000000, 0.2294999999999997042, 0.7223733751969469985 ) ) ;
#1003 = EDGE_CURVE ( 'NONE', #948, #761, #835, .T. ) ;
#1004 = CARTESIAN_POINT ( 'NONE',  ( 0.000000000000000000, 1.499999999999999556, -0.2295000000000001206 ) ) ;
#1005 = CARTESIAN_POINT ( 'NONE',  ( 1.339999999999999858, 0.6545026449627745491, -0.6545026449627747711 ) ) ;
#1006 = DIRECTION ( 'NONE',  ( 1.000000000000000000, -0.000000000000000000, -0.000000000000000000 ) ) ;
#1007 = VECTOR ( 'NONE', #1205, 1000.000000000000000 ) ;
#1008 = ADVANCED_FACE ( 'NONE', ( #37 ), #526, .T. ) ;
#1009 = VERTEX_POINT ( 'NONE', #560 ) ;
#1010 = CARTESIAN_POINT ( 'NONE',  ( 2.009999999999999787, 0.6188124266033128151, -0.2295002186393473309 ) ) ;
#1011 = CARTESIAN_POINT ( 'NONE',  ( -0.000000000000000000, 0.4882843205921660323, 0.6543671831136570471 ) ) ;
#1012 = EDGE_LOOP ( 'NONE', ( #1538, #223, #1720, #824 ) ) ;
#1013 = DIRECTION ( 'NONE',  ( 0.000000000000000000, -1.000000000000000000, 1.045683884074040423E-16 ) ) ;
#1014 = AXIS2_PLACEMENT_3D ( 'NONE', #224, #201, #325 ) ;
#1015 = CARTESIAN_POINT ( 'NONE',  ( 2.009999999999999787, 0.6188131785926994644, 0.2294999999999996765 ) ) ;
#1016 = CARTESIAN_POINT ( 'NONE',  ( 0.6699999999999999289, 0.5894447509345099867, -0.4116060089130118005 ) ) ;
#1017 = CARTESIAN_POINT ( 'NONE',  ( 0.6700000000000004841, 0.2294999999999996765, -0.7908092337038030717 ) ) ;
#1018 = ORIENTED_EDGE ( 'NONE', *, *, #110, .T. ) ;
#1019 = CARTESIAN_POINT ( 'NONE',  ( 1.340000000000000524, -0.5704359302014561095, -0.5940334191024994048 ) ) ;
#1020 = EDGE_CURVE ( 'NONE', #1458, #1734, #409, .T. ) ;
#1021 = CARTESIAN_POINT ( 'NONE',  ( 0.6699999999999999289, 0.8575814083712979263, 0.8575814083712974822 ) ) ;
#1022 = EDGE_LOOP ( 'NONE', ( #35, #41, #159, #505 ) ) ;
#1023 = EDGE_LOOP ( 'NONE', ( #1223, #1563, #443, #375 ) ) ;
#1024 = VERTEX_POINT ( 'NONE', #1102 ) ;
#1025 = CARTESIAN_POINT ( 'NONE',  ( 0.6699999999999999289, 1.206271059530899636, -0.2295000000000001761 ) ) ;
#1026 = CARTESIAN_POINT ( 'NONE',  ( 0.000000000000000000, 1.060660171779821193, -1.060660171779821193 ) ) ;
#1027 = CARTESIAN_POINT ( 'NONE',  ( 0.6699999999999999289, 0.8181839375154490446, -0.8282737758859139987 ) ) ;
#1028 = ORIENTED_EDGE ( 'NONE', *, *, #1518, .T. ) ;
#1029 = SURFACE_STYLE_USAGE ( .BOTH. , #1731 ) ;
#1030 = AXIS2_PLACEMENT_3D ( 'NONE', #428, #304, #1675 ) ;
#1031 = CARTESIAN_POINT ( 'NONE',  ( 2.009999999999999343, 0.2294999999999999818, 0.5514436819556087777 ) ) ;
#1032 = PRODUCT_DEFINITION ( 'Î´Öª', '', #1167, #1200 ) ;
#1033 = ORIENTED_EDGE ( 'NONE', *, *, #447, .T. ) ;
#1034 = DIRECTION ( 'NONE',  ( 0.9158539185684566597, -0.4015116434710241378, -7.410229911875246696E-17 ) ) ;
#1035 = ADVANCED_FACE ( 'NONE', ( #828 ), #10, .T. ) ;
#1036 = DIRECTION ( 'NONE',  ( 0.9158539185684565487, 0.4015116434710244153, 7.410229911875245464E-17 ) ) ;
#1037 = ORIENTED_EDGE ( 'NONE', *, *, #1413, .T. ) ;
#1038 = CARTESIAN_POINT ( 'NONE',  ( 0.6699999999999999289, 1.206271059530899636, 0.2294999999999998708 ) ) ;
#1039 = CARTESIAN_POINT ( 'NONE',  ( 0.6700000000000004841, 1.068318630199497798, -0.2295000000000002316 ) ) ;
#1040 = CARTESIAN_POINT ( 'NONE',  ( 0.000000000000000000, 0.3747915183772603798, -0.5876139952981632719 ) ) ;
#1041 = AXIS2_PLACEMENT_3D ( 'NONE', #964, #326, #190 ) ;
#1042 = CARTESIAN_POINT ( 'NONE',  ( 2.009999999999998010, 0.2295000000000000928, 0.5832075478202686236 ) ) ;
#1043 = EDGE_LOOP ( 'NONE', ( #725, #593, #173, #1192 ) ) ;
#1044 = DIRECTION ( 'NONE',  ( -1.000000000000000000, 0.000000000000000000, 0.000000000000000000 ) ) ;
#1045 = VERTEX_POINT ( 'NONE', #696 ) ;
#1046 = DIRECTION ( 'NONE',  ( 1.000000000000000000, -0.000000000000000000, -0.000000000000000000 ) ) ;
#1047 = CARTESIAN_POINT ( 'NONE',  ( 1.340000000000000080, 0.2572507890131591757, -0.5414463541971973326 ) ) ;
#1048 = CARTESIAN_POINT ( 'NONE',  ( 2.009999999999999787, -0.2856739723382551999, -0.4309315550188377308 ) ) ;
#1049 = CARTESIAN_POINT ( 'NONE',  ( 2.009999999999999787, 0.2295000000000000095, 0.5392499249289482988 ) ) ;
#1050 = ORIENTED_EDGE ( 'NONE', *, *, #1106, .T. ) ;
#1051 = CARTESIAN_POINT ( 'NONE',  ( 1.339999999999999414, -0.6280079183132807330, 0.2294999999999999540 ) ) ;
#1052 = CARTESIAN_POINT ( 'NONE',  ( 0.000000000000000000, 0.2294999999999997597, -1.500000000000000222 ) ) ;
#1053 = CARTESIAN_POINT ( 'NONE',  ( 2.009999999999997122, 0.3424619145679042020, -0.4098209597873729293 ) ) ;
#1054 = ADVANCED_FACE ( 'NONE', ( #313 ), #1258, .T. ) ;
#1055 = CARTESIAN_POINT ( 'NONE',  ( 1.004999999999999671, -0.2295000000000000095, -1.059406589296349788 ) ) ;
#1056 = CARTESIAN_POINT ( 'NONE',  ( 2.009999999999999787, -2.774032902257833610E-17, -2.646977960169688560E-17 ) ) ;
#1057 = CIRCLE ( 'NONE', #282, 1.298999999999999932 ) ;
#1058 = CARTESIAN_POINT ( 'NONE',  ( 1.339999999999999192, -0.5414463541971958893, 0.2572507890131588981 ) ) ;
#1059 = SURFACE_STYLE_FILL_AREA ( #1343 ) ;
#1060 = DIRECTION ( 'NONE',  ( 1.000000000000000000, -0.000000000000000000, -0.000000000000000000 ) ) ;
#1061 = VECTOR ( 'NONE', #1695, 1000.000000000000000 ) ;
#1062 = CARTESIAN_POINT ( 'NONE',  ( 1.340000000000000302, -0.5672279759450797876, -0.2362954785327343044 ) ) ;
#1063 = VECTOR ( 'NONE', #1104, 1000.000000000000000 ) ;
#1064 = CARTESIAN_POINT ( 'NONE',  ( 0.000000000000000000, -0.2294999999999999540, -0.7811363910286245327 ) ) ;
#1065 = DIRECTION ( 'NONE',  ( 0.000000000000000000, 0.000000000000000000, -1.000000000000000000 ) ) ;
#1066 = CARTESIAN_POINT ( 'NONE',  ( 2.009999999999998899, -0.4098209597873719856, 0.3424619145679048682 ) ) ;
#1067 = CIRCLE ( 'NONE', #927, 2.750000000000000000 ) ;
#1068 = VECTOR ( 'NONE', #1616, 1000.000000000000000 ) ;
#1069 = FILL_AREA_STYLE_COLOUR ( '', #69 ) ;
#1070 = VECTOR ( 'NONE', #130, 1000.000000000000000 ) ;
#1071 = CARTESIAN_POINT ( 'NONE',  ( 0.000000000000000000, -0.9037060735726651917, -0.2294999999999996210 ) ) ;
#1072 = MECHANICAL_DESIGN_GEOMETRIC_PRESENTATION_REPRESENTATION (  '', ( #154 ), #832 ) ;
#1073 = FACE_OUTER_BOUND ( 'NONE', #773, .T. ) ;
#1074 = CARTESIAN_POINT ( 'NONE',  ( 1.339999999999998526, -0.2294999999999996210, 0.7554494067131932722 ) ) ;
#1075 = ADVANCED_FACE ( 'Bface2', ( #29 ), #575, .T. ) ;
#1076 = CARTESIAN_POINT ( 'NONE',  ( 2.009999999999999787, -0.4375501157988057055, 0.4375501157988060941 ) ) ;
#1077 = ORIENTED_EDGE ( 'NONE', *, *, #1562, .T. ) ;
#1078 = SURFACE_STYLE_FILL_AREA ( #1628 ) ;
#1079 = CARTESIAN_POINT ( 'NONE',  ( 0.000000000000000000, -1.500000000000000000, -0.2295000000000001206 ) ) ;
#1080 = DIRECTION ( 'NONE',  ( -0.000000000000000000, -0.8154461049218115765, -0.5788330069785636578 ) ) ;
#1081 = CARTESIAN_POINT ( 'NONE',  ( 0.6699999999999999289, -0.2427045360916170180, 0.6042030910717838266 ) ) ;
#1082 = CARTESIAN_POINT ( 'NONE',  ( 0.6699999999999995959, -0.5563979746839676777, 0.3293927227357139609 ) ) ;
#1083 = ORIENTED_EDGE ( 'NONE', *, *, #1708, .F. ) ;
#1084 =( NAMED_UNIT ( * ) SI_UNIT ( $, .STERADIAN. ) SOLID_ANGLE_UNIT ( ) );
#1085 = UNCERTAINTY_MEASURE_WITH_UNIT (LENGTH_MEASURE( 1.000000000000000082E-05 ), #1627, 'distance_accuracy_value', 'NONE');
#1086 = DIRECTION ( 'NONE',  ( 1.000000000000000000, -0.000000000000000000, -0.000000000000000000 ) ) ;
#1087 = CARTESIAN_POINT ( 'NONE',  ( 0.000000000000000000, -0.6926298297924294856, -0.2294999999999997042 ) ) ;
#1088 = CARTESIAN_POINT ( 'NONE',  ( 2.009999999999999787, 0.5392499249289480767, 0.2294999999999996487 ) ) ;
#1089 = CARTESIAN_POINT ( 'NONE',  ( 0.000000000000000000, -0.3747915183772608794, 0.5876139952981623837 ) ) ;
#1090 = CARTESIAN_POINT ( 'NONE',  ( 2.009999999999997566, -0.6006006711813064447, 0.2295000000000001761 ) ) ;
#1091 = VECTOR ( 'NONE', #960, 1000.000000000000227 ) ;
#1092 = VERTEX_POINT ( 'NONE', #731 ) ;
#1093 = CARTESIAN_POINT ( 'NONE',  ( 1.339999999999999858, -0.9125421190617996059, 0.2295000000000000373 ) ) ;
#1094 = EDGE_CURVE ( 'NONE', #1411, #1703, #605, .T. ) ;
#1095 = CARTESIAN_POINT ( 'NONE',  ( 2.009999999999999787, -0.4595998865762151997, -0.2582493855547020600 ) ) ;
#1096 = CARTESIAN_POINT ( 'NONE',  ( 2.009999999999997566, 0.4098209597873729848, 0.3424619145679047016 ) ) ;
#1097 = VECTOR ( 'NONE', #1735, 1000.000000000000000 ) ;
#1098 = CARTESIAN_POINT ( 'NONE',  ( 1.339999999999999858, -0.2362954785327344986, 0.5672279759450782333 ) ) ;
#1099 = CARTESIAN_POINT ( 'NONE',  ( 0.6699999999999997069, -1.160973318834972901, 0.2294999999999999540 ) ) ;
#1100 = VERTEX_POINT ( 'NONE', #321 ) ;
#1101 = CARTESIAN_POINT ( 'NONE',  ( 1.339999999999999858, -0.07978931686783116706, 0.9491510707818525683 ) ) ;
#1102 = CARTESIAN_POINT ( 'NONE',  ( 2.009999999999999787, -0.2295000000000000651, -0.5433477631085024129 ) ) ;
#1103 = EDGE_CURVE ( 'NONE', #1655, #1261, #264, .T. ) ;
#1104 = DIRECTION ( 'NONE',  ( 0.000000000000000000, -1.000000000000000000, 4.724192472703726784E-16 ) ) ;
#1105 = CARTESIAN_POINT ( 'NONE',  ( 2.009999999999999787, -0.2294999999999996487, 0.6188131785926992423 ) ) ;
#1106 = EDGE_CURVE ( 'NONE', #914, #1228, #211, .T. ) ;
#1107 = DIRECTION ( 'NONE',  ( 0.000000000000000000, 0.000000000000000000, 1.000000000000000000 ) ) ;
#1108 = ORIENTED_EDGE ( 'NONE', *, *, #1220, .F. ) ;
#1109 = DIRECTION ( 'NONE',  ( 0.000000000000000000, 0.000000000000000000, -1.000000000000000000 ) ) ;
#1110 = DIRECTION ( 'NONE',  ( 0.000000000000000000, 0.000000000000000000, -1.000000000000000000 ) ) ;
#1111 = CARTESIAN_POINT ( 'NONE',  ( 0.000000000000000000, 0.5969625364381258015, 0.3068394616943648789 ) ) ;
#1112 = CARTESIAN_POINT ( 'NONE',  ( 0.6699999999999999289, 0.2294999999999997597, -1.206271059530900081 ) ) ;
#1113 = EDGE_CURVE ( 'NONE', #1679, #184, #454, .T. ) ;
#1114 = CARTESIAN_POINT ( 'NONE',  ( 2.009999999999999787, 0.000000000000000000, 0.000000000000000000 ) ) ;
#1115 = ORIENTED_EDGE ( 'NONE', *, *, #513, .T. ) ;
#1116 = CARTESIAN_POINT ( 'NONE',  ( 0.6699999999999999289, 0.2294999999999998985, 1.206271059530899636 ) ) ;
#1117 = VECTOR ( 'NONE', #333, 1000.000000000000114 ) ;
#1118 = CARTESIAN_POINT ( 'NONE',  ( 0.6700000000000001510, -0.6298766102085764373, -0.4911693948693394152 ) ) ;
#1119 = CARTESIAN_POINT ( 'NONE',  ( 0.6699999999999999289, 0.5628899751421199138, 0.3595352262988447678 ) ) ;
#1120 = CARTESIAN_POINT ( 'NONE',  ( 0.000000000000000000, -0.9048485144238076483, 0.9500594470901826405 ) ) ;
#1121 = VERTEX_POINT ( 'NONE', #613 ) ;
#1122 = DIRECTION ( 'NONE',  ( 1.000000000000000000, -0.000000000000000000, -0.000000000000000000 ) ) ;
#1123 = DIRECTION ( 'NONE',  ( -1.000000000000000000, 0.000000000000000000, 0.000000000000000000 ) ) ;
#1124 = CIRCLE ( 'NONE', #364, 0.6600000000000000311 ) ;
#1125 = ADVANCED_FACE ( 'NONE', ( #436 ), #1186, .F. ) ;
#1126 = ORIENTED_EDGE ( 'NONE', *, *, #940, .T. ) ;
#1127 = EDGE_CURVE ( 'NONE', #1261, #547, #433, .T. ) ;
#1128 = LINE ( 'NONE', #850, #491 ) ;
#1129 = CARTESIAN_POINT ( 'NONE',  ( 0.6699999999999999289, -0.8575814083712974822, -0.8575814083712977043 ) ) ;
#1130 = CARTESIAN_POINT ( 'NONE',  ( 0.6699999999999999289, 0.5692044453176619001, -0.2820451253537621383 ) ) ;
#1131 = DIRECTION ( 'NONE',  ( 0.000000000000000000, 0.000000000000000000, 1.000000000000000000 ) ) ;
#1132 = ORIENTED_EDGE ( 'NONE', *, *, #1323, .F. ) ;
#1133 = CARTESIAN_POINT ( 'NONE',  ( 0.000000000000000000, -0.9048485144238085365, -0.9500594470901839728 ) ) ;
#1134 = CARTESIAN_POINT ( 'NONE',  ( 2.009999999999999787, 0.4032296380902802291, 0.4160204051086573429 ) ) ;
#1135 = VERTEX_POINT ( 'NONE', #310 ) ;
#1136 = ADVANCED_FACE ( 'NONE', ( #1281 ), #1671, .T. ) ;
#1137 = LINE ( 'NONE', #347, #247 ) ;
#1138 = CARTESIAN_POINT ( 'NONE',  ( 2.009999999999998010, -0.4098209597873724852, -0.3424619145679045351 ) ) ;
#1139 = CARTESIAN_POINT ( 'NONE',  ( 1.339999999999999858, 0.5245223187553625932, -0.3349276972338571801 ) ) ;
#1140 = LINE ( 'NONE', #589, #1470 ) ;
#1141 = AXIS2_PLACEMENT_3D ( 'NONE', #1207, #1086, #949 ) ;
#1142 = ORIENTED_EDGE ( 'NONE', *, *, #1733, .T. ) ;
#1143 = CARTESIAN_POINT ( 'NONE',  ( 0.000000000000000000, 0.9048485144238090916, 0.9500594470901838617 ) ) ;
#1144 = ORIENTED_EDGE ( 'NONE', *, *, #959, .F. ) ;
#1145 = CARTESIAN_POINT ( 'NONE',  ( 2.009999999999999787, 0.000000000000000000, 0.000000000000000000 ) ) ;
#1146 = CIRCLE ( 'NONE', #606, 0.1300000000000000600 ) ;
#1147 = AXIS2_PLACEMENT_3D ( 'NONE', #258, #1354, #127 ) ;
#1148 = SURFACE_SIDE_STYLE ('',( #503 ) ) ;
#1149 = AXIS2_PLACEMENT_3D ( 'NONE', #578, #1687, #461 ) ;
#1150 = CARTESIAN_POINT ( 'NONE',  ( 0.000000000000000000, -0.7223733752154180010, -0.2295000000000001206 ) ) ;
#1151 = EDGE_CURVE ( 'NONE', #694, #1439, #12, .T. ) ;
#1152 = PLANE ( 'NONE',  #827 ) ;
#1153 = CARTESIAN_POINT ( 'NONE',  ( 1.339999999999999858, 0.6280079183132806220, -0.2294999999999999818 ) ) ;
#1154 = VECTOR ( 'NONE', #721, 1000.000000000000000 ) ;
#1155 = CARTESIAN_POINT ( 'NONE',  ( 2.009999999999999787, 0.5433477631085023019, 0.2294999999999997042 ) ) ;
#1156 = ORIENTED_EDGE ( 'NONE', *, *, #897, .F. ) ;
#1157 = SURFACE_STYLE_FILL_AREA ( #1569 ) ;
#1158 = CARTESIAN_POINT ( 'NONE',  ( -997.7889999999999873, 0.000000000000000000, 0.000000000000000000 ) ) ;
#1159 = ORIENTED_EDGE ( 'NONE', *, *, #1598, .T. ) ;
#1160 = CARTESIAN_POINT ( 'NONE',  ( 26.37270800287122796, 1.836970198721030181E-16, 1.500000000000000000 ) ) ;
#1161 = CARTESIAN_POINT ( 'NONE',  ( 2.009999999999999787, 0.5136882630767323210, -0.2324564526725556302 ) ) ;
#1162 = CARTESIAN_POINT ( 'NONE',  ( 1.339999999999999858, 0.2294999999999997875, -0.8867488564019947450 ) ) ;
#1163 = ORIENTED_EDGE ( 'NONE', *, *, #901, .T. ) ;
#1164 = CARTESIAN_POINT ( 'NONE',  ( 0.000000000000000000, -1.008500848373769854, -1.023635605929468007 ) ) ;
#1165 = CARTESIAN_POINT ( 'NONE',  ( 2.009999999999999343, 0.2295000000000001483, 0.6125243939690160344 ) ) ;
#1166 = EDGE_CURVE ( 'NONE', #1319, #846, #715, .T. ) ;
#1167 = PRODUCT_DEFINITION_FORMATION_WITH_SPECIFIED_SOURCE ( 'ÈÎºÎ', '', #1345, .NOT_KNOWN. ) ;
#1168 = EDGE_LOOP ( 'NONE', ( #1777, #720, #276, #1108, #327, #1739, #181 ) ) ;
#1169 = LINE ( 'NONE', #1294, #438 ) ;
#1170 = ORIENTED_EDGE ( 'NONE', *, *, #718, .F. ) ;
#1171 = CARTESIAN_POINT ( 'NONE',  ( 2.009999999999999787, 0.2295000000000000095, 0.5433477631085024129 ) ) ;
#1172 = CARTESIAN_POINT ( 'NONE',  ( 2.009999999999999787, 0.4375501157988058165, -0.4375501157988060941 ) ) ;
#1173 = CARTESIAN_POINT ( 'NONE',  ( 1.339999999999998526, 0.2294999999999995377, -0.7554494067131937163 ) ) ;
#1174 = CARTESIAN_POINT ( 'NONE',  ( 0.6699999999999999289, -0.8181839375154486005, -0.8282737758859137767 ) ) ;
#1175 = CARTESIAN_POINT ( 'NONE',  ( 0.000000000000000000, 0.000000000000000000, 0.000000000000000000 ) ) ;
#1176 = ORIENTED_EDGE ( 'NONE', *, *, #823, .F. ) ;
#1177 = CARTESIAN_POINT ( 'NONE',  ( 2.009999999999999787, -0.3595000000000000973, -0.5433477631085024129 ) ) ;
#1178 = CARTESIAN_POINT ( 'NONE',  ( 0.000000000000000000, 3.367778697655221012E-16, 2.750000000000000000 ) ) ;
#1179 = UNCERTAINTY_MEASURE_WITH_UNIT (LENGTH_MEASURE( 1.000000000000000082E-05 ), #896, 'distance_accuracy_value', 'NONE');
#1180 = VERTEX_POINT ( 'NONE', #176 ) ;
#1181 = DIRECTION ( 'NONE',  ( 0.000000000000000000, 0.000000000000000000, -1.000000000000000000 ) ) ;
#1182 = AXIS2_PLACEMENT_3D ( 'NONE', #352, #1423, #622 ) ;
#1183 = CARTESIAN_POINT ( 'NONE',  ( 1.340000000000000524, 0.2294999999999998708, -0.8344596506904023991 ) ) ;
#1184 = VECTOR ( 'NONE', #1242, 1000.000000000000000 ) ;
#1185 = CARTESIAN_POINT ( 'NONE',  ( 1.339999999999999858, -0.3884216836037971410, -0.5304040826137068620 ) ) ;
#1186 = CONICAL_SURFACE ( 'NONE', #502, 3283.582089552235630, 1.275174625120683247 ) ;
#1187 = CARTESIAN_POINT ( 'NONE',  ( 0.6699999999999992628, 0.2294999999999997597, 0.9276912656061173656 ) ) ;
#1188 = ORIENTED_EDGE ( 'NONE', *, *, #1500, .T. ) ;
#1189 = CARTESIAN_POINT ( 'NONE',  ( 1.649999999999999689, 0.000000000000000000, 0.000000000000000000 ) ) ;
#1190 = EDGE_CURVE ( 'NONE', #1568, #1135, #571, .T. ) ;
#1191 = ADVANCED_FACE ( 'NONE', ( #302 ), #1243, .F. ) ;
#1192 = ORIENTED_EDGE ( 'NONE', *, *, #1113, .F. ) ;
#1193 = CARTESIAN_POINT ( 'NONE',  ( 0.4333145750507673144, 0.000000000000000000, 0.000000000000000000 ) ) ;
#1194 = CARTESIAN_POINT ( 'NONE',  ( 2.009999999999999787, 0.2294999999999997320, -0.5514436819556087777 ) ) ;
#1195 = DIRECTION ( 'NONE',  ( 0.000000000000000000, 6.971225893826937386E-17, -1.000000000000000000 ) ) ;
#1196 = CARTESIAN_POINT ( 'NONE',  ( 0.6699999999999995959, 0.2427045360916169348, 0.6042030910717844927 ) ) ;
#1197 = EDGE_LOOP ( 'NONE', ( #1126, #500, #1573, #615 ) ) ;
#1198 = CARTESIAN_POINT ( 'NONE',  ( 2.010000000000000231, -0.4160204051086572319, 0.4032296380902803401 ) ) ;
#1199 = APPLICATION_PROTOCOL_DEFINITION ( 'draft international standard', 'automotive_design', 1998, #1381 ) ;
#1200 = PRODUCT_DEFINITION_CONTEXT ( 'detailed design', #1381, 'design' ) ;
#1201 = CARTESIAN_POINT ( 'NONE',  ( 2.215685424949238591, 0.000000000000000000, 0.000000000000000000 ) ) ;
#1202 = CARTESIAN_POINT ( 'NONE',  ( 0.6699999999999999289, 0.2294999999999997597, -0.7045721546709529104 ) ) ;
#1203 = B_SPLINE_SURFACE_WITH_KNOTS ( 'NONE', 3, 3, ( 
 ( #150, #1225, #806, #819 ),
 ( #141, #1664, #162, #156 ),
 ( #681, #8, #965, #697 ),
 ( #441, #973, #1513, #424 ),
 ( #1251, #1392, #1522, #1658 ),
 ( #290, #957, #17, #690 ),
 ( #577, #299, #674, #1088 ),
 ( #1652, #1505, #273, #567 ),
 ( #1111, #1499, #1385, #30 ),
 ( #1780, #836, #431, #705 ),
 ( #411, #1119, #813, #1644 ),
 ( #1244, #554, #1677, #983 ),
 ( #951, #267, #1360, #135 ),
 ( #1375, #1231, #417, #1096 ),
 ( #280, #170, #1312, #460 ),
 ( #1686, #1420, #713, #484 ),
 ( #1718, #450, #1697, #1268 ) ),
 .UNSPECIFIED., .F., .F., .F.,
 ( 4, 1, 1, 1, 2, 1, 1, 1, 2, 1, 1, 1, 4 ),
 ( 4, 4 ),
 ( 0.000000000000000000, 0.04145186363303604571, 0.08290372726607209142, 0.1243555908991081510, 0.1658074545321441828, 0.1867887704683717509, 0.2077700864045992912, 0.2287514023408268038, 0.2497327182770543441, 0.3122995387077907026, 0.3748663591385271721, 0.4374331795692636415, 0.5000000000000000000 ),
 ( 0.000000000000000000, 1.000000000000000000 ),
 .UNSPECIFIED. ) ;
#1204 = CARTESIAN_POINT ( 'NONE',  ( 0.000000000000000000, -0.2294999999999998985, -0.9037060735726641925 ) ) ;
#1205 = DIRECTION ( 'NONE',  ( 1.000000000000000000, -0.000000000000000000, -0.000000000000000000 ) ) ;
#1206 = CARTESIAN_POINT ( 'NONE',  ( 0.6699999999999990408, -0.7908092337038032937, 0.2295000000000000095 ) ) ;
#1207 = CARTESIAN_POINT ( 'NONE',  ( 0.000000000000000000, 0.7223733752154177790, 0.3594999999999998752 ) ) ;
#1208 = CARTESIAN_POINT ( 'NONE',  ( 0.6699999999999999289, -0.9276912656061179208, -0.2295000000000004259 ) ) ;
#1209 = EDGE_CURVE ( 'NONE', #222, #323, #177, .T. ) ;
#1210 = CARTESIAN_POINT ( 'NONE',  ( 2.009999999999999787, -0.2582493855547026151, -0.4595998865762152552 ) ) ;
#1211 = CARTESIAN_POINT ( 'NONE',  ( 1.339999999999999858, 0.9125421190617993839, -0.2295000000000001483 ) ) ;
#1212 = AXIS2_PLACEMENT_3D ( 'NONE', #587, #289, #1540 ) ;
#1213 = CARTESIAN_POINT ( 'NONE',  ( 0.6699999999999999289, -0.6415031948379354976, 0.2294999999999996487 ) ) ;
#1214 = PRESENTATION_LAYER_ASSIGNMENT (  '', '', ( #1763 ) ) ;
#1215 = B_SPLINE_SURFACE_WITH_KNOTS ( 'NONE', 3, 3, ( 
 ( #691, #1361, #1221, #1105 ),
 ( #1764, #531, #555, #425 ),
 ( #807, #136, #1233, #404 ),
 ( #1773, #675, #1074, #1245 ),
 ( #18, #395, #1226, #937 ),
 ( #1479, #958, #1484, #945 ),
 ( #259, #128, #412, #539 ),
 ( #274, #1081, #1098, #1781 ),
 ( #1493, #952, #252, #814 ),
 ( #1089, #791, #268, #1347 ),
 ( #545, #1367, #142, #682 ),
 ( #562, #9, #1507, #281 ),
 ( #820, #1377, #151, #610 ),
 ( #1543, #698, #1278, #1289 ),
 ( #1120, #1410, #845, #157 ),
 ( #1533, #1556, #300, #597 ),
 ( #855, #163, #1393, #706 ) ),
 .UNSPECIFIED., .F., .F., .F.,
 ( 4, 1, 1, 1, 2, 1, 1, 1, 2, 1, 1, 1, 4 ),
 ( 4, 4 ),
 ( 0.000000000000000000, 0.04145186363303604571, 0.08290372726607209142, 0.1243555908991081510, 0.1658074545321441828, 0.1867887704683717787, 0.2077700864045992912, 0.2287514023408268038, 0.2497327182770543441, 0.3122995387077907026, 0.3748663591385271721, 0.4374331795692635305, 0.5000000000000000000 ),
 ( 0.000000000000000000, 1.000000000000000000 ),
 .UNSPECIFIED. ) ;
#1216 = FACE_BOUND ( 'NONE', #747, .T. ) ;
#1217 = CONICAL_SURFACE ( 'NONE', #1358, 1.533314575050762851, 0.7853981633974501664 ) ;
#1218 = CARTESIAN_POINT ( 'NONE',  ( 1.339999999999999858, -0.7554494067131938273, -0.2295000000000001483 ) ) ;
#1219 = CARTESIAN_POINT ( 'NONE',  ( 0.6699999999999997069, -0.2294999999999999818, -0.7045721546709526883 ) ) ;
#1220 = EDGE_CURVE ( 'NONE', #547, #1045, #115, .T. ) ;
#1221 = CARTESIAN_POINT ( 'NONE',  ( 1.339999999999999858, -0.2294999999999997320, 0.9125421190617993839 ) ) ;
#1222 = CARTESIAN_POINT ( 'NONE',  ( 1.340000000000000968, -0.5304040826137071951, 0.3884216836037972520 ) ) ;
#1223 = ORIENTED_EDGE ( 'NONE', *, *, #1425, .F. ) ;
#1224 = LINE ( 'NONE', #134, #576 ) ;
#1225 = CARTESIAN_POINT ( 'NONE',  ( 0.6699999999999997069, 1.206271059530899414, 0.2294999999999998153 ) ) ;
#1226 = CARTESIAN_POINT ( 'NONE',  ( 1.340000000000000080, -0.2294999999999998708, 0.6779123938349413958 ) ) ;
#1227 = CARTESIAN_POINT ( 'NONE',  ( 2.010000000000001119, -0.5302528608183739722, 0.2298864209738527009 ) ) ;
#1228 = VERTEX_POINT ( 'NONE', #390 ) ;
#1229 = CARTESIAN_POINT ( 'NONE',  ( 0.6699999999999999289, -1.224575535390926451, 0.07814465843391550648 ) ) ;
#1230 = CARTESIAN_POINT ( 'NONE',  ( 2.010000000000000675, -0.5302528608183744163, -0.2298864209738519793 ) ) ;
#1231 = CARTESIAN_POINT ( 'NONE',  ( 0.6699999999999991518, 0.6966372653289748529, 0.6140628914863841548 ) ) ;
#1232 =( GEOMETRIC_REPRESENTATION_CONTEXT ( 3 ) GLOBAL_UNCERTAINTY_ASSIGNED_CONTEXT ( ( #1746 ) ) GLOBAL_UNIT_ASSIGNED_CONTEXT ( ( #117, #1351, #1760 ) ) REPRESENTATION_CONTEXT ( 'NONE', 'WORKASPACE' ) );
#1233 = CARTESIAN_POINT ( 'NONE',  ( 1.340000000000000302, -0.2294999999999997875, 0.8344596506904022881 ) ) ;
#1234 = FACE_OUTER_BOUND ( 'NONE', #702, .T. ) ;
#1235 = AXIS2_PLACEMENT_3D ( 'NONE', #800, #924, #1752 ) ;
#1236 = CIRCLE ( 'NONE', #825, 0.1300000000000000877 ) ;
#1237 = ORIENTED_EDGE ( 'NONE', *, *, #1166, .F. ) ;
#1238 = EDGE_CURVE ( 'NONE', #1100, #1572, #366, .T. ) ;
#1239 = AXIS2_PLACEMENT_3D ( 'NONE', #1329, #1452, #765 ) ;
#1240 = DIRECTION ( 'NONE',  ( 0.000000000000000000, 0.000000000000000000, -1.000000000000000000 ) ) ;
#1241 = ADVANCED_FACE ( 'NONE', ( #932 ), #1757, .T. ) ;
#1242 = DIRECTION ( 'NONE',  ( -0.000000000000000000, -1.000000000000000000, -0.000000000000000000 ) ) ;
#1243 = B_SPLINE_SURFACE_WITH_KNOTS ( 'NONE', 3, 3, ( 
 ( #1701, #1021, #839, #592 ),
 ( #1570, #872, #1690, #848 ),
 ( #1143, #34, #1424, #1134 ),
 ( #1395, #1414, #881, #186 ),
 ( #165, #719, #1547, #582 ),
 ( #1011, #1561, #43, #996 ),
 ( #738, #709, #445, #859 ),
 ( #1292, #1723, #1743, #1463 ),
 ( #97, #639, #648, #1594 ),
 ( #382, #1196, #1444, #509 ),
 ( #778, #498, #786, #1049 ),
 ( #353, #374, #760, #1031 ),
 ( #1456, #1473, #1613, #1750 ),
 ( #88, #1187, #245, #1042 ),
 ( #1604, #655, #1335, #230 ),
 ( #913, #769, #1315, #1165 ),
 ( #237, #922, #106, #516 ) ),
 .UNSPECIFIED., .F., .F., .F.,
 ( 4, 1, 1, 1, 2, 1, 1, 1, 2, 1, 1, 1, 4 ),
 ( 4, 4 ),
 ( 0.5000000000000000000, 0.5625668204307363585, 0.6251336408614727169, 0.6877004612922089644, 0.7502672817229453228, 0.7712485976591728631, 0.7922299135954005145, 0.8132112295316282768, 0.8341925454678558172, 0.8756444091008918074, 0.9170962727339277976, 0.9585481363669638988, 1.000000000000000000 ),
 ( 0.000000000000000000, 1.000000000000000000 ),
 .UNSPECIFIED. ) ;
#1244 = CARTESIAN_POINT ( 'NONE',  ( 0.000000000000000000, 0.6543671831136572692, 0.4882843205921660323 ) ) ;
#1245 = CARTESIAN_POINT ( 'NONE',  ( 2.009999999999998010, -0.2294999999999994544, 0.5832075478202695118 ) ) ;
#1246 = CARTESIAN_POINT ( 'NONE',  ( 1.339999999999999414, -0.9125421190617996059, 0.2295000000000000373 ) ) ;
#1247 = ORIENTED_EDGE ( 'NONE', *, *, #1530, .T. ) ;
#1248 = DIRECTION ( 'NONE',  ( 1.000000000000000000, -0.000000000000000000, -0.000000000000000000 ) ) ;
#1249 = CARTESIAN_POINT ( 'NONE',  ( 0.000000000000000000, 0.000000000000000000, 0.000000000000000000 ) ) ;
#1250 = ADVANCED_FACE ( 'NONE', ( #487 ), #256, .F. ) ;
#1251 = CARTESIAN_POINT ( 'NONE',  ( 0.000000000000000000, 0.9037060735726650806, 0.2294999999999998985 ) ) ;
#1252 = CARTESIAN_POINT ( 'NONE',  ( 0.000000000000000000, 0.000000000000000000, -2.750000000000000000 ) ) ;
#1253 = FACE_OUTER_BOUND ( 'NONE', #716, .T. ) ;
#1254 = DIRECTION ( 'NONE',  ( 0.000000000000000000, 0.000000000000000000, 1.000000000000000000 ) ) ;
#1255 = ORIENTED_EDGE ( 'NONE', *, *, #1003, .F. ) ;
#1256 = CARTESIAN_POINT ( 'NONE',  ( 2.271857787678656759, 0.000000000000000000, 0.000000000000000000 ) ) ;
#1257 = VECTOR ( 'NONE', #1248, 1000.000000000000000 ) ;
#1258 = CYLINDRICAL_SURFACE ( 'NONE', #1406, 2.750000000000000000 ) ;
#1259 = FACE_OUTER_BOUND ( 'NONE', #1661, .T. ) ;
#1260 = FACE_OUTER_BOUND ( 'NONE', #1404, .T. ) ;
#1261 = VERTEX_POINT ( 'NONE', #1740 ) ;
#1262 = CARTESIAN_POINT ( 'NONE',  ( 2.009999999999999343, -0.6188131785926991313, 0.2295000000000001761 ) ) ;
#1263 = DIRECTION ( 'NONE',  ( -0.4959324508988054436, 0.000000000000000000, 0.8683611023908798243 ) ) ;
#1264 = ORIENTED_EDGE ( 'NONE', *, *, #1528, .F. ) ;
#1265 = CARTESIAN_POINT ( 'NONE',  ( 0.6699999999999999289, 0.07814465843391552036, 1.224575535390926229 ) ) ;
#1266 = LINE ( 'NONE', #1276, #1588 ) ;
#1267 = VERTEX_POINT ( 'NONE', #910 ) ;
#1268 = CARTESIAN_POINT ( 'NONE',  ( 2.009999999999999787, 0.4514238815542513383, 0.4514238815542512273 ) ) ;
#1269 = CARTESIAN_POINT ( 'NONE',  ( 0.4333145750507673144, 0.000000000000000000, 0.000000000000000000 ) ) ;
#1270 = VERTEX_POINT ( 'NONE', #361 ) ;
#1271 = ADVANCED_FACE ( 'NONE', ( #72 ), #1419, .F. ) ;
#1272 = DIRECTION ( 'NONE',  ( 0.000000000000000000, 0.000000000000000000, 1.000000000000000000 ) ) ;
#1273 = CARTESIAN_POINT ( 'NONE',  ( 0.000000000000000000, 0.3594999999999997642, -0.7223733752154181120 ) ) ;
#1274 = EDGE_LOOP ( 'NONE', ( #331, #93, #1176, #1437, #833, #138, #1050 ) ) ;
#1275 = DIRECTION ( 'NONE',  ( -0.000000000000000000, 0.8154461049218119095, 0.5788330069785632137 ) ) ;
#1276 = CARTESIAN_POINT ( 'NONE',  ( 0.000000000000000000, -1.060660171779820748, -1.060660171779821193 ) ) ;
#1277 = CARTESIAN_POINT ( 'NONE',  ( 1.339999999999998304, 0.5251819540697710842, -0.2839939270941673199 ) ) ;
#1278 = CARTESIAN_POINT ( 'NONE',  ( 1.339999999999998526, -0.4782624030271449000, 0.5532291125581738633 ) ) ;
#1279 = ORIENTED_EDGE ( 'NONE', *, *, #295, .T. ) ;
#1280 = CARTESIAN_POINT ( 'NONE',  ( 1.339999999999999192, -0.4782624030271445670, -0.5532291125581738633 ) ) ;
#1281 = FACE_OUTER_BOUND ( 'NONE', #1310, .T. ) ;
#1282 = ORIENTED_EDGE ( 'NONE', *, *, #419, .T. ) ;
#1283 = CARTESIAN_POINT ( 'NONE',  ( 0.000000000000000000, 1.590816192092411375E-16, 1.298999999999999710 ) ) ;
#1284 = EDGE_CURVE ( 'NONE', #890, #414, #226, .T. ) ;
#1285 = CARTESIAN_POINT ( 'NONE',  ( 0.000000000000000000, -0.2295000000000000095, 0.7223733752154175569 ) ) ;
#1286 = DIRECTION ( 'NONE',  ( 1.000000000000000000, -0.000000000000000000, -0.000000000000000000 ) ) ;
#1287 = CARTESIAN_POINT ( 'NONE',  ( 0.000000000000000000, 1.499999999999999556, 0.07649999999999988753 ) ) ;
#1288 = CARTESIAN_POINT ( 'NONE',  ( 2.009999999999999787, 0.4814264026820338493, -0.2450149121693466214 ) ) ;
#1289 = CARTESIAN_POINT ( 'NONE',  ( 2.009999999999998010, -0.3424619145679048682, 0.4098209597873728183 ) ) ;
#1290 = EDGE_LOOP ( 'NONE', ( #334, #463, #311, #1264 ) ) ;
#1291 = CARTESIAN_POINT ( 'NONE',  ( 0.000000000000000000, -0.5939171061348810232, -0.7293491378034450134 ) ) ;
#1292 = CARTESIAN_POINT ( 'NONE',  ( 0.000000000000000000, 0.3747915183772604908, 0.5876139952981629389 ) ) ;
#1293 = EDGE_LOOP ( 'NONE', ( #209, #590, #1415, #1132, #2, #1436, #215 ) ) ;
#1294 = CARTESIAN_POINT ( 'NONE',  ( 0.000000000000000000, 1.060660171779821193, 1.060660171779820748 ) ) ;
#1295 = PRESENTATION_LAYER_ASSIGNMENT (  '', '', ( #4 ) ) ;
#1296 = DIRECTION ( 'NONE',  ( 0.000000000000000000, 0.000000000000000000, -1.000000000000000000 ) ) ;
#1297 = ADVANCED_FACE ( 'Bface3', ( #1554 ), #1152, .T. ) ;
#1298 = CARTESIAN_POINT ( 'NONE',  ( 2.009999999999999787, 0.2294999999999998708, -0.6188131785926993533 ) ) ;
#1299 = EDGE_CURVE ( 'NONE', #1180, #861, #1067, .T. ) ;
#1300 = CARTESIAN_POINT ( 'NONE',  ( 1.340000000000001634, 0.6779123938349416179, -0.2295000000000000373 ) ) ;
#1301 = CARTESIAN_POINT ( 'NONE',  ( 0.000000000000000000, 0.4882843205921665874, -0.6543671831136578243 ) ) ;
#1302 = ORIENTED_EDGE ( 'NONE', *, *, #530, .T. ) ;
#1303 = CARTESIAN_POINT ( 'NONE',  ( 1.004999999999999893, 0.2294999999999997875, -1.059406589296350010 ) ) ;
#1304 = CARTESIAN_POINT ( 'NONE',  ( 2.009999999999999787, -0.2294999999999999818, -0.6188131785926992423 ) ) ;
#1305 = ORIENTED_EDGE ( 'NONE', *, *, #1003, .T. ) ;
#1306 = ORIENTED_EDGE ( 'NONE', *, *, #246, .F. ) ;
#1307 = AXIS2_PLACEMENT_3D ( 'NONE', #1177, #1317, #91 ) ;
#1308 = CIRCLE ( 'NONE', #979, 0.1299999999999999489 ) ;
#1309 = DIRECTION ( 'NONE',  ( 1.000000000000000000, -0.000000000000000000, -0.000000000000000000 ) ) ;
#1310 = EDGE_LOOP ( 'NONE', ( #865, #486, #1576, #66 ) ) ;
#1311 = CARTESIAN_POINT ( 'NONE',  ( 1.339999999999999858, 0.07978931686783108379, -0.9491510707818526793 ) ) ;
#1312 = CARTESIAN_POINT ( 'NONE',  ( 1.339999999999999858, 0.5940334191024988497, 0.5704359302014558875 ) ) ;
#1313 = CARTESIAN_POINT ( 'NONE',  ( 0.000000000000000000, 0.2294999999999996210, -0.9037060735726649696 ) ) ;
#1314 = DIRECTION ( 'NONE',  ( -1.000000000000000000, 0.000000000000000000, 0.000000000000000000 ) ) ;
#1315 = CARTESIAN_POINT ( 'NONE',  ( 1.339999999999999414, 0.2295000000000000373, 0.8867488564019946340 ) ) ;
#1316 = ORIENTED_EDGE ( 'NONE', *, *, #1626, .F. ) ;
#1317 = DIRECTION ( 'NONE',  ( 1.000000000000000000, -0.000000000000000000, -0.000000000000000000 ) ) ;
#1318 = CARTESIAN_POINT ( 'NONE',  ( 2.009999999999999787, 0.2294999999999997320, -0.5433477631085023019 ) ) ;
#1319 = VERTEX_POINT ( 'NONE', #607 ) ;
#1320 = CARTESIAN_POINT ( 'NONE',  ( 2.009999999999999787, -0.5433477631085024129, -0.3594999999999996532 ) ) ;
#1321 = CARTESIAN_POINT ( 'NONE',  ( 1.339999999999999858, 0.2294999999999997875, -0.6280079183132808440 ) ) ;
#1322 = LINE ( 'NONE', #798, #208 ) ;
#1323 = EDGE_CURVE ( 'NONE', #1655, #1388, #732, .T. ) ;
#1324 = CARTESIAN_POINT ( 'NONE',  ( 0.000000000000000000, 0.07649999999999987366, -1.500000000000000222 ) ) ;
#1325 = ORIENTED_EDGE ( 'NONE', *, *, #240, .T. ) ;
#1326 = CARTESIAN_POINT ( 'NONE',  ( 0.000000000000000000, 1.499999999999999556, -0.2295000000000001206 ) ) ;
#1327 = EDGE_CURVE ( 'NONE', #1121, #948, #1146, .T. ) ;
#1328 = ORIENTED_EDGE ( 'NONE', *, *, #1284, .F. ) ;
#1329 = CARTESIAN_POINT ( 'NONE',  ( 2.009999999999999787, 0.000000000000000000, 0.000000000000000000 ) ) ;
#1330 = VECTOR ( 'NONE', #880, 1000.000000000000000 ) ;
#1331 = CARTESIAN_POINT ( 'NONE',  ( 0.6699999999999992628, 0.2294999999999996765, -0.9276912656061179208 ) ) ;
#1332 = CIRCLE ( 'NONE', #1619, 0.7999999999999999334 ) ;
#1333 = CARTESIAN_POINT ( 'NONE',  ( 0.000000000000000000, -0.7223733751969472205, 0.2294999999999995932 ) ) ;
#1334 = VECTOR ( 'NONE', #631, 1000.000000000000000 ) ;
#1335 = CARTESIAN_POINT ( 'NONE',  ( 1.340000000000000968, 0.2294999999999999540, 0.8344596506904018440 ) ) ;
#1336 = EDGE_CURVE ( 'NONE', #1744, #437, #62, .T. ) ;
#1337 = ORIENTED_EDGE ( 'NONE', *, *, #1020, .F. ) ;
#1338 = CARTESIAN_POINT ( 'NONE',  ( 0.000000000000000000, -1.060660171779820526, 1.060660171779820526 ) ) ;
#1339 = CARTESIAN_POINT ( 'NONE',  ( 0.000000000000000000, 1.060660171779821193, -1.060660171779821193 ) ) ;
#1340 = CARTESIAN_POINT ( 'NONE',  ( 0.6699999999999990408, -0.2294999999999999263, -0.7908092337038025166 ) ) ;
#1341 = DIRECTION ( 'NONE',  ( -1.000000000000000000, 0.000000000000000000, 0.000000000000000000 ) ) ;
#1342 = CARTESIAN_POINT ( 'NONE',  ( 0.6699999999999999289, -0.8282737758859136656, 0.8181839375154487115 ) ) ;
#1343 = FILL_AREA_STYLE ('',( #1069 ) ) ;
#1344 = CARTESIAN_POINT ( 'NONE',  ( 2.009999999999999787, -0.5832075478202696228, -0.2294999999999998985 ) ) ;
#1345 = PRODUCT ( 'GB¨uT 819.1-2016[Ê®×Ö²Û³ÁÍ·ÂÝ¶¤M3¡Á25]', 'GB¨uT 819.1-2016[Ê®×Ö²Û³ÁÍ·ÂÝ¶¤M3¡Á25]', '', ( #1467 ) ) ;
#1346 = CARTESIAN_POINT ( 'NONE',  ( 1.339999999999999414, -0.2295000000000000373, -0.6280079183132807330 ) ) ;
#1347 = CARTESIAN_POINT ( 'NONE',  ( 2.010000000000001119, -0.2385951314526195133, 0.4939659334555756010 ) ) ;
#1348 = VECTOR ( 'NONE', #783, 1000.000000000000114 ) ;
#1349 = CARTESIAN_POINT ( 'NONE',  ( 2.009999999999998899, -0.4939659334555761561, 0.2385951314526200406 ) ) ;
#1350 = EDGE_CURVE ( 'NONE', #879, #1744, #1376, .T. ) ;
#1351 =( NAMED_UNIT ( * ) PLANE_ANGLE_UNIT ( ) SI_UNIT ( $, .RADIAN. ) );
#1352 = CARTESIAN_POINT ( 'NONE',  ( 1.340000000000000524, -0.5251819540697719724, -0.2839939270941664318 ) ) ;
#1353 = ADVANCED_FACE ( 'NONE', ( #866 ), #399, .F. ) ;
#1354 = DIRECTION ( 'NONE',  ( -1.000000000000000000, 0.000000000000000000, 0.000000000000000000 ) ) ;
#1355 = CIRCLE ( 'NONE', #1737, 0.6600000000000000311 ) ;
#1356 = CARTESIAN_POINT ( 'NONE',  ( 2.620000000000000995, 1.836970198721030181E-16, 1.500000000000000222 ) ) ;
#1357 = VERTEX_POINT ( 'NONE', #1565 ) ;
#1358 = AXIS2_PLACEMENT_3D ( 'NONE', #1189, #998, #1549 ) ;
#1359 = CARTESIAN_POINT ( 'NONE',  ( 0.000000000000000000, -0.6543671831136570471, -0.4882843205921660323 ) ) ;
#1360 = CARTESIAN_POINT ( 'NONE',  ( 1.340000000000001412, 0.5304040826137065290, 0.3884216836037969744 ) ) ;
#1361 = CARTESIAN_POINT ( 'NONE',  ( 0.6699999999999999289, -0.2294999999999998153, 1.206271059530899414 ) ) ;
#1362 = CARTESIAN_POINT ( 'NONE',  ( -0.000000000000000000, -0.6926298297924291525, 0.2294999999999994267 ) ) ;
#1363 = EDGE_LOOP ( 'NONE', ( #849, #166, #1028, #102, #1716, #678, #906 ) ) ;
#1364 = DIRECTION ( 'NONE',  ( 1.000000000000000000, -0.000000000000000000, -0.000000000000000000 ) ) ;
#1365 = CARTESIAN_POINT ( 'NONE',  ( 0.6699999999999999289, -0.7045721546709529104, -0.2294999999999999540 ) ) ;
#1366 = CARTESIAN_POINT ( 'NONE',  ( 0.000000000000000000, -0.6163653815755819609, 0.4347482909072129531 ) ) ;
#1367 = CARTESIAN_POINT ( 'NONE',  ( 0.6699999999999999289, -0.3595352262988448788, 0.5628899751421199138 ) ) ;
#1368 = CARTESIAN_POINT ( 'NONE',  ( 0.000000000000000000, -0.3594999999999997087, -0.7223733752154176679 ) ) ;
#1369 = EDGE_CURVE ( 'NONE', #437, #1685, #337, .T. ) ;
#1370 = ORIENTED_EDGE ( 'NONE', *, *, #968, .T. ) ;
#1371 = TOROIDAL_SURFACE ( 'NONE', #600, 2.098999999999999755, 0.7999999999999998224 ) ;
#1372 = MANIFOLD_SOLID_BREP ( 'ÇÐ³ý-·ÅÑù4', #107 ) ;
#1373 = CARTESIAN_POINT ( 'NONE',  ( 2.009999999999999787, -0.6188131785926992423, 0.2295000000000002038 ) ) ;
#1374 = CARTESIAN_POINT ( 'NONE',  ( 2.010000000000001563, -0.5650155539660793869, -0.2294999999999993989 ) ) ;
#1375 = CARTESIAN_POINT ( 'NONE',  ( 0.000000000000000000, 0.8400454180997759535, 0.7498633799456237981 ) ) ;
#1376 = CIRCLE ( 'NONE', #742, 0.7999999999999999334 ) ;
#1377 = CARTESIAN_POINT ( 'NONE',  ( 0.6700000000000001510, -0.4911693948693383605, 0.6298766102085754381 ) ) ;
#1378 = CARTESIAN_POINT ( 'NONE',  ( 1.339999999999999414, -0.8867488564019946340, 0.2295000000000000373 ) ) ;
#1379 = VECTOR ( 'NONE', #1684, 1000.000000000000114 ) ;
#1380 = EDGE_CURVE ( 'NONE', #1439, #694, #1544, .T. ) ;
#1381 = APPLICATION_CONTEXT ( 'automotive_design' ) ;
#1382 = ORIENTED_EDGE ( 'NONE', *, *, #316, .F. ) ;
#1383 = DIRECTION ( 'NONE',  ( 0.000000000000000000, 0.000000000000000000, -1.000000000000000000 ) ) ;
#1384 = CARTESIAN_POINT ( 'NONE',  ( 0.000000000000000000, 0.000000000000000000, 0.000000000000000000 ) ) ;
#1385 = CARTESIAN_POINT ( 'NONE',  ( 1.340000000000000302, 0.5414463541971962224, 0.2572507890131587871 ) ) ;
#1386 = DIRECTION ( 'NONE',  ( 0.000000000000000000, 0.000000000000000000, -1.000000000000000000 ) ) ;
#1387 = LINE ( 'NONE', #1654, #851 ) ;
#1388 = VERTEX_POINT ( 'NONE', #387 ) ;
#1389 = CARTESIAN_POINT ( 'NONE',  ( 0.000000000000000000, -1.500000000000000222, -0.07650000000000016509 ) ) ;
#1390 = EDGE_CURVE ( 'NONE', #1357, #184, #775, .T. ) ;
#1391 = DIRECTION ( 'NONE',  ( 0.000000000000000000, 0.000000000000000000, -1.000000000000000000 ) ) ;
#1392 = CARTESIAN_POINT ( 'NONE',  ( 0.6699999999999999289, 0.7908092337038030717, 0.2294999999999998708 ) ) ;
#1393 = CARTESIAN_POINT ( 'NONE',  ( 1.339999999999999858, -0.6545026449627742160, 0.6545026449627744380 ) ) ;
#1394 = DIRECTION ( 'NONE',  ( 1.000000000000000000, -0.000000000000000000, -0.000000000000000000 ) ) ;
#1395 = CARTESIAN_POINT ( 'NONE',  ( 0.000000000000000000, 0.7498633799456240201, 0.8400454180997745102 ) ) ;
#1396 = ORIENTED_EDGE ( 'NONE', *, *, #1774, .F. ) ;
#1397 = CARTESIAN_POINT ( 'NONE',  ( 2.009999999999999787, 0.08143397530174689702, 0.6737266061727790190 ) ) ;
#1398 = DIRECTION ( 'NONE',  ( 1.000000000000000000, -0.000000000000000000, -0.000000000000000000 ) ) ;
#1399 = CARTESIAN_POINT ( 'NONE',  ( 0.000000000000000000, 0.6411782061984899750, -0.2491135936504999815 ) ) ;
#1400 = CARTESIAN_POINT ( 'NONE',  ( 2.009999999999999787, -0.4514238815542512273, 0.4514238815542514494 ) ) ;
#1401 = ORIENTED_EDGE ( 'NONE', *, *, #1369, .F. ) ;
#1402 = CARTESIAN_POINT ( 'NONE',  ( 0.6700000000000008171, -0.9276912656061176987, 0.2294999999999999540 ) ) ;
#1403 = DIRECTION ( 'NONE',  ( 0.000000000000000000, 0.000000000000000000, 1.000000000000000000 ) ) ;
#1404 = EDGE_LOOP ( 'NONE', ( #1595, #754, #1633, #1691 ) ) ;
#1405 = AXIS2_PLACEMENT_3D ( 'NONE', #556, #1394, #967 ) ;
#1406 = AXIS2_PLACEMENT_3D ( 'NONE', #1249, #21, #1110 ) ;
#1407 = CARTESIAN_POINT ( 'NONE',  ( 0.6699999999999999289, -1.206271059530900081, 0.2294999999999998985 ) ) ;
#1408 = CARTESIAN_POINT ( 'NONE',  ( 2.009999999999999787, -0.5433477631085023019, -0.2294999999999996210 ) ) ;
#1409 = CARTESIAN_POINT ( 'NONE',  ( 1.339999999999999858, 0.5221581889120769926, -0.3022750692340959167 ) ) ;
#1410 = CARTESIAN_POINT ( 'NONE',  ( 0.6700000000000000400, -0.7376422223126316569, 0.7720464330963406896 ) ) ;
#1411 = VERTEX_POINT ( 'NONE', #1770 ) ;
#1412 = PLANE ( 'NONE',  #407 ) ;
#1413 = EDGE_CURVE ( 'NONE', #397, #233, #1778, .T. ) ;
#1414 = CARTESIAN_POINT ( 'NONE',  ( 0.6699999999999995959, 0.6140628914863841548, 0.6966372653289737427 ) ) ;
#1415 = ORIENTED_EDGE ( 'NONE', *, *, #504, .F. ) ;
#1416 = CARTESIAN_POINT ( 'NONE',  ( 2.009999999999999787, -0.2295002186393480248, -0.6188124266033121490 ) ) ;
#1417 = LINE ( 'NONE', #1597, #1475 ) ;
#1418 = CARTESIAN_POINT ( 'NONE',  ( 0.6699999999999999289, -0.8282737758859136656, -0.8181839375154490446 ) ) ;
#1419 = PLANE ( 'NONE',  #1239 ) ;
#1420 = CARTESIAN_POINT ( 'NONE',  ( 0.6699999999999999289, 0.8282737758859139987, 0.8181839375154486005 ) ) ;
#1421 = CARTESIAN_POINT ( 'NONE',  ( 0.000000000000000000, 0.2294999999999996487, -0.7223733752154182230 ) ) ;
#1422 = ORIENTED_EDGE ( 'NONE', *, *, #901, .F. ) ;
#1423 = DIRECTION ( 'NONE',  ( 1.000000000000000000, -0.000000000000000000, -0.000000000000000000 ) ) ;
#1424 = CARTESIAN_POINT ( 'NONE',  ( 1.339999999999999858, 0.5704359302014564426, 0.5940334191024995159 ) ) ;
#1425 = EDGE_CURVE ( 'NONE', #1439, #184, #125, .T. ) ;
#1426 = DIRECTION ( 'NONE',  ( 1.000000000000000000, -0.000000000000000000, -0.000000000000000000 ) ) ;
#1427 = EDGE_CURVE ( 'NONE', #1009, #323, #1634, .T. ) ;
#1428 =( NAMED_UNIT ( * ) SI_UNIT ( $, .STERADIAN. ) SOLID_ANGLE_UNIT ( ) );
#1429 = CIRCLE ( 'NONE', #1141, 0.1300000000000000600 ) ;
#1430 = CARTESIAN_POINT ( 'NONE',  ( 0.000000000000000000, 1.499999999999999556, 0.2294999999999999263 ) ) ;
#1431 = CARTESIAN_POINT ( 'NONE',  ( 0.000000000000000000, 0.5969625364381268007, -0.3068394616943653230 ) ) ;
#1432 = CARTESIAN_POINT ( 'NONE',  ( 0.000000000000000000, 0.2294999999999997320, -1.302177609708593531 ) ) ;
#1433 = ORIENTED_EDGE ( 'NONE', *, *, #860, .F. ) ;
#1434 = CARTESIAN_POINT ( 'NONE',  ( 2.009999999999999787, 0.000000000000000000, 0.000000000000000000 ) ) ;
#1435 = DIRECTION ( 'NONE',  ( 0.000000000000000000, -1.000000000000000000, 0.000000000000000000 ) ) ;
#1436 = ORIENTED_EDGE ( 'NONE', *, *, #580, .T. ) ;
#1437 = ORIENTED_EDGE ( 'NONE', *, *, #884, .F. ) ;
#1438 = CARTESIAN_POINT ( 'NONE',  ( 2.009999999999999787, 0.2294999999999997320, -0.6188131785926993533 ) ) ;
#1439 = VERTEX_POINT ( 'NONE', #666 ) ;
#1440 = CARTESIAN_POINT ( 'NONE',  ( 1.339999999999999858, 0.2294999999999998153, -0.9125421190617997169 ) ) ;
#1441 = CARTESIAN_POINT ( 'NONE',  ( 0.000000000000000000, 0.9037060735726651917, -0.2295000000000001761 ) ) ;
#1442 = CARTESIAN_POINT ( 'NONE',  ( 2.009999999999999787, 0.4375501157988058720, -0.4375501157988059275 ) ) ;
#1443 = ORIENTED_EDGE ( 'NONE', *, *, #1774, .T. ) ;
#1444 = CARTESIAN_POINT ( 'NONE',  ( 1.339999999999999192, 0.2362954785327347207, 0.5672279759450787884 ) ) ;
#1445 = CIRCLE ( 'NONE', #669, 1.298999999999999710 ) ;
#1446 = ORIENTED_EDGE ( 'NONE', *, *, #1427, .F. ) ;
#1447 = DIRECTION ( 'NONE',  ( 0.000000000000000000, 0.000000000000000000, -1.000000000000000000 ) ) ;
#1448 = VECTOR ( 'NONE', #188, 1000.000000000000000 ) ;
#1449 = LINE ( 'NONE', #1438, #470 ) ;
#1450 = ADVANCED_FACE ( 'NONE', ( #1216, #139 ), #1753, .T. ) ;
#1451 = VERTEX_POINT ( 'NONE', #271 ) ;
#1452 = DIRECTION ( 'NONE',  ( -1.000000000000000000, 0.000000000000000000, 0.000000000000000000 ) ) ;
#1453 = CARTESIAN_POINT ( 'NONE',  ( 0.000000000000000000, 1.099933124499040904, -0.2294999999999998430 ) ) ;
#1454 = CARTESIAN_POINT ( 'NONE',  ( 1.339999999999999858, 0.3349276972338570690, -0.5245223187553625932 ) ) ;
#1455 = EDGE_CURVE ( 'NONE', #1685, #894, #346, .T. ) ;
#1456 = CARTESIAN_POINT ( 'NONE',  ( 0.000000000000000000, 0.2295000000000000373, 0.9037060735726643035 ) ) ;
#1457 = VERTEX_POINT ( 'NONE', #1052 ) ;
#1458 = VERTEX_POINT ( 'NONE', #916 ) ;
#1459 = ORIENTED_EDGE ( 'NONE', *, *, #1380, .F. ) ;
#1460 = CARTESIAN_POINT ( 'NONE',  ( 2.009999999999999787, 0.6737266061727790190, -0.08143397530174710519 ) ) ;
#1461 = CARTESIAN_POINT ( 'NONE',  ( 2.010000000000000231, 0.2324564526725560465, -0.5136882630767323210 ) ) ;
#1462 = CARTESIAN_POINT ( 'NONE',  ( 1.339999999999997415, -0.2294999999999998153, -0.8344596506904012889 ) ) ;
#1463 = CARTESIAN_POINT ( 'NONE',  ( 2.010000000000000675, 0.2385951314526201794, 0.4939659334555762671 ) ) ;
#1464 = VERTEX_POINT ( 'NONE', #378 ) ;
#1465 = CARTESIAN_POINT ( 'NONE',  ( 1.339999999999999858, -0.5245223187553622601, 0.3349276972338572911 ) ) ;
#1466 = VECTOR ( 'NONE', #1468, 1000.000000000000000 ) ;
#1467 = PRODUCT_CONTEXT ( 'NONE', #1537, 'mechanical' ) ;
#1468 = DIRECTION ( 'NONE',  ( -0.000000000000000000, 1.000000000000000000, -0.000000000000000000 ) ) ;
#1469 = CARTESIAN_POINT ( 'NONE',  ( 2.010000000000000675, 0.4032296380902800625, -0.4160204051086568433 ) ) ;
#1470 = VECTOR ( 'NONE', #48, 1000.000000000000227 ) ;
#1471 = CARTESIAN_POINT ( 'NONE',  ( 0.6699999999999999289, -0.4116060089130117450, -0.5894447509345100977 ) ) ;
#1472 = AXIS2_PLACEMENT_3D ( 'NONE', #1681, #26, #476 ) ;
#1473 = CARTESIAN_POINT ( 'NONE',  ( 0.6700000000000004841, 0.2295000000000000095, 0.7908092337038028496 ) ) ;
#1474 = LINE ( 'NONE', #946, #296 ) ;
#1475 = VECTOR ( 'NONE', #1275, 1000.000000000000000 ) ;
#1476 = DIRECTION ( 'NONE',  ( 0.000000000000000000, 0.000000000000000000, 1.000000000000000000 ) ) ;
#1477 = CARTESIAN_POINT ( 'NONE',  ( 0.4333145750507673144, 3.367778697655221012E-16, 2.750000000000000000 ) ) ;
#1478 = CARTESIAN_POINT ( 'NONE',  ( 1.340000000000002744, -0.2295000000000003426, -0.7554494067131946045 ) ) ;
#1479 = CARTESIAN_POINT ( 'NONE',  ( -0.000000000000000000, -0.2294999999999999818, 0.7811363910286241996 ) ) ;
#1480 = CARTESIAN_POINT ( 'NONE',  ( 0.000000000000000000, -1.023635605929467562, 1.008500848373770076 ) ) ;
#1481 = EDGE_CURVE ( 'NONE', #994, #750, #804, .T. ) ;
#1482 = CARTESIAN_POINT ( 'NONE',  ( 1.339999999999998082, -0.5414463541971958893, -0.2572507890131588981 ) ) ;
#1483 = CARTESIAN_POINT ( 'NONE',  ( 0.000000000000000000, -0.2294999999999999540, -1.500000000000000000 ) ) ;
#1484 = CARTESIAN_POINT ( 'NONE',  ( 1.339999999999999858, -0.2294999999999997875, 0.6280079183132806220 ) ) ;
#1485 = COLOUR_RGB ( '',0.7921568627450980005, 0.8196078431372548767, 0.9333333333333333481 ) ;
#1486 = CARTESIAN_POINT ( 'NONE',  ( 2.009999999999997122, -0.5650155539660792758, 0.2295000000000000373 ) ) ;
#1487 = ORIENTED_EDGE ( 'NONE', *, *, #548, .T. ) ;
#1488 = APPLICATION_PROTOCOL_DEFINITION ( 'draft international standard', 'automotive_design', 1998, #1537 ) ;
#1489 = DIRECTION ( 'NONE',  ( 0.000000000000000000, 0.000000000000000000, 1.000000000000000000 ) ) ;
#1490 = CARTESIAN_POINT ( 'NONE',  ( 0.000000000000000000, -0.5969625364381266897, -0.3068394616943648789 ) ) ;
#1491 = MECHANICAL_DESIGN_GEOMETRIC_PRESENTATION_REPRESENTATION (  '', ( #665 ), #288 ) ;
#1492 = CARTESIAN_POINT ( 'NONE',  ( 2.009999999999999787, -0.2295000000000000651, -0.5392499249289482988 ) ) ;
#1493 = CARTESIAN_POINT ( 'NONE',  ( 0.000000000000000000, -0.3068394616943653230, 0.5969625364381273558 ) ) ;
#1494 = DIRECTION ( 'NONE',  ( -0.000000000000000000, 3.591718688385627864E-16, 1.000000000000000000 ) ) ;
#1495 = ORIENTED_EDGE ( 'NONE', *, *, #884, .T. ) ;
#1496 = B_SPLINE_SURFACE_WITH_KNOTS ( 'NONE', 3, 3, ( 
 ( #568, #1112, #1665, #974 ),
 ( #653, #646, #1162, #630 ),
 ( #1432, #1579, #1183, #204 ),
 ( #234, #1331, #1173, #1602 ),
 ( #1313, #1017, #637, #363 ),
 ( #776, #1202, #1321, #1194 ),
 ( #113, #784, #903, #86 ),
 ( #218, #379, #1567, #1730 ),
 ( #350, #496, #1047, #1461 ),
 ( #1040, #1592, #1748, #620 ),
 ( #918, #371, #889, #745 ),
 ( #1301, #228, #1454, #767 ),
 ( #95, #514, #104, #1719 ),
 ( #1741, #911, #757, #1053 ),
 ( #1609, #507, #485, #1469 ),
 ( #74, #1027, #243, #1442 ),
 ( #1339, #473, #339, #878 ) ),
 .UNSPECIFIED., .F., .F., .F.,
 ( 4, 1, 1, 1, 2, 1, 1, 1, 2, 1, 1, 1, 4 ),
 ( 4, 4 ),
 ( 0.000000000000000000, 0.04145186363303606653, 0.08290372726607213305, 0.1243555908991081788, 0.1658074545321442661, 0.1867887704683718897, 0.2077700864045994855, 0.2287514023408270813, 0.2497327182770547049, 0.3122995387077910912, 0.3748663591385273941, 0.4374331795692637526, 0.5000000000000001110 ),
 ( 0.000000000000000000, 1.000000000000000000 ),
 .UNSPECIFIED. ) ;
#1497 = PRESENTATION_STYLE_ASSIGNMENT (( #519 ) ) ;
#1498 = CARTESIAN_POINT ( 'NONE',  ( 0.6699999999999999289, -1.206271059530900081, -0.2294999999999999540 ) ) ;
#1499 = CARTESIAN_POINT ( 'NONE',  ( 0.6700000000000001510, 0.5692044453176610119, 0.2820451253537618053 ) ) ;
#1500 = EDGE_CURVE ( 'NONE', #710, #1464, #1429, .T. ) ;
#1501 = DIRECTION ( 'NONE',  ( 0.000000000000000000, 0.000000000000000000, 1.000000000000000000 ) ) ;
#1502 = ORIENTED_EDGE ( 'NONE', *, *, #1020, .T. ) ;
#1503 = FACE_OUTER_BOUND ( 'NONE', #83, .T. ) ;
#1504 = CARTESIAN_POINT ( 'NONE',  ( 0.000000000000000000, -0.4347482909067316714, 0.6163653815752404563 ) ) ;
#1505 = CARTESIAN_POINT ( 'NONE',  ( 0.6699999999999992628, 0.6042030910717846037, 0.2427045360916171290 ) ) ;
#1506 = ADVANCED_FACE ( 'NONE', ( #1747 ), #1371, .F. ) ;
#1507 = CARTESIAN_POINT ( 'NONE',  ( 1.339999999999999858, -0.3349276972338568470, 0.5245223187553624822 ) ) ;
#1508 = B_SPLINE_SURFACE_WITH_KNOTS ( 'NONE', 3, 3, ( 
 ( #1026, #992, #1005, #38 ),
 ( #854, #472, #588, #1172 ),
 ( #619, #1555, #877, #217 ),
 ( #306, #1710, #192, #1578 ),
 ( #314, #85, #888, #723 ),
 ( #338, #1016, #1139, #1729 ),
 ( #629, #1542, #1409, #1288 ),
 ( #1566, #349, #1277, #495 ),
 ( #1431, #1130, #1532, #1161 ),
 ( #1399, #844, #182, #47 ),
 ( #329, #867, #733, #756 ),
 ( #60, #609, #1153, #203 ),
 ( #1441, #743, #1300, #73 ),
 ( #1453, #362, #902, #227 ),
 ( #766, #1039, #1591, #1631 ),
 ( #121, #418, #1659, #1653 ),
 ( #1637, #663, #1211, #799 ) ),
 .UNSPECIFIED., .F., .F., .F.,
 ( 4, 1, 1, 1, 2, 1, 1, 1, 2, 1, 1, 1, 4 ),
 ( 4, 4 ),
 ( 0.5000000000000001110, 0.5625668204307365805, 0.6251336408614727169, 0.6877004612922091864, 0.7502672817229456559, 0.7712485976591731962, 0.7922299135954007365, 0.8132112295316282768, 0.8341925454678558172, 0.8756444091008918074, 0.9170962727339279086, 0.9585481363669638988, 1.000000000000000000 ),
 ( 0.000000000000000000, 1.000000000000000000 ),
 .UNSPECIFIED. ) ;
#1509 = CARTESIAN_POINT ( 'NONE',  ( 0.6699999999999991518, -1.068318630199498021, 0.2295000000000000095 ) ) ;
#1510 = EDGE_LOOP ( 'NONE', ( #873, #625, #1247, #579, #1712 ) ) ;
#1511 = CARTESIAN_POINT ( 'NONE',  ( 0.000000000000000000, 0.4347482909072130086, 0.6163653815755819609 ) ) ;
#1512 = DIRECTION ( 'NONE',  ( 0.000000000000000000, 0.000000000000000000, 1.000000000000000000 ) ) ;
#1513 = CARTESIAN_POINT ( 'NONE',  ( 1.340000000000000080, 0.7554494067131938273, 0.2294999999999995655 ) ) ;
#1514 = AXIS2_PLACEMENT_3D ( 'NONE', #133, #112, #660 ) ;
#1515 = DIRECTION ( 'NONE',  ( 1.000000000000000000, -0.000000000000000000, -0.000000000000000000 ) ) ;
#1516 = CARTESIAN_POINT ( 'NONE',  ( 2.009999999999999787, 1.822264053178975946E-16, -0.6599991246388795529 ) ) ;
#1517 = VECTOR ( 'NONE', #1263, 1000.000000000000227 ) ;
#1518 = EDGE_CURVE ( 'NONE', #323, #13, #1610, .T. ) ;
#1519 = ORIENTED_EDGE ( 'NONE', *, *, #1327, .T. ) ;
#1520 = CARTESIAN_POINT ( 'NONE',  ( 2.009999999999999787, -0.2294999999999999818, 0.6188131785926993533 ) ) ;
#1521 = CARTESIAN_POINT ( 'NONE',  ( 2.210999999999999854, 0.000000000000000000, 0.000000000000000000 ) ) ;
#1522 = CARTESIAN_POINT ( 'NONE',  ( 1.339999999999999858, 0.6779123938349409517, 0.2294999999999998153 ) ) ;
#1523 = CIRCLE ( 'NONE', #1235, 1.298999999999999710 ) ;
#1524 = DIRECTION ( 'NONE',  ( 0.000000000000000000, 0.000000000000000000, 1.000000000000000000 ) ) ;
#1525 = CARTESIAN_POINT ( 'NONE',  ( 1.004999999999999893, -0.7560420266670356826, 0.7560420266670359046 ) ) ;
#1526 = CARTESIAN_POINT ( 'NONE',  ( 26.37270800287122796, 0.000000000000000000, 0.000000000000000000 ) ) ;
#1527 = ORIENTED_EDGE ( 'NONE', *, *, #925, .T. ) ;
#1528 = EDGE_CURVE ( 'NONE', #685, #1572, #1057, .T. ) ;
#1529 = CARTESIAN_POINT ( 'NONE',  ( 2.009999999999999787, -0.6737266061727791300, -0.08143397530174664722 ) ) ;
#1530 = EDGE_CURVE ( 'NONE', #750, #771, #737, .T. ) ;
#1531 = DIRECTION ( 'NONE',  ( 0.000000000000000000, 0.000000000000000000, -1.000000000000000000 ) ) ;
#1532 = CARTESIAN_POINT ( 'NONE',  ( 1.339999999999999858, 0.5414463541971971106, -0.2572507890131588981 ) ) ;
#1533 = CARTESIAN_POINT ( 'NONE',  ( -0.000000000000000000, -1.008500848373770076, 1.023635605929467562 ) ) ;
#1534 = ORIENTED_EDGE ( 'NONE', *, *, #1571, .T. ) ;
#1535 = DIRECTION ( 'NONE',  ( 0.8660254037844382635, 0.000000000000000000, -0.5000000000000006661 ) ) ;
#1536 = DIRECTION ( 'NONE',  ( -1.000000000000000000, 0.000000000000000000, 0.000000000000000000 ) ) ;
#1537 = APPLICATION_CONTEXT ( 'automotive_design' ) ;
#1538 = ORIENTED_EDGE ( 'NONE', *, *, #1755, .F. ) ;
#1539 = CARTESIAN_POINT ( 'NONE',  ( 1.339999999999999858, -0.9125421190617997169, -0.2294999999999999818 ) ) ;
#1540 = DIRECTION ( 'NONE',  ( 0.000000000000000000, 0.000000000000000000, -1.000000000000000000 ) ) ;
#1541 = EDGE_CURVE ( 'NONE', #1464, #318, #287, .T. ) ;
#1542 = CARTESIAN_POINT ( 'NONE',  ( 0.6699999999999999289, 0.5628899751421199138, -0.3595352262988451564 ) ) ;
#1543 = CARTESIAN_POINT ( 'NONE',  ( 0.000000000000000000, -0.7498633799456249083, 0.8400454180997757314 ) ) ;
#1544 = CIRCLE ( 'NONE', #1514, 1.500000000000000222 ) ;
#1545 = ORIENTED_EDGE ( 'NONE', *, *, #316, .T. ) ;
#1546 = CARTESIAN_POINT ( 'NONE',  ( 2.010000000000001119, -0.4032296380902797850, -0.4160204051086571764 ) ) ;
#1547 = CARTESIAN_POINT ( 'NONE',  ( 1.340000000000000302, 0.3884216836037973075, 0.5304040826137069731 ) ) ;
#1548 = ORIENTED_EDGE ( 'NONE', *, *, #534, .T. ) ;
#1549 = DIRECTION ( 'NONE',  ( 0.000000000000000000, 0.000000000000000000, 1.000000000000000000 ) ) ;
#1550 = CONICAL_SURFACE ( 'NONE', #1586, 3283.582089552235630, 1.275174625120683247 ) ;
#1551 = CIRCLE ( 'NONE', #686, 0.1300000000000001155 ) ;
#1552 = CARTESIAN_POINT ( 'NONE',  ( 0.000000000000000000, 1.499999999999999556, -0.2295000000000001206 ) ) ;
#1553 = CARTESIAN_POINT ( 'NONE',  ( 2.009999999999999787, 0.5433477631085024129, -0.3595000000000000973 ) ) ;
#1554 = FACE_OUTER_BOUND ( 'NONE', #649, .T. ) ;
#1555 = CARTESIAN_POINT ( 'NONE',  ( 0.6699999999999995959, 0.7720464330963414668, -0.7376422223126328781 ) ) ;
#1556 = CARTESIAN_POINT ( 'NONE',  ( 0.6699999999999999289, -0.8181839375154487115, 0.8282737758859136656 ) ) ;
#1557 = EDGE_CURVE ( 'NONE', #184, #1357, #1575, .T. ) ;
#1558 = VERTEX_POINT ( 'NONE', #1511 ) ;
#1559 = CARTESIAN_POINT ( 'NONE',  ( 2.009999999999998899, -0.3424619145679045351, -0.4098209597873726517 ) ) ;
#1560 = ADVANCED_BREP_SHAPE_REPRESENTATION ( 'GB¨uT 819.1-2016[Ê®×Ö²Û³ÁÍ·ÂÝ¶¤M3¡Á25]', ( #1372, #481 ), #614 ) ;
#1561 = CARTESIAN_POINT ( 'NONE',  ( 0.6699999999999999289, 0.4116060089130116895, 0.5894447509345097647 ) ) ;
#1562 = EDGE_CURVE ( 'NONE', #1135, #1319, #834, .T. ) ;
#1563 = ORIENTED_EDGE ( 'NONE', *, *, #1380, .T. ) ;
#1564 = CARTESIAN_POINT ( 'NONE',  ( 2.009999999999999787, 0.2294991350275839836, -0.6188161523670205888 ) ) ;
#1565 = CARTESIAN_POINT ( 'NONE',  ( 26.37270800287122796, 0.000000000000000000, -1.500000000000000000 ) ) ;
#1566 = CARTESIAN_POINT ( 'NONE',  ( 0.000000000000000000, 0.5876139952981626058, -0.3747915183772612124 ) ) ;
#1567 = CARTESIAN_POINT ( 'NONE',  ( 1.339999999999999858, 0.2362954785327342488, -0.5672279759450782333 ) ) ;
#1568 = VERTEX_POINT ( 'NONE', #146 ) ;
#1569 = FILL_AREA_STYLE ('',( #612 ) ) ;
#1570 = CARTESIAN_POINT ( 'NONE',  ( 0.000000000000000000, 1.008500848373770298, 1.023635605929467562 ) ) ;
#1571 = EDGE_CURVE ( 'NONE', #1267, #1679, #794, .T. ) ;
#1572 = VERTEX_POINT ( 'NONE', #573 ) ;
#1573 = ORIENTED_EDGE ( 'NONE', *, *, #1455, .F. ) ;
#1574 = DIRECTION ( 'NONE',  ( -0.000000000000000000, -0.5788330069785636578, 0.8154461049218115765 ) ) ;
#1575 = CIRCLE ( 'NONE', #119, 1.500000000000000000 ) ;
#1576 = ORIENTED_EDGE ( 'NONE', *, *, #1113, .T. ) ;
#1577 = CARTESIAN_POINT ( 'NONE',  ( 2.215685424949238591, 2.570533631410293990E-16, 2.098999999999999755 ) ) ;
#1578 = CARTESIAN_POINT ( 'NONE',  ( 2.010000000000000675, 0.4098209597873728183, -0.3424619145679044796 ) ) ;
#1579 = CARTESIAN_POINT ( 'NONE',  ( 0.6700000000000001510, 0.2294999999999998153, -1.068318630199498021 ) ) ;
#1580 = ORIENTED_EDGE ( 'NONE', *, *, #1765, .F. ) ;
#1581 = CYLINDRICAL_SURFACE ( 'NONE', #1182, 1.500000000000000222 ) ;
#1582 = DIRECTION ( 'NONE',  ( 0.000000000000000000, 0.000000000000000000, 1.000000000000000000 ) ) ;
#1583 = EDGE_LOOP ( 'NONE', ( #446, #728, #1519, #1305, #572 ) ) ;
#1584 = EDGE_LOOP ( 'NONE', ( #1037, #882, #482, #988, #707 ) ) ;
#1585 = ADVANCED_FACE ( 'NONE', ( #989 ), #782, .F. ) ;
#1586 = AXIS2_PLACEMENT_3D ( 'NONE', #301, #283, #1501 ) ;
#1587 = CARTESIAN_POINT ( 'NONE',  ( 0.000000000000000000, 0.000000000000000000, 0.000000000000000000 ) ) ;
#1588 = VECTOR ( 'NONE', #842, 1000.000000000000114 ) ;
#1589 = ORIENTED_EDGE ( 'NONE', *, *, #1094, .T. ) ;
#1590 = CARTESIAN_POINT ( 'NONE',  ( 0.000000000000000000, 0.000000000000000000, 0.000000000000000000 ) ) ;
#1591 = CARTESIAN_POINT ( 'NONE',  ( 1.340000000000000968, 0.8344596506904022881, -0.2295000000000002038 ) ) ;
#1592 = CARTESIAN_POINT ( 'NONE',  ( 0.6699999999999995959, 0.3293927227357134613, -0.5563979746839672336 ) ) ;
#1593 = CARTESIAN_POINT ( 'NONE',  ( 1.339999999999999858, -0.6278670266571273473, -0.6329119458423598799 ) ) ;
#1594 = CARTESIAN_POINT ( 'NONE',  ( 2.009999999999998010, 0.2324564526725559077, 0.5136882630767309887 ) ) ;
#1595 = ORIENTED_EDGE ( 'NONE', *, *, #255, .F. ) ;
#1596 = DIRECTION ( 'NONE',  ( 0.000000000000000000, 0.000000000000000000, 1.000000000000000000 ) ) ;
#1597 = CARTESIAN_POINT ( 'NONE',  ( 0.000000000000000000, 1.060660171779821193, 1.060660171779820748 ) ) ;
#1598 = EDGE_CURVE ( 'NONE', #861, #1685, #963, .T. ) ;
#1599 = ORIENTED_EDGE ( 'NONE', *, *, #604, .T. ) ;
#1600 = CARTESIAN_POINT ( 'NONE',  ( 0.6699999999999999289, 1.224575535390926229, -0.07814465843391577016 ) ) ;
#1601 = ADVANCED_FACE ( 'NONE', ( #1503 ), #279, .F. ) ;
#1602 = CARTESIAN_POINT ( 'NONE',  ( 2.009999999999998010, 0.2294999999999994267, -0.5832075478202695118 ) ) ;
#1603 = CARTESIAN_POINT ( 'NONE',  ( 0.6699999999999999289, -0.2294999999999998985, -0.6415031948379352755 ) ) ;
#1604 = CARTESIAN_POINT ( 'NONE',  ( 0.000000000000000000, 0.2294999999999998985, 1.302177609708592199 ) ) ;
#1605 = ORIENTED_EDGE ( 'NONE', *, *, #110, .F. ) ;
#1606 = CARTESIAN_POINT ( 'NONE',  ( 1.339999999999999858, -0.5903765598834418427, 0.2294999999999998708 ) ) ;
#1607 = SHAPE_DEFINITION_REPRESENTATION ( #517, #1560 ) ;
#1608 = CARTESIAN_POINT ( 'NONE',  ( 26.37270800287122796, 0.000000000000000000, 0.000000000000000000 ) ) ;
#1609 = CARTESIAN_POINT ( 'NONE',  ( 0.000000000000000000, 0.9048485144238088695, -0.9500594470901851940 ) ) ;
#1610 = CIRCLE ( 'NONE', #55, 0.6600000000000000311 ) ;
#1611 = DIRECTION ( 'NONE',  ( 0.9158539185684566597, -7.410229911875249162E-17, 0.4015116434710243043 ) ) ;
#1612 = AXIS2_PLACEMENT_3D ( 'NONE', #1193, #263, #408 ) ;
#1613 = CARTESIAN_POINT ( 'NONE',  ( 1.340000000000000968, 0.2295000000000000373, 0.6779123938349412848 ) ) ;
#1614 = CARTESIAN_POINT ( 'NONE',  ( 2.009999999999999343, -0.5514436819556088887, 0.2294999999999999818 ) ) ;
#1615 = VECTOR ( 'NONE', #788, 999.9999999999998863 ) ;
#1616 = DIRECTION ( 'NONE',  ( 0.000000000000000000, 1.045683884074040546E-16, 1.000000000000000000 ) ) ;
#1617 = AXIS2_PLACEMENT_3D ( 'NONE', #164, #581, #821 ) ;
#1618 = DIRECTION ( 'NONE',  ( 0.000000000000000000, 0.000000000000000000, -1.000000000000000000 ) ) ;
#1619 = AXIS2_PLACEMENT_3D ( 'NONE', #298, #864, #1531 ) ;
#1620 = CARTESIAN_POINT ( 'NONE',  ( 2.009999999999997122, -0.5136882630767305447, -0.2324564526725558800 ) ) ;
#1621 = AXIS2_PLACEMENT_3D ( 'NONE', #1526, #51, #1714 ) ;
#1622 = CARTESIAN_POINT ( 'NONE',  ( 2.009999999999999787, -0.2450149121693466769, -0.4814264026820338493 ) ) ;
#1623 = AXIS2_PLACEMENT_3D ( 'NONE', #1692, #1706, #763 ) ;
#1624 = CARTESIAN_POINT ( 'NONE',  ( 0.000000000000000000, -0.2294999999999999263, -1.500000000000000222 ) ) ;
#1625 = CARTESIAN_POINT ( 'NONE',  ( 1.339999999999998082, -0.6779123938349413958, 0.2295000000000000373 ) ) ;
#1626 = EDGE_CURVE ( 'NONE', #899, #914, #1128, .T. ) ;
#1627 =( LENGTH_UNIT ( ) NAMED_UNIT ( * ) SI_UNIT ( .MILLI., .METRE. ) );
#1628 = FILL_AREA_STYLE ('',( #1642 ) ) ;
#1629 = CARTESIAN_POINT ( 'NONE',  ( 2.009999999999999787, -0.5514436819556087777, -0.2294999999999996487 ) ) ;
#1630 = CARTESIAN_POINT ( 'NONE',  ( 1.339999999999999858, -0.2294999999999999540, -0.5903765598834418427 ) ) ;
#1631 = CARTESIAN_POINT ( 'NONE',  ( 2.010000000000001563, 0.6006006711813067778, -0.2295000000000001761 ) ) ;
#1632 = CARTESIAN_POINT ( 'NONE',  ( -0.000000000000000000, -0.6543671831136569361, 0.4882843205921661434 ) ) ;
#1633 = ORIENTED_EDGE ( 'NONE', *, *, #1336, .T. ) ;
#1634 = LINE ( 'NONE', #392, #145 ) ;
#1635 = CARTESIAN_POINT ( 'NONE',  ( 0.6699999999999999289, -1.068318630199498021, -0.2294999999999995932 ) ) ;
#1636 = CARTESIAN_POINT ( 'NONE',  ( 0.000000000000000000, 0.2294999999999997320, 1.499999999999999556 ) ) ;
#1637 = CARTESIAN_POINT ( 'NONE',  ( 0.000000000000000000, 1.499999999999999556, -0.2295000000000001206 ) ) ;
#1638 = CARTESIAN_POINT ( 'NONE',  ( 2.009999999999999787, -0.4514238815542511163, 0.4514238815542514494 ) ) ;
#1639 = ORIENTED_EDGE ( 'NONE', *, *, #608, .F. ) ;
#1640 = DIRECTION ( 'NONE',  ( 0.000000000000000000, 0.000000000000000000, 1.000000000000000000 ) ) ;
#1641 = ADVANCED_FACE ( 'NONE', ( #1650 ), #415, .T. ) ;
#1642 = FILL_AREA_STYLE_COLOUR ( '', #822 ) ;
#1643 = CARTESIAN_POINT ( 'NONE',  ( 1.339999999999999858, -0.5903765598834419537, -0.2294999999999995655 ) ) ;
#1644 = CARTESIAN_POINT ( 'NONE',  ( 2.009999999999999787, 0.4814264026820337383, 0.2450149121693462884 ) ) ;
#1645 = FACE_OUTER_BOUND ( 'NONE', #1274, .T. ) ;
#1646 = AXIS2_PLACEMENT_3D ( 'NONE', #58, #1286, #1707 ) ;
#1647 = CARTESIAN_POINT ( 'NONE',  ( 0.000000000000000000, -0.2294999999999999540, 1.499999999999999556 ) ) ;
#1648 = ORIENTED_EDGE ( 'NONE', *, *, #1667, .F. ) ;
#1649 = EDGE_CURVE ( 'NONE', #1558, #994, #1417, .T. ) ;
#1650 = FACE_OUTER_BOUND ( 'NONE', #1023, .T. ) ;
#1651 = CARTESIAN_POINT ( 'NONE',  ( 0.000000000000000000, -0.7293491378034459016, -0.5939171061348816893 ) ) ;
#1652 = CARTESIAN_POINT ( 'NONE',  ( 0.000000000000000000, 0.6411782061984903081, 0.2491135936504995929 ) ) ;
#1653 = CARTESIAN_POINT ( 'NONE',  ( 2.009999999999999787, 0.6125243939690161454, -0.2295000000000001206 ) ) ;
#1654 = CARTESIAN_POINT ( 'NONE',  ( 0.000000000000000000, -0.7223733752154180010, 0.2294999999999998985 ) ) ;
#1655 = VERTEX_POINT ( 'NONE', #730 ) ;
#1656 = CARTESIAN_POINT ( 'NONE',  ( 0.6699999999999999289, -0.07814465843391561750, 1.224575535390926229 ) ) ;
#1657 = DIRECTION ( 'NONE',  ( 1.000000000000000000, -0.000000000000000000, -0.000000000000000000 ) ) ;
#1658 = CARTESIAN_POINT ( 'NONE',  ( 2.009999999999999787, 0.5650155539660788317, 0.2294999999999997875 ) ) ;
#1659 = CARTESIAN_POINT ( 'NONE',  ( 1.339999999999999858, 0.8867488564019946340, -0.2295000000000001483 ) ) ;
#1660 = LINE ( 'NONE', #25, #7 ) ;
#1661 = EDGE_LOOP ( 'NONE', ( #205, #1724, #1156, #455, #475, #510, #1188 ) ) ;
#1662 = CARTESIAN_POINT ( 'NONE',  ( 1.339999999999999858, -0.9491510707818526793, 0.07978931686783123645 ) ) ;
#1663 = CARTESIAN_POINT ( 'NONE',  ( 0.6700000000000001510, -0.7720464330963419108, -0.7376422223126328781 ) ) ;
#1664 = CARTESIAN_POINT ( 'NONE',  ( 0.6699999999999997069, 1.160973318834972678, 0.2294999999999998153 ) ) ;
#1665 = CARTESIAN_POINT ( 'NONE',  ( 1.339999999999999858, 0.2294999999999997875, -0.9125421190617997169 ) ) ;
#1666 = PRESENTATION_LAYER_ASSIGNMENT (  '', '', ( #665 ) ) ;
#1667 = EDGE_CURVE ( 'NONE', #621, #899, #45, .T. ) ;
#1668 = CARTESIAN_POINT ( 'NONE',  ( 2.009999999999999787, 0.000000000000000000, 0.000000000000000000 ) ) ;
#1669 = TOROIDAL_SURFACE ( 'NONE', #1149, 2.098999999999999755, 0.7999999999999998224 ) ;
#1670 = DIRECTION ( 'NONE',  ( 0.000000000000000000, 0.000000000000000000, 1.000000000000000000 ) ) ;
#1671 = CONICAL_SURFACE ( 'NONE', #1621, 1.500000000000000000, 1.051888018551333071 ) ;
#1672 = EDGE_CURVE ( 'NONE', #645, #1411, #78, .T. ) ;
#1673 = VERTEX_POINT ( 'NONE', #741 ) ;
#1674 = VECTOR ( 'NONE', #1036, 1000.000000000000114 ) ;
#1675 = DIRECTION ( 'NONE',  ( 0.000000000000000000, 0.000000000000000000, -1.000000000000000000 ) ) ;
#1676 = CARTESIAN_POINT ( 'NONE',  ( 0.000000000000000000, 1.060660171779821193, 1.060660171779820748 ) ) ;
#1677 = CARTESIAN_POINT ( 'NONE',  ( 1.339999999999999858, 0.5245223187553623712, 0.3349276972338568470 ) ) ;
#1678 = LINE ( 'NONE', #451, #175 ) ;
#1679 = VERTEX_POINT ( 'NONE', #594 ) ;
#1680 = CARTESIAN_POINT ( 'NONE',  ( 1.339999999999998304, -0.8344596506904022881, 0.2295000000000000928 ) ) ;
#1681 = CARTESIAN_POINT ( 'NONE',  ( 2.620000000000000995, 0.000000000000000000, 0.000000000000000000 ) ) ;
#1682 = ORIENTED_EDGE ( 'NONE', *, *, #447, .F. ) ;
#1683 = CARTESIAN_POINT ( 'NONE',  ( 26.37270800287122796, 0.000000000000000000, 0.000000000000000000 ) ) ;
#1684 = DIRECTION ( 'NONE',  ( -0.2913346393917354837, 0.000000000000000000, 0.9566212039728616556 ) ) ;
#1685 = VERTEX_POINT ( 'NONE', #1726 ) ;
#1686 = CARTESIAN_POINT ( 'NONE',  ( -0.000000000000000000, 1.023635605929468007, 1.008500848373770076 ) ) ;
#1687 = DIRECTION ( 'NONE',  ( 1.000000000000000000, -0.000000000000000000, -0.000000000000000000 ) ) ;
#1688 = EDGE_LOOP ( 'NONE', ( #1163, #1487, #997, #1337, #493, #1077, #1751 ) ) ;
#1689 = CARTESIAN_POINT ( 'NONE',  ( 2.009999999999999787, 0.000000000000000000, 0.000000000000000000 ) ) ;
#1690 = CARTESIAN_POINT ( 'NONE',  ( 1.339999999999999858, 0.6278670266571274583, 0.6329119458423597688 ) ) ;
#1691 = ORIENTED_EDGE ( 'NONE', *, *, #942, .F. ) ;
#1692 = CARTESIAN_POINT ( 'NONE',  ( 1.649999999999999689, 0.000000000000000000, 0.000000000000000000 ) ) ;
#1693 = EDGE_CURVE ( 'NONE', #1135, #1458, #1137, .T. ) ;
#1694 = DIRECTION ( 'NONE',  ( 0.000000000000000000, 0.000000000000000000, -1.000000000000000000 ) ) ;
#1695 = DIRECTION ( 'NONE',  ( -0.000000000000000000, -1.795859344192813932E-15, -1.000000000000000000 ) ) ;
#1696 = ADVANCED_FACE ( 'NONE', ( #492 ), #1713, .T. ) ;
#1697 = CARTESIAN_POINT ( 'NONE',  ( 1.339999999999999858, 0.6545026449627746601, 0.6545026449627743270 ) ) ;
#1698 = VECTOR ( 'NONE', #536, 1000.000000000000000 ) ;
#1699 = VERTEX_POINT ( 'NONE', #469 ) ;
#1700 = DIRECTION ( 'NONE',  ( 0.9158539185684566597, -0.4015116434710241378, -7.410229911875246696E-17 ) ) ;
#1701 = CARTESIAN_POINT ( 'NONE',  ( 0.000000000000000000, 1.060660171779821193, 1.060660171779820748 ) ) ;
#1702 = VECTOR ( 'NONE', #1611, 1000.000000000000000 ) ;
#1703 = VERTEX_POINT ( 'NONE', #863 ) ;
#1704 = LINE ( 'NONE', #53, #1448 ) ;
#1705 = AXIS2_PLACEMENT_3D ( 'NONE', #31, #40, #837 ) ;
#1706 = DIRECTION ( 'NONE',  ( 1.000000000000000000, -0.000000000000000000, -0.000000000000000000 ) ) ;
#1707 = DIRECTION ( 'NONE',  ( 0.000000000000000000, 0.000000000000000000, -1.000000000000000000 ) ) ;
#1708 = EDGE_CURVE ( 'NONE', #1673, #1568, #1308, .T. ) ;
#1709 = CARTESIAN_POINT ( 'NONE',  ( 1.339999999999999858, 0.9491510707818525683, 0.07978931686783093113 ) ) ;
#1710 = CARTESIAN_POINT ( 'NONE',  ( 0.6700000000000001510, 0.6966372653289748529, -0.6140628914863850429 ) ) ;
#1711 = DIRECTION ( 'NONE',  ( 0.9191182639511609187, 0.2785871648796870992, 0.2785871648796873767 ) ) ;
#1712 = ORIENTED_EDGE ( 'NONE', *, *, #1103, .F. ) ;
#1713 = CONICAL_SURFACE ( 'NONE', #1769, 1.500000000000000000, 1.051888018551333071 ) ;
#1714 = DIRECTION ( 'NONE',  ( 0.000000000000000000, 0.000000000000000000, 1.000000000000000000 ) ) ;
#1715 = ORIENTED_EDGE ( 'NONE', *, *, #1541, .F. ) ;
#1716 = ORIENTED_EDGE ( 'NONE', *, *, #758, .T. ) ;
#1717 = CARTESIAN_POINT ( 'NONE',  ( 1.649999999999999689, 0.000000000000000000, 0.000000000000000000 ) ) ;
#1718 = CARTESIAN_POINT ( 'NONE',  ( 0.000000000000000000, 1.060660171779821193, 1.060660171779820748 ) ) ;
#1719 = CARTESIAN_POINT ( 'NONE',  ( 2.010000000000002007, 0.2856739723382553109, -0.4309315550188374533 ) ) ;
#1720 = ORIENTED_EDGE ( 'NONE', *, *, #1455, .T. ) ;
#1721 = LINE ( 'NONE', #195, #1330 ) ;
#1722 = EDGE_CURVE ( 'NONE', #1734, #222, #1449, .T. ) ;
#1723 = CARTESIAN_POINT ( 'NONE',  ( 0.6700000000000001510, 0.3293927227357136833, 0.5563979746839673446 ) ) ;
#1724 = ORIENTED_EDGE ( 'NONE', *, *, #89, .T. ) ;
#1725 = LINE ( 'NONE', #490, #39 ) ;
#1726 = CARTESIAN_POINT ( 'NONE',  ( 0.4333145750507673144, 0.000000000000000000, -2.750000000000000000 ) ) ;
#1727 = ORIENTED_EDGE ( 'NONE', *, *, #1299, .T. ) ;
#1728 = CARTESIAN_POINT ( 'NONE',  ( 1.339999999999999858, 0.9125421190617993839, -0.2295000000000002038 ) ) ;
#1729 = CARTESIAN_POINT ( 'NONE',  ( 2.009999999999999787, 0.4595998865762152552, -0.2582493855547025041 ) ) ;
#1730 = CARTESIAN_POINT ( 'NONE',  ( 2.009999999999999787, 0.2298864209738520625, -0.5302528608183724179 ) ) ;
#1731 = SURFACE_SIDE_STYLE ('',( #1157 ) ) ;
#1732 = CARTESIAN_POINT ( 'NONE',  ( 2.009999999999999787, -0.08143397530174686927, -0.6737266061727790190 ) ) ;
#1733 = EDGE_CURVE ( 'NONE', #1703, #761, #213, .T. ) ;
#1734 = VERTEX_POINT ( 'NONE', #1318 ) ;
#1735 = DIRECTION ( 'NONE',  ( 1.000000000000000000, -0.000000000000000000, -0.000000000000000000 ) ) ;
#1736 = DIRECTION ( 'NONE',  ( -0.000000000000000000, -0.000000000000000000, -1.000000000000000000 ) ) ;
#1737 = AXIS2_PLACEMENT_3D ( 'NONE', #330, #442, #1524 ) ;
#1739 = ORIENTED_EDGE ( 'NONE', *, *, #199, .T. ) ;
#1738 = AXIS2_PLACEMENT_3D ( 'NONE', #1273, #599, #987 ) ;
#1740 = CARTESIAN_POINT ( 'NONE',  ( 2.009999999999999787, 0.6188161525825504050, 0.2294991344461991822 ) ) ;
#1741 = CARTESIAN_POINT ( 'NONE',  ( 0.000000000000000000, 0.7498633799456253524, -0.8400454180997742881 ) ) ;
#1742 = CARTESIAN_POINT ( 'NONE',  ( -0.000000000000000000, -0.2294999999999998430, -0.6926298297924288194 ) ) ;
#1743 = CARTESIAN_POINT ( 'NONE',  ( 1.340000000000000302, 0.2839939270941669314, 0.5251819540697718613 ) ) ;
#1744 = VERTEX_POINT ( 'NONE', #359 ) ;
#1745 = CARTESIAN_POINT ( 'NONE',  ( 2.215685424949238591, 0.000000000000000000, 0.000000000000000000 ) ) ;
#1746 = UNCERTAINTY_MEASURE_WITH_UNIT (LENGTH_MEASURE( 1.000000000000000082E-05 ), #117, 'distance_accuracy_value', 'NONE');
#1747 = FACE_OUTER_BOUND ( 'NONE', #969, .T. ) ;
#1748 = CARTESIAN_POINT ( 'NONE',  ( 1.339999999999999192, 0.2839939270941665983, -0.5251819540697710842 ) ) ;
#1749 = LINE ( 'NONE', #1055, #1702 ) ;
#1750 = CARTESIAN_POINT ( 'NONE',  ( 2.010000000000001563, 0.2295000000000000651, 0.5650155539660797199 ) ) ;
#1751 = ORIENTED_EDGE ( 'NONE', *, *, #1166, .T. ) ;
#1752 = DIRECTION ( 'NONE',  ( 0.000000000000000000, 0.000000000000000000, -1.000000000000000000 ) ) ;
#1753 = PLANE ( 'NONE',  #917 ) ;
#1754 = CARTESIAN_POINT ( 'NONE',  ( 0.6699999999999999289, -0.6415031948379357196, -0.2294999999999996487 ) ) ;
#1755 = EDGE_CURVE ( 'NONE', #437, #1744, #358, .T. ) ;
#1756 = CARTESIAN_POINT ( 'NONE',  ( 2.009999999999996234, -0.2294999999999997597, -0.6006006711813057786 ) ) ;
#1757 = CYLINDRICAL_SURFACE ( 'NONE', #689, 2.750000000000000000 ) ;
#1758 = CARTESIAN_POINT ( 'NONE',  ( 0.000000000000000000, -0.7293491378034453465, 0.5939171061348809122 ) ) ;
#1759 = AXIS2_PLACEMENT_3D ( 'NONE', #1668, #847, #1107 ) ;
#1760 =( NAMED_UNIT ( * ) SI_UNIT ( $, .STERADIAN. ) SOLID_ANGLE_UNIT ( ) );
#1761 = CARTESIAN_POINT ( 'NONE',  ( 1.340000000000000968, -0.6779123938349413958, -0.2294999999999994822 ) ) ;
#1762 = CARTESIAN_POINT ( 'NONE',  ( 2.010000000000003784, -0.2295000000000005091, -0.5832075478202702890 ) ) ;
#1763 = STYLED_ITEM ( 'NONE', ( #123 ), #1560 ) ;
#1764 = CARTESIAN_POINT ( 'NONE',  ( 0.000000000000000000, -0.2294999999999999263, 1.435197781267951056 ) ) ;
#1765 = EDGE_CURVE ( 'NONE', #1180, #894, #92, .T. ) ;
#1766 = CARTESIAN_POINT ( 'NONE',  ( 0.6699999999999995959, -0.6966372653289731876, 0.6140628914863842658 ) ) ;
#1767 = EDGE_LOOP ( 'NONE', ( #535, #1370, #1502, #421, #52 ) ) ;
#1768 = AXIS2_PLACEMENT_3D ( 'NONE', #874, #1426, #248 ) ;
#1769 = AXIS2_PLACEMENT_3D ( 'NONE', #456, #885, #875 ) ;
#1770 = CARTESIAN_POINT ( 'NONE',  ( 0.000000000000000000, -0.7223733752154545273, -0.2294999999999998708 ) ) ;
#1771 = CARTESIAN_POINT ( 'NONE',  ( -0.000000000000000000, -0.6036217613721631681, -0.4167953833635938410 ) ) ;
#1772 = CARTESIAN_POINT ( 'NONE',  ( 0.000000000000000000, -0.2491135936504999815, -0.6411782061984903081 ) ) ;
#1773 = CARTESIAN_POINT ( 'NONE',  ( 0.000000000000000000, -0.2294999999999999540, 1.099933124499040904 ) ) ;
#1774 = EDGE_CURVE ( 'NONE', #318, #1451, #56, .T. ) ;
#1775 = CARTESIAN_POINT ( 'NONE',  ( 2.009999999999999787, -0.4814264026820335718, 0.2450149121693467880 ) ) ;
#1776 = EDGE_CURVE ( 'NONE', #1228, #397, #189, .T. ) ;
#1777 = ORIENTED_EDGE ( 'NONE', *, *, #1190, .T. ) ;
#1778 = LINE ( 'NONE', #934, #1466 ) ;
#1779 = DIRECTION ( 'NONE',  ( -0.000000000000000000, 1.000000000000000000, -0.000000000000000000 ) ) ;
#1780 = CARTESIAN_POINT ( 'NONE',  ( 0.000000000000000000, 0.5876139952981636050, 0.3747915183772609349 ) ) ;
#1781 = CARTESIAN_POINT ( 'NONE',  ( 2.009999999999999787, -0.2298864209738520070, 0.5302528608183726400 ) ) ;
#1782 = DIRECTION ( 'NONE',  ( 0.000000000000000000, 0.000000000000000000, 1.000000000000000000 ) ) ;
ENDSEC;
END-ISO-10303-21;
